[84, array([ 0.4588, -0.0377]), array([ 0.4563, -0.0406]), 0.7854, 0.0]
[84, array([ 0.4588, -0.0377]), array([ 0.45644762, -0.0406    ]), 0.7854, 0.0]
[84, array([ 0.4588, -0.0377]), array([ 0.45659524, -0.0406    ]), 0.7854, 0.0]
[84, array([ 0.4588, -0.0377]), array([ 0.45674286, -0.0406    ]), 0.7854, 0.0]
[84, array([ 0.4588, -0.0377]), array([ 0.45689048, -0.0406    ]), 0.7854, 0.0]
[84, array([ 0.4588, -0.0377]), array([ 0.4570381, -0.0406   ]), 0.7854, 0.0]
[84, array([ 0.4588, -0.0377]), array([ 0.45718571, -0.0406    ]), 0.7854, 0.0]
[84, array([ 0.4588, -0.0377]), array([ 0.45733333, -0.0406    ]), 0.7854, 0.0]
[84, array([ 0.4588, -0.0377]), array([ 0.45748095, -0.0406    ]), 0.7854, 0.0]
[84, array([ 0.4588, -0.0377]), array([ 0.45762857, -0.0406    ]), 0.7854, 0.0]
[84, array([ 0.4588, -0.0377]), array([ 0.45777619, -0.0406    ]), 0.7854, 0.0]
[84, array([ 0.4588, -0.0377]), array([ 0.45792381, -0.0406    ]), 0.7854, 0.0]
[84, array([ 0.4588, -0.0377]), array([ 0.45807143, -0.0406    ]), 0.7854, 0.0]
[84, array([ 0.4588, -0.0377]), array([ 0.45821905, -0.0406    ]), 0.7854, 0.0]
[84, array([ 0.4588, -0.0377]), array([ 0.45836667, -0.0406    ]), 0.7854, 0.0]
[84, array([ 0.4588, -0.0377]), array([ 0.45851429, -0.0406    ]), 0.7854, 0.0]
[84, array([ 0.4588, -0.0377]), array([ 0.4586619, -0.0406   ]), 0.7854, 0.0]
[84, array([ 0.4588, -0.0377]), array([ 0.45880952, -0.0406    ]), 0.7854, 0.0]
[84, array([ 0.4588, -0.0377]), array([ 0.45895714, -0.0406    ]), 0.7854, 0.0]
[84, array([ 0.4588, -0.0377]), array([ 0.45910476, -0.0406    ]), 0.7854, 0.0]
[84, array([ 0.4588, -0.0377]), array([ 0.45925238, -0.0406    ]), 0.7854, 0.0]
[84, array([ 0.4588, -0.0377]), array([ 0.4594, -0.0406]), 0.7854, 0.0]
[84, array([ 0.4588, -0.0377]), array([ 0.4563    , -0.04045238]), 0.7854, 0.0]
[84, array([ 0.4588, -0.0377]), array([ 0.45644762, -0.04045238]), 0.7854, 0.0]
[84, array([ 0.4588, -0.0377]), array([ 0.45659524, -0.04045238]), 0.7854, 0.0]
[84, array([ 0.4588, -0.0377]), array([ 0.45674286, -0.04045238]), 0.7854, 0.0]
[84, array([ 0.4588, -0.0377]), array([ 0.45689048, -0.04045238]), 0.7854, 0.0]
[84, array([ 0.4588, -0.0377]), array([ 0.4570381 , -0.04045238]), 0.7854, 0.0]
[84, array([ 0.4588, -0.0377]), array([ 0.45718571, -0.04045238]), 0.7854, 0.0]
[84, array([ 0.4588, -0.0377]), array([ 0.45733333, -0.04045238]), 0.7854, 0.0]
[84, array([ 0.4588, -0.0377]), array([ 0.45748095, -0.04045238]), 0.7854, 0.0]
[84, array([ 0.4588, -0.0377]), array([ 0.45762857, -0.04045238]), 0.7854, 0.0]
[84, array([ 0.4588, -0.0377]), array([ 0.45777619, -0.04045238]), 0.7854, 0.0]
[84, array([ 0.4588, -0.0377]), array([ 0.45792381, -0.04045238]), 0.7854, 0.0]
[84, array([ 0.4588, -0.0377]), array([ 0.45807143, -0.04045238]), 0.7854, 0.0]
[84, array([ 0.4588, -0.0377]), array([ 0.45821905, -0.04045238]), 0.7854, 0.0]
[84, array([ 0.4588, -0.0377]), array([ 0.45836667, -0.04045238]), 0.7854, 0.0]
[84, array([ 0.4588, -0.0377]), array([ 0.45851429, -0.04045238]), 0.7854, 0.0]
[84, array([ 0.4588, -0.0377]), array([ 0.4586619 , -0.04045238]), 0.7854, 0.0]
[84, array([ 0.4588, -0.0377]), array([ 0.45880952, -0.04045238]), 0.7854, 0.0]
[84, array([ 0.4588, -0.0377]), array([ 0.45895714, -0.04045238]), 0.7854, 0.0]
[84, array([ 0.4588, -0.0377]), array([ 0.45910476, -0.04045238]), 0.7854, 0.0]
[84, array([ 0.4588, -0.0377]), array([ 0.45925238, -0.04045238]), 0.7854, 0.0]
[84, array([ 0.4588, -0.0377]), array([ 0.4594    , -0.04045238]), 0.7854, 0.0]
[84, array([ 0.4588, -0.0377]), array([ 0.4563    , -0.04030476]), 0.7854, 1.0]
[84, array([ 0.4588, -0.0377]), array([ 0.45644762, -0.04030476]), 0.7854, 0.0]
[84, array([ 0.4588, -0.0377]), array([ 0.45659524, -0.04030476]), 0.7854, 0.0]
[84, array([ 0.4588, -0.0377]), array([ 0.45674286, -0.04030476]), 0.7854, 0.0]
[84, array([ 0.4588, -0.0377]), array([ 0.45689048, -0.04030476]), 0.7854, 0.0]
[84, array([ 0.4588, -0.0377]), array([ 0.4570381 , -0.04030476]), 0.7854, 0.0]
[84, array([ 0.4588, -0.0377]), array([ 0.45718571, -0.04030476]), 0.7854, 0.0]
[84, array([ 0.4588, -0.0377]), array([ 0.45733333, -0.04030476]), 0.7854, 0.0]
[84, array([ 0.4588, -0.0377]), array([ 0.45748095, -0.04030476]), 0.7854, 0.0]
[84, array([ 0.4588, -0.0377]), array([ 0.45762857, -0.04030476]), 0.7854, 0.0]
[84, array([ 0.4588, -0.0377]), array([ 0.45777619, -0.04030476]), 0.7854, 0.0]
[84, array([ 0.4588, -0.0377]), array([ 0.45792381, -0.04030476]), 0.7854, 0.0]
[84, array([ 0.4588, -0.0377]), array([ 0.45807143, -0.04030476]), 0.7854, 0.0]
[84, array([ 0.4588, -0.0377]), array([ 0.45821905, -0.04030476]), 0.7854, 0.0]
[84, array([ 0.4588, -0.0377]), array([ 0.45836667, -0.04030476]), 0.7854, 0.0]
[84, array([ 0.4588, -0.0377]), array([ 0.45851429, -0.04030476]), 0.7854, 0.0]
[84, array([ 0.4588, -0.0377]), array([ 0.4586619 , -0.04030476]), 0.7854, 0.0]
[84, array([ 0.4588, -0.0377]), array([ 0.45880952, -0.04030476]), 0.7854, 0.0]
[84, array([ 0.4588, -0.0377]), array([ 0.45895714, -0.04030476]), 0.7854, 0.0]
[84, array([ 0.4588, -0.0377]), array([ 0.45910476, -0.04030476]), 0.7854, 0.0]
[84, array([ 0.4588, -0.0377]), array([ 0.45925238, -0.04030476]), 0.7854, 0.0]
[84, array([ 0.4588, -0.0377]), array([ 0.4594    , -0.04030476]), 0.7854, 0.0]
[84, array([ 0.4588, -0.0377]), array([ 0.4563    , -0.04015714]), 0.7854, 1.0]
[84, array([ 0.4588, -0.0377]), array([ 0.45644762, -0.04015714]), 0.7854, 1.0]
[84, array([ 0.4588, -0.0377]), array([ 0.45659524, -0.04015714]), 0.7854, 0.0]
[84, array([ 0.4588, -0.0377]), array([ 0.45674286, -0.04015714]), 0.7854, 0.0]
[84, array([ 0.4588, -0.0377]), array([ 0.45689048, -0.04015714]), 0.7854, 0.0]
[84, array([ 0.4588, -0.0377]), array([ 0.4570381 , -0.04015714]), 0.7854, 0.0]
[84, array([ 0.4588, -0.0377]), array([ 0.45718571, -0.04015714]), 0.7854, 0.0]
[84, array([ 0.4588, -0.0377]), array([ 0.45733333, -0.04015714]), 0.7854, 0.0]
[84, array([ 0.4588, -0.0377]), array([ 0.45748095, -0.04015714]), 0.7854, 0.0]
[84, array([ 0.4588, -0.0377]), array([ 0.45762857, -0.04015714]), 0.7854, 0.0]
[84, array([ 0.4588, -0.0377]), array([ 0.45777619, -0.04015714]), 0.7854, 0.0]
[84, array([ 0.4588, -0.0377]), array([ 0.45792381, -0.04015714]), 0.7854, 0.0]
[84, array([ 0.4588, -0.0377]), array([ 0.45807143, -0.04015714]), 0.7854, 0.0]
[84, array([ 0.4588, -0.0377]), array([ 0.45821905, -0.04015714]), 0.7854, 0.0]
[84, array([ 0.4588, -0.0377]), array([ 0.45836667, -0.04015714]), 0.7854, 0.0]
[84, array([ 0.4588, -0.0377]), array([ 0.45851429, -0.04015714]), 0.7854, 0.0]
[84, array([ 0.4588, -0.0377]), array([ 0.4586619 , -0.04015714]), 0.7854, 0.0]
[84, array([ 0.4588, -0.0377]), array([ 0.45880952, -0.04015714]), 0.7854, 0.0]
[84, array([ 0.4588, -0.0377]), array([ 0.45895714, -0.04015714]), 0.7854, 0.0]
[84, array([ 0.4588, -0.0377]), array([ 0.45910476, -0.04015714]), 0.7854, 0.0]
[84, array([ 0.4588, -0.0377]), array([ 0.45925238, -0.04015714]), 0.7854, 0.0]
[84, array([ 0.4588, -0.0377]), array([ 0.4594    , -0.04015714]), 0.7854, 0.0]
[84, array([ 0.4588, -0.0377]), array([ 0.4563    , -0.04000952]), 0.7854, 1.0]
[84, array([ 0.4588, -0.0377]), array([ 0.45644762, -0.04000952]), 0.7854, 0.0]
[84, array([ 0.4588, -0.0377]), array([ 0.45659524, -0.04000952]), 0.7854, 0.0]
[84, array([ 0.4588, -0.0377]), array([ 0.45674286, -0.04000952]), 0.7854, 0.0]
[84, array([ 0.4588, -0.0377]), array([ 0.45689048, -0.04000952]), 0.7854, 1.0]
[84, array([ 0.4588, -0.0377]), array([ 0.4570381 , -0.04000952]), 0.7854, 0.0]
[84, array([ 0.4588, -0.0377]), array([ 0.45718571, -0.04000952]), 0.7854, 0.0]
[84, array([ 0.4588, -0.0377]), array([ 0.45733333, -0.04000952]), 0.7854, 0.0]
[84, array([ 0.4588, -0.0377]), array([ 0.45748095, -0.04000952]), 0.7854, 0.0]
[84, array([ 0.4588, -0.0377]), array([ 0.45762857, -0.04000952]), 0.7854, 0.0]
[84, array([ 0.4588, -0.0377]), array([ 0.45777619, -0.04000952]), 0.7854, 0.0]
[84, array([ 0.4588, -0.0377]), array([ 0.45792381, -0.04000952]), 0.7854, 0.0]
[84, array([ 0.4588, -0.0377]), array([ 0.45807143, -0.04000952]), 0.7854, 0.0]
[84, array([ 0.4588, -0.0377]), array([ 0.45821905, -0.04000952]), 0.7854, 0.0]
[84, array([ 0.4588, -0.0377]), array([ 0.45836667, -0.04000952]), 0.7854, 0.0]
[84, array([ 0.4588, -0.0377]), array([ 0.45851429, -0.04000952]), 0.7854, 0.0]
[84, array([ 0.4588, -0.0377]), array([ 0.4586619 , -0.04000952]), 0.7854, 0.0]
[84, array([ 0.4588, -0.0377]), array([ 0.45880952, -0.04000952]), 0.7854, 0.0]
[84, array([ 0.4588, -0.0377]), array([ 0.45895714, -0.04000952]), 0.7854, 0.0]
[84, array([ 0.4588, -0.0377]), array([ 0.45910476, -0.04000952]), 0.7854, 0.0]
[84, array([ 0.4588, -0.0377]), array([ 0.45925238, -0.04000952]), 0.7854, 0.0]
[84, array([ 0.4588, -0.0377]), array([ 0.4594    , -0.04000952]), 0.7854, 0.0]
[84, array([ 0.4588, -0.0377]), array([ 0.4563   , -0.0398619]), 0.7854, 0.0]
[84, array([ 0.4588, -0.0377]), array([ 0.45644762, -0.0398619 ]), 0.7854, 0.0]
[84, array([ 0.4588, -0.0377]), array([ 0.45659524, -0.0398619 ]), 0.7854, 0.0]
[84, array([ 0.4588, -0.0377]), array([ 0.45674286, -0.0398619 ]), 0.7854, 1.0]
[84, array([ 0.4588, -0.0377]), array([ 0.45689048, -0.0398619 ]), 0.7854, 0.0]
[84, array([ 0.4588, -0.0377]), array([ 0.4570381, -0.0398619]), 0.7854, 0.0]
[84, array([ 0.4588, -0.0377]), array([ 0.45718571, -0.0398619 ]), 0.7854, 0.0]
[84, array([ 0.4588, -0.0377]), array([ 0.45733333, -0.0398619 ]), 0.7854, 0.0]
[84, array([ 0.4588, -0.0377]), array([ 0.45748095, -0.0398619 ]), 0.7854, 0.0]
[84, array([ 0.4588, -0.0377]), array([ 0.45762857, -0.0398619 ]), 0.7854, 0.0]
[84, array([ 0.4588, -0.0377]), array([ 0.45777619, -0.0398619 ]), 0.7854, 0.0]
[84, array([ 0.4588, -0.0377]), array([ 0.45792381, -0.0398619 ]), 0.7854, 0.0]
[84, array([ 0.4588, -0.0377]), array([ 0.45807143, -0.0398619 ]), 0.7854, 0.0]
[84, array([ 0.4588, -0.0377]), array([ 0.45821905, -0.0398619 ]), 0.7854, 0.0]
[84, array([ 0.4588, -0.0377]), array([ 0.45836667, -0.0398619 ]), 0.7854, 0.0]
[84, array([ 0.4588, -0.0377]), array([ 0.45851429, -0.0398619 ]), 0.7854, 0.0]
[84, array([ 0.4588, -0.0377]), array([ 0.4586619, -0.0398619]), 0.7854, 0.0]
[84, array([ 0.4588, -0.0377]), array([ 0.45880952, -0.0398619 ]), 0.7854, 0.0]
[84, array([ 0.4588, -0.0377]), array([ 0.45895714, -0.0398619 ]), 0.7854, 0.0]
[84, array([ 0.4588, -0.0377]), array([ 0.45910476, -0.0398619 ]), 0.7854, 0.0]
[84, array([ 0.4588, -0.0377]), array([ 0.45925238, -0.0398619 ]), 0.7854, 0.0]
[84, array([ 0.4588, -0.0377]), array([ 0.4594   , -0.0398619]), 0.7854, 0.0]
[84, array([ 0.4588, -0.0377]), array([ 0.4563    , -0.03971429]), 0.7854, 0.0]
[84, array([ 0.4588, -0.0377]), array([ 0.45644762, -0.03971429]), 0.7854, 0.0]
[84, array([ 0.4588, -0.0377]), array([ 0.45659524, -0.03971429]), 0.7854, 0.0]
[84, array([ 0.4588, -0.0377]), array([ 0.45674286, -0.03971429]), 0.7854, 0.0]
[84, array([ 0.4588, -0.0377]), array([ 0.45689048, -0.03971429]), 0.7854, 1.0]
[84, array([ 0.4588, -0.0377]), array([ 0.4570381 , -0.03971429]), 0.7854, 1.0]
[84, array([ 0.4588, -0.0377]), array([ 0.45718571, -0.03971429]), 0.7854, 0.0]
[84, array([ 0.4588, -0.0377]), array([ 0.45733333, -0.03971429]), 0.7854, 0.0]
[84, array([ 0.4588, -0.0377]), array([ 0.45748095, -0.03971429]), 0.7854, 0.0]
[84, array([ 0.4588, -0.0377]), array([ 0.45762857, -0.03971429]), 0.7854, 0.0]
[84, array([ 0.4588, -0.0377]), array([ 0.45777619, -0.03971429]), 0.7854, 0.0]
[84, array([ 0.4588, -0.0377]), array([ 0.45792381, -0.03971429]), 0.7854, 0.0]
[84, array([ 0.4588, -0.0377]), array([ 0.45807143, -0.03971429]), 0.7854, 0.0]
[84, array([ 0.4588, -0.0377]), array([ 0.45821905, -0.03971429]), 0.7854, 0.0]
[84, array([ 0.4588, -0.0377]), array([ 0.45836667, -0.03971429]), 0.7854, 0.0]
[84, array([ 0.4588, -0.0377]), array([ 0.45851429, -0.03971429]), 0.7854, 0.0]
[84, array([ 0.4588, -0.0377]), array([ 0.4586619 , -0.03971429]), 0.7854, 0.0]
[84, array([ 0.4588, -0.0377]), array([ 0.45880952, -0.03971429]), 0.7854, 0.0]
[84, array([ 0.4588, -0.0377]), array([ 0.45895714, -0.03971429]), 0.7854, 0.0]
[84, array([ 0.4588, -0.0377]), array([ 0.45910476, -0.03971429]), 0.7854, 0.0]
[84, array([ 0.4588, -0.0377]), array([ 0.45925238, -0.03971429]), 0.7854, 0.0]
[84, array([ 0.4588, -0.0377]), array([ 0.4594    , -0.03971429]), 0.7854, 0.0]
[84, array([ 0.4588, -0.0377]), array([ 0.4563    , -0.03956667]), 0.7854, 0.0]
[84, array([ 0.4588, -0.0377]), array([ 0.45644762, -0.03956667]), 0.7854, 0.0]
[84, array([ 0.4588, -0.0377]), array([ 0.45659524, -0.03956667]), 0.7854, 1.0]
[84, array([ 0.4588, -0.0377]), array([ 0.45674286, -0.03956667]), 0.7854, 1.0]
[84, array([ 0.4588, -0.0377]), array([ 0.45689048, -0.03956667]), 0.7854, 1.0]
[84, array([ 0.4588, -0.0377]), array([ 0.4570381 , -0.03956667]), 0.7854, 1.0]
[84, array([ 0.4588, -0.0377]), array([ 0.45718571, -0.03956667]), 0.7854, 0.0]
[84, array([ 0.4588, -0.0377]), array([ 0.45733333, -0.03956667]), 0.7854, 0.0]
[84, array([ 0.4588, -0.0377]), array([ 0.45748095, -0.03956667]), 0.7854, 0.0]
[84, array([ 0.4588, -0.0377]), array([ 0.45762857, -0.03956667]), 0.7854, 0.0]
[84, array([ 0.4588, -0.0377]), array([ 0.45777619, -0.03956667]), 0.7854, 0.0]
[84, array([ 0.4588, -0.0377]), array([ 0.45792381, -0.03956667]), 0.7854, 0.0]
[84, array([ 0.4588, -0.0377]), array([ 0.45807143, -0.03956667]), 0.7854, 0.0]
[84, array([ 0.4588, -0.0377]), array([ 0.45821905, -0.03956667]), 0.7854, 0.0]
[84, array([ 0.4588, -0.0377]), array([ 0.45836667, -0.03956667]), 0.7854, 0.0]
[84, array([ 0.4588, -0.0377]), array([ 0.45851429, -0.03956667]), 0.7854, 0.0]
[84, array([ 0.4588, -0.0377]), array([ 0.4586619 , -0.03956667]), 0.7854, 0.0]
[84, array([ 0.4588, -0.0377]), array([ 0.45880952, -0.03956667]), 0.7854, 0.0]
[84, array([ 0.4588, -0.0377]), array([ 0.45895714, -0.03956667]), 0.7854, 0.0]
[84, array([ 0.4588, -0.0377]), array([ 0.45910476, -0.03956667]), 0.7854, 0.0]
[84, array([ 0.4588, -0.0377]), array([ 0.45925238, -0.03956667]), 0.7854, 0.0]
[84, array([ 0.4588, -0.0377]), array([ 0.4594    , -0.03956667]), 0.7854, 0.0]
[84, array([ 0.4588, -0.0377]), array([ 0.4563    , -0.03941905]), 0.7854, 1.0]
[84, array([ 0.4588, -0.0377]), array([ 0.45644762, -0.03941905]), 0.7854, 1.0]
[84, array([ 0.4588, -0.0377]), array([ 0.45659524, -0.03941905]), 0.7854, 1.0]
[84, array([ 0.4588, -0.0377]), array([ 0.45674286, -0.03941905]), 0.7854, 1.0]
[84, array([ 0.4588, -0.0377]), array([ 0.45689048, -0.03941905]), 0.7854, 1.0]
[84, array([ 0.4588, -0.0377]), array([ 0.4570381 , -0.03941905]), 0.7854, 0.0]
[84, array([ 0.4588, -0.0377]), array([ 0.45718571, -0.03941905]), 0.7854, 0.0]
[84, array([ 0.4588, -0.0377]), array([ 0.45733333, -0.03941905]), 0.7854, 0.0]
[84, array([ 0.4588, -0.0377]), array([ 0.45748095, -0.03941905]), 0.7854, 0.0]
[84, array([ 0.4588, -0.0377]), array([ 0.45762857, -0.03941905]), 0.7854, 0.0]
[84, array([ 0.4588, -0.0377]), array([ 0.45777619, -0.03941905]), 0.7854, 0.0]
[84, array([ 0.4588, -0.0377]), array([ 0.45792381, -0.03941905]), 0.7854, 0.0]
[84, array([ 0.4588, -0.0377]), array([ 0.45807143, -0.03941905]), 0.7854, 0.0]
[84, array([ 0.4588, -0.0377]), array([ 0.45821905, -0.03941905]), 0.7854, 0.0]
[84, array([ 0.4588, -0.0377]), array([ 0.45836667, -0.03941905]), 0.7854, 0.0]
[84, array([ 0.4588, -0.0377]), array([ 0.45851429, -0.03941905]), 0.7854, 0.0]
[84, array([ 0.4588, -0.0377]), array([ 0.4586619 , -0.03941905]), 0.7854, 0.0]
[84, array([ 0.4588, -0.0377]), array([ 0.45880952, -0.03941905]), 0.7854, 0.0]
[84, array([ 0.4588, -0.0377]), array([ 0.45895714, -0.03941905]), 0.7854, 0.0]
[84, array([ 0.4588, -0.0377]), array([ 0.45910476, -0.03941905]), 0.7854, 0.0]
[84, array([ 0.4588, -0.0377]), array([ 0.45925238, -0.03941905]), 0.7854, 0.0]
[84, array([ 0.4588, -0.0377]), array([ 0.4594    , -0.03941905]), 0.7854, 0.0]
[84, array([ 0.4588, -0.0377]), array([ 0.4563    , -0.03927143]), 0.7854, 0.0]
[84, array([ 0.4588, -0.0377]), array([ 0.45644762, -0.03927143]), 0.7854, 0.0]
[84, array([ 0.4588, -0.0377]), array([ 0.45659524, -0.03927143]), 0.7854, 0.0]
[84, array([ 0.4588, -0.0377]), array([ 0.45674286, -0.03927143]), 0.7854, 0.0]
[84, array([ 0.4588, -0.0377]), array([ 0.45689048, -0.03927143]), 0.7854, 0.0]
[84, array([ 0.4588, -0.0377]), array([ 0.4570381 , -0.03927143]), 0.7854, 0.0]
[84, array([ 0.4588, -0.0377]), array([ 0.45718571, -0.03927143]), 0.7854, 0.0]
[84, array([ 0.4588, -0.0377]), array([ 0.45733333, -0.03927143]), 0.7854, 0.0]
[84, array([ 0.4588, -0.0377]), array([ 0.45748095, -0.03927143]), 0.7854, 0.0]
[84, array([ 0.4588, -0.0377]), array([ 0.45762857, -0.03927143]), 0.7854, 0.0]
[84, array([ 0.4588, -0.0377]), array([ 0.45777619, -0.03927143]), 0.7854, 0.0]
[84, array([ 0.4588, -0.0377]), array([ 0.45792381, -0.03927143]), 0.7854, 0.0]
[84, array([ 0.4588, -0.0377]), array([ 0.45807143, -0.03927143]), 0.7854, 0.0]
[84, array([ 0.4588, -0.0377]), array([ 0.45821905, -0.03927143]), 0.7854, 0.0]
[84, array([ 0.4588, -0.0377]), array([ 0.45836667, -0.03927143]), 0.7854, 0.0]
[84, array([ 0.4588, -0.0377]), array([ 0.45851429, -0.03927143]), 0.7854, 0.0]
[84, array([ 0.4588, -0.0377]), array([ 0.4586619 , -0.03927143]), 0.7854, 0.0]
[84, array([ 0.4588, -0.0377]), array([ 0.45880952, -0.03927143]), 0.7854, 0.0]
[84, array([ 0.4588, -0.0377]), array([ 0.45895714, -0.03927143]), 0.7854, 0.0]
[84, array([ 0.4588, -0.0377]), array([ 0.45910476, -0.03927143]), 0.7854, 0.0]
[84, array([ 0.4588, -0.0377]), array([ 0.45925238, -0.03927143]), 0.7854, 0.0]
[84, array([ 0.4588, -0.0377]), array([ 0.4594    , -0.03927143]), 0.7854, 0.0]
[84, array([ 0.4588, -0.0377]), array([ 0.4563    , -0.03912381]), 0.7854, 0.0]
[84, array([ 0.4588, -0.0377]), array([ 0.45644762, -0.03912381]), 0.7854, 0.0]
[84, array([ 0.4588, -0.0377]), array([ 0.45659524, -0.03912381]), 0.7854, 0.0]
[84, array([ 0.4588, -0.0377]), array([ 0.45674286, -0.03912381]), 0.7854, 0.0]
[84, array([ 0.4588, -0.0377]), array([ 0.45689048, -0.03912381]), 0.7854, 0.0]
[84, array([ 0.4588, -0.0377]), array([ 0.4570381 , -0.03912381]), 0.7854, 0.0]
[84, array([ 0.4588, -0.0377]), array([ 0.45718571, -0.03912381]), 0.7854, 0.0]
[84, array([ 0.4588, -0.0377]), array([ 0.45733333, -0.03912381]), 0.7854, 0.0]
[84, array([ 0.4588, -0.0377]), array([ 0.45748095, -0.03912381]), 0.7854, 0.0]
[84, array([ 0.4588, -0.0377]), array([ 0.45762857, -0.03912381]), 0.7854, 0.0]
[84, array([ 0.4588, -0.0377]), array([ 0.45777619, -0.03912381]), 0.7854, 0.0]
[84, array([ 0.4588, -0.0377]), array([ 0.45792381, -0.03912381]), 0.7854, 0.0]
[84, array([ 0.4588, -0.0377]), array([ 0.45807143, -0.03912381]), 0.7854, 0.0]
[84, array([ 0.4588, -0.0377]), array([ 0.45821905, -0.03912381]), 0.7854, 0.0]
[84, array([ 0.4588, -0.0377]), array([ 0.45836667, -0.03912381]), 0.7854, 0.0]
[84, array([ 0.4588, -0.0377]), array([ 0.45851429, -0.03912381]), 0.7854, 0.0]
[84, array([ 0.4588, -0.0377]), array([ 0.4586619 , -0.03912381]), 0.7854, 0.0]
[84, array([ 0.4588, -0.0377]), array([ 0.45880952, -0.03912381]), 0.7854, 0.0]
[84, array([ 0.4588, -0.0377]), array([ 0.45895714, -0.03912381]), 0.7854, 0.0]
[84, array([ 0.4588, -0.0377]), array([ 0.45910476, -0.03912381]), 0.7854, 0.0]
[84, array([ 0.4588, -0.0377]), array([ 0.45925238, -0.03912381]), 0.7854, 0.0]
[84, array([ 0.4588, -0.0377]), array([ 0.4594    , -0.03912381]), 0.7854, 0.0]
[84, array([ 0.4588, -0.0377]), array([ 0.4563    , -0.03897619]), 0.7854, 0.0]
[84, array([ 0.4588, -0.0377]), array([ 0.45644762, -0.03897619]), 0.7854, 0.0]
[84, array([ 0.4588, -0.0377]), array([ 0.45659524, -0.03897619]), 0.7854, 0.0]
[84, array([ 0.4588, -0.0377]), array([ 0.45674286, -0.03897619]), 0.7854, 0.0]
[84, array([ 0.4588, -0.0377]), array([ 0.45689048, -0.03897619]), 0.7854, 0.0]
[84, array([ 0.4588, -0.0377]), array([ 0.4570381 , -0.03897619]), 0.7854, 0.0]
[84, array([ 0.4588, -0.0377]), array([ 0.45718571, -0.03897619]), 0.7854, 0.0]
[84, array([ 0.4588, -0.0377]), array([ 0.45733333, -0.03897619]), 0.7854, 0.0]
[84, array([ 0.4588, -0.0377]), array([ 0.45748095, -0.03897619]), 0.7854, 0.0]
[84, array([ 0.4588, -0.0377]), array([ 0.45762857, -0.03897619]), 0.7854, 0.0]
[84, array([ 0.4588, -0.0377]), array([ 0.45777619, -0.03897619]), 0.7854, 0.0]
[84, array([ 0.4588, -0.0377]), array([ 0.45792381, -0.03897619]), 0.7854, 0.0]
[84, array([ 0.4588, -0.0377]), array([ 0.45807143, -0.03897619]), 0.7854, 0.0]
[84, array([ 0.4588, -0.0377]), array([ 0.45821905, -0.03897619]), 0.7854, 0.0]
[84, array([ 0.4588, -0.0377]), array([ 0.45836667, -0.03897619]), 0.7854, 1.0]
[84, array([ 0.4588, -0.0377]), array([ 0.45851429, -0.03897619]), 0.7854, 0.0]
[84, array([ 0.4588, -0.0377]), array([ 0.4586619 , -0.03897619]), 0.7854, 0.0]
[84, array([ 0.4588, -0.0377]), array([ 0.45880952, -0.03897619]), 0.7854, 0.0]
[84, array([ 0.4588, -0.0377]), array([ 0.45895714, -0.03897619]), 0.7854, 0.0]
[84, array([ 0.4588, -0.0377]), array([ 0.45910476, -0.03897619]), 0.7854, 0.0]
[84, array([ 0.4588, -0.0377]), array([ 0.45925238, -0.03897619]), 0.7854, 0.0]
[84, array([ 0.4588, -0.0377]), array([ 0.4594    , -0.03897619]), 0.7854, 0.0]
[84, array([ 0.4588, -0.0377]), array([ 0.4563    , -0.03882857]), 0.7854, 0.0]
[84, array([ 0.4588, -0.0377]), array([ 0.45644762, -0.03882857]), 0.7854, 0.0]
[84, array([ 0.4588, -0.0377]), array([ 0.45659524, -0.03882857]), 0.7854, 0.0]
[84, array([ 0.4588, -0.0377]), array([ 0.45674286, -0.03882857]), 0.7854, 0.0]
[84, array([ 0.4588, -0.0377]), array([ 0.45689048, -0.03882857]), 0.7854, 0.0]
[84, array([ 0.4588, -0.0377]), array([ 0.4570381 , -0.03882857]), 0.7854, 0.0]
[84, array([ 0.4588, -0.0377]), array([ 0.45718571, -0.03882857]), 0.7854, 0.0]
[84, array([ 0.4588, -0.0377]), array([ 0.45733333, -0.03882857]), 0.7854, 0.0]
[84, array([ 0.4588, -0.0377]), array([ 0.45748095, -0.03882857]), 0.7854, 0.0]
[84, array([ 0.4588, -0.0377]), array([ 0.45762857, -0.03882857]), 0.7854, 0.0]
[84, array([ 0.4588, -0.0377]), array([ 0.45777619, -0.03882857]), 0.7854, 0.0]
[84, array([ 0.4588, -0.0377]), array([ 0.45792381, -0.03882857]), 0.7854, 0.0]
[84, array([ 0.4588, -0.0377]), array([ 0.45807143, -0.03882857]), 0.7854, 0.0]
[84, array([ 0.4588, -0.0377]), array([ 0.45821905, -0.03882857]), 0.7854, 0.0]
[84, array([ 0.4588, -0.0377]), array([ 0.45836667, -0.03882857]), 0.7854, 0.0]
[84, array([ 0.4588, -0.0377]), array([ 0.45851429, -0.03882857]), 0.7854, 0.0]
[84, array([ 0.4588, -0.0377]), array([ 0.4586619 , -0.03882857]), 0.7854, 0.0]
[84, array([ 0.4588, -0.0377]), array([ 0.45880952, -0.03882857]), 0.7854, 0.0]
[84, array([ 0.4588, -0.0377]), array([ 0.45895714, -0.03882857]), 0.7854, 0.0]
[84, array([ 0.4588, -0.0377]), array([ 0.45910476, -0.03882857]), 0.7854, 0.0]
[84, array([ 0.4588, -0.0377]), array([ 0.45925238, -0.03882857]), 0.7854, 0.0]
[84, array([ 0.4588, -0.0377]), array([ 0.4594    , -0.03882857]), 0.7854, 0.0]
[84, array([ 0.4588, -0.0377]), array([ 0.4563    , -0.03868095]), 0.7854, 0.0]
[84, array([ 0.4588, -0.0377]), array([ 0.45644762, -0.03868095]), 0.7854, 0.0]
[84, array([ 0.4588, -0.0377]), array([ 0.45659524, -0.03868095]), 0.7854, 0.0]
[84, array([ 0.4588, -0.0377]), array([ 0.45674286, -0.03868095]), 0.7854, 0.0]
[84, array([ 0.4588, -0.0377]), array([ 0.45689048, -0.03868095]), 0.7854, 0.0]
[84, array([ 0.4588, -0.0377]), array([ 0.4570381 , -0.03868095]), 0.7854, 0.0]
[84, array([ 0.4588, -0.0377]), array([ 0.45718571, -0.03868095]), 0.7854, 0.0]
[84, array([ 0.4588, -0.0377]), array([ 0.45733333, -0.03868095]), 0.7854, 0.0]
[84, array([ 0.4588, -0.0377]), array([ 0.45748095, -0.03868095]), 0.7854, 0.0]
[84, array([ 0.4588, -0.0377]), array([ 0.45762857, -0.03868095]), 0.7854, 0.0]
[84, array([ 0.4588, -0.0377]), array([ 0.45777619, -0.03868095]), 0.7854, 0.0]
[84, array([ 0.4588, -0.0377]), array([ 0.45792381, -0.03868095]), 0.7854, 0.0]
[84, array([ 0.4588, -0.0377]), array([ 0.45807143, -0.03868095]), 0.7854, 1.0]
[84, array([ 0.4588, -0.0377]), array([ 0.45821905, -0.03868095]), 0.7854, 0.0]
[84, array([ 0.4588, -0.0377]), array([ 0.45836667, -0.03868095]), 0.7854, 0.0]
[84, array([ 0.4588, -0.0377]), array([ 0.45851429, -0.03868095]), 0.7854, 0.0]
[84, array([ 0.4588, -0.0377]), array([ 0.4586619 , -0.03868095]), 0.7854, 0.0]
[84, array([ 0.4588, -0.0377]), array([ 0.45880952, -0.03868095]), 0.7854, 0.0]
[84, array([ 0.4588, -0.0377]), array([ 0.45895714, -0.03868095]), 0.7854, 0.0]
[84, array([ 0.4588, -0.0377]), array([ 0.45910476, -0.03868095]), 0.7854, 0.0]
[84, array([ 0.4588, -0.0377]), array([ 0.45925238, -0.03868095]), 0.7854, 0.0]
[84, array([ 0.4588, -0.0377]), array([ 0.4594    , -0.03868095]), 0.7854, 0.0]
[84, array([ 0.4588, -0.0377]), array([ 0.4563    , -0.03853333]), 0.7854, 0.0]
[84, array([ 0.4588, -0.0377]), array([ 0.45644762, -0.03853333]), 0.7854, 0.0]
[84, array([ 0.4588, -0.0377]), array([ 0.45659524, -0.03853333]), 0.7854, 0.0]
[84, array([ 0.4588, -0.0377]), array([ 0.45674286, -0.03853333]), 0.7854, 0.0]
[84, array([ 0.4588, -0.0377]), array([ 0.45689048, -0.03853333]), 0.7854, 0.0]
[84, array([ 0.4588, -0.0377]), array([ 0.4570381 , -0.03853333]), 0.7854, 0.0]
[84, array([ 0.4588, -0.0377]), array([ 0.45718571, -0.03853333]), 0.7854, 0.0]
[84, array([ 0.4588, -0.0377]), array([ 0.45733333, -0.03853333]), 0.7854, 0.0]
[84, array([ 0.4588, -0.0377]), array([ 0.45748095, -0.03853333]), 0.7854, 0.0]
[84, array([ 0.4588, -0.0377]), array([ 0.45762857, -0.03853333]), 0.7854, 0.0]
[84, array([ 0.4588, -0.0377]), array([ 0.45777619, -0.03853333]), 0.7854, 1.0]
[84, array([ 0.4588, -0.0377]), array([ 0.45792381, -0.03853333]), 0.7854, 1.0]
[84, array([ 0.4588, -0.0377]), array([ 0.45807143, -0.03853333]), 0.7854, 1.0]
[84, array([ 0.4588, -0.0377]), array([ 0.45821905, -0.03853333]), 0.7854, 1.0]
[84, array([ 0.4588, -0.0377]), array([ 0.45836667, -0.03853333]), 0.7854, 0.0]
[84, array([ 0.4588, -0.0377]), array([ 0.45851429, -0.03853333]), 0.7854, 0.0]
[84, array([ 0.4588, -0.0377]), array([ 0.4586619 , -0.03853333]), 0.7854, 0.0]
[84, array([ 0.4588, -0.0377]), array([ 0.45880952, -0.03853333]), 0.7854, 0.0]
[84, array([ 0.4588, -0.0377]), array([ 0.45895714, -0.03853333]), 0.7854, 0.0]
[84, array([ 0.4588, -0.0377]), array([ 0.45910476, -0.03853333]), 0.7854, 0.0]
[84, array([ 0.4588, -0.0377]), array([ 0.45925238, -0.03853333]), 0.7854, 0.0]
[84, array([ 0.4588, -0.0377]), array([ 0.4594    , -0.03853333]), 0.7854, 0.0]
[84, array([ 0.4588, -0.0377]), array([ 0.4563    , -0.03838571]), 0.7854, 0.0]
[84, array([ 0.4588, -0.0377]), array([ 0.45644762, -0.03838571]), 0.7854, 0.0]
[84, array([ 0.4588, -0.0377]), array([ 0.45659524, -0.03838571]), 0.7854, 0.0]
[84, array([ 0.4588, -0.0377]), array([ 0.45674286, -0.03838571]), 0.7854, 0.0]
[84, array([ 0.4588, -0.0377]), array([ 0.45689048, -0.03838571]), 0.7854, 0.0]
[84, array([ 0.4588, -0.0377]), array([ 0.4570381 , -0.03838571]), 0.7854, 0.0]
[84, array([ 0.4588, -0.0377]), array([ 0.45718571, -0.03838571]), 0.7854, 0.0]
[84, array([ 0.4588, -0.0377]), array([ 0.45733333, -0.03838571]), 0.7854, 0.0]
[84, array([ 0.4588, -0.0377]), array([ 0.45748095, -0.03838571]), 0.7854, 0.0]
[84, array([ 0.4588, -0.0377]), array([ 0.45762857, -0.03838571]), 0.7854, 1.0]
[84, array([ 0.4588, -0.0377]), array([ 0.45777619, -0.03838571]), 0.7854, 1.0]
[84, array([ 0.4588, -0.0377]), array([ 0.45792381, -0.03838571]), 0.7854, 1.0]
[84, array([ 0.4588, -0.0377]), array([ 0.45807143, -0.03838571]), 0.7854, 1.0]
[84, array([ 0.4588, -0.0377]), array([ 0.45821905, -0.03838571]), 0.7854, 1.0]
[84, array([ 0.4588, -0.0377]), array([ 0.45836667, -0.03838571]), 0.7854, 1.0]
[84, array([ 0.4588, -0.0377]), array([ 0.45851429, -0.03838571]), 0.7854, 0.0]
[84, array([ 0.4588, -0.0377]), array([ 0.4586619 , -0.03838571]), 0.7854, 0.0]
[84, array([ 0.4588, -0.0377]), array([ 0.45880952, -0.03838571]), 0.7854, 0.0]
[84, array([ 0.4588, -0.0377]), array([ 0.45895714, -0.03838571]), 0.7854, 0.0]
[84, array([ 0.4588, -0.0377]), array([ 0.45910476, -0.03838571]), 0.7854, 0.0]
[84, array([ 0.4588, -0.0377]), array([ 0.45925238, -0.03838571]), 0.7854, 0.0]
[84, array([ 0.4588, -0.0377]), array([ 0.4594    , -0.03838571]), 0.7854, 0.0]
[84, array([ 0.4588, -0.0377]), array([ 0.4563   , -0.0382381]), 0.7854, 0.0]
[84, array([ 0.4588, -0.0377]), array([ 0.45644762, -0.0382381 ]), 0.7854, 0.0]
[84, array([ 0.4588, -0.0377]), array([ 0.45659524, -0.0382381 ]), 0.7854, 0.0]
[84, array([ 0.4588, -0.0377]), array([ 0.45674286, -0.0382381 ]), 0.7854, 0.0]
[84, array([ 0.4588, -0.0377]), array([ 0.45689048, -0.0382381 ]), 0.7854, 0.0]
[84, array([ 0.4588, -0.0377]), array([ 0.4570381, -0.0382381]), 0.7854, 0.0]
[84, array([ 0.4588, -0.0377]), array([ 0.45718571, -0.0382381 ]), 0.7854, 0.0]
[84, array([ 0.4588, -0.0377]), array([ 0.45733333, -0.0382381 ]), 0.7854, 1.0]
[84, array([ 0.4588, -0.0377]), array([ 0.45748095, -0.0382381 ]), 0.7854, 1.0]
[84, array([ 0.4588, -0.0377]), array([ 0.45762857, -0.0382381 ]), 0.7854, 1.0]
[84, array([ 0.4588, -0.0377]), array([ 0.45777619, -0.0382381 ]), 0.7854, 1.0]
[84, array([ 0.4588, -0.0377]), array([ 0.45792381, -0.0382381 ]), 0.7854, 1.0]
[84, array([ 0.4588, -0.0377]), array([ 0.45807143, -0.0382381 ]), 0.7854, 1.0]
[84, array([ 0.4588, -0.0377]), array([ 0.45821905, -0.0382381 ]), 0.7854, 1.0]
[84, array([ 0.4588, -0.0377]), array([ 0.45836667, -0.0382381 ]), 0.7854, 1.0]
[84, array([ 0.4588, -0.0377]), array([ 0.45851429, -0.0382381 ]), 0.7854, 0.0]
[84, array([ 0.4588, -0.0377]), array([ 0.4586619, -0.0382381]), 0.7854, 0.0]
[84, array([ 0.4588, -0.0377]), array([ 0.45880952, -0.0382381 ]), 0.7854, 0.0]
[84, array([ 0.4588, -0.0377]), array([ 0.45895714, -0.0382381 ]), 0.7854, 0.0]
[84, array([ 0.4588, -0.0377]), array([ 0.45910476, -0.0382381 ]), 0.7854, 0.0]
[84, array([ 0.4588, -0.0377]), array([ 0.45925238, -0.0382381 ]), 0.7854, 1.0]
[84, array([ 0.4588, -0.0377]), array([ 0.4594   , -0.0382381]), 0.7854, 1.0]
[84, array([ 0.4588, -0.0377]), array([ 0.4563    , -0.03809048]), 0.7854, 1.0]
[84, array([ 0.4588, -0.0377]), array([ 0.45644762, -0.03809048]), 0.7854, 0.0]
[84, array([ 0.4588, -0.0377]), array([ 0.45659524, -0.03809048]), 0.7854, 0.0]
[84, array([ 0.4588, -0.0377]), array([ 0.45674286, -0.03809048]), 0.7854, 0.0]
[84, array([ 0.4588, -0.0377]), array([ 0.45689048, -0.03809048]), 0.7854, 0.0]
[84, array([ 0.4588, -0.0377]), array([ 0.4570381 , -0.03809048]), 0.7854, 0.0]
[84, array([ 0.4588, -0.0377]), array([ 0.45718571, -0.03809048]), 0.7854, 1.0]
[84, array([ 0.4588, -0.0377]), array([ 0.45733333, -0.03809048]), 0.7854, 1.0]
[84, array([ 0.4588, -0.0377]), array([ 0.45748095, -0.03809048]), 0.7854, 0.0]
[84, array([ 0.4588, -0.0377]), array([ 0.45762857, -0.03809048]), 0.7854, 1.0]
[84, array([ 0.4588, -0.0377]), array([ 0.45777619, -0.03809048]), 0.7854, 1.0]
[84, array([ 0.4588, -0.0377]), array([ 0.45792381, -0.03809048]), 0.7854, 1.0]
[84, array([ 0.4588, -0.0377]), array([ 0.45807143, -0.03809048]), 0.7854, 1.0]
[84, array([ 0.4588, -0.0377]), array([ 0.45821905, -0.03809048]), 0.7854, 0.0]
[84, array([ 0.4588, -0.0377]), array([ 0.45836667, -0.03809048]), 0.7854, 0.0]
[84, array([ 0.4588, -0.0377]), array([ 0.45851429, -0.03809048]), 0.7854, 0.0]
[84, array([ 0.4588, -0.0377]), array([ 0.4586619 , -0.03809048]), 0.7854, 0.0]
[84, array([ 0.4588, -0.0377]), array([ 0.45880952, -0.03809048]), 0.7854, 0.0]
[84, array([ 0.4588, -0.0377]), array([ 0.45895714, -0.03809048]), 0.7854, 0.0]
[84, array([ 0.4588, -0.0377]), array([ 0.45910476, -0.03809048]), 0.7854, 0.0]
[84, array([ 0.4588, -0.0377]), array([ 0.45925238, -0.03809048]), 0.7854, 0.0]
[84, array([ 0.4588, -0.0377]), array([ 0.4594    , -0.03809048]), 0.7854, 1.0]
[84, array([ 0.4588, -0.0377]), array([ 0.4563    , -0.03794286]), 0.7854, 1.0]
[84, array([ 0.4588, -0.0377]), array([ 0.45644762, -0.03794286]), 0.7854, 1.0]
[84, array([ 0.4588, -0.0377]), array([ 0.45659524, -0.03794286]), 0.7854, 0.0]
[84, array([ 0.4588, -0.0377]), array([ 0.45674286, -0.03794286]), 0.7854, 0.0]
[84, array([ 0.4588, -0.0377]), array([ 0.45689048, -0.03794286]), 0.7854, 0.0]
[84, array([ 0.4588, -0.0377]), array([ 0.4570381 , -0.03794286]), 0.7854, 1.0]
[84, array([ 0.4588, -0.0377]), array([ 0.45718571, -0.03794286]), 0.7854, 1.0]
[84, array([ 0.4588, -0.0377]), array([ 0.45733333, -0.03794286]), 0.7854, 0.0]
[84, array([ 0.4588, -0.0377]), array([ 0.45748095, -0.03794286]), 0.7854, 0.0]
[84, array([ 0.4588, -0.0377]), array([ 0.45762857, -0.03794286]), 0.7854, 1.0]
[84, array([ 0.4588, -0.0377]), array([ 0.45777619, -0.03794286]), 0.7854, 1.0]
[84, array([ 0.4588, -0.0377]), array([ 0.45792381, -0.03794286]), 0.7854, 1.0]
[84, array([ 0.4588, -0.0377]), array([ 0.45807143, -0.03794286]), 0.7854, 0.0]
[84, array([ 0.4588, -0.0377]), array([ 0.45821905, -0.03794286]), 0.7854, 0.0]
[84, array([ 0.4588, -0.0377]), array([ 0.45836667, -0.03794286]), 0.7854, 0.0]
[84, array([ 0.4588, -0.0377]), array([ 0.45851429, -0.03794286]), 0.7854, 0.0]
[84, array([ 0.4588, -0.0377]), array([ 0.4586619 , -0.03794286]), 0.7854, 0.0]
[84, array([ 0.4588, -0.0377]), array([ 0.45880952, -0.03794286]), 0.7854, 1.0]
[84, array([ 0.4588, -0.0377]), array([ 0.45895714, -0.03794286]), 0.7854, 1.0]
[84, array([ 0.4588, -0.0377]), array([ 0.45910476, -0.03794286]), 0.7854, 0.0]
[84, array([ 0.4588, -0.0377]), array([ 0.45925238, -0.03794286]), 0.7854, 1.0]
[84, array([ 0.4588, -0.0377]), array([ 0.4594    , -0.03794286]), 0.7854, 1.0]
[84, array([ 0.4588, -0.0377]), array([ 0.4563    , -0.03779524]), 0.7854, 0.0]
[84, array([ 0.4588, -0.0377]), array([ 0.45644762, -0.03779524]), 0.7854, 1.0]
[84, array([ 0.4588, -0.0377]), array([ 0.45659524, -0.03779524]), 0.7854, 0.0]
[84, array([ 0.4588, -0.0377]), array([ 0.45674286, -0.03779524]), 0.7854, 0.0]
[84, array([ 0.4588, -0.0377]), array([ 0.45689048, -0.03779524]), 0.7854, 1.0]
[84, array([ 0.4588, -0.0377]), array([ 0.4570381 , -0.03779524]), 0.7854, 1.0]
[84, array([ 0.4588, -0.0377]), array([ 0.45718571, -0.03779524]), 0.7854, 0.0]
[84, array([ 0.4588, -0.0377]), array([ 0.45733333, -0.03779524]), 0.7854, 0.0]
[84, array([ 0.4588, -0.0377]), array([ 0.45748095, -0.03779524]), 0.7854, 1.0]
[84, array([ 0.4588, -0.0377]), array([ 0.45762857, -0.03779524]), 0.7854, 1.0]
[84, array([ 0.4588, -0.0377]), array([ 0.45777619, -0.03779524]), 0.7854, 0.0]
[84, array([ 0.4588, -0.0377]), array([ 0.45792381, -0.03779524]), 0.7854, 0.0]
[84, array([ 0.4588, -0.0377]), array([ 0.45807143, -0.03779524]), 0.7854, 0.0]
[84, array([ 0.4588, -0.0377]), array([ 0.45821905, -0.03779524]), 0.7854, 0.0]
[84, array([ 0.4588, -0.0377]), array([ 0.45836667, -0.03779524]), 0.7854, 0.0]
[84, array([ 0.4588, -0.0377]), array([ 0.45851429, -0.03779524]), 0.7854, 0.0]
[84, array([ 0.4588, -0.0377]), array([ 0.4586619 , -0.03779524]), 0.7854, 0.0]
[84, array([ 0.4588, -0.0377]), array([ 0.45880952, -0.03779524]), 0.7854, 1.0]
[84, array([ 0.4588, -0.0377]), array([ 0.45895714, -0.03779524]), 0.7854, 1.0]
[84, array([ 0.4588, -0.0377]), array([ 0.45910476, -0.03779524]), 0.7854, 1.0]
[84, array([ 0.4588, -0.0377]), array([ 0.45925238, -0.03779524]), 0.7854, 1.0]
[84, array([ 0.4588, -0.0377]), array([ 0.4594    , -0.03779524]), 0.7854, 1.0]
[84, array([ 0.4588, -0.0377]), array([ 0.4563    , -0.03764762]), 0.7854, 0.0]
[84, array([ 0.4588, -0.0377]), array([ 0.45644762, -0.03764762]), 0.7854, 0.0]
[84, array([ 0.4588, -0.0377]), array([ 0.45659524, -0.03764762]), 0.7854, 1.0]
[84, array([ 0.4588, -0.0377]), array([ 0.45674286, -0.03764762]), 0.7854, 1.0]
[84, array([ 0.4588, -0.0377]), array([ 0.45689048, -0.03764762]), 0.7854, 1.0]
[84, array([ 0.4588, -0.0377]), array([ 0.4570381 , -0.03764762]), 0.7854, 0.0]
[84, array([ 0.4588, -0.0377]), array([ 0.45718571, -0.03764762]), 0.7854, 0.0]
[84, array([ 0.4588, -0.0377]), array([ 0.45733333, -0.03764762]), 0.7854, 0.0]
[84, array([ 0.4588, -0.0377]), array([ 0.45748095, -0.03764762]), 0.7854, 0.0]
[84, array([ 0.4588, -0.0377]), array([ 0.45762857, -0.03764762]), 0.7854, 0.0]
[84, array([ 0.4588, -0.0377]), array([ 0.45777619, -0.03764762]), 0.7854, 0.0]
[84, array([ 0.4588, -0.0377]), array([ 0.45792381, -0.03764762]), 0.7854, 0.0]
[84, array([ 0.4588, -0.0377]), array([ 0.45807143, -0.03764762]), 0.7854, 0.0]
[84, array([ 0.4588, -0.0377]), array([ 0.45821905, -0.03764762]), 0.7854, 0.0]
[84, array([ 0.4588, -0.0377]), array([ 0.45836667, -0.03764762]), 0.7854, 1.0]
[84, array([ 0.4588, -0.0377]), array([ 0.45851429, -0.03764762]), 0.7854, 1.0]
[84, array([ 0.4588, -0.0377]), array([ 0.4586619 , -0.03764762]), 0.7854, 1.0]
[84, array([ 0.4588, -0.0377]), array([ 0.45880952, -0.03764762]), 0.7854, 1.0]
[84, array([ 0.4588, -0.0377]), array([ 0.45895714, -0.03764762]), 0.7854, 1.0]
[84, array([ 0.4588, -0.0377]), array([ 0.45910476, -0.03764762]), 0.7854, 1.0]
[84, array([ 0.4588, -0.0377]), array([ 0.45925238, -0.03764762]), 0.7854, 1.0]
[84, array([ 0.4588, -0.0377]), array([ 0.4594    , -0.03764762]), 0.7854, 1.0]
[84, array([ 0.4588, -0.0377]), array([ 0.4563, -0.0375]), 0.7854, 1.0]
[84, array([ 0.4588, -0.0377]), array([ 0.45644762, -0.0375    ]), 0.7854, 1.0]
[84, array([ 0.4588, -0.0377]), array([ 0.45659524, -0.0375    ]), 0.7854, 1.0]
[84, array([ 0.4588, -0.0377]), array([ 0.45674286, -0.0375    ]), 0.7854, 1.0]
[84, array([ 0.4588, -0.0377]), array([ 0.45689048, -0.0375    ]), 0.7854, 0.0]
[84, array([ 0.4588, -0.0377]), array([ 0.4570381, -0.0375   ]), 0.7854, 0.0]
[84, array([ 0.4588, -0.0377]), array([ 0.45718571, -0.0375    ]), 0.7854, 0.0]
[84, array([ 0.4588, -0.0377]), array([ 0.45733333, -0.0375    ]), 0.7854, 0.0]
[84, array([ 0.4588, -0.0377]), array([ 0.45748095, -0.0375    ]), 0.7854, 0.0]
[84, array([ 0.4588, -0.0377]), array([ 0.45762857, -0.0375    ]), 0.7854, 0.0]
[84, array([ 0.4588, -0.0377]), array([ 0.45777619, -0.0375    ]), 0.7854, 0.0]
[84, array([ 0.4588, -0.0377]), array([ 0.45792381, -0.0375    ]), 0.7854, 0.0]
[84, array([ 0.4588, -0.0377]), array([ 0.45807143, -0.0375    ]), 0.7854, 0.0]
[84, array([ 0.4588, -0.0377]), array([ 0.45821905, -0.0375    ]), 0.7854, 1.0]
[84, array([ 0.4588, -0.0377]), array([ 0.45836667, -0.0375    ]), 0.7854, 1.0]
[84, array([ 0.4588, -0.0377]), array([ 0.45851429, -0.0375    ]), 0.7854, 1.0]
[84, array([ 0.4588, -0.0377]), array([ 0.4586619, -0.0375   ]), 0.7854, 1.0]
[84, array([ 0.4588, -0.0377]), array([ 0.45880952, -0.0375    ]), 0.7854, 1.0]
[84, array([ 0.4588, -0.0377]), array([ 0.45895714, -0.0375    ]), 0.7854, 1.0]
[84, array([ 0.4588, -0.0377]), array([ 0.45910476, -0.0375    ]), 0.7854, 1.0]
[84, array([ 0.4588, -0.0377]), array([ 0.45925238, -0.0375    ]), 0.7854, 1.0]
[84, array([ 0.4588, -0.0377]), array([ 0.4594, -0.0375]), 0.7854, 1.0]
[77, array([ 0.4862, -0.0241]), array([ 0.4813, -0.0281]), 0.7854, 0.0]
[77, array([ 0.4862, -0.0241]), array([ 0.48144762, -0.0281    ]), 0.7854, 0.0]
[77, array([ 0.4862, -0.0241]), array([ 0.48159524, -0.0281    ]), 0.7854, 0.0]
[77, array([ 0.4862, -0.0241]), array([ 0.48174286, -0.0281    ]), 0.7854, 0.0]
[77, array([ 0.4862, -0.0241]), array([ 0.48189048, -0.0281    ]), 0.7854, 0.0]
[77, array([ 0.4862, -0.0241]), array([ 0.4820381, -0.0281   ]), 0.7854, 0.0]
[77, array([ 0.4862, -0.0241]), array([ 0.48218571, -0.0281    ]), 0.7854, 0.0]
[77, array([ 0.4862, -0.0241]), array([ 0.48233333, -0.0281    ]), 0.7854, 0.0]
[77, array([ 0.4862, -0.0241]), array([ 0.48248095, -0.0281    ]), 0.7854, 0.0]
[77, array([ 0.4862, -0.0241]), array([ 0.48262857, -0.0281    ]), 0.7854, 0.0]
[77, array([ 0.4862, -0.0241]), array([ 0.48277619, -0.0281    ]), 0.7854, 0.0]
[77, array([ 0.4862, -0.0241]), array([ 0.48292381, -0.0281    ]), 0.7854, 0.0]
[77, array([ 0.4862, -0.0241]), array([ 0.48307143, -0.0281    ]), 0.7854, 0.0]
[77, array([ 0.4862, -0.0241]), array([ 0.48321905, -0.0281    ]), 0.7854, 0.0]
[77, array([ 0.4862, -0.0241]), array([ 0.48336667, -0.0281    ]), 0.7854, 0.0]
[77, array([ 0.4862, -0.0241]), array([ 0.48351429, -0.0281    ]), 0.7854, 0.0]
[77, array([ 0.4862, -0.0241]), array([ 0.4836619, -0.0281   ]), 0.7854, 0.0]
[77, array([ 0.4862, -0.0241]), array([ 0.48380952, -0.0281    ]), 0.7854, 0.0]
[77, array([ 0.4862, -0.0241]), array([ 0.48395714, -0.0281    ]), 0.7854, 0.0]
[77, array([ 0.4862, -0.0241]), array([ 0.48410476, -0.0281    ]), 0.7854, 0.0]
[77, array([ 0.4862, -0.0241]), array([ 0.48425238, -0.0281    ]), 0.7854, 0.0]
[77, array([ 0.4862, -0.0241]), array([ 0.4844, -0.0281]), 0.7854, 0.0]
[77, array([ 0.4862, -0.0241]), array([ 0.4813    , -0.02795238]), 0.7854, 0.0]
[77, array([ 0.4862, -0.0241]), array([ 0.48144762, -0.02795238]), 0.7854, 0.0]
[77, array([ 0.4862, -0.0241]), array([ 0.48159524, -0.02795238]), 0.7854, 0.0]
[77, array([ 0.4862, -0.0241]), array([ 0.48174286, -0.02795238]), 0.7854, 0.0]
[77, array([ 0.4862, -0.0241]), array([ 0.48189048, -0.02795238]), 0.7854, 0.0]
[77, array([ 0.4862, -0.0241]), array([ 0.4820381 , -0.02795238]), 0.7854, 0.0]
[77, array([ 0.4862, -0.0241]), array([ 0.48218571, -0.02795238]), 0.7854, 0.0]
[77, array([ 0.4862, -0.0241]), array([ 0.48233333, -0.02795238]), 0.7854, 0.0]
[77, array([ 0.4862, -0.0241]), array([ 0.48248095, -0.02795238]), 0.7854, 0.0]
[77, array([ 0.4862, -0.0241]), array([ 0.48262857, -0.02795238]), 0.7854, 0.0]
[77, array([ 0.4862, -0.0241]), array([ 0.48277619, -0.02795238]), 0.7854, 0.0]
[77, array([ 0.4862, -0.0241]), array([ 0.48292381, -0.02795238]), 0.7854, 0.0]
[77, array([ 0.4862, -0.0241]), array([ 0.48307143, -0.02795238]), 0.7854, 0.0]
[77, array([ 0.4862, -0.0241]), array([ 0.48321905, -0.02795238]), 0.7854, 0.0]
[77, array([ 0.4862, -0.0241]), array([ 0.48336667, -0.02795238]), 0.7854, 0.0]
[77, array([ 0.4862, -0.0241]), array([ 0.48351429, -0.02795238]), 0.7854, 0.0]
[77, array([ 0.4862, -0.0241]), array([ 0.4836619 , -0.02795238]), 0.7854, 0.0]
[77, array([ 0.4862, -0.0241]), array([ 0.48380952, -0.02795238]), 0.7854, 0.0]
[77, array([ 0.4862, -0.0241]), array([ 0.48395714, -0.02795238]), 0.7854, 0.0]
[77, array([ 0.4862, -0.0241]), array([ 0.48410476, -0.02795238]), 0.7854, 0.0]
[77, array([ 0.4862, -0.0241]), array([ 0.48425238, -0.02795238]), 0.7854, 0.0]
[77, array([ 0.4862, -0.0241]), array([ 0.4844    , -0.02795238]), 0.7854, 0.0]
[77, array([ 0.4862, -0.0241]), array([ 0.4813    , -0.02780476]), 0.7854, 0.0]
[77, array([ 0.4862, -0.0241]), array([ 0.48144762, -0.02780476]), 0.7854, 0.0]
[77, array([ 0.4862, -0.0241]), array([ 0.48159524, -0.02780476]), 0.7854, 0.0]
[77, array([ 0.4862, -0.0241]), array([ 0.48174286, -0.02780476]), 0.7854, 0.0]
[77, array([ 0.4862, -0.0241]), array([ 0.48189048, -0.02780476]), 0.7854, 0.0]
[77, array([ 0.4862, -0.0241]), array([ 0.4820381 , -0.02780476]), 0.7854, 0.0]
[77, array([ 0.4862, -0.0241]), array([ 0.48218571, -0.02780476]), 0.7854, 0.0]
[77, array([ 0.4862, -0.0241]), array([ 0.48233333, -0.02780476]), 0.7854, 0.0]
[77, array([ 0.4862, -0.0241]), array([ 0.48248095, -0.02780476]), 0.7854, 0.0]
[77, array([ 0.4862, -0.0241]), array([ 0.48262857, -0.02780476]), 0.7854, 0.0]
[77, array([ 0.4862, -0.0241]), array([ 0.48277619, -0.02780476]), 0.7854, 0.0]
[77, array([ 0.4862, -0.0241]), array([ 0.48292381, -0.02780476]), 0.7854, 0.0]
[77, array([ 0.4862, -0.0241]), array([ 0.48307143, -0.02780476]), 0.7854, 0.0]
[77, array([ 0.4862, -0.0241]), array([ 0.48321905, -0.02780476]), 0.7854, 0.0]
[77, array([ 0.4862, -0.0241]), array([ 0.48336667, -0.02780476]), 0.7854, 0.0]
[77, array([ 0.4862, -0.0241]), array([ 0.48351429, -0.02780476]), 0.7854, 0.0]
[77, array([ 0.4862, -0.0241]), array([ 0.4836619 , -0.02780476]), 0.7854, 0.0]
[77, array([ 0.4862, -0.0241]), array([ 0.48380952, -0.02780476]), 0.7854, 0.0]
[77, array([ 0.4862, -0.0241]), array([ 0.48395714, -0.02780476]), 0.7854, 0.0]
[77, array([ 0.4862, -0.0241]), array([ 0.48410476, -0.02780476]), 0.7854, 0.0]
[77, array([ 0.4862, -0.0241]), array([ 0.48425238, -0.02780476]), 0.7854, 0.0]
[77, array([ 0.4862, -0.0241]), array([ 0.4844    , -0.02780476]), 0.7854, 0.0]
[77, array([ 0.4862, -0.0241]), array([ 0.4813    , -0.02765714]), 0.7854, 1.0]
[77, array([ 0.4862, -0.0241]), array([ 0.48144762, -0.02765714]), 0.7854, 0.0]
[77, array([ 0.4862, -0.0241]), array([ 0.48159524, -0.02765714]), 0.7854, 0.0]
[77, array([ 0.4862, -0.0241]), array([ 0.48174286, -0.02765714]), 0.7854, 0.0]
[77, array([ 0.4862, -0.0241]), array([ 0.48189048, -0.02765714]), 0.7854, 0.0]
[77, array([ 0.4862, -0.0241]), array([ 0.4820381 , -0.02765714]), 0.7854, 0.0]
[77, array([ 0.4862, -0.0241]), array([ 0.48218571, -0.02765714]), 0.7854, 0.0]
[77, array([ 0.4862, -0.0241]), array([ 0.48233333, -0.02765714]), 0.7854, 0.0]
[77, array([ 0.4862, -0.0241]), array([ 0.48248095, -0.02765714]), 0.7854, 0.0]
[77, array([ 0.4862, -0.0241]), array([ 0.48262857, -0.02765714]), 0.7854, 0.0]
[77, array([ 0.4862, -0.0241]), array([ 0.48277619, -0.02765714]), 0.7854, 0.0]
[77, array([ 0.4862, -0.0241]), array([ 0.48292381, -0.02765714]), 0.7854, 0.0]
[77, array([ 0.4862, -0.0241]), array([ 0.48307143, -0.02765714]), 0.7854, 0.0]
[77, array([ 0.4862, -0.0241]), array([ 0.48321905, -0.02765714]), 0.7854, 0.0]
[77, array([ 0.4862, -0.0241]), array([ 0.48336667, -0.02765714]), 0.7854, 0.0]
[77, array([ 0.4862, -0.0241]), array([ 0.48351429, -0.02765714]), 0.7854, 0.0]
[77, array([ 0.4862, -0.0241]), array([ 0.4836619 , -0.02765714]), 0.7854, 0.0]
[77, array([ 0.4862, -0.0241]), array([ 0.48380952, -0.02765714]), 0.7854, 0.0]
[77, array([ 0.4862, -0.0241]), array([ 0.48395714, -0.02765714]), 0.7854, 0.0]
[77, array([ 0.4862, -0.0241]), array([ 0.48410476, -0.02765714]), 0.7854, 0.0]
[77, array([ 0.4862, -0.0241]), array([ 0.48425238, -0.02765714]), 0.7854, 0.0]
[77, array([ 0.4862, -0.0241]), array([ 0.4844    , -0.02765714]), 0.7854, 0.0]
[77, array([ 0.4862, -0.0241]), array([ 0.4813    , -0.02750952]), 0.7854, 0.0]
[77, array([ 0.4862, -0.0241]), array([ 0.48144762, -0.02750952]), 0.7854, 0.0]
[77, array([ 0.4862, -0.0241]), array([ 0.48159524, -0.02750952]), 0.7854, 0.0]
[77, array([ 0.4862, -0.0241]), array([ 0.48174286, -0.02750952]), 0.7854, 0.0]
[77, array([ 0.4862, -0.0241]), array([ 0.48189048, -0.02750952]), 0.7854, 0.0]
[77, array([ 0.4862, -0.0241]), array([ 0.4820381 , -0.02750952]), 0.7854, 0.0]
[77, array([ 0.4862, -0.0241]), array([ 0.48218571, -0.02750952]), 0.7854, 0.0]
[77, array([ 0.4862, -0.0241]), array([ 0.48233333, -0.02750952]), 0.7854, 0.0]
[77, array([ 0.4862, -0.0241]), array([ 0.48248095, -0.02750952]), 0.7854, 0.0]
[77, array([ 0.4862, -0.0241]), array([ 0.48262857, -0.02750952]), 0.7854, 0.0]
[77, array([ 0.4862, -0.0241]), array([ 0.48277619, -0.02750952]), 0.7854, 0.0]
[77, array([ 0.4862, -0.0241]), array([ 0.48292381, -0.02750952]), 0.7854, 0.0]
[77, array([ 0.4862, -0.0241]), array([ 0.48307143, -0.02750952]), 0.7854, 0.0]
[77, array([ 0.4862, -0.0241]), array([ 0.48321905, -0.02750952]), 0.7854, 0.0]
[77, array([ 0.4862, -0.0241]), array([ 0.48336667, -0.02750952]), 0.7854, 0.0]
[77, array([ 0.4862, -0.0241]), array([ 0.48351429, -0.02750952]), 0.7854, 0.0]
[77, array([ 0.4862, -0.0241]), array([ 0.4836619 , -0.02750952]), 0.7854, 0.0]
[77, array([ 0.4862, -0.0241]), array([ 0.48380952, -0.02750952]), 0.7854, 0.0]
[77, array([ 0.4862, -0.0241]), array([ 0.48395714, -0.02750952]), 0.7854, 0.0]
[77, array([ 0.4862, -0.0241]), array([ 0.48410476, -0.02750952]), 0.7854, 0.0]
[77, array([ 0.4862, -0.0241]), array([ 0.48425238, -0.02750952]), 0.7854, 0.0]
[77, array([ 0.4862, -0.0241]), array([ 0.4844    , -0.02750952]), 0.7854, 0.0]
[77, array([ 0.4862, -0.0241]), array([ 0.4813   , -0.0273619]), 0.7854, 0.0]
[77, array([ 0.4862, -0.0241]), array([ 0.48144762, -0.0273619 ]), 0.7854, 1.0]
[77, array([ 0.4862, -0.0241]), array([ 0.48159524, -0.0273619 ]), 0.7854, 0.0]
[77, array([ 0.4862, -0.0241]), array([ 0.48174286, -0.0273619 ]), 0.7854, 0.0]
[77, array([ 0.4862, -0.0241]), array([ 0.48189048, -0.0273619 ]), 0.7854, 0.0]
[77, array([ 0.4862, -0.0241]), array([ 0.4820381, -0.0273619]), 0.7854, 0.0]
[77, array([ 0.4862, -0.0241]), array([ 0.48218571, -0.0273619 ]), 0.7854, 0.0]
[77, array([ 0.4862, -0.0241]), array([ 0.48233333, -0.0273619 ]), 0.7854, 0.0]
[77, array([ 0.4862, -0.0241]), array([ 0.48248095, -0.0273619 ]), 0.7854, 0.0]
[77, array([ 0.4862, -0.0241]), array([ 0.48262857, -0.0273619 ]), 0.7854, 0.0]
[77, array([ 0.4862, -0.0241]), array([ 0.48277619, -0.0273619 ]), 0.7854, 0.0]
[77, array([ 0.4862, -0.0241]), array([ 0.48292381, -0.0273619 ]), 0.7854, 0.0]
[77, array([ 0.4862, -0.0241]), array([ 0.48307143, -0.0273619 ]), 0.7854, 0.0]
[77, array([ 0.4862, -0.0241]), array([ 0.48321905, -0.0273619 ]), 0.7854, 0.0]
[77, array([ 0.4862, -0.0241]), array([ 0.48336667, -0.0273619 ]), 0.7854, 0.0]
[77, array([ 0.4862, -0.0241]), array([ 0.48351429, -0.0273619 ]), 0.7854, 0.0]
[77, array([ 0.4862, -0.0241]), array([ 0.4836619, -0.0273619]), 0.7854, 0.0]
[77, array([ 0.4862, -0.0241]), array([ 0.48380952, -0.0273619 ]), 0.7854, 0.0]
[77, array([ 0.4862, -0.0241]), array([ 0.48395714, -0.0273619 ]), 0.7854, 0.0]
[77, array([ 0.4862, -0.0241]), array([ 0.48410476, -0.0273619 ]), 0.7854, 0.0]
[77, array([ 0.4862, -0.0241]), array([ 0.48425238, -0.0273619 ]), 0.7854, 0.0]
[77, array([ 0.4862, -0.0241]), array([ 0.4844   , -0.0273619]), 0.7854, 0.0]
[77, array([ 0.4862, -0.0241]), array([ 0.4813    , -0.02721429]), 0.7854, 0.0]
[77, array([ 0.4862, -0.0241]), array([ 0.48144762, -0.02721429]), 0.7854, 0.0]
[77, array([ 0.4862, -0.0241]), array([ 0.48159524, -0.02721429]), 0.7854, 0.0]
[77, array([ 0.4862, -0.0241]), array([ 0.48174286, -0.02721429]), 0.7854, 1.0]
[77, array([ 0.4862, -0.0241]), array([ 0.48189048, -0.02721429]), 0.7854, 0.0]
[77, array([ 0.4862, -0.0241]), array([ 0.4820381 , -0.02721429]), 0.7854, 0.0]
[77, array([ 0.4862, -0.0241]), array([ 0.48218571, -0.02721429]), 0.7854, 0.0]
[77, array([ 0.4862, -0.0241]), array([ 0.48233333, -0.02721429]), 0.7854, 0.0]
[77, array([ 0.4862, -0.0241]), array([ 0.48248095, -0.02721429]), 0.7854, 0.0]
[77, array([ 0.4862, -0.0241]), array([ 0.48262857, -0.02721429]), 0.7854, 0.0]
[77, array([ 0.4862, -0.0241]), array([ 0.48277619, -0.02721429]), 0.7854, 0.0]
[77, array([ 0.4862, -0.0241]), array([ 0.48292381, -0.02721429]), 0.7854, 0.0]
[77, array([ 0.4862, -0.0241]), array([ 0.48307143, -0.02721429]), 0.7854, 0.0]
[77, array([ 0.4862, -0.0241]), array([ 0.48321905, -0.02721429]), 0.7854, 0.0]
[77, array([ 0.4862, -0.0241]), array([ 0.48336667, -0.02721429]), 0.7854, 0.0]
[77, array([ 0.4862, -0.0241]), array([ 0.48351429, -0.02721429]), 0.7854, 0.0]
[77, array([ 0.4862, -0.0241]), array([ 0.4836619 , -0.02721429]), 0.7854, 0.0]
[77, array([ 0.4862, -0.0241]), array([ 0.48380952, -0.02721429]), 0.7854, 0.0]
[77, array([ 0.4862, -0.0241]), array([ 0.48395714, -0.02721429]), 0.7854, 0.0]
[77, array([ 0.4862, -0.0241]), array([ 0.48410476, -0.02721429]), 0.7854, 0.0]
[77, array([ 0.4862, -0.0241]), array([ 0.48425238, -0.02721429]), 0.7854, 0.0]
[77, array([ 0.4862, -0.0241]), array([ 0.4844    , -0.02721429]), 0.7854, 0.0]
[77, array([ 0.4862, -0.0241]), array([ 0.4813    , -0.02706667]), 0.7854, 0.0]
[77, array([ 0.4862, -0.0241]), array([ 0.48144762, -0.02706667]), 0.7854, 0.0]
[77, array([ 0.4862, -0.0241]), array([ 0.48159524, -0.02706667]), 0.7854, 0.0]
[77, array([ 0.4862, -0.0241]), array([ 0.48174286, -0.02706667]), 0.7854, 0.0]
[77, array([ 0.4862, -0.0241]), array([ 0.48189048, -0.02706667]), 0.7854, 0.0]
[77, array([ 0.4862, -0.0241]), array([ 0.4820381 , -0.02706667]), 0.7854, 0.0]
[77, array([ 0.4862, -0.0241]), array([ 0.48218571, -0.02706667]), 0.7854, 0.0]
[77, array([ 0.4862, -0.0241]), array([ 0.48233333, -0.02706667]), 0.7854, 0.0]
[77, array([ 0.4862, -0.0241]), array([ 0.48248095, -0.02706667]), 0.7854, 0.0]
[77, array([ 0.4862, -0.0241]), array([ 0.48262857, -0.02706667]), 0.7854, 0.0]
[77, array([ 0.4862, -0.0241]), array([ 0.48277619, -0.02706667]), 0.7854, 0.0]
[77, array([ 0.4862, -0.0241]), array([ 0.48292381, -0.02706667]), 0.7854, 0.0]
[77, array([ 0.4862, -0.0241]), array([ 0.48307143, -0.02706667]), 0.7854, 0.0]
[77, array([ 0.4862, -0.0241]), array([ 0.48321905, -0.02706667]), 0.7854, 0.0]
[77, array([ 0.4862, -0.0241]), array([ 0.48336667, -0.02706667]), 0.7854, 0.0]
[77, array([ 0.4862, -0.0241]), array([ 0.48351429, -0.02706667]), 0.7854, 0.0]
[77, array([ 0.4862, -0.0241]), array([ 0.4836619 , -0.02706667]), 0.7854, 0.0]
[77, array([ 0.4862, -0.0241]), array([ 0.48380952, -0.02706667]), 0.7854, 0.0]
[77, array([ 0.4862, -0.0241]), array([ 0.48395714, -0.02706667]), 0.7854, 0.0]
[77, array([ 0.4862, -0.0241]), array([ 0.48410476, -0.02706667]), 0.7854, 0.0]
[77, array([ 0.4862, -0.0241]), array([ 0.48425238, -0.02706667]), 0.7854, 0.0]
[77, array([ 0.4862, -0.0241]), array([ 0.4844    , -0.02706667]), 0.7854, 0.0]
[77, array([ 0.4862, -0.0241]), array([ 0.4813    , -0.02691905]), 0.7854, 0.0]
[77, array([ 0.4862, -0.0241]), array([ 0.48144762, -0.02691905]), 0.7854, 0.0]
[77, array([ 0.4862, -0.0241]), array([ 0.48159524, -0.02691905]), 0.7854, 0.0]
[77, array([ 0.4862, -0.0241]), array([ 0.48174286, -0.02691905]), 0.7854, 0.0]
[77, array([ 0.4862, -0.0241]), array([ 0.48189048, -0.02691905]), 0.7854, 1.0]
[77, array([ 0.4862, -0.0241]), array([ 0.4820381 , -0.02691905]), 0.7854, 0.0]
[77, array([ 0.4862, -0.0241]), array([ 0.48218571, -0.02691905]), 0.7854, 0.0]
[77, array([ 0.4862, -0.0241]), array([ 0.48233333, -0.02691905]), 0.7854, 0.0]
[77, array([ 0.4862, -0.0241]), array([ 0.48248095, -0.02691905]), 0.7854, 0.0]
[77, array([ 0.4862, -0.0241]), array([ 0.48262857, -0.02691905]), 0.7854, 0.0]
[77, array([ 0.4862, -0.0241]), array([ 0.48277619, -0.02691905]), 0.7854, 0.0]
[77, array([ 0.4862, -0.0241]), array([ 0.48292381, -0.02691905]), 0.7854, 0.0]
[77, array([ 0.4862, -0.0241]), array([ 0.48307143, -0.02691905]), 0.7854, 0.0]
[77, array([ 0.4862, -0.0241]), array([ 0.48321905, -0.02691905]), 0.7854, 0.0]
[77, array([ 0.4862, -0.0241]), array([ 0.48336667, -0.02691905]), 0.7854, 0.0]
[77, array([ 0.4862, -0.0241]), array([ 0.48351429, -0.02691905]), 0.7854, 0.0]
[77, array([ 0.4862, -0.0241]), array([ 0.4836619 , -0.02691905]), 0.7854, 0.0]
[77, array([ 0.4862, -0.0241]), array([ 0.48380952, -0.02691905]), 0.7854, 0.0]
[77, array([ 0.4862, -0.0241]), array([ 0.48395714, -0.02691905]), 0.7854, 0.0]
[77, array([ 0.4862, -0.0241]), array([ 0.48410476, -0.02691905]), 0.7854, 0.0]
[77, array([ 0.4862, -0.0241]), array([ 0.48425238, -0.02691905]), 0.7854, 0.0]
[77, array([ 0.4862, -0.0241]), array([ 0.4844    , -0.02691905]), 0.7854, 0.0]
[77, array([ 0.4862, -0.0241]), array([ 0.4813    , -0.02677143]), 0.7854, 0.0]
[77, array([ 0.4862, -0.0241]), array([ 0.48144762, -0.02677143]), 0.7854, 0.0]
[77, array([ 0.4862, -0.0241]), array([ 0.48159524, -0.02677143]), 0.7854, 0.0]
[77, array([ 0.4862, -0.0241]), array([ 0.48174286, -0.02677143]), 0.7854, 1.0]
[77, array([ 0.4862, -0.0241]), array([ 0.48189048, -0.02677143]), 0.7854, 1.0]
[77, array([ 0.4862, -0.0241]), array([ 0.4820381 , -0.02677143]), 0.7854, 1.0]
[77, array([ 0.4862, -0.0241]), array([ 0.48218571, -0.02677143]), 0.7854, 1.0]
[77, array([ 0.4862, -0.0241]), array([ 0.48233333, -0.02677143]), 0.7854, 0.0]
[77, array([ 0.4862, -0.0241]), array([ 0.48248095, -0.02677143]), 0.7854, 0.0]
[77, array([ 0.4862, -0.0241]), array([ 0.48262857, -0.02677143]), 0.7854, 0.0]
[77, array([ 0.4862, -0.0241]), array([ 0.48277619, -0.02677143]), 0.7854, 0.0]
[77, array([ 0.4862, -0.0241]), array([ 0.48292381, -0.02677143]), 0.7854, 0.0]
[77, array([ 0.4862, -0.0241]), array([ 0.48307143, -0.02677143]), 0.7854, 0.0]
[77, array([ 0.4862, -0.0241]), array([ 0.48321905, -0.02677143]), 0.7854, 0.0]
[77, array([ 0.4862, -0.0241]), array([ 0.48336667, -0.02677143]), 0.7854, 0.0]
[77, array([ 0.4862, -0.0241]), array([ 0.48351429, -0.02677143]), 0.7854, 0.0]
[77, array([ 0.4862, -0.0241]), array([ 0.4836619 , -0.02677143]), 0.7854, 0.0]
[77, array([ 0.4862, -0.0241]), array([ 0.48380952, -0.02677143]), 0.7854, 0.0]
[77, array([ 0.4862, -0.0241]), array([ 0.48395714, -0.02677143]), 0.7854, 0.0]
[77, array([ 0.4862, -0.0241]), array([ 0.48410476, -0.02677143]), 0.7854, 0.0]
[77, array([ 0.4862, -0.0241]), array([ 0.48425238, -0.02677143]), 0.7854, 0.0]
[77, array([ 0.4862, -0.0241]), array([ 0.4844    , -0.02677143]), 0.7854, 0.0]
[77, array([ 0.4862, -0.0241]), array([ 0.4813    , -0.02662381]), 0.7854, 0.0]
[77, array([ 0.4862, -0.0241]), array([ 0.48144762, -0.02662381]), 0.7854, 0.0]
[77, array([ 0.4862, -0.0241]), array([ 0.48159524, -0.02662381]), 0.7854, 1.0]
[77, array([ 0.4862, -0.0241]), array([ 0.48174286, -0.02662381]), 0.7854, 1.0]
[77, array([ 0.4862, -0.0241]), array([ 0.48189048, -0.02662381]), 0.7854, 1.0]
[77, array([ 0.4862, -0.0241]), array([ 0.4820381 , -0.02662381]), 0.7854, 1.0]
[77, array([ 0.4862, -0.0241]), array([ 0.48218571, -0.02662381]), 0.7854, 0.0]
[77, array([ 0.4862, -0.0241]), array([ 0.48233333, -0.02662381]), 0.7854, 0.0]
[77, array([ 0.4862, -0.0241]), array([ 0.48248095, -0.02662381]), 0.7854, 0.0]
[77, array([ 0.4862, -0.0241]), array([ 0.48262857, -0.02662381]), 0.7854, 0.0]
[77, array([ 0.4862, -0.0241]), array([ 0.48277619, -0.02662381]), 0.7854, 0.0]
[77, array([ 0.4862, -0.0241]), array([ 0.48292381, -0.02662381]), 0.7854, 0.0]
[77, array([ 0.4862, -0.0241]), array([ 0.48307143, -0.02662381]), 0.7854, 0.0]
[77, array([ 0.4862, -0.0241]), array([ 0.48321905, -0.02662381]), 0.7854, 0.0]
[77, array([ 0.4862, -0.0241]), array([ 0.48336667, -0.02662381]), 0.7854, 0.0]
[77, array([ 0.4862, -0.0241]), array([ 0.48351429, -0.02662381]), 0.7854, 0.0]
[77, array([ 0.4862, -0.0241]), array([ 0.4836619 , -0.02662381]), 0.7854, 0.0]
[77, array([ 0.4862, -0.0241]), array([ 0.48380952, -0.02662381]), 0.7854, 0.0]
[77, array([ 0.4862, -0.0241]), array([ 0.48395714, -0.02662381]), 0.7854, 0.0]
[77, array([ 0.4862, -0.0241]), array([ 0.48410476, -0.02662381]), 0.7854, 0.0]
[77, array([ 0.4862, -0.0241]), array([ 0.48425238, -0.02662381]), 0.7854, 0.0]
[77, array([ 0.4862, -0.0241]), array([ 0.4844    , -0.02662381]), 0.7854, 0.0]
[77, array([ 0.4862, -0.0241]), array([ 0.4813    , -0.02647619]), 0.7854, 1.0]
[77, array([ 0.4862, -0.0241]), array([ 0.48144762, -0.02647619]), 0.7854, 1.0]
[77, array([ 0.4862, -0.0241]), array([ 0.48159524, -0.02647619]), 0.7854, 1.0]
[77, array([ 0.4862, -0.0241]), array([ 0.48174286, -0.02647619]), 0.7854, 1.0]
[77, array([ 0.4862, -0.0241]), array([ 0.48189048, -0.02647619]), 0.7854, 1.0]
[77, array([ 0.4862, -0.0241]), array([ 0.4820381 , -0.02647619]), 0.7854, 1.0]
[77, array([ 0.4862, -0.0241]), array([ 0.48218571, -0.02647619]), 0.7854, 0.0]
[77, array([ 0.4862, -0.0241]), array([ 0.48233333, -0.02647619]), 0.7854, 0.0]
[77, array([ 0.4862, -0.0241]), array([ 0.48248095, -0.02647619]), 0.7854, 0.0]
[77, array([ 0.4862, -0.0241]), array([ 0.48262857, -0.02647619]), 0.7854, 0.0]
[77, array([ 0.4862, -0.0241]), array([ 0.48277619, -0.02647619]), 0.7854, 0.0]
[77, array([ 0.4862, -0.0241]), array([ 0.48292381, -0.02647619]), 0.7854, 0.0]
[77, array([ 0.4862, -0.0241]), array([ 0.48307143, -0.02647619]), 0.7854, 0.0]
[77, array([ 0.4862, -0.0241]), array([ 0.48321905, -0.02647619]), 0.7854, 0.0]
[77, array([ 0.4862, -0.0241]), array([ 0.48336667, -0.02647619]), 0.7854, 0.0]
[77, array([ 0.4862, -0.0241]), array([ 0.48351429, -0.02647619]), 0.7854, 0.0]
[77, array([ 0.4862, -0.0241]), array([ 0.4836619 , -0.02647619]), 0.7854, 0.0]
[77, array([ 0.4862, -0.0241]), array([ 0.48380952, -0.02647619]), 0.7854, 0.0]
[77, array([ 0.4862, -0.0241]), array([ 0.48395714, -0.02647619]), 0.7854, 0.0]
[77, array([ 0.4862, -0.0241]), array([ 0.48410476, -0.02647619]), 0.7854, 0.0]
[77, array([ 0.4862, -0.0241]), array([ 0.48425238, -0.02647619]), 0.7854, 0.0]
[77, array([ 0.4862, -0.0241]), array([ 0.4844    , -0.02647619]), 0.7854, 0.0]
[77, array([ 0.4862, -0.0241]), array([ 0.4813    , -0.02632857]), 0.7854, 1.0]
[77, array([ 0.4862, -0.0241]), array([ 0.48144762, -0.02632857]), 0.7854, 1.0]
[77, array([ 0.4862, -0.0241]), array([ 0.48159524, -0.02632857]), 0.7854, 1.0]
[77, array([ 0.4862, -0.0241]), array([ 0.48174286, -0.02632857]), 0.7854, 1.0]
[77, array([ 0.4862, -0.0241]), array([ 0.48189048, -0.02632857]), 0.7854, 1.0]
[77, array([ 0.4862, -0.0241]), array([ 0.4820381 , -0.02632857]), 0.7854, 1.0]
[77, array([ 0.4862, -0.0241]), array([ 0.48218571, -0.02632857]), 0.7854, 1.0]
[77, array([ 0.4862, -0.0241]), array([ 0.48233333, -0.02632857]), 0.7854, 1.0]
[77, array([ 0.4862, -0.0241]), array([ 0.48248095, -0.02632857]), 0.7854, 0.0]
[77, array([ 0.4862, -0.0241]), array([ 0.48262857, -0.02632857]), 0.7854, 0.0]
[77, array([ 0.4862, -0.0241]), array([ 0.48277619, -0.02632857]), 0.7854, 0.0]
[77, array([ 0.4862, -0.0241]), array([ 0.48292381, -0.02632857]), 0.7854, 0.0]
[77, array([ 0.4862, -0.0241]), array([ 0.48307143, -0.02632857]), 0.7854, 0.0]
[77, array([ 0.4862, -0.0241]), array([ 0.48321905, -0.02632857]), 0.7854, 0.0]
[77, array([ 0.4862, -0.0241]), array([ 0.48336667, -0.02632857]), 0.7854, 0.0]
[77, array([ 0.4862, -0.0241]), array([ 0.48351429, -0.02632857]), 0.7854, 0.0]
[77, array([ 0.4862, -0.0241]), array([ 0.4836619 , -0.02632857]), 0.7854, 0.0]
[77, array([ 0.4862, -0.0241]), array([ 0.48380952, -0.02632857]), 0.7854, 0.0]
[77, array([ 0.4862, -0.0241]), array([ 0.48395714, -0.02632857]), 0.7854, 0.0]
[77, array([ 0.4862, -0.0241]), array([ 0.48410476, -0.02632857]), 0.7854, 0.0]
[77, array([ 0.4862, -0.0241]), array([ 0.48425238, -0.02632857]), 0.7854, 0.0]
[77, array([ 0.4862, -0.0241]), array([ 0.4844    , -0.02632857]), 0.7854, 0.0]
[77, array([ 0.4862, -0.0241]), array([ 0.4813    , -0.02618095]), 0.7854, 0.0]
[77, array([ 0.4862, -0.0241]), array([ 0.48144762, -0.02618095]), 0.7854, 0.0]
[77, array([ 0.4862, -0.0241]), array([ 0.48159524, -0.02618095]), 0.7854, 0.0]
[77, array([ 0.4862, -0.0241]), array([ 0.48174286, -0.02618095]), 0.7854, 1.0]
[77, array([ 0.4862, -0.0241]), array([ 0.48189048, -0.02618095]), 0.7854, 1.0]
[77, array([ 0.4862, -0.0241]), array([ 0.4820381 , -0.02618095]), 0.7854, 1.0]
[77, array([ 0.4862, -0.0241]), array([ 0.48218571, -0.02618095]), 0.7854, 1.0]
[77, array([ 0.4862, -0.0241]), array([ 0.48233333, -0.02618095]), 0.7854, 1.0]
[77, array([ 0.4862, -0.0241]), array([ 0.48248095, -0.02618095]), 0.7854, 1.0]
[77, array([ 0.4862, -0.0241]), array([ 0.48262857, -0.02618095]), 0.7854, 1.0]
[77, array([ 0.4862, -0.0241]), array([ 0.48277619, -0.02618095]), 0.7854, 0.0]
[77, array([ 0.4862, -0.0241]), array([ 0.48292381, -0.02618095]), 0.7854, 0.0]
[77, array([ 0.4862, -0.0241]), array([ 0.48307143, -0.02618095]), 0.7854, 0.0]
[77, array([ 0.4862, -0.0241]), array([ 0.48321905, -0.02618095]), 0.7854, 0.0]
[77, array([ 0.4862, -0.0241]), array([ 0.48336667, -0.02618095]), 0.7854, 0.0]
[77, array([ 0.4862, -0.0241]), array([ 0.48351429, -0.02618095]), 0.7854, 0.0]
[77, array([ 0.4862, -0.0241]), array([ 0.4836619 , -0.02618095]), 0.7854, 0.0]
[77, array([ 0.4862, -0.0241]), array([ 0.48380952, -0.02618095]), 0.7854, 0.0]
[77, array([ 0.4862, -0.0241]), array([ 0.48395714, -0.02618095]), 0.7854, 0.0]
[77, array([ 0.4862, -0.0241]), array([ 0.48410476, -0.02618095]), 0.7854, 0.0]
[77, array([ 0.4862, -0.0241]), array([ 0.48425238, -0.02618095]), 0.7854, 0.0]
[77, array([ 0.4862, -0.0241]), array([ 0.4844    , -0.02618095]), 0.7854, 0.0]
[77, array([ 0.4862, -0.0241]), array([ 0.4813    , -0.02603333]), 0.7854, 0.0]
[77, array([ 0.4862, -0.0241]), array([ 0.48144762, -0.02603333]), 0.7854, 0.0]
[77, array([ 0.4862, -0.0241]), array([ 0.48159524, -0.02603333]), 0.7854, 0.0]
[77, array([ 0.4862, -0.0241]), array([ 0.48174286, -0.02603333]), 0.7854, 0.0]
[77, array([ 0.4862, -0.0241]), array([ 0.48189048, -0.02603333]), 0.7854, 1.0]
[77, array([ 0.4862, -0.0241]), array([ 0.4820381 , -0.02603333]), 0.7854, 1.0]
[77, array([ 0.4862, -0.0241]), array([ 0.48218571, -0.02603333]), 0.7854, 1.0]
[77, array([ 0.4862, -0.0241]), array([ 0.48233333, -0.02603333]), 0.7854, 1.0]
[77, array([ 0.4862, -0.0241]), array([ 0.48248095, -0.02603333]), 0.7854, 0.0]
[77, array([ 0.4862, -0.0241]), array([ 0.48262857, -0.02603333]), 0.7854, 1.0]
[77, array([ 0.4862, -0.0241]), array([ 0.48277619, -0.02603333]), 0.7854, 1.0]
[77, array([ 0.4862, -0.0241]), array([ 0.48292381, -0.02603333]), 0.7854, 1.0]
[77, array([ 0.4862, -0.0241]), array([ 0.48307143, -0.02603333]), 0.7854, 0.0]
[77, array([ 0.4862, -0.0241]), array([ 0.48321905, -0.02603333]), 0.7854, 0.0]
[77, array([ 0.4862, -0.0241]), array([ 0.48336667, -0.02603333]), 0.7854, 0.0]
[77, array([ 0.4862, -0.0241]), array([ 0.48351429, -0.02603333]), 0.7854, 0.0]
[77, array([ 0.4862, -0.0241]), array([ 0.4836619 , -0.02603333]), 0.7854, 0.0]
[77, array([ 0.4862, -0.0241]), array([ 0.48380952, -0.02603333]), 0.7854, 0.0]
[77, array([ 0.4862, -0.0241]), array([ 0.48395714, -0.02603333]), 0.7854, 0.0]
[77, array([ 0.4862, -0.0241]), array([ 0.48410476, -0.02603333]), 0.7854, 0.0]
[77, array([ 0.4862, -0.0241]), array([ 0.48425238, -0.02603333]), 0.7854, 0.0]
[77, array([ 0.4862, -0.0241]), array([ 0.4844    , -0.02603333]), 0.7854, 0.0]
[77, array([ 0.4862, -0.0241]), array([ 0.4813    , -0.02588571]), 0.7854, 0.0]
[77, array([ 0.4862, -0.0241]), array([ 0.48144762, -0.02588571]), 0.7854, 0.0]
[77, array([ 0.4862, -0.0241]), array([ 0.48159524, -0.02588571]), 0.7854, 0.0]
[77, array([ 0.4862, -0.0241]), array([ 0.48174286, -0.02588571]), 0.7854, 0.0]
[77, array([ 0.4862, -0.0241]), array([ 0.48189048, -0.02588571]), 0.7854, 0.0]
[77, array([ 0.4862, -0.0241]), array([ 0.4820381 , -0.02588571]), 0.7854, 0.0]
[77, array([ 0.4862, -0.0241]), array([ 0.48218571, -0.02588571]), 0.7854, 0.0]
[77, array([ 0.4862, -0.0241]), array([ 0.48233333, -0.02588571]), 0.7854, 0.0]
[77, array([ 0.4862, -0.0241]), array([ 0.48248095, -0.02588571]), 0.7854, 0.0]
[77, array([ 0.4862, -0.0241]), array([ 0.48262857, -0.02588571]), 0.7854, 1.0]
[77, array([ 0.4862, -0.0241]), array([ 0.48277619, -0.02588571]), 0.7854, 1.0]
[77, array([ 0.4862, -0.0241]), array([ 0.48292381, -0.02588571]), 0.7854, 1.0]
[77, array([ 0.4862, -0.0241]), array([ 0.48307143, -0.02588571]), 0.7854, 1.0]
[77, array([ 0.4862, -0.0241]), array([ 0.48321905, -0.02588571]), 0.7854, 0.0]
[77, array([ 0.4862, -0.0241]), array([ 0.48336667, -0.02588571]), 0.7854, 0.0]
[77, array([ 0.4862, -0.0241]), array([ 0.48351429, -0.02588571]), 0.7854, 0.0]
[77, array([ 0.4862, -0.0241]), array([ 0.4836619 , -0.02588571]), 0.7854, 0.0]
[77, array([ 0.4862, -0.0241]), array([ 0.48380952, -0.02588571]), 0.7854, 0.0]
[77, array([ 0.4862, -0.0241]), array([ 0.48395714, -0.02588571]), 0.7854, 0.0]
[77, array([ 0.4862, -0.0241]), array([ 0.48410476, -0.02588571]), 0.7854, 0.0]
[77, array([ 0.4862, -0.0241]), array([ 0.48425238, -0.02588571]), 0.7854, 0.0]
[77, array([ 0.4862, -0.0241]), array([ 0.4844    , -0.02588571]), 0.7854, 0.0]
[77, array([ 0.4862, -0.0241]), array([ 0.4813   , -0.0257381]), 0.7854, 0.0]
[77, array([ 0.4862, -0.0241]), array([ 0.48144762, -0.0257381 ]), 0.7854, 0.0]
[77, array([ 0.4862, -0.0241]), array([ 0.48159524, -0.0257381 ]), 0.7854, 0.0]
[77, array([ 0.4862, -0.0241]), array([ 0.48174286, -0.0257381 ]), 0.7854, 0.0]
[77, array([ 0.4862, -0.0241]), array([ 0.48189048, -0.0257381 ]), 0.7854, 0.0]
[77, array([ 0.4862, -0.0241]), array([ 0.4820381, -0.0257381]), 0.7854, 0.0]
[77, array([ 0.4862, -0.0241]), array([ 0.48218571, -0.0257381 ]), 0.7854, 0.0]
[77, array([ 0.4862, -0.0241]), array([ 0.48233333, -0.0257381 ]), 0.7854, 0.0]
[77, array([ 0.4862, -0.0241]), array([ 0.48248095, -0.0257381 ]), 0.7854, 0.0]
[77, array([ 0.4862, -0.0241]), array([ 0.48262857, -0.0257381 ]), 0.7854, 0.0]
[77, array([ 0.4862, -0.0241]), array([ 0.48277619, -0.0257381 ]), 0.7854, 1.0]
[77, array([ 0.4862, -0.0241]), array([ 0.48292381, -0.0257381 ]), 0.7854, 0.0]
[77, array([ 0.4862, -0.0241]), array([ 0.48307143, -0.0257381 ]), 0.7854, 0.0]
[77, array([ 0.4862, -0.0241]), array([ 0.48321905, -0.0257381 ]), 0.7854, 0.0]
[77, array([ 0.4862, -0.0241]), array([ 0.48336667, -0.0257381 ]), 0.7854, 0.0]
[77, array([ 0.4862, -0.0241]), array([ 0.48351429, -0.0257381 ]), 0.7854, 0.0]
[77, array([ 0.4862, -0.0241]), array([ 0.4836619, -0.0257381]), 0.7854, 0.0]
[77, array([ 0.4862, -0.0241]), array([ 0.48380952, -0.0257381 ]), 0.7854, 0.0]
[77, array([ 0.4862, -0.0241]), array([ 0.48395714, -0.0257381 ]), 0.7854, 0.0]
[77, array([ 0.4862, -0.0241]), array([ 0.48410476, -0.0257381 ]), 0.7854, 0.0]
[77, array([ 0.4862, -0.0241]), array([ 0.48425238, -0.0257381 ]), 0.7854, 0.0]
[77, array([ 0.4862, -0.0241]), array([ 0.4844   , -0.0257381]), 0.7854, 0.0]
[77, array([ 0.4862, -0.0241]), array([ 0.4813    , -0.02559048]), 0.7854, 0.0]
[77, array([ 0.4862, -0.0241]), array([ 0.48144762, -0.02559048]), 0.7854, 0.0]
[77, array([ 0.4862, -0.0241]), array([ 0.48159524, -0.02559048]), 0.7854, 0.0]
[77, array([ 0.4862, -0.0241]), array([ 0.48174286, -0.02559048]), 0.7854, 0.0]
[77, array([ 0.4862, -0.0241]), array([ 0.48189048, -0.02559048]), 0.7854, 0.0]
[77, array([ 0.4862, -0.0241]), array([ 0.4820381 , -0.02559048]), 0.7854, 0.0]
[77, array([ 0.4862, -0.0241]), array([ 0.48218571, -0.02559048]), 0.7854, 0.0]
[77, array([ 0.4862, -0.0241]), array([ 0.48233333, -0.02559048]), 0.7854, 0.0]
[77, array([ 0.4862, -0.0241]), array([ 0.48248095, -0.02559048]), 0.7854, 0.0]
[77, array([ 0.4862, -0.0241]), array([ 0.48262857, -0.02559048]), 0.7854, 0.0]
[77, array([ 0.4862, -0.0241]), array([ 0.48277619, -0.02559048]), 0.7854, 0.0]
[77, array([ 0.4862, -0.0241]), array([ 0.48292381, -0.02559048]), 0.7854, 0.0]
[77, array([ 0.4862, -0.0241]), array([ 0.48307143, -0.02559048]), 0.7854, 0.0]
[77, array([ 0.4862, -0.0241]), array([ 0.48321905, -0.02559048]), 0.7854, 1.0]
[77, array([ 0.4862, -0.0241]), array([ 0.48336667, -0.02559048]), 0.7854, 0.0]
[77, array([ 0.4862, -0.0241]), array([ 0.48351429, -0.02559048]), 0.7854, 0.0]
[77, array([ 0.4862, -0.0241]), array([ 0.4836619 , -0.02559048]), 0.7854, 0.0]
[77, array([ 0.4862, -0.0241]), array([ 0.48380952, -0.02559048]), 0.7854, 0.0]
[77, array([ 0.4862, -0.0241]), array([ 0.48395714, -0.02559048]), 0.7854, 0.0]
[77, array([ 0.4862, -0.0241]), array([ 0.48410476, -0.02559048]), 0.7854, 0.0]
[77, array([ 0.4862, -0.0241]), array([ 0.48425238, -0.02559048]), 0.7854, 0.0]
[77, array([ 0.4862, -0.0241]), array([ 0.4844    , -0.02559048]), 0.7854, 0.0]
[77, array([ 0.4862, -0.0241]), array([ 0.4813    , -0.02544286]), 0.7854, 0.0]
[77, array([ 0.4862, -0.0241]), array([ 0.48144762, -0.02544286]), 0.7854, 0.0]
[77, array([ 0.4862, -0.0241]), array([ 0.48159524, -0.02544286]), 0.7854, 0.0]
[77, array([ 0.4862, -0.0241]), array([ 0.48174286, -0.02544286]), 0.7854, 0.0]
[77, array([ 0.4862, -0.0241]), array([ 0.48189048, -0.02544286]), 0.7854, 0.0]
[77, array([ 0.4862, -0.0241]), array([ 0.4820381 , -0.02544286]), 0.7854, 0.0]
[77, array([ 0.4862, -0.0241]), array([ 0.48218571, -0.02544286]), 0.7854, 0.0]
[77, array([ 0.4862, -0.0241]), array([ 0.48233333, -0.02544286]), 0.7854, 0.0]
[77, array([ 0.4862, -0.0241]), array([ 0.48248095, -0.02544286]), 0.7854, 0.0]
[77, array([ 0.4862, -0.0241]), array([ 0.48262857, -0.02544286]), 0.7854, 0.0]
[77, array([ 0.4862, -0.0241]), array([ 0.48277619, -0.02544286]), 0.7854, 0.0]
[77, array([ 0.4862, -0.0241]), array([ 0.48292381, -0.02544286]), 0.7854, 0.0]
[77, array([ 0.4862, -0.0241]), array([ 0.48307143, -0.02544286]), 0.7854, 0.0]
[77, array([ 0.4862, -0.0241]), array([ 0.48321905, -0.02544286]), 0.7854, 0.0]
[77, array([ 0.4862, -0.0241]), array([ 0.48336667, -0.02544286]), 0.7854, 1.0]
[77, array([ 0.4862, -0.0241]), array([ 0.48351429, -0.02544286]), 0.7854, 0.0]
[77, array([ 0.4862, -0.0241]), array([ 0.4836619 , -0.02544286]), 0.7854, 0.0]
[77, array([ 0.4862, -0.0241]), array([ 0.48380952, -0.02544286]), 0.7854, 0.0]
[77, array([ 0.4862, -0.0241]), array([ 0.48395714, -0.02544286]), 0.7854, 0.0]
[77, array([ 0.4862, -0.0241]), array([ 0.48410476, -0.02544286]), 0.7854, 0.0]
[77, array([ 0.4862, -0.0241]), array([ 0.48425238, -0.02544286]), 0.7854, 0.0]
[77, array([ 0.4862, -0.0241]), array([ 0.4844    , -0.02544286]), 0.7854, 0.0]
[77, array([ 0.4862, -0.0241]), array([ 0.4813    , -0.02529524]), 0.7854, 0.0]
[77, array([ 0.4862, -0.0241]), array([ 0.48144762, -0.02529524]), 0.7854, 0.0]
[77, array([ 0.4862, -0.0241]), array([ 0.48159524, -0.02529524]), 0.7854, 0.0]
[77, array([ 0.4862, -0.0241]), array([ 0.48174286, -0.02529524]), 0.7854, 0.0]
[77, array([ 0.4862, -0.0241]), array([ 0.48189048, -0.02529524]), 0.7854, 0.0]
[77, array([ 0.4862, -0.0241]), array([ 0.4820381 , -0.02529524]), 0.7854, 0.0]
[77, array([ 0.4862, -0.0241]), array([ 0.48218571, -0.02529524]), 0.7854, 0.0]
[77, array([ 0.4862, -0.0241]), array([ 0.48233333, -0.02529524]), 0.7854, 0.0]
[77, array([ 0.4862, -0.0241]), array([ 0.48248095, -0.02529524]), 0.7854, 0.0]
[77, array([ 0.4862, -0.0241]), array([ 0.48262857, -0.02529524]), 0.7854, 0.0]
[77, array([ 0.4862, -0.0241]), array([ 0.48277619, -0.02529524]), 0.7854, 0.0]
[77, array([ 0.4862, -0.0241]), array([ 0.48292381, -0.02529524]), 0.7854, 0.0]
[77, array([ 0.4862, -0.0241]), array([ 0.48307143, -0.02529524]), 0.7854, 0.0]
[77, array([ 0.4862, -0.0241]), array([ 0.48321905, -0.02529524]), 0.7854, 0.0]
[77, array([ 0.4862, -0.0241]), array([ 0.48336667, -0.02529524]), 0.7854, 0.0]
[77, array([ 0.4862, -0.0241]), array([ 0.48351429, -0.02529524]), 0.7854, 1.0]
[77, array([ 0.4862, -0.0241]), array([ 0.4836619 , -0.02529524]), 0.7854, 0.0]
[77, array([ 0.4862, -0.0241]), array([ 0.48380952, -0.02529524]), 0.7854, 0.0]
[77, array([ 0.4862, -0.0241]), array([ 0.48395714, -0.02529524]), 0.7854, 0.0]
[77, array([ 0.4862, -0.0241]), array([ 0.48410476, -0.02529524]), 0.7854, 0.0]
[77, array([ 0.4862, -0.0241]), array([ 0.48425238, -0.02529524]), 0.7854, 0.0]
[77, array([ 0.4862, -0.0241]), array([ 0.4844    , -0.02529524]), 0.7854, 0.0]
[77, array([ 0.4862, -0.0241]), array([ 0.4813    , -0.02514762]), 0.7854, 0.0]
[77, array([ 0.4862, -0.0241]), array([ 0.48144762, -0.02514762]), 0.7854, 0.0]
[77, array([ 0.4862, -0.0241]), array([ 0.48159524, -0.02514762]), 0.7854, 0.0]
[77, array([ 0.4862, -0.0241]), array([ 0.48174286, -0.02514762]), 0.7854, 0.0]
[77, array([ 0.4862, -0.0241]), array([ 0.48189048, -0.02514762]), 0.7854, 0.0]
[77, array([ 0.4862, -0.0241]), array([ 0.4820381 , -0.02514762]), 0.7854, 0.0]
[77, array([ 0.4862, -0.0241]), array([ 0.48218571, -0.02514762]), 0.7854, 0.0]
[77, array([ 0.4862, -0.0241]), array([ 0.48233333, -0.02514762]), 0.7854, 0.0]
[77, array([ 0.4862, -0.0241]), array([ 0.48248095, -0.02514762]), 0.7854, 0.0]
[77, array([ 0.4862, -0.0241]), array([ 0.48262857, -0.02514762]), 0.7854, 0.0]
[77, array([ 0.4862, -0.0241]), array([ 0.48277619, -0.02514762]), 0.7854, 1.0]
[77, array([ 0.4862, -0.0241]), array([ 0.48292381, -0.02514762]), 0.7854, 0.0]
[77, array([ 0.4862, -0.0241]), array([ 0.48307143, -0.02514762]), 0.7854, 0.0]
[77, array([ 0.4862, -0.0241]), array([ 0.48321905, -0.02514762]), 0.7854, 0.0]
[77, array([ 0.4862, -0.0241]), array([ 0.48336667, -0.02514762]), 0.7854, 0.0]
[77, array([ 0.4862, -0.0241]), array([ 0.48351429, -0.02514762]), 0.7854, 0.0]
[77, array([ 0.4862, -0.0241]), array([ 0.4836619 , -0.02514762]), 0.7854, 1.0]
[77, array([ 0.4862, -0.0241]), array([ 0.48380952, -0.02514762]), 0.7854, 0.0]
[77, array([ 0.4862, -0.0241]), array([ 0.48395714, -0.02514762]), 0.7854, 0.0]
[77, array([ 0.4862, -0.0241]), array([ 0.48410476, -0.02514762]), 0.7854, 0.0]
[77, array([ 0.4862, -0.0241]), array([ 0.48425238, -0.02514762]), 0.7854, 0.0]
[77, array([ 0.4862, -0.0241]), array([ 0.4844    , -0.02514762]), 0.7854, 0.0]
[77, array([ 0.4862, -0.0241]), array([ 0.4813, -0.025 ]), 0.7854, 0.0]
[77, array([ 0.4862, -0.0241]), array([ 0.48144762, -0.025     ]), 0.7854, 0.0]
[77, array([ 0.4862, -0.0241]), array([ 0.48159524, -0.025     ]), 0.7854, 0.0]
[77, array([ 0.4862, -0.0241]), array([ 0.48174286, -0.025     ]), 0.7854, 0.0]
[77, array([ 0.4862, -0.0241]), array([ 0.48189048, -0.025     ]), 0.7854, 0.0]
[77, array([ 0.4862, -0.0241]), array([ 0.4820381, -0.025    ]), 0.7854, 0.0]
[77, array([ 0.4862, -0.0241]), array([ 0.48218571, -0.025     ]), 0.7854, 0.0]
[77, array([ 0.4862, -0.0241]), array([ 0.48233333, -0.025     ]), 0.7854, 0.0]
[77, array([ 0.4862, -0.0241]), array([ 0.48248095, -0.025     ]), 0.7854, 0.0]
[77, array([ 0.4862, -0.0241]), array([ 0.48262857, -0.025     ]), 0.7854, 0.0]
[77, array([ 0.4862, -0.0241]), array([ 0.48277619, -0.025     ]), 0.7854, 0.0]
[77, array([ 0.4862, -0.0241]), array([ 0.48292381, -0.025     ]), 0.7854, 0.0]
[77, array([ 0.4862, -0.0241]), array([ 0.48307143, -0.025     ]), 0.7854, 0.0]
[77, array([ 0.4862, -0.0241]), array([ 0.48321905, -0.025     ]), 0.7854, 0.0]
[77, array([ 0.4862, -0.0241]), array([ 0.48336667, -0.025     ]), 0.7854, 0.0]
[77, array([ 0.4862, -0.0241]), array([ 0.48351429, -0.025     ]), 0.7854, 0.0]
[77, array([ 0.4862, -0.0241]), array([ 0.4836619, -0.025    ]), 0.7854, 0.0]
[77, array([ 0.4862, -0.0241]), array([ 0.48380952, -0.025     ]), 0.7854, 1.0]
[77, array([ 0.4862, -0.0241]), array([ 0.48395714, -0.025     ]), 0.7854, 0.0]
[77, array([ 0.4862, -0.0241]), array([ 0.48410476, -0.025     ]), 0.7854, 0.0]
[77, array([ 0.4862, -0.0241]), array([ 0.48425238, -0.025     ]), 0.7854, 0.0]
[77, array([ 0.4862, -0.0241]), array([ 0.4844, -0.025 ]), 0.7854, 0.0]
[51, array([ 0.5431, -0.0032]), array([ 0.5438, -0.0031]), 0.7854, 1.0]
[51, array([ 0.5431, -0.0032]), array([ 0.54394762, -0.0031    ]), 0.7854, 1.0]
[51, array([ 0.5431, -0.0032]), array([ 0.54409524, -0.0031    ]), 0.7854, 1.0]
[51, array([ 0.5431, -0.0032]), array([ 0.54424286, -0.0031    ]), 0.7854, 1.0]
[51, array([ 0.5431, -0.0032]), array([ 0.54439048, -0.0031    ]), 0.7854, 1.0]
[51, array([ 0.5431, -0.0032]), array([ 0.5445381, -0.0031   ]), 0.7854, 1.0]
[51, array([ 0.5431, -0.0032]), array([ 0.54468571, -0.0031    ]), 0.7854, 1.0]
[51, array([ 0.5431, -0.0032]), array([ 0.54483333, -0.0031    ]), 0.7854, 1.0]
[51, array([ 0.5431, -0.0032]), array([ 0.54498095, -0.0031    ]), 0.7854, 1.0]
[51, array([ 0.5431, -0.0032]), array([ 0.54512857, -0.0031    ]), 0.7854, 1.0]
[51, array([ 0.5431, -0.0032]), array([ 0.54527619, -0.0031    ]), 0.7854, 1.0]
[51, array([ 0.5431, -0.0032]), array([ 0.54542381, -0.0031    ]), 0.7854, 1.0]
[51, array([ 0.5431, -0.0032]), array([ 0.54557143, -0.0031    ]), 0.7854, 1.0]
[51, array([ 0.5431, -0.0032]), array([ 0.54571905, -0.0031    ]), 0.7854, 1.0]
[51, array([ 0.5431, -0.0032]), array([ 0.54586667, -0.0031    ]), 0.7854, 1.0]
[51, array([ 0.5431, -0.0032]), array([ 0.54601429, -0.0031    ]), 0.7854, 1.0]
[51, array([ 0.5431, -0.0032]), array([ 0.5461619, -0.0031   ]), 0.7854, 1.0]
[51, array([ 0.5431, -0.0032]), array([ 0.54630952, -0.0031    ]), 0.7854, 1.0]
[51, array([ 0.5431, -0.0032]), array([ 0.54645714, -0.0031    ]), 0.7854, 1.0]
[51, array([ 0.5431, -0.0032]), array([ 0.54660476, -0.0031    ]), 0.7854, 1.0]
[51, array([ 0.5431, -0.0032]), array([ 0.54675238, -0.0031    ]), 0.7854, 1.0]
[51, array([ 0.5431, -0.0032]), array([ 0.5469, -0.0031]), 0.7854, 1.0]
[51, array([ 0.5431, -0.0032]), array([ 0.5438    , -0.00295238]), 0.7854, 1.0]
[51, array([ 0.5431, -0.0032]), array([ 0.54394762, -0.00295238]), 0.7854, 1.0]
[51, array([ 0.5431, -0.0032]), array([ 0.54409524, -0.00295238]), 0.7854, 1.0]
[51, array([ 0.5431, -0.0032]), array([ 0.54424286, -0.00295238]), 0.7854, 1.0]
[51, array([ 0.5431, -0.0032]), array([ 0.54439048, -0.00295238]), 0.7854, 1.0]
[51, array([ 0.5431, -0.0032]), array([ 0.5445381 , -0.00295238]), 0.7854, 1.0]
[51, array([ 0.5431, -0.0032]), array([ 0.54468571, -0.00295238]), 0.7854, 1.0]
[51, array([ 0.5431, -0.0032]), array([ 0.54483333, -0.00295238]), 0.7854, 1.0]
[51, array([ 0.5431, -0.0032]), array([ 0.54498095, -0.00295238]), 0.7854, 1.0]
[51, array([ 0.5431, -0.0032]), array([ 0.54512857, -0.00295238]), 0.7854, 1.0]
[51, array([ 0.5431, -0.0032]), array([ 0.54527619, -0.00295238]), 0.7854, 1.0]
[51, array([ 0.5431, -0.0032]), array([ 0.54542381, -0.00295238]), 0.7854, 1.0]
[51, array([ 0.5431, -0.0032]), array([ 0.54557143, -0.00295238]), 0.7854, 1.0]
[51, array([ 0.5431, -0.0032]), array([ 0.54571905, -0.00295238]), 0.7854, 1.0]
[51, array([ 0.5431, -0.0032]), array([ 0.54586667, -0.00295238]), 0.7854, 1.0]
[51, array([ 0.5431, -0.0032]), array([ 0.54601429, -0.00295238]), 0.7854, 1.0]
[51, array([ 0.5431, -0.0032]), array([ 0.5461619 , -0.00295238]), 0.7854, 1.0]
[51, array([ 0.5431, -0.0032]), array([ 0.54630952, -0.00295238]), 0.7854, 1.0]
[51, array([ 0.5431, -0.0032]), array([ 0.54645714, -0.00295238]), 0.7854, 1.0]
[51, array([ 0.5431, -0.0032]), array([ 0.54660476, -0.00295238]), 0.7854, 1.0]
[51, array([ 0.5431, -0.0032]), array([ 0.54675238, -0.00295238]), 0.7854, 1.0]
[51, array([ 0.5431, -0.0032]), array([ 0.5469    , -0.00295238]), 0.7854, 1.0]
[51, array([ 0.5431, -0.0032]), array([ 0.5438    , -0.00280476]), 0.7854, 1.0]
[51, array([ 0.5431, -0.0032]), array([ 0.54394762, -0.00280476]), 0.7854, 1.0]
[51, array([ 0.5431, -0.0032]), array([ 0.54409524, -0.00280476]), 0.7854, 1.0]
[51, array([ 0.5431, -0.0032]), array([ 0.54424286, -0.00280476]), 0.7854, 1.0]
[51, array([ 0.5431, -0.0032]), array([ 0.54439048, -0.00280476]), 0.7854, 1.0]
[51, array([ 0.5431, -0.0032]), array([ 0.5445381 , -0.00280476]), 0.7854, 1.0]
[51, array([ 0.5431, -0.0032]), array([ 0.54468571, -0.00280476]), 0.7854, 1.0]
[51, array([ 0.5431, -0.0032]), array([ 0.54483333, -0.00280476]), 0.7854, 1.0]
[51, array([ 0.5431, -0.0032]), array([ 0.54498095, -0.00280476]), 0.7854, 1.0]
[51, array([ 0.5431, -0.0032]), array([ 0.54512857, -0.00280476]), 0.7854, 1.0]
[51, array([ 0.5431, -0.0032]), array([ 0.54527619, -0.00280476]), 0.7854, 1.0]
[51, array([ 0.5431, -0.0032]), array([ 0.54542381, -0.00280476]), 0.7854, 1.0]
[51, array([ 0.5431, -0.0032]), array([ 0.54557143, -0.00280476]), 0.7854, 1.0]
[51, array([ 0.5431, -0.0032]), array([ 0.54571905, -0.00280476]), 0.7854, 1.0]
[51, array([ 0.5431, -0.0032]), array([ 0.54586667, -0.00280476]), 0.7854, 1.0]
[51, array([ 0.5431, -0.0032]), array([ 0.54601429, -0.00280476]), 0.7854, 1.0]
[51, array([ 0.5431, -0.0032]), array([ 0.5461619 , -0.00280476]), 0.7854, 1.0]
[51, array([ 0.5431, -0.0032]), array([ 0.54630952, -0.00280476]), 0.7854, 1.0]
[51, array([ 0.5431, -0.0032]), array([ 0.54645714, -0.00280476]), 0.7854, 1.0]
[51, array([ 0.5431, -0.0032]), array([ 0.54660476, -0.00280476]), 0.7854, 1.0]
[51, array([ 0.5431, -0.0032]), array([ 0.54675238, -0.00280476]), 0.7854, 1.0]
[51, array([ 0.5431, -0.0032]), array([ 0.5469    , -0.00280476]), 0.7854, 1.0]
[51, array([ 0.5431, -0.0032]), array([ 0.5438    , -0.00265714]), 0.7854, 1.0]
[51, array([ 0.5431, -0.0032]), array([ 0.54394762, -0.00265714]), 0.7854, 1.0]
[51, array([ 0.5431, -0.0032]), array([ 0.54409524, -0.00265714]), 0.7854, 1.0]
[51, array([ 0.5431, -0.0032]), array([ 0.54424286, -0.00265714]), 0.7854, 1.0]
[51, array([ 0.5431, -0.0032]), array([ 0.54439048, -0.00265714]), 0.7854, 1.0]
[51, array([ 0.5431, -0.0032]), array([ 0.5445381 , -0.00265714]), 0.7854, 1.0]
[51, array([ 0.5431, -0.0032]), array([ 0.54468571, -0.00265714]), 0.7854, 1.0]
[51, array([ 0.5431, -0.0032]), array([ 0.54483333, -0.00265714]), 0.7854, 1.0]
[51, array([ 0.5431, -0.0032]), array([ 0.54498095, -0.00265714]), 0.7854, 1.0]
[51, array([ 0.5431, -0.0032]), array([ 0.54512857, -0.00265714]), 0.7854, 1.0]
[51, array([ 0.5431, -0.0032]), array([ 0.54527619, -0.00265714]), 0.7854, 1.0]
[51, array([ 0.5431, -0.0032]), array([ 0.54542381, -0.00265714]), 0.7854, 1.0]
[51, array([ 0.5431, -0.0032]), array([ 0.54557143, -0.00265714]), 0.7854, 1.0]
[51, array([ 0.5431, -0.0032]), array([ 0.54571905, -0.00265714]), 0.7854, 1.0]
[51, array([ 0.5431, -0.0032]), array([ 0.54586667, -0.00265714]), 0.7854, 1.0]
[51, array([ 0.5431, -0.0032]), array([ 0.54601429, -0.00265714]), 0.7854, 1.0]
[51, array([ 0.5431, -0.0032]), array([ 0.5461619 , -0.00265714]), 0.7854, 1.0]
[51, array([ 0.5431, -0.0032]), array([ 0.54630952, -0.00265714]), 0.7854, 1.0]
[51, array([ 0.5431, -0.0032]), array([ 0.54645714, -0.00265714]), 0.7854, 1.0]
[51, array([ 0.5431, -0.0032]), array([ 0.54660476, -0.00265714]), 0.7854, 1.0]
[51, array([ 0.5431, -0.0032]), array([ 0.54675238, -0.00265714]), 0.7854, 1.0]
[51, array([ 0.5431, -0.0032]), array([ 0.5469    , -0.00265714]), 0.7854, 1.0]
[51, array([ 0.5431, -0.0032]), array([ 0.5438    , -0.00250952]), 0.7854, 1.0]
[51, array([ 0.5431, -0.0032]), array([ 0.54394762, -0.00250952]), 0.7854, 1.0]
[51, array([ 0.5431, -0.0032]), array([ 0.54409524, -0.00250952]), 0.7854, 1.0]
[51, array([ 0.5431, -0.0032]), array([ 0.54424286, -0.00250952]), 0.7854, 1.0]
[51, array([ 0.5431, -0.0032]), array([ 0.54439048, -0.00250952]), 0.7854, 1.0]
[51, array([ 0.5431, -0.0032]), array([ 0.5445381 , -0.00250952]), 0.7854, 1.0]
[51, array([ 0.5431, -0.0032]), array([ 0.54468571, -0.00250952]), 0.7854, 1.0]
[51, array([ 0.5431, -0.0032]), array([ 0.54483333, -0.00250952]), 0.7854, 1.0]
[51, array([ 0.5431, -0.0032]), array([ 0.54498095, -0.00250952]), 0.7854, 1.0]
[51, array([ 0.5431, -0.0032]), array([ 0.54512857, -0.00250952]), 0.7854, 1.0]
[51, array([ 0.5431, -0.0032]), array([ 0.54527619, -0.00250952]), 0.7854, 1.0]
[51, array([ 0.5431, -0.0032]), array([ 0.54542381, -0.00250952]), 0.7854, 1.0]
[51, array([ 0.5431, -0.0032]), array([ 0.54557143, -0.00250952]), 0.7854, 1.0]
[51, array([ 0.5431, -0.0032]), array([ 0.54571905, -0.00250952]), 0.7854, 1.0]
[51, array([ 0.5431, -0.0032]), array([ 0.54586667, -0.00250952]), 0.7854, 1.0]
[51, array([ 0.5431, -0.0032]), array([ 0.54601429, -0.00250952]), 0.7854, 1.0]
[51, array([ 0.5431, -0.0032]), array([ 0.5461619 , -0.00250952]), 0.7854, 1.0]
[51, array([ 0.5431, -0.0032]), array([ 0.54630952, -0.00250952]), 0.7854, 1.0]
[51, array([ 0.5431, -0.0032]), array([ 0.54645714, -0.00250952]), 0.7854, 1.0]
[51, array([ 0.5431, -0.0032]), array([ 0.54660476, -0.00250952]), 0.7854, 1.0]
[51, array([ 0.5431, -0.0032]), array([ 0.54675238, -0.00250952]), 0.7854, 1.0]
[51, array([ 0.5431, -0.0032]), array([ 0.5469    , -0.00250952]), 0.7854, 1.0]
[51, array([ 0.5431, -0.0032]), array([ 0.5438   , -0.0023619]), 0.7854, 1.0]
[51, array([ 0.5431, -0.0032]), array([ 0.54394762, -0.0023619 ]), 0.7854, 1.0]
[51, array([ 0.5431, -0.0032]), array([ 0.54409524, -0.0023619 ]), 0.7854, 1.0]
[51, array([ 0.5431, -0.0032]), array([ 0.54424286, -0.0023619 ]), 0.7854, 1.0]
[51, array([ 0.5431, -0.0032]), array([ 0.54439048, -0.0023619 ]), 0.7854, 1.0]
[51, array([ 0.5431, -0.0032]), array([ 0.5445381, -0.0023619]), 0.7854, 1.0]
[51, array([ 0.5431, -0.0032]), array([ 0.54468571, -0.0023619 ]), 0.7854, 1.0]
[51, array([ 0.5431, -0.0032]), array([ 0.54483333, -0.0023619 ]), 0.7854, 1.0]
[51, array([ 0.5431, -0.0032]), array([ 0.54498095, -0.0023619 ]), 0.7854, 1.0]
[51, array([ 0.5431, -0.0032]), array([ 0.54512857, -0.0023619 ]), 0.7854, 1.0]
[51, array([ 0.5431, -0.0032]), array([ 0.54527619, -0.0023619 ]), 0.7854, 1.0]
[51, array([ 0.5431, -0.0032]), array([ 0.54542381, -0.0023619 ]), 0.7854, 1.0]
[51, array([ 0.5431, -0.0032]), array([ 0.54557143, -0.0023619 ]), 0.7854, 1.0]
[51, array([ 0.5431, -0.0032]), array([ 0.54571905, -0.0023619 ]), 0.7854, 1.0]
[51, array([ 0.5431, -0.0032]), array([ 0.54586667, -0.0023619 ]), 0.7854, 1.0]
[51, array([ 0.5431, -0.0032]), array([ 0.54601429, -0.0023619 ]), 0.7854, 1.0]
[51, array([ 0.5431, -0.0032]), array([ 0.5461619, -0.0023619]), 0.7854, 1.0]
[51, array([ 0.5431, -0.0032]), array([ 0.54630952, -0.0023619 ]), 0.7854, 1.0]
[51, array([ 0.5431, -0.0032]), array([ 0.54645714, -0.0023619 ]), 0.7854, 1.0]
[51, array([ 0.5431, -0.0032]), array([ 0.54660476, -0.0023619 ]), 0.7854, 1.0]
[51, array([ 0.5431, -0.0032]), array([ 0.54675238, -0.0023619 ]), 0.7854, 1.0]
[51, array([ 0.5431, -0.0032]), array([ 0.5469   , -0.0023619]), 0.7854, 1.0]
[51, array([ 0.5431, -0.0032]), array([ 0.5438    , -0.00221429]), 0.7854, 1.0]
[51, array([ 0.5431, -0.0032]), array([ 0.54394762, -0.00221429]), 0.7854, 1.0]
[51, array([ 0.5431, -0.0032]), array([ 0.54409524, -0.00221429]), 0.7854, 1.0]
[51, array([ 0.5431, -0.0032]), array([ 0.54424286, -0.00221429]), 0.7854, 1.0]
[51, array([ 0.5431, -0.0032]), array([ 0.54439048, -0.00221429]), 0.7854, 1.0]
[51, array([ 0.5431, -0.0032]), array([ 0.5445381 , -0.00221429]), 0.7854, 1.0]
[51, array([ 0.5431, -0.0032]), array([ 0.54468571, -0.00221429]), 0.7854, 1.0]
[51, array([ 0.5431, -0.0032]), array([ 0.54483333, -0.00221429]), 0.7854, 1.0]
[51, array([ 0.5431, -0.0032]), array([ 0.54498095, -0.00221429]), 0.7854, 1.0]
[51, array([ 0.5431, -0.0032]), array([ 0.54512857, -0.00221429]), 0.7854, 1.0]
[51, array([ 0.5431, -0.0032]), array([ 0.54527619, -0.00221429]), 0.7854, 1.0]
[51, array([ 0.5431, -0.0032]), array([ 0.54542381, -0.00221429]), 0.7854, 1.0]
[51, array([ 0.5431, -0.0032]), array([ 0.54557143, -0.00221429]), 0.7854, 1.0]
[51, array([ 0.5431, -0.0032]), array([ 0.54571905, -0.00221429]), 0.7854, 1.0]
[51, array([ 0.5431, -0.0032]), array([ 0.54586667, -0.00221429]), 0.7854, 1.0]
[51, array([ 0.5431, -0.0032]), array([ 0.54601429, -0.00221429]), 0.7854, 1.0]
[51, array([ 0.5431, -0.0032]), array([ 0.5461619 , -0.00221429]), 0.7854, 1.0]
[51, array([ 0.5431, -0.0032]), array([ 0.54630952, -0.00221429]), 0.7854, 1.0]
[51, array([ 0.5431, -0.0032]), array([ 0.54645714, -0.00221429]), 0.7854, 1.0]
[51, array([ 0.5431, -0.0032]), array([ 0.54660476, -0.00221429]), 0.7854, 1.0]
[51, array([ 0.5431, -0.0032]), array([ 0.54675238, -0.00221429]), 0.7854, 1.0]
[51, array([ 0.5431, -0.0032]), array([ 0.5469    , -0.00221429]), 0.7854, 1.0]
[51, array([ 0.5431, -0.0032]), array([ 0.5438    , -0.00206667]), 0.7854, 1.0]
[51, array([ 0.5431, -0.0032]), array([ 0.54394762, -0.00206667]), 0.7854, 1.0]
[51, array([ 0.5431, -0.0032]), array([ 0.54409524, -0.00206667]), 0.7854, 1.0]
[51, array([ 0.5431, -0.0032]), array([ 0.54424286, -0.00206667]), 0.7854, 1.0]
[51, array([ 0.5431, -0.0032]), array([ 0.54439048, -0.00206667]), 0.7854, 1.0]
[51, array([ 0.5431, -0.0032]), array([ 0.5445381 , -0.00206667]), 0.7854, 1.0]
[51, array([ 0.5431, -0.0032]), array([ 0.54468571, -0.00206667]), 0.7854, 1.0]
[51, array([ 0.5431, -0.0032]), array([ 0.54483333, -0.00206667]), 0.7854, 1.0]
[51, array([ 0.5431, -0.0032]), array([ 0.54498095, -0.00206667]), 0.7854, 1.0]
[51, array([ 0.5431, -0.0032]), array([ 0.54512857, -0.00206667]), 0.7854, 1.0]
[51, array([ 0.5431, -0.0032]), array([ 0.54527619, -0.00206667]), 0.7854, 1.0]
[51, array([ 0.5431, -0.0032]), array([ 0.54542381, -0.00206667]), 0.7854, 1.0]
[51, array([ 0.5431, -0.0032]), array([ 0.54557143, -0.00206667]), 0.7854, 1.0]
[51, array([ 0.5431, -0.0032]), array([ 0.54571905, -0.00206667]), 0.7854, 1.0]
[51, array([ 0.5431, -0.0032]), array([ 0.54586667, -0.00206667]), 0.7854, 1.0]
[51, array([ 0.5431, -0.0032]), array([ 0.54601429, -0.00206667]), 0.7854, 1.0]
[51, array([ 0.5431, -0.0032]), array([ 0.5461619 , -0.00206667]), 0.7854, 1.0]
[51, array([ 0.5431, -0.0032]), array([ 0.54630952, -0.00206667]), 0.7854, 1.0]
[51, array([ 0.5431, -0.0032]), array([ 0.54645714, -0.00206667]), 0.7854, 1.0]
[51, array([ 0.5431, -0.0032]), array([ 0.54660476, -0.00206667]), 0.7854, 1.0]
[51, array([ 0.5431, -0.0032]), array([ 0.54675238, -0.00206667]), 0.7854, 1.0]
[51, array([ 0.5431, -0.0032]), array([ 0.5469    , -0.00206667]), 0.7854, 1.0]
[51, array([ 0.5431, -0.0032]), array([ 0.5438    , -0.00191905]), 0.7854, 1.0]
[51, array([ 0.5431, -0.0032]), array([ 0.54394762, -0.00191905]), 0.7854, 1.0]
[51, array([ 0.5431, -0.0032]), array([ 0.54409524, -0.00191905]), 0.7854, 1.0]
[51, array([ 0.5431, -0.0032]), array([ 0.54424286, -0.00191905]), 0.7854, 1.0]
[51, array([ 0.5431, -0.0032]), array([ 0.54439048, -0.00191905]), 0.7854, 1.0]
[51, array([ 0.5431, -0.0032]), array([ 0.5445381 , -0.00191905]), 0.7854, 1.0]
[51, array([ 0.5431, -0.0032]), array([ 0.54468571, -0.00191905]), 0.7854, 1.0]
[51, array([ 0.5431, -0.0032]), array([ 0.54483333, -0.00191905]), 0.7854, 1.0]
[51, array([ 0.5431, -0.0032]), array([ 0.54498095, -0.00191905]), 0.7854, 1.0]
[51, array([ 0.5431, -0.0032]), array([ 0.54512857, -0.00191905]), 0.7854, 1.0]
[51, array([ 0.5431, -0.0032]), array([ 0.54527619, -0.00191905]), 0.7854, 1.0]
[51, array([ 0.5431, -0.0032]), array([ 0.54542381, -0.00191905]), 0.7854, 1.0]
[51, array([ 0.5431, -0.0032]), array([ 0.54557143, -0.00191905]), 0.7854, 1.0]
[51, array([ 0.5431, -0.0032]), array([ 0.54571905, -0.00191905]), 0.7854, 1.0]
[51, array([ 0.5431, -0.0032]), array([ 0.54586667, -0.00191905]), 0.7854, 1.0]
[51, array([ 0.5431, -0.0032]), array([ 0.54601429, -0.00191905]), 0.7854, 1.0]
[51, array([ 0.5431, -0.0032]), array([ 0.5461619 , -0.00191905]), 0.7854, 1.0]
[51, array([ 0.5431, -0.0032]), array([ 0.54630952, -0.00191905]), 0.7854, 1.0]
[51, array([ 0.5431, -0.0032]), array([ 0.54645714, -0.00191905]), 0.7854, 1.0]
[51, array([ 0.5431, -0.0032]), array([ 0.54660476, -0.00191905]), 0.7854, 1.0]
[51, array([ 0.5431, -0.0032]), array([ 0.54675238, -0.00191905]), 0.7854, 1.0]
[51, array([ 0.5431, -0.0032]), array([ 0.5469    , -0.00191905]), 0.7854, 1.0]
[51, array([ 0.5431, -0.0032]), array([ 0.5438    , -0.00177143]), 0.7854, 1.0]
[51, array([ 0.5431, -0.0032]), array([ 0.54394762, -0.00177143]), 0.7854, 1.0]
[51, array([ 0.5431, -0.0032]), array([ 0.54409524, -0.00177143]), 0.7854, 1.0]
[51, array([ 0.5431, -0.0032]), array([ 0.54424286, -0.00177143]), 0.7854, 1.0]
[51, array([ 0.5431, -0.0032]), array([ 0.54439048, -0.00177143]), 0.7854, 1.0]
[51, array([ 0.5431, -0.0032]), array([ 0.5445381 , -0.00177143]), 0.7854, 1.0]
[51, array([ 0.5431, -0.0032]), array([ 0.54468571, -0.00177143]), 0.7854, 1.0]
[51, array([ 0.5431, -0.0032]), array([ 0.54483333, -0.00177143]), 0.7854, 1.0]
[51, array([ 0.5431, -0.0032]), array([ 0.54498095, -0.00177143]), 0.7854, 1.0]
[51, array([ 0.5431, -0.0032]), array([ 0.54512857, -0.00177143]), 0.7854, 1.0]
[51, array([ 0.5431, -0.0032]), array([ 0.54527619, -0.00177143]), 0.7854, 1.0]
[51, array([ 0.5431, -0.0032]), array([ 0.54542381, -0.00177143]), 0.7854, 1.0]
[51, array([ 0.5431, -0.0032]), array([ 0.54557143, -0.00177143]), 0.7854, 1.0]
[51, array([ 0.5431, -0.0032]), array([ 0.54571905, -0.00177143]), 0.7854, 1.0]
[51, array([ 0.5431, -0.0032]), array([ 0.54586667, -0.00177143]), 0.7854, 1.0]
[51, array([ 0.5431, -0.0032]), array([ 0.54601429, -0.00177143]), 0.7854, 1.0]
[51, array([ 0.5431, -0.0032]), array([ 0.5461619 , -0.00177143]), 0.7854, 1.0]
[51, array([ 0.5431, -0.0032]), array([ 0.54630952, -0.00177143]), 0.7854, 1.0]
[51, array([ 0.5431, -0.0032]), array([ 0.54645714, -0.00177143]), 0.7854, 1.0]
[51, array([ 0.5431, -0.0032]), array([ 0.54660476, -0.00177143]), 0.7854, 1.0]
[51, array([ 0.5431, -0.0032]), array([ 0.54675238, -0.00177143]), 0.7854, 1.0]
[51, array([ 0.5431, -0.0032]), array([ 0.5469    , -0.00177143]), 0.7854, 1.0]
[51, array([ 0.5431, -0.0032]), array([ 0.5438    , -0.00162381]), 0.7854, 1.0]
[51, array([ 0.5431, -0.0032]), array([ 0.54394762, -0.00162381]), 0.7854, 1.0]
[51, array([ 0.5431, -0.0032]), array([ 0.54409524, -0.00162381]), 0.7854, 1.0]
[51, array([ 0.5431, -0.0032]), array([ 0.54424286, -0.00162381]), 0.7854, 1.0]
[51, array([ 0.5431, -0.0032]), array([ 0.54439048, -0.00162381]), 0.7854, 1.0]
[51, array([ 0.5431, -0.0032]), array([ 0.5445381 , -0.00162381]), 0.7854, 1.0]
[51, array([ 0.5431, -0.0032]), array([ 0.54468571, -0.00162381]), 0.7854, 1.0]
[51, array([ 0.5431, -0.0032]), array([ 0.54483333, -0.00162381]), 0.7854, 1.0]
[51, array([ 0.5431, -0.0032]), array([ 0.54498095, -0.00162381]), 0.7854, 1.0]
[51, array([ 0.5431, -0.0032]), array([ 0.54512857, -0.00162381]), 0.7854, 1.0]
[51, array([ 0.5431, -0.0032]), array([ 0.54527619, -0.00162381]), 0.7854, 1.0]
[51, array([ 0.5431, -0.0032]), array([ 0.54542381, -0.00162381]), 0.7854, 1.0]
[51, array([ 0.5431, -0.0032]), array([ 0.54557143, -0.00162381]), 0.7854, 1.0]
[51, array([ 0.5431, -0.0032]), array([ 0.54571905, -0.00162381]), 0.7854, 1.0]
[51, array([ 0.5431, -0.0032]), array([ 0.54586667, -0.00162381]), 0.7854, 1.0]
[51, array([ 0.5431, -0.0032]), array([ 0.54601429, -0.00162381]), 0.7854, 1.0]
[51, array([ 0.5431, -0.0032]), array([ 0.5461619 , -0.00162381]), 0.7854, 1.0]
[51, array([ 0.5431, -0.0032]), array([ 0.54630952, -0.00162381]), 0.7854, 1.0]
[51, array([ 0.5431, -0.0032]), array([ 0.54645714, -0.00162381]), 0.7854, 1.0]
[51, array([ 0.5431, -0.0032]), array([ 0.54660476, -0.00162381]), 0.7854, 1.0]
[51, array([ 0.5431, -0.0032]), array([ 0.54675238, -0.00162381]), 0.7854, 1.0]
[51, array([ 0.5431, -0.0032]), array([ 0.5469    , -0.00162381]), 0.7854, 1.0]
[51, array([ 0.5431, -0.0032]), array([ 0.5438    , -0.00147619]), 0.7854, 1.0]
[51, array([ 0.5431, -0.0032]), array([ 0.54394762, -0.00147619]), 0.7854, 1.0]
[51, array([ 0.5431, -0.0032]), array([ 0.54409524, -0.00147619]), 0.7854, 1.0]
[51, array([ 0.5431, -0.0032]), array([ 0.54424286, -0.00147619]), 0.7854, 1.0]
[51, array([ 0.5431, -0.0032]), array([ 0.54439048, -0.00147619]), 0.7854, 1.0]
[51, array([ 0.5431, -0.0032]), array([ 0.5445381 , -0.00147619]), 0.7854, 1.0]
[51, array([ 0.5431, -0.0032]), array([ 0.54468571, -0.00147619]), 0.7854, 1.0]
[51, array([ 0.5431, -0.0032]), array([ 0.54483333, -0.00147619]), 0.7854, 1.0]
[51, array([ 0.5431, -0.0032]), array([ 0.54498095, -0.00147619]), 0.7854, 1.0]
[51, array([ 0.5431, -0.0032]), array([ 0.54512857, -0.00147619]), 0.7854, 1.0]
[51, array([ 0.5431, -0.0032]), array([ 0.54527619, -0.00147619]), 0.7854, 1.0]
[51, array([ 0.5431, -0.0032]), array([ 0.54542381, -0.00147619]), 0.7854, 1.0]
[51, array([ 0.5431, -0.0032]), array([ 0.54557143, -0.00147619]), 0.7854, 1.0]
[51, array([ 0.5431, -0.0032]), array([ 0.54571905, -0.00147619]), 0.7854, 1.0]
[51, array([ 0.5431, -0.0032]), array([ 0.54586667, -0.00147619]), 0.7854, 1.0]
[51, array([ 0.5431, -0.0032]), array([ 0.54601429, -0.00147619]), 0.7854, 1.0]
[51, array([ 0.5431, -0.0032]), array([ 0.5461619 , -0.00147619]), 0.7854, 1.0]
[51, array([ 0.5431, -0.0032]), array([ 0.54630952, -0.00147619]), 0.7854, 1.0]
[51, array([ 0.5431, -0.0032]), array([ 0.54645714, -0.00147619]), 0.7854, 1.0]
[51, array([ 0.5431, -0.0032]), array([ 0.54660476, -0.00147619]), 0.7854, 1.0]
[51, array([ 0.5431, -0.0032]), array([ 0.54675238, -0.00147619]), 0.7854, 1.0]
[51, array([ 0.5431, -0.0032]), array([ 0.5469    , -0.00147619]), 0.7854, 1.0]
[51, array([ 0.5431, -0.0032]), array([ 0.5438    , -0.00132857]), 0.7854, 1.0]
[51, array([ 0.5431, -0.0032]), array([ 0.54394762, -0.00132857]), 0.7854, 1.0]
[51, array([ 0.5431, -0.0032]), array([ 0.54409524, -0.00132857]), 0.7854, 1.0]
[51, array([ 0.5431, -0.0032]), array([ 0.54424286, -0.00132857]), 0.7854, 1.0]
[51, array([ 0.5431, -0.0032]), array([ 0.54439048, -0.00132857]), 0.7854, 1.0]
[51, array([ 0.5431, -0.0032]), array([ 0.5445381 , -0.00132857]), 0.7854, 1.0]
[51, array([ 0.5431, -0.0032]), array([ 0.54468571, -0.00132857]), 0.7854, 1.0]
[51, array([ 0.5431, -0.0032]), array([ 0.54483333, -0.00132857]), 0.7854, 1.0]
[51, array([ 0.5431, -0.0032]), array([ 0.54498095, -0.00132857]), 0.7854, 1.0]
[51, array([ 0.5431, -0.0032]), array([ 0.54512857, -0.00132857]), 0.7854, 1.0]
[51, array([ 0.5431, -0.0032]), array([ 0.54527619, -0.00132857]), 0.7854, 1.0]
[51, array([ 0.5431, -0.0032]), array([ 0.54542381, -0.00132857]), 0.7854, 1.0]
[51, array([ 0.5431, -0.0032]), array([ 0.54557143, -0.00132857]), 0.7854, 1.0]
[51, array([ 0.5431, -0.0032]), array([ 0.54571905, -0.00132857]), 0.7854, 1.0]
[51, array([ 0.5431, -0.0032]), array([ 0.54586667, -0.00132857]), 0.7854, 1.0]
[51, array([ 0.5431, -0.0032]), array([ 0.54601429, -0.00132857]), 0.7854, 1.0]
[51, array([ 0.5431, -0.0032]), array([ 0.5461619 , -0.00132857]), 0.7854, 1.0]
[51, array([ 0.5431, -0.0032]), array([ 0.54630952, -0.00132857]), 0.7854, 1.0]
[51, array([ 0.5431, -0.0032]), array([ 0.54645714, -0.00132857]), 0.7854, 1.0]
[51, array([ 0.5431, -0.0032]), array([ 0.54660476, -0.00132857]), 0.7854, 1.0]
[51, array([ 0.5431, -0.0032]), array([ 0.54675238, -0.00132857]), 0.7854, 1.0]
[51, array([ 0.5431, -0.0032]), array([ 0.5469    , -0.00132857]), 0.7854, 1.0]
[51, array([ 0.5431, -0.0032]), array([ 0.5438    , -0.00118095]), 0.7854, 1.0]
[51, array([ 0.5431, -0.0032]), array([ 0.54394762, -0.00118095]), 0.7854, 1.0]
[51, array([ 0.5431, -0.0032]), array([ 0.54409524, -0.00118095]), 0.7854, 1.0]
[51, array([ 0.5431, -0.0032]), array([ 0.54424286, -0.00118095]), 0.7854, 1.0]
[51, array([ 0.5431, -0.0032]), array([ 0.54439048, -0.00118095]), 0.7854, 1.0]
[51, array([ 0.5431, -0.0032]), array([ 0.5445381 , -0.00118095]), 0.7854, 1.0]
[51, array([ 0.5431, -0.0032]), array([ 0.54468571, -0.00118095]), 0.7854, 1.0]
[51, array([ 0.5431, -0.0032]), array([ 0.54483333, -0.00118095]), 0.7854, 1.0]
[51, array([ 0.5431, -0.0032]), array([ 0.54498095, -0.00118095]), 0.7854, 1.0]
[51, array([ 0.5431, -0.0032]), array([ 0.54512857, -0.00118095]), 0.7854, 1.0]
[51, array([ 0.5431, -0.0032]), array([ 0.54527619, -0.00118095]), 0.7854, 1.0]
[51, array([ 0.5431, -0.0032]), array([ 0.54542381, -0.00118095]), 0.7854, 1.0]
[51, array([ 0.5431, -0.0032]), array([ 0.54557143, -0.00118095]), 0.7854, 1.0]
[51, array([ 0.5431, -0.0032]), array([ 0.54571905, -0.00118095]), 0.7854, 1.0]
[51, array([ 0.5431, -0.0032]), array([ 0.54586667, -0.00118095]), 0.7854, 1.0]
[51, array([ 0.5431, -0.0032]), array([ 0.54601429, -0.00118095]), 0.7854, 1.0]
[51, array([ 0.5431, -0.0032]), array([ 0.5461619 , -0.00118095]), 0.7854, 1.0]
[51, array([ 0.5431, -0.0032]), array([ 0.54630952, -0.00118095]), 0.7854, 1.0]
[51, array([ 0.5431, -0.0032]), array([ 0.54645714, -0.00118095]), 0.7854, 1.0]
[51, array([ 0.5431, -0.0032]), array([ 0.54660476, -0.00118095]), 0.7854, 1.0]
[51, array([ 0.5431, -0.0032]), array([ 0.54675238, -0.00118095]), 0.7854, 1.0]
[51, array([ 0.5431, -0.0032]), array([ 0.5469    , -0.00118095]), 0.7854, 1.0]
[51, array([ 0.5431, -0.0032]), array([ 0.5438    , -0.00103333]), 0.7854, 1.0]
[51, array([ 0.5431, -0.0032]), array([ 0.54394762, -0.00103333]), 0.7854, 1.0]
[51, array([ 0.5431, -0.0032]), array([ 0.54409524, -0.00103333]), 0.7854, 1.0]
[51, array([ 0.5431, -0.0032]), array([ 0.54424286, -0.00103333]), 0.7854, 1.0]
[51, array([ 0.5431, -0.0032]), array([ 0.54439048, -0.00103333]), 0.7854, 1.0]
[51, array([ 0.5431, -0.0032]), array([ 0.5445381 , -0.00103333]), 0.7854, 1.0]
[51, array([ 0.5431, -0.0032]), array([ 0.54468571, -0.00103333]), 0.7854, 1.0]
[51, array([ 0.5431, -0.0032]), array([ 0.54483333, -0.00103333]), 0.7854, 1.0]
[51, array([ 0.5431, -0.0032]), array([ 0.54498095, -0.00103333]), 0.7854, 1.0]
[51, array([ 0.5431, -0.0032]), array([ 0.54512857, -0.00103333]), 0.7854, 1.0]
[51, array([ 0.5431, -0.0032]), array([ 0.54527619, -0.00103333]), 0.7854, 1.0]
[51, array([ 0.5431, -0.0032]), array([ 0.54542381, -0.00103333]), 0.7854, 1.0]
[51, array([ 0.5431, -0.0032]), array([ 0.54557143, -0.00103333]), 0.7854, 1.0]
[51, array([ 0.5431, -0.0032]), array([ 0.54571905, -0.00103333]), 0.7854, 1.0]
[51, array([ 0.5431, -0.0032]), array([ 0.54586667, -0.00103333]), 0.7854, 1.0]
[51, array([ 0.5431, -0.0032]), array([ 0.54601429, -0.00103333]), 0.7854, 1.0]
[51, array([ 0.5431, -0.0032]), array([ 0.5461619 , -0.00103333]), 0.7854, 1.0]
[51, array([ 0.5431, -0.0032]), array([ 0.54630952, -0.00103333]), 0.7854, 1.0]
[51, array([ 0.5431, -0.0032]), array([ 0.54645714, -0.00103333]), 0.7854, 1.0]
[51, array([ 0.5431, -0.0032]), array([ 0.54660476, -0.00103333]), 0.7854, 1.0]
[51, array([ 0.5431, -0.0032]), array([ 0.54675238, -0.00103333]), 0.7854, 1.0]
[51, array([ 0.5431, -0.0032]), array([ 0.5469    , -0.00103333]), 0.7854, 1.0]
[51, array([ 0.5431, -0.0032]), array([ 0.5438    , -0.00088571]), 0.7854, 1.0]
[51, array([ 0.5431, -0.0032]), array([ 0.54394762, -0.00088571]), 0.7854, 1.0]
[51, array([ 0.5431, -0.0032]), array([ 0.54409524, -0.00088571]), 0.7854, 1.0]
[51, array([ 0.5431, -0.0032]), array([ 0.54424286, -0.00088571]), 0.7854, 1.0]
[51, array([ 0.5431, -0.0032]), array([ 0.54439048, -0.00088571]), 0.7854, 1.0]
[51, array([ 0.5431, -0.0032]), array([ 0.5445381 , -0.00088571]), 0.7854, 1.0]
[51, array([ 0.5431, -0.0032]), array([ 0.54468571, -0.00088571]), 0.7854, 1.0]
[51, array([ 0.5431, -0.0032]), array([ 0.54483333, -0.00088571]), 0.7854, 1.0]
[51, array([ 0.5431, -0.0032]), array([ 0.54498095, -0.00088571]), 0.7854, 1.0]
[51, array([ 0.5431, -0.0032]), array([ 0.54512857, -0.00088571]), 0.7854, 1.0]
[51, array([ 0.5431, -0.0032]), array([ 0.54527619, -0.00088571]), 0.7854, 1.0]
[51, array([ 0.5431, -0.0032]), array([ 0.54542381, -0.00088571]), 0.7854, 1.0]
[51, array([ 0.5431, -0.0032]), array([ 0.54557143, -0.00088571]), 0.7854, 1.0]
[51, array([ 0.5431, -0.0032]), array([ 0.54571905, -0.00088571]), 0.7854, 1.0]
[51, array([ 0.5431, -0.0032]), array([ 0.54586667, -0.00088571]), 0.7854, 1.0]
[51, array([ 0.5431, -0.0032]), array([ 0.54601429, -0.00088571]), 0.7854, 1.0]
[51, array([ 0.5431, -0.0032]), array([ 0.5461619 , -0.00088571]), 0.7854, 1.0]
[51, array([ 0.5431, -0.0032]), array([ 0.54630952, -0.00088571]), 0.7854, 1.0]
[51, array([ 0.5431, -0.0032]), array([ 0.54645714, -0.00088571]), 0.7854, 1.0]
[51, array([ 0.5431, -0.0032]), array([ 0.54660476, -0.00088571]), 0.7854, 1.0]
[51, array([ 0.5431, -0.0032]), array([ 0.54675238, -0.00088571]), 0.7854, 1.0]
[51, array([ 0.5431, -0.0032]), array([ 0.5469    , -0.00088571]), 0.7854, 1.0]
[51, array([ 0.5431, -0.0032]), array([ 0.5438   , -0.0007381]), 0.7854, 1.0]
[51, array([ 0.5431, -0.0032]), array([ 0.54394762, -0.0007381 ]), 0.7854, 1.0]
[51, array([ 0.5431, -0.0032]), array([ 0.54409524, -0.0007381 ]), 0.7854, 1.0]
[51, array([ 0.5431, -0.0032]), array([ 0.54424286, -0.0007381 ]), 0.7854, 1.0]
[51, array([ 0.5431, -0.0032]), array([ 0.54439048, -0.0007381 ]), 0.7854, 1.0]
[51, array([ 0.5431, -0.0032]), array([ 0.5445381, -0.0007381]), 0.7854, 1.0]
[51, array([ 0.5431, -0.0032]), array([ 0.54468571, -0.0007381 ]), 0.7854, 1.0]
[51, array([ 0.5431, -0.0032]), array([ 0.54483333, -0.0007381 ]), 0.7854, 1.0]
[51, array([ 0.5431, -0.0032]), array([ 0.54498095, -0.0007381 ]), 0.7854, 1.0]
[51, array([ 0.5431, -0.0032]), array([ 0.54512857, -0.0007381 ]), 0.7854, 1.0]
[51, array([ 0.5431, -0.0032]), array([ 0.54527619, -0.0007381 ]), 0.7854, 1.0]
[51, array([ 0.5431, -0.0032]), array([ 0.54542381, -0.0007381 ]), 0.7854, 1.0]
[51, array([ 0.5431, -0.0032]), array([ 0.54557143, -0.0007381 ]), 0.7854, 1.0]
[51, array([ 0.5431, -0.0032]), array([ 0.54571905, -0.0007381 ]), 0.7854, 1.0]
[51, array([ 0.5431, -0.0032]), array([ 0.54586667, -0.0007381 ]), 0.7854, 1.0]
[51, array([ 0.5431, -0.0032]), array([ 0.54601429, -0.0007381 ]), 0.7854, 1.0]
[51, array([ 0.5431, -0.0032]), array([ 0.5461619, -0.0007381]), 0.7854, 1.0]
[51, array([ 0.5431, -0.0032]), array([ 0.54630952, -0.0007381 ]), 0.7854, 1.0]
[51, array([ 0.5431, -0.0032]), array([ 0.54645714, -0.0007381 ]), 0.7854, 1.0]
[51, array([ 0.5431, -0.0032]), array([ 0.54660476, -0.0007381 ]), 0.7854, 1.0]
[51, array([ 0.5431, -0.0032]), array([ 0.54675238, -0.0007381 ]), 0.7854, 1.0]
[51, array([ 0.5431, -0.0032]), array([ 0.5469   , -0.0007381]), 0.7854, 1.0]
[51, array([ 0.5431, -0.0032]), array([ 0.5438    , -0.00059048]), 0.7854, 1.0]
[51, array([ 0.5431, -0.0032]), array([ 0.54394762, -0.00059048]), 0.7854, 1.0]
[51, array([ 0.5431, -0.0032]), array([ 0.54409524, -0.00059048]), 0.7854, 1.0]
[51, array([ 0.5431, -0.0032]), array([ 0.54424286, -0.00059048]), 0.7854, 1.0]
[51, array([ 0.5431, -0.0032]), array([ 0.54439048, -0.00059048]), 0.7854, 1.0]
[51, array([ 0.5431, -0.0032]), array([ 0.5445381 , -0.00059048]), 0.7854, 1.0]
[51, array([ 0.5431, -0.0032]), array([ 0.54468571, -0.00059048]), 0.7854, 1.0]
[51, array([ 0.5431, -0.0032]), array([ 0.54483333, -0.00059048]), 0.7854, 1.0]
[51, array([ 0.5431, -0.0032]), array([ 0.54498095, -0.00059048]), 0.7854, 1.0]
[51, array([ 0.5431, -0.0032]), array([ 0.54512857, -0.00059048]), 0.7854, 1.0]
[51, array([ 0.5431, -0.0032]), array([ 0.54527619, -0.00059048]), 0.7854, 1.0]
[51, array([ 0.5431, -0.0032]), array([ 0.54542381, -0.00059048]), 0.7854, 1.0]
[51, array([ 0.5431, -0.0032]), array([ 0.54557143, -0.00059048]), 0.7854, 1.0]
[51, array([ 0.5431, -0.0032]), array([ 0.54571905, -0.00059048]), 0.7854, 1.0]
[51, array([ 0.5431, -0.0032]), array([ 0.54586667, -0.00059048]), 0.7854, 1.0]
[51, array([ 0.5431, -0.0032]), array([ 0.54601429, -0.00059048]), 0.7854, 1.0]
[51, array([ 0.5431, -0.0032]), array([ 0.5461619 , -0.00059048]), 0.7854, 1.0]
[51, array([ 0.5431, -0.0032]), array([ 0.54630952, -0.00059048]), 0.7854, 1.0]
[51, array([ 0.5431, -0.0032]), array([ 0.54645714, -0.00059048]), 0.7854, 1.0]
[51, array([ 0.5431, -0.0032]), array([ 0.54660476, -0.00059048]), 0.7854, 1.0]
[51, array([ 0.5431, -0.0032]), array([ 0.54675238, -0.00059048]), 0.7854, 1.0]
[51, array([ 0.5431, -0.0032]), array([ 0.5469    , -0.00059048]), 0.7854, 1.0]
[51, array([ 0.5431, -0.0032]), array([ 5.43800000e-01, -4.42857143e-04]), 0.7854, 1.0]
[51, array([ 0.5431, -0.0032]), array([ 5.43947619e-01, -4.42857143e-04]), 0.7854, 1.0]
[51, array([ 0.5431, -0.0032]), array([ 5.44095238e-01, -4.42857143e-04]), 0.7854, 1.0]
[51, array([ 0.5431, -0.0032]), array([ 5.44242857e-01, -4.42857143e-04]), 0.7854, 1.0]
[51, array([ 0.5431, -0.0032]), array([ 5.44390476e-01, -4.42857143e-04]), 0.7854, 1.0]
[51, array([ 0.5431, -0.0032]), array([ 5.44538095e-01, -4.42857143e-04]), 0.7854, 1.0]
[51, array([ 0.5431, -0.0032]), array([ 5.44685714e-01, -4.42857143e-04]), 0.7854, 1.0]
[51, array([ 0.5431, -0.0032]), array([ 5.44833333e-01, -4.42857143e-04]), 0.7854, 1.0]
[51, array([ 0.5431, -0.0032]), array([ 5.44980952e-01, -4.42857143e-04]), 0.7854, 1.0]
[51, array([ 0.5431, -0.0032]), array([ 5.45128571e-01, -4.42857143e-04]), 0.7854, 1.0]
[51, array([ 0.5431, -0.0032]), array([ 5.45276190e-01, -4.42857143e-04]), 0.7854, 1.0]
[51, array([ 0.5431, -0.0032]), array([ 5.45423810e-01, -4.42857143e-04]), 0.7854, 1.0]
[51, array([ 0.5431, -0.0032]), array([ 5.45571429e-01, -4.42857143e-04]), 0.7854, 1.0]
[51, array([ 0.5431, -0.0032]), array([ 5.45719048e-01, -4.42857143e-04]), 0.7854, 1.0]
[51, array([ 0.5431, -0.0032]), array([ 5.45866667e-01, -4.42857143e-04]), 0.7854, 1.0]
[51, array([ 0.5431, -0.0032]), array([ 5.46014286e-01, -4.42857143e-04]), 0.7854, 1.0]
[51, array([ 0.5431, -0.0032]), array([ 5.46161905e-01, -4.42857143e-04]), 0.7854, 1.0]
[51, array([ 0.5431, -0.0032]), array([ 5.46309524e-01, -4.42857143e-04]), 0.7854, 1.0]
[51, array([ 0.5431, -0.0032]), array([ 5.46457143e-01, -4.42857143e-04]), 0.7854, 1.0]
[51, array([ 0.5431, -0.0032]), array([ 5.46604762e-01, -4.42857143e-04]), 0.7854, 1.0]
[51, array([ 0.5431, -0.0032]), array([ 5.46752381e-01, -4.42857143e-04]), 0.7854, 1.0]
[51, array([ 0.5431, -0.0032]), array([ 5.46900000e-01, -4.42857143e-04]), 0.7854, 1.0]
[51, array([ 0.5431, -0.0032]), array([ 5.43800000e-01, -2.95238095e-04]), 0.7854, 1.0]
[51, array([ 0.5431, -0.0032]), array([ 5.43947619e-01, -2.95238095e-04]), 0.7854, 1.0]
[51, array([ 0.5431, -0.0032]), array([ 5.44095238e-01, -2.95238095e-04]), 0.7854, 1.0]
[51, array([ 0.5431, -0.0032]), array([ 5.44242857e-01, -2.95238095e-04]), 0.7854, 1.0]
[51, array([ 0.5431, -0.0032]), array([ 5.44390476e-01, -2.95238095e-04]), 0.7854, 1.0]
[51, array([ 0.5431, -0.0032]), array([ 5.44538095e-01, -2.95238095e-04]), 0.7854, 1.0]
[51, array([ 0.5431, -0.0032]), array([ 5.44685714e-01, -2.95238095e-04]), 0.7854, 1.0]
[51, array([ 0.5431, -0.0032]), array([ 5.44833333e-01, -2.95238095e-04]), 0.7854, 1.0]
[51, array([ 0.5431, -0.0032]), array([ 5.44980952e-01, -2.95238095e-04]), 0.7854, 1.0]
[51, array([ 0.5431, -0.0032]), array([ 5.45128571e-01, -2.95238095e-04]), 0.7854, 1.0]
[51, array([ 0.5431, -0.0032]), array([ 5.45276190e-01, -2.95238095e-04]), 0.7854, 1.0]
[51, array([ 0.5431, -0.0032]), array([ 5.45423810e-01, -2.95238095e-04]), 0.7854, 1.0]
[51, array([ 0.5431, -0.0032]), array([ 5.45571429e-01, -2.95238095e-04]), 0.7854, 1.0]
[51, array([ 0.5431, -0.0032]), array([ 5.45719048e-01, -2.95238095e-04]), 0.7854, 1.0]
[51, array([ 0.5431, -0.0032]), array([ 5.45866667e-01, -2.95238095e-04]), 0.7854, 1.0]
[51, array([ 0.5431, -0.0032]), array([ 5.46014286e-01, -2.95238095e-04]), 0.7854, 1.0]
[51, array([ 0.5431, -0.0032]), array([ 5.46161905e-01, -2.95238095e-04]), 0.7854, 1.0]
[51, array([ 0.5431, -0.0032]), array([ 5.46309524e-01, -2.95238095e-04]), 0.7854, 1.0]
[51, array([ 0.5431, -0.0032]), array([ 5.46457143e-01, -2.95238095e-04]), 0.7854, 1.0]
[51, array([ 0.5431, -0.0032]), array([ 5.46604762e-01, -2.95238095e-04]), 0.7854, 1.0]
[51, array([ 0.5431, -0.0032]), array([ 5.46752381e-01, -2.95238095e-04]), 0.7854, 1.0]
[51, array([ 0.5431, -0.0032]), array([ 5.46900000e-01, -2.95238095e-04]), 0.7854, 1.0]
[51, array([ 0.5431, -0.0032]), array([ 5.43800000e-01, -1.47619048e-04]), 0.7854, 1.0]
[51, array([ 0.5431, -0.0032]), array([ 5.43947619e-01, -1.47619048e-04]), 0.7854, 1.0]
[51, array([ 0.5431, -0.0032]), array([ 5.44095238e-01, -1.47619048e-04]), 0.7854, 1.0]
[51, array([ 0.5431, -0.0032]), array([ 5.44242857e-01, -1.47619048e-04]), 0.7854, 1.0]
[51, array([ 0.5431, -0.0032]), array([ 5.44390476e-01, -1.47619048e-04]), 0.7854, 1.0]
[51, array([ 0.5431, -0.0032]), array([ 5.44538095e-01, -1.47619048e-04]), 0.7854, 1.0]
[51, array([ 0.5431, -0.0032]), array([ 5.44685714e-01, -1.47619048e-04]), 0.7854, 1.0]
[51, array([ 0.5431, -0.0032]), array([ 5.44833333e-01, -1.47619048e-04]), 0.7854, 1.0]
[51, array([ 0.5431, -0.0032]), array([ 5.44980952e-01, -1.47619048e-04]), 0.7854, 1.0]
[51, array([ 0.5431, -0.0032]), array([ 5.45128571e-01, -1.47619048e-04]), 0.7854, 1.0]
[51, array([ 0.5431, -0.0032]), array([ 5.45276190e-01, -1.47619048e-04]), 0.7854, 1.0]
[51, array([ 0.5431, -0.0032]), array([ 5.45423810e-01, -1.47619048e-04]), 0.7854, 1.0]
[51, array([ 0.5431, -0.0032]), array([ 5.45571429e-01, -1.47619048e-04]), 0.7854, 1.0]
[51, array([ 0.5431, -0.0032]), array([ 5.45719048e-01, -1.47619048e-04]), 0.7854, 1.0]
[51, array([ 0.5431, -0.0032]), array([ 5.45866667e-01, -1.47619048e-04]), 0.7854, 1.0]
[51, array([ 0.5431, -0.0032]), array([ 5.46014286e-01, -1.47619048e-04]), 0.7854, 1.0]
[51, array([ 0.5431, -0.0032]), array([ 5.46161905e-01, -1.47619048e-04]), 0.7854, 1.0]
[51, array([ 0.5431, -0.0032]), array([ 5.46309524e-01, -1.47619048e-04]), 0.7854, 1.0]
[51, array([ 0.5431, -0.0032]), array([ 5.46457143e-01, -1.47619048e-04]), 0.7854, 1.0]
[51, array([ 0.5431, -0.0032]), array([ 5.46604762e-01, -1.47619048e-04]), 0.7854, 1.0]
[51, array([ 0.5431, -0.0032]), array([ 5.46752381e-01, -1.47619048e-04]), 0.7854, 1.0]
[51, array([ 0.5431, -0.0032]), array([ 5.46900000e-01, -1.47619048e-04]), 0.7854, 1.0]
[51, array([ 0.5431, -0.0032]), array([5.4380000e-01, 5.1391183e-17]), 0.7854, 1.0]
[51, array([ 0.5431, -0.0032]), array([5.43947619e-01, 5.13911830e-17]), 0.7854, 1.0]
[51, array([ 0.5431, -0.0032]), array([5.44095238e-01, 5.13911830e-17]), 0.7854, 1.0]
[51, array([ 0.5431, -0.0032]), array([5.44242857e-01, 5.13911830e-17]), 0.7854, 1.0]
[51, array([ 0.5431, -0.0032]), array([5.44390476e-01, 5.13911830e-17]), 0.7854, 1.0]
[51, array([ 0.5431, -0.0032]), array([5.44538095e-01, 5.13911830e-17]), 0.7854, 1.0]
[51, array([ 0.5431, -0.0032]), array([5.44685714e-01, 5.13911830e-17]), 0.7854, 1.0]
[51, array([ 0.5431, -0.0032]), array([5.44833333e-01, 5.13911830e-17]), 0.7854, 1.0]
[51, array([ 0.5431, -0.0032]), array([5.44980952e-01, 5.13911830e-17]), 0.7854, 1.0]
[51, array([ 0.5431, -0.0032]), array([5.45128571e-01, 5.13911830e-17]), 0.7854, 1.0]
[51, array([ 0.5431, -0.0032]), array([5.4527619e-01, 5.1391183e-17]), 0.7854, 1.0]
[51, array([ 0.5431, -0.0032]), array([5.4542381e-01, 5.1391183e-17]), 0.7854, 1.0]
[51, array([ 0.5431, -0.0032]), array([5.45571429e-01, 5.13911830e-17]), 0.7854, 1.0]
[51, array([ 0.5431, -0.0032]), array([5.45719048e-01, 5.13911830e-17]), 0.7854, 1.0]
[51, array([ 0.5431, -0.0032]), array([5.45866667e-01, 5.13911830e-17]), 0.7854, 1.0]
[51, array([ 0.5431, -0.0032]), array([5.46014286e-01, 5.13911830e-17]), 0.7854, 1.0]
[51, array([ 0.5431, -0.0032]), array([5.46161905e-01, 5.13911830e-17]), 0.7854, 1.0]
[51, array([ 0.5431, -0.0032]), array([5.46309524e-01, 5.13911830e-17]), 0.7854, 1.0]
[51, array([ 0.5431, -0.0032]), array([5.46457143e-01, 5.13911830e-17]), 0.7854, 1.0]
[51, array([ 0.5431, -0.0032]), array([5.46604762e-01, 5.13911830e-17]), 0.7854, 1.0]
[51, array([ 0.5431, -0.0032]), array([5.46752381e-01, 5.13911830e-17]), 0.7854, 1.0]
[51, array([ 0.5431, -0.0032]), array([5.4690000e-01, 5.1391183e-17]), 0.7854, 1.0]
[20, array([0.5212, 0.0222]), array([0.50935, 0.0187 ]), 0.7854, 1.0]
[20, array([0.5212, 0.0222]), array([0.50950238, 0.0187    ]), 0.7854, 0.0]
[20, array([0.5212, 0.0222]), array([0.50965476, 0.0187    ]), 0.7854, 1.0]
[20, array([0.5212, 0.0222]), array([0.50980714, 0.0187    ]), 0.7854, 1.0]
[20, array([0.5212, 0.0222]), array([0.50995952, 0.0187    ]), 0.7854, 1.0]
[20, array([0.5212, 0.0222]), array([0.5101119, 0.0187   ]), 0.7854, 1.0]
[20, array([0.5212, 0.0222]), array([0.51026429, 0.0187    ]), 0.7854, 0.0]
[20, array([0.5212, 0.0222]), array([0.51041667, 0.0187    ]), 0.7854, 0.0]
[20, array([0.5212, 0.0222]), array([0.51056905, 0.0187    ]), 0.7854, 0.0]
[20, array([0.5212, 0.0222]), array([0.51072143, 0.0187    ]), 0.7854, 0.0]
[20, array([0.5212, 0.0222]), array([0.51087381, 0.0187    ]), 0.7854, 0.0]
[20, array([0.5212, 0.0222]), array([0.51102619, 0.0187    ]), 0.7854, 0.0]
[20, array([0.5212, 0.0222]), array([0.51117857, 0.0187    ]), 0.7854, 0.0]
[20, array([0.5212, 0.0222]), array([0.51133095, 0.0187    ]), 0.7854, 0.0]
[20, array([0.5212, 0.0222]), array([0.51148333, 0.0187    ]), 0.7854, 0.0]
[20, array([0.5212, 0.0222]), array([0.51163571, 0.0187    ]), 0.7854, 0.0]
[20, array([0.5212, 0.0222]), array([0.5117881, 0.0187   ]), 0.7854, 1.0]
[20, array([0.5212, 0.0222]), array([0.51194048, 0.0187    ]), 0.7854, 1.0]
[20, array([0.5212, 0.0222]), array([0.51209286, 0.0187    ]), 0.7854, 1.0]
[20, array([0.5212, 0.0222]), array([0.51224524, 0.0187    ]), 0.7854, 1.0]
[20, array([0.5212, 0.0222]), array([0.51239762, 0.0187    ]), 0.7854, 0.0]
[20, array([0.5212, 0.0222]), array([0.51255, 0.0187 ]), 0.7854, 0.0]
[20, array([0.5212, 0.0222]), array([0.50935   , 0.01885238]), 0.7854, 1.0]
[20, array([0.5212, 0.0222]), array([0.50950238, 0.01885238]), 0.7854, 0.0]
[20, array([0.5212, 0.0222]), array([0.50965476, 0.01885238]), 0.7854, 1.0]
[20, array([0.5212, 0.0222]), array([0.50980714, 0.01885238]), 0.7854, 1.0]
[20, array([0.5212, 0.0222]), array([0.50995952, 0.01885238]), 0.7854, 1.0]
[20, array([0.5212, 0.0222]), array([0.5101119 , 0.01885238]), 0.7854, 1.0]
[20, array([0.5212, 0.0222]), array([0.51026429, 0.01885238]), 0.7854, 0.0]
[20, array([0.5212, 0.0222]), array([0.51041667, 0.01885238]), 0.7854, 0.0]
[20, array([0.5212, 0.0222]), array([0.51056905, 0.01885238]), 0.7854, 0.0]
[20, array([0.5212, 0.0222]), array([0.51072143, 0.01885238]), 0.7854, 0.0]
[20, array([0.5212, 0.0222]), array([0.51087381, 0.01885238]), 0.7854, 0.0]
[20, array([0.5212, 0.0222]), array([0.51102619, 0.01885238]), 0.7854, 0.0]
[20, array([0.5212, 0.0222]), array([0.51117857, 0.01885238]), 0.7854, 0.0]
[20, array([0.5212, 0.0222]), array([0.51133095, 0.01885238]), 0.7854, 0.0]
[20, array([0.5212, 0.0222]), array([0.51148333, 0.01885238]), 0.7854, 0.0]
[20, array([0.5212, 0.0222]), array([0.51163571, 0.01885238]), 0.7854, 0.0]
[20, array([0.5212, 0.0222]), array([0.5117881 , 0.01885238]), 0.7854, 0.0]
[20, array([0.5212, 0.0222]), array([0.51194048, 0.01885238]), 0.7854, 1.0]
[20, array([0.5212, 0.0222]), array([0.51209286, 0.01885238]), 0.7854, 1.0]
[20, array([0.5212, 0.0222]), array([0.51224524, 0.01885238]), 0.7854, 1.0]
[20, array([0.5212, 0.0222]), array([0.51239762, 0.01885238]), 0.7854, 0.0]
[20, array([0.5212, 0.0222]), array([0.51255   , 0.01885238]), 0.7854, 0.0]
[20, array([0.5212, 0.0222]), array([0.50935   , 0.01900476]), 0.7854, 1.0]
[20, array([0.5212, 0.0222]), array([0.50950238, 0.01900476]), 0.7854, 1.0]
[20, array([0.5212, 0.0222]), array([0.50965476, 0.01900476]), 0.7854, 0.0]
[20, array([0.5212, 0.0222]), array([0.50980714, 0.01900476]), 0.7854, 1.0]
[20, array([0.5212, 0.0222]), array([0.50995952, 0.01900476]), 0.7854, 1.0]
[20, array([0.5212, 0.0222]), array([0.5101119 , 0.01900476]), 0.7854, 1.0]
[20, array([0.5212, 0.0222]), array([0.51026429, 0.01900476]), 0.7854, 0.0]
[20, array([0.5212, 0.0222]), array([0.51041667, 0.01900476]), 0.7854, 0.0]
[20, array([0.5212, 0.0222]), array([0.51056905, 0.01900476]), 0.7854, 0.0]
[20, array([0.5212, 0.0222]), array([0.51072143, 0.01900476]), 0.7854, 0.0]
[20, array([0.5212, 0.0222]), array([0.51087381, 0.01900476]), 0.7854, 0.0]
[20, array([0.5212, 0.0222]), array([0.51102619, 0.01900476]), 0.7854, 0.0]
[20, array([0.5212, 0.0222]), array([0.51117857, 0.01900476]), 0.7854, 0.0]
[20, array([0.5212, 0.0222]), array([0.51133095, 0.01900476]), 0.7854, 0.0]
[20, array([0.5212, 0.0222]), array([0.51148333, 0.01900476]), 0.7854, 0.0]
[20, array([0.5212, 0.0222]), array([0.51163571, 0.01900476]), 0.7854, 0.0]
[20, array([0.5212, 0.0222]), array([0.5117881 , 0.01900476]), 0.7854, 0.0]
[20, array([0.5212, 0.0222]), array([0.51194048, 0.01900476]), 0.7854, 0.0]
[20, array([0.5212, 0.0222]), array([0.51209286, 0.01900476]), 0.7854, 1.0]
[20, array([0.5212, 0.0222]), array([0.51224524, 0.01900476]), 0.7854, 1.0]
[20, array([0.5212, 0.0222]), array([0.51239762, 0.01900476]), 0.7854, 0.0]
[20, array([0.5212, 0.0222]), array([0.51255   , 0.01900476]), 0.7854, 0.0]
[20, array([0.5212, 0.0222]), array([0.50935   , 0.01915714]), 0.7854, 1.0]
[20, array([0.5212, 0.0222]), array([0.50950238, 0.01915714]), 0.7854, 1.0]
[20, array([0.5212, 0.0222]), array([0.50965476, 0.01915714]), 0.7854, 1.0]
[20, array([0.5212, 0.0222]), array([0.50980714, 0.01915714]), 0.7854, 1.0]
[20, array([0.5212, 0.0222]), array([0.50995952, 0.01915714]), 0.7854, 1.0]
[20, array([0.5212, 0.0222]), array([0.5101119 , 0.01915714]), 0.7854, 1.0]
[20, array([0.5212, 0.0222]), array([0.51026429, 0.01915714]), 0.7854, 1.0]
[20, array([0.5212, 0.0222]), array([0.51041667, 0.01915714]), 0.7854, 0.0]
[20, array([0.5212, 0.0222]), array([0.51056905, 0.01915714]), 0.7854, 0.0]
[20, array([0.5212, 0.0222]), array([0.51072143, 0.01915714]), 0.7854, 0.0]
[20, array([0.5212, 0.0222]), array([0.51087381, 0.01915714]), 0.7854, 0.0]
[20, array([0.5212, 0.0222]), array([0.51102619, 0.01915714]), 0.7854, 0.0]
[20, array([0.5212, 0.0222]), array([0.51117857, 0.01915714]), 0.7854, 0.0]
[20, array([0.5212, 0.0222]), array([0.51133095, 0.01915714]), 0.7854, 0.0]
[20, array([0.5212, 0.0222]), array([0.51148333, 0.01915714]), 0.7854, 0.0]
[20, array([0.5212, 0.0222]), array([0.51163571, 0.01915714]), 0.7854, 0.0]
[20, array([0.5212, 0.0222]), array([0.5117881 , 0.01915714]), 0.7854, 0.0]
[20, array([0.5212, 0.0222]), array([0.51194048, 0.01915714]), 0.7854, 0.0]
[20, array([0.5212, 0.0222]), array([0.51209286, 0.01915714]), 0.7854, 0.0]
[20, array([0.5212, 0.0222]), array([0.51224524, 0.01915714]), 0.7854, 1.0]
[20, array([0.5212, 0.0222]), array([0.51239762, 0.01915714]), 0.7854, 1.0]
[20, array([0.5212, 0.0222]), array([0.51255   , 0.01915714]), 0.7854, 0.0]
[20, array([0.5212, 0.0222]), array([0.50935   , 0.01930952]), 0.7854, 0.0]
[20, array([0.5212, 0.0222]), array([0.50950238, 0.01930952]), 0.7854, 1.0]
[20, array([0.5212, 0.0222]), array([0.50965476, 0.01930952]), 0.7854, 1.0]
[20, array([0.5212, 0.0222]), array([0.50980714, 0.01930952]), 0.7854, 1.0]
[20, array([0.5212, 0.0222]), array([0.50995952, 0.01930952]), 0.7854, 1.0]
[20, array([0.5212, 0.0222]), array([0.5101119 , 0.01930952]), 0.7854, 1.0]
[20, array([0.5212, 0.0222]), array([0.51026429, 0.01930952]), 0.7854, 1.0]
[20, array([0.5212, 0.0222]), array([0.51041667, 0.01930952]), 0.7854, 1.0]
[20, array([0.5212, 0.0222]), array([0.51056905, 0.01930952]), 0.7854, 0.0]
[20, array([0.5212, 0.0222]), array([0.51072143, 0.01930952]), 0.7854, 0.0]
[20, array([0.5212, 0.0222]), array([0.51087381, 0.01930952]), 0.7854, 0.0]
[20, array([0.5212, 0.0222]), array([0.51102619, 0.01930952]), 0.7854, 0.0]
[20, array([0.5212, 0.0222]), array([0.51117857, 0.01930952]), 0.7854, 0.0]
[20, array([0.5212, 0.0222]), array([0.51133095, 0.01930952]), 0.7854, 0.0]
[20, array([0.5212, 0.0222]), array([0.51148333, 0.01930952]), 0.7854, 0.0]
[20, array([0.5212, 0.0222]), array([0.51163571, 0.01930952]), 0.7854, 0.0]
[20, array([0.5212, 0.0222]), array([0.5117881 , 0.01930952]), 0.7854, 0.0]
[20, array([0.5212, 0.0222]), array([0.51194048, 0.01930952]), 0.7854, 0.0]
[20, array([0.5212, 0.0222]), array([0.51209286, 0.01930952]), 0.7854, 0.0]
[20, array([0.5212, 0.0222]), array([0.51224524, 0.01930952]), 0.7854, 1.0]
[20, array([0.5212, 0.0222]), array([0.51239762, 0.01930952]), 0.7854, 1.0]
[20, array([0.5212, 0.0222]), array([0.51255   , 0.01930952]), 0.7854, 0.0]
[20, array([0.5212, 0.0222]), array([0.50935  , 0.0194619]), 0.7854, 0.0]
[20, array([0.5212, 0.0222]), array([0.50950238, 0.0194619 ]), 0.7854, 1.0]
[20, array([0.5212, 0.0222]), array([0.50965476, 0.0194619 ]), 0.7854, 1.0]
[20, array([0.5212, 0.0222]), array([0.50980714, 0.0194619 ]), 0.7854, 0.0]
[20, array([0.5212, 0.0222]), array([0.50995952, 0.0194619 ]), 0.7854, 1.0]
[20, array([0.5212, 0.0222]), array([0.5101119, 0.0194619]), 0.7854, 1.0]
[20, array([0.5212, 0.0222]), array([0.51026429, 0.0194619 ]), 0.7854, 1.0]
[20, array([0.5212, 0.0222]), array([0.51041667, 0.0194619 ]), 0.7854, 1.0]
[20, array([0.5212, 0.0222]), array([0.51056905, 0.0194619 ]), 0.7854, 0.0]
[20, array([0.5212, 0.0222]), array([0.51072143, 0.0194619 ]), 0.7854, 0.0]
[20, array([0.5212, 0.0222]), array([0.51087381, 0.0194619 ]), 0.7854, 0.0]
[20, array([0.5212, 0.0222]), array([0.51102619, 0.0194619 ]), 0.7854, 0.0]
[20, array([0.5212, 0.0222]), array([0.51117857, 0.0194619 ]), 0.7854, 0.0]
[20, array([0.5212, 0.0222]), array([0.51133095, 0.0194619 ]), 0.7854, 0.0]
[20, array([0.5212, 0.0222]), array([0.51148333, 0.0194619 ]), 0.7854, 0.0]
[20, array([0.5212, 0.0222]), array([0.51163571, 0.0194619 ]), 0.7854, 0.0]
[20, array([0.5212, 0.0222]), array([0.5117881, 0.0194619]), 0.7854, 0.0]
[20, array([0.5212, 0.0222]), array([0.51194048, 0.0194619 ]), 0.7854, 0.0]
[20, array([0.5212, 0.0222]), array([0.51209286, 0.0194619 ]), 0.7854, 0.0]
[20, array([0.5212, 0.0222]), array([0.51224524, 0.0194619 ]), 0.7854, 0.0]
[20, array([0.5212, 0.0222]), array([0.51239762, 0.0194619 ]), 0.7854, 1.0]
[20, array([0.5212, 0.0222]), array([0.51255  , 0.0194619]), 0.7854, 0.0]
[20, array([0.5212, 0.0222]), array([0.50935   , 0.01961429]), 0.7854, 0.0]
[20, array([0.5212, 0.0222]), array([0.50950238, 0.01961429]), 0.7854, 1.0]
[20, array([0.5212, 0.0222]), array([0.50965476, 0.01961429]), 0.7854, 1.0]
[20, array([0.5212, 0.0222]), array([0.50980714, 0.01961429]), 0.7854, 1.0]
[20, array([0.5212, 0.0222]), array([0.50995952, 0.01961429]), 0.7854, 1.0]
[20, array([0.5212, 0.0222]), array([0.5101119 , 0.01961429]), 0.7854, 1.0]
[20, array([0.5212, 0.0222]), array([0.51026429, 0.01961429]), 0.7854, 1.0]
[20, array([0.5212, 0.0222]), array([0.51041667, 0.01961429]), 0.7854, 1.0]
[20, array([0.5212, 0.0222]), array([0.51056905, 0.01961429]), 0.7854, 1.0]
[20, array([0.5212, 0.0222]), array([0.51072143, 0.01961429]), 0.7854, 0.0]
[20, array([0.5212, 0.0222]), array([0.51087381, 0.01961429]), 0.7854, 0.0]
[20, array([0.5212, 0.0222]), array([0.51102619, 0.01961429]), 0.7854, 0.0]
[20, array([0.5212, 0.0222]), array([0.51117857, 0.01961429]), 0.7854, 0.0]
[20, array([0.5212, 0.0222]), array([0.51133095, 0.01961429]), 0.7854, 0.0]
[20, array([0.5212, 0.0222]), array([0.51148333, 0.01961429]), 0.7854, 0.0]
[20, array([0.5212, 0.0222]), array([0.51163571, 0.01961429]), 0.7854, 0.0]
[20, array([0.5212, 0.0222]), array([0.5117881 , 0.01961429]), 0.7854, 0.0]
[20, array([0.5212, 0.0222]), array([0.51194048, 0.01961429]), 0.7854, 0.0]
[20, array([0.5212, 0.0222]), array([0.51209286, 0.01961429]), 0.7854, 0.0]
[20, array([0.5212, 0.0222]), array([0.51224524, 0.01961429]), 0.7854, 0.0]
[20, array([0.5212, 0.0222]), array([0.51239762, 0.01961429]), 0.7854, 0.0]
[20, array([0.5212, 0.0222]), array([0.51255   , 0.01961429]), 0.7854, 1.0]
[20, array([0.5212, 0.0222]), array([0.50935   , 0.01976667]), 0.7854, 0.0]
[20, array([0.5212, 0.0222]), array([0.50950238, 0.01976667]), 0.7854, 1.0]
[20, array([0.5212, 0.0222]), array([0.50965476, 0.01976667]), 0.7854, 1.0]
[20, array([0.5212, 0.0222]), array([0.50980714, 0.01976667]), 0.7854, 1.0]
[20, array([0.5212, 0.0222]), array([0.50995952, 0.01976667]), 0.7854, 0.0]
[20, array([0.5212, 0.0222]), array([0.5101119 , 0.01976667]), 0.7854, 1.0]
[20, array([0.5212, 0.0222]), array([0.51026429, 0.01976667]), 0.7854, 1.0]
[20, array([0.5212, 0.0222]), array([0.51041667, 0.01976667]), 0.7854, 1.0]
[20, array([0.5212, 0.0222]), array([0.51056905, 0.01976667]), 0.7854, 1.0]
[20, array([0.5212, 0.0222]), array([0.51072143, 0.01976667]), 0.7854, 0.0]
[20, array([0.5212, 0.0222]), array([0.51087381, 0.01976667]), 0.7854, 0.0]
[20, array([0.5212, 0.0222]), array([0.51102619, 0.01976667]), 0.7854, 0.0]
[20, array([0.5212, 0.0222]), array([0.51117857, 0.01976667]), 0.7854, 0.0]
[20, array([0.5212, 0.0222]), array([0.51133095, 0.01976667]), 0.7854, 0.0]
[20, array([0.5212, 0.0222]), array([0.51148333, 0.01976667]), 0.7854, 0.0]
[20, array([0.5212, 0.0222]), array([0.51163571, 0.01976667]), 0.7854, 0.0]
[20, array([0.5212, 0.0222]), array([0.5117881 , 0.01976667]), 0.7854, 0.0]
[20, array([0.5212, 0.0222]), array([0.51194048, 0.01976667]), 0.7854, 0.0]
[20, array([0.5212, 0.0222]), array([0.51209286, 0.01976667]), 0.7854, 0.0]
[20, array([0.5212, 0.0222]), array([0.51224524, 0.01976667]), 0.7854, 0.0]
[20, array([0.5212, 0.0222]), array([0.51239762, 0.01976667]), 0.7854, 0.0]
[20, array([0.5212, 0.0222]), array([0.51255   , 0.01976667]), 0.7854, 0.0]
[20, array([0.5212, 0.0222]), array([0.50935   , 0.01991905]), 0.7854, 0.0]
[20, array([0.5212, 0.0222]), array([0.50950238, 0.01991905]), 0.7854, 0.0]
[20, array([0.5212, 0.0222]), array([0.50965476, 0.01991905]), 0.7854, 1.0]
[20, array([0.5212, 0.0222]), array([0.50980714, 0.01991905]), 0.7854, 1.0]
[20, array([0.5212, 0.0222]), array([0.50995952, 0.01991905]), 0.7854, 0.0]
[20, array([0.5212, 0.0222]), array([0.5101119 , 0.01991905]), 0.7854, 0.0]
[20, array([0.5212, 0.0222]), array([0.51026429, 0.01991905]), 0.7854, 1.0]
[20, array([0.5212, 0.0222]), array([0.51041667, 0.01991905]), 0.7854, 1.0]
[20, array([0.5212, 0.0222]), array([0.51056905, 0.01991905]), 0.7854, 1.0]
[20, array([0.5212, 0.0222]), array([0.51072143, 0.01991905]), 0.7854, 1.0]
[20, array([0.5212, 0.0222]), array([0.51087381, 0.01991905]), 0.7854, 0.0]
[20, array([0.5212, 0.0222]), array([0.51102619, 0.01991905]), 0.7854, 0.0]
[20, array([0.5212, 0.0222]), array([0.51117857, 0.01991905]), 0.7854, 0.0]
[20, array([0.5212, 0.0222]), array([0.51133095, 0.01991905]), 0.7854, 0.0]
[20, array([0.5212, 0.0222]), array([0.51148333, 0.01991905]), 0.7854, 0.0]
[20, array([0.5212, 0.0222]), array([0.51163571, 0.01991905]), 0.7854, 0.0]
[20, array([0.5212, 0.0222]), array([0.5117881 , 0.01991905]), 0.7854, 0.0]
[20, array([0.5212, 0.0222]), array([0.51194048, 0.01991905]), 0.7854, 0.0]
[20, array([0.5212, 0.0222]), array([0.51209286, 0.01991905]), 0.7854, 0.0]
[20, array([0.5212, 0.0222]), array([0.51224524, 0.01991905]), 0.7854, 0.0]
[20, array([0.5212, 0.0222]), array([0.51239762, 0.01991905]), 0.7854, 0.0]
[20, array([0.5212, 0.0222]), array([0.51255   , 0.01991905]), 0.7854, 0.0]
[20, array([0.5212, 0.0222]), array([0.50935   , 0.02007143]), 0.7854, 0.0]
[20, array([0.5212, 0.0222]), array([0.50950238, 0.02007143]), 0.7854, 0.0]
[20, array([0.5212, 0.0222]), array([0.50965476, 0.02007143]), 0.7854, 0.0]
[20, array([0.5212, 0.0222]), array([0.50980714, 0.02007143]), 0.7854, 1.0]
[20, array([0.5212, 0.0222]), array([0.50995952, 0.02007143]), 0.7854, 1.0]
[20, array([0.5212, 0.0222]), array([0.5101119 , 0.02007143]), 0.7854, 0.0]
[20, array([0.5212, 0.0222]), array([0.51026429, 0.02007143]), 0.7854, 1.0]
[20, array([0.5212, 0.0222]), array([0.51041667, 0.02007143]), 0.7854, 1.0]
[20, array([0.5212, 0.0222]), array([0.51056905, 0.02007143]), 0.7854, 1.0]
[20, array([0.5212, 0.0222]), array([0.51072143, 0.02007143]), 0.7854, 1.0]
[20, array([0.5212, 0.0222]), array([0.51087381, 0.02007143]), 0.7854, 0.0]
[20, array([0.5212, 0.0222]), array([0.51102619, 0.02007143]), 0.7854, 0.0]
[20, array([0.5212, 0.0222]), array([0.51117857, 0.02007143]), 0.7854, 0.0]
[20, array([0.5212, 0.0222]), array([0.51133095, 0.02007143]), 0.7854, 0.0]
[20, array([0.5212, 0.0222]), array([0.51148333, 0.02007143]), 0.7854, 0.0]
[20, array([0.5212, 0.0222]), array([0.51163571, 0.02007143]), 0.7854, 0.0]
[20, array([0.5212, 0.0222]), array([0.5117881 , 0.02007143]), 0.7854, 0.0]
[20, array([0.5212, 0.0222]), array([0.51194048, 0.02007143]), 0.7854, 0.0]
[20, array([0.5212, 0.0222]), array([0.51209286, 0.02007143]), 0.7854, 0.0]
[20, array([0.5212, 0.0222]), array([0.51224524, 0.02007143]), 0.7854, 0.0]
[20, array([0.5212, 0.0222]), array([0.51239762, 0.02007143]), 0.7854, 0.0]
[20, array([0.5212, 0.0222]), array([0.51255   , 0.02007143]), 0.7854, 0.0]
[20, array([0.5212, 0.0222]), array([0.50935   , 0.02022381]), 0.7854, 0.0]
[20, array([0.5212, 0.0222]), array([0.50950238, 0.02022381]), 0.7854, 0.0]
[20, array([0.5212, 0.0222]), array([0.50965476, 0.02022381]), 0.7854, 0.0]
[20, array([0.5212, 0.0222]), array([0.50980714, 0.02022381]), 0.7854, 0.0]
[20, array([0.5212, 0.0222]), array([0.50995952, 0.02022381]), 0.7854, 1.0]
[20, array([0.5212, 0.0222]), array([0.5101119 , 0.02022381]), 0.7854, 1.0]
[20, array([0.5212, 0.0222]), array([0.51026429, 0.02022381]), 0.7854, 0.0]
[20, array([0.5212, 0.0222]), array([0.51041667, 0.02022381]), 0.7854, 1.0]
[20, array([0.5212, 0.0222]), array([0.51056905, 0.02022381]), 0.7854, 1.0]
[20, array([0.5212, 0.0222]), array([0.51072143, 0.02022381]), 0.7854, 1.0]
[20, array([0.5212, 0.0222]), array([0.51087381, 0.02022381]), 0.7854, 1.0]
[20, array([0.5212, 0.0222]), array([0.51102619, 0.02022381]), 0.7854, 0.0]
[20, array([0.5212, 0.0222]), array([0.51117857, 0.02022381]), 0.7854, 0.0]
[20, array([0.5212, 0.0222]), array([0.51133095, 0.02022381]), 0.7854, 0.0]
[20, array([0.5212, 0.0222]), array([0.51148333, 0.02022381]), 0.7854, 0.0]
[20, array([0.5212, 0.0222]), array([0.51163571, 0.02022381]), 0.7854, 0.0]
[20, array([0.5212, 0.0222]), array([0.5117881 , 0.02022381]), 0.7854, 0.0]
[20, array([0.5212, 0.0222]), array([0.51194048, 0.02022381]), 0.7854, 0.0]
[20, array([0.5212, 0.0222]), array([0.51209286, 0.02022381]), 0.7854, 0.0]
[20, array([0.5212, 0.0222]), array([0.51224524, 0.02022381]), 0.7854, 0.0]
[20, array([0.5212, 0.0222]), array([0.51239762, 0.02022381]), 0.7854, 0.0]
[20, array([0.5212, 0.0222]), array([0.51255   , 0.02022381]), 0.7854, 0.0]
[20, array([0.5212, 0.0222]), array([0.50935   , 0.02037619]), 0.7854, 0.0]
[20, array([0.5212, 0.0222]), array([0.50950238, 0.02037619]), 0.7854, 0.0]
[20, array([0.5212, 0.0222]), array([0.50965476, 0.02037619]), 0.7854, 0.0]
[20, array([0.5212, 0.0222]), array([0.50980714, 0.02037619]), 0.7854, 0.0]
[20, array([0.5212, 0.0222]), array([0.50995952, 0.02037619]), 0.7854, 1.0]
[20, array([0.5212, 0.0222]), array([0.5101119 , 0.02037619]), 0.7854, 1.0]
[20, array([0.5212, 0.0222]), array([0.51026429, 0.02037619]), 0.7854, 0.0]
[20, array([0.5212, 0.0222]), array([0.51041667, 0.02037619]), 0.7854, 1.0]
[20, array([0.5212, 0.0222]), array([0.51056905, 0.02037619]), 0.7854, 1.0]
[20, array([0.5212, 0.0222]), array([0.51072143, 0.02037619]), 0.7854, 1.0]
[20, array([0.5212, 0.0222]), array([0.51087381, 0.02037619]), 0.7854, 1.0]
[20, array([0.5212, 0.0222]), array([0.51102619, 0.02037619]), 0.7854, 1.0]
[20, array([0.5212, 0.0222]), array([0.51117857, 0.02037619]), 0.7854, 0.0]
[20, array([0.5212, 0.0222]), array([0.51133095, 0.02037619]), 0.7854, 0.0]
[20, array([0.5212, 0.0222]), array([0.51148333, 0.02037619]), 0.7854, 0.0]
[20, array([0.5212, 0.0222]), array([0.51163571, 0.02037619]), 0.7854, 0.0]
[20, array([0.5212, 0.0222]), array([0.5117881 , 0.02037619]), 0.7854, 0.0]
[20, array([0.5212, 0.0222]), array([0.51194048, 0.02037619]), 0.7854, 0.0]
[20, array([0.5212, 0.0222]), array([0.51209286, 0.02037619]), 0.7854, 0.0]
[20, array([0.5212, 0.0222]), array([0.51224524, 0.02037619]), 0.7854, 0.0]
[20, array([0.5212, 0.0222]), array([0.51239762, 0.02037619]), 0.7854, 0.0]
[20, array([0.5212, 0.0222]), array([0.51255   , 0.02037619]), 0.7854, 0.0]
[20, array([0.5212, 0.0222]), array([0.50935   , 0.02052857]), 0.7854, 0.0]
[20, array([0.5212, 0.0222]), array([0.50950238, 0.02052857]), 0.7854, 0.0]
[20, array([0.5212, 0.0222]), array([0.50965476, 0.02052857]), 0.7854, 0.0]
[20, array([0.5212, 0.0222]), array([0.50980714, 0.02052857]), 0.7854, 0.0]
[20, array([0.5212, 0.0222]), array([0.50995952, 0.02052857]), 0.7854, 1.0]
[20, array([0.5212, 0.0222]), array([0.5101119 , 0.02052857]), 0.7854, 1.0]
[20, array([0.5212, 0.0222]), array([0.51026429, 0.02052857]), 0.7854, 1.0]
[20, array([0.5212, 0.0222]), array([0.51041667, 0.02052857]), 0.7854, 0.0]
[20, array([0.5212, 0.0222]), array([0.51056905, 0.02052857]), 0.7854, 1.0]
[20, array([0.5212, 0.0222]), array([0.51072143, 0.02052857]), 0.7854, 1.0]
[20, array([0.5212, 0.0222]), array([0.51087381, 0.02052857]), 0.7854, 1.0]
[20, array([0.5212, 0.0222]), array([0.51102619, 0.02052857]), 0.7854, 1.0]
[20, array([0.5212, 0.0222]), array([0.51117857, 0.02052857]), 0.7854, 0.0]
[20, array([0.5212, 0.0222]), array([0.51133095, 0.02052857]), 0.7854, 0.0]
[20, array([0.5212, 0.0222]), array([0.51148333, 0.02052857]), 0.7854, 0.0]
[20, array([0.5212, 0.0222]), array([0.51163571, 0.02052857]), 0.7854, 0.0]
[20, array([0.5212, 0.0222]), array([0.5117881 , 0.02052857]), 0.7854, 0.0]
[20, array([0.5212, 0.0222]), array([0.51194048, 0.02052857]), 0.7854, 0.0]
[20, array([0.5212, 0.0222]), array([0.51209286, 0.02052857]), 0.7854, 0.0]
[20, array([0.5212, 0.0222]), array([0.51224524, 0.02052857]), 0.7854, 0.0]
[20, array([0.5212, 0.0222]), array([0.51239762, 0.02052857]), 0.7854, 0.0]
[20, array([0.5212, 0.0222]), array([0.51255   , 0.02052857]), 0.7854, 0.0]
[20, array([0.5212, 0.0222]), array([0.50935   , 0.02068095]), 0.7854, 0.0]
[20, array([0.5212, 0.0222]), array([0.50950238, 0.02068095]), 0.7854, 0.0]
[20, array([0.5212, 0.0222]), array([0.50965476, 0.02068095]), 0.7854, 0.0]
[20, array([0.5212, 0.0222]), array([0.50980714, 0.02068095]), 0.7854, 0.0]
[20, array([0.5212, 0.0222]), array([0.50995952, 0.02068095]), 0.7854, 0.0]
[20, array([0.5212, 0.0222]), array([0.5101119 , 0.02068095]), 0.7854, 1.0]
[20, array([0.5212, 0.0222]), array([0.51026429, 0.02068095]), 0.7854, 1.0]
[20, array([0.5212, 0.0222]), array([0.51041667, 0.02068095]), 0.7854, 0.0]
[20, array([0.5212, 0.0222]), array([0.51056905, 0.02068095]), 0.7854, 1.0]
[20, array([0.5212, 0.0222]), array([0.51072143, 0.02068095]), 0.7854, 1.0]
[20, array([0.5212, 0.0222]), array([0.51087381, 0.02068095]), 0.7854, 1.0]
[20, array([0.5212, 0.0222]), array([0.51102619, 0.02068095]), 0.7854, 1.0]
[20, array([0.5212, 0.0222]), array([0.51117857, 0.02068095]), 0.7854, 1.0]
[20, array([0.5212, 0.0222]), array([0.51133095, 0.02068095]), 0.7854, 0.0]
[20, array([0.5212, 0.0222]), array([0.51148333, 0.02068095]), 0.7854, 0.0]
[20, array([0.5212, 0.0222]), array([0.51163571, 0.02068095]), 0.7854, 0.0]
[20, array([0.5212, 0.0222]), array([0.5117881 , 0.02068095]), 0.7854, 0.0]
[20, array([0.5212, 0.0222]), array([0.51194048, 0.02068095]), 0.7854, 0.0]
[20, array([0.5212, 0.0222]), array([0.51209286, 0.02068095]), 0.7854, 0.0]
[20, array([0.5212, 0.0222]), array([0.51224524, 0.02068095]), 0.7854, 0.0]
[20, array([0.5212, 0.0222]), array([0.51239762, 0.02068095]), 0.7854, 0.0]
[20, array([0.5212, 0.0222]), array([0.51255   , 0.02068095]), 0.7854, 0.0]
[20, array([0.5212, 0.0222]), array([0.50935   , 0.02083333]), 0.7854, 0.0]
[20, array([0.5212, 0.0222]), array([0.50950238, 0.02083333]), 0.7854, 0.0]
[20, array([0.5212, 0.0222]), array([0.50965476, 0.02083333]), 0.7854, 0.0]
[20, array([0.5212, 0.0222]), array([0.50980714, 0.02083333]), 0.7854, 0.0]
[20, array([0.5212, 0.0222]), array([0.50995952, 0.02083333]), 0.7854, 0.0]
[20, array([0.5212, 0.0222]), array([0.5101119 , 0.02083333]), 0.7854, 1.0]
[20, array([0.5212, 0.0222]), array([0.51026429, 0.02083333]), 0.7854, 1.0]
[20, array([0.5212, 0.0222]), array([0.51041667, 0.02083333]), 0.7854, 1.0]
[20, array([0.5212, 0.0222]), array([0.51056905, 0.02083333]), 0.7854, 0.0]
[20, array([0.5212, 0.0222]), array([0.51072143, 0.02083333]), 0.7854, 1.0]
[20, array([0.5212, 0.0222]), array([0.51087381, 0.02083333]), 0.7854, 1.0]
[20, array([0.5212, 0.0222]), array([0.51102619, 0.02083333]), 0.7854, 1.0]
[20, array([0.5212, 0.0222]), array([0.51117857, 0.02083333]), 0.7854, 1.0]
[20, array([0.5212, 0.0222]), array([0.51133095, 0.02083333]), 0.7854, 0.0]
[20, array([0.5212, 0.0222]), array([0.51148333, 0.02083333]), 0.7854, 0.0]
[20, array([0.5212, 0.0222]), array([0.51163571, 0.02083333]), 0.7854, 0.0]
[20, array([0.5212, 0.0222]), array([0.5117881 , 0.02083333]), 0.7854, 0.0]
[20, array([0.5212, 0.0222]), array([0.51194048, 0.02083333]), 0.7854, 0.0]
[20, array([0.5212, 0.0222]), array([0.51209286, 0.02083333]), 0.7854, 0.0]
[20, array([0.5212, 0.0222]), array([0.51224524, 0.02083333]), 0.7854, 0.0]
[20, array([0.5212, 0.0222]), array([0.51239762, 0.02083333]), 0.7854, 0.0]
[20, array([0.5212, 0.0222]), array([0.51255   , 0.02083333]), 0.7854, 0.0]
[20, array([0.5212, 0.0222]), array([0.50935   , 0.02098571]), 0.7854, 0.0]
[20, array([0.5212, 0.0222]), array([0.50950238, 0.02098571]), 0.7854, 0.0]
[20, array([0.5212, 0.0222]), array([0.50965476, 0.02098571]), 0.7854, 0.0]
[20, array([0.5212, 0.0222]), array([0.50980714, 0.02098571]), 0.7854, 0.0]
[20, array([0.5212, 0.0222]), array([0.50995952, 0.02098571]), 0.7854, 0.0]
[20, array([0.5212, 0.0222]), array([0.5101119 , 0.02098571]), 0.7854, 0.0]
[20, array([0.5212, 0.0222]), array([0.51026429, 0.02098571]), 0.7854, 1.0]
[20, array([0.5212, 0.0222]), array([0.51041667, 0.02098571]), 0.7854, 1.0]
[20, array([0.5212, 0.0222]), array([0.51056905, 0.02098571]), 0.7854, 0.0]
[20, array([0.5212, 0.0222]), array([0.51072143, 0.02098571]), 0.7854, 0.0]
[20, array([0.5212, 0.0222]), array([0.51087381, 0.02098571]), 0.7854, 1.0]
[20, array([0.5212, 0.0222]), array([0.51102619, 0.02098571]), 0.7854, 1.0]
[20, array([0.5212, 0.0222]), array([0.51117857, 0.02098571]), 0.7854, 1.0]
[20, array([0.5212, 0.0222]), array([0.51133095, 0.02098571]), 0.7854, 1.0]
[20, array([0.5212, 0.0222]), array([0.51148333, 0.02098571]), 0.7854, 0.0]
[20, array([0.5212, 0.0222]), array([0.51163571, 0.02098571]), 0.7854, 0.0]
[20, array([0.5212, 0.0222]), array([0.5117881 , 0.02098571]), 0.7854, 0.0]
[20, array([0.5212, 0.0222]), array([0.51194048, 0.02098571]), 0.7854, 0.0]
[20, array([0.5212, 0.0222]), array([0.51209286, 0.02098571]), 0.7854, 0.0]
[20, array([0.5212, 0.0222]), array([0.51224524, 0.02098571]), 0.7854, 0.0]
[20, array([0.5212, 0.0222]), array([0.51239762, 0.02098571]), 0.7854, 0.0]
[20, array([0.5212, 0.0222]), array([0.51255   , 0.02098571]), 0.7854, 0.0]
[20, array([0.5212, 0.0222]), array([0.50935  , 0.0211381]), 0.7854, 0.0]
[20, array([0.5212, 0.0222]), array([0.50950238, 0.0211381 ]), 0.7854, 0.0]
[20, array([0.5212, 0.0222]), array([0.50965476, 0.0211381 ]), 0.7854, 0.0]
[20, array([0.5212, 0.0222]), array([0.50980714, 0.0211381 ]), 0.7854, 0.0]
[20, array([0.5212, 0.0222]), array([0.50995952, 0.0211381 ]), 0.7854, 0.0]
[20, array([0.5212, 0.0222]), array([0.5101119, 0.0211381]), 0.7854, 0.0]
[20, array([0.5212, 0.0222]), array([0.51026429, 0.0211381 ]), 0.7854, 0.0]
[20, array([0.5212, 0.0222]), array([0.51041667, 0.0211381 ]), 0.7854, 1.0]
[20, array([0.5212, 0.0222]), array([0.51056905, 0.0211381 ]), 0.7854, 1.0]
[20, array([0.5212, 0.0222]), array([0.51072143, 0.0211381 ]), 0.7854, 0.0]
[20, array([0.5212, 0.0222]), array([0.51087381, 0.0211381 ]), 0.7854, 1.0]
[20, array([0.5212, 0.0222]), array([0.51102619, 0.0211381 ]), 0.7854, 1.0]
[20, array([0.5212, 0.0222]), array([0.51117857, 0.0211381 ]), 0.7854, 1.0]
[20, array([0.5212, 0.0222]), array([0.51133095, 0.0211381 ]), 0.7854, 1.0]
[20, array([0.5212, 0.0222]), array([0.51148333, 0.0211381 ]), 0.7854, 0.0]
[20, array([0.5212, 0.0222]), array([0.51163571, 0.0211381 ]), 0.7854, 0.0]
[20, array([0.5212, 0.0222]), array([0.5117881, 0.0211381]), 0.7854, 0.0]
[20, array([0.5212, 0.0222]), array([0.51194048, 0.0211381 ]), 0.7854, 0.0]
[20, array([0.5212, 0.0222]), array([0.51209286, 0.0211381 ]), 0.7854, 0.0]
[20, array([0.5212, 0.0222]), array([0.51224524, 0.0211381 ]), 0.7854, 0.0]
[20, array([0.5212, 0.0222]), array([0.51239762, 0.0211381 ]), 0.7854, 0.0]
[20, array([0.5212, 0.0222]), array([0.51255  , 0.0211381]), 0.7854, 0.0]
[20, array([0.5212, 0.0222]), array([0.50935   , 0.02129048]), 0.7854, 0.0]
[20, array([0.5212, 0.0222]), array([0.50950238, 0.02129048]), 0.7854, 0.0]
[20, array([0.5212, 0.0222]), array([0.50965476, 0.02129048]), 0.7854, 0.0]
[20, array([0.5212, 0.0222]), array([0.50980714, 0.02129048]), 0.7854, 0.0]
[20, array([0.5212, 0.0222]), array([0.50995952, 0.02129048]), 0.7854, 0.0]
[20, array([0.5212, 0.0222]), array([0.5101119 , 0.02129048]), 0.7854, 0.0]
[20, array([0.5212, 0.0222]), array([0.51026429, 0.02129048]), 0.7854, 0.0]
[20, array([0.5212, 0.0222]), array([0.51041667, 0.02129048]), 0.7854, 1.0]
[20, array([0.5212, 0.0222]), array([0.51056905, 0.02129048]), 0.7854, 1.0]
[20, array([0.5212, 0.0222]), array([0.51072143, 0.02129048]), 0.7854, 1.0]
[20, array([0.5212, 0.0222]), array([0.51087381, 0.02129048]), 0.7854, 0.0]
[20, array([0.5212, 0.0222]), array([0.51102619, 0.02129048]), 0.7854, 1.0]
[20, array([0.5212, 0.0222]), array([0.51117857, 0.02129048]), 0.7854, 1.0]
[20, array([0.5212, 0.0222]), array([0.51133095, 0.02129048]), 0.7854, 1.0]
[20, array([0.5212, 0.0222]), array([0.51148333, 0.02129048]), 0.7854, 1.0]
[20, array([0.5212, 0.0222]), array([0.51163571, 0.02129048]), 0.7854, 0.0]
[20, array([0.5212, 0.0222]), array([0.5117881 , 0.02129048]), 0.7854, 0.0]
[20, array([0.5212, 0.0222]), array([0.51194048, 0.02129048]), 0.7854, 0.0]
[20, array([0.5212, 0.0222]), array([0.51209286, 0.02129048]), 0.7854, 0.0]
[20, array([0.5212, 0.0222]), array([0.51224524, 0.02129048]), 0.7854, 0.0]
[20, array([0.5212, 0.0222]), array([0.51239762, 0.02129048]), 0.7854, 0.0]
[20, array([0.5212, 0.0222]), array([0.51255   , 0.02129048]), 0.7854, 0.0]
[20, array([0.5212, 0.0222]), array([0.50935   , 0.02144286]), 0.7854, 0.0]
[20, array([0.5212, 0.0222]), array([0.50950238, 0.02144286]), 0.7854, 0.0]
[20, array([0.5212, 0.0222]), array([0.50965476, 0.02144286]), 0.7854, 0.0]
[20, array([0.5212, 0.0222]), array([0.50980714, 0.02144286]), 0.7854, 0.0]
[20, array([0.5212, 0.0222]), array([0.50995952, 0.02144286]), 0.7854, 0.0]
[20, array([0.5212, 0.0222]), array([0.5101119 , 0.02144286]), 0.7854, 0.0]
[20, array([0.5212, 0.0222]), array([0.51026429, 0.02144286]), 0.7854, 0.0]
[20, array([0.5212, 0.0222]), array([0.51041667, 0.02144286]), 0.7854, 1.0]
[20, array([0.5212, 0.0222]), array([0.51056905, 0.02144286]), 0.7854, 1.0]
[20, array([0.5212, 0.0222]), array([0.51072143, 0.02144286]), 0.7854, 1.0]
[20, array([0.5212, 0.0222]), array([0.51087381, 0.02144286]), 0.7854, 0.0]
[20, array([0.5212, 0.0222]), array([0.51102619, 0.02144286]), 0.7854, 1.0]
[20, array([0.5212, 0.0222]), array([0.51117857, 0.02144286]), 0.7854, 1.0]
[20, array([0.5212, 0.0222]), array([0.51133095, 0.02144286]), 0.7854, 1.0]
[20, array([0.5212, 0.0222]), array([0.51148333, 0.02144286]), 0.7854, 1.0]
[20, array([0.5212, 0.0222]), array([0.51163571, 0.02144286]), 0.7854, 0.0]
[20, array([0.5212, 0.0222]), array([0.5117881 , 0.02144286]), 0.7854, 0.0]
[20, array([0.5212, 0.0222]), array([0.51194048, 0.02144286]), 0.7854, 0.0]
[20, array([0.5212, 0.0222]), array([0.51209286, 0.02144286]), 0.7854, 0.0]
[20, array([0.5212, 0.0222]), array([0.51224524, 0.02144286]), 0.7854, 0.0]
[20, array([0.5212, 0.0222]), array([0.51239762, 0.02144286]), 0.7854, 0.0]
[20, array([0.5212, 0.0222]), array([0.51255   , 0.02144286]), 0.7854, 0.0]
[20, array([0.5212, 0.0222]), array([0.50935   , 0.02159524]), 0.7854, 0.0]
[20, array([0.5212, 0.0222]), array([0.50950238, 0.02159524]), 0.7854, 0.0]
[20, array([0.5212, 0.0222]), array([0.50965476, 0.02159524]), 0.7854, 0.0]
[20, array([0.5212, 0.0222]), array([0.50980714, 0.02159524]), 0.7854, 0.0]
[20, array([0.5212, 0.0222]), array([0.50995952, 0.02159524]), 0.7854, 0.0]
[20, array([0.5212, 0.0222]), array([0.5101119 , 0.02159524]), 0.7854, 0.0]
[20, array([0.5212, 0.0222]), array([0.51026429, 0.02159524]), 0.7854, 0.0]
[20, array([0.5212, 0.0222]), array([0.51041667, 0.02159524]), 0.7854, 0.0]
[20, array([0.5212, 0.0222]), array([0.51056905, 0.02159524]), 0.7854, 1.0]
[20, array([0.5212, 0.0222]), array([0.51072143, 0.02159524]), 0.7854, 1.0]
[20, array([0.5212, 0.0222]), array([0.51087381, 0.02159524]), 0.7854, 1.0]
[20, array([0.5212, 0.0222]), array([0.51102619, 0.02159524]), 0.7854, 0.0]
[20, array([0.5212, 0.0222]), array([0.51117857, 0.02159524]), 0.7854, 1.0]
[20, array([0.5212, 0.0222]), array([0.51133095, 0.02159524]), 0.7854, 1.0]
[20, array([0.5212, 0.0222]), array([0.51148333, 0.02159524]), 0.7854, 1.0]
[20, array([0.5212, 0.0222]), array([0.51163571, 0.02159524]), 0.7854, 1.0]
[20, array([0.5212, 0.0222]), array([0.5117881 , 0.02159524]), 0.7854, 0.0]
[20, array([0.5212, 0.0222]), array([0.51194048, 0.02159524]), 0.7854, 0.0]
[20, array([0.5212, 0.0222]), array([0.51209286, 0.02159524]), 0.7854, 0.0]
[20, array([0.5212, 0.0222]), array([0.51224524, 0.02159524]), 0.7854, 0.0]
[20, array([0.5212, 0.0222]), array([0.51239762, 0.02159524]), 0.7854, 0.0]
[20, array([0.5212, 0.0222]), array([0.51255   , 0.02159524]), 0.7854, 0.0]
[20, array([0.5212, 0.0222]), array([0.50935   , 0.02174762]), 0.7854, 0.0]
[20, array([0.5212, 0.0222]), array([0.50950238, 0.02174762]), 0.7854, 0.0]
[20, array([0.5212, 0.0222]), array([0.50965476, 0.02174762]), 0.7854, 0.0]
[20, array([0.5212, 0.0222]), array([0.50980714, 0.02174762]), 0.7854, 0.0]
[20, array([0.5212, 0.0222]), array([0.50995952, 0.02174762]), 0.7854, 0.0]
[20, array([0.5212, 0.0222]), array([0.5101119 , 0.02174762]), 0.7854, 0.0]
[20, array([0.5212, 0.0222]), array([0.51026429, 0.02174762]), 0.7854, 0.0]
[20, array([0.5212, 0.0222]), array([0.51041667, 0.02174762]), 0.7854, 0.0]
[20, array([0.5212, 0.0222]), array([0.51056905, 0.02174762]), 0.7854, 1.0]
[20, array([0.5212, 0.0222]), array([0.51072143, 0.02174762]), 0.7854, 1.0]
[20, array([0.5212, 0.0222]), array([0.51087381, 0.02174762]), 0.7854, 1.0]
[20, array([0.5212, 0.0222]), array([0.51102619, 0.02174762]), 0.7854, 1.0]
[20, array([0.5212, 0.0222]), array([0.51117857, 0.02174762]), 0.7854, 1.0]
[20, array([0.5212, 0.0222]), array([0.51133095, 0.02174762]), 0.7854, 1.0]
[20, array([0.5212, 0.0222]), array([0.51148333, 0.02174762]), 0.7854, 1.0]
[20, array([0.5212, 0.0222]), array([0.51163571, 0.02174762]), 0.7854, 1.0]
[20, array([0.5212, 0.0222]), array([0.5117881 , 0.02174762]), 0.7854, 1.0]
[20, array([0.5212, 0.0222]), array([0.51194048, 0.02174762]), 0.7854, 0.0]
[20, array([0.5212, 0.0222]), array([0.51209286, 0.02174762]), 0.7854, 0.0]
[20, array([0.5212, 0.0222]), array([0.51224524, 0.02174762]), 0.7854, 0.0]
[20, array([0.5212, 0.0222]), array([0.51239762, 0.02174762]), 0.7854, 0.0]
[20, array([0.5212, 0.0222]), array([0.51255   , 0.02174762]), 0.7854, 0.0]
[20, array([0.5212, 0.0222]), array([0.50935, 0.0219 ]), 0.7854, 1.0]
[20, array([0.5212, 0.0222]), array([0.50950238, 0.0219    ]), 0.7854, 0.0]
[20, array([0.5212, 0.0222]), array([0.50965476, 0.0219    ]), 0.7854, 0.0]
[20, array([0.5212, 0.0222]), array([0.50980714, 0.0219    ]), 0.7854, 0.0]
[20, array([0.5212, 0.0222]), array([0.50995952, 0.0219    ]), 0.7854, 0.0]
[20, array([0.5212, 0.0222]), array([0.5101119, 0.0219   ]), 0.7854, 0.0]
[20, array([0.5212, 0.0222]), array([0.51026429, 0.0219    ]), 0.7854, 0.0]
[20, array([0.5212, 0.0222]), array([0.51041667, 0.0219    ]), 0.7854, 0.0]
[20, array([0.5212, 0.0222]), array([0.51056905, 0.0219    ]), 0.7854, 0.0]
[20, array([0.5212, 0.0222]), array([0.51072143, 0.0219    ]), 0.7854, 1.0]
[20, array([0.5212, 0.0222]), array([0.51087381, 0.0219    ]), 0.7854, 1.0]
[20, array([0.5212, 0.0222]), array([0.51102619, 0.0219    ]), 0.7854, 1.0]
[20, array([0.5212, 0.0222]), array([0.51117857, 0.0219    ]), 0.7854, 0.0]
[20, array([0.5212, 0.0222]), array([0.51133095, 0.0219    ]), 0.7854, 1.0]
[20, array([0.5212, 0.0222]), array([0.51148333, 0.0219    ]), 0.7854, 1.0]
[20, array([0.5212, 0.0222]), array([0.51163571, 0.0219    ]), 0.7854, 1.0]
[20, array([0.5212, 0.0222]), array([0.5117881, 0.0219   ]), 0.7854, 1.0]
[20, array([0.5212, 0.0222]), array([0.51194048, 0.0219    ]), 0.7854, 0.0]
[20, array([0.5212, 0.0222]), array([0.51209286, 0.0219    ]), 0.7854, 0.0]
[20, array([0.5212, 0.0222]), array([0.51224524, 0.0219    ]), 0.7854, 0.0]
[20, array([0.5212, 0.0222]), array([0.51239762, 0.0219    ]), 0.7854, 0.0]
[20, array([0.5212, 0.0222]), array([0.51255, 0.0219 ]), 0.7854, 0.0]
[20, array([0.55  , 0.0193]), array([0.5406, 0.0109]), 0.7854, 0.0]
[20, array([0.55  , 0.0193]), array([0.5409, 0.0109]), 0.7854, 1.0]
[20, array([0.55  , 0.0193]), array([0.5412, 0.0109]), 0.7854, 1.0]
[20, array([0.55  , 0.0193]), array([0.5415, 0.0109]), 0.7854, 1.0]
[20, array([0.55  , 0.0193]), array([0.5418, 0.0109]), 0.7854, 1.0]
[20, array([0.55  , 0.0193]), array([0.5421, 0.0109]), 0.7854, 1.0]
[20, array([0.55  , 0.0193]), array([0.5424, 0.0109]), 0.7854, 1.0]
[20, array([0.55  , 0.0193]), array([0.5427, 0.0109]), 0.7854, 1.0]
[20, array([0.55  , 0.0193]), array([0.543 , 0.0109]), 0.7854, 1.0]
[20, array([0.55  , 0.0193]), array([0.5433, 0.0109]), 0.7854, 1.0]
[20, array([0.55  , 0.0193]), array([0.5436, 0.0109]), 0.7854, 1.0]
[20, array([0.55  , 0.0193]), array([0.5439, 0.0109]), 0.7854, 1.0]
[20, array([0.55  , 0.0193]), array([0.5442, 0.0109]), 0.7854, 1.0]
[20, array([0.55  , 0.0193]), array([0.5445, 0.0109]), 0.7854, 1.0]
[20, array([0.55  , 0.0193]), array([0.5448, 0.0109]), 0.7854, 0.0]
[20, array([0.55  , 0.0193]), array([0.5451, 0.0109]), 0.7854, 0.0]
[20, array([0.55  , 0.0193]), array([0.5454, 0.0109]), 0.7854, 1.0]
[20, array([0.55  , 0.0193]), array([0.5457, 0.0109]), 0.7854, 1.0]
[20, array([0.55  , 0.0193]), array([0.546 , 0.0109]), 0.7854, 1.0]
[20, array([0.55  , 0.0193]), array([0.5463, 0.0109]), 0.7854, 1.0]
[20, array([0.55  , 0.0193]), array([0.5466, 0.0109]), 0.7854, 1.0]
[20, array([0.55  , 0.0193]), array([0.5469, 0.0109]), 0.7854, 1.0]
[20, array([0.55  , 0.0193]), array([0.5406, 0.0112]), 0.7854, 1.0]
[20, array([0.55  , 0.0193]), array([0.5409, 0.0112]), 0.7854, 1.0]
[20, array([0.55  , 0.0193]), array([0.5412, 0.0112]), 0.7854, 1.0]
[20, array([0.55  , 0.0193]), array([0.5415, 0.0112]), 0.7854, 1.0]
[20, array([0.55  , 0.0193]), array([0.5418, 0.0112]), 0.7854, 1.0]
[20, array([0.55  , 0.0193]), array([0.5421, 0.0112]), 0.7854, 1.0]
[20, array([0.55  , 0.0193]), array([0.5424, 0.0112]), 0.7854, 1.0]
[20, array([0.55  , 0.0193]), array([0.5427, 0.0112]), 0.7854, 1.0]
[20, array([0.55  , 0.0193]), array([0.543 , 0.0112]), 0.7854, 0.0]
[20, array([0.55  , 0.0193]), array([0.5433, 0.0112]), 0.7854, 0.0]
[20, array([0.55  , 0.0193]), array([0.5436, 0.0112]), 0.7854, 1.0]
[20, array([0.55  , 0.0193]), array([0.5439, 0.0112]), 0.7854, 1.0]
[20, array([0.55  , 0.0193]), array([0.5442, 0.0112]), 0.7854, 1.0]
[20, array([0.55  , 0.0193]), array([0.5445, 0.0112]), 0.7854, 1.0]
[20, array([0.55  , 0.0193]), array([0.5448, 0.0112]), 0.7854, 0.0]
[20, array([0.55  , 0.0193]), array([0.5451, 0.0112]), 0.7854, 1.0]
[20, array([0.55  , 0.0193]), array([0.5454, 0.0112]), 0.7854, 1.0]
[20, array([0.55  , 0.0193]), array([0.5457, 0.0112]), 0.7854, 1.0]
[20, array([0.55  , 0.0193]), array([0.546 , 0.0112]), 0.7854, 1.0]
[20, array([0.55  , 0.0193]), array([0.5463, 0.0112]), 0.7854, 1.0]
[20, array([0.55  , 0.0193]), array([0.5466, 0.0112]), 0.7854, 1.0]
[20, array([0.55  , 0.0193]), array([0.5469, 0.0112]), 0.7854, 1.0]
[20, array([0.55  , 0.0193]), array([0.5406, 0.0115]), 0.7854, 1.0]
[20, array([0.55  , 0.0193]), array([0.5409, 0.0115]), 0.7854, 1.0]
[20, array([0.55  , 0.0193]), array([0.5412, 0.0115]), 0.7854, 1.0]
[20, array([0.55  , 0.0193]), array([0.5415, 0.0115]), 0.7854, 1.0]
[20, array([0.55  , 0.0193]), array([0.5418, 0.0115]), 0.7854, 1.0]
[20, array([0.55  , 0.0193]), array([0.5421, 0.0115]), 0.7854, 1.0]
[20, array([0.55  , 0.0193]), array([0.5424, 0.0115]), 0.7854, 1.0]
[20, array([0.55  , 0.0193]), array([0.5427, 0.0115]), 0.7854, 0.0]
[20, array([0.55  , 0.0193]), array([0.543 , 0.0115]), 0.7854, 0.0]
[20, array([0.55  , 0.0193]), array([0.5433, 0.0115]), 0.7854, 1.0]
[20, array([0.55  , 0.0193]), array([0.5436, 0.0115]), 0.7854, 1.0]
[20, array([0.55  , 0.0193]), array([0.5439, 0.0115]), 0.7854, 1.0]
[20, array([0.55  , 0.0193]), array([0.5442, 0.0115]), 0.7854, 1.0]
[20, array([0.55  , 0.0193]), array([0.5445, 0.0115]), 0.7854, 1.0]
[20, array([0.55  , 0.0193]), array([0.5448, 0.0115]), 0.7854, 0.0]
[20, array([0.55  , 0.0193]), array([0.5451, 0.0115]), 0.7854, 0.0]
[20, array([0.55  , 0.0193]), array([0.5454, 0.0115]), 0.7854, 1.0]
[20, array([0.55  , 0.0193]), array([0.5457, 0.0115]), 0.7854, 1.0]
[20, array([0.55  , 0.0193]), array([0.546 , 0.0115]), 0.7854, 1.0]
[20, array([0.55  , 0.0193]), array([0.5463, 0.0115]), 0.7854, 1.0]
[20, array([0.55  , 0.0193]), array([0.5466, 0.0115]), 0.7854, 1.0]
[20, array([0.55  , 0.0193]), array([0.5469, 0.0115]), 0.7854, 1.0]
[20, array([0.55  , 0.0193]), array([0.5406, 0.0118]), 0.7854, 1.0]
[20, array([0.55  , 0.0193]), array([0.5409, 0.0118]), 0.7854, 1.0]
[20, array([0.55  , 0.0193]), array([0.5412, 0.0118]), 0.7854, 1.0]
[20, array([0.55  , 0.0193]), array([0.5415, 0.0118]), 0.7854, 1.0]
[20, array([0.55  , 0.0193]), array([0.5418, 0.0118]), 0.7854, 1.0]
[20, array([0.55  , 0.0193]), array([0.5421, 0.0118]), 0.7854, 1.0]
[20, array([0.55  , 0.0193]), array([0.5424, 0.0118]), 0.7854, 1.0]
[20, array([0.55  , 0.0193]), array([0.5427, 0.0118]), 0.7854, 1.0]
[20, array([0.55  , 0.0193]), array([0.543 , 0.0118]), 0.7854, 1.0]
[20, array([0.55  , 0.0193]), array([0.5433, 0.0118]), 0.7854, 1.0]
[20, array([0.55  , 0.0193]), array([0.5436, 0.0118]), 0.7854, 1.0]
[20, array([0.55  , 0.0193]), array([0.5439, 0.0118]), 0.7854, 0.0]
[20, array([0.55  , 0.0193]), array([0.5442, 0.0118]), 0.7854, 0.0]
[20, array([0.55  , 0.0193]), array([0.5445, 0.0118]), 0.7854, 0.0]
[20, array([0.55  , 0.0193]), array([0.5448, 0.0118]), 0.7854, 1.0]
[20, array([0.55  , 0.0193]), array([0.5451, 0.0118]), 0.7854, 1.0]
[20, array([0.55  , 0.0193]), array([0.5454, 0.0118]), 0.7854, 0.0]
[20, array([0.55  , 0.0193]), array([0.5457, 0.0118]), 0.7854, 1.0]
[20, array([0.55  , 0.0193]), array([0.546 , 0.0118]), 0.7854, 0.0]
[20, array([0.55  , 0.0193]), array([0.5463, 0.0118]), 0.7854, 0.0]
[20, array([0.55  , 0.0193]), array([0.5466, 0.0118]), 0.7854, 1.0]
[20, array([0.55  , 0.0193]), array([0.5469, 0.0118]), 0.7854, 1.0]
[20, array([0.55  , 0.0193]), array([0.5406, 0.0121]), 0.7854, 1.0]
[20, array([0.55  , 0.0193]), array([0.5409, 0.0121]), 0.7854, 1.0]
[20, array([0.55  , 0.0193]), array([0.5412, 0.0121]), 0.7854, 1.0]
[20, array([0.55  , 0.0193]), array([0.5415, 0.0121]), 0.7854, 1.0]
[20, array([0.55  , 0.0193]), array([0.5418, 0.0121]), 0.7854, 1.0]
[20, array([0.55  , 0.0193]), array([0.5421, 0.0121]), 0.7854, 1.0]
[20, array([0.55  , 0.0193]), array([0.5424, 0.0121]), 0.7854, 1.0]
[20, array([0.55  , 0.0193]), array([0.5427, 0.0121]), 0.7854, 1.0]
[20, array([0.55  , 0.0193]), array([0.543 , 0.0121]), 0.7854, 1.0]
[20, array([0.55  , 0.0193]), array([0.5433, 0.0121]), 0.7854, 1.0]
[20, array([0.55  , 0.0193]), array([0.5436, 0.0121]), 0.7854, 0.0]
[20, array([0.55  , 0.0193]), array([0.5439, 0.0121]), 0.7854, 0.0]
[20, array([0.55  , 0.0193]), array([0.5442, 0.0121]), 0.7854, 1.0]
[20, array([0.55  , 0.0193]), array([0.5445, 0.0121]), 0.7854, 1.0]
[20, array([0.55  , 0.0193]), array([0.5448, 0.0121]), 0.7854, 1.0]
[20, array([0.55  , 0.0193]), array([0.5451, 0.0121]), 0.7854, 0.0]
[20, array([0.55  , 0.0193]), array([0.5454, 0.0121]), 0.7854, 0.0]
[20, array([0.55  , 0.0193]), array([0.5457, 0.0121]), 0.7854, 0.0]
[20, array([0.55  , 0.0193]), array([0.546 , 0.0121]), 0.7854, 0.0]
[20, array([0.55  , 0.0193]), array([0.5463, 0.0121]), 0.7854, 1.0]
[20, array([0.55  , 0.0193]), array([0.5466, 0.0121]), 0.7854, 0.0]
[20, array([0.55  , 0.0193]), array([0.5469, 0.0121]), 0.7854, 0.0]
[20, array([0.55  , 0.0193]), array([0.5406, 0.0124]), 0.7854, 1.0]
[20, array([0.55  , 0.0193]), array([0.5409, 0.0124]), 0.7854, 1.0]
[20, array([0.55  , 0.0193]), array([0.5412, 0.0124]), 0.7854, 1.0]
[20, array([0.55  , 0.0193]), array([0.5415, 0.0124]), 0.7854, 1.0]
[20, array([0.55  , 0.0193]), array([0.5418, 0.0124]), 0.7854, 1.0]
[20, array([0.55  , 0.0193]), array([0.5421, 0.0124]), 0.7854, 1.0]
[20, array([0.55  , 0.0193]), array([0.5424, 0.0124]), 0.7854, 1.0]
[20, array([0.55  , 0.0193]), array([0.5427, 0.0124]), 0.7854, 1.0]
[20, array([0.55  , 0.0193]), array([0.543 , 0.0124]), 0.7854, 1.0]
[20, array([0.55  , 0.0193]), array([0.5433, 0.0124]), 0.7854, 1.0]
[20, array([0.55  , 0.0193]), array([0.5436, 0.0124]), 0.7854, 1.0]
[20, array([0.55  , 0.0193]), array([0.5439, 0.0124]), 0.7854, 1.0]
[20, array([0.55  , 0.0193]), array([0.5442, 0.0124]), 0.7854, 1.0]
[20, array([0.55  , 0.0193]), array([0.5445, 0.0124]), 0.7854, 0.0]
[20, array([0.55  , 0.0193]), array([0.5448, 0.0124]), 0.7854, 0.0]
[20, array([0.55  , 0.0193]), array([0.5451, 0.0124]), 0.7854, 0.0]
[20, array([0.55  , 0.0193]), array([0.5454, 0.0124]), 0.7854, 0.0]
[20, array([0.55  , 0.0193]), array([0.5457, 0.0124]), 0.7854, 0.0]
[20, array([0.55  , 0.0193]), array([0.546 , 0.0124]), 0.7854, 0.0]
[20, array([0.55  , 0.0193]), array([0.5463, 0.0124]), 0.7854, 0.0]
[20, array([0.55  , 0.0193]), array([0.5466, 0.0124]), 0.7854, 0.0]
[20, array([0.55  , 0.0193]), array([0.5469, 0.0124]), 0.7854, 0.0]
[20, array([0.55  , 0.0193]), array([0.5406, 0.0127]), 0.7854, 1.0]
[20, array([0.55  , 0.0193]), array([0.5409, 0.0127]), 0.7854, 1.0]
[20, array([0.55  , 0.0193]), array([0.5412, 0.0127]), 0.7854, 1.0]
[20, array([0.55  , 0.0193]), array([0.5415, 0.0127]), 0.7854, 1.0]
[20, array([0.55  , 0.0193]), array([0.5418, 0.0127]), 0.7854, 1.0]
[20, array([0.55  , 0.0193]), array([0.5421, 0.0127]), 0.7854, 1.0]
[20, array([0.55  , 0.0193]), array([0.5424, 0.0127]), 0.7854, 1.0]
[20, array([0.55  , 0.0193]), array([0.5427, 0.0127]), 0.7854, 1.0]
[20, array([0.55  , 0.0193]), array([0.543 , 0.0127]), 0.7854, 1.0]
[20, array([0.55  , 0.0193]), array([0.5433, 0.0127]), 0.7854, 1.0]
[20, array([0.55  , 0.0193]), array([0.5436, 0.0127]), 0.7854, 0.0]
[20, array([0.55  , 0.0193]), array([0.5439, 0.0127]), 0.7854, 1.0]
[20, array([0.55  , 0.0193]), array([0.5442, 0.0127]), 0.7854, 1.0]
[20, array([0.55  , 0.0193]), array([0.5445, 0.0127]), 0.7854, 0.0]
[20, array([0.55  , 0.0193]), array([0.5448, 0.0127]), 0.7854, 0.0]
[20, array([0.55  , 0.0193]), array([0.5451, 0.0127]), 0.7854, 0.0]
[20, array([0.55  , 0.0193]), array([0.5454, 0.0127]), 0.7854, 1.0]
[20, array([0.55  , 0.0193]), array([0.5457, 0.0127]), 0.7854, 1.0]
[20, array([0.55  , 0.0193]), array([0.546 , 0.0127]), 0.7854, 0.0]
[20, array([0.55  , 0.0193]), array([0.5463, 0.0127]), 0.7854, 0.0]
[20, array([0.55  , 0.0193]), array([0.5466, 0.0127]), 0.7854, 0.0]
[20, array([0.55  , 0.0193]), array([0.5469, 0.0127]), 0.7854, 0.0]
[20, array([0.55  , 0.0193]), array([0.5406, 0.013 ]), 0.7854, 1.0]
[20, array([0.55  , 0.0193]), array([0.5409, 0.013 ]), 0.7854, 1.0]
[20, array([0.55  , 0.0193]), array([0.5412, 0.013 ]), 0.7854, 1.0]
[20, array([0.55  , 0.0193]), array([0.5415, 0.013 ]), 0.7854, 1.0]
[20, array([0.55  , 0.0193]), array([0.5418, 0.013 ]), 0.7854, 1.0]
[20, array([0.55  , 0.0193]), array([0.5421, 0.013 ]), 0.7854, 1.0]
[20, array([0.55  , 0.0193]), array([0.5424, 0.013 ]), 0.7854, 1.0]
[20, array([0.55  , 0.0193]), array([0.5427, 0.013 ]), 0.7854, 1.0]
[20, array([0.55  , 0.0193]), array([0.543, 0.013]), 0.7854, 1.0]
[20, array([0.55  , 0.0193]), array([0.5433, 0.013 ]), 0.7854, 1.0]
[20, array([0.55  , 0.0193]), array([0.5436, 0.013 ]), 0.7854, 0.0]
[20, array([0.55  , 0.0193]), array([0.5439, 0.013 ]), 0.7854, 0.0]
[20, array([0.55  , 0.0193]), array([0.5442, 0.013 ]), 0.7854, 0.0]
[20, array([0.55  , 0.0193]), array([0.5445, 0.013 ]), 0.7854, 1.0]
[20, array([0.55  , 0.0193]), array([0.5448, 0.013 ]), 0.7854, 1.0]
[20, array([0.55  , 0.0193]), array([0.5451, 0.013 ]), 0.7854, 1.0]
[20, array([0.55  , 0.0193]), array([0.5454, 0.013 ]), 0.7854, 1.0]
[20, array([0.55  , 0.0193]), array([0.5457, 0.013 ]), 0.7854, 0.0]
[20, array([0.55  , 0.0193]), array([0.546, 0.013]), 0.7854, 0.0]
[20, array([0.55  , 0.0193]), array([0.5463, 0.013 ]), 0.7854, 1.0]
[20, array([0.55  , 0.0193]), array([0.5466, 0.013 ]), 0.7854, 1.0]
[20, array([0.55  , 0.0193]), array([0.5469, 0.013 ]), 0.7854, 1.0]
[20, array([0.55  , 0.0193]), array([0.5406, 0.0133]), 0.7854, 1.0]
[20, array([0.55  , 0.0193]), array([0.5409, 0.0133]), 0.7854, 1.0]
[20, array([0.55  , 0.0193]), array([0.5412, 0.0133]), 0.7854, 1.0]
[20, array([0.55  , 0.0193]), array([0.5415, 0.0133]), 0.7854, 1.0]
[20, array([0.55  , 0.0193]), array([0.5418, 0.0133]), 0.7854, 1.0]
[20, array([0.55  , 0.0193]), array([0.5421, 0.0133]), 0.7854, 1.0]
[20, array([0.55  , 0.0193]), array([0.5424, 0.0133]), 0.7854, 1.0]
[20, array([0.55  , 0.0193]), array([0.5427, 0.0133]), 0.7854, 1.0]
[20, array([0.55  , 0.0193]), array([0.543 , 0.0133]), 0.7854, 1.0]
[20, array([0.55  , 0.0193]), array([0.5433, 0.0133]), 0.7854, 1.0]
[20, array([0.55  , 0.0193]), array([0.5436, 0.0133]), 0.7854, 1.0]
[20, array([0.55  , 0.0193]), array([0.5439, 0.0133]), 0.7854, 1.0]
[20, array([0.55  , 0.0193]), array([0.5442, 0.0133]), 0.7854, 0.0]
[20, array([0.55  , 0.0193]), array([0.5445, 0.0133]), 0.7854, 1.0]
[20, array([0.55  , 0.0193]), array([0.5448, 0.0133]), 0.7854, 1.0]
[20, array([0.55  , 0.0193]), array([0.5451, 0.0133]), 0.7854, 0.0]
[20, array([0.55  , 0.0193]), array([0.5454, 0.0133]), 0.7854, 0.0]
[20, array([0.55  , 0.0193]), array([0.5457, 0.0133]), 0.7854, 0.0]
[20, array([0.55  , 0.0193]), array([0.546 , 0.0133]), 0.7854, 1.0]
[20, array([0.55  , 0.0193]), array([0.5463, 0.0133]), 0.7854, 1.0]
[20, array([0.55  , 0.0193]), array([0.5466, 0.0133]), 0.7854, 0.0]
[20, array([0.55  , 0.0193]), array([0.5469, 0.0133]), 0.7854, 0.0]
[20, array([0.55  , 0.0193]), array([0.5406, 0.0136]), 0.7854, 1.0]
[20, array([0.55  , 0.0193]), array([0.5409, 0.0136]), 0.7854, 1.0]
[20, array([0.55  , 0.0193]), array([0.5412, 0.0136]), 0.7854, 1.0]
[20, array([0.55  , 0.0193]), array([0.5415, 0.0136]), 0.7854, 1.0]
[20, array([0.55  , 0.0193]), array([0.5418, 0.0136]), 0.7854, 1.0]
[20, array([0.55  , 0.0193]), array([0.5421, 0.0136]), 0.7854, 1.0]
[20, array([0.55  , 0.0193]), array([0.5424, 0.0136]), 0.7854, 1.0]
[20, array([0.55  , 0.0193]), array([0.5427, 0.0136]), 0.7854, 1.0]
[20, array([0.55  , 0.0193]), array([0.543 , 0.0136]), 0.7854, 1.0]
[20, array([0.55  , 0.0193]), array([0.5433, 0.0136]), 0.7854, 1.0]
[20, array([0.55  , 0.0193]), array([0.5436, 0.0136]), 0.7854, 1.0]
[20, array([0.55  , 0.0193]), array([0.5439, 0.0136]), 0.7854, 1.0]
[20, array([0.55  , 0.0193]), array([0.5442, 0.0136]), 0.7854, 1.0]
[20, array([0.55  , 0.0193]), array([0.5445, 0.0136]), 0.7854, 1.0]
[20, array([0.55  , 0.0193]), array([0.5448, 0.0136]), 0.7854, 0.0]
[20, array([0.55  , 0.0193]), array([0.5451, 0.0136]), 0.7854, 0.0]
[20, array([0.55  , 0.0193]), array([0.5454, 0.0136]), 0.7854, 0.0]
[20, array([0.55  , 0.0193]), array([0.5457, 0.0136]), 0.7854, 0.0]
[20, array([0.55  , 0.0193]), array([0.546 , 0.0136]), 0.7854, 0.0]
[20, array([0.55  , 0.0193]), array([0.5463, 0.0136]), 0.7854, 0.0]
[20, array([0.55  , 0.0193]), array([0.5466, 0.0136]), 0.7854, 0.0]
[20, array([0.55  , 0.0193]), array([0.5469, 0.0136]), 0.7854, 1.0]
[20, array([0.55  , 0.0193]), array([0.5406, 0.0139]), 0.7854, 0.0]
[20, array([0.55  , 0.0193]), array([0.5409, 0.0139]), 0.7854, 1.0]
[20, array([0.55  , 0.0193]), array([0.5412, 0.0139]), 0.7854, 1.0]
[20, array([0.55  , 0.0193]), array([0.5415, 0.0139]), 0.7854, 1.0]
[20, array([0.55  , 0.0193]), array([0.5418, 0.0139]), 0.7854, 1.0]
[20, array([0.55  , 0.0193]), array([0.5421, 0.0139]), 0.7854, 1.0]
[20, array([0.55  , 0.0193]), array([0.5424, 0.0139]), 0.7854, 1.0]
[20, array([0.55  , 0.0193]), array([0.5427, 0.0139]), 0.7854, 1.0]
[20, array([0.55  , 0.0193]), array([0.543 , 0.0139]), 0.7854, 1.0]
[20, array([0.55  , 0.0193]), array([0.5433, 0.0139]), 0.7854, 1.0]
[20, array([0.55  , 0.0193]), array([0.5436, 0.0139]), 0.7854, 1.0]
[20, array([0.55  , 0.0193]), array([0.5439, 0.0139]), 0.7854, 1.0]
[20, array([0.55  , 0.0193]), array([0.5442, 0.0139]), 0.7854, 1.0]
[20, array([0.55  , 0.0193]), array([0.5445, 0.0139]), 0.7854, 1.0]
[20, array([0.55  , 0.0193]), array([0.5448, 0.0139]), 0.7854, 1.0]
[20, array([0.55  , 0.0193]), array([0.5451, 0.0139]), 0.7854, 1.0]
[20, array([0.55  , 0.0193]), array([0.5454, 0.0139]), 0.7854, 0.0]
[20, array([0.55  , 0.0193]), array([0.5457, 0.0139]), 0.7854, 0.0]
[20, array([0.55  , 0.0193]), array([0.546 , 0.0139]), 0.7854, 0.0]
[20, array([0.55  , 0.0193]), array([0.5463, 0.0139]), 0.7854, 1.0]
[20, array([0.55  , 0.0193]), array([0.5466, 0.0139]), 0.7854, 1.0]
[20, array([0.55  , 0.0193]), array([0.5469, 0.0139]), 0.7854, 1.0]
[20, array([0.55  , 0.0193]), array([0.5406, 0.0142]), 0.7854, 1.0]
[20, array([0.55  , 0.0193]), array([0.5409, 0.0142]), 0.7854, 1.0]
[20, array([0.55  , 0.0193]), array([0.5412, 0.0142]), 0.7854, 1.0]
[20, array([0.55  , 0.0193]), array([0.5415, 0.0142]), 0.7854, 1.0]
[20, array([0.55  , 0.0193]), array([0.5418, 0.0142]), 0.7854, 1.0]
[20, array([0.55  , 0.0193]), array([0.5421, 0.0142]), 0.7854, 1.0]
[20, array([0.55  , 0.0193]), array([0.5424, 0.0142]), 0.7854, 1.0]
[20, array([0.55  , 0.0193]), array([0.5427, 0.0142]), 0.7854, 1.0]
[20, array([0.55  , 0.0193]), array([0.543 , 0.0142]), 0.7854, 1.0]
[20, array([0.55  , 0.0193]), array([0.5433, 0.0142]), 0.7854, 1.0]
[20, array([0.55  , 0.0193]), array([0.5436, 0.0142]), 0.7854, 1.0]
[20, array([0.55  , 0.0193]), array([0.5439, 0.0142]), 0.7854, 1.0]
[20, array([0.55  , 0.0193]), array([0.5442, 0.0142]), 0.7854, 1.0]
[20, array([0.55  , 0.0193]), array([0.5445, 0.0142]), 0.7854, 1.0]
[20, array([0.55  , 0.0193]), array([0.5448, 0.0142]), 0.7854, 1.0]
[20, array([0.55  , 0.0193]), array([0.5451, 0.0142]), 0.7854, 1.0]
[20, array([0.55  , 0.0193]), array([0.5454, 0.0142]), 0.7854, 1.0]
[20, array([0.55  , 0.0193]), array([0.5457, 0.0142]), 0.7854, 1.0]
[20, array([0.55  , 0.0193]), array([0.546 , 0.0142]), 0.7854, 1.0]
[20, array([0.55  , 0.0193]), array([0.5463, 0.0142]), 0.7854, 1.0]
[20, array([0.55  , 0.0193]), array([0.5466, 0.0142]), 0.7854, 0.0]
[20, array([0.55  , 0.0193]), array([0.5469, 0.0142]), 0.7854, 0.0]
[20, array([0.55  , 0.0193]), array([0.5406, 0.0145]), 0.7854, 0.0]
[20, array([0.55  , 0.0193]), array([0.5409, 0.0145]), 0.7854, 1.0]
[20, array([0.55  , 0.0193]), array([0.5412, 0.0145]), 0.7854, 1.0]
[20, array([0.55  , 0.0193]), array([0.5415, 0.0145]), 0.7854, 1.0]
[20, array([0.55  , 0.0193]), array([0.5418, 0.0145]), 0.7854, 1.0]
[20, array([0.55  , 0.0193]), array([0.5421, 0.0145]), 0.7854, 1.0]
[20, array([0.55  , 0.0193]), array([0.5424, 0.0145]), 0.7854, 1.0]
[20, array([0.55  , 0.0193]), array([0.5427, 0.0145]), 0.7854, 1.0]
[20, array([0.55  , 0.0193]), array([0.543 , 0.0145]), 0.7854, 1.0]
[20, array([0.55  , 0.0193]), array([0.5433, 0.0145]), 0.7854, 1.0]
[20, array([0.55  , 0.0193]), array([0.5436, 0.0145]), 0.7854, 1.0]
[20, array([0.55  , 0.0193]), array([0.5439, 0.0145]), 0.7854, 1.0]
[20, array([0.55  , 0.0193]), array([0.5442, 0.0145]), 0.7854, 1.0]
[20, array([0.55  , 0.0193]), array([0.5445, 0.0145]), 0.7854, 1.0]
[20, array([0.55  , 0.0193]), array([0.5448, 0.0145]), 0.7854, 1.0]
[20, array([0.55  , 0.0193]), array([0.5451, 0.0145]), 0.7854, 1.0]
[20, array([0.55  , 0.0193]), array([0.5454, 0.0145]), 0.7854, 1.0]
[20, array([0.55  , 0.0193]), array([0.5457, 0.0145]), 0.7854, 1.0]
[20, array([0.55  , 0.0193]), array([0.546 , 0.0145]), 0.7854, 1.0]
[20, array([0.55  , 0.0193]), array([0.5463, 0.0145]), 0.7854, 1.0]
[20, array([0.55  , 0.0193]), array([0.5466, 0.0145]), 0.7854, 0.0]
[20, array([0.55  , 0.0193]), array([0.5469, 0.0145]), 0.7854, 0.0]
[20, array([0.55  , 0.0193]), array([0.5406, 0.0148]), 0.7854, 0.0]
[20, array([0.55  , 0.0193]), array([0.5409, 0.0148]), 0.7854, 0.0]
[20, array([0.55  , 0.0193]), array([0.5412, 0.0148]), 0.7854, 1.0]
[20, array([0.55  , 0.0193]), array([0.5415, 0.0148]), 0.7854, 1.0]
[20, array([0.55  , 0.0193]), array([0.5418, 0.0148]), 0.7854, 1.0]
[20, array([0.55  , 0.0193]), array([0.5421, 0.0148]), 0.7854, 1.0]
[20, array([0.55  , 0.0193]), array([0.5424, 0.0148]), 0.7854, 1.0]
[20, array([0.55  , 0.0193]), array([0.5427, 0.0148]), 0.7854, 1.0]
[20, array([0.55  , 0.0193]), array([0.543 , 0.0148]), 0.7854, 1.0]
[20, array([0.55  , 0.0193]), array([0.5433, 0.0148]), 0.7854, 1.0]
[20, array([0.55  , 0.0193]), array([0.5436, 0.0148]), 0.7854, 1.0]
[20, array([0.55  , 0.0193]), array([0.5439, 0.0148]), 0.7854, 1.0]
[20, array([0.55  , 0.0193]), array([0.5442, 0.0148]), 0.7854, 1.0]
[20, array([0.55  , 0.0193]), array([0.5445, 0.0148]), 0.7854, 1.0]
[20, array([0.55  , 0.0193]), array([0.5448, 0.0148]), 0.7854, 1.0]
[20, array([0.55  , 0.0193]), array([0.5451, 0.0148]), 0.7854, 1.0]
[20, array([0.55  , 0.0193]), array([0.5454, 0.0148]), 0.7854, 1.0]
[20, array([0.55  , 0.0193]), array([0.5457, 0.0148]), 0.7854, 1.0]
[20, array([0.55  , 0.0193]), array([0.546 , 0.0148]), 0.7854, 1.0]
[20, array([0.55  , 0.0193]), array([0.5463, 0.0148]), 0.7854, 1.0]
[20, array([0.55  , 0.0193]), array([0.5466, 0.0148]), 0.7854, 1.0]
[20, array([0.55  , 0.0193]), array([0.5469, 0.0148]), 0.7854, 1.0]
[20, array([0.55  , 0.0193]), array([0.5406, 0.0151]), 0.7854, 0.0]
[20, array([0.55  , 0.0193]), array([0.5409, 0.0151]), 0.7854, 0.0]
[20, array([0.55  , 0.0193]), array([0.5412, 0.0151]), 0.7854, 0.0]
[20, array([0.55  , 0.0193]), array([0.5415, 0.0151]), 0.7854, 1.0]
[20, array([0.55  , 0.0193]), array([0.5418, 0.0151]), 0.7854, 1.0]
[20, array([0.55  , 0.0193]), array([0.5421, 0.0151]), 0.7854, 1.0]
[20, array([0.55  , 0.0193]), array([0.5424, 0.0151]), 0.7854, 1.0]
[20, array([0.55  , 0.0193]), array([0.5427, 0.0151]), 0.7854, 1.0]
[20, array([0.55  , 0.0193]), array([0.543 , 0.0151]), 0.7854, 1.0]
[20, array([0.55  , 0.0193]), array([0.5433, 0.0151]), 0.7854, 1.0]
[20, array([0.55  , 0.0193]), array([0.5436, 0.0151]), 0.7854, 1.0]
[20, array([0.55  , 0.0193]), array([0.5439, 0.0151]), 0.7854, 1.0]
[20, array([0.55  , 0.0193]), array([0.5442, 0.0151]), 0.7854, 1.0]
[20, array([0.55  , 0.0193]), array([0.5445, 0.0151]), 0.7854, 1.0]
[20, array([0.55  , 0.0193]), array([0.5448, 0.0151]), 0.7854, 1.0]
[20, array([0.55  , 0.0193]), array([0.5451, 0.0151]), 0.7854, 1.0]
[20, array([0.55  , 0.0193]), array([0.5454, 0.0151]), 0.7854, 1.0]
[20, array([0.55  , 0.0193]), array([0.5457, 0.0151]), 0.7854, 1.0]
[20, array([0.55  , 0.0193]), array([0.546 , 0.0151]), 0.7854, 1.0]
[20, array([0.55  , 0.0193]), array([0.5463, 0.0151]), 0.7854, 1.0]
[20, array([0.55  , 0.0193]), array([0.5466, 0.0151]), 0.7854, 1.0]
[20, array([0.55  , 0.0193]), array([0.5469, 0.0151]), 0.7854, 1.0]
[20, array([0.55  , 0.0193]), array([0.5406, 0.0154]), 0.7854, 1.0]
[20, array([0.55  , 0.0193]), array([0.5409, 0.0154]), 0.7854, 0.0]
[20, array([0.55  , 0.0193]), array([0.5412, 0.0154]), 0.7854, 0.0]
[20, array([0.55  , 0.0193]), array([0.5415, 0.0154]), 0.7854, 0.0]
[20, array([0.55  , 0.0193]), array([0.5418, 0.0154]), 0.7854, 1.0]
[20, array([0.55  , 0.0193]), array([0.5421, 0.0154]), 0.7854, 1.0]
[20, array([0.55  , 0.0193]), array([0.5424, 0.0154]), 0.7854, 1.0]
[20, array([0.55  , 0.0193]), array([0.5427, 0.0154]), 0.7854, 1.0]
[20, array([0.55  , 0.0193]), array([0.543 , 0.0154]), 0.7854, 1.0]
[20, array([0.55  , 0.0193]), array([0.5433, 0.0154]), 0.7854, 1.0]
[20, array([0.55  , 0.0193]), array([0.5436, 0.0154]), 0.7854, 1.0]
[20, array([0.55  , 0.0193]), array([0.5439, 0.0154]), 0.7854, 1.0]
[20, array([0.55  , 0.0193]), array([0.5442, 0.0154]), 0.7854, 1.0]
[20, array([0.55  , 0.0193]), array([0.5445, 0.0154]), 0.7854, 1.0]
[20, array([0.55  , 0.0193]), array([0.5448, 0.0154]), 0.7854, 1.0]
[20, array([0.55  , 0.0193]), array([0.5451, 0.0154]), 0.7854, 1.0]
[20, array([0.55  , 0.0193]), array([0.5454, 0.0154]), 0.7854, 1.0]
[20, array([0.55  , 0.0193]), array([0.5457, 0.0154]), 0.7854, 1.0]
[20, array([0.55  , 0.0193]), array([0.546 , 0.0154]), 0.7854, 1.0]
[20, array([0.55  , 0.0193]), array([0.5463, 0.0154]), 0.7854, 1.0]
[20, array([0.55  , 0.0193]), array([0.5466, 0.0154]), 0.7854, 1.0]
[20, array([0.55  , 0.0193]), array([0.5469, 0.0154]), 0.7854, 1.0]
[20, array([0.55  , 0.0193]), array([0.5406, 0.0157]), 0.7854, 0.0]
[20, array([0.55  , 0.0193]), array([0.5409, 0.0157]), 0.7854, 1.0]
[20, array([0.55  , 0.0193]), array([0.5412, 0.0157]), 0.7854, 0.0]
[20, array([0.55  , 0.0193]), array([0.5415, 0.0157]), 0.7854, 0.0]
[20, array([0.55  , 0.0193]), array([0.5418, 0.0157]), 0.7854, 1.0]
[20, array([0.55  , 0.0193]), array([0.5421, 0.0157]), 0.7854, 1.0]
[20, array([0.55  , 0.0193]), array([0.5424, 0.0157]), 0.7854, 1.0]
[20, array([0.55  , 0.0193]), array([0.5427, 0.0157]), 0.7854, 1.0]
[20, array([0.55  , 0.0193]), array([0.543 , 0.0157]), 0.7854, 1.0]
[20, array([0.55  , 0.0193]), array([0.5433, 0.0157]), 0.7854, 1.0]
[20, array([0.55  , 0.0193]), array([0.5436, 0.0157]), 0.7854, 1.0]
[20, array([0.55  , 0.0193]), array([0.5439, 0.0157]), 0.7854, 1.0]
[20, array([0.55  , 0.0193]), array([0.5442, 0.0157]), 0.7854, 1.0]
[20, array([0.55  , 0.0193]), array([0.5445, 0.0157]), 0.7854, 1.0]
[20, array([0.55  , 0.0193]), array([0.5448, 0.0157]), 0.7854, 1.0]
[20, array([0.55  , 0.0193]), array([0.5451, 0.0157]), 0.7854, 1.0]
[20, array([0.55  , 0.0193]), array([0.5454, 0.0157]), 0.7854, 1.0]
[20, array([0.55  , 0.0193]), array([0.5457, 0.0157]), 0.7854, 1.0]
[20, array([0.55  , 0.0193]), array([0.546 , 0.0157]), 0.7854, 1.0]
[20, array([0.55  , 0.0193]), array([0.5463, 0.0157]), 0.7854, 1.0]
[20, array([0.55  , 0.0193]), array([0.5466, 0.0157]), 0.7854, 1.0]
[20, array([0.55  , 0.0193]), array([0.5469, 0.0157]), 0.7854, 1.0]
[20, array([0.55  , 0.0193]), array([0.5406, 0.016 ]), 0.7854, 0.0]
[20, array([0.55  , 0.0193]), array([0.5409, 0.016 ]), 0.7854, 1.0]
[20, array([0.55  , 0.0193]), array([0.5412, 0.016 ]), 0.7854, 0.0]
[20, array([0.55  , 0.0193]), array([0.5415, 0.016 ]), 0.7854, 0.0]
[20, array([0.55  , 0.0193]), array([0.5418, 0.016 ]), 0.7854, 0.0]
[20, array([0.55  , 0.0193]), array([0.5421, 0.016 ]), 0.7854, 1.0]
[20, array([0.55  , 0.0193]), array([0.5424, 0.016 ]), 0.7854, 1.0]
[20, array([0.55  , 0.0193]), array([0.5427, 0.016 ]), 0.7854, 1.0]
[20, array([0.55  , 0.0193]), array([0.543, 0.016]), 0.7854, 1.0]
[20, array([0.55  , 0.0193]), array([0.5433, 0.016 ]), 0.7854, 1.0]
[20, array([0.55  , 0.0193]), array([0.5436, 0.016 ]), 0.7854, 1.0]
[20, array([0.55  , 0.0193]), array([0.5439, 0.016 ]), 0.7854, 1.0]
[20, array([0.55  , 0.0193]), array([0.5442, 0.016 ]), 0.7854, 1.0]
[20, array([0.55  , 0.0193]), array([0.5445, 0.016 ]), 0.7854, 1.0]
[20, array([0.55  , 0.0193]), array([0.5448, 0.016 ]), 0.7854, 1.0]
[20, array([0.55  , 0.0193]), array([0.5451, 0.016 ]), 0.7854, 1.0]
[20, array([0.55  , 0.0193]), array([0.5454, 0.016 ]), 0.7854, 1.0]
[20, array([0.55  , 0.0193]), array([0.5457, 0.016 ]), 0.7854, 1.0]
[20, array([0.55  , 0.0193]), array([0.546, 0.016]), 0.7854, 1.0]
[20, array([0.55  , 0.0193]), array([0.5463, 0.016 ]), 0.7854, 1.0]
[20, array([0.55  , 0.0193]), array([0.5466, 0.016 ]), 0.7854, 1.0]
[20, array([0.55  , 0.0193]), array([0.5469, 0.016 ]), 0.7854, 1.0]
[20, array([0.55  , 0.0193]), array([0.5406, 0.0163]), 0.7854, 0.0]
[20, array([0.55  , 0.0193]), array([0.5409, 0.0163]), 0.7854, 0.0]
[20, array([0.55  , 0.0193]), array([0.5412, 0.0163]), 0.7854, 0.0]
[20, array([0.55  , 0.0193]), array([0.5415, 0.0163]), 0.7854, 0.0]
[20, array([0.55  , 0.0193]), array([0.5418, 0.0163]), 0.7854, 0.0]
[20, array([0.55  , 0.0193]), array([0.5421, 0.0163]), 0.7854, 1.0]
[20, array([0.55  , 0.0193]), array([0.5424, 0.0163]), 0.7854, 1.0]
[20, array([0.55  , 0.0193]), array([0.5427, 0.0163]), 0.7854, 1.0]
[20, array([0.55  , 0.0193]), array([0.543 , 0.0163]), 0.7854, 1.0]
[20, array([0.55  , 0.0193]), array([0.5433, 0.0163]), 0.7854, 1.0]
[20, array([0.55  , 0.0193]), array([0.5436, 0.0163]), 0.7854, 1.0]
[20, array([0.55  , 0.0193]), array([0.5439, 0.0163]), 0.7854, 1.0]
[20, array([0.55  , 0.0193]), array([0.5442, 0.0163]), 0.7854, 1.0]
[20, array([0.55  , 0.0193]), array([0.5445, 0.0163]), 0.7854, 1.0]
[20, array([0.55  , 0.0193]), array([0.5448, 0.0163]), 0.7854, 1.0]
[20, array([0.55  , 0.0193]), array([0.5451, 0.0163]), 0.7854, 1.0]
[20, array([0.55  , 0.0193]), array([0.5454, 0.0163]), 0.7854, 1.0]
[20, array([0.55  , 0.0193]), array([0.5457, 0.0163]), 0.7854, 1.0]
[20, array([0.55  , 0.0193]), array([0.546 , 0.0163]), 0.7854, 1.0]
[20, array([0.55  , 0.0193]), array([0.5463, 0.0163]), 0.7854, 1.0]
[20, array([0.55  , 0.0193]), array([0.5466, 0.0163]), 0.7854, 1.0]
[20, array([0.55  , 0.0193]), array([0.5469, 0.0163]), 0.7854, 1.0]
[20, array([0.55  , 0.0193]), array([0.5406, 0.0166]), 0.7854, 0.0]
[20, array([0.55  , 0.0193]), array([0.5409, 0.0166]), 0.7854, 0.0]
[20, array([0.55  , 0.0193]), array([0.5412, 0.0166]), 0.7854, 1.0]
[20, array([0.55  , 0.0193]), array([0.5415, 0.0166]), 0.7854, 0.0]
[20, array([0.55  , 0.0193]), array([0.5418, 0.0166]), 0.7854, 0.0]
[20, array([0.55  , 0.0193]), array([0.5421, 0.0166]), 0.7854, 0.0]
[20, array([0.55  , 0.0193]), array([0.5424, 0.0166]), 0.7854, 1.0]
[20, array([0.55  , 0.0193]), array([0.5427, 0.0166]), 0.7854, 1.0]
[20, array([0.55  , 0.0193]), array([0.543 , 0.0166]), 0.7854, 1.0]
[20, array([0.55  , 0.0193]), array([0.5433, 0.0166]), 0.7854, 1.0]
[20, array([0.55  , 0.0193]), array([0.5436, 0.0166]), 0.7854, 1.0]
[20, array([0.55  , 0.0193]), array([0.5439, 0.0166]), 0.7854, 1.0]
[20, array([0.55  , 0.0193]), array([0.5442, 0.0166]), 0.7854, 1.0]
[20, array([0.55  , 0.0193]), array([0.5445, 0.0166]), 0.7854, 1.0]
[20, array([0.55  , 0.0193]), array([0.5448, 0.0166]), 0.7854, 1.0]
[20, array([0.55  , 0.0193]), array([0.5451, 0.0166]), 0.7854, 1.0]
[20, array([0.55  , 0.0193]), array([0.5454, 0.0166]), 0.7854, 1.0]
[20, array([0.55  , 0.0193]), array([0.5457, 0.0166]), 0.7854, 1.0]
[20, array([0.55  , 0.0193]), array([0.546 , 0.0166]), 0.7854, 1.0]
[20, array([0.55  , 0.0193]), array([0.5463, 0.0166]), 0.7854, 1.0]
[20, array([0.55  , 0.0193]), array([0.5466, 0.0166]), 0.7854, 1.0]
[20, array([0.55  , 0.0193]), array([0.5469, 0.0166]), 0.7854, 1.0]
[20, array([0.55  , 0.0193]), array([0.5406, 0.0169]), 0.7854, 0.0]
[20, array([0.55  , 0.0193]), array([0.5409, 0.0169]), 0.7854, 0.0]
[20, array([0.55  , 0.0193]), array([0.5412, 0.0169]), 0.7854, 0.0]
[20, array([0.55  , 0.0193]), array([0.5415, 0.0169]), 0.7854, 1.0]
[20, array([0.55  , 0.0193]), array([0.5418, 0.0169]), 0.7854, 0.0]
[20, array([0.55  , 0.0193]), array([0.5421, 0.0169]), 0.7854, 0.0]
[20, array([0.55  , 0.0193]), array([0.5424, 0.0169]), 0.7854, 0.0]
[20, array([0.55  , 0.0193]), array([0.5427, 0.0169]), 0.7854, 1.0]
[20, array([0.55  , 0.0193]), array([0.543 , 0.0169]), 0.7854, 1.0]
[20, array([0.55  , 0.0193]), array([0.5433, 0.0169]), 0.7854, 1.0]
[20, array([0.55  , 0.0193]), array([0.5436, 0.0169]), 0.7854, 1.0]
[20, array([0.55  , 0.0193]), array([0.5439, 0.0169]), 0.7854, 1.0]
[20, array([0.55  , 0.0193]), array([0.5442, 0.0169]), 0.7854, 1.0]
[20, array([0.55  , 0.0193]), array([0.5445, 0.0169]), 0.7854, 1.0]
[20, array([0.55  , 0.0193]), array([0.5448, 0.0169]), 0.7854, 1.0]
[20, array([0.55  , 0.0193]), array([0.5451, 0.0169]), 0.7854, 1.0]
[20, array([0.55  , 0.0193]), array([0.5454, 0.0169]), 0.7854, 1.0]
[20, array([0.55  , 0.0193]), array([0.5457, 0.0169]), 0.7854, 1.0]
[20, array([0.55  , 0.0193]), array([0.546 , 0.0169]), 0.7854, 1.0]
[20, array([0.55  , 0.0193]), array([0.5463, 0.0169]), 0.7854, 1.0]
[20, array([0.55  , 0.0193]), array([0.5466, 0.0169]), 0.7854, 1.0]
[20, array([0.55  , 0.0193]), array([0.5469, 0.0169]), 0.7854, 1.0]
[20, array([0.55  , 0.0193]), array([0.5406, 0.0172]), 0.7854, 0.0]
[20, array([0.55  , 0.0193]), array([0.5409, 0.0172]), 0.7854, 0.0]
[20, array([0.55  , 0.0193]), array([0.5412, 0.0172]), 0.7854, 0.0]
[20, array([0.55  , 0.0193]), array([0.5415, 0.0172]), 0.7854, 0.0]
[20, array([0.55  , 0.0193]), array([0.5418, 0.0172]), 0.7854, 1.0]
[20, array([0.55  , 0.0193]), array([0.5421, 0.0172]), 0.7854, 0.0]
[20, array([0.55  , 0.0193]), array([0.5424, 0.0172]), 0.7854, 0.0]
[20, array([0.55  , 0.0193]), array([0.5427, 0.0172]), 0.7854, 0.0]
[20, array([0.55  , 0.0193]), array([0.543 , 0.0172]), 0.7854, 1.0]
[20, array([0.55  , 0.0193]), array([0.5433, 0.0172]), 0.7854, 1.0]
[20, array([0.55  , 0.0193]), array([0.5436, 0.0172]), 0.7854, 1.0]
[20, array([0.55  , 0.0193]), array([0.5439, 0.0172]), 0.7854, 1.0]
[20, array([0.55  , 0.0193]), array([0.5442, 0.0172]), 0.7854, 1.0]
[20, array([0.55  , 0.0193]), array([0.5445, 0.0172]), 0.7854, 1.0]
[20, array([0.55  , 0.0193]), array([0.5448, 0.0172]), 0.7854, 1.0]
[20, array([0.55  , 0.0193]), array([0.5451, 0.0172]), 0.7854, 1.0]
[20, array([0.55  , 0.0193]), array([0.5454, 0.0172]), 0.7854, 1.0]
[20, array([0.55  , 0.0193]), array([0.5457, 0.0172]), 0.7854, 1.0]
[20, array([0.55  , 0.0193]), array([0.546 , 0.0172]), 0.7854, 1.0]
[20, array([0.55  , 0.0193]), array([0.5463, 0.0172]), 0.7854, 1.0]
[20, array([0.55  , 0.0193]), array([0.5466, 0.0172]), 0.7854, 1.0]
[20, array([0.55  , 0.0193]), array([0.5469, 0.0172]), 0.7854, 1.0]
[19, array([ 0.472 , -0.0095]), array([ 0.4641, -0.0219]), 0.7854, 0.0]
[19, array([ 0.472 , -0.0095]), array([ 0.46469524, -0.0219    ]), 0.7854, 0.0]
[19, array([ 0.472 , -0.0095]), array([ 0.46529048, -0.0219    ]), 0.7854, 0.0]
[19, array([ 0.472 , -0.0095]), array([ 0.46588571, -0.0219    ]), 0.7854, 0.0]
[19, array([ 0.472 , -0.0095]), array([ 0.46648095, -0.0219    ]), 0.7854, 0.0]
[19, array([ 0.472 , -0.0095]), array([ 0.46707619, -0.0219    ]), 0.7854, 0.0]
[19, array([ 0.472 , -0.0095]), array([ 0.46767143, -0.0219    ]), 0.7854, 0.0]
[19, array([ 0.472 , -0.0095]), array([ 0.46826667, -0.0219    ]), 0.7854, 0.0]
[19, array([ 0.472 , -0.0095]), array([ 0.4688619, -0.0219   ]), 0.7854, 0.0]
[19, array([ 0.472 , -0.0095]), array([ 0.46945714, -0.0219    ]), 0.7854, 0.0]
[19, array([ 0.472 , -0.0095]), array([ 0.47005238, -0.0219    ]), 0.7854, 0.0]
[19, array([ 0.472 , -0.0095]), array([ 0.47064762, -0.0219    ]), 0.7854, 0.0]
[19, array([ 0.472 , -0.0095]), array([ 0.47124286, -0.0219    ]), 0.7854, 0.0]
[19, array([ 0.472 , -0.0095]), array([ 0.4718381, -0.0219   ]), 0.7854, 0.0]
[19, array([ 0.472 , -0.0095]), array([ 0.47243333, -0.0219    ]), 0.7854, 0.0]
[19, array([ 0.472 , -0.0095]), array([ 0.47302857, -0.0219    ]), 0.7854, 0.0]
[19, array([ 0.472 , -0.0095]), array([ 0.47362381, -0.0219    ]), 0.7854, 0.0]
[19, array([ 0.472 , -0.0095]), array([ 0.47421905, -0.0219    ]), 0.7854, 0.0]
[19, array([ 0.472 , -0.0095]), array([ 0.47481429, -0.0219    ]), 0.7854, 0.0]
[19, array([ 0.472 , -0.0095]), array([ 0.47540952, -0.0219    ]), 0.7854, 0.0]
[19, array([ 0.472 , -0.0095]), array([ 0.47600476, -0.0219    ]), 0.7854, 0.0]
[19, array([ 0.472 , -0.0095]), array([ 0.4766, -0.0219]), 0.7854, 0.0]
[19, array([ 0.472 , -0.0095]), array([ 0.4641    , -0.02130476]), 0.7854, 0.0]
[19, array([ 0.472 , -0.0095]), array([ 0.46469524, -0.02130476]), 0.7854, 0.0]
[19, array([ 0.472 , -0.0095]), array([ 0.46529048, -0.02130476]), 0.7854, 0.0]
[19, array([ 0.472 , -0.0095]), array([ 0.46588571, -0.02130476]), 0.7854, 0.0]
[19, array([ 0.472 , -0.0095]), array([ 0.46648095, -0.02130476]), 0.7854, 0.0]
[19, array([ 0.472 , -0.0095]), array([ 0.46707619, -0.02130476]), 0.7854, 0.0]
[19, array([ 0.472 , -0.0095]), array([ 0.46767143, -0.02130476]), 0.7854, 0.0]
[19, array([ 0.472 , -0.0095]), array([ 0.46826667, -0.02130476]), 0.7854, 0.0]
[19, array([ 0.472 , -0.0095]), array([ 0.4688619 , -0.02130476]), 0.7854, 0.0]
[19, array([ 0.472 , -0.0095]), array([ 0.46945714, -0.02130476]), 0.7854, 0.0]
[19, array([ 0.472 , -0.0095]), array([ 0.47005238, -0.02130476]), 0.7854, 0.0]
[19, array([ 0.472 , -0.0095]), array([ 0.47064762, -0.02130476]), 0.7854, 0.0]
[19, array([ 0.472 , -0.0095]), array([ 0.47124286, -0.02130476]), 0.7854, 0.0]
[19, array([ 0.472 , -0.0095]), array([ 0.4718381 , -0.02130476]), 0.7854, 0.0]
[19, array([ 0.472 , -0.0095]), array([ 0.47243333, -0.02130476]), 0.7854, 0.0]
[19, array([ 0.472 , -0.0095]), array([ 0.47302857, -0.02130476]), 0.7854, 0.0]
[19, array([ 0.472 , -0.0095]), array([ 0.47362381, -0.02130476]), 0.7854, 0.0]
[19, array([ 0.472 , -0.0095]), array([ 0.47421905, -0.02130476]), 0.7854, 0.0]
[19, array([ 0.472 , -0.0095]), array([ 0.47481429, -0.02130476]), 0.7854, 0.0]
[19, array([ 0.472 , -0.0095]), array([ 0.47540952, -0.02130476]), 0.7854, 0.0]
[19, array([ 0.472 , -0.0095]), array([ 0.47600476, -0.02130476]), 0.7854, 0.0]
[19, array([ 0.472 , -0.0095]), array([ 0.4766    , -0.02130476]), 0.7854, 0.0]
[19, array([ 0.472 , -0.0095]), array([ 0.4641    , -0.02070952]), 0.7854, 0.0]
[19, array([ 0.472 , -0.0095]), array([ 0.46469524, -0.02070952]), 0.7854, 0.0]
[19, array([ 0.472 , -0.0095]), array([ 0.46529048, -0.02070952]), 0.7854, 0.0]
[19, array([ 0.472 , -0.0095]), array([ 0.46588571, -0.02070952]), 0.7854, 0.0]
[19, array([ 0.472 , -0.0095]), array([ 0.46648095, -0.02070952]), 0.7854, 0.0]
[19, array([ 0.472 , -0.0095]), array([ 0.46707619, -0.02070952]), 0.7854, 0.0]
[19, array([ 0.472 , -0.0095]), array([ 0.46767143, -0.02070952]), 0.7854, 0.0]
[19, array([ 0.472 , -0.0095]), array([ 0.46826667, -0.02070952]), 0.7854, 0.0]
[19, array([ 0.472 , -0.0095]), array([ 0.4688619 , -0.02070952]), 0.7854, 0.0]
[19, array([ 0.472 , -0.0095]), array([ 0.46945714, -0.02070952]), 0.7854, 0.0]
[19, array([ 0.472 , -0.0095]), array([ 0.47005238, -0.02070952]), 0.7854, 0.0]
[19, array([ 0.472 , -0.0095]), array([ 0.47064762, -0.02070952]), 0.7854, 0.0]
[19, array([ 0.472 , -0.0095]), array([ 0.47124286, -0.02070952]), 0.7854, 0.0]
[19, array([ 0.472 , -0.0095]), array([ 0.4718381 , -0.02070952]), 0.7854, 0.0]
[19, array([ 0.472 , -0.0095]), array([ 0.47243333, -0.02070952]), 0.7854, 0.0]
[19, array([ 0.472 , -0.0095]), array([ 0.47302857, -0.02070952]), 0.7854, 0.0]
[19, array([ 0.472 , -0.0095]), array([ 0.47362381, -0.02070952]), 0.7854, 0.0]
[19, array([ 0.472 , -0.0095]), array([ 0.47421905, -0.02070952]), 0.7854, 0.0]
[19, array([ 0.472 , -0.0095]), array([ 0.47481429, -0.02070952]), 0.7854, 0.0]
[19, array([ 0.472 , -0.0095]), array([ 0.47540952, -0.02070952]), 0.7854, 0.0]
[19, array([ 0.472 , -0.0095]), array([ 0.47600476, -0.02070952]), 0.7854, 0.0]
[19, array([ 0.472 , -0.0095]), array([ 0.4766    , -0.02070952]), 0.7854, 0.0]
[19, array([ 0.472 , -0.0095]), array([ 0.4641    , -0.02011429]), 0.7854, 0.0]
[19, array([ 0.472 , -0.0095]), array([ 0.46469524, -0.02011429]), 0.7854, 0.0]
[19, array([ 0.472 , -0.0095]), array([ 0.46529048, -0.02011429]), 0.7854, 0.0]
[19, array([ 0.472 , -0.0095]), array([ 0.46588571, -0.02011429]), 0.7854, 0.0]
[19, array([ 0.472 , -0.0095]), array([ 0.46648095, -0.02011429]), 0.7854, 0.0]
[19, array([ 0.472 , -0.0095]), array([ 0.46707619, -0.02011429]), 0.7854, 0.0]
[19, array([ 0.472 , -0.0095]), array([ 0.46767143, -0.02011429]), 0.7854, 0.0]
[19, array([ 0.472 , -0.0095]), array([ 0.46826667, -0.02011429]), 0.7854, 0.0]
[19, array([ 0.472 , -0.0095]), array([ 0.4688619 , -0.02011429]), 0.7854, 0.0]
[19, array([ 0.472 , -0.0095]), array([ 0.46945714, -0.02011429]), 0.7854, 0.0]
[19, array([ 0.472 , -0.0095]), array([ 0.47005238, -0.02011429]), 0.7854, 0.0]
[19, array([ 0.472 , -0.0095]), array([ 0.47064762, -0.02011429]), 0.7854, 0.0]
[19, array([ 0.472 , -0.0095]), array([ 0.47124286, -0.02011429]), 0.7854, 0.0]
[19, array([ 0.472 , -0.0095]), array([ 0.4718381 , -0.02011429]), 0.7854, 0.0]
[19, array([ 0.472 , -0.0095]), array([ 0.47243333, -0.02011429]), 0.7854, 0.0]
[19, array([ 0.472 , -0.0095]), array([ 0.47302857, -0.02011429]), 0.7854, 0.0]
[19, array([ 0.472 , -0.0095]), array([ 0.47362381, -0.02011429]), 0.7854, 0.0]
[19, array([ 0.472 , -0.0095]), array([ 0.47421905, -0.02011429]), 0.7854, 0.0]
[19, array([ 0.472 , -0.0095]), array([ 0.47481429, -0.02011429]), 0.7854, 0.0]
[19, array([ 0.472 , -0.0095]), array([ 0.47540952, -0.02011429]), 0.7854, 0.0]
[19, array([ 0.472 , -0.0095]), array([ 0.47600476, -0.02011429]), 0.7854, 0.0]
[19, array([ 0.472 , -0.0095]), array([ 0.4766    , -0.02011429]), 0.7854, 0.0]
[19, array([ 0.472 , -0.0095]), array([ 0.4641    , -0.01951905]), 0.7854, 0.0]
[19, array([ 0.472 , -0.0095]), array([ 0.46469524, -0.01951905]), 0.7854, 0.0]
[19, array([ 0.472 , -0.0095]), array([ 0.46529048, -0.01951905]), 0.7854, 0.0]
[19, array([ 0.472 , -0.0095]), array([ 0.46588571, -0.01951905]), 0.7854, 0.0]
[19, array([ 0.472 , -0.0095]), array([ 0.46648095, -0.01951905]), 0.7854, 0.0]
[19, array([ 0.472 , -0.0095]), array([ 0.46707619, -0.01951905]), 0.7854, 0.0]
[19, array([ 0.472 , -0.0095]), array([ 0.46767143, -0.01951905]), 0.7854, 0.0]
[19, array([ 0.472 , -0.0095]), array([ 0.46826667, -0.01951905]), 0.7854, 0.0]
[19, array([ 0.472 , -0.0095]), array([ 0.4688619 , -0.01951905]), 0.7854, 0.0]
[19, array([ 0.472 , -0.0095]), array([ 0.46945714, -0.01951905]), 0.7854, 0.0]
[19, array([ 0.472 , -0.0095]), array([ 0.47005238, -0.01951905]), 0.7854, 0.0]
[19, array([ 0.472 , -0.0095]), array([ 0.47064762, -0.01951905]), 0.7854, 0.0]
[19, array([ 0.472 , -0.0095]), array([ 0.47124286, -0.01951905]), 0.7854, 0.0]
[19, array([ 0.472 , -0.0095]), array([ 0.4718381 , -0.01951905]), 0.7854, 0.0]
[19, array([ 0.472 , -0.0095]), array([ 0.47243333, -0.01951905]), 0.7854, 0.0]
[19, array([ 0.472 , -0.0095]), array([ 0.47302857, -0.01951905]), 0.7854, 0.0]
[19, array([ 0.472 , -0.0095]), array([ 0.47362381, -0.01951905]), 0.7854, 0.0]
[19, array([ 0.472 , -0.0095]), array([ 0.47421905, -0.01951905]), 0.7854, 0.0]
[19, array([ 0.472 , -0.0095]), array([ 0.47481429, -0.01951905]), 0.7854, 0.0]
[19, array([ 0.472 , -0.0095]), array([ 0.47540952, -0.01951905]), 0.7854, 0.0]
[19, array([ 0.472 , -0.0095]), array([ 0.47600476, -0.01951905]), 0.7854, 0.0]
[19, array([ 0.472 , -0.0095]), array([ 0.4766    , -0.01951905]), 0.7854, 0.0]
[19, array([ 0.472 , -0.0095]), array([ 0.4641    , -0.01892381]), 0.7854, 0.0]
[19, array([ 0.472 , -0.0095]), array([ 0.46469524, -0.01892381]), 0.7854, 0.0]
[19, array([ 0.472 , -0.0095]), array([ 0.46529048, -0.01892381]), 0.7854, 0.0]
[19, array([ 0.472 , -0.0095]), array([ 0.46588571, -0.01892381]), 0.7854, 0.0]
[19, array([ 0.472 , -0.0095]), array([ 0.46648095, -0.01892381]), 0.7854, 0.0]
[19, array([ 0.472 , -0.0095]), array([ 0.46707619, -0.01892381]), 0.7854, 0.0]
[19, array([ 0.472 , -0.0095]), array([ 0.46767143, -0.01892381]), 0.7854, 0.0]
[19, array([ 0.472 , -0.0095]), array([ 0.46826667, -0.01892381]), 0.7854, 0.0]
[19, array([ 0.472 , -0.0095]), array([ 0.4688619 , -0.01892381]), 0.7854, 0.0]
[19, array([ 0.472 , -0.0095]), array([ 0.46945714, -0.01892381]), 0.7854, 0.0]
[19, array([ 0.472 , -0.0095]), array([ 0.47005238, -0.01892381]), 0.7854, 0.0]
[19, array([ 0.472 , -0.0095]), array([ 0.47064762, -0.01892381]), 0.7854, 0.0]
[19, array([ 0.472 , -0.0095]), array([ 0.47124286, -0.01892381]), 0.7854, 0.0]
[19, array([ 0.472 , -0.0095]), array([ 0.4718381 , -0.01892381]), 0.7854, 0.0]
[19, array([ 0.472 , -0.0095]), array([ 0.47243333, -0.01892381]), 0.7854, 0.0]
[19, array([ 0.472 , -0.0095]), array([ 0.47302857, -0.01892381]), 0.7854, 0.0]
[19, array([ 0.472 , -0.0095]), array([ 0.47362381, -0.01892381]), 0.7854, 0.0]
[19, array([ 0.472 , -0.0095]), array([ 0.47421905, -0.01892381]), 0.7854, 0.0]
[19, array([ 0.472 , -0.0095]), array([ 0.47481429, -0.01892381]), 0.7854, 0.0]
[19, array([ 0.472 , -0.0095]), array([ 0.47540952, -0.01892381]), 0.7854, 0.0]
[19, array([ 0.472 , -0.0095]), array([ 0.47600476, -0.01892381]), 0.7854, 0.0]
[19, array([ 0.472 , -0.0095]), array([ 0.4766    , -0.01892381]), 0.7854, 0.0]
[19, array([ 0.472 , -0.0095]), array([ 0.4641    , -0.01832857]), 0.7854, 0.0]
[19, array([ 0.472 , -0.0095]), array([ 0.46469524, -0.01832857]), 0.7854, 0.0]
[19, array([ 0.472 , -0.0095]), array([ 0.46529048, -0.01832857]), 0.7854, 0.0]
[19, array([ 0.472 , -0.0095]), array([ 0.46588571, -0.01832857]), 0.7854, 0.0]
[19, array([ 0.472 , -0.0095]), array([ 0.46648095, -0.01832857]), 0.7854, 0.0]
[19, array([ 0.472 , -0.0095]), array([ 0.46707619, -0.01832857]), 0.7854, 0.0]
[19, array([ 0.472 , -0.0095]), array([ 0.46767143, -0.01832857]), 0.7854, 0.0]
[19, array([ 0.472 , -0.0095]), array([ 0.46826667, -0.01832857]), 0.7854, 0.0]
[19, array([ 0.472 , -0.0095]), array([ 0.4688619 , -0.01832857]), 0.7854, 0.0]
[19, array([ 0.472 , -0.0095]), array([ 0.46945714, -0.01832857]), 0.7854, 0.0]
[19, array([ 0.472 , -0.0095]), array([ 0.47005238, -0.01832857]), 0.7854, 0.0]
[19, array([ 0.472 , -0.0095]), array([ 0.47064762, -0.01832857]), 0.7854, 0.0]
[19, array([ 0.472 , -0.0095]), array([ 0.47124286, -0.01832857]), 0.7854, 0.0]
[19, array([ 0.472 , -0.0095]), array([ 0.4718381 , -0.01832857]), 0.7854, 0.0]
[19, array([ 0.472 , -0.0095]), array([ 0.47243333, -0.01832857]), 0.7854, 0.0]
[19, array([ 0.472 , -0.0095]), array([ 0.47302857, -0.01832857]), 0.7854, 0.0]
[19, array([ 0.472 , -0.0095]), array([ 0.47362381, -0.01832857]), 0.7854, 0.0]
[19, array([ 0.472 , -0.0095]), array([ 0.47421905, -0.01832857]), 0.7854, 0.0]
[19, array([ 0.472 , -0.0095]), array([ 0.47481429, -0.01832857]), 0.7854, 0.0]
[19, array([ 0.472 , -0.0095]), array([ 0.47540952, -0.01832857]), 0.7854, 0.0]
[19, array([ 0.472 , -0.0095]), array([ 0.47600476, -0.01832857]), 0.7854, 0.0]
[19, array([ 0.472 , -0.0095]), array([ 0.4766    , -0.01832857]), 0.7854, 0.0]
[19, array([ 0.472 , -0.0095]), array([ 0.4641    , -0.01773333]), 0.7854, 0.0]
[19, array([ 0.472 , -0.0095]), array([ 0.46469524, -0.01773333]), 0.7854, 0.0]
[19, array([ 0.472 , -0.0095]), array([ 0.46529048, -0.01773333]), 0.7854, 0.0]
[19, array([ 0.472 , -0.0095]), array([ 0.46588571, -0.01773333]), 0.7854, 0.0]
[19, array([ 0.472 , -0.0095]), array([ 0.46648095, -0.01773333]), 0.7854, 0.0]
[19, array([ 0.472 , -0.0095]), array([ 0.46707619, -0.01773333]), 0.7854, 0.0]
[19, array([ 0.472 , -0.0095]), array([ 0.46767143, -0.01773333]), 0.7854, 0.0]
[19, array([ 0.472 , -0.0095]), array([ 0.46826667, -0.01773333]), 0.7854, 0.0]
[19, array([ 0.472 , -0.0095]), array([ 0.4688619 , -0.01773333]), 0.7854, 0.0]
[19, array([ 0.472 , -0.0095]), array([ 0.46945714, -0.01773333]), 0.7854, 0.0]
[19, array([ 0.472 , -0.0095]), array([ 0.47005238, -0.01773333]), 0.7854, 0.0]
[19, array([ 0.472 , -0.0095]), array([ 0.47064762, -0.01773333]), 0.7854, 0.0]
[19, array([ 0.472 , -0.0095]), array([ 0.47124286, -0.01773333]), 0.7854, 0.0]
[19, array([ 0.472 , -0.0095]), array([ 0.4718381 , -0.01773333]), 0.7854, 0.0]
[19, array([ 0.472 , -0.0095]), array([ 0.47243333, -0.01773333]), 0.7854, 0.0]
[19, array([ 0.472 , -0.0095]), array([ 0.47302857, -0.01773333]), 0.7854, 0.0]
[19, array([ 0.472 , -0.0095]), array([ 0.47362381, -0.01773333]), 0.7854, 0.0]
[19, array([ 0.472 , -0.0095]), array([ 0.47421905, -0.01773333]), 0.7854, 0.0]
[19, array([ 0.472 , -0.0095]), array([ 0.47481429, -0.01773333]), 0.7854, 0.0]
[19, array([ 0.472 , -0.0095]), array([ 0.47540952, -0.01773333]), 0.7854, 0.0]
[19, array([ 0.472 , -0.0095]), array([ 0.47600476, -0.01773333]), 0.7854, 0.0]
[19, array([ 0.472 , -0.0095]), array([ 0.4766    , -0.01773333]), 0.7854, 0.0]
[19, array([ 0.472 , -0.0095]), array([ 0.4641   , -0.0171381]), 0.7854, 0.0]
[19, array([ 0.472 , -0.0095]), array([ 0.46469524, -0.0171381 ]), 0.7854, 0.0]
[19, array([ 0.472 , -0.0095]), array([ 0.46529048, -0.0171381 ]), 0.7854, 0.0]
[19, array([ 0.472 , -0.0095]), array([ 0.46588571, -0.0171381 ]), 0.7854, 0.0]
[19, array([ 0.472 , -0.0095]), array([ 0.46648095, -0.0171381 ]), 0.7854, 0.0]
[19, array([ 0.472 , -0.0095]), array([ 0.46707619, -0.0171381 ]), 0.7854, 0.0]
[19, array([ 0.472 , -0.0095]), array([ 0.46767143, -0.0171381 ]), 0.7854, 0.0]
[19, array([ 0.472 , -0.0095]), array([ 0.46826667, -0.0171381 ]), 0.7854, 0.0]
[19, array([ 0.472 , -0.0095]), array([ 0.4688619, -0.0171381]), 0.7854, 0.0]
[19, array([ 0.472 , -0.0095]), array([ 0.46945714, -0.0171381 ]), 0.7854, 0.0]
[19, array([ 0.472 , -0.0095]), array([ 0.47005238, -0.0171381 ]), 0.7854, 0.0]
[19, array([ 0.472 , -0.0095]), array([ 0.47064762, -0.0171381 ]), 0.7854, 0.0]
[19, array([ 0.472 , -0.0095]), array([ 0.47124286, -0.0171381 ]), 0.7854, 0.0]
[19, array([ 0.472 , -0.0095]), array([ 0.4718381, -0.0171381]), 0.7854, 0.0]
[19, array([ 0.472 , -0.0095]), array([ 0.47243333, -0.0171381 ]), 0.7854, 0.0]
[19, array([ 0.472 , -0.0095]), array([ 0.47302857, -0.0171381 ]), 0.7854, 0.0]
[19, array([ 0.472 , -0.0095]), array([ 0.47362381, -0.0171381 ]), 0.7854, 0.0]
[19, array([ 0.472 , -0.0095]), array([ 0.47421905, -0.0171381 ]), 0.7854, 0.0]
[19, array([ 0.472 , -0.0095]), array([ 0.47481429, -0.0171381 ]), 0.7854, 0.0]
[19, array([ 0.472 , -0.0095]), array([ 0.47540952, -0.0171381 ]), 0.7854, 0.0]
[19, array([ 0.472 , -0.0095]), array([ 0.47600476, -0.0171381 ]), 0.7854, 0.0]
[19, array([ 0.472 , -0.0095]), array([ 0.4766   , -0.0171381]), 0.7854, 0.0]
[19, array([ 0.472 , -0.0095]), array([ 0.4641    , -0.01654286]), 0.7854, 0.0]
[19, array([ 0.472 , -0.0095]), array([ 0.46469524, -0.01654286]), 0.7854, 0.0]
[19, array([ 0.472 , -0.0095]), array([ 0.46529048, -0.01654286]), 0.7854, 0.0]
[19, array([ 0.472 , -0.0095]), array([ 0.46588571, -0.01654286]), 0.7854, 0.0]
[19, array([ 0.472 , -0.0095]), array([ 0.46648095, -0.01654286]), 0.7854, 0.0]
[19, array([ 0.472 , -0.0095]), array([ 0.46707619, -0.01654286]), 0.7854, 0.0]
[19, array([ 0.472 , -0.0095]), array([ 0.46767143, -0.01654286]), 0.7854, 0.0]
[19, array([ 0.472 , -0.0095]), array([ 0.46826667, -0.01654286]), 0.7854, 0.0]
[19, array([ 0.472 , -0.0095]), array([ 0.4688619 , -0.01654286]), 0.7854, 0.0]
[19, array([ 0.472 , -0.0095]), array([ 0.46945714, -0.01654286]), 0.7854, 0.0]
[19, array([ 0.472 , -0.0095]), array([ 0.47005238, -0.01654286]), 0.7854, 0.0]
[19, array([ 0.472 , -0.0095]), array([ 0.47064762, -0.01654286]), 0.7854, 0.0]
[19, array([ 0.472 , -0.0095]), array([ 0.47124286, -0.01654286]), 0.7854, 0.0]
[19, array([ 0.472 , -0.0095]), array([ 0.4718381 , -0.01654286]), 0.7854, 0.0]
[19, array([ 0.472 , -0.0095]), array([ 0.47243333, -0.01654286]), 0.7854, 0.0]
[19, array([ 0.472 , -0.0095]), array([ 0.47302857, -0.01654286]), 0.7854, 0.0]
[19, array([ 0.472 , -0.0095]), array([ 0.47362381, -0.01654286]), 0.7854, 0.0]
[19, array([ 0.472 , -0.0095]), array([ 0.47421905, -0.01654286]), 0.7854, 0.0]
[19, array([ 0.472 , -0.0095]), array([ 0.47481429, -0.01654286]), 0.7854, 0.0]
[19, array([ 0.472 , -0.0095]), array([ 0.47540952, -0.01654286]), 0.7854, 0.0]
[19, array([ 0.472 , -0.0095]), array([ 0.47600476, -0.01654286]), 0.7854, 0.0]
[19, array([ 0.472 , -0.0095]), array([ 0.4766    , -0.01654286]), 0.7854, 0.0]
[19, array([ 0.472 , -0.0095]), array([ 0.4641    , -0.01594762]), 0.7854, 0.0]
[19, array([ 0.472 , -0.0095]), array([ 0.46469524, -0.01594762]), 0.7854, 0.0]
[19, array([ 0.472 , -0.0095]), array([ 0.46529048, -0.01594762]), 0.7854, 0.0]
[19, array([ 0.472 , -0.0095]), array([ 0.46588571, -0.01594762]), 0.7854, 1.0]
[19, array([ 0.472 , -0.0095]), array([ 0.46648095, -0.01594762]), 0.7854, 0.0]
[19, array([ 0.472 , -0.0095]), array([ 0.46707619, -0.01594762]), 0.7854, 0.0]
[19, array([ 0.472 , -0.0095]), array([ 0.46767143, -0.01594762]), 0.7854, 0.0]
[19, array([ 0.472 , -0.0095]), array([ 0.46826667, -0.01594762]), 0.7854, 0.0]
[19, array([ 0.472 , -0.0095]), array([ 0.4688619 , -0.01594762]), 0.7854, 0.0]
[19, array([ 0.472 , -0.0095]), array([ 0.46945714, -0.01594762]), 0.7854, 0.0]
[19, array([ 0.472 , -0.0095]), array([ 0.47005238, -0.01594762]), 0.7854, 0.0]
[19, array([ 0.472 , -0.0095]), array([ 0.47064762, -0.01594762]), 0.7854, 0.0]
[19, array([ 0.472 , -0.0095]), array([ 0.47124286, -0.01594762]), 0.7854, 0.0]
[19, array([ 0.472 , -0.0095]), array([ 0.4718381 , -0.01594762]), 0.7854, 0.0]
[19, array([ 0.472 , -0.0095]), array([ 0.47243333, -0.01594762]), 0.7854, 0.0]
[19, array([ 0.472 , -0.0095]), array([ 0.47302857, -0.01594762]), 0.7854, 0.0]
[19, array([ 0.472 , -0.0095]), array([ 0.47362381, -0.01594762]), 0.7854, 0.0]
[19, array([ 0.472 , -0.0095]), array([ 0.47421905, -0.01594762]), 0.7854, 0.0]
[19, array([ 0.472 , -0.0095]), array([ 0.47481429, -0.01594762]), 0.7854, 0.0]
[19, array([ 0.472 , -0.0095]), array([ 0.47540952, -0.01594762]), 0.7854, 0.0]
[19, array([ 0.472 , -0.0095]), array([ 0.47600476, -0.01594762]), 0.7854, 0.0]
[19, array([ 0.472 , -0.0095]), array([ 0.4766    , -0.01594762]), 0.7854, 0.0]
[19, array([ 0.472 , -0.0095]), array([ 0.4641    , -0.01535238]), 0.7854, 0.0]
[19, array([ 0.472 , -0.0095]), array([ 0.46469524, -0.01535238]), 0.7854, 0.0]
[19, array([ 0.472 , -0.0095]), array([ 0.46529048, -0.01535238]), 0.7854, 0.0]
[19, array([ 0.472 , -0.0095]), array([ 0.46588571, -0.01535238]), 0.7854, 0.0]
[19, array([ 0.472 , -0.0095]), array([ 0.46648095, -0.01535238]), 0.7854, 0.0]
[19, array([ 0.472 , -0.0095]), array([ 0.46707619, -0.01535238]), 0.7854, 0.0]
[19, array([ 0.472 , -0.0095]), array([ 0.46767143, -0.01535238]), 0.7854, 0.0]
[19, array([ 0.472 , -0.0095]), array([ 0.46826667, -0.01535238]), 0.7854, 0.0]
[19, array([ 0.472 , -0.0095]), array([ 0.4688619 , -0.01535238]), 0.7854, 0.0]
[19, array([ 0.472 , -0.0095]), array([ 0.46945714, -0.01535238]), 0.7854, 0.0]
[19, array([ 0.472 , -0.0095]), array([ 0.47005238, -0.01535238]), 0.7854, 0.0]
[19, array([ 0.472 , -0.0095]), array([ 0.47064762, -0.01535238]), 0.7854, 0.0]
[19, array([ 0.472 , -0.0095]), array([ 0.47124286, -0.01535238]), 0.7854, 0.0]
[19, array([ 0.472 , -0.0095]), array([ 0.4718381 , -0.01535238]), 0.7854, 0.0]
[19, array([ 0.472 , -0.0095]), array([ 0.47243333, -0.01535238]), 0.7854, 0.0]
[19, array([ 0.472 , -0.0095]), array([ 0.47302857, -0.01535238]), 0.7854, 0.0]
[19, array([ 0.472 , -0.0095]), array([ 0.47362381, -0.01535238]), 0.7854, 0.0]
[19, array([ 0.472 , -0.0095]), array([ 0.47421905, -0.01535238]), 0.7854, 0.0]
[19, array([ 0.472 , -0.0095]), array([ 0.47481429, -0.01535238]), 0.7854, 0.0]
[19, array([ 0.472 , -0.0095]), array([ 0.47540952, -0.01535238]), 0.7854, 0.0]
[19, array([ 0.472 , -0.0095]), array([ 0.47600476, -0.01535238]), 0.7854, 0.0]
[19, array([ 0.472 , -0.0095]), array([ 0.4766    , -0.01535238]), 0.7854, 0.0]
[19, array([ 0.472 , -0.0095]), array([ 0.4641    , -0.01475714]), 0.7854, 0.0]
[19, array([ 0.472 , -0.0095]), array([ 0.46469524, -0.01475714]), 0.7854, 0.0]
[19, array([ 0.472 , -0.0095]), array([ 0.46529048, -0.01475714]), 0.7854, 0.0]
[19, array([ 0.472 , -0.0095]), array([ 0.46588571, -0.01475714]), 0.7854, 0.0]
[19, array([ 0.472 , -0.0095]), array([ 0.46648095, -0.01475714]), 0.7854, 0.0]
[19, array([ 0.472 , -0.0095]), array([ 0.46707619, -0.01475714]), 0.7854, 0.0]
[19, array([ 0.472 , -0.0095]), array([ 0.46767143, -0.01475714]), 0.7854, 0.0]
[19, array([ 0.472 , -0.0095]), array([ 0.46826667, -0.01475714]), 0.7854, 0.0]
[19, array([ 0.472 , -0.0095]), array([ 0.4688619 , -0.01475714]), 0.7854, 0.0]
[19, array([ 0.472 , -0.0095]), array([ 0.46945714, -0.01475714]), 0.7854, 0.0]
[19, array([ 0.472 , -0.0095]), array([ 0.47005238, -0.01475714]), 0.7854, 0.0]
[19, array([ 0.472 , -0.0095]), array([ 0.47064762, -0.01475714]), 0.7854, 0.0]
[19, array([ 0.472 , -0.0095]), array([ 0.47124286, -0.01475714]), 0.7854, 0.0]
[19, array([ 0.472 , -0.0095]), array([ 0.4718381 , -0.01475714]), 0.7854, 0.0]
[19, array([ 0.472 , -0.0095]), array([ 0.47243333, -0.01475714]), 0.7854, 0.0]
[19, array([ 0.472 , -0.0095]), array([ 0.47302857, -0.01475714]), 0.7854, 0.0]
[19, array([ 0.472 , -0.0095]), array([ 0.47362381, -0.01475714]), 0.7854, 0.0]
[19, array([ 0.472 , -0.0095]), array([ 0.47421905, -0.01475714]), 0.7854, 0.0]
[19, array([ 0.472 , -0.0095]), array([ 0.47481429, -0.01475714]), 0.7854, 0.0]
[19, array([ 0.472 , -0.0095]), array([ 0.47540952, -0.01475714]), 0.7854, 0.0]
[19, array([ 0.472 , -0.0095]), array([ 0.47600476, -0.01475714]), 0.7854, 0.0]
[19, array([ 0.472 , -0.0095]), array([ 0.4766    , -0.01475714]), 0.7854, 0.0]
[19, array([ 0.472 , -0.0095]), array([ 0.4641   , -0.0141619]), 0.7854, 0.0]
[19, array([ 0.472 , -0.0095]), array([ 0.46469524, -0.0141619 ]), 0.7854, 0.0]
[19, array([ 0.472 , -0.0095]), array([ 0.46529048, -0.0141619 ]), 0.7854, 0.0]
[19, array([ 0.472 , -0.0095]), array([ 0.46588571, -0.0141619 ]), 0.7854, 0.0]
[19, array([ 0.472 , -0.0095]), array([ 0.46648095, -0.0141619 ]), 0.7854, 0.0]
[19, array([ 0.472 , -0.0095]), array([ 0.46707619, -0.0141619 ]), 0.7854, 0.0]
[19, array([ 0.472 , -0.0095]), array([ 0.46767143, -0.0141619 ]), 0.7854, 0.0]
[19, array([ 0.472 , -0.0095]), array([ 0.46826667, -0.0141619 ]), 0.7854, 0.0]
[19, array([ 0.472 , -0.0095]), array([ 0.4688619, -0.0141619]), 0.7854, 0.0]
[19, array([ 0.472 , -0.0095]), array([ 0.46945714, -0.0141619 ]), 0.7854, 1.0]
[19, array([ 0.472 , -0.0095]), array([ 0.47005238, -0.0141619 ]), 0.7854, 0.0]
[19, array([ 0.472 , -0.0095]), array([ 0.47064762, -0.0141619 ]), 0.7854, 0.0]
[19, array([ 0.472 , -0.0095]), array([ 0.47124286, -0.0141619 ]), 0.7854, 0.0]
[19, array([ 0.472 , -0.0095]), array([ 0.4718381, -0.0141619]), 0.7854, 0.0]
[19, array([ 0.472 , -0.0095]), array([ 0.47243333, -0.0141619 ]), 0.7854, 0.0]
[19, array([ 0.472 , -0.0095]), array([ 0.47302857, -0.0141619 ]), 0.7854, 0.0]
[19, array([ 0.472 , -0.0095]), array([ 0.47362381, -0.0141619 ]), 0.7854, 0.0]
[19, array([ 0.472 , -0.0095]), array([ 0.47421905, -0.0141619 ]), 0.7854, 0.0]
[19, array([ 0.472 , -0.0095]), array([ 0.47481429, -0.0141619 ]), 0.7854, 0.0]
[19, array([ 0.472 , -0.0095]), array([ 0.47540952, -0.0141619 ]), 0.7854, 0.0]
[19, array([ 0.472 , -0.0095]), array([ 0.47600476, -0.0141619 ]), 0.7854, 0.0]
[19, array([ 0.472 , -0.0095]), array([ 0.4766   , -0.0141619]), 0.7854, 0.0]
[19, array([ 0.472 , -0.0095]), array([ 0.4641    , -0.01356667]), 0.7854, 0.0]
[19, array([ 0.472 , -0.0095]), array([ 0.46469524, -0.01356667]), 0.7854, 0.0]
[19, array([ 0.472 , -0.0095]), array([ 0.46529048, -0.01356667]), 0.7854, 0.0]
[19, array([ 0.472 , -0.0095]), array([ 0.46588571, -0.01356667]), 0.7854, 0.0]
[19, array([ 0.472 , -0.0095]), array([ 0.46648095, -0.01356667]), 0.7854, 0.0]
[19, array([ 0.472 , -0.0095]), array([ 0.46707619, -0.01356667]), 0.7854, 0.0]
[19, array([ 0.472 , -0.0095]), array([ 0.46767143, -0.01356667]), 0.7854, 0.0]
[19, array([ 0.472 , -0.0095]), array([ 0.46826667, -0.01356667]), 0.7854, 0.0]
[19, array([ 0.472 , -0.0095]), array([ 0.4688619 , -0.01356667]), 0.7854, 0.0]
[19, array([ 0.472 , -0.0095]), array([ 0.46945714, -0.01356667]), 0.7854, 0.0]
[19, array([ 0.472 , -0.0095]), array([ 0.47005238, -0.01356667]), 0.7854, 0.0]
[19, array([ 0.472 , -0.0095]), array([ 0.47064762, -0.01356667]), 0.7854, 0.0]
[19, array([ 0.472 , -0.0095]), array([ 0.47124286, -0.01356667]), 0.7854, 1.0]
[19, array([ 0.472 , -0.0095]), array([ 0.4718381 , -0.01356667]), 0.7854, 0.0]
[19, array([ 0.472 , -0.0095]), array([ 0.47243333, -0.01356667]), 0.7854, 0.0]
[19, array([ 0.472 , -0.0095]), array([ 0.47302857, -0.01356667]), 0.7854, 0.0]
[19, array([ 0.472 , -0.0095]), array([ 0.47362381, -0.01356667]), 0.7854, 0.0]
[19, array([ 0.472 , -0.0095]), array([ 0.47421905, -0.01356667]), 0.7854, 0.0]
[19, array([ 0.472 , -0.0095]), array([ 0.47481429, -0.01356667]), 0.7854, 0.0]
[19, array([ 0.472 , -0.0095]), array([ 0.47540952, -0.01356667]), 0.7854, 0.0]
[19, array([ 0.472 , -0.0095]), array([ 0.47600476, -0.01356667]), 0.7854, 0.0]
[19, array([ 0.472 , -0.0095]), array([ 0.4766    , -0.01356667]), 0.7854, 0.0]
[19, array([ 0.472 , -0.0095]), array([ 0.4641    , -0.01297143]), 0.7854, 0.0]
[19, array([ 0.472 , -0.0095]), array([ 0.46469524, -0.01297143]), 0.7854, 0.0]
[19, array([ 0.472 , -0.0095]), array([ 0.46529048, -0.01297143]), 0.7854, 0.0]
[19, array([ 0.472 , -0.0095]), array([ 0.46588571, -0.01297143]), 0.7854, 0.0]
[19, array([ 0.472 , -0.0095]), array([ 0.46648095, -0.01297143]), 0.7854, 0.0]
[19, array([ 0.472 , -0.0095]), array([ 0.46707619, -0.01297143]), 0.7854, 0.0]
[19, array([ 0.472 , -0.0095]), array([ 0.46767143, -0.01297143]), 0.7854, 0.0]
[19, array([ 0.472 , -0.0095]), array([ 0.46826667, -0.01297143]), 0.7854, 0.0]
[19, array([ 0.472 , -0.0095]), array([ 0.4688619 , -0.01297143]), 0.7854, 0.0]
[19, array([ 0.472 , -0.0095]), array([ 0.46945714, -0.01297143]), 0.7854, 0.0]
[19, array([ 0.472 , -0.0095]), array([ 0.47005238, -0.01297143]), 0.7854, 0.0]
[19, array([ 0.472 , -0.0095]), array([ 0.47064762, -0.01297143]), 0.7854, 0.0]
[19, array([ 0.472 , -0.0095]), array([ 0.47124286, -0.01297143]), 0.7854, 0.0]
[19, array([ 0.472 , -0.0095]), array([ 0.4718381 , -0.01297143]), 0.7854, 1.0]
[19, array([ 0.472 , -0.0095]), array([ 0.47243333, -0.01297143]), 0.7854, 0.0]
[19, array([ 0.472 , -0.0095]), array([ 0.47302857, -0.01297143]), 0.7854, 0.0]
[19, array([ 0.472 , -0.0095]), array([ 0.47362381, -0.01297143]), 0.7854, 0.0]
[19, array([ 0.472 , -0.0095]), array([ 0.47421905, -0.01297143]), 0.7854, 0.0]
[19, array([ 0.472 , -0.0095]), array([ 0.47481429, -0.01297143]), 0.7854, 0.0]
[19, array([ 0.472 , -0.0095]), array([ 0.47540952, -0.01297143]), 0.7854, 0.0]
[19, array([ 0.472 , -0.0095]), array([ 0.47600476, -0.01297143]), 0.7854, 0.0]
[19, array([ 0.472 , -0.0095]), array([ 0.4766    , -0.01297143]), 0.7854, 0.0]
[19, array([ 0.472 , -0.0095]), array([ 0.4641    , -0.01237619]), 0.7854, 0.0]
[19, array([ 0.472 , -0.0095]), array([ 0.46469524, -0.01237619]), 0.7854, 0.0]
[19, array([ 0.472 , -0.0095]), array([ 0.46529048, -0.01237619]), 0.7854, 0.0]
[19, array([ 0.472 , -0.0095]), array([ 0.46588571, -0.01237619]), 0.7854, 0.0]
[19, array([ 0.472 , -0.0095]), array([ 0.46648095, -0.01237619]), 0.7854, 0.0]
[19, array([ 0.472 , -0.0095]), array([ 0.46707619, -0.01237619]), 0.7854, 0.0]
[19, array([ 0.472 , -0.0095]), array([ 0.46767143, -0.01237619]), 0.7854, 1.0]
[19, array([ 0.472 , -0.0095]), array([ 0.46826667, -0.01237619]), 0.7854, 0.0]
[19, array([ 0.472 , -0.0095]), array([ 0.4688619 , -0.01237619]), 0.7854, 0.0]
[19, array([ 0.472 , -0.0095]), array([ 0.46945714, -0.01237619]), 0.7854, 1.0]
[19, array([ 0.472 , -0.0095]), array([ 0.47005238, -0.01237619]), 0.7854, 0.0]
[19, array([ 0.472 , -0.0095]), array([ 0.47064762, -0.01237619]), 0.7854, 1.0]
[19, array([ 0.472 , -0.0095]), array([ 0.47124286, -0.01237619]), 0.7854, 1.0]
[19, array([ 0.472 , -0.0095]), array([ 0.4718381 , -0.01237619]), 0.7854, 0.0]
[19, array([ 0.472 , -0.0095]), array([ 0.47243333, -0.01237619]), 0.7854, 0.0]
[19, array([ 0.472 , -0.0095]), array([ 0.47302857, -0.01237619]), 0.7854, 0.0]
[19, array([ 0.472 , -0.0095]), array([ 0.47362381, -0.01237619]), 0.7854, 0.0]
[19, array([ 0.472 , -0.0095]), array([ 0.47421905, -0.01237619]), 0.7854, 0.0]
[19, array([ 0.472 , -0.0095]), array([ 0.47481429, -0.01237619]), 0.7854, 0.0]
[19, array([ 0.472 , -0.0095]), array([ 0.47540952, -0.01237619]), 0.7854, 0.0]
[19, array([ 0.472 , -0.0095]), array([ 0.47600476, -0.01237619]), 0.7854, 0.0]
[19, array([ 0.472 , -0.0095]), array([ 0.4766    , -0.01237619]), 0.7854, 0.0]
[19, array([ 0.472 , -0.0095]), array([ 0.4641    , -0.01178095]), 0.7854, 0.0]
[19, array([ 0.472 , -0.0095]), array([ 0.46469524, -0.01178095]), 0.7854, 1.0]
[19, array([ 0.472 , -0.0095]), array([ 0.46529048, -0.01178095]), 0.7854, 1.0]
[19, array([ 0.472 , -0.0095]), array([ 0.46588571, -0.01178095]), 0.7854, 0.0]
[19, array([ 0.472 , -0.0095]), array([ 0.46648095, -0.01178095]), 0.7854, 0.0]
[19, array([ 0.472 , -0.0095]), array([ 0.46707619, -0.01178095]), 0.7854, 0.0]
[19, array([ 0.472 , -0.0095]), array([ 0.46767143, -0.01178095]), 0.7854, 0.0]
[19, array([ 0.472 , -0.0095]), array([ 0.46826667, -0.01178095]), 0.7854, 0.0]
[19, array([ 0.472 , -0.0095]), array([ 0.4688619 , -0.01178095]), 0.7854, 1.0]
[19, array([ 0.472 , -0.0095]), array([ 0.46945714, -0.01178095]), 0.7854, 0.0]
[19, array([ 0.472 , -0.0095]), array([ 0.47005238, -0.01178095]), 0.7854, 0.0]
[19, array([ 0.472 , -0.0095]), array([ 0.47064762, -0.01178095]), 0.7854, 0.0]
[19, array([ 0.472 , -0.0095]), array([ 0.47124286, -0.01178095]), 0.7854, 0.0]
[19, array([ 0.472 , -0.0095]), array([ 0.4718381 , -0.01178095]), 0.7854, 0.0]
[19, array([ 0.472 , -0.0095]), array([ 0.47243333, -0.01178095]), 0.7854, 0.0]
[19, array([ 0.472 , -0.0095]), array([ 0.47302857, -0.01178095]), 0.7854, 0.0]
[19, array([ 0.472 , -0.0095]), array([ 0.47362381, -0.01178095]), 0.7854, 0.0]
[19, array([ 0.472 , -0.0095]), array([ 0.47421905, -0.01178095]), 0.7854, 0.0]
[19, array([ 0.472 , -0.0095]), array([ 0.47481429, -0.01178095]), 0.7854, 0.0]
[19, array([ 0.472 , -0.0095]), array([ 0.47540952, -0.01178095]), 0.7854, 0.0]
[19, array([ 0.472 , -0.0095]), array([ 0.47600476, -0.01178095]), 0.7854, 0.0]
[19, array([ 0.472 , -0.0095]), array([ 0.4766    , -0.01178095]), 0.7854, 0.0]
[19, array([ 0.472 , -0.0095]), array([ 0.4641    , -0.01118571]), 0.7854, 0.0]
[19, array([ 0.472 , -0.0095]), array([ 0.46469524, -0.01118571]), 0.7854, 0.0]
[19, array([ 0.472 , -0.0095]), array([ 0.46529048, -0.01118571]), 0.7854, 0.0]
[19, array([ 0.472 , -0.0095]), array([ 0.46588571, -0.01118571]), 0.7854, 0.0]
[19, array([ 0.472 , -0.0095]), array([ 0.46648095, -0.01118571]), 0.7854, 0.0]
[19, array([ 0.472 , -0.0095]), array([ 0.46707619, -0.01118571]), 0.7854, 0.0]
[19, array([ 0.472 , -0.0095]), array([ 0.46767143, -0.01118571]), 0.7854, 0.0]
[19, array([ 0.472 , -0.0095]), array([ 0.46826667, -0.01118571]), 0.7854, 1.0]
[19, array([ 0.472 , -0.0095]), array([ 0.4688619 , -0.01118571]), 0.7854, 1.0]
[19, array([ 0.472 , -0.0095]), array([ 0.46945714, -0.01118571]), 0.7854, 0.0]
[19, array([ 0.472 , -0.0095]), array([ 0.47005238, -0.01118571]), 0.7854, 0.0]
[19, array([ 0.472 , -0.0095]), array([ 0.47064762, -0.01118571]), 0.7854, 1.0]
[19, array([ 0.472 , -0.0095]), array([ 0.47124286, -0.01118571]), 0.7854, 0.0]
[19, array([ 0.472 , -0.0095]), array([ 0.4718381 , -0.01118571]), 0.7854, 0.0]
[19, array([ 0.472 , -0.0095]), array([ 0.47243333, -0.01118571]), 0.7854, 0.0]
[19, array([ 0.472 , -0.0095]), array([ 0.47302857, -0.01118571]), 0.7854, 0.0]
[19, array([ 0.472 , -0.0095]), array([ 0.47362381, -0.01118571]), 0.7854, 0.0]
[19, array([ 0.472 , -0.0095]), array([ 0.47421905, -0.01118571]), 0.7854, 0.0]
[19, array([ 0.472 , -0.0095]), array([ 0.47481429, -0.01118571]), 0.7854, 0.0]
[19, array([ 0.472 , -0.0095]), array([ 0.47540952, -0.01118571]), 0.7854, 0.0]
[19, array([ 0.472 , -0.0095]), array([ 0.47600476, -0.01118571]), 0.7854, 0.0]
[19, array([ 0.472 , -0.0095]), array([ 0.4766    , -0.01118571]), 0.7854, 0.0]
[19, array([ 0.472 , -0.0095]), array([ 0.4641    , -0.01059048]), 0.7854, 0.0]
[19, array([ 0.472 , -0.0095]), array([ 0.46469524, -0.01059048]), 0.7854, 0.0]
[19, array([ 0.472 , -0.0095]), array([ 0.46529048, -0.01059048]), 0.7854, 0.0]
[19, array([ 0.472 , -0.0095]), array([ 0.46588571, -0.01059048]), 0.7854, 0.0]
[19, array([ 0.472 , -0.0095]), array([ 0.46648095, -0.01059048]), 0.7854, 0.0]
[19, array([ 0.472 , -0.0095]), array([ 0.46707619, -0.01059048]), 0.7854, 0.0]
[19, array([ 0.472 , -0.0095]), array([ 0.46767143, -0.01059048]), 0.7854, 1.0]
[19, array([ 0.472 , -0.0095]), array([ 0.46826667, -0.01059048]), 0.7854, 1.0]
[19, array([ 0.472 , -0.0095]), array([ 0.4688619 , -0.01059048]), 0.7854, 0.0]
[19, array([ 0.472 , -0.0095]), array([ 0.46945714, -0.01059048]), 0.7854, 0.0]
[19, array([ 0.472 , -0.0095]), array([ 0.47005238, -0.01059048]), 0.7854, 0.0]
[19, array([ 0.472 , -0.0095]), array([ 0.47064762, -0.01059048]), 0.7854, 0.0]
[19, array([ 0.472 , -0.0095]), array([ 0.47124286, -0.01059048]), 0.7854, 0.0]
[19, array([ 0.472 , -0.0095]), array([ 0.4718381 , -0.01059048]), 0.7854, 0.0]
[19, array([ 0.472 , -0.0095]), array([ 0.47243333, -0.01059048]), 0.7854, 0.0]
[19, array([ 0.472 , -0.0095]), array([ 0.47302857, -0.01059048]), 0.7854, 0.0]
[19, array([ 0.472 , -0.0095]), array([ 0.47362381, -0.01059048]), 0.7854, 0.0]
[19, array([ 0.472 , -0.0095]), array([ 0.47421905, -0.01059048]), 0.7854, 0.0]
[19, array([ 0.472 , -0.0095]), array([ 0.47481429, -0.01059048]), 0.7854, 0.0]
[19, array([ 0.472 , -0.0095]), array([ 0.47540952, -0.01059048]), 0.7854, 0.0]
[19, array([ 0.472 , -0.0095]), array([ 0.47600476, -0.01059048]), 0.7854, 0.0]
[19, array([ 0.472 , -0.0095]), array([ 0.4766    , -0.01059048]), 0.7854, 0.0]
[19, array([ 0.472 , -0.0095]), array([ 0.4641    , -0.00999524]), 0.7854, 0.0]
[19, array([ 0.472 , -0.0095]), array([ 0.46469524, -0.00999524]), 0.7854, 0.0]
[19, array([ 0.472 , -0.0095]), array([ 0.46529048, -0.00999524]), 0.7854, 0.0]
[19, array([ 0.472 , -0.0095]), array([ 0.46588571, -0.00999524]), 0.7854, 0.0]
[19, array([ 0.472 , -0.0095]), array([ 0.46648095, -0.00999524]), 0.7854, 0.0]
[19, array([ 0.472 , -0.0095]), array([ 0.46707619, -0.00999524]), 0.7854, 0.0]
[19, array([ 0.472 , -0.0095]), array([ 0.46767143, -0.00999524]), 0.7854, 0.0]
[19, array([ 0.472 , -0.0095]), array([ 0.46826667, -0.00999524]), 0.7854, 1.0]
[19, array([ 0.472 , -0.0095]), array([ 0.4688619 , -0.00999524]), 0.7854, 0.0]
[19, array([ 0.472 , -0.0095]), array([ 0.46945714, -0.00999524]), 0.7854, 0.0]
[19, array([ 0.472 , -0.0095]), array([ 0.47005238, -0.00999524]), 0.7854, 0.0]
[19, array([ 0.472 , -0.0095]), array([ 0.47064762, -0.00999524]), 0.7854, 0.0]
[19, array([ 0.472 , -0.0095]), array([ 0.47124286, -0.00999524]), 0.7854, 0.0]
[19, array([ 0.472 , -0.0095]), array([ 0.4718381 , -0.00999524]), 0.7854, 0.0]
[19, array([ 0.472 , -0.0095]), array([ 0.47243333, -0.00999524]), 0.7854, 0.0]
[19, array([ 0.472 , -0.0095]), array([ 0.47302857, -0.00999524]), 0.7854, 0.0]
[19, array([ 0.472 , -0.0095]), array([ 0.47362381, -0.00999524]), 0.7854, 0.0]
[19, array([ 0.472 , -0.0095]), array([ 0.47421905, -0.00999524]), 0.7854, 1.0]
[19, array([ 0.472 , -0.0095]), array([ 0.47481429, -0.00999524]), 0.7854, 0.0]
[19, array([ 0.472 , -0.0095]), array([ 0.47540952, -0.00999524]), 0.7854, 0.0]
[19, array([ 0.472 , -0.0095]), array([ 0.47600476, -0.00999524]), 0.7854, 0.0]
[19, array([ 0.472 , -0.0095]), array([ 0.4766    , -0.00999524]), 0.7854, 0.0]
[19, array([ 0.472 , -0.0095]), array([ 0.4641, -0.0094]), 0.7854, 0.0]
[19, array([ 0.472 , -0.0095]), array([ 0.46469524, -0.0094    ]), 0.7854, 0.0]
[19, array([ 0.472 , -0.0095]), array([ 0.46529048, -0.0094    ]), 0.7854, 0.0]
[19, array([ 0.472 , -0.0095]), array([ 0.46588571, -0.0094    ]), 0.7854, 0.0]
[19, array([ 0.472 , -0.0095]), array([ 0.46648095, -0.0094    ]), 0.7854, 0.0]
[19, array([ 0.472 , -0.0095]), array([ 0.46707619, -0.0094    ]), 0.7854, 1.0]
[19, array([ 0.472 , -0.0095]), array([ 0.46767143, -0.0094    ]), 0.7854, 0.0]
[19, array([ 0.472 , -0.0095]), array([ 0.46826667, -0.0094    ]), 0.7854, 0.0]
[19, array([ 0.472 , -0.0095]), array([ 0.4688619, -0.0094   ]), 0.7854, 0.0]
[19, array([ 0.472 , -0.0095]), array([ 0.46945714, -0.0094    ]), 0.7854, 0.0]
[19, array([ 0.472 , -0.0095]), array([ 0.47005238, -0.0094    ]), 0.7854, 0.0]
[19, array([ 0.472 , -0.0095]), array([ 0.47064762, -0.0094    ]), 0.7854, 1.0]
[19, array([ 0.472 , -0.0095]), array([ 0.47124286, -0.0094    ]), 0.7854, 0.0]
[19, array([ 0.472 , -0.0095]), array([ 0.4718381, -0.0094   ]), 0.7854, 1.0]
[19, array([ 0.472 , -0.0095]), array([ 0.47243333, -0.0094    ]), 0.7854, 0.0]
[19, array([ 0.472 , -0.0095]), array([ 0.47302857, -0.0094    ]), 0.7854, 0.0]
[19, array([ 0.472 , -0.0095]), array([ 0.47362381, -0.0094    ]), 0.7854, 0.0]
[19, array([ 0.472 , -0.0095]), array([ 0.47421905, -0.0094    ]), 0.7854, 0.0]
[19, array([ 0.472 , -0.0095]), array([ 0.47481429, -0.0094    ]), 0.7854, 1.0]
[19, array([ 0.472 , -0.0095]), array([ 0.47540952, -0.0094    ]), 0.7854, 0.0]
[19, array([ 0.472 , -0.0095]), array([ 0.47600476, -0.0094    ]), 0.7854, 0.0]
[19, array([ 0.472 , -0.0095]), array([ 0.4766, -0.0094]), 0.7854, 0.0]
[9, array([ 0.5477, -0.0346]), array([ 0.525  , -0.05315]), 0.7854, 0.0]
[9, array([ 0.5477, -0.0346]), array([ 0.52589524, -0.05315   ]), 0.7854, 0.0]
[9, array([ 0.5477, -0.0346]), array([ 0.52679048, -0.05315   ]), 0.7854, 0.0]
[9, array([ 0.5477, -0.0346]), array([ 0.52768571, -0.05315   ]), 0.7854, 0.0]
[9, array([ 0.5477, -0.0346]), array([ 0.52858095, -0.05315   ]), 0.7854, 0.0]
[9, array([ 0.5477, -0.0346]), array([ 0.52947619, -0.05315   ]), 0.7854, 0.0]
[9, array([ 0.5477, -0.0346]), array([ 0.53037143, -0.05315   ]), 0.7854, 0.0]
[9, array([ 0.5477, -0.0346]), array([ 0.53126667, -0.05315   ]), 0.7854, 0.0]
[9, array([ 0.5477, -0.0346]), array([ 0.5321619, -0.05315  ]), 0.7854, 0.0]
[9, array([ 0.5477, -0.0346]), array([ 0.53305714, -0.05315   ]), 0.7854, 0.0]
[9, array([ 0.5477, -0.0346]), array([ 0.53395238, -0.05315   ]), 0.7854, 0.0]
[9, array([ 0.5477, -0.0346]), array([ 0.53484762, -0.05315   ]), 0.7854, 0.0]
[9, array([ 0.5477, -0.0346]), array([ 0.53574286, -0.05315   ]), 0.7854, 0.0]
[9, array([ 0.5477, -0.0346]), array([ 0.5366381, -0.05315  ]), 0.7854, 0.0]
[9, array([ 0.5477, -0.0346]), array([ 0.53753333, -0.05315   ]), 0.7854, 0.0]
[9, array([ 0.5477, -0.0346]), array([ 0.53842857, -0.05315   ]), 0.7854, 0.0]
[9, array([ 0.5477, -0.0346]), array([ 0.53932381, -0.05315   ]), 0.7854, 0.0]
[9, array([ 0.5477, -0.0346]), array([ 0.54021905, -0.05315   ]), 0.7854, 0.0]
[9, array([ 0.5477, -0.0346]), array([ 0.54111429, -0.05315   ]), 0.7854, 0.0]
[9, array([ 0.5477, -0.0346]), array([ 0.54200952, -0.05315   ]), 0.7854, 0.0]
[9, array([ 0.5477, -0.0346]), array([ 0.54290476, -0.05315   ]), 0.7854, 0.0]
[9, array([ 0.5477, -0.0346]), array([ 0.5438 , -0.05315]), 0.7854, 0.0]
[9, array([ 0.5477, -0.0346]), array([ 0.525     , -0.05225476]), 0.7854, 0.0]
[9, array([ 0.5477, -0.0346]), array([ 0.52589524, -0.05225476]), 0.7854, 0.0]
[9, array([ 0.5477, -0.0346]), array([ 0.52679048, -0.05225476]), 0.7854, 0.0]
[9, array([ 0.5477, -0.0346]), array([ 0.52768571, -0.05225476]), 0.7854, 0.0]
[9, array([ 0.5477, -0.0346]), array([ 0.52858095, -0.05225476]), 0.7854, 0.0]
[9, array([ 0.5477, -0.0346]), array([ 0.52947619, -0.05225476]), 0.7854, 0.0]
[9, array([ 0.5477, -0.0346]), array([ 0.53037143, -0.05225476]), 0.7854, 0.0]
[9, array([ 0.5477, -0.0346]), array([ 0.53126667, -0.05225476]), 0.7854, 0.0]
[9, array([ 0.5477, -0.0346]), array([ 0.5321619 , -0.05225476]), 0.7854, 0.0]
[9, array([ 0.5477, -0.0346]), array([ 0.53305714, -0.05225476]), 0.7854, 0.0]
[9, array([ 0.5477, -0.0346]), array([ 0.53395238, -0.05225476]), 0.7854, 0.0]
[9, array([ 0.5477, -0.0346]), array([ 0.53484762, -0.05225476]), 0.7854, 0.0]
[9, array([ 0.5477, -0.0346]), array([ 0.53574286, -0.05225476]), 0.7854, 0.0]
[9, array([ 0.5477, -0.0346]), array([ 0.5366381 , -0.05225476]), 0.7854, 0.0]
[9, array([ 0.5477, -0.0346]), array([ 0.53753333, -0.05225476]), 0.7854, 0.0]
[9, array([ 0.5477, -0.0346]), array([ 0.53842857, -0.05225476]), 0.7854, 0.0]
[9, array([ 0.5477, -0.0346]), array([ 0.53932381, -0.05225476]), 0.7854, 0.0]
[9, array([ 0.5477, -0.0346]), array([ 0.54021905, -0.05225476]), 0.7854, 0.0]
[9, array([ 0.5477, -0.0346]), array([ 0.54111429, -0.05225476]), 0.7854, 0.0]
[9, array([ 0.5477, -0.0346]), array([ 0.54200952, -0.05225476]), 0.7854, 0.0]
[9, array([ 0.5477, -0.0346]), array([ 0.54290476, -0.05225476]), 0.7854, 0.0]
[9, array([ 0.5477, -0.0346]), array([ 0.5438    , -0.05225476]), 0.7854, 0.0]
[9, array([ 0.5477, -0.0346]), array([ 0.525     , -0.05135952]), 0.7854, 0.0]
[9, array([ 0.5477, -0.0346]), array([ 0.52589524, -0.05135952]), 0.7854, 0.0]
[9, array([ 0.5477, -0.0346]), array([ 0.52679048, -0.05135952]), 0.7854, 0.0]
[9, array([ 0.5477, -0.0346]), array([ 0.52768571, -0.05135952]), 0.7854, 0.0]
[9, array([ 0.5477, -0.0346]), array([ 0.52858095, -0.05135952]), 0.7854, 0.0]
[9, array([ 0.5477, -0.0346]), array([ 0.52947619, -0.05135952]), 0.7854, 0.0]
[9, array([ 0.5477, -0.0346]), array([ 0.53037143, -0.05135952]), 0.7854, 0.0]
[9, array([ 0.5477, -0.0346]), array([ 0.53126667, -0.05135952]), 0.7854, 0.0]
[9, array([ 0.5477, -0.0346]), array([ 0.5321619 , -0.05135952]), 0.7854, 0.0]
[9, array([ 0.5477, -0.0346]), array([ 0.53305714, -0.05135952]), 0.7854, 0.0]
[9, array([ 0.5477, -0.0346]), array([ 0.53395238, -0.05135952]), 0.7854, 0.0]
[9, array([ 0.5477, -0.0346]), array([ 0.53484762, -0.05135952]), 0.7854, 0.0]
[9, array([ 0.5477, -0.0346]), array([ 0.53574286, -0.05135952]), 0.7854, 0.0]
[9, array([ 0.5477, -0.0346]), array([ 0.5366381 , -0.05135952]), 0.7854, 0.0]
[9, array([ 0.5477, -0.0346]), array([ 0.53753333, -0.05135952]), 0.7854, 0.0]
[9, array([ 0.5477, -0.0346]), array([ 0.53842857, -0.05135952]), 0.7854, 0.0]
[9, array([ 0.5477, -0.0346]), array([ 0.53932381, -0.05135952]), 0.7854, 0.0]
[9, array([ 0.5477, -0.0346]), array([ 0.54021905, -0.05135952]), 0.7854, 0.0]
[9, array([ 0.5477, -0.0346]), array([ 0.54111429, -0.05135952]), 0.7854, 0.0]
[9, array([ 0.5477, -0.0346]), array([ 0.54200952, -0.05135952]), 0.7854, 0.0]
[9, array([ 0.5477, -0.0346]), array([ 0.54290476, -0.05135952]), 0.7854, 0.0]
[9, array([ 0.5477, -0.0346]), array([ 0.5438    , -0.05135952]), 0.7854, 0.0]
[9, array([ 0.5477, -0.0346]), array([ 0.525     , -0.05046429]), 0.7854, 0.0]
[9, array([ 0.5477, -0.0346]), array([ 0.52589524, -0.05046429]), 0.7854, 0.0]
[9, array([ 0.5477, -0.0346]), array([ 0.52679048, -0.05046429]), 0.7854, 0.0]
[9, array([ 0.5477, -0.0346]), array([ 0.52768571, -0.05046429]), 0.7854, 0.0]
[9, array([ 0.5477, -0.0346]), array([ 0.52858095, -0.05046429]), 0.7854, 0.0]
[9, array([ 0.5477, -0.0346]), array([ 0.52947619, -0.05046429]), 0.7854, 0.0]
[9, array([ 0.5477, -0.0346]), array([ 0.53037143, -0.05046429]), 0.7854, 0.0]
[9, array([ 0.5477, -0.0346]), array([ 0.53126667, -0.05046429]), 0.7854, 0.0]
[9, array([ 0.5477, -0.0346]), array([ 0.5321619 , -0.05046429]), 0.7854, 0.0]
[9, array([ 0.5477, -0.0346]), array([ 0.53305714, -0.05046429]), 0.7854, 0.0]
[9, array([ 0.5477, -0.0346]), array([ 0.53395238, -0.05046429]), 0.7854, 0.0]
[9, array([ 0.5477, -0.0346]), array([ 0.53484762, -0.05046429]), 0.7854, 0.0]
[9, array([ 0.5477, -0.0346]), array([ 0.53574286, -0.05046429]), 0.7854, 0.0]
[9, array([ 0.5477, -0.0346]), array([ 0.5366381 , -0.05046429]), 0.7854, 0.0]
[9, array([ 0.5477, -0.0346]), array([ 0.53753333, -0.05046429]), 0.7854, 0.0]
[9, array([ 0.5477, -0.0346]), array([ 0.53842857, -0.05046429]), 0.7854, 0.0]
[9, array([ 0.5477, -0.0346]), array([ 0.53932381, -0.05046429]), 0.7854, 0.0]
[9, array([ 0.5477, -0.0346]), array([ 0.54021905, -0.05046429]), 0.7854, 0.0]
[9, array([ 0.5477, -0.0346]), array([ 0.54111429, -0.05046429]), 0.7854, 0.0]
[9, array([ 0.5477, -0.0346]), array([ 0.54200952, -0.05046429]), 0.7854, 0.0]
[9, array([ 0.5477, -0.0346]), array([ 0.54290476, -0.05046429]), 0.7854, 0.0]
[9, array([ 0.5477, -0.0346]), array([ 0.5438    , -0.05046429]), 0.7854, 0.0]
[9, array([ 0.5477, -0.0346]), array([ 0.525     , -0.04956905]), 0.7854, 0.0]
[9, array([ 0.5477, -0.0346]), array([ 0.52589524, -0.04956905]), 0.7854, 0.0]
[9, array([ 0.5477, -0.0346]), array([ 0.52679048, -0.04956905]), 0.7854, 0.0]
[9, array([ 0.5477, -0.0346]), array([ 0.52768571, -0.04956905]), 0.7854, 0.0]
[9, array([ 0.5477, -0.0346]), array([ 0.52858095, -0.04956905]), 0.7854, 0.0]
[9, array([ 0.5477, -0.0346]), array([ 0.52947619, -0.04956905]), 0.7854, 0.0]
[9, array([ 0.5477, -0.0346]), array([ 0.53037143, -0.04956905]), 0.7854, 0.0]
[9, array([ 0.5477, -0.0346]), array([ 0.53126667, -0.04956905]), 0.7854, 0.0]
[9, array([ 0.5477, -0.0346]), array([ 0.5321619 , -0.04956905]), 0.7854, 0.0]
[9, array([ 0.5477, -0.0346]), array([ 0.53305714, -0.04956905]), 0.7854, 0.0]
[9, array([ 0.5477, -0.0346]), array([ 0.53395238, -0.04956905]), 0.7854, 0.0]
[9, array([ 0.5477, -0.0346]), array([ 0.53484762, -0.04956905]), 0.7854, 0.0]
[9, array([ 0.5477, -0.0346]), array([ 0.53574286, -0.04956905]), 0.7854, 0.0]
[9, array([ 0.5477, -0.0346]), array([ 0.5366381 , -0.04956905]), 0.7854, 0.0]
[9, array([ 0.5477, -0.0346]), array([ 0.53753333, -0.04956905]), 0.7854, 0.0]
[9, array([ 0.5477, -0.0346]), array([ 0.53842857, -0.04956905]), 0.7854, 0.0]
[9, array([ 0.5477, -0.0346]), array([ 0.53932381, -0.04956905]), 0.7854, 0.0]
[9, array([ 0.5477, -0.0346]), array([ 0.54021905, -0.04956905]), 0.7854, 0.0]
[9, array([ 0.5477, -0.0346]), array([ 0.54111429, -0.04956905]), 0.7854, 0.0]
[9, array([ 0.5477, -0.0346]), array([ 0.54200952, -0.04956905]), 0.7854, 0.0]
[9, array([ 0.5477, -0.0346]), array([ 0.54290476, -0.04956905]), 0.7854, 0.0]
[9, array([ 0.5477, -0.0346]), array([ 0.5438    , -0.04956905]), 0.7854, 0.0]
[9, array([ 0.5477, -0.0346]), array([ 0.525     , -0.04867381]), 0.7854, 1.0]
[9, array([ 0.5477, -0.0346]), array([ 0.52589524, -0.04867381]), 0.7854, 1.0]
[9, array([ 0.5477, -0.0346]), array([ 0.52679048, -0.04867381]), 0.7854, 0.0]
[9, array([ 0.5477, -0.0346]), array([ 0.52768571, -0.04867381]), 0.7854, 1.0]
[9, array([ 0.5477, -0.0346]), array([ 0.52858095, -0.04867381]), 0.7854, 1.0]
[9, array([ 0.5477, -0.0346]), array([ 0.52947619, -0.04867381]), 0.7854, 0.0]
[9, array([ 0.5477, -0.0346]), array([ 0.53037143, -0.04867381]), 0.7854, 0.0]
[9, array([ 0.5477, -0.0346]), array([ 0.53126667, -0.04867381]), 0.7854, 0.0]
[9, array([ 0.5477, -0.0346]), array([ 0.5321619 , -0.04867381]), 0.7854, 0.0]
[9, array([ 0.5477, -0.0346]), array([ 0.53305714, -0.04867381]), 0.7854, 0.0]
[9, array([ 0.5477, -0.0346]), array([ 0.53395238, -0.04867381]), 0.7854, 0.0]
[9, array([ 0.5477, -0.0346]), array([ 0.53484762, -0.04867381]), 0.7854, 0.0]
[9, array([ 0.5477, -0.0346]), array([ 0.53574286, -0.04867381]), 0.7854, 0.0]
[9, array([ 0.5477, -0.0346]), array([ 0.5366381 , -0.04867381]), 0.7854, 0.0]
[9, array([ 0.5477, -0.0346]), array([ 0.53753333, -0.04867381]), 0.7854, 0.0]
[9, array([ 0.5477, -0.0346]), array([ 0.53842857, -0.04867381]), 0.7854, 0.0]
[9, array([ 0.5477, -0.0346]), array([ 0.53932381, -0.04867381]), 0.7854, 0.0]
[9, array([ 0.5477, -0.0346]), array([ 0.54021905, -0.04867381]), 0.7854, 0.0]
[9, array([ 0.5477, -0.0346]), array([ 0.54111429, -0.04867381]), 0.7854, 0.0]
[9, array([ 0.5477, -0.0346]), array([ 0.54200952, -0.04867381]), 0.7854, 0.0]
[9, array([ 0.5477, -0.0346]), array([ 0.54290476, -0.04867381]), 0.7854, 0.0]
[9, array([ 0.5477, -0.0346]), array([ 0.5438    , -0.04867381]), 0.7854, 0.0]
[9, array([ 0.5477, -0.0346]), array([ 0.525     , -0.04777857]), 0.7854, 1.0]
[9, array([ 0.5477, -0.0346]), array([ 0.52589524, -0.04777857]), 0.7854, 1.0]
[9, array([ 0.5477, -0.0346]), array([ 0.52679048, -0.04777857]), 0.7854, 1.0]
[9, array([ 0.5477, -0.0346]), array([ 0.52768571, -0.04777857]), 0.7854, 1.0]
[9, array([ 0.5477, -0.0346]), array([ 0.52858095, -0.04777857]), 0.7854, 1.0]
[9, array([ 0.5477, -0.0346]), array([ 0.52947619, -0.04777857]), 0.7854, 0.0]
[9, array([ 0.5477, -0.0346]), array([ 0.53037143, -0.04777857]), 0.7854, 0.0]
[9, array([ 0.5477, -0.0346]), array([ 0.53126667, -0.04777857]), 0.7854, 0.0]
[9, array([ 0.5477, -0.0346]), array([ 0.5321619 , -0.04777857]), 0.7854, 0.0]
[9, array([ 0.5477, -0.0346]), array([ 0.53305714, -0.04777857]), 0.7854, 0.0]
[9, array([ 0.5477, -0.0346]), array([ 0.53395238, -0.04777857]), 0.7854, 0.0]
[9, array([ 0.5477, -0.0346]), array([ 0.53484762, -0.04777857]), 0.7854, 0.0]
[9, array([ 0.5477, -0.0346]), array([ 0.53574286, -0.04777857]), 0.7854, 0.0]
[9, array([ 0.5477, -0.0346]), array([ 0.5366381 , -0.04777857]), 0.7854, 0.0]
[9, array([ 0.5477, -0.0346]), array([ 0.53753333, -0.04777857]), 0.7854, 0.0]
[9, array([ 0.5477, -0.0346]), array([ 0.53842857, -0.04777857]), 0.7854, 0.0]
[9, array([ 0.5477, -0.0346]), array([ 0.53932381, -0.04777857]), 0.7854, 0.0]
[9, array([ 0.5477, -0.0346]), array([ 0.54021905, -0.04777857]), 0.7854, 0.0]
[9, array([ 0.5477, -0.0346]), array([ 0.54111429, -0.04777857]), 0.7854, 0.0]
[9, array([ 0.5477, -0.0346]), array([ 0.54200952, -0.04777857]), 0.7854, 0.0]
[9, array([ 0.5477, -0.0346]), array([ 0.54290476, -0.04777857]), 0.7854, 0.0]
[9, array([ 0.5477, -0.0346]), array([ 0.5438    , -0.04777857]), 0.7854, 0.0]
[9, array([ 0.5477, -0.0346]), array([ 0.525     , -0.04688333]), 0.7854, 1.0]
[9, array([ 0.5477, -0.0346]), array([ 0.52589524, -0.04688333]), 0.7854, 1.0]
[9, array([ 0.5477, -0.0346]), array([ 0.52679048, -0.04688333]), 0.7854, 1.0]
[9, array([ 0.5477, -0.0346]), array([ 0.52768571, -0.04688333]), 0.7854, 1.0]
[9, array([ 0.5477, -0.0346]), array([ 0.52858095, -0.04688333]), 0.7854, 1.0]
[9, array([ 0.5477, -0.0346]), array([ 0.52947619, -0.04688333]), 0.7854, 0.0]
[9, array([ 0.5477, -0.0346]), array([ 0.53037143, -0.04688333]), 0.7854, 1.0]
[9, array([ 0.5477, -0.0346]), array([ 0.53126667, -0.04688333]), 0.7854, 0.0]
[9, array([ 0.5477, -0.0346]), array([ 0.5321619 , -0.04688333]), 0.7854, 0.0]
[9, array([ 0.5477, -0.0346]), array([ 0.53305714, -0.04688333]), 0.7854, 0.0]
[9, array([ 0.5477, -0.0346]), array([ 0.53395238, -0.04688333]), 0.7854, 0.0]
[9, array([ 0.5477, -0.0346]), array([ 0.53484762, -0.04688333]), 0.7854, 0.0]
[9, array([ 0.5477, -0.0346]), array([ 0.53574286, -0.04688333]), 0.7854, 0.0]
[9, array([ 0.5477, -0.0346]), array([ 0.5366381 , -0.04688333]), 0.7854, 0.0]
[9, array([ 0.5477, -0.0346]), array([ 0.53753333, -0.04688333]), 0.7854, 0.0]
[9, array([ 0.5477, -0.0346]), array([ 0.53842857, -0.04688333]), 0.7854, 0.0]
[9, array([ 0.5477, -0.0346]), array([ 0.53932381, -0.04688333]), 0.7854, 0.0]
[9, array([ 0.5477, -0.0346]), array([ 0.54021905, -0.04688333]), 0.7854, 0.0]
[9, array([ 0.5477, -0.0346]), array([ 0.54111429, -0.04688333]), 0.7854, 0.0]
[9, array([ 0.5477, -0.0346]), array([ 0.54200952, -0.04688333]), 0.7854, 0.0]
[9, array([ 0.5477, -0.0346]), array([ 0.54290476, -0.04688333]), 0.7854, 0.0]
[9, array([ 0.5477, -0.0346]), array([ 0.5438    , -0.04688333]), 0.7854, 0.0]
[9, array([ 0.5477, -0.0346]), array([ 0.525    , -0.0459881]), 0.7854, 1.0]
[9, array([ 0.5477, -0.0346]), array([ 0.52589524, -0.0459881 ]), 0.7854, 1.0]
[9, array([ 0.5477, -0.0346]), array([ 0.52679048, -0.0459881 ]), 0.7854, 1.0]
[9, array([ 0.5477, -0.0346]), array([ 0.52768571, -0.0459881 ]), 0.7854, 1.0]
[9, array([ 0.5477, -0.0346]), array([ 0.52858095, -0.0459881 ]), 0.7854, 1.0]
[9, array([ 0.5477, -0.0346]), array([ 0.52947619, -0.0459881 ]), 0.7854, 1.0]
[9, array([ 0.5477, -0.0346]), array([ 0.53037143, -0.0459881 ]), 0.7854, 1.0]
[9, array([ 0.5477, -0.0346]), array([ 0.53126667, -0.0459881 ]), 0.7854, 1.0]
[9, array([ 0.5477, -0.0346]), array([ 0.5321619, -0.0459881]), 0.7854, 0.0]
[9, array([ 0.5477, -0.0346]), array([ 0.53305714, -0.0459881 ]), 0.7854, 0.0]
[9, array([ 0.5477, -0.0346]), array([ 0.53395238, -0.0459881 ]), 0.7854, 1.0]
[9, array([ 0.5477, -0.0346]), array([ 0.53484762, -0.0459881 ]), 0.7854, 1.0]
[9, array([ 0.5477, -0.0346]), array([ 0.53574286, -0.0459881 ]), 0.7854, 0.0]
[9, array([ 0.5477, -0.0346]), array([ 0.5366381, -0.0459881]), 0.7854, 0.0]
[9, array([ 0.5477, -0.0346]), array([ 0.53753333, -0.0459881 ]), 0.7854, 0.0]
[9, array([ 0.5477, -0.0346]), array([ 0.53842857, -0.0459881 ]), 0.7854, 0.0]
[9, array([ 0.5477, -0.0346]), array([ 0.53932381, -0.0459881 ]), 0.7854, 0.0]
[9, array([ 0.5477, -0.0346]), array([ 0.54021905, -0.0459881 ]), 0.7854, 0.0]
[9, array([ 0.5477, -0.0346]), array([ 0.54111429, -0.0459881 ]), 0.7854, 0.0]
[9, array([ 0.5477, -0.0346]), array([ 0.54200952, -0.0459881 ]), 0.7854, 0.0]
[9, array([ 0.5477, -0.0346]), array([ 0.54290476, -0.0459881 ]), 0.7854, 0.0]
[9, array([ 0.5477, -0.0346]), array([ 0.5438   , -0.0459881]), 0.7854, 0.0]
[9, array([ 0.5477, -0.0346]), array([ 0.525     , -0.04509286]), 0.7854, 1.0]
[9, array([ 0.5477, -0.0346]), array([ 0.52589524, -0.04509286]), 0.7854, 1.0]
[9, array([ 0.5477, -0.0346]), array([ 0.52679048, -0.04509286]), 0.7854, 1.0]
[9, array([ 0.5477, -0.0346]), array([ 0.52768571, -0.04509286]), 0.7854, 1.0]
[9, array([ 0.5477, -0.0346]), array([ 0.52858095, -0.04509286]), 0.7854, 1.0]
[9, array([ 0.5477, -0.0346]), array([ 0.52947619, -0.04509286]), 0.7854, 1.0]
[9, array([ 0.5477, -0.0346]), array([ 0.53037143, -0.04509286]), 0.7854, 1.0]
[9, array([ 0.5477, -0.0346]), array([ 0.53126667, -0.04509286]), 0.7854, 1.0]
[9, array([ 0.5477, -0.0346]), array([ 0.5321619 , -0.04509286]), 0.7854, 1.0]
[9, array([ 0.5477, -0.0346]), array([ 0.53305714, -0.04509286]), 0.7854, 1.0]
[9, array([ 0.5477, -0.0346]), array([ 0.53395238, -0.04509286]), 0.7854, 1.0]
[9, array([ 0.5477, -0.0346]), array([ 0.53484762, -0.04509286]), 0.7854, 1.0]
[9, array([ 0.5477, -0.0346]), array([ 0.53574286, -0.04509286]), 0.7854, 0.0]
[9, array([ 0.5477, -0.0346]), array([ 0.5366381 , -0.04509286]), 0.7854, 0.0]
[9, array([ 0.5477, -0.0346]), array([ 0.53753333, -0.04509286]), 0.7854, 0.0]
[9, array([ 0.5477, -0.0346]), array([ 0.53842857, -0.04509286]), 0.7854, 0.0]
[9, array([ 0.5477, -0.0346]), array([ 0.53932381, -0.04509286]), 0.7854, 0.0]
[9, array([ 0.5477, -0.0346]), array([ 0.54021905, -0.04509286]), 0.7854, 0.0]
[9, array([ 0.5477, -0.0346]), array([ 0.54111429, -0.04509286]), 0.7854, 0.0]
[9, array([ 0.5477, -0.0346]), array([ 0.54200952, -0.04509286]), 0.7854, 0.0]
[9, array([ 0.5477, -0.0346]), array([ 0.54290476, -0.04509286]), 0.7854, 0.0]
[9, array([ 0.5477, -0.0346]), array([ 0.5438    , -0.04509286]), 0.7854, 0.0]
[9, array([ 0.5477, -0.0346]), array([ 0.525     , -0.04419762]), 0.7854, 1.0]
[9, array([ 0.5477, -0.0346]), array([ 0.52589524, -0.04419762]), 0.7854, 1.0]
[9, array([ 0.5477, -0.0346]), array([ 0.52679048, -0.04419762]), 0.7854, 1.0]
[9, array([ 0.5477, -0.0346]), array([ 0.52768571, -0.04419762]), 0.7854, 1.0]
[9, array([ 0.5477, -0.0346]), array([ 0.52858095, -0.04419762]), 0.7854, 1.0]
[9, array([ 0.5477, -0.0346]), array([ 0.52947619, -0.04419762]), 0.7854, 1.0]
[9, array([ 0.5477, -0.0346]), array([ 0.53037143, -0.04419762]), 0.7854, 1.0]
[9, array([ 0.5477, -0.0346]), array([ 0.53126667, -0.04419762]), 0.7854, 1.0]
[9, array([ 0.5477, -0.0346]), array([ 0.5321619 , -0.04419762]), 0.7854, 1.0]
[9, array([ 0.5477, -0.0346]), array([ 0.53305714, -0.04419762]), 0.7854, 1.0]
[9, array([ 0.5477, -0.0346]), array([ 0.53395238, -0.04419762]), 0.7854, 1.0]
[9, array([ 0.5477, -0.0346]), array([ 0.53484762, -0.04419762]), 0.7854, 1.0]
[9, array([ 0.5477, -0.0346]), array([ 0.53574286, -0.04419762]), 0.7854, 1.0]
[9, array([ 0.5477, -0.0346]), array([ 0.5366381 , -0.04419762]), 0.7854, 0.0]
[9, array([ 0.5477, -0.0346]), array([ 0.53753333, -0.04419762]), 0.7854, 0.0]
[9, array([ 0.5477, -0.0346]), array([ 0.53842857, -0.04419762]), 0.7854, 0.0]
[9, array([ 0.5477, -0.0346]), array([ 0.53932381, -0.04419762]), 0.7854, 0.0]
[9, array([ 0.5477, -0.0346]), array([ 0.54021905, -0.04419762]), 0.7854, 0.0]
[9, array([ 0.5477, -0.0346]), array([ 0.54111429, -0.04419762]), 0.7854, 0.0]
[9, array([ 0.5477, -0.0346]), array([ 0.54200952, -0.04419762]), 0.7854, 0.0]
[9, array([ 0.5477, -0.0346]), array([ 0.54290476, -0.04419762]), 0.7854, 0.0]
[9, array([ 0.5477, -0.0346]), array([ 0.5438    , -0.04419762]), 0.7854, 0.0]
[9, array([ 0.5477, -0.0346]), array([ 0.525     , -0.04330238]), 0.7854, 1.0]
[9, array([ 0.5477, -0.0346]), array([ 0.52589524, -0.04330238]), 0.7854, 1.0]
[9, array([ 0.5477, -0.0346]), array([ 0.52679048, -0.04330238]), 0.7854, 1.0]
[9, array([ 0.5477, -0.0346]), array([ 0.52768571, -0.04330238]), 0.7854, 1.0]
[9, array([ 0.5477, -0.0346]), array([ 0.52858095, -0.04330238]), 0.7854, 1.0]
[9, array([ 0.5477, -0.0346]), array([ 0.52947619, -0.04330238]), 0.7854, 1.0]
[9, array([ 0.5477, -0.0346]), array([ 0.53037143, -0.04330238]), 0.7854, 1.0]
[9, array([ 0.5477, -0.0346]), array([ 0.53126667, -0.04330238]), 0.7854, 1.0]
[9, array([ 0.5477, -0.0346]), array([ 0.5321619 , -0.04330238]), 0.7854, 1.0]
[9, array([ 0.5477, -0.0346]), array([ 0.53305714, -0.04330238]), 0.7854, 1.0]
[9, array([ 0.5477, -0.0346]), array([ 0.53395238, -0.04330238]), 0.7854, 1.0]
[9, array([ 0.5477, -0.0346]), array([ 0.53484762, -0.04330238]), 0.7854, 1.0]
[9, array([ 0.5477, -0.0346]), array([ 0.53574286, -0.04330238]), 0.7854, 1.0]
[9, array([ 0.5477, -0.0346]), array([ 0.5366381 , -0.04330238]), 0.7854, 0.0]
[9, array([ 0.5477, -0.0346]), array([ 0.53753333, -0.04330238]), 0.7854, 0.0]
[9, array([ 0.5477, -0.0346]), array([ 0.53842857, -0.04330238]), 0.7854, 0.0]
[9, array([ 0.5477, -0.0346]), array([ 0.53932381, -0.04330238]), 0.7854, 0.0]
[9, array([ 0.5477, -0.0346]), array([ 0.54021905, -0.04330238]), 0.7854, 0.0]
[9, array([ 0.5477, -0.0346]), array([ 0.54111429, -0.04330238]), 0.7854, 0.0]
[9, array([ 0.5477, -0.0346]), array([ 0.54200952, -0.04330238]), 0.7854, 0.0]
[9, array([ 0.5477, -0.0346]), array([ 0.54290476, -0.04330238]), 0.7854, 0.0]
[9, array([ 0.5477, -0.0346]), array([ 0.5438    , -0.04330238]), 0.7854, 0.0]
[9, array([ 0.5477, -0.0346]), array([ 0.525     , -0.04240714]), 0.7854, 1.0]
[9, array([ 0.5477, -0.0346]), array([ 0.52589524, -0.04240714]), 0.7854, 1.0]
[9, array([ 0.5477, -0.0346]), array([ 0.52679048, -0.04240714]), 0.7854, 1.0]
[9, array([ 0.5477, -0.0346]), array([ 0.52768571, -0.04240714]), 0.7854, 1.0]
[9, array([ 0.5477, -0.0346]), array([ 0.52858095, -0.04240714]), 0.7854, 1.0]
[9, array([ 0.5477, -0.0346]), array([ 0.52947619, -0.04240714]), 0.7854, 1.0]
[9, array([ 0.5477, -0.0346]), array([ 0.53037143, -0.04240714]), 0.7854, 1.0]
[9, array([ 0.5477, -0.0346]), array([ 0.53126667, -0.04240714]), 0.7854, 1.0]
[9, array([ 0.5477, -0.0346]), array([ 0.5321619 , -0.04240714]), 0.7854, 1.0]
[9, array([ 0.5477, -0.0346]), array([ 0.53305714, -0.04240714]), 0.7854, 1.0]
[9, array([ 0.5477, -0.0346]), array([ 0.53395238, -0.04240714]), 0.7854, 1.0]
[9, array([ 0.5477, -0.0346]), array([ 0.53484762, -0.04240714]), 0.7854, 1.0]
[9, array([ 0.5477, -0.0346]), array([ 0.53574286, -0.04240714]), 0.7854, 1.0]
[9, array([ 0.5477, -0.0346]), array([ 0.5366381 , -0.04240714]), 0.7854, 1.0]
[9, array([ 0.5477, -0.0346]), array([ 0.53753333, -0.04240714]), 0.7854, 0.0]
[9, array([ 0.5477, -0.0346]), array([ 0.53842857, -0.04240714]), 0.7854, 0.0]
[9, array([ 0.5477, -0.0346]), array([ 0.53932381, -0.04240714]), 0.7854, 0.0]
[9, array([ 0.5477, -0.0346]), array([ 0.54021905, -0.04240714]), 0.7854, 0.0]
[9, array([ 0.5477, -0.0346]), array([ 0.54111429, -0.04240714]), 0.7854, 0.0]
[9, array([ 0.5477, -0.0346]), array([ 0.54200952, -0.04240714]), 0.7854, 0.0]
[9, array([ 0.5477, -0.0346]), array([ 0.54290476, -0.04240714]), 0.7854, 0.0]
[9, array([ 0.5477, -0.0346]), array([ 0.5438    , -0.04240714]), 0.7854, 0.0]
[9, array([ 0.5477, -0.0346]), array([ 0.525    , -0.0415119]), 0.7854, 1.0]
[9, array([ 0.5477, -0.0346]), array([ 0.52589524, -0.0415119 ]), 0.7854, 1.0]
[9, array([ 0.5477, -0.0346]), array([ 0.52679048, -0.0415119 ]), 0.7854, 1.0]
[9, array([ 0.5477, -0.0346]), array([ 0.52768571, -0.0415119 ]), 0.7854, 1.0]
[9, array([ 0.5477, -0.0346]), array([ 0.52858095, -0.0415119 ]), 0.7854, 1.0]
[9, array([ 0.5477, -0.0346]), array([ 0.52947619, -0.0415119 ]), 0.7854, 1.0]
[9, array([ 0.5477, -0.0346]), array([ 0.53037143, -0.0415119 ]), 0.7854, 1.0]
[9, array([ 0.5477, -0.0346]), array([ 0.53126667, -0.0415119 ]), 0.7854, 1.0]
[9, array([ 0.5477, -0.0346]), array([ 0.5321619, -0.0415119]), 0.7854, 1.0]
[9, array([ 0.5477, -0.0346]), array([ 0.53305714, -0.0415119 ]), 0.7854, 1.0]
[9, array([ 0.5477, -0.0346]), array([ 0.53395238, -0.0415119 ]), 0.7854, 1.0]
[9, array([ 0.5477, -0.0346]), array([ 0.53484762, -0.0415119 ]), 0.7854, 1.0]
[9, array([ 0.5477, -0.0346]), array([ 0.53574286, -0.0415119 ]), 0.7854, 1.0]
[9, array([ 0.5477, -0.0346]), array([ 0.5366381, -0.0415119]), 0.7854, 1.0]
[9, array([ 0.5477, -0.0346]), array([ 0.53753333, -0.0415119 ]), 0.7854, 1.0]
[9, array([ 0.5477, -0.0346]), array([ 0.53842857, -0.0415119 ]), 0.7854, 0.0]
[9, array([ 0.5477, -0.0346]), array([ 0.53932381, -0.0415119 ]), 0.7854, 0.0]
[9, array([ 0.5477, -0.0346]), array([ 0.54021905, -0.0415119 ]), 0.7854, 0.0]
[9, array([ 0.5477, -0.0346]), array([ 0.54111429, -0.0415119 ]), 0.7854, 0.0]
[9, array([ 0.5477, -0.0346]), array([ 0.54200952, -0.0415119 ]), 0.7854, 0.0]
[9, array([ 0.5477, -0.0346]), array([ 0.54290476, -0.0415119 ]), 0.7854, 0.0]
[9, array([ 0.5477, -0.0346]), array([ 0.5438   , -0.0415119]), 0.7854, 0.0]
[9, array([ 0.5477, -0.0346]), array([ 0.525     , -0.04061667]), 0.7854, 1.0]
[9, array([ 0.5477, -0.0346]), array([ 0.52589524, -0.04061667]), 0.7854, 1.0]
[9, array([ 0.5477, -0.0346]), array([ 0.52679048, -0.04061667]), 0.7854, 1.0]
[9, array([ 0.5477, -0.0346]), array([ 0.52768571, -0.04061667]), 0.7854, 1.0]
[9, array([ 0.5477, -0.0346]), array([ 0.52858095, -0.04061667]), 0.7854, 1.0]
[9, array([ 0.5477, -0.0346]), array([ 0.52947619, -0.04061667]), 0.7854, 1.0]
[9, array([ 0.5477, -0.0346]), array([ 0.53037143, -0.04061667]), 0.7854, 1.0]
[9, array([ 0.5477, -0.0346]), array([ 0.53126667, -0.04061667]), 0.7854, 1.0]
[9, array([ 0.5477, -0.0346]), array([ 0.5321619 , -0.04061667]), 0.7854, 1.0]
[9, array([ 0.5477, -0.0346]), array([ 0.53305714, -0.04061667]), 0.7854, 1.0]
[9, array([ 0.5477, -0.0346]), array([ 0.53395238, -0.04061667]), 0.7854, 1.0]
[9, array([ 0.5477, -0.0346]), array([ 0.53484762, -0.04061667]), 0.7854, 1.0]
[9, array([ 0.5477, -0.0346]), array([ 0.53574286, -0.04061667]), 0.7854, 1.0]
[9, array([ 0.5477, -0.0346]), array([ 0.5366381 , -0.04061667]), 0.7854, 1.0]
[9, array([ 0.5477, -0.0346]), array([ 0.53753333, -0.04061667]), 0.7854, 1.0]
[9, array([ 0.5477, -0.0346]), array([ 0.53842857, -0.04061667]), 0.7854, 1.0]
[9, array([ 0.5477, -0.0346]), array([ 0.53932381, -0.04061667]), 0.7854, 1.0]
[9, array([ 0.5477, -0.0346]), array([ 0.54021905, -0.04061667]), 0.7854, 0.0]
[9, array([ 0.5477, -0.0346]), array([ 0.54111429, -0.04061667]), 0.7854, 0.0]
[9, array([ 0.5477, -0.0346]), array([ 0.54200952, -0.04061667]), 0.7854, 0.0]
[9, array([ 0.5477, -0.0346]), array([ 0.54290476, -0.04061667]), 0.7854, 0.0]
[9, array([ 0.5477, -0.0346]), array([ 0.5438    , -0.04061667]), 0.7854, 0.0]
[9, array([ 0.5477, -0.0346]), array([ 0.525     , -0.03972143]), 0.7854, 1.0]
[9, array([ 0.5477, -0.0346]), array([ 0.52589524, -0.03972143]), 0.7854, 1.0]
[9, array([ 0.5477, -0.0346]), array([ 0.52679048, -0.03972143]), 0.7854, 1.0]
[9, array([ 0.5477, -0.0346]), array([ 0.52768571, -0.03972143]), 0.7854, 1.0]
[9, array([ 0.5477, -0.0346]), array([ 0.52858095, -0.03972143]), 0.7854, 1.0]
[9, array([ 0.5477, -0.0346]), array([ 0.52947619, -0.03972143]), 0.7854, 1.0]
[9, array([ 0.5477, -0.0346]), array([ 0.53037143, -0.03972143]), 0.7854, 1.0]
[9, array([ 0.5477, -0.0346]), array([ 0.53126667, -0.03972143]), 0.7854, 1.0]
[9, array([ 0.5477, -0.0346]), array([ 0.5321619 , -0.03972143]), 0.7854, 1.0]
[9, array([ 0.5477, -0.0346]), array([ 0.53305714, -0.03972143]), 0.7854, 1.0]
[9, array([ 0.5477, -0.0346]), array([ 0.53395238, -0.03972143]), 0.7854, 1.0]
[9, array([ 0.5477, -0.0346]), array([ 0.53484762, -0.03972143]), 0.7854, 1.0]
[9, array([ 0.5477, -0.0346]), array([ 0.53574286, -0.03972143]), 0.7854, 1.0]
[9, array([ 0.5477, -0.0346]), array([ 0.5366381 , -0.03972143]), 0.7854, 1.0]
[9, array([ 0.5477, -0.0346]), array([ 0.53753333, -0.03972143]), 0.7854, 0.0]
[9, array([ 0.5477, -0.0346]), array([ 0.53842857, -0.03972143]), 0.7854, 1.0]
[9, array([ 0.5477, -0.0346]), array([ 0.53932381, -0.03972143]), 0.7854, 1.0]
[9, array([ 0.5477, -0.0346]), array([ 0.54021905, -0.03972143]), 0.7854, 0.0]
[9, array([ 0.5477, -0.0346]), array([ 0.54111429, -0.03972143]), 0.7854, 0.0]
[9, array([ 0.5477, -0.0346]), array([ 0.54200952, -0.03972143]), 0.7854, 0.0]
[9, array([ 0.5477, -0.0346]), array([ 0.54290476, -0.03972143]), 0.7854, 0.0]
[9, array([ 0.5477, -0.0346]), array([ 0.5438    , -0.03972143]), 0.7854, 0.0]
[9, array([ 0.5477, -0.0346]), array([ 0.525     , -0.03882619]), 0.7854, 1.0]
[9, array([ 0.5477, -0.0346]), array([ 0.52589524, -0.03882619]), 0.7854, 1.0]
[9, array([ 0.5477, -0.0346]), array([ 0.52679048, -0.03882619]), 0.7854, 1.0]
[9, array([ 0.5477, -0.0346]), array([ 0.52768571, -0.03882619]), 0.7854, 1.0]
[9, array([ 0.5477, -0.0346]), array([ 0.52858095, -0.03882619]), 0.7854, 1.0]
[9, array([ 0.5477, -0.0346]), array([ 0.52947619, -0.03882619]), 0.7854, 1.0]
[9, array([ 0.5477, -0.0346]), array([ 0.53037143, -0.03882619]), 0.7854, 1.0]
[9, array([ 0.5477, -0.0346]), array([ 0.53126667, -0.03882619]), 0.7854, 1.0]
[9, array([ 0.5477, -0.0346]), array([ 0.5321619 , -0.03882619]), 0.7854, 1.0]
[9, array([ 0.5477, -0.0346]), array([ 0.53305714, -0.03882619]), 0.7854, 1.0]
[9, array([ 0.5477, -0.0346]), array([ 0.53395238, -0.03882619]), 0.7854, 1.0]
[9, array([ 0.5477, -0.0346]), array([ 0.53484762, -0.03882619]), 0.7854, 1.0]
[9, array([ 0.5477, -0.0346]), array([ 0.53574286, -0.03882619]), 0.7854, 1.0]
[9, array([ 0.5477, -0.0346]), array([ 0.5366381 , -0.03882619]), 0.7854, 1.0]
[9, array([ 0.5477, -0.0346]), array([ 0.53753333, -0.03882619]), 0.7854, 0.0]
[9, array([ 0.5477, -0.0346]), array([ 0.53842857, -0.03882619]), 0.7854, 0.0]
[9, array([ 0.5477, -0.0346]), array([ 0.53932381, -0.03882619]), 0.7854, 0.0]
[9, array([ 0.5477, -0.0346]), array([ 0.54021905, -0.03882619]), 0.7854, 0.0]
[9, array([ 0.5477, -0.0346]), array([ 0.54111429, -0.03882619]), 0.7854, 0.0]
[9, array([ 0.5477, -0.0346]), array([ 0.54200952, -0.03882619]), 0.7854, 0.0]
[9, array([ 0.5477, -0.0346]), array([ 0.54290476, -0.03882619]), 0.7854, 0.0]
[9, array([ 0.5477, -0.0346]), array([ 0.5438    , -0.03882619]), 0.7854, 0.0]
[9, array([ 0.5477, -0.0346]), array([ 0.525     , -0.03793095]), 0.7854, 1.0]
[9, array([ 0.5477, -0.0346]), array([ 0.52589524, -0.03793095]), 0.7854, 1.0]
[9, array([ 0.5477, -0.0346]), array([ 0.52679048, -0.03793095]), 0.7854, 1.0]
[9, array([ 0.5477, -0.0346]), array([ 0.52768571, -0.03793095]), 0.7854, 1.0]
[9, array([ 0.5477, -0.0346]), array([ 0.52858095, -0.03793095]), 0.7854, 1.0]
[9, array([ 0.5477, -0.0346]), array([ 0.52947619, -0.03793095]), 0.7854, 1.0]
[9, array([ 0.5477, -0.0346]), array([ 0.53037143, -0.03793095]), 0.7854, 1.0]
[9, array([ 0.5477, -0.0346]), array([ 0.53126667, -0.03793095]), 0.7854, 1.0]
[9, array([ 0.5477, -0.0346]), array([ 0.5321619 , -0.03793095]), 0.7854, 1.0]
[9, array([ 0.5477, -0.0346]), array([ 0.53305714, -0.03793095]), 0.7854, 1.0]
[9, array([ 0.5477, -0.0346]), array([ 0.53395238, -0.03793095]), 0.7854, 1.0]
[9, array([ 0.5477, -0.0346]), array([ 0.53484762, -0.03793095]), 0.7854, 1.0]
[9, array([ 0.5477, -0.0346]), array([ 0.53574286, -0.03793095]), 0.7854, 1.0]
[9, array([ 0.5477, -0.0346]), array([ 0.5366381 , -0.03793095]), 0.7854, 1.0]
[9, array([ 0.5477, -0.0346]), array([ 0.53753333, -0.03793095]), 0.7854, 1.0]
[9, array([ 0.5477, -0.0346]), array([ 0.53842857, -0.03793095]), 0.7854, 1.0]
[9, array([ 0.5477, -0.0346]), array([ 0.53932381, -0.03793095]), 0.7854, 1.0]
[9, array([ 0.5477, -0.0346]), array([ 0.54021905, -0.03793095]), 0.7854, 0.0]
[9, array([ 0.5477, -0.0346]), array([ 0.54111429, -0.03793095]), 0.7854, 0.0]
[9, array([ 0.5477, -0.0346]), array([ 0.54200952, -0.03793095]), 0.7854, 0.0]
[9, array([ 0.5477, -0.0346]), array([ 0.54290476, -0.03793095]), 0.7854, 0.0]
[9, array([ 0.5477, -0.0346]), array([ 0.5438    , -0.03793095]), 0.7854, 0.0]
[9, array([ 0.5477, -0.0346]), array([ 0.525     , -0.03703571]), 0.7854, 1.0]
[9, array([ 0.5477, -0.0346]), array([ 0.52589524, -0.03703571]), 0.7854, 1.0]
[9, array([ 0.5477, -0.0346]), array([ 0.52679048, -0.03703571]), 0.7854, 1.0]
[9, array([ 0.5477, -0.0346]), array([ 0.52768571, -0.03703571]), 0.7854, 1.0]
[9, array([ 0.5477, -0.0346]), array([ 0.52858095, -0.03703571]), 0.7854, 1.0]
[9, array([ 0.5477, -0.0346]), array([ 0.52947619, -0.03703571]), 0.7854, 1.0]
[9, array([ 0.5477, -0.0346]), array([ 0.53037143, -0.03703571]), 0.7854, 1.0]
[9, array([ 0.5477, -0.0346]), array([ 0.53126667, -0.03703571]), 0.7854, 1.0]
[9, array([ 0.5477, -0.0346]), array([ 0.5321619 , -0.03703571]), 0.7854, 1.0]
[9, array([ 0.5477, -0.0346]), array([ 0.53305714, -0.03703571]), 0.7854, 1.0]
[9, array([ 0.5477, -0.0346]), array([ 0.53395238, -0.03703571]), 0.7854, 1.0]
[9, array([ 0.5477, -0.0346]), array([ 0.53484762, -0.03703571]), 0.7854, 1.0]
[9, array([ 0.5477, -0.0346]), array([ 0.53574286, -0.03703571]), 0.7854, 1.0]
[9, array([ 0.5477, -0.0346]), array([ 0.5366381 , -0.03703571]), 0.7854, 1.0]
[9, array([ 0.5477, -0.0346]), array([ 0.53753333, -0.03703571]), 0.7854, 1.0]
[9, array([ 0.5477, -0.0346]), array([ 0.53842857, -0.03703571]), 0.7854, 1.0]
[9, array([ 0.5477, -0.0346]), array([ 0.53932381, -0.03703571]), 0.7854, 0.0]
[9, array([ 0.5477, -0.0346]), array([ 0.54021905, -0.03703571]), 0.7854, 1.0]
[9, array([ 0.5477, -0.0346]), array([ 0.54111429, -0.03703571]), 0.7854, 1.0]
[9, array([ 0.5477, -0.0346]), array([ 0.54200952, -0.03703571]), 0.7854, 0.0]
[9, array([ 0.5477, -0.0346]), array([ 0.54290476, -0.03703571]), 0.7854, 0.0]
[9, array([ 0.5477, -0.0346]), array([ 0.5438    , -0.03703571]), 0.7854, 0.0]
[9, array([ 0.5477, -0.0346]), array([ 0.525     , -0.03614048]), 0.7854, 1.0]
[9, array([ 0.5477, -0.0346]), array([ 0.52589524, -0.03614048]), 0.7854, 1.0]
[9, array([ 0.5477, -0.0346]), array([ 0.52679048, -0.03614048]), 0.7854, 1.0]
[9, array([ 0.5477, -0.0346]), array([ 0.52768571, -0.03614048]), 0.7854, 1.0]
[9, array([ 0.5477, -0.0346]), array([ 0.52858095, -0.03614048]), 0.7854, 1.0]
[9, array([ 0.5477, -0.0346]), array([ 0.52947619, -0.03614048]), 0.7854, 1.0]
[9, array([ 0.5477, -0.0346]), array([ 0.53037143, -0.03614048]), 0.7854, 1.0]
[9, array([ 0.5477, -0.0346]), array([ 0.53126667, -0.03614048]), 0.7854, 1.0]
[9, array([ 0.5477, -0.0346]), array([ 0.5321619 , -0.03614048]), 0.7854, 1.0]
[9, array([ 0.5477, -0.0346]), array([ 0.53305714, -0.03614048]), 0.7854, 1.0]
[9, array([ 0.5477, -0.0346]), array([ 0.53395238, -0.03614048]), 0.7854, 1.0]
[9, array([ 0.5477, -0.0346]), array([ 0.53484762, -0.03614048]), 0.7854, 1.0]
[9, array([ 0.5477, -0.0346]), array([ 0.53574286, -0.03614048]), 0.7854, 1.0]
[9, array([ 0.5477, -0.0346]), array([ 0.5366381 , -0.03614048]), 0.7854, 1.0]
[9, array([ 0.5477, -0.0346]), array([ 0.53753333, -0.03614048]), 0.7854, 1.0]
[9, array([ 0.5477, -0.0346]), array([ 0.53842857, -0.03614048]), 0.7854, 1.0]
[9, array([ 0.5477, -0.0346]), array([ 0.53932381, -0.03614048]), 0.7854, 1.0]
[9, array([ 0.5477, -0.0346]), array([ 0.54021905, -0.03614048]), 0.7854, 1.0]
[9, array([ 0.5477, -0.0346]), array([ 0.54111429, -0.03614048]), 0.7854, 0.0]
[9, array([ 0.5477, -0.0346]), array([ 0.54200952, -0.03614048]), 0.7854, 0.0]
[9, array([ 0.5477, -0.0346]), array([ 0.54290476, -0.03614048]), 0.7854, 0.0]
[9, array([ 0.5477, -0.0346]), array([ 0.5438    , -0.03614048]), 0.7854, 0.0]
[9, array([ 0.5477, -0.0346]), array([ 0.525     , -0.03524524]), 0.7854, 1.0]
[9, array([ 0.5477, -0.0346]), array([ 0.52589524, -0.03524524]), 0.7854, 1.0]
[9, array([ 0.5477, -0.0346]), array([ 0.52679048, -0.03524524]), 0.7854, 1.0]
[9, array([ 0.5477, -0.0346]), array([ 0.52768571, -0.03524524]), 0.7854, 1.0]
[9, array([ 0.5477, -0.0346]), array([ 0.52858095, -0.03524524]), 0.7854, 1.0]
[9, array([ 0.5477, -0.0346]), array([ 0.52947619, -0.03524524]), 0.7854, 1.0]
[9, array([ 0.5477, -0.0346]), array([ 0.53037143, -0.03524524]), 0.7854, 1.0]
[9, array([ 0.5477, -0.0346]), array([ 0.53126667, -0.03524524]), 0.7854, 1.0]
[9, array([ 0.5477, -0.0346]), array([ 0.5321619 , -0.03524524]), 0.7854, 1.0]
[9, array([ 0.5477, -0.0346]), array([ 0.53305714, -0.03524524]), 0.7854, 1.0]
[9, array([ 0.5477, -0.0346]), array([ 0.53395238, -0.03524524]), 0.7854, 1.0]
[9, array([ 0.5477, -0.0346]), array([ 0.53484762, -0.03524524]), 0.7854, 1.0]
[9, array([ 0.5477, -0.0346]), array([ 0.53574286, -0.03524524]), 0.7854, 1.0]
[9, array([ 0.5477, -0.0346]), array([ 0.5366381 , -0.03524524]), 0.7854, 1.0]
[9, array([ 0.5477, -0.0346]), array([ 0.53753333, -0.03524524]), 0.7854, 1.0]
[9, array([ 0.5477, -0.0346]), array([ 0.53842857, -0.03524524]), 0.7854, 1.0]
[9, array([ 0.5477, -0.0346]), array([ 0.53932381, -0.03524524]), 0.7854, 1.0]
[9, array([ 0.5477, -0.0346]), array([ 0.54021905, -0.03524524]), 0.7854, 1.0]
[9, array([ 0.5477, -0.0346]), array([ 0.54111429, -0.03524524]), 0.7854, 0.0]
[9, array([ 0.5477, -0.0346]), array([ 0.54200952, -0.03524524]), 0.7854, 0.0]
[9, array([ 0.5477, -0.0346]), array([ 0.54290476, -0.03524524]), 0.7854, 0.0]
[9, array([ 0.5477, -0.0346]), array([ 0.5438    , -0.03524524]), 0.7854, 0.0]
[9, array([ 0.5477, -0.0346]), array([ 0.525  , -0.03435]), 0.7854, 1.0]
[9, array([ 0.5477, -0.0346]), array([ 0.52589524, -0.03435   ]), 0.7854, 1.0]
[9, array([ 0.5477, -0.0346]), array([ 0.52679048, -0.03435   ]), 0.7854, 1.0]
[9, array([ 0.5477, -0.0346]), array([ 0.52768571, -0.03435   ]), 0.7854, 1.0]
[9, array([ 0.5477, -0.0346]), array([ 0.52858095, -0.03435   ]), 0.7854, 1.0]
[9, array([ 0.5477, -0.0346]), array([ 0.52947619, -0.03435   ]), 0.7854, 1.0]
[9, array([ 0.5477, -0.0346]), array([ 0.53037143, -0.03435   ]), 0.7854, 1.0]
[9, array([ 0.5477, -0.0346]), array([ 0.53126667, -0.03435   ]), 0.7854, 1.0]
[9, array([ 0.5477, -0.0346]), array([ 0.5321619, -0.03435  ]), 0.7854, 1.0]
[9, array([ 0.5477, -0.0346]), array([ 0.53305714, -0.03435   ]), 0.7854, 1.0]
[9, array([ 0.5477, -0.0346]), array([ 0.53395238, -0.03435   ]), 0.7854, 1.0]
[9, array([ 0.5477, -0.0346]), array([ 0.53484762, -0.03435   ]), 0.7854, 1.0]
[9, array([ 0.5477, -0.0346]), array([ 0.53574286, -0.03435   ]), 0.7854, 1.0]
[9, array([ 0.5477, -0.0346]), array([ 0.5366381, -0.03435  ]), 0.7854, 1.0]
[9, array([ 0.5477, -0.0346]), array([ 0.53753333, -0.03435   ]), 0.7854, 1.0]
[9, array([ 0.5477, -0.0346]), array([ 0.53842857, -0.03435   ]), 0.7854, 1.0]
[9, array([ 0.5477, -0.0346]), array([ 0.53932381, -0.03435   ]), 0.7854, 1.0]
[9, array([ 0.5477, -0.0346]), array([ 0.54021905, -0.03435   ]), 0.7854, 1.0]
[9, array([ 0.5477, -0.0346]), array([ 0.54111429, -0.03435   ]), 0.7854, 0.0]
[9, array([ 0.5477, -0.0346]), array([ 0.54200952, -0.03435   ]), 0.7854, 0.0]
[9, array([ 0.5477, -0.0346]), array([ 0.54290476, -0.03435   ]), 0.7854, 0.0]
[9, array([ 0.5477, -0.0346]), array([ 0.5438 , -0.03435]), 0.7854, 0.0]
[6, array([0.4641, 0.0424]), array([0.4594 , 0.03595]), 0.7854, 1.0]
[6, array([0.4641, 0.0424]), array([0.45969524, 0.03595   ]), 0.7854, 1.0]
[6, array([0.4641, 0.0424]), array([0.45999048, 0.03595   ]), 0.7854, 1.0]
[6, array([0.4641, 0.0424]), array([0.46028571, 0.03595   ]), 0.7854, 1.0]
[6, array([0.4641, 0.0424]), array([0.46058095, 0.03595   ]), 0.7854, 1.0]
[6, array([0.4641, 0.0424]), array([0.46087619, 0.03595   ]), 0.7854, 1.0]
[6, array([0.4641, 0.0424]), array([0.46117143, 0.03595   ]), 0.7854, 1.0]
[6, array([0.4641, 0.0424]), array([0.46146667, 0.03595   ]), 0.7854, 1.0]
[6, array([0.4641, 0.0424]), array([0.4617619, 0.03595  ]), 0.7854, 1.0]
[6, array([0.4641, 0.0424]), array([0.46205714, 0.03595   ]), 0.7854, 1.0]
[6, array([0.4641, 0.0424]), array([0.46235238, 0.03595   ]), 0.7854, 1.0]
[6, array([0.4641, 0.0424]), array([0.46264762, 0.03595   ]), 0.7854, 1.0]
[6, array([0.4641, 0.0424]), array([0.46294286, 0.03595   ]), 0.7854, 1.0]
[6, array([0.4641, 0.0424]), array([0.4632381, 0.03595  ]), 0.7854, 1.0]
[6, array([0.4641, 0.0424]), array([0.46353333, 0.03595   ]), 0.7854, 1.0]
[6, array([0.4641, 0.0424]), array([0.46382857, 0.03595   ]), 0.7854, 1.0]
[6, array([0.4641, 0.0424]), array([0.46412381, 0.03595   ]), 0.7854, 1.0]
[6, array([0.4641, 0.0424]), array([0.46441905, 0.03595   ]), 0.7854, 1.0]
[6, array([0.4641, 0.0424]), array([0.46471429, 0.03595   ]), 0.7854, 1.0]
[6, array([0.4641, 0.0424]), array([0.46500952, 0.03595   ]), 0.7854, 1.0]
[6, array([0.4641, 0.0424]), array([0.46530476, 0.03595   ]), 0.7854, 1.0]
[6, array([0.4641, 0.0424]), array([0.4656 , 0.03595]), 0.7854, 1.0]
[6, array([0.4641, 0.0424]), array([0.4594    , 0.03624524]), 0.7854, 1.0]
[6, array([0.4641, 0.0424]), array([0.45969524, 0.03624524]), 0.7854, 1.0]
[6, array([0.4641, 0.0424]), array([0.45999048, 0.03624524]), 0.7854, 1.0]
[6, array([0.4641, 0.0424]), array([0.46028571, 0.03624524]), 0.7854, 1.0]
[6, array([0.4641, 0.0424]), array([0.46058095, 0.03624524]), 0.7854, 1.0]
[6, array([0.4641, 0.0424]), array([0.46087619, 0.03624524]), 0.7854, 1.0]
[6, array([0.4641, 0.0424]), array([0.46117143, 0.03624524]), 0.7854, 1.0]
[6, array([0.4641, 0.0424]), array([0.46146667, 0.03624524]), 0.7854, 1.0]
[6, array([0.4641, 0.0424]), array([0.4617619 , 0.03624524]), 0.7854, 1.0]
[6, array([0.4641, 0.0424]), array([0.46205714, 0.03624524]), 0.7854, 1.0]
[6, array([0.4641, 0.0424]), array([0.46235238, 0.03624524]), 0.7854, 1.0]
[6, array([0.4641, 0.0424]), array([0.46264762, 0.03624524]), 0.7854, 1.0]
[6, array([0.4641, 0.0424]), array([0.46294286, 0.03624524]), 0.7854, 1.0]
[6, array([0.4641, 0.0424]), array([0.4632381 , 0.03624524]), 0.7854, 1.0]
[6, array([0.4641, 0.0424]), array([0.46353333, 0.03624524]), 0.7854, 1.0]
[6, array([0.4641, 0.0424]), array([0.46382857, 0.03624524]), 0.7854, 1.0]
[6, array([0.4641, 0.0424]), array([0.46412381, 0.03624524]), 0.7854, 1.0]
[6, array([0.4641, 0.0424]), array([0.46441905, 0.03624524]), 0.7854, 1.0]
[6, array([0.4641, 0.0424]), array([0.46471429, 0.03624524]), 0.7854, 1.0]
[6, array([0.4641, 0.0424]), array([0.46500952, 0.03624524]), 0.7854, 1.0]
[6, array([0.4641, 0.0424]), array([0.46530476, 0.03624524]), 0.7854, 1.0]
[6, array([0.4641, 0.0424]), array([0.4656    , 0.03624524]), 0.7854, 1.0]
[6, array([0.4641, 0.0424]), array([0.4594    , 0.03654048]), 0.7854, 1.0]
[6, array([0.4641, 0.0424]), array([0.45969524, 0.03654048]), 0.7854, 1.0]
[6, array([0.4641, 0.0424]), array([0.45999048, 0.03654048]), 0.7854, 1.0]
[6, array([0.4641, 0.0424]), array([0.46028571, 0.03654048]), 0.7854, 1.0]
[6, array([0.4641, 0.0424]), array([0.46058095, 0.03654048]), 0.7854, 1.0]
[6, array([0.4641, 0.0424]), array([0.46087619, 0.03654048]), 0.7854, 1.0]
[6, array([0.4641, 0.0424]), array([0.46117143, 0.03654048]), 0.7854, 1.0]
[6, array([0.4641, 0.0424]), array([0.46146667, 0.03654048]), 0.7854, 1.0]
[6, array([0.4641, 0.0424]), array([0.4617619 , 0.03654048]), 0.7854, 1.0]
[6, array([0.4641, 0.0424]), array([0.46205714, 0.03654048]), 0.7854, 1.0]
[6, array([0.4641, 0.0424]), array([0.46235238, 0.03654048]), 0.7854, 1.0]
[6, array([0.4641, 0.0424]), array([0.46264762, 0.03654048]), 0.7854, 1.0]
[6, array([0.4641, 0.0424]), array([0.46294286, 0.03654048]), 0.7854, 1.0]
[6, array([0.4641, 0.0424]), array([0.4632381 , 0.03654048]), 0.7854, 1.0]
[6, array([0.4641, 0.0424]), array([0.46353333, 0.03654048]), 0.7854, 1.0]
[6, array([0.4641, 0.0424]), array([0.46382857, 0.03654048]), 0.7854, 1.0]
[6, array([0.4641, 0.0424]), array([0.46412381, 0.03654048]), 0.7854, 1.0]
[6, array([0.4641, 0.0424]), array([0.46441905, 0.03654048]), 0.7854, 1.0]
[6, array([0.4641, 0.0424]), array([0.46471429, 0.03654048]), 0.7854, 1.0]
[6, array([0.4641, 0.0424]), array([0.46500952, 0.03654048]), 0.7854, 1.0]
[6, array([0.4641, 0.0424]), array([0.46530476, 0.03654048]), 0.7854, 1.0]
[6, array([0.4641, 0.0424]), array([0.4656    , 0.03654048]), 0.7854, 1.0]
[6, array([0.4641, 0.0424]), array([0.4594    , 0.03683571]), 0.7854, 1.0]
[6, array([0.4641, 0.0424]), array([0.45969524, 0.03683571]), 0.7854, 1.0]
[6, array([0.4641, 0.0424]), array([0.45999048, 0.03683571]), 0.7854, 1.0]
[6, array([0.4641, 0.0424]), array([0.46028571, 0.03683571]), 0.7854, 1.0]
[6, array([0.4641, 0.0424]), array([0.46058095, 0.03683571]), 0.7854, 1.0]
[6, array([0.4641, 0.0424]), array([0.46087619, 0.03683571]), 0.7854, 1.0]
[6, array([0.4641, 0.0424]), array([0.46117143, 0.03683571]), 0.7854, 1.0]
[6, array([0.4641, 0.0424]), array([0.46146667, 0.03683571]), 0.7854, 1.0]
[6, array([0.4641, 0.0424]), array([0.4617619 , 0.03683571]), 0.7854, 1.0]
[6, array([0.4641, 0.0424]), array([0.46205714, 0.03683571]), 0.7854, 1.0]
[6, array([0.4641, 0.0424]), array([0.46235238, 0.03683571]), 0.7854, 1.0]
[6, array([0.4641, 0.0424]), array([0.46264762, 0.03683571]), 0.7854, 1.0]
[6, array([0.4641, 0.0424]), array([0.46294286, 0.03683571]), 0.7854, 1.0]
[6, array([0.4641, 0.0424]), array([0.4632381 , 0.03683571]), 0.7854, 1.0]
[6, array([0.4641, 0.0424]), array([0.46353333, 0.03683571]), 0.7854, 1.0]
[6, array([0.4641, 0.0424]), array([0.46382857, 0.03683571]), 0.7854, 1.0]
[6, array([0.4641, 0.0424]), array([0.46412381, 0.03683571]), 0.7854, 1.0]
[6, array([0.4641, 0.0424]), array([0.46441905, 0.03683571]), 0.7854, 1.0]
[6, array([0.4641, 0.0424]), array([0.46471429, 0.03683571]), 0.7854, 1.0]
[6, array([0.4641, 0.0424]), array([0.46500952, 0.03683571]), 0.7854, 1.0]
[6, array([0.4641, 0.0424]), array([0.46530476, 0.03683571]), 0.7854, 1.0]
[6, array([0.4641, 0.0424]), array([0.4656    , 0.03683571]), 0.7854, 1.0]
[6, array([0.4641, 0.0424]), array([0.4594    , 0.03713095]), 0.7854, 1.0]
[6, array([0.4641, 0.0424]), array([0.45969524, 0.03713095]), 0.7854, 1.0]
[6, array([0.4641, 0.0424]), array([0.45999048, 0.03713095]), 0.7854, 1.0]
[6, array([0.4641, 0.0424]), array([0.46028571, 0.03713095]), 0.7854, 1.0]
[6, array([0.4641, 0.0424]), array([0.46058095, 0.03713095]), 0.7854, 1.0]
[6, array([0.4641, 0.0424]), array([0.46087619, 0.03713095]), 0.7854, 1.0]
[6, array([0.4641, 0.0424]), array([0.46117143, 0.03713095]), 0.7854, 1.0]
[6, array([0.4641, 0.0424]), array([0.46146667, 0.03713095]), 0.7854, 1.0]
[6, array([0.4641, 0.0424]), array([0.4617619 , 0.03713095]), 0.7854, 1.0]
[6, array([0.4641, 0.0424]), array([0.46205714, 0.03713095]), 0.7854, 1.0]
[6, array([0.4641, 0.0424]), array([0.46235238, 0.03713095]), 0.7854, 1.0]
[6, array([0.4641, 0.0424]), array([0.46264762, 0.03713095]), 0.7854, 1.0]
[6, array([0.4641, 0.0424]), array([0.46294286, 0.03713095]), 0.7854, 1.0]
[6, array([0.4641, 0.0424]), array([0.4632381 , 0.03713095]), 0.7854, 1.0]
[6, array([0.4641, 0.0424]), array([0.46353333, 0.03713095]), 0.7854, 1.0]
[6, array([0.4641, 0.0424]), array([0.46382857, 0.03713095]), 0.7854, 1.0]
[6, array([0.4641, 0.0424]), array([0.46412381, 0.03713095]), 0.7854, 1.0]
[6, array([0.4641, 0.0424]), array([0.46441905, 0.03713095]), 0.7854, 1.0]
[6, array([0.4641, 0.0424]), array([0.46471429, 0.03713095]), 0.7854, 1.0]
[6, array([0.4641, 0.0424]), array([0.46500952, 0.03713095]), 0.7854, 1.0]
[6, array([0.4641, 0.0424]), array([0.46530476, 0.03713095]), 0.7854, 1.0]
[6, array([0.4641, 0.0424]), array([0.4656    , 0.03713095]), 0.7854, 1.0]
[6, array([0.4641, 0.0424]), array([0.4594    , 0.03742619]), 0.7854, 1.0]
[6, array([0.4641, 0.0424]), array([0.45969524, 0.03742619]), 0.7854, 1.0]
[6, array([0.4641, 0.0424]), array([0.45999048, 0.03742619]), 0.7854, 1.0]
[6, array([0.4641, 0.0424]), array([0.46028571, 0.03742619]), 0.7854, 1.0]
[6, array([0.4641, 0.0424]), array([0.46058095, 0.03742619]), 0.7854, 1.0]
[6, array([0.4641, 0.0424]), array([0.46087619, 0.03742619]), 0.7854, 1.0]
[6, array([0.4641, 0.0424]), array([0.46117143, 0.03742619]), 0.7854, 1.0]
[6, array([0.4641, 0.0424]), array([0.46146667, 0.03742619]), 0.7854, 1.0]
[6, array([0.4641, 0.0424]), array([0.4617619 , 0.03742619]), 0.7854, 1.0]
[6, array([0.4641, 0.0424]), array([0.46205714, 0.03742619]), 0.7854, 1.0]
[6, array([0.4641, 0.0424]), array([0.46235238, 0.03742619]), 0.7854, 1.0]
[6, array([0.4641, 0.0424]), array([0.46264762, 0.03742619]), 0.7854, 1.0]
[6, array([0.4641, 0.0424]), array([0.46294286, 0.03742619]), 0.7854, 1.0]
[6, array([0.4641, 0.0424]), array([0.4632381 , 0.03742619]), 0.7854, 1.0]
[6, array([0.4641, 0.0424]), array([0.46353333, 0.03742619]), 0.7854, 1.0]
[6, array([0.4641, 0.0424]), array([0.46382857, 0.03742619]), 0.7854, 1.0]
[6, array([0.4641, 0.0424]), array([0.46412381, 0.03742619]), 0.7854, 1.0]
[6, array([0.4641, 0.0424]), array([0.46441905, 0.03742619]), 0.7854, 1.0]
[6, array([0.4641, 0.0424]), array([0.46471429, 0.03742619]), 0.7854, 1.0]
[6, array([0.4641, 0.0424]), array([0.46500952, 0.03742619]), 0.7854, 1.0]
[6, array([0.4641, 0.0424]), array([0.46530476, 0.03742619]), 0.7854, 1.0]
[6, array([0.4641, 0.0424]), array([0.4656    , 0.03742619]), 0.7854, 1.0]
[6, array([0.4641, 0.0424]), array([0.4594    , 0.03772143]), 0.7854, 1.0]
[6, array([0.4641, 0.0424]), array([0.45969524, 0.03772143]), 0.7854, 1.0]
[6, array([0.4641, 0.0424]), array([0.45999048, 0.03772143]), 0.7854, 1.0]
[6, array([0.4641, 0.0424]), array([0.46028571, 0.03772143]), 0.7854, 1.0]
[6, array([0.4641, 0.0424]), array([0.46058095, 0.03772143]), 0.7854, 1.0]
[6, array([0.4641, 0.0424]), array([0.46087619, 0.03772143]), 0.7854, 1.0]
[6, array([0.4641, 0.0424]), array([0.46117143, 0.03772143]), 0.7854, 1.0]
[6, array([0.4641, 0.0424]), array([0.46146667, 0.03772143]), 0.7854, 1.0]
[6, array([0.4641, 0.0424]), array([0.4617619 , 0.03772143]), 0.7854, 1.0]
[6, array([0.4641, 0.0424]), array([0.46205714, 0.03772143]), 0.7854, 1.0]
[6, array([0.4641, 0.0424]), array([0.46235238, 0.03772143]), 0.7854, 1.0]
[6, array([0.4641, 0.0424]), array([0.46264762, 0.03772143]), 0.7854, 1.0]
[6, array([0.4641, 0.0424]), array([0.46294286, 0.03772143]), 0.7854, 1.0]
[6, array([0.4641, 0.0424]), array([0.4632381 , 0.03772143]), 0.7854, 1.0]
[6, array([0.4641, 0.0424]), array([0.46353333, 0.03772143]), 0.7854, 1.0]
[6, array([0.4641, 0.0424]), array([0.46382857, 0.03772143]), 0.7854, 1.0]
[6, array([0.4641, 0.0424]), array([0.46412381, 0.03772143]), 0.7854, 1.0]
[6, array([0.4641, 0.0424]), array([0.46441905, 0.03772143]), 0.7854, 1.0]
[6, array([0.4641, 0.0424]), array([0.46471429, 0.03772143]), 0.7854, 1.0]
[6, array([0.4641, 0.0424]), array([0.46500952, 0.03772143]), 0.7854, 1.0]
[6, array([0.4641, 0.0424]), array([0.46530476, 0.03772143]), 0.7854, 1.0]
[6, array([0.4641, 0.0424]), array([0.4656    , 0.03772143]), 0.7854, 1.0]
[6, array([0.4641, 0.0424]), array([0.4594    , 0.03801667]), 0.7854, 1.0]
[6, array([0.4641, 0.0424]), array([0.45969524, 0.03801667]), 0.7854, 1.0]
[6, array([0.4641, 0.0424]), array([0.45999048, 0.03801667]), 0.7854, 1.0]
[6, array([0.4641, 0.0424]), array([0.46028571, 0.03801667]), 0.7854, 1.0]
[6, array([0.4641, 0.0424]), array([0.46058095, 0.03801667]), 0.7854, 1.0]
[6, array([0.4641, 0.0424]), array([0.46087619, 0.03801667]), 0.7854, 1.0]
[6, array([0.4641, 0.0424]), array([0.46117143, 0.03801667]), 0.7854, 1.0]
[6, array([0.4641, 0.0424]), array([0.46146667, 0.03801667]), 0.7854, 1.0]
[6, array([0.4641, 0.0424]), array([0.4617619 , 0.03801667]), 0.7854, 1.0]
[6, array([0.4641, 0.0424]), array([0.46205714, 0.03801667]), 0.7854, 1.0]
[6, array([0.4641, 0.0424]), array([0.46235238, 0.03801667]), 0.7854, 1.0]
[6, array([0.4641, 0.0424]), array([0.46264762, 0.03801667]), 0.7854, 1.0]
[6, array([0.4641, 0.0424]), array([0.46294286, 0.03801667]), 0.7854, 1.0]
[6, array([0.4641, 0.0424]), array([0.4632381 , 0.03801667]), 0.7854, 1.0]
[6, array([0.4641, 0.0424]), array([0.46353333, 0.03801667]), 0.7854, 1.0]
[6, array([0.4641, 0.0424]), array([0.46382857, 0.03801667]), 0.7854, 1.0]
[6, array([0.4641, 0.0424]), array([0.46412381, 0.03801667]), 0.7854, 1.0]
[6, array([0.4641, 0.0424]), array([0.46441905, 0.03801667]), 0.7854, 1.0]
[6, array([0.4641, 0.0424]), array([0.46471429, 0.03801667]), 0.7854, 1.0]
[6, array([0.4641, 0.0424]), array([0.46500952, 0.03801667]), 0.7854, 1.0]
[6, array([0.4641, 0.0424]), array([0.46530476, 0.03801667]), 0.7854, 1.0]
[6, array([0.4641, 0.0424]), array([0.4656    , 0.03801667]), 0.7854, 1.0]
[6, array([0.4641, 0.0424]), array([0.4594   , 0.0383119]), 0.7854, 1.0]
[6, array([0.4641, 0.0424]), array([0.45969524, 0.0383119 ]), 0.7854, 1.0]
[6, array([0.4641, 0.0424]), array([0.45999048, 0.0383119 ]), 0.7854, 1.0]
[6, array([0.4641, 0.0424]), array([0.46028571, 0.0383119 ]), 0.7854, 1.0]
[6, array([0.4641, 0.0424]), array([0.46058095, 0.0383119 ]), 0.7854, 1.0]
[6, array([0.4641, 0.0424]), array([0.46087619, 0.0383119 ]), 0.7854, 1.0]
[6, array([0.4641, 0.0424]), array([0.46117143, 0.0383119 ]), 0.7854, 1.0]
[6, array([0.4641, 0.0424]), array([0.46146667, 0.0383119 ]), 0.7854, 1.0]
[6, array([0.4641, 0.0424]), array([0.4617619, 0.0383119]), 0.7854, 1.0]
[6, array([0.4641, 0.0424]), array([0.46205714, 0.0383119 ]), 0.7854, 1.0]
[6, array([0.4641, 0.0424]), array([0.46235238, 0.0383119 ]), 0.7854, 1.0]
[6, array([0.4641, 0.0424]), array([0.46264762, 0.0383119 ]), 0.7854, 1.0]
[6, array([0.4641, 0.0424]), array([0.46294286, 0.0383119 ]), 0.7854, 1.0]
[6, array([0.4641, 0.0424]), array([0.4632381, 0.0383119]), 0.7854, 1.0]
[6, array([0.4641, 0.0424]), array([0.46353333, 0.0383119 ]), 0.7854, 1.0]
[6, array([0.4641, 0.0424]), array([0.46382857, 0.0383119 ]), 0.7854, 1.0]
[6, array([0.4641, 0.0424]), array([0.46412381, 0.0383119 ]), 0.7854, 1.0]
[6, array([0.4641, 0.0424]), array([0.46441905, 0.0383119 ]), 0.7854, 1.0]
[6, array([0.4641, 0.0424]), array([0.46471429, 0.0383119 ]), 0.7854, 1.0]
[6, array([0.4641, 0.0424]), array([0.46500952, 0.0383119 ]), 0.7854, 1.0]
[6, array([0.4641, 0.0424]), array([0.46530476, 0.0383119 ]), 0.7854, 1.0]
[6, array([0.4641, 0.0424]), array([0.4656   , 0.0383119]), 0.7854, 1.0]
[6, array([0.4641, 0.0424]), array([0.4594    , 0.03860714]), 0.7854, 1.0]
[6, array([0.4641, 0.0424]), array([0.45969524, 0.03860714]), 0.7854, 1.0]
[6, array([0.4641, 0.0424]), array([0.45999048, 0.03860714]), 0.7854, 1.0]
[6, array([0.4641, 0.0424]), array([0.46028571, 0.03860714]), 0.7854, 1.0]
[6, array([0.4641, 0.0424]), array([0.46058095, 0.03860714]), 0.7854, 1.0]
[6, array([0.4641, 0.0424]), array([0.46087619, 0.03860714]), 0.7854, 1.0]
[6, array([0.4641, 0.0424]), array([0.46117143, 0.03860714]), 0.7854, 1.0]
[6, array([0.4641, 0.0424]), array([0.46146667, 0.03860714]), 0.7854, 1.0]
[6, array([0.4641, 0.0424]), array([0.4617619 , 0.03860714]), 0.7854, 1.0]
[6, array([0.4641, 0.0424]), array([0.46205714, 0.03860714]), 0.7854, 1.0]
[6, array([0.4641, 0.0424]), array([0.46235238, 0.03860714]), 0.7854, 1.0]
[6, array([0.4641, 0.0424]), array([0.46264762, 0.03860714]), 0.7854, 1.0]
[6, array([0.4641, 0.0424]), array([0.46294286, 0.03860714]), 0.7854, 1.0]
[6, array([0.4641, 0.0424]), array([0.4632381 , 0.03860714]), 0.7854, 1.0]
[6, array([0.4641, 0.0424]), array([0.46353333, 0.03860714]), 0.7854, 1.0]
[6, array([0.4641, 0.0424]), array([0.46382857, 0.03860714]), 0.7854, 1.0]
[6, array([0.4641, 0.0424]), array([0.46412381, 0.03860714]), 0.7854, 1.0]
[6, array([0.4641, 0.0424]), array([0.46441905, 0.03860714]), 0.7854, 1.0]
[6, array([0.4641, 0.0424]), array([0.46471429, 0.03860714]), 0.7854, 1.0]
[6, array([0.4641, 0.0424]), array([0.46500952, 0.03860714]), 0.7854, 1.0]
[6, array([0.4641, 0.0424]), array([0.46530476, 0.03860714]), 0.7854, 1.0]
[6, array([0.4641, 0.0424]), array([0.4656    , 0.03860714]), 0.7854, 1.0]
[6, array([0.4641, 0.0424]), array([0.4594    , 0.03890238]), 0.7854, 1.0]
[6, array([0.4641, 0.0424]), array([0.45969524, 0.03890238]), 0.7854, 1.0]
[6, array([0.4641, 0.0424]), array([0.45999048, 0.03890238]), 0.7854, 1.0]
[6, array([0.4641, 0.0424]), array([0.46028571, 0.03890238]), 0.7854, 1.0]
[6, array([0.4641, 0.0424]), array([0.46058095, 0.03890238]), 0.7854, 1.0]
[6, array([0.4641, 0.0424]), array([0.46087619, 0.03890238]), 0.7854, 1.0]
[6, array([0.4641, 0.0424]), array([0.46117143, 0.03890238]), 0.7854, 1.0]
[6, array([0.4641, 0.0424]), array([0.46146667, 0.03890238]), 0.7854, 1.0]
[6, array([0.4641, 0.0424]), array([0.4617619 , 0.03890238]), 0.7854, 1.0]
[6, array([0.4641, 0.0424]), array([0.46205714, 0.03890238]), 0.7854, 1.0]
[6, array([0.4641, 0.0424]), array([0.46235238, 0.03890238]), 0.7854, 1.0]
[6, array([0.4641, 0.0424]), array([0.46264762, 0.03890238]), 0.7854, 1.0]
[6, array([0.4641, 0.0424]), array([0.46294286, 0.03890238]), 0.7854, 1.0]
[6, array([0.4641, 0.0424]), array([0.4632381 , 0.03890238]), 0.7854, 1.0]
[6, array([0.4641, 0.0424]), array([0.46353333, 0.03890238]), 0.7854, 1.0]
[6, array([0.4641, 0.0424]), array([0.46382857, 0.03890238]), 0.7854, 1.0]
[6, array([0.4641, 0.0424]), array([0.46412381, 0.03890238]), 0.7854, 1.0]
[6, array([0.4641, 0.0424]), array([0.46441905, 0.03890238]), 0.7854, 1.0]
[6, array([0.4641, 0.0424]), array([0.46471429, 0.03890238]), 0.7854, 1.0]
[6, array([0.4641, 0.0424]), array([0.46500952, 0.03890238]), 0.7854, 1.0]
[6, array([0.4641, 0.0424]), array([0.46530476, 0.03890238]), 0.7854, 1.0]
[6, array([0.4641, 0.0424]), array([0.4656    , 0.03890238]), 0.7854, 1.0]
[6, array([0.4641, 0.0424]), array([0.4594    , 0.03919762]), 0.7854, 1.0]
[6, array([0.4641, 0.0424]), array([0.45969524, 0.03919762]), 0.7854, 1.0]
[6, array([0.4641, 0.0424]), array([0.45999048, 0.03919762]), 0.7854, 1.0]
[6, array([0.4641, 0.0424]), array([0.46028571, 0.03919762]), 0.7854, 1.0]
[6, array([0.4641, 0.0424]), array([0.46058095, 0.03919762]), 0.7854, 1.0]
[6, array([0.4641, 0.0424]), array([0.46087619, 0.03919762]), 0.7854, 1.0]
[6, array([0.4641, 0.0424]), array([0.46117143, 0.03919762]), 0.7854, 1.0]
[6, array([0.4641, 0.0424]), array([0.46146667, 0.03919762]), 0.7854, 1.0]
[6, array([0.4641, 0.0424]), array([0.4617619 , 0.03919762]), 0.7854, 1.0]
[6, array([0.4641, 0.0424]), array([0.46205714, 0.03919762]), 0.7854, 1.0]
[6, array([0.4641, 0.0424]), array([0.46235238, 0.03919762]), 0.7854, 1.0]
[6, array([0.4641, 0.0424]), array([0.46264762, 0.03919762]), 0.7854, 1.0]
[6, array([0.4641, 0.0424]), array([0.46294286, 0.03919762]), 0.7854, 1.0]
[6, array([0.4641, 0.0424]), array([0.4632381 , 0.03919762]), 0.7854, 1.0]
[6, array([0.4641, 0.0424]), array([0.46353333, 0.03919762]), 0.7854, 1.0]
[6, array([0.4641, 0.0424]), array([0.46382857, 0.03919762]), 0.7854, 1.0]
[6, array([0.4641, 0.0424]), array([0.46412381, 0.03919762]), 0.7854, 1.0]
[6, array([0.4641, 0.0424]), array([0.46441905, 0.03919762]), 0.7854, 1.0]
[6, array([0.4641, 0.0424]), array([0.46471429, 0.03919762]), 0.7854, 1.0]
[6, array([0.4641, 0.0424]), array([0.46500952, 0.03919762]), 0.7854, 1.0]
[6, array([0.4641, 0.0424]), array([0.46530476, 0.03919762]), 0.7854, 1.0]
[6, array([0.4641, 0.0424]), array([0.4656    , 0.03919762]), 0.7854, 1.0]
[6, array([0.4641, 0.0424]), array([0.4594    , 0.03949286]), 0.7854, 1.0]
[6, array([0.4641, 0.0424]), array([0.45969524, 0.03949286]), 0.7854, 1.0]
[6, array([0.4641, 0.0424]), array([0.45999048, 0.03949286]), 0.7854, 1.0]
[6, array([0.4641, 0.0424]), array([0.46028571, 0.03949286]), 0.7854, 1.0]
[6, array([0.4641, 0.0424]), array([0.46058095, 0.03949286]), 0.7854, 1.0]
[6, array([0.4641, 0.0424]), array([0.46087619, 0.03949286]), 0.7854, 1.0]
[6, array([0.4641, 0.0424]), array([0.46117143, 0.03949286]), 0.7854, 1.0]
[6, array([0.4641, 0.0424]), array([0.46146667, 0.03949286]), 0.7854, 1.0]
[6, array([0.4641, 0.0424]), array([0.4617619 , 0.03949286]), 0.7854, 1.0]
[6, array([0.4641, 0.0424]), array([0.46205714, 0.03949286]), 0.7854, 1.0]
[6, array([0.4641, 0.0424]), array([0.46235238, 0.03949286]), 0.7854, 1.0]
[6, array([0.4641, 0.0424]), array([0.46264762, 0.03949286]), 0.7854, 1.0]
[6, array([0.4641, 0.0424]), array([0.46294286, 0.03949286]), 0.7854, 1.0]
[6, array([0.4641, 0.0424]), array([0.4632381 , 0.03949286]), 0.7854, 1.0]
[6, array([0.4641, 0.0424]), array([0.46353333, 0.03949286]), 0.7854, 1.0]
[6, array([0.4641, 0.0424]), array([0.46382857, 0.03949286]), 0.7854, 1.0]
[6, array([0.4641, 0.0424]), array([0.46412381, 0.03949286]), 0.7854, 1.0]
[6, array([0.4641, 0.0424]), array([0.46441905, 0.03949286]), 0.7854, 1.0]
[6, array([0.4641, 0.0424]), array([0.46471429, 0.03949286]), 0.7854, 1.0]
[6, array([0.4641, 0.0424]), array([0.46500952, 0.03949286]), 0.7854, 1.0]
[6, array([0.4641, 0.0424]), array([0.46530476, 0.03949286]), 0.7854, 1.0]
[6, array([0.4641, 0.0424]), array([0.4656    , 0.03949286]), 0.7854, 1.0]
[6, array([0.4641, 0.0424]), array([0.4594   , 0.0397881]), 0.7854, 1.0]
[6, array([0.4641, 0.0424]), array([0.45969524, 0.0397881 ]), 0.7854, 1.0]
[6, array([0.4641, 0.0424]), array([0.45999048, 0.0397881 ]), 0.7854, 1.0]
[6, array([0.4641, 0.0424]), array([0.46028571, 0.0397881 ]), 0.7854, 1.0]
[6, array([0.4641, 0.0424]), array([0.46058095, 0.0397881 ]), 0.7854, 1.0]
[6, array([0.4641, 0.0424]), array([0.46087619, 0.0397881 ]), 0.7854, 1.0]
[6, array([0.4641, 0.0424]), array([0.46117143, 0.0397881 ]), 0.7854, 1.0]
[6, array([0.4641, 0.0424]), array([0.46146667, 0.0397881 ]), 0.7854, 1.0]
[6, array([0.4641, 0.0424]), array([0.4617619, 0.0397881]), 0.7854, 1.0]
[6, array([0.4641, 0.0424]), array([0.46205714, 0.0397881 ]), 0.7854, 1.0]
[6, array([0.4641, 0.0424]), array([0.46235238, 0.0397881 ]), 0.7854, 1.0]
[6, array([0.4641, 0.0424]), array([0.46264762, 0.0397881 ]), 0.7854, 1.0]
[6, array([0.4641, 0.0424]), array([0.46294286, 0.0397881 ]), 0.7854, 1.0]
[6, array([0.4641, 0.0424]), array([0.4632381, 0.0397881]), 0.7854, 1.0]
[6, array([0.4641, 0.0424]), array([0.46353333, 0.0397881 ]), 0.7854, 1.0]
[6, array([0.4641, 0.0424]), array([0.46382857, 0.0397881 ]), 0.7854, 1.0]
[6, array([0.4641, 0.0424]), array([0.46412381, 0.0397881 ]), 0.7854, 1.0]
[6, array([0.4641, 0.0424]), array([0.46441905, 0.0397881 ]), 0.7854, 1.0]
[6, array([0.4641, 0.0424]), array([0.46471429, 0.0397881 ]), 0.7854, 1.0]
[6, array([0.4641, 0.0424]), array([0.46500952, 0.0397881 ]), 0.7854, 1.0]
[6, array([0.4641, 0.0424]), array([0.46530476, 0.0397881 ]), 0.7854, 1.0]
[6, array([0.4641, 0.0424]), array([0.4656   , 0.0397881]), 0.7854, 1.0]
[6, array([0.4641, 0.0424]), array([0.4594    , 0.04008333]), 0.7854, 1.0]
[6, array([0.4641, 0.0424]), array([0.45969524, 0.04008333]), 0.7854, 1.0]
[6, array([0.4641, 0.0424]), array([0.45999048, 0.04008333]), 0.7854, 1.0]
[6, array([0.4641, 0.0424]), array([0.46028571, 0.04008333]), 0.7854, 1.0]
[6, array([0.4641, 0.0424]), array([0.46058095, 0.04008333]), 0.7854, 1.0]
[6, array([0.4641, 0.0424]), array([0.46087619, 0.04008333]), 0.7854, 1.0]
[6, array([0.4641, 0.0424]), array([0.46117143, 0.04008333]), 0.7854, 1.0]
[6, array([0.4641, 0.0424]), array([0.46146667, 0.04008333]), 0.7854, 1.0]
[6, array([0.4641, 0.0424]), array([0.4617619 , 0.04008333]), 0.7854, 1.0]
[6, array([0.4641, 0.0424]), array([0.46205714, 0.04008333]), 0.7854, 1.0]
[6, array([0.4641, 0.0424]), array([0.46235238, 0.04008333]), 0.7854, 1.0]
[6, array([0.4641, 0.0424]), array([0.46264762, 0.04008333]), 0.7854, 1.0]
[6, array([0.4641, 0.0424]), array([0.46294286, 0.04008333]), 0.7854, 1.0]
[6, array([0.4641, 0.0424]), array([0.4632381 , 0.04008333]), 0.7854, 1.0]
[6, array([0.4641, 0.0424]), array([0.46353333, 0.04008333]), 0.7854, 1.0]
[6, array([0.4641, 0.0424]), array([0.46382857, 0.04008333]), 0.7854, 1.0]
[6, array([0.4641, 0.0424]), array([0.46412381, 0.04008333]), 0.7854, 1.0]
[6, array([0.4641, 0.0424]), array([0.46441905, 0.04008333]), 0.7854, 1.0]
[6, array([0.4641, 0.0424]), array([0.46471429, 0.04008333]), 0.7854, 1.0]
[6, array([0.4641, 0.0424]), array([0.46500952, 0.04008333]), 0.7854, 1.0]
[6, array([0.4641, 0.0424]), array([0.46530476, 0.04008333]), 0.7854, 1.0]
[6, array([0.4641, 0.0424]), array([0.4656    , 0.04008333]), 0.7854, 1.0]
[6, array([0.4641, 0.0424]), array([0.4594    , 0.04037857]), 0.7854, 1.0]
[6, array([0.4641, 0.0424]), array([0.45969524, 0.04037857]), 0.7854, 1.0]
[6, array([0.4641, 0.0424]), array([0.45999048, 0.04037857]), 0.7854, 1.0]
[6, array([0.4641, 0.0424]), array([0.46028571, 0.04037857]), 0.7854, 1.0]
[6, array([0.4641, 0.0424]), array([0.46058095, 0.04037857]), 0.7854, 1.0]
[6, array([0.4641, 0.0424]), array([0.46087619, 0.04037857]), 0.7854, 1.0]
[6, array([0.4641, 0.0424]), array([0.46117143, 0.04037857]), 0.7854, 1.0]
[6, array([0.4641, 0.0424]), array([0.46146667, 0.04037857]), 0.7854, 1.0]
[6, array([0.4641, 0.0424]), array([0.4617619 , 0.04037857]), 0.7854, 1.0]
[6, array([0.4641, 0.0424]), array([0.46205714, 0.04037857]), 0.7854, 1.0]
[6, array([0.4641, 0.0424]), array([0.46235238, 0.04037857]), 0.7854, 1.0]
[6, array([0.4641, 0.0424]), array([0.46264762, 0.04037857]), 0.7854, 1.0]
[6, array([0.4641, 0.0424]), array([0.46294286, 0.04037857]), 0.7854, 1.0]
[6, array([0.4641, 0.0424]), array([0.4632381 , 0.04037857]), 0.7854, 1.0]
[6, array([0.4641, 0.0424]), array([0.46353333, 0.04037857]), 0.7854, 1.0]
[6, array([0.4641, 0.0424]), array([0.46382857, 0.04037857]), 0.7854, 1.0]
[6, array([0.4641, 0.0424]), array([0.46412381, 0.04037857]), 0.7854, 1.0]
[6, array([0.4641, 0.0424]), array([0.46441905, 0.04037857]), 0.7854, 1.0]
[6, array([0.4641, 0.0424]), array([0.46471429, 0.04037857]), 0.7854, 1.0]
[6, array([0.4641, 0.0424]), array([0.46500952, 0.04037857]), 0.7854, 1.0]
[6, array([0.4641, 0.0424]), array([0.46530476, 0.04037857]), 0.7854, 1.0]
[6, array([0.4641, 0.0424]), array([0.4656    , 0.04037857]), 0.7854, 1.0]
[6, array([0.4641, 0.0424]), array([0.4594    , 0.04067381]), 0.7854, 1.0]
[6, array([0.4641, 0.0424]), array([0.45969524, 0.04067381]), 0.7854, 1.0]
[6, array([0.4641, 0.0424]), array([0.45999048, 0.04067381]), 0.7854, 1.0]
[6, array([0.4641, 0.0424]), array([0.46028571, 0.04067381]), 0.7854, 1.0]
[6, array([0.4641, 0.0424]), array([0.46058095, 0.04067381]), 0.7854, 1.0]
[6, array([0.4641, 0.0424]), array([0.46087619, 0.04067381]), 0.7854, 1.0]
[6, array([0.4641, 0.0424]), array([0.46117143, 0.04067381]), 0.7854, 1.0]
[6, array([0.4641, 0.0424]), array([0.46146667, 0.04067381]), 0.7854, 1.0]
[6, array([0.4641, 0.0424]), array([0.4617619 , 0.04067381]), 0.7854, 1.0]
[6, array([0.4641, 0.0424]), array([0.46205714, 0.04067381]), 0.7854, 1.0]
[6, array([0.4641, 0.0424]), array([0.46235238, 0.04067381]), 0.7854, 1.0]
[6, array([0.4641, 0.0424]), array([0.46264762, 0.04067381]), 0.7854, 1.0]
[6, array([0.4641, 0.0424]), array([0.46294286, 0.04067381]), 0.7854, 1.0]
[6, array([0.4641, 0.0424]), array([0.4632381 , 0.04067381]), 0.7854, 1.0]
[6, array([0.4641, 0.0424]), array([0.46353333, 0.04067381]), 0.7854, 1.0]
[6, array([0.4641, 0.0424]), array([0.46382857, 0.04067381]), 0.7854, 1.0]
[6, array([0.4641, 0.0424]), array([0.46412381, 0.04067381]), 0.7854, 1.0]
[6, array([0.4641, 0.0424]), array([0.46441905, 0.04067381]), 0.7854, 1.0]
[6, array([0.4641, 0.0424]), array([0.46471429, 0.04067381]), 0.7854, 1.0]
[6, array([0.4641, 0.0424]), array([0.46500952, 0.04067381]), 0.7854, 1.0]
[6, array([0.4641, 0.0424]), array([0.46530476, 0.04067381]), 0.7854, 1.0]
[6, array([0.4641, 0.0424]), array([0.4656    , 0.04067381]), 0.7854, 1.0]
[6, array([0.4641, 0.0424]), array([0.4594    , 0.04096905]), 0.7854, 1.0]
[6, array([0.4641, 0.0424]), array([0.45969524, 0.04096905]), 0.7854, 1.0]
[6, array([0.4641, 0.0424]), array([0.45999048, 0.04096905]), 0.7854, 1.0]
[6, array([0.4641, 0.0424]), array([0.46028571, 0.04096905]), 0.7854, 1.0]
[6, array([0.4641, 0.0424]), array([0.46058095, 0.04096905]), 0.7854, 1.0]
[6, array([0.4641, 0.0424]), array([0.46087619, 0.04096905]), 0.7854, 1.0]
[6, array([0.4641, 0.0424]), array([0.46117143, 0.04096905]), 0.7854, 1.0]
[6, array([0.4641, 0.0424]), array([0.46146667, 0.04096905]), 0.7854, 1.0]
[6, array([0.4641, 0.0424]), array([0.4617619 , 0.04096905]), 0.7854, 1.0]
[6, array([0.4641, 0.0424]), array([0.46205714, 0.04096905]), 0.7854, 1.0]
[6, array([0.4641, 0.0424]), array([0.46235238, 0.04096905]), 0.7854, 1.0]
[6, array([0.4641, 0.0424]), array([0.46264762, 0.04096905]), 0.7854, 1.0]
[6, array([0.4641, 0.0424]), array([0.46294286, 0.04096905]), 0.7854, 1.0]
[6, array([0.4641, 0.0424]), array([0.4632381 , 0.04096905]), 0.7854, 1.0]
[6, array([0.4641, 0.0424]), array([0.46353333, 0.04096905]), 0.7854, 1.0]
[6, array([0.4641, 0.0424]), array([0.46382857, 0.04096905]), 0.7854, 1.0]
[6, array([0.4641, 0.0424]), array([0.46412381, 0.04096905]), 0.7854, 1.0]
[6, array([0.4641, 0.0424]), array([0.46441905, 0.04096905]), 0.7854, 1.0]
[6, array([0.4641, 0.0424]), array([0.46471429, 0.04096905]), 0.7854, 1.0]
[6, array([0.4641, 0.0424]), array([0.46500952, 0.04096905]), 0.7854, 1.0]
[6, array([0.4641, 0.0424]), array([0.46530476, 0.04096905]), 0.7854, 1.0]
[6, array([0.4641, 0.0424]), array([0.4656    , 0.04096905]), 0.7854, 1.0]
[6, array([0.4641, 0.0424]), array([0.4594    , 0.04126429]), 0.7854, 1.0]
[6, array([0.4641, 0.0424]), array([0.45969524, 0.04126429]), 0.7854, 1.0]
[6, array([0.4641, 0.0424]), array([0.45999048, 0.04126429]), 0.7854, 1.0]
[6, array([0.4641, 0.0424]), array([0.46028571, 0.04126429]), 0.7854, 1.0]
[6, array([0.4641, 0.0424]), array([0.46058095, 0.04126429]), 0.7854, 1.0]
[6, array([0.4641, 0.0424]), array([0.46087619, 0.04126429]), 0.7854, 1.0]
[6, array([0.4641, 0.0424]), array([0.46117143, 0.04126429]), 0.7854, 1.0]
[6, array([0.4641, 0.0424]), array([0.46146667, 0.04126429]), 0.7854, 1.0]
[6, array([0.4641, 0.0424]), array([0.4617619 , 0.04126429]), 0.7854, 1.0]
[6, array([0.4641, 0.0424]), array([0.46205714, 0.04126429]), 0.7854, 1.0]
[6, array([0.4641, 0.0424]), array([0.46235238, 0.04126429]), 0.7854, 1.0]
[6, array([0.4641, 0.0424]), array([0.46264762, 0.04126429]), 0.7854, 1.0]
[6, array([0.4641, 0.0424]), array([0.46294286, 0.04126429]), 0.7854, 1.0]
[6, array([0.4641, 0.0424]), array([0.4632381 , 0.04126429]), 0.7854, 1.0]
[6, array([0.4641, 0.0424]), array([0.46353333, 0.04126429]), 0.7854, 1.0]
[6, array([0.4641, 0.0424]), array([0.46382857, 0.04126429]), 0.7854, 1.0]
[6, array([0.4641, 0.0424]), array([0.46412381, 0.04126429]), 0.7854, 1.0]
[6, array([0.4641, 0.0424]), array([0.46441905, 0.04126429]), 0.7854, 1.0]
[6, array([0.4641, 0.0424]), array([0.46471429, 0.04126429]), 0.7854, 1.0]
[6, array([0.4641, 0.0424]), array([0.46500952, 0.04126429]), 0.7854, 1.0]
[6, array([0.4641, 0.0424]), array([0.46530476, 0.04126429]), 0.7854, 1.0]
[6, array([0.4641, 0.0424]), array([0.4656    , 0.04126429]), 0.7854, 1.0]
[6, array([0.4641, 0.0424]), array([0.4594    , 0.04155952]), 0.7854, 1.0]
[6, array([0.4641, 0.0424]), array([0.45969524, 0.04155952]), 0.7854, 1.0]
[6, array([0.4641, 0.0424]), array([0.45999048, 0.04155952]), 0.7854, 1.0]
[6, array([0.4641, 0.0424]), array([0.46028571, 0.04155952]), 0.7854, 1.0]
[6, array([0.4641, 0.0424]), array([0.46058095, 0.04155952]), 0.7854, 1.0]
[6, array([0.4641, 0.0424]), array([0.46087619, 0.04155952]), 0.7854, 1.0]
[6, array([0.4641, 0.0424]), array([0.46117143, 0.04155952]), 0.7854, 1.0]
[6, array([0.4641, 0.0424]), array([0.46146667, 0.04155952]), 0.7854, 1.0]
[6, array([0.4641, 0.0424]), array([0.4617619 , 0.04155952]), 0.7854, 1.0]
[6, array([0.4641, 0.0424]), array([0.46205714, 0.04155952]), 0.7854, 1.0]
[6, array([0.4641, 0.0424]), array([0.46235238, 0.04155952]), 0.7854, 1.0]
[6, array([0.4641, 0.0424]), array([0.46264762, 0.04155952]), 0.7854, 1.0]
[6, array([0.4641, 0.0424]), array([0.46294286, 0.04155952]), 0.7854, 1.0]
[6, array([0.4641, 0.0424]), array([0.4632381 , 0.04155952]), 0.7854, 1.0]
[6, array([0.4641, 0.0424]), array([0.46353333, 0.04155952]), 0.7854, 1.0]
[6, array([0.4641, 0.0424]), array([0.46382857, 0.04155952]), 0.7854, 1.0]
[6, array([0.4641, 0.0424]), array([0.46412381, 0.04155952]), 0.7854, 1.0]
[6, array([0.4641, 0.0424]), array([0.46441905, 0.04155952]), 0.7854, 1.0]
[6, array([0.4641, 0.0424]), array([0.46471429, 0.04155952]), 0.7854, 1.0]
[6, array([0.4641, 0.0424]), array([0.46500952, 0.04155952]), 0.7854, 1.0]
[6, array([0.4641, 0.0424]), array([0.46530476, 0.04155952]), 0.7854, 1.0]
[6, array([0.4641, 0.0424]), array([0.4656    , 0.04155952]), 0.7854, 1.0]
[6, array([0.4641, 0.0424]), array([0.4594    , 0.04185476]), 0.7854, 1.0]
[6, array([0.4641, 0.0424]), array([0.45969524, 0.04185476]), 0.7854, 1.0]
[6, array([0.4641, 0.0424]), array([0.45999048, 0.04185476]), 0.7854, 1.0]
[6, array([0.4641, 0.0424]), array([0.46028571, 0.04185476]), 0.7854, 1.0]
[6, array([0.4641, 0.0424]), array([0.46058095, 0.04185476]), 0.7854, 1.0]
[6, array([0.4641, 0.0424]), array([0.46087619, 0.04185476]), 0.7854, 1.0]
[6, array([0.4641, 0.0424]), array([0.46117143, 0.04185476]), 0.7854, 1.0]
[6, array([0.4641, 0.0424]), array([0.46146667, 0.04185476]), 0.7854, 1.0]
[6, array([0.4641, 0.0424]), array([0.4617619 , 0.04185476]), 0.7854, 1.0]
[6, array([0.4641, 0.0424]), array([0.46205714, 0.04185476]), 0.7854, 1.0]
[6, array([0.4641, 0.0424]), array([0.46235238, 0.04185476]), 0.7854, 1.0]
[6, array([0.4641, 0.0424]), array([0.46264762, 0.04185476]), 0.7854, 1.0]
[6, array([0.4641, 0.0424]), array([0.46294286, 0.04185476]), 0.7854, 1.0]
[6, array([0.4641, 0.0424]), array([0.4632381 , 0.04185476]), 0.7854, 1.0]
[6, array([0.4641, 0.0424]), array([0.46353333, 0.04185476]), 0.7854, 1.0]
[6, array([0.4641, 0.0424]), array([0.46382857, 0.04185476]), 0.7854, 1.0]
[6, array([0.4641, 0.0424]), array([0.46412381, 0.04185476]), 0.7854, 1.0]
[6, array([0.4641, 0.0424]), array([0.46441905, 0.04185476]), 0.7854, 1.0]
[6, array([0.4641, 0.0424]), array([0.46471429, 0.04185476]), 0.7854, 1.0]
[6, array([0.4641, 0.0424]), array([0.46500952, 0.04185476]), 0.7854, 1.0]
[6, array([0.4641, 0.0424]), array([0.46530476, 0.04185476]), 0.7854, 1.0]
[6, array([0.4641, 0.0424]), array([0.4656    , 0.04185476]), 0.7854, 1.0]
[6, array([0.4641, 0.0424]), array([0.4594 , 0.04215]), 0.7854, 1.0]
[6, array([0.4641, 0.0424]), array([0.45969524, 0.04215   ]), 0.7854, 1.0]
[6, array([0.4641, 0.0424]), array([0.45999048, 0.04215   ]), 0.7854, 1.0]
[6, array([0.4641, 0.0424]), array([0.46028571, 0.04215   ]), 0.7854, 1.0]
[6, array([0.4641, 0.0424]), array([0.46058095, 0.04215   ]), 0.7854, 1.0]
[6, array([0.4641, 0.0424]), array([0.46087619, 0.04215   ]), 0.7854, 1.0]
[6, array([0.4641, 0.0424]), array([0.46117143, 0.04215   ]), 0.7854, 1.0]
[6, array([0.4641, 0.0424]), array([0.46146667, 0.04215   ]), 0.7854, 1.0]
[6, array([0.4641, 0.0424]), array([0.4617619, 0.04215  ]), 0.7854, 1.0]
[6, array([0.4641, 0.0424]), array([0.46205714, 0.04215   ]), 0.7854, 1.0]
[6, array([0.4641, 0.0424]), array([0.46235238, 0.04215   ]), 0.7854, 1.0]
[6, array([0.4641, 0.0424]), array([0.46264762, 0.04215   ]), 0.7854, 1.0]
[6, array([0.4641, 0.0424]), array([0.46294286, 0.04215   ]), 0.7854, 1.0]
[6, array([0.4641, 0.0424]), array([0.4632381, 0.04215  ]), 0.7854, 1.0]
[6, array([0.4641, 0.0424]), array([0.46353333, 0.04215   ]), 0.7854, 1.0]
[6, array([0.4641, 0.0424]), array([0.46382857, 0.04215   ]), 0.7854, 1.0]
[6, array([0.4641, 0.0424]), array([0.46412381, 0.04215   ]), 0.7854, 1.0]
[6, array([0.4641, 0.0424]), array([0.46441905, 0.04215   ]), 0.7854, 1.0]
[6, array([0.4641, 0.0424]), array([0.46471429, 0.04215   ]), 0.7854, 1.0]
[6, array([0.4641, 0.0424]), array([0.46500952, 0.04215   ]), 0.7854, 1.0]
[6, array([0.4641, 0.0424]), array([0.46530476, 0.04215   ]), 0.7854, 1.0]
[6, array([0.4641, 0.0424]), array([0.4656 , 0.04215]), 0.7854, 1.0]
[3, array([0.452 , 0.0157]), array([0.4469, 0.0125]), 0.7854, 0.0]
[3, array([0.452 , 0.0157]), array([0.44704762, 0.0125    ]), 0.7854, 0.0]
[3, array([0.452 , 0.0157]), array([0.44719524, 0.0125    ]), 0.7854, 0.0]
[3, array([0.452 , 0.0157]), array([0.44734286, 0.0125    ]), 0.7854, 0.0]
[3, array([0.452 , 0.0157]), array([0.44749048, 0.0125    ]), 0.7854, 0.0]
[3, array([0.452 , 0.0157]), array([0.4476381, 0.0125   ]), 0.7854, 0.0]
[3, array([0.452 , 0.0157]), array([0.44778571, 0.0125    ]), 0.7854, 0.0]
[3, array([0.452 , 0.0157]), array([0.44793333, 0.0125    ]), 0.7854, 0.0]
[3, array([0.452 , 0.0157]), array([0.44808095, 0.0125    ]), 0.7854, 0.0]
[3, array([0.452 , 0.0157]), array([0.44822857, 0.0125    ]), 0.7854, 0.0]
[3, array([0.452 , 0.0157]), array([0.44837619, 0.0125    ]), 0.7854, 0.0]
[3, array([0.452 , 0.0157]), array([0.44852381, 0.0125    ]), 0.7854, 0.0]
[3, array([0.452 , 0.0157]), array([0.44867143, 0.0125    ]), 0.7854, 0.0]
[3, array([0.452 , 0.0157]), array([0.44881905, 0.0125    ]), 0.7854, 0.0]
[3, array([0.452 , 0.0157]), array([0.44896667, 0.0125    ]), 0.7854, 0.0]
[3, array([0.452 , 0.0157]), array([0.44911429, 0.0125    ]), 0.7854, 0.0]
[3, array([0.452 , 0.0157]), array([0.4492619, 0.0125   ]), 0.7854, 0.0]
[3, array([0.452 , 0.0157]), array([0.44940952, 0.0125    ]), 0.7854, 0.0]
[3, array([0.452 , 0.0157]), array([0.44955714, 0.0125    ]), 0.7854, 0.0]
[3, array([0.452 , 0.0157]), array([0.44970476, 0.0125    ]), 0.7854, 0.0]
[3, array([0.452 , 0.0157]), array([0.44985238, 0.0125    ]), 0.7854, 0.0]
[3, array([0.452 , 0.0157]), array([0.45  , 0.0125]), 0.7854, 0.0]
[3, array([0.452 , 0.0157]), array([0.4469    , 0.01264762]), 0.7854, 0.0]
[3, array([0.452 , 0.0157]), array([0.44704762, 0.01264762]), 0.7854, 0.0]
[3, array([0.452 , 0.0157]), array([0.44719524, 0.01264762]), 0.7854, 0.0]
[3, array([0.452 , 0.0157]), array([0.44734286, 0.01264762]), 0.7854, 0.0]
[3, array([0.452 , 0.0157]), array([0.44749048, 0.01264762]), 0.7854, 0.0]
[3, array([0.452 , 0.0157]), array([0.4476381 , 0.01264762]), 0.7854, 0.0]
[3, array([0.452 , 0.0157]), array([0.44778571, 0.01264762]), 0.7854, 0.0]
[3, array([0.452 , 0.0157]), array([0.44793333, 0.01264762]), 0.7854, 0.0]
[3, array([0.452 , 0.0157]), array([0.44808095, 0.01264762]), 0.7854, 0.0]
[3, array([0.452 , 0.0157]), array([0.44822857, 0.01264762]), 0.7854, 0.0]
[3, array([0.452 , 0.0157]), array([0.44837619, 0.01264762]), 0.7854, 0.0]
[3, array([0.452 , 0.0157]), array([0.44852381, 0.01264762]), 0.7854, 0.0]
[3, array([0.452 , 0.0157]), array([0.44867143, 0.01264762]), 0.7854, 0.0]
[3, array([0.452 , 0.0157]), array([0.44881905, 0.01264762]), 0.7854, 0.0]
[3, array([0.452 , 0.0157]), array([0.44896667, 0.01264762]), 0.7854, 0.0]
[3, array([0.452 , 0.0157]), array([0.44911429, 0.01264762]), 0.7854, 0.0]
[3, array([0.452 , 0.0157]), array([0.4492619 , 0.01264762]), 0.7854, 0.0]
[3, array([0.452 , 0.0157]), array([0.44940952, 0.01264762]), 0.7854, 0.0]
[3, array([0.452 , 0.0157]), array([0.44955714, 0.01264762]), 0.7854, 0.0]
[3, array([0.452 , 0.0157]), array([0.44970476, 0.01264762]), 0.7854, 0.0]
[3, array([0.452 , 0.0157]), array([0.44985238, 0.01264762]), 0.7854, 0.0]
[3, array([0.452 , 0.0157]), array([0.45      , 0.01264762]), 0.7854, 0.0]
[3, array([0.452 , 0.0157]), array([0.4469    , 0.01279524]), 0.7854, 0.0]
[3, array([0.452 , 0.0157]), array([0.44704762, 0.01279524]), 0.7854, 0.0]
[3, array([0.452 , 0.0157]), array([0.44719524, 0.01279524]), 0.7854, 0.0]
[3, array([0.452 , 0.0157]), array([0.44734286, 0.01279524]), 0.7854, 0.0]
[3, array([0.452 , 0.0157]), array([0.44749048, 0.01279524]), 0.7854, 0.0]
[3, array([0.452 , 0.0157]), array([0.4476381 , 0.01279524]), 0.7854, 0.0]
[3, array([0.452 , 0.0157]), array([0.44778571, 0.01279524]), 0.7854, 0.0]
[3, array([0.452 , 0.0157]), array([0.44793333, 0.01279524]), 0.7854, 0.0]
[3, array([0.452 , 0.0157]), array([0.44808095, 0.01279524]), 0.7854, 0.0]
[3, array([0.452 , 0.0157]), array([0.44822857, 0.01279524]), 0.7854, 0.0]
[3, array([0.452 , 0.0157]), array([0.44837619, 0.01279524]), 0.7854, 0.0]
[3, array([0.452 , 0.0157]), array([0.44852381, 0.01279524]), 0.7854, 0.0]
[3, array([0.452 , 0.0157]), array([0.44867143, 0.01279524]), 0.7854, 0.0]
[3, array([0.452 , 0.0157]), array([0.44881905, 0.01279524]), 0.7854, 0.0]
[3, array([0.452 , 0.0157]), array([0.44896667, 0.01279524]), 0.7854, 0.0]
[3, array([0.452 , 0.0157]), array([0.44911429, 0.01279524]), 0.7854, 0.0]
[3, array([0.452 , 0.0157]), array([0.4492619 , 0.01279524]), 0.7854, 0.0]
[3, array([0.452 , 0.0157]), array([0.44940952, 0.01279524]), 0.7854, 0.0]
[3, array([0.452 , 0.0157]), array([0.44955714, 0.01279524]), 0.7854, 0.0]
[3, array([0.452 , 0.0157]), array([0.44970476, 0.01279524]), 0.7854, 0.0]
[3, array([0.452 , 0.0157]), array([0.44985238, 0.01279524]), 0.7854, 0.0]
[3, array([0.452 , 0.0157]), array([0.45      , 0.01279524]), 0.7854, 0.0]
[3, array([0.452 , 0.0157]), array([0.4469    , 0.01294286]), 0.7854, 0.0]
[3, array([0.452 , 0.0157]), array([0.44704762, 0.01294286]), 0.7854, 0.0]
[3, array([0.452 , 0.0157]), array([0.44719524, 0.01294286]), 0.7854, 0.0]
[3, array([0.452 , 0.0157]), array([0.44734286, 0.01294286]), 0.7854, 0.0]
[3, array([0.452 , 0.0157]), array([0.44749048, 0.01294286]), 0.7854, 0.0]
[3, array([0.452 , 0.0157]), array([0.4476381 , 0.01294286]), 0.7854, 0.0]
[3, array([0.452 , 0.0157]), array([0.44778571, 0.01294286]), 0.7854, 0.0]
[3, array([0.452 , 0.0157]), array([0.44793333, 0.01294286]), 0.7854, 0.0]
[3, array([0.452 , 0.0157]), array([0.44808095, 0.01294286]), 0.7854, 0.0]
[3, array([0.452 , 0.0157]), array([0.44822857, 0.01294286]), 0.7854, 0.0]
[3, array([0.452 , 0.0157]), array([0.44837619, 0.01294286]), 0.7854, 0.0]
[3, array([0.452 , 0.0157]), array([0.44852381, 0.01294286]), 0.7854, 0.0]
[3, array([0.452 , 0.0157]), array([0.44867143, 0.01294286]), 0.7854, 0.0]
[3, array([0.452 , 0.0157]), array([0.44881905, 0.01294286]), 0.7854, 0.0]
[3, array([0.452 , 0.0157]), array([0.44896667, 0.01294286]), 0.7854, 0.0]
[3, array([0.452 , 0.0157]), array([0.44911429, 0.01294286]), 0.7854, 0.0]
[3, array([0.452 , 0.0157]), array([0.4492619 , 0.01294286]), 0.7854, 0.0]
[3, array([0.452 , 0.0157]), array([0.44940952, 0.01294286]), 0.7854, 0.0]
[3, array([0.452 , 0.0157]), array([0.44955714, 0.01294286]), 0.7854, 0.0]
[3, array([0.452 , 0.0157]), array([0.44970476, 0.01294286]), 0.7854, 0.0]
[3, array([0.452 , 0.0157]), array([0.44985238, 0.01294286]), 0.7854, 0.0]
[3, array([0.452 , 0.0157]), array([0.45      , 0.01294286]), 0.7854, 0.0]
[3, array([0.452 , 0.0157]), array([0.4469    , 0.01309048]), 0.7854, 0.0]
[3, array([0.452 , 0.0157]), array([0.44704762, 0.01309048]), 0.7854, 0.0]
[3, array([0.452 , 0.0157]), array([0.44719524, 0.01309048]), 0.7854, 0.0]
[3, array([0.452 , 0.0157]), array([0.44734286, 0.01309048]), 0.7854, 0.0]
[3, array([0.452 , 0.0157]), array([0.44749048, 0.01309048]), 0.7854, 0.0]
[3, array([0.452 , 0.0157]), array([0.4476381 , 0.01309048]), 0.7854, 0.0]
[3, array([0.452 , 0.0157]), array([0.44778571, 0.01309048]), 0.7854, 0.0]
[3, array([0.452 , 0.0157]), array([0.44793333, 0.01309048]), 0.7854, 0.0]
[3, array([0.452 , 0.0157]), array([0.44808095, 0.01309048]), 0.7854, 0.0]
[3, array([0.452 , 0.0157]), array([0.44822857, 0.01309048]), 0.7854, 0.0]
[3, array([0.452 , 0.0157]), array([0.44837619, 0.01309048]), 0.7854, 0.0]
[3, array([0.452 , 0.0157]), array([0.44852381, 0.01309048]), 0.7854, 0.0]
[3, array([0.452 , 0.0157]), array([0.44867143, 0.01309048]), 0.7854, 0.0]
[3, array([0.452 , 0.0157]), array([0.44881905, 0.01309048]), 0.7854, 0.0]
[3, array([0.452 , 0.0157]), array([0.44896667, 0.01309048]), 0.7854, 0.0]
[3, array([0.452 , 0.0157]), array([0.44911429, 0.01309048]), 0.7854, 0.0]
[3, array([0.452 , 0.0157]), array([0.4492619 , 0.01309048]), 0.7854, 0.0]
[3, array([0.452 , 0.0157]), array([0.44940952, 0.01309048]), 0.7854, 0.0]
[3, array([0.452 , 0.0157]), array([0.44955714, 0.01309048]), 0.7854, 0.0]
[3, array([0.452 , 0.0157]), array([0.44970476, 0.01309048]), 0.7854, 0.0]
[3, array([0.452 , 0.0157]), array([0.44985238, 0.01309048]), 0.7854, 0.0]
[3, array([0.452 , 0.0157]), array([0.45      , 0.01309048]), 0.7854, 0.0]
[3, array([0.452 , 0.0157]), array([0.4469   , 0.0132381]), 0.7854, 0.0]
[3, array([0.452 , 0.0157]), array([0.44704762, 0.0132381 ]), 0.7854, 0.0]
[3, array([0.452 , 0.0157]), array([0.44719524, 0.0132381 ]), 0.7854, 0.0]
[3, array([0.452 , 0.0157]), array([0.44734286, 0.0132381 ]), 0.7854, 0.0]
[3, array([0.452 , 0.0157]), array([0.44749048, 0.0132381 ]), 0.7854, 0.0]
[3, array([0.452 , 0.0157]), array([0.4476381, 0.0132381]), 0.7854, 0.0]
[3, array([0.452 , 0.0157]), array([0.44778571, 0.0132381 ]), 0.7854, 0.0]
[3, array([0.452 , 0.0157]), array([0.44793333, 0.0132381 ]), 0.7854, 0.0]
[3, array([0.452 , 0.0157]), array([0.44808095, 0.0132381 ]), 0.7854, 0.0]
[3, array([0.452 , 0.0157]), array([0.44822857, 0.0132381 ]), 0.7854, 0.0]
[3, array([0.452 , 0.0157]), array([0.44837619, 0.0132381 ]), 0.7854, 0.0]
[3, array([0.452 , 0.0157]), array([0.44852381, 0.0132381 ]), 0.7854, 0.0]
[3, array([0.452 , 0.0157]), array([0.44867143, 0.0132381 ]), 0.7854, 0.0]
[3, array([0.452 , 0.0157]), array([0.44881905, 0.0132381 ]), 0.7854, 0.0]
[3, array([0.452 , 0.0157]), array([0.44896667, 0.0132381 ]), 0.7854, 0.0]
[3, array([0.452 , 0.0157]), array([0.44911429, 0.0132381 ]), 0.7854, 0.0]
[3, array([0.452 , 0.0157]), array([0.4492619, 0.0132381]), 0.7854, 0.0]
[3, array([0.452 , 0.0157]), array([0.44940952, 0.0132381 ]), 0.7854, 0.0]
[3, array([0.452 , 0.0157]), array([0.44955714, 0.0132381 ]), 0.7854, 0.0]
[3, array([0.452 , 0.0157]), array([0.44970476, 0.0132381 ]), 0.7854, 0.0]
[3, array([0.452 , 0.0157]), array([0.44985238, 0.0132381 ]), 0.7854, 0.0]
[3, array([0.452 , 0.0157]), array([0.45     , 0.0132381]), 0.7854, 0.0]
[3, array([0.452 , 0.0157]), array([0.4469    , 0.01338571]), 0.7854, 0.0]
[3, array([0.452 , 0.0157]), array([0.44704762, 0.01338571]), 0.7854, 0.0]
[3, array([0.452 , 0.0157]), array([0.44719524, 0.01338571]), 0.7854, 0.0]
[3, array([0.452 , 0.0157]), array([0.44734286, 0.01338571]), 0.7854, 0.0]
[3, array([0.452 , 0.0157]), array([0.44749048, 0.01338571]), 0.7854, 0.0]
[3, array([0.452 , 0.0157]), array([0.4476381 , 0.01338571]), 0.7854, 0.0]
[3, array([0.452 , 0.0157]), array([0.44778571, 0.01338571]), 0.7854, 0.0]
[3, array([0.452 , 0.0157]), array([0.44793333, 0.01338571]), 0.7854, 0.0]
[3, array([0.452 , 0.0157]), array([0.44808095, 0.01338571]), 0.7854, 0.0]
[3, array([0.452 , 0.0157]), array([0.44822857, 0.01338571]), 0.7854, 0.0]
[3, array([0.452 , 0.0157]), array([0.44837619, 0.01338571]), 0.7854, 0.0]
[3, array([0.452 , 0.0157]), array([0.44852381, 0.01338571]), 0.7854, 0.0]
[3, array([0.452 , 0.0157]), array([0.44867143, 0.01338571]), 0.7854, 0.0]
[3, array([0.452 , 0.0157]), array([0.44881905, 0.01338571]), 0.7854, 0.0]
[3, array([0.452 , 0.0157]), array([0.44896667, 0.01338571]), 0.7854, 0.0]
[3, array([0.452 , 0.0157]), array([0.44911429, 0.01338571]), 0.7854, 0.0]
[3, array([0.452 , 0.0157]), array([0.4492619 , 0.01338571]), 0.7854, 0.0]
[3, array([0.452 , 0.0157]), array([0.44940952, 0.01338571]), 0.7854, 0.0]
[3, array([0.452 , 0.0157]), array([0.44955714, 0.01338571]), 0.7854, 0.0]
[3, array([0.452 , 0.0157]), array([0.44970476, 0.01338571]), 0.7854, 0.0]
[3, array([0.452 , 0.0157]), array([0.44985238, 0.01338571]), 0.7854, 0.0]
[3, array([0.452 , 0.0157]), array([0.45      , 0.01338571]), 0.7854, 0.0]
[3, array([0.452 , 0.0157]), array([0.4469    , 0.01353333]), 0.7854, 0.0]
[3, array([0.452 , 0.0157]), array([0.44704762, 0.01353333]), 0.7854, 0.0]
[3, array([0.452 , 0.0157]), array([0.44719524, 0.01353333]), 0.7854, 0.0]
[3, array([0.452 , 0.0157]), array([0.44734286, 0.01353333]), 0.7854, 0.0]
[3, array([0.452 , 0.0157]), array([0.44749048, 0.01353333]), 0.7854, 0.0]
[3, array([0.452 , 0.0157]), array([0.4476381 , 0.01353333]), 0.7854, 0.0]
[3, array([0.452 , 0.0157]), array([0.44778571, 0.01353333]), 0.7854, 0.0]
[3, array([0.452 , 0.0157]), array([0.44793333, 0.01353333]), 0.7854, 0.0]
[3, array([0.452 , 0.0157]), array([0.44808095, 0.01353333]), 0.7854, 0.0]
[3, array([0.452 , 0.0157]), array([0.44822857, 0.01353333]), 0.7854, 0.0]
[3, array([0.452 , 0.0157]), array([0.44837619, 0.01353333]), 0.7854, 0.0]
[3, array([0.452 , 0.0157]), array([0.44852381, 0.01353333]), 0.7854, 0.0]
[3, array([0.452 , 0.0157]), array([0.44867143, 0.01353333]), 0.7854, 0.0]
[3, array([0.452 , 0.0157]), array([0.44881905, 0.01353333]), 0.7854, 0.0]
[3, array([0.452 , 0.0157]), array([0.44896667, 0.01353333]), 0.7854, 0.0]
[3, array([0.452 , 0.0157]), array([0.44911429, 0.01353333]), 0.7854, 0.0]
[3, array([0.452 , 0.0157]), array([0.4492619 , 0.01353333]), 0.7854, 0.0]
[3, array([0.452 , 0.0157]), array([0.44940952, 0.01353333]), 0.7854, 0.0]
[3, array([0.452 , 0.0157]), array([0.44955714, 0.01353333]), 0.7854, 0.0]
[3, array([0.452 , 0.0157]), array([0.44970476, 0.01353333]), 0.7854, 0.0]
[3, array([0.452 , 0.0157]), array([0.44985238, 0.01353333]), 0.7854, 0.0]
[3, array([0.452 , 0.0157]), array([0.45      , 0.01353333]), 0.7854, 0.0]
[3, array([0.452 , 0.0157]), array([0.4469    , 0.01368095]), 0.7854, 0.0]
[3, array([0.452 , 0.0157]), array([0.44704762, 0.01368095]), 0.7854, 0.0]
[3, array([0.452 , 0.0157]), array([0.44719524, 0.01368095]), 0.7854, 0.0]
[3, array([0.452 , 0.0157]), array([0.44734286, 0.01368095]), 0.7854, 0.0]
[3, array([0.452 , 0.0157]), array([0.44749048, 0.01368095]), 0.7854, 0.0]
[3, array([0.452 , 0.0157]), array([0.4476381 , 0.01368095]), 0.7854, 0.0]
[3, array([0.452 , 0.0157]), array([0.44778571, 0.01368095]), 0.7854, 0.0]
[3, array([0.452 , 0.0157]), array([0.44793333, 0.01368095]), 0.7854, 0.0]
[3, array([0.452 , 0.0157]), array([0.44808095, 0.01368095]), 0.7854, 0.0]
[3, array([0.452 , 0.0157]), array([0.44822857, 0.01368095]), 0.7854, 0.0]
[3, array([0.452 , 0.0157]), array([0.44837619, 0.01368095]), 0.7854, 0.0]
[3, array([0.452 , 0.0157]), array([0.44852381, 0.01368095]), 0.7854, 0.0]
[3, array([0.452 , 0.0157]), array([0.44867143, 0.01368095]), 0.7854, 0.0]
[3, array([0.452 , 0.0157]), array([0.44881905, 0.01368095]), 0.7854, 0.0]
[3, array([0.452 , 0.0157]), array([0.44896667, 0.01368095]), 0.7854, 0.0]
[3, array([0.452 , 0.0157]), array([0.44911429, 0.01368095]), 0.7854, 0.0]
[3, array([0.452 , 0.0157]), array([0.4492619 , 0.01368095]), 0.7854, 0.0]
[3, array([0.452 , 0.0157]), array([0.44940952, 0.01368095]), 0.7854, 0.0]
[3, array([0.452 , 0.0157]), array([0.44955714, 0.01368095]), 0.7854, 0.0]
[3, array([0.452 , 0.0157]), array([0.44970476, 0.01368095]), 0.7854, 0.0]
[3, array([0.452 , 0.0157]), array([0.44985238, 0.01368095]), 0.7854, 0.0]
[3, array([0.452 , 0.0157]), array([0.45      , 0.01368095]), 0.7854, 0.0]
[3, array([0.452 , 0.0157]), array([0.4469    , 0.01382857]), 0.7854, 0.0]
[3, array([0.452 , 0.0157]), array([0.44704762, 0.01382857]), 0.7854, 0.0]
[3, array([0.452 , 0.0157]), array([0.44719524, 0.01382857]), 0.7854, 0.0]
[3, array([0.452 , 0.0157]), array([0.44734286, 0.01382857]), 0.7854, 0.0]
[3, array([0.452 , 0.0157]), array([0.44749048, 0.01382857]), 0.7854, 0.0]
[3, array([0.452 , 0.0157]), array([0.4476381 , 0.01382857]), 0.7854, 0.0]
[3, array([0.452 , 0.0157]), array([0.44778571, 0.01382857]), 0.7854, 0.0]
[3, array([0.452 , 0.0157]), array([0.44793333, 0.01382857]), 0.7854, 0.0]
[3, array([0.452 , 0.0157]), array([0.44808095, 0.01382857]), 0.7854, 0.0]
[3, array([0.452 , 0.0157]), array([0.44822857, 0.01382857]), 0.7854, 0.0]
[3, array([0.452 , 0.0157]), array([0.44837619, 0.01382857]), 0.7854, 0.0]
[3, array([0.452 , 0.0157]), array([0.44852381, 0.01382857]), 0.7854, 0.0]
[3, array([0.452 , 0.0157]), array([0.44867143, 0.01382857]), 0.7854, 0.0]
[3, array([0.452 , 0.0157]), array([0.44881905, 0.01382857]), 0.7854, 0.0]
[3, array([0.452 , 0.0157]), array([0.44896667, 0.01382857]), 0.7854, 0.0]
[3, array([0.452 , 0.0157]), array([0.44911429, 0.01382857]), 0.7854, 0.0]
[3, array([0.452 , 0.0157]), array([0.4492619 , 0.01382857]), 0.7854, 0.0]
[3, array([0.452 , 0.0157]), array([0.44940952, 0.01382857]), 0.7854, 0.0]
[3, array([0.452 , 0.0157]), array([0.44955714, 0.01382857]), 0.7854, 0.0]
[3, array([0.452 , 0.0157]), array([0.44970476, 0.01382857]), 0.7854, 0.0]
[3, array([0.452 , 0.0157]), array([0.44985238, 0.01382857]), 0.7854, 0.0]
[3, array([0.452 , 0.0157]), array([0.45      , 0.01382857]), 0.7854, 0.0]
[3, array([0.452 , 0.0157]), array([0.4469    , 0.01397619]), 0.7854, 0.0]
[3, array([0.452 , 0.0157]), array([0.44704762, 0.01397619]), 0.7854, 0.0]
[3, array([0.452 , 0.0157]), array([0.44719524, 0.01397619]), 0.7854, 0.0]
[3, array([0.452 , 0.0157]), array([0.44734286, 0.01397619]), 0.7854, 0.0]
[3, array([0.452 , 0.0157]), array([0.44749048, 0.01397619]), 0.7854, 0.0]
[3, array([0.452 , 0.0157]), array([0.4476381 , 0.01397619]), 0.7854, 0.0]
[3, array([0.452 , 0.0157]), array([0.44778571, 0.01397619]), 0.7854, 0.0]
[3, array([0.452 , 0.0157]), array([0.44793333, 0.01397619]), 0.7854, 0.0]
[3, array([0.452 , 0.0157]), array([0.44808095, 0.01397619]), 0.7854, 0.0]
[3, array([0.452 , 0.0157]), array([0.44822857, 0.01397619]), 0.7854, 0.0]
[3, array([0.452 , 0.0157]), array([0.44837619, 0.01397619]), 0.7854, 0.0]
[3, array([0.452 , 0.0157]), array([0.44852381, 0.01397619]), 0.7854, 0.0]
[3, array([0.452 , 0.0157]), array([0.44867143, 0.01397619]), 0.7854, 0.0]
[3, array([0.452 , 0.0157]), array([0.44881905, 0.01397619]), 0.7854, 0.0]
[3, array([0.452 , 0.0157]), array([0.44896667, 0.01397619]), 0.7854, 0.0]
[3, array([0.452 , 0.0157]), array([0.44911429, 0.01397619]), 0.7854, 0.0]
[3, array([0.452 , 0.0157]), array([0.4492619 , 0.01397619]), 0.7854, 0.0]
[3, array([0.452 , 0.0157]), array([0.44940952, 0.01397619]), 0.7854, 0.0]
[3, array([0.452 , 0.0157]), array([0.44955714, 0.01397619]), 0.7854, 0.0]
[3, array([0.452 , 0.0157]), array([0.44970476, 0.01397619]), 0.7854, 0.0]
[3, array([0.452 , 0.0157]), array([0.44985238, 0.01397619]), 0.7854, 0.0]
[3, array([0.452 , 0.0157]), array([0.45      , 0.01397619]), 0.7854, 0.0]
[3, array([0.452 , 0.0157]), array([0.4469    , 0.01412381]), 0.7854, 0.0]
[3, array([0.452 , 0.0157]), array([0.44704762, 0.01412381]), 0.7854, 0.0]
[3, array([0.452 , 0.0157]), array([0.44719524, 0.01412381]), 0.7854, 0.0]
[3, array([0.452 , 0.0157]), array([0.44734286, 0.01412381]), 0.7854, 0.0]
[3, array([0.452 , 0.0157]), array([0.44749048, 0.01412381]), 0.7854, 0.0]
[3, array([0.452 , 0.0157]), array([0.4476381 , 0.01412381]), 0.7854, 0.0]
[3, array([0.452 , 0.0157]), array([0.44778571, 0.01412381]), 0.7854, 0.0]
[3, array([0.452 , 0.0157]), array([0.44793333, 0.01412381]), 0.7854, 0.0]
[3, array([0.452 , 0.0157]), array([0.44808095, 0.01412381]), 0.7854, 0.0]
[3, array([0.452 , 0.0157]), array([0.44822857, 0.01412381]), 0.7854, 0.0]
[3, array([0.452 , 0.0157]), array([0.44837619, 0.01412381]), 0.7854, 0.0]
[3, array([0.452 , 0.0157]), array([0.44852381, 0.01412381]), 0.7854, 0.0]
[3, array([0.452 , 0.0157]), array([0.44867143, 0.01412381]), 0.7854, 0.0]
[3, array([0.452 , 0.0157]), array([0.44881905, 0.01412381]), 0.7854, 0.0]
[3, array([0.452 , 0.0157]), array([0.44896667, 0.01412381]), 0.7854, 0.0]
[3, array([0.452 , 0.0157]), array([0.44911429, 0.01412381]), 0.7854, 0.0]
[3, array([0.452 , 0.0157]), array([0.4492619 , 0.01412381]), 0.7854, 0.0]
[3, array([0.452 , 0.0157]), array([0.44940952, 0.01412381]), 0.7854, 0.0]
[3, array([0.452 , 0.0157]), array([0.44955714, 0.01412381]), 0.7854, 0.0]
[3, array([0.452 , 0.0157]), array([0.44970476, 0.01412381]), 0.7854, 0.0]
[3, array([0.452 , 0.0157]), array([0.44985238, 0.01412381]), 0.7854, 0.0]
[3, array([0.452 , 0.0157]), array([0.45      , 0.01412381]), 0.7854, 0.0]
[3, array([0.452 , 0.0157]), array([0.4469    , 0.01427143]), 0.7854, 0.0]
[3, array([0.452 , 0.0157]), array([0.44704762, 0.01427143]), 0.7854, 0.0]
[3, array([0.452 , 0.0157]), array([0.44719524, 0.01427143]), 0.7854, 0.0]
[3, array([0.452 , 0.0157]), array([0.44734286, 0.01427143]), 0.7854, 0.0]
[3, array([0.452 , 0.0157]), array([0.44749048, 0.01427143]), 0.7854, 0.0]
[3, array([0.452 , 0.0157]), array([0.4476381 , 0.01427143]), 0.7854, 0.0]
[3, array([0.452 , 0.0157]), array([0.44778571, 0.01427143]), 0.7854, 0.0]
[3, array([0.452 , 0.0157]), array([0.44793333, 0.01427143]), 0.7854, 0.0]
[3, array([0.452 , 0.0157]), array([0.44808095, 0.01427143]), 0.7854, 0.0]
[3, array([0.452 , 0.0157]), array([0.44822857, 0.01427143]), 0.7854, 0.0]
[3, array([0.452 , 0.0157]), array([0.44837619, 0.01427143]), 0.7854, 0.0]
[3, array([0.452 , 0.0157]), array([0.44852381, 0.01427143]), 0.7854, 0.0]
[3, array([0.452 , 0.0157]), array([0.44867143, 0.01427143]), 0.7854, 0.0]
[3, array([0.452 , 0.0157]), array([0.44881905, 0.01427143]), 0.7854, 0.0]
[3, array([0.452 , 0.0157]), array([0.44896667, 0.01427143]), 0.7854, 0.0]
[3, array([0.452 , 0.0157]), array([0.44911429, 0.01427143]), 0.7854, 0.0]
[3, array([0.452 , 0.0157]), array([0.4492619 , 0.01427143]), 0.7854, 0.0]
[3, array([0.452 , 0.0157]), array([0.44940952, 0.01427143]), 0.7854, 0.0]
[3, array([0.452 , 0.0157]), array([0.44955714, 0.01427143]), 0.7854, 0.0]
[3, array([0.452 , 0.0157]), array([0.44970476, 0.01427143]), 0.7854, 0.0]
[3, array([0.452 , 0.0157]), array([0.44985238, 0.01427143]), 0.7854, 0.0]
[3, array([0.452 , 0.0157]), array([0.45      , 0.01427143]), 0.7854, 0.0]
[3, array([0.452 , 0.0157]), array([0.4469    , 0.01441905]), 0.7854, 0.0]
[3, array([0.452 , 0.0157]), array([0.44704762, 0.01441905]), 0.7854, 0.0]
[3, array([0.452 , 0.0157]), array([0.44719524, 0.01441905]), 0.7854, 0.0]
[3, array([0.452 , 0.0157]), array([0.44734286, 0.01441905]), 0.7854, 0.0]
[3, array([0.452 , 0.0157]), array([0.44749048, 0.01441905]), 0.7854, 0.0]
[3, array([0.452 , 0.0157]), array([0.4476381 , 0.01441905]), 0.7854, 0.0]
[3, array([0.452 , 0.0157]), array([0.44778571, 0.01441905]), 0.7854, 0.0]
[3, array([0.452 , 0.0157]), array([0.44793333, 0.01441905]), 0.7854, 0.0]
[3, array([0.452 , 0.0157]), array([0.44808095, 0.01441905]), 0.7854, 0.0]
[3, array([0.452 , 0.0157]), array([0.44822857, 0.01441905]), 0.7854, 0.0]
[3, array([0.452 , 0.0157]), array([0.44837619, 0.01441905]), 0.7854, 0.0]
[3, array([0.452 , 0.0157]), array([0.44852381, 0.01441905]), 0.7854, 0.0]
[3, array([0.452 , 0.0157]), array([0.44867143, 0.01441905]), 0.7854, 0.0]
[3, array([0.452 , 0.0157]), array([0.44881905, 0.01441905]), 0.7854, 0.0]
[3, array([0.452 , 0.0157]), array([0.44896667, 0.01441905]), 0.7854, 0.0]
[3, array([0.452 , 0.0157]), array([0.44911429, 0.01441905]), 0.7854, 0.0]
[3, array([0.452 , 0.0157]), array([0.4492619 , 0.01441905]), 0.7854, 0.0]
[3, array([0.452 , 0.0157]), array([0.44940952, 0.01441905]), 0.7854, 0.0]
[3, array([0.452 , 0.0157]), array([0.44955714, 0.01441905]), 0.7854, 0.0]
[3, array([0.452 , 0.0157]), array([0.44970476, 0.01441905]), 0.7854, 0.0]
[3, array([0.452 , 0.0157]), array([0.44985238, 0.01441905]), 0.7854, 0.0]
[3, array([0.452 , 0.0157]), array([0.45      , 0.01441905]), 0.7854, 0.0]
[3, array([0.452 , 0.0157]), array([0.4469    , 0.01456667]), 0.7854, 0.0]
[3, array([0.452 , 0.0157]), array([0.44704762, 0.01456667]), 0.7854, 0.0]
[3, array([0.452 , 0.0157]), array([0.44719524, 0.01456667]), 0.7854, 0.0]
[3, array([0.452 , 0.0157]), array([0.44734286, 0.01456667]), 0.7854, 0.0]
[3, array([0.452 , 0.0157]), array([0.44749048, 0.01456667]), 0.7854, 0.0]
[3, array([0.452 , 0.0157]), array([0.4476381 , 0.01456667]), 0.7854, 0.0]
[3, array([0.452 , 0.0157]), array([0.44778571, 0.01456667]), 0.7854, 0.0]
[3, array([0.452 , 0.0157]), array([0.44793333, 0.01456667]), 0.7854, 0.0]
[3, array([0.452 , 0.0157]), array([0.44808095, 0.01456667]), 0.7854, 0.0]
[3, array([0.452 , 0.0157]), array([0.44822857, 0.01456667]), 0.7854, 0.0]
[3, array([0.452 , 0.0157]), array([0.44837619, 0.01456667]), 0.7854, 0.0]
[3, array([0.452 , 0.0157]), array([0.44852381, 0.01456667]), 0.7854, 0.0]
[3, array([0.452 , 0.0157]), array([0.44867143, 0.01456667]), 0.7854, 0.0]
[3, array([0.452 , 0.0157]), array([0.44881905, 0.01456667]), 0.7854, 0.0]
[3, array([0.452 , 0.0157]), array([0.44896667, 0.01456667]), 0.7854, 0.0]
[3, array([0.452 , 0.0157]), array([0.44911429, 0.01456667]), 0.7854, 0.0]
[3, array([0.452 , 0.0157]), array([0.4492619 , 0.01456667]), 0.7854, 0.0]
[3, array([0.452 , 0.0157]), array([0.44940952, 0.01456667]), 0.7854, 0.0]
[3, array([0.452 , 0.0157]), array([0.44955714, 0.01456667]), 0.7854, 0.0]
[3, array([0.452 , 0.0157]), array([0.44970476, 0.01456667]), 0.7854, 0.0]
[3, array([0.452 , 0.0157]), array([0.44985238, 0.01456667]), 0.7854, 0.0]
[3, array([0.452 , 0.0157]), array([0.45      , 0.01456667]), 0.7854, 0.0]
[3, array([0.452 , 0.0157]), array([0.4469    , 0.01471429]), 0.7854, 0.0]
[3, array([0.452 , 0.0157]), array([0.44704762, 0.01471429]), 0.7854, 0.0]
[3, array([0.452 , 0.0157]), array([0.44719524, 0.01471429]), 0.7854, 0.0]
[3, array([0.452 , 0.0157]), array([0.44734286, 0.01471429]), 0.7854, 0.0]
[3, array([0.452 , 0.0157]), array([0.44749048, 0.01471429]), 0.7854, 0.0]
[3, array([0.452 , 0.0157]), array([0.4476381 , 0.01471429]), 0.7854, 0.0]
[3, array([0.452 , 0.0157]), array([0.44778571, 0.01471429]), 0.7854, 0.0]
[3, array([0.452 , 0.0157]), array([0.44793333, 0.01471429]), 0.7854, 0.0]
[3, array([0.452 , 0.0157]), array([0.44808095, 0.01471429]), 0.7854, 0.0]
[3, array([0.452 , 0.0157]), array([0.44822857, 0.01471429]), 0.7854, 0.0]
[3, array([0.452 , 0.0157]), array([0.44837619, 0.01471429]), 0.7854, 0.0]
[3, array([0.452 , 0.0157]), array([0.44852381, 0.01471429]), 0.7854, 0.0]
[3, array([0.452 , 0.0157]), array([0.44867143, 0.01471429]), 0.7854, 0.0]
[3, array([0.452 , 0.0157]), array([0.44881905, 0.01471429]), 0.7854, 0.0]
[3, array([0.452 , 0.0157]), array([0.44896667, 0.01471429]), 0.7854, 0.0]
[3, array([0.452 , 0.0157]), array([0.44911429, 0.01471429]), 0.7854, 0.0]
[3, array([0.452 , 0.0157]), array([0.4492619 , 0.01471429]), 0.7854, 0.0]
[3, array([0.452 , 0.0157]), array([0.44940952, 0.01471429]), 0.7854, 0.0]
[3, array([0.452 , 0.0157]), array([0.44955714, 0.01471429]), 0.7854, 0.0]
[3, array([0.452 , 0.0157]), array([0.44970476, 0.01471429]), 0.7854, 0.0]
[3, array([0.452 , 0.0157]), array([0.44985238, 0.01471429]), 0.7854, 0.0]
[3, array([0.452 , 0.0157]), array([0.45      , 0.01471429]), 0.7854, 0.0]
[3, array([0.452 , 0.0157]), array([0.4469   , 0.0148619]), 0.7854, 0.0]
[3, array([0.452 , 0.0157]), array([0.44704762, 0.0148619 ]), 0.7854, 0.0]
[3, array([0.452 , 0.0157]), array([0.44719524, 0.0148619 ]), 0.7854, 0.0]
[3, array([0.452 , 0.0157]), array([0.44734286, 0.0148619 ]), 0.7854, 0.0]
[3, array([0.452 , 0.0157]), array([0.44749048, 0.0148619 ]), 0.7854, 0.0]
[3, array([0.452 , 0.0157]), array([0.4476381, 0.0148619]), 0.7854, 0.0]
[3, array([0.452 , 0.0157]), array([0.44778571, 0.0148619 ]), 0.7854, 0.0]
[3, array([0.452 , 0.0157]), array([0.44793333, 0.0148619 ]), 0.7854, 0.0]
[3, array([0.452 , 0.0157]), array([0.44808095, 0.0148619 ]), 0.7854, 0.0]
[3, array([0.452 , 0.0157]), array([0.44822857, 0.0148619 ]), 0.7854, 0.0]
[3, array([0.452 , 0.0157]), array([0.44837619, 0.0148619 ]), 0.7854, 0.0]
[3, array([0.452 , 0.0157]), array([0.44852381, 0.0148619 ]), 0.7854, 0.0]
[3, array([0.452 , 0.0157]), array([0.44867143, 0.0148619 ]), 0.7854, 0.0]
[3, array([0.452 , 0.0157]), array([0.44881905, 0.0148619 ]), 0.7854, 0.0]
[3, array([0.452 , 0.0157]), array([0.44896667, 0.0148619 ]), 0.7854, 0.0]
[3, array([0.452 , 0.0157]), array([0.44911429, 0.0148619 ]), 0.7854, 0.0]
[3, array([0.452 , 0.0157]), array([0.4492619, 0.0148619]), 0.7854, 0.0]
[3, array([0.452 , 0.0157]), array([0.44940952, 0.0148619 ]), 0.7854, 0.0]
[3, array([0.452 , 0.0157]), array([0.44955714, 0.0148619 ]), 0.7854, 0.0]
[3, array([0.452 , 0.0157]), array([0.44970476, 0.0148619 ]), 0.7854, 0.0]
[3, array([0.452 , 0.0157]), array([0.44985238, 0.0148619 ]), 0.7854, 0.0]
[3, array([0.452 , 0.0157]), array([0.45     , 0.0148619]), 0.7854, 0.0]
[3, array([0.452 , 0.0157]), array([0.4469    , 0.01500952]), 0.7854, 0.0]
[3, array([0.452 , 0.0157]), array([0.44704762, 0.01500952]), 0.7854, 0.0]
[3, array([0.452 , 0.0157]), array([0.44719524, 0.01500952]), 0.7854, 0.0]
[3, array([0.452 , 0.0157]), array([0.44734286, 0.01500952]), 0.7854, 0.0]
[3, array([0.452 , 0.0157]), array([0.44749048, 0.01500952]), 0.7854, 0.0]
[3, array([0.452 , 0.0157]), array([0.4476381 , 0.01500952]), 0.7854, 0.0]
[3, array([0.452 , 0.0157]), array([0.44778571, 0.01500952]), 0.7854, 0.0]
[3, array([0.452 , 0.0157]), array([0.44793333, 0.01500952]), 0.7854, 0.0]
[3, array([0.452 , 0.0157]), array([0.44808095, 0.01500952]), 0.7854, 0.0]
[3, array([0.452 , 0.0157]), array([0.44822857, 0.01500952]), 0.7854, 0.0]
[3, array([0.452 , 0.0157]), array([0.44837619, 0.01500952]), 0.7854, 0.0]
[3, array([0.452 , 0.0157]), array([0.44852381, 0.01500952]), 0.7854, 0.0]
[3, array([0.452 , 0.0157]), array([0.44867143, 0.01500952]), 0.7854, 0.0]
[3, array([0.452 , 0.0157]), array([0.44881905, 0.01500952]), 0.7854, 0.0]
[3, array([0.452 , 0.0157]), array([0.44896667, 0.01500952]), 0.7854, 0.0]
[3, array([0.452 , 0.0157]), array([0.44911429, 0.01500952]), 0.7854, 0.0]
[3, array([0.452 , 0.0157]), array([0.4492619 , 0.01500952]), 0.7854, 0.0]
[3, array([0.452 , 0.0157]), array([0.44940952, 0.01500952]), 0.7854, 0.0]
[3, array([0.452 , 0.0157]), array([0.44955714, 0.01500952]), 0.7854, 0.0]
[3, array([0.452 , 0.0157]), array([0.44970476, 0.01500952]), 0.7854, 0.0]
[3, array([0.452 , 0.0157]), array([0.44985238, 0.01500952]), 0.7854, 0.0]
[3, array([0.452 , 0.0157]), array([0.45      , 0.01500952]), 0.7854, 0.0]
[3, array([0.452 , 0.0157]), array([0.4469    , 0.01515714]), 0.7854, 0.0]
[3, array([0.452 , 0.0157]), array([0.44704762, 0.01515714]), 0.7854, 0.0]
[3, array([0.452 , 0.0157]), array([0.44719524, 0.01515714]), 0.7854, 0.0]
[3, array([0.452 , 0.0157]), array([0.44734286, 0.01515714]), 0.7854, 0.0]
[3, array([0.452 , 0.0157]), array([0.44749048, 0.01515714]), 0.7854, 0.0]
[3, array([0.452 , 0.0157]), array([0.4476381 , 0.01515714]), 0.7854, 0.0]
[3, array([0.452 , 0.0157]), array([0.44778571, 0.01515714]), 0.7854, 0.0]
[3, array([0.452 , 0.0157]), array([0.44793333, 0.01515714]), 0.7854, 0.0]
[3, array([0.452 , 0.0157]), array([0.44808095, 0.01515714]), 0.7854, 0.0]
[3, array([0.452 , 0.0157]), array([0.44822857, 0.01515714]), 0.7854, 0.0]
[3, array([0.452 , 0.0157]), array([0.44837619, 0.01515714]), 0.7854, 0.0]
[3, array([0.452 , 0.0157]), array([0.44852381, 0.01515714]), 0.7854, 0.0]
[3, array([0.452 , 0.0157]), array([0.44867143, 0.01515714]), 0.7854, 0.0]
[3, array([0.452 , 0.0157]), array([0.44881905, 0.01515714]), 0.7854, 0.0]
[3, array([0.452 , 0.0157]), array([0.44896667, 0.01515714]), 0.7854, 0.0]
[3, array([0.452 , 0.0157]), array([0.44911429, 0.01515714]), 0.7854, 0.0]
[3, array([0.452 , 0.0157]), array([0.4492619 , 0.01515714]), 0.7854, 0.0]
[3, array([0.452 , 0.0157]), array([0.44940952, 0.01515714]), 0.7854, 0.0]
[3, array([0.452 , 0.0157]), array([0.44955714, 0.01515714]), 0.7854, 0.0]
[3, array([0.452 , 0.0157]), array([0.44970476, 0.01515714]), 0.7854, 0.0]
[3, array([0.452 , 0.0157]), array([0.44985238, 0.01515714]), 0.7854, 0.0]
[3, array([0.452 , 0.0157]), array([0.45      , 0.01515714]), 0.7854, 0.0]
[3, array([0.452 , 0.0157]), array([0.4469    , 0.01530476]), 0.7854, 0.0]
[3, array([0.452 , 0.0157]), array([0.44704762, 0.01530476]), 0.7854, 0.0]
[3, array([0.452 , 0.0157]), array([0.44719524, 0.01530476]), 0.7854, 0.0]
[3, array([0.452 , 0.0157]), array([0.44734286, 0.01530476]), 0.7854, 0.0]
[3, array([0.452 , 0.0157]), array([0.44749048, 0.01530476]), 0.7854, 0.0]
[3, array([0.452 , 0.0157]), array([0.4476381 , 0.01530476]), 0.7854, 0.0]
[3, array([0.452 , 0.0157]), array([0.44778571, 0.01530476]), 0.7854, 0.0]
[3, array([0.452 , 0.0157]), array([0.44793333, 0.01530476]), 0.7854, 0.0]
[3, array([0.452 , 0.0157]), array([0.44808095, 0.01530476]), 0.7854, 0.0]
[3, array([0.452 , 0.0157]), array([0.44822857, 0.01530476]), 0.7854, 0.0]
[3, array([0.452 , 0.0157]), array([0.44837619, 0.01530476]), 0.7854, 0.0]
[3, array([0.452 , 0.0157]), array([0.44852381, 0.01530476]), 0.7854, 0.0]
[3, array([0.452 , 0.0157]), array([0.44867143, 0.01530476]), 0.7854, 0.0]
[3, array([0.452 , 0.0157]), array([0.44881905, 0.01530476]), 0.7854, 0.0]
[3, array([0.452 , 0.0157]), array([0.44896667, 0.01530476]), 0.7854, 0.0]
[3, array([0.452 , 0.0157]), array([0.44911429, 0.01530476]), 0.7854, 0.0]
[3, array([0.452 , 0.0157]), array([0.4492619 , 0.01530476]), 0.7854, 0.0]
[3, array([0.452 , 0.0157]), array([0.44940952, 0.01530476]), 0.7854, 0.0]
[3, array([0.452 , 0.0157]), array([0.44955714, 0.01530476]), 0.7854, 0.0]
[3, array([0.452 , 0.0157]), array([0.44970476, 0.01530476]), 0.7854, 0.0]
[3, array([0.452 , 0.0157]), array([0.44985238, 0.01530476]), 0.7854, 0.0]
[3, array([0.452 , 0.0157]), array([0.45      , 0.01530476]), 0.7854, 0.0]
[3, array([0.452 , 0.0157]), array([0.4469    , 0.01545238]), 0.7854, 0.0]
[3, array([0.452 , 0.0157]), array([0.44704762, 0.01545238]), 0.7854, 0.0]
[3, array([0.452 , 0.0157]), array([0.44719524, 0.01545238]), 0.7854, 0.0]
[3, array([0.452 , 0.0157]), array([0.44734286, 0.01545238]), 0.7854, 0.0]
[3, array([0.452 , 0.0157]), array([0.44749048, 0.01545238]), 0.7854, 0.0]
[3, array([0.452 , 0.0157]), array([0.4476381 , 0.01545238]), 0.7854, 0.0]
[3, array([0.452 , 0.0157]), array([0.44778571, 0.01545238]), 0.7854, 0.0]
[3, array([0.452 , 0.0157]), array([0.44793333, 0.01545238]), 0.7854, 0.0]
[3, array([0.452 , 0.0157]), array([0.44808095, 0.01545238]), 0.7854, 0.0]
[3, array([0.452 , 0.0157]), array([0.44822857, 0.01545238]), 0.7854, 0.0]
[3, array([0.452 , 0.0157]), array([0.44837619, 0.01545238]), 0.7854, 0.0]
[3, array([0.452 , 0.0157]), array([0.44852381, 0.01545238]), 0.7854, 0.0]
[3, array([0.452 , 0.0157]), array([0.44867143, 0.01545238]), 0.7854, 0.0]
[3, array([0.452 , 0.0157]), array([0.44881905, 0.01545238]), 0.7854, 0.0]
[3, array([0.452 , 0.0157]), array([0.44896667, 0.01545238]), 0.7854, 0.0]
[3, array([0.452 , 0.0157]), array([0.44911429, 0.01545238]), 0.7854, 0.0]
[3, array([0.452 , 0.0157]), array([0.4492619 , 0.01545238]), 0.7854, 0.0]
[3, array([0.452 , 0.0157]), array([0.44940952, 0.01545238]), 0.7854, 0.0]
[3, array([0.452 , 0.0157]), array([0.44955714, 0.01545238]), 0.7854, 0.0]
[3, array([0.452 , 0.0157]), array([0.44970476, 0.01545238]), 0.7854, 0.0]
[3, array([0.452 , 0.0157]), array([0.44985238, 0.01545238]), 0.7854, 0.0]
[3, array([0.452 , 0.0157]), array([0.45      , 0.01545238]), 0.7854, 0.0]
[3, array([0.452 , 0.0157]), array([0.4469, 0.0156]), 0.7854, 0.0]
[3, array([0.452 , 0.0157]), array([0.44704762, 0.0156    ]), 0.7854, 0.0]
[3, array([0.452 , 0.0157]), array([0.44719524, 0.0156    ]), 0.7854, 0.0]
[3, array([0.452 , 0.0157]), array([0.44734286, 0.0156    ]), 0.7854, 0.0]
[3, array([0.452 , 0.0157]), array([0.44749048, 0.0156    ]), 0.7854, 0.0]
[3, array([0.452 , 0.0157]), array([0.4476381, 0.0156   ]), 0.7854, 0.0]
[3, array([0.452 , 0.0157]), array([0.44778571, 0.0156    ]), 0.7854, 0.0]
[3, array([0.452 , 0.0157]), array([0.44793333, 0.0156    ]), 0.7854, 0.0]
[3, array([0.452 , 0.0157]), array([0.44808095, 0.0156    ]), 0.7854, 0.0]
[3, array([0.452 , 0.0157]), array([0.44822857, 0.0156    ]), 0.7854, 0.0]
[3, array([0.452 , 0.0157]), array([0.44837619, 0.0156    ]), 0.7854, 0.0]
[3, array([0.452 , 0.0157]), array([0.44852381, 0.0156    ]), 0.7854, 0.0]
[3, array([0.452 , 0.0157]), array([0.44867143, 0.0156    ]), 0.7854, 0.0]
[3, array([0.452 , 0.0157]), array([0.44881905, 0.0156    ]), 0.7854, 0.0]
[3, array([0.452 , 0.0157]), array([0.44896667, 0.0156    ]), 0.7854, 0.0]
[3, array([0.452 , 0.0157]), array([0.44911429, 0.0156    ]), 0.7854, 0.0]
[3, array([0.452 , 0.0157]), array([0.4492619, 0.0156   ]), 0.7854, 0.0]
[3, array([0.452 , 0.0157]), array([0.44940952, 0.0156    ]), 0.7854, 0.0]
[3, array([0.452 , 0.0157]), array([0.44955714, 0.0156    ]), 0.7854, 0.0]
[3, array([0.452 , 0.0157]), array([0.44970476, 0.0156    ]), 0.7854, 0.0]
[3, array([0.452 , 0.0157]), array([0.44985238, 0.0156    ]), 0.7854, 0.0]
[3, array([0.452 , 0.0157]), array([0.45  , 0.0156]), 0.7854, 0.0]
[1, array([0.4571, 0.0378]), array([0.4531 , 0.03745]), 0.7854, 1.0]
[1, array([0.4571, 0.0378]), array([0.45325238, 0.03745   ]), 0.7854, 1.0]
[1, array([0.4571, 0.0378]), array([0.45340476, 0.03745   ]), 0.7854, 1.0]
[1, array([0.4571, 0.0378]), array([0.45355714, 0.03745   ]), 0.7854, 1.0]
[1, array([0.4571, 0.0378]), array([0.45370952, 0.03745   ]), 0.7854, 1.0]
[1, array([0.4571, 0.0378]), array([0.4538619, 0.03745  ]), 0.7854, 1.0]
[1, array([0.4571, 0.0378]), array([0.45401429, 0.03745   ]), 0.7854, 1.0]
[1, array([0.4571, 0.0378]), array([0.45416667, 0.03745   ]), 0.7854, 1.0]
[1, array([0.4571, 0.0378]), array([0.45431905, 0.03745   ]), 0.7854, 1.0]
[1, array([0.4571, 0.0378]), array([0.45447143, 0.03745   ]), 0.7854, 1.0]
[1, array([0.4571, 0.0378]), array([0.45462381, 0.03745   ]), 0.7854, 1.0]
[1, array([0.4571, 0.0378]), array([0.45477619, 0.03745   ]), 0.7854, 1.0]
[1, array([0.4571, 0.0378]), array([0.45492857, 0.03745   ]), 0.7854, 1.0]
[1, array([0.4571, 0.0378]), array([0.45508095, 0.03745   ]), 0.7854, 1.0]
[1, array([0.4571, 0.0378]), array([0.45523333, 0.03745   ]), 0.7854, 1.0]
[1, array([0.4571, 0.0378]), array([0.45538571, 0.03745   ]), 0.7854, 1.0]
[1, array([0.4571, 0.0378]), array([0.4555381, 0.03745  ]), 0.7854, 1.0]
[1, array([0.4571, 0.0378]), array([0.45569048, 0.03745   ]), 0.7854, 1.0]
[1, array([0.4571, 0.0378]), array([0.45584286, 0.03745   ]), 0.7854, 1.0]
[1, array([0.4571, 0.0378]), array([0.45599524, 0.03745   ]), 0.7854, 1.0]
[1, array([0.4571, 0.0378]), array([0.45614762, 0.03745   ]), 0.7854, 1.0]
[1, array([0.4571, 0.0378]), array([0.4563 , 0.03745]), 0.7854, 1.0]
[1, array([0.4571, 0.0378]), array([0.4531    , 0.03760238]), 0.7854, 1.0]
[1, array([0.4571, 0.0378]), array([0.45325238, 0.03760238]), 0.7854, 1.0]
[1, array([0.4571, 0.0378]), array([0.45340476, 0.03760238]), 0.7854, 1.0]
[1, array([0.4571, 0.0378]), array([0.45355714, 0.03760238]), 0.7854, 1.0]
[1, array([0.4571, 0.0378]), array([0.45370952, 0.03760238]), 0.7854, 1.0]
[1, array([0.4571, 0.0378]), array([0.4538619 , 0.03760238]), 0.7854, 1.0]
[1, array([0.4571, 0.0378]), array([0.45401429, 0.03760238]), 0.7854, 1.0]
[1, array([0.4571, 0.0378]), array([0.45416667, 0.03760238]), 0.7854, 1.0]
[1, array([0.4571, 0.0378]), array([0.45431905, 0.03760238]), 0.7854, 1.0]
[1, array([0.4571, 0.0378]), array([0.45447143, 0.03760238]), 0.7854, 1.0]
[1, array([0.4571, 0.0378]), array([0.45462381, 0.03760238]), 0.7854, 1.0]
[1, array([0.4571, 0.0378]), array([0.45477619, 0.03760238]), 0.7854, 1.0]
[1, array([0.4571, 0.0378]), array([0.45492857, 0.03760238]), 0.7854, 1.0]
[1, array([0.4571, 0.0378]), array([0.45508095, 0.03760238]), 0.7854, 1.0]
[1, array([0.4571, 0.0378]), array([0.45523333, 0.03760238]), 0.7854, 1.0]
[1, array([0.4571, 0.0378]), array([0.45538571, 0.03760238]), 0.7854, 1.0]
[1, array([0.4571, 0.0378]), array([0.4555381 , 0.03760238]), 0.7854, 1.0]
[1, array([0.4571, 0.0378]), array([0.45569048, 0.03760238]), 0.7854, 1.0]
[1, array([0.4571, 0.0378]), array([0.45584286, 0.03760238]), 0.7854, 1.0]
[1, array([0.4571, 0.0378]), array([0.45599524, 0.03760238]), 0.7854, 1.0]
[1, array([0.4571, 0.0378]), array([0.45614762, 0.03760238]), 0.7854, 1.0]
[1, array([0.4571, 0.0378]), array([0.4563    , 0.03760238]), 0.7854, 1.0]
[1, array([0.4571, 0.0378]), array([0.4531    , 0.03775476]), 0.7854, 1.0]
[1, array([0.4571, 0.0378]), array([0.45325238, 0.03775476]), 0.7854, 1.0]
[1, array([0.4571, 0.0378]), array([0.45340476, 0.03775476]), 0.7854, 1.0]
[1, array([0.4571, 0.0378]), array([0.45355714, 0.03775476]), 0.7854, 1.0]
[1, array([0.4571, 0.0378]), array([0.45370952, 0.03775476]), 0.7854, 1.0]
[1, array([0.4571, 0.0378]), array([0.4538619 , 0.03775476]), 0.7854, 1.0]
[1, array([0.4571, 0.0378]), array([0.45401429, 0.03775476]), 0.7854, 1.0]
[1, array([0.4571, 0.0378]), array([0.45416667, 0.03775476]), 0.7854, 1.0]
[1, array([0.4571, 0.0378]), array([0.45431905, 0.03775476]), 0.7854, 1.0]
[1, array([0.4571, 0.0378]), array([0.45447143, 0.03775476]), 0.7854, 1.0]
[1, array([0.4571, 0.0378]), array([0.45462381, 0.03775476]), 0.7854, 1.0]
[1, array([0.4571, 0.0378]), array([0.45477619, 0.03775476]), 0.7854, 1.0]
[1, array([0.4571, 0.0378]), array([0.45492857, 0.03775476]), 0.7854, 1.0]
[1, array([0.4571, 0.0378]), array([0.45508095, 0.03775476]), 0.7854, 1.0]
[1, array([0.4571, 0.0378]), array([0.45523333, 0.03775476]), 0.7854, 1.0]
[1, array([0.4571, 0.0378]), array([0.45538571, 0.03775476]), 0.7854, 1.0]
[1, array([0.4571, 0.0378]), array([0.4555381 , 0.03775476]), 0.7854, 1.0]
[1, array([0.4571, 0.0378]), array([0.45569048, 0.03775476]), 0.7854, 1.0]
[1, array([0.4571, 0.0378]), array([0.45584286, 0.03775476]), 0.7854, 1.0]
[1, array([0.4571, 0.0378]), array([0.45599524, 0.03775476]), 0.7854, 1.0]
[1, array([0.4571, 0.0378]), array([0.45614762, 0.03775476]), 0.7854, 1.0]
[1, array([0.4571, 0.0378]), array([0.4563    , 0.03775476]), 0.7854, 1.0]
[1, array([0.4571, 0.0378]), array([0.4531    , 0.03790714]), 0.7854, 1.0]
[1, array([0.4571, 0.0378]), array([0.45325238, 0.03790714]), 0.7854, 1.0]
[1, array([0.4571, 0.0378]), array([0.45340476, 0.03790714]), 0.7854, 1.0]
[1, array([0.4571, 0.0378]), array([0.45355714, 0.03790714]), 0.7854, 1.0]
[1, array([0.4571, 0.0378]), array([0.45370952, 0.03790714]), 0.7854, 1.0]
[1, array([0.4571, 0.0378]), array([0.4538619 , 0.03790714]), 0.7854, 1.0]
[1, array([0.4571, 0.0378]), array([0.45401429, 0.03790714]), 0.7854, 1.0]
[1, array([0.4571, 0.0378]), array([0.45416667, 0.03790714]), 0.7854, 1.0]
[1, array([0.4571, 0.0378]), array([0.45431905, 0.03790714]), 0.7854, 1.0]
[1, array([0.4571, 0.0378]), array([0.45447143, 0.03790714]), 0.7854, 1.0]
[1, array([0.4571, 0.0378]), array([0.45462381, 0.03790714]), 0.7854, 1.0]
[1, array([0.4571, 0.0378]), array([0.45477619, 0.03790714]), 0.7854, 1.0]
[1, array([0.4571, 0.0378]), array([0.45492857, 0.03790714]), 0.7854, 1.0]
[1, array([0.4571, 0.0378]), array([0.45508095, 0.03790714]), 0.7854, 1.0]
[1, array([0.4571, 0.0378]), array([0.45523333, 0.03790714]), 0.7854, 1.0]
[1, array([0.4571, 0.0378]), array([0.45538571, 0.03790714]), 0.7854, 1.0]
[1, array([0.4571, 0.0378]), array([0.4555381 , 0.03790714]), 0.7854, 1.0]
[1, array([0.4571, 0.0378]), array([0.45569048, 0.03790714]), 0.7854, 1.0]
[1, array([0.4571, 0.0378]), array([0.45584286, 0.03790714]), 0.7854, 1.0]
[1, array([0.4571, 0.0378]), array([0.45599524, 0.03790714]), 0.7854, 1.0]
[1, array([0.4571, 0.0378]), array([0.45614762, 0.03790714]), 0.7854, 1.0]
[1, array([0.4571, 0.0378]), array([0.4563    , 0.03790714]), 0.7854, 1.0]
[1, array([0.4571, 0.0378]), array([0.4531    , 0.03805952]), 0.7854, 1.0]
[1, array([0.4571, 0.0378]), array([0.45325238, 0.03805952]), 0.7854, 1.0]
[1, array([0.4571, 0.0378]), array([0.45340476, 0.03805952]), 0.7854, 1.0]
[1, array([0.4571, 0.0378]), array([0.45355714, 0.03805952]), 0.7854, 1.0]
[1, array([0.4571, 0.0378]), array([0.45370952, 0.03805952]), 0.7854, 1.0]
[1, array([0.4571, 0.0378]), array([0.4538619 , 0.03805952]), 0.7854, 1.0]
[1, array([0.4571, 0.0378]), array([0.45401429, 0.03805952]), 0.7854, 1.0]
[1, array([0.4571, 0.0378]), array([0.45416667, 0.03805952]), 0.7854, 1.0]
[1, array([0.4571, 0.0378]), array([0.45431905, 0.03805952]), 0.7854, 1.0]
[1, array([0.4571, 0.0378]), array([0.45447143, 0.03805952]), 0.7854, 1.0]
[1, array([0.4571, 0.0378]), array([0.45462381, 0.03805952]), 0.7854, 1.0]
[1, array([0.4571, 0.0378]), array([0.45477619, 0.03805952]), 0.7854, 1.0]
[1, array([0.4571, 0.0378]), array([0.45492857, 0.03805952]), 0.7854, 1.0]
[1, array([0.4571, 0.0378]), array([0.45508095, 0.03805952]), 0.7854, 1.0]
[1, array([0.4571, 0.0378]), array([0.45523333, 0.03805952]), 0.7854, 1.0]
[1, array([0.4571, 0.0378]), array([0.45538571, 0.03805952]), 0.7854, 1.0]
[1, array([0.4571, 0.0378]), array([0.4555381 , 0.03805952]), 0.7854, 1.0]
[1, array([0.4571, 0.0378]), array([0.45569048, 0.03805952]), 0.7854, 1.0]
[1, array([0.4571, 0.0378]), array([0.45584286, 0.03805952]), 0.7854, 1.0]
[1, array([0.4571, 0.0378]), array([0.45599524, 0.03805952]), 0.7854, 1.0]
[1, array([0.4571, 0.0378]), array([0.45614762, 0.03805952]), 0.7854, 1.0]
[1, array([0.4571, 0.0378]), array([0.4563    , 0.03805952]), 0.7854, 1.0]
[1, array([0.4571, 0.0378]), array([0.4531   , 0.0382119]), 0.7854, 1.0]
[1, array([0.4571, 0.0378]), array([0.45325238, 0.0382119 ]), 0.7854, 1.0]
[1, array([0.4571, 0.0378]), array([0.45340476, 0.0382119 ]), 0.7854, 1.0]
[1, array([0.4571, 0.0378]), array([0.45355714, 0.0382119 ]), 0.7854, 1.0]
[1, array([0.4571, 0.0378]), array([0.45370952, 0.0382119 ]), 0.7854, 1.0]
[1, array([0.4571, 0.0378]), array([0.4538619, 0.0382119]), 0.7854, 1.0]
[1, array([0.4571, 0.0378]), array([0.45401429, 0.0382119 ]), 0.7854, 1.0]
[1, array([0.4571, 0.0378]), array([0.45416667, 0.0382119 ]), 0.7854, 1.0]
[1, array([0.4571, 0.0378]), array([0.45431905, 0.0382119 ]), 0.7854, 1.0]
[1, array([0.4571, 0.0378]), array([0.45447143, 0.0382119 ]), 0.7854, 1.0]
[1, array([0.4571, 0.0378]), array([0.45462381, 0.0382119 ]), 0.7854, 1.0]
[1, array([0.4571, 0.0378]), array([0.45477619, 0.0382119 ]), 0.7854, 1.0]
[1, array([0.4571, 0.0378]), array([0.45492857, 0.0382119 ]), 0.7854, 1.0]
[1, array([0.4571, 0.0378]), array([0.45508095, 0.0382119 ]), 0.7854, 1.0]
[1, array([0.4571, 0.0378]), array([0.45523333, 0.0382119 ]), 0.7854, 1.0]
[1, array([0.4571, 0.0378]), array([0.45538571, 0.0382119 ]), 0.7854, 1.0]
[1, array([0.4571, 0.0378]), array([0.4555381, 0.0382119]), 0.7854, 1.0]
[1, array([0.4571, 0.0378]), array([0.45569048, 0.0382119 ]), 0.7854, 1.0]
[1, array([0.4571, 0.0378]), array([0.45584286, 0.0382119 ]), 0.7854, 1.0]
[1, array([0.4571, 0.0378]), array([0.45599524, 0.0382119 ]), 0.7854, 1.0]
[1, array([0.4571, 0.0378]), array([0.45614762, 0.0382119 ]), 0.7854, 1.0]
[1, array([0.4571, 0.0378]), array([0.4563   , 0.0382119]), 0.7854, 1.0]
[1, array([0.4571, 0.0378]), array([0.4531    , 0.03836429]), 0.7854, 1.0]
[1, array([0.4571, 0.0378]), array([0.45325238, 0.03836429]), 0.7854, 1.0]
[1, array([0.4571, 0.0378]), array([0.45340476, 0.03836429]), 0.7854, 1.0]
[1, array([0.4571, 0.0378]), array([0.45355714, 0.03836429]), 0.7854, 1.0]
[1, array([0.4571, 0.0378]), array([0.45370952, 0.03836429]), 0.7854, 1.0]
[1, array([0.4571, 0.0378]), array([0.4538619 , 0.03836429]), 0.7854, 1.0]
[1, array([0.4571, 0.0378]), array([0.45401429, 0.03836429]), 0.7854, 1.0]
[1, array([0.4571, 0.0378]), array([0.45416667, 0.03836429]), 0.7854, 1.0]
[1, array([0.4571, 0.0378]), array([0.45431905, 0.03836429]), 0.7854, 1.0]
[1, array([0.4571, 0.0378]), array([0.45447143, 0.03836429]), 0.7854, 1.0]
[1, array([0.4571, 0.0378]), array([0.45462381, 0.03836429]), 0.7854, 1.0]
[1, array([0.4571, 0.0378]), array([0.45477619, 0.03836429]), 0.7854, 1.0]
[1, array([0.4571, 0.0378]), array([0.45492857, 0.03836429]), 0.7854, 1.0]
[1, array([0.4571, 0.0378]), array([0.45508095, 0.03836429]), 0.7854, 1.0]
[1, array([0.4571, 0.0378]), array([0.45523333, 0.03836429]), 0.7854, 1.0]
[1, array([0.4571, 0.0378]), array([0.45538571, 0.03836429]), 0.7854, 1.0]
[1, array([0.4571, 0.0378]), array([0.4555381 , 0.03836429]), 0.7854, 1.0]
[1, array([0.4571, 0.0378]), array([0.45569048, 0.03836429]), 0.7854, 1.0]
[1, array([0.4571, 0.0378]), array([0.45584286, 0.03836429]), 0.7854, 1.0]
[1, array([0.4571, 0.0378]), array([0.45599524, 0.03836429]), 0.7854, 1.0]
[1, array([0.4571, 0.0378]), array([0.45614762, 0.03836429]), 0.7854, 1.0]
[1, array([0.4571, 0.0378]), array([0.4563    , 0.03836429]), 0.7854, 1.0]
[1, array([0.4571, 0.0378]), array([0.4531    , 0.03851667]), 0.7854, 1.0]
[1, array([0.4571, 0.0378]), array([0.45325238, 0.03851667]), 0.7854, 1.0]
[1, array([0.4571, 0.0378]), array([0.45340476, 0.03851667]), 0.7854, 1.0]
[1, array([0.4571, 0.0378]), array([0.45355714, 0.03851667]), 0.7854, 1.0]
[1, array([0.4571, 0.0378]), array([0.45370952, 0.03851667]), 0.7854, 1.0]
[1, array([0.4571, 0.0378]), array([0.4538619 , 0.03851667]), 0.7854, 1.0]
[1, array([0.4571, 0.0378]), array([0.45401429, 0.03851667]), 0.7854, 1.0]
[1, array([0.4571, 0.0378]), array([0.45416667, 0.03851667]), 0.7854, 1.0]
[1, array([0.4571, 0.0378]), array([0.45431905, 0.03851667]), 0.7854, 1.0]
[1, array([0.4571, 0.0378]), array([0.45447143, 0.03851667]), 0.7854, 1.0]
[1, array([0.4571, 0.0378]), array([0.45462381, 0.03851667]), 0.7854, 1.0]
[1, array([0.4571, 0.0378]), array([0.45477619, 0.03851667]), 0.7854, 1.0]
[1, array([0.4571, 0.0378]), array([0.45492857, 0.03851667]), 0.7854, 1.0]
[1, array([0.4571, 0.0378]), array([0.45508095, 0.03851667]), 0.7854, 1.0]
[1, array([0.4571, 0.0378]), array([0.45523333, 0.03851667]), 0.7854, 1.0]
[1, array([0.4571, 0.0378]), array([0.45538571, 0.03851667]), 0.7854, 1.0]
[1, array([0.4571, 0.0378]), array([0.4555381 , 0.03851667]), 0.7854, 1.0]
[1, array([0.4571, 0.0378]), array([0.45569048, 0.03851667]), 0.7854, 1.0]
[1, array([0.4571, 0.0378]), array([0.45584286, 0.03851667]), 0.7854, 1.0]
[1, array([0.4571, 0.0378]), array([0.45599524, 0.03851667]), 0.7854, 1.0]
[1, array([0.4571, 0.0378]), array([0.45614762, 0.03851667]), 0.7854, 1.0]
[1, array([0.4571, 0.0378]), array([0.4563    , 0.03851667]), 0.7854, 1.0]
[1, array([0.4571, 0.0378]), array([0.4531    , 0.03866905]), 0.7854, 1.0]
[1, array([0.4571, 0.0378]), array([0.45325238, 0.03866905]), 0.7854, 1.0]
[1, array([0.4571, 0.0378]), array([0.45340476, 0.03866905]), 0.7854, 1.0]
[1, array([0.4571, 0.0378]), array([0.45355714, 0.03866905]), 0.7854, 1.0]
[1, array([0.4571, 0.0378]), array([0.45370952, 0.03866905]), 0.7854, 1.0]
[1, array([0.4571, 0.0378]), array([0.4538619 , 0.03866905]), 0.7854, 1.0]
[1, array([0.4571, 0.0378]), array([0.45401429, 0.03866905]), 0.7854, 1.0]
[1, array([0.4571, 0.0378]), array([0.45416667, 0.03866905]), 0.7854, 1.0]
[1, array([0.4571, 0.0378]), array([0.45431905, 0.03866905]), 0.7854, 1.0]
[1, array([0.4571, 0.0378]), array([0.45447143, 0.03866905]), 0.7854, 1.0]
[1, array([0.4571, 0.0378]), array([0.45462381, 0.03866905]), 0.7854, 1.0]
[1, array([0.4571, 0.0378]), array([0.45477619, 0.03866905]), 0.7854, 1.0]
[1, array([0.4571, 0.0378]), array([0.45492857, 0.03866905]), 0.7854, 1.0]
[1, array([0.4571, 0.0378]), array([0.45508095, 0.03866905]), 0.7854, 1.0]
[1, array([0.4571, 0.0378]), array([0.45523333, 0.03866905]), 0.7854, 1.0]
[1, array([0.4571, 0.0378]), array([0.45538571, 0.03866905]), 0.7854, 1.0]
[1, array([0.4571, 0.0378]), array([0.4555381 , 0.03866905]), 0.7854, 1.0]
[1, array([0.4571, 0.0378]), array([0.45569048, 0.03866905]), 0.7854, 1.0]
[1, array([0.4571, 0.0378]), array([0.45584286, 0.03866905]), 0.7854, 1.0]
[1, array([0.4571, 0.0378]), array([0.45599524, 0.03866905]), 0.7854, 1.0]
[1, array([0.4571, 0.0378]), array([0.45614762, 0.03866905]), 0.7854, 1.0]
[1, array([0.4571, 0.0378]), array([0.4563    , 0.03866905]), 0.7854, 1.0]
[1, array([0.4571, 0.0378]), array([0.4531    , 0.03882143]), 0.7854, 1.0]
[1, array([0.4571, 0.0378]), array([0.45325238, 0.03882143]), 0.7854, 1.0]
[1, array([0.4571, 0.0378]), array([0.45340476, 0.03882143]), 0.7854, 1.0]
[1, array([0.4571, 0.0378]), array([0.45355714, 0.03882143]), 0.7854, 1.0]
[1, array([0.4571, 0.0378]), array([0.45370952, 0.03882143]), 0.7854, 1.0]
[1, array([0.4571, 0.0378]), array([0.4538619 , 0.03882143]), 0.7854, 1.0]
[1, array([0.4571, 0.0378]), array([0.45401429, 0.03882143]), 0.7854, 1.0]
[1, array([0.4571, 0.0378]), array([0.45416667, 0.03882143]), 0.7854, 1.0]
[1, array([0.4571, 0.0378]), array([0.45431905, 0.03882143]), 0.7854, 1.0]
[1, array([0.4571, 0.0378]), array([0.45447143, 0.03882143]), 0.7854, 1.0]
[1, array([0.4571, 0.0378]), array([0.45462381, 0.03882143]), 0.7854, 1.0]
[1, array([0.4571, 0.0378]), array([0.45477619, 0.03882143]), 0.7854, 1.0]
[1, array([0.4571, 0.0378]), array([0.45492857, 0.03882143]), 0.7854, 1.0]
[1, array([0.4571, 0.0378]), array([0.45508095, 0.03882143]), 0.7854, 1.0]
[1, array([0.4571, 0.0378]), array([0.45523333, 0.03882143]), 0.7854, 1.0]
[1, array([0.4571, 0.0378]), array([0.45538571, 0.03882143]), 0.7854, 1.0]
[1, array([0.4571, 0.0378]), array([0.4555381 , 0.03882143]), 0.7854, 1.0]
[1, array([0.4571, 0.0378]), array([0.45569048, 0.03882143]), 0.7854, 1.0]
[1, array([0.4571, 0.0378]), array([0.45584286, 0.03882143]), 0.7854, 1.0]
[1, array([0.4571, 0.0378]), array([0.45599524, 0.03882143]), 0.7854, 1.0]
[1, array([0.4571, 0.0378]), array([0.45614762, 0.03882143]), 0.7854, 1.0]
[1, array([0.4571, 0.0378]), array([0.4563    , 0.03882143]), 0.7854, 1.0]
[1, array([0.4571, 0.0378]), array([0.4531    , 0.03897381]), 0.7854, 1.0]
[1, array([0.4571, 0.0378]), array([0.45325238, 0.03897381]), 0.7854, 1.0]
[1, array([0.4571, 0.0378]), array([0.45340476, 0.03897381]), 0.7854, 1.0]
[1, array([0.4571, 0.0378]), array([0.45355714, 0.03897381]), 0.7854, 1.0]
[1, array([0.4571, 0.0378]), array([0.45370952, 0.03897381]), 0.7854, 1.0]
[1, array([0.4571, 0.0378]), array([0.4538619 , 0.03897381]), 0.7854, 1.0]
[1, array([0.4571, 0.0378]), array([0.45401429, 0.03897381]), 0.7854, 1.0]
[1, array([0.4571, 0.0378]), array([0.45416667, 0.03897381]), 0.7854, 1.0]
[1, array([0.4571, 0.0378]), array([0.45431905, 0.03897381]), 0.7854, 1.0]
[1, array([0.4571, 0.0378]), array([0.45447143, 0.03897381]), 0.7854, 1.0]
[1, array([0.4571, 0.0378]), array([0.45462381, 0.03897381]), 0.7854, 1.0]
[1, array([0.4571, 0.0378]), array([0.45477619, 0.03897381]), 0.7854, 1.0]
[1, array([0.4571, 0.0378]), array([0.45492857, 0.03897381]), 0.7854, 1.0]
[1, array([0.4571, 0.0378]), array([0.45508095, 0.03897381]), 0.7854, 1.0]
[1, array([0.4571, 0.0378]), array([0.45523333, 0.03897381]), 0.7854, 1.0]
[1, array([0.4571, 0.0378]), array([0.45538571, 0.03897381]), 0.7854, 1.0]
[1, array([0.4571, 0.0378]), array([0.4555381 , 0.03897381]), 0.7854, 1.0]
[1, array([0.4571, 0.0378]), array([0.45569048, 0.03897381]), 0.7854, 1.0]
[1, array([0.4571, 0.0378]), array([0.45584286, 0.03897381]), 0.7854, 1.0]
[1, array([0.4571, 0.0378]), array([0.45599524, 0.03897381]), 0.7854, 1.0]
[1, array([0.4571, 0.0378]), array([0.45614762, 0.03897381]), 0.7854, 1.0]
[1, array([0.4571, 0.0378]), array([0.4563    , 0.03897381]), 0.7854, 1.0]
[1, array([0.4571, 0.0378]), array([0.4531    , 0.03912619]), 0.7854, 1.0]
[1, array([0.4571, 0.0378]), array([0.45325238, 0.03912619]), 0.7854, 1.0]
[1, array([0.4571, 0.0378]), array([0.45340476, 0.03912619]), 0.7854, 1.0]
[1, array([0.4571, 0.0378]), array([0.45355714, 0.03912619]), 0.7854, 1.0]
[1, array([0.4571, 0.0378]), array([0.45370952, 0.03912619]), 0.7854, 1.0]
[1, array([0.4571, 0.0378]), array([0.4538619 , 0.03912619]), 0.7854, 1.0]
[1, array([0.4571, 0.0378]), array([0.45401429, 0.03912619]), 0.7854, 1.0]
[1, array([0.4571, 0.0378]), array([0.45416667, 0.03912619]), 0.7854, 1.0]
[1, array([0.4571, 0.0378]), array([0.45431905, 0.03912619]), 0.7854, 1.0]
[1, array([0.4571, 0.0378]), array([0.45447143, 0.03912619]), 0.7854, 1.0]
[1, array([0.4571, 0.0378]), array([0.45462381, 0.03912619]), 0.7854, 1.0]
[1, array([0.4571, 0.0378]), array([0.45477619, 0.03912619]), 0.7854, 1.0]
[1, array([0.4571, 0.0378]), array([0.45492857, 0.03912619]), 0.7854, 1.0]
[1, array([0.4571, 0.0378]), array([0.45508095, 0.03912619]), 0.7854, 1.0]
[1, array([0.4571, 0.0378]), array([0.45523333, 0.03912619]), 0.7854, 1.0]
[1, array([0.4571, 0.0378]), array([0.45538571, 0.03912619]), 0.7854, 1.0]
[1, array([0.4571, 0.0378]), array([0.4555381 , 0.03912619]), 0.7854, 1.0]
[1, array([0.4571, 0.0378]), array([0.45569048, 0.03912619]), 0.7854, 1.0]
[1, array([0.4571, 0.0378]), array([0.45584286, 0.03912619]), 0.7854, 1.0]
[1, array([0.4571, 0.0378]), array([0.45599524, 0.03912619]), 0.7854, 1.0]
[1, array([0.4571, 0.0378]), array([0.45614762, 0.03912619]), 0.7854, 1.0]
[1, array([0.4571, 0.0378]), array([0.4563    , 0.03912619]), 0.7854, 1.0]
[1, array([0.4571, 0.0378]), array([0.4531    , 0.03927857]), 0.7854, 1.0]
[1, array([0.4571, 0.0378]), array([0.45325238, 0.03927857]), 0.7854, 1.0]
[1, array([0.4571, 0.0378]), array([0.45340476, 0.03927857]), 0.7854, 1.0]
[1, array([0.4571, 0.0378]), array([0.45355714, 0.03927857]), 0.7854, 1.0]
[1, array([0.4571, 0.0378]), array([0.45370952, 0.03927857]), 0.7854, 1.0]
[1, array([0.4571, 0.0378]), array([0.4538619 , 0.03927857]), 0.7854, 1.0]
[1, array([0.4571, 0.0378]), array([0.45401429, 0.03927857]), 0.7854, 1.0]
[1, array([0.4571, 0.0378]), array([0.45416667, 0.03927857]), 0.7854, 1.0]
[1, array([0.4571, 0.0378]), array([0.45431905, 0.03927857]), 0.7854, 1.0]
[1, array([0.4571, 0.0378]), array([0.45447143, 0.03927857]), 0.7854, 1.0]
[1, array([0.4571, 0.0378]), array([0.45462381, 0.03927857]), 0.7854, 1.0]
[1, array([0.4571, 0.0378]), array([0.45477619, 0.03927857]), 0.7854, 1.0]
[1, array([0.4571, 0.0378]), array([0.45492857, 0.03927857]), 0.7854, 1.0]
[1, array([0.4571, 0.0378]), array([0.45508095, 0.03927857]), 0.7854, 1.0]
[1, array([0.4571, 0.0378]), array([0.45523333, 0.03927857]), 0.7854, 1.0]
[1, array([0.4571, 0.0378]), array([0.45538571, 0.03927857]), 0.7854, 1.0]
[1, array([0.4571, 0.0378]), array([0.4555381 , 0.03927857]), 0.7854, 1.0]
[1, array([0.4571, 0.0378]), array([0.45569048, 0.03927857]), 0.7854, 1.0]
[1, array([0.4571, 0.0378]), array([0.45584286, 0.03927857]), 0.7854, 1.0]
[1, array([0.4571, 0.0378]), array([0.45599524, 0.03927857]), 0.7854, 1.0]
[1, array([0.4571, 0.0378]), array([0.45614762, 0.03927857]), 0.7854, 1.0]
[1, array([0.4571, 0.0378]), array([0.4563    , 0.03927857]), 0.7854, 1.0]
[1, array([0.4571, 0.0378]), array([0.4531    , 0.03943095]), 0.7854, 1.0]
[1, array([0.4571, 0.0378]), array([0.45325238, 0.03943095]), 0.7854, 1.0]
[1, array([0.4571, 0.0378]), array([0.45340476, 0.03943095]), 0.7854, 1.0]
[1, array([0.4571, 0.0378]), array([0.45355714, 0.03943095]), 0.7854, 1.0]
[1, array([0.4571, 0.0378]), array([0.45370952, 0.03943095]), 0.7854, 1.0]
[1, array([0.4571, 0.0378]), array([0.4538619 , 0.03943095]), 0.7854, 1.0]
[1, array([0.4571, 0.0378]), array([0.45401429, 0.03943095]), 0.7854, 1.0]
[1, array([0.4571, 0.0378]), array([0.45416667, 0.03943095]), 0.7854, 1.0]
[1, array([0.4571, 0.0378]), array([0.45431905, 0.03943095]), 0.7854, 1.0]
[1, array([0.4571, 0.0378]), array([0.45447143, 0.03943095]), 0.7854, 1.0]
[1, array([0.4571, 0.0378]), array([0.45462381, 0.03943095]), 0.7854, 1.0]
[1, array([0.4571, 0.0378]), array([0.45477619, 0.03943095]), 0.7854, 1.0]
[1, array([0.4571, 0.0378]), array([0.45492857, 0.03943095]), 0.7854, 1.0]
[1, array([0.4571, 0.0378]), array([0.45508095, 0.03943095]), 0.7854, 1.0]
[1, array([0.4571, 0.0378]), array([0.45523333, 0.03943095]), 0.7854, 1.0]
[1, array([0.4571, 0.0378]), array([0.45538571, 0.03943095]), 0.7854, 1.0]
[1, array([0.4571, 0.0378]), array([0.4555381 , 0.03943095]), 0.7854, 1.0]
[1, array([0.4571, 0.0378]), array([0.45569048, 0.03943095]), 0.7854, 1.0]
[1, array([0.4571, 0.0378]), array([0.45584286, 0.03943095]), 0.7854, 1.0]
[1, array([0.4571, 0.0378]), array([0.45599524, 0.03943095]), 0.7854, 1.0]
[1, array([0.4571, 0.0378]), array([0.45614762, 0.03943095]), 0.7854, 1.0]
[1, array([0.4571, 0.0378]), array([0.4563    , 0.03943095]), 0.7854, 1.0]
[1, array([0.4571, 0.0378]), array([0.4531    , 0.03958333]), 0.7854, 1.0]
[1, array([0.4571, 0.0378]), array([0.45325238, 0.03958333]), 0.7854, 1.0]
[1, array([0.4571, 0.0378]), array([0.45340476, 0.03958333]), 0.7854, 1.0]
[1, array([0.4571, 0.0378]), array([0.45355714, 0.03958333]), 0.7854, 1.0]
[1, array([0.4571, 0.0378]), array([0.45370952, 0.03958333]), 0.7854, 1.0]
[1, array([0.4571, 0.0378]), array([0.4538619 , 0.03958333]), 0.7854, 1.0]
[1, array([0.4571, 0.0378]), array([0.45401429, 0.03958333]), 0.7854, 1.0]
[1, array([0.4571, 0.0378]), array([0.45416667, 0.03958333]), 0.7854, 1.0]
[1, array([0.4571, 0.0378]), array([0.45431905, 0.03958333]), 0.7854, 1.0]
[1, array([0.4571, 0.0378]), array([0.45447143, 0.03958333]), 0.7854, 1.0]
[1, array([0.4571, 0.0378]), array([0.45462381, 0.03958333]), 0.7854, 1.0]
[1, array([0.4571, 0.0378]), array([0.45477619, 0.03958333]), 0.7854, 1.0]
[1, array([0.4571, 0.0378]), array([0.45492857, 0.03958333]), 0.7854, 1.0]
[1, array([0.4571, 0.0378]), array([0.45508095, 0.03958333]), 0.7854, 1.0]
[1, array([0.4571, 0.0378]), array([0.45523333, 0.03958333]), 0.7854, 1.0]
[1, array([0.4571, 0.0378]), array([0.45538571, 0.03958333]), 0.7854, 1.0]
[1, array([0.4571, 0.0378]), array([0.4555381 , 0.03958333]), 0.7854, 1.0]
[1, array([0.4571, 0.0378]), array([0.45569048, 0.03958333]), 0.7854, 1.0]
[1, array([0.4571, 0.0378]), array([0.45584286, 0.03958333]), 0.7854, 1.0]
[1, array([0.4571, 0.0378]), array([0.45599524, 0.03958333]), 0.7854, 1.0]
[1, array([0.4571, 0.0378]), array([0.45614762, 0.03958333]), 0.7854, 1.0]
[1, array([0.4571, 0.0378]), array([0.4563    , 0.03958333]), 0.7854, 1.0]
[1, array([0.4571, 0.0378]), array([0.4531    , 0.03973571]), 0.7854, 1.0]
[1, array([0.4571, 0.0378]), array([0.45325238, 0.03973571]), 0.7854, 1.0]
[1, array([0.4571, 0.0378]), array([0.45340476, 0.03973571]), 0.7854, 1.0]
[1, array([0.4571, 0.0378]), array([0.45355714, 0.03973571]), 0.7854, 1.0]
[1, array([0.4571, 0.0378]), array([0.45370952, 0.03973571]), 0.7854, 1.0]
[1, array([0.4571, 0.0378]), array([0.4538619 , 0.03973571]), 0.7854, 1.0]
[1, array([0.4571, 0.0378]), array([0.45401429, 0.03973571]), 0.7854, 1.0]
[1, array([0.4571, 0.0378]), array([0.45416667, 0.03973571]), 0.7854, 1.0]
[1, array([0.4571, 0.0378]), array([0.45431905, 0.03973571]), 0.7854, 1.0]
[1, array([0.4571, 0.0378]), array([0.45447143, 0.03973571]), 0.7854, 1.0]
[1, array([0.4571, 0.0378]), array([0.45462381, 0.03973571]), 0.7854, 1.0]
[1, array([0.4571, 0.0378]), array([0.45477619, 0.03973571]), 0.7854, 1.0]
[1, array([0.4571, 0.0378]), array([0.45492857, 0.03973571]), 0.7854, 1.0]
[1, array([0.4571, 0.0378]), array([0.45508095, 0.03973571]), 0.7854, 1.0]
[1, array([0.4571, 0.0378]), array([0.45523333, 0.03973571]), 0.7854, 1.0]
[1, array([0.4571, 0.0378]), array([0.45538571, 0.03973571]), 0.7854, 1.0]
[1, array([0.4571, 0.0378]), array([0.4555381 , 0.03973571]), 0.7854, 1.0]
[1, array([0.4571, 0.0378]), array([0.45569048, 0.03973571]), 0.7854, 1.0]
[1, array([0.4571, 0.0378]), array([0.45584286, 0.03973571]), 0.7854, 1.0]
[1, array([0.4571, 0.0378]), array([0.45599524, 0.03973571]), 0.7854, 1.0]
[1, array([0.4571, 0.0378]), array([0.45614762, 0.03973571]), 0.7854, 1.0]
[1, array([0.4571, 0.0378]), array([0.4563    , 0.03973571]), 0.7854, 1.0]
[1, array([0.4571, 0.0378]), array([0.4531   , 0.0398881]), 0.7854, 1.0]
[1, array([0.4571, 0.0378]), array([0.45325238, 0.0398881 ]), 0.7854, 1.0]
[1, array([0.4571, 0.0378]), array([0.45340476, 0.0398881 ]), 0.7854, 1.0]
[1, array([0.4571, 0.0378]), array([0.45355714, 0.0398881 ]), 0.7854, 1.0]
[1, array([0.4571, 0.0378]), array([0.45370952, 0.0398881 ]), 0.7854, 1.0]
[1, array([0.4571, 0.0378]), array([0.4538619, 0.0398881]), 0.7854, 1.0]
[1, array([0.4571, 0.0378]), array([0.45401429, 0.0398881 ]), 0.7854, 1.0]
[1, array([0.4571, 0.0378]), array([0.45416667, 0.0398881 ]), 0.7854, 1.0]
[1, array([0.4571, 0.0378]), array([0.45431905, 0.0398881 ]), 0.7854, 1.0]
[1, array([0.4571, 0.0378]), array([0.45447143, 0.0398881 ]), 0.7854, 1.0]
[1, array([0.4571, 0.0378]), array([0.45462381, 0.0398881 ]), 0.7854, 1.0]
[1, array([0.4571, 0.0378]), array([0.45477619, 0.0398881 ]), 0.7854, 1.0]
[1, array([0.4571, 0.0378]), array([0.45492857, 0.0398881 ]), 0.7854, 1.0]
[1, array([0.4571, 0.0378]), array([0.45508095, 0.0398881 ]), 0.7854, 1.0]
[1, array([0.4571, 0.0378]), array([0.45523333, 0.0398881 ]), 0.7854, 1.0]
[1, array([0.4571, 0.0378]), array([0.45538571, 0.0398881 ]), 0.7854, 1.0]
[1, array([0.4571, 0.0378]), array([0.4555381, 0.0398881]), 0.7854, 1.0]
[1, array([0.4571, 0.0378]), array([0.45569048, 0.0398881 ]), 0.7854, 1.0]
[1, array([0.4571, 0.0378]), array([0.45584286, 0.0398881 ]), 0.7854, 1.0]
[1, array([0.4571, 0.0378]), array([0.45599524, 0.0398881 ]), 0.7854, 1.0]
[1, array([0.4571, 0.0378]), array([0.45614762, 0.0398881 ]), 0.7854, 1.0]
[1, array([0.4571, 0.0378]), array([0.4563   , 0.0398881]), 0.7854, 1.0]
[1, array([0.4571, 0.0378]), array([0.4531    , 0.04004048]), 0.7854, 1.0]
[1, array([0.4571, 0.0378]), array([0.45325238, 0.04004048]), 0.7854, 1.0]
[1, array([0.4571, 0.0378]), array([0.45340476, 0.04004048]), 0.7854, 1.0]
[1, array([0.4571, 0.0378]), array([0.45355714, 0.04004048]), 0.7854, 1.0]
[1, array([0.4571, 0.0378]), array([0.45370952, 0.04004048]), 0.7854, 1.0]
[1, array([0.4571, 0.0378]), array([0.4538619 , 0.04004048]), 0.7854, 1.0]
[1, array([0.4571, 0.0378]), array([0.45401429, 0.04004048]), 0.7854, 1.0]
[1, array([0.4571, 0.0378]), array([0.45416667, 0.04004048]), 0.7854, 1.0]
[1, array([0.4571, 0.0378]), array([0.45431905, 0.04004048]), 0.7854, 1.0]
[1, array([0.4571, 0.0378]), array([0.45447143, 0.04004048]), 0.7854, 1.0]
[1, array([0.4571, 0.0378]), array([0.45462381, 0.04004048]), 0.7854, 1.0]
[1, array([0.4571, 0.0378]), array([0.45477619, 0.04004048]), 0.7854, 1.0]
[1, array([0.4571, 0.0378]), array([0.45492857, 0.04004048]), 0.7854, 1.0]
[1, array([0.4571, 0.0378]), array([0.45508095, 0.04004048]), 0.7854, 1.0]
[1, array([0.4571, 0.0378]), array([0.45523333, 0.04004048]), 0.7854, 1.0]
[1, array([0.4571, 0.0378]), array([0.45538571, 0.04004048]), 0.7854, 1.0]
[1, array([0.4571, 0.0378]), array([0.4555381 , 0.04004048]), 0.7854, 1.0]
[1, array([0.4571, 0.0378]), array([0.45569048, 0.04004048]), 0.7854, 1.0]
[1, array([0.4571, 0.0378]), array([0.45584286, 0.04004048]), 0.7854, 1.0]
[1, array([0.4571, 0.0378]), array([0.45599524, 0.04004048]), 0.7854, 1.0]
[1, array([0.4571, 0.0378]), array([0.45614762, 0.04004048]), 0.7854, 1.0]
[1, array([0.4571, 0.0378]), array([0.4563    , 0.04004048]), 0.7854, 1.0]
[1, array([0.4571, 0.0378]), array([0.4531    , 0.04019286]), 0.7854, 1.0]
[1, array([0.4571, 0.0378]), array([0.45325238, 0.04019286]), 0.7854, 1.0]
[1, array([0.4571, 0.0378]), array([0.45340476, 0.04019286]), 0.7854, 1.0]
[1, array([0.4571, 0.0378]), array([0.45355714, 0.04019286]), 0.7854, 1.0]
[1, array([0.4571, 0.0378]), array([0.45370952, 0.04019286]), 0.7854, 1.0]
[1, array([0.4571, 0.0378]), array([0.4538619 , 0.04019286]), 0.7854, 1.0]
[1, array([0.4571, 0.0378]), array([0.45401429, 0.04019286]), 0.7854, 1.0]
[1, array([0.4571, 0.0378]), array([0.45416667, 0.04019286]), 0.7854, 1.0]
[1, array([0.4571, 0.0378]), array([0.45431905, 0.04019286]), 0.7854, 1.0]
[1, array([0.4571, 0.0378]), array([0.45447143, 0.04019286]), 0.7854, 1.0]
[1, array([0.4571, 0.0378]), array([0.45462381, 0.04019286]), 0.7854, 1.0]
[1, array([0.4571, 0.0378]), array([0.45477619, 0.04019286]), 0.7854, 1.0]
[1, array([0.4571, 0.0378]), array([0.45492857, 0.04019286]), 0.7854, 1.0]
[1, array([0.4571, 0.0378]), array([0.45508095, 0.04019286]), 0.7854, 1.0]
[1, array([0.4571, 0.0378]), array([0.45523333, 0.04019286]), 0.7854, 1.0]
[1, array([0.4571, 0.0378]), array([0.45538571, 0.04019286]), 0.7854, 1.0]
[1, array([0.4571, 0.0378]), array([0.4555381 , 0.04019286]), 0.7854, 1.0]
[1, array([0.4571, 0.0378]), array([0.45569048, 0.04019286]), 0.7854, 1.0]
[1, array([0.4571, 0.0378]), array([0.45584286, 0.04019286]), 0.7854, 1.0]
[1, array([0.4571, 0.0378]), array([0.45599524, 0.04019286]), 0.7854, 1.0]
[1, array([0.4571, 0.0378]), array([0.45614762, 0.04019286]), 0.7854, 1.0]
[1, array([0.4571, 0.0378]), array([0.4563    , 0.04019286]), 0.7854, 1.0]
[1, array([0.4571, 0.0378]), array([0.4531    , 0.04034524]), 0.7854, 1.0]
[1, array([0.4571, 0.0378]), array([0.45325238, 0.04034524]), 0.7854, 1.0]
[1, array([0.4571, 0.0378]), array([0.45340476, 0.04034524]), 0.7854, 1.0]
[1, array([0.4571, 0.0378]), array([0.45355714, 0.04034524]), 0.7854, 1.0]
[1, array([0.4571, 0.0378]), array([0.45370952, 0.04034524]), 0.7854, 1.0]
[1, array([0.4571, 0.0378]), array([0.4538619 , 0.04034524]), 0.7854, 1.0]
[1, array([0.4571, 0.0378]), array([0.45401429, 0.04034524]), 0.7854, 1.0]
[1, array([0.4571, 0.0378]), array([0.45416667, 0.04034524]), 0.7854, 1.0]
[1, array([0.4571, 0.0378]), array([0.45431905, 0.04034524]), 0.7854, 1.0]
[1, array([0.4571, 0.0378]), array([0.45447143, 0.04034524]), 0.7854, 1.0]
[1, array([0.4571, 0.0378]), array([0.45462381, 0.04034524]), 0.7854, 1.0]
[1, array([0.4571, 0.0378]), array([0.45477619, 0.04034524]), 0.7854, 1.0]
[1, array([0.4571, 0.0378]), array([0.45492857, 0.04034524]), 0.7854, 1.0]
[1, array([0.4571, 0.0378]), array([0.45508095, 0.04034524]), 0.7854, 1.0]
[1, array([0.4571, 0.0378]), array([0.45523333, 0.04034524]), 0.7854, 1.0]
[1, array([0.4571, 0.0378]), array([0.45538571, 0.04034524]), 0.7854, 1.0]
[1, array([0.4571, 0.0378]), array([0.4555381 , 0.04034524]), 0.7854, 1.0]
[1, array([0.4571, 0.0378]), array([0.45569048, 0.04034524]), 0.7854, 1.0]
[1, array([0.4571, 0.0378]), array([0.45584286, 0.04034524]), 0.7854, 1.0]
[1, array([0.4571, 0.0378]), array([0.45599524, 0.04034524]), 0.7854, 1.0]
[1, array([0.4571, 0.0378]), array([0.45614762, 0.04034524]), 0.7854, 1.0]
[1, array([0.4571, 0.0378]), array([0.4563    , 0.04034524]), 0.7854, 1.0]
[1, array([0.4571, 0.0378]), array([0.4531    , 0.04049762]), 0.7854, 1.0]
[1, array([0.4571, 0.0378]), array([0.45325238, 0.04049762]), 0.7854, 1.0]
[1, array([0.4571, 0.0378]), array([0.45340476, 0.04049762]), 0.7854, 1.0]
[1, array([0.4571, 0.0378]), array([0.45355714, 0.04049762]), 0.7854, 1.0]
[1, array([0.4571, 0.0378]), array([0.45370952, 0.04049762]), 0.7854, 1.0]
[1, array([0.4571, 0.0378]), array([0.4538619 , 0.04049762]), 0.7854, 1.0]
[1, array([0.4571, 0.0378]), array([0.45401429, 0.04049762]), 0.7854, 1.0]
[1, array([0.4571, 0.0378]), array([0.45416667, 0.04049762]), 0.7854, 1.0]
[1, array([0.4571, 0.0378]), array([0.45431905, 0.04049762]), 0.7854, 1.0]
[1, array([0.4571, 0.0378]), array([0.45447143, 0.04049762]), 0.7854, 1.0]
[1, array([0.4571, 0.0378]), array([0.45462381, 0.04049762]), 0.7854, 1.0]
[1, array([0.4571, 0.0378]), array([0.45477619, 0.04049762]), 0.7854, 1.0]
[1, array([0.4571, 0.0378]), array([0.45492857, 0.04049762]), 0.7854, 1.0]
[1, array([0.4571, 0.0378]), array([0.45508095, 0.04049762]), 0.7854, 1.0]
[1, array([0.4571, 0.0378]), array([0.45523333, 0.04049762]), 0.7854, 1.0]
[1, array([0.4571, 0.0378]), array([0.45538571, 0.04049762]), 0.7854, 1.0]
[1, array([0.4571, 0.0378]), array([0.4555381 , 0.04049762]), 0.7854, 1.0]
[1, array([0.4571, 0.0378]), array([0.45569048, 0.04049762]), 0.7854, 1.0]
[1, array([0.4571, 0.0378]), array([0.45584286, 0.04049762]), 0.7854, 1.0]
[1, array([0.4571, 0.0378]), array([0.45599524, 0.04049762]), 0.7854, 1.0]
[1, array([0.4571, 0.0378]), array([0.45614762, 0.04049762]), 0.7854, 1.0]
[1, array([0.4571, 0.0378]), array([0.4563    , 0.04049762]), 0.7854, 1.0]
[1, array([0.4571, 0.0378]), array([0.4531 , 0.04065]), 0.7854, 1.0]
[1, array([0.4571, 0.0378]), array([0.45325238, 0.04065   ]), 0.7854, 1.0]
[1, array([0.4571, 0.0378]), array([0.45340476, 0.04065   ]), 0.7854, 1.0]
[1, array([0.4571, 0.0378]), array([0.45355714, 0.04065   ]), 0.7854, 1.0]
[1, array([0.4571, 0.0378]), array([0.45370952, 0.04065   ]), 0.7854, 1.0]
[1, array([0.4571, 0.0378]), array([0.4538619, 0.04065  ]), 0.7854, 1.0]
[1, array([0.4571, 0.0378]), array([0.45401429, 0.04065   ]), 0.7854, 1.0]
[1, array([0.4571, 0.0378]), array([0.45416667, 0.04065   ]), 0.7854, 1.0]
[1, array([0.4571, 0.0378]), array([0.45431905, 0.04065   ]), 0.7854, 1.0]
[1, array([0.4571, 0.0378]), array([0.45447143, 0.04065   ]), 0.7854, 1.0]
[1, array([0.4571, 0.0378]), array([0.45462381, 0.04065   ]), 0.7854, 1.0]
[1, array([0.4571, 0.0378]), array([0.45477619, 0.04065   ]), 0.7854, 1.0]
[1, array([0.4571, 0.0378]), array([0.45492857, 0.04065   ]), 0.7854, 1.0]
[1, array([0.4571, 0.0378]), array([0.45508095, 0.04065   ]), 0.7854, 1.0]
[1, array([0.4571, 0.0378]), array([0.45523333, 0.04065   ]), 0.7854, 1.0]
[1, array([0.4571, 0.0378]), array([0.45538571, 0.04065   ]), 0.7854, 1.0]
[1, array([0.4571, 0.0378]), array([0.4555381, 0.04065  ]), 0.7854, 1.0]
[1, array([0.4571, 0.0378]), array([0.45569048, 0.04065   ]), 0.7854, 1.0]
[1, array([0.4571, 0.0378]), array([0.45584286, 0.04065   ]), 0.7854, 1.0]
[1, array([0.4571, 0.0378]), array([0.45599524, 0.04065   ]), 0.7854, 1.0]
[1, array([0.4571, 0.0378]), array([0.45614762, 0.04065   ]), 0.7854, 1.0]
[1, array([0.4571, 0.0378]), array([0.4563 , 0.04065]), 0.7854, 1.0]
[1, array([ 0.4964, -0.0135]), array([ 0.4938, -0.0156]), 0.7854, 1.0]
[1, array([ 0.4964, -0.0135]), array([ 0.49394762, -0.0156    ]), 0.7854, 1.0]
[1, array([ 0.4964, -0.0135]), array([ 0.49409524, -0.0156    ]), 0.7854, 1.0]
[1, array([ 0.4964, -0.0135]), array([ 0.49424286, -0.0156    ]), 0.7854, 1.0]
[1, array([ 0.4964, -0.0135]), array([ 0.49439048, -0.0156    ]), 0.7854, 1.0]
[1, array([ 0.4964, -0.0135]), array([ 0.4945381, -0.0156   ]), 0.7854, 1.0]
[1, array([ 0.4964, -0.0135]), array([ 0.49468571, -0.0156    ]), 0.7854, 1.0]
[1, array([ 0.4964, -0.0135]), array([ 0.49483333, -0.0156    ]), 0.7854, 1.0]
[1, array([ 0.4964, -0.0135]), array([ 0.49498095, -0.0156    ]), 0.7854, 1.0]
[1, array([ 0.4964, -0.0135]), array([ 0.49512857, -0.0156    ]), 0.7854, 1.0]
[1, array([ 0.4964, -0.0135]), array([ 0.49527619, -0.0156    ]), 0.7854, 1.0]
[1, array([ 0.4964, -0.0135]), array([ 0.49542381, -0.0156    ]), 0.7854, 1.0]
[1, array([ 0.4964, -0.0135]), array([ 0.49557143, -0.0156    ]), 0.7854, 1.0]
[1, array([ 0.4964, -0.0135]), array([ 0.49571905, -0.0156    ]), 0.7854, 1.0]
[1, array([ 0.4964, -0.0135]), array([ 0.49586667, -0.0156    ]), 0.7854, 1.0]
[1, array([ 0.4964, -0.0135]), array([ 0.49601429, -0.0156    ]), 0.7854, 1.0]
[1, array([ 0.4964, -0.0135]), array([ 0.4961619, -0.0156   ]), 0.7854, 1.0]
[1, array([ 0.4964, -0.0135]), array([ 0.49630952, -0.0156    ]), 0.7854, 1.0]
[1, array([ 0.4964, -0.0135]), array([ 0.49645714, -0.0156    ]), 0.7854, 1.0]
[1, array([ 0.4964, -0.0135]), array([ 0.49660476, -0.0156    ]), 0.7854, 1.0]
[1, array([ 0.4964, -0.0135]), array([ 0.49675238, -0.0156    ]), 0.7854, 1.0]
[1, array([ 0.4964, -0.0135]), array([ 0.4969, -0.0156]), 0.7854, 1.0]
[1, array([ 0.4964, -0.0135]), array([ 0.4938    , -0.01545238]), 0.7854, 1.0]
[1, array([ 0.4964, -0.0135]), array([ 0.49394762, -0.01545238]), 0.7854, 1.0]
[1, array([ 0.4964, -0.0135]), array([ 0.49409524, -0.01545238]), 0.7854, 1.0]
[1, array([ 0.4964, -0.0135]), array([ 0.49424286, -0.01545238]), 0.7854, 1.0]
[1, array([ 0.4964, -0.0135]), array([ 0.49439048, -0.01545238]), 0.7854, 1.0]
[1, array([ 0.4964, -0.0135]), array([ 0.4945381 , -0.01545238]), 0.7854, 1.0]
[1, array([ 0.4964, -0.0135]), array([ 0.49468571, -0.01545238]), 0.7854, 1.0]
[1, array([ 0.4964, -0.0135]), array([ 0.49483333, -0.01545238]), 0.7854, 1.0]
[1, array([ 0.4964, -0.0135]), array([ 0.49498095, -0.01545238]), 0.7854, 1.0]
[1, array([ 0.4964, -0.0135]), array([ 0.49512857, -0.01545238]), 0.7854, 1.0]
[1, array([ 0.4964, -0.0135]), array([ 0.49527619, -0.01545238]), 0.7854, 1.0]
[1, array([ 0.4964, -0.0135]), array([ 0.49542381, -0.01545238]), 0.7854, 1.0]
[1, array([ 0.4964, -0.0135]), array([ 0.49557143, -0.01545238]), 0.7854, 1.0]
[1, array([ 0.4964, -0.0135]), array([ 0.49571905, -0.01545238]), 0.7854, 1.0]
[1, array([ 0.4964, -0.0135]), array([ 0.49586667, -0.01545238]), 0.7854, 1.0]
[1, array([ 0.4964, -0.0135]), array([ 0.49601429, -0.01545238]), 0.7854, 1.0]
[1, array([ 0.4964, -0.0135]), array([ 0.4961619 , -0.01545238]), 0.7854, 1.0]
[1, array([ 0.4964, -0.0135]), array([ 0.49630952, -0.01545238]), 0.7854, 1.0]
[1, array([ 0.4964, -0.0135]), array([ 0.49645714, -0.01545238]), 0.7854, 1.0]
[1, array([ 0.4964, -0.0135]), array([ 0.49660476, -0.01545238]), 0.7854, 1.0]
[1, array([ 0.4964, -0.0135]), array([ 0.49675238, -0.01545238]), 0.7854, 1.0]
[1, array([ 0.4964, -0.0135]), array([ 0.4969    , -0.01545238]), 0.7854, 1.0]
[1, array([ 0.4964, -0.0135]), array([ 0.4938    , -0.01530476]), 0.7854, 1.0]
[1, array([ 0.4964, -0.0135]), array([ 0.49394762, -0.01530476]), 0.7854, 1.0]
[1, array([ 0.4964, -0.0135]), array([ 0.49409524, -0.01530476]), 0.7854, 1.0]
[1, array([ 0.4964, -0.0135]), array([ 0.49424286, -0.01530476]), 0.7854, 1.0]
[1, array([ 0.4964, -0.0135]), array([ 0.49439048, -0.01530476]), 0.7854, 1.0]
[1, array([ 0.4964, -0.0135]), array([ 0.4945381 , -0.01530476]), 0.7854, 1.0]
[1, array([ 0.4964, -0.0135]), array([ 0.49468571, -0.01530476]), 0.7854, 1.0]
[1, array([ 0.4964, -0.0135]), array([ 0.49483333, -0.01530476]), 0.7854, 1.0]
[1, array([ 0.4964, -0.0135]), array([ 0.49498095, -0.01530476]), 0.7854, 1.0]
[1, array([ 0.4964, -0.0135]), array([ 0.49512857, -0.01530476]), 0.7854, 1.0]
[1, array([ 0.4964, -0.0135]), array([ 0.49527619, -0.01530476]), 0.7854, 1.0]
[1, array([ 0.4964, -0.0135]), array([ 0.49542381, -0.01530476]), 0.7854, 1.0]
[1, array([ 0.4964, -0.0135]), array([ 0.49557143, -0.01530476]), 0.7854, 1.0]
[1, array([ 0.4964, -0.0135]), array([ 0.49571905, -0.01530476]), 0.7854, 1.0]
[1, array([ 0.4964, -0.0135]), array([ 0.49586667, -0.01530476]), 0.7854, 1.0]
[1, array([ 0.4964, -0.0135]), array([ 0.49601429, -0.01530476]), 0.7854, 1.0]
[1, array([ 0.4964, -0.0135]), array([ 0.4961619 , -0.01530476]), 0.7854, 1.0]
[1, array([ 0.4964, -0.0135]), array([ 0.49630952, -0.01530476]), 0.7854, 1.0]
[1, array([ 0.4964, -0.0135]), array([ 0.49645714, -0.01530476]), 0.7854, 1.0]
[1, array([ 0.4964, -0.0135]), array([ 0.49660476, -0.01530476]), 0.7854, 1.0]
[1, array([ 0.4964, -0.0135]), array([ 0.49675238, -0.01530476]), 0.7854, 1.0]
[1, array([ 0.4964, -0.0135]), array([ 0.4969    , -0.01530476]), 0.7854, 1.0]
[1, array([ 0.4964, -0.0135]), array([ 0.4938    , -0.01515714]), 0.7854, 1.0]
[1, array([ 0.4964, -0.0135]), array([ 0.49394762, -0.01515714]), 0.7854, 1.0]
[1, array([ 0.4964, -0.0135]), array([ 0.49409524, -0.01515714]), 0.7854, 1.0]
[1, array([ 0.4964, -0.0135]), array([ 0.49424286, -0.01515714]), 0.7854, 1.0]
[1, array([ 0.4964, -0.0135]), array([ 0.49439048, -0.01515714]), 0.7854, 1.0]
[1, array([ 0.4964, -0.0135]), array([ 0.4945381 , -0.01515714]), 0.7854, 1.0]
[1, array([ 0.4964, -0.0135]), array([ 0.49468571, -0.01515714]), 0.7854, 1.0]
[1, array([ 0.4964, -0.0135]), array([ 0.49483333, -0.01515714]), 0.7854, 1.0]
[1, array([ 0.4964, -0.0135]), array([ 0.49498095, -0.01515714]), 0.7854, 1.0]
[1, array([ 0.4964, -0.0135]), array([ 0.49512857, -0.01515714]), 0.7854, 1.0]
[1, array([ 0.4964, -0.0135]), array([ 0.49527619, -0.01515714]), 0.7854, 1.0]
[1, array([ 0.4964, -0.0135]), array([ 0.49542381, -0.01515714]), 0.7854, 1.0]
[1, array([ 0.4964, -0.0135]), array([ 0.49557143, -0.01515714]), 0.7854, 1.0]
[1, array([ 0.4964, -0.0135]), array([ 0.49571905, -0.01515714]), 0.7854, 1.0]
[1, array([ 0.4964, -0.0135]), array([ 0.49586667, -0.01515714]), 0.7854, 1.0]
[1, array([ 0.4964, -0.0135]), array([ 0.49601429, -0.01515714]), 0.7854, 1.0]
[1, array([ 0.4964, -0.0135]), array([ 0.4961619 , -0.01515714]), 0.7854, 1.0]
[1, array([ 0.4964, -0.0135]), array([ 0.49630952, -0.01515714]), 0.7854, 1.0]
[1, array([ 0.4964, -0.0135]), array([ 0.49645714, -0.01515714]), 0.7854, 1.0]
[1, array([ 0.4964, -0.0135]), array([ 0.49660476, -0.01515714]), 0.7854, 1.0]
[1, array([ 0.4964, -0.0135]), array([ 0.49675238, -0.01515714]), 0.7854, 1.0]
[1, array([ 0.4964, -0.0135]), array([ 0.4969    , -0.01515714]), 0.7854, 1.0]
[1, array([ 0.4964, -0.0135]), array([ 0.4938    , -0.01500952]), 0.7854, 1.0]
[1, array([ 0.4964, -0.0135]), array([ 0.49394762, -0.01500952]), 0.7854, 1.0]
[1, array([ 0.4964, -0.0135]), array([ 0.49409524, -0.01500952]), 0.7854, 1.0]
[1, array([ 0.4964, -0.0135]), array([ 0.49424286, -0.01500952]), 0.7854, 1.0]
[1, array([ 0.4964, -0.0135]), array([ 0.49439048, -0.01500952]), 0.7854, 1.0]
[1, array([ 0.4964, -0.0135]), array([ 0.4945381 , -0.01500952]), 0.7854, 1.0]
[1, array([ 0.4964, -0.0135]), array([ 0.49468571, -0.01500952]), 0.7854, 1.0]
[1, array([ 0.4964, -0.0135]), array([ 0.49483333, -0.01500952]), 0.7854, 1.0]
[1, array([ 0.4964, -0.0135]), array([ 0.49498095, -0.01500952]), 0.7854, 1.0]
[1, array([ 0.4964, -0.0135]), array([ 0.49512857, -0.01500952]), 0.7854, 1.0]
[1, array([ 0.4964, -0.0135]), array([ 0.49527619, -0.01500952]), 0.7854, 1.0]
[1, array([ 0.4964, -0.0135]), array([ 0.49542381, -0.01500952]), 0.7854, 1.0]
[1, array([ 0.4964, -0.0135]), array([ 0.49557143, -0.01500952]), 0.7854, 1.0]
[1, array([ 0.4964, -0.0135]), array([ 0.49571905, -0.01500952]), 0.7854, 1.0]
[1, array([ 0.4964, -0.0135]), array([ 0.49586667, -0.01500952]), 0.7854, 1.0]
[1, array([ 0.4964, -0.0135]), array([ 0.49601429, -0.01500952]), 0.7854, 1.0]
[1, array([ 0.4964, -0.0135]), array([ 0.4961619 , -0.01500952]), 0.7854, 1.0]
[1, array([ 0.4964, -0.0135]), array([ 0.49630952, -0.01500952]), 0.7854, 1.0]
[1, array([ 0.4964, -0.0135]), array([ 0.49645714, -0.01500952]), 0.7854, 1.0]
[1, array([ 0.4964, -0.0135]), array([ 0.49660476, -0.01500952]), 0.7854, 1.0]
[1, array([ 0.4964, -0.0135]), array([ 0.49675238, -0.01500952]), 0.7854, 1.0]
[1, array([ 0.4964, -0.0135]), array([ 0.4969    , -0.01500952]), 0.7854, 1.0]
[1, array([ 0.4964, -0.0135]), array([ 0.4938   , -0.0148619]), 0.7854, 1.0]
[1, array([ 0.4964, -0.0135]), array([ 0.49394762, -0.0148619 ]), 0.7854, 1.0]
[1, array([ 0.4964, -0.0135]), array([ 0.49409524, -0.0148619 ]), 0.7854, 1.0]
[1, array([ 0.4964, -0.0135]), array([ 0.49424286, -0.0148619 ]), 0.7854, 1.0]
[1, array([ 0.4964, -0.0135]), array([ 0.49439048, -0.0148619 ]), 0.7854, 1.0]
[1, array([ 0.4964, -0.0135]), array([ 0.4945381, -0.0148619]), 0.7854, 1.0]
[1, array([ 0.4964, -0.0135]), array([ 0.49468571, -0.0148619 ]), 0.7854, 1.0]
[1, array([ 0.4964, -0.0135]), array([ 0.49483333, -0.0148619 ]), 0.7854, 1.0]
[1, array([ 0.4964, -0.0135]), array([ 0.49498095, -0.0148619 ]), 0.7854, 1.0]
[1, array([ 0.4964, -0.0135]), array([ 0.49512857, -0.0148619 ]), 0.7854, 1.0]
[1, array([ 0.4964, -0.0135]), array([ 0.49527619, -0.0148619 ]), 0.7854, 1.0]
[1, array([ 0.4964, -0.0135]), array([ 0.49542381, -0.0148619 ]), 0.7854, 1.0]
[1, array([ 0.4964, -0.0135]), array([ 0.49557143, -0.0148619 ]), 0.7854, 1.0]
[1, array([ 0.4964, -0.0135]), array([ 0.49571905, -0.0148619 ]), 0.7854, 1.0]
[1, array([ 0.4964, -0.0135]), array([ 0.49586667, -0.0148619 ]), 0.7854, 1.0]
[1, array([ 0.4964, -0.0135]), array([ 0.49601429, -0.0148619 ]), 0.7854, 1.0]
[1, array([ 0.4964, -0.0135]), array([ 0.4961619, -0.0148619]), 0.7854, 1.0]
[1, array([ 0.4964, -0.0135]), array([ 0.49630952, -0.0148619 ]), 0.7854, 1.0]
[1, array([ 0.4964, -0.0135]), array([ 0.49645714, -0.0148619 ]), 0.7854, 1.0]
[1, array([ 0.4964, -0.0135]), array([ 0.49660476, -0.0148619 ]), 0.7854, 1.0]
[1, array([ 0.4964, -0.0135]), array([ 0.49675238, -0.0148619 ]), 0.7854, 1.0]
[1, array([ 0.4964, -0.0135]), array([ 0.4969   , -0.0148619]), 0.7854, 1.0]
[1, array([ 0.4964, -0.0135]), array([ 0.4938    , -0.01471429]), 0.7854, 1.0]
[1, array([ 0.4964, -0.0135]), array([ 0.49394762, -0.01471429]), 0.7854, 1.0]
[1, array([ 0.4964, -0.0135]), array([ 0.49409524, -0.01471429]), 0.7854, 1.0]
[1, array([ 0.4964, -0.0135]), array([ 0.49424286, -0.01471429]), 0.7854, 1.0]
[1, array([ 0.4964, -0.0135]), array([ 0.49439048, -0.01471429]), 0.7854, 1.0]
[1, array([ 0.4964, -0.0135]), array([ 0.4945381 , -0.01471429]), 0.7854, 1.0]
[1, array([ 0.4964, -0.0135]), array([ 0.49468571, -0.01471429]), 0.7854, 1.0]
[1, array([ 0.4964, -0.0135]), array([ 0.49483333, -0.01471429]), 0.7854, 1.0]
[1, array([ 0.4964, -0.0135]), array([ 0.49498095, -0.01471429]), 0.7854, 1.0]
[1, array([ 0.4964, -0.0135]), array([ 0.49512857, -0.01471429]), 0.7854, 1.0]
[1, array([ 0.4964, -0.0135]), array([ 0.49527619, -0.01471429]), 0.7854, 1.0]
[1, array([ 0.4964, -0.0135]), array([ 0.49542381, -0.01471429]), 0.7854, 1.0]
[1, array([ 0.4964, -0.0135]), array([ 0.49557143, -0.01471429]), 0.7854, 1.0]
[1, array([ 0.4964, -0.0135]), array([ 0.49571905, -0.01471429]), 0.7854, 1.0]
[1, array([ 0.4964, -0.0135]), array([ 0.49586667, -0.01471429]), 0.7854, 1.0]
[1, array([ 0.4964, -0.0135]), array([ 0.49601429, -0.01471429]), 0.7854, 1.0]
[1, array([ 0.4964, -0.0135]), array([ 0.4961619 , -0.01471429]), 0.7854, 1.0]
[1, array([ 0.4964, -0.0135]), array([ 0.49630952, -0.01471429]), 0.7854, 1.0]
[1, array([ 0.4964, -0.0135]), array([ 0.49645714, -0.01471429]), 0.7854, 1.0]
[1, array([ 0.4964, -0.0135]), array([ 0.49660476, -0.01471429]), 0.7854, 1.0]
[1, array([ 0.4964, -0.0135]), array([ 0.49675238, -0.01471429]), 0.7854, 1.0]
[1, array([ 0.4964, -0.0135]), array([ 0.4969    , -0.01471429]), 0.7854, 1.0]
[1, array([ 0.4964, -0.0135]), array([ 0.4938    , -0.01456667]), 0.7854, 1.0]
[1, array([ 0.4964, -0.0135]), array([ 0.49394762, -0.01456667]), 0.7854, 1.0]
[1, array([ 0.4964, -0.0135]), array([ 0.49409524, -0.01456667]), 0.7854, 1.0]
[1, array([ 0.4964, -0.0135]), array([ 0.49424286, -0.01456667]), 0.7854, 1.0]
[1, array([ 0.4964, -0.0135]), array([ 0.49439048, -0.01456667]), 0.7854, 1.0]
[1, array([ 0.4964, -0.0135]), array([ 0.4945381 , -0.01456667]), 0.7854, 1.0]
[1, array([ 0.4964, -0.0135]), array([ 0.49468571, -0.01456667]), 0.7854, 1.0]
[1, array([ 0.4964, -0.0135]), array([ 0.49483333, -0.01456667]), 0.7854, 1.0]
[1, array([ 0.4964, -0.0135]), array([ 0.49498095, -0.01456667]), 0.7854, 1.0]
[1, array([ 0.4964, -0.0135]), array([ 0.49512857, -0.01456667]), 0.7854, 1.0]
[1, array([ 0.4964, -0.0135]), array([ 0.49527619, -0.01456667]), 0.7854, 1.0]
[1, array([ 0.4964, -0.0135]), array([ 0.49542381, -0.01456667]), 0.7854, 1.0]
[1, array([ 0.4964, -0.0135]), array([ 0.49557143, -0.01456667]), 0.7854, 1.0]
[1, array([ 0.4964, -0.0135]), array([ 0.49571905, -0.01456667]), 0.7854, 1.0]
[1, array([ 0.4964, -0.0135]), array([ 0.49586667, -0.01456667]), 0.7854, 1.0]
[1, array([ 0.4964, -0.0135]), array([ 0.49601429, -0.01456667]), 0.7854, 1.0]
[1, array([ 0.4964, -0.0135]), array([ 0.4961619 , -0.01456667]), 0.7854, 1.0]
[1, array([ 0.4964, -0.0135]), array([ 0.49630952, -0.01456667]), 0.7854, 1.0]
[1, array([ 0.4964, -0.0135]), array([ 0.49645714, -0.01456667]), 0.7854, 1.0]
[1, array([ 0.4964, -0.0135]), array([ 0.49660476, -0.01456667]), 0.7854, 1.0]
[1, array([ 0.4964, -0.0135]), array([ 0.49675238, -0.01456667]), 0.7854, 1.0]
[1, array([ 0.4964, -0.0135]), array([ 0.4969    , -0.01456667]), 0.7854, 1.0]
[1, array([ 0.4964, -0.0135]), array([ 0.4938    , -0.01441905]), 0.7854, 1.0]
[1, array([ 0.4964, -0.0135]), array([ 0.49394762, -0.01441905]), 0.7854, 1.0]
[1, array([ 0.4964, -0.0135]), array([ 0.49409524, -0.01441905]), 0.7854, 1.0]
[1, array([ 0.4964, -0.0135]), array([ 0.49424286, -0.01441905]), 0.7854, 1.0]
[1, array([ 0.4964, -0.0135]), array([ 0.49439048, -0.01441905]), 0.7854, 1.0]
[1, array([ 0.4964, -0.0135]), array([ 0.4945381 , -0.01441905]), 0.7854, 1.0]
[1, array([ 0.4964, -0.0135]), array([ 0.49468571, -0.01441905]), 0.7854, 1.0]
[1, array([ 0.4964, -0.0135]), array([ 0.49483333, -0.01441905]), 0.7854, 1.0]
[1, array([ 0.4964, -0.0135]), array([ 0.49498095, -0.01441905]), 0.7854, 1.0]
[1, array([ 0.4964, -0.0135]), array([ 0.49512857, -0.01441905]), 0.7854, 1.0]
[1, array([ 0.4964, -0.0135]), array([ 0.49527619, -0.01441905]), 0.7854, 1.0]
[1, array([ 0.4964, -0.0135]), array([ 0.49542381, -0.01441905]), 0.7854, 1.0]
[1, array([ 0.4964, -0.0135]), array([ 0.49557143, -0.01441905]), 0.7854, 1.0]
[1, array([ 0.4964, -0.0135]), array([ 0.49571905, -0.01441905]), 0.7854, 1.0]
[1, array([ 0.4964, -0.0135]), array([ 0.49586667, -0.01441905]), 0.7854, 1.0]
[1, array([ 0.4964, -0.0135]), array([ 0.49601429, -0.01441905]), 0.7854, 1.0]
[1, array([ 0.4964, -0.0135]), array([ 0.4961619 , -0.01441905]), 0.7854, 1.0]
[1, array([ 0.4964, -0.0135]), array([ 0.49630952, -0.01441905]), 0.7854, 1.0]
[1, array([ 0.4964, -0.0135]), array([ 0.49645714, -0.01441905]), 0.7854, 1.0]
[1, array([ 0.4964, -0.0135]), array([ 0.49660476, -0.01441905]), 0.7854, 1.0]
[1, array([ 0.4964, -0.0135]), array([ 0.49675238, -0.01441905]), 0.7854, 1.0]
[1, array([ 0.4964, -0.0135]), array([ 0.4969    , -0.01441905]), 0.7854, 1.0]
[1, array([ 0.4964, -0.0135]), array([ 0.4938    , -0.01427143]), 0.7854, 1.0]
[1, array([ 0.4964, -0.0135]), array([ 0.49394762, -0.01427143]), 0.7854, 1.0]
[1, array([ 0.4964, -0.0135]), array([ 0.49409524, -0.01427143]), 0.7854, 1.0]
[1, array([ 0.4964, -0.0135]), array([ 0.49424286, -0.01427143]), 0.7854, 1.0]
[1, array([ 0.4964, -0.0135]), array([ 0.49439048, -0.01427143]), 0.7854, 1.0]
[1, array([ 0.4964, -0.0135]), array([ 0.4945381 , -0.01427143]), 0.7854, 1.0]
[1, array([ 0.4964, -0.0135]), array([ 0.49468571, -0.01427143]), 0.7854, 1.0]
[1, array([ 0.4964, -0.0135]), array([ 0.49483333, -0.01427143]), 0.7854, 1.0]
[1, array([ 0.4964, -0.0135]), array([ 0.49498095, -0.01427143]), 0.7854, 1.0]
[1, array([ 0.4964, -0.0135]), array([ 0.49512857, -0.01427143]), 0.7854, 1.0]
[1, array([ 0.4964, -0.0135]), array([ 0.49527619, -0.01427143]), 0.7854, 1.0]
[1, array([ 0.4964, -0.0135]), array([ 0.49542381, -0.01427143]), 0.7854, 1.0]
[1, array([ 0.4964, -0.0135]), array([ 0.49557143, -0.01427143]), 0.7854, 1.0]
[1, array([ 0.4964, -0.0135]), array([ 0.49571905, -0.01427143]), 0.7854, 1.0]
[1, array([ 0.4964, -0.0135]), array([ 0.49586667, -0.01427143]), 0.7854, 1.0]
[1, array([ 0.4964, -0.0135]), array([ 0.49601429, -0.01427143]), 0.7854, 1.0]
[1, array([ 0.4964, -0.0135]), array([ 0.4961619 , -0.01427143]), 0.7854, 1.0]
[1, array([ 0.4964, -0.0135]), array([ 0.49630952, -0.01427143]), 0.7854, 1.0]
[1, array([ 0.4964, -0.0135]), array([ 0.49645714, -0.01427143]), 0.7854, 1.0]
[1, array([ 0.4964, -0.0135]), array([ 0.49660476, -0.01427143]), 0.7854, 1.0]
[1, array([ 0.4964, -0.0135]), array([ 0.49675238, -0.01427143]), 0.7854, 1.0]
[1, array([ 0.4964, -0.0135]), array([ 0.4969    , -0.01427143]), 0.7854, 1.0]
[1, array([ 0.4964, -0.0135]), array([ 0.4938    , -0.01412381]), 0.7854, 1.0]
[1, array([ 0.4964, -0.0135]), array([ 0.49394762, -0.01412381]), 0.7854, 1.0]
[1, array([ 0.4964, -0.0135]), array([ 0.49409524, -0.01412381]), 0.7854, 1.0]
[1, array([ 0.4964, -0.0135]), array([ 0.49424286, -0.01412381]), 0.7854, 1.0]
[1, array([ 0.4964, -0.0135]), array([ 0.49439048, -0.01412381]), 0.7854, 1.0]
[1, array([ 0.4964, -0.0135]), array([ 0.4945381 , -0.01412381]), 0.7854, 1.0]
[1, array([ 0.4964, -0.0135]), array([ 0.49468571, -0.01412381]), 0.7854, 1.0]
[1, array([ 0.4964, -0.0135]), array([ 0.49483333, -0.01412381]), 0.7854, 1.0]
[1, array([ 0.4964, -0.0135]), array([ 0.49498095, -0.01412381]), 0.7854, 1.0]
[1, array([ 0.4964, -0.0135]), array([ 0.49512857, -0.01412381]), 0.7854, 1.0]
[1, array([ 0.4964, -0.0135]), array([ 0.49527619, -0.01412381]), 0.7854, 1.0]
[1, array([ 0.4964, -0.0135]), array([ 0.49542381, -0.01412381]), 0.7854, 1.0]
[1, array([ 0.4964, -0.0135]), array([ 0.49557143, -0.01412381]), 0.7854, 1.0]
[1, array([ 0.4964, -0.0135]), array([ 0.49571905, -0.01412381]), 0.7854, 1.0]
[1, array([ 0.4964, -0.0135]), array([ 0.49586667, -0.01412381]), 0.7854, 1.0]
[1, array([ 0.4964, -0.0135]), array([ 0.49601429, -0.01412381]), 0.7854, 1.0]
[1, array([ 0.4964, -0.0135]), array([ 0.4961619 , -0.01412381]), 0.7854, 1.0]
[1, array([ 0.4964, -0.0135]), array([ 0.49630952, -0.01412381]), 0.7854, 1.0]
[1, array([ 0.4964, -0.0135]), array([ 0.49645714, -0.01412381]), 0.7854, 1.0]
[1, array([ 0.4964, -0.0135]), array([ 0.49660476, -0.01412381]), 0.7854, 1.0]
[1, array([ 0.4964, -0.0135]), array([ 0.49675238, -0.01412381]), 0.7854, 1.0]
[1, array([ 0.4964, -0.0135]), array([ 0.4969    , -0.01412381]), 0.7854, 1.0]
[1, array([ 0.4964, -0.0135]), array([ 0.4938    , -0.01397619]), 0.7854, 1.0]
[1, array([ 0.4964, -0.0135]), array([ 0.49394762, -0.01397619]), 0.7854, 1.0]
[1, array([ 0.4964, -0.0135]), array([ 0.49409524, -0.01397619]), 0.7854, 1.0]
[1, array([ 0.4964, -0.0135]), array([ 0.49424286, -0.01397619]), 0.7854, 1.0]
[1, array([ 0.4964, -0.0135]), array([ 0.49439048, -0.01397619]), 0.7854, 1.0]
[1, array([ 0.4964, -0.0135]), array([ 0.4945381 , -0.01397619]), 0.7854, 1.0]
[1, array([ 0.4964, -0.0135]), array([ 0.49468571, -0.01397619]), 0.7854, 1.0]
[1, array([ 0.4964, -0.0135]), array([ 0.49483333, -0.01397619]), 0.7854, 1.0]
[1, array([ 0.4964, -0.0135]), array([ 0.49498095, -0.01397619]), 0.7854, 1.0]
[1, array([ 0.4964, -0.0135]), array([ 0.49512857, -0.01397619]), 0.7854, 1.0]
[1, array([ 0.4964, -0.0135]), array([ 0.49527619, -0.01397619]), 0.7854, 1.0]
[1, array([ 0.4964, -0.0135]), array([ 0.49542381, -0.01397619]), 0.7854, 1.0]
[1, array([ 0.4964, -0.0135]), array([ 0.49557143, -0.01397619]), 0.7854, 1.0]
[1, array([ 0.4964, -0.0135]), array([ 0.49571905, -0.01397619]), 0.7854, 1.0]
[1, array([ 0.4964, -0.0135]), array([ 0.49586667, -0.01397619]), 0.7854, 1.0]
[1, array([ 0.4964, -0.0135]), array([ 0.49601429, -0.01397619]), 0.7854, 1.0]
[1, array([ 0.4964, -0.0135]), array([ 0.4961619 , -0.01397619]), 0.7854, 1.0]
[1, array([ 0.4964, -0.0135]), array([ 0.49630952, -0.01397619]), 0.7854, 1.0]
[1, array([ 0.4964, -0.0135]), array([ 0.49645714, -0.01397619]), 0.7854, 1.0]
[1, array([ 0.4964, -0.0135]), array([ 0.49660476, -0.01397619]), 0.7854, 1.0]
[1, array([ 0.4964, -0.0135]), array([ 0.49675238, -0.01397619]), 0.7854, 1.0]
[1, array([ 0.4964, -0.0135]), array([ 0.4969    , -0.01397619]), 0.7854, 1.0]
[1, array([ 0.4964, -0.0135]), array([ 0.4938    , -0.01382857]), 0.7854, 1.0]
[1, array([ 0.4964, -0.0135]), array([ 0.49394762, -0.01382857]), 0.7854, 1.0]
[1, array([ 0.4964, -0.0135]), array([ 0.49409524, -0.01382857]), 0.7854, 1.0]
[1, array([ 0.4964, -0.0135]), array([ 0.49424286, -0.01382857]), 0.7854, 1.0]
[1, array([ 0.4964, -0.0135]), array([ 0.49439048, -0.01382857]), 0.7854, 1.0]
[1, array([ 0.4964, -0.0135]), array([ 0.4945381 , -0.01382857]), 0.7854, 1.0]
[1, array([ 0.4964, -0.0135]), array([ 0.49468571, -0.01382857]), 0.7854, 1.0]
[1, array([ 0.4964, -0.0135]), array([ 0.49483333, -0.01382857]), 0.7854, 1.0]
[1, array([ 0.4964, -0.0135]), array([ 0.49498095, -0.01382857]), 0.7854, 1.0]
[1, array([ 0.4964, -0.0135]), array([ 0.49512857, -0.01382857]), 0.7854, 1.0]
[1, array([ 0.4964, -0.0135]), array([ 0.49527619, -0.01382857]), 0.7854, 1.0]
[1, array([ 0.4964, -0.0135]), array([ 0.49542381, -0.01382857]), 0.7854, 1.0]
[1, array([ 0.4964, -0.0135]), array([ 0.49557143, -0.01382857]), 0.7854, 1.0]
[1, array([ 0.4964, -0.0135]), array([ 0.49571905, -0.01382857]), 0.7854, 1.0]
[1, array([ 0.4964, -0.0135]), array([ 0.49586667, -0.01382857]), 0.7854, 1.0]
[1, array([ 0.4964, -0.0135]), array([ 0.49601429, -0.01382857]), 0.7854, 1.0]
[1, array([ 0.4964, -0.0135]), array([ 0.4961619 , -0.01382857]), 0.7854, 1.0]
[1, array([ 0.4964, -0.0135]), array([ 0.49630952, -0.01382857]), 0.7854, 1.0]
[1, array([ 0.4964, -0.0135]), array([ 0.49645714, -0.01382857]), 0.7854, 1.0]
[1, array([ 0.4964, -0.0135]), array([ 0.49660476, -0.01382857]), 0.7854, 1.0]
[1, array([ 0.4964, -0.0135]), array([ 0.49675238, -0.01382857]), 0.7854, 1.0]
[1, array([ 0.4964, -0.0135]), array([ 0.4969    , -0.01382857]), 0.7854, 1.0]
[1, array([ 0.4964, -0.0135]), array([ 0.4938    , -0.01368095]), 0.7854, 1.0]
[1, array([ 0.4964, -0.0135]), array([ 0.49394762, -0.01368095]), 0.7854, 1.0]
[1, array([ 0.4964, -0.0135]), array([ 0.49409524, -0.01368095]), 0.7854, 1.0]
[1, array([ 0.4964, -0.0135]), array([ 0.49424286, -0.01368095]), 0.7854, 1.0]
[1, array([ 0.4964, -0.0135]), array([ 0.49439048, -0.01368095]), 0.7854, 1.0]
[1, array([ 0.4964, -0.0135]), array([ 0.4945381 , -0.01368095]), 0.7854, 1.0]
[1, array([ 0.4964, -0.0135]), array([ 0.49468571, -0.01368095]), 0.7854, 1.0]
[1, array([ 0.4964, -0.0135]), array([ 0.49483333, -0.01368095]), 0.7854, 1.0]
[1, array([ 0.4964, -0.0135]), array([ 0.49498095, -0.01368095]), 0.7854, 1.0]
[1, array([ 0.4964, -0.0135]), array([ 0.49512857, -0.01368095]), 0.7854, 1.0]
[1, array([ 0.4964, -0.0135]), array([ 0.49527619, -0.01368095]), 0.7854, 1.0]
[1, array([ 0.4964, -0.0135]), array([ 0.49542381, -0.01368095]), 0.7854, 1.0]
[1, array([ 0.4964, -0.0135]), array([ 0.49557143, -0.01368095]), 0.7854, 1.0]
[1, array([ 0.4964, -0.0135]), array([ 0.49571905, -0.01368095]), 0.7854, 1.0]
[1, array([ 0.4964, -0.0135]), array([ 0.49586667, -0.01368095]), 0.7854, 1.0]
[1, array([ 0.4964, -0.0135]), array([ 0.49601429, -0.01368095]), 0.7854, 1.0]
[1, array([ 0.4964, -0.0135]), array([ 0.4961619 , -0.01368095]), 0.7854, 1.0]
[1, array([ 0.4964, -0.0135]), array([ 0.49630952, -0.01368095]), 0.7854, 1.0]
[1, array([ 0.4964, -0.0135]), array([ 0.49645714, -0.01368095]), 0.7854, 1.0]
[1, array([ 0.4964, -0.0135]), array([ 0.49660476, -0.01368095]), 0.7854, 1.0]
[1, array([ 0.4964, -0.0135]), array([ 0.49675238, -0.01368095]), 0.7854, 1.0]
[1, array([ 0.4964, -0.0135]), array([ 0.4969    , -0.01368095]), 0.7854, 1.0]
[1, array([ 0.4964, -0.0135]), array([ 0.4938    , -0.01353333]), 0.7854, 1.0]
[1, array([ 0.4964, -0.0135]), array([ 0.49394762, -0.01353333]), 0.7854, 1.0]
[1, array([ 0.4964, -0.0135]), array([ 0.49409524, -0.01353333]), 0.7854, 1.0]
[1, array([ 0.4964, -0.0135]), array([ 0.49424286, -0.01353333]), 0.7854, 1.0]
[1, array([ 0.4964, -0.0135]), array([ 0.49439048, -0.01353333]), 0.7854, 1.0]
[1, array([ 0.4964, -0.0135]), array([ 0.4945381 , -0.01353333]), 0.7854, 1.0]
[1, array([ 0.4964, -0.0135]), array([ 0.49468571, -0.01353333]), 0.7854, 1.0]
[1, array([ 0.4964, -0.0135]), array([ 0.49483333, -0.01353333]), 0.7854, 1.0]
[1, array([ 0.4964, -0.0135]), array([ 0.49498095, -0.01353333]), 0.7854, 1.0]
[1, array([ 0.4964, -0.0135]), array([ 0.49512857, -0.01353333]), 0.7854, 1.0]
[1, array([ 0.4964, -0.0135]), array([ 0.49527619, -0.01353333]), 0.7854, 1.0]
[1, array([ 0.4964, -0.0135]), array([ 0.49542381, -0.01353333]), 0.7854, 1.0]
[1, array([ 0.4964, -0.0135]), array([ 0.49557143, -0.01353333]), 0.7854, 1.0]
[1, array([ 0.4964, -0.0135]), array([ 0.49571905, -0.01353333]), 0.7854, 1.0]
[1, array([ 0.4964, -0.0135]), array([ 0.49586667, -0.01353333]), 0.7854, 1.0]
[1, array([ 0.4964, -0.0135]), array([ 0.49601429, -0.01353333]), 0.7854, 1.0]
[1, array([ 0.4964, -0.0135]), array([ 0.4961619 , -0.01353333]), 0.7854, 1.0]
[1, array([ 0.4964, -0.0135]), array([ 0.49630952, -0.01353333]), 0.7854, 1.0]
[1, array([ 0.4964, -0.0135]), array([ 0.49645714, -0.01353333]), 0.7854, 1.0]
[1, array([ 0.4964, -0.0135]), array([ 0.49660476, -0.01353333]), 0.7854, 1.0]
[1, array([ 0.4964, -0.0135]), array([ 0.49675238, -0.01353333]), 0.7854, 1.0]
[1, array([ 0.4964, -0.0135]), array([ 0.4969    , -0.01353333]), 0.7854, 1.0]
[1, array([ 0.4964, -0.0135]), array([ 0.4938    , -0.01338571]), 0.7854, 1.0]
[1, array([ 0.4964, -0.0135]), array([ 0.49394762, -0.01338571]), 0.7854, 1.0]
[1, array([ 0.4964, -0.0135]), array([ 0.49409524, -0.01338571]), 0.7854, 1.0]
[1, array([ 0.4964, -0.0135]), array([ 0.49424286, -0.01338571]), 0.7854, 1.0]
[1, array([ 0.4964, -0.0135]), array([ 0.49439048, -0.01338571]), 0.7854, 1.0]
[1, array([ 0.4964, -0.0135]), array([ 0.4945381 , -0.01338571]), 0.7854, 1.0]
[1, array([ 0.4964, -0.0135]), array([ 0.49468571, -0.01338571]), 0.7854, 1.0]
[1, array([ 0.4964, -0.0135]), array([ 0.49483333, -0.01338571]), 0.7854, 1.0]
[1, array([ 0.4964, -0.0135]), array([ 0.49498095, -0.01338571]), 0.7854, 1.0]
[1, array([ 0.4964, -0.0135]), array([ 0.49512857, -0.01338571]), 0.7854, 1.0]
[1, array([ 0.4964, -0.0135]), array([ 0.49527619, -0.01338571]), 0.7854, 1.0]
[1, array([ 0.4964, -0.0135]), array([ 0.49542381, -0.01338571]), 0.7854, 1.0]
[1, array([ 0.4964, -0.0135]), array([ 0.49557143, -0.01338571]), 0.7854, 1.0]
[1, array([ 0.4964, -0.0135]), array([ 0.49571905, -0.01338571]), 0.7854, 1.0]
[1, array([ 0.4964, -0.0135]), array([ 0.49586667, -0.01338571]), 0.7854, 1.0]
[1, array([ 0.4964, -0.0135]), array([ 0.49601429, -0.01338571]), 0.7854, 1.0]
[1, array([ 0.4964, -0.0135]), array([ 0.4961619 , -0.01338571]), 0.7854, 1.0]
[1, array([ 0.4964, -0.0135]), array([ 0.49630952, -0.01338571]), 0.7854, 1.0]
[1, array([ 0.4964, -0.0135]), array([ 0.49645714, -0.01338571]), 0.7854, 1.0]
[1, array([ 0.4964, -0.0135]), array([ 0.49660476, -0.01338571]), 0.7854, 1.0]
[1, array([ 0.4964, -0.0135]), array([ 0.49675238, -0.01338571]), 0.7854, 1.0]
[1, array([ 0.4964, -0.0135]), array([ 0.4969    , -0.01338571]), 0.7854, 1.0]
[1, array([ 0.4964, -0.0135]), array([ 0.4938   , -0.0132381]), 0.7854, 1.0]
[1, array([ 0.4964, -0.0135]), array([ 0.49394762, -0.0132381 ]), 0.7854, 1.0]
[1, array([ 0.4964, -0.0135]), array([ 0.49409524, -0.0132381 ]), 0.7854, 1.0]
[1, array([ 0.4964, -0.0135]), array([ 0.49424286, -0.0132381 ]), 0.7854, 1.0]
[1, array([ 0.4964, -0.0135]), array([ 0.49439048, -0.0132381 ]), 0.7854, 1.0]
[1, array([ 0.4964, -0.0135]), array([ 0.4945381, -0.0132381]), 0.7854, 1.0]
[1, array([ 0.4964, -0.0135]), array([ 0.49468571, -0.0132381 ]), 0.7854, 1.0]
[1, array([ 0.4964, -0.0135]), array([ 0.49483333, -0.0132381 ]), 0.7854, 1.0]
[1, array([ 0.4964, -0.0135]), array([ 0.49498095, -0.0132381 ]), 0.7854, 1.0]
[1, array([ 0.4964, -0.0135]), array([ 0.49512857, -0.0132381 ]), 0.7854, 1.0]
[1, array([ 0.4964, -0.0135]), array([ 0.49527619, -0.0132381 ]), 0.7854, 1.0]
[1, array([ 0.4964, -0.0135]), array([ 0.49542381, -0.0132381 ]), 0.7854, 1.0]
[1, array([ 0.4964, -0.0135]), array([ 0.49557143, -0.0132381 ]), 0.7854, 1.0]
[1, array([ 0.4964, -0.0135]), array([ 0.49571905, -0.0132381 ]), 0.7854, 1.0]
[1, array([ 0.4964, -0.0135]), array([ 0.49586667, -0.0132381 ]), 0.7854, 1.0]
[1, array([ 0.4964, -0.0135]), array([ 0.49601429, -0.0132381 ]), 0.7854, 1.0]
[1, array([ 0.4964, -0.0135]), array([ 0.4961619, -0.0132381]), 0.7854, 1.0]
[1, array([ 0.4964, -0.0135]), array([ 0.49630952, -0.0132381 ]), 0.7854, 1.0]
[1, array([ 0.4964, -0.0135]), array([ 0.49645714, -0.0132381 ]), 0.7854, 1.0]
[1, array([ 0.4964, -0.0135]), array([ 0.49660476, -0.0132381 ]), 0.7854, 1.0]
[1, array([ 0.4964, -0.0135]), array([ 0.49675238, -0.0132381 ]), 0.7854, 1.0]
[1, array([ 0.4964, -0.0135]), array([ 0.4969   , -0.0132381]), 0.7854, 1.0]
[1, array([ 0.4964, -0.0135]), array([ 0.4938    , -0.01309048]), 0.7854, 1.0]
[1, array([ 0.4964, -0.0135]), array([ 0.49394762, -0.01309048]), 0.7854, 1.0]
[1, array([ 0.4964, -0.0135]), array([ 0.49409524, -0.01309048]), 0.7854, 1.0]
[1, array([ 0.4964, -0.0135]), array([ 0.49424286, -0.01309048]), 0.7854, 1.0]
[1, array([ 0.4964, -0.0135]), array([ 0.49439048, -0.01309048]), 0.7854, 1.0]
[1, array([ 0.4964, -0.0135]), array([ 0.4945381 , -0.01309048]), 0.7854, 1.0]
[1, array([ 0.4964, -0.0135]), array([ 0.49468571, -0.01309048]), 0.7854, 1.0]
[1, array([ 0.4964, -0.0135]), array([ 0.49483333, -0.01309048]), 0.7854, 1.0]
[1, array([ 0.4964, -0.0135]), array([ 0.49498095, -0.01309048]), 0.7854, 1.0]
[1, array([ 0.4964, -0.0135]), array([ 0.49512857, -0.01309048]), 0.7854, 1.0]
[1, array([ 0.4964, -0.0135]), array([ 0.49527619, -0.01309048]), 0.7854, 1.0]
[1, array([ 0.4964, -0.0135]), array([ 0.49542381, -0.01309048]), 0.7854, 1.0]
[1, array([ 0.4964, -0.0135]), array([ 0.49557143, -0.01309048]), 0.7854, 1.0]
[1, array([ 0.4964, -0.0135]), array([ 0.49571905, -0.01309048]), 0.7854, 1.0]
[1, array([ 0.4964, -0.0135]), array([ 0.49586667, -0.01309048]), 0.7854, 1.0]
[1, array([ 0.4964, -0.0135]), array([ 0.49601429, -0.01309048]), 0.7854, 1.0]
[1, array([ 0.4964, -0.0135]), array([ 0.4961619 , -0.01309048]), 0.7854, 1.0]
[1, array([ 0.4964, -0.0135]), array([ 0.49630952, -0.01309048]), 0.7854, 1.0]
[1, array([ 0.4964, -0.0135]), array([ 0.49645714, -0.01309048]), 0.7854, 1.0]
[1, array([ 0.4964, -0.0135]), array([ 0.49660476, -0.01309048]), 0.7854, 1.0]
[1, array([ 0.4964, -0.0135]), array([ 0.49675238, -0.01309048]), 0.7854, 1.0]
[1, array([ 0.4964, -0.0135]), array([ 0.4969    , -0.01309048]), 0.7854, 1.0]
[1, array([ 0.4964, -0.0135]), array([ 0.4938    , -0.01294286]), 0.7854, 1.0]
[1, array([ 0.4964, -0.0135]), array([ 0.49394762, -0.01294286]), 0.7854, 1.0]
[1, array([ 0.4964, -0.0135]), array([ 0.49409524, -0.01294286]), 0.7854, 1.0]
[1, array([ 0.4964, -0.0135]), array([ 0.49424286, -0.01294286]), 0.7854, 1.0]
[1, array([ 0.4964, -0.0135]), array([ 0.49439048, -0.01294286]), 0.7854, 1.0]
[1, array([ 0.4964, -0.0135]), array([ 0.4945381 , -0.01294286]), 0.7854, 1.0]
[1, array([ 0.4964, -0.0135]), array([ 0.49468571, -0.01294286]), 0.7854, 1.0]
[1, array([ 0.4964, -0.0135]), array([ 0.49483333, -0.01294286]), 0.7854, 1.0]
[1, array([ 0.4964, -0.0135]), array([ 0.49498095, -0.01294286]), 0.7854, 1.0]
[1, array([ 0.4964, -0.0135]), array([ 0.49512857, -0.01294286]), 0.7854, 1.0]
[1, array([ 0.4964, -0.0135]), array([ 0.49527619, -0.01294286]), 0.7854, 1.0]
[1, array([ 0.4964, -0.0135]), array([ 0.49542381, -0.01294286]), 0.7854, 1.0]
[1, array([ 0.4964, -0.0135]), array([ 0.49557143, -0.01294286]), 0.7854, 1.0]
[1, array([ 0.4964, -0.0135]), array([ 0.49571905, -0.01294286]), 0.7854, 1.0]
[1, array([ 0.4964, -0.0135]), array([ 0.49586667, -0.01294286]), 0.7854, 1.0]
[1, array([ 0.4964, -0.0135]), array([ 0.49601429, -0.01294286]), 0.7854, 1.0]
[1, array([ 0.4964, -0.0135]), array([ 0.4961619 , -0.01294286]), 0.7854, 1.0]
[1, array([ 0.4964, -0.0135]), array([ 0.49630952, -0.01294286]), 0.7854, 1.0]
[1, array([ 0.4964, -0.0135]), array([ 0.49645714, -0.01294286]), 0.7854, 1.0]
[1, array([ 0.4964, -0.0135]), array([ 0.49660476, -0.01294286]), 0.7854, 1.0]
[1, array([ 0.4964, -0.0135]), array([ 0.49675238, -0.01294286]), 0.7854, 1.0]
[1, array([ 0.4964, -0.0135]), array([ 0.4969    , -0.01294286]), 0.7854, 1.0]
[1, array([ 0.4964, -0.0135]), array([ 0.4938    , -0.01279524]), 0.7854, 1.0]
[1, array([ 0.4964, -0.0135]), array([ 0.49394762, -0.01279524]), 0.7854, 1.0]
[1, array([ 0.4964, -0.0135]), array([ 0.49409524, -0.01279524]), 0.7854, 1.0]
[1, array([ 0.4964, -0.0135]), array([ 0.49424286, -0.01279524]), 0.7854, 1.0]
[1, array([ 0.4964, -0.0135]), array([ 0.49439048, -0.01279524]), 0.7854, 1.0]
[1, array([ 0.4964, -0.0135]), array([ 0.4945381 , -0.01279524]), 0.7854, 1.0]
[1, array([ 0.4964, -0.0135]), array([ 0.49468571, -0.01279524]), 0.7854, 1.0]
[1, array([ 0.4964, -0.0135]), array([ 0.49483333, -0.01279524]), 0.7854, 1.0]
[1, array([ 0.4964, -0.0135]), array([ 0.49498095, -0.01279524]), 0.7854, 1.0]
[1, array([ 0.4964, -0.0135]), array([ 0.49512857, -0.01279524]), 0.7854, 1.0]
[1, array([ 0.4964, -0.0135]), array([ 0.49527619, -0.01279524]), 0.7854, 1.0]
[1, array([ 0.4964, -0.0135]), array([ 0.49542381, -0.01279524]), 0.7854, 1.0]
[1, array([ 0.4964, -0.0135]), array([ 0.49557143, -0.01279524]), 0.7854, 1.0]
[1, array([ 0.4964, -0.0135]), array([ 0.49571905, -0.01279524]), 0.7854, 1.0]
[1, array([ 0.4964, -0.0135]), array([ 0.49586667, -0.01279524]), 0.7854, 1.0]
[1, array([ 0.4964, -0.0135]), array([ 0.49601429, -0.01279524]), 0.7854, 1.0]
[1, array([ 0.4964, -0.0135]), array([ 0.4961619 , -0.01279524]), 0.7854, 1.0]
[1, array([ 0.4964, -0.0135]), array([ 0.49630952, -0.01279524]), 0.7854, 1.0]
[1, array([ 0.4964, -0.0135]), array([ 0.49645714, -0.01279524]), 0.7854, 1.0]
[1, array([ 0.4964, -0.0135]), array([ 0.49660476, -0.01279524]), 0.7854, 1.0]
[1, array([ 0.4964, -0.0135]), array([ 0.49675238, -0.01279524]), 0.7854, 1.0]
[1, array([ 0.4964, -0.0135]), array([ 0.4969    , -0.01279524]), 0.7854, 1.0]
[1, array([ 0.4964, -0.0135]), array([ 0.4938    , -0.01264762]), 0.7854, 1.0]
[1, array([ 0.4964, -0.0135]), array([ 0.49394762, -0.01264762]), 0.7854, 1.0]
[1, array([ 0.4964, -0.0135]), array([ 0.49409524, -0.01264762]), 0.7854, 1.0]
[1, array([ 0.4964, -0.0135]), array([ 0.49424286, -0.01264762]), 0.7854, 1.0]
[1, array([ 0.4964, -0.0135]), array([ 0.49439048, -0.01264762]), 0.7854, 1.0]
[1, array([ 0.4964, -0.0135]), array([ 0.4945381 , -0.01264762]), 0.7854, 1.0]
[1, array([ 0.4964, -0.0135]), array([ 0.49468571, -0.01264762]), 0.7854, 1.0]
[1, array([ 0.4964, -0.0135]), array([ 0.49483333, -0.01264762]), 0.7854, 1.0]
[1, array([ 0.4964, -0.0135]), array([ 0.49498095, -0.01264762]), 0.7854, 1.0]
[1, array([ 0.4964, -0.0135]), array([ 0.49512857, -0.01264762]), 0.7854, 1.0]
[1, array([ 0.4964, -0.0135]), array([ 0.49527619, -0.01264762]), 0.7854, 1.0]
[1, array([ 0.4964, -0.0135]), array([ 0.49542381, -0.01264762]), 0.7854, 1.0]
[1, array([ 0.4964, -0.0135]), array([ 0.49557143, -0.01264762]), 0.7854, 1.0]
[1, array([ 0.4964, -0.0135]), array([ 0.49571905, -0.01264762]), 0.7854, 1.0]
[1, array([ 0.4964, -0.0135]), array([ 0.49586667, -0.01264762]), 0.7854, 1.0]
[1, array([ 0.4964, -0.0135]), array([ 0.49601429, -0.01264762]), 0.7854, 1.0]
[1, array([ 0.4964, -0.0135]), array([ 0.4961619 , -0.01264762]), 0.7854, 1.0]
[1, array([ 0.4964, -0.0135]), array([ 0.49630952, -0.01264762]), 0.7854, 1.0]
[1, array([ 0.4964, -0.0135]), array([ 0.49645714, -0.01264762]), 0.7854, 1.0]
[1, array([ 0.4964, -0.0135]), array([ 0.49660476, -0.01264762]), 0.7854, 1.0]
[1, array([ 0.4964, -0.0135]), array([ 0.49675238, -0.01264762]), 0.7854, 1.0]
[1, array([ 0.4964, -0.0135]), array([ 0.4969    , -0.01264762]), 0.7854, 1.0]
[1, array([ 0.4964, -0.0135]), array([ 0.4938, -0.0125]), 0.7854, 1.0]
[1, array([ 0.4964, -0.0135]), array([ 0.49394762, -0.0125    ]), 0.7854, 1.0]
[1, array([ 0.4964, -0.0135]), array([ 0.49409524, -0.0125    ]), 0.7854, 1.0]
[1, array([ 0.4964, -0.0135]), array([ 0.49424286, -0.0125    ]), 0.7854, 1.0]
[1, array([ 0.4964, -0.0135]), array([ 0.49439048, -0.0125    ]), 0.7854, 1.0]
[1, array([ 0.4964, -0.0135]), array([ 0.4945381, -0.0125   ]), 0.7854, 1.0]
[1, array([ 0.4964, -0.0135]), array([ 0.49468571, -0.0125    ]), 0.7854, 1.0]
[1, array([ 0.4964, -0.0135]), array([ 0.49483333, -0.0125    ]), 0.7854, 1.0]
[1, array([ 0.4964, -0.0135]), array([ 0.49498095, -0.0125    ]), 0.7854, 1.0]
[1, array([ 0.4964, -0.0135]), array([ 0.49512857, -0.0125    ]), 0.7854, 1.0]
[1, array([ 0.4964, -0.0135]), array([ 0.49527619, -0.0125    ]), 0.7854, 1.0]
[1, array([ 0.4964, -0.0135]), array([ 0.49542381, -0.0125    ]), 0.7854, 1.0]
[1, array([ 0.4964, -0.0135]), array([ 0.49557143, -0.0125    ]), 0.7854, 1.0]
[1, array([ 0.4964, -0.0135]), array([ 0.49571905, -0.0125    ]), 0.7854, 1.0]
[1, array([ 0.4964, -0.0135]), array([ 0.49586667, -0.0125    ]), 0.7854, 1.0]
[1, array([ 0.4964, -0.0135]), array([ 0.49601429, -0.0125    ]), 0.7854, 1.0]
[1, array([ 0.4964, -0.0135]), array([ 0.4961619, -0.0125   ]), 0.7854, 1.0]
[1, array([ 0.4964, -0.0135]), array([ 0.49630952, -0.0125    ]), 0.7854, 1.0]
[1, array([ 0.4964, -0.0135]), array([ 0.49645714, -0.0125    ]), 0.7854, 1.0]
[1, array([ 0.4964, -0.0135]), array([ 0.49660476, -0.0125    ]), 0.7854, 1.0]
[1, array([ 0.4964, -0.0135]), array([ 0.49675238, -0.0125    ]), 0.7854, 1.0]
[1, array([ 0.4964, -0.0135]), array([ 0.4969, -0.0125]), 0.7854, 1.0]
[0, array([ 0.4569, -0.0311]), array([ 0.45  , -0.0312]), 0.7854, 1.0]
[0, array([ 0.4569, -0.0311]), array([ 0.45014762, -0.0312    ]), 0.7854, 1.0]
[0, array([ 0.4569, -0.0311]), array([ 0.45029524, -0.0312    ]), 0.7854, 1.0]
[0, array([ 0.4569, -0.0311]), array([ 0.45044286, -0.0312    ]), 0.7854, 1.0]
[0, array([ 0.4569, -0.0311]), array([ 0.45059048, -0.0312    ]), 0.7854, 1.0]
[0, array([ 0.4569, -0.0311]), array([ 0.4507381, -0.0312   ]), 0.7854, 1.0]
[0, array([ 0.4569, -0.0311]), array([ 0.45088571, -0.0312    ]), 0.7854, 1.0]
[0, array([ 0.4569, -0.0311]), array([ 0.45103333, -0.0312    ]), 0.7854, 1.0]
[0, array([ 0.4569, -0.0311]), array([ 0.45118095, -0.0312    ]), 0.7854, 1.0]
[0, array([ 0.4569, -0.0311]), array([ 0.45132857, -0.0312    ]), 0.7854, 1.0]
[0, array([ 0.4569, -0.0311]), array([ 0.45147619, -0.0312    ]), 0.7854, 1.0]
[0, array([ 0.4569, -0.0311]), array([ 0.45162381, -0.0312    ]), 0.7854, 1.0]
[0, array([ 0.4569, -0.0311]), array([ 0.45177143, -0.0312    ]), 0.7854, 1.0]
[0, array([ 0.4569, -0.0311]), array([ 0.45191905, -0.0312    ]), 0.7854, 1.0]
[0, array([ 0.4569, -0.0311]), array([ 0.45206667, -0.0312    ]), 0.7854, 1.0]
[0, array([ 0.4569, -0.0311]), array([ 0.45221429, -0.0312    ]), 0.7854, 1.0]
[0, array([ 0.4569, -0.0311]), array([ 0.4523619, -0.0312   ]), 0.7854, 1.0]
[0, array([ 0.4569, -0.0311]), array([ 0.45250952, -0.0312    ]), 0.7854, 1.0]
[0, array([ 0.4569, -0.0311]), array([ 0.45265714, -0.0312    ]), 0.7854, 1.0]
[0, array([ 0.4569, -0.0311]), array([ 0.45280476, -0.0312    ]), 0.7854, 1.0]
[0, array([ 0.4569, -0.0311]), array([ 0.45295238, -0.0312    ]), 0.7854, 1.0]
[0, array([ 0.4569, -0.0311]), array([ 0.4531, -0.0312]), 0.7854, 1.0]
[0, array([ 0.4569, -0.0311]), array([ 0.45      , -0.03105238]), 0.7854, 1.0]
[0, array([ 0.4569, -0.0311]), array([ 0.45014762, -0.03105238]), 0.7854, 1.0]
[0, array([ 0.4569, -0.0311]), array([ 0.45029524, -0.03105238]), 0.7854, 1.0]
[0, array([ 0.4569, -0.0311]), array([ 0.45044286, -0.03105238]), 0.7854, 1.0]
[0, array([ 0.4569, -0.0311]), array([ 0.45059048, -0.03105238]), 0.7854, 1.0]
[0, array([ 0.4569, -0.0311]), array([ 0.4507381 , -0.03105238]), 0.7854, 1.0]
[0, array([ 0.4569, -0.0311]), array([ 0.45088571, -0.03105238]), 0.7854, 1.0]
[0, array([ 0.4569, -0.0311]), array([ 0.45103333, -0.03105238]), 0.7854, 1.0]
[0, array([ 0.4569, -0.0311]), array([ 0.45118095, -0.03105238]), 0.7854, 1.0]
[0, array([ 0.4569, -0.0311]), array([ 0.45132857, -0.03105238]), 0.7854, 1.0]
[0, array([ 0.4569, -0.0311]), array([ 0.45147619, -0.03105238]), 0.7854, 1.0]
[0, array([ 0.4569, -0.0311]), array([ 0.45162381, -0.03105238]), 0.7854, 1.0]
[0, array([ 0.4569, -0.0311]), array([ 0.45177143, -0.03105238]), 0.7854, 1.0]
[0, array([ 0.4569, -0.0311]), array([ 0.45191905, -0.03105238]), 0.7854, 1.0]
[0, array([ 0.4569, -0.0311]), array([ 0.45206667, -0.03105238]), 0.7854, 1.0]
[0, array([ 0.4569, -0.0311]), array([ 0.45221429, -0.03105238]), 0.7854, 1.0]
[0, array([ 0.4569, -0.0311]), array([ 0.4523619 , -0.03105238]), 0.7854, 1.0]
[0, array([ 0.4569, -0.0311]), array([ 0.45250952, -0.03105238]), 0.7854, 1.0]
[0, array([ 0.4569, -0.0311]), array([ 0.45265714, -0.03105238]), 0.7854, 1.0]
[0, array([ 0.4569, -0.0311]), array([ 0.45280476, -0.03105238]), 0.7854, 1.0]
[0, array([ 0.4569, -0.0311]), array([ 0.45295238, -0.03105238]), 0.7854, 1.0]
[0, array([ 0.4569, -0.0311]), array([ 0.4531    , -0.03105238]), 0.7854, 1.0]
[0, array([ 0.4569, -0.0311]), array([ 0.45      , -0.03090476]), 0.7854, 1.0]
[0, array([ 0.4569, -0.0311]), array([ 0.45014762, -0.03090476]), 0.7854, 1.0]
[0, array([ 0.4569, -0.0311]), array([ 0.45029524, -0.03090476]), 0.7854, 1.0]
[0, array([ 0.4569, -0.0311]), array([ 0.45044286, -0.03090476]), 0.7854, 1.0]
[0, array([ 0.4569, -0.0311]), array([ 0.45059048, -0.03090476]), 0.7854, 1.0]
[0, array([ 0.4569, -0.0311]), array([ 0.4507381 , -0.03090476]), 0.7854, 1.0]
[0, array([ 0.4569, -0.0311]), array([ 0.45088571, -0.03090476]), 0.7854, 1.0]
[0, array([ 0.4569, -0.0311]), array([ 0.45103333, -0.03090476]), 0.7854, 1.0]
[0, array([ 0.4569, -0.0311]), array([ 0.45118095, -0.03090476]), 0.7854, 1.0]
[0, array([ 0.4569, -0.0311]), array([ 0.45132857, -0.03090476]), 0.7854, 1.0]
[0, array([ 0.4569, -0.0311]), array([ 0.45147619, -0.03090476]), 0.7854, 1.0]
[0, array([ 0.4569, -0.0311]), array([ 0.45162381, -0.03090476]), 0.7854, 1.0]
[0, array([ 0.4569, -0.0311]), array([ 0.45177143, -0.03090476]), 0.7854, 1.0]
[0, array([ 0.4569, -0.0311]), array([ 0.45191905, -0.03090476]), 0.7854, 1.0]
[0, array([ 0.4569, -0.0311]), array([ 0.45206667, -0.03090476]), 0.7854, 1.0]
[0, array([ 0.4569, -0.0311]), array([ 0.45221429, -0.03090476]), 0.7854, 1.0]
[0, array([ 0.4569, -0.0311]), array([ 0.4523619 , -0.03090476]), 0.7854, 1.0]
[0, array([ 0.4569, -0.0311]), array([ 0.45250952, -0.03090476]), 0.7854, 1.0]
[0, array([ 0.4569, -0.0311]), array([ 0.45265714, -0.03090476]), 0.7854, 1.0]
[0, array([ 0.4569, -0.0311]), array([ 0.45280476, -0.03090476]), 0.7854, 1.0]
[0, array([ 0.4569, -0.0311]), array([ 0.45295238, -0.03090476]), 0.7854, 1.0]
[0, array([ 0.4569, -0.0311]), array([ 0.4531    , -0.03090476]), 0.7854, 1.0]
[0, array([ 0.4569, -0.0311]), array([ 0.45      , -0.03075714]), 0.7854, 1.0]
[0, array([ 0.4569, -0.0311]), array([ 0.45014762, -0.03075714]), 0.7854, 1.0]
[0, array([ 0.4569, -0.0311]), array([ 0.45029524, -0.03075714]), 0.7854, 1.0]
[0, array([ 0.4569, -0.0311]), array([ 0.45044286, -0.03075714]), 0.7854, 1.0]
[0, array([ 0.4569, -0.0311]), array([ 0.45059048, -0.03075714]), 0.7854, 1.0]
[0, array([ 0.4569, -0.0311]), array([ 0.4507381 , -0.03075714]), 0.7854, 1.0]
[0, array([ 0.4569, -0.0311]), array([ 0.45088571, -0.03075714]), 0.7854, 1.0]
[0, array([ 0.4569, -0.0311]), array([ 0.45103333, -0.03075714]), 0.7854, 1.0]
[0, array([ 0.4569, -0.0311]), array([ 0.45118095, -0.03075714]), 0.7854, 1.0]
[0, array([ 0.4569, -0.0311]), array([ 0.45132857, -0.03075714]), 0.7854, 1.0]
[0, array([ 0.4569, -0.0311]), array([ 0.45147619, -0.03075714]), 0.7854, 1.0]
[0, array([ 0.4569, -0.0311]), array([ 0.45162381, -0.03075714]), 0.7854, 1.0]
[0, array([ 0.4569, -0.0311]), array([ 0.45177143, -0.03075714]), 0.7854, 1.0]
[0, array([ 0.4569, -0.0311]), array([ 0.45191905, -0.03075714]), 0.7854, 1.0]
[0, array([ 0.4569, -0.0311]), array([ 0.45206667, -0.03075714]), 0.7854, 1.0]
[0, array([ 0.4569, -0.0311]), array([ 0.45221429, -0.03075714]), 0.7854, 1.0]
[0, array([ 0.4569, -0.0311]), array([ 0.4523619 , -0.03075714]), 0.7854, 1.0]
[0, array([ 0.4569, -0.0311]), array([ 0.45250952, -0.03075714]), 0.7854, 1.0]
[0, array([ 0.4569, -0.0311]), array([ 0.45265714, -0.03075714]), 0.7854, 1.0]
[0, array([ 0.4569, -0.0311]), array([ 0.45280476, -0.03075714]), 0.7854, 1.0]
[0, array([ 0.4569, -0.0311]), array([ 0.45295238, -0.03075714]), 0.7854, 1.0]
[0, array([ 0.4569, -0.0311]), array([ 0.4531    , -0.03075714]), 0.7854, 1.0]
[0, array([ 0.4569, -0.0311]), array([ 0.45      , -0.03060952]), 0.7854, 1.0]
[0, array([ 0.4569, -0.0311]), array([ 0.45014762, -0.03060952]), 0.7854, 1.0]
[0, array([ 0.4569, -0.0311]), array([ 0.45029524, -0.03060952]), 0.7854, 1.0]
[0, array([ 0.4569, -0.0311]), array([ 0.45044286, -0.03060952]), 0.7854, 1.0]
[0, array([ 0.4569, -0.0311]), array([ 0.45059048, -0.03060952]), 0.7854, 1.0]
[0, array([ 0.4569, -0.0311]), array([ 0.4507381 , -0.03060952]), 0.7854, 1.0]
[0, array([ 0.4569, -0.0311]), array([ 0.45088571, -0.03060952]), 0.7854, 1.0]
[0, array([ 0.4569, -0.0311]), array([ 0.45103333, -0.03060952]), 0.7854, 1.0]
[0, array([ 0.4569, -0.0311]), array([ 0.45118095, -0.03060952]), 0.7854, 1.0]
[0, array([ 0.4569, -0.0311]), array([ 0.45132857, -0.03060952]), 0.7854, 1.0]
[0, array([ 0.4569, -0.0311]), array([ 0.45147619, -0.03060952]), 0.7854, 1.0]
[0, array([ 0.4569, -0.0311]), array([ 0.45162381, -0.03060952]), 0.7854, 1.0]
[0, array([ 0.4569, -0.0311]), array([ 0.45177143, -0.03060952]), 0.7854, 1.0]
[0, array([ 0.4569, -0.0311]), array([ 0.45191905, -0.03060952]), 0.7854, 1.0]
[0, array([ 0.4569, -0.0311]), array([ 0.45206667, -0.03060952]), 0.7854, 1.0]
[0, array([ 0.4569, -0.0311]), array([ 0.45221429, -0.03060952]), 0.7854, 1.0]
[0, array([ 0.4569, -0.0311]), array([ 0.4523619 , -0.03060952]), 0.7854, 1.0]
[0, array([ 0.4569, -0.0311]), array([ 0.45250952, -0.03060952]), 0.7854, 1.0]
[0, array([ 0.4569, -0.0311]), array([ 0.45265714, -0.03060952]), 0.7854, 1.0]
[0, array([ 0.4569, -0.0311]), array([ 0.45280476, -0.03060952]), 0.7854, 1.0]
[0, array([ 0.4569, -0.0311]), array([ 0.45295238, -0.03060952]), 0.7854, 1.0]
[0, array([ 0.4569, -0.0311]), array([ 0.4531    , -0.03060952]), 0.7854, 1.0]
[0, array([ 0.4569, -0.0311]), array([ 0.45     , -0.0304619]), 0.7854, 1.0]
[0, array([ 0.4569, -0.0311]), array([ 0.45014762, -0.0304619 ]), 0.7854, 1.0]
[0, array([ 0.4569, -0.0311]), array([ 0.45029524, -0.0304619 ]), 0.7854, 1.0]
[0, array([ 0.4569, -0.0311]), array([ 0.45044286, -0.0304619 ]), 0.7854, 1.0]
[0, array([ 0.4569, -0.0311]), array([ 0.45059048, -0.0304619 ]), 0.7854, 1.0]
[0, array([ 0.4569, -0.0311]), array([ 0.4507381, -0.0304619]), 0.7854, 1.0]
[0, array([ 0.4569, -0.0311]), array([ 0.45088571, -0.0304619 ]), 0.7854, 1.0]
[0, array([ 0.4569, -0.0311]), array([ 0.45103333, -0.0304619 ]), 0.7854, 1.0]
[0, array([ 0.4569, -0.0311]), array([ 0.45118095, -0.0304619 ]), 0.7854, 1.0]
[0, array([ 0.4569, -0.0311]), array([ 0.45132857, -0.0304619 ]), 0.7854, 1.0]
[0, array([ 0.4569, -0.0311]), array([ 0.45147619, -0.0304619 ]), 0.7854, 1.0]
[0, array([ 0.4569, -0.0311]), array([ 0.45162381, -0.0304619 ]), 0.7854, 1.0]
[0, array([ 0.4569, -0.0311]), array([ 0.45177143, -0.0304619 ]), 0.7854, 1.0]
[0, array([ 0.4569, -0.0311]), array([ 0.45191905, -0.0304619 ]), 0.7854, 1.0]
[0, array([ 0.4569, -0.0311]), array([ 0.45206667, -0.0304619 ]), 0.7854, 1.0]
[0, array([ 0.4569, -0.0311]), array([ 0.45221429, -0.0304619 ]), 0.7854, 1.0]
[0, array([ 0.4569, -0.0311]), array([ 0.4523619, -0.0304619]), 0.7854, 1.0]
[0, array([ 0.4569, -0.0311]), array([ 0.45250952, -0.0304619 ]), 0.7854, 1.0]
[0, array([ 0.4569, -0.0311]), array([ 0.45265714, -0.0304619 ]), 0.7854, 1.0]
[0, array([ 0.4569, -0.0311]), array([ 0.45280476, -0.0304619 ]), 0.7854, 1.0]
[0, array([ 0.4569, -0.0311]), array([ 0.45295238, -0.0304619 ]), 0.7854, 1.0]
[0, array([ 0.4569, -0.0311]), array([ 0.4531   , -0.0304619]), 0.7854, 1.0]
[0, array([ 0.4569, -0.0311]), array([ 0.45      , -0.03031429]), 0.7854, 1.0]
[0, array([ 0.4569, -0.0311]), array([ 0.45014762, -0.03031429]), 0.7854, 1.0]
[0, array([ 0.4569, -0.0311]), array([ 0.45029524, -0.03031429]), 0.7854, 1.0]
[0, array([ 0.4569, -0.0311]), array([ 0.45044286, -0.03031429]), 0.7854, 1.0]
[0, array([ 0.4569, -0.0311]), array([ 0.45059048, -0.03031429]), 0.7854, 1.0]
[0, array([ 0.4569, -0.0311]), array([ 0.4507381 , -0.03031429]), 0.7854, 1.0]
[0, array([ 0.4569, -0.0311]), array([ 0.45088571, -0.03031429]), 0.7854, 1.0]
[0, array([ 0.4569, -0.0311]), array([ 0.45103333, -0.03031429]), 0.7854, 1.0]
[0, array([ 0.4569, -0.0311]), array([ 0.45118095, -0.03031429]), 0.7854, 1.0]
[0, array([ 0.4569, -0.0311]), array([ 0.45132857, -0.03031429]), 0.7854, 1.0]
[0, array([ 0.4569, -0.0311]), array([ 0.45147619, -0.03031429]), 0.7854, 1.0]
[0, array([ 0.4569, -0.0311]), array([ 0.45162381, -0.03031429]), 0.7854, 1.0]
[0, array([ 0.4569, -0.0311]), array([ 0.45177143, -0.03031429]), 0.7854, 1.0]
[0, array([ 0.4569, -0.0311]), array([ 0.45191905, -0.03031429]), 0.7854, 1.0]
[0, array([ 0.4569, -0.0311]), array([ 0.45206667, -0.03031429]), 0.7854, 1.0]
[0, array([ 0.4569, -0.0311]), array([ 0.45221429, -0.03031429]), 0.7854, 1.0]
[0, array([ 0.4569, -0.0311]), array([ 0.4523619 , -0.03031429]), 0.7854, 1.0]
[0, array([ 0.4569, -0.0311]), array([ 0.45250952, -0.03031429]), 0.7854, 1.0]
[0, array([ 0.4569, -0.0311]), array([ 0.45265714, -0.03031429]), 0.7854, 1.0]
[0, array([ 0.4569, -0.0311]), array([ 0.45280476, -0.03031429]), 0.7854, 1.0]
[0, array([ 0.4569, -0.0311]), array([ 0.45295238, -0.03031429]), 0.7854, 1.0]
[0, array([ 0.4569, -0.0311]), array([ 0.4531    , -0.03031429]), 0.7854, 1.0]
[0, array([ 0.4569, -0.0311]), array([ 0.45      , -0.03016667]), 0.7854, 1.0]
[0, array([ 0.4569, -0.0311]), array([ 0.45014762, -0.03016667]), 0.7854, 1.0]
[0, array([ 0.4569, -0.0311]), array([ 0.45029524, -0.03016667]), 0.7854, 1.0]
[0, array([ 0.4569, -0.0311]), array([ 0.45044286, -0.03016667]), 0.7854, 1.0]
[0, array([ 0.4569, -0.0311]), array([ 0.45059048, -0.03016667]), 0.7854, 1.0]
[0, array([ 0.4569, -0.0311]), array([ 0.4507381 , -0.03016667]), 0.7854, 1.0]
[0, array([ 0.4569, -0.0311]), array([ 0.45088571, -0.03016667]), 0.7854, 1.0]
[0, array([ 0.4569, -0.0311]), array([ 0.45103333, -0.03016667]), 0.7854, 1.0]
[0, array([ 0.4569, -0.0311]), array([ 0.45118095, -0.03016667]), 0.7854, 1.0]
[0, array([ 0.4569, -0.0311]), array([ 0.45132857, -0.03016667]), 0.7854, 1.0]
[0, array([ 0.4569, -0.0311]), array([ 0.45147619, -0.03016667]), 0.7854, 1.0]
[0, array([ 0.4569, -0.0311]), array([ 0.45162381, -0.03016667]), 0.7854, 1.0]
[0, array([ 0.4569, -0.0311]), array([ 0.45177143, -0.03016667]), 0.7854, 1.0]
[0, array([ 0.4569, -0.0311]), array([ 0.45191905, -0.03016667]), 0.7854, 1.0]
[0, array([ 0.4569, -0.0311]), array([ 0.45206667, -0.03016667]), 0.7854, 1.0]
[0, array([ 0.4569, -0.0311]), array([ 0.45221429, -0.03016667]), 0.7854, 1.0]
[0, array([ 0.4569, -0.0311]), array([ 0.4523619 , -0.03016667]), 0.7854, 1.0]
[0, array([ 0.4569, -0.0311]), array([ 0.45250952, -0.03016667]), 0.7854, 1.0]
[0, array([ 0.4569, -0.0311]), array([ 0.45265714, -0.03016667]), 0.7854, 1.0]
[0, array([ 0.4569, -0.0311]), array([ 0.45280476, -0.03016667]), 0.7854, 1.0]
[0, array([ 0.4569, -0.0311]), array([ 0.45295238, -0.03016667]), 0.7854, 1.0]
[0, array([ 0.4569, -0.0311]), array([ 0.4531    , -0.03016667]), 0.7854, 1.0]
[0, array([ 0.4569, -0.0311]), array([ 0.45      , -0.03001905]), 0.7854, 1.0]
[0, array([ 0.4569, -0.0311]), array([ 0.45014762, -0.03001905]), 0.7854, 1.0]
[0, array([ 0.4569, -0.0311]), array([ 0.45029524, -0.03001905]), 0.7854, 1.0]
[0, array([ 0.4569, -0.0311]), array([ 0.45044286, -0.03001905]), 0.7854, 1.0]
[0, array([ 0.4569, -0.0311]), array([ 0.45059048, -0.03001905]), 0.7854, 1.0]
[0, array([ 0.4569, -0.0311]), array([ 0.4507381 , -0.03001905]), 0.7854, 1.0]
[0, array([ 0.4569, -0.0311]), array([ 0.45088571, -0.03001905]), 0.7854, 1.0]
[0, array([ 0.4569, -0.0311]), array([ 0.45103333, -0.03001905]), 0.7854, 1.0]
[0, array([ 0.4569, -0.0311]), array([ 0.45118095, -0.03001905]), 0.7854, 1.0]
[0, array([ 0.4569, -0.0311]), array([ 0.45132857, -0.03001905]), 0.7854, 1.0]
[0, array([ 0.4569, -0.0311]), array([ 0.45147619, -0.03001905]), 0.7854, 1.0]
[0, array([ 0.4569, -0.0311]), array([ 0.45162381, -0.03001905]), 0.7854, 1.0]
[0, array([ 0.4569, -0.0311]), array([ 0.45177143, -0.03001905]), 0.7854, 1.0]
[0, array([ 0.4569, -0.0311]), array([ 0.45191905, -0.03001905]), 0.7854, 1.0]
[0, array([ 0.4569, -0.0311]), array([ 0.45206667, -0.03001905]), 0.7854, 1.0]
[0, array([ 0.4569, -0.0311]), array([ 0.45221429, -0.03001905]), 0.7854, 1.0]
[0, array([ 0.4569, -0.0311]), array([ 0.4523619 , -0.03001905]), 0.7854, 1.0]
[0, array([ 0.4569, -0.0311]), array([ 0.45250952, -0.03001905]), 0.7854, 1.0]
[0, array([ 0.4569, -0.0311]), array([ 0.45265714, -0.03001905]), 0.7854, 1.0]
[0, array([ 0.4569, -0.0311]), array([ 0.45280476, -0.03001905]), 0.7854, 1.0]
[0, array([ 0.4569, -0.0311]), array([ 0.45295238, -0.03001905]), 0.7854, 1.0]
[0, array([ 0.4569, -0.0311]), array([ 0.4531    , -0.03001905]), 0.7854, 1.0]
[0, array([ 0.4569, -0.0311]), array([ 0.45      , -0.02987143]), 0.7854, 1.0]
[0, array([ 0.4569, -0.0311]), array([ 0.45014762, -0.02987143]), 0.7854, 1.0]
[0, array([ 0.4569, -0.0311]), array([ 0.45029524, -0.02987143]), 0.7854, 1.0]
[0, array([ 0.4569, -0.0311]), array([ 0.45044286, -0.02987143]), 0.7854, 1.0]
[0, array([ 0.4569, -0.0311]), array([ 0.45059048, -0.02987143]), 0.7854, 1.0]
[0, array([ 0.4569, -0.0311]), array([ 0.4507381 , -0.02987143]), 0.7854, 1.0]
[0, array([ 0.4569, -0.0311]), array([ 0.45088571, -0.02987143]), 0.7854, 1.0]
[0, array([ 0.4569, -0.0311]), array([ 0.45103333, -0.02987143]), 0.7854, 1.0]
[0, array([ 0.4569, -0.0311]), array([ 0.45118095, -0.02987143]), 0.7854, 1.0]
[0, array([ 0.4569, -0.0311]), array([ 0.45132857, -0.02987143]), 0.7854, 1.0]
[0, array([ 0.4569, -0.0311]), array([ 0.45147619, -0.02987143]), 0.7854, 1.0]
[0, array([ 0.4569, -0.0311]), array([ 0.45162381, -0.02987143]), 0.7854, 1.0]
[0, array([ 0.4569, -0.0311]), array([ 0.45177143, -0.02987143]), 0.7854, 1.0]
[0, array([ 0.4569, -0.0311]), array([ 0.45191905, -0.02987143]), 0.7854, 1.0]
[0, array([ 0.4569, -0.0311]), array([ 0.45206667, -0.02987143]), 0.7854, 1.0]
[0, array([ 0.4569, -0.0311]), array([ 0.45221429, -0.02987143]), 0.7854, 1.0]
[0, array([ 0.4569, -0.0311]), array([ 0.4523619 , -0.02987143]), 0.7854, 1.0]
[0, array([ 0.4569, -0.0311]), array([ 0.45250952, -0.02987143]), 0.7854, 1.0]
[0, array([ 0.4569, -0.0311]), array([ 0.45265714, -0.02987143]), 0.7854, 1.0]
[0, array([ 0.4569, -0.0311]), array([ 0.45280476, -0.02987143]), 0.7854, 1.0]
[0, array([ 0.4569, -0.0311]), array([ 0.45295238, -0.02987143]), 0.7854, 1.0]
[0, array([ 0.4569, -0.0311]), array([ 0.4531    , -0.02987143]), 0.7854, 1.0]
[0, array([ 0.4569, -0.0311]), array([ 0.45      , -0.02972381]), 0.7854, 1.0]
[0, array([ 0.4569, -0.0311]), array([ 0.45014762, -0.02972381]), 0.7854, 1.0]
[0, array([ 0.4569, -0.0311]), array([ 0.45029524, -0.02972381]), 0.7854, 1.0]
[0, array([ 0.4569, -0.0311]), array([ 0.45044286, -0.02972381]), 0.7854, 1.0]
[0, array([ 0.4569, -0.0311]), array([ 0.45059048, -0.02972381]), 0.7854, 1.0]
[0, array([ 0.4569, -0.0311]), array([ 0.4507381 , -0.02972381]), 0.7854, 1.0]
[0, array([ 0.4569, -0.0311]), array([ 0.45088571, -0.02972381]), 0.7854, 1.0]
[0, array([ 0.4569, -0.0311]), array([ 0.45103333, -0.02972381]), 0.7854, 1.0]
[0, array([ 0.4569, -0.0311]), array([ 0.45118095, -0.02972381]), 0.7854, 1.0]
[0, array([ 0.4569, -0.0311]), array([ 0.45132857, -0.02972381]), 0.7854, 1.0]
[0, array([ 0.4569, -0.0311]), array([ 0.45147619, -0.02972381]), 0.7854, 1.0]
[0, array([ 0.4569, -0.0311]), array([ 0.45162381, -0.02972381]), 0.7854, 1.0]
[0, array([ 0.4569, -0.0311]), array([ 0.45177143, -0.02972381]), 0.7854, 1.0]
[0, array([ 0.4569, -0.0311]), array([ 0.45191905, -0.02972381]), 0.7854, 1.0]
[0, array([ 0.4569, -0.0311]), array([ 0.45206667, -0.02972381]), 0.7854, 1.0]
[0, array([ 0.4569, -0.0311]), array([ 0.45221429, -0.02972381]), 0.7854, 1.0]
[0, array([ 0.4569, -0.0311]), array([ 0.4523619 , -0.02972381]), 0.7854, 1.0]
[0, array([ 0.4569, -0.0311]), array([ 0.45250952, -0.02972381]), 0.7854, 1.0]
[0, array([ 0.4569, -0.0311]), array([ 0.45265714, -0.02972381]), 0.7854, 1.0]
[0, array([ 0.4569, -0.0311]), array([ 0.45280476, -0.02972381]), 0.7854, 1.0]
[0, array([ 0.4569, -0.0311]), array([ 0.45295238, -0.02972381]), 0.7854, 1.0]
[0, array([ 0.4569, -0.0311]), array([ 0.4531    , -0.02972381]), 0.7854, 1.0]
[0, array([ 0.4569, -0.0311]), array([ 0.45      , -0.02957619]), 0.7854, 1.0]
[0, array([ 0.4569, -0.0311]), array([ 0.45014762, -0.02957619]), 0.7854, 1.0]
[0, array([ 0.4569, -0.0311]), array([ 0.45029524, -0.02957619]), 0.7854, 1.0]
[0, array([ 0.4569, -0.0311]), array([ 0.45044286, -0.02957619]), 0.7854, 1.0]
[0, array([ 0.4569, -0.0311]), array([ 0.45059048, -0.02957619]), 0.7854, 1.0]
[0, array([ 0.4569, -0.0311]), array([ 0.4507381 , -0.02957619]), 0.7854, 1.0]
[0, array([ 0.4569, -0.0311]), array([ 0.45088571, -0.02957619]), 0.7854, 1.0]
[0, array([ 0.4569, -0.0311]), array([ 0.45103333, -0.02957619]), 0.7854, 1.0]
[0, array([ 0.4569, -0.0311]), array([ 0.45118095, -0.02957619]), 0.7854, 1.0]
[0, array([ 0.4569, -0.0311]), array([ 0.45132857, -0.02957619]), 0.7854, 1.0]
[0, array([ 0.4569, -0.0311]), array([ 0.45147619, -0.02957619]), 0.7854, 1.0]
[0, array([ 0.4569, -0.0311]), array([ 0.45162381, -0.02957619]), 0.7854, 1.0]
[0, array([ 0.4569, -0.0311]), array([ 0.45177143, -0.02957619]), 0.7854, 1.0]
[0, array([ 0.4569, -0.0311]), array([ 0.45191905, -0.02957619]), 0.7854, 1.0]
[0, array([ 0.4569, -0.0311]), array([ 0.45206667, -0.02957619]), 0.7854, 1.0]
[0, array([ 0.4569, -0.0311]), array([ 0.45221429, -0.02957619]), 0.7854, 1.0]
[0, array([ 0.4569, -0.0311]), array([ 0.4523619 , -0.02957619]), 0.7854, 1.0]
[0, array([ 0.4569, -0.0311]), array([ 0.45250952, -0.02957619]), 0.7854, 1.0]
[0, array([ 0.4569, -0.0311]), array([ 0.45265714, -0.02957619]), 0.7854, 1.0]
[0, array([ 0.4569, -0.0311]), array([ 0.45280476, -0.02957619]), 0.7854, 1.0]
[0, array([ 0.4569, -0.0311]), array([ 0.45295238, -0.02957619]), 0.7854, 1.0]
[0, array([ 0.4569, -0.0311]), array([ 0.4531    , -0.02957619]), 0.7854, 1.0]
[0, array([ 0.4569, -0.0311]), array([ 0.45      , -0.02942857]), 0.7854, 1.0]
[0, array([ 0.4569, -0.0311]), array([ 0.45014762, -0.02942857]), 0.7854, 1.0]
[0, array([ 0.4569, -0.0311]), array([ 0.45029524, -0.02942857]), 0.7854, 1.0]
[0, array([ 0.4569, -0.0311]), array([ 0.45044286, -0.02942857]), 0.7854, 1.0]
[0, array([ 0.4569, -0.0311]), array([ 0.45059048, -0.02942857]), 0.7854, 1.0]
[0, array([ 0.4569, -0.0311]), array([ 0.4507381 , -0.02942857]), 0.7854, 1.0]
[0, array([ 0.4569, -0.0311]), array([ 0.45088571, -0.02942857]), 0.7854, 1.0]
[0, array([ 0.4569, -0.0311]), array([ 0.45103333, -0.02942857]), 0.7854, 1.0]
[0, array([ 0.4569, -0.0311]), array([ 0.45118095, -0.02942857]), 0.7854, 1.0]
[0, array([ 0.4569, -0.0311]), array([ 0.45132857, -0.02942857]), 0.7854, 1.0]
[0, array([ 0.4569, -0.0311]), array([ 0.45147619, -0.02942857]), 0.7854, 1.0]
[0, array([ 0.4569, -0.0311]), array([ 0.45162381, -0.02942857]), 0.7854, 1.0]
[0, array([ 0.4569, -0.0311]), array([ 0.45177143, -0.02942857]), 0.7854, 1.0]
[0, array([ 0.4569, -0.0311]), array([ 0.45191905, -0.02942857]), 0.7854, 1.0]
[0, array([ 0.4569, -0.0311]), array([ 0.45206667, -0.02942857]), 0.7854, 1.0]
[0, array([ 0.4569, -0.0311]), array([ 0.45221429, -0.02942857]), 0.7854, 1.0]
[0, array([ 0.4569, -0.0311]), array([ 0.4523619 , -0.02942857]), 0.7854, 1.0]
[0, array([ 0.4569, -0.0311]), array([ 0.45250952, -0.02942857]), 0.7854, 1.0]
[0, array([ 0.4569, -0.0311]), array([ 0.45265714, -0.02942857]), 0.7854, 1.0]
[0, array([ 0.4569, -0.0311]), array([ 0.45280476, -0.02942857]), 0.7854, 1.0]
[0, array([ 0.4569, -0.0311]), array([ 0.45295238, -0.02942857]), 0.7854, 1.0]
[0, array([ 0.4569, -0.0311]), array([ 0.4531    , -0.02942857]), 0.7854, 1.0]
[0, array([ 0.4569, -0.0311]), array([ 0.45      , -0.02928095]), 0.7854, 1.0]
[0, array([ 0.4569, -0.0311]), array([ 0.45014762, -0.02928095]), 0.7854, 1.0]
[0, array([ 0.4569, -0.0311]), array([ 0.45029524, -0.02928095]), 0.7854, 1.0]
[0, array([ 0.4569, -0.0311]), array([ 0.45044286, -0.02928095]), 0.7854, 1.0]
[0, array([ 0.4569, -0.0311]), array([ 0.45059048, -0.02928095]), 0.7854, 1.0]
[0, array([ 0.4569, -0.0311]), array([ 0.4507381 , -0.02928095]), 0.7854, 1.0]
[0, array([ 0.4569, -0.0311]), array([ 0.45088571, -0.02928095]), 0.7854, 1.0]
[0, array([ 0.4569, -0.0311]), array([ 0.45103333, -0.02928095]), 0.7854, 1.0]
[0, array([ 0.4569, -0.0311]), array([ 0.45118095, -0.02928095]), 0.7854, 1.0]
[0, array([ 0.4569, -0.0311]), array([ 0.45132857, -0.02928095]), 0.7854, 1.0]
[0, array([ 0.4569, -0.0311]), array([ 0.45147619, -0.02928095]), 0.7854, 1.0]
[0, array([ 0.4569, -0.0311]), array([ 0.45162381, -0.02928095]), 0.7854, 1.0]
[0, array([ 0.4569, -0.0311]), array([ 0.45177143, -0.02928095]), 0.7854, 1.0]
[0, array([ 0.4569, -0.0311]), array([ 0.45191905, -0.02928095]), 0.7854, 1.0]
[0, array([ 0.4569, -0.0311]), array([ 0.45206667, -0.02928095]), 0.7854, 1.0]
[0, array([ 0.4569, -0.0311]), array([ 0.45221429, -0.02928095]), 0.7854, 1.0]
[0, array([ 0.4569, -0.0311]), array([ 0.4523619 , -0.02928095]), 0.7854, 1.0]
[0, array([ 0.4569, -0.0311]), array([ 0.45250952, -0.02928095]), 0.7854, 1.0]
[0, array([ 0.4569, -0.0311]), array([ 0.45265714, -0.02928095]), 0.7854, 1.0]
[0, array([ 0.4569, -0.0311]), array([ 0.45280476, -0.02928095]), 0.7854, 1.0]
[0, array([ 0.4569, -0.0311]), array([ 0.45295238, -0.02928095]), 0.7854, 1.0]
[0, array([ 0.4569, -0.0311]), array([ 0.4531    , -0.02928095]), 0.7854, 1.0]
[0, array([ 0.4569, -0.0311]), array([ 0.45      , -0.02913333]), 0.7854, 1.0]
[0, array([ 0.4569, -0.0311]), array([ 0.45014762, -0.02913333]), 0.7854, 1.0]
[0, array([ 0.4569, -0.0311]), array([ 0.45029524, -0.02913333]), 0.7854, 1.0]
[0, array([ 0.4569, -0.0311]), array([ 0.45044286, -0.02913333]), 0.7854, 1.0]
[0, array([ 0.4569, -0.0311]), array([ 0.45059048, -0.02913333]), 0.7854, 1.0]
[0, array([ 0.4569, -0.0311]), array([ 0.4507381 , -0.02913333]), 0.7854, 1.0]
[0, array([ 0.4569, -0.0311]), array([ 0.45088571, -0.02913333]), 0.7854, 1.0]
[0, array([ 0.4569, -0.0311]), array([ 0.45103333, -0.02913333]), 0.7854, 1.0]
[0, array([ 0.4569, -0.0311]), array([ 0.45118095, -0.02913333]), 0.7854, 1.0]
[0, array([ 0.4569, -0.0311]), array([ 0.45132857, -0.02913333]), 0.7854, 1.0]
[0, array([ 0.4569, -0.0311]), array([ 0.45147619, -0.02913333]), 0.7854, 1.0]
[0, array([ 0.4569, -0.0311]), array([ 0.45162381, -0.02913333]), 0.7854, 1.0]
[0, array([ 0.4569, -0.0311]), array([ 0.45177143, -0.02913333]), 0.7854, 1.0]
[0, array([ 0.4569, -0.0311]), array([ 0.45191905, -0.02913333]), 0.7854, 1.0]
[0, array([ 0.4569, -0.0311]), array([ 0.45206667, -0.02913333]), 0.7854, 1.0]
[0, array([ 0.4569, -0.0311]), array([ 0.45221429, -0.02913333]), 0.7854, 1.0]
[0, array([ 0.4569, -0.0311]), array([ 0.4523619 , -0.02913333]), 0.7854, 1.0]
[0, array([ 0.4569, -0.0311]), array([ 0.45250952, -0.02913333]), 0.7854, 1.0]
[0, array([ 0.4569, -0.0311]), array([ 0.45265714, -0.02913333]), 0.7854, 1.0]
[0, array([ 0.4569, -0.0311]), array([ 0.45280476, -0.02913333]), 0.7854, 1.0]
[0, array([ 0.4569, -0.0311]), array([ 0.45295238, -0.02913333]), 0.7854, 1.0]
[0, array([ 0.4569, -0.0311]), array([ 0.4531    , -0.02913333]), 0.7854, 1.0]
[0, array([ 0.4569, -0.0311]), array([ 0.45      , -0.02898571]), 0.7854, 1.0]
[0, array([ 0.4569, -0.0311]), array([ 0.45014762, -0.02898571]), 0.7854, 1.0]
[0, array([ 0.4569, -0.0311]), array([ 0.45029524, -0.02898571]), 0.7854, 1.0]
[0, array([ 0.4569, -0.0311]), array([ 0.45044286, -0.02898571]), 0.7854, 1.0]
[0, array([ 0.4569, -0.0311]), array([ 0.45059048, -0.02898571]), 0.7854, 1.0]
[0, array([ 0.4569, -0.0311]), array([ 0.4507381 , -0.02898571]), 0.7854, 1.0]
[0, array([ 0.4569, -0.0311]), array([ 0.45088571, -0.02898571]), 0.7854, 1.0]
[0, array([ 0.4569, -0.0311]), array([ 0.45103333, -0.02898571]), 0.7854, 1.0]
[0, array([ 0.4569, -0.0311]), array([ 0.45118095, -0.02898571]), 0.7854, 1.0]
[0, array([ 0.4569, -0.0311]), array([ 0.45132857, -0.02898571]), 0.7854, 1.0]
[0, array([ 0.4569, -0.0311]), array([ 0.45147619, -0.02898571]), 0.7854, 1.0]
[0, array([ 0.4569, -0.0311]), array([ 0.45162381, -0.02898571]), 0.7854, 1.0]
[0, array([ 0.4569, -0.0311]), array([ 0.45177143, -0.02898571]), 0.7854, 1.0]
[0, array([ 0.4569, -0.0311]), array([ 0.45191905, -0.02898571]), 0.7854, 1.0]
[0, array([ 0.4569, -0.0311]), array([ 0.45206667, -0.02898571]), 0.7854, 1.0]
[0, array([ 0.4569, -0.0311]), array([ 0.45221429, -0.02898571]), 0.7854, 1.0]
[0, array([ 0.4569, -0.0311]), array([ 0.4523619 , -0.02898571]), 0.7854, 1.0]
[0, array([ 0.4569, -0.0311]), array([ 0.45250952, -0.02898571]), 0.7854, 1.0]
[0, array([ 0.4569, -0.0311]), array([ 0.45265714, -0.02898571]), 0.7854, 1.0]
[0, array([ 0.4569, -0.0311]), array([ 0.45280476, -0.02898571]), 0.7854, 1.0]
[0, array([ 0.4569, -0.0311]), array([ 0.45295238, -0.02898571]), 0.7854, 1.0]
[0, array([ 0.4569, -0.0311]), array([ 0.4531    , -0.02898571]), 0.7854, 1.0]
[0, array([ 0.4569, -0.0311]), array([ 0.45     , -0.0288381]), 0.7854, 1.0]
[0, array([ 0.4569, -0.0311]), array([ 0.45014762, -0.0288381 ]), 0.7854, 1.0]
[0, array([ 0.4569, -0.0311]), array([ 0.45029524, -0.0288381 ]), 0.7854, 1.0]
[0, array([ 0.4569, -0.0311]), array([ 0.45044286, -0.0288381 ]), 0.7854, 1.0]
[0, array([ 0.4569, -0.0311]), array([ 0.45059048, -0.0288381 ]), 0.7854, 1.0]
[0, array([ 0.4569, -0.0311]), array([ 0.4507381, -0.0288381]), 0.7854, 1.0]
[0, array([ 0.4569, -0.0311]), array([ 0.45088571, -0.0288381 ]), 0.7854, 1.0]
[0, array([ 0.4569, -0.0311]), array([ 0.45103333, -0.0288381 ]), 0.7854, 1.0]
[0, array([ 0.4569, -0.0311]), array([ 0.45118095, -0.0288381 ]), 0.7854, 1.0]
[0, array([ 0.4569, -0.0311]), array([ 0.45132857, -0.0288381 ]), 0.7854, 1.0]
[0, array([ 0.4569, -0.0311]), array([ 0.45147619, -0.0288381 ]), 0.7854, 1.0]
[0, array([ 0.4569, -0.0311]), array([ 0.45162381, -0.0288381 ]), 0.7854, 1.0]
[0, array([ 0.4569, -0.0311]), array([ 0.45177143, -0.0288381 ]), 0.7854, 1.0]
[0, array([ 0.4569, -0.0311]), array([ 0.45191905, -0.0288381 ]), 0.7854, 1.0]
[0, array([ 0.4569, -0.0311]), array([ 0.45206667, -0.0288381 ]), 0.7854, 1.0]
[0, array([ 0.4569, -0.0311]), array([ 0.45221429, -0.0288381 ]), 0.7854, 1.0]
[0, array([ 0.4569, -0.0311]), array([ 0.4523619, -0.0288381]), 0.7854, 1.0]
[0, array([ 0.4569, -0.0311]), array([ 0.45250952, -0.0288381 ]), 0.7854, 1.0]
[0, array([ 0.4569, -0.0311]), array([ 0.45265714, -0.0288381 ]), 0.7854, 1.0]
[0, array([ 0.4569, -0.0311]), array([ 0.45280476, -0.0288381 ]), 0.7854, 1.0]
[0, array([ 0.4569, -0.0311]), array([ 0.45295238, -0.0288381 ]), 0.7854, 1.0]
[0, array([ 0.4569, -0.0311]), array([ 0.4531   , -0.0288381]), 0.7854, 1.0]
[0, array([ 0.4569, -0.0311]), array([ 0.45      , -0.02869048]), 0.7854, 1.0]
[0, array([ 0.4569, -0.0311]), array([ 0.45014762, -0.02869048]), 0.7854, 1.0]
[0, array([ 0.4569, -0.0311]), array([ 0.45029524, -0.02869048]), 0.7854, 1.0]
[0, array([ 0.4569, -0.0311]), array([ 0.45044286, -0.02869048]), 0.7854, 1.0]
[0, array([ 0.4569, -0.0311]), array([ 0.45059048, -0.02869048]), 0.7854, 1.0]
[0, array([ 0.4569, -0.0311]), array([ 0.4507381 , -0.02869048]), 0.7854, 1.0]
[0, array([ 0.4569, -0.0311]), array([ 0.45088571, -0.02869048]), 0.7854, 1.0]
[0, array([ 0.4569, -0.0311]), array([ 0.45103333, -0.02869048]), 0.7854, 1.0]
[0, array([ 0.4569, -0.0311]), array([ 0.45118095, -0.02869048]), 0.7854, 1.0]
[0, array([ 0.4569, -0.0311]), array([ 0.45132857, -0.02869048]), 0.7854, 1.0]
[0, array([ 0.4569, -0.0311]), array([ 0.45147619, -0.02869048]), 0.7854, 1.0]
[0, array([ 0.4569, -0.0311]), array([ 0.45162381, -0.02869048]), 0.7854, 1.0]
[0, array([ 0.4569, -0.0311]), array([ 0.45177143, -0.02869048]), 0.7854, 1.0]
[0, array([ 0.4569, -0.0311]), array([ 0.45191905, -0.02869048]), 0.7854, 1.0]
[0, array([ 0.4569, -0.0311]), array([ 0.45206667, -0.02869048]), 0.7854, 1.0]
[0, array([ 0.4569, -0.0311]), array([ 0.45221429, -0.02869048]), 0.7854, 1.0]
[0, array([ 0.4569, -0.0311]), array([ 0.4523619 , -0.02869048]), 0.7854, 1.0]
[0, array([ 0.4569, -0.0311]), array([ 0.45250952, -0.02869048]), 0.7854, 1.0]
[0, array([ 0.4569, -0.0311]), array([ 0.45265714, -0.02869048]), 0.7854, 1.0]
[0, array([ 0.4569, -0.0311]), array([ 0.45280476, -0.02869048]), 0.7854, 1.0]
[0, array([ 0.4569, -0.0311]), array([ 0.45295238, -0.02869048]), 0.7854, 1.0]
[0, array([ 0.4569, -0.0311]), array([ 0.4531    , -0.02869048]), 0.7854, 1.0]
[0, array([ 0.4569, -0.0311]), array([ 0.45      , -0.02854286]), 0.7854, 1.0]
[0, array([ 0.4569, -0.0311]), array([ 0.45014762, -0.02854286]), 0.7854, 1.0]
[0, array([ 0.4569, -0.0311]), array([ 0.45029524, -0.02854286]), 0.7854, 1.0]
[0, array([ 0.4569, -0.0311]), array([ 0.45044286, -0.02854286]), 0.7854, 1.0]
[0, array([ 0.4569, -0.0311]), array([ 0.45059048, -0.02854286]), 0.7854, 1.0]
[0, array([ 0.4569, -0.0311]), array([ 0.4507381 , -0.02854286]), 0.7854, 1.0]
[0, array([ 0.4569, -0.0311]), array([ 0.45088571, -0.02854286]), 0.7854, 1.0]
[0, array([ 0.4569, -0.0311]), array([ 0.45103333, -0.02854286]), 0.7854, 1.0]
[0, array([ 0.4569, -0.0311]), array([ 0.45118095, -0.02854286]), 0.7854, 1.0]
[0, array([ 0.4569, -0.0311]), array([ 0.45132857, -0.02854286]), 0.7854, 1.0]
[0, array([ 0.4569, -0.0311]), array([ 0.45147619, -0.02854286]), 0.7854, 1.0]
[0, array([ 0.4569, -0.0311]), array([ 0.45162381, -0.02854286]), 0.7854, 1.0]
[0, array([ 0.4569, -0.0311]), array([ 0.45177143, -0.02854286]), 0.7854, 1.0]
[0, array([ 0.4569, -0.0311]), array([ 0.45191905, -0.02854286]), 0.7854, 1.0]
[0, array([ 0.4569, -0.0311]), array([ 0.45206667, -0.02854286]), 0.7854, 1.0]
[0, array([ 0.4569, -0.0311]), array([ 0.45221429, -0.02854286]), 0.7854, 1.0]
[0, array([ 0.4569, -0.0311]), array([ 0.4523619 , -0.02854286]), 0.7854, 1.0]
[0, array([ 0.4569, -0.0311]), array([ 0.45250952, -0.02854286]), 0.7854, 1.0]
[0, array([ 0.4569, -0.0311]), array([ 0.45265714, -0.02854286]), 0.7854, 1.0]
[0, array([ 0.4569, -0.0311]), array([ 0.45280476, -0.02854286]), 0.7854, 1.0]
[0, array([ 0.4569, -0.0311]), array([ 0.45295238, -0.02854286]), 0.7854, 1.0]
[0, array([ 0.4569, -0.0311]), array([ 0.4531    , -0.02854286]), 0.7854, 1.0]
[0, array([ 0.4569, -0.0311]), array([ 0.45      , -0.02839524]), 0.7854, 1.0]
[0, array([ 0.4569, -0.0311]), array([ 0.45014762, -0.02839524]), 0.7854, 1.0]
[0, array([ 0.4569, -0.0311]), array([ 0.45029524, -0.02839524]), 0.7854, 1.0]
[0, array([ 0.4569, -0.0311]), array([ 0.45044286, -0.02839524]), 0.7854, 1.0]
[0, array([ 0.4569, -0.0311]), array([ 0.45059048, -0.02839524]), 0.7854, 1.0]
[0, array([ 0.4569, -0.0311]), array([ 0.4507381 , -0.02839524]), 0.7854, 1.0]
[0, array([ 0.4569, -0.0311]), array([ 0.45088571, -0.02839524]), 0.7854, 1.0]
[0, array([ 0.4569, -0.0311]), array([ 0.45103333, -0.02839524]), 0.7854, 1.0]
[0, array([ 0.4569, -0.0311]), array([ 0.45118095, -0.02839524]), 0.7854, 1.0]
[0, array([ 0.4569, -0.0311]), array([ 0.45132857, -0.02839524]), 0.7854, 1.0]
[0, array([ 0.4569, -0.0311]), array([ 0.45147619, -0.02839524]), 0.7854, 1.0]
[0, array([ 0.4569, -0.0311]), array([ 0.45162381, -0.02839524]), 0.7854, 1.0]
[0, array([ 0.4569, -0.0311]), array([ 0.45177143, -0.02839524]), 0.7854, 1.0]
[0, array([ 0.4569, -0.0311]), array([ 0.45191905, -0.02839524]), 0.7854, 1.0]
[0, array([ 0.4569, -0.0311]), array([ 0.45206667, -0.02839524]), 0.7854, 1.0]
[0, array([ 0.4569, -0.0311]), array([ 0.45221429, -0.02839524]), 0.7854, 1.0]
[0, array([ 0.4569, -0.0311]), array([ 0.4523619 , -0.02839524]), 0.7854, 1.0]
[0, array([ 0.4569, -0.0311]), array([ 0.45250952, -0.02839524]), 0.7854, 1.0]
[0, array([ 0.4569, -0.0311]), array([ 0.45265714, -0.02839524]), 0.7854, 1.0]
[0, array([ 0.4569, -0.0311]), array([ 0.45280476, -0.02839524]), 0.7854, 1.0]
[0, array([ 0.4569, -0.0311]), array([ 0.45295238, -0.02839524]), 0.7854, 1.0]
[0, array([ 0.4569, -0.0311]), array([ 0.4531    , -0.02839524]), 0.7854, 1.0]
[0, array([ 0.4569, -0.0311]), array([ 0.45      , -0.02824762]), 0.7854, 1.0]
[0, array([ 0.4569, -0.0311]), array([ 0.45014762, -0.02824762]), 0.7854, 1.0]
[0, array([ 0.4569, -0.0311]), array([ 0.45029524, -0.02824762]), 0.7854, 1.0]
[0, array([ 0.4569, -0.0311]), array([ 0.45044286, -0.02824762]), 0.7854, 1.0]
[0, array([ 0.4569, -0.0311]), array([ 0.45059048, -0.02824762]), 0.7854, 1.0]
[0, array([ 0.4569, -0.0311]), array([ 0.4507381 , -0.02824762]), 0.7854, 1.0]
[0, array([ 0.4569, -0.0311]), array([ 0.45088571, -0.02824762]), 0.7854, 1.0]
[0, array([ 0.4569, -0.0311]), array([ 0.45103333, -0.02824762]), 0.7854, 1.0]
[0, array([ 0.4569, -0.0311]), array([ 0.45118095, -0.02824762]), 0.7854, 1.0]
[0, array([ 0.4569, -0.0311]), array([ 0.45132857, -0.02824762]), 0.7854, 1.0]
[0, array([ 0.4569, -0.0311]), array([ 0.45147619, -0.02824762]), 0.7854, 1.0]
[0, array([ 0.4569, -0.0311]), array([ 0.45162381, -0.02824762]), 0.7854, 1.0]
[0, array([ 0.4569, -0.0311]), array([ 0.45177143, -0.02824762]), 0.7854, 1.0]
[0, array([ 0.4569, -0.0311]), array([ 0.45191905, -0.02824762]), 0.7854, 1.0]
[0, array([ 0.4569, -0.0311]), array([ 0.45206667, -0.02824762]), 0.7854, 1.0]
[0, array([ 0.4569, -0.0311]), array([ 0.45221429, -0.02824762]), 0.7854, 1.0]
[0, array([ 0.4569, -0.0311]), array([ 0.4523619 , -0.02824762]), 0.7854, 1.0]
[0, array([ 0.4569, -0.0311]), array([ 0.45250952, -0.02824762]), 0.7854, 1.0]
[0, array([ 0.4569, -0.0311]), array([ 0.45265714, -0.02824762]), 0.7854, 1.0]
[0, array([ 0.4569, -0.0311]), array([ 0.45280476, -0.02824762]), 0.7854, 1.0]
[0, array([ 0.4569, -0.0311]), array([ 0.45295238, -0.02824762]), 0.7854, 1.0]
[0, array([ 0.4569, -0.0311]), array([ 0.4531    , -0.02824762]), 0.7854, 1.0]
[0, array([ 0.4569, -0.0311]), array([ 0.45  , -0.0281]), 0.7854, 1.0]
[0, array([ 0.4569, -0.0311]), array([ 0.45014762, -0.0281    ]), 0.7854, 1.0]
[0, array([ 0.4569, -0.0311]), array([ 0.45029524, -0.0281    ]), 0.7854, 1.0]
[0, array([ 0.4569, -0.0311]), array([ 0.45044286, -0.0281    ]), 0.7854, 1.0]
[0, array([ 0.4569, -0.0311]), array([ 0.45059048, -0.0281    ]), 0.7854, 1.0]
[0, array([ 0.4569, -0.0311]), array([ 0.4507381, -0.0281   ]), 0.7854, 1.0]
[0, array([ 0.4569, -0.0311]), array([ 0.45088571, -0.0281    ]), 0.7854, 1.0]
[0, array([ 0.4569, -0.0311]), array([ 0.45103333, -0.0281    ]), 0.7854, 1.0]
[0, array([ 0.4569, -0.0311]), array([ 0.45118095, -0.0281    ]), 0.7854, 1.0]
[0, array([ 0.4569, -0.0311]), array([ 0.45132857, -0.0281    ]), 0.7854, 1.0]
[0, array([ 0.4569, -0.0311]), array([ 0.45147619, -0.0281    ]), 0.7854, 1.0]
[0, array([ 0.4569, -0.0311]), array([ 0.45162381, -0.0281    ]), 0.7854, 1.0]
[0, array([ 0.4569, -0.0311]), array([ 0.45177143, -0.0281    ]), 0.7854, 1.0]
[0, array([ 0.4569, -0.0311]), array([ 0.45191905, -0.0281    ]), 0.7854, 1.0]
[0, array([ 0.4569, -0.0311]), array([ 0.45206667, -0.0281    ]), 0.7854, 1.0]
[0, array([ 0.4569, -0.0311]), array([ 0.45221429, -0.0281    ]), 0.7854, 1.0]
[0, array([ 0.4569, -0.0311]), array([ 0.4523619, -0.0281   ]), 0.7854, 1.0]
[0, array([ 0.4569, -0.0311]), array([ 0.45250952, -0.0281    ]), 0.7854, 1.0]
[0, array([ 0.4569, -0.0311]), array([ 0.45265714, -0.0281    ]), 0.7854, 1.0]
[0, array([ 0.4569, -0.0311]), array([ 0.45280476, -0.0281    ]), 0.7854, 1.0]
[0, array([ 0.4569, -0.0311]), array([ 0.45295238, -0.0281    ]), 0.7854, 1.0]
[0, array([ 0.4569, -0.0311]), array([ 0.4531, -0.0281]), 0.7854, 1.0]
