[82, array([0.4643, 0.0365]), array([0.4578, 0.0281]), 0.7854, 1.0]
[82, array([0.4643, 0.0365]), array([0.4581, 0.0281]), 0.7854, 1.0]
[82, array([0.4643, 0.0365]), array([0.4584, 0.0281]), 0.7854, 1.0]
[82, array([0.4643, 0.0365]), array([0.4587, 0.0281]), 0.7854, 1.0]
[82, array([0.4643, 0.0365]), array([0.459 , 0.0281]), 0.7854, 1.0]
[82, array([0.4643, 0.0365]), array([0.4593, 0.0281]), 0.7854, 1.0]
[82, array([0.4643, 0.0365]), array([0.4596, 0.0281]), 0.7854, 1.0]
[82, array([0.4643, 0.0365]), array([0.4599, 0.0281]), 0.7854, 1.0]
[82, array([0.4643, 0.0365]), array([0.4602, 0.0281]), 0.7854, 1.0]
[82, array([0.4643, 0.0365]), array([0.4605, 0.0281]), 0.7854, 1.0]
[82, array([0.4643, 0.0365]), array([0.4608, 0.0281]), 0.7854, 1.0]
[82, array([0.4643, 0.0365]), array([0.4611, 0.0281]), 0.7854, 1.0]
[82, array([0.4643, 0.0365]), array([0.4614, 0.0281]), 0.7854, 1.0]
[82, array([0.4643, 0.0365]), array([0.4617, 0.0281]), 0.7854, 1.0]
[82, array([0.4643, 0.0365]), array([0.462 , 0.0281]), 0.7854, 1.0]
[82, array([0.4643, 0.0365]), array([0.4623, 0.0281]), 0.7854, 1.0]
[82, array([0.4643, 0.0365]), array([0.4626, 0.0281]), 0.7854, 1.0]
[82, array([0.4643, 0.0365]), array([0.4629, 0.0281]), 0.7854, 1.0]
[82, array([0.4643, 0.0365]), array([0.4632, 0.0281]), 0.7854, 1.0]
[82, array([0.4643, 0.0365]), array([0.4635, 0.0281]), 0.7854, 1.0]
[82, array([0.4643, 0.0365]), array([0.4638, 0.0281]), 0.7854, 1.0]
[82, array([0.4643, 0.0365]), array([0.4641, 0.0281]), 0.7854, 1.0]
[82, array([0.4643, 0.0365]), array([0.4578, 0.0284]), 0.7854, 1.0]
[82, array([0.4643, 0.0365]), array([0.4581, 0.0284]), 0.7854, 1.0]
[82, array([0.4643, 0.0365]), array([0.4584, 0.0284]), 0.7854, 1.0]
[82, array([0.4643, 0.0365]), array([0.4587, 0.0284]), 0.7854, 1.0]
[82, array([0.4643, 0.0365]), array([0.459 , 0.0284]), 0.7854, 1.0]
[82, array([0.4643, 0.0365]), array([0.4593, 0.0284]), 0.7854, 1.0]
[82, array([0.4643, 0.0365]), array([0.4596, 0.0284]), 0.7854, 1.0]
[82, array([0.4643, 0.0365]), array([0.4599, 0.0284]), 0.7854, 1.0]
[82, array([0.4643, 0.0365]), array([0.4602, 0.0284]), 0.7854, 1.0]
[82, array([0.4643, 0.0365]), array([0.4605, 0.0284]), 0.7854, 1.0]
[82, array([0.4643, 0.0365]), array([0.4608, 0.0284]), 0.7854, 1.0]
[82, array([0.4643, 0.0365]), array([0.4611, 0.0284]), 0.7854, 1.0]
[82, array([0.4643, 0.0365]), array([0.4614, 0.0284]), 0.7854, 1.0]
[82, array([0.4643, 0.0365]), array([0.4617, 0.0284]), 0.7854, 1.0]
[82, array([0.4643, 0.0365]), array([0.462 , 0.0284]), 0.7854, 1.0]
[82, array([0.4643, 0.0365]), array([0.4623, 0.0284]), 0.7854, 1.0]
[82, array([0.4643, 0.0365]), array([0.4626, 0.0284]), 0.7854, 1.0]
[82, array([0.4643, 0.0365]), array([0.4629, 0.0284]), 0.7854, 1.0]
[82, array([0.4643, 0.0365]), array([0.4632, 0.0284]), 0.7854, 1.0]
[82, array([0.4643, 0.0365]), array([0.4635, 0.0284]), 0.7854, 1.0]
[82, array([0.4643, 0.0365]), array([0.4638, 0.0284]), 0.7854, 1.0]
[82, array([0.4643, 0.0365]), array([0.4641, 0.0284]), 0.7854, 1.0]
[82, array([0.4643, 0.0365]), array([0.4578, 0.0287]), 0.7854, 1.0]
[82, array([0.4643, 0.0365]), array([0.4581, 0.0287]), 0.7854, 1.0]
[82, array([0.4643, 0.0365]), array([0.4584, 0.0287]), 0.7854, 1.0]
[82, array([0.4643, 0.0365]), array([0.4587, 0.0287]), 0.7854, 1.0]
[82, array([0.4643, 0.0365]), array([0.459 , 0.0287]), 0.7854, 1.0]
[82, array([0.4643, 0.0365]), array([0.4593, 0.0287]), 0.7854, 1.0]
[82, array([0.4643, 0.0365]), array([0.4596, 0.0287]), 0.7854, 1.0]
[82, array([0.4643, 0.0365]), array([0.4599, 0.0287]), 0.7854, 1.0]
[82, array([0.4643, 0.0365]), array([0.4602, 0.0287]), 0.7854, 1.0]
[82, array([0.4643, 0.0365]), array([0.4605, 0.0287]), 0.7854, 1.0]
[82, array([0.4643, 0.0365]), array([0.4608, 0.0287]), 0.7854, 1.0]
[82, array([0.4643, 0.0365]), array([0.4611, 0.0287]), 0.7854, 1.0]
[82, array([0.4643, 0.0365]), array([0.4614, 0.0287]), 0.7854, 1.0]
[82, array([0.4643, 0.0365]), array([0.4617, 0.0287]), 0.7854, 1.0]
[82, array([0.4643, 0.0365]), array([0.462 , 0.0287]), 0.7854, 1.0]
[82, array([0.4643, 0.0365]), array([0.4623, 0.0287]), 0.7854, 1.0]
[82, array([0.4643, 0.0365]), array([0.4626, 0.0287]), 0.7854, 1.0]
[82, array([0.4643, 0.0365]), array([0.4629, 0.0287]), 0.7854, 1.0]
[82, array([0.4643, 0.0365]), array([0.4632, 0.0287]), 0.7854, 1.0]
[82, array([0.4643, 0.0365]), array([0.4635, 0.0287]), 0.7854, 1.0]
[82, array([0.4643, 0.0365]), array([0.4638, 0.0287]), 0.7854, 1.0]
[82, array([0.4643, 0.0365]), array([0.4641, 0.0287]), 0.7854, 1.0]
[82, array([0.4643, 0.0365]), array([0.4578, 0.029 ]), 0.7854, 1.0]
[82, array([0.4643, 0.0365]), array([0.4581, 0.029 ]), 0.7854, 1.0]
[82, array([0.4643, 0.0365]), array([0.4584, 0.029 ]), 0.7854, 1.0]
[82, array([0.4643, 0.0365]), array([0.4587, 0.029 ]), 0.7854, 1.0]
[82, array([0.4643, 0.0365]), array([0.459, 0.029]), 0.7854, 1.0]
[82, array([0.4643, 0.0365]), array([0.4593, 0.029 ]), 0.7854, 1.0]
[82, array([0.4643, 0.0365]), array([0.4596, 0.029 ]), 0.7854, 1.0]
[82, array([0.4643, 0.0365]), array([0.4599, 0.029 ]), 0.7854, 1.0]
[82, array([0.4643, 0.0365]), array([0.4602, 0.029 ]), 0.7854, 1.0]
[82, array([0.4643, 0.0365]), array([0.4605, 0.029 ]), 0.7854, 1.0]
[82, array([0.4643, 0.0365]), array([0.4608, 0.029 ]), 0.7854, 1.0]
[82, array([0.4643, 0.0365]), array([0.4611, 0.029 ]), 0.7854, 1.0]
[82, array([0.4643, 0.0365]), array([0.4614, 0.029 ]), 0.7854, 1.0]
[82, array([0.4643, 0.0365]), array([0.4617, 0.029 ]), 0.7854, 1.0]
[82, array([0.4643, 0.0365]), array([0.462, 0.029]), 0.7854, 1.0]
[82, array([0.4643, 0.0365]), array([0.4623, 0.029 ]), 0.7854, 1.0]
[82, array([0.4643, 0.0365]), array([0.4626, 0.029 ]), 0.7854, 1.0]
[82, array([0.4643, 0.0365]), array([0.4629, 0.029 ]), 0.7854, 1.0]
[82, array([0.4643, 0.0365]), array([0.4632, 0.029 ]), 0.7854, 1.0]
[82, array([0.4643, 0.0365]), array([0.4635, 0.029 ]), 0.7854, 1.0]
[82, array([0.4643, 0.0365]), array([0.4638, 0.029 ]), 0.7854, 1.0]
[82, array([0.4643, 0.0365]), array([0.4641, 0.029 ]), 0.7854, 1.0]
[82, array([0.4643, 0.0365]), array([0.4578, 0.0293]), 0.7854, 1.0]
[82, array([0.4643, 0.0365]), array([0.4581, 0.0293]), 0.7854, 1.0]
[82, array([0.4643, 0.0365]), array([0.4584, 0.0293]), 0.7854, 1.0]
[82, array([0.4643, 0.0365]), array([0.4587, 0.0293]), 0.7854, 1.0]
[82, array([0.4643, 0.0365]), array([0.459 , 0.0293]), 0.7854, 1.0]
[82, array([0.4643, 0.0365]), array([0.4593, 0.0293]), 0.7854, 1.0]
[82, array([0.4643, 0.0365]), array([0.4596, 0.0293]), 0.7854, 1.0]
[82, array([0.4643, 0.0365]), array([0.4599, 0.0293]), 0.7854, 1.0]
[82, array([0.4643, 0.0365]), array([0.4602, 0.0293]), 0.7854, 1.0]
[82, array([0.4643, 0.0365]), array([0.4605, 0.0293]), 0.7854, 1.0]
[82, array([0.4643, 0.0365]), array([0.4608, 0.0293]), 0.7854, 1.0]
[82, array([0.4643, 0.0365]), array([0.4611, 0.0293]), 0.7854, 1.0]
[82, array([0.4643, 0.0365]), array([0.4614, 0.0293]), 0.7854, 1.0]
[82, array([0.4643, 0.0365]), array([0.4617, 0.0293]), 0.7854, 1.0]
[82, array([0.4643, 0.0365]), array([0.462 , 0.0293]), 0.7854, 1.0]
[82, array([0.4643, 0.0365]), array([0.4623, 0.0293]), 0.7854, 1.0]
[82, array([0.4643, 0.0365]), array([0.4626, 0.0293]), 0.7854, 1.0]
[82, array([0.4643, 0.0365]), array([0.4629, 0.0293]), 0.7854, 1.0]
[82, array([0.4643, 0.0365]), array([0.4632, 0.0293]), 0.7854, 1.0]
[82, array([0.4643, 0.0365]), array([0.4635, 0.0293]), 0.7854, 1.0]
[82, array([0.4643, 0.0365]), array([0.4638, 0.0293]), 0.7854, 1.0]
[82, array([0.4643, 0.0365]), array([0.4641, 0.0293]), 0.7854, 1.0]
[82, array([0.4643, 0.0365]), array([0.4578, 0.0296]), 0.7854, 1.0]
[82, array([0.4643, 0.0365]), array([0.4581, 0.0296]), 0.7854, 1.0]
[82, array([0.4643, 0.0365]), array([0.4584, 0.0296]), 0.7854, 1.0]
[82, array([0.4643, 0.0365]), array([0.4587, 0.0296]), 0.7854, 1.0]
[82, array([0.4643, 0.0365]), array([0.459 , 0.0296]), 0.7854, 1.0]
[82, array([0.4643, 0.0365]), array([0.4593, 0.0296]), 0.7854, 1.0]
[82, array([0.4643, 0.0365]), array([0.4596, 0.0296]), 0.7854, 1.0]
[82, array([0.4643, 0.0365]), array([0.4599, 0.0296]), 0.7854, 1.0]
[82, array([0.4643, 0.0365]), array([0.4602, 0.0296]), 0.7854, 1.0]
[82, array([0.4643, 0.0365]), array([0.4605, 0.0296]), 0.7854, 1.0]
[82, array([0.4643, 0.0365]), array([0.4608, 0.0296]), 0.7854, 1.0]
[82, array([0.4643, 0.0365]), array([0.4611, 0.0296]), 0.7854, 1.0]
[82, array([0.4643, 0.0365]), array([0.4614, 0.0296]), 0.7854, 1.0]
[82, array([0.4643, 0.0365]), array([0.4617, 0.0296]), 0.7854, 1.0]
[82, array([0.4643, 0.0365]), array([0.462 , 0.0296]), 0.7854, 1.0]
[82, array([0.4643, 0.0365]), array([0.4623, 0.0296]), 0.7854, 1.0]
[82, array([0.4643, 0.0365]), array([0.4626, 0.0296]), 0.7854, 1.0]
[82, array([0.4643, 0.0365]), array([0.4629, 0.0296]), 0.7854, 1.0]
[82, array([0.4643, 0.0365]), array([0.4632, 0.0296]), 0.7854, 1.0]
[82, array([0.4643, 0.0365]), array([0.4635, 0.0296]), 0.7854, 1.0]
[82, array([0.4643, 0.0365]), array([0.4638, 0.0296]), 0.7854, 1.0]
[82, array([0.4643, 0.0365]), array([0.4641, 0.0296]), 0.7854, 1.0]
[82, array([0.4643, 0.0365]), array([0.4578, 0.0299]), 0.7854, 1.0]
[82, array([0.4643, 0.0365]), array([0.4581, 0.0299]), 0.7854, 1.0]
[82, array([0.4643, 0.0365]), array([0.4584, 0.0299]), 0.7854, 1.0]
[82, array([0.4643, 0.0365]), array([0.4587, 0.0299]), 0.7854, 1.0]
[82, array([0.4643, 0.0365]), array([0.459 , 0.0299]), 0.7854, 1.0]
[82, array([0.4643, 0.0365]), array([0.4593, 0.0299]), 0.7854, 1.0]
[82, array([0.4643, 0.0365]), array([0.4596, 0.0299]), 0.7854, 1.0]
[82, array([0.4643, 0.0365]), array([0.4599, 0.0299]), 0.7854, 1.0]
[82, array([0.4643, 0.0365]), array([0.4602, 0.0299]), 0.7854, 1.0]
[82, array([0.4643, 0.0365]), array([0.4605, 0.0299]), 0.7854, 1.0]
[82, array([0.4643, 0.0365]), array([0.4608, 0.0299]), 0.7854, 1.0]
[82, array([0.4643, 0.0365]), array([0.4611, 0.0299]), 0.7854, 1.0]
[82, array([0.4643, 0.0365]), array([0.4614, 0.0299]), 0.7854, 1.0]
[82, array([0.4643, 0.0365]), array([0.4617, 0.0299]), 0.7854, 1.0]
[82, array([0.4643, 0.0365]), array([0.462 , 0.0299]), 0.7854, 1.0]
[82, array([0.4643, 0.0365]), array([0.4623, 0.0299]), 0.7854, 1.0]
[82, array([0.4643, 0.0365]), array([0.4626, 0.0299]), 0.7854, 1.0]
[82, array([0.4643, 0.0365]), array([0.4629, 0.0299]), 0.7854, 1.0]
[82, array([0.4643, 0.0365]), array([0.4632, 0.0299]), 0.7854, 1.0]
[82, array([0.4643, 0.0365]), array([0.4635, 0.0299]), 0.7854, 1.0]
[82, array([0.4643, 0.0365]), array([0.4638, 0.0299]), 0.7854, 1.0]
[82, array([0.4643, 0.0365]), array([0.4641, 0.0299]), 0.7854, 1.0]
[82, array([0.4643, 0.0365]), array([0.4578, 0.0302]), 0.7854, 1.0]
[82, array([0.4643, 0.0365]), array([0.4581, 0.0302]), 0.7854, 1.0]
[82, array([0.4643, 0.0365]), array([0.4584, 0.0302]), 0.7854, 1.0]
[82, array([0.4643, 0.0365]), array([0.4587, 0.0302]), 0.7854, 1.0]
[82, array([0.4643, 0.0365]), array([0.459 , 0.0302]), 0.7854, 1.0]
[82, array([0.4643, 0.0365]), array([0.4593, 0.0302]), 0.7854, 1.0]
[82, array([0.4643, 0.0365]), array([0.4596, 0.0302]), 0.7854, 1.0]
[82, array([0.4643, 0.0365]), array([0.4599, 0.0302]), 0.7854, 1.0]
[82, array([0.4643, 0.0365]), array([0.4602, 0.0302]), 0.7854, 1.0]
[82, array([0.4643, 0.0365]), array([0.4605, 0.0302]), 0.7854, 1.0]
[82, array([0.4643, 0.0365]), array([0.4608, 0.0302]), 0.7854, 1.0]
[82, array([0.4643, 0.0365]), array([0.4611, 0.0302]), 0.7854, 1.0]
[82, array([0.4643, 0.0365]), array([0.4614, 0.0302]), 0.7854, 1.0]
[82, array([0.4643, 0.0365]), array([0.4617, 0.0302]), 0.7854, 1.0]
[82, array([0.4643, 0.0365]), array([0.462 , 0.0302]), 0.7854, 1.0]
[82, array([0.4643, 0.0365]), array([0.4623, 0.0302]), 0.7854, 1.0]
[82, array([0.4643, 0.0365]), array([0.4626, 0.0302]), 0.7854, 1.0]
[82, array([0.4643, 0.0365]), array([0.4629, 0.0302]), 0.7854, 1.0]
[82, array([0.4643, 0.0365]), array([0.4632, 0.0302]), 0.7854, 1.0]
[82, array([0.4643, 0.0365]), array([0.4635, 0.0302]), 0.7854, 1.0]
[82, array([0.4643, 0.0365]), array([0.4638, 0.0302]), 0.7854, 1.0]
[82, array([0.4643, 0.0365]), array([0.4641, 0.0302]), 0.7854, 1.0]
[82, array([0.4643, 0.0365]), array([0.4578, 0.0305]), 0.7854, 1.0]
[82, array([0.4643, 0.0365]), array([0.4581, 0.0305]), 0.7854, 1.0]
[82, array([0.4643, 0.0365]), array([0.4584, 0.0305]), 0.7854, 1.0]
[82, array([0.4643, 0.0365]), array([0.4587, 0.0305]), 0.7854, 1.0]
[82, array([0.4643, 0.0365]), array([0.459 , 0.0305]), 0.7854, 1.0]
[82, array([0.4643, 0.0365]), array([0.4593, 0.0305]), 0.7854, 1.0]
[82, array([0.4643, 0.0365]), array([0.4596, 0.0305]), 0.7854, 1.0]
[82, array([0.4643, 0.0365]), array([0.4599, 0.0305]), 0.7854, 1.0]
[82, array([0.4643, 0.0365]), array([0.4602, 0.0305]), 0.7854, 1.0]
[82, array([0.4643, 0.0365]), array([0.4605, 0.0305]), 0.7854, 1.0]
[82, array([0.4643, 0.0365]), array([0.4608, 0.0305]), 0.7854, 1.0]
[82, array([0.4643, 0.0365]), array([0.4611, 0.0305]), 0.7854, 1.0]
[82, array([0.4643, 0.0365]), array([0.4614, 0.0305]), 0.7854, 1.0]
[82, array([0.4643, 0.0365]), array([0.4617, 0.0305]), 0.7854, 1.0]
[82, array([0.4643, 0.0365]), array([0.462 , 0.0305]), 0.7854, 1.0]
[82, array([0.4643, 0.0365]), array([0.4623, 0.0305]), 0.7854, 1.0]
[82, array([0.4643, 0.0365]), array([0.4626, 0.0305]), 0.7854, 1.0]
[82, array([0.4643, 0.0365]), array([0.4629, 0.0305]), 0.7854, 1.0]
[82, array([0.4643, 0.0365]), array([0.4632, 0.0305]), 0.7854, 1.0]
[82, array([0.4643, 0.0365]), array([0.4635, 0.0305]), 0.7854, 1.0]
[82, array([0.4643, 0.0365]), array([0.4638, 0.0305]), 0.7854, 1.0]
[82, array([0.4643, 0.0365]), array([0.4641, 0.0305]), 0.7854, 1.0]
[82, array([0.4643, 0.0365]), array([0.4578, 0.0308]), 0.7854, 1.0]
[82, array([0.4643, 0.0365]), array([0.4581, 0.0308]), 0.7854, 1.0]
[82, array([0.4643, 0.0365]), array([0.4584, 0.0308]), 0.7854, 1.0]
[82, array([0.4643, 0.0365]), array([0.4587, 0.0308]), 0.7854, 1.0]
[82, array([0.4643, 0.0365]), array([0.459 , 0.0308]), 0.7854, 1.0]
[82, array([0.4643, 0.0365]), array([0.4593, 0.0308]), 0.7854, 1.0]
[82, array([0.4643, 0.0365]), array([0.4596, 0.0308]), 0.7854, 1.0]
[82, array([0.4643, 0.0365]), array([0.4599, 0.0308]), 0.7854, 1.0]
[82, array([0.4643, 0.0365]), array([0.4602, 0.0308]), 0.7854, 1.0]
[82, array([0.4643, 0.0365]), array([0.4605, 0.0308]), 0.7854, 1.0]
[82, array([0.4643, 0.0365]), array([0.4608, 0.0308]), 0.7854, 1.0]
[82, array([0.4643, 0.0365]), array([0.4611, 0.0308]), 0.7854, 1.0]
[82, array([0.4643, 0.0365]), array([0.4614, 0.0308]), 0.7854, 1.0]
[82, array([0.4643, 0.0365]), array([0.4617, 0.0308]), 0.7854, 1.0]
[82, array([0.4643, 0.0365]), array([0.462 , 0.0308]), 0.7854, 1.0]
[82, array([0.4643, 0.0365]), array([0.4623, 0.0308]), 0.7854, 1.0]
[82, array([0.4643, 0.0365]), array([0.4626, 0.0308]), 0.7854, 1.0]
[82, array([0.4643, 0.0365]), array([0.4629, 0.0308]), 0.7854, 1.0]
[82, array([0.4643, 0.0365]), array([0.4632, 0.0308]), 0.7854, 1.0]
[82, array([0.4643, 0.0365]), array([0.4635, 0.0308]), 0.7854, 1.0]
[82, array([0.4643, 0.0365]), array([0.4638, 0.0308]), 0.7854, 1.0]
[82, array([0.4643, 0.0365]), array([0.4641, 0.0308]), 0.7854, 1.0]
[82, array([0.4643, 0.0365]), array([0.4578, 0.0311]), 0.7854, 1.0]
[82, array([0.4643, 0.0365]), array([0.4581, 0.0311]), 0.7854, 1.0]
[82, array([0.4643, 0.0365]), array([0.4584, 0.0311]), 0.7854, 1.0]
[82, array([0.4643, 0.0365]), array([0.4587, 0.0311]), 0.7854, 1.0]
[82, array([0.4643, 0.0365]), array([0.459 , 0.0311]), 0.7854, 1.0]
[82, array([0.4643, 0.0365]), array([0.4593, 0.0311]), 0.7854, 1.0]
[82, array([0.4643, 0.0365]), array([0.4596, 0.0311]), 0.7854, 1.0]
[82, array([0.4643, 0.0365]), array([0.4599, 0.0311]), 0.7854, 1.0]
[82, array([0.4643, 0.0365]), array([0.4602, 0.0311]), 0.7854, 1.0]
[82, array([0.4643, 0.0365]), array([0.4605, 0.0311]), 0.7854, 1.0]
[82, array([0.4643, 0.0365]), array([0.4608, 0.0311]), 0.7854, 1.0]
[82, array([0.4643, 0.0365]), array([0.4611, 0.0311]), 0.7854, 1.0]
[82, array([0.4643, 0.0365]), array([0.4614, 0.0311]), 0.7854, 1.0]
[82, array([0.4643, 0.0365]), array([0.4617, 0.0311]), 0.7854, 1.0]
[82, array([0.4643, 0.0365]), array([0.462 , 0.0311]), 0.7854, 1.0]
[82, array([0.4643, 0.0365]), array([0.4623, 0.0311]), 0.7854, 1.0]
[82, array([0.4643, 0.0365]), array([0.4626, 0.0311]), 0.7854, 1.0]
[82, array([0.4643, 0.0365]), array([0.4629, 0.0311]), 0.7854, 1.0]
[82, array([0.4643, 0.0365]), array([0.4632, 0.0311]), 0.7854, 1.0]
[82, array([0.4643, 0.0365]), array([0.4635, 0.0311]), 0.7854, 1.0]
[82, array([0.4643, 0.0365]), array([0.4638, 0.0311]), 0.7854, 1.0]
[82, array([0.4643, 0.0365]), array([0.4641, 0.0311]), 0.7854, 1.0]
[82, array([0.4643, 0.0365]), array([0.4578, 0.0314]), 0.7854, 1.0]
[82, array([0.4643, 0.0365]), array([0.4581, 0.0314]), 0.7854, 1.0]
[82, array([0.4643, 0.0365]), array([0.4584, 0.0314]), 0.7854, 1.0]
[82, array([0.4643, 0.0365]), array([0.4587, 0.0314]), 0.7854, 1.0]
[82, array([0.4643, 0.0365]), array([0.459 , 0.0314]), 0.7854, 1.0]
[82, array([0.4643, 0.0365]), array([0.4593, 0.0314]), 0.7854, 1.0]
[82, array([0.4643, 0.0365]), array([0.4596, 0.0314]), 0.7854, 1.0]
[82, array([0.4643, 0.0365]), array([0.4599, 0.0314]), 0.7854, 1.0]
[82, array([0.4643, 0.0365]), array([0.4602, 0.0314]), 0.7854, 1.0]
[82, array([0.4643, 0.0365]), array([0.4605, 0.0314]), 0.7854, 1.0]
[82, array([0.4643, 0.0365]), array([0.4608, 0.0314]), 0.7854, 1.0]
[82, array([0.4643, 0.0365]), array([0.4611, 0.0314]), 0.7854, 1.0]
[82, array([0.4643, 0.0365]), array([0.4614, 0.0314]), 0.7854, 1.0]
[82, array([0.4643, 0.0365]), array([0.4617, 0.0314]), 0.7854, 1.0]
[82, array([0.4643, 0.0365]), array([0.462 , 0.0314]), 0.7854, 1.0]
[82, array([0.4643, 0.0365]), array([0.4623, 0.0314]), 0.7854, 1.0]
[82, array([0.4643, 0.0365]), array([0.4626, 0.0314]), 0.7854, 1.0]
[82, array([0.4643, 0.0365]), array([0.4629, 0.0314]), 0.7854, 1.0]
[82, array([0.4643, 0.0365]), array([0.4632, 0.0314]), 0.7854, 1.0]
[82, array([0.4643, 0.0365]), array([0.4635, 0.0314]), 0.7854, 1.0]
[82, array([0.4643, 0.0365]), array([0.4638, 0.0314]), 0.7854, 1.0]
[82, array([0.4643, 0.0365]), array([0.4641, 0.0314]), 0.7854, 1.0]
[82, array([0.4643, 0.0365]), array([0.4578, 0.0317]), 0.7854, 1.0]
[82, array([0.4643, 0.0365]), array([0.4581, 0.0317]), 0.7854, 1.0]
[82, array([0.4643, 0.0365]), array([0.4584, 0.0317]), 0.7854, 1.0]
[82, array([0.4643, 0.0365]), array([0.4587, 0.0317]), 0.7854, 1.0]
[82, array([0.4643, 0.0365]), array([0.459 , 0.0317]), 0.7854, 1.0]
[82, array([0.4643, 0.0365]), array([0.4593, 0.0317]), 0.7854, 1.0]
[82, array([0.4643, 0.0365]), array([0.4596, 0.0317]), 0.7854, 1.0]
[82, array([0.4643, 0.0365]), array([0.4599, 0.0317]), 0.7854, 1.0]
[82, array([0.4643, 0.0365]), array([0.4602, 0.0317]), 0.7854, 1.0]
[82, array([0.4643, 0.0365]), array([0.4605, 0.0317]), 0.7854, 1.0]
[82, array([0.4643, 0.0365]), array([0.4608, 0.0317]), 0.7854, 1.0]
[82, array([0.4643, 0.0365]), array([0.4611, 0.0317]), 0.7854, 1.0]
[82, array([0.4643, 0.0365]), array([0.4614, 0.0317]), 0.7854, 1.0]
[82, array([0.4643, 0.0365]), array([0.4617, 0.0317]), 0.7854, 1.0]
[82, array([0.4643, 0.0365]), array([0.462 , 0.0317]), 0.7854, 1.0]
[82, array([0.4643, 0.0365]), array([0.4623, 0.0317]), 0.7854, 1.0]
[82, array([0.4643, 0.0365]), array([0.4626, 0.0317]), 0.7854, 1.0]
[82, array([0.4643, 0.0365]), array([0.4629, 0.0317]), 0.7854, 1.0]
[82, array([0.4643, 0.0365]), array([0.4632, 0.0317]), 0.7854, 1.0]
[82, array([0.4643, 0.0365]), array([0.4635, 0.0317]), 0.7854, 1.0]
[82, array([0.4643, 0.0365]), array([0.4638, 0.0317]), 0.7854, 1.0]
[82, array([0.4643, 0.0365]), array([0.4641, 0.0317]), 0.7854, 1.0]
[82, array([0.4643, 0.0365]), array([0.4578, 0.032 ]), 0.7854, 1.0]
[82, array([0.4643, 0.0365]), array([0.4581, 0.032 ]), 0.7854, 1.0]
[82, array([0.4643, 0.0365]), array([0.4584, 0.032 ]), 0.7854, 1.0]
[82, array([0.4643, 0.0365]), array([0.4587, 0.032 ]), 0.7854, 1.0]
[82, array([0.4643, 0.0365]), array([0.459, 0.032]), 0.7854, 1.0]
[82, array([0.4643, 0.0365]), array([0.4593, 0.032 ]), 0.7854, 1.0]
[82, array([0.4643, 0.0365]), array([0.4596, 0.032 ]), 0.7854, 1.0]
[82, array([0.4643, 0.0365]), array([0.4599, 0.032 ]), 0.7854, 1.0]
[82, array([0.4643, 0.0365]), array([0.4602, 0.032 ]), 0.7854, 1.0]
[82, array([0.4643, 0.0365]), array([0.4605, 0.032 ]), 0.7854, 1.0]
[82, array([0.4643, 0.0365]), array([0.4608, 0.032 ]), 0.7854, 1.0]
[82, array([0.4643, 0.0365]), array([0.4611, 0.032 ]), 0.7854, 1.0]
[82, array([0.4643, 0.0365]), array([0.4614, 0.032 ]), 0.7854, 1.0]
[82, array([0.4643, 0.0365]), array([0.4617, 0.032 ]), 0.7854, 1.0]
[82, array([0.4643, 0.0365]), array([0.462, 0.032]), 0.7854, 1.0]
[82, array([0.4643, 0.0365]), array([0.4623, 0.032 ]), 0.7854, 1.0]
[82, array([0.4643, 0.0365]), array([0.4626, 0.032 ]), 0.7854, 1.0]
[82, array([0.4643, 0.0365]), array([0.4629, 0.032 ]), 0.7854, 1.0]
[82, array([0.4643, 0.0365]), array([0.4632, 0.032 ]), 0.7854, 1.0]
[82, array([0.4643, 0.0365]), array([0.4635, 0.032 ]), 0.7854, 1.0]
[82, array([0.4643, 0.0365]), array([0.4638, 0.032 ]), 0.7854, 1.0]
[82, array([0.4643, 0.0365]), array([0.4641, 0.032 ]), 0.7854, 1.0]
[82, array([0.4643, 0.0365]), array([0.4578, 0.0323]), 0.7854, 1.0]
[82, array([0.4643, 0.0365]), array([0.4581, 0.0323]), 0.7854, 1.0]
[82, array([0.4643, 0.0365]), array([0.4584, 0.0323]), 0.7854, 1.0]
[82, array([0.4643, 0.0365]), array([0.4587, 0.0323]), 0.7854, 1.0]
[82, array([0.4643, 0.0365]), array([0.459 , 0.0323]), 0.7854, 1.0]
[82, array([0.4643, 0.0365]), array([0.4593, 0.0323]), 0.7854, 1.0]
[82, array([0.4643, 0.0365]), array([0.4596, 0.0323]), 0.7854, 1.0]
[82, array([0.4643, 0.0365]), array([0.4599, 0.0323]), 0.7854, 1.0]
[82, array([0.4643, 0.0365]), array([0.4602, 0.0323]), 0.7854, 1.0]
[82, array([0.4643, 0.0365]), array([0.4605, 0.0323]), 0.7854, 1.0]
[82, array([0.4643, 0.0365]), array([0.4608, 0.0323]), 0.7854, 1.0]
[82, array([0.4643, 0.0365]), array([0.4611, 0.0323]), 0.7854, 1.0]
[82, array([0.4643, 0.0365]), array([0.4614, 0.0323]), 0.7854, 1.0]
[82, array([0.4643, 0.0365]), array([0.4617, 0.0323]), 0.7854, 1.0]
[82, array([0.4643, 0.0365]), array([0.462 , 0.0323]), 0.7854, 1.0]
[82, array([0.4643, 0.0365]), array([0.4623, 0.0323]), 0.7854, 1.0]
[82, array([0.4643, 0.0365]), array([0.4626, 0.0323]), 0.7854, 1.0]
[82, array([0.4643, 0.0365]), array([0.4629, 0.0323]), 0.7854, 1.0]
[82, array([0.4643, 0.0365]), array([0.4632, 0.0323]), 0.7854, 1.0]
[82, array([0.4643, 0.0365]), array([0.4635, 0.0323]), 0.7854, 1.0]
[82, array([0.4643, 0.0365]), array([0.4638, 0.0323]), 0.7854, 1.0]
[82, array([0.4643, 0.0365]), array([0.4641, 0.0323]), 0.7854, 1.0]
[82, array([0.4643, 0.0365]), array([0.4578, 0.0326]), 0.7854, 1.0]
[82, array([0.4643, 0.0365]), array([0.4581, 0.0326]), 0.7854, 1.0]
[82, array([0.4643, 0.0365]), array([0.4584, 0.0326]), 0.7854, 1.0]
[82, array([0.4643, 0.0365]), array([0.4587, 0.0326]), 0.7854, 1.0]
[82, array([0.4643, 0.0365]), array([0.459 , 0.0326]), 0.7854, 1.0]
[82, array([0.4643, 0.0365]), array([0.4593, 0.0326]), 0.7854, 1.0]
[82, array([0.4643, 0.0365]), array([0.4596, 0.0326]), 0.7854, 1.0]
[82, array([0.4643, 0.0365]), array([0.4599, 0.0326]), 0.7854, 1.0]
[82, array([0.4643, 0.0365]), array([0.4602, 0.0326]), 0.7854, 1.0]
[82, array([0.4643, 0.0365]), array([0.4605, 0.0326]), 0.7854, 1.0]
[82, array([0.4643, 0.0365]), array([0.4608, 0.0326]), 0.7854, 1.0]
[82, array([0.4643, 0.0365]), array([0.4611, 0.0326]), 0.7854, 1.0]
[82, array([0.4643, 0.0365]), array([0.4614, 0.0326]), 0.7854, 1.0]
[82, array([0.4643, 0.0365]), array([0.4617, 0.0326]), 0.7854, 1.0]
[82, array([0.4643, 0.0365]), array([0.462 , 0.0326]), 0.7854, 1.0]
[82, array([0.4643, 0.0365]), array([0.4623, 0.0326]), 0.7854, 1.0]
[82, array([0.4643, 0.0365]), array([0.4626, 0.0326]), 0.7854, 1.0]
[82, array([0.4643, 0.0365]), array([0.4629, 0.0326]), 0.7854, 1.0]
[82, array([0.4643, 0.0365]), array([0.4632, 0.0326]), 0.7854, 1.0]
[82, array([0.4643, 0.0365]), array([0.4635, 0.0326]), 0.7854, 1.0]
[82, array([0.4643, 0.0365]), array([0.4638, 0.0326]), 0.7854, 1.0]
[82, array([0.4643, 0.0365]), array([0.4641, 0.0326]), 0.7854, 1.0]
[82, array([0.4643, 0.0365]), array([0.4578, 0.0329]), 0.7854, 1.0]
[82, array([0.4643, 0.0365]), array([0.4581, 0.0329]), 0.7854, 1.0]
[82, array([0.4643, 0.0365]), array([0.4584, 0.0329]), 0.7854, 1.0]
[82, array([0.4643, 0.0365]), array([0.4587, 0.0329]), 0.7854, 1.0]
[82, array([0.4643, 0.0365]), array([0.459 , 0.0329]), 0.7854, 1.0]
[82, array([0.4643, 0.0365]), array([0.4593, 0.0329]), 0.7854, 1.0]
[82, array([0.4643, 0.0365]), array([0.4596, 0.0329]), 0.7854, 1.0]
[82, array([0.4643, 0.0365]), array([0.4599, 0.0329]), 0.7854, 1.0]
[82, array([0.4643, 0.0365]), array([0.4602, 0.0329]), 0.7854, 1.0]
[82, array([0.4643, 0.0365]), array([0.4605, 0.0329]), 0.7854, 1.0]
[82, array([0.4643, 0.0365]), array([0.4608, 0.0329]), 0.7854, 1.0]
[82, array([0.4643, 0.0365]), array([0.4611, 0.0329]), 0.7854, 1.0]
[82, array([0.4643, 0.0365]), array([0.4614, 0.0329]), 0.7854, 1.0]
[82, array([0.4643, 0.0365]), array([0.4617, 0.0329]), 0.7854, 1.0]
[82, array([0.4643, 0.0365]), array([0.462 , 0.0329]), 0.7854, 1.0]
[82, array([0.4643, 0.0365]), array([0.4623, 0.0329]), 0.7854, 1.0]
[82, array([0.4643, 0.0365]), array([0.4626, 0.0329]), 0.7854, 1.0]
[82, array([0.4643, 0.0365]), array([0.4629, 0.0329]), 0.7854, 1.0]
[82, array([0.4643, 0.0365]), array([0.4632, 0.0329]), 0.7854, 1.0]
[82, array([0.4643, 0.0365]), array([0.4635, 0.0329]), 0.7854, 1.0]
[82, array([0.4643, 0.0365]), array([0.4638, 0.0329]), 0.7854, 1.0]
[82, array([0.4643, 0.0365]), array([0.4641, 0.0329]), 0.7854, 1.0]
[82, array([0.4643, 0.0365]), array([0.4578, 0.0332]), 0.7854, 1.0]
[82, array([0.4643, 0.0365]), array([0.4581, 0.0332]), 0.7854, 1.0]
[82, array([0.4643, 0.0365]), array([0.4584, 0.0332]), 0.7854, 1.0]
[82, array([0.4643, 0.0365]), array([0.4587, 0.0332]), 0.7854, 1.0]
[82, array([0.4643, 0.0365]), array([0.459 , 0.0332]), 0.7854, 1.0]
[82, array([0.4643, 0.0365]), array([0.4593, 0.0332]), 0.7854, 1.0]
[82, array([0.4643, 0.0365]), array([0.4596, 0.0332]), 0.7854, 1.0]
[82, array([0.4643, 0.0365]), array([0.4599, 0.0332]), 0.7854, 1.0]
[82, array([0.4643, 0.0365]), array([0.4602, 0.0332]), 0.7854, 1.0]
[82, array([0.4643, 0.0365]), array([0.4605, 0.0332]), 0.7854, 1.0]
[82, array([0.4643, 0.0365]), array([0.4608, 0.0332]), 0.7854, 1.0]
[82, array([0.4643, 0.0365]), array([0.4611, 0.0332]), 0.7854, 1.0]
[82, array([0.4643, 0.0365]), array([0.4614, 0.0332]), 0.7854, 1.0]
[82, array([0.4643, 0.0365]), array([0.4617, 0.0332]), 0.7854, 1.0]
[82, array([0.4643, 0.0365]), array([0.462 , 0.0332]), 0.7854, 1.0]
[82, array([0.4643, 0.0365]), array([0.4623, 0.0332]), 0.7854, 1.0]
[82, array([0.4643, 0.0365]), array([0.4626, 0.0332]), 0.7854, 1.0]
[82, array([0.4643, 0.0365]), array([0.4629, 0.0332]), 0.7854, 1.0]
[82, array([0.4643, 0.0365]), array([0.4632, 0.0332]), 0.7854, 1.0]
[82, array([0.4643, 0.0365]), array([0.4635, 0.0332]), 0.7854, 1.0]
[82, array([0.4643, 0.0365]), array([0.4638, 0.0332]), 0.7854, 1.0]
[82, array([0.4643, 0.0365]), array([0.4641, 0.0332]), 0.7854, 1.0]
[82, array([0.4643, 0.0365]), array([0.4578, 0.0335]), 0.7854, 1.0]
[82, array([0.4643, 0.0365]), array([0.4581, 0.0335]), 0.7854, 1.0]
[82, array([0.4643, 0.0365]), array([0.4584, 0.0335]), 0.7854, 1.0]
[82, array([0.4643, 0.0365]), array([0.4587, 0.0335]), 0.7854, 1.0]
[82, array([0.4643, 0.0365]), array([0.459 , 0.0335]), 0.7854, 1.0]
[82, array([0.4643, 0.0365]), array([0.4593, 0.0335]), 0.7854, 1.0]
[82, array([0.4643, 0.0365]), array([0.4596, 0.0335]), 0.7854, 1.0]
[82, array([0.4643, 0.0365]), array([0.4599, 0.0335]), 0.7854, 1.0]
[82, array([0.4643, 0.0365]), array([0.4602, 0.0335]), 0.7854, 1.0]
[82, array([0.4643, 0.0365]), array([0.4605, 0.0335]), 0.7854, 1.0]
[82, array([0.4643, 0.0365]), array([0.4608, 0.0335]), 0.7854, 1.0]
[82, array([0.4643, 0.0365]), array([0.4611, 0.0335]), 0.7854, 1.0]
[82, array([0.4643, 0.0365]), array([0.4614, 0.0335]), 0.7854, 1.0]
[82, array([0.4643, 0.0365]), array([0.4617, 0.0335]), 0.7854, 1.0]
[82, array([0.4643, 0.0365]), array([0.462 , 0.0335]), 0.7854, 1.0]
[82, array([0.4643, 0.0365]), array([0.4623, 0.0335]), 0.7854, 1.0]
[82, array([0.4643, 0.0365]), array([0.4626, 0.0335]), 0.7854, 1.0]
[82, array([0.4643, 0.0365]), array([0.4629, 0.0335]), 0.7854, 1.0]
[82, array([0.4643, 0.0365]), array([0.4632, 0.0335]), 0.7854, 1.0]
[82, array([0.4643, 0.0365]), array([0.4635, 0.0335]), 0.7854, 1.0]
[82, array([0.4643, 0.0365]), array([0.4638, 0.0335]), 0.7854, 1.0]
[82, array([0.4643, 0.0365]), array([0.4641, 0.0335]), 0.7854, 1.0]
[82, array([0.4643, 0.0365]), array([0.4578, 0.0338]), 0.7854, 1.0]
[82, array([0.4643, 0.0365]), array([0.4581, 0.0338]), 0.7854, 1.0]
[82, array([0.4643, 0.0365]), array([0.4584, 0.0338]), 0.7854, 1.0]
[82, array([0.4643, 0.0365]), array([0.4587, 0.0338]), 0.7854, 1.0]
[82, array([0.4643, 0.0365]), array([0.459 , 0.0338]), 0.7854, 1.0]
[82, array([0.4643, 0.0365]), array([0.4593, 0.0338]), 0.7854, 1.0]
[82, array([0.4643, 0.0365]), array([0.4596, 0.0338]), 0.7854, 1.0]
[82, array([0.4643, 0.0365]), array([0.4599, 0.0338]), 0.7854, 1.0]
[82, array([0.4643, 0.0365]), array([0.4602, 0.0338]), 0.7854, 1.0]
[82, array([0.4643, 0.0365]), array([0.4605, 0.0338]), 0.7854, 1.0]
[82, array([0.4643, 0.0365]), array([0.4608, 0.0338]), 0.7854, 1.0]
[82, array([0.4643, 0.0365]), array([0.4611, 0.0338]), 0.7854, 1.0]
[82, array([0.4643, 0.0365]), array([0.4614, 0.0338]), 0.7854, 1.0]
[82, array([0.4643, 0.0365]), array([0.4617, 0.0338]), 0.7854, 1.0]
[82, array([0.4643, 0.0365]), array([0.462 , 0.0338]), 0.7854, 1.0]
[82, array([0.4643, 0.0365]), array([0.4623, 0.0338]), 0.7854, 1.0]
[82, array([0.4643, 0.0365]), array([0.4626, 0.0338]), 0.7854, 1.0]
[82, array([0.4643, 0.0365]), array([0.4629, 0.0338]), 0.7854, 1.0]
[82, array([0.4643, 0.0365]), array([0.4632, 0.0338]), 0.7854, 1.0]
[82, array([0.4643, 0.0365]), array([0.4635, 0.0338]), 0.7854, 1.0]
[82, array([0.4643, 0.0365]), array([0.4638, 0.0338]), 0.7854, 1.0]
[82, array([0.4643, 0.0365]), array([0.4641, 0.0338]), 0.7854, 1.0]
[82, array([0.4643, 0.0365]), array([0.4578, 0.0341]), 0.7854, 1.0]
[82, array([0.4643, 0.0365]), array([0.4581, 0.0341]), 0.7854, 1.0]
[82, array([0.4643, 0.0365]), array([0.4584, 0.0341]), 0.7854, 1.0]
[82, array([0.4643, 0.0365]), array([0.4587, 0.0341]), 0.7854, 1.0]
[82, array([0.4643, 0.0365]), array([0.459 , 0.0341]), 0.7854, 1.0]
[82, array([0.4643, 0.0365]), array([0.4593, 0.0341]), 0.7854, 1.0]
[82, array([0.4643, 0.0365]), array([0.4596, 0.0341]), 0.7854, 1.0]
[82, array([0.4643, 0.0365]), array([0.4599, 0.0341]), 0.7854, 1.0]
[82, array([0.4643, 0.0365]), array([0.4602, 0.0341]), 0.7854, 1.0]
[82, array([0.4643, 0.0365]), array([0.4605, 0.0341]), 0.7854, 1.0]
[82, array([0.4643, 0.0365]), array([0.4608, 0.0341]), 0.7854, 1.0]
[82, array([0.4643, 0.0365]), array([0.4611, 0.0341]), 0.7854, 1.0]
[82, array([0.4643, 0.0365]), array([0.4614, 0.0341]), 0.7854, 1.0]
[82, array([0.4643, 0.0365]), array([0.4617, 0.0341]), 0.7854, 1.0]
[82, array([0.4643, 0.0365]), array([0.462 , 0.0341]), 0.7854, 1.0]
[82, array([0.4643, 0.0365]), array([0.4623, 0.0341]), 0.7854, 1.0]
[82, array([0.4643, 0.0365]), array([0.4626, 0.0341]), 0.7854, 1.0]
[82, array([0.4643, 0.0365]), array([0.4629, 0.0341]), 0.7854, 1.0]
[82, array([0.4643, 0.0365]), array([0.4632, 0.0341]), 0.7854, 1.0]
[82, array([0.4643, 0.0365]), array([0.4635, 0.0341]), 0.7854, 1.0]
[82, array([0.4643, 0.0365]), array([0.4638, 0.0341]), 0.7854, 1.0]
[82, array([0.4643, 0.0365]), array([0.4641, 0.0341]), 0.7854, 1.0]
[82, array([0.4643, 0.0365]), array([0.4578, 0.0344]), 0.7854, 1.0]
[82, array([0.4643, 0.0365]), array([0.4581, 0.0344]), 0.7854, 1.0]
[82, array([0.4643, 0.0365]), array([0.4584, 0.0344]), 0.7854, 1.0]
[82, array([0.4643, 0.0365]), array([0.4587, 0.0344]), 0.7854, 1.0]
[82, array([0.4643, 0.0365]), array([0.459 , 0.0344]), 0.7854, 1.0]
[82, array([0.4643, 0.0365]), array([0.4593, 0.0344]), 0.7854, 1.0]
[82, array([0.4643, 0.0365]), array([0.4596, 0.0344]), 0.7854, 1.0]
[82, array([0.4643, 0.0365]), array([0.4599, 0.0344]), 0.7854, 1.0]
[82, array([0.4643, 0.0365]), array([0.4602, 0.0344]), 0.7854, 1.0]
[82, array([0.4643, 0.0365]), array([0.4605, 0.0344]), 0.7854, 1.0]
[82, array([0.4643, 0.0365]), array([0.4608, 0.0344]), 0.7854, 1.0]
[82, array([0.4643, 0.0365]), array([0.4611, 0.0344]), 0.7854, 1.0]
[82, array([0.4643, 0.0365]), array([0.4614, 0.0344]), 0.7854, 1.0]
[82, array([0.4643, 0.0365]), array([0.4617, 0.0344]), 0.7854, 1.0]
[82, array([0.4643, 0.0365]), array([0.462 , 0.0344]), 0.7854, 1.0]
[82, array([0.4643, 0.0365]), array([0.4623, 0.0344]), 0.7854, 1.0]
[82, array([0.4643, 0.0365]), array([0.4626, 0.0344]), 0.7854, 1.0]
[82, array([0.4643, 0.0365]), array([0.4629, 0.0344]), 0.7854, 1.0]
[82, array([0.4643, 0.0365]), array([0.4632, 0.0344]), 0.7854, 1.0]
[82, array([0.4643, 0.0365]), array([0.4635, 0.0344]), 0.7854, 1.0]
[82, array([0.4643, 0.0365]), array([0.4638, 0.0344]), 0.7854, 1.0]
[82, array([0.4643, 0.0365]), array([0.4641, 0.0344]), 0.7854, 1.0]
[77, array([0.5053, 0.0154]), array([0.49685, 0.0062 ]), 0.7854, 0.0]
[77, array([0.5053, 0.0154]), array([0.49700238, 0.0062    ]), 0.7854, 0.0]
[77, array([0.5053, 0.0154]), array([0.49715476, 0.0062    ]), 0.7854, 0.0]
[77, array([0.5053, 0.0154]), array([0.49730714, 0.0062    ]), 0.7854, 0.0]
[77, array([0.5053, 0.0154]), array([0.49745952, 0.0062    ]), 0.7854, 0.0]
[77, array([0.5053, 0.0154]), array([0.4976119, 0.0062   ]), 0.7854, 0.0]
[77, array([0.5053, 0.0154]), array([0.49776429, 0.0062    ]), 0.7854, 0.0]
[77, array([0.5053, 0.0154]), array([0.49791667, 0.0062    ]), 0.7854, 0.0]
[77, array([0.5053, 0.0154]), array([0.49806905, 0.0062    ]), 0.7854, 0.0]
[77, array([0.5053, 0.0154]), array([0.49822143, 0.0062    ]), 0.7854, 0.0]
[77, array([0.5053, 0.0154]), array([0.49837381, 0.0062    ]), 0.7854, 0.0]
[77, array([0.5053, 0.0154]), array([0.49852619, 0.0062    ]), 0.7854, 0.0]
[77, array([0.5053, 0.0154]), array([0.49867857, 0.0062    ]), 0.7854, 0.0]
[77, array([0.5053, 0.0154]), array([0.49883095, 0.0062    ]), 0.7854, 0.0]
[77, array([0.5053, 0.0154]), array([0.49898333, 0.0062    ]), 0.7854, 0.0]
[77, array([0.5053, 0.0154]), array([0.49913571, 0.0062    ]), 0.7854, 0.0]
[77, array([0.5053, 0.0154]), array([0.4992881, 0.0062   ]), 0.7854, 0.0]
[77, array([0.5053, 0.0154]), array([0.49944048, 0.0062    ]), 0.7854, 0.0]
[77, array([0.5053, 0.0154]), array([0.49959286, 0.0062    ]), 0.7854, 0.0]
[77, array([0.5053, 0.0154]), array([0.49974524, 0.0062    ]), 0.7854, 0.0]
[77, array([0.5053, 0.0154]), array([0.49989762, 0.0062    ]), 0.7854, 0.0]
[77, array([0.5053, 0.0154]), array([0.50005, 0.0062 ]), 0.7854, 0.0]
[77, array([0.5053, 0.0154]), array([0.49685   , 0.00635238]), 0.7854, 0.0]
[77, array([0.5053, 0.0154]), array([0.49700238, 0.00635238]), 0.7854, 0.0]
[77, array([0.5053, 0.0154]), array([0.49715476, 0.00635238]), 0.7854, 0.0]
[77, array([0.5053, 0.0154]), array([0.49730714, 0.00635238]), 0.7854, 0.0]
[77, array([0.5053, 0.0154]), array([0.49745952, 0.00635238]), 0.7854, 0.0]
[77, array([0.5053, 0.0154]), array([0.4976119 , 0.00635238]), 0.7854, 0.0]
[77, array([0.5053, 0.0154]), array([0.49776429, 0.00635238]), 0.7854, 0.0]
[77, array([0.5053, 0.0154]), array([0.49791667, 0.00635238]), 0.7854, 0.0]
[77, array([0.5053, 0.0154]), array([0.49806905, 0.00635238]), 0.7854, 0.0]
[77, array([0.5053, 0.0154]), array([0.49822143, 0.00635238]), 0.7854, 0.0]
[77, array([0.5053, 0.0154]), array([0.49837381, 0.00635238]), 0.7854, 0.0]
[77, array([0.5053, 0.0154]), array([0.49852619, 0.00635238]), 0.7854, 0.0]
[77, array([0.5053, 0.0154]), array([0.49867857, 0.00635238]), 0.7854, 0.0]
[77, array([0.5053, 0.0154]), array([0.49883095, 0.00635238]), 0.7854, 0.0]
[77, array([0.5053, 0.0154]), array([0.49898333, 0.00635238]), 0.7854, 0.0]
[77, array([0.5053, 0.0154]), array([0.49913571, 0.00635238]), 0.7854, 0.0]
[77, array([0.5053, 0.0154]), array([0.4992881 , 0.00635238]), 0.7854, 0.0]
[77, array([0.5053, 0.0154]), array([0.49944048, 0.00635238]), 0.7854, 0.0]
[77, array([0.5053, 0.0154]), array([0.49959286, 0.00635238]), 0.7854, 0.0]
[77, array([0.5053, 0.0154]), array([0.49974524, 0.00635238]), 0.7854, 0.0]
[77, array([0.5053, 0.0154]), array([0.49989762, 0.00635238]), 0.7854, 0.0]
[77, array([0.5053, 0.0154]), array([0.50005   , 0.00635238]), 0.7854, 0.0]
[77, array([0.5053, 0.0154]), array([0.49685   , 0.00650476]), 0.7854, 0.0]
[77, array([0.5053, 0.0154]), array([0.49700238, 0.00650476]), 0.7854, 0.0]
[77, array([0.5053, 0.0154]), array([0.49715476, 0.00650476]), 0.7854, 0.0]
[77, array([0.5053, 0.0154]), array([0.49730714, 0.00650476]), 0.7854, 0.0]
[77, array([0.5053, 0.0154]), array([0.49745952, 0.00650476]), 0.7854, 0.0]
[77, array([0.5053, 0.0154]), array([0.4976119 , 0.00650476]), 0.7854, 0.0]
[77, array([0.5053, 0.0154]), array([0.49776429, 0.00650476]), 0.7854, 0.0]
[77, array([0.5053, 0.0154]), array([0.49791667, 0.00650476]), 0.7854, 0.0]
[77, array([0.5053, 0.0154]), array([0.49806905, 0.00650476]), 0.7854, 0.0]
[77, array([0.5053, 0.0154]), array([0.49822143, 0.00650476]), 0.7854, 0.0]
[77, array([0.5053, 0.0154]), array([0.49837381, 0.00650476]), 0.7854, 0.0]
[77, array([0.5053, 0.0154]), array([0.49852619, 0.00650476]), 0.7854, 0.0]
[77, array([0.5053, 0.0154]), array([0.49867857, 0.00650476]), 0.7854, 0.0]
[77, array([0.5053, 0.0154]), array([0.49883095, 0.00650476]), 0.7854, 0.0]
[77, array([0.5053, 0.0154]), array([0.49898333, 0.00650476]), 0.7854, 0.0]
[77, array([0.5053, 0.0154]), array([0.49913571, 0.00650476]), 0.7854, 0.0]
[77, array([0.5053, 0.0154]), array([0.4992881 , 0.00650476]), 0.7854, 0.0]
[77, array([0.5053, 0.0154]), array([0.49944048, 0.00650476]), 0.7854, 0.0]
[77, array([0.5053, 0.0154]), array([0.49959286, 0.00650476]), 0.7854, 0.0]
[77, array([0.5053, 0.0154]), array([0.49974524, 0.00650476]), 0.7854, 0.0]
[77, array([0.5053, 0.0154]), array([0.49989762, 0.00650476]), 0.7854, 0.0]
[77, array([0.5053, 0.0154]), array([0.50005   , 0.00650476]), 0.7854, 0.0]
[77, array([0.5053, 0.0154]), array([0.49685   , 0.00665714]), 0.7854, 0.0]
[77, array([0.5053, 0.0154]), array([0.49700238, 0.00665714]), 0.7854, 0.0]
[77, array([0.5053, 0.0154]), array([0.49715476, 0.00665714]), 0.7854, 0.0]
[77, array([0.5053, 0.0154]), array([0.49730714, 0.00665714]), 0.7854, 0.0]
[77, array([0.5053, 0.0154]), array([0.49745952, 0.00665714]), 0.7854, 0.0]
[77, array([0.5053, 0.0154]), array([0.4976119 , 0.00665714]), 0.7854, 0.0]
[77, array([0.5053, 0.0154]), array([0.49776429, 0.00665714]), 0.7854, 0.0]
[77, array([0.5053, 0.0154]), array([0.49791667, 0.00665714]), 0.7854, 0.0]
[77, array([0.5053, 0.0154]), array([0.49806905, 0.00665714]), 0.7854, 0.0]
[77, array([0.5053, 0.0154]), array([0.49822143, 0.00665714]), 0.7854, 0.0]
[77, array([0.5053, 0.0154]), array([0.49837381, 0.00665714]), 0.7854, 0.0]
[77, array([0.5053, 0.0154]), array([0.49852619, 0.00665714]), 0.7854, 0.0]
[77, array([0.5053, 0.0154]), array([0.49867857, 0.00665714]), 0.7854, 0.0]
[77, array([0.5053, 0.0154]), array([0.49883095, 0.00665714]), 0.7854, 0.0]
[77, array([0.5053, 0.0154]), array([0.49898333, 0.00665714]), 0.7854, 0.0]
[77, array([0.5053, 0.0154]), array([0.49913571, 0.00665714]), 0.7854, 0.0]
[77, array([0.5053, 0.0154]), array([0.4992881 , 0.00665714]), 0.7854, 0.0]
[77, array([0.5053, 0.0154]), array([0.49944048, 0.00665714]), 0.7854, 0.0]
[77, array([0.5053, 0.0154]), array([0.49959286, 0.00665714]), 0.7854, 0.0]
[77, array([0.5053, 0.0154]), array([0.49974524, 0.00665714]), 0.7854, 0.0]
[77, array([0.5053, 0.0154]), array([0.49989762, 0.00665714]), 0.7854, 0.0]
[77, array([0.5053, 0.0154]), array([0.50005   , 0.00665714]), 0.7854, 0.0]
[77, array([0.5053, 0.0154]), array([0.49685   , 0.00680952]), 0.7854, 0.0]
[77, array([0.5053, 0.0154]), array([0.49700238, 0.00680952]), 0.7854, 0.0]
[77, array([0.5053, 0.0154]), array([0.49715476, 0.00680952]), 0.7854, 0.0]
[77, array([0.5053, 0.0154]), array([0.49730714, 0.00680952]), 0.7854, 0.0]
[77, array([0.5053, 0.0154]), array([0.49745952, 0.00680952]), 0.7854, 0.0]
[77, array([0.5053, 0.0154]), array([0.4976119 , 0.00680952]), 0.7854, 0.0]
[77, array([0.5053, 0.0154]), array([0.49776429, 0.00680952]), 0.7854, 0.0]
[77, array([0.5053, 0.0154]), array([0.49791667, 0.00680952]), 0.7854, 0.0]
[77, array([0.5053, 0.0154]), array([0.49806905, 0.00680952]), 0.7854, 0.0]
[77, array([0.5053, 0.0154]), array([0.49822143, 0.00680952]), 0.7854, 0.0]
[77, array([0.5053, 0.0154]), array([0.49837381, 0.00680952]), 0.7854, 0.0]
[77, array([0.5053, 0.0154]), array([0.49852619, 0.00680952]), 0.7854, 0.0]
[77, array([0.5053, 0.0154]), array([0.49867857, 0.00680952]), 0.7854, 0.0]
[77, array([0.5053, 0.0154]), array([0.49883095, 0.00680952]), 0.7854, 1.0]
[77, array([0.5053, 0.0154]), array([0.49898333, 0.00680952]), 0.7854, 0.0]
[77, array([0.5053, 0.0154]), array([0.49913571, 0.00680952]), 0.7854, 0.0]
[77, array([0.5053, 0.0154]), array([0.4992881 , 0.00680952]), 0.7854, 0.0]
[77, array([0.5053, 0.0154]), array([0.49944048, 0.00680952]), 0.7854, 0.0]
[77, array([0.5053, 0.0154]), array([0.49959286, 0.00680952]), 0.7854, 0.0]
[77, array([0.5053, 0.0154]), array([0.49974524, 0.00680952]), 0.7854, 0.0]
[77, array([0.5053, 0.0154]), array([0.49989762, 0.00680952]), 0.7854, 0.0]
[77, array([0.5053, 0.0154]), array([0.50005   , 0.00680952]), 0.7854, 0.0]
[77, array([0.5053, 0.0154]), array([0.49685  , 0.0069619]), 0.7854, 0.0]
[77, array([0.5053, 0.0154]), array([0.49700238, 0.0069619 ]), 0.7854, 0.0]
[77, array([0.5053, 0.0154]), array([0.49715476, 0.0069619 ]), 0.7854, 0.0]
[77, array([0.5053, 0.0154]), array([0.49730714, 0.0069619 ]), 0.7854, 0.0]
[77, array([0.5053, 0.0154]), array([0.49745952, 0.0069619 ]), 0.7854, 0.0]
[77, array([0.5053, 0.0154]), array([0.4976119, 0.0069619]), 0.7854, 0.0]
[77, array([0.5053, 0.0154]), array([0.49776429, 0.0069619 ]), 0.7854, 0.0]
[77, array([0.5053, 0.0154]), array([0.49791667, 0.0069619 ]), 0.7854, 0.0]
[77, array([0.5053, 0.0154]), array([0.49806905, 0.0069619 ]), 0.7854, 0.0]
[77, array([0.5053, 0.0154]), array([0.49822143, 0.0069619 ]), 0.7854, 0.0]
[77, array([0.5053, 0.0154]), array([0.49837381, 0.0069619 ]), 0.7854, 0.0]
[77, array([0.5053, 0.0154]), array([0.49852619, 0.0069619 ]), 0.7854, 0.0]
[77, array([0.5053, 0.0154]), array([0.49867857, 0.0069619 ]), 0.7854, 0.0]
[77, array([0.5053, 0.0154]), array([0.49883095, 0.0069619 ]), 0.7854, 1.0]
[77, array([0.5053, 0.0154]), array([0.49898333, 0.0069619 ]), 0.7854, 0.0]
[77, array([0.5053, 0.0154]), array([0.49913571, 0.0069619 ]), 0.7854, 0.0]
[77, array([0.5053, 0.0154]), array([0.4992881, 0.0069619]), 0.7854, 0.0]
[77, array([0.5053, 0.0154]), array([0.49944048, 0.0069619 ]), 0.7854, 0.0]
[77, array([0.5053, 0.0154]), array([0.49959286, 0.0069619 ]), 0.7854, 0.0]
[77, array([0.5053, 0.0154]), array([0.49974524, 0.0069619 ]), 0.7854, 0.0]
[77, array([0.5053, 0.0154]), array([0.49989762, 0.0069619 ]), 0.7854, 0.0]
[77, array([0.5053, 0.0154]), array([0.50005  , 0.0069619]), 0.7854, 0.0]
[77, array([0.5053, 0.0154]), array([0.49685   , 0.00711429]), 0.7854, 0.0]
[77, array([0.5053, 0.0154]), array([0.49700238, 0.00711429]), 0.7854, 0.0]
[77, array([0.5053, 0.0154]), array([0.49715476, 0.00711429]), 0.7854, 0.0]
[77, array([0.5053, 0.0154]), array([0.49730714, 0.00711429]), 0.7854, 0.0]
[77, array([0.5053, 0.0154]), array([0.49745952, 0.00711429]), 0.7854, 0.0]
[77, array([0.5053, 0.0154]), array([0.4976119 , 0.00711429]), 0.7854, 0.0]
[77, array([0.5053, 0.0154]), array([0.49776429, 0.00711429]), 0.7854, 0.0]
[77, array([0.5053, 0.0154]), array([0.49791667, 0.00711429]), 0.7854, 0.0]
[77, array([0.5053, 0.0154]), array([0.49806905, 0.00711429]), 0.7854, 0.0]
[77, array([0.5053, 0.0154]), array([0.49822143, 0.00711429]), 0.7854, 1.0]
[77, array([0.5053, 0.0154]), array([0.49837381, 0.00711429]), 0.7854, 0.0]
[77, array([0.5053, 0.0154]), array([0.49852619, 0.00711429]), 0.7854, 0.0]
[77, array([0.5053, 0.0154]), array([0.49867857, 0.00711429]), 0.7854, 0.0]
[77, array([0.5053, 0.0154]), array([0.49883095, 0.00711429]), 0.7854, 0.0]
[77, array([0.5053, 0.0154]), array([0.49898333, 0.00711429]), 0.7854, 0.0]
[77, array([0.5053, 0.0154]), array([0.49913571, 0.00711429]), 0.7854, 0.0]
[77, array([0.5053, 0.0154]), array([0.4992881 , 0.00711429]), 0.7854, 0.0]
[77, array([0.5053, 0.0154]), array([0.49944048, 0.00711429]), 0.7854, 0.0]
[77, array([0.5053, 0.0154]), array([0.49959286, 0.00711429]), 0.7854, 0.0]
[77, array([0.5053, 0.0154]), array([0.49974524, 0.00711429]), 0.7854, 0.0]
[77, array([0.5053, 0.0154]), array([0.49989762, 0.00711429]), 0.7854, 0.0]
[77, array([0.5053, 0.0154]), array([0.50005   , 0.00711429]), 0.7854, 0.0]
[77, array([0.5053, 0.0154]), array([0.49685   , 0.00726667]), 0.7854, 0.0]
[77, array([0.5053, 0.0154]), array([0.49700238, 0.00726667]), 0.7854, 0.0]
[77, array([0.5053, 0.0154]), array([0.49715476, 0.00726667]), 0.7854, 0.0]
[77, array([0.5053, 0.0154]), array([0.49730714, 0.00726667]), 0.7854, 0.0]
[77, array([0.5053, 0.0154]), array([0.49745952, 0.00726667]), 0.7854, 0.0]
[77, array([0.5053, 0.0154]), array([0.4976119 , 0.00726667]), 0.7854, 0.0]
[77, array([0.5053, 0.0154]), array([0.49776429, 0.00726667]), 0.7854, 0.0]
[77, array([0.5053, 0.0154]), array([0.49791667, 0.00726667]), 0.7854, 0.0]
[77, array([0.5053, 0.0154]), array([0.49806905, 0.00726667]), 0.7854, 0.0]
[77, array([0.5053, 0.0154]), array([0.49822143, 0.00726667]), 0.7854, 0.0]
[77, array([0.5053, 0.0154]), array([0.49837381, 0.00726667]), 0.7854, 0.0]
[77, array([0.5053, 0.0154]), array([0.49852619, 0.00726667]), 0.7854, 0.0]
[77, array([0.5053, 0.0154]), array([0.49867857, 0.00726667]), 0.7854, 0.0]
[77, array([0.5053, 0.0154]), array([0.49883095, 0.00726667]), 0.7854, 0.0]
[77, array([0.5053, 0.0154]), array([0.49898333, 0.00726667]), 0.7854, 0.0]
[77, array([0.5053, 0.0154]), array([0.49913571, 0.00726667]), 0.7854, 0.0]
[77, array([0.5053, 0.0154]), array([0.4992881 , 0.00726667]), 0.7854, 0.0]
[77, array([0.5053, 0.0154]), array([0.49944048, 0.00726667]), 0.7854, 0.0]
[77, array([0.5053, 0.0154]), array([0.49959286, 0.00726667]), 0.7854, 0.0]
[77, array([0.5053, 0.0154]), array([0.49974524, 0.00726667]), 0.7854, 0.0]
[77, array([0.5053, 0.0154]), array([0.49989762, 0.00726667]), 0.7854, 0.0]
[77, array([0.5053, 0.0154]), array([0.50005   , 0.00726667]), 0.7854, 0.0]
[77, array([0.5053, 0.0154]), array([0.49685   , 0.00741905]), 0.7854, 0.0]
[77, array([0.5053, 0.0154]), array([0.49700238, 0.00741905]), 0.7854, 0.0]
[77, array([0.5053, 0.0154]), array([0.49715476, 0.00741905]), 0.7854, 0.0]
[77, array([0.5053, 0.0154]), array([0.49730714, 0.00741905]), 0.7854, 1.0]
[77, array([0.5053, 0.0154]), array([0.49745952, 0.00741905]), 0.7854, 0.0]
[77, array([0.5053, 0.0154]), array([0.4976119 , 0.00741905]), 0.7854, 0.0]
[77, array([0.5053, 0.0154]), array([0.49776429, 0.00741905]), 0.7854, 0.0]
[77, array([0.5053, 0.0154]), array([0.49791667, 0.00741905]), 0.7854, 0.0]
[77, array([0.5053, 0.0154]), array([0.49806905, 0.00741905]), 0.7854, 0.0]
[77, array([0.5053, 0.0154]), array([0.49822143, 0.00741905]), 0.7854, 0.0]
[77, array([0.5053, 0.0154]), array([0.49837381, 0.00741905]), 0.7854, 0.0]
[77, array([0.5053, 0.0154]), array([0.49852619, 0.00741905]), 0.7854, 0.0]
[77, array([0.5053, 0.0154]), array([0.49867857, 0.00741905]), 0.7854, 0.0]
[77, array([0.5053, 0.0154]), array([0.49883095, 0.00741905]), 0.7854, 0.0]
[77, array([0.5053, 0.0154]), array([0.49898333, 0.00741905]), 0.7854, 0.0]
[77, array([0.5053, 0.0154]), array([0.49913571, 0.00741905]), 0.7854, 0.0]
[77, array([0.5053, 0.0154]), array([0.4992881 , 0.00741905]), 0.7854, 0.0]
[77, array([0.5053, 0.0154]), array([0.49944048, 0.00741905]), 0.7854, 0.0]
[77, array([0.5053, 0.0154]), array([0.49959286, 0.00741905]), 0.7854, 0.0]
[77, array([0.5053, 0.0154]), array([0.49974524, 0.00741905]), 0.7854, 0.0]
[77, array([0.5053, 0.0154]), array([0.49989762, 0.00741905]), 0.7854, 0.0]
[77, array([0.5053, 0.0154]), array([0.50005   , 0.00741905]), 0.7854, 0.0]
[77, array([0.5053, 0.0154]), array([0.49685   , 0.00757143]), 0.7854, 0.0]
[77, array([0.5053, 0.0154]), array([0.49700238, 0.00757143]), 0.7854, 0.0]
[77, array([0.5053, 0.0154]), array([0.49715476, 0.00757143]), 0.7854, 0.0]
[77, array([0.5053, 0.0154]), array([0.49730714, 0.00757143]), 0.7854, 1.0]
[77, array([0.5053, 0.0154]), array([0.49745952, 0.00757143]), 0.7854, 0.0]
[77, array([0.5053, 0.0154]), array([0.4976119 , 0.00757143]), 0.7854, 0.0]
[77, array([0.5053, 0.0154]), array([0.49776429, 0.00757143]), 0.7854, 0.0]
[77, array([0.5053, 0.0154]), array([0.49791667, 0.00757143]), 0.7854, 0.0]
[77, array([0.5053, 0.0154]), array([0.49806905, 0.00757143]), 0.7854, 0.0]
[77, array([0.5053, 0.0154]), array([0.49822143, 0.00757143]), 0.7854, 0.0]
[77, array([0.5053, 0.0154]), array([0.49837381, 0.00757143]), 0.7854, 0.0]
[77, array([0.5053, 0.0154]), array([0.49852619, 0.00757143]), 0.7854, 0.0]
[77, array([0.5053, 0.0154]), array([0.49867857, 0.00757143]), 0.7854, 0.0]
[77, array([0.5053, 0.0154]), array([0.49883095, 0.00757143]), 0.7854, 0.0]
[77, array([0.5053, 0.0154]), array([0.49898333, 0.00757143]), 0.7854, 0.0]
[77, array([0.5053, 0.0154]), array([0.49913571, 0.00757143]), 0.7854, 0.0]
[77, array([0.5053, 0.0154]), array([0.4992881 , 0.00757143]), 0.7854, 0.0]
[77, array([0.5053, 0.0154]), array([0.49944048, 0.00757143]), 0.7854, 0.0]
[77, array([0.5053, 0.0154]), array([0.49959286, 0.00757143]), 0.7854, 0.0]
[77, array([0.5053, 0.0154]), array([0.49974524, 0.00757143]), 0.7854, 0.0]
[77, array([0.5053, 0.0154]), array([0.49989762, 0.00757143]), 0.7854, 0.0]
[77, array([0.5053, 0.0154]), array([0.50005   , 0.00757143]), 0.7854, 0.0]
[77, array([0.5053, 0.0154]), array([0.49685   , 0.00772381]), 0.7854, 1.0]
[77, array([0.5053, 0.0154]), array([0.49700238, 0.00772381]), 0.7854, 0.0]
[77, array([0.5053, 0.0154]), array([0.49715476, 0.00772381]), 0.7854, 0.0]
[77, array([0.5053, 0.0154]), array([0.49730714, 0.00772381]), 0.7854, 1.0]
[77, array([0.5053, 0.0154]), array([0.49745952, 0.00772381]), 0.7854, 0.0]
[77, array([0.5053, 0.0154]), array([0.4976119 , 0.00772381]), 0.7854, 0.0]
[77, array([0.5053, 0.0154]), array([0.49776429, 0.00772381]), 0.7854, 0.0]
[77, array([0.5053, 0.0154]), array([0.49791667, 0.00772381]), 0.7854, 0.0]
[77, array([0.5053, 0.0154]), array([0.49806905, 0.00772381]), 0.7854, 0.0]
[77, array([0.5053, 0.0154]), array([0.49822143, 0.00772381]), 0.7854, 0.0]
[77, array([0.5053, 0.0154]), array([0.49837381, 0.00772381]), 0.7854, 0.0]
[77, array([0.5053, 0.0154]), array([0.49852619, 0.00772381]), 0.7854, 0.0]
[77, array([0.5053, 0.0154]), array([0.49867857, 0.00772381]), 0.7854, 0.0]
[77, array([0.5053, 0.0154]), array([0.49883095, 0.00772381]), 0.7854, 0.0]
[77, array([0.5053, 0.0154]), array([0.49898333, 0.00772381]), 0.7854, 0.0]
[77, array([0.5053, 0.0154]), array([0.49913571, 0.00772381]), 0.7854, 0.0]
[77, array([0.5053, 0.0154]), array([0.4992881 , 0.00772381]), 0.7854, 0.0]
[77, array([0.5053, 0.0154]), array([0.49944048, 0.00772381]), 0.7854, 0.0]
[77, array([0.5053, 0.0154]), array([0.49959286, 0.00772381]), 0.7854, 0.0]
[77, array([0.5053, 0.0154]), array([0.49974524, 0.00772381]), 0.7854, 0.0]
[77, array([0.5053, 0.0154]), array([0.49989762, 0.00772381]), 0.7854, 0.0]
[77, array([0.5053, 0.0154]), array([0.50005   , 0.00772381]), 0.7854, 0.0]
[77, array([0.5053, 0.0154]), array([0.49685   , 0.00787619]), 0.7854, 1.0]
[77, array([0.5053, 0.0154]), array([0.49700238, 0.00787619]), 0.7854, 1.0]
[77, array([0.5053, 0.0154]), array([0.49715476, 0.00787619]), 0.7854, 1.0]
[77, array([0.5053, 0.0154]), array([0.49730714, 0.00787619]), 0.7854, 1.0]
[77, array([0.5053, 0.0154]), array([0.49745952, 0.00787619]), 0.7854, 1.0]
[77, array([0.5053, 0.0154]), array([0.4976119 , 0.00787619]), 0.7854, 0.0]
[77, array([0.5053, 0.0154]), array([0.49776429, 0.00787619]), 0.7854, 0.0]
[77, array([0.5053, 0.0154]), array([0.49791667, 0.00787619]), 0.7854, 0.0]
[77, array([0.5053, 0.0154]), array([0.49806905, 0.00787619]), 0.7854, 0.0]
[77, array([0.5053, 0.0154]), array([0.49822143, 0.00787619]), 0.7854, 0.0]
[77, array([0.5053, 0.0154]), array([0.49837381, 0.00787619]), 0.7854, 0.0]
[77, array([0.5053, 0.0154]), array([0.49852619, 0.00787619]), 0.7854, 1.0]
[77, array([0.5053, 0.0154]), array([0.49867857, 0.00787619]), 0.7854, 0.0]
[77, array([0.5053, 0.0154]), array([0.49883095, 0.00787619]), 0.7854, 0.0]
[77, array([0.5053, 0.0154]), array([0.49898333, 0.00787619]), 0.7854, 0.0]
[77, array([0.5053, 0.0154]), array([0.49913571, 0.00787619]), 0.7854, 0.0]
[77, array([0.5053, 0.0154]), array([0.4992881 , 0.00787619]), 0.7854, 0.0]
[77, array([0.5053, 0.0154]), array([0.49944048, 0.00787619]), 0.7854, 0.0]
[77, array([0.5053, 0.0154]), array([0.49959286, 0.00787619]), 0.7854, 0.0]
[77, array([0.5053, 0.0154]), array([0.49974524, 0.00787619]), 0.7854, 0.0]
[77, array([0.5053, 0.0154]), array([0.49989762, 0.00787619]), 0.7854, 0.0]
[77, array([0.5053, 0.0154]), array([0.50005   , 0.00787619]), 0.7854, 0.0]
[77, array([0.5053, 0.0154]), array([0.49685   , 0.00802857]), 0.7854, 1.0]
[77, array([0.5053, 0.0154]), array([0.49700238, 0.00802857]), 0.7854, 0.0]
[77, array([0.5053, 0.0154]), array([0.49715476, 0.00802857]), 0.7854, 0.0]
[77, array([0.5053, 0.0154]), array([0.49730714, 0.00802857]), 0.7854, 1.0]
[77, array([0.5053, 0.0154]), array([0.49745952, 0.00802857]), 0.7854, 0.0]
[77, array([0.5053, 0.0154]), array([0.4976119 , 0.00802857]), 0.7854, 0.0]
[77, array([0.5053, 0.0154]), array([0.49776429, 0.00802857]), 0.7854, 0.0]
[77, array([0.5053, 0.0154]), array([0.49791667, 0.00802857]), 0.7854, 0.0]
[77, array([0.5053, 0.0154]), array([0.49806905, 0.00802857]), 0.7854, 0.0]
[77, array([0.5053, 0.0154]), array([0.49822143, 0.00802857]), 0.7854, 0.0]
[77, array([0.5053, 0.0154]), array([0.49837381, 0.00802857]), 0.7854, 0.0]
[77, array([0.5053, 0.0154]), array([0.49852619, 0.00802857]), 0.7854, 0.0]
[77, array([0.5053, 0.0154]), array([0.49867857, 0.00802857]), 0.7854, 0.0]
[77, array([0.5053, 0.0154]), array([0.49883095, 0.00802857]), 0.7854, 0.0]
[77, array([0.5053, 0.0154]), array([0.49898333, 0.00802857]), 0.7854, 0.0]
[77, array([0.5053, 0.0154]), array([0.49913571, 0.00802857]), 0.7854, 0.0]
[77, array([0.5053, 0.0154]), array([0.4992881 , 0.00802857]), 0.7854, 0.0]
[77, array([0.5053, 0.0154]), array([0.49944048, 0.00802857]), 0.7854, 0.0]
[77, array([0.5053, 0.0154]), array([0.49959286, 0.00802857]), 0.7854, 0.0]
[77, array([0.5053, 0.0154]), array([0.49974524, 0.00802857]), 0.7854, 0.0]
[77, array([0.5053, 0.0154]), array([0.49989762, 0.00802857]), 0.7854, 0.0]
[77, array([0.5053, 0.0154]), array([0.50005   , 0.00802857]), 0.7854, 0.0]
[77, array([0.5053, 0.0154]), array([0.49685   , 0.00818095]), 0.7854, 0.0]
[77, array([0.5053, 0.0154]), array([0.49700238, 0.00818095]), 0.7854, 0.0]
[77, array([0.5053, 0.0154]), array([0.49715476, 0.00818095]), 0.7854, 0.0]
[77, array([0.5053, 0.0154]), array([0.49730714, 0.00818095]), 0.7854, 0.0]
[77, array([0.5053, 0.0154]), array([0.49745952, 0.00818095]), 0.7854, 0.0]
[77, array([0.5053, 0.0154]), array([0.4976119 , 0.00818095]), 0.7854, 0.0]
[77, array([0.5053, 0.0154]), array([0.49776429, 0.00818095]), 0.7854, 0.0]
[77, array([0.5053, 0.0154]), array([0.49791667, 0.00818095]), 0.7854, 0.0]
[77, array([0.5053, 0.0154]), array([0.49806905, 0.00818095]), 0.7854, 0.0]
[77, array([0.5053, 0.0154]), array([0.49822143, 0.00818095]), 0.7854, 0.0]
[77, array([0.5053, 0.0154]), array([0.49837381, 0.00818095]), 0.7854, 0.0]
[77, array([0.5053, 0.0154]), array([0.49852619, 0.00818095]), 0.7854, 0.0]
[77, array([0.5053, 0.0154]), array([0.49867857, 0.00818095]), 0.7854, 0.0]
[77, array([0.5053, 0.0154]), array([0.49883095, 0.00818095]), 0.7854, 0.0]
[77, array([0.5053, 0.0154]), array([0.49898333, 0.00818095]), 0.7854, 0.0]
[77, array([0.5053, 0.0154]), array([0.49913571, 0.00818095]), 0.7854, 0.0]
[77, array([0.5053, 0.0154]), array([0.4992881 , 0.00818095]), 0.7854, 0.0]
[77, array([0.5053, 0.0154]), array([0.49944048, 0.00818095]), 0.7854, 0.0]
[77, array([0.5053, 0.0154]), array([0.49959286, 0.00818095]), 0.7854, 0.0]
[77, array([0.5053, 0.0154]), array([0.49974524, 0.00818095]), 0.7854, 0.0]
[77, array([0.5053, 0.0154]), array([0.49989762, 0.00818095]), 0.7854, 0.0]
[77, array([0.5053, 0.0154]), array([0.50005   , 0.00818095]), 0.7854, 0.0]
[77, array([0.5053, 0.0154]), array([0.49685   , 0.00833333]), 0.7854, 0.0]
[77, array([0.5053, 0.0154]), array([0.49700238, 0.00833333]), 0.7854, 0.0]
[77, array([0.5053, 0.0154]), array([0.49715476, 0.00833333]), 0.7854, 0.0]
[77, array([0.5053, 0.0154]), array([0.49730714, 0.00833333]), 0.7854, 1.0]
[77, array([0.5053, 0.0154]), array([0.49745952, 0.00833333]), 0.7854, 0.0]
[77, array([0.5053, 0.0154]), array([0.4976119 , 0.00833333]), 0.7854, 0.0]
[77, array([0.5053, 0.0154]), array([0.49776429, 0.00833333]), 0.7854, 0.0]
[77, array([0.5053, 0.0154]), array([0.49791667, 0.00833333]), 0.7854, 0.0]
[77, array([0.5053, 0.0154]), array([0.49806905, 0.00833333]), 0.7854, 0.0]
[77, array([0.5053, 0.0154]), array([0.49822143, 0.00833333]), 0.7854, 0.0]
[77, array([0.5053, 0.0154]), array([0.49837381, 0.00833333]), 0.7854, 0.0]
[77, array([0.5053, 0.0154]), array([0.49852619, 0.00833333]), 0.7854, 0.0]
[77, array([0.5053, 0.0154]), array([0.49867857, 0.00833333]), 0.7854, 0.0]
[77, array([0.5053, 0.0154]), array([0.49883095, 0.00833333]), 0.7854, 0.0]
[77, array([0.5053, 0.0154]), array([0.49898333, 0.00833333]), 0.7854, 0.0]
[77, array([0.5053, 0.0154]), array([0.49913571, 0.00833333]), 0.7854, 0.0]
[77, array([0.5053, 0.0154]), array([0.4992881 , 0.00833333]), 0.7854, 0.0]
[77, array([0.5053, 0.0154]), array([0.49944048, 0.00833333]), 0.7854, 0.0]
[77, array([0.5053, 0.0154]), array([0.49959286, 0.00833333]), 0.7854, 0.0]
[77, array([0.5053, 0.0154]), array([0.49974524, 0.00833333]), 0.7854, 0.0]
[77, array([0.5053, 0.0154]), array([0.49989762, 0.00833333]), 0.7854, 0.0]
[77, array([0.5053, 0.0154]), array([0.50005   , 0.00833333]), 0.7854, 0.0]
[77, array([0.5053, 0.0154]), array([0.49685   , 0.00848571]), 0.7854, 0.0]
[77, array([0.5053, 0.0154]), array([0.49700238, 0.00848571]), 0.7854, 0.0]
[77, array([0.5053, 0.0154]), array([0.49715476, 0.00848571]), 0.7854, 1.0]
[77, array([0.5053, 0.0154]), array([0.49730714, 0.00848571]), 0.7854, 0.0]
[77, array([0.5053, 0.0154]), array([0.49745952, 0.00848571]), 0.7854, 1.0]
[77, array([0.5053, 0.0154]), array([0.4976119 , 0.00848571]), 0.7854, 0.0]
[77, array([0.5053, 0.0154]), array([0.49776429, 0.00848571]), 0.7854, 0.0]
[77, array([0.5053, 0.0154]), array([0.49791667, 0.00848571]), 0.7854, 0.0]
[77, array([0.5053, 0.0154]), array([0.49806905, 0.00848571]), 0.7854, 0.0]
[77, array([0.5053, 0.0154]), array([0.49822143, 0.00848571]), 0.7854, 0.0]
[77, array([0.5053, 0.0154]), array([0.49837381, 0.00848571]), 0.7854, 0.0]
[77, array([0.5053, 0.0154]), array([0.49852619, 0.00848571]), 0.7854, 0.0]
[77, array([0.5053, 0.0154]), array([0.49867857, 0.00848571]), 0.7854, 0.0]
[77, array([0.5053, 0.0154]), array([0.49883095, 0.00848571]), 0.7854, 0.0]
[77, array([0.5053, 0.0154]), array([0.49898333, 0.00848571]), 0.7854, 0.0]
[77, array([0.5053, 0.0154]), array([0.49913571, 0.00848571]), 0.7854, 0.0]
[77, array([0.5053, 0.0154]), array([0.4992881 , 0.00848571]), 0.7854, 0.0]
[77, array([0.5053, 0.0154]), array([0.49944048, 0.00848571]), 0.7854, 0.0]
[77, array([0.5053, 0.0154]), array([0.49959286, 0.00848571]), 0.7854, 0.0]
[77, array([0.5053, 0.0154]), array([0.49974524, 0.00848571]), 0.7854, 0.0]
[77, array([0.5053, 0.0154]), array([0.49989762, 0.00848571]), 0.7854, 0.0]
[77, array([0.5053, 0.0154]), array([0.50005   , 0.00848571]), 0.7854, 0.0]
[77, array([0.5053, 0.0154]), array([0.49685  , 0.0086381]), 0.7854, 0.0]
[77, array([0.5053, 0.0154]), array([0.49700238, 0.0086381 ]), 0.7854, 0.0]
[77, array([0.5053, 0.0154]), array([0.49715476, 0.0086381 ]), 0.7854, 1.0]
[77, array([0.5053, 0.0154]), array([0.49730714, 0.0086381 ]), 0.7854, 0.0]
[77, array([0.5053, 0.0154]), array([0.49745952, 0.0086381 ]), 0.7854, 1.0]
[77, array([0.5053, 0.0154]), array([0.4976119, 0.0086381]), 0.7854, 0.0]
[77, array([0.5053, 0.0154]), array([0.49776429, 0.0086381 ]), 0.7854, 0.0]
[77, array([0.5053, 0.0154]), array([0.49791667, 0.0086381 ]), 0.7854, 0.0]
[77, array([0.5053, 0.0154]), array([0.49806905, 0.0086381 ]), 0.7854, 0.0]
[77, array([0.5053, 0.0154]), array([0.49822143, 0.0086381 ]), 0.7854, 0.0]
[77, array([0.5053, 0.0154]), array([0.49837381, 0.0086381 ]), 0.7854, 0.0]
[77, array([0.5053, 0.0154]), array([0.49852619, 0.0086381 ]), 0.7854, 0.0]
[77, array([0.5053, 0.0154]), array([0.49867857, 0.0086381 ]), 0.7854, 0.0]
[77, array([0.5053, 0.0154]), array([0.49883095, 0.0086381 ]), 0.7854, 0.0]
[77, array([0.5053, 0.0154]), array([0.49898333, 0.0086381 ]), 0.7854, 0.0]
[77, array([0.5053, 0.0154]), array([0.49913571, 0.0086381 ]), 0.7854, 0.0]
[77, array([0.5053, 0.0154]), array([0.4992881, 0.0086381]), 0.7854, 0.0]
[77, array([0.5053, 0.0154]), array([0.49944048, 0.0086381 ]), 0.7854, 0.0]
[77, array([0.5053, 0.0154]), array([0.49959286, 0.0086381 ]), 0.7854, 0.0]
[77, array([0.5053, 0.0154]), array([0.49974524, 0.0086381 ]), 0.7854, 0.0]
[77, array([0.5053, 0.0154]), array([0.49989762, 0.0086381 ]), 0.7854, 0.0]
[77, array([0.5053, 0.0154]), array([0.50005  , 0.0086381]), 0.7854, 0.0]
[77, array([0.5053, 0.0154]), array([0.49685   , 0.00879048]), 0.7854, 0.0]
[77, array([0.5053, 0.0154]), array([0.49700238, 0.00879048]), 0.7854, 0.0]
[77, array([0.5053, 0.0154]), array([0.49715476, 0.00879048]), 0.7854, 0.0]
[77, array([0.5053, 0.0154]), array([0.49730714, 0.00879048]), 0.7854, 0.0]
[77, array([0.5053, 0.0154]), array([0.49745952, 0.00879048]), 0.7854, 0.0]
[77, array([0.5053, 0.0154]), array([0.4976119 , 0.00879048]), 0.7854, 0.0]
[77, array([0.5053, 0.0154]), array([0.49776429, 0.00879048]), 0.7854, 0.0]
[77, array([0.5053, 0.0154]), array([0.49791667, 0.00879048]), 0.7854, 0.0]
[77, array([0.5053, 0.0154]), array([0.49806905, 0.00879048]), 0.7854, 0.0]
[77, array([0.5053, 0.0154]), array([0.49822143, 0.00879048]), 0.7854, 0.0]
[77, array([0.5053, 0.0154]), array([0.49837381, 0.00879048]), 0.7854, 0.0]
[77, array([0.5053, 0.0154]), array([0.49852619, 0.00879048]), 0.7854, 0.0]
[77, array([0.5053, 0.0154]), array([0.49867857, 0.00879048]), 0.7854, 0.0]
[77, array([0.5053, 0.0154]), array([0.49883095, 0.00879048]), 0.7854, 0.0]
[77, array([0.5053, 0.0154]), array([0.49898333, 0.00879048]), 0.7854, 0.0]
[77, array([0.5053, 0.0154]), array([0.49913571, 0.00879048]), 0.7854, 0.0]
[77, array([0.5053, 0.0154]), array([0.4992881 , 0.00879048]), 0.7854, 0.0]
[77, array([0.5053, 0.0154]), array([0.49944048, 0.00879048]), 0.7854, 0.0]
[77, array([0.5053, 0.0154]), array([0.49959286, 0.00879048]), 0.7854, 0.0]
[77, array([0.5053, 0.0154]), array([0.49974524, 0.00879048]), 0.7854, 0.0]
[77, array([0.5053, 0.0154]), array([0.49989762, 0.00879048]), 0.7854, 0.0]
[77, array([0.5053, 0.0154]), array([0.50005   , 0.00879048]), 0.7854, 0.0]
[77, array([0.5053, 0.0154]), array([0.49685   , 0.00894286]), 0.7854, 0.0]
[77, array([0.5053, 0.0154]), array([0.49700238, 0.00894286]), 0.7854, 0.0]
[77, array([0.5053, 0.0154]), array([0.49715476, 0.00894286]), 0.7854, 0.0]
[77, array([0.5053, 0.0154]), array([0.49730714, 0.00894286]), 0.7854, 0.0]
[77, array([0.5053, 0.0154]), array([0.49745952, 0.00894286]), 0.7854, 0.0]
[77, array([0.5053, 0.0154]), array([0.4976119 , 0.00894286]), 0.7854, 0.0]
[77, array([0.5053, 0.0154]), array([0.49776429, 0.00894286]), 0.7854, 0.0]
[77, array([0.5053, 0.0154]), array([0.49791667, 0.00894286]), 0.7854, 0.0]
[77, array([0.5053, 0.0154]), array([0.49806905, 0.00894286]), 0.7854, 0.0]
[77, array([0.5053, 0.0154]), array([0.49822143, 0.00894286]), 0.7854, 0.0]
[77, array([0.5053, 0.0154]), array([0.49837381, 0.00894286]), 0.7854, 0.0]
[77, array([0.5053, 0.0154]), array([0.49852619, 0.00894286]), 0.7854, 0.0]
[77, array([0.5053, 0.0154]), array([0.49867857, 0.00894286]), 0.7854, 0.0]
[77, array([0.5053, 0.0154]), array([0.49883095, 0.00894286]), 0.7854, 0.0]
[77, array([0.5053, 0.0154]), array([0.49898333, 0.00894286]), 0.7854, 0.0]
[77, array([0.5053, 0.0154]), array([0.49913571, 0.00894286]), 0.7854, 0.0]
[77, array([0.5053, 0.0154]), array([0.4992881 , 0.00894286]), 0.7854, 0.0]
[77, array([0.5053, 0.0154]), array([0.49944048, 0.00894286]), 0.7854, 0.0]
[77, array([0.5053, 0.0154]), array([0.49959286, 0.00894286]), 0.7854, 0.0]
[77, array([0.5053, 0.0154]), array([0.49974524, 0.00894286]), 0.7854, 0.0]
[77, array([0.5053, 0.0154]), array([0.49989762, 0.00894286]), 0.7854, 0.0]
[77, array([0.5053, 0.0154]), array([0.50005   , 0.00894286]), 0.7854, 0.0]
[77, array([0.5053, 0.0154]), array([0.49685   , 0.00909524]), 0.7854, 0.0]
[77, array([0.5053, 0.0154]), array([0.49700238, 0.00909524]), 0.7854, 0.0]
[77, array([0.5053, 0.0154]), array([0.49715476, 0.00909524]), 0.7854, 0.0]
[77, array([0.5053, 0.0154]), array([0.49730714, 0.00909524]), 0.7854, 0.0]
[77, array([0.5053, 0.0154]), array([0.49745952, 0.00909524]), 0.7854, 0.0]
[77, array([0.5053, 0.0154]), array([0.4976119 , 0.00909524]), 0.7854, 0.0]
[77, array([0.5053, 0.0154]), array([0.49776429, 0.00909524]), 0.7854, 0.0]
[77, array([0.5053, 0.0154]), array([0.49791667, 0.00909524]), 0.7854, 0.0]
[77, array([0.5053, 0.0154]), array([0.49806905, 0.00909524]), 0.7854, 0.0]
[77, array([0.5053, 0.0154]), array([0.49822143, 0.00909524]), 0.7854, 0.0]
[77, array([0.5053, 0.0154]), array([0.49837381, 0.00909524]), 0.7854, 0.0]
[77, array([0.5053, 0.0154]), array([0.49852619, 0.00909524]), 0.7854, 0.0]
[77, array([0.5053, 0.0154]), array([0.49867857, 0.00909524]), 0.7854, 0.0]
[77, array([0.5053, 0.0154]), array([0.49883095, 0.00909524]), 0.7854, 0.0]
[77, array([0.5053, 0.0154]), array([0.49898333, 0.00909524]), 0.7854, 0.0]
[77, array([0.5053, 0.0154]), array([0.49913571, 0.00909524]), 0.7854, 0.0]
[77, array([0.5053, 0.0154]), array([0.4992881 , 0.00909524]), 0.7854, 0.0]
[77, array([0.5053, 0.0154]), array([0.49944048, 0.00909524]), 0.7854, 0.0]
[77, array([0.5053, 0.0154]), array([0.49959286, 0.00909524]), 0.7854, 0.0]
[77, array([0.5053, 0.0154]), array([0.49974524, 0.00909524]), 0.7854, 0.0]
[77, array([0.5053, 0.0154]), array([0.49989762, 0.00909524]), 0.7854, 0.0]
[77, array([0.5053, 0.0154]), array([0.50005   , 0.00909524]), 0.7854, 0.0]
[77, array([0.5053, 0.0154]), array([0.49685   , 0.00924762]), 0.7854, 0.0]
[77, array([0.5053, 0.0154]), array([0.49700238, 0.00924762]), 0.7854, 0.0]
[77, array([0.5053, 0.0154]), array([0.49715476, 0.00924762]), 0.7854, 0.0]
[77, array([0.5053, 0.0154]), array([0.49730714, 0.00924762]), 0.7854, 0.0]
[77, array([0.5053, 0.0154]), array([0.49745952, 0.00924762]), 0.7854, 1.0]
[77, array([0.5053, 0.0154]), array([0.4976119 , 0.00924762]), 0.7854, 1.0]
[77, array([0.5053, 0.0154]), array([0.49776429, 0.00924762]), 0.7854, 0.0]
[77, array([0.5053, 0.0154]), array([0.49791667, 0.00924762]), 0.7854, 0.0]
[77, array([0.5053, 0.0154]), array([0.49806905, 0.00924762]), 0.7854, 0.0]
[77, array([0.5053, 0.0154]), array([0.49822143, 0.00924762]), 0.7854, 0.0]
[77, array([0.5053, 0.0154]), array([0.49837381, 0.00924762]), 0.7854, 0.0]
[77, array([0.5053, 0.0154]), array([0.49852619, 0.00924762]), 0.7854, 0.0]
[77, array([0.5053, 0.0154]), array([0.49867857, 0.00924762]), 0.7854, 0.0]
[77, array([0.5053, 0.0154]), array([0.49883095, 0.00924762]), 0.7854, 0.0]
[77, array([0.5053, 0.0154]), array([0.49898333, 0.00924762]), 0.7854, 0.0]
[77, array([0.5053, 0.0154]), array([0.49913571, 0.00924762]), 0.7854, 0.0]
[77, array([0.5053, 0.0154]), array([0.4992881 , 0.00924762]), 0.7854, 0.0]
[77, array([0.5053, 0.0154]), array([0.49944048, 0.00924762]), 0.7854, 0.0]
[77, array([0.5053, 0.0154]), array([0.49959286, 0.00924762]), 0.7854, 0.0]
[77, array([0.5053, 0.0154]), array([0.49974524, 0.00924762]), 0.7854, 0.0]
[77, array([0.5053, 0.0154]), array([0.49989762, 0.00924762]), 0.7854, 0.0]
[77, array([0.5053, 0.0154]), array([0.50005   , 0.00924762]), 0.7854, 0.0]
[77, array([0.5053, 0.0154]), array([0.49685, 0.0094 ]), 0.7854, 0.0]
[77, array([0.5053, 0.0154]), array([0.49700238, 0.0094    ]), 0.7854, 0.0]
[77, array([0.5053, 0.0154]), array([0.49715476, 0.0094    ]), 0.7854, 1.0]
[77, array([0.5053, 0.0154]), array([0.49730714, 0.0094    ]), 0.7854, 0.0]
[77, array([0.5053, 0.0154]), array([0.49745952, 0.0094    ]), 0.7854, 1.0]
[77, array([0.5053, 0.0154]), array([0.4976119, 0.0094   ]), 0.7854, 1.0]
[77, array([0.5053, 0.0154]), array([0.49776429, 0.0094    ]), 0.7854, 0.0]
[77, array([0.5053, 0.0154]), array([0.49791667, 0.0094    ]), 0.7854, 0.0]
[77, array([0.5053, 0.0154]), array([0.49806905, 0.0094    ]), 0.7854, 0.0]
[77, array([0.5053, 0.0154]), array([0.49822143, 0.0094    ]), 0.7854, 0.0]
[77, array([0.5053, 0.0154]), array([0.49837381, 0.0094    ]), 0.7854, 0.0]
[77, array([0.5053, 0.0154]), array([0.49852619, 0.0094    ]), 0.7854, 0.0]
[77, array([0.5053, 0.0154]), array([0.49867857, 0.0094    ]), 0.7854, 0.0]
[77, array([0.5053, 0.0154]), array([0.49883095, 0.0094    ]), 0.7854, 0.0]
[77, array([0.5053, 0.0154]), array([0.49898333, 0.0094    ]), 0.7854, 0.0]
[77, array([0.5053, 0.0154]), array([0.49913571, 0.0094    ]), 0.7854, 0.0]
[77, array([0.5053, 0.0154]), array([0.4992881, 0.0094   ]), 0.7854, 0.0]
[77, array([0.5053, 0.0154]), array([0.49944048, 0.0094    ]), 0.7854, 0.0]
[77, array([0.5053, 0.0154]), array([0.49959286, 0.0094    ]), 0.7854, 0.0]
[77, array([0.5053, 0.0154]), array([0.49974524, 0.0094    ]), 0.7854, 0.0]
[77, array([0.5053, 0.0154]), array([0.49989762, 0.0094    ]), 0.7854, 0.0]
[77, array([0.5053, 0.0154]), array([0.50005, 0.0094 ]), 0.7854, 0.0]
[33, array([ 0.4792, -0.0289]), array([ 0.4781 , -0.03125]), 0.7854, 1.0]
[33, array([ 0.4792, -0.0289]), array([ 0.47825238, -0.03125   ]), 0.7854, 1.0]
[33, array([ 0.4792, -0.0289]), array([ 0.47840476, -0.03125   ]), 0.7854, 1.0]
[33, array([ 0.4792, -0.0289]), array([ 0.47855714, -0.03125   ]), 0.7854, 1.0]
[33, array([ 0.4792, -0.0289]), array([ 0.47870952, -0.03125   ]), 0.7854, 1.0]
[33, array([ 0.4792, -0.0289]), array([ 0.4788619, -0.03125  ]), 0.7854, 1.0]
[33, array([ 0.4792, -0.0289]), array([ 0.47901429, -0.03125   ]), 0.7854, 1.0]
[33, array([ 0.4792, -0.0289]), array([ 0.47916667, -0.03125   ]), 0.7854, 1.0]
[33, array([ 0.4792, -0.0289]), array([ 0.47931905, -0.03125   ]), 0.7854, 1.0]
[33, array([ 0.4792, -0.0289]), array([ 0.47947143, -0.03125   ]), 0.7854, 1.0]
[33, array([ 0.4792, -0.0289]), array([ 0.47962381, -0.03125   ]), 0.7854, 1.0]
[33, array([ 0.4792, -0.0289]), array([ 0.47977619, -0.03125   ]), 0.7854, 1.0]
[33, array([ 0.4792, -0.0289]), array([ 0.47992857, -0.03125   ]), 0.7854, 1.0]
[33, array([ 0.4792, -0.0289]), array([ 0.48008095, -0.03125   ]), 0.7854, 1.0]
[33, array([ 0.4792, -0.0289]), array([ 0.48023333, -0.03125   ]), 0.7854, 1.0]
[33, array([ 0.4792, -0.0289]), array([ 0.48038571, -0.03125   ]), 0.7854, 1.0]
[33, array([ 0.4792, -0.0289]), array([ 0.4805381, -0.03125  ]), 0.7854, 1.0]
[33, array([ 0.4792, -0.0289]), array([ 0.48069048, -0.03125   ]), 0.7854, 1.0]
[33, array([ 0.4792, -0.0289]), array([ 0.48084286, -0.03125   ]), 0.7854, 1.0]
[33, array([ 0.4792, -0.0289]), array([ 0.48099524, -0.03125   ]), 0.7854, 1.0]
[33, array([ 0.4792, -0.0289]), array([ 0.48114762, -0.03125   ]), 0.7854, 1.0]
[33, array([ 0.4792, -0.0289]), array([ 0.4813 , -0.03125]), 0.7854, 1.0]
[33, array([ 0.4792, -0.0289]), array([ 0.4781    , -0.03109762]), 0.7854, 1.0]
[33, array([ 0.4792, -0.0289]), array([ 0.47825238, -0.03109762]), 0.7854, 1.0]
[33, array([ 0.4792, -0.0289]), array([ 0.47840476, -0.03109762]), 0.7854, 1.0]
[33, array([ 0.4792, -0.0289]), array([ 0.47855714, -0.03109762]), 0.7854, 1.0]
[33, array([ 0.4792, -0.0289]), array([ 0.47870952, -0.03109762]), 0.7854, 1.0]
[33, array([ 0.4792, -0.0289]), array([ 0.4788619 , -0.03109762]), 0.7854, 1.0]
[33, array([ 0.4792, -0.0289]), array([ 0.47901429, -0.03109762]), 0.7854, 1.0]
[33, array([ 0.4792, -0.0289]), array([ 0.47916667, -0.03109762]), 0.7854, 1.0]
[33, array([ 0.4792, -0.0289]), array([ 0.47931905, -0.03109762]), 0.7854, 1.0]
[33, array([ 0.4792, -0.0289]), array([ 0.47947143, -0.03109762]), 0.7854, 1.0]
[33, array([ 0.4792, -0.0289]), array([ 0.47962381, -0.03109762]), 0.7854, 1.0]
[33, array([ 0.4792, -0.0289]), array([ 0.47977619, -0.03109762]), 0.7854, 1.0]
[33, array([ 0.4792, -0.0289]), array([ 0.47992857, -0.03109762]), 0.7854, 1.0]
[33, array([ 0.4792, -0.0289]), array([ 0.48008095, -0.03109762]), 0.7854, 1.0]
[33, array([ 0.4792, -0.0289]), array([ 0.48023333, -0.03109762]), 0.7854, 1.0]
[33, array([ 0.4792, -0.0289]), array([ 0.48038571, -0.03109762]), 0.7854, 1.0]
[33, array([ 0.4792, -0.0289]), array([ 0.4805381 , -0.03109762]), 0.7854, 1.0]
[33, array([ 0.4792, -0.0289]), array([ 0.48069048, -0.03109762]), 0.7854, 1.0]
[33, array([ 0.4792, -0.0289]), array([ 0.48084286, -0.03109762]), 0.7854, 1.0]
[33, array([ 0.4792, -0.0289]), array([ 0.48099524, -0.03109762]), 0.7854, 1.0]
[33, array([ 0.4792, -0.0289]), array([ 0.48114762, -0.03109762]), 0.7854, 1.0]
[33, array([ 0.4792, -0.0289]), array([ 0.4813    , -0.03109762]), 0.7854, 1.0]
[33, array([ 0.4792, -0.0289]), array([ 0.4781    , -0.03094524]), 0.7854, 1.0]
[33, array([ 0.4792, -0.0289]), array([ 0.47825238, -0.03094524]), 0.7854, 1.0]
[33, array([ 0.4792, -0.0289]), array([ 0.47840476, -0.03094524]), 0.7854, 1.0]
[33, array([ 0.4792, -0.0289]), array([ 0.47855714, -0.03094524]), 0.7854, 1.0]
[33, array([ 0.4792, -0.0289]), array([ 0.47870952, -0.03094524]), 0.7854, 1.0]
[33, array([ 0.4792, -0.0289]), array([ 0.4788619 , -0.03094524]), 0.7854, 1.0]
[33, array([ 0.4792, -0.0289]), array([ 0.47901429, -0.03094524]), 0.7854, 1.0]
[33, array([ 0.4792, -0.0289]), array([ 0.47916667, -0.03094524]), 0.7854, 1.0]
[33, array([ 0.4792, -0.0289]), array([ 0.47931905, -0.03094524]), 0.7854, 1.0]
[33, array([ 0.4792, -0.0289]), array([ 0.47947143, -0.03094524]), 0.7854, 1.0]
[33, array([ 0.4792, -0.0289]), array([ 0.47962381, -0.03094524]), 0.7854, 1.0]
[33, array([ 0.4792, -0.0289]), array([ 0.47977619, -0.03094524]), 0.7854, 1.0]
[33, array([ 0.4792, -0.0289]), array([ 0.47992857, -0.03094524]), 0.7854, 1.0]
[33, array([ 0.4792, -0.0289]), array([ 0.48008095, -0.03094524]), 0.7854, 1.0]
[33, array([ 0.4792, -0.0289]), array([ 0.48023333, -0.03094524]), 0.7854, 1.0]
[33, array([ 0.4792, -0.0289]), array([ 0.48038571, -0.03094524]), 0.7854, 1.0]
[33, array([ 0.4792, -0.0289]), array([ 0.4805381 , -0.03094524]), 0.7854, 1.0]
[33, array([ 0.4792, -0.0289]), array([ 0.48069048, -0.03094524]), 0.7854, 1.0]
[33, array([ 0.4792, -0.0289]), array([ 0.48084286, -0.03094524]), 0.7854, 1.0]
[33, array([ 0.4792, -0.0289]), array([ 0.48099524, -0.03094524]), 0.7854, 1.0]
[33, array([ 0.4792, -0.0289]), array([ 0.48114762, -0.03094524]), 0.7854, 1.0]
[33, array([ 0.4792, -0.0289]), array([ 0.4813    , -0.03094524]), 0.7854, 1.0]
[33, array([ 0.4792, -0.0289]), array([ 0.4781    , -0.03079286]), 0.7854, 1.0]
[33, array([ 0.4792, -0.0289]), array([ 0.47825238, -0.03079286]), 0.7854, 1.0]
[33, array([ 0.4792, -0.0289]), array([ 0.47840476, -0.03079286]), 0.7854, 1.0]
[33, array([ 0.4792, -0.0289]), array([ 0.47855714, -0.03079286]), 0.7854, 1.0]
[33, array([ 0.4792, -0.0289]), array([ 0.47870952, -0.03079286]), 0.7854, 1.0]
[33, array([ 0.4792, -0.0289]), array([ 0.4788619 , -0.03079286]), 0.7854, 1.0]
[33, array([ 0.4792, -0.0289]), array([ 0.47901429, -0.03079286]), 0.7854, 1.0]
[33, array([ 0.4792, -0.0289]), array([ 0.47916667, -0.03079286]), 0.7854, 1.0]
[33, array([ 0.4792, -0.0289]), array([ 0.47931905, -0.03079286]), 0.7854, 1.0]
[33, array([ 0.4792, -0.0289]), array([ 0.47947143, -0.03079286]), 0.7854, 1.0]
[33, array([ 0.4792, -0.0289]), array([ 0.47962381, -0.03079286]), 0.7854, 1.0]
[33, array([ 0.4792, -0.0289]), array([ 0.47977619, -0.03079286]), 0.7854, 1.0]
[33, array([ 0.4792, -0.0289]), array([ 0.47992857, -0.03079286]), 0.7854, 1.0]
[33, array([ 0.4792, -0.0289]), array([ 0.48008095, -0.03079286]), 0.7854, 1.0]
[33, array([ 0.4792, -0.0289]), array([ 0.48023333, -0.03079286]), 0.7854, 1.0]
[33, array([ 0.4792, -0.0289]), array([ 0.48038571, -0.03079286]), 0.7854, 1.0]
[33, array([ 0.4792, -0.0289]), array([ 0.4805381 , -0.03079286]), 0.7854, 1.0]
[33, array([ 0.4792, -0.0289]), array([ 0.48069048, -0.03079286]), 0.7854, 1.0]
[33, array([ 0.4792, -0.0289]), array([ 0.48084286, -0.03079286]), 0.7854, 1.0]
[33, array([ 0.4792, -0.0289]), array([ 0.48099524, -0.03079286]), 0.7854, 1.0]
[33, array([ 0.4792, -0.0289]), array([ 0.48114762, -0.03079286]), 0.7854, 1.0]
[33, array([ 0.4792, -0.0289]), array([ 0.4813    , -0.03079286]), 0.7854, 1.0]
[33, array([ 0.4792, -0.0289]), array([ 0.4781    , -0.03064048]), 0.7854, 1.0]
[33, array([ 0.4792, -0.0289]), array([ 0.47825238, -0.03064048]), 0.7854, 1.0]
[33, array([ 0.4792, -0.0289]), array([ 0.47840476, -0.03064048]), 0.7854, 1.0]
[33, array([ 0.4792, -0.0289]), array([ 0.47855714, -0.03064048]), 0.7854, 1.0]
[33, array([ 0.4792, -0.0289]), array([ 0.47870952, -0.03064048]), 0.7854, 1.0]
[33, array([ 0.4792, -0.0289]), array([ 0.4788619 , -0.03064048]), 0.7854, 1.0]
[33, array([ 0.4792, -0.0289]), array([ 0.47901429, -0.03064048]), 0.7854, 1.0]
[33, array([ 0.4792, -0.0289]), array([ 0.47916667, -0.03064048]), 0.7854, 1.0]
[33, array([ 0.4792, -0.0289]), array([ 0.47931905, -0.03064048]), 0.7854, 1.0]
[33, array([ 0.4792, -0.0289]), array([ 0.47947143, -0.03064048]), 0.7854, 1.0]
[33, array([ 0.4792, -0.0289]), array([ 0.47962381, -0.03064048]), 0.7854, 1.0]
[33, array([ 0.4792, -0.0289]), array([ 0.47977619, -0.03064048]), 0.7854, 1.0]
[33, array([ 0.4792, -0.0289]), array([ 0.47992857, -0.03064048]), 0.7854, 1.0]
[33, array([ 0.4792, -0.0289]), array([ 0.48008095, -0.03064048]), 0.7854, 1.0]
[33, array([ 0.4792, -0.0289]), array([ 0.48023333, -0.03064048]), 0.7854, 1.0]
[33, array([ 0.4792, -0.0289]), array([ 0.48038571, -0.03064048]), 0.7854, 1.0]
[33, array([ 0.4792, -0.0289]), array([ 0.4805381 , -0.03064048]), 0.7854, 1.0]
[33, array([ 0.4792, -0.0289]), array([ 0.48069048, -0.03064048]), 0.7854, 1.0]
[33, array([ 0.4792, -0.0289]), array([ 0.48084286, -0.03064048]), 0.7854, 1.0]
[33, array([ 0.4792, -0.0289]), array([ 0.48099524, -0.03064048]), 0.7854, 1.0]
[33, array([ 0.4792, -0.0289]), array([ 0.48114762, -0.03064048]), 0.7854, 1.0]
[33, array([ 0.4792, -0.0289]), array([ 0.4813    , -0.03064048]), 0.7854, 1.0]
[33, array([ 0.4792, -0.0289]), array([ 0.4781   , -0.0304881]), 0.7854, 1.0]
[33, array([ 0.4792, -0.0289]), array([ 0.47825238, -0.0304881 ]), 0.7854, 1.0]
[33, array([ 0.4792, -0.0289]), array([ 0.47840476, -0.0304881 ]), 0.7854, 1.0]
[33, array([ 0.4792, -0.0289]), array([ 0.47855714, -0.0304881 ]), 0.7854, 1.0]
[33, array([ 0.4792, -0.0289]), array([ 0.47870952, -0.0304881 ]), 0.7854, 1.0]
[33, array([ 0.4792, -0.0289]), array([ 0.4788619, -0.0304881]), 0.7854, 1.0]
[33, array([ 0.4792, -0.0289]), array([ 0.47901429, -0.0304881 ]), 0.7854, 1.0]
[33, array([ 0.4792, -0.0289]), array([ 0.47916667, -0.0304881 ]), 0.7854, 1.0]
[33, array([ 0.4792, -0.0289]), array([ 0.47931905, -0.0304881 ]), 0.7854, 1.0]
[33, array([ 0.4792, -0.0289]), array([ 0.47947143, -0.0304881 ]), 0.7854, 1.0]
[33, array([ 0.4792, -0.0289]), array([ 0.47962381, -0.0304881 ]), 0.7854, 1.0]
[33, array([ 0.4792, -0.0289]), array([ 0.47977619, -0.0304881 ]), 0.7854, 1.0]
[33, array([ 0.4792, -0.0289]), array([ 0.47992857, -0.0304881 ]), 0.7854, 1.0]
[33, array([ 0.4792, -0.0289]), array([ 0.48008095, -0.0304881 ]), 0.7854, 1.0]
[33, array([ 0.4792, -0.0289]), array([ 0.48023333, -0.0304881 ]), 0.7854, 1.0]
[33, array([ 0.4792, -0.0289]), array([ 0.48038571, -0.0304881 ]), 0.7854, 1.0]
[33, array([ 0.4792, -0.0289]), array([ 0.4805381, -0.0304881]), 0.7854, 1.0]
[33, array([ 0.4792, -0.0289]), array([ 0.48069048, -0.0304881 ]), 0.7854, 1.0]
[33, array([ 0.4792, -0.0289]), array([ 0.48084286, -0.0304881 ]), 0.7854, 1.0]
[33, array([ 0.4792, -0.0289]), array([ 0.48099524, -0.0304881 ]), 0.7854, 1.0]
[33, array([ 0.4792, -0.0289]), array([ 0.48114762, -0.0304881 ]), 0.7854, 1.0]
[33, array([ 0.4792, -0.0289]), array([ 0.4813   , -0.0304881]), 0.7854, 1.0]
[33, array([ 0.4792, -0.0289]), array([ 0.4781    , -0.03033571]), 0.7854, 1.0]
[33, array([ 0.4792, -0.0289]), array([ 0.47825238, -0.03033571]), 0.7854, 1.0]
[33, array([ 0.4792, -0.0289]), array([ 0.47840476, -0.03033571]), 0.7854, 1.0]
[33, array([ 0.4792, -0.0289]), array([ 0.47855714, -0.03033571]), 0.7854, 1.0]
[33, array([ 0.4792, -0.0289]), array([ 0.47870952, -0.03033571]), 0.7854, 1.0]
[33, array([ 0.4792, -0.0289]), array([ 0.4788619 , -0.03033571]), 0.7854, 1.0]
[33, array([ 0.4792, -0.0289]), array([ 0.47901429, -0.03033571]), 0.7854, 1.0]
[33, array([ 0.4792, -0.0289]), array([ 0.47916667, -0.03033571]), 0.7854, 1.0]
[33, array([ 0.4792, -0.0289]), array([ 0.47931905, -0.03033571]), 0.7854, 1.0]
[33, array([ 0.4792, -0.0289]), array([ 0.47947143, -0.03033571]), 0.7854, 1.0]
[33, array([ 0.4792, -0.0289]), array([ 0.47962381, -0.03033571]), 0.7854, 1.0]
[33, array([ 0.4792, -0.0289]), array([ 0.47977619, -0.03033571]), 0.7854, 1.0]
[33, array([ 0.4792, -0.0289]), array([ 0.47992857, -0.03033571]), 0.7854, 1.0]
[33, array([ 0.4792, -0.0289]), array([ 0.48008095, -0.03033571]), 0.7854, 1.0]
[33, array([ 0.4792, -0.0289]), array([ 0.48023333, -0.03033571]), 0.7854, 1.0]
[33, array([ 0.4792, -0.0289]), array([ 0.48038571, -0.03033571]), 0.7854, 1.0]
[33, array([ 0.4792, -0.0289]), array([ 0.4805381 , -0.03033571]), 0.7854, 1.0]
[33, array([ 0.4792, -0.0289]), array([ 0.48069048, -0.03033571]), 0.7854, 1.0]
[33, array([ 0.4792, -0.0289]), array([ 0.48084286, -0.03033571]), 0.7854, 1.0]
[33, array([ 0.4792, -0.0289]), array([ 0.48099524, -0.03033571]), 0.7854, 1.0]
[33, array([ 0.4792, -0.0289]), array([ 0.48114762, -0.03033571]), 0.7854, 1.0]
[33, array([ 0.4792, -0.0289]), array([ 0.4813    , -0.03033571]), 0.7854, 1.0]
[33, array([ 0.4792, -0.0289]), array([ 0.4781    , -0.03018333]), 0.7854, 1.0]
[33, array([ 0.4792, -0.0289]), array([ 0.47825238, -0.03018333]), 0.7854, 1.0]
[33, array([ 0.4792, -0.0289]), array([ 0.47840476, -0.03018333]), 0.7854, 1.0]
[33, array([ 0.4792, -0.0289]), array([ 0.47855714, -0.03018333]), 0.7854, 1.0]
[33, array([ 0.4792, -0.0289]), array([ 0.47870952, -0.03018333]), 0.7854, 1.0]
[33, array([ 0.4792, -0.0289]), array([ 0.4788619 , -0.03018333]), 0.7854, 1.0]
[33, array([ 0.4792, -0.0289]), array([ 0.47901429, -0.03018333]), 0.7854, 1.0]
[33, array([ 0.4792, -0.0289]), array([ 0.47916667, -0.03018333]), 0.7854, 1.0]
[33, array([ 0.4792, -0.0289]), array([ 0.47931905, -0.03018333]), 0.7854, 1.0]
[33, array([ 0.4792, -0.0289]), array([ 0.47947143, -0.03018333]), 0.7854, 1.0]
[33, array([ 0.4792, -0.0289]), array([ 0.47962381, -0.03018333]), 0.7854, 1.0]
[33, array([ 0.4792, -0.0289]), array([ 0.47977619, -0.03018333]), 0.7854, 1.0]
[33, array([ 0.4792, -0.0289]), array([ 0.47992857, -0.03018333]), 0.7854, 1.0]
[33, array([ 0.4792, -0.0289]), array([ 0.48008095, -0.03018333]), 0.7854, 1.0]
[33, array([ 0.4792, -0.0289]), array([ 0.48023333, -0.03018333]), 0.7854, 1.0]
[33, array([ 0.4792, -0.0289]), array([ 0.48038571, -0.03018333]), 0.7854, 1.0]
[33, array([ 0.4792, -0.0289]), array([ 0.4805381 , -0.03018333]), 0.7854, 1.0]
[33, array([ 0.4792, -0.0289]), array([ 0.48069048, -0.03018333]), 0.7854, 1.0]
[33, array([ 0.4792, -0.0289]), array([ 0.48084286, -0.03018333]), 0.7854, 1.0]
[33, array([ 0.4792, -0.0289]), array([ 0.48099524, -0.03018333]), 0.7854, 1.0]
[33, array([ 0.4792, -0.0289]), array([ 0.48114762, -0.03018333]), 0.7854, 1.0]
[33, array([ 0.4792, -0.0289]), array([ 0.4813    , -0.03018333]), 0.7854, 1.0]
[33, array([ 0.4792, -0.0289]), array([ 0.4781    , -0.03003095]), 0.7854, 1.0]
[33, array([ 0.4792, -0.0289]), array([ 0.47825238, -0.03003095]), 0.7854, 1.0]
[33, array([ 0.4792, -0.0289]), array([ 0.47840476, -0.03003095]), 0.7854, 1.0]
[33, array([ 0.4792, -0.0289]), array([ 0.47855714, -0.03003095]), 0.7854, 1.0]
[33, array([ 0.4792, -0.0289]), array([ 0.47870952, -0.03003095]), 0.7854, 1.0]
[33, array([ 0.4792, -0.0289]), array([ 0.4788619 , -0.03003095]), 0.7854, 1.0]
[33, array([ 0.4792, -0.0289]), array([ 0.47901429, -0.03003095]), 0.7854, 1.0]
[33, array([ 0.4792, -0.0289]), array([ 0.47916667, -0.03003095]), 0.7854, 1.0]
[33, array([ 0.4792, -0.0289]), array([ 0.47931905, -0.03003095]), 0.7854, 1.0]
[33, array([ 0.4792, -0.0289]), array([ 0.47947143, -0.03003095]), 0.7854, 1.0]
[33, array([ 0.4792, -0.0289]), array([ 0.47962381, -0.03003095]), 0.7854, 1.0]
[33, array([ 0.4792, -0.0289]), array([ 0.47977619, -0.03003095]), 0.7854, 1.0]
[33, array([ 0.4792, -0.0289]), array([ 0.47992857, -0.03003095]), 0.7854, 1.0]
[33, array([ 0.4792, -0.0289]), array([ 0.48008095, -0.03003095]), 0.7854, 1.0]
[33, array([ 0.4792, -0.0289]), array([ 0.48023333, -0.03003095]), 0.7854, 1.0]
[33, array([ 0.4792, -0.0289]), array([ 0.48038571, -0.03003095]), 0.7854, 1.0]
[33, array([ 0.4792, -0.0289]), array([ 0.4805381 , -0.03003095]), 0.7854, 1.0]
[33, array([ 0.4792, -0.0289]), array([ 0.48069048, -0.03003095]), 0.7854, 1.0]
[33, array([ 0.4792, -0.0289]), array([ 0.48084286, -0.03003095]), 0.7854, 1.0]
[33, array([ 0.4792, -0.0289]), array([ 0.48099524, -0.03003095]), 0.7854, 1.0]
[33, array([ 0.4792, -0.0289]), array([ 0.48114762, -0.03003095]), 0.7854, 1.0]
[33, array([ 0.4792, -0.0289]), array([ 0.4813    , -0.03003095]), 0.7854, 1.0]
[33, array([ 0.4792, -0.0289]), array([ 0.4781    , -0.02987857]), 0.7854, 1.0]
[33, array([ 0.4792, -0.0289]), array([ 0.47825238, -0.02987857]), 0.7854, 1.0]
[33, array([ 0.4792, -0.0289]), array([ 0.47840476, -0.02987857]), 0.7854, 1.0]
[33, array([ 0.4792, -0.0289]), array([ 0.47855714, -0.02987857]), 0.7854, 1.0]
[33, array([ 0.4792, -0.0289]), array([ 0.47870952, -0.02987857]), 0.7854, 1.0]
[33, array([ 0.4792, -0.0289]), array([ 0.4788619 , -0.02987857]), 0.7854, 1.0]
[33, array([ 0.4792, -0.0289]), array([ 0.47901429, -0.02987857]), 0.7854, 1.0]
[33, array([ 0.4792, -0.0289]), array([ 0.47916667, -0.02987857]), 0.7854, 1.0]
[33, array([ 0.4792, -0.0289]), array([ 0.47931905, -0.02987857]), 0.7854, 1.0]
[33, array([ 0.4792, -0.0289]), array([ 0.47947143, -0.02987857]), 0.7854, 1.0]
[33, array([ 0.4792, -0.0289]), array([ 0.47962381, -0.02987857]), 0.7854, 1.0]
[33, array([ 0.4792, -0.0289]), array([ 0.47977619, -0.02987857]), 0.7854, 1.0]
[33, array([ 0.4792, -0.0289]), array([ 0.47992857, -0.02987857]), 0.7854, 1.0]
[33, array([ 0.4792, -0.0289]), array([ 0.48008095, -0.02987857]), 0.7854, 1.0]
[33, array([ 0.4792, -0.0289]), array([ 0.48023333, -0.02987857]), 0.7854, 1.0]
[33, array([ 0.4792, -0.0289]), array([ 0.48038571, -0.02987857]), 0.7854, 1.0]
[33, array([ 0.4792, -0.0289]), array([ 0.4805381 , -0.02987857]), 0.7854, 1.0]
[33, array([ 0.4792, -0.0289]), array([ 0.48069048, -0.02987857]), 0.7854, 1.0]
[33, array([ 0.4792, -0.0289]), array([ 0.48084286, -0.02987857]), 0.7854, 1.0]
[33, array([ 0.4792, -0.0289]), array([ 0.48099524, -0.02987857]), 0.7854, 1.0]
[33, array([ 0.4792, -0.0289]), array([ 0.48114762, -0.02987857]), 0.7854, 1.0]
[33, array([ 0.4792, -0.0289]), array([ 0.4813    , -0.02987857]), 0.7854, 1.0]
[33, array([ 0.4792, -0.0289]), array([ 0.4781    , -0.02972619]), 0.7854, 1.0]
[33, array([ 0.4792, -0.0289]), array([ 0.47825238, -0.02972619]), 0.7854, 1.0]
[33, array([ 0.4792, -0.0289]), array([ 0.47840476, -0.02972619]), 0.7854, 1.0]
[33, array([ 0.4792, -0.0289]), array([ 0.47855714, -0.02972619]), 0.7854, 1.0]
[33, array([ 0.4792, -0.0289]), array([ 0.47870952, -0.02972619]), 0.7854, 1.0]
[33, array([ 0.4792, -0.0289]), array([ 0.4788619 , -0.02972619]), 0.7854, 1.0]
[33, array([ 0.4792, -0.0289]), array([ 0.47901429, -0.02972619]), 0.7854, 1.0]
[33, array([ 0.4792, -0.0289]), array([ 0.47916667, -0.02972619]), 0.7854, 1.0]
[33, array([ 0.4792, -0.0289]), array([ 0.47931905, -0.02972619]), 0.7854, 1.0]
[33, array([ 0.4792, -0.0289]), array([ 0.47947143, -0.02972619]), 0.7854, 1.0]
[33, array([ 0.4792, -0.0289]), array([ 0.47962381, -0.02972619]), 0.7854, 1.0]
[33, array([ 0.4792, -0.0289]), array([ 0.47977619, -0.02972619]), 0.7854, 1.0]
[33, array([ 0.4792, -0.0289]), array([ 0.47992857, -0.02972619]), 0.7854, 1.0]
[33, array([ 0.4792, -0.0289]), array([ 0.48008095, -0.02972619]), 0.7854, 1.0]
[33, array([ 0.4792, -0.0289]), array([ 0.48023333, -0.02972619]), 0.7854, 1.0]
[33, array([ 0.4792, -0.0289]), array([ 0.48038571, -0.02972619]), 0.7854, 1.0]
[33, array([ 0.4792, -0.0289]), array([ 0.4805381 , -0.02972619]), 0.7854, 1.0]
[33, array([ 0.4792, -0.0289]), array([ 0.48069048, -0.02972619]), 0.7854, 1.0]
[33, array([ 0.4792, -0.0289]), array([ 0.48084286, -0.02972619]), 0.7854, 1.0]
[33, array([ 0.4792, -0.0289]), array([ 0.48099524, -0.02972619]), 0.7854, 1.0]
[33, array([ 0.4792, -0.0289]), array([ 0.48114762, -0.02972619]), 0.7854, 1.0]
[33, array([ 0.4792, -0.0289]), array([ 0.4813    , -0.02972619]), 0.7854, 1.0]
[33, array([ 0.4792, -0.0289]), array([ 0.4781    , -0.02957381]), 0.7854, 1.0]
[33, array([ 0.4792, -0.0289]), array([ 0.47825238, -0.02957381]), 0.7854, 1.0]
[33, array([ 0.4792, -0.0289]), array([ 0.47840476, -0.02957381]), 0.7854, 1.0]
[33, array([ 0.4792, -0.0289]), array([ 0.47855714, -0.02957381]), 0.7854, 1.0]
[33, array([ 0.4792, -0.0289]), array([ 0.47870952, -0.02957381]), 0.7854, 1.0]
[33, array([ 0.4792, -0.0289]), array([ 0.4788619 , -0.02957381]), 0.7854, 1.0]
[33, array([ 0.4792, -0.0289]), array([ 0.47901429, -0.02957381]), 0.7854, 1.0]
[33, array([ 0.4792, -0.0289]), array([ 0.47916667, -0.02957381]), 0.7854, 1.0]
[33, array([ 0.4792, -0.0289]), array([ 0.47931905, -0.02957381]), 0.7854, 1.0]
[33, array([ 0.4792, -0.0289]), array([ 0.47947143, -0.02957381]), 0.7854, 1.0]
[33, array([ 0.4792, -0.0289]), array([ 0.47962381, -0.02957381]), 0.7854, 1.0]
[33, array([ 0.4792, -0.0289]), array([ 0.47977619, -0.02957381]), 0.7854, 1.0]
[33, array([ 0.4792, -0.0289]), array([ 0.47992857, -0.02957381]), 0.7854, 1.0]
[33, array([ 0.4792, -0.0289]), array([ 0.48008095, -0.02957381]), 0.7854, 1.0]
[33, array([ 0.4792, -0.0289]), array([ 0.48023333, -0.02957381]), 0.7854, 1.0]
[33, array([ 0.4792, -0.0289]), array([ 0.48038571, -0.02957381]), 0.7854, 1.0]
[33, array([ 0.4792, -0.0289]), array([ 0.4805381 , -0.02957381]), 0.7854, 1.0]
[33, array([ 0.4792, -0.0289]), array([ 0.48069048, -0.02957381]), 0.7854, 1.0]
[33, array([ 0.4792, -0.0289]), array([ 0.48084286, -0.02957381]), 0.7854, 1.0]
[33, array([ 0.4792, -0.0289]), array([ 0.48099524, -0.02957381]), 0.7854, 1.0]
[33, array([ 0.4792, -0.0289]), array([ 0.48114762, -0.02957381]), 0.7854, 1.0]
[33, array([ 0.4792, -0.0289]), array([ 0.4813    , -0.02957381]), 0.7854, 1.0]
[33, array([ 0.4792, -0.0289]), array([ 0.4781    , -0.02942143]), 0.7854, 1.0]
[33, array([ 0.4792, -0.0289]), array([ 0.47825238, -0.02942143]), 0.7854, 1.0]
[33, array([ 0.4792, -0.0289]), array([ 0.47840476, -0.02942143]), 0.7854, 1.0]
[33, array([ 0.4792, -0.0289]), array([ 0.47855714, -0.02942143]), 0.7854, 1.0]
[33, array([ 0.4792, -0.0289]), array([ 0.47870952, -0.02942143]), 0.7854, 1.0]
[33, array([ 0.4792, -0.0289]), array([ 0.4788619 , -0.02942143]), 0.7854, 1.0]
[33, array([ 0.4792, -0.0289]), array([ 0.47901429, -0.02942143]), 0.7854, 1.0]
[33, array([ 0.4792, -0.0289]), array([ 0.47916667, -0.02942143]), 0.7854, 1.0]
[33, array([ 0.4792, -0.0289]), array([ 0.47931905, -0.02942143]), 0.7854, 1.0]
[33, array([ 0.4792, -0.0289]), array([ 0.47947143, -0.02942143]), 0.7854, 1.0]
[33, array([ 0.4792, -0.0289]), array([ 0.47962381, -0.02942143]), 0.7854, 1.0]
[33, array([ 0.4792, -0.0289]), array([ 0.47977619, -0.02942143]), 0.7854, 1.0]
[33, array([ 0.4792, -0.0289]), array([ 0.47992857, -0.02942143]), 0.7854, 1.0]
[33, array([ 0.4792, -0.0289]), array([ 0.48008095, -0.02942143]), 0.7854, 1.0]
[33, array([ 0.4792, -0.0289]), array([ 0.48023333, -0.02942143]), 0.7854, 1.0]
[33, array([ 0.4792, -0.0289]), array([ 0.48038571, -0.02942143]), 0.7854, 1.0]
[33, array([ 0.4792, -0.0289]), array([ 0.4805381 , -0.02942143]), 0.7854, 1.0]
[33, array([ 0.4792, -0.0289]), array([ 0.48069048, -0.02942143]), 0.7854, 1.0]
[33, array([ 0.4792, -0.0289]), array([ 0.48084286, -0.02942143]), 0.7854, 1.0]
[33, array([ 0.4792, -0.0289]), array([ 0.48099524, -0.02942143]), 0.7854, 1.0]
[33, array([ 0.4792, -0.0289]), array([ 0.48114762, -0.02942143]), 0.7854, 1.0]
[33, array([ 0.4792, -0.0289]), array([ 0.4813    , -0.02942143]), 0.7854, 1.0]
[33, array([ 0.4792, -0.0289]), array([ 0.4781    , -0.02926905]), 0.7854, 1.0]
[33, array([ 0.4792, -0.0289]), array([ 0.47825238, -0.02926905]), 0.7854, 1.0]
[33, array([ 0.4792, -0.0289]), array([ 0.47840476, -0.02926905]), 0.7854, 1.0]
[33, array([ 0.4792, -0.0289]), array([ 0.47855714, -0.02926905]), 0.7854, 1.0]
[33, array([ 0.4792, -0.0289]), array([ 0.47870952, -0.02926905]), 0.7854, 1.0]
[33, array([ 0.4792, -0.0289]), array([ 0.4788619 , -0.02926905]), 0.7854, 1.0]
[33, array([ 0.4792, -0.0289]), array([ 0.47901429, -0.02926905]), 0.7854, 1.0]
[33, array([ 0.4792, -0.0289]), array([ 0.47916667, -0.02926905]), 0.7854, 1.0]
[33, array([ 0.4792, -0.0289]), array([ 0.47931905, -0.02926905]), 0.7854, 1.0]
[33, array([ 0.4792, -0.0289]), array([ 0.47947143, -0.02926905]), 0.7854, 1.0]
[33, array([ 0.4792, -0.0289]), array([ 0.47962381, -0.02926905]), 0.7854, 1.0]
[33, array([ 0.4792, -0.0289]), array([ 0.47977619, -0.02926905]), 0.7854, 1.0]
[33, array([ 0.4792, -0.0289]), array([ 0.47992857, -0.02926905]), 0.7854, 1.0]
[33, array([ 0.4792, -0.0289]), array([ 0.48008095, -0.02926905]), 0.7854, 1.0]
[33, array([ 0.4792, -0.0289]), array([ 0.48023333, -0.02926905]), 0.7854, 1.0]
[33, array([ 0.4792, -0.0289]), array([ 0.48038571, -0.02926905]), 0.7854, 1.0]
[33, array([ 0.4792, -0.0289]), array([ 0.4805381 , -0.02926905]), 0.7854, 1.0]
[33, array([ 0.4792, -0.0289]), array([ 0.48069048, -0.02926905]), 0.7854, 1.0]
[33, array([ 0.4792, -0.0289]), array([ 0.48084286, -0.02926905]), 0.7854, 1.0]
[33, array([ 0.4792, -0.0289]), array([ 0.48099524, -0.02926905]), 0.7854, 1.0]
[33, array([ 0.4792, -0.0289]), array([ 0.48114762, -0.02926905]), 0.7854, 1.0]
[33, array([ 0.4792, -0.0289]), array([ 0.4813    , -0.02926905]), 0.7854, 1.0]
[33, array([ 0.4792, -0.0289]), array([ 0.4781    , -0.02911667]), 0.7854, 1.0]
[33, array([ 0.4792, -0.0289]), array([ 0.47825238, -0.02911667]), 0.7854, 1.0]
[33, array([ 0.4792, -0.0289]), array([ 0.47840476, -0.02911667]), 0.7854, 1.0]
[33, array([ 0.4792, -0.0289]), array([ 0.47855714, -0.02911667]), 0.7854, 1.0]
[33, array([ 0.4792, -0.0289]), array([ 0.47870952, -0.02911667]), 0.7854, 1.0]
[33, array([ 0.4792, -0.0289]), array([ 0.4788619 , -0.02911667]), 0.7854, 1.0]
[33, array([ 0.4792, -0.0289]), array([ 0.47901429, -0.02911667]), 0.7854, 1.0]
[33, array([ 0.4792, -0.0289]), array([ 0.47916667, -0.02911667]), 0.7854, 1.0]
[33, array([ 0.4792, -0.0289]), array([ 0.47931905, -0.02911667]), 0.7854, 1.0]
[33, array([ 0.4792, -0.0289]), array([ 0.47947143, -0.02911667]), 0.7854, 1.0]
[33, array([ 0.4792, -0.0289]), array([ 0.47962381, -0.02911667]), 0.7854, 1.0]
[33, array([ 0.4792, -0.0289]), array([ 0.47977619, -0.02911667]), 0.7854, 1.0]
[33, array([ 0.4792, -0.0289]), array([ 0.47992857, -0.02911667]), 0.7854, 1.0]
[33, array([ 0.4792, -0.0289]), array([ 0.48008095, -0.02911667]), 0.7854, 1.0]
[33, array([ 0.4792, -0.0289]), array([ 0.48023333, -0.02911667]), 0.7854, 1.0]
[33, array([ 0.4792, -0.0289]), array([ 0.48038571, -0.02911667]), 0.7854, 1.0]
[33, array([ 0.4792, -0.0289]), array([ 0.4805381 , -0.02911667]), 0.7854, 1.0]
[33, array([ 0.4792, -0.0289]), array([ 0.48069048, -0.02911667]), 0.7854, 1.0]
[33, array([ 0.4792, -0.0289]), array([ 0.48084286, -0.02911667]), 0.7854, 1.0]
[33, array([ 0.4792, -0.0289]), array([ 0.48099524, -0.02911667]), 0.7854, 1.0]
[33, array([ 0.4792, -0.0289]), array([ 0.48114762, -0.02911667]), 0.7854, 1.0]
[33, array([ 0.4792, -0.0289]), array([ 0.4813    , -0.02911667]), 0.7854, 1.0]
[33, array([ 0.4792, -0.0289]), array([ 0.4781    , -0.02896429]), 0.7854, 1.0]
[33, array([ 0.4792, -0.0289]), array([ 0.47825238, -0.02896429]), 0.7854, 1.0]
[33, array([ 0.4792, -0.0289]), array([ 0.47840476, -0.02896429]), 0.7854, 1.0]
[33, array([ 0.4792, -0.0289]), array([ 0.47855714, -0.02896429]), 0.7854, 1.0]
[33, array([ 0.4792, -0.0289]), array([ 0.47870952, -0.02896429]), 0.7854, 1.0]
[33, array([ 0.4792, -0.0289]), array([ 0.4788619 , -0.02896429]), 0.7854, 1.0]
[33, array([ 0.4792, -0.0289]), array([ 0.47901429, -0.02896429]), 0.7854, 1.0]
[33, array([ 0.4792, -0.0289]), array([ 0.47916667, -0.02896429]), 0.7854, 1.0]
[33, array([ 0.4792, -0.0289]), array([ 0.47931905, -0.02896429]), 0.7854, 1.0]
[33, array([ 0.4792, -0.0289]), array([ 0.47947143, -0.02896429]), 0.7854, 1.0]
[33, array([ 0.4792, -0.0289]), array([ 0.47962381, -0.02896429]), 0.7854, 1.0]
[33, array([ 0.4792, -0.0289]), array([ 0.47977619, -0.02896429]), 0.7854, 1.0]
[33, array([ 0.4792, -0.0289]), array([ 0.47992857, -0.02896429]), 0.7854, 1.0]
[33, array([ 0.4792, -0.0289]), array([ 0.48008095, -0.02896429]), 0.7854, 1.0]
[33, array([ 0.4792, -0.0289]), array([ 0.48023333, -0.02896429]), 0.7854, 1.0]
[33, array([ 0.4792, -0.0289]), array([ 0.48038571, -0.02896429]), 0.7854, 1.0]
[33, array([ 0.4792, -0.0289]), array([ 0.4805381 , -0.02896429]), 0.7854, 1.0]
[33, array([ 0.4792, -0.0289]), array([ 0.48069048, -0.02896429]), 0.7854, 1.0]
[33, array([ 0.4792, -0.0289]), array([ 0.48084286, -0.02896429]), 0.7854, 1.0]
[33, array([ 0.4792, -0.0289]), array([ 0.48099524, -0.02896429]), 0.7854, 1.0]
[33, array([ 0.4792, -0.0289]), array([ 0.48114762, -0.02896429]), 0.7854, 1.0]
[33, array([ 0.4792, -0.0289]), array([ 0.4813    , -0.02896429]), 0.7854, 1.0]
[33, array([ 0.4792, -0.0289]), array([ 0.4781   , -0.0288119]), 0.7854, 1.0]
[33, array([ 0.4792, -0.0289]), array([ 0.47825238, -0.0288119 ]), 0.7854, 1.0]
[33, array([ 0.4792, -0.0289]), array([ 0.47840476, -0.0288119 ]), 0.7854, 1.0]
[33, array([ 0.4792, -0.0289]), array([ 0.47855714, -0.0288119 ]), 0.7854, 1.0]
[33, array([ 0.4792, -0.0289]), array([ 0.47870952, -0.0288119 ]), 0.7854, 1.0]
[33, array([ 0.4792, -0.0289]), array([ 0.4788619, -0.0288119]), 0.7854, 1.0]
[33, array([ 0.4792, -0.0289]), array([ 0.47901429, -0.0288119 ]), 0.7854, 1.0]
[33, array([ 0.4792, -0.0289]), array([ 0.47916667, -0.0288119 ]), 0.7854, 1.0]
[33, array([ 0.4792, -0.0289]), array([ 0.47931905, -0.0288119 ]), 0.7854, 1.0]
[33, array([ 0.4792, -0.0289]), array([ 0.47947143, -0.0288119 ]), 0.7854, 1.0]
[33, array([ 0.4792, -0.0289]), array([ 0.47962381, -0.0288119 ]), 0.7854, 1.0]
[33, array([ 0.4792, -0.0289]), array([ 0.47977619, -0.0288119 ]), 0.7854, 1.0]
[33, array([ 0.4792, -0.0289]), array([ 0.47992857, -0.0288119 ]), 0.7854, 1.0]
[33, array([ 0.4792, -0.0289]), array([ 0.48008095, -0.0288119 ]), 0.7854, 1.0]
[33, array([ 0.4792, -0.0289]), array([ 0.48023333, -0.0288119 ]), 0.7854, 1.0]
[33, array([ 0.4792, -0.0289]), array([ 0.48038571, -0.0288119 ]), 0.7854, 1.0]
[33, array([ 0.4792, -0.0289]), array([ 0.4805381, -0.0288119]), 0.7854, 1.0]
[33, array([ 0.4792, -0.0289]), array([ 0.48069048, -0.0288119 ]), 0.7854, 1.0]
[33, array([ 0.4792, -0.0289]), array([ 0.48084286, -0.0288119 ]), 0.7854, 1.0]
[33, array([ 0.4792, -0.0289]), array([ 0.48099524, -0.0288119 ]), 0.7854, 1.0]
[33, array([ 0.4792, -0.0289]), array([ 0.48114762, -0.0288119 ]), 0.7854, 1.0]
[33, array([ 0.4792, -0.0289]), array([ 0.4813   , -0.0288119]), 0.7854, 1.0]
[33, array([ 0.4792, -0.0289]), array([ 0.4781    , -0.02865952]), 0.7854, 1.0]
[33, array([ 0.4792, -0.0289]), array([ 0.47825238, -0.02865952]), 0.7854, 1.0]
[33, array([ 0.4792, -0.0289]), array([ 0.47840476, -0.02865952]), 0.7854, 1.0]
[33, array([ 0.4792, -0.0289]), array([ 0.47855714, -0.02865952]), 0.7854, 1.0]
[33, array([ 0.4792, -0.0289]), array([ 0.47870952, -0.02865952]), 0.7854, 1.0]
[33, array([ 0.4792, -0.0289]), array([ 0.4788619 , -0.02865952]), 0.7854, 1.0]
[33, array([ 0.4792, -0.0289]), array([ 0.47901429, -0.02865952]), 0.7854, 1.0]
[33, array([ 0.4792, -0.0289]), array([ 0.47916667, -0.02865952]), 0.7854, 1.0]
[33, array([ 0.4792, -0.0289]), array([ 0.47931905, -0.02865952]), 0.7854, 1.0]
[33, array([ 0.4792, -0.0289]), array([ 0.47947143, -0.02865952]), 0.7854, 1.0]
[33, array([ 0.4792, -0.0289]), array([ 0.47962381, -0.02865952]), 0.7854, 1.0]
[33, array([ 0.4792, -0.0289]), array([ 0.47977619, -0.02865952]), 0.7854, 1.0]
[33, array([ 0.4792, -0.0289]), array([ 0.47992857, -0.02865952]), 0.7854, 1.0]
[33, array([ 0.4792, -0.0289]), array([ 0.48008095, -0.02865952]), 0.7854, 1.0]
[33, array([ 0.4792, -0.0289]), array([ 0.48023333, -0.02865952]), 0.7854, 1.0]
[33, array([ 0.4792, -0.0289]), array([ 0.48038571, -0.02865952]), 0.7854, 1.0]
[33, array([ 0.4792, -0.0289]), array([ 0.4805381 , -0.02865952]), 0.7854, 1.0]
[33, array([ 0.4792, -0.0289]), array([ 0.48069048, -0.02865952]), 0.7854, 1.0]
[33, array([ 0.4792, -0.0289]), array([ 0.48084286, -0.02865952]), 0.7854, 1.0]
[33, array([ 0.4792, -0.0289]), array([ 0.48099524, -0.02865952]), 0.7854, 1.0]
[33, array([ 0.4792, -0.0289]), array([ 0.48114762, -0.02865952]), 0.7854, 1.0]
[33, array([ 0.4792, -0.0289]), array([ 0.4813    , -0.02865952]), 0.7854, 1.0]
[33, array([ 0.4792, -0.0289]), array([ 0.4781    , -0.02850714]), 0.7854, 1.0]
[33, array([ 0.4792, -0.0289]), array([ 0.47825238, -0.02850714]), 0.7854, 1.0]
[33, array([ 0.4792, -0.0289]), array([ 0.47840476, -0.02850714]), 0.7854, 1.0]
[33, array([ 0.4792, -0.0289]), array([ 0.47855714, -0.02850714]), 0.7854, 1.0]
[33, array([ 0.4792, -0.0289]), array([ 0.47870952, -0.02850714]), 0.7854, 1.0]
[33, array([ 0.4792, -0.0289]), array([ 0.4788619 , -0.02850714]), 0.7854, 1.0]
[33, array([ 0.4792, -0.0289]), array([ 0.47901429, -0.02850714]), 0.7854, 1.0]
[33, array([ 0.4792, -0.0289]), array([ 0.47916667, -0.02850714]), 0.7854, 1.0]
[33, array([ 0.4792, -0.0289]), array([ 0.47931905, -0.02850714]), 0.7854, 1.0]
[33, array([ 0.4792, -0.0289]), array([ 0.47947143, -0.02850714]), 0.7854, 1.0]
[33, array([ 0.4792, -0.0289]), array([ 0.47962381, -0.02850714]), 0.7854, 1.0]
[33, array([ 0.4792, -0.0289]), array([ 0.47977619, -0.02850714]), 0.7854, 1.0]
[33, array([ 0.4792, -0.0289]), array([ 0.47992857, -0.02850714]), 0.7854, 1.0]
[33, array([ 0.4792, -0.0289]), array([ 0.48008095, -0.02850714]), 0.7854, 1.0]
[33, array([ 0.4792, -0.0289]), array([ 0.48023333, -0.02850714]), 0.7854, 1.0]
[33, array([ 0.4792, -0.0289]), array([ 0.48038571, -0.02850714]), 0.7854, 1.0]
[33, array([ 0.4792, -0.0289]), array([ 0.4805381 , -0.02850714]), 0.7854, 1.0]
[33, array([ 0.4792, -0.0289]), array([ 0.48069048, -0.02850714]), 0.7854, 1.0]
[33, array([ 0.4792, -0.0289]), array([ 0.48084286, -0.02850714]), 0.7854, 1.0]
[33, array([ 0.4792, -0.0289]), array([ 0.48099524, -0.02850714]), 0.7854, 1.0]
[33, array([ 0.4792, -0.0289]), array([ 0.48114762, -0.02850714]), 0.7854, 1.0]
[33, array([ 0.4792, -0.0289]), array([ 0.4813    , -0.02850714]), 0.7854, 1.0]
[33, array([ 0.4792, -0.0289]), array([ 0.4781    , -0.02835476]), 0.7854, 1.0]
[33, array([ 0.4792, -0.0289]), array([ 0.47825238, -0.02835476]), 0.7854, 1.0]
[33, array([ 0.4792, -0.0289]), array([ 0.47840476, -0.02835476]), 0.7854, 1.0]
[33, array([ 0.4792, -0.0289]), array([ 0.47855714, -0.02835476]), 0.7854, 1.0]
[33, array([ 0.4792, -0.0289]), array([ 0.47870952, -0.02835476]), 0.7854, 1.0]
[33, array([ 0.4792, -0.0289]), array([ 0.4788619 , -0.02835476]), 0.7854, 1.0]
[33, array([ 0.4792, -0.0289]), array([ 0.47901429, -0.02835476]), 0.7854, 1.0]
[33, array([ 0.4792, -0.0289]), array([ 0.47916667, -0.02835476]), 0.7854, 1.0]
[33, array([ 0.4792, -0.0289]), array([ 0.47931905, -0.02835476]), 0.7854, 1.0]
[33, array([ 0.4792, -0.0289]), array([ 0.47947143, -0.02835476]), 0.7854, 1.0]
[33, array([ 0.4792, -0.0289]), array([ 0.47962381, -0.02835476]), 0.7854, 1.0]
[33, array([ 0.4792, -0.0289]), array([ 0.47977619, -0.02835476]), 0.7854, 1.0]
[33, array([ 0.4792, -0.0289]), array([ 0.47992857, -0.02835476]), 0.7854, 1.0]
[33, array([ 0.4792, -0.0289]), array([ 0.48008095, -0.02835476]), 0.7854, 1.0]
[33, array([ 0.4792, -0.0289]), array([ 0.48023333, -0.02835476]), 0.7854, 1.0]
[33, array([ 0.4792, -0.0289]), array([ 0.48038571, -0.02835476]), 0.7854, 1.0]
[33, array([ 0.4792, -0.0289]), array([ 0.4805381 , -0.02835476]), 0.7854, 1.0]
[33, array([ 0.4792, -0.0289]), array([ 0.48069048, -0.02835476]), 0.7854, 1.0]
[33, array([ 0.4792, -0.0289]), array([ 0.48084286, -0.02835476]), 0.7854, 1.0]
[33, array([ 0.4792, -0.0289]), array([ 0.48099524, -0.02835476]), 0.7854, 1.0]
[33, array([ 0.4792, -0.0289]), array([ 0.48114762, -0.02835476]), 0.7854, 1.0]
[33, array([ 0.4792, -0.0289]), array([ 0.4813    , -0.02835476]), 0.7854, 1.0]
[33, array([ 0.4792, -0.0289]), array([ 0.4781    , -0.02820238]), 0.7854, 1.0]
[33, array([ 0.4792, -0.0289]), array([ 0.47825238, -0.02820238]), 0.7854, 1.0]
[33, array([ 0.4792, -0.0289]), array([ 0.47840476, -0.02820238]), 0.7854, 1.0]
[33, array([ 0.4792, -0.0289]), array([ 0.47855714, -0.02820238]), 0.7854, 1.0]
[33, array([ 0.4792, -0.0289]), array([ 0.47870952, -0.02820238]), 0.7854, 1.0]
[33, array([ 0.4792, -0.0289]), array([ 0.4788619 , -0.02820238]), 0.7854, 1.0]
[33, array([ 0.4792, -0.0289]), array([ 0.47901429, -0.02820238]), 0.7854, 1.0]
[33, array([ 0.4792, -0.0289]), array([ 0.47916667, -0.02820238]), 0.7854, 1.0]
[33, array([ 0.4792, -0.0289]), array([ 0.47931905, -0.02820238]), 0.7854, 1.0]
[33, array([ 0.4792, -0.0289]), array([ 0.47947143, -0.02820238]), 0.7854, 1.0]
[33, array([ 0.4792, -0.0289]), array([ 0.47962381, -0.02820238]), 0.7854, 1.0]
[33, array([ 0.4792, -0.0289]), array([ 0.47977619, -0.02820238]), 0.7854, 1.0]
[33, array([ 0.4792, -0.0289]), array([ 0.47992857, -0.02820238]), 0.7854, 1.0]
[33, array([ 0.4792, -0.0289]), array([ 0.48008095, -0.02820238]), 0.7854, 1.0]
[33, array([ 0.4792, -0.0289]), array([ 0.48023333, -0.02820238]), 0.7854, 1.0]
[33, array([ 0.4792, -0.0289]), array([ 0.48038571, -0.02820238]), 0.7854, 1.0]
[33, array([ 0.4792, -0.0289]), array([ 0.4805381 , -0.02820238]), 0.7854, 1.0]
[33, array([ 0.4792, -0.0289]), array([ 0.48069048, -0.02820238]), 0.7854, 1.0]
[33, array([ 0.4792, -0.0289]), array([ 0.48084286, -0.02820238]), 0.7854, 1.0]
[33, array([ 0.4792, -0.0289]), array([ 0.48099524, -0.02820238]), 0.7854, 1.0]
[33, array([ 0.4792, -0.0289]), array([ 0.48114762, -0.02820238]), 0.7854, 1.0]
[33, array([ 0.4792, -0.0289]), array([ 0.4813    , -0.02820238]), 0.7854, 1.0]
[33, array([ 0.4792, -0.0289]), array([ 0.4781 , -0.02805]), 0.7854, 1.0]
[33, array([ 0.4792, -0.0289]), array([ 0.47825238, -0.02805   ]), 0.7854, 1.0]
[33, array([ 0.4792, -0.0289]), array([ 0.47840476, -0.02805   ]), 0.7854, 1.0]
[33, array([ 0.4792, -0.0289]), array([ 0.47855714, -0.02805   ]), 0.7854, 1.0]
[33, array([ 0.4792, -0.0289]), array([ 0.47870952, -0.02805   ]), 0.7854, 1.0]
[33, array([ 0.4792, -0.0289]), array([ 0.4788619, -0.02805  ]), 0.7854, 1.0]
[33, array([ 0.4792, -0.0289]), array([ 0.47901429, -0.02805   ]), 0.7854, 1.0]
[33, array([ 0.4792, -0.0289]), array([ 0.47916667, -0.02805   ]), 0.7854, 1.0]
[33, array([ 0.4792, -0.0289]), array([ 0.47931905, -0.02805   ]), 0.7854, 1.0]
[33, array([ 0.4792, -0.0289]), array([ 0.47947143, -0.02805   ]), 0.7854, 1.0]
[33, array([ 0.4792, -0.0289]), array([ 0.47962381, -0.02805   ]), 0.7854, 1.0]
[33, array([ 0.4792, -0.0289]), array([ 0.47977619, -0.02805   ]), 0.7854, 1.0]
[33, array([ 0.4792, -0.0289]), array([ 0.47992857, -0.02805   ]), 0.7854, 1.0]
[33, array([ 0.4792, -0.0289]), array([ 0.48008095, -0.02805   ]), 0.7854, 1.0]
[33, array([ 0.4792, -0.0289]), array([ 0.48023333, -0.02805   ]), 0.7854, 1.0]
[33, array([ 0.4792, -0.0289]), array([ 0.48038571, -0.02805   ]), 0.7854, 1.0]
[33, array([ 0.4792, -0.0289]), array([ 0.4805381, -0.02805  ]), 0.7854, 1.0]
[33, array([ 0.4792, -0.0289]), array([ 0.48069048, -0.02805   ]), 0.7854, 1.0]
[33, array([ 0.4792, -0.0289]), array([ 0.48084286, -0.02805   ]), 0.7854, 1.0]
[33, array([ 0.4792, -0.0289]), array([ 0.48099524, -0.02805   ]), 0.7854, 1.0]
[33, array([ 0.4792, -0.0289]), array([ 0.48114762, -0.02805   ]), 0.7854, 1.0]
[33, array([ 0.4792, -0.0289]), array([ 0.4813 , -0.02805]), 0.7854, 1.0]
[20, array([0.4629, 0.0434]), array([0.4563, 0.0375]), 0.7854, 1.0]
[20, array([0.4629, 0.0434]), array([0.45644762, 0.0375    ]), 0.7854, 1.0]
[20, array([0.4629, 0.0434]), array([0.45659524, 0.0375    ]), 0.7854, 0.0]
[20, array([0.4629, 0.0434]), array([0.45674286, 0.0375    ]), 0.7854, 0.0]
[20, array([0.4629, 0.0434]), array([0.45689048, 0.0375    ]), 0.7854, 0.0]
[20, array([0.4629, 0.0434]), array([0.4570381, 0.0375   ]), 0.7854, 0.0]
[20, array([0.4629, 0.0434]), array([0.45718571, 0.0375    ]), 0.7854, 0.0]
[20, array([0.4629, 0.0434]), array([0.45733333, 0.0375    ]), 0.7854, 0.0]
[20, array([0.4629, 0.0434]), array([0.45748095, 0.0375    ]), 0.7854, 0.0]
[20, array([0.4629, 0.0434]), array([0.45762857, 0.0375    ]), 0.7854, 0.0]
[20, array([0.4629, 0.0434]), array([0.45777619, 0.0375    ]), 0.7854, 0.0]
[20, array([0.4629, 0.0434]), array([0.45792381, 0.0375    ]), 0.7854, 0.0]
[20, array([0.4629, 0.0434]), array([0.45807143, 0.0375    ]), 0.7854, 1.0]
[20, array([0.4629, 0.0434]), array([0.45821905, 0.0375    ]), 0.7854, 1.0]
[20, array([0.4629, 0.0434]), array([0.45836667, 0.0375    ]), 0.7854, 1.0]
[20, array([0.4629, 0.0434]), array([0.45851429, 0.0375    ]), 0.7854, 1.0]
[20, array([0.4629, 0.0434]), array([0.4586619, 0.0375   ]), 0.7854, 0.0]
[20, array([0.4629, 0.0434]), array([0.45880952, 0.0375    ]), 0.7854, 0.0]
[20, array([0.4629, 0.0434]), array([0.45895714, 0.0375    ]), 0.7854, 0.0]
[20, array([0.4629, 0.0434]), array([0.45910476, 0.0375    ]), 0.7854, 0.0]
[20, array([0.4629, 0.0434]), array([0.45925238, 0.0375    ]), 0.7854, 0.0]
[20, array([0.4629, 0.0434]), array([0.4594, 0.0375]), 0.7854, 0.0]
[20, array([0.4629, 0.0434]), array([0.4563    , 0.03764762]), 0.7854, 1.0]
[20, array([0.4629, 0.0434]), array([0.45644762, 0.03764762]), 0.7854, 1.0]
[20, array([0.4629, 0.0434]), array([0.45659524, 0.03764762]), 0.7854, 1.0]
[20, array([0.4629, 0.0434]), array([0.45674286, 0.03764762]), 0.7854, 1.0]
[20, array([0.4629, 0.0434]), array([0.45689048, 0.03764762]), 0.7854, 0.0]
[20, array([0.4629, 0.0434]), array([0.4570381 , 0.03764762]), 0.7854, 0.0]
[20, array([0.4629, 0.0434]), array([0.45718571, 0.03764762]), 0.7854, 0.0]
[20, array([0.4629, 0.0434]), array([0.45733333, 0.03764762]), 0.7854, 0.0]
[20, array([0.4629, 0.0434]), array([0.45748095, 0.03764762]), 0.7854, 1.0]
[20, array([0.4629, 0.0434]), array([0.45762857, 0.03764762]), 0.7854, 0.0]
[20, array([0.4629, 0.0434]), array([0.45777619, 0.03764762]), 0.7854, 0.0]
[20, array([0.4629, 0.0434]), array([0.45792381, 0.03764762]), 0.7854, 0.0]
[20, array([0.4629, 0.0434]), array([0.45807143, 0.03764762]), 0.7854, 1.0]
[20, array([0.4629, 0.0434]), array([0.45821905, 0.03764762]), 0.7854, 0.0]
[20, array([0.4629, 0.0434]), array([0.45836667, 0.03764762]), 0.7854, 0.0]
[20, array([0.4629, 0.0434]), array([0.45851429, 0.03764762]), 0.7854, 0.0]
[20, array([0.4629, 0.0434]), array([0.4586619 , 0.03764762]), 0.7854, 0.0]
[20, array([0.4629, 0.0434]), array([0.45880952, 0.03764762]), 0.7854, 0.0]
[20, array([0.4629, 0.0434]), array([0.45895714, 0.03764762]), 0.7854, 0.0]
[20, array([0.4629, 0.0434]), array([0.45910476, 0.03764762]), 0.7854, 1.0]
[20, array([0.4629, 0.0434]), array([0.45925238, 0.03764762]), 0.7854, 0.0]
[20, array([0.4629, 0.0434]), array([0.4594    , 0.03764762]), 0.7854, 0.0]
[20, array([0.4629, 0.0434]), array([0.4563    , 0.03779524]), 0.7854, 1.0]
[20, array([0.4629, 0.0434]), array([0.45644762, 0.03779524]), 0.7854, 1.0]
[20, array([0.4629, 0.0434]), array([0.45659524, 0.03779524]), 0.7854, 1.0]
[20, array([0.4629, 0.0434]), array([0.45674286, 0.03779524]), 0.7854, 1.0]
[20, array([0.4629, 0.0434]), array([0.45689048, 0.03779524]), 0.7854, 1.0]
[20, array([0.4629, 0.0434]), array([0.4570381 , 0.03779524]), 0.7854, 1.0]
[20, array([0.4629, 0.0434]), array([0.45718571, 0.03779524]), 0.7854, 0.0]
[20, array([0.4629, 0.0434]), array([0.45733333, 0.03779524]), 0.7854, 0.0]
[20, array([0.4629, 0.0434]), array([0.45748095, 0.03779524]), 0.7854, 0.0]
[20, array([0.4629, 0.0434]), array([0.45762857, 0.03779524]), 0.7854, 0.0]
[20, array([0.4629, 0.0434]), array([0.45777619, 0.03779524]), 0.7854, 0.0]
[20, array([0.4629, 0.0434]), array([0.45792381, 0.03779524]), 0.7854, 0.0]
[20, array([0.4629, 0.0434]), array([0.45807143, 0.03779524]), 0.7854, 0.0]
[20, array([0.4629, 0.0434]), array([0.45821905, 0.03779524]), 0.7854, 0.0]
[20, array([0.4629, 0.0434]), array([0.45836667, 0.03779524]), 0.7854, 0.0]
[20, array([0.4629, 0.0434]), array([0.45851429, 0.03779524]), 0.7854, 0.0]
[20, array([0.4629, 0.0434]), array([0.4586619 , 0.03779524]), 0.7854, 0.0]
[20, array([0.4629, 0.0434]), array([0.45880952, 0.03779524]), 0.7854, 0.0]
[20, array([0.4629, 0.0434]), array([0.45895714, 0.03779524]), 0.7854, 0.0]
[20, array([0.4629, 0.0434]), array([0.45910476, 0.03779524]), 0.7854, 0.0]
[20, array([0.4629, 0.0434]), array([0.45925238, 0.03779524]), 0.7854, 0.0]
[20, array([0.4629, 0.0434]), array([0.4594    , 0.03779524]), 0.7854, 0.0]
[20, array([0.4629, 0.0434]), array([0.4563    , 0.03794286]), 0.7854, 1.0]
[20, array([0.4629, 0.0434]), array([0.45644762, 0.03794286]), 0.7854, 1.0]
[20, array([0.4629, 0.0434]), array([0.45659524, 0.03794286]), 0.7854, 1.0]
[20, array([0.4629, 0.0434]), array([0.45674286, 0.03794286]), 0.7854, 1.0]
[20, array([0.4629, 0.0434]), array([0.45689048, 0.03794286]), 0.7854, 1.0]
[20, array([0.4629, 0.0434]), array([0.4570381 , 0.03794286]), 0.7854, 1.0]
[20, array([0.4629, 0.0434]), array([0.45718571, 0.03794286]), 0.7854, 1.0]
[20, array([0.4629, 0.0434]), array([0.45733333, 0.03794286]), 0.7854, 1.0]
[20, array([0.4629, 0.0434]), array([0.45748095, 0.03794286]), 0.7854, 1.0]
[20, array([0.4629, 0.0434]), array([0.45762857, 0.03794286]), 0.7854, 0.0]
[20, array([0.4629, 0.0434]), array([0.45777619, 0.03794286]), 0.7854, 0.0]
[20, array([0.4629, 0.0434]), array([0.45792381, 0.03794286]), 0.7854, 0.0]
[20, array([0.4629, 0.0434]), array([0.45807143, 0.03794286]), 0.7854, 0.0]
[20, array([0.4629, 0.0434]), array([0.45821905, 0.03794286]), 0.7854, 0.0]
[20, array([0.4629, 0.0434]), array([0.45836667, 0.03794286]), 0.7854, 0.0]
[20, array([0.4629, 0.0434]), array([0.45851429, 0.03794286]), 0.7854, 0.0]
[20, array([0.4629, 0.0434]), array([0.4586619 , 0.03794286]), 0.7854, 0.0]
[20, array([0.4629, 0.0434]), array([0.45880952, 0.03794286]), 0.7854, 0.0]
[20, array([0.4629, 0.0434]), array([0.45895714, 0.03794286]), 0.7854, 0.0]
[20, array([0.4629, 0.0434]), array([0.45910476, 0.03794286]), 0.7854, 0.0]
[20, array([0.4629, 0.0434]), array([0.45925238, 0.03794286]), 0.7854, 0.0]
[20, array([0.4629, 0.0434]), array([0.4594    , 0.03794286]), 0.7854, 0.0]
[20, array([0.4629, 0.0434]), array([0.4563    , 0.03809048]), 0.7854, 1.0]
[20, array([0.4629, 0.0434]), array([0.45644762, 0.03809048]), 0.7854, 1.0]
[20, array([0.4629, 0.0434]), array([0.45659524, 0.03809048]), 0.7854, 1.0]
[20, array([0.4629, 0.0434]), array([0.45674286, 0.03809048]), 0.7854, 1.0]
[20, array([0.4629, 0.0434]), array([0.45689048, 0.03809048]), 0.7854, 1.0]
[20, array([0.4629, 0.0434]), array([0.4570381 , 0.03809048]), 0.7854, 1.0]
[20, array([0.4629, 0.0434]), array([0.45718571, 0.03809048]), 0.7854, 1.0]
[20, array([0.4629, 0.0434]), array([0.45733333, 0.03809048]), 0.7854, 1.0]
[20, array([0.4629, 0.0434]), array([0.45748095, 0.03809048]), 0.7854, 1.0]
[20, array([0.4629, 0.0434]), array([0.45762857, 0.03809048]), 0.7854, 1.0]
[20, array([0.4629, 0.0434]), array([0.45777619, 0.03809048]), 0.7854, 1.0]
[20, array([0.4629, 0.0434]), array([0.45792381, 0.03809048]), 0.7854, 1.0]
[20, array([0.4629, 0.0434]), array([0.45807143, 0.03809048]), 0.7854, 1.0]
[20, array([0.4629, 0.0434]), array([0.45821905, 0.03809048]), 0.7854, 0.0]
[20, array([0.4629, 0.0434]), array([0.45836667, 0.03809048]), 0.7854, 0.0]
[20, array([0.4629, 0.0434]), array([0.45851429, 0.03809048]), 0.7854, 0.0]
[20, array([0.4629, 0.0434]), array([0.4586619 , 0.03809048]), 0.7854, 0.0]
[20, array([0.4629, 0.0434]), array([0.45880952, 0.03809048]), 0.7854, 0.0]
[20, array([0.4629, 0.0434]), array([0.45895714, 0.03809048]), 0.7854, 0.0]
[20, array([0.4629, 0.0434]), array([0.45910476, 0.03809048]), 0.7854, 1.0]
[20, array([0.4629, 0.0434]), array([0.45925238, 0.03809048]), 0.7854, 0.0]
[20, array([0.4629, 0.0434]), array([0.4594    , 0.03809048]), 0.7854, 0.0]
[20, array([0.4629, 0.0434]), array([0.4563   , 0.0382381]), 0.7854, 1.0]
[20, array([0.4629, 0.0434]), array([0.45644762, 0.0382381 ]), 0.7854, 1.0]
[20, array([0.4629, 0.0434]), array([0.45659524, 0.0382381 ]), 0.7854, 1.0]
[20, array([0.4629, 0.0434]), array([0.45674286, 0.0382381 ]), 0.7854, 1.0]
[20, array([0.4629, 0.0434]), array([0.45689048, 0.0382381 ]), 0.7854, 1.0]
[20, array([0.4629, 0.0434]), array([0.4570381, 0.0382381]), 0.7854, 1.0]
[20, array([0.4629, 0.0434]), array([0.45718571, 0.0382381 ]), 0.7854, 1.0]
[20, array([0.4629, 0.0434]), array([0.45733333, 0.0382381 ]), 0.7854, 1.0]
[20, array([0.4629, 0.0434]), array([0.45748095, 0.0382381 ]), 0.7854, 1.0]
[20, array([0.4629, 0.0434]), array([0.45762857, 0.0382381 ]), 0.7854, 1.0]
[20, array([0.4629, 0.0434]), array([0.45777619, 0.0382381 ]), 0.7854, 1.0]
[20, array([0.4629, 0.0434]), array([0.45792381, 0.0382381 ]), 0.7854, 1.0]
[20, array([0.4629, 0.0434]), array([0.45807143, 0.0382381 ]), 0.7854, 1.0]
[20, array([0.4629, 0.0434]), array([0.45821905, 0.0382381 ]), 0.7854, 1.0]
[20, array([0.4629, 0.0434]), array([0.45836667, 0.0382381 ]), 0.7854, 1.0]
[20, array([0.4629, 0.0434]), array([0.45851429, 0.0382381 ]), 0.7854, 1.0]
[20, array([0.4629, 0.0434]), array([0.4586619, 0.0382381]), 0.7854, 1.0]
[20, array([0.4629, 0.0434]), array([0.45880952, 0.0382381 ]), 0.7854, 1.0]
[20, array([0.4629, 0.0434]), array([0.45895714, 0.0382381 ]), 0.7854, 1.0]
[20, array([0.4629, 0.0434]), array([0.45910476, 0.0382381 ]), 0.7854, 1.0]
[20, array([0.4629, 0.0434]), array([0.45925238, 0.0382381 ]), 0.7854, 1.0]
[20, array([0.4629, 0.0434]), array([0.4594   , 0.0382381]), 0.7854, 1.0]
[20, array([0.4629, 0.0434]), array([0.4563    , 0.03838571]), 0.7854, 1.0]
[20, array([0.4629, 0.0434]), array([0.45644762, 0.03838571]), 0.7854, 1.0]
[20, array([0.4629, 0.0434]), array([0.45659524, 0.03838571]), 0.7854, 1.0]
[20, array([0.4629, 0.0434]), array([0.45674286, 0.03838571]), 0.7854, 1.0]
[20, array([0.4629, 0.0434]), array([0.45689048, 0.03838571]), 0.7854, 1.0]
[20, array([0.4629, 0.0434]), array([0.4570381 , 0.03838571]), 0.7854, 1.0]
[20, array([0.4629, 0.0434]), array([0.45718571, 0.03838571]), 0.7854, 1.0]
[20, array([0.4629, 0.0434]), array([0.45733333, 0.03838571]), 0.7854, 1.0]
[20, array([0.4629, 0.0434]), array([0.45748095, 0.03838571]), 0.7854, 1.0]
[20, array([0.4629, 0.0434]), array([0.45762857, 0.03838571]), 0.7854, 1.0]
[20, array([0.4629, 0.0434]), array([0.45777619, 0.03838571]), 0.7854, 1.0]
[20, array([0.4629, 0.0434]), array([0.45792381, 0.03838571]), 0.7854, 1.0]
[20, array([0.4629, 0.0434]), array([0.45807143, 0.03838571]), 0.7854, 1.0]
[20, array([0.4629, 0.0434]), array([0.45821905, 0.03838571]), 0.7854, 1.0]
[20, array([0.4629, 0.0434]), array([0.45836667, 0.03838571]), 0.7854, 1.0]
[20, array([0.4629, 0.0434]), array([0.45851429, 0.03838571]), 0.7854, 1.0]
[20, array([0.4629, 0.0434]), array([0.4586619 , 0.03838571]), 0.7854, 1.0]
[20, array([0.4629, 0.0434]), array([0.45880952, 0.03838571]), 0.7854, 1.0]
[20, array([0.4629, 0.0434]), array([0.45895714, 0.03838571]), 0.7854, 1.0]
[20, array([0.4629, 0.0434]), array([0.45910476, 0.03838571]), 0.7854, 1.0]
[20, array([0.4629, 0.0434]), array([0.45925238, 0.03838571]), 0.7854, 1.0]
[20, array([0.4629, 0.0434]), array([0.4594    , 0.03838571]), 0.7854, 0.0]
[20, array([0.4629, 0.0434]), array([0.4563    , 0.03853333]), 0.7854, 1.0]
[20, array([0.4629, 0.0434]), array([0.45644762, 0.03853333]), 0.7854, 1.0]
[20, array([0.4629, 0.0434]), array([0.45659524, 0.03853333]), 0.7854, 1.0]
[20, array([0.4629, 0.0434]), array([0.45674286, 0.03853333]), 0.7854, 1.0]
[20, array([0.4629, 0.0434]), array([0.45689048, 0.03853333]), 0.7854, 1.0]
[20, array([0.4629, 0.0434]), array([0.4570381 , 0.03853333]), 0.7854, 1.0]
[20, array([0.4629, 0.0434]), array([0.45718571, 0.03853333]), 0.7854, 1.0]
[20, array([0.4629, 0.0434]), array([0.45733333, 0.03853333]), 0.7854, 1.0]
[20, array([0.4629, 0.0434]), array([0.45748095, 0.03853333]), 0.7854, 1.0]
[20, array([0.4629, 0.0434]), array([0.45762857, 0.03853333]), 0.7854, 1.0]
[20, array([0.4629, 0.0434]), array([0.45777619, 0.03853333]), 0.7854, 1.0]
[20, array([0.4629, 0.0434]), array([0.45792381, 0.03853333]), 0.7854, 1.0]
[20, array([0.4629, 0.0434]), array([0.45807143, 0.03853333]), 0.7854, 1.0]
[20, array([0.4629, 0.0434]), array([0.45821905, 0.03853333]), 0.7854, 1.0]
[20, array([0.4629, 0.0434]), array([0.45836667, 0.03853333]), 0.7854, 1.0]
[20, array([0.4629, 0.0434]), array([0.45851429, 0.03853333]), 0.7854, 1.0]
[20, array([0.4629, 0.0434]), array([0.4586619 , 0.03853333]), 0.7854, 1.0]
[20, array([0.4629, 0.0434]), array([0.45880952, 0.03853333]), 0.7854, 1.0]
[20, array([0.4629, 0.0434]), array([0.45895714, 0.03853333]), 0.7854, 1.0]
[20, array([0.4629, 0.0434]), array([0.45910476, 0.03853333]), 0.7854, 0.0]
[20, array([0.4629, 0.0434]), array([0.45925238, 0.03853333]), 0.7854, 0.0]
[20, array([0.4629, 0.0434]), array([0.4594    , 0.03853333]), 0.7854, 0.0]
[20, array([0.4629, 0.0434]), array([0.4563    , 0.03868095]), 0.7854, 1.0]
[20, array([0.4629, 0.0434]), array([0.45644762, 0.03868095]), 0.7854, 1.0]
[20, array([0.4629, 0.0434]), array([0.45659524, 0.03868095]), 0.7854, 1.0]
[20, array([0.4629, 0.0434]), array([0.45674286, 0.03868095]), 0.7854, 1.0]
[20, array([0.4629, 0.0434]), array([0.45689048, 0.03868095]), 0.7854, 1.0]
[20, array([0.4629, 0.0434]), array([0.4570381 , 0.03868095]), 0.7854, 1.0]
[20, array([0.4629, 0.0434]), array([0.45718571, 0.03868095]), 0.7854, 1.0]
[20, array([0.4629, 0.0434]), array([0.45733333, 0.03868095]), 0.7854, 1.0]
[20, array([0.4629, 0.0434]), array([0.45748095, 0.03868095]), 0.7854, 1.0]
[20, array([0.4629, 0.0434]), array([0.45762857, 0.03868095]), 0.7854, 1.0]
[20, array([0.4629, 0.0434]), array([0.45777619, 0.03868095]), 0.7854, 1.0]
[20, array([0.4629, 0.0434]), array([0.45792381, 0.03868095]), 0.7854, 1.0]
[20, array([0.4629, 0.0434]), array([0.45807143, 0.03868095]), 0.7854, 1.0]
[20, array([0.4629, 0.0434]), array([0.45821905, 0.03868095]), 0.7854, 1.0]
[20, array([0.4629, 0.0434]), array([0.45836667, 0.03868095]), 0.7854, 1.0]
[20, array([0.4629, 0.0434]), array([0.45851429, 0.03868095]), 0.7854, 1.0]
[20, array([0.4629, 0.0434]), array([0.4586619 , 0.03868095]), 0.7854, 1.0]
[20, array([0.4629, 0.0434]), array([0.45880952, 0.03868095]), 0.7854, 1.0]
[20, array([0.4629, 0.0434]), array([0.45895714, 0.03868095]), 0.7854, 1.0]
[20, array([0.4629, 0.0434]), array([0.45910476, 0.03868095]), 0.7854, 1.0]
[20, array([0.4629, 0.0434]), array([0.45925238, 0.03868095]), 0.7854, 1.0]
[20, array([0.4629, 0.0434]), array([0.4594    , 0.03868095]), 0.7854, 0.0]
[20, array([0.4629, 0.0434]), array([0.4563    , 0.03882857]), 0.7854, 1.0]
[20, array([0.4629, 0.0434]), array([0.45644762, 0.03882857]), 0.7854, 1.0]
[20, array([0.4629, 0.0434]), array([0.45659524, 0.03882857]), 0.7854, 1.0]
[20, array([0.4629, 0.0434]), array([0.45674286, 0.03882857]), 0.7854, 1.0]
[20, array([0.4629, 0.0434]), array([0.45689048, 0.03882857]), 0.7854, 1.0]
[20, array([0.4629, 0.0434]), array([0.4570381 , 0.03882857]), 0.7854, 1.0]
[20, array([0.4629, 0.0434]), array([0.45718571, 0.03882857]), 0.7854, 1.0]
[20, array([0.4629, 0.0434]), array([0.45733333, 0.03882857]), 0.7854, 1.0]
[20, array([0.4629, 0.0434]), array([0.45748095, 0.03882857]), 0.7854, 1.0]
[20, array([0.4629, 0.0434]), array([0.45762857, 0.03882857]), 0.7854, 1.0]
[20, array([0.4629, 0.0434]), array([0.45777619, 0.03882857]), 0.7854, 1.0]
[20, array([0.4629, 0.0434]), array([0.45792381, 0.03882857]), 0.7854, 1.0]
[20, array([0.4629, 0.0434]), array([0.45807143, 0.03882857]), 0.7854, 1.0]
[20, array([0.4629, 0.0434]), array([0.45821905, 0.03882857]), 0.7854, 1.0]
[20, array([0.4629, 0.0434]), array([0.45836667, 0.03882857]), 0.7854, 1.0]
[20, array([0.4629, 0.0434]), array([0.45851429, 0.03882857]), 0.7854, 1.0]
[20, array([0.4629, 0.0434]), array([0.4586619 , 0.03882857]), 0.7854, 1.0]
[20, array([0.4629, 0.0434]), array([0.45880952, 0.03882857]), 0.7854, 1.0]
[20, array([0.4629, 0.0434]), array([0.45895714, 0.03882857]), 0.7854, 1.0]
[20, array([0.4629, 0.0434]), array([0.45910476, 0.03882857]), 0.7854, 1.0]
[20, array([0.4629, 0.0434]), array([0.45925238, 0.03882857]), 0.7854, 1.0]
[20, array([0.4629, 0.0434]), array([0.4594    , 0.03882857]), 0.7854, 1.0]
[20, array([0.4629, 0.0434]), array([0.4563    , 0.03897619]), 0.7854, 1.0]
[20, array([0.4629, 0.0434]), array([0.45644762, 0.03897619]), 0.7854, 1.0]
[20, array([0.4629, 0.0434]), array([0.45659524, 0.03897619]), 0.7854, 1.0]
[20, array([0.4629, 0.0434]), array([0.45674286, 0.03897619]), 0.7854, 1.0]
[20, array([0.4629, 0.0434]), array([0.45689048, 0.03897619]), 0.7854, 1.0]
[20, array([0.4629, 0.0434]), array([0.4570381 , 0.03897619]), 0.7854, 1.0]
[20, array([0.4629, 0.0434]), array([0.45718571, 0.03897619]), 0.7854, 1.0]
[20, array([0.4629, 0.0434]), array([0.45733333, 0.03897619]), 0.7854, 1.0]
[20, array([0.4629, 0.0434]), array([0.45748095, 0.03897619]), 0.7854, 1.0]
[20, array([0.4629, 0.0434]), array([0.45762857, 0.03897619]), 0.7854, 1.0]
[20, array([0.4629, 0.0434]), array([0.45777619, 0.03897619]), 0.7854, 1.0]
[20, array([0.4629, 0.0434]), array([0.45792381, 0.03897619]), 0.7854, 1.0]
[20, array([0.4629, 0.0434]), array([0.45807143, 0.03897619]), 0.7854, 1.0]
[20, array([0.4629, 0.0434]), array([0.45821905, 0.03897619]), 0.7854, 1.0]
[20, array([0.4629, 0.0434]), array([0.45836667, 0.03897619]), 0.7854, 1.0]
[20, array([0.4629, 0.0434]), array([0.45851429, 0.03897619]), 0.7854, 1.0]
[20, array([0.4629, 0.0434]), array([0.4586619 , 0.03897619]), 0.7854, 1.0]
[20, array([0.4629, 0.0434]), array([0.45880952, 0.03897619]), 0.7854, 1.0]
[20, array([0.4629, 0.0434]), array([0.45895714, 0.03897619]), 0.7854, 1.0]
[20, array([0.4629, 0.0434]), array([0.45910476, 0.03897619]), 0.7854, 1.0]
[20, array([0.4629, 0.0434]), array([0.45925238, 0.03897619]), 0.7854, 1.0]
[20, array([0.4629, 0.0434]), array([0.4594    , 0.03897619]), 0.7854, 1.0]
[20, array([0.4629, 0.0434]), array([0.4563    , 0.03912381]), 0.7854, 1.0]
[20, array([0.4629, 0.0434]), array([0.45644762, 0.03912381]), 0.7854, 1.0]
[20, array([0.4629, 0.0434]), array([0.45659524, 0.03912381]), 0.7854, 1.0]
[20, array([0.4629, 0.0434]), array([0.45674286, 0.03912381]), 0.7854, 1.0]
[20, array([0.4629, 0.0434]), array([0.45689048, 0.03912381]), 0.7854, 1.0]
[20, array([0.4629, 0.0434]), array([0.4570381 , 0.03912381]), 0.7854, 1.0]
[20, array([0.4629, 0.0434]), array([0.45718571, 0.03912381]), 0.7854, 1.0]
[20, array([0.4629, 0.0434]), array([0.45733333, 0.03912381]), 0.7854, 1.0]
[20, array([0.4629, 0.0434]), array([0.45748095, 0.03912381]), 0.7854, 1.0]
[20, array([0.4629, 0.0434]), array([0.45762857, 0.03912381]), 0.7854, 1.0]
[20, array([0.4629, 0.0434]), array([0.45777619, 0.03912381]), 0.7854, 1.0]
[20, array([0.4629, 0.0434]), array([0.45792381, 0.03912381]), 0.7854, 1.0]
[20, array([0.4629, 0.0434]), array([0.45807143, 0.03912381]), 0.7854, 1.0]
[20, array([0.4629, 0.0434]), array([0.45821905, 0.03912381]), 0.7854, 1.0]
[20, array([0.4629, 0.0434]), array([0.45836667, 0.03912381]), 0.7854, 1.0]
[20, array([0.4629, 0.0434]), array([0.45851429, 0.03912381]), 0.7854, 1.0]
[20, array([0.4629, 0.0434]), array([0.4586619 , 0.03912381]), 0.7854, 1.0]
[20, array([0.4629, 0.0434]), array([0.45880952, 0.03912381]), 0.7854, 1.0]
[20, array([0.4629, 0.0434]), array([0.45895714, 0.03912381]), 0.7854, 1.0]
[20, array([0.4629, 0.0434]), array([0.45910476, 0.03912381]), 0.7854, 1.0]
[20, array([0.4629, 0.0434]), array([0.45925238, 0.03912381]), 0.7854, 1.0]
[20, array([0.4629, 0.0434]), array([0.4594    , 0.03912381]), 0.7854, 1.0]
[20, array([0.4629, 0.0434]), array([0.4563    , 0.03927143]), 0.7854, 1.0]
[20, array([0.4629, 0.0434]), array([0.45644762, 0.03927143]), 0.7854, 1.0]
[20, array([0.4629, 0.0434]), array([0.45659524, 0.03927143]), 0.7854, 1.0]
[20, array([0.4629, 0.0434]), array([0.45674286, 0.03927143]), 0.7854, 1.0]
[20, array([0.4629, 0.0434]), array([0.45689048, 0.03927143]), 0.7854, 1.0]
[20, array([0.4629, 0.0434]), array([0.4570381 , 0.03927143]), 0.7854, 1.0]
[20, array([0.4629, 0.0434]), array([0.45718571, 0.03927143]), 0.7854, 1.0]
[20, array([0.4629, 0.0434]), array([0.45733333, 0.03927143]), 0.7854, 1.0]
[20, array([0.4629, 0.0434]), array([0.45748095, 0.03927143]), 0.7854, 1.0]
[20, array([0.4629, 0.0434]), array([0.45762857, 0.03927143]), 0.7854, 1.0]
[20, array([0.4629, 0.0434]), array([0.45777619, 0.03927143]), 0.7854, 1.0]
[20, array([0.4629, 0.0434]), array([0.45792381, 0.03927143]), 0.7854, 1.0]
[20, array([0.4629, 0.0434]), array([0.45807143, 0.03927143]), 0.7854, 1.0]
[20, array([0.4629, 0.0434]), array([0.45821905, 0.03927143]), 0.7854, 1.0]
[20, array([0.4629, 0.0434]), array([0.45836667, 0.03927143]), 0.7854, 1.0]
[20, array([0.4629, 0.0434]), array([0.45851429, 0.03927143]), 0.7854, 1.0]
[20, array([0.4629, 0.0434]), array([0.4586619 , 0.03927143]), 0.7854, 1.0]
[20, array([0.4629, 0.0434]), array([0.45880952, 0.03927143]), 0.7854, 1.0]
[20, array([0.4629, 0.0434]), array([0.45895714, 0.03927143]), 0.7854, 1.0]
[20, array([0.4629, 0.0434]), array([0.45910476, 0.03927143]), 0.7854, 1.0]
[20, array([0.4629, 0.0434]), array([0.45925238, 0.03927143]), 0.7854, 1.0]
[20, array([0.4629, 0.0434]), array([0.4594    , 0.03927143]), 0.7854, 1.0]
[20, array([0.4629, 0.0434]), array([0.4563    , 0.03941905]), 0.7854, 1.0]
[20, array([0.4629, 0.0434]), array([0.45644762, 0.03941905]), 0.7854, 1.0]
[20, array([0.4629, 0.0434]), array([0.45659524, 0.03941905]), 0.7854, 1.0]
[20, array([0.4629, 0.0434]), array([0.45674286, 0.03941905]), 0.7854, 1.0]
[20, array([0.4629, 0.0434]), array([0.45689048, 0.03941905]), 0.7854, 1.0]
[20, array([0.4629, 0.0434]), array([0.4570381 , 0.03941905]), 0.7854, 1.0]
[20, array([0.4629, 0.0434]), array([0.45718571, 0.03941905]), 0.7854, 1.0]
[20, array([0.4629, 0.0434]), array([0.45733333, 0.03941905]), 0.7854, 1.0]
[20, array([0.4629, 0.0434]), array([0.45748095, 0.03941905]), 0.7854, 1.0]
[20, array([0.4629, 0.0434]), array([0.45762857, 0.03941905]), 0.7854, 1.0]
[20, array([0.4629, 0.0434]), array([0.45777619, 0.03941905]), 0.7854, 1.0]
[20, array([0.4629, 0.0434]), array([0.45792381, 0.03941905]), 0.7854, 1.0]
[20, array([0.4629, 0.0434]), array([0.45807143, 0.03941905]), 0.7854, 1.0]
[20, array([0.4629, 0.0434]), array([0.45821905, 0.03941905]), 0.7854, 1.0]
[20, array([0.4629, 0.0434]), array([0.45836667, 0.03941905]), 0.7854, 1.0]
[20, array([0.4629, 0.0434]), array([0.45851429, 0.03941905]), 0.7854, 1.0]
[20, array([0.4629, 0.0434]), array([0.4586619 , 0.03941905]), 0.7854, 1.0]
[20, array([0.4629, 0.0434]), array([0.45880952, 0.03941905]), 0.7854, 1.0]
[20, array([0.4629, 0.0434]), array([0.45895714, 0.03941905]), 0.7854, 1.0]
[20, array([0.4629, 0.0434]), array([0.45910476, 0.03941905]), 0.7854, 1.0]
[20, array([0.4629, 0.0434]), array([0.45925238, 0.03941905]), 0.7854, 1.0]
[20, array([0.4629, 0.0434]), array([0.4594    , 0.03941905]), 0.7854, 1.0]
[20, array([0.4629, 0.0434]), array([0.4563    , 0.03956667]), 0.7854, 1.0]
[20, array([0.4629, 0.0434]), array([0.45644762, 0.03956667]), 0.7854, 1.0]
[20, array([0.4629, 0.0434]), array([0.45659524, 0.03956667]), 0.7854, 1.0]
[20, array([0.4629, 0.0434]), array([0.45674286, 0.03956667]), 0.7854, 1.0]
[20, array([0.4629, 0.0434]), array([0.45689048, 0.03956667]), 0.7854, 1.0]
[20, array([0.4629, 0.0434]), array([0.4570381 , 0.03956667]), 0.7854, 1.0]
[20, array([0.4629, 0.0434]), array([0.45718571, 0.03956667]), 0.7854, 1.0]
[20, array([0.4629, 0.0434]), array([0.45733333, 0.03956667]), 0.7854, 1.0]
[20, array([0.4629, 0.0434]), array([0.45748095, 0.03956667]), 0.7854, 1.0]
[20, array([0.4629, 0.0434]), array([0.45762857, 0.03956667]), 0.7854, 1.0]
[20, array([0.4629, 0.0434]), array([0.45777619, 0.03956667]), 0.7854, 1.0]
[20, array([0.4629, 0.0434]), array([0.45792381, 0.03956667]), 0.7854, 1.0]
[20, array([0.4629, 0.0434]), array([0.45807143, 0.03956667]), 0.7854, 1.0]
[20, array([0.4629, 0.0434]), array([0.45821905, 0.03956667]), 0.7854, 1.0]
[20, array([0.4629, 0.0434]), array([0.45836667, 0.03956667]), 0.7854, 1.0]
[20, array([0.4629, 0.0434]), array([0.45851429, 0.03956667]), 0.7854, 1.0]
[20, array([0.4629, 0.0434]), array([0.4586619 , 0.03956667]), 0.7854, 1.0]
[20, array([0.4629, 0.0434]), array([0.45880952, 0.03956667]), 0.7854, 1.0]
[20, array([0.4629, 0.0434]), array([0.45895714, 0.03956667]), 0.7854, 1.0]
[20, array([0.4629, 0.0434]), array([0.45910476, 0.03956667]), 0.7854, 1.0]
[20, array([0.4629, 0.0434]), array([0.45925238, 0.03956667]), 0.7854, 1.0]
[20, array([0.4629, 0.0434]), array([0.4594    , 0.03956667]), 0.7854, 1.0]
[20, array([0.4629, 0.0434]), array([0.4563    , 0.03971429]), 0.7854, 1.0]
[20, array([0.4629, 0.0434]), array([0.45644762, 0.03971429]), 0.7854, 1.0]
[20, array([0.4629, 0.0434]), array([0.45659524, 0.03971429]), 0.7854, 1.0]
[20, array([0.4629, 0.0434]), array([0.45674286, 0.03971429]), 0.7854, 1.0]
[20, array([0.4629, 0.0434]), array([0.45689048, 0.03971429]), 0.7854, 1.0]
[20, array([0.4629, 0.0434]), array([0.4570381 , 0.03971429]), 0.7854, 1.0]
[20, array([0.4629, 0.0434]), array([0.45718571, 0.03971429]), 0.7854, 1.0]
[20, array([0.4629, 0.0434]), array([0.45733333, 0.03971429]), 0.7854, 1.0]
[20, array([0.4629, 0.0434]), array([0.45748095, 0.03971429]), 0.7854, 1.0]
[20, array([0.4629, 0.0434]), array([0.45762857, 0.03971429]), 0.7854, 1.0]
[20, array([0.4629, 0.0434]), array([0.45777619, 0.03971429]), 0.7854, 1.0]
[20, array([0.4629, 0.0434]), array([0.45792381, 0.03971429]), 0.7854, 1.0]
[20, array([0.4629, 0.0434]), array([0.45807143, 0.03971429]), 0.7854, 1.0]
[20, array([0.4629, 0.0434]), array([0.45821905, 0.03971429]), 0.7854, 1.0]
[20, array([0.4629, 0.0434]), array([0.45836667, 0.03971429]), 0.7854, 1.0]
[20, array([0.4629, 0.0434]), array([0.45851429, 0.03971429]), 0.7854, 1.0]
[20, array([0.4629, 0.0434]), array([0.4586619 , 0.03971429]), 0.7854, 1.0]
[20, array([0.4629, 0.0434]), array([0.45880952, 0.03971429]), 0.7854, 1.0]
[20, array([0.4629, 0.0434]), array([0.45895714, 0.03971429]), 0.7854, 1.0]
[20, array([0.4629, 0.0434]), array([0.45910476, 0.03971429]), 0.7854, 1.0]
[20, array([0.4629, 0.0434]), array([0.45925238, 0.03971429]), 0.7854, 1.0]
[20, array([0.4629, 0.0434]), array([0.4594    , 0.03971429]), 0.7854, 1.0]
[20, array([0.4629, 0.0434]), array([0.4563   , 0.0398619]), 0.7854, 1.0]
[20, array([0.4629, 0.0434]), array([0.45644762, 0.0398619 ]), 0.7854, 1.0]
[20, array([0.4629, 0.0434]), array([0.45659524, 0.0398619 ]), 0.7854, 1.0]
[20, array([0.4629, 0.0434]), array([0.45674286, 0.0398619 ]), 0.7854, 1.0]
[20, array([0.4629, 0.0434]), array([0.45689048, 0.0398619 ]), 0.7854, 1.0]
[20, array([0.4629, 0.0434]), array([0.4570381, 0.0398619]), 0.7854, 1.0]
[20, array([0.4629, 0.0434]), array([0.45718571, 0.0398619 ]), 0.7854, 1.0]
[20, array([0.4629, 0.0434]), array([0.45733333, 0.0398619 ]), 0.7854, 1.0]
[20, array([0.4629, 0.0434]), array([0.45748095, 0.0398619 ]), 0.7854, 1.0]
[20, array([0.4629, 0.0434]), array([0.45762857, 0.0398619 ]), 0.7854, 1.0]
[20, array([0.4629, 0.0434]), array([0.45777619, 0.0398619 ]), 0.7854, 1.0]
[20, array([0.4629, 0.0434]), array([0.45792381, 0.0398619 ]), 0.7854, 1.0]
[20, array([0.4629, 0.0434]), array([0.45807143, 0.0398619 ]), 0.7854, 1.0]
[20, array([0.4629, 0.0434]), array([0.45821905, 0.0398619 ]), 0.7854, 1.0]
[20, array([0.4629, 0.0434]), array([0.45836667, 0.0398619 ]), 0.7854, 1.0]
[20, array([0.4629, 0.0434]), array([0.45851429, 0.0398619 ]), 0.7854, 1.0]
[20, array([0.4629, 0.0434]), array([0.4586619, 0.0398619]), 0.7854, 1.0]
[20, array([0.4629, 0.0434]), array([0.45880952, 0.0398619 ]), 0.7854, 1.0]
[20, array([0.4629, 0.0434]), array([0.45895714, 0.0398619 ]), 0.7854, 1.0]
[20, array([0.4629, 0.0434]), array([0.45910476, 0.0398619 ]), 0.7854, 1.0]
[20, array([0.4629, 0.0434]), array([0.45925238, 0.0398619 ]), 0.7854, 1.0]
[20, array([0.4629, 0.0434]), array([0.4594   , 0.0398619]), 0.7854, 1.0]
[20, array([0.4629, 0.0434]), array([0.4563    , 0.04000952]), 0.7854, 1.0]
[20, array([0.4629, 0.0434]), array([0.45644762, 0.04000952]), 0.7854, 1.0]
[20, array([0.4629, 0.0434]), array([0.45659524, 0.04000952]), 0.7854, 1.0]
[20, array([0.4629, 0.0434]), array([0.45674286, 0.04000952]), 0.7854, 1.0]
[20, array([0.4629, 0.0434]), array([0.45689048, 0.04000952]), 0.7854, 1.0]
[20, array([0.4629, 0.0434]), array([0.4570381 , 0.04000952]), 0.7854, 1.0]
[20, array([0.4629, 0.0434]), array([0.45718571, 0.04000952]), 0.7854, 1.0]
[20, array([0.4629, 0.0434]), array([0.45733333, 0.04000952]), 0.7854, 1.0]
[20, array([0.4629, 0.0434]), array([0.45748095, 0.04000952]), 0.7854, 1.0]
[20, array([0.4629, 0.0434]), array([0.45762857, 0.04000952]), 0.7854, 1.0]
[20, array([0.4629, 0.0434]), array([0.45777619, 0.04000952]), 0.7854, 1.0]
[20, array([0.4629, 0.0434]), array([0.45792381, 0.04000952]), 0.7854, 1.0]
[20, array([0.4629, 0.0434]), array([0.45807143, 0.04000952]), 0.7854, 1.0]
[20, array([0.4629, 0.0434]), array([0.45821905, 0.04000952]), 0.7854, 1.0]
[20, array([0.4629, 0.0434]), array([0.45836667, 0.04000952]), 0.7854, 1.0]
[20, array([0.4629, 0.0434]), array([0.45851429, 0.04000952]), 0.7854, 1.0]
[20, array([0.4629, 0.0434]), array([0.4586619 , 0.04000952]), 0.7854, 1.0]
[20, array([0.4629, 0.0434]), array([0.45880952, 0.04000952]), 0.7854, 1.0]
[20, array([0.4629, 0.0434]), array([0.45895714, 0.04000952]), 0.7854, 1.0]
[20, array([0.4629, 0.0434]), array([0.45910476, 0.04000952]), 0.7854, 1.0]
[20, array([0.4629, 0.0434]), array([0.45925238, 0.04000952]), 0.7854, 1.0]
[20, array([0.4629, 0.0434]), array([0.4594    , 0.04000952]), 0.7854, 1.0]
[20, array([0.4629, 0.0434]), array([0.4563    , 0.04015714]), 0.7854, 1.0]
[20, array([0.4629, 0.0434]), array([0.45644762, 0.04015714]), 0.7854, 1.0]
[20, array([0.4629, 0.0434]), array([0.45659524, 0.04015714]), 0.7854, 1.0]
[20, array([0.4629, 0.0434]), array([0.45674286, 0.04015714]), 0.7854, 1.0]
[20, array([0.4629, 0.0434]), array([0.45689048, 0.04015714]), 0.7854, 1.0]
[20, array([0.4629, 0.0434]), array([0.4570381 , 0.04015714]), 0.7854, 1.0]
[20, array([0.4629, 0.0434]), array([0.45718571, 0.04015714]), 0.7854, 1.0]
[20, array([0.4629, 0.0434]), array([0.45733333, 0.04015714]), 0.7854, 1.0]
[20, array([0.4629, 0.0434]), array([0.45748095, 0.04015714]), 0.7854, 1.0]
[20, array([0.4629, 0.0434]), array([0.45762857, 0.04015714]), 0.7854, 1.0]
[20, array([0.4629, 0.0434]), array([0.45777619, 0.04015714]), 0.7854, 1.0]
[20, array([0.4629, 0.0434]), array([0.45792381, 0.04015714]), 0.7854, 1.0]
[20, array([0.4629, 0.0434]), array([0.45807143, 0.04015714]), 0.7854, 1.0]
[20, array([0.4629, 0.0434]), array([0.45821905, 0.04015714]), 0.7854, 1.0]
[20, array([0.4629, 0.0434]), array([0.45836667, 0.04015714]), 0.7854, 1.0]
[20, array([0.4629, 0.0434]), array([0.45851429, 0.04015714]), 0.7854, 1.0]
[20, array([0.4629, 0.0434]), array([0.4586619 , 0.04015714]), 0.7854, 1.0]
[20, array([0.4629, 0.0434]), array([0.45880952, 0.04015714]), 0.7854, 1.0]
[20, array([0.4629, 0.0434]), array([0.45895714, 0.04015714]), 0.7854, 1.0]
[20, array([0.4629, 0.0434]), array([0.45910476, 0.04015714]), 0.7854, 1.0]
[20, array([0.4629, 0.0434]), array([0.45925238, 0.04015714]), 0.7854, 1.0]
[20, array([0.4629, 0.0434]), array([0.4594    , 0.04015714]), 0.7854, 1.0]
[20, array([0.4629, 0.0434]), array([0.4563    , 0.04030476]), 0.7854, 1.0]
[20, array([0.4629, 0.0434]), array([0.45644762, 0.04030476]), 0.7854, 1.0]
[20, array([0.4629, 0.0434]), array([0.45659524, 0.04030476]), 0.7854, 1.0]
[20, array([0.4629, 0.0434]), array([0.45674286, 0.04030476]), 0.7854, 1.0]
[20, array([0.4629, 0.0434]), array([0.45689048, 0.04030476]), 0.7854, 1.0]
[20, array([0.4629, 0.0434]), array([0.4570381 , 0.04030476]), 0.7854, 1.0]
[20, array([0.4629, 0.0434]), array([0.45718571, 0.04030476]), 0.7854, 1.0]
[20, array([0.4629, 0.0434]), array([0.45733333, 0.04030476]), 0.7854, 1.0]
[20, array([0.4629, 0.0434]), array([0.45748095, 0.04030476]), 0.7854, 1.0]
[20, array([0.4629, 0.0434]), array([0.45762857, 0.04030476]), 0.7854, 1.0]
[20, array([0.4629, 0.0434]), array([0.45777619, 0.04030476]), 0.7854, 1.0]
[20, array([0.4629, 0.0434]), array([0.45792381, 0.04030476]), 0.7854, 1.0]
[20, array([0.4629, 0.0434]), array([0.45807143, 0.04030476]), 0.7854, 1.0]
[20, array([0.4629, 0.0434]), array([0.45821905, 0.04030476]), 0.7854, 1.0]
[20, array([0.4629, 0.0434]), array([0.45836667, 0.04030476]), 0.7854, 1.0]
[20, array([0.4629, 0.0434]), array([0.45851429, 0.04030476]), 0.7854, 1.0]
[20, array([0.4629, 0.0434]), array([0.4586619 , 0.04030476]), 0.7854, 1.0]
[20, array([0.4629, 0.0434]), array([0.45880952, 0.04030476]), 0.7854, 1.0]
[20, array([0.4629, 0.0434]), array([0.45895714, 0.04030476]), 0.7854, 1.0]
[20, array([0.4629, 0.0434]), array([0.45910476, 0.04030476]), 0.7854, 1.0]
[20, array([0.4629, 0.0434]), array([0.45925238, 0.04030476]), 0.7854, 1.0]
[20, array([0.4629, 0.0434]), array([0.4594    , 0.04030476]), 0.7854, 1.0]
[20, array([0.4629, 0.0434]), array([0.4563    , 0.04045238]), 0.7854, 1.0]
[20, array([0.4629, 0.0434]), array([0.45644762, 0.04045238]), 0.7854, 1.0]
[20, array([0.4629, 0.0434]), array([0.45659524, 0.04045238]), 0.7854, 1.0]
[20, array([0.4629, 0.0434]), array([0.45674286, 0.04045238]), 0.7854, 1.0]
[20, array([0.4629, 0.0434]), array([0.45689048, 0.04045238]), 0.7854, 1.0]
[20, array([0.4629, 0.0434]), array([0.4570381 , 0.04045238]), 0.7854, 1.0]
[20, array([0.4629, 0.0434]), array([0.45718571, 0.04045238]), 0.7854, 1.0]
[20, array([0.4629, 0.0434]), array([0.45733333, 0.04045238]), 0.7854, 1.0]
[20, array([0.4629, 0.0434]), array([0.45748095, 0.04045238]), 0.7854, 1.0]
[20, array([0.4629, 0.0434]), array([0.45762857, 0.04045238]), 0.7854, 1.0]
[20, array([0.4629, 0.0434]), array([0.45777619, 0.04045238]), 0.7854, 1.0]
[20, array([0.4629, 0.0434]), array([0.45792381, 0.04045238]), 0.7854, 1.0]
[20, array([0.4629, 0.0434]), array([0.45807143, 0.04045238]), 0.7854, 1.0]
[20, array([0.4629, 0.0434]), array([0.45821905, 0.04045238]), 0.7854, 1.0]
[20, array([0.4629, 0.0434]), array([0.45836667, 0.04045238]), 0.7854, 1.0]
[20, array([0.4629, 0.0434]), array([0.45851429, 0.04045238]), 0.7854, 1.0]
[20, array([0.4629, 0.0434]), array([0.4586619 , 0.04045238]), 0.7854, 1.0]
[20, array([0.4629, 0.0434]), array([0.45880952, 0.04045238]), 0.7854, 1.0]
[20, array([0.4629, 0.0434]), array([0.45895714, 0.04045238]), 0.7854, 1.0]
[20, array([0.4629, 0.0434]), array([0.45910476, 0.04045238]), 0.7854, 1.0]
[20, array([0.4629, 0.0434]), array([0.45925238, 0.04045238]), 0.7854, 1.0]
[20, array([0.4629, 0.0434]), array([0.4594    , 0.04045238]), 0.7854, 1.0]
[20, array([0.4629, 0.0434]), array([0.4563, 0.0406]), 0.7854, 1.0]
[20, array([0.4629, 0.0434]), array([0.45644762, 0.0406    ]), 0.7854, 1.0]
[20, array([0.4629, 0.0434]), array([0.45659524, 0.0406    ]), 0.7854, 1.0]
[20, array([0.4629, 0.0434]), array([0.45674286, 0.0406    ]), 0.7854, 1.0]
[20, array([0.4629, 0.0434]), array([0.45689048, 0.0406    ]), 0.7854, 1.0]
[20, array([0.4629, 0.0434]), array([0.4570381, 0.0406   ]), 0.7854, 1.0]
[20, array([0.4629, 0.0434]), array([0.45718571, 0.0406    ]), 0.7854, 1.0]
[20, array([0.4629, 0.0434]), array([0.45733333, 0.0406    ]), 0.7854, 1.0]
[20, array([0.4629, 0.0434]), array([0.45748095, 0.0406    ]), 0.7854, 1.0]
[20, array([0.4629, 0.0434]), array([0.45762857, 0.0406    ]), 0.7854, 1.0]
[20, array([0.4629, 0.0434]), array([0.45777619, 0.0406    ]), 0.7854, 1.0]
[20, array([0.4629, 0.0434]), array([0.45792381, 0.0406    ]), 0.7854, 1.0]
[20, array([0.4629, 0.0434]), array([0.45807143, 0.0406    ]), 0.7854, 1.0]
[20, array([0.4629, 0.0434]), array([0.45821905, 0.0406    ]), 0.7854, 1.0]
[20, array([0.4629, 0.0434]), array([0.45836667, 0.0406    ]), 0.7854, 1.0]
[20, array([0.4629, 0.0434]), array([0.45851429, 0.0406    ]), 0.7854, 1.0]
[20, array([0.4629, 0.0434]), array([0.4586619, 0.0406   ]), 0.7854, 1.0]
[20, array([0.4629, 0.0434]), array([0.45880952, 0.0406    ]), 0.7854, 1.0]
[20, array([0.4629, 0.0434]), array([0.45895714, 0.0406    ]), 0.7854, 1.0]
[20, array([0.4629, 0.0434]), array([0.45910476, 0.0406    ]), 0.7854, 1.0]
[20, array([0.4629, 0.0434]), array([0.45925238, 0.0406    ]), 0.7854, 1.0]
[20, array([0.4629, 0.0434]), array([0.4594, 0.0406]), 0.7854, 1.0]
[19, array([ 0.4697, -0.0084]), array([ 0.4625, -0.0156]), 0.7854, 0.0]
[19, array([ 0.4697, -0.0084]), array([ 0.46294762, -0.0156    ]), 0.7854, 0.0]
[19, array([ 0.4697, -0.0084]), array([ 0.46339524, -0.0156    ]), 0.7854, 1.0]
[19, array([ 0.4697, -0.0084]), array([ 0.46384286, -0.0156    ]), 0.7854, 0.0]
[19, array([ 0.4697, -0.0084]), array([ 0.46429048, -0.0156    ]), 0.7854, 0.0]
[19, array([ 0.4697, -0.0084]), array([ 0.4647381, -0.0156   ]), 0.7854, 0.0]
[19, array([ 0.4697, -0.0084]), array([ 0.46518571, -0.0156    ]), 0.7854, 0.0]
[19, array([ 0.4697, -0.0084]), array([ 0.46563333, -0.0156    ]), 0.7854, 0.0]
[19, array([ 0.4697, -0.0084]), array([ 0.46608095, -0.0156    ]), 0.7854, 0.0]
[19, array([ 0.4697, -0.0084]), array([ 0.46652857, -0.0156    ]), 0.7854, 0.0]
[19, array([ 0.4697, -0.0084]), array([ 0.46697619, -0.0156    ]), 0.7854, 0.0]
[19, array([ 0.4697, -0.0084]), array([ 0.46742381, -0.0156    ]), 0.7854, 0.0]
[19, array([ 0.4697, -0.0084]), array([ 0.46787143, -0.0156    ]), 0.7854, 0.0]
[19, array([ 0.4697, -0.0084]), array([ 0.46831905, -0.0156    ]), 0.7854, 0.0]
[19, array([ 0.4697, -0.0084]), array([ 0.46876667, -0.0156    ]), 0.7854, 0.0]
[19, array([ 0.4697, -0.0084]), array([ 0.46921429, -0.0156    ]), 0.7854, 0.0]
[19, array([ 0.4697, -0.0084]), array([ 0.4696619, -0.0156   ]), 0.7854, 0.0]
[19, array([ 0.4697, -0.0084]), array([ 0.47010952, -0.0156    ]), 0.7854, 0.0]
[19, array([ 0.4697, -0.0084]), array([ 0.47055714, -0.0156    ]), 0.7854, 0.0]
[19, array([ 0.4697, -0.0084]), array([ 0.47100476, -0.0156    ]), 0.7854, 0.0]
[19, array([ 0.4697, -0.0084]), array([ 0.47145238, -0.0156    ]), 0.7854, 0.0]
[19, array([ 0.4697, -0.0084]), array([ 0.4719, -0.0156]), 0.7854, 0.0]
[19, array([ 0.4697, -0.0084]), array([ 0.4625    , -0.01515238]), 0.7854, 0.0]
[19, array([ 0.4697, -0.0084]), array([ 0.46294762, -0.01515238]), 0.7854, 0.0]
[19, array([ 0.4697, -0.0084]), array([ 0.46339524, -0.01515238]), 0.7854, 0.0]
[19, array([ 0.4697, -0.0084]), array([ 0.46384286, -0.01515238]), 0.7854, 1.0]
[19, array([ 0.4697, -0.0084]), array([ 0.46429048, -0.01515238]), 0.7854, 0.0]
[19, array([ 0.4697, -0.0084]), array([ 0.4647381 , -0.01515238]), 0.7854, 0.0]
[19, array([ 0.4697, -0.0084]), array([ 0.46518571, -0.01515238]), 0.7854, 0.0]
[19, array([ 0.4697, -0.0084]), array([ 0.46563333, -0.01515238]), 0.7854, 0.0]
[19, array([ 0.4697, -0.0084]), array([ 0.46608095, -0.01515238]), 0.7854, 0.0]
[19, array([ 0.4697, -0.0084]), array([ 0.46652857, -0.01515238]), 0.7854, 0.0]
[19, array([ 0.4697, -0.0084]), array([ 0.46697619, -0.01515238]), 0.7854, 0.0]
[19, array([ 0.4697, -0.0084]), array([ 0.46742381, -0.01515238]), 0.7854, 0.0]
[19, array([ 0.4697, -0.0084]), array([ 0.46787143, -0.01515238]), 0.7854, 0.0]
[19, array([ 0.4697, -0.0084]), array([ 0.46831905, -0.01515238]), 0.7854, 0.0]
[19, array([ 0.4697, -0.0084]), array([ 0.46876667, -0.01515238]), 0.7854, 0.0]
[19, array([ 0.4697, -0.0084]), array([ 0.46921429, -0.01515238]), 0.7854, 0.0]
[19, array([ 0.4697, -0.0084]), array([ 0.4696619 , -0.01515238]), 0.7854, 0.0]
[19, array([ 0.4697, -0.0084]), array([ 0.47010952, -0.01515238]), 0.7854, 0.0]
[19, array([ 0.4697, -0.0084]), array([ 0.47055714, -0.01515238]), 0.7854, 0.0]
[19, array([ 0.4697, -0.0084]), array([ 0.47100476, -0.01515238]), 0.7854, 0.0]
[19, array([ 0.4697, -0.0084]), array([ 0.47145238, -0.01515238]), 0.7854, 0.0]
[19, array([ 0.4697, -0.0084]), array([ 0.4719    , -0.01515238]), 0.7854, 0.0]
[19, array([ 0.4697, -0.0084]), array([ 0.4625    , -0.01470476]), 0.7854, 0.0]
[19, array([ 0.4697, -0.0084]), array([ 0.46294762, -0.01470476]), 0.7854, 0.0]
[19, array([ 0.4697, -0.0084]), array([ 0.46339524, -0.01470476]), 0.7854, 0.0]
[19, array([ 0.4697, -0.0084]), array([ 0.46384286, -0.01470476]), 0.7854, 0.0]
[19, array([ 0.4697, -0.0084]), array([ 0.46429048, -0.01470476]), 0.7854, 0.0]
[19, array([ 0.4697, -0.0084]), array([ 0.4647381 , -0.01470476]), 0.7854, 0.0]
[19, array([ 0.4697, -0.0084]), array([ 0.46518571, -0.01470476]), 0.7854, 0.0]
[19, array([ 0.4697, -0.0084]), array([ 0.46563333, -0.01470476]), 0.7854, 0.0]
[19, array([ 0.4697, -0.0084]), array([ 0.46608095, -0.01470476]), 0.7854, 0.0]
[19, array([ 0.4697, -0.0084]), array([ 0.46652857, -0.01470476]), 0.7854, 0.0]
[19, array([ 0.4697, -0.0084]), array([ 0.46697619, -0.01470476]), 0.7854, 0.0]
[19, array([ 0.4697, -0.0084]), array([ 0.46742381, -0.01470476]), 0.7854, 0.0]
[19, array([ 0.4697, -0.0084]), array([ 0.46787143, -0.01470476]), 0.7854, 0.0]
[19, array([ 0.4697, -0.0084]), array([ 0.46831905, -0.01470476]), 0.7854, 0.0]
[19, array([ 0.4697, -0.0084]), array([ 0.46876667, -0.01470476]), 0.7854, 0.0]
[19, array([ 0.4697, -0.0084]), array([ 0.46921429, -0.01470476]), 0.7854, 0.0]
[19, array([ 0.4697, -0.0084]), array([ 0.4696619 , -0.01470476]), 0.7854, 0.0]
[19, array([ 0.4697, -0.0084]), array([ 0.47010952, -0.01470476]), 0.7854, 0.0]
[19, array([ 0.4697, -0.0084]), array([ 0.47055714, -0.01470476]), 0.7854, 0.0]
[19, array([ 0.4697, -0.0084]), array([ 0.47100476, -0.01470476]), 0.7854, 0.0]
[19, array([ 0.4697, -0.0084]), array([ 0.47145238, -0.01470476]), 0.7854, 0.0]
[19, array([ 0.4697, -0.0084]), array([ 0.4719    , -0.01470476]), 0.7854, 0.0]
[19, array([ 0.4697, -0.0084]), array([ 0.4625    , -0.01425714]), 0.7854, 0.0]
[19, array([ 0.4697, -0.0084]), array([ 0.46294762, -0.01425714]), 0.7854, 0.0]
[19, array([ 0.4697, -0.0084]), array([ 0.46339524, -0.01425714]), 0.7854, 0.0]
[19, array([ 0.4697, -0.0084]), array([ 0.46384286, -0.01425714]), 0.7854, 0.0]
[19, array([ 0.4697, -0.0084]), array([ 0.46429048, -0.01425714]), 0.7854, 0.0]
[19, array([ 0.4697, -0.0084]), array([ 0.4647381 , -0.01425714]), 0.7854, 0.0]
[19, array([ 0.4697, -0.0084]), array([ 0.46518571, -0.01425714]), 0.7854, 0.0]
[19, array([ 0.4697, -0.0084]), array([ 0.46563333, -0.01425714]), 0.7854, 0.0]
[19, array([ 0.4697, -0.0084]), array([ 0.46608095, -0.01425714]), 0.7854, 0.0]
[19, array([ 0.4697, -0.0084]), array([ 0.46652857, -0.01425714]), 0.7854, 0.0]
[19, array([ 0.4697, -0.0084]), array([ 0.46697619, -0.01425714]), 0.7854, 0.0]
[19, array([ 0.4697, -0.0084]), array([ 0.46742381, -0.01425714]), 0.7854, 0.0]
[19, array([ 0.4697, -0.0084]), array([ 0.46787143, -0.01425714]), 0.7854, 0.0]
[19, array([ 0.4697, -0.0084]), array([ 0.46831905, -0.01425714]), 0.7854, 0.0]
[19, array([ 0.4697, -0.0084]), array([ 0.46876667, -0.01425714]), 0.7854, 0.0]
[19, array([ 0.4697, -0.0084]), array([ 0.46921429, -0.01425714]), 0.7854, 0.0]
[19, array([ 0.4697, -0.0084]), array([ 0.4696619 , -0.01425714]), 0.7854, 0.0]
[19, array([ 0.4697, -0.0084]), array([ 0.47010952, -0.01425714]), 0.7854, 0.0]
[19, array([ 0.4697, -0.0084]), array([ 0.47055714, -0.01425714]), 0.7854, 0.0]
[19, array([ 0.4697, -0.0084]), array([ 0.47100476, -0.01425714]), 0.7854, 0.0]
[19, array([ 0.4697, -0.0084]), array([ 0.47145238, -0.01425714]), 0.7854, 0.0]
[19, array([ 0.4697, -0.0084]), array([ 0.4719    , -0.01425714]), 0.7854, 0.0]
[19, array([ 0.4697, -0.0084]), array([ 0.4625    , -0.01380952]), 0.7854, 0.0]
[19, array([ 0.4697, -0.0084]), array([ 0.46294762, -0.01380952]), 0.7854, 0.0]
[19, array([ 0.4697, -0.0084]), array([ 0.46339524, -0.01380952]), 0.7854, 0.0]
[19, array([ 0.4697, -0.0084]), array([ 0.46384286, -0.01380952]), 0.7854, 0.0]
[19, array([ 0.4697, -0.0084]), array([ 0.46429048, -0.01380952]), 0.7854, 0.0]
[19, array([ 0.4697, -0.0084]), array([ 0.4647381 , -0.01380952]), 0.7854, 0.0]
[19, array([ 0.4697, -0.0084]), array([ 0.46518571, -0.01380952]), 0.7854, 0.0]
[19, array([ 0.4697, -0.0084]), array([ 0.46563333, -0.01380952]), 0.7854, 0.0]
[19, array([ 0.4697, -0.0084]), array([ 0.46608095, -0.01380952]), 0.7854, 0.0]
[19, array([ 0.4697, -0.0084]), array([ 0.46652857, -0.01380952]), 0.7854, 0.0]
[19, array([ 0.4697, -0.0084]), array([ 0.46697619, -0.01380952]), 0.7854, 0.0]
[19, array([ 0.4697, -0.0084]), array([ 0.46742381, -0.01380952]), 0.7854, 0.0]
[19, array([ 0.4697, -0.0084]), array([ 0.46787143, -0.01380952]), 0.7854, 0.0]
[19, array([ 0.4697, -0.0084]), array([ 0.46831905, -0.01380952]), 0.7854, 0.0]
[19, array([ 0.4697, -0.0084]), array([ 0.46876667, -0.01380952]), 0.7854, 0.0]
[19, array([ 0.4697, -0.0084]), array([ 0.46921429, -0.01380952]), 0.7854, 0.0]
[19, array([ 0.4697, -0.0084]), array([ 0.4696619 , -0.01380952]), 0.7854, 0.0]
[19, array([ 0.4697, -0.0084]), array([ 0.47010952, -0.01380952]), 0.7854, 0.0]
[19, array([ 0.4697, -0.0084]), array([ 0.47055714, -0.01380952]), 0.7854, 0.0]
[19, array([ 0.4697, -0.0084]), array([ 0.47100476, -0.01380952]), 0.7854, 0.0]
[19, array([ 0.4697, -0.0084]), array([ 0.47145238, -0.01380952]), 0.7854, 0.0]
[19, array([ 0.4697, -0.0084]), array([ 0.4719    , -0.01380952]), 0.7854, 0.0]
[19, array([ 0.4697, -0.0084]), array([ 0.4625   , -0.0133619]), 0.7854, 0.0]
[19, array([ 0.4697, -0.0084]), array([ 0.46294762, -0.0133619 ]), 0.7854, 0.0]
[19, array([ 0.4697, -0.0084]), array([ 0.46339524, -0.0133619 ]), 0.7854, 0.0]
[19, array([ 0.4697, -0.0084]), array([ 0.46384286, -0.0133619 ]), 0.7854, 0.0]
[19, array([ 0.4697, -0.0084]), array([ 0.46429048, -0.0133619 ]), 0.7854, 0.0]
[19, array([ 0.4697, -0.0084]), array([ 0.4647381, -0.0133619]), 0.7854, 0.0]
[19, array([ 0.4697, -0.0084]), array([ 0.46518571, -0.0133619 ]), 0.7854, 0.0]
[19, array([ 0.4697, -0.0084]), array([ 0.46563333, -0.0133619 ]), 0.7854, 0.0]
[19, array([ 0.4697, -0.0084]), array([ 0.46608095, -0.0133619 ]), 0.7854, 0.0]
[19, array([ 0.4697, -0.0084]), array([ 0.46652857, -0.0133619 ]), 0.7854, 1.0]
[19, array([ 0.4697, -0.0084]), array([ 0.46697619, -0.0133619 ]), 0.7854, 0.0]
[19, array([ 0.4697, -0.0084]), array([ 0.46742381, -0.0133619 ]), 0.7854, 0.0]
[19, array([ 0.4697, -0.0084]), array([ 0.46787143, -0.0133619 ]), 0.7854, 0.0]
[19, array([ 0.4697, -0.0084]), array([ 0.46831905, -0.0133619 ]), 0.7854, 0.0]
[19, array([ 0.4697, -0.0084]), array([ 0.46876667, -0.0133619 ]), 0.7854, 0.0]
[19, array([ 0.4697, -0.0084]), array([ 0.46921429, -0.0133619 ]), 0.7854, 0.0]
[19, array([ 0.4697, -0.0084]), array([ 0.4696619, -0.0133619]), 0.7854, 0.0]
[19, array([ 0.4697, -0.0084]), array([ 0.47010952, -0.0133619 ]), 0.7854, 0.0]
[19, array([ 0.4697, -0.0084]), array([ 0.47055714, -0.0133619 ]), 0.7854, 0.0]
[19, array([ 0.4697, -0.0084]), array([ 0.47100476, -0.0133619 ]), 0.7854, 0.0]
[19, array([ 0.4697, -0.0084]), array([ 0.47145238, -0.0133619 ]), 0.7854, 0.0]
[19, array([ 0.4697, -0.0084]), array([ 0.4719   , -0.0133619]), 0.7854, 0.0]
[19, array([ 0.4697, -0.0084]), array([ 0.4625    , -0.01291429]), 0.7854, 0.0]
[19, array([ 0.4697, -0.0084]), array([ 0.46294762, -0.01291429]), 0.7854, 0.0]
[19, array([ 0.4697, -0.0084]), array([ 0.46339524, -0.01291429]), 0.7854, 0.0]
[19, array([ 0.4697, -0.0084]), array([ 0.46384286, -0.01291429]), 0.7854, 0.0]
[19, array([ 0.4697, -0.0084]), array([ 0.46429048, -0.01291429]), 0.7854, 0.0]
[19, array([ 0.4697, -0.0084]), array([ 0.4647381 , -0.01291429]), 0.7854, 0.0]
[19, array([ 0.4697, -0.0084]), array([ 0.46518571, -0.01291429]), 0.7854, 0.0]
[19, array([ 0.4697, -0.0084]), array([ 0.46563333, -0.01291429]), 0.7854, 0.0]
[19, array([ 0.4697, -0.0084]), array([ 0.46608095, -0.01291429]), 0.7854, 0.0]
[19, array([ 0.4697, -0.0084]), array([ 0.46652857, -0.01291429]), 0.7854, 0.0]
[19, array([ 0.4697, -0.0084]), array([ 0.46697619, -0.01291429]), 0.7854, 0.0]
[19, array([ 0.4697, -0.0084]), array([ 0.46742381, -0.01291429]), 0.7854, 0.0]
[19, array([ 0.4697, -0.0084]), array([ 0.46787143, -0.01291429]), 0.7854, 0.0]
[19, array([ 0.4697, -0.0084]), array([ 0.46831905, -0.01291429]), 0.7854, 0.0]
[19, array([ 0.4697, -0.0084]), array([ 0.46876667, -0.01291429]), 0.7854, 0.0]
[19, array([ 0.4697, -0.0084]), array([ 0.46921429, -0.01291429]), 0.7854, 0.0]
[19, array([ 0.4697, -0.0084]), array([ 0.4696619 , -0.01291429]), 0.7854, 0.0]
[19, array([ 0.4697, -0.0084]), array([ 0.47010952, -0.01291429]), 0.7854, 0.0]
[19, array([ 0.4697, -0.0084]), array([ 0.47055714, -0.01291429]), 0.7854, 0.0]
[19, array([ 0.4697, -0.0084]), array([ 0.47100476, -0.01291429]), 0.7854, 0.0]
[19, array([ 0.4697, -0.0084]), array([ 0.47145238, -0.01291429]), 0.7854, 0.0]
[19, array([ 0.4697, -0.0084]), array([ 0.4719    , -0.01291429]), 0.7854, 0.0]
[19, array([ 0.4697, -0.0084]), array([ 0.4625    , -0.01246667]), 0.7854, 0.0]
[19, array([ 0.4697, -0.0084]), array([ 0.46294762, -0.01246667]), 0.7854, 0.0]
[19, array([ 0.4697, -0.0084]), array([ 0.46339524, -0.01246667]), 0.7854, 0.0]
[19, array([ 0.4697, -0.0084]), array([ 0.46384286, -0.01246667]), 0.7854, 0.0]
[19, array([ 0.4697, -0.0084]), array([ 0.46429048, -0.01246667]), 0.7854, 0.0]
[19, array([ 0.4697, -0.0084]), array([ 0.4647381 , -0.01246667]), 0.7854, 0.0]
[19, array([ 0.4697, -0.0084]), array([ 0.46518571, -0.01246667]), 0.7854, 0.0]
[19, array([ 0.4697, -0.0084]), array([ 0.46563333, -0.01246667]), 0.7854, 0.0]
[19, array([ 0.4697, -0.0084]), array([ 0.46608095, -0.01246667]), 0.7854, 0.0]
[19, array([ 0.4697, -0.0084]), array([ 0.46652857, -0.01246667]), 0.7854, 0.0]
[19, array([ 0.4697, -0.0084]), array([ 0.46697619, -0.01246667]), 0.7854, 0.0]
[19, array([ 0.4697, -0.0084]), array([ 0.46742381, -0.01246667]), 0.7854, 0.0]
[19, array([ 0.4697, -0.0084]), array([ 0.46787143, -0.01246667]), 0.7854, 0.0]
[19, array([ 0.4697, -0.0084]), array([ 0.46831905, -0.01246667]), 0.7854, 0.0]
[19, array([ 0.4697, -0.0084]), array([ 0.46876667, -0.01246667]), 0.7854, 0.0]
[19, array([ 0.4697, -0.0084]), array([ 0.46921429, -0.01246667]), 0.7854, 0.0]
[19, array([ 0.4697, -0.0084]), array([ 0.4696619 , -0.01246667]), 0.7854, 0.0]
[19, array([ 0.4697, -0.0084]), array([ 0.47010952, -0.01246667]), 0.7854, 0.0]
[19, array([ 0.4697, -0.0084]), array([ 0.47055714, -0.01246667]), 0.7854, 0.0]
[19, array([ 0.4697, -0.0084]), array([ 0.47100476, -0.01246667]), 0.7854, 0.0]
[19, array([ 0.4697, -0.0084]), array([ 0.47145238, -0.01246667]), 0.7854, 0.0]
[19, array([ 0.4697, -0.0084]), array([ 0.4719    , -0.01246667]), 0.7854, 0.0]
[19, array([ 0.4697, -0.0084]), array([ 0.4625    , -0.01201905]), 0.7854, 0.0]
[19, array([ 0.4697, -0.0084]), array([ 0.46294762, -0.01201905]), 0.7854, 0.0]
[19, array([ 0.4697, -0.0084]), array([ 0.46339524, -0.01201905]), 0.7854, 0.0]
[19, array([ 0.4697, -0.0084]), array([ 0.46384286, -0.01201905]), 0.7854, 0.0]
[19, array([ 0.4697, -0.0084]), array([ 0.46429048, -0.01201905]), 0.7854, 0.0]
[19, array([ 0.4697, -0.0084]), array([ 0.4647381 , -0.01201905]), 0.7854, 0.0]
[19, array([ 0.4697, -0.0084]), array([ 0.46518571, -0.01201905]), 0.7854, 0.0]
[19, array([ 0.4697, -0.0084]), array([ 0.46563333, -0.01201905]), 0.7854, 0.0]
[19, array([ 0.4697, -0.0084]), array([ 0.46608095, -0.01201905]), 0.7854, 0.0]
[19, array([ 0.4697, -0.0084]), array([ 0.46652857, -0.01201905]), 0.7854, 0.0]
[19, array([ 0.4697, -0.0084]), array([ 0.46697619, -0.01201905]), 0.7854, 0.0]
[19, array([ 0.4697, -0.0084]), array([ 0.46742381, -0.01201905]), 0.7854, 0.0]
[19, array([ 0.4697, -0.0084]), array([ 0.46787143, -0.01201905]), 0.7854, 0.0]
[19, array([ 0.4697, -0.0084]), array([ 0.46831905, -0.01201905]), 0.7854, 0.0]
[19, array([ 0.4697, -0.0084]), array([ 0.46876667, -0.01201905]), 0.7854, 0.0]
[19, array([ 0.4697, -0.0084]), array([ 0.46921429, -0.01201905]), 0.7854, 1.0]
[19, array([ 0.4697, -0.0084]), array([ 0.4696619 , -0.01201905]), 0.7854, 0.0]
[19, array([ 0.4697, -0.0084]), array([ 0.47010952, -0.01201905]), 0.7854, 0.0]
[19, array([ 0.4697, -0.0084]), array([ 0.47055714, -0.01201905]), 0.7854, 0.0]
[19, array([ 0.4697, -0.0084]), array([ 0.47100476, -0.01201905]), 0.7854, 0.0]
[19, array([ 0.4697, -0.0084]), array([ 0.47145238, -0.01201905]), 0.7854, 0.0]
[19, array([ 0.4697, -0.0084]), array([ 0.4719    , -0.01201905]), 0.7854, 0.0]
[19, array([ 0.4697, -0.0084]), array([ 0.4625    , -0.01157143]), 0.7854, 0.0]
[19, array([ 0.4697, -0.0084]), array([ 0.46294762, -0.01157143]), 0.7854, 0.0]
[19, array([ 0.4697, -0.0084]), array([ 0.46339524, -0.01157143]), 0.7854, 0.0]
[19, array([ 0.4697, -0.0084]), array([ 0.46384286, -0.01157143]), 0.7854, 0.0]
[19, array([ 0.4697, -0.0084]), array([ 0.46429048, -0.01157143]), 0.7854, 0.0]
[19, array([ 0.4697, -0.0084]), array([ 0.4647381 , -0.01157143]), 0.7854, 0.0]
[19, array([ 0.4697, -0.0084]), array([ 0.46518571, -0.01157143]), 0.7854, 0.0]
[19, array([ 0.4697, -0.0084]), array([ 0.46563333, -0.01157143]), 0.7854, 1.0]
[19, array([ 0.4697, -0.0084]), array([ 0.46608095, -0.01157143]), 0.7854, 0.0]
[19, array([ 0.4697, -0.0084]), array([ 0.46652857, -0.01157143]), 0.7854, 0.0]
[19, array([ 0.4697, -0.0084]), array([ 0.46697619, -0.01157143]), 0.7854, 0.0]
[19, array([ 0.4697, -0.0084]), array([ 0.46742381, -0.01157143]), 0.7854, 1.0]
[19, array([ 0.4697, -0.0084]), array([ 0.46787143, -0.01157143]), 0.7854, 0.0]
[19, array([ 0.4697, -0.0084]), array([ 0.46831905, -0.01157143]), 0.7854, 0.0]
[19, array([ 0.4697, -0.0084]), array([ 0.46876667, -0.01157143]), 0.7854, 1.0]
[19, array([ 0.4697, -0.0084]), array([ 0.46921429, -0.01157143]), 0.7854, 0.0]
[19, array([ 0.4697, -0.0084]), array([ 0.4696619 , -0.01157143]), 0.7854, 0.0]
[19, array([ 0.4697, -0.0084]), array([ 0.47010952, -0.01157143]), 0.7854, 0.0]
[19, array([ 0.4697, -0.0084]), array([ 0.47055714, -0.01157143]), 0.7854, 0.0]
[19, array([ 0.4697, -0.0084]), array([ 0.47100476, -0.01157143]), 0.7854, 0.0]
[19, array([ 0.4697, -0.0084]), array([ 0.47145238, -0.01157143]), 0.7854, 0.0]
[19, array([ 0.4697, -0.0084]), array([ 0.4719    , -0.01157143]), 0.7854, 0.0]
[19, array([ 0.4697, -0.0084]), array([ 0.4625    , -0.01112381]), 0.7854, 1.0]
[19, array([ 0.4697, -0.0084]), array([ 0.46294762, -0.01112381]), 0.7854, 0.0]
[19, array([ 0.4697, -0.0084]), array([ 0.46339524, -0.01112381]), 0.7854, 0.0]
[19, array([ 0.4697, -0.0084]), array([ 0.46384286, -0.01112381]), 0.7854, 0.0]
[19, array([ 0.4697, -0.0084]), array([ 0.46429048, -0.01112381]), 0.7854, 0.0]
[19, array([ 0.4697, -0.0084]), array([ 0.4647381 , -0.01112381]), 0.7854, 0.0]
[19, array([ 0.4697, -0.0084]), array([ 0.46518571, -0.01112381]), 0.7854, 1.0]
[19, array([ 0.4697, -0.0084]), array([ 0.46563333, -0.01112381]), 0.7854, 0.0]
[19, array([ 0.4697, -0.0084]), array([ 0.46608095, -0.01112381]), 0.7854, 0.0]
[19, array([ 0.4697, -0.0084]), array([ 0.46652857, -0.01112381]), 0.7854, 0.0]
[19, array([ 0.4697, -0.0084]), array([ 0.46697619, -0.01112381]), 0.7854, 0.0]
[19, array([ 0.4697, -0.0084]), array([ 0.46742381, -0.01112381]), 0.7854, 0.0]
[19, array([ 0.4697, -0.0084]), array([ 0.46787143, -0.01112381]), 0.7854, 0.0]
[19, array([ 0.4697, -0.0084]), array([ 0.46831905, -0.01112381]), 0.7854, 1.0]
[19, array([ 0.4697, -0.0084]), array([ 0.46876667, -0.01112381]), 0.7854, 0.0]
[19, array([ 0.4697, -0.0084]), array([ 0.46921429, -0.01112381]), 0.7854, 1.0]
[19, array([ 0.4697, -0.0084]), array([ 0.4696619 , -0.01112381]), 0.7854, 0.0]
[19, array([ 0.4697, -0.0084]), array([ 0.47010952, -0.01112381]), 0.7854, 0.0]
[19, array([ 0.4697, -0.0084]), array([ 0.47055714, -0.01112381]), 0.7854, 0.0]
[19, array([ 0.4697, -0.0084]), array([ 0.47100476, -0.01112381]), 0.7854, 0.0]
[19, array([ 0.4697, -0.0084]), array([ 0.47145238, -0.01112381]), 0.7854, 0.0]
[19, array([ 0.4697, -0.0084]), array([ 0.4719    , -0.01112381]), 0.7854, 0.0]
[19, array([ 0.4697, -0.0084]), array([ 0.4625    , -0.01067619]), 0.7854, 1.0]
[19, array([ 0.4697, -0.0084]), array([ 0.46294762, -0.01067619]), 0.7854, 1.0]
[19, array([ 0.4697, -0.0084]), array([ 0.46339524, -0.01067619]), 0.7854, 0.0]
[19, array([ 0.4697, -0.0084]), array([ 0.46384286, -0.01067619]), 0.7854, 0.0]
[19, array([ 0.4697, -0.0084]), array([ 0.46429048, -0.01067619]), 0.7854, 0.0]
[19, array([ 0.4697, -0.0084]), array([ 0.4647381 , -0.01067619]), 0.7854, 0.0]
[19, array([ 0.4697, -0.0084]), array([ 0.46518571, -0.01067619]), 0.7854, 0.0]
[19, array([ 0.4697, -0.0084]), array([ 0.46563333, -0.01067619]), 0.7854, 0.0]
[19, array([ 0.4697, -0.0084]), array([ 0.46608095, -0.01067619]), 0.7854, 0.0]
[19, array([ 0.4697, -0.0084]), array([ 0.46652857, -0.01067619]), 0.7854, 1.0]
[19, array([ 0.4697, -0.0084]), array([ 0.46697619, -0.01067619]), 0.7854, 0.0]
[19, array([ 0.4697, -0.0084]), array([ 0.46742381, -0.01067619]), 0.7854, 0.0]
[19, array([ 0.4697, -0.0084]), array([ 0.46787143, -0.01067619]), 0.7854, 1.0]
[19, array([ 0.4697, -0.0084]), array([ 0.46831905, -0.01067619]), 0.7854, 0.0]
[19, array([ 0.4697, -0.0084]), array([ 0.46876667, -0.01067619]), 0.7854, 0.0]
[19, array([ 0.4697, -0.0084]), array([ 0.46921429, -0.01067619]), 0.7854, 0.0]
[19, array([ 0.4697, -0.0084]), array([ 0.4696619 , -0.01067619]), 0.7854, 0.0]
[19, array([ 0.4697, -0.0084]), array([ 0.47010952, -0.01067619]), 0.7854, 0.0]
[19, array([ 0.4697, -0.0084]), array([ 0.47055714, -0.01067619]), 0.7854, 1.0]
[19, array([ 0.4697, -0.0084]), array([ 0.47100476, -0.01067619]), 0.7854, 0.0]
[19, array([ 0.4697, -0.0084]), array([ 0.47145238, -0.01067619]), 0.7854, 0.0]
[19, array([ 0.4697, -0.0084]), array([ 0.4719    , -0.01067619]), 0.7854, 0.0]
[19, array([ 0.4697, -0.0084]), array([ 0.4625    , -0.01022857]), 0.7854, 0.0]
[19, array([ 0.4697, -0.0084]), array([ 0.46294762, -0.01022857]), 0.7854, 0.0]
[19, array([ 0.4697, -0.0084]), array([ 0.46339524, -0.01022857]), 0.7854, 0.0]
[19, array([ 0.4697, -0.0084]), array([ 0.46384286, -0.01022857]), 0.7854, 0.0]
[19, array([ 0.4697, -0.0084]), array([ 0.46429048, -0.01022857]), 0.7854, 0.0]
[19, array([ 0.4697, -0.0084]), array([ 0.4647381 , -0.01022857]), 0.7854, 0.0]
[19, array([ 0.4697, -0.0084]), array([ 0.46518571, -0.01022857]), 0.7854, 0.0]
[19, array([ 0.4697, -0.0084]), array([ 0.46563333, -0.01022857]), 0.7854, 0.0]
[19, array([ 0.4697, -0.0084]), array([ 0.46608095, -0.01022857]), 0.7854, 1.0]
[19, array([ 0.4697, -0.0084]), array([ 0.46652857, -0.01022857]), 0.7854, 0.0]
[19, array([ 0.4697, -0.0084]), array([ 0.46697619, -0.01022857]), 0.7854, 0.0]
[19, array([ 0.4697, -0.0084]), array([ 0.46742381, -0.01022857]), 0.7854, 0.0]
[19, array([ 0.4697, -0.0084]), array([ 0.46787143, -0.01022857]), 0.7854, 1.0]
[19, array([ 0.4697, -0.0084]), array([ 0.46831905, -0.01022857]), 0.7854, 0.0]
[19, array([ 0.4697, -0.0084]), array([ 0.46876667, -0.01022857]), 0.7854, 0.0]
[19, array([ 0.4697, -0.0084]), array([ 0.46921429, -0.01022857]), 0.7854, 0.0]
[19, array([ 0.4697, -0.0084]), array([ 0.4696619 , -0.01022857]), 0.7854, 1.0]
[19, array([ 0.4697, -0.0084]), array([ 0.47010952, -0.01022857]), 0.7854, 0.0]
[19, array([ 0.4697, -0.0084]), array([ 0.47055714, -0.01022857]), 0.7854, 0.0]
[19, array([ 0.4697, -0.0084]), array([ 0.47100476, -0.01022857]), 0.7854, 1.0]
[19, array([ 0.4697, -0.0084]), array([ 0.47145238, -0.01022857]), 0.7854, 0.0]
[19, array([ 0.4697, -0.0084]), array([ 0.4719    , -0.01022857]), 0.7854, 0.0]
[19, array([ 0.4697, -0.0084]), array([ 0.4625    , -0.00978095]), 0.7854, 0.0]
[19, array([ 0.4697, -0.0084]), array([ 0.46294762, -0.00978095]), 0.7854, 0.0]
[19, array([ 0.4697, -0.0084]), array([ 0.46339524, -0.00978095]), 0.7854, 1.0]
[19, array([ 0.4697, -0.0084]), array([ 0.46384286, -0.00978095]), 0.7854, 0.0]
[19, array([ 0.4697, -0.0084]), array([ 0.46429048, -0.00978095]), 0.7854, 0.0]
[19, array([ 0.4697, -0.0084]), array([ 0.4647381 , -0.00978095]), 0.7854, 0.0]
[19, array([ 0.4697, -0.0084]), array([ 0.46518571, -0.00978095]), 0.7854, 0.0]
[19, array([ 0.4697, -0.0084]), array([ 0.46563333, -0.00978095]), 0.7854, 0.0]
[19, array([ 0.4697, -0.0084]), array([ 0.46608095, -0.00978095]), 0.7854, 1.0]
[19, array([ 0.4697, -0.0084]), array([ 0.46652857, -0.00978095]), 0.7854, 0.0]
[19, array([ 0.4697, -0.0084]), array([ 0.46697619, -0.00978095]), 0.7854, 0.0]
[19, array([ 0.4697, -0.0084]), array([ 0.46742381, -0.00978095]), 0.7854, 0.0]
[19, array([ 0.4697, -0.0084]), array([ 0.46787143, -0.00978095]), 0.7854, 0.0]
[19, array([ 0.4697, -0.0084]), array([ 0.46831905, -0.00978095]), 0.7854, 0.0]
[19, array([ 0.4697, -0.0084]), array([ 0.46876667, -0.00978095]), 0.7854, 0.0]
[19, array([ 0.4697, -0.0084]), array([ 0.46921429, -0.00978095]), 0.7854, 0.0]
[19, array([ 0.4697, -0.0084]), array([ 0.4696619 , -0.00978095]), 0.7854, 1.0]
[19, array([ 0.4697, -0.0084]), array([ 0.47010952, -0.00978095]), 0.7854, 0.0]
[19, array([ 0.4697, -0.0084]), array([ 0.47055714, -0.00978095]), 0.7854, 0.0]
[19, array([ 0.4697, -0.0084]), array([ 0.47100476, -0.00978095]), 0.7854, 0.0]
[19, array([ 0.4697, -0.0084]), array([ 0.47145238, -0.00978095]), 0.7854, 0.0]
[19, array([ 0.4697, -0.0084]), array([ 0.4719    , -0.00978095]), 0.7854, 0.0]
[19, array([ 0.4697, -0.0084]), array([ 0.4625    , -0.00933333]), 0.7854, 0.0]
[19, array([ 0.4697, -0.0084]), array([ 0.46294762, -0.00933333]), 0.7854, 0.0]
[19, array([ 0.4697, -0.0084]), array([ 0.46339524, -0.00933333]), 0.7854, 0.0]
[19, array([ 0.4697, -0.0084]), array([ 0.46384286, -0.00933333]), 0.7854, 1.0]
[19, array([ 0.4697, -0.0084]), array([ 0.46429048, -0.00933333]), 0.7854, 0.0]
[19, array([ 0.4697, -0.0084]), array([ 0.4647381 , -0.00933333]), 0.7854, 0.0]
[19, array([ 0.4697, -0.0084]), array([ 0.46518571, -0.00933333]), 0.7854, 1.0]
[19, array([ 0.4697, -0.0084]), array([ 0.46563333, -0.00933333]), 0.7854, 1.0]
[19, array([ 0.4697, -0.0084]), array([ 0.46608095, -0.00933333]), 0.7854, 1.0]
[19, array([ 0.4697, -0.0084]), array([ 0.46652857, -0.00933333]), 0.7854, 1.0]
[19, array([ 0.4697, -0.0084]), array([ 0.46697619, -0.00933333]), 0.7854, 0.0]
[19, array([ 0.4697, -0.0084]), array([ 0.46742381, -0.00933333]), 0.7854, 0.0]
[19, array([ 0.4697, -0.0084]), array([ 0.46787143, -0.00933333]), 0.7854, 1.0]
[19, array([ 0.4697, -0.0084]), array([ 0.46831905, -0.00933333]), 0.7854, 0.0]
[19, array([ 0.4697, -0.0084]), array([ 0.46876667, -0.00933333]), 0.7854, 0.0]
[19, array([ 0.4697, -0.0084]), array([ 0.46921429, -0.00933333]), 0.7854, 0.0]
[19, array([ 0.4697, -0.0084]), array([ 0.4696619 , -0.00933333]), 0.7854, 0.0]
[19, array([ 0.4697, -0.0084]), array([ 0.47010952, -0.00933333]), 0.7854, 0.0]
[19, array([ 0.4697, -0.0084]), array([ 0.47055714, -0.00933333]), 0.7854, 0.0]
[19, array([ 0.4697, -0.0084]), array([ 0.47100476, -0.00933333]), 0.7854, 0.0]
[19, array([ 0.4697, -0.0084]), array([ 0.47145238, -0.00933333]), 0.7854, 0.0]
[19, array([ 0.4697, -0.0084]), array([ 0.4719    , -0.00933333]), 0.7854, 1.0]
[19, array([ 0.4697, -0.0084]), array([ 0.4625    , -0.00888571]), 0.7854, 0.0]
[19, array([ 0.4697, -0.0084]), array([ 0.46294762, -0.00888571]), 0.7854, 0.0]
[19, array([ 0.4697, -0.0084]), array([ 0.46339524, -0.00888571]), 0.7854, 0.0]
[19, array([ 0.4697, -0.0084]), array([ 0.46384286, -0.00888571]), 0.7854, 0.0]
[19, array([ 0.4697, -0.0084]), array([ 0.46429048, -0.00888571]), 0.7854, 0.0]
[19, array([ 0.4697, -0.0084]), array([ 0.4647381 , -0.00888571]), 0.7854, 1.0]
[19, array([ 0.4697, -0.0084]), array([ 0.46518571, -0.00888571]), 0.7854, 1.0]
[19, array([ 0.4697, -0.0084]), array([ 0.46563333, -0.00888571]), 0.7854, 1.0]
[19, array([ 0.4697, -0.0084]), array([ 0.46608095, -0.00888571]), 0.7854, 0.0]
[19, array([ 0.4697, -0.0084]), array([ 0.46652857, -0.00888571]), 0.7854, 0.0]
[19, array([ 0.4697, -0.0084]), array([ 0.46697619, -0.00888571]), 0.7854, 0.0]
[19, array([ 0.4697, -0.0084]), array([ 0.46742381, -0.00888571]), 0.7854, 0.0]
[19, array([ 0.4697, -0.0084]), array([ 0.46787143, -0.00888571]), 0.7854, 0.0]
[19, array([ 0.4697, -0.0084]), array([ 0.46831905, -0.00888571]), 0.7854, 0.0]
[19, array([ 0.4697, -0.0084]), array([ 0.46876667, -0.00888571]), 0.7854, 0.0]
[19, array([ 0.4697, -0.0084]), array([ 0.46921429, -0.00888571]), 0.7854, 0.0]
[19, array([ 0.4697, -0.0084]), array([ 0.4696619 , -0.00888571]), 0.7854, 0.0]
[19, array([ 0.4697, -0.0084]), array([ 0.47010952, -0.00888571]), 0.7854, 0.0]
[19, array([ 0.4697, -0.0084]), array([ 0.47055714, -0.00888571]), 0.7854, 0.0]
[19, array([ 0.4697, -0.0084]), array([ 0.47100476, -0.00888571]), 0.7854, 0.0]
[19, array([ 0.4697, -0.0084]), array([ 0.47145238, -0.00888571]), 0.7854, 0.0]
[19, array([ 0.4697, -0.0084]), array([ 0.4719    , -0.00888571]), 0.7854, 1.0]
[19, array([ 0.4697, -0.0084]), array([ 0.4625   , -0.0084381]), 0.7854, 0.0]
[19, array([ 0.4697, -0.0084]), array([ 0.46294762, -0.0084381 ]), 0.7854, 0.0]
[19, array([ 0.4697, -0.0084]), array([ 0.46339524, -0.0084381 ]), 0.7854, 0.0]
[19, array([ 0.4697, -0.0084]), array([ 0.46384286, -0.0084381 ]), 0.7854, 0.0]
[19, array([ 0.4697, -0.0084]), array([ 0.46429048, -0.0084381 ]), 0.7854, 0.0]
[19, array([ 0.4697, -0.0084]), array([ 0.4647381, -0.0084381]), 0.7854, 1.0]
[19, array([ 0.4697, -0.0084]), array([ 0.46518571, -0.0084381 ]), 0.7854, 0.0]
[19, array([ 0.4697, -0.0084]), array([ 0.46563333, -0.0084381 ]), 0.7854, 0.0]
[19, array([ 0.4697, -0.0084]), array([ 0.46608095, -0.0084381 ]), 0.7854, 1.0]
[19, array([ 0.4697, -0.0084]), array([ 0.46652857, -0.0084381 ]), 0.7854, 0.0]
[19, array([ 0.4697, -0.0084]), array([ 0.46697619, -0.0084381 ]), 0.7854, 0.0]
[19, array([ 0.4697, -0.0084]), array([ 0.46742381, -0.0084381 ]), 0.7854, 0.0]
[19, array([ 0.4697, -0.0084]), array([ 0.46787143, -0.0084381 ]), 0.7854, 0.0]
[19, array([ 0.4697, -0.0084]), array([ 0.46831905, -0.0084381 ]), 0.7854, 1.0]
[19, array([ 0.4697, -0.0084]), array([ 0.46876667, -0.0084381 ]), 0.7854, 1.0]
[19, array([ 0.4697, -0.0084]), array([ 0.46921429, -0.0084381 ]), 0.7854, 0.0]
[19, array([ 0.4697, -0.0084]), array([ 0.4696619, -0.0084381]), 0.7854, 0.0]
[19, array([ 0.4697, -0.0084]), array([ 0.47010952, -0.0084381 ]), 0.7854, 0.0]
[19, array([ 0.4697, -0.0084]), array([ 0.47055714, -0.0084381 ]), 0.7854, 0.0]
[19, array([ 0.4697, -0.0084]), array([ 0.47100476, -0.0084381 ]), 0.7854, 0.0]
[19, array([ 0.4697, -0.0084]), array([ 0.47145238, -0.0084381 ]), 0.7854, 1.0]
[19, array([ 0.4697, -0.0084]), array([ 0.4719   , -0.0084381]), 0.7854, 0.0]
[19, array([ 0.4697, -0.0084]), array([ 0.4625    , -0.00799048]), 0.7854, 0.0]
[19, array([ 0.4697, -0.0084]), array([ 0.46294762, -0.00799048]), 0.7854, 0.0]
[19, array([ 0.4697, -0.0084]), array([ 0.46339524, -0.00799048]), 0.7854, 0.0]
[19, array([ 0.4697, -0.0084]), array([ 0.46384286, -0.00799048]), 0.7854, 0.0]
[19, array([ 0.4697, -0.0084]), array([ 0.46429048, -0.00799048]), 0.7854, 0.0]
[19, array([ 0.4697, -0.0084]), array([ 0.4647381 , -0.00799048]), 0.7854, 0.0]
[19, array([ 0.4697, -0.0084]), array([ 0.46518571, -0.00799048]), 0.7854, 0.0]
[19, array([ 0.4697, -0.0084]), array([ 0.46563333, -0.00799048]), 0.7854, 0.0]
[19, array([ 0.4697, -0.0084]), array([ 0.46608095, -0.00799048]), 0.7854, 1.0]
[19, array([ 0.4697, -0.0084]), array([ 0.46652857, -0.00799048]), 0.7854, 0.0]
[19, array([ 0.4697, -0.0084]), array([ 0.46697619, -0.00799048]), 0.7854, 0.0]
[19, array([ 0.4697, -0.0084]), array([ 0.46742381, -0.00799048]), 0.7854, 0.0]
[19, array([ 0.4697, -0.0084]), array([ 0.46787143, -0.00799048]), 0.7854, 0.0]
[19, array([ 0.4697, -0.0084]), array([ 0.46831905, -0.00799048]), 0.7854, 0.0]
[19, array([ 0.4697, -0.0084]), array([ 0.46876667, -0.00799048]), 0.7854, 0.0]
[19, array([ 0.4697, -0.0084]), array([ 0.46921429, -0.00799048]), 0.7854, 0.0]
[19, array([ 0.4697, -0.0084]), array([ 0.4696619 , -0.00799048]), 0.7854, 0.0]
[19, array([ 0.4697, -0.0084]), array([ 0.47010952, -0.00799048]), 0.7854, 0.0]
[19, array([ 0.4697, -0.0084]), array([ 0.47055714, -0.00799048]), 0.7854, 0.0]
[19, array([ 0.4697, -0.0084]), array([ 0.47100476, -0.00799048]), 0.7854, 0.0]
[19, array([ 0.4697, -0.0084]), array([ 0.47145238, -0.00799048]), 0.7854, 1.0]
[19, array([ 0.4697, -0.0084]), array([ 0.4719    , -0.00799048]), 0.7854, 1.0]
[19, array([ 0.4697, -0.0084]), array([ 0.4625    , -0.00754286]), 0.7854, 0.0]
[19, array([ 0.4697, -0.0084]), array([ 0.46294762, -0.00754286]), 0.7854, 0.0]
[19, array([ 0.4697, -0.0084]), array([ 0.46339524, -0.00754286]), 0.7854, 0.0]
[19, array([ 0.4697, -0.0084]), array([ 0.46384286, -0.00754286]), 0.7854, 0.0]
[19, array([ 0.4697, -0.0084]), array([ 0.46429048, -0.00754286]), 0.7854, 0.0]
[19, array([ 0.4697, -0.0084]), array([ 0.4647381 , -0.00754286]), 0.7854, 0.0]
[19, array([ 0.4697, -0.0084]), array([ 0.46518571, -0.00754286]), 0.7854, 0.0]
[19, array([ 0.4697, -0.0084]), array([ 0.46563333, -0.00754286]), 0.7854, 1.0]
[19, array([ 0.4697, -0.0084]), array([ 0.46608095, -0.00754286]), 0.7854, 0.0]
[19, array([ 0.4697, -0.0084]), array([ 0.46652857, -0.00754286]), 0.7854, 0.0]
[19, array([ 0.4697, -0.0084]), array([ 0.46697619, -0.00754286]), 0.7854, 0.0]
[19, array([ 0.4697, -0.0084]), array([ 0.46742381, -0.00754286]), 0.7854, 0.0]
[19, array([ 0.4697, -0.0084]), array([ 0.46787143, -0.00754286]), 0.7854, 0.0]
[19, array([ 0.4697, -0.0084]), array([ 0.46831905, -0.00754286]), 0.7854, 0.0]
[19, array([ 0.4697, -0.0084]), array([ 0.46876667, -0.00754286]), 0.7854, 0.0]
[19, array([ 0.4697, -0.0084]), array([ 0.46921429, -0.00754286]), 0.7854, 0.0]
[19, array([ 0.4697, -0.0084]), array([ 0.4696619 , -0.00754286]), 0.7854, 0.0]
[19, array([ 0.4697, -0.0084]), array([ 0.47010952, -0.00754286]), 0.7854, 0.0]
[19, array([ 0.4697, -0.0084]), array([ 0.47055714, -0.00754286]), 0.7854, 0.0]
[19, array([ 0.4697, -0.0084]), array([ 0.47100476, -0.00754286]), 0.7854, 0.0]
[19, array([ 0.4697, -0.0084]), array([ 0.47145238, -0.00754286]), 0.7854, 0.0]
[19, array([ 0.4697, -0.0084]), array([ 0.4719    , -0.00754286]), 0.7854, 0.0]
[19, array([ 0.4697, -0.0084]), array([ 0.4625    , -0.00709524]), 0.7854, 0.0]
[19, array([ 0.4697, -0.0084]), array([ 0.46294762, -0.00709524]), 0.7854, 0.0]
[19, array([ 0.4697, -0.0084]), array([ 0.46339524, -0.00709524]), 0.7854, 0.0]
[19, array([ 0.4697, -0.0084]), array([ 0.46384286, -0.00709524]), 0.7854, 0.0]
[19, array([ 0.4697, -0.0084]), array([ 0.46429048, -0.00709524]), 0.7854, 0.0]
[19, array([ 0.4697, -0.0084]), array([ 0.4647381 , -0.00709524]), 0.7854, 0.0]
[19, array([ 0.4697, -0.0084]), array([ 0.46518571, -0.00709524]), 0.7854, 0.0]
[19, array([ 0.4697, -0.0084]), array([ 0.46563333, -0.00709524]), 0.7854, 0.0]
[19, array([ 0.4697, -0.0084]), array([ 0.46608095, -0.00709524]), 0.7854, 1.0]
[19, array([ 0.4697, -0.0084]), array([ 0.46652857, -0.00709524]), 0.7854, 0.0]
[19, array([ 0.4697, -0.0084]), array([ 0.46697619, -0.00709524]), 0.7854, 1.0]
[19, array([ 0.4697, -0.0084]), array([ 0.46742381, -0.00709524]), 0.7854, 0.0]
[19, array([ 0.4697, -0.0084]), array([ 0.46787143, -0.00709524]), 0.7854, 0.0]
[19, array([ 0.4697, -0.0084]), array([ 0.46831905, -0.00709524]), 0.7854, 0.0]
[19, array([ 0.4697, -0.0084]), array([ 0.46876667, -0.00709524]), 0.7854, 0.0]
[19, array([ 0.4697, -0.0084]), array([ 0.46921429, -0.00709524]), 0.7854, 0.0]
[19, array([ 0.4697, -0.0084]), array([ 0.4696619 , -0.00709524]), 0.7854, 1.0]
[19, array([ 0.4697, -0.0084]), array([ 0.47010952, -0.00709524]), 0.7854, 0.0]
[19, array([ 0.4697, -0.0084]), array([ 0.47055714, -0.00709524]), 0.7854, 0.0]
[19, array([ 0.4697, -0.0084]), array([ 0.47100476, -0.00709524]), 0.7854, 0.0]
[19, array([ 0.4697, -0.0084]), array([ 0.47145238, -0.00709524]), 0.7854, 0.0]
[19, array([ 0.4697, -0.0084]), array([ 0.4719    , -0.00709524]), 0.7854, 0.0]
[19, array([ 0.4697, -0.0084]), array([ 0.4625    , -0.00664762]), 0.7854, 0.0]
[19, array([ 0.4697, -0.0084]), array([ 0.46294762, -0.00664762]), 0.7854, 0.0]
[19, array([ 0.4697, -0.0084]), array([ 0.46339524, -0.00664762]), 0.7854, 0.0]
[19, array([ 0.4697, -0.0084]), array([ 0.46384286, -0.00664762]), 0.7854, 0.0]
[19, array([ 0.4697, -0.0084]), array([ 0.46429048, -0.00664762]), 0.7854, 0.0]
[19, array([ 0.4697, -0.0084]), array([ 0.4647381 , -0.00664762]), 0.7854, 0.0]
[19, array([ 0.4697, -0.0084]), array([ 0.46518571, -0.00664762]), 0.7854, 0.0]
[19, array([ 0.4697, -0.0084]), array([ 0.46563333, -0.00664762]), 0.7854, 0.0]
[19, array([ 0.4697, -0.0084]), array([ 0.46608095, -0.00664762]), 0.7854, 0.0]
[19, array([ 0.4697, -0.0084]), array([ 0.46652857, -0.00664762]), 0.7854, 0.0]
[19, array([ 0.4697, -0.0084]), array([ 0.46697619, -0.00664762]), 0.7854, 0.0]
[19, array([ 0.4697, -0.0084]), array([ 0.46742381, -0.00664762]), 0.7854, 1.0]
[19, array([ 0.4697, -0.0084]), array([ 0.46787143, -0.00664762]), 0.7854, 0.0]
[19, array([ 0.4697, -0.0084]), array([ 0.46831905, -0.00664762]), 0.7854, 0.0]
[19, array([ 0.4697, -0.0084]), array([ 0.46876667, -0.00664762]), 0.7854, 0.0]
[19, array([ 0.4697, -0.0084]), array([ 0.46921429, -0.00664762]), 0.7854, 0.0]
[19, array([ 0.4697, -0.0084]), array([ 0.4696619 , -0.00664762]), 0.7854, 0.0]
[19, array([ 0.4697, -0.0084]), array([ 0.47010952, -0.00664762]), 0.7854, 1.0]
[19, array([ 0.4697, -0.0084]), array([ 0.47055714, -0.00664762]), 0.7854, 1.0]
[19, array([ 0.4697, -0.0084]), array([ 0.47100476, -0.00664762]), 0.7854, 0.0]
[19, array([ 0.4697, -0.0084]), array([ 0.47145238, -0.00664762]), 0.7854, 0.0]
[19, array([ 0.4697, -0.0084]), array([ 0.4719    , -0.00664762]), 0.7854, 0.0]
[19, array([ 0.4697, -0.0084]), array([ 0.4625, -0.0062]), 0.7854, 0.0]
[19, array([ 0.4697, -0.0084]), array([ 0.46294762, -0.0062    ]), 0.7854, 0.0]
[19, array([ 0.4697, -0.0084]), array([ 0.46339524, -0.0062    ]), 0.7854, 0.0]
[19, array([ 0.4697, -0.0084]), array([ 0.46384286, -0.0062    ]), 0.7854, 0.0]
[19, array([ 0.4697, -0.0084]), array([ 0.46429048, -0.0062    ]), 0.7854, 0.0]
[19, array([ 0.4697, -0.0084]), array([ 0.4647381, -0.0062   ]), 0.7854, 0.0]
[19, array([ 0.4697, -0.0084]), array([ 0.46518571, -0.0062    ]), 0.7854, 0.0]
[19, array([ 0.4697, -0.0084]), array([ 0.46563333, -0.0062    ]), 0.7854, 0.0]
[19, array([ 0.4697, -0.0084]), array([ 0.46608095, -0.0062    ]), 0.7854, 0.0]
[19, array([ 0.4697, -0.0084]), array([ 0.46652857, -0.0062    ]), 0.7854, 0.0]
[19, array([ 0.4697, -0.0084]), array([ 0.46697619, -0.0062    ]), 0.7854, 0.0]
[19, array([ 0.4697, -0.0084]), array([ 0.46742381, -0.0062    ]), 0.7854, 0.0]
[19, array([ 0.4697, -0.0084]), array([ 0.46787143, -0.0062    ]), 0.7854, 1.0]
[19, array([ 0.4697, -0.0084]), array([ 0.46831905, -0.0062    ]), 0.7854, 0.0]
[19, array([ 0.4697, -0.0084]), array([ 0.46876667, -0.0062    ]), 0.7854, 0.0]
[19, array([ 0.4697, -0.0084]), array([ 0.46921429, -0.0062    ]), 0.7854, 0.0]
[19, array([ 0.4697, -0.0084]), array([ 0.4696619, -0.0062   ]), 0.7854, 0.0]
[19, array([ 0.4697, -0.0084]), array([ 0.47010952, -0.0062    ]), 0.7854, 0.0]
[19, array([ 0.4697, -0.0084]), array([ 0.47055714, -0.0062    ]), 0.7854, 0.0]
[19, array([ 0.4697, -0.0084]), array([ 0.47100476, -0.0062    ]), 0.7854, 1.0]
[19, array([ 0.4697, -0.0084]), array([ 0.47145238, -0.0062    ]), 0.7854, 0.0]
[19, array([ 0.4697, -0.0084]), array([ 0.4719, -0.0062]), 0.7854, 1.0]
[9, array([0.522 , 0.0393]), array([0.5125, 0.0344]), 0.7854, 1.0]
[9, array([0.522 , 0.0393]), array([0.51264762, 0.0344    ]), 0.7854, 1.0]
[9, array([0.522 , 0.0393]), array([0.51279524, 0.0344    ]), 0.7854, 1.0]
[9, array([0.522 , 0.0393]), array([0.51294286, 0.0344    ]), 0.7854, 0.0]
[9, array([0.522 , 0.0393]), array([0.51309048, 0.0344    ]), 0.7854, 1.0]
[9, array([0.522 , 0.0393]), array([0.5132381, 0.0344   ]), 0.7854, 1.0]
[9, array([0.522 , 0.0393]), array([0.51338571, 0.0344    ]), 0.7854, 1.0]
[9, array([0.522 , 0.0393]), array([0.51353333, 0.0344    ]), 0.7854, 0.0]
[9, array([0.522 , 0.0393]), array([0.51368095, 0.0344    ]), 0.7854, 0.0]
[9, array([0.522 , 0.0393]), array([0.51382857, 0.0344    ]), 0.7854, 0.0]
[9, array([0.522 , 0.0393]), array([0.51397619, 0.0344    ]), 0.7854, 0.0]
[9, array([0.522 , 0.0393]), array([0.51412381, 0.0344    ]), 0.7854, 0.0]
[9, array([0.522 , 0.0393]), array([0.51427143, 0.0344    ]), 0.7854, 0.0]
[9, array([0.522 , 0.0393]), array([0.51441905, 0.0344    ]), 0.7854, 0.0]
[9, array([0.522 , 0.0393]), array([0.51456667, 0.0344    ]), 0.7854, 0.0]
[9, array([0.522 , 0.0393]), array([0.51471429, 0.0344    ]), 0.7854, 0.0]
[9, array([0.522 , 0.0393]), array([0.5148619, 0.0344   ]), 0.7854, 0.0]
[9, array([0.522 , 0.0393]), array([0.51500952, 0.0344    ]), 0.7854, 0.0]
[9, array([0.522 , 0.0393]), array([0.51515714, 0.0344    ]), 0.7854, 0.0]
[9, array([0.522 , 0.0393]), array([0.51530476, 0.0344    ]), 0.7854, 0.0]
[9, array([0.522 , 0.0393]), array([0.51545238, 0.0344    ]), 0.7854, 0.0]
[9, array([0.522 , 0.0393]), array([0.5156, 0.0344]), 0.7854, 0.0]
[9, array([0.522 , 0.0393]), array([0.5125    , 0.03454762]), 0.7854, 1.0]
[9, array([0.522 , 0.0393]), array([0.51264762, 0.03454762]), 0.7854, 1.0]
[9, array([0.522 , 0.0393]), array([0.51279524, 0.03454762]), 0.7854, 1.0]
[9, array([0.522 , 0.0393]), array([0.51294286, 0.03454762]), 0.7854, 1.0]
[9, array([0.522 , 0.0393]), array([0.51309048, 0.03454762]), 0.7854, 1.0]
[9, array([0.522 , 0.0393]), array([0.5132381 , 0.03454762]), 0.7854, 1.0]
[9, array([0.522 , 0.0393]), array([0.51338571, 0.03454762]), 0.7854, 1.0]
[9, array([0.522 , 0.0393]), array([0.51353333, 0.03454762]), 0.7854, 0.0]
[9, array([0.522 , 0.0393]), array([0.51368095, 0.03454762]), 0.7854, 0.0]
[9, array([0.522 , 0.0393]), array([0.51382857, 0.03454762]), 0.7854, 0.0]
[9, array([0.522 , 0.0393]), array([0.51397619, 0.03454762]), 0.7854, 0.0]
[9, array([0.522 , 0.0393]), array([0.51412381, 0.03454762]), 0.7854, 0.0]
[9, array([0.522 , 0.0393]), array([0.51427143, 0.03454762]), 0.7854, 0.0]
[9, array([0.522 , 0.0393]), array([0.51441905, 0.03454762]), 0.7854, 0.0]
[9, array([0.522 , 0.0393]), array([0.51456667, 0.03454762]), 0.7854, 0.0]
[9, array([0.522 , 0.0393]), array([0.51471429, 0.03454762]), 0.7854, 0.0]
[9, array([0.522 , 0.0393]), array([0.5148619 , 0.03454762]), 0.7854, 0.0]
[9, array([0.522 , 0.0393]), array([0.51500952, 0.03454762]), 0.7854, 0.0]
[9, array([0.522 , 0.0393]), array([0.51515714, 0.03454762]), 0.7854, 0.0]
[9, array([0.522 , 0.0393]), array([0.51530476, 0.03454762]), 0.7854, 0.0]
[9, array([0.522 , 0.0393]), array([0.51545238, 0.03454762]), 0.7854, 0.0]
[9, array([0.522 , 0.0393]), array([0.5156    , 0.03454762]), 0.7854, 0.0]
[9, array([0.522 , 0.0393]), array([0.5125    , 0.03469524]), 0.7854, 1.0]
[9, array([0.522 , 0.0393]), array([0.51264762, 0.03469524]), 0.7854, 0.0]
[9, array([0.522 , 0.0393]), array([0.51279524, 0.03469524]), 0.7854, 1.0]
[9, array([0.522 , 0.0393]), array([0.51294286, 0.03469524]), 0.7854, 1.0]
[9, array([0.522 , 0.0393]), array([0.51309048, 0.03469524]), 0.7854, 1.0]
[9, array([0.522 , 0.0393]), array([0.5132381 , 0.03469524]), 0.7854, 1.0]
[9, array([0.522 , 0.0393]), array([0.51338571, 0.03469524]), 0.7854, 0.0]
[9, array([0.522 , 0.0393]), array([0.51353333, 0.03469524]), 0.7854, 0.0]
[9, array([0.522 , 0.0393]), array([0.51368095, 0.03469524]), 0.7854, 0.0]
[9, array([0.522 , 0.0393]), array([0.51382857, 0.03469524]), 0.7854, 0.0]
[9, array([0.522 , 0.0393]), array([0.51397619, 0.03469524]), 0.7854, 0.0]
[9, array([0.522 , 0.0393]), array([0.51412381, 0.03469524]), 0.7854, 0.0]
[9, array([0.522 , 0.0393]), array([0.51427143, 0.03469524]), 0.7854, 0.0]
[9, array([0.522 , 0.0393]), array([0.51441905, 0.03469524]), 0.7854, 0.0]
[9, array([0.522 , 0.0393]), array([0.51456667, 0.03469524]), 0.7854, 0.0]
[9, array([0.522 , 0.0393]), array([0.51471429, 0.03469524]), 0.7854, 0.0]
[9, array([0.522 , 0.0393]), array([0.5148619 , 0.03469524]), 0.7854, 0.0]
[9, array([0.522 , 0.0393]), array([0.51500952, 0.03469524]), 0.7854, 0.0]
[9, array([0.522 , 0.0393]), array([0.51515714, 0.03469524]), 0.7854, 0.0]
[9, array([0.522 , 0.0393]), array([0.51530476, 0.03469524]), 0.7854, 0.0]
[9, array([0.522 , 0.0393]), array([0.51545238, 0.03469524]), 0.7854, 0.0]
[9, array([0.522 , 0.0393]), array([0.5156    , 0.03469524]), 0.7854, 0.0]
[9, array([0.522 , 0.0393]), array([0.5125    , 0.03484286]), 0.7854, 1.0]
[9, array([0.522 , 0.0393]), array([0.51264762, 0.03484286]), 0.7854, 1.0]
[9, array([0.522 , 0.0393]), array([0.51279524, 0.03484286]), 0.7854, 1.0]
[9, array([0.522 , 0.0393]), array([0.51294286, 0.03484286]), 0.7854, 1.0]
[9, array([0.522 , 0.0393]), array([0.51309048, 0.03484286]), 0.7854, 1.0]
[9, array([0.522 , 0.0393]), array([0.5132381 , 0.03484286]), 0.7854, 0.0]
[9, array([0.522 , 0.0393]), array([0.51338571, 0.03484286]), 0.7854, 0.0]
[9, array([0.522 , 0.0393]), array([0.51353333, 0.03484286]), 0.7854, 0.0]
[9, array([0.522 , 0.0393]), array([0.51368095, 0.03484286]), 0.7854, 0.0]
[9, array([0.522 , 0.0393]), array([0.51382857, 0.03484286]), 0.7854, 0.0]
[9, array([0.522 , 0.0393]), array([0.51397619, 0.03484286]), 0.7854, 0.0]
[9, array([0.522 , 0.0393]), array([0.51412381, 0.03484286]), 0.7854, 0.0]
[9, array([0.522 , 0.0393]), array([0.51427143, 0.03484286]), 0.7854, 0.0]
[9, array([0.522 , 0.0393]), array([0.51441905, 0.03484286]), 0.7854, 0.0]
[9, array([0.522 , 0.0393]), array([0.51456667, 0.03484286]), 0.7854, 0.0]
[9, array([0.522 , 0.0393]), array([0.51471429, 0.03484286]), 0.7854, 0.0]
[9, array([0.522 , 0.0393]), array([0.5148619 , 0.03484286]), 0.7854, 0.0]
[9, array([0.522 , 0.0393]), array([0.51500952, 0.03484286]), 0.7854, 0.0]
[9, array([0.522 , 0.0393]), array([0.51515714, 0.03484286]), 0.7854, 0.0]
[9, array([0.522 , 0.0393]), array([0.51530476, 0.03484286]), 0.7854, 0.0]
[9, array([0.522 , 0.0393]), array([0.51545238, 0.03484286]), 0.7854, 0.0]
[9, array([0.522 , 0.0393]), array([0.5156    , 0.03484286]), 0.7854, 0.0]
[9, array([0.522 , 0.0393]), array([0.5125    , 0.03499048]), 0.7854, 1.0]
[9, array([0.522 , 0.0393]), array([0.51264762, 0.03499048]), 0.7854, 1.0]
[9, array([0.522 , 0.0393]), array([0.51279524, 0.03499048]), 0.7854, 1.0]
[9, array([0.522 , 0.0393]), array([0.51294286, 0.03499048]), 0.7854, 1.0]
[9, array([0.522 , 0.0393]), array([0.51309048, 0.03499048]), 0.7854, 0.0]
[9, array([0.522 , 0.0393]), array([0.5132381 , 0.03499048]), 0.7854, 0.0]
[9, array([0.522 , 0.0393]), array([0.51338571, 0.03499048]), 0.7854, 0.0]
[9, array([0.522 , 0.0393]), array([0.51353333, 0.03499048]), 0.7854, 0.0]
[9, array([0.522 , 0.0393]), array([0.51368095, 0.03499048]), 0.7854, 0.0]
[9, array([0.522 , 0.0393]), array([0.51382857, 0.03499048]), 0.7854, 0.0]
[9, array([0.522 , 0.0393]), array([0.51397619, 0.03499048]), 0.7854, 0.0]
[9, array([0.522 , 0.0393]), array([0.51412381, 0.03499048]), 0.7854, 0.0]
[9, array([0.522 , 0.0393]), array([0.51427143, 0.03499048]), 0.7854, 0.0]
[9, array([0.522 , 0.0393]), array([0.51441905, 0.03499048]), 0.7854, 0.0]
[9, array([0.522 , 0.0393]), array([0.51456667, 0.03499048]), 0.7854, 0.0]
[9, array([0.522 , 0.0393]), array([0.51471429, 0.03499048]), 0.7854, 0.0]
[9, array([0.522 , 0.0393]), array([0.5148619 , 0.03499048]), 0.7854, 0.0]
[9, array([0.522 , 0.0393]), array([0.51500952, 0.03499048]), 0.7854, 0.0]
[9, array([0.522 , 0.0393]), array([0.51515714, 0.03499048]), 0.7854, 0.0]
[9, array([0.522 , 0.0393]), array([0.51530476, 0.03499048]), 0.7854, 0.0]
[9, array([0.522 , 0.0393]), array([0.51545238, 0.03499048]), 0.7854, 0.0]
[9, array([0.522 , 0.0393]), array([0.5156    , 0.03499048]), 0.7854, 0.0]
[9, array([0.522 , 0.0393]), array([0.5125   , 0.0351381]), 0.7854, 1.0]
[9, array([0.522 , 0.0393]), array([0.51264762, 0.0351381 ]), 0.7854, 1.0]
[9, array([0.522 , 0.0393]), array([0.51279524, 0.0351381 ]), 0.7854, 1.0]
[9, array([0.522 , 0.0393]), array([0.51294286, 0.0351381 ]), 0.7854, 1.0]
[9, array([0.522 , 0.0393]), array([0.51309048, 0.0351381 ]), 0.7854, 1.0]
[9, array([0.522 , 0.0393]), array([0.5132381, 0.0351381]), 0.7854, 1.0]
[9, array([0.522 , 0.0393]), array([0.51338571, 0.0351381 ]), 0.7854, 0.0]
[9, array([0.522 , 0.0393]), array([0.51353333, 0.0351381 ]), 0.7854, 0.0]
[9, array([0.522 , 0.0393]), array([0.51368095, 0.0351381 ]), 0.7854, 0.0]
[9, array([0.522 , 0.0393]), array([0.51382857, 0.0351381 ]), 0.7854, 0.0]
[9, array([0.522 , 0.0393]), array([0.51397619, 0.0351381 ]), 0.7854, 0.0]
[9, array([0.522 , 0.0393]), array([0.51412381, 0.0351381 ]), 0.7854, 0.0]
[9, array([0.522 , 0.0393]), array([0.51427143, 0.0351381 ]), 0.7854, 0.0]
[9, array([0.522 , 0.0393]), array([0.51441905, 0.0351381 ]), 0.7854, 0.0]
[9, array([0.522 , 0.0393]), array([0.51456667, 0.0351381 ]), 0.7854, 0.0]
[9, array([0.522 , 0.0393]), array([0.51471429, 0.0351381 ]), 0.7854, 0.0]
[9, array([0.522 , 0.0393]), array([0.5148619, 0.0351381]), 0.7854, 0.0]
[9, array([0.522 , 0.0393]), array([0.51500952, 0.0351381 ]), 0.7854, 0.0]
[9, array([0.522 , 0.0393]), array([0.51515714, 0.0351381 ]), 0.7854, 0.0]
[9, array([0.522 , 0.0393]), array([0.51530476, 0.0351381 ]), 0.7854, 0.0]
[9, array([0.522 , 0.0393]), array([0.51545238, 0.0351381 ]), 0.7854, 0.0]
[9, array([0.522 , 0.0393]), array([0.5156   , 0.0351381]), 0.7854, 0.0]
[9, array([0.522 , 0.0393]), array([0.5125    , 0.03528571]), 0.7854, 1.0]
[9, array([0.522 , 0.0393]), array([0.51264762, 0.03528571]), 0.7854, 1.0]
[9, array([0.522 , 0.0393]), array([0.51279524, 0.03528571]), 0.7854, 1.0]
[9, array([0.522 , 0.0393]), array([0.51294286, 0.03528571]), 0.7854, 0.0]
[9, array([0.522 , 0.0393]), array([0.51309048, 0.03528571]), 0.7854, 0.0]
[9, array([0.522 , 0.0393]), array([0.5132381 , 0.03528571]), 0.7854, 0.0]
[9, array([0.522 , 0.0393]), array([0.51338571, 0.03528571]), 0.7854, 0.0]
[9, array([0.522 , 0.0393]), array([0.51353333, 0.03528571]), 0.7854, 0.0]
[9, array([0.522 , 0.0393]), array([0.51368095, 0.03528571]), 0.7854, 0.0]
[9, array([0.522 , 0.0393]), array([0.51382857, 0.03528571]), 0.7854, 0.0]
[9, array([0.522 , 0.0393]), array([0.51397619, 0.03528571]), 0.7854, 0.0]
[9, array([0.522 , 0.0393]), array([0.51412381, 0.03528571]), 0.7854, 0.0]
[9, array([0.522 , 0.0393]), array([0.51427143, 0.03528571]), 0.7854, 0.0]
[9, array([0.522 , 0.0393]), array([0.51441905, 0.03528571]), 0.7854, 0.0]
[9, array([0.522 , 0.0393]), array([0.51456667, 0.03528571]), 0.7854, 0.0]
[9, array([0.522 , 0.0393]), array([0.51471429, 0.03528571]), 0.7854, 0.0]
[9, array([0.522 , 0.0393]), array([0.5148619 , 0.03528571]), 0.7854, 0.0]
[9, array([0.522 , 0.0393]), array([0.51500952, 0.03528571]), 0.7854, 0.0]
[9, array([0.522 , 0.0393]), array([0.51515714, 0.03528571]), 0.7854, 0.0]
[9, array([0.522 , 0.0393]), array([0.51530476, 0.03528571]), 0.7854, 0.0]
[9, array([0.522 , 0.0393]), array([0.51545238, 0.03528571]), 0.7854, 0.0]
[9, array([0.522 , 0.0393]), array([0.5156    , 0.03528571]), 0.7854, 0.0]
[9, array([0.522 , 0.0393]), array([0.5125    , 0.03543333]), 0.7854, 1.0]
[9, array([0.522 , 0.0393]), array([0.51264762, 0.03543333]), 0.7854, 1.0]
[9, array([0.522 , 0.0393]), array([0.51279524, 0.03543333]), 0.7854, 1.0]
[9, array([0.522 , 0.0393]), array([0.51294286, 0.03543333]), 0.7854, 1.0]
[9, array([0.522 , 0.0393]), array([0.51309048, 0.03543333]), 0.7854, 0.0]
[9, array([0.522 , 0.0393]), array([0.5132381 , 0.03543333]), 0.7854, 0.0]
[9, array([0.522 , 0.0393]), array([0.51338571, 0.03543333]), 0.7854, 0.0]
[9, array([0.522 , 0.0393]), array([0.51353333, 0.03543333]), 0.7854, 0.0]
[9, array([0.522 , 0.0393]), array([0.51368095, 0.03543333]), 0.7854, 0.0]
[9, array([0.522 , 0.0393]), array([0.51382857, 0.03543333]), 0.7854, 0.0]
[9, array([0.522 , 0.0393]), array([0.51397619, 0.03543333]), 0.7854, 0.0]
[9, array([0.522 , 0.0393]), array([0.51412381, 0.03543333]), 0.7854, 0.0]
[9, array([0.522 , 0.0393]), array([0.51427143, 0.03543333]), 0.7854, 0.0]
[9, array([0.522 , 0.0393]), array([0.51441905, 0.03543333]), 0.7854, 0.0]
[9, array([0.522 , 0.0393]), array([0.51456667, 0.03543333]), 0.7854, 0.0]
[9, array([0.522 , 0.0393]), array([0.51471429, 0.03543333]), 0.7854, 0.0]
[9, array([0.522 , 0.0393]), array([0.5148619 , 0.03543333]), 0.7854, 0.0]
[9, array([0.522 , 0.0393]), array([0.51500952, 0.03543333]), 0.7854, 0.0]
[9, array([0.522 , 0.0393]), array([0.51515714, 0.03543333]), 0.7854, 0.0]
[9, array([0.522 , 0.0393]), array([0.51530476, 0.03543333]), 0.7854, 0.0]
[9, array([0.522 , 0.0393]), array([0.51545238, 0.03543333]), 0.7854, 0.0]
[9, array([0.522 , 0.0393]), array([0.5156    , 0.03543333]), 0.7854, 0.0]
[9, array([0.522 , 0.0393]), array([0.5125    , 0.03558095]), 0.7854, 1.0]
[9, array([0.522 , 0.0393]), array([0.51264762, 0.03558095]), 0.7854, 1.0]
[9, array([0.522 , 0.0393]), array([0.51279524, 0.03558095]), 0.7854, 1.0]
[9, array([0.522 , 0.0393]), array([0.51294286, 0.03558095]), 0.7854, 1.0]
[9, array([0.522 , 0.0393]), array([0.51309048, 0.03558095]), 0.7854, 0.0]
[9, array([0.522 , 0.0393]), array([0.5132381 , 0.03558095]), 0.7854, 1.0]
[9, array([0.522 , 0.0393]), array([0.51338571, 0.03558095]), 0.7854, 1.0]
[9, array([0.522 , 0.0393]), array([0.51353333, 0.03558095]), 0.7854, 0.0]
[9, array([0.522 , 0.0393]), array([0.51368095, 0.03558095]), 0.7854, 0.0]
[9, array([0.522 , 0.0393]), array([0.51382857, 0.03558095]), 0.7854, 0.0]
[9, array([0.522 , 0.0393]), array([0.51397619, 0.03558095]), 0.7854, 0.0]
[9, array([0.522 , 0.0393]), array([0.51412381, 0.03558095]), 0.7854, 0.0]
[9, array([0.522 , 0.0393]), array([0.51427143, 0.03558095]), 0.7854, 0.0]
[9, array([0.522 , 0.0393]), array([0.51441905, 0.03558095]), 0.7854, 0.0]
[9, array([0.522 , 0.0393]), array([0.51456667, 0.03558095]), 0.7854, 0.0]
[9, array([0.522 , 0.0393]), array([0.51471429, 0.03558095]), 0.7854, 0.0]
[9, array([0.522 , 0.0393]), array([0.5148619 , 0.03558095]), 0.7854, 0.0]
[9, array([0.522 , 0.0393]), array([0.51500952, 0.03558095]), 0.7854, 0.0]
[9, array([0.522 , 0.0393]), array([0.51515714, 0.03558095]), 0.7854, 0.0]
[9, array([0.522 , 0.0393]), array([0.51530476, 0.03558095]), 0.7854, 0.0]
[9, array([0.522 , 0.0393]), array([0.51545238, 0.03558095]), 0.7854, 0.0]
[9, array([0.522 , 0.0393]), array([0.5156    , 0.03558095]), 0.7854, 0.0]
[9, array([0.522 , 0.0393]), array([0.5125    , 0.03572857]), 0.7854, 1.0]
[9, array([0.522 , 0.0393]), array([0.51264762, 0.03572857]), 0.7854, 1.0]
[9, array([0.522 , 0.0393]), array([0.51279524, 0.03572857]), 0.7854, 1.0]
[9, array([0.522 , 0.0393]), array([0.51294286, 0.03572857]), 0.7854, 1.0]
[9, array([0.522 , 0.0393]), array([0.51309048, 0.03572857]), 0.7854, 1.0]
[9, array([0.522 , 0.0393]), array([0.5132381 , 0.03572857]), 0.7854, 1.0]
[9, array([0.522 , 0.0393]), array([0.51338571, 0.03572857]), 0.7854, 1.0]
[9, array([0.522 , 0.0393]), array([0.51353333, 0.03572857]), 0.7854, 1.0]
[9, array([0.522 , 0.0393]), array([0.51368095, 0.03572857]), 0.7854, 0.0]
[9, array([0.522 , 0.0393]), array([0.51382857, 0.03572857]), 0.7854, 1.0]
[9, array([0.522 , 0.0393]), array([0.51397619, 0.03572857]), 0.7854, 1.0]
[9, array([0.522 , 0.0393]), array([0.51412381, 0.03572857]), 0.7854, 1.0]
[9, array([0.522 , 0.0393]), array([0.51427143, 0.03572857]), 0.7854, 0.0]
[9, array([0.522 , 0.0393]), array([0.51441905, 0.03572857]), 0.7854, 1.0]
[9, array([0.522 , 0.0393]), array([0.51456667, 0.03572857]), 0.7854, 0.0]
[9, array([0.522 , 0.0393]), array([0.51471429, 0.03572857]), 0.7854, 0.0]
[9, array([0.522 , 0.0393]), array([0.5148619 , 0.03572857]), 0.7854, 0.0]
[9, array([0.522 , 0.0393]), array([0.51500952, 0.03572857]), 0.7854, 0.0]
[9, array([0.522 , 0.0393]), array([0.51515714, 0.03572857]), 0.7854, 0.0]
[9, array([0.522 , 0.0393]), array([0.51530476, 0.03572857]), 0.7854, 0.0]
[9, array([0.522 , 0.0393]), array([0.51545238, 0.03572857]), 0.7854, 0.0]
[9, array([0.522 , 0.0393]), array([0.5156    , 0.03572857]), 0.7854, 0.0]
[9, array([0.522 , 0.0393]), array([0.5125    , 0.03587619]), 0.7854, 1.0]
[9, array([0.522 , 0.0393]), array([0.51264762, 0.03587619]), 0.7854, 1.0]
[9, array([0.522 , 0.0393]), array([0.51279524, 0.03587619]), 0.7854, 1.0]
[9, array([0.522 , 0.0393]), array([0.51294286, 0.03587619]), 0.7854, 1.0]
[9, array([0.522 , 0.0393]), array([0.51309048, 0.03587619]), 0.7854, 1.0]
[9, array([0.522 , 0.0393]), array([0.5132381 , 0.03587619]), 0.7854, 1.0]
[9, array([0.522 , 0.0393]), array([0.51338571, 0.03587619]), 0.7854, 1.0]
[9, array([0.522 , 0.0393]), array([0.51353333, 0.03587619]), 0.7854, 1.0]
[9, array([0.522 , 0.0393]), array([0.51368095, 0.03587619]), 0.7854, 1.0]
[9, array([0.522 , 0.0393]), array([0.51382857, 0.03587619]), 0.7854, 1.0]
[9, array([0.522 , 0.0393]), array([0.51397619, 0.03587619]), 0.7854, 1.0]
[9, array([0.522 , 0.0393]), array([0.51412381, 0.03587619]), 0.7854, 1.0]
[9, array([0.522 , 0.0393]), array([0.51427143, 0.03587619]), 0.7854, 1.0]
[9, array([0.522 , 0.0393]), array([0.51441905, 0.03587619]), 0.7854, 0.0]
[9, array([0.522 , 0.0393]), array([0.51456667, 0.03587619]), 0.7854, 1.0]
[9, array([0.522 , 0.0393]), array([0.51471429, 0.03587619]), 0.7854, 0.0]
[9, array([0.522 , 0.0393]), array([0.5148619 , 0.03587619]), 0.7854, 0.0]
[9, array([0.522 , 0.0393]), array([0.51500952, 0.03587619]), 0.7854, 0.0]
[9, array([0.522 , 0.0393]), array([0.51515714, 0.03587619]), 0.7854, 0.0]
[9, array([0.522 , 0.0393]), array([0.51530476, 0.03587619]), 0.7854, 0.0]
[9, array([0.522 , 0.0393]), array([0.51545238, 0.03587619]), 0.7854, 0.0]
[9, array([0.522 , 0.0393]), array([0.5156    , 0.03587619]), 0.7854, 0.0]
[9, array([0.522 , 0.0393]), array([0.5125    , 0.03602381]), 0.7854, 1.0]
[9, array([0.522 , 0.0393]), array([0.51264762, 0.03602381]), 0.7854, 1.0]
[9, array([0.522 , 0.0393]), array([0.51279524, 0.03602381]), 0.7854, 1.0]
[9, array([0.522 , 0.0393]), array([0.51294286, 0.03602381]), 0.7854, 1.0]
[9, array([0.522 , 0.0393]), array([0.51309048, 0.03602381]), 0.7854, 1.0]
[9, array([0.522 , 0.0393]), array([0.5132381 , 0.03602381]), 0.7854, 1.0]
[9, array([0.522 , 0.0393]), array([0.51338571, 0.03602381]), 0.7854, 1.0]
[9, array([0.522 , 0.0393]), array([0.51353333, 0.03602381]), 0.7854, 1.0]
[9, array([0.522 , 0.0393]), array([0.51368095, 0.03602381]), 0.7854, 1.0]
[9, array([0.522 , 0.0393]), array([0.51382857, 0.03602381]), 0.7854, 1.0]
[9, array([0.522 , 0.0393]), array([0.51397619, 0.03602381]), 0.7854, 1.0]
[9, array([0.522 , 0.0393]), array([0.51412381, 0.03602381]), 0.7854, 1.0]
[9, array([0.522 , 0.0393]), array([0.51427143, 0.03602381]), 0.7854, 1.0]
[9, array([0.522 , 0.0393]), array([0.51441905, 0.03602381]), 0.7854, 1.0]
[9, array([0.522 , 0.0393]), array([0.51456667, 0.03602381]), 0.7854, 0.0]
[9, array([0.522 , 0.0393]), array([0.51471429, 0.03602381]), 0.7854, 0.0]
[9, array([0.522 , 0.0393]), array([0.5148619 , 0.03602381]), 0.7854, 0.0]
[9, array([0.522 , 0.0393]), array([0.51500952, 0.03602381]), 0.7854, 0.0]
[9, array([0.522 , 0.0393]), array([0.51515714, 0.03602381]), 0.7854, 0.0]
[9, array([0.522 , 0.0393]), array([0.51530476, 0.03602381]), 0.7854, 0.0]
[9, array([0.522 , 0.0393]), array([0.51545238, 0.03602381]), 0.7854, 0.0]
[9, array([0.522 , 0.0393]), array([0.5156    , 0.03602381]), 0.7854, 0.0]
[9, array([0.522 , 0.0393]), array([0.5125    , 0.03617143]), 0.7854, 1.0]
[9, array([0.522 , 0.0393]), array([0.51264762, 0.03617143]), 0.7854, 1.0]
[9, array([0.522 , 0.0393]), array([0.51279524, 0.03617143]), 0.7854, 1.0]
[9, array([0.522 , 0.0393]), array([0.51294286, 0.03617143]), 0.7854, 1.0]
[9, array([0.522 , 0.0393]), array([0.51309048, 0.03617143]), 0.7854, 1.0]
[9, array([0.522 , 0.0393]), array([0.5132381 , 0.03617143]), 0.7854, 1.0]
[9, array([0.522 , 0.0393]), array([0.51338571, 0.03617143]), 0.7854, 1.0]
[9, array([0.522 , 0.0393]), array([0.51353333, 0.03617143]), 0.7854, 1.0]
[9, array([0.522 , 0.0393]), array([0.51368095, 0.03617143]), 0.7854, 1.0]
[9, array([0.522 , 0.0393]), array([0.51382857, 0.03617143]), 0.7854, 1.0]
[9, array([0.522 , 0.0393]), array([0.51397619, 0.03617143]), 0.7854, 1.0]
[9, array([0.522 , 0.0393]), array([0.51412381, 0.03617143]), 0.7854, 1.0]
[9, array([0.522 , 0.0393]), array([0.51427143, 0.03617143]), 0.7854, 1.0]
[9, array([0.522 , 0.0393]), array([0.51441905, 0.03617143]), 0.7854, 0.0]
[9, array([0.522 , 0.0393]), array([0.51456667, 0.03617143]), 0.7854, 0.0]
[9, array([0.522 , 0.0393]), array([0.51471429, 0.03617143]), 0.7854, 0.0]
[9, array([0.522 , 0.0393]), array([0.5148619 , 0.03617143]), 0.7854, 0.0]
[9, array([0.522 , 0.0393]), array([0.51500952, 0.03617143]), 0.7854, 0.0]
[9, array([0.522 , 0.0393]), array([0.51515714, 0.03617143]), 0.7854, 0.0]
[9, array([0.522 , 0.0393]), array([0.51530476, 0.03617143]), 0.7854, 0.0]
[9, array([0.522 , 0.0393]), array([0.51545238, 0.03617143]), 0.7854, 0.0]
[9, array([0.522 , 0.0393]), array([0.5156    , 0.03617143]), 0.7854, 0.0]
[9, array([0.522 , 0.0393]), array([0.5125    , 0.03631905]), 0.7854, 1.0]
[9, array([0.522 , 0.0393]), array([0.51264762, 0.03631905]), 0.7854, 1.0]
[9, array([0.522 , 0.0393]), array([0.51279524, 0.03631905]), 0.7854, 1.0]
[9, array([0.522 , 0.0393]), array([0.51294286, 0.03631905]), 0.7854, 1.0]
[9, array([0.522 , 0.0393]), array([0.51309048, 0.03631905]), 0.7854, 1.0]
[9, array([0.522 , 0.0393]), array([0.5132381 , 0.03631905]), 0.7854, 1.0]
[9, array([0.522 , 0.0393]), array([0.51338571, 0.03631905]), 0.7854, 1.0]
[9, array([0.522 , 0.0393]), array([0.51353333, 0.03631905]), 0.7854, 1.0]
[9, array([0.522 , 0.0393]), array([0.51368095, 0.03631905]), 0.7854, 1.0]
[9, array([0.522 , 0.0393]), array([0.51382857, 0.03631905]), 0.7854, 1.0]
[9, array([0.522 , 0.0393]), array([0.51397619, 0.03631905]), 0.7854, 1.0]
[9, array([0.522 , 0.0393]), array([0.51412381, 0.03631905]), 0.7854, 1.0]
[9, array([0.522 , 0.0393]), array([0.51427143, 0.03631905]), 0.7854, 1.0]
[9, array([0.522 , 0.0393]), array([0.51441905, 0.03631905]), 0.7854, 0.0]
[9, array([0.522 , 0.0393]), array([0.51456667, 0.03631905]), 0.7854, 0.0]
[9, array([0.522 , 0.0393]), array([0.51471429, 0.03631905]), 0.7854, 0.0]
[9, array([0.522 , 0.0393]), array([0.5148619 , 0.03631905]), 0.7854, 0.0]
[9, array([0.522 , 0.0393]), array([0.51500952, 0.03631905]), 0.7854, 1.0]
[9, array([0.522 , 0.0393]), array([0.51515714, 0.03631905]), 0.7854, 0.0]
[9, array([0.522 , 0.0393]), array([0.51530476, 0.03631905]), 0.7854, 0.0]
[9, array([0.522 , 0.0393]), array([0.51545238, 0.03631905]), 0.7854, 1.0]
[9, array([0.522 , 0.0393]), array([0.5156    , 0.03631905]), 0.7854, 0.0]
[9, array([0.522 , 0.0393]), array([0.5125    , 0.03646667]), 0.7854, 1.0]
[9, array([0.522 , 0.0393]), array([0.51264762, 0.03646667]), 0.7854, 1.0]
[9, array([0.522 , 0.0393]), array([0.51279524, 0.03646667]), 0.7854, 1.0]
[9, array([0.522 , 0.0393]), array([0.51294286, 0.03646667]), 0.7854, 1.0]
[9, array([0.522 , 0.0393]), array([0.51309048, 0.03646667]), 0.7854, 1.0]
[9, array([0.522 , 0.0393]), array([0.5132381 , 0.03646667]), 0.7854, 1.0]
[9, array([0.522 , 0.0393]), array([0.51338571, 0.03646667]), 0.7854, 1.0]
[9, array([0.522 , 0.0393]), array([0.51353333, 0.03646667]), 0.7854, 1.0]
[9, array([0.522 , 0.0393]), array([0.51368095, 0.03646667]), 0.7854, 1.0]
[9, array([0.522 , 0.0393]), array([0.51382857, 0.03646667]), 0.7854, 1.0]
[9, array([0.522 , 0.0393]), array([0.51397619, 0.03646667]), 0.7854, 1.0]
[9, array([0.522 , 0.0393]), array([0.51412381, 0.03646667]), 0.7854, 1.0]
[9, array([0.522 , 0.0393]), array([0.51427143, 0.03646667]), 0.7854, 0.0]
[9, array([0.522 , 0.0393]), array([0.51441905, 0.03646667]), 0.7854, 0.0]
[9, array([0.522 , 0.0393]), array([0.51456667, 0.03646667]), 0.7854, 0.0]
[9, array([0.522 , 0.0393]), array([0.51471429, 0.03646667]), 0.7854, 1.0]
[9, array([0.522 , 0.0393]), array([0.5148619 , 0.03646667]), 0.7854, 1.0]
[9, array([0.522 , 0.0393]), array([0.51500952, 0.03646667]), 0.7854, 0.0]
[9, array([0.522 , 0.0393]), array([0.51515714, 0.03646667]), 0.7854, 0.0]
[9, array([0.522 , 0.0393]), array([0.51530476, 0.03646667]), 0.7854, 1.0]
[9, array([0.522 , 0.0393]), array([0.51545238, 0.03646667]), 0.7854, 0.0]
[9, array([0.522 , 0.0393]), array([0.5156    , 0.03646667]), 0.7854, 0.0]
[9, array([0.522 , 0.0393]), array([0.5125    , 0.03661429]), 0.7854, 1.0]
[9, array([0.522 , 0.0393]), array([0.51264762, 0.03661429]), 0.7854, 1.0]
[9, array([0.522 , 0.0393]), array([0.51279524, 0.03661429]), 0.7854, 1.0]
[9, array([0.522 , 0.0393]), array([0.51294286, 0.03661429]), 0.7854, 1.0]
[9, array([0.522 , 0.0393]), array([0.51309048, 0.03661429]), 0.7854, 1.0]
[9, array([0.522 , 0.0393]), array([0.5132381 , 0.03661429]), 0.7854, 1.0]
[9, array([0.522 , 0.0393]), array([0.51338571, 0.03661429]), 0.7854, 1.0]
[9, array([0.522 , 0.0393]), array([0.51353333, 0.03661429]), 0.7854, 1.0]
[9, array([0.522 , 0.0393]), array([0.51368095, 0.03661429]), 0.7854, 1.0]
[9, array([0.522 , 0.0393]), array([0.51382857, 0.03661429]), 0.7854, 1.0]
[9, array([0.522 , 0.0393]), array([0.51397619, 0.03661429]), 0.7854, 1.0]
[9, array([0.522 , 0.0393]), array([0.51412381, 0.03661429]), 0.7854, 1.0]
[9, array([0.522 , 0.0393]), array([0.51427143, 0.03661429]), 0.7854, 1.0]
[9, array([0.522 , 0.0393]), array([0.51441905, 0.03661429]), 0.7854, 1.0]
[9, array([0.522 , 0.0393]), array([0.51456667, 0.03661429]), 0.7854, 1.0]
[9, array([0.522 , 0.0393]), array([0.51471429, 0.03661429]), 0.7854, 0.0]
[9, array([0.522 , 0.0393]), array([0.5148619 , 0.03661429]), 0.7854, 1.0]
[9, array([0.522 , 0.0393]), array([0.51500952, 0.03661429]), 0.7854, 1.0]
[9, array([0.522 , 0.0393]), array([0.51515714, 0.03661429]), 0.7854, 0.0]
[9, array([0.522 , 0.0393]), array([0.51530476, 0.03661429]), 0.7854, 1.0]
[9, array([0.522 , 0.0393]), array([0.51545238, 0.03661429]), 0.7854, 0.0]
[9, array([0.522 , 0.0393]), array([0.5156    , 0.03661429]), 0.7854, 1.0]
[9, array([0.522 , 0.0393]), array([0.5125   , 0.0367619]), 0.7854, 1.0]
[9, array([0.522 , 0.0393]), array([0.51264762, 0.0367619 ]), 0.7854, 1.0]
[9, array([0.522 , 0.0393]), array([0.51279524, 0.0367619 ]), 0.7854, 1.0]
[9, array([0.522 , 0.0393]), array([0.51294286, 0.0367619 ]), 0.7854, 1.0]
[9, array([0.522 , 0.0393]), array([0.51309048, 0.0367619 ]), 0.7854, 1.0]
[9, array([0.522 , 0.0393]), array([0.5132381, 0.0367619]), 0.7854, 1.0]
[9, array([0.522 , 0.0393]), array([0.51338571, 0.0367619 ]), 0.7854, 1.0]
[9, array([0.522 , 0.0393]), array([0.51353333, 0.0367619 ]), 0.7854, 1.0]
[9, array([0.522 , 0.0393]), array([0.51368095, 0.0367619 ]), 0.7854, 1.0]
[9, array([0.522 , 0.0393]), array([0.51382857, 0.0367619 ]), 0.7854, 1.0]
[9, array([0.522 , 0.0393]), array([0.51397619, 0.0367619 ]), 0.7854, 1.0]
[9, array([0.522 , 0.0393]), array([0.51412381, 0.0367619 ]), 0.7854, 1.0]
[9, array([0.522 , 0.0393]), array([0.51427143, 0.0367619 ]), 0.7854, 1.0]
[9, array([0.522 , 0.0393]), array([0.51441905, 0.0367619 ]), 0.7854, 1.0]
[9, array([0.522 , 0.0393]), array([0.51456667, 0.0367619 ]), 0.7854, 1.0]
[9, array([0.522 , 0.0393]), array([0.51471429, 0.0367619 ]), 0.7854, 1.0]
[9, array([0.522 , 0.0393]), array([0.5148619, 0.0367619]), 0.7854, 1.0]
[9, array([0.522 , 0.0393]), array([0.51500952, 0.0367619 ]), 0.7854, 1.0]
[9, array([0.522 , 0.0393]), array([0.51515714, 0.0367619 ]), 0.7854, 1.0]
[9, array([0.522 , 0.0393]), array([0.51530476, 0.0367619 ]), 0.7854, 0.0]
[9, array([0.522 , 0.0393]), array([0.51545238, 0.0367619 ]), 0.7854, 1.0]
[9, array([0.522 , 0.0393]), array([0.5156   , 0.0367619]), 0.7854, 0.0]
[9, array([0.522 , 0.0393]), array([0.5125    , 0.03690952]), 0.7854, 1.0]
[9, array([0.522 , 0.0393]), array([0.51264762, 0.03690952]), 0.7854, 1.0]
[9, array([0.522 , 0.0393]), array([0.51279524, 0.03690952]), 0.7854, 1.0]
[9, array([0.522 , 0.0393]), array([0.51294286, 0.03690952]), 0.7854, 1.0]
[9, array([0.522 , 0.0393]), array([0.51309048, 0.03690952]), 0.7854, 1.0]
[9, array([0.522 , 0.0393]), array([0.5132381 , 0.03690952]), 0.7854, 1.0]
[9, array([0.522 , 0.0393]), array([0.51338571, 0.03690952]), 0.7854, 1.0]
[9, array([0.522 , 0.0393]), array([0.51353333, 0.03690952]), 0.7854, 1.0]
[9, array([0.522 , 0.0393]), array([0.51368095, 0.03690952]), 0.7854, 1.0]
[9, array([0.522 , 0.0393]), array([0.51382857, 0.03690952]), 0.7854, 1.0]
[9, array([0.522 , 0.0393]), array([0.51397619, 0.03690952]), 0.7854, 1.0]
[9, array([0.522 , 0.0393]), array([0.51412381, 0.03690952]), 0.7854, 1.0]
[9, array([0.522 , 0.0393]), array([0.51427143, 0.03690952]), 0.7854, 1.0]
[9, array([0.522 , 0.0393]), array([0.51441905, 0.03690952]), 0.7854, 1.0]
[9, array([0.522 , 0.0393]), array([0.51456667, 0.03690952]), 0.7854, 1.0]
[9, array([0.522 , 0.0393]), array([0.51471429, 0.03690952]), 0.7854, 1.0]
[9, array([0.522 , 0.0393]), array([0.5148619 , 0.03690952]), 0.7854, 1.0]
[9, array([0.522 , 0.0393]), array([0.51500952, 0.03690952]), 0.7854, 1.0]
[9, array([0.522 , 0.0393]), array([0.51515714, 0.03690952]), 0.7854, 1.0]
[9, array([0.522 , 0.0393]), array([0.51530476, 0.03690952]), 0.7854, 1.0]
[9, array([0.522 , 0.0393]), array([0.51545238, 0.03690952]), 0.7854, 0.0]
[9, array([0.522 , 0.0393]), array([0.5156    , 0.03690952]), 0.7854, 1.0]
[9, array([0.522 , 0.0393]), array([0.5125    , 0.03705714]), 0.7854, 1.0]
[9, array([0.522 , 0.0393]), array([0.51264762, 0.03705714]), 0.7854, 1.0]
[9, array([0.522 , 0.0393]), array([0.51279524, 0.03705714]), 0.7854, 1.0]
[9, array([0.522 , 0.0393]), array([0.51294286, 0.03705714]), 0.7854, 1.0]
[9, array([0.522 , 0.0393]), array([0.51309048, 0.03705714]), 0.7854, 1.0]
[9, array([0.522 , 0.0393]), array([0.5132381 , 0.03705714]), 0.7854, 1.0]
[9, array([0.522 , 0.0393]), array([0.51338571, 0.03705714]), 0.7854, 1.0]
[9, array([0.522 , 0.0393]), array([0.51353333, 0.03705714]), 0.7854, 1.0]
[9, array([0.522 , 0.0393]), array([0.51368095, 0.03705714]), 0.7854, 1.0]
[9, array([0.522 , 0.0393]), array([0.51382857, 0.03705714]), 0.7854, 1.0]
[9, array([0.522 , 0.0393]), array([0.51397619, 0.03705714]), 0.7854, 1.0]
[9, array([0.522 , 0.0393]), array([0.51412381, 0.03705714]), 0.7854, 1.0]
[9, array([0.522 , 0.0393]), array([0.51427143, 0.03705714]), 0.7854, 1.0]
[9, array([0.522 , 0.0393]), array([0.51441905, 0.03705714]), 0.7854, 1.0]
[9, array([0.522 , 0.0393]), array([0.51456667, 0.03705714]), 0.7854, 1.0]
[9, array([0.522 , 0.0393]), array([0.51471429, 0.03705714]), 0.7854, 1.0]
[9, array([0.522 , 0.0393]), array([0.5148619 , 0.03705714]), 0.7854, 1.0]
[9, array([0.522 , 0.0393]), array([0.51500952, 0.03705714]), 0.7854, 1.0]
[9, array([0.522 , 0.0393]), array([0.51515714, 0.03705714]), 0.7854, 1.0]
[9, array([0.522 , 0.0393]), array([0.51530476, 0.03705714]), 0.7854, 1.0]
[9, array([0.522 , 0.0393]), array([0.51545238, 0.03705714]), 0.7854, 1.0]
[9, array([0.522 , 0.0393]), array([0.5156    , 0.03705714]), 0.7854, 1.0]
[9, array([0.522 , 0.0393]), array([0.5125    , 0.03720476]), 0.7854, 1.0]
[9, array([0.522 , 0.0393]), array([0.51264762, 0.03720476]), 0.7854, 1.0]
[9, array([0.522 , 0.0393]), array([0.51279524, 0.03720476]), 0.7854, 1.0]
[9, array([0.522 , 0.0393]), array([0.51294286, 0.03720476]), 0.7854, 1.0]
[9, array([0.522 , 0.0393]), array([0.51309048, 0.03720476]), 0.7854, 1.0]
[9, array([0.522 , 0.0393]), array([0.5132381 , 0.03720476]), 0.7854, 1.0]
[9, array([0.522 , 0.0393]), array([0.51338571, 0.03720476]), 0.7854, 1.0]
[9, array([0.522 , 0.0393]), array([0.51353333, 0.03720476]), 0.7854, 1.0]
[9, array([0.522 , 0.0393]), array([0.51368095, 0.03720476]), 0.7854, 1.0]
[9, array([0.522 , 0.0393]), array([0.51382857, 0.03720476]), 0.7854, 1.0]
[9, array([0.522 , 0.0393]), array([0.51397619, 0.03720476]), 0.7854, 1.0]
[9, array([0.522 , 0.0393]), array([0.51412381, 0.03720476]), 0.7854, 1.0]
[9, array([0.522 , 0.0393]), array([0.51427143, 0.03720476]), 0.7854, 1.0]
[9, array([0.522 , 0.0393]), array([0.51441905, 0.03720476]), 0.7854, 1.0]
[9, array([0.522 , 0.0393]), array([0.51456667, 0.03720476]), 0.7854, 1.0]
[9, array([0.522 , 0.0393]), array([0.51471429, 0.03720476]), 0.7854, 1.0]
[9, array([0.522 , 0.0393]), array([0.5148619 , 0.03720476]), 0.7854, 1.0]
[9, array([0.522 , 0.0393]), array([0.51500952, 0.03720476]), 0.7854, 1.0]
[9, array([0.522 , 0.0393]), array([0.51515714, 0.03720476]), 0.7854, 1.0]
[9, array([0.522 , 0.0393]), array([0.51530476, 0.03720476]), 0.7854, 1.0]
[9, array([0.522 , 0.0393]), array([0.51545238, 0.03720476]), 0.7854, 1.0]
[9, array([0.522 , 0.0393]), array([0.5156    , 0.03720476]), 0.7854, 1.0]
[9, array([0.522 , 0.0393]), array([0.5125    , 0.03735238]), 0.7854, 1.0]
[9, array([0.522 , 0.0393]), array([0.51264762, 0.03735238]), 0.7854, 1.0]
[9, array([0.522 , 0.0393]), array([0.51279524, 0.03735238]), 0.7854, 1.0]
[9, array([0.522 , 0.0393]), array([0.51294286, 0.03735238]), 0.7854, 1.0]
[9, array([0.522 , 0.0393]), array([0.51309048, 0.03735238]), 0.7854, 1.0]
[9, array([0.522 , 0.0393]), array([0.5132381 , 0.03735238]), 0.7854, 1.0]
[9, array([0.522 , 0.0393]), array([0.51338571, 0.03735238]), 0.7854, 1.0]
[9, array([0.522 , 0.0393]), array([0.51353333, 0.03735238]), 0.7854, 1.0]
[9, array([0.522 , 0.0393]), array([0.51368095, 0.03735238]), 0.7854, 1.0]
[9, array([0.522 , 0.0393]), array([0.51382857, 0.03735238]), 0.7854, 1.0]
[9, array([0.522 , 0.0393]), array([0.51397619, 0.03735238]), 0.7854, 1.0]
[9, array([0.522 , 0.0393]), array([0.51412381, 0.03735238]), 0.7854, 1.0]
[9, array([0.522 , 0.0393]), array([0.51427143, 0.03735238]), 0.7854, 1.0]
[9, array([0.522 , 0.0393]), array([0.51441905, 0.03735238]), 0.7854, 1.0]
[9, array([0.522 , 0.0393]), array([0.51456667, 0.03735238]), 0.7854, 1.0]
[9, array([0.522 , 0.0393]), array([0.51471429, 0.03735238]), 0.7854, 1.0]
[9, array([0.522 , 0.0393]), array([0.5148619 , 0.03735238]), 0.7854, 1.0]
[9, array([0.522 , 0.0393]), array([0.51500952, 0.03735238]), 0.7854, 1.0]
[9, array([0.522 , 0.0393]), array([0.51515714, 0.03735238]), 0.7854, 1.0]
[9, array([0.522 , 0.0393]), array([0.51530476, 0.03735238]), 0.7854, 1.0]
[9, array([0.522 , 0.0393]), array([0.51545238, 0.03735238]), 0.7854, 1.0]
[9, array([0.522 , 0.0393]), array([0.5156    , 0.03735238]), 0.7854, 1.0]
[9, array([0.522 , 0.0393]), array([0.5125, 0.0375]), 0.7854, 1.0]
[9, array([0.522 , 0.0393]), array([0.51264762, 0.0375    ]), 0.7854, 1.0]
[9, array([0.522 , 0.0393]), array([0.51279524, 0.0375    ]), 0.7854, 1.0]
[9, array([0.522 , 0.0393]), array([0.51294286, 0.0375    ]), 0.7854, 1.0]
[9, array([0.522 , 0.0393]), array([0.51309048, 0.0375    ]), 0.7854, 1.0]
[9, array([0.522 , 0.0393]), array([0.5132381, 0.0375   ]), 0.7854, 1.0]
[9, array([0.522 , 0.0393]), array([0.51338571, 0.0375    ]), 0.7854, 1.0]
[9, array([0.522 , 0.0393]), array([0.51353333, 0.0375    ]), 0.7854, 1.0]
[9, array([0.522 , 0.0393]), array([0.51368095, 0.0375    ]), 0.7854, 1.0]
[9, array([0.522 , 0.0393]), array([0.51382857, 0.0375    ]), 0.7854, 1.0]
[9, array([0.522 , 0.0393]), array([0.51397619, 0.0375    ]), 0.7854, 1.0]
[9, array([0.522 , 0.0393]), array([0.51412381, 0.0375    ]), 0.7854, 1.0]
[9, array([0.522 , 0.0393]), array([0.51427143, 0.0375    ]), 0.7854, 1.0]
[9, array([0.522 , 0.0393]), array([0.51441905, 0.0375    ]), 0.7854, 1.0]
[9, array([0.522 , 0.0393]), array([0.51456667, 0.0375    ]), 0.7854, 1.0]
[9, array([0.522 , 0.0393]), array([0.51471429, 0.0375    ]), 0.7854, 1.0]
[9, array([0.522 , 0.0393]), array([0.5148619, 0.0375   ]), 0.7854, 1.0]
[9, array([0.522 , 0.0393]), array([0.51500952, 0.0375    ]), 0.7854, 1.0]
[9, array([0.522 , 0.0393]), array([0.51515714, 0.0375    ]), 0.7854, 1.0]
[9, array([0.522 , 0.0393]), array([0.51530476, 0.0375    ]), 0.7854, 1.0]
[9, array([0.522 , 0.0393]), array([0.51545238, 0.0375    ]), 0.7854, 1.0]
[9, array([0.522 , 0.0393]), array([0.5156, 0.0375]), 0.7854, 1.0]
[6, array([0.5361, 0.0128]), array([0.5296, 0.0062]), 0.7854, 1.0]
[6, array([0.5361, 0.0128]), array([0.52975238, 0.0062    ]), 0.7854, 1.0]
[6, array([0.5361, 0.0128]), array([0.52990476, 0.0062    ]), 0.7854, 1.0]
[6, array([0.5361, 0.0128]), array([0.53005714, 0.0062    ]), 0.7854, 1.0]
[6, array([0.5361, 0.0128]), array([0.53020952, 0.0062    ]), 0.7854, 1.0]
[6, array([0.5361, 0.0128]), array([0.5303619, 0.0062   ]), 0.7854, 1.0]
[6, array([0.5361, 0.0128]), array([0.53051429, 0.0062    ]), 0.7854, 1.0]
[6, array([0.5361, 0.0128]), array([0.53066667, 0.0062    ]), 0.7854, 1.0]
[6, array([0.5361, 0.0128]), array([0.53081905, 0.0062    ]), 0.7854, 1.0]
[6, array([0.5361, 0.0128]), array([0.53097143, 0.0062    ]), 0.7854, 1.0]
[6, array([0.5361, 0.0128]), array([0.53112381, 0.0062    ]), 0.7854, 1.0]
[6, array([0.5361, 0.0128]), array([0.53127619, 0.0062    ]), 0.7854, 1.0]
[6, array([0.5361, 0.0128]), array([0.53142857, 0.0062    ]), 0.7854, 1.0]
[6, array([0.5361, 0.0128]), array([0.53158095, 0.0062    ]), 0.7854, 1.0]
[6, array([0.5361, 0.0128]), array([0.53173333, 0.0062    ]), 0.7854, 1.0]
[6, array([0.5361, 0.0128]), array([0.53188571, 0.0062    ]), 0.7854, 1.0]
[6, array([0.5361, 0.0128]), array([0.5320381, 0.0062   ]), 0.7854, 1.0]
[6, array([0.5361, 0.0128]), array([0.53219048, 0.0062    ]), 0.7854, 1.0]
[6, array([0.5361, 0.0128]), array([0.53234286, 0.0062    ]), 0.7854, 1.0]
[6, array([0.5361, 0.0128]), array([0.53249524, 0.0062    ]), 0.7854, 1.0]
[6, array([0.5361, 0.0128]), array([0.53264762, 0.0062    ]), 0.7854, 1.0]
[6, array([0.5361, 0.0128]), array([0.5328, 0.0062]), 0.7854, 1.0]
[6, array([0.5361, 0.0128]), array([0.5296    , 0.00635238]), 0.7854, 1.0]
[6, array([0.5361, 0.0128]), array([0.52975238, 0.00635238]), 0.7854, 1.0]
[6, array([0.5361, 0.0128]), array([0.52990476, 0.00635238]), 0.7854, 1.0]
[6, array([0.5361, 0.0128]), array([0.53005714, 0.00635238]), 0.7854, 1.0]
[6, array([0.5361, 0.0128]), array([0.53020952, 0.00635238]), 0.7854, 1.0]
[6, array([0.5361, 0.0128]), array([0.5303619 , 0.00635238]), 0.7854, 1.0]
[6, array([0.5361, 0.0128]), array([0.53051429, 0.00635238]), 0.7854, 1.0]
[6, array([0.5361, 0.0128]), array([0.53066667, 0.00635238]), 0.7854, 1.0]
[6, array([0.5361, 0.0128]), array([0.53081905, 0.00635238]), 0.7854, 1.0]
[6, array([0.5361, 0.0128]), array([0.53097143, 0.00635238]), 0.7854, 1.0]
[6, array([0.5361, 0.0128]), array([0.53112381, 0.00635238]), 0.7854, 1.0]
[6, array([0.5361, 0.0128]), array([0.53127619, 0.00635238]), 0.7854, 1.0]
[6, array([0.5361, 0.0128]), array([0.53142857, 0.00635238]), 0.7854, 1.0]
[6, array([0.5361, 0.0128]), array([0.53158095, 0.00635238]), 0.7854, 1.0]
[6, array([0.5361, 0.0128]), array([0.53173333, 0.00635238]), 0.7854, 1.0]
[6, array([0.5361, 0.0128]), array([0.53188571, 0.00635238]), 0.7854, 1.0]
[6, array([0.5361, 0.0128]), array([0.5320381 , 0.00635238]), 0.7854, 1.0]
[6, array([0.5361, 0.0128]), array([0.53219048, 0.00635238]), 0.7854, 1.0]
[6, array([0.5361, 0.0128]), array([0.53234286, 0.00635238]), 0.7854, 1.0]
[6, array([0.5361, 0.0128]), array([0.53249524, 0.00635238]), 0.7854, 1.0]
[6, array([0.5361, 0.0128]), array([0.53264762, 0.00635238]), 0.7854, 1.0]
[6, array([0.5361, 0.0128]), array([0.5328    , 0.00635238]), 0.7854, 1.0]
[6, array([0.5361, 0.0128]), array([0.5296    , 0.00650476]), 0.7854, 1.0]
[6, array([0.5361, 0.0128]), array([0.52975238, 0.00650476]), 0.7854, 1.0]
[6, array([0.5361, 0.0128]), array([0.52990476, 0.00650476]), 0.7854, 1.0]
[6, array([0.5361, 0.0128]), array([0.53005714, 0.00650476]), 0.7854, 1.0]
[6, array([0.5361, 0.0128]), array([0.53020952, 0.00650476]), 0.7854, 1.0]
[6, array([0.5361, 0.0128]), array([0.5303619 , 0.00650476]), 0.7854, 1.0]
[6, array([0.5361, 0.0128]), array([0.53051429, 0.00650476]), 0.7854, 1.0]
[6, array([0.5361, 0.0128]), array([0.53066667, 0.00650476]), 0.7854, 1.0]
[6, array([0.5361, 0.0128]), array([0.53081905, 0.00650476]), 0.7854, 1.0]
[6, array([0.5361, 0.0128]), array([0.53097143, 0.00650476]), 0.7854, 1.0]
[6, array([0.5361, 0.0128]), array([0.53112381, 0.00650476]), 0.7854, 1.0]
[6, array([0.5361, 0.0128]), array([0.53127619, 0.00650476]), 0.7854, 1.0]
[6, array([0.5361, 0.0128]), array([0.53142857, 0.00650476]), 0.7854, 1.0]
[6, array([0.5361, 0.0128]), array([0.53158095, 0.00650476]), 0.7854, 1.0]
[6, array([0.5361, 0.0128]), array([0.53173333, 0.00650476]), 0.7854, 1.0]
[6, array([0.5361, 0.0128]), array([0.53188571, 0.00650476]), 0.7854, 1.0]
[6, array([0.5361, 0.0128]), array([0.5320381 , 0.00650476]), 0.7854, 1.0]
[6, array([0.5361, 0.0128]), array([0.53219048, 0.00650476]), 0.7854, 1.0]
[6, array([0.5361, 0.0128]), array([0.53234286, 0.00650476]), 0.7854, 1.0]
[6, array([0.5361, 0.0128]), array([0.53249524, 0.00650476]), 0.7854, 1.0]
[6, array([0.5361, 0.0128]), array([0.53264762, 0.00650476]), 0.7854, 1.0]
[6, array([0.5361, 0.0128]), array([0.5328    , 0.00650476]), 0.7854, 1.0]
[6, array([0.5361, 0.0128]), array([0.5296    , 0.00665714]), 0.7854, 1.0]
[6, array([0.5361, 0.0128]), array([0.52975238, 0.00665714]), 0.7854, 1.0]
[6, array([0.5361, 0.0128]), array([0.52990476, 0.00665714]), 0.7854, 1.0]
[6, array([0.5361, 0.0128]), array([0.53005714, 0.00665714]), 0.7854, 1.0]
[6, array([0.5361, 0.0128]), array([0.53020952, 0.00665714]), 0.7854, 1.0]
[6, array([0.5361, 0.0128]), array([0.5303619 , 0.00665714]), 0.7854, 1.0]
[6, array([0.5361, 0.0128]), array([0.53051429, 0.00665714]), 0.7854, 1.0]
[6, array([0.5361, 0.0128]), array([0.53066667, 0.00665714]), 0.7854, 1.0]
[6, array([0.5361, 0.0128]), array([0.53081905, 0.00665714]), 0.7854, 1.0]
[6, array([0.5361, 0.0128]), array([0.53097143, 0.00665714]), 0.7854, 1.0]
[6, array([0.5361, 0.0128]), array([0.53112381, 0.00665714]), 0.7854, 1.0]
[6, array([0.5361, 0.0128]), array([0.53127619, 0.00665714]), 0.7854, 1.0]
[6, array([0.5361, 0.0128]), array([0.53142857, 0.00665714]), 0.7854, 1.0]
[6, array([0.5361, 0.0128]), array([0.53158095, 0.00665714]), 0.7854, 1.0]
[6, array([0.5361, 0.0128]), array([0.53173333, 0.00665714]), 0.7854, 1.0]
[6, array([0.5361, 0.0128]), array([0.53188571, 0.00665714]), 0.7854, 1.0]
[6, array([0.5361, 0.0128]), array([0.5320381 , 0.00665714]), 0.7854, 1.0]
[6, array([0.5361, 0.0128]), array([0.53219048, 0.00665714]), 0.7854, 1.0]
[6, array([0.5361, 0.0128]), array([0.53234286, 0.00665714]), 0.7854, 1.0]
[6, array([0.5361, 0.0128]), array([0.53249524, 0.00665714]), 0.7854, 1.0]
[6, array([0.5361, 0.0128]), array([0.53264762, 0.00665714]), 0.7854, 1.0]
[6, array([0.5361, 0.0128]), array([0.5328    , 0.00665714]), 0.7854, 1.0]
[6, array([0.5361, 0.0128]), array([0.5296    , 0.00680952]), 0.7854, 1.0]
[6, array([0.5361, 0.0128]), array([0.52975238, 0.00680952]), 0.7854, 1.0]
[6, array([0.5361, 0.0128]), array([0.52990476, 0.00680952]), 0.7854, 1.0]
[6, array([0.5361, 0.0128]), array([0.53005714, 0.00680952]), 0.7854, 1.0]
[6, array([0.5361, 0.0128]), array([0.53020952, 0.00680952]), 0.7854, 1.0]
[6, array([0.5361, 0.0128]), array([0.5303619 , 0.00680952]), 0.7854, 1.0]
[6, array([0.5361, 0.0128]), array([0.53051429, 0.00680952]), 0.7854, 1.0]
[6, array([0.5361, 0.0128]), array([0.53066667, 0.00680952]), 0.7854, 1.0]
[6, array([0.5361, 0.0128]), array([0.53081905, 0.00680952]), 0.7854, 1.0]
[6, array([0.5361, 0.0128]), array([0.53097143, 0.00680952]), 0.7854, 1.0]
[6, array([0.5361, 0.0128]), array([0.53112381, 0.00680952]), 0.7854, 1.0]
[6, array([0.5361, 0.0128]), array([0.53127619, 0.00680952]), 0.7854, 1.0]
[6, array([0.5361, 0.0128]), array([0.53142857, 0.00680952]), 0.7854, 1.0]
[6, array([0.5361, 0.0128]), array([0.53158095, 0.00680952]), 0.7854, 1.0]
[6, array([0.5361, 0.0128]), array([0.53173333, 0.00680952]), 0.7854, 1.0]
[6, array([0.5361, 0.0128]), array([0.53188571, 0.00680952]), 0.7854, 1.0]
[6, array([0.5361, 0.0128]), array([0.5320381 , 0.00680952]), 0.7854, 1.0]
[6, array([0.5361, 0.0128]), array([0.53219048, 0.00680952]), 0.7854, 1.0]
[6, array([0.5361, 0.0128]), array([0.53234286, 0.00680952]), 0.7854, 1.0]
[6, array([0.5361, 0.0128]), array([0.53249524, 0.00680952]), 0.7854, 1.0]
[6, array([0.5361, 0.0128]), array([0.53264762, 0.00680952]), 0.7854, 1.0]
[6, array([0.5361, 0.0128]), array([0.5328    , 0.00680952]), 0.7854, 1.0]
[6, array([0.5361, 0.0128]), array([0.5296   , 0.0069619]), 0.7854, 1.0]
[6, array([0.5361, 0.0128]), array([0.52975238, 0.0069619 ]), 0.7854, 1.0]
[6, array([0.5361, 0.0128]), array([0.52990476, 0.0069619 ]), 0.7854, 1.0]
[6, array([0.5361, 0.0128]), array([0.53005714, 0.0069619 ]), 0.7854, 1.0]
[6, array([0.5361, 0.0128]), array([0.53020952, 0.0069619 ]), 0.7854, 1.0]
[6, array([0.5361, 0.0128]), array([0.5303619, 0.0069619]), 0.7854, 1.0]
[6, array([0.5361, 0.0128]), array([0.53051429, 0.0069619 ]), 0.7854, 1.0]
[6, array([0.5361, 0.0128]), array([0.53066667, 0.0069619 ]), 0.7854, 1.0]
[6, array([0.5361, 0.0128]), array([0.53081905, 0.0069619 ]), 0.7854, 1.0]
[6, array([0.5361, 0.0128]), array([0.53097143, 0.0069619 ]), 0.7854, 1.0]
[6, array([0.5361, 0.0128]), array([0.53112381, 0.0069619 ]), 0.7854, 1.0]
[6, array([0.5361, 0.0128]), array([0.53127619, 0.0069619 ]), 0.7854, 1.0]
[6, array([0.5361, 0.0128]), array([0.53142857, 0.0069619 ]), 0.7854, 1.0]
[6, array([0.5361, 0.0128]), array([0.53158095, 0.0069619 ]), 0.7854, 1.0]
[6, array([0.5361, 0.0128]), array([0.53173333, 0.0069619 ]), 0.7854, 1.0]
[6, array([0.5361, 0.0128]), array([0.53188571, 0.0069619 ]), 0.7854, 1.0]
[6, array([0.5361, 0.0128]), array([0.5320381, 0.0069619]), 0.7854, 1.0]
[6, array([0.5361, 0.0128]), array([0.53219048, 0.0069619 ]), 0.7854, 1.0]
[6, array([0.5361, 0.0128]), array([0.53234286, 0.0069619 ]), 0.7854, 1.0]
[6, array([0.5361, 0.0128]), array([0.53249524, 0.0069619 ]), 0.7854, 1.0]
[6, array([0.5361, 0.0128]), array([0.53264762, 0.0069619 ]), 0.7854, 1.0]
[6, array([0.5361, 0.0128]), array([0.5328   , 0.0069619]), 0.7854, 1.0]
[6, array([0.5361, 0.0128]), array([0.5296    , 0.00711429]), 0.7854, 1.0]
[6, array([0.5361, 0.0128]), array([0.52975238, 0.00711429]), 0.7854, 1.0]
[6, array([0.5361, 0.0128]), array([0.52990476, 0.00711429]), 0.7854, 1.0]
[6, array([0.5361, 0.0128]), array([0.53005714, 0.00711429]), 0.7854, 1.0]
[6, array([0.5361, 0.0128]), array([0.53020952, 0.00711429]), 0.7854, 1.0]
[6, array([0.5361, 0.0128]), array([0.5303619 , 0.00711429]), 0.7854, 1.0]
[6, array([0.5361, 0.0128]), array([0.53051429, 0.00711429]), 0.7854, 1.0]
[6, array([0.5361, 0.0128]), array([0.53066667, 0.00711429]), 0.7854, 1.0]
[6, array([0.5361, 0.0128]), array([0.53081905, 0.00711429]), 0.7854, 1.0]
[6, array([0.5361, 0.0128]), array([0.53097143, 0.00711429]), 0.7854, 1.0]
[6, array([0.5361, 0.0128]), array([0.53112381, 0.00711429]), 0.7854, 1.0]
[6, array([0.5361, 0.0128]), array([0.53127619, 0.00711429]), 0.7854, 1.0]
[6, array([0.5361, 0.0128]), array([0.53142857, 0.00711429]), 0.7854, 1.0]
[6, array([0.5361, 0.0128]), array([0.53158095, 0.00711429]), 0.7854, 1.0]
[6, array([0.5361, 0.0128]), array([0.53173333, 0.00711429]), 0.7854, 1.0]
[6, array([0.5361, 0.0128]), array([0.53188571, 0.00711429]), 0.7854, 1.0]
[6, array([0.5361, 0.0128]), array([0.5320381 , 0.00711429]), 0.7854, 1.0]
[6, array([0.5361, 0.0128]), array([0.53219048, 0.00711429]), 0.7854, 1.0]
[6, array([0.5361, 0.0128]), array([0.53234286, 0.00711429]), 0.7854, 1.0]
[6, array([0.5361, 0.0128]), array([0.53249524, 0.00711429]), 0.7854, 1.0]
[6, array([0.5361, 0.0128]), array([0.53264762, 0.00711429]), 0.7854, 1.0]
[6, array([0.5361, 0.0128]), array([0.5328    , 0.00711429]), 0.7854, 1.0]
[6, array([0.5361, 0.0128]), array([0.5296    , 0.00726667]), 0.7854, 1.0]
[6, array([0.5361, 0.0128]), array([0.52975238, 0.00726667]), 0.7854, 1.0]
[6, array([0.5361, 0.0128]), array([0.52990476, 0.00726667]), 0.7854, 1.0]
[6, array([0.5361, 0.0128]), array([0.53005714, 0.00726667]), 0.7854, 1.0]
[6, array([0.5361, 0.0128]), array([0.53020952, 0.00726667]), 0.7854, 1.0]
[6, array([0.5361, 0.0128]), array([0.5303619 , 0.00726667]), 0.7854, 1.0]
[6, array([0.5361, 0.0128]), array([0.53051429, 0.00726667]), 0.7854, 1.0]
[6, array([0.5361, 0.0128]), array([0.53066667, 0.00726667]), 0.7854, 1.0]
[6, array([0.5361, 0.0128]), array([0.53081905, 0.00726667]), 0.7854, 1.0]
[6, array([0.5361, 0.0128]), array([0.53097143, 0.00726667]), 0.7854, 1.0]
[6, array([0.5361, 0.0128]), array([0.53112381, 0.00726667]), 0.7854, 1.0]
[6, array([0.5361, 0.0128]), array([0.53127619, 0.00726667]), 0.7854, 1.0]
[6, array([0.5361, 0.0128]), array([0.53142857, 0.00726667]), 0.7854, 1.0]
[6, array([0.5361, 0.0128]), array([0.53158095, 0.00726667]), 0.7854, 1.0]
[6, array([0.5361, 0.0128]), array([0.53173333, 0.00726667]), 0.7854, 1.0]
[6, array([0.5361, 0.0128]), array([0.53188571, 0.00726667]), 0.7854, 1.0]
[6, array([0.5361, 0.0128]), array([0.5320381 , 0.00726667]), 0.7854, 1.0]
[6, array([0.5361, 0.0128]), array([0.53219048, 0.00726667]), 0.7854, 1.0]
[6, array([0.5361, 0.0128]), array([0.53234286, 0.00726667]), 0.7854, 1.0]
[6, array([0.5361, 0.0128]), array([0.53249524, 0.00726667]), 0.7854, 1.0]
[6, array([0.5361, 0.0128]), array([0.53264762, 0.00726667]), 0.7854, 1.0]
[6, array([0.5361, 0.0128]), array([0.5328    , 0.00726667]), 0.7854, 1.0]
[6, array([0.5361, 0.0128]), array([0.5296    , 0.00741905]), 0.7854, 1.0]
[6, array([0.5361, 0.0128]), array([0.52975238, 0.00741905]), 0.7854, 1.0]
[6, array([0.5361, 0.0128]), array([0.52990476, 0.00741905]), 0.7854, 1.0]
[6, array([0.5361, 0.0128]), array([0.53005714, 0.00741905]), 0.7854, 1.0]
[6, array([0.5361, 0.0128]), array([0.53020952, 0.00741905]), 0.7854, 1.0]
[6, array([0.5361, 0.0128]), array([0.5303619 , 0.00741905]), 0.7854, 1.0]
[6, array([0.5361, 0.0128]), array([0.53051429, 0.00741905]), 0.7854, 1.0]
[6, array([0.5361, 0.0128]), array([0.53066667, 0.00741905]), 0.7854, 1.0]
[6, array([0.5361, 0.0128]), array([0.53081905, 0.00741905]), 0.7854, 1.0]
[6, array([0.5361, 0.0128]), array([0.53097143, 0.00741905]), 0.7854, 1.0]
[6, array([0.5361, 0.0128]), array([0.53112381, 0.00741905]), 0.7854, 1.0]
[6, array([0.5361, 0.0128]), array([0.53127619, 0.00741905]), 0.7854, 1.0]
[6, array([0.5361, 0.0128]), array([0.53142857, 0.00741905]), 0.7854, 1.0]
[6, array([0.5361, 0.0128]), array([0.53158095, 0.00741905]), 0.7854, 1.0]
[6, array([0.5361, 0.0128]), array([0.53173333, 0.00741905]), 0.7854, 1.0]
[6, array([0.5361, 0.0128]), array([0.53188571, 0.00741905]), 0.7854, 1.0]
[6, array([0.5361, 0.0128]), array([0.5320381 , 0.00741905]), 0.7854, 1.0]
[6, array([0.5361, 0.0128]), array([0.53219048, 0.00741905]), 0.7854, 1.0]
[6, array([0.5361, 0.0128]), array([0.53234286, 0.00741905]), 0.7854, 1.0]
[6, array([0.5361, 0.0128]), array([0.53249524, 0.00741905]), 0.7854, 1.0]
[6, array([0.5361, 0.0128]), array([0.53264762, 0.00741905]), 0.7854, 1.0]
[6, array([0.5361, 0.0128]), array([0.5328    , 0.00741905]), 0.7854, 1.0]
[6, array([0.5361, 0.0128]), array([0.5296    , 0.00757143]), 0.7854, 1.0]
[6, array([0.5361, 0.0128]), array([0.52975238, 0.00757143]), 0.7854, 1.0]
[6, array([0.5361, 0.0128]), array([0.52990476, 0.00757143]), 0.7854, 1.0]
[6, array([0.5361, 0.0128]), array([0.53005714, 0.00757143]), 0.7854, 1.0]
[6, array([0.5361, 0.0128]), array([0.53020952, 0.00757143]), 0.7854, 1.0]
[6, array([0.5361, 0.0128]), array([0.5303619 , 0.00757143]), 0.7854, 1.0]
[6, array([0.5361, 0.0128]), array([0.53051429, 0.00757143]), 0.7854, 1.0]
[6, array([0.5361, 0.0128]), array([0.53066667, 0.00757143]), 0.7854, 1.0]
[6, array([0.5361, 0.0128]), array([0.53081905, 0.00757143]), 0.7854, 1.0]
[6, array([0.5361, 0.0128]), array([0.53097143, 0.00757143]), 0.7854, 1.0]
[6, array([0.5361, 0.0128]), array([0.53112381, 0.00757143]), 0.7854, 1.0]
[6, array([0.5361, 0.0128]), array([0.53127619, 0.00757143]), 0.7854, 1.0]
[6, array([0.5361, 0.0128]), array([0.53142857, 0.00757143]), 0.7854, 1.0]
[6, array([0.5361, 0.0128]), array([0.53158095, 0.00757143]), 0.7854, 1.0]
[6, array([0.5361, 0.0128]), array([0.53173333, 0.00757143]), 0.7854, 1.0]
[6, array([0.5361, 0.0128]), array([0.53188571, 0.00757143]), 0.7854, 1.0]
[6, array([0.5361, 0.0128]), array([0.5320381 , 0.00757143]), 0.7854, 1.0]
[6, array([0.5361, 0.0128]), array([0.53219048, 0.00757143]), 0.7854, 1.0]
[6, array([0.5361, 0.0128]), array([0.53234286, 0.00757143]), 0.7854, 1.0]
[6, array([0.5361, 0.0128]), array([0.53249524, 0.00757143]), 0.7854, 1.0]
[6, array([0.5361, 0.0128]), array([0.53264762, 0.00757143]), 0.7854, 1.0]
[6, array([0.5361, 0.0128]), array([0.5328    , 0.00757143]), 0.7854, 1.0]
[6, array([0.5361, 0.0128]), array([0.5296    , 0.00772381]), 0.7854, 1.0]
[6, array([0.5361, 0.0128]), array([0.52975238, 0.00772381]), 0.7854, 1.0]
[6, array([0.5361, 0.0128]), array([0.52990476, 0.00772381]), 0.7854, 1.0]
[6, array([0.5361, 0.0128]), array([0.53005714, 0.00772381]), 0.7854, 1.0]
[6, array([0.5361, 0.0128]), array([0.53020952, 0.00772381]), 0.7854, 1.0]
[6, array([0.5361, 0.0128]), array([0.5303619 , 0.00772381]), 0.7854, 1.0]
[6, array([0.5361, 0.0128]), array([0.53051429, 0.00772381]), 0.7854, 1.0]
[6, array([0.5361, 0.0128]), array([0.53066667, 0.00772381]), 0.7854, 1.0]
[6, array([0.5361, 0.0128]), array([0.53081905, 0.00772381]), 0.7854, 1.0]
[6, array([0.5361, 0.0128]), array([0.53097143, 0.00772381]), 0.7854, 1.0]
[6, array([0.5361, 0.0128]), array([0.53112381, 0.00772381]), 0.7854, 1.0]
[6, array([0.5361, 0.0128]), array([0.53127619, 0.00772381]), 0.7854, 1.0]
[6, array([0.5361, 0.0128]), array([0.53142857, 0.00772381]), 0.7854, 1.0]
[6, array([0.5361, 0.0128]), array([0.53158095, 0.00772381]), 0.7854, 1.0]
[6, array([0.5361, 0.0128]), array([0.53173333, 0.00772381]), 0.7854, 1.0]
[6, array([0.5361, 0.0128]), array([0.53188571, 0.00772381]), 0.7854, 1.0]
[6, array([0.5361, 0.0128]), array([0.5320381 , 0.00772381]), 0.7854, 1.0]
[6, array([0.5361, 0.0128]), array([0.53219048, 0.00772381]), 0.7854, 1.0]
[6, array([0.5361, 0.0128]), array([0.53234286, 0.00772381]), 0.7854, 1.0]
[6, array([0.5361, 0.0128]), array([0.53249524, 0.00772381]), 0.7854, 1.0]
[6, array([0.5361, 0.0128]), array([0.53264762, 0.00772381]), 0.7854, 1.0]
[6, array([0.5361, 0.0128]), array([0.5328    , 0.00772381]), 0.7854, 1.0]
[6, array([0.5361, 0.0128]), array([0.5296    , 0.00787619]), 0.7854, 1.0]
[6, array([0.5361, 0.0128]), array([0.52975238, 0.00787619]), 0.7854, 1.0]
[6, array([0.5361, 0.0128]), array([0.52990476, 0.00787619]), 0.7854, 1.0]
[6, array([0.5361, 0.0128]), array([0.53005714, 0.00787619]), 0.7854, 1.0]
[6, array([0.5361, 0.0128]), array([0.53020952, 0.00787619]), 0.7854, 1.0]
[6, array([0.5361, 0.0128]), array([0.5303619 , 0.00787619]), 0.7854, 1.0]
[6, array([0.5361, 0.0128]), array([0.53051429, 0.00787619]), 0.7854, 1.0]
[6, array([0.5361, 0.0128]), array([0.53066667, 0.00787619]), 0.7854, 1.0]
[6, array([0.5361, 0.0128]), array([0.53081905, 0.00787619]), 0.7854, 1.0]
[6, array([0.5361, 0.0128]), array([0.53097143, 0.00787619]), 0.7854, 1.0]
[6, array([0.5361, 0.0128]), array([0.53112381, 0.00787619]), 0.7854, 1.0]
[6, array([0.5361, 0.0128]), array([0.53127619, 0.00787619]), 0.7854, 1.0]
[6, array([0.5361, 0.0128]), array([0.53142857, 0.00787619]), 0.7854, 1.0]
[6, array([0.5361, 0.0128]), array([0.53158095, 0.00787619]), 0.7854, 1.0]
[6, array([0.5361, 0.0128]), array([0.53173333, 0.00787619]), 0.7854, 1.0]
[6, array([0.5361, 0.0128]), array([0.53188571, 0.00787619]), 0.7854, 1.0]
[6, array([0.5361, 0.0128]), array([0.5320381 , 0.00787619]), 0.7854, 1.0]
[6, array([0.5361, 0.0128]), array([0.53219048, 0.00787619]), 0.7854, 1.0]
[6, array([0.5361, 0.0128]), array([0.53234286, 0.00787619]), 0.7854, 1.0]
[6, array([0.5361, 0.0128]), array([0.53249524, 0.00787619]), 0.7854, 1.0]
[6, array([0.5361, 0.0128]), array([0.53264762, 0.00787619]), 0.7854, 1.0]
[6, array([0.5361, 0.0128]), array([0.5328    , 0.00787619]), 0.7854, 1.0]
[6, array([0.5361, 0.0128]), array([0.5296    , 0.00802857]), 0.7854, 1.0]
[6, array([0.5361, 0.0128]), array([0.52975238, 0.00802857]), 0.7854, 1.0]
[6, array([0.5361, 0.0128]), array([0.52990476, 0.00802857]), 0.7854, 1.0]
[6, array([0.5361, 0.0128]), array([0.53005714, 0.00802857]), 0.7854, 1.0]
[6, array([0.5361, 0.0128]), array([0.53020952, 0.00802857]), 0.7854, 1.0]
[6, array([0.5361, 0.0128]), array([0.5303619 , 0.00802857]), 0.7854, 1.0]
[6, array([0.5361, 0.0128]), array([0.53051429, 0.00802857]), 0.7854, 1.0]
[6, array([0.5361, 0.0128]), array([0.53066667, 0.00802857]), 0.7854, 1.0]
[6, array([0.5361, 0.0128]), array([0.53081905, 0.00802857]), 0.7854, 1.0]
[6, array([0.5361, 0.0128]), array([0.53097143, 0.00802857]), 0.7854, 1.0]
[6, array([0.5361, 0.0128]), array([0.53112381, 0.00802857]), 0.7854, 1.0]
[6, array([0.5361, 0.0128]), array([0.53127619, 0.00802857]), 0.7854, 1.0]
[6, array([0.5361, 0.0128]), array([0.53142857, 0.00802857]), 0.7854, 1.0]
[6, array([0.5361, 0.0128]), array([0.53158095, 0.00802857]), 0.7854, 1.0]
[6, array([0.5361, 0.0128]), array([0.53173333, 0.00802857]), 0.7854, 1.0]
[6, array([0.5361, 0.0128]), array([0.53188571, 0.00802857]), 0.7854, 1.0]
[6, array([0.5361, 0.0128]), array([0.5320381 , 0.00802857]), 0.7854, 1.0]
[6, array([0.5361, 0.0128]), array([0.53219048, 0.00802857]), 0.7854, 1.0]
[6, array([0.5361, 0.0128]), array([0.53234286, 0.00802857]), 0.7854, 1.0]
[6, array([0.5361, 0.0128]), array([0.53249524, 0.00802857]), 0.7854, 1.0]
[6, array([0.5361, 0.0128]), array([0.53264762, 0.00802857]), 0.7854, 1.0]
[6, array([0.5361, 0.0128]), array([0.5328    , 0.00802857]), 0.7854, 1.0]
[6, array([0.5361, 0.0128]), array([0.5296    , 0.00818095]), 0.7854, 1.0]
[6, array([0.5361, 0.0128]), array([0.52975238, 0.00818095]), 0.7854, 1.0]
[6, array([0.5361, 0.0128]), array([0.52990476, 0.00818095]), 0.7854, 1.0]
[6, array([0.5361, 0.0128]), array([0.53005714, 0.00818095]), 0.7854, 1.0]
[6, array([0.5361, 0.0128]), array([0.53020952, 0.00818095]), 0.7854, 1.0]
[6, array([0.5361, 0.0128]), array([0.5303619 , 0.00818095]), 0.7854, 1.0]
[6, array([0.5361, 0.0128]), array([0.53051429, 0.00818095]), 0.7854, 1.0]
[6, array([0.5361, 0.0128]), array([0.53066667, 0.00818095]), 0.7854, 1.0]
[6, array([0.5361, 0.0128]), array([0.53081905, 0.00818095]), 0.7854, 1.0]
[6, array([0.5361, 0.0128]), array([0.53097143, 0.00818095]), 0.7854, 1.0]
[6, array([0.5361, 0.0128]), array([0.53112381, 0.00818095]), 0.7854, 1.0]
[6, array([0.5361, 0.0128]), array([0.53127619, 0.00818095]), 0.7854, 1.0]
[6, array([0.5361, 0.0128]), array([0.53142857, 0.00818095]), 0.7854, 1.0]
[6, array([0.5361, 0.0128]), array([0.53158095, 0.00818095]), 0.7854, 1.0]
[6, array([0.5361, 0.0128]), array([0.53173333, 0.00818095]), 0.7854, 1.0]
[6, array([0.5361, 0.0128]), array([0.53188571, 0.00818095]), 0.7854, 1.0]
[6, array([0.5361, 0.0128]), array([0.5320381 , 0.00818095]), 0.7854, 1.0]
[6, array([0.5361, 0.0128]), array([0.53219048, 0.00818095]), 0.7854, 1.0]
[6, array([0.5361, 0.0128]), array([0.53234286, 0.00818095]), 0.7854, 1.0]
[6, array([0.5361, 0.0128]), array([0.53249524, 0.00818095]), 0.7854, 1.0]
[6, array([0.5361, 0.0128]), array([0.53264762, 0.00818095]), 0.7854, 1.0]
[6, array([0.5361, 0.0128]), array([0.5328    , 0.00818095]), 0.7854, 1.0]
[6, array([0.5361, 0.0128]), array([0.5296    , 0.00833333]), 0.7854, 1.0]
[6, array([0.5361, 0.0128]), array([0.52975238, 0.00833333]), 0.7854, 1.0]
[6, array([0.5361, 0.0128]), array([0.52990476, 0.00833333]), 0.7854, 1.0]
[6, array([0.5361, 0.0128]), array([0.53005714, 0.00833333]), 0.7854, 1.0]
[6, array([0.5361, 0.0128]), array([0.53020952, 0.00833333]), 0.7854, 1.0]
[6, array([0.5361, 0.0128]), array([0.5303619 , 0.00833333]), 0.7854, 1.0]
[6, array([0.5361, 0.0128]), array([0.53051429, 0.00833333]), 0.7854, 1.0]
[6, array([0.5361, 0.0128]), array([0.53066667, 0.00833333]), 0.7854, 1.0]
[6, array([0.5361, 0.0128]), array([0.53081905, 0.00833333]), 0.7854, 1.0]
[6, array([0.5361, 0.0128]), array([0.53097143, 0.00833333]), 0.7854, 1.0]
[6, array([0.5361, 0.0128]), array([0.53112381, 0.00833333]), 0.7854, 1.0]
[6, array([0.5361, 0.0128]), array([0.53127619, 0.00833333]), 0.7854, 1.0]
[6, array([0.5361, 0.0128]), array([0.53142857, 0.00833333]), 0.7854, 1.0]
[6, array([0.5361, 0.0128]), array([0.53158095, 0.00833333]), 0.7854, 1.0]
[6, array([0.5361, 0.0128]), array([0.53173333, 0.00833333]), 0.7854, 1.0]
[6, array([0.5361, 0.0128]), array([0.53188571, 0.00833333]), 0.7854, 1.0]
[6, array([0.5361, 0.0128]), array([0.5320381 , 0.00833333]), 0.7854, 1.0]
[6, array([0.5361, 0.0128]), array([0.53219048, 0.00833333]), 0.7854, 1.0]
[6, array([0.5361, 0.0128]), array([0.53234286, 0.00833333]), 0.7854, 1.0]
[6, array([0.5361, 0.0128]), array([0.53249524, 0.00833333]), 0.7854, 1.0]
[6, array([0.5361, 0.0128]), array([0.53264762, 0.00833333]), 0.7854, 1.0]
[6, array([0.5361, 0.0128]), array([0.5328    , 0.00833333]), 0.7854, 1.0]
[6, array([0.5361, 0.0128]), array([0.5296    , 0.00848571]), 0.7854, 1.0]
[6, array([0.5361, 0.0128]), array([0.52975238, 0.00848571]), 0.7854, 1.0]
[6, array([0.5361, 0.0128]), array([0.52990476, 0.00848571]), 0.7854, 1.0]
[6, array([0.5361, 0.0128]), array([0.53005714, 0.00848571]), 0.7854, 1.0]
[6, array([0.5361, 0.0128]), array([0.53020952, 0.00848571]), 0.7854, 1.0]
[6, array([0.5361, 0.0128]), array([0.5303619 , 0.00848571]), 0.7854, 1.0]
[6, array([0.5361, 0.0128]), array([0.53051429, 0.00848571]), 0.7854, 1.0]
[6, array([0.5361, 0.0128]), array([0.53066667, 0.00848571]), 0.7854, 1.0]
[6, array([0.5361, 0.0128]), array([0.53081905, 0.00848571]), 0.7854, 1.0]
[6, array([0.5361, 0.0128]), array([0.53097143, 0.00848571]), 0.7854, 1.0]
[6, array([0.5361, 0.0128]), array([0.53112381, 0.00848571]), 0.7854, 1.0]
[6, array([0.5361, 0.0128]), array([0.53127619, 0.00848571]), 0.7854, 1.0]
[6, array([0.5361, 0.0128]), array([0.53142857, 0.00848571]), 0.7854, 1.0]
[6, array([0.5361, 0.0128]), array([0.53158095, 0.00848571]), 0.7854, 1.0]
[6, array([0.5361, 0.0128]), array([0.53173333, 0.00848571]), 0.7854, 1.0]
[6, array([0.5361, 0.0128]), array([0.53188571, 0.00848571]), 0.7854, 1.0]
[6, array([0.5361, 0.0128]), array([0.5320381 , 0.00848571]), 0.7854, 1.0]
[6, array([0.5361, 0.0128]), array([0.53219048, 0.00848571]), 0.7854, 1.0]
[6, array([0.5361, 0.0128]), array([0.53234286, 0.00848571]), 0.7854, 1.0]
[6, array([0.5361, 0.0128]), array([0.53249524, 0.00848571]), 0.7854, 1.0]
[6, array([0.5361, 0.0128]), array([0.53264762, 0.00848571]), 0.7854, 1.0]
[6, array([0.5361, 0.0128]), array([0.5328    , 0.00848571]), 0.7854, 1.0]
[6, array([0.5361, 0.0128]), array([0.5296   , 0.0086381]), 0.7854, 1.0]
[6, array([0.5361, 0.0128]), array([0.52975238, 0.0086381 ]), 0.7854, 1.0]
[6, array([0.5361, 0.0128]), array([0.52990476, 0.0086381 ]), 0.7854, 1.0]
[6, array([0.5361, 0.0128]), array([0.53005714, 0.0086381 ]), 0.7854, 1.0]
[6, array([0.5361, 0.0128]), array([0.53020952, 0.0086381 ]), 0.7854, 1.0]
[6, array([0.5361, 0.0128]), array([0.5303619, 0.0086381]), 0.7854, 1.0]
[6, array([0.5361, 0.0128]), array([0.53051429, 0.0086381 ]), 0.7854, 1.0]
[6, array([0.5361, 0.0128]), array([0.53066667, 0.0086381 ]), 0.7854, 1.0]
[6, array([0.5361, 0.0128]), array([0.53081905, 0.0086381 ]), 0.7854, 1.0]
[6, array([0.5361, 0.0128]), array([0.53097143, 0.0086381 ]), 0.7854, 1.0]
[6, array([0.5361, 0.0128]), array([0.53112381, 0.0086381 ]), 0.7854, 1.0]
[6, array([0.5361, 0.0128]), array([0.53127619, 0.0086381 ]), 0.7854, 1.0]
[6, array([0.5361, 0.0128]), array([0.53142857, 0.0086381 ]), 0.7854, 1.0]
[6, array([0.5361, 0.0128]), array([0.53158095, 0.0086381 ]), 0.7854, 1.0]
[6, array([0.5361, 0.0128]), array([0.53173333, 0.0086381 ]), 0.7854, 1.0]
[6, array([0.5361, 0.0128]), array([0.53188571, 0.0086381 ]), 0.7854, 1.0]
[6, array([0.5361, 0.0128]), array([0.5320381, 0.0086381]), 0.7854, 1.0]
[6, array([0.5361, 0.0128]), array([0.53219048, 0.0086381 ]), 0.7854, 1.0]
[6, array([0.5361, 0.0128]), array([0.53234286, 0.0086381 ]), 0.7854, 1.0]
[6, array([0.5361, 0.0128]), array([0.53249524, 0.0086381 ]), 0.7854, 1.0]
[6, array([0.5361, 0.0128]), array([0.53264762, 0.0086381 ]), 0.7854, 1.0]
[6, array([0.5361, 0.0128]), array([0.5328   , 0.0086381]), 0.7854, 1.0]
[6, array([0.5361, 0.0128]), array([0.5296    , 0.00879048]), 0.7854, 1.0]
[6, array([0.5361, 0.0128]), array([0.52975238, 0.00879048]), 0.7854, 1.0]
[6, array([0.5361, 0.0128]), array([0.52990476, 0.00879048]), 0.7854, 1.0]
[6, array([0.5361, 0.0128]), array([0.53005714, 0.00879048]), 0.7854, 1.0]
[6, array([0.5361, 0.0128]), array([0.53020952, 0.00879048]), 0.7854, 1.0]
[6, array([0.5361, 0.0128]), array([0.5303619 , 0.00879048]), 0.7854, 1.0]
[6, array([0.5361, 0.0128]), array([0.53051429, 0.00879048]), 0.7854, 1.0]
[6, array([0.5361, 0.0128]), array([0.53066667, 0.00879048]), 0.7854, 1.0]
[6, array([0.5361, 0.0128]), array([0.53081905, 0.00879048]), 0.7854, 1.0]
[6, array([0.5361, 0.0128]), array([0.53097143, 0.00879048]), 0.7854, 1.0]
[6, array([0.5361, 0.0128]), array([0.53112381, 0.00879048]), 0.7854, 1.0]
[6, array([0.5361, 0.0128]), array([0.53127619, 0.00879048]), 0.7854, 1.0]
[6, array([0.5361, 0.0128]), array([0.53142857, 0.00879048]), 0.7854, 1.0]
[6, array([0.5361, 0.0128]), array([0.53158095, 0.00879048]), 0.7854, 1.0]
[6, array([0.5361, 0.0128]), array([0.53173333, 0.00879048]), 0.7854, 1.0]
[6, array([0.5361, 0.0128]), array([0.53188571, 0.00879048]), 0.7854, 1.0]
[6, array([0.5361, 0.0128]), array([0.5320381 , 0.00879048]), 0.7854, 1.0]
[6, array([0.5361, 0.0128]), array([0.53219048, 0.00879048]), 0.7854, 1.0]
[6, array([0.5361, 0.0128]), array([0.53234286, 0.00879048]), 0.7854, 1.0]
[6, array([0.5361, 0.0128]), array([0.53249524, 0.00879048]), 0.7854, 1.0]
[6, array([0.5361, 0.0128]), array([0.53264762, 0.00879048]), 0.7854, 1.0]
[6, array([0.5361, 0.0128]), array([0.5328    , 0.00879048]), 0.7854, 1.0]
[6, array([0.5361, 0.0128]), array([0.5296    , 0.00894286]), 0.7854, 1.0]
[6, array([0.5361, 0.0128]), array([0.52975238, 0.00894286]), 0.7854, 1.0]
[6, array([0.5361, 0.0128]), array([0.52990476, 0.00894286]), 0.7854, 1.0]
[6, array([0.5361, 0.0128]), array([0.53005714, 0.00894286]), 0.7854, 1.0]
[6, array([0.5361, 0.0128]), array([0.53020952, 0.00894286]), 0.7854, 1.0]
[6, array([0.5361, 0.0128]), array([0.5303619 , 0.00894286]), 0.7854, 1.0]
[6, array([0.5361, 0.0128]), array([0.53051429, 0.00894286]), 0.7854, 1.0]
[6, array([0.5361, 0.0128]), array([0.53066667, 0.00894286]), 0.7854, 1.0]
[6, array([0.5361, 0.0128]), array([0.53081905, 0.00894286]), 0.7854, 1.0]
[6, array([0.5361, 0.0128]), array([0.53097143, 0.00894286]), 0.7854, 1.0]
[6, array([0.5361, 0.0128]), array([0.53112381, 0.00894286]), 0.7854, 1.0]
[6, array([0.5361, 0.0128]), array([0.53127619, 0.00894286]), 0.7854, 1.0]
[6, array([0.5361, 0.0128]), array([0.53142857, 0.00894286]), 0.7854, 1.0]
[6, array([0.5361, 0.0128]), array([0.53158095, 0.00894286]), 0.7854, 1.0]
[6, array([0.5361, 0.0128]), array([0.53173333, 0.00894286]), 0.7854, 1.0]
[6, array([0.5361, 0.0128]), array([0.53188571, 0.00894286]), 0.7854, 1.0]
[6, array([0.5361, 0.0128]), array([0.5320381 , 0.00894286]), 0.7854, 1.0]
[6, array([0.5361, 0.0128]), array([0.53219048, 0.00894286]), 0.7854, 1.0]
[6, array([0.5361, 0.0128]), array([0.53234286, 0.00894286]), 0.7854, 1.0]
[6, array([0.5361, 0.0128]), array([0.53249524, 0.00894286]), 0.7854, 1.0]
[6, array([0.5361, 0.0128]), array([0.53264762, 0.00894286]), 0.7854, 1.0]
[6, array([0.5361, 0.0128]), array([0.5328    , 0.00894286]), 0.7854, 1.0]
[6, array([0.5361, 0.0128]), array([0.5296    , 0.00909524]), 0.7854, 1.0]
[6, array([0.5361, 0.0128]), array([0.52975238, 0.00909524]), 0.7854, 1.0]
[6, array([0.5361, 0.0128]), array([0.52990476, 0.00909524]), 0.7854, 1.0]
[6, array([0.5361, 0.0128]), array([0.53005714, 0.00909524]), 0.7854, 1.0]
[6, array([0.5361, 0.0128]), array([0.53020952, 0.00909524]), 0.7854, 1.0]
[6, array([0.5361, 0.0128]), array([0.5303619 , 0.00909524]), 0.7854, 1.0]
[6, array([0.5361, 0.0128]), array([0.53051429, 0.00909524]), 0.7854, 1.0]
[6, array([0.5361, 0.0128]), array([0.53066667, 0.00909524]), 0.7854, 1.0]
[6, array([0.5361, 0.0128]), array([0.53081905, 0.00909524]), 0.7854, 1.0]
[6, array([0.5361, 0.0128]), array([0.53097143, 0.00909524]), 0.7854, 1.0]
[6, array([0.5361, 0.0128]), array([0.53112381, 0.00909524]), 0.7854, 1.0]
[6, array([0.5361, 0.0128]), array([0.53127619, 0.00909524]), 0.7854, 1.0]
[6, array([0.5361, 0.0128]), array([0.53142857, 0.00909524]), 0.7854, 1.0]
[6, array([0.5361, 0.0128]), array([0.53158095, 0.00909524]), 0.7854, 1.0]
[6, array([0.5361, 0.0128]), array([0.53173333, 0.00909524]), 0.7854, 1.0]
[6, array([0.5361, 0.0128]), array([0.53188571, 0.00909524]), 0.7854, 1.0]
[6, array([0.5361, 0.0128]), array([0.5320381 , 0.00909524]), 0.7854, 1.0]
[6, array([0.5361, 0.0128]), array([0.53219048, 0.00909524]), 0.7854, 1.0]
[6, array([0.5361, 0.0128]), array([0.53234286, 0.00909524]), 0.7854, 1.0]
[6, array([0.5361, 0.0128]), array([0.53249524, 0.00909524]), 0.7854, 1.0]
[6, array([0.5361, 0.0128]), array([0.53264762, 0.00909524]), 0.7854, 1.0]
[6, array([0.5361, 0.0128]), array([0.5328    , 0.00909524]), 0.7854, 1.0]
[6, array([0.5361, 0.0128]), array([0.5296    , 0.00924762]), 0.7854, 1.0]
[6, array([0.5361, 0.0128]), array([0.52975238, 0.00924762]), 0.7854, 1.0]
[6, array([0.5361, 0.0128]), array([0.52990476, 0.00924762]), 0.7854, 1.0]
[6, array([0.5361, 0.0128]), array([0.53005714, 0.00924762]), 0.7854, 1.0]
[6, array([0.5361, 0.0128]), array([0.53020952, 0.00924762]), 0.7854, 1.0]
[6, array([0.5361, 0.0128]), array([0.5303619 , 0.00924762]), 0.7854, 1.0]
[6, array([0.5361, 0.0128]), array([0.53051429, 0.00924762]), 0.7854, 1.0]
[6, array([0.5361, 0.0128]), array([0.53066667, 0.00924762]), 0.7854, 1.0]
[6, array([0.5361, 0.0128]), array([0.53081905, 0.00924762]), 0.7854, 1.0]
[6, array([0.5361, 0.0128]), array([0.53097143, 0.00924762]), 0.7854, 1.0]
[6, array([0.5361, 0.0128]), array([0.53112381, 0.00924762]), 0.7854, 1.0]
[6, array([0.5361, 0.0128]), array([0.53127619, 0.00924762]), 0.7854, 1.0]
[6, array([0.5361, 0.0128]), array([0.53142857, 0.00924762]), 0.7854, 1.0]
[6, array([0.5361, 0.0128]), array([0.53158095, 0.00924762]), 0.7854, 1.0]
[6, array([0.5361, 0.0128]), array([0.53173333, 0.00924762]), 0.7854, 1.0]
[6, array([0.5361, 0.0128]), array([0.53188571, 0.00924762]), 0.7854, 1.0]
[6, array([0.5361, 0.0128]), array([0.5320381 , 0.00924762]), 0.7854, 1.0]
[6, array([0.5361, 0.0128]), array([0.53219048, 0.00924762]), 0.7854, 1.0]
[6, array([0.5361, 0.0128]), array([0.53234286, 0.00924762]), 0.7854, 1.0]
[6, array([0.5361, 0.0128]), array([0.53249524, 0.00924762]), 0.7854, 1.0]
[6, array([0.5361, 0.0128]), array([0.53264762, 0.00924762]), 0.7854, 1.0]
[6, array([0.5361, 0.0128]), array([0.5328    , 0.00924762]), 0.7854, 1.0]
[6, array([0.5361, 0.0128]), array([0.5296, 0.0094]), 0.7854, 1.0]
[6, array([0.5361, 0.0128]), array([0.52975238, 0.0094    ]), 0.7854, 1.0]
[6, array([0.5361, 0.0128]), array([0.52990476, 0.0094    ]), 0.7854, 1.0]
[6, array([0.5361, 0.0128]), array([0.53005714, 0.0094    ]), 0.7854, 1.0]
[6, array([0.5361, 0.0128]), array([0.53020952, 0.0094    ]), 0.7854, 1.0]
[6, array([0.5361, 0.0128]), array([0.5303619, 0.0094   ]), 0.7854, 1.0]
[6, array([0.5361, 0.0128]), array([0.53051429, 0.0094    ]), 0.7854, 1.0]
[6, array([0.5361, 0.0128]), array([0.53066667, 0.0094    ]), 0.7854, 1.0]
[6, array([0.5361, 0.0128]), array([0.53081905, 0.0094    ]), 0.7854, 1.0]
[6, array([0.5361, 0.0128]), array([0.53097143, 0.0094    ]), 0.7854, 1.0]
[6, array([0.5361, 0.0128]), array([0.53112381, 0.0094    ]), 0.7854, 1.0]
[6, array([0.5361, 0.0128]), array([0.53127619, 0.0094    ]), 0.7854, 1.0]
[6, array([0.5361, 0.0128]), array([0.53142857, 0.0094    ]), 0.7854, 1.0]
[6, array([0.5361, 0.0128]), array([0.53158095, 0.0094    ]), 0.7854, 1.0]
[6, array([0.5361, 0.0128]), array([0.53173333, 0.0094    ]), 0.7854, 1.0]
[6, array([0.5361, 0.0128]), array([0.53188571, 0.0094    ]), 0.7854, 1.0]
[6, array([0.5361, 0.0128]), array([0.5320381, 0.0094   ]), 0.7854, 1.0]
[6, array([0.5361, 0.0128]), array([0.53219048, 0.0094    ]), 0.7854, 1.0]
[6, array([0.5361, 0.0128]), array([0.53234286, 0.0094    ]), 0.7854, 1.0]
[6, array([0.5361, 0.0128]), array([0.53249524, 0.0094    ]), 0.7854, 1.0]
[6, array([0.5361, 0.0128]), array([0.53264762, 0.0094    ]), 0.7854, 1.0]
[6, array([0.5361, 0.0128]), array([0.5328, 0.0094]), 0.7854, 1.0]
[6, array([0.4747, 0.005 ]), array([0.47035, 0.     ]), 0.7854, 1.0]
[6, array([0.4747, 0.005 ]), array([0.47064524, 0.        ]), 0.7854, 1.0]
[6, array([0.4747, 0.005 ]), array([0.47094048, 0.        ]), 0.7854, 1.0]
[6, array([0.4747, 0.005 ]), array([0.47123571, 0.        ]), 0.7854, 1.0]
[6, array([0.4747, 0.005 ]), array([0.47153095, 0.        ]), 0.7854, 1.0]
[6, array([0.4747, 0.005 ]), array([0.47182619, 0.        ]), 0.7854, 1.0]
[6, array([0.4747, 0.005 ]), array([0.47212143, 0.        ]), 0.7854, 1.0]
[6, array([0.4747, 0.005 ]), array([0.47241667, 0.        ]), 0.7854, 1.0]
[6, array([0.4747, 0.005 ]), array([0.4727119, 0.       ]), 0.7854, 1.0]
[6, array([0.4747, 0.005 ]), array([0.47300714, 0.        ]), 0.7854, 1.0]
[6, array([0.4747, 0.005 ]), array([0.47330238, 0.        ]), 0.7854, 1.0]
[6, array([0.4747, 0.005 ]), array([0.47359762, 0.        ]), 0.7854, 1.0]
[6, array([0.4747, 0.005 ]), array([0.47389286, 0.        ]), 0.7854, 1.0]
[6, array([0.4747, 0.005 ]), array([0.4741881, 0.       ]), 0.7854, 1.0]
[6, array([0.4747, 0.005 ]), array([0.47448333, 0.        ]), 0.7854, 1.0]
[6, array([0.4747, 0.005 ]), array([0.47477857, 0.        ]), 0.7854, 1.0]
[6, array([0.4747, 0.005 ]), array([0.47507381, 0.        ]), 0.7854, 1.0]
[6, array([0.4747, 0.005 ]), array([0.47536905, 0.        ]), 0.7854, 1.0]
[6, array([0.4747, 0.005 ]), array([0.47566429, 0.        ]), 0.7854, 1.0]
[6, array([0.4747, 0.005 ]), array([0.47595952, 0.        ]), 0.7854, 1.0]
[6, array([0.4747, 0.005 ]), array([0.47625476, 0.        ]), 0.7854, 1.0]
[6, array([0.4747, 0.005 ]), array([0.47655, 0.     ]), 0.7854, 1.0]
[6, array([0.4747, 0.005 ]), array([4.70350000e-01, 2.95238095e-04]), 0.7854, 1.0]
[6, array([0.4747, 0.005 ]), array([4.70645238e-01, 2.95238095e-04]), 0.7854, 1.0]
[6, array([0.4747, 0.005 ]), array([4.70940476e-01, 2.95238095e-04]), 0.7854, 1.0]
[6, array([0.4747, 0.005 ]), array([4.71235714e-01, 2.95238095e-04]), 0.7854, 1.0]
[6, array([0.4747, 0.005 ]), array([4.71530952e-01, 2.95238095e-04]), 0.7854, 1.0]
[6, array([0.4747, 0.005 ]), array([4.71826190e-01, 2.95238095e-04]), 0.7854, 1.0]
[6, array([0.4747, 0.005 ]), array([4.72121429e-01, 2.95238095e-04]), 0.7854, 1.0]
[6, array([0.4747, 0.005 ]), array([4.72416667e-01, 2.95238095e-04]), 0.7854, 1.0]
[6, array([0.4747, 0.005 ]), array([4.72711905e-01, 2.95238095e-04]), 0.7854, 1.0]
[6, array([0.4747, 0.005 ]), array([4.73007143e-01, 2.95238095e-04]), 0.7854, 1.0]
[6, array([0.4747, 0.005 ]), array([4.73302381e-01, 2.95238095e-04]), 0.7854, 1.0]
[6, array([0.4747, 0.005 ]), array([4.73597619e-01, 2.95238095e-04]), 0.7854, 1.0]
[6, array([0.4747, 0.005 ]), array([4.73892857e-01, 2.95238095e-04]), 0.7854, 1.0]
[6, array([0.4747, 0.005 ]), array([4.74188095e-01, 2.95238095e-04]), 0.7854, 1.0]
[6, array([0.4747, 0.005 ]), array([4.74483333e-01, 2.95238095e-04]), 0.7854, 1.0]
[6, array([0.4747, 0.005 ]), array([4.74778571e-01, 2.95238095e-04]), 0.7854, 1.0]
[6, array([0.4747, 0.005 ]), array([4.75073810e-01, 2.95238095e-04]), 0.7854, 1.0]
[6, array([0.4747, 0.005 ]), array([4.75369048e-01, 2.95238095e-04]), 0.7854, 1.0]
[6, array([0.4747, 0.005 ]), array([4.75664286e-01, 2.95238095e-04]), 0.7854, 1.0]
[6, array([0.4747, 0.005 ]), array([4.75959524e-01, 2.95238095e-04]), 0.7854, 1.0]
[6, array([0.4747, 0.005 ]), array([4.76254762e-01, 2.95238095e-04]), 0.7854, 1.0]
[6, array([0.4747, 0.005 ]), array([4.76550000e-01, 2.95238095e-04]), 0.7854, 1.0]
[6, array([0.4747, 0.005 ]), array([0.47035   , 0.00059048]), 0.7854, 1.0]
[6, array([0.4747, 0.005 ]), array([0.47064524, 0.00059048]), 0.7854, 1.0]
[6, array([0.4747, 0.005 ]), array([0.47094048, 0.00059048]), 0.7854, 1.0]
[6, array([0.4747, 0.005 ]), array([0.47123571, 0.00059048]), 0.7854, 1.0]
[6, array([0.4747, 0.005 ]), array([0.47153095, 0.00059048]), 0.7854, 1.0]
[6, array([0.4747, 0.005 ]), array([0.47182619, 0.00059048]), 0.7854, 1.0]
[6, array([0.4747, 0.005 ]), array([0.47212143, 0.00059048]), 0.7854, 1.0]
[6, array([0.4747, 0.005 ]), array([0.47241667, 0.00059048]), 0.7854, 1.0]
[6, array([0.4747, 0.005 ]), array([0.4727119 , 0.00059048]), 0.7854, 1.0]
[6, array([0.4747, 0.005 ]), array([0.47300714, 0.00059048]), 0.7854, 1.0]
[6, array([0.4747, 0.005 ]), array([0.47330238, 0.00059048]), 0.7854, 1.0]
[6, array([0.4747, 0.005 ]), array([0.47359762, 0.00059048]), 0.7854, 1.0]
[6, array([0.4747, 0.005 ]), array([0.47389286, 0.00059048]), 0.7854, 1.0]
[6, array([0.4747, 0.005 ]), array([0.4741881 , 0.00059048]), 0.7854, 1.0]
[6, array([0.4747, 0.005 ]), array([0.47448333, 0.00059048]), 0.7854, 1.0]
[6, array([0.4747, 0.005 ]), array([0.47477857, 0.00059048]), 0.7854, 1.0]
[6, array([0.4747, 0.005 ]), array([0.47507381, 0.00059048]), 0.7854, 1.0]
[6, array([0.4747, 0.005 ]), array([0.47536905, 0.00059048]), 0.7854, 1.0]
[6, array([0.4747, 0.005 ]), array([0.47566429, 0.00059048]), 0.7854, 1.0]
[6, array([0.4747, 0.005 ]), array([0.47595952, 0.00059048]), 0.7854, 1.0]
[6, array([0.4747, 0.005 ]), array([0.47625476, 0.00059048]), 0.7854, 1.0]
[6, array([0.4747, 0.005 ]), array([0.47655   , 0.00059048]), 0.7854, 1.0]
[6, array([0.4747, 0.005 ]), array([0.47035   , 0.00088571]), 0.7854, 1.0]
[6, array([0.4747, 0.005 ]), array([0.47064524, 0.00088571]), 0.7854, 1.0]
[6, array([0.4747, 0.005 ]), array([0.47094048, 0.00088571]), 0.7854, 1.0]
[6, array([0.4747, 0.005 ]), array([0.47123571, 0.00088571]), 0.7854, 1.0]
[6, array([0.4747, 0.005 ]), array([0.47153095, 0.00088571]), 0.7854, 1.0]
[6, array([0.4747, 0.005 ]), array([0.47182619, 0.00088571]), 0.7854, 1.0]
[6, array([0.4747, 0.005 ]), array([0.47212143, 0.00088571]), 0.7854, 1.0]
[6, array([0.4747, 0.005 ]), array([0.47241667, 0.00088571]), 0.7854, 1.0]
[6, array([0.4747, 0.005 ]), array([0.4727119 , 0.00088571]), 0.7854, 1.0]
[6, array([0.4747, 0.005 ]), array([0.47300714, 0.00088571]), 0.7854, 1.0]
[6, array([0.4747, 0.005 ]), array([0.47330238, 0.00088571]), 0.7854, 1.0]
[6, array([0.4747, 0.005 ]), array([0.47359762, 0.00088571]), 0.7854, 1.0]
[6, array([0.4747, 0.005 ]), array([0.47389286, 0.00088571]), 0.7854, 1.0]
[6, array([0.4747, 0.005 ]), array([0.4741881 , 0.00088571]), 0.7854, 1.0]
[6, array([0.4747, 0.005 ]), array([0.47448333, 0.00088571]), 0.7854, 1.0]
[6, array([0.4747, 0.005 ]), array([0.47477857, 0.00088571]), 0.7854, 1.0]
[6, array([0.4747, 0.005 ]), array([0.47507381, 0.00088571]), 0.7854, 1.0]
[6, array([0.4747, 0.005 ]), array([0.47536905, 0.00088571]), 0.7854, 1.0]
[6, array([0.4747, 0.005 ]), array([0.47566429, 0.00088571]), 0.7854, 1.0]
[6, array([0.4747, 0.005 ]), array([0.47595952, 0.00088571]), 0.7854, 1.0]
[6, array([0.4747, 0.005 ]), array([0.47625476, 0.00088571]), 0.7854, 1.0]
[6, array([0.4747, 0.005 ]), array([0.47655   , 0.00088571]), 0.7854, 1.0]
[6, array([0.4747, 0.005 ]), array([0.47035   , 0.00118095]), 0.7854, 1.0]
[6, array([0.4747, 0.005 ]), array([0.47064524, 0.00118095]), 0.7854, 1.0]
[6, array([0.4747, 0.005 ]), array([0.47094048, 0.00118095]), 0.7854, 1.0]
[6, array([0.4747, 0.005 ]), array([0.47123571, 0.00118095]), 0.7854, 1.0]
[6, array([0.4747, 0.005 ]), array([0.47153095, 0.00118095]), 0.7854, 1.0]
[6, array([0.4747, 0.005 ]), array([0.47182619, 0.00118095]), 0.7854, 1.0]
[6, array([0.4747, 0.005 ]), array([0.47212143, 0.00118095]), 0.7854, 1.0]
[6, array([0.4747, 0.005 ]), array([0.47241667, 0.00118095]), 0.7854, 1.0]
[6, array([0.4747, 0.005 ]), array([0.4727119 , 0.00118095]), 0.7854, 1.0]
[6, array([0.4747, 0.005 ]), array([0.47300714, 0.00118095]), 0.7854, 1.0]
[6, array([0.4747, 0.005 ]), array([0.47330238, 0.00118095]), 0.7854, 1.0]
[6, array([0.4747, 0.005 ]), array([0.47359762, 0.00118095]), 0.7854, 1.0]
[6, array([0.4747, 0.005 ]), array([0.47389286, 0.00118095]), 0.7854, 1.0]
[6, array([0.4747, 0.005 ]), array([0.4741881 , 0.00118095]), 0.7854, 1.0]
[6, array([0.4747, 0.005 ]), array([0.47448333, 0.00118095]), 0.7854, 1.0]
[6, array([0.4747, 0.005 ]), array([0.47477857, 0.00118095]), 0.7854, 1.0]
[6, array([0.4747, 0.005 ]), array([0.47507381, 0.00118095]), 0.7854, 1.0]
[6, array([0.4747, 0.005 ]), array([0.47536905, 0.00118095]), 0.7854, 1.0]
[6, array([0.4747, 0.005 ]), array([0.47566429, 0.00118095]), 0.7854, 1.0]
[6, array([0.4747, 0.005 ]), array([0.47595952, 0.00118095]), 0.7854, 1.0]
[6, array([0.4747, 0.005 ]), array([0.47625476, 0.00118095]), 0.7854, 1.0]
[6, array([0.4747, 0.005 ]), array([0.47655   , 0.00118095]), 0.7854, 1.0]
[6, array([0.4747, 0.005 ]), array([0.47035   , 0.00147619]), 0.7854, 1.0]
[6, array([0.4747, 0.005 ]), array([0.47064524, 0.00147619]), 0.7854, 1.0]
[6, array([0.4747, 0.005 ]), array([0.47094048, 0.00147619]), 0.7854, 1.0]
[6, array([0.4747, 0.005 ]), array([0.47123571, 0.00147619]), 0.7854, 1.0]
[6, array([0.4747, 0.005 ]), array([0.47153095, 0.00147619]), 0.7854, 1.0]
[6, array([0.4747, 0.005 ]), array([0.47182619, 0.00147619]), 0.7854, 1.0]
[6, array([0.4747, 0.005 ]), array([0.47212143, 0.00147619]), 0.7854, 1.0]
[6, array([0.4747, 0.005 ]), array([0.47241667, 0.00147619]), 0.7854, 1.0]
[6, array([0.4747, 0.005 ]), array([0.4727119 , 0.00147619]), 0.7854, 1.0]
[6, array([0.4747, 0.005 ]), array([0.47300714, 0.00147619]), 0.7854, 1.0]
[6, array([0.4747, 0.005 ]), array([0.47330238, 0.00147619]), 0.7854, 1.0]
[6, array([0.4747, 0.005 ]), array([0.47359762, 0.00147619]), 0.7854, 1.0]
[6, array([0.4747, 0.005 ]), array([0.47389286, 0.00147619]), 0.7854, 1.0]
[6, array([0.4747, 0.005 ]), array([0.4741881 , 0.00147619]), 0.7854, 1.0]
[6, array([0.4747, 0.005 ]), array([0.47448333, 0.00147619]), 0.7854, 1.0]
[6, array([0.4747, 0.005 ]), array([0.47477857, 0.00147619]), 0.7854, 1.0]
[6, array([0.4747, 0.005 ]), array([0.47507381, 0.00147619]), 0.7854, 1.0]
[6, array([0.4747, 0.005 ]), array([0.47536905, 0.00147619]), 0.7854, 1.0]
[6, array([0.4747, 0.005 ]), array([0.47566429, 0.00147619]), 0.7854, 1.0]
[6, array([0.4747, 0.005 ]), array([0.47595952, 0.00147619]), 0.7854, 1.0]
[6, array([0.4747, 0.005 ]), array([0.47625476, 0.00147619]), 0.7854, 1.0]
[6, array([0.4747, 0.005 ]), array([0.47655   , 0.00147619]), 0.7854, 1.0]
[6, array([0.4747, 0.005 ]), array([0.47035   , 0.00177143]), 0.7854, 1.0]
[6, array([0.4747, 0.005 ]), array([0.47064524, 0.00177143]), 0.7854, 1.0]
[6, array([0.4747, 0.005 ]), array([0.47094048, 0.00177143]), 0.7854, 1.0]
[6, array([0.4747, 0.005 ]), array([0.47123571, 0.00177143]), 0.7854, 1.0]
[6, array([0.4747, 0.005 ]), array([0.47153095, 0.00177143]), 0.7854, 1.0]
[6, array([0.4747, 0.005 ]), array([0.47182619, 0.00177143]), 0.7854, 1.0]
[6, array([0.4747, 0.005 ]), array([0.47212143, 0.00177143]), 0.7854, 1.0]
[6, array([0.4747, 0.005 ]), array([0.47241667, 0.00177143]), 0.7854, 1.0]
[6, array([0.4747, 0.005 ]), array([0.4727119 , 0.00177143]), 0.7854, 1.0]
[6, array([0.4747, 0.005 ]), array([0.47300714, 0.00177143]), 0.7854, 1.0]
[6, array([0.4747, 0.005 ]), array([0.47330238, 0.00177143]), 0.7854, 1.0]
[6, array([0.4747, 0.005 ]), array([0.47359762, 0.00177143]), 0.7854, 1.0]
[6, array([0.4747, 0.005 ]), array([0.47389286, 0.00177143]), 0.7854, 1.0]
[6, array([0.4747, 0.005 ]), array([0.4741881 , 0.00177143]), 0.7854, 1.0]
[6, array([0.4747, 0.005 ]), array([0.47448333, 0.00177143]), 0.7854, 1.0]
[6, array([0.4747, 0.005 ]), array([0.47477857, 0.00177143]), 0.7854, 1.0]
[6, array([0.4747, 0.005 ]), array([0.47507381, 0.00177143]), 0.7854, 1.0]
[6, array([0.4747, 0.005 ]), array([0.47536905, 0.00177143]), 0.7854, 1.0]
[6, array([0.4747, 0.005 ]), array([0.47566429, 0.00177143]), 0.7854, 1.0]
[6, array([0.4747, 0.005 ]), array([0.47595952, 0.00177143]), 0.7854, 1.0]
[6, array([0.4747, 0.005 ]), array([0.47625476, 0.00177143]), 0.7854, 1.0]
[6, array([0.4747, 0.005 ]), array([0.47655   , 0.00177143]), 0.7854, 1.0]
[6, array([0.4747, 0.005 ]), array([0.47035   , 0.00206667]), 0.7854, 1.0]
[6, array([0.4747, 0.005 ]), array([0.47064524, 0.00206667]), 0.7854, 1.0]
[6, array([0.4747, 0.005 ]), array([0.47094048, 0.00206667]), 0.7854, 1.0]
[6, array([0.4747, 0.005 ]), array([0.47123571, 0.00206667]), 0.7854, 1.0]
[6, array([0.4747, 0.005 ]), array([0.47153095, 0.00206667]), 0.7854, 1.0]
[6, array([0.4747, 0.005 ]), array([0.47182619, 0.00206667]), 0.7854, 1.0]
[6, array([0.4747, 0.005 ]), array([0.47212143, 0.00206667]), 0.7854, 1.0]
[6, array([0.4747, 0.005 ]), array([0.47241667, 0.00206667]), 0.7854, 1.0]
[6, array([0.4747, 0.005 ]), array([0.4727119 , 0.00206667]), 0.7854, 1.0]
[6, array([0.4747, 0.005 ]), array([0.47300714, 0.00206667]), 0.7854, 1.0]
[6, array([0.4747, 0.005 ]), array([0.47330238, 0.00206667]), 0.7854, 1.0]
[6, array([0.4747, 0.005 ]), array([0.47359762, 0.00206667]), 0.7854, 1.0]
[6, array([0.4747, 0.005 ]), array([0.47389286, 0.00206667]), 0.7854, 1.0]
[6, array([0.4747, 0.005 ]), array([0.4741881 , 0.00206667]), 0.7854, 1.0]
[6, array([0.4747, 0.005 ]), array([0.47448333, 0.00206667]), 0.7854, 1.0]
[6, array([0.4747, 0.005 ]), array([0.47477857, 0.00206667]), 0.7854, 1.0]
[6, array([0.4747, 0.005 ]), array([0.47507381, 0.00206667]), 0.7854, 1.0]
[6, array([0.4747, 0.005 ]), array([0.47536905, 0.00206667]), 0.7854, 1.0]
[6, array([0.4747, 0.005 ]), array([0.47566429, 0.00206667]), 0.7854, 1.0]
[6, array([0.4747, 0.005 ]), array([0.47595952, 0.00206667]), 0.7854, 1.0]
[6, array([0.4747, 0.005 ]), array([0.47625476, 0.00206667]), 0.7854, 1.0]
[6, array([0.4747, 0.005 ]), array([0.47655   , 0.00206667]), 0.7854, 1.0]
[6, array([0.4747, 0.005 ]), array([0.47035  , 0.0023619]), 0.7854, 1.0]
[6, array([0.4747, 0.005 ]), array([0.47064524, 0.0023619 ]), 0.7854, 1.0]
[6, array([0.4747, 0.005 ]), array([0.47094048, 0.0023619 ]), 0.7854, 1.0]
[6, array([0.4747, 0.005 ]), array([0.47123571, 0.0023619 ]), 0.7854, 1.0]
[6, array([0.4747, 0.005 ]), array([0.47153095, 0.0023619 ]), 0.7854, 1.0]
[6, array([0.4747, 0.005 ]), array([0.47182619, 0.0023619 ]), 0.7854, 1.0]
[6, array([0.4747, 0.005 ]), array([0.47212143, 0.0023619 ]), 0.7854, 1.0]
[6, array([0.4747, 0.005 ]), array([0.47241667, 0.0023619 ]), 0.7854, 1.0]
[6, array([0.4747, 0.005 ]), array([0.4727119, 0.0023619]), 0.7854, 1.0]
[6, array([0.4747, 0.005 ]), array([0.47300714, 0.0023619 ]), 0.7854, 1.0]
[6, array([0.4747, 0.005 ]), array([0.47330238, 0.0023619 ]), 0.7854, 1.0]
[6, array([0.4747, 0.005 ]), array([0.47359762, 0.0023619 ]), 0.7854, 1.0]
[6, array([0.4747, 0.005 ]), array([0.47389286, 0.0023619 ]), 0.7854, 1.0]
[6, array([0.4747, 0.005 ]), array([0.4741881, 0.0023619]), 0.7854, 1.0]
[6, array([0.4747, 0.005 ]), array([0.47448333, 0.0023619 ]), 0.7854, 1.0]
[6, array([0.4747, 0.005 ]), array([0.47477857, 0.0023619 ]), 0.7854, 1.0]
[6, array([0.4747, 0.005 ]), array([0.47507381, 0.0023619 ]), 0.7854, 1.0]
[6, array([0.4747, 0.005 ]), array([0.47536905, 0.0023619 ]), 0.7854, 1.0]
[6, array([0.4747, 0.005 ]), array([0.47566429, 0.0023619 ]), 0.7854, 1.0]
[6, array([0.4747, 0.005 ]), array([0.47595952, 0.0023619 ]), 0.7854, 1.0]
[6, array([0.4747, 0.005 ]), array([0.47625476, 0.0023619 ]), 0.7854, 1.0]
[6, array([0.4747, 0.005 ]), array([0.47655  , 0.0023619]), 0.7854, 1.0]
[6, array([0.4747, 0.005 ]), array([0.47035   , 0.00265714]), 0.7854, 1.0]
[6, array([0.4747, 0.005 ]), array([0.47064524, 0.00265714]), 0.7854, 1.0]
[6, array([0.4747, 0.005 ]), array([0.47094048, 0.00265714]), 0.7854, 1.0]
[6, array([0.4747, 0.005 ]), array([0.47123571, 0.00265714]), 0.7854, 1.0]
[6, array([0.4747, 0.005 ]), array([0.47153095, 0.00265714]), 0.7854, 1.0]
[6, array([0.4747, 0.005 ]), array([0.47182619, 0.00265714]), 0.7854, 1.0]
[6, array([0.4747, 0.005 ]), array([0.47212143, 0.00265714]), 0.7854, 1.0]
[6, array([0.4747, 0.005 ]), array([0.47241667, 0.00265714]), 0.7854, 1.0]
[6, array([0.4747, 0.005 ]), array([0.4727119 , 0.00265714]), 0.7854, 1.0]
[6, array([0.4747, 0.005 ]), array([0.47300714, 0.00265714]), 0.7854, 1.0]
[6, array([0.4747, 0.005 ]), array([0.47330238, 0.00265714]), 0.7854, 1.0]
[6, array([0.4747, 0.005 ]), array([0.47359762, 0.00265714]), 0.7854, 1.0]
[6, array([0.4747, 0.005 ]), array([0.47389286, 0.00265714]), 0.7854, 1.0]
[6, array([0.4747, 0.005 ]), array([0.4741881 , 0.00265714]), 0.7854, 1.0]
[6, array([0.4747, 0.005 ]), array([0.47448333, 0.00265714]), 0.7854, 1.0]
[6, array([0.4747, 0.005 ]), array([0.47477857, 0.00265714]), 0.7854, 1.0]
[6, array([0.4747, 0.005 ]), array([0.47507381, 0.00265714]), 0.7854, 1.0]
[6, array([0.4747, 0.005 ]), array([0.47536905, 0.00265714]), 0.7854, 1.0]
[6, array([0.4747, 0.005 ]), array([0.47566429, 0.00265714]), 0.7854, 1.0]
[6, array([0.4747, 0.005 ]), array([0.47595952, 0.00265714]), 0.7854, 1.0]
[6, array([0.4747, 0.005 ]), array([0.47625476, 0.00265714]), 0.7854, 1.0]
[6, array([0.4747, 0.005 ]), array([0.47655   , 0.00265714]), 0.7854, 1.0]
[6, array([0.4747, 0.005 ]), array([0.47035   , 0.00295238]), 0.7854, 1.0]
[6, array([0.4747, 0.005 ]), array([0.47064524, 0.00295238]), 0.7854, 1.0]
[6, array([0.4747, 0.005 ]), array([0.47094048, 0.00295238]), 0.7854, 1.0]
[6, array([0.4747, 0.005 ]), array([0.47123571, 0.00295238]), 0.7854, 1.0]
[6, array([0.4747, 0.005 ]), array([0.47153095, 0.00295238]), 0.7854, 1.0]
[6, array([0.4747, 0.005 ]), array([0.47182619, 0.00295238]), 0.7854, 1.0]
[6, array([0.4747, 0.005 ]), array([0.47212143, 0.00295238]), 0.7854, 1.0]
[6, array([0.4747, 0.005 ]), array([0.47241667, 0.00295238]), 0.7854, 1.0]
[6, array([0.4747, 0.005 ]), array([0.4727119 , 0.00295238]), 0.7854, 1.0]
[6, array([0.4747, 0.005 ]), array([0.47300714, 0.00295238]), 0.7854, 1.0]
[6, array([0.4747, 0.005 ]), array([0.47330238, 0.00295238]), 0.7854, 1.0]
[6, array([0.4747, 0.005 ]), array([0.47359762, 0.00295238]), 0.7854, 1.0]
[6, array([0.4747, 0.005 ]), array([0.47389286, 0.00295238]), 0.7854, 1.0]
[6, array([0.4747, 0.005 ]), array([0.4741881 , 0.00295238]), 0.7854, 1.0]
[6, array([0.4747, 0.005 ]), array([0.47448333, 0.00295238]), 0.7854, 1.0]
[6, array([0.4747, 0.005 ]), array([0.47477857, 0.00295238]), 0.7854, 1.0]
[6, array([0.4747, 0.005 ]), array([0.47507381, 0.00295238]), 0.7854, 1.0]
[6, array([0.4747, 0.005 ]), array([0.47536905, 0.00295238]), 0.7854, 1.0]
[6, array([0.4747, 0.005 ]), array([0.47566429, 0.00295238]), 0.7854, 1.0]
[6, array([0.4747, 0.005 ]), array([0.47595952, 0.00295238]), 0.7854, 1.0]
[6, array([0.4747, 0.005 ]), array([0.47625476, 0.00295238]), 0.7854, 1.0]
[6, array([0.4747, 0.005 ]), array([0.47655   , 0.00295238]), 0.7854, 1.0]
[6, array([0.4747, 0.005 ]), array([0.47035   , 0.00324762]), 0.7854, 1.0]
[6, array([0.4747, 0.005 ]), array([0.47064524, 0.00324762]), 0.7854, 1.0]
[6, array([0.4747, 0.005 ]), array([0.47094048, 0.00324762]), 0.7854, 1.0]
[6, array([0.4747, 0.005 ]), array([0.47123571, 0.00324762]), 0.7854, 1.0]
[6, array([0.4747, 0.005 ]), array([0.47153095, 0.00324762]), 0.7854, 1.0]
[6, array([0.4747, 0.005 ]), array([0.47182619, 0.00324762]), 0.7854, 1.0]
[6, array([0.4747, 0.005 ]), array([0.47212143, 0.00324762]), 0.7854, 1.0]
[6, array([0.4747, 0.005 ]), array([0.47241667, 0.00324762]), 0.7854, 1.0]
[6, array([0.4747, 0.005 ]), array([0.4727119 , 0.00324762]), 0.7854, 1.0]
[6, array([0.4747, 0.005 ]), array([0.47300714, 0.00324762]), 0.7854, 1.0]
[6, array([0.4747, 0.005 ]), array([0.47330238, 0.00324762]), 0.7854, 1.0]
[6, array([0.4747, 0.005 ]), array([0.47359762, 0.00324762]), 0.7854, 1.0]
[6, array([0.4747, 0.005 ]), array([0.47389286, 0.00324762]), 0.7854, 1.0]
[6, array([0.4747, 0.005 ]), array([0.4741881 , 0.00324762]), 0.7854, 1.0]
[6, array([0.4747, 0.005 ]), array([0.47448333, 0.00324762]), 0.7854, 1.0]
[6, array([0.4747, 0.005 ]), array([0.47477857, 0.00324762]), 0.7854, 1.0]
[6, array([0.4747, 0.005 ]), array([0.47507381, 0.00324762]), 0.7854, 1.0]
[6, array([0.4747, 0.005 ]), array([0.47536905, 0.00324762]), 0.7854, 1.0]
[6, array([0.4747, 0.005 ]), array([0.47566429, 0.00324762]), 0.7854, 1.0]
[6, array([0.4747, 0.005 ]), array([0.47595952, 0.00324762]), 0.7854, 1.0]
[6, array([0.4747, 0.005 ]), array([0.47625476, 0.00324762]), 0.7854, 1.0]
[6, array([0.4747, 0.005 ]), array([0.47655   , 0.00324762]), 0.7854, 1.0]
[6, array([0.4747, 0.005 ]), array([0.47035   , 0.00354286]), 0.7854, 1.0]
[6, array([0.4747, 0.005 ]), array([0.47064524, 0.00354286]), 0.7854, 1.0]
[6, array([0.4747, 0.005 ]), array([0.47094048, 0.00354286]), 0.7854, 1.0]
[6, array([0.4747, 0.005 ]), array([0.47123571, 0.00354286]), 0.7854, 1.0]
[6, array([0.4747, 0.005 ]), array([0.47153095, 0.00354286]), 0.7854, 1.0]
[6, array([0.4747, 0.005 ]), array([0.47182619, 0.00354286]), 0.7854, 1.0]
[6, array([0.4747, 0.005 ]), array([0.47212143, 0.00354286]), 0.7854, 1.0]
[6, array([0.4747, 0.005 ]), array([0.47241667, 0.00354286]), 0.7854, 1.0]
[6, array([0.4747, 0.005 ]), array([0.4727119 , 0.00354286]), 0.7854, 1.0]
[6, array([0.4747, 0.005 ]), array([0.47300714, 0.00354286]), 0.7854, 1.0]
[6, array([0.4747, 0.005 ]), array([0.47330238, 0.00354286]), 0.7854, 1.0]
[6, array([0.4747, 0.005 ]), array([0.47359762, 0.00354286]), 0.7854, 1.0]
[6, array([0.4747, 0.005 ]), array([0.47389286, 0.00354286]), 0.7854, 1.0]
[6, array([0.4747, 0.005 ]), array([0.4741881 , 0.00354286]), 0.7854, 1.0]
[6, array([0.4747, 0.005 ]), array([0.47448333, 0.00354286]), 0.7854, 1.0]
[6, array([0.4747, 0.005 ]), array([0.47477857, 0.00354286]), 0.7854, 1.0]
[6, array([0.4747, 0.005 ]), array([0.47507381, 0.00354286]), 0.7854, 1.0]
[6, array([0.4747, 0.005 ]), array([0.47536905, 0.00354286]), 0.7854, 1.0]
[6, array([0.4747, 0.005 ]), array([0.47566429, 0.00354286]), 0.7854, 1.0]
[6, array([0.4747, 0.005 ]), array([0.47595952, 0.00354286]), 0.7854, 1.0]
[6, array([0.4747, 0.005 ]), array([0.47625476, 0.00354286]), 0.7854, 1.0]
[6, array([0.4747, 0.005 ]), array([0.47655   , 0.00354286]), 0.7854, 1.0]
[6, array([0.4747, 0.005 ]), array([0.47035  , 0.0038381]), 0.7854, 1.0]
[6, array([0.4747, 0.005 ]), array([0.47064524, 0.0038381 ]), 0.7854, 1.0]
[6, array([0.4747, 0.005 ]), array([0.47094048, 0.0038381 ]), 0.7854, 1.0]
[6, array([0.4747, 0.005 ]), array([0.47123571, 0.0038381 ]), 0.7854, 1.0]
[6, array([0.4747, 0.005 ]), array([0.47153095, 0.0038381 ]), 0.7854, 1.0]
[6, array([0.4747, 0.005 ]), array([0.47182619, 0.0038381 ]), 0.7854, 1.0]
[6, array([0.4747, 0.005 ]), array([0.47212143, 0.0038381 ]), 0.7854, 1.0]
[6, array([0.4747, 0.005 ]), array([0.47241667, 0.0038381 ]), 0.7854, 1.0]
[6, array([0.4747, 0.005 ]), array([0.4727119, 0.0038381]), 0.7854, 1.0]
[6, array([0.4747, 0.005 ]), array([0.47300714, 0.0038381 ]), 0.7854, 1.0]
[6, array([0.4747, 0.005 ]), array([0.47330238, 0.0038381 ]), 0.7854, 1.0]
[6, array([0.4747, 0.005 ]), array([0.47359762, 0.0038381 ]), 0.7854, 1.0]
[6, array([0.4747, 0.005 ]), array([0.47389286, 0.0038381 ]), 0.7854, 1.0]
[6, array([0.4747, 0.005 ]), array([0.4741881, 0.0038381]), 0.7854, 1.0]
[6, array([0.4747, 0.005 ]), array([0.47448333, 0.0038381 ]), 0.7854, 1.0]
[6, array([0.4747, 0.005 ]), array([0.47477857, 0.0038381 ]), 0.7854, 1.0]
[6, array([0.4747, 0.005 ]), array([0.47507381, 0.0038381 ]), 0.7854, 1.0]
[6, array([0.4747, 0.005 ]), array([0.47536905, 0.0038381 ]), 0.7854, 1.0]
[6, array([0.4747, 0.005 ]), array([0.47566429, 0.0038381 ]), 0.7854, 1.0]
[6, array([0.4747, 0.005 ]), array([0.47595952, 0.0038381 ]), 0.7854, 1.0]
[6, array([0.4747, 0.005 ]), array([0.47625476, 0.0038381 ]), 0.7854, 1.0]
[6, array([0.4747, 0.005 ]), array([0.47655  , 0.0038381]), 0.7854, 1.0]
[6, array([0.4747, 0.005 ]), array([0.47035   , 0.00413333]), 0.7854, 1.0]
[6, array([0.4747, 0.005 ]), array([0.47064524, 0.00413333]), 0.7854, 1.0]
[6, array([0.4747, 0.005 ]), array([0.47094048, 0.00413333]), 0.7854, 1.0]
[6, array([0.4747, 0.005 ]), array([0.47123571, 0.00413333]), 0.7854, 1.0]
[6, array([0.4747, 0.005 ]), array([0.47153095, 0.00413333]), 0.7854, 1.0]
[6, array([0.4747, 0.005 ]), array([0.47182619, 0.00413333]), 0.7854, 1.0]
[6, array([0.4747, 0.005 ]), array([0.47212143, 0.00413333]), 0.7854, 1.0]
[6, array([0.4747, 0.005 ]), array([0.47241667, 0.00413333]), 0.7854, 1.0]
[6, array([0.4747, 0.005 ]), array([0.4727119 , 0.00413333]), 0.7854, 1.0]
[6, array([0.4747, 0.005 ]), array([0.47300714, 0.00413333]), 0.7854, 1.0]
[6, array([0.4747, 0.005 ]), array([0.47330238, 0.00413333]), 0.7854, 1.0]
[6, array([0.4747, 0.005 ]), array([0.47359762, 0.00413333]), 0.7854, 1.0]
[6, array([0.4747, 0.005 ]), array([0.47389286, 0.00413333]), 0.7854, 1.0]
[6, array([0.4747, 0.005 ]), array([0.4741881 , 0.00413333]), 0.7854, 1.0]
[6, array([0.4747, 0.005 ]), array([0.47448333, 0.00413333]), 0.7854, 1.0]
[6, array([0.4747, 0.005 ]), array([0.47477857, 0.00413333]), 0.7854, 1.0]
[6, array([0.4747, 0.005 ]), array([0.47507381, 0.00413333]), 0.7854, 1.0]
[6, array([0.4747, 0.005 ]), array([0.47536905, 0.00413333]), 0.7854, 1.0]
[6, array([0.4747, 0.005 ]), array([0.47566429, 0.00413333]), 0.7854, 1.0]
[6, array([0.4747, 0.005 ]), array([0.47595952, 0.00413333]), 0.7854, 1.0]
[6, array([0.4747, 0.005 ]), array([0.47625476, 0.00413333]), 0.7854, 1.0]
[6, array([0.4747, 0.005 ]), array([0.47655   , 0.00413333]), 0.7854, 1.0]
[6, array([0.4747, 0.005 ]), array([0.47035   , 0.00442857]), 0.7854, 1.0]
[6, array([0.4747, 0.005 ]), array([0.47064524, 0.00442857]), 0.7854, 1.0]
[6, array([0.4747, 0.005 ]), array([0.47094048, 0.00442857]), 0.7854, 1.0]
[6, array([0.4747, 0.005 ]), array([0.47123571, 0.00442857]), 0.7854, 1.0]
[6, array([0.4747, 0.005 ]), array([0.47153095, 0.00442857]), 0.7854, 1.0]
[6, array([0.4747, 0.005 ]), array([0.47182619, 0.00442857]), 0.7854, 1.0]
[6, array([0.4747, 0.005 ]), array([0.47212143, 0.00442857]), 0.7854, 1.0]
[6, array([0.4747, 0.005 ]), array([0.47241667, 0.00442857]), 0.7854, 1.0]
[6, array([0.4747, 0.005 ]), array([0.4727119 , 0.00442857]), 0.7854, 1.0]
[6, array([0.4747, 0.005 ]), array([0.47300714, 0.00442857]), 0.7854, 1.0]
[6, array([0.4747, 0.005 ]), array([0.47330238, 0.00442857]), 0.7854, 1.0]
[6, array([0.4747, 0.005 ]), array([0.47359762, 0.00442857]), 0.7854, 1.0]
[6, array([0.4747, 0.005 ]), array([0.47389286, 0.00442857]), 0.7854, 1.0]
[6, array([0.4747, 0.005 ]), array([0.4741881 , 0.00442857]), 0.7854, 1.0]
[6, array([0.4747, 0.005 ]), array([0.47448333, 0.00442857]), 0.7854, 1.0]
[6, array([0.4747, 0.005 ]), array([0.47477857, 0.00442857]), 0.7854, 1.0]
[6, array([0.4747, 0.005 ]), array([0.47507381, 0.00442857]), 0.7854, 1.0]
[6, array([0.4747, 0.005 ]), array([0.47536905, 0.00442857]), 0.7854, 1.0]
[6, array([0.4747, 0.005 ]), array([0.47566429, 0.00442857]), 0.7854, 1.0]
[6, array([0.4747, 0.005 ]), array([0.47595952, 0.00442857]), 0.7854, 1.0]
[6, array([0.4747, 0.005 ]), array([0.47625476, 0.00442857]), 0.7854, 1.0]
[6, array([0.4747, 0.005 ]), array([0.47655   , 0.00442857]), 0.7854, 1.0]
[6, array([0.4747, 0.005 ]), array([0.47035   , 0.00472381]), 0.7854, 1.0]
[6, array([0.4747, 0.005 ]), array([0.47064524, 0.00472381]), 0.7854, 1.0]
[6, array([0.4747, 0.005 ]), array([0.47094048, 0.00472381]), 0.7854, 1.0]
[6, array([0.4747, 0.005 ]), array([0.47123571, 0.00472381]), 0.7854, 1.0]
[6, array([0.4747, 0.005 ]), array([0.47153095, 0.00472381]), 0.7854, 1.0]
[6, array([0.4747, 0.005 ]), array([0.47182619, 0.00472381]), 0.7854, 1.0]
[6, array([0.4747, 0.005 ]), array([0.47212143, 0.00472381]), 0.7854, 1.0]
[6, array([0.4747, 0.005 ]), array([0.47241667, 0.00472381]), 0.7854, 1.0]
[6, array([0.4747, 0.005 ]), array([0.4727119 , 0.00472381]), 0.7854, 1.0]
[6, array([0.4747, 0.005 ]), array([0.47300714, 0.00472381]), 0.7854, 1.0]
[6, array([0.4747, 0.005 ]), array([0.47330238, 0.00472381]), 0.7854, 1.0]
[6, array([0.4747, 0.005 ]), array([0.47359762, 0.00472381]), 0.7854, 1.0]
[6, array([0.4747, 0.005 ]), array([0.47389286, 0.00472381]), 0.7854, 1.0]
[6, array([0.4747, 0.005 ]), array([0.4741881 , 0.00472381]), 0.7854, 1.0]
[6, array([0.4747, 0.005 ]), array([0.47448333, 0.00472381]), 0.7854, 1.0]
[6, array([0.4747, 0.005 ]), array([0.47477857, 0.00472381]), 0.7854, 1.0]
[6, array([0.4747, 0.005 ]), array([0.47507381, 0.00472381]), 0.7854, 1.0]
[6, array([0.4747, 0.005 ]), array([0.47536905, 0.00472381]), 0.7854, 1.0]
[6, array([0.4747, 0.005 ]), array([0.47566429, 0.00472381]), 0.7854, 1.0]
[6, array([0.4747, 0.005 ]), array([0.47595952, 0.00472381]), 0.7854, 1.0]
[6, array([0.4747, 0.005 ]), array([0.47625476, 0.00472381]), 0.7854, 1.0]
[6, array([0.4747, 0.005 ]), array([0.47655   , 0.00472381]), 0.7854, 1.0]
[6, array([0.4747, 0.005 ]), array([0.47035   , 0.00501905]), 0.7854, 1.0]
[6, array([0.4747, 0.005 ]), array([0.47064524, 0.00501905]), 0.7854, 1.0]
[6, array([0.4747, 0.005 ]), array([0.47094048, 0.00501905]), 0.7854, 1.0]
[6, array([0.4747, 0.005 ]), array([0.47123571, 0.00501905]), 0.7854, 1.0]
[6, array([0.4747, 0.005 ]), array([0.47153095, 0.00501905]), 0.7854, 1.0]
[6, array([0.4747, 0.005 ]), array([0.47182619, 0.00501905]), 0.7854, 1.0]
[6, array([0.4747, 0.005 ]), array([0.47212143, 0.00501905]), 0.7854, 1.0]
[6, array([0.4747, 0.005 ]), array([0.47241667, 0.00501905]), 0.7854, 1.0]
[6, array([0.4747, 0.005 ]), array([0.4727119 , 0.00501905]), 0.7854, 1.0]
[6, array([0.4747, 0.005 ]), array([0.47300714, 0.00501905]), 0.7854, 1.0]
[6, array([0.4747, 0.005 ]), array([0.47330238, 0.00501905]), 0.7854, 1.0]
[6, array([0.4747, 0.005 ]), array([0.47359762, 0.00501905]), 0.7854, 1.0]
[6, array([0.4747, 0.005 ]), array([0.47389286, 0.00501905]), 0.7854, 1.0]
[6, array([0.4747, 0.005 ]), array([0.4741881 , 0.00501905]), 0.7854, 1.0]
[6, array([0.4747, 0.005 ]), array([0.47448333, 0.00501905]), 0.7854, 1.0]
[6, array([0.4747, 0.005 ]), array([0.47477857, 0.00501905]), 0.7854, 1.0]
[6, array([0.4747, 0.005 ]), array([0.47507381, 0.00501905]), 0.7854, 1.0]
[6, array([0.4747, 0.005 ]), array([0.47536905, 0.00501905]), 0.7854, 1.0]
[6, array([0.4747, 0.005 ]), array([0.47566429, 0.00501905]), 0.7854, 1.0]
[6, array([0.4747, 0.005 ]), array([0.47595952, 0.00501905]), 0.7854, 1.0]
[6, array([0.4747, 0.005 ]), array([0.47625476, 0.00501905]), 0.7854, 1.0]
[6, array([0.4747, 0.005 ]), array([0.47655   , 0.00501905]), 0.7854, 1.0]
[6, array([0.4747, 0.005 ]), array([0.47035   , 0.00531429]), 0.7854, 1.0]
[6, array([0.4747, 0.005 ]), array([0.47064524, 0.00531429]), 0.7854, 1.0]
[6, array([0.4747, 0.005 ]), array([0.47094048, 0.00531429]), 0.7854, 1.0]
[6, array([0.4747, 0.005 ]), array([0.47123571, 0.00531429]), 0.7854, 1.0]
[6, array([0.4747, 0.005 ]), array([0.47153095, 0.00531429]), 0.7854, 1.0]
[6, array([0.4747, 0.005 ]), array([0.47182619, 0.00531429]), 0.7854, 1.0]
[6, array([0.4747, 0.005 ]), array([0.47212143, 0.00531429]), 0.7854, 1.0]
[6, array([0.4747, 0.005 ]), array([0.47241667, 0.00531429]), 0.7854, 1.0]
[6, array([0.4747, 0.005 ]), array([0.4727119 , 0.00531429]), 0.7854, 1.0]
[6, array([0.4747, 0.005 ]), array([0.47300714, 0.00531429]), 0.7854, 1.0]
[6, array([0.4747, 0.005 ]), array([0.47330238, 0.00531429]), 0.7854, 1.0]
[6, array([0.4747, 0.005 ]), array([0.47359762, 0.00531429]), 0.7854, 1.0]
[6, array([0.4747, 0.005 ]), array([0.47389286, 0.00531429]), 0.7854, 1.0]
[6, array([0.4747, 0.005 ]), array([0.4741881 , 0.00531429]), 0.7854, 1.0]
[6, array([0.4747, 0.005 ]), array([0.47448333, 0.00531429]), 0.7854, 1.0]
[6, array([0.4747, 0.005 ]), array([0.47477857, 0.00531429]), 0.7854, 1.0]
[6, array([0.4747, 0.005 ]), array([0.47507381, 0.00531429]), 0.7854, 1.0]
[6, array([0.4747, 0.005 ]), array([0.47536905, 0.00531429]), 0.7854, 1.0]
[6, array([0.4747, 0.005 ]), array([0.47566429, 0.00531429]), 0.7854, 1.0]
[6, array([0.4747, 0.005 ]), array([0.47595952, 0.00531429]), 0.7854, 1.0]
[6, array([0.4747, 0.005 ]), array([0.47625476, 0.00531429]), 0.7854, 1.0]
[6, array([0.4747, 0.005 ]), array([0.47655   , 0.00531429]), 0.7854, 1.0]
[6, array([0.4747, 0.005 ]), array([0.47035   , 0.00560952]), 0.7854, 1.0]
[6, array([0.4747, 0.005 ]), array([0.47064524, 0.00560952]), 0.7854, 1.0]
[6, array([0.4747, 0.005 ]), array([0.47094048, 0.00560952]), 0.7854, 1.0]
[6, array([0.4747, 0.005 ]), array([0.47123571, 0.00560952]), 0.7854, 1.0]
[6, array([0.4747, 0.005 ]), array([0.47153095, 0.00560952]), 0.7854, 1.0]
[6, array([0.4747, 0.005 ]), array([0.47182619, 0.00560952]), 0.7854, 1.0]
[6, array([0.4747, 0.005 ]), array([0.47212143, 0.00560952]), 0.7854, 1.0]
[6, array([0.4747, 0.005 ]), array([0.47241667, 0.00560952]), 0.7854, 1.0]
[6, array([0.4747, 0.005 ]), array([0.4727119 , 0.00560952]), 0.7854, 1.0]
[6, array([0.4747, 0.005 ]), array([0.47300714, 0.00560952]), 0.7854, 1.0]
[6, array([0.4747, 0.005 ]), array([0.47330238, 0.00560952]), 0.7854, 1.0]
[6, array([0.4747, 0.005 ]), array([0.47359762, 0.00560952]), 0.7854, 1.0]
[6, array([0.4747, 0.005 ]), array([0.47389286, 0.00560952]), 0.7854, 1.0]
[6, array([0.4747, 0.005 ]), array([0.4741881 , 0.00560952]), 0.7854, 1.0]
[6, array([0.4747, 0.005 ]), array([0.47448333, 0.00560952]), 0.7854, 1.0]
[6, array([0.4747, 0.005 ]), array([0.47477857, 0.00560952]), 0.7854, 1.0]
[6, array([0.4747, 0.005 ]), array([0.47507381, 0.00560952]), 0.7854, 1.0]
[6, array([0.4747, 0.005 ]), array([0.47536905, 0.00560952]), 0.7854, 1.0]
[6, array([0.4747, 0.005 ]), array([0.47566429, 0.00560952]), 0.7854, 1.0]
[6, array([0.4747, 0.005 ]), array([0.47595952, 0.00560952]), 0.7854, 1.0]
[6, array([0.4747, 0.005 ]), array([0.47625476, 0.00560952]), 0.7854, 1.0]
[6, array([0.4747, 0.005 ]), array([0.47655   , 0.00560952]), 0.7854, 1.0]
[6, array([0.4747, 0.005 ]), array([0.47035   , 0.00590476]), 0.7854, 1.0]
[6, array([0.4747, 0.005 ]), array([0.47064524, 0.00590476]), 0.7854, 1.0]
[6, array([0.4747, 0.005 ]), array([0.47094048, 0.00590476]), 0.7854, 1.0]
[6, array([0.4747, 0.005 ]), array([0.47123571, 0.00590476]), 0.7854, 1.0]
[6, array([0.4747, 0.005 ]), array([0.47153095, 0.00590476]), 0.7854, 1.0]
[6, array([0.4747, 0.005 ]), array([0.47182619, 0.00590476]), 0.7854, 1.0]
[6, array([0.4747, 0.005 ]), array([0.47212143, 0.00590476]), 0.7854, 1.0]
[6, array([0.4747, 0.005 ]), array([0.47241667, 0.00590476]), 0.7854, 1.0]
[6, array([0.4747, 0.005 ]), array([0.4727119 , 0.00590476]), 0.7854, 1.0]
[6, array([0.4747, 0.005 ]), array([0.47300714, 0.00590476]), 0.7854, 1.0]
[6, array([0.4747, 0.005 ]), array([0.47330238, 0.00590476]), 0.7854, 1.0]
[6, array([0.4747, 0.005 ]), array([0.47359762, 0.00590476]), 0.7854, 1.0]
[6, array([0.4747, 0.005 ]), array([0.47389286, 0.00590476]), 0.7854, 1.0]
[6, array([0.4747, 0.005 ]), array([0.4741881 , 0.00590476]), 0.7854, 1.0]
[6, array([0.4747, 0.005 ]), array([0.47448333, 0.00590476]), 0.7854, 1.0]
[6, array([0.4747, 0.005 ]), array([0.47477857, 0.00590476]), 0.7854, 1.0]
[6, array([0.4747, 0.005 ]), array([0.47507381, 0.00590476]), 0.7854, 1.0]
[6, array([0.4747, 0.005 ]), array([0.47536905, 0.00590476]), 0.7854, 1.0]
[6, array([0.4747, 0.005 ]), array([0.47566429, 0.00590476]), 0.7854, 1.0]
[6, array([0.4747, 0.005 ]), array([0.47595952, 0.00590476]), 0.7854, 1.0]
[6, array([0.4747, 0.005 ]), array([0.47625476, 0.00590476]), 0.7854, 1.0]
[6, array([0.4747, 0.005 ]), array([0.47655   , 0.00590476]), 0.7854, 1.0]
[6, array([0.4747, 0.005 ]), array([0.47035, 0.0062 ]), 0.7854, 1.0]
[6, array([0.4747, 0.005 ]), array([0.47064524, 0.0062    ]), 0.7854, 1.0]
[6, array([0.4747, 0.005 ]), array([0.47094048, 0.0062    ]), 0.7854, 1.0]
[6, array([0.4747, 0.005 ]), array([0.47123571, 0.0062    ]), 0.7854, 1.0]
[6, array([0.4747, 0.005 ]), array([0.47153095, 0.0062    ]), 0.7854, 1.0]
[6, array([0.4747, 0.005 ]), array([0.47182619, 0.0062    ]), 0.7854, 1.0]
[6, array([0.4747, 0.005 ]), array([0.47212143, 0.0062    ]), 0.7854, 1.0]
[6, array([0.4747, 0.005 ]), array([0.47241667, 0.0062    ]), 0.7854, 1.0]
[6, array([0.4747, 0.005 ]), array([0.4727119, 0.0062   ]), 0.7854, 1.0]
[6, array([0.4747, 0.005 ]), array([0.47300714, 0.0062    ]), 0.7854, 1.0]
[6, array([0.4747, 0.005 ]), array([0.47330238, 0.0062    ]), 0.7854, 1.0]
[6, array([0.4747, 0.005 ]), array([0.47359762, 0.0062    ]), 0.7854, 1.0]
[6, array([0.4747, 0.005 ]), array([0.47389286, 0.0062    ]), 0.7854, 1.0]
[6, array([0.4747, 0.005 ]), array([0.4741881, 0.0062   ]), 0.7854, 1.0]
[6, array([0.4747, 0.005 ]), array([0.47448333, 0.0062    ]), 0.7854, 1.0]
[6, array([0.4747, 0.005 ]), array([0.47477857, 0.0062    ]), 0.7854, 1.0]
[6, array([0.4747, 0.005 ]), array([0.47507381, 0.0062    ]), 0.7854, 1.0]
[6, array([0.4747, 0.005 ]), array([0.47536905, 0.0062    ]), 0.7854, 1.0]
[6, array([0.4747, 0.005 ]), array([0.47566429, 0.0062    ]), 0.7854, 1.0]
[6, array([0.4747, 0.005 ]), array([0.47595952, 0.0062    ]), 0.7854, 1.0]
[6, array([0.4747, 0.005 ]), array([0.47625476, 0.0062    ]), 0.7854, 1.0]
[6, array([0.4747, 0.005 ]), array([0.47655, 0.0062 ]), 0.7854, 1.0]
[3, array([0.4921, 0.0218]), array([0.4875, 0.0156]), 0.7854, 0.0]
[3, array([0.4921, 0.0218]), array([0.48764762, 0.0156    ]), 0.7854, 0.0]
[3, array([0.4921, 0.0218]), array([0.48779524, 0.0156    ]), 0.7854, 0.0]
[3, array([0.4921, 0.0218]), array([0.48794286, 0.0156    ]), 0.7854, 0.0]
[3, array([0.4921, 0.0218]), array([0.48809048, 0.0156    ]), 0.7854, 0.0]
[3, array([0.4921, 0.0218]), array([0.4882381, 0.0156   ]), 0.7854, 0.0]
[3, array([0.4921, 0.0218]), array([0.48838571, 0.0156    ]), 0.7854, 0.0]
[3, array([0.4921, 0.0218]), array([0.48853333, 0.0156    ]), 0.7854, 0.0]
[3, array([0.4921, 0.0218]), array([0.48868095, 0.0156    ]), 0.7854, 0.0]
[3, array([0.4921, 0.0218]), array([0.48882857, 0.0156    ]), 0.7854, 0.0]
[3, array([0.4921, 0.0218]), array([0.48897619, 0.0156    ]), 0.7854, 0.0]
[3, array([0.4921, 0.0218]), array([0.48912381, 0.0156    ]), 0.7854, 0.0]
[3, array([0.4921, 0.0218]), array([0.48927143, 0.0156    ]), 0.7854, 0.0]
[3, array([0.4921, 0.0218]), array([0.48941905, 0.0156    ]), 0.7854, 0.0]
[3, array([0.4921, 0.0218]), array([0.48956667, 0.0156    ]), 0.7854, 1.0]
[3, array([0.4921, 0.0218]), array([0.48971429, 0.0156    ]), 0.7854, 0.0]
[3, array([0.4921, 0.0218]), array([0.4898619, 0.0156   ]), 0.7854, 1.0]
[3, array([0.4921, 0.0218]), array([0.49000952, 0.0156    ]), 0.7854, 0.0]
[3, array([0.4921, 0.0218]), array([0.49015714, 0.0156    ]), 0.7854, 0.0]
[3, array([0.4921, 0.0218]), array([0.49030476, 0.0156    ]), 0.7854, 1.0]
[3, array([0.4921, 0.0218]), array([0.49045238, 0.0156    ]), 0.7854, 1.0]
[3, array([0.4921, 0.0218]), array([0.4906, 0.0156]), 0.7854, 1.0]
[3, array([0.4921, 0.0218]), array([0.4875    , 0.01574762]), 0.7854, 0.0]
[3, array([0.4921, 0.0218]), array([0.48764762, 0.01574762]), 0.7854, 0.0]
[3, array([0.4921, 0.0218]), array([0.48779524, 0.01574762]), 0.7854, 0.0]
[3, array([0.4921, 0.0218]), array([0.48794286, 0.01574762]), 0.7854, 0.0]
[3, array([0.4921, 0.0218]), array([0.48809048, 0.01574762]), 0.7854, 0.0]
[3, array([0.4921, 0.0218]), array([0.4882381 , 0.01574762]), 0.7854, 0.0]
[3, array([0.4921, 0.0218]), array([0.48838571, 0.01574762]), 0.7854, 0.0]
[3, array([0.4921, 0.0218]), array([0.48853333, 0.01574762]), 0.7854, 0.0]
[3, array([0.4921, 0.0218]), array([0.48868095, 0.01574762]), 0.7854, 0.0]
[3, array([0.4921, 0.0218]), array([0.48882857, 0.01574762]), 0.7854, 0.0]
[3, array([0.4921, 0.0218]), array([0.48897619, 0.01574762]), 0.7854, 0.0]
[3, array([0.4921, 0.0218]), array([0.48912381, 0.01574762]), 0.7854, 0.0]
[3, array([0.4921, 0.0218]), array([0.48927143, 0.01574762]), 0.7854, 0.0]
[3, array([0.4921, 0.0218]), array([0.48941905, 0.01574762]), 0.7854, 1.0]
[3, array([0.4921, 0.0218]), array([0.48956667, 0.01574762]), 0.7854, 1.0]
[3, array([0.4921, 0.0218]), array([0.48971429, 0.01574762]), 0.7854, 1.0]
[3, array([0.4921, 0.0218]), array([0.4898619 , 0.01574762]), 0.7854, 0.0]
[3, array([0.4921, 0.0218]), array([0.49000952, 0.01574762]), 0.7854, 0.0]
[3, array([0.4921, 0.0218]), array([0.49015714, 0.01574762]), 0.7854, 0.0]
[3, array([0.4921, 0.0218]), array([0.49030476, 0.01574762]), 0.7854, 1.0]
[3, array([0.4921, 0.0218]), array([0.49045238, 0.01574762]), 0.7854, 1.0]
[3, array([0.4921, 0.0218]), array([0.4906    , 0.01574762]), 0.7854, 1.0]
[3, array([0.4921, 0.0218]), array([0.4875    , 0.01589524]), 0.7854, 0.0]
[3, array([0.4921, 0.0218]), array([0.48764762, 0.01589524]), 0.7854, 0.0]
[3, array([0.4921, 0.0218]), array([0.48779524, 0.01589524]), 0.7854, 0.0]
[3, array([0.4921, 0.0218]), array([0.48794286, 0.01589524]), 0.7854, 0.0]
[3, array([0.4921, 0.0218]), array([0.48809048, 0.01589524]), 0.7854, 0.0]
[3, array([0.4921, 0.0218]), array([0.4882381 , 0.01589524]), 0.7854, 0.0]
[3, array([0.4921, 0.0218]), array([0.48838571, 0.01589524]), 0.7854, 0.0]
[3, array([0.4921, 0.0218]), array([0.48853333, 0.01589524]), 0.7854, 0.0]
[3, array([0.4921, 0.0218]), array([0.48868095, 0.01589524]), 0.7854, 0.0]
[3, array([0.4921, 0.0218]), array([0.48882857, 0.01589524]), 0.7854, 0.0]
[3, array([0.4921, 0.0218]), array([0.48897619, 0.01589524]), 0.7854, 0.0]
[3, array([0.4921, 0.0218]), array([0.48912381, 0.01589524]), 0.7854, 0.0]
[3, array([0.4921, 0.0218]), array([0.48927143, 0.01589524]), 0.7854, 0.0]
[3, array([0.4921, 0.0218]), array([0.48941905, 0.01589524]), 0.7854, 0.0]
[3, array([0.4921, 0.0218]), array([0.48956667, 0.01589524]), 0.7854, 1.0]
[3, array([0.4921, 0.0218]), array([0.48971429, 0.01589524]), 0.7854, 0.0]
[3, array([0.4921, 0.0218]), array([0.4898619 , 0.01589524]), 0.7854, 0.0]
[3, array([0.4921, 0.0218]), array([0.49000952, 0.01589524]), 0.7854, 0.0]
[3, array([0.4921, 0.0218]), array([0.49015714, 0.01589524]), 0.7854, 0.0]
[3, array([0.4921, 0.0218]), array([0.49030476, 0.01589524]), 0.7854, 0.0]
[3, array([0.4921, 0.0218]), array([0.49045238, 0.01589524]), 0.7854, 1.0]
[3, array([0.4921, 0.0218]), array([0.4906    , 0.01589524]), 0.7854, 1.0]
[3, array([0.4921, 0.0218]), array([0.4875    , 0.01604286]), 0.7854, 0.0]
[3, array([0.4921, 0.0218]), array([0.48764762, 0.01604286]), 0.7854, 0.0]
[3, array([0.4921, 0.0218]), array([0.48779524, 0.01604286]), 0.7854, 0.0]
[3, array([0.4921, 0.0218]), array([0.48794286, 0.01604286]), 0.7854, 0.0]
[3, array([0.4921, 0.0218]), array([0.48809048, 0.01604286]), 0.7854, 0.0]
[3, array([0.4921, 0.0218]), array([0.4882381 , 0.01604286]), 0.7854, 0.0]
[3, array([0.4921, 0.0218]), array([0.48838571, 0.01604286]), 0.7854, 0.0]
[3, array([0.4921, 0.0218]), array([0.48853333, 0.01604286]), 0.7854, 0.0]
[3, array([0.4921, 0.0218]), array([0.48868095, 0.01604286]), 0.7854, 0.0]
[3, array([0.4921, 0.0218]), array([0.48882857, 0.01604286]), 0.7854, 0.0]
[3, array([0.4921, 0.0218]), array([0.48897619, 0.01604286]), 0.7854, 0.0]
[3, array([0.4921, 0.0218]), array([0.48912381, 0.01604286]), 0.7854, 0.0]
[3, array([0.4921, 0.0218]), array([0.48927143, 0.01604286]), 0.7854, 0.0]
[3, array([0.4921, 0.0218]), array([0.48941905, 0.01604286]), 0.7854, 1.0]
[3, array([0.4921, 0.0218]), array([0.48956667, 0.01604286]), 0.7854, 0.0]
[3, array([0.4921, 0.0218]), array([0.48971429, 0.01604286]), 0.7854, 0.0]
[3, array([0.4921, 0.0218]), array([0.4898619 , 0.01604286]), 0.7854, 0.0]
[3, array([0.4921, 0.0218]), array([0.49000952, 0.01604286]), 0.7854, 0.0]
[3, array([0.4921, 0.0218]), array([0.49015714, 0.01604286]), 0.7854, 0.0]
[3, array([0.4921, 0.0218]), array([0.49030476, 0.01604286]), 0.7854, 0.0]
[3, array([0.4921, 0.0218]), array([0.49045238, 0.01604286]), 0.7854, 0.0]
[3, array([0.4921, 0.0218]), array([0.4906    , 0.01604286]), 0.7854, 0.0]
[3, array([0.4921, 0.0218]), array([0.4875    , 0.01619048]), 0.7854, 0.0]
[3, array([0.4921, 0.0218]), array([0.48764762, 0.01619048]), 0.7854, 0.0]
[3, array([0.4921, 0.0218]), array([0.48779524, 0.01619048]), 0.7854, 0.0]
[3, array([0.4921, 0.0218]), array([0.48794286, 0.01619048]), 0.7854, 0.0]
[3, array([0.4921, 0.0218]), array([0.48809048, 0.01619048]), 0.7854, 0.0]
[3, array([0.4921, 0.0218]), array([0.4882381 , 0.01619048]), 0.7854, 0.0]
[3, array([0.4921, 0.0218]), array([0.48838571, 0.01619048]), 0.7854, 0.0]
[3, array([0.4921, 0.0218]), array([0.48853333, 0.01619048]), 0.7854, 0.0]
[3, array([0.4921, 0.0218]), array([0.48868095, 0.01619048]), 0.7854, 0.0]
[3, array([0.4921, 0.0218]), array([0.48882857, 0.01619048]), 0.7854, 0.0]
[3, array([0.4921, 0.0218]), array([0.48897619, 0.01619048]), 0.7854, 0.0]
[3, array([0.4921, 0.0218]), array([0.48912381, 0.01619048]), 0.7854, 0.0]
[3, array([0.4921, 0.0218]), array([0.48927143, 0.01619048]), 0.7854, 0.0]
[3, array([0.4921, 0.0218]), array([0.48941905, 0.01619048]), 0.7854, 1.0]
[3, array([0.4921, 0.0218]), array([0.48956667, 0.01619048]), 0.7854, 1.0]
[3, array([0.4921, 0.0218]), array([0.48971429, 0.01619048]), 0.7854, 0.0]
[3, array([0.4921, 0.0218]), array([0.4898619 , 0.01619048]), 0.7854, 0.0]
[3, array([0.4921, 0.0218]), array([0.49000952, 0.01619048]), 0.7854, 0.0]
[3, array([0.4921, 0.0218]), array([0.49015714, 0.01619048]), 0.7854, 0.0]
[3, array([0.4921, 0.0218]), array([0.49030476, 0.01619048]), 0.7854, 0.0]
[3, array([0.4921, 0.0218]), array([0.49045238, 0.01619048]), 0.7854, 0.0]
[3, array([0.4921, 0.0218]), array([0.4906    , 0.01619048]), 0.7854, 0.0]
[3, array([0.4921, 0.0218]), array([0.4875   , 0.0163381]), 0.7854, 0.0]
[3, array([0.4921, 0.0218]), array([0.48764762, 0.0163381 ]), 0.7854, 0.0]
[3, array([0.4921, 0.0218]), array([0.48779524, 0.0163381 ]), 0.7854, 0.0]
[3, array([0.4921, 0.0218]), array([0.48794286, 0.0163381 ]), 0.7854, 0.0]
[3, array([0.4921, 0.0218]), array([0.48809048, 0.0163381 ]), 0.7854, 0.0]
[3, array([0.4921, 0.0218]), array([0.4882381, 0.0163381]), 0.7854, 0.0]
[3, array([0.4921, 0.0218]), array([0.48838571, 0.0163381 ]), 0.7854, 0.0]
[3, array([0.4921, 0.0218]), array([0.48853333, 0.0163381 ]), 0.7854, 0.0]
[3, array([0.4921, 0.0218]), array([0.48868095, 0.0163381 ]), 0.7854, 0.0]
[3, array([0.4921, 0.0218]), array([0.48882857, 0.0163381 ]), 0.7854, 0.0]
[3, array([0.4921, 0.0218]), array([0.48897619, 0.0163381 ]), 0.7854, 0.0]
[3, array([0.4921, 0.0218]), array([0.48912381, 0.0163381 ]), 0.7854, 0.0]
[3, array([0.4921, 0.0218]), array([0.48927143, 0.0163381 ]), 0.7854, 0.0]
[3, array([0.4921, 0.0218]), array([0.48941905, 0.0163381 ]), 0.7854, 0.0]
[3, array([0.4921, 0.0218]), array([0.48956667, 0.0163381 ]), 0.7854, 0.0]
[3, array([0.4921, 0.0218]), array([0.48971429, 0.0163381 ]), 0.7854, 0.0]
[3, array([0.4921, 0.0218]), array([0.4898619, 0.0163381]), 0.7854, 0.0]
[3, array([0.4921, 0.0218]), array([0.49000952, 0.0163381 ]), 0.7854, 0.0]
[3, array([0.4921, 0.0218]), array([0.49015714, 0.0163381 ]), 0.7854, 0.0]
[3, array([0.4921, 0.0218]), array([0.49030476, 0.0163381 ]), 0.7854, 0.0]
[3, array([0.4921, 0.0218]), array([0.49045238, 0.0163381 ]), 0.7854, 0.0]
[3, array([0.4921, 0.0218]), array([0.4906   , 0.0163381]), 0.7854, 0.0]
[3, array([0.4921, 0.0218]), array([0.4875    , 0.01648571]), 0.7854, 0.0]
[3, array([0.4921, 0.0218]), array([0.48764762, 0.01648571]), 0.7854, 0.0]
[3, array([0.4921, 0.0218]), array([0.48779524, 0.01648571]), 0.7854, 0.0]
[3, array([0.4921, 0.0218]), array([0.48794286, 0.01648571]), 0.7854, 0.0]
[3, array([0.4921, 0.0218]), array([0.48809048, 0.01648571]), 0.7854, 0.0]
[3, array([0.4921, 0.0218]), array([0.4882381 , 0.01648571]), 0.7854, 0.0]
[3, array([0.4921, 0.0218]), array([0.48838571, 0.01648571]), 0.7854, 0.0]
[3, array([0.4921, 0.0218]), array([0.48853333, 0.01648571]), 0.7854, 0.0]
[3, array([0.4921, 0.0218]), array([0.48868095, 0.01648571]), 0.7854, 0.0]
[3, array([0.4921, 0.0218]), array([0.48882857, 0.01648571]), 0.7854, 0.0]
[3, array([0.4921, 0.0218]), array([0.48897619, 0.01648571]), 0.7854, 0.0]
[3, array([0.4921, 0.0218]), array([0.48912381, 0.01648571]), 0.7854, 0.0]
[3, array([0.4921, 0.0218]), array([0.48927143, 0.01648571]), 0.7854, 0.0]
[3, array([0.4921, 0.0218]), array([0.48941905, 0.01648571]), 0.7854, 0.0]
[3, array([0.4921, 0.0218]), array([0.48956667, 0.01648571]), 0.7854, 0.0]
[3, array([0.4921, 0.0218]), array([0.48971429, 0.01648571]), 0.7854, 0.0]
[3, array([0.4921, 0.0218]), array([0.4898619 , 0.01648571]), 0.7854, 0.0]
[3, array([0.4921, 0.0218]), array([0.49000952, 0.01648571]), 0.7854, 0.0]
[3, array([0.4921, 0.0218]), array([0.49015714, 0.01648571]), 0.7854, 0.0]
[3, array([0.4921, 0.0218]), array([0.49030476, 0.01648571]), 0.7854, 0.0]
[3, array([0.4921, 0.0218]), array([0.49045238, 0.01648571]), 0.7854, 0.0]
[3, array([0.4921, 0.0218]), array([0.4906    , 0.01648571]), 0.7854, 0.0]
[3, array([0.4921, 0.0218]), array([0.4875    , 0.01663333]), 0.7854, 0.0]
[3, array([0.4921, 0.0218]), array([0.48764762, 0.01663333]), 0.7854, 0.0]
[3, array([0.4921, 0.0218]), array([0.48779524, 0.01663333]), 0.7854, 0.0]
[3, array([0.4921, 0.0218]), array([0.48794286, 0.01663333]), 0.7854, 0.0]
[3, array([0.4921, 0.0218]), array([0.48809048, 0.01663333]), 0.7854, 0.0]
[3, array([0.4921, 0.0218]), array([0.4882381 , 0.01663333]), 0.7854, 0.0]
[3, array([0.4921, 0.0218]), array([0.48838571, 0.01663333]), 0.7854, 0.0]
[3, array([0.4921, 0.0218]), array([0.48853333, 0.01663333]), 0.7854, 0.0]
[3, array([0.4921, 0.0218]), array([0.48868095, 0.01663333]), 0.7854, 0.0]
[3, array([0.4921, 0.0218]), array([0.48882857, 0.01663333]), 0.7854, 0.0]
[3, array([0.4921, 0.0218]), array([0.48897619, 0.01663333]), 0.7854, 0.0]
[3, array([0.4921, 0.0218]), array([0.48912381, 0.01663333]), 0.7854, 0.0]
[3, array([0.4921, 0.0218]), array([0.48927143, 0.01663333]), 0.7854, 0.0]
[3, array([0.4921, 0.0218]), array([0.48941905, 0.01663333]), 0.7854, 0.0]
[3, array([0.4921, 0.0218]), array([0.48956667, 0.01663333]), 0.7854, 0.0]
[3, array([0.4921, 0.0218]), array([0.48971429, 0.01663333]), 0.7854, 0.0]
[3, array([0.4921, 0.0218]), array([0.4898619 , 0.01663333]), 0.7854, 0.0]
[3, array([0.4921, 0.0218]), array([0.49000952, 0.01663333]), 0.7854, 0.0]
[3, array([0.4921, 0.0218]), array([0.49015714, 0.01663333]), 0.7854, 0.0]
[3, array([0.4921, 0.0218]), array([0.49030476, 0.01663333]), 0.7854, 0.0]
[3, array([0.4921, 0.0218]), array([0.49045238, 0.01663333]), 0.7854, 0.0]
[3, array([0.4921, 0.0218]), array([0.4906    , 0.01663333]), 0.7854, 0.0]
[3, array([0.4921, 0.0218]), array([0.4875    , 0.01678095]), 0.7854, 0.0]
[3, array([0.4921, 0.0218]), array([0.48764762, 0.01678095]), 0.7854, 0.0]
[3, array([0.4921, 0.0218]), array([0.48779524, 0.01678095]), 0.7854, 0.0]
[3, array([0.4921, 0.0218]), array([0.48794286, 0.01678095]), 0.7854, 0.0]
[3, array([0.4921, 0.0218]), array([0.48809048, 0.01678095]), 0.7854, 0.0]
[3, array([0.4921, 0.0218]), array([0.4882381 , 0.01678095]), 0.7854, 0.0]
[3, array([0.4921, 0.0218]), array([0.48838571, 0.01678095]), 0.7854, 0.0]
[3, array([0.4921, 0.0218]), array([0.48853333, 0.01678095]), 0.7854, 0.0]
[3, array([0.4921, 0.0218]), array([0.48868095, 0.01678095]), 0.7854, 0.0]
[3, array([0.4921, 0.0218]), array([0.48882857, 0.01678095]), 0.7854, 0.0]
[3, array([0.4921, 0.0218]), array([0.48897619, 0.01678095]), 0.7854, 0.0]
[3, array([0.4921, 0.0218]), array([0.48912381, 0.01678095]), 0.7854, 0.0]
[3, array([0.4921, 0.0218]), array([0.48927143, 0.01678095]), 0.7854, 0.0]
[3, array([0.4921, 0.0218]), array([0.48941905, 0.01678095]), 0.7854, 0.0]
[3, array([0.4921, 0.0218]), array([0.48956667, 0.01678095]), 0.7854, 0.0]
[3, array([0.4921, 0.0218]), array([0.48971429, 0.01678095]), 0.7854, 0.0]
[3, array([0.4921, 0.0218]), array([0.4898619 , 0.01678095]), 0.7854, 0.0]
[3, array([0.4921, 0.0218]), array([0.49000952, 0.01678095]), 0.7854, 0.0]
[3, array([0.4921, 0.0218]), array([0.49015714, 0.01678095]), 0.7854, 0.0]
[3, array([0.4921, 0.0218]), array([0.49030476, 0.01678095]), 0.7854, 0.0]
[3, array([0.4921, 0.0218]), array([0.49045238, 0.01678095]), 0.7854, 0.0]
[3, array([0.4921, 0.0218]), array([0.4906    , 0.01678095]), 0.7854, 0.0]
[3, array([0.4921, 0.0218]), array([0.4875    , 0.01692857]), 0.7854, 0.0]
[3, array([0.4921, 0.0218]), array([0.48764762, 0.01692857]), 0.7854, 0.0]
[3, array([0.4921, 0.0218]), array([0.48779524, 0.01692857]), 0.7854, 0.0]
[3, array([0.4921, 0.0218]), array([0.48794286, 0.01692857]), 0.7854, 0.0]
[3, array([0.4921, 0.0218]), array([0.48809048, 0.01692857]), 0.7854, 0.0]
[3, array([0.4921, 0.0218]), array([0.4882381 , 0.01692857]), 0.7854, 0.0]
[3, array([0.4921, 0.0218]), array([0.48838571, 0.01692857]), 0.7854, 0.0]
[3, array([0.4921, 0.0218]), array([0.48853333, 0.01692857]), 0.7854, 0.0]
[3, array([0.4921, 0.0218]), array([0.48868095, 0.01692857]), 0.7854, 0.0]
[3, array([0.4921, 0.0218]), array([0.48882857, 0.01692857]), 0.7854, 0.0]
[3, array([0.4921, 0.0218]), array([0.48897619, 0.01692857]), 0.7854, 0.0]
[3, array([0.4921, 0.0218]), array([0.48912381, 0.01692857]), 0.7854, 0.0]
[3, array([0.4921, 0.0218]), array([0.48927143, 0.01692857]), 0.7854, 0.0]
[3, array([0.4921, 0.0218]), array([0.48941905, 0.01692857]), 0.7854, 0.0]
[3, array([0.4921, 0.0218]), array([0.48956667, 0.01692857]), 0.7854, 0.0]
[3, array([0.4921, 0.0218]), array([0.48971429, 0.01692857]), 0.7854, 0.0]
[3, array([0.4921, 0.0218]), array([0.4898619 , 0.01692857]), 0.7854, 0.0]
[3, array([0.4921, 0.0218]), array([0.49000952, 0.01692857]), 0.7854, 0.0]
[3, array([0.4921, 0.0218]), array([0.49015714, 0.01692857]), 0.7854, 0.0]
[3, array([0.4921, 0.0218]), array([0.49030476, 0.01692857]), 0.7854, 0.0]
[3, array([0.4921, 0.0218]), array([0.49045238, 0.01692857]), 0.7854, 0.0]
[3, array([0.4921, 0.0218]), array([0.4906    , 0.01692857]), 0.7854, 1.0]
[3, array([0.4921, 0.0218]), array([0.4875    , 0.01707619]), 0.7854, 0.0]
[3, array([0.4921, 0.0218]), array([0.48764762, 0.01707619]), 0.7854, 0.0]
[3, array([0.4921, 0.0218]), array([0.48779524, 0.01707619]), 0.7854, 0.0]
[3, array([0.4921, 0.0218]), array([0.48794286, 0.01707619]), 0.7854, 0.0]
[3, array([0.4921, 0.0218]), array([0.48809048, 0.01707619]), 0.7854, 0.0]
[3, array([0.4921, 0.0218]), array([0.4882381 , 0.01707619]), 0.7854, 0.0]
[3, array([0.4921, 0.0218]), array([0.48838571, 0.01707619]), 0.7854, 0.0]
[3, array([0.4921, 0.0218]), array([0.48853333, 0.01707619]), 0.7854, 0.0]
[3, array([0.4921, 0.0218]), array([0.48868095, 0.01707619]), 0.7854, 0.0]
[3, array([0.4921, 0.0218]), array([0.48882857, 0.01707619]), 0.7854, 0.0]
[3, array([0.4921, 0.0218]), array([0.48897619, 0.01707619]), 0.7854, 0.0]
[3, array([0.4921, 0.0218]), array([0.48912381, 0.01707619]), 0.7854, 0.0]
[3, array([0.4921, 0.0218]), array([0.48927143, 0.01707619]), 0.7854, 0.0]
[3, array([0.4921, 0.0218]), array([0.48941905, 0.01707619]), 0.7854, 0.0]
[3, array([0.4921, 0.0218]), array([0.48956667, 0.01707619]), 0.7854, 0.0]
[3, array([0.4921, 0.0218]), array([0.48971429, 0.01707619]), 0.7854, 0.0]
[3, array([0.4921, 0.0218]), array([0.4898619 , 0.01707619]), 0.7854, 0.0]
[3, array([0.4921, 0.0218]), array([0.49000952, 0.01707619]), 0.7854, 0.0]
[3, array([0.4921, 0.0218]), array([0.49015714, 0.01707619]), 0.7854, 0.0]
[3, array([0.4921, 0.0218]), array([0.49030476, 0.01707619]), 0.7854, 0.0]
[3, array([0.4921, 0.0218]), array([0.49045238, 0.01707619]), 0.7854, 0.0]
[3, array([0.4921, 0.0218]), array([0.4906    , 0.01707619]), 0.7854, 0.0]
[3, array([0.4921, 0.0218]), array([0.4875    , 0.01722381]), 0.7854, 0.0]
[3, array([0.4921, 0.0218]), array([0.48764762, 0.01722381]), 0.7854, 0.0]
[3, array([0.4921, 0.0218]), array([0.48779524, 0.01722381]), 0.7854, 0.0]
[3, array([0.4921, 0.0218]), array([0.48794286, 0.01722381]), 0.7854, 0.0]
[3, array([0.4921, 0.0218]), array([0.48809048, 0.01722381]), 0.7854, 0.0]
[3, array([0.4921, 0.0218]), array([0.4882381 , 0.01722381]), 0.7854, 0.0]
[3, array([0.4921, 0.0218]), array([0.48838571, 0.01722381]), 0.7854, 0.0]
[3, array([0.4921, 0.0218]), array([0.48853333, 0.01722381]), 0.7854, 0.0]
[3, array([0.4921, 0.0218]), array([0.48868095, 0.01722381]), 0.7854, 0.0]
[3, array([0.4921, 0.0218]), array([0.48882857, 0.01722381]), 0.7854, 0.0]
[3, array([0.4921, 0.0218]), array([0.48897619, 0.01722381]), 0.7854, 0.0]
[3, array([0.4921, 0.0218]), array([0.48912381, 0.01722381]), 0.7854, 0.0]
[3, array([0.4921, 0.0218]), array([0.48927143, 0.01722381]), 0.7854, 0.0]
[3, array([0.4921, 0.0218]), array([0.48941905, 0.01722381]), 0.7854, 0.0]
[3, array([0.4921, 0.0218]), array([0.48956667, 0.01722381]), 0.7854, 0.0]
[3, array([0.4921, 0.0218]), array([0.48971429, 0.01722381]), 0.7854, 0.0]
[3, array([0.4921, 0.0218]), array([0.4898619 , 0.01722381]), 0.7854, 0.0]
[3, array([0.4921, 0.0218]), array([0.49000952, 0.01722381]), 0.7854, 0.0]
[3, array([0.4921, 0.0218]), array([0.49015714, 0.01722381]), 0.7854, 0.0]
[3, array([0.4921, 0.0218]), array([0.49030476, 0.01722381]), 0.7854, 0.0]
[3, array([0.4921, 0.0218]), array([0.49045238, 0.01722381]), 0.7854, 0.0]
[3, array([0.4921, 0.0218]), array([0.4906    , 0.01722381]), 0.7854, 1.0]
[3, array([0.4921, 0.0218]), array([0.4875    , 0.01737143]), 0.7854, 0.0]
[3, array([0.4921, 0.0218]), array([0.48764762, 0.01737143]), 0.7854, 0.0]
[3, array([0.4921, 0.0218]), array([0.48779524, 0.01737143]), 0.7854, 0.0]
[3, array([0.4921, 0.0218]), array([0.48794286, 0.01737143]), 0.7854, 0.0]
[3, array([0.4921, 0.0218]), array([0.48809048, 0.01737143]), 0.7854, 0.0]
[3, array([0.4921, 0.0218]), array([0.4882381 , 0.01737143]), 0.7854, 0.0]
[3, array([0.4921, 0.0218]), array([0.48838571, 0.01737143]), 0.7854, 0.0]
[3, array([0.4921, 0.0218]), array([0.48853333, 0.01737143]), 0.7854, 0.0]
[3, array([0.4921, 0.0218]), array([0.48868095, 0.01737143]), 0.7854, 0.0]
[3, array([0.4921, 0.0218]), array([0.48882857, 0.01737143]), 0.7854, 0.0]
[3, array([0.4921, 0.0218]), array([0.48897619, 0.01737143]), 0.7854, 0.0]
[3, array([0.4921, 0.0218]), array([0.48912381, 0.01737143]), 0.7854, 0.0]
[3, array([0.4921, 0.0218]), array([0.48927143, 0.01737143]), 0.7854, 0.0]
[3, array([0.4921, 0.0218]), array([0.48941905, 0.01737143]), 0.7854, 0.0]
[3, array([0.4921, 0.0218]), array([0.48956667, 0.01737143]), 0.7854, 0.0]
[3, array([0.4921, 0.0218]), array([0.48971429, 0.01737143]), 0.7854, 0.0]
[3, array([0.4921, 0.0218]), array([0.4898619 , 0.01737143]), 0.7854, 0.0]
[3, array([0.4921, 0.0218]), array([0.49000952, 0.01737143]), 0.7854, 0.0]
[3, array([0.4921, 0.0218]), array([0.49015714, 0.01737143]), 0.7854, 0.0]
[3, array([0.4921, 0.0218]), array([0.49030476, 0.01737143]), 0.7854, 0.0]
[3, array([0.4921, 0.0218]), array([0.49045238, 0.01737143]), 0.7854, 0.0]
[3, array([0.4921, 0.0218]), array([0.4906    , 0.01737143]), 0.7854, 0.0]
[3, array([0.4921, 0.0218]), array([0.4875    , 0.01751905]), 0.7854, 0.0]
[3, array([0.4921, 0.0218]), array([0.48764762, 0.01751905]), 0.7854, 0.0]
[3, array([0.4921, 0.0218]), array([0.48779524, 0.01751905]), 0.7854, 0.0]
[3, array([0.4921, 0.0218]), array([0.48794286, 0.01751905]), 0.7854, 0.0]
[3, array([0.4921, 0.0218]), array([0.48809048, 0.01751905]), 0.7854, 1.0]
[3, array([0.4921, 0.0218]), array([0.4882381 , 0.01751905]), 0.7854, 0.0]
[3, array([0.4921, 0.0218]), array([0.48838571, 0.01751905]), 0.7854, 0.0]
[3, array([0.4921, 0.0218]), array([0.48853333, 0.01751905]), 0.7854, 0.0]
[3, array([0.4921, 0.0218]), array([0.48868095, 0.01751905]), 0.7854, 0.0]
[3, array([0.4921, 0.0218]), array([0.48882857, 0.01751905]), 0.7854, 0.0]
[3, array([0.4921, 0.0218]), array([0.48897619, 0.01751905]), 0.7854, 0.0]
[3, array([0.4921, 0.0218]), array([0.48912381, 0.01751905]), 0.7854, 0.0]
[3, array([0.4921, 0.0218]), array([0.48927143, 0.01751905]), 0.7854, 0.0]
[3, array([0.4921, 0.0218]), array([0.48941905, 0.01751905]), 0.7854, 0.0]
[3, array([0.4921, 0.0218]), array([0.48956667, 0.01751905]), 0.7854, 0.0]
[3, array([0.4921, 0.0218]), array([0.48971429, 0.01751905]), 0.7854, 0.0]
[3, array([0.4921, 0.0218]), array([0.4898619 , 0.01751905]), 0.7854, 0.0]
[3, array([0.4921, 0.0218]), array([0.49000952, 0.01751905]), 0.7854, 0.0]
[3, array([0.4921, 0.0218]), array([0.49015714, 0.01751905]), 0.7854, 0.0]
[3, array([0.4921, 0.0218]), array([0.49030476, 0.01751905]), 0.7854, 0.0]
[3, array([0.4921, 0.0218]), array([0.49045238, 0.01751905]), 0.7854, 0.0]
[3, array([0.4921, 0.0218]), array([0.4906    , 0.01751905]), 0.7854, 0.0]
[3, array([0.4921, 0.0218]), array([0.4875    , 0.01766667]), 0.7854, 0.0]
[3, array([0.4921, 0.0218]), array([0.48764762, 0.01766667]), 0.7854, 1.0]
[3, array([0.4921, 0.0218]), array([0.48779524, 0.01766667]), 0.7854, 0.0]
[3, array([0.4921, 0.0218]), array([0.48794286, 0.01766667]), 0.7854, 0.0]
[3, array([0.4921, 0.0218]), array([0.48809048, 0.01766667]), 0.7854, 0.0]
[3, array([0.4921, 0.0218]), array([0.4882381 , 0.01766667]), 0.7854, 0.0]
[3, array([0.4921, 0.0218]), array([0.48838571, 0.01766667]), 0.7854, 0.0]
[3, array([0.4921, 0.0218]), array([0.48853333, 0.01766667]), 0.7854, 0.0]
[3, array([0.4921, 0.0218]), array([0.48868095, 0.01766667]), 0.7854, 0.0]
[3, array([0.4921, 0.0218]), array([0.48882857, 0.01766667]), 0.7854, 0.0]
[3, array([0.4921, 0.0218]), array([0.48897619, 0.01766667]), 0.7854, 0.0]
[3, array([0.4921, 0.0218]), array([0.48912381, 0.01766667]), 0.7854, 0.0]
[3, array([0.4921, 0.0218]), array([0.48927143, 0.01766667]), 0.7854, 0.0]
[3, array([0.4921, 0.0218]), array([0.48941905, 0.01766667]), 0.7854, 0.0]
[3, array([0.4921, 0.0218]), array([0.48956667, 0.01766667]), 0.7854, 0.0]
[3, array([0.4921, 0.0218]), array([0.48971429, 0.01766667]), 0.7854, 0.0]
[3, array([0.4921, 0.0218]), array([0.4898619 , 0.01766667]), 0.7854, 0.0]
[3, array([0.4921, 0.0218]), array([0.49000952, 0.01766667]), 0.7854, 0.0]
[3, array([0.4921, 0.0218]), array([0.49015714, 0.01766667]), 0.7854, 0.0]
[3, array([0.4921, 0.0218]), array([0.49030476, 0.01766667]), 0.7854, 0.0]
[3, array([0.4921, 0.0218]), array([0.49045238, 0.01766667]), 0.7854, 0.0]
[3, array([0.4921, 0.0218]), array([0.4906    , 0.01766667]), 0.7854, 0.0]
[3, array([0.4921, 0.0218]), array([0.4875    , 0.01781429]), 0.7854, 0.0]
[3, array([0.4921, 0.0218]), array([0.48764762, 0.01781429]), 0.7854, 0.0]
[3, array([0.4921, 0.0218]), array([0.48779524, 0.01781429]), 0.7854, 0.0]
[3, array([0.4921, 0.0218]), array([0.48794286, 0.01781429]), 0.7854, 0.0]
[3, array([0.4921, 0.0218]), array([0.48809048, 0.01781429]), 0.7854, 0.0]
[3, array([0.4921, 0.0218]), array([0.4882381 , 0.01781429]), 0.7854, 0.0]
[3, array([0.4921, 0.0218]), array([0.48838571, 0.01781429]), 0.7854, 0.0]
[3, array([0.4921, 0.0218]), array([0.48853333, 0.01781429]), 0.7854, 0.0]
[3, array([0.4921, 0.0218]), array([0.48868095, 0.01781429]), 0.7854, 0.0]
[3, array([0.4921, 0.0218]), array([0.48882857, 0.01781429]), 0.7854, 0.0]
[3, array([0.4921, 0.0218]), array([0.48897619, 0.01781429]), 0.7854, 0.0]
[3, array([0.4921, 0.0218]), array([0.48912381, 0.01781429]), 0.7854, 0.0]
[3, array([0.4921, 0.0218]), array([0.48927143, 0.01781429]), 0.7854, 0.0]
[3, array([0.4921, 0.0218]), array([0.48941905, 0.01781429]), 0.7854, 0.0]
[3, array([0.4921, 0.0218]), array([0.48956667, 0.01781429]), 0.7854, 0.0]
[3, array([0.4921, 0.0218]), array([0.48971429, 0.01781429]), 0.7854, 0.0]
[3, array([0.4921, 0.0218]), array([0.4898619 , 0.01781429]), 0.7854, 0.0]
[3, array([0.4921, 0.0218]), array([0.49000952, 0.01781429]), 0.7854, 0.0]
[3, array([0.4921, 0.0218]), array([0.49015714, 0.01781429]), 0.7854, 0.0]
[3, array([0.4921, 0.0218]), array([0.49030476, 0.01781429]), 0.7854, 0.0]
[3, array([0.4921, 0.0218]), array([0.49045238, 0.01781429]), 0.7854, 0.0]
[3, array([0.4921, 0.0218]), array([0.4906    , 0.01781429]), 0.7854, 0.0]
[3, array([0.4921, 0.0218]), array([0.4875   , 0.0179619]), 0.7854, 0.0]
[3, array([0.4921, 0.0218]), array([0.48764762, 0.0179619 ]), 0.7854, 0.0]
[3, array([0.4921, 0.0218]), array([0.48779524, 0.0179619 ]), 0.7854, 0.0]
[3, array([0.4921, 0.0218]), array([0.48794286, 0.0179619 ]), 0.7854, 0.0]
[3, array([0.4921, 0.0218]), array([0.48809048, 0.0179619 ]), 0.7854, 0.0]
[3, array([0.4921, 0.0218]), array([0.4882381, 0.0179619]), 0.7854, 0.0]
[3, array([0.4921, 0.0218]), array([0.48838571, 0.0179619 ]), 0.7854, 0.0]
[3, array([0.4921, 0.0218]), array([0.48853333, 0.0179619 ]), 0.7854, 0.0]
[3, array([0.4921, 0.0218]), array([0.48868095, 0.0179619 ]), 0.7854, 0.0]
[3, array([0.4921, 0.0218]), array([0.48882857, 0.0179619 ]), 0.7854, 0.0]
[3, array([0.4921, 0.0218]), array([0.48897619, 0.0179619 ]), 0.7854, 0.0]
[3, array([0.4921, 0.0218]), array([0.48912381, 0.0179619 ]), 0.7854, 0.0]
[3, array([0.4921, 0.0218]), array([0.48927143, 0.0179619 ]), 0.7854, 0.0]
[3, array([0.4921, 0.0218]), array([0.48941905, 0.0179619 ]), 0.7854, 0.0]
[3, array([0.4921, 0.0218]), array([0.48956667, 0.0179619 ]), 0.7854, 0.0]
[3, array([0.4921, 0.0218]), array([0.48971429, 0.0179619 ]), 0.7854, 0.0]
[3, array([0.4921, 0.0218]), array([0.4898619, 0.0179619]), 0.7854, 0.0]
[3, array([0.4921, 0.0218]), array([0.49000952, 0.0179619 ]), 0.7854, 0.0]
[3, array([0.4921, 0.0218]), array([0.49015714, 0.0179619 ]), 0.7854, 0.0]
[3, array([0.4921, 0.0218]), array([0.49030476, 0.0179619 ]), 0.7854, 0.0]
[3, array([0.4921, 0.0218]), array([0.49045238, 0.0179619 ]), 0.7854, 0.0]
[3, array([0.4921, 0.0218]), array([0.4906   , 0.0179619]), 0.7854, 0.0]
[3, array([0.4921, 0.0218]), array([0.4875    , 0.01810952]), 0.7854, 0.0]
[3, array([0.4921, 0.0218]), array([0.48764762, 0.01810952]), 0.7854, 0.0]
[3, array([0.4921, 0.0218]), array([0.48779524, 0.01810952]), 0.7854, 0.0]
[3, array([0.4921, 0.0218]), array([0.48794286, 0.01810952]), 0.7854, 0.0]
[3, array([0.4921, 0.0218]), array([0.48809048, 0.01810952]), 0.7854, 0.0]
[3, array([0.4921, 0.0218]), array([0.4882381 , 0.01810952]), 0.7854, 0.0]
[3, array([0.4921, 0.0218]), array([0.48838571, 0.01810952]), 0.7854, 0.0]
[3, array([0.4921, 0.0218]), array([0.48853333, 0.01810952]), 0.7854, 0.0]
[3, array([0.4921, 0.0218]), array([0.48868095, 0.01810952]), 0.7854, 0.0]
[3, array([0.4921, 0.0218]), array([0.48882857, 0.01810952]), 0.7854, 0.0]
[3, array([0.4921, 0.0218]), array([0.48897619, 0.01810952]), 0.7854, 0.0]
[3, array([0.4921, 0.0218]), array([0.48912381, 0.01810952]), 0.7854, 0.0]
[3, array([0.4921, 0.0218]), array([0.48927143, 0.01810952]), 0.7854, 0.0]
[3, array([0.4921, 0.0218]), array([0.48941905, 0.01810952]), 0.7854, 0.0]
[3, array([0.4921, 0.0218]), array([0.48956667, 0.01810952]), 0.7854, 0.0]
[3, array([0.4921, 0.0218]), array([0.48971429, 0.01810952]), 0.7854, 0.0]
[3, array([0.4921, 0.0218]), array([0.4898619 , 0.01810952]), 0.7854, 0.0]
[3, array([0.4921, 0.0218]), array([0.49000952, 0.01810952]), 0.7854, 0.0]
[3, array([0.4921, 0.0218]), array([0.49015714, 0.01810952]), 0.7854, 0.0]
[3, array([0.4921, 0.0218]), array([0.49030476, 0.01810952]), 0.7854, 0.0]
[3, array([0.4921, 0.0218]), array([0.49045238, 0.01810952]), 0.7854, 0.0]
[3, array([0.4921, 0.0218]), array([0.4906    , 0.01810952]), 0.7854, 0.0]
[3, array([0.4921, 0.0218]), array([0.4875    , 0.01825714]), 0.7854, 0.0]
[3, array([0.4921, 0.0218]), array([0.48764762, 0.01825714]), 0.7854, 0.0]
[3, array([0.4921, 0.0218]), array([0.48779524, 0.01825714]), 0.7854, 0.0]
[3, array([0.4921, 0.0218]), array([0.48794286, 0.01825714]), 0.7854, 0.0]
[3, array([0.4921, 0.0218]), array([0.48809048, 0.01825714]), 0.7854, 0.0]
[3, array([0.4921, 0.0218]), array([0.4882381 , 0.01825714]), 0.7854, 0.0]
[3, array([0.4921, 0.0218]), array([0.48838571, 0.01825714]), 0.7854, 0.0]
[3, array([0.4921, 0.0218]), array([0.48853333, 0.01825714]), 0.7854, 0.0]
[3, array([0.4921, 0.0218]), array([0.48868095, 0.01825714]), 0.7854, 0.0]
[3, array([0.4921, 0.0218]), array([0.48882857, 0.01825714]), 0.7854, 0.0]
[3, array([0.4921, 0.0218]), array([0.48897619, 0.01825714]), 0.7854, 0.0]
[3, array([0.4921, 0.0218]), array([0.48912381, 0.01825714]), 0.7854, 0.0]
[3, array([0.4921, 0.0218]), array([0.48927143, 0.01825714]), 0.7854, 0.0]
[3, array([0.4921, 0.0218]), array([0.48941905, 0.01825714]), 0.7854, 0.0]
[3, array([0.4921, 0.0218]), array([0.48956667, 0.01825714]), 0.7854, 0.0]
[3, array([0.4921, 0.0218]), array([0.48971429, 0.01825714]), 0.7854, 0.0]
[3, array([0.4921, 0.0218]), array([0.4898619 , 0.01825714]), 0.7854, 0.0]
[3, array([0.4921, 0.0218]), array([0.49000952, 0.01825714]), 0.7854, 0.0]
[3, array([0.4921, 0.0218]), array([0.49015714, 0.01825714]), 0.7854, 0.0]
[3, array([0.4921, 0.0218]), array([0.49030476, 0.01825714]), 0.7854, 0.0]
[3, array([0.4921, 0.0218]), array([0.49045238, 0.01825714]), 0.7854, 0.0]
[3, array([0.4921, 0.0218]), array([0.4906    , 0.01825714]), 0.7854, 0.0]
[3, array([0.4921, 0.0218]), array([0.4875    , 0.01840476]), 0.7854, 0.0]
[3, array([0.4921, 0.0218]), array([0.48764762, 0.01840476]), 0.7854, 0.0]
[3, array([0.4921, 0.0218]), array([0.48779524, 0.01840476]), 0.7854, 0.0]
[3, array([0.4921, 0.0218]), array([0.48794286, 0.01840476]), 0.7854, 0.0]
[3, array([0.4921, 0.0218]), array([0.48809048, 0.01840476]), 0.7854, 0.0]
[3, array([0.4921, 0.0218]), array([0.4882381 , 0.01840476]), 0.7854, 0.0]
[3, array([0.4921, 0.0218]), array([0.48838571, 0.01840476]), 0.7854, 0.0]
[3, array([0.4921, 0.0218]), array([0.48853333, 0.01840476]), 0.7854, 0.0]
[3, array([0.4921, 0.0218]), array([0.48868095, 0.01840476]), 0.7854, 0.0]
[3, array([0.4921, 0.0218]), array([0.48882857, 0.01840476]), 0.7854, 0.0]
[3, array([0.4921, 0.0218]), array([0.48897619, 0.01840476]), 0.7854, 0.0]
[3, array([0.4921, 0.0218]), array([0.48912381, 0.01840476]), 0.7854, 0.0]
[3, array([0.4921, 0.0218]), array([0.48927143, 0.01840476]), 0.7854, 0.0]
[3, array([0.4921, 0.0218]), array([0.48941905, 0.01840476]), 0.7854, 0.0]
[3, array([0.4921, 0.0218]), array([0.48956667, 0.01840476]), 0.7854, 0.0]
[3, array([0.4921, 0.0218]), array([0.48971429, 0.01840476]), 0.7854, 0.0]
[3, array([0.4921, 0.0218]), array([0.4898619 , 0.01840476]), 0.7854, 0.0]
[3, array([0.4921, 0.0218]), array([0.49000952, 0.01840476]), 0.7854, 0.0]
[3, array([0.4921, 0.0218]), array([0.49015714, 0.01840476]), 0.7854, 0.0]
[3, array([0.4921, 0.0218]), array([0.49030476, 0.01840476]), 0.7854, 0.0]
[3, array([0.4921, 0.0218]), array([0.49045238, 0.01840476]), 0.7854, 0.0]
[3, array([0.4921, 0.0218]), array([0.4906    , 0.01840476]), 0.7854, 0.0]
[3, array([0.4921, 0.0218]), array([0.4875    , 0.01855238]), 0.7854, 0.0]
[3, array([0.4921, 0.0218]), array([0.48764762, 0.01855238]), 0.7854, 0.0]
[3, array([0.4921, 0.0218]), array([0.48779524, 0.01855238]), 0.7854, 0.0]
[3, array([0.4921, 0.0218]), array([0.48794286, 0.01855238]), 0.7854, 0.0]
[3, array([0.4921, 0.0218]), array([0.48809048, 0.01855238]), 0.7854, 0.0]
[3, array([0.4921, 0.0218]), array([0.4882381 , 0.01855238]), 0.7854, 0.0]
[3, array([0.4921, 0.0218]), array([0.48838571, 0.01855238]), 0.7854, 0.0]
[3, array([0.4921, 0.0218]), array([0.48853333, 0.01855238]), 0.7854, 0.0]
[3, array([0.4921, 0.0218]), array([0.48868095, 0.01855238]), 0.7854, 0.0]
[3, array([0.4921, 0.0218]), array([0.48882857, 0.01855238]), 0.7854, 0.0]
[3, array([0.4921, 0.0218]), array([0.48897619, 0.01855238]), 0.7854, 0.0]
[3, array([0.4921, 0.0218]), array([0.48912381, 0.01855238]), 0.7854, 0.0]
[3, array([0.4921, 0.0218]), array([0.48927143, 0.01855238]), 0.7854, 0.0]
[3, array([0.4921, 0.0218]), array([0.48941905, 0.01855238]), 0.7854, 0.0]
[3, array([0.4921, 0.0218]), array([0.48956667, 0.01855238]), 0.7854, 0.0]
[3, array([0.4921, 0.0218]), array([0.48971429, 0.01855238]), 0.7854, 0.0]
[3, array([0.4921, 0.0218]), array([0.4898619 , 0.01855238]), 0.7854, 0.0]
[3, array([0.4921, 0.0218]), array([0.49000952, 0.01855238]), 0.7854, 0.0]
[3, array([0.4921, 0.0218]), array([0.49015714, 0.01855238]), 0.7854, 0.0]
[3, array([0.4921, 0.0218]), array([0.49030476, 0.01855238]), 0.7854, 0.0]
[3, array([0.4921, 0.0218]), array([0.49045238, 0.01855238]), 0.7854, 0.0]
[3, array([0.4921, 0.0218]), array([0.4906    , 0.01855238]), 0.7854, 0.0]
[3, array([0.4921, 0.0218]), array([0.4875, 0.0187]), 0.7854, 0.0]
[3, array([0.4921, 0.0218]), array([0.48764762, 0.0187    ]), 0.7854, 0.0]
[3, array([0.4921, 0.0218]), array([0.48779524, 0.0187    ]), 0.7854, 0.0]
[3, array([0.4921, 0.0218]), array([0.48794286, 0.0187    ]), 0.7854, 0.0]
[3, array([0.4921, 0.0218]), array([0.48809048, 0.0187    ]), 0.7854, 0.0]
[3, array([0.4921, 0.0218]), array([0.4882381, 0.0187   ]), 0.7854, 0.0]
[3, array([0.4921, 0.0218]), array([0.48838571, 0.0187    ]), 0.7854, 0.0]
[3, array([0.4921, 0.0218]), array([0.48853333, 0.0187    ]), 0.7854, 0.0]
[3, array([0.4921, 0.0218]), array([0.48868095, 0.0187    ]), 0.7854, 0.0]
[3, array([0.4921, 0.0218]), array([0.48882857, 0.0187    ]), 0.7854, 0.0]
[3, array([0.4921, 0.0218]), array([0.48897619, 0.0187    ]), 0.7854, 0.0]
[3, array([0.4921, 0.0218]), array([0.48912381, 0.0187    ]), 0.7854, 0.0]
[3, array([0.4921, 0.0218]), array([0.48927143, 0.0187    ]), 0.7854, 0.0]
[3, array([0.4921, 0.0218]), array([0.48941905, 0.0187    ]), 0.7854, 0.0]
[3, array([0.4921, 0.0218]), array([0.48956667, 0.0187    ]), 0.7854, 0.0]
[3, array([0.4921, 0.0218]), array([0.48971429, 0.0187    ]), 0.7854, 0.0]
[3, array([0.4921, 0.0218]), array([0.4898619, 0.0187   ]), 0.7854, 0.0]
[3, array([0.4921, 0.0218]), array([0.49000952, 0.0187    ]), 0.7854, 0.0]
[3, array([0.4921, 0.0218]), array([0.49015714, 0.0187    ]), 0.7854, 0.0]
[3, array([0.4921, 0.0218]), array([0.49030476, 0.0187    ]), 0.7854, 0.0]
[3, array([0.4921, 0.0218]), array([0.49045238, 0.0187    ]), 0.7854, 0.0]
[3, array([0.4921, 0.0218]), array([0.4906, 0.0187]), 0.7854, 0.0]
[1, array([0.5079, 0.0379]), array([0.5   , 0.0375]), 0.7854, 1.0]
[1, array([0.5079, 0.0379]), array([0.50014762, 0.0375    ]), 0.7854, 1.0]
[1, array([0.5079, 0.0379]), array([0.50029524, 0.0375    ]), 0.7854, 1.0]
[1, array([0.5079, 0.0379]), array([0.50044286, 0.0375    ]), 0.7854, 1.0]
[1, array([0.5079, 0.0379]), array([0.50059048, 0.0375    ]), 0.7854, 1.0]
[1, array([0.5079, 0.0379]), array([0.5007381, 0.0375   ]), 0.7854, 1.0]
[1, array([0.5079, 0.0379]), array([0.50088571, 0.0375    ]), 0.7854, 1.0]
[1, array([0.5079, 0.0379]), array([0.50103333, 0.0375    ]), 0.7854, 1.0]
[1, array([0.5079, 0.0379]), array([0.50118095, 0.0375    ]), 0.7854, 1.0]
[1, array([0.5079, 0.0379]), array([0.50132857, 0.0375    ]), 0.7854, 1.0]
[1, array([0.5079, 0.0379]), array([0.50147619, 0.0375    ]), 0.7854, 1.0]
[1, array([0.5079, 0.0379]), array([0.50162381, 0.0375    ]), 0.7854, 1.0]
[1, array([0.5079, 0.0379]), array([0.50177143, 0.0375    ]), 0.7854, 1.0]
[1, array([0.5079, 0.0379]), array([0.50191905, 0.0375    ]), 0.7854, 1.0]
[1, array([0.5079, 0.0379]), array([0.50206667, 0.0375    ]), 0.7854, 1.0]
[1, array([0.5079, 0.0379]), array([0.50221429, 0.0375    ]), 0.7854, 1.0]
[1, array([0.5079, 0.0379]), array([0.5023619, 0.0375   ]), 0.7854, 1.0]
[1, array([0.5079, 0.0379]), array([0.50250952, 0.0375    ]), 0.7854, 1.0]
[1, array([0.5079, 0.0379]), array([0.50265714, 0.0375    ]), 0.7854, 1.0]
[1, array([0.5079, 0.0379]), array([0.50280476, 0.0375    ]), 0.7854, 1.0]
[1, array([0.5079, 0.0379]), array([0.50295238, 0.0375    ]), 0.7854, 1.0]
[1, array([0.5079, 0.0379]), array([0.5031, 0.0375]), 0.7854, 1.0]
[1, array([0.5079, 0.0379]), array([0.5       , 0.03764762]), 0.7854, 1.0]
[1, array([0.5079, 0.0379]), array([0.50014762, 0.03764762]), 0.7854, 1.0]
[1, array([0.5079, 0.0379]), array([0.50029524, 0.03764762]), 0.7854, 1.0]
[1, array([0.5079, 0.0379]), array([0.50044286, 0.03764762]), 0.7854, 1.0]
[1, array([0.5079, 0.0379]), array([0.50059048, 0.03764762]), 0.7854, 1.0]
[1, array([0.5079, 0.0379]), array([0.5007381 , 0.03764762]), 0.7854, 1.0]
[1, array([0.5079, 0.0379]), array([0.50088571, 0.03764762]), 0.7854, 1.0]
[1, array([0.5079, 0.0379]), array([0.50103333, 0.03764762]), 0.7854, 1.0]
[1, array([0.5079, 0.0379]), array([0.50118095, 0.03764762]), 0.7854, 1.0]
[1, array([0.5079, 0.0379]), array([0.50132857, 0.03764762]), 0.7854, 1.0]
[1, array([0.5079, 0.0379]), array([0.50147619, 0.03764762]), 0.7854, 1.0]
[1, array([0.5079, 0.0379]), array([0.50162381, 0.03764762]), 0.7854, 1.0]
[1, array([0.5079, 0.0379]), array([0.50177143, 0.03764762]), 0.7854, 1.0]
[1, array([0.5079, 0.0379]), array([0.50191905, 0.03764762]), 0.7854, 1.0]
[1, array([0.5079, 0.0379]), array([0.50206667, 0.03764762]), 0.7854, 1.0]
[1, array([0.5079, 0.0379]), array([0.50221429, 0.03764762]), 0.7854, 1.0]
[1, array([0.5079, 0.0379]), array([0.5023619 , 0.03764762]), 0.7854, 1.0]
[1, array([0.5079, 0.0379]), array([0.50250952, 0.03764762]), 0.7854, 1.0]
[1, array([0.5079, 0.0379]), array([0.50265714, 0.03764762]), 0.7854, 1.0]
[1, array([0.5079, 0.0379]), array([0.50280476, 0.03764762]), 0.7854, 1.0]
[1, array([0.5079, 0.0379]), array([0.50295238, 0.03764762]), 0.7854, 1.0]
[1, array([0.5079, 0.0379]), array([0.5031    , 0.03764762]), 0.7854, 1.0]
[1, array([0.5079, 0.0379]), array([0.5       , 0.03779524]), 0.7854, 1.0]
[1, array([0.5079, 0.0379]), array([0.50014762, 0.03779524]), 0.7854, 1.0]
[1, array([0.5079, 0.0379]), array([0.50029524, 0.03779524]), 0.7854, 1.0]
[1, array([0.5079, 0.0379]), array([0.50044286, 0.03779524]), 0.7854, 1.0]
[1, array([0.5079, 0.0379]), array([0.50059048, 0.03779524]), 0.7854, 1.0]
[1, array([0.5079, 0.0379]), array([0.5007381 , 0.03779524]), 0.7854, 1.0]
[1, array([0.5079, 0.0379]), array([0.50088571, 0.03779524]), 0.7854, 1.0]
[1, array([0.5079, 0.0379]), array([0.50103333, 0.03779524]), 0.7854, 1.0]
[1, array([0.5079, 0.0379]), array([0.50118095, 0.03779524]), 0.7854, 1.0]
[1, array([0.5079, 0.0379]), array([0.50132857, 0.03779524]), 0.7854, 1.0]
[1, array([0.5079, 0.0379]), array([0.50147619, 0.03779524]), 0.7854, 1.0]
[1, array([0.5079, 0.0379]), array([0.50162381, 0.03779524]), 0.7854, 1.0]
[1, array([0.5079, 0.0379]), array([0.50177143, 0.03779524]), 0.7854, 1.0]
[1, array([0.5079, 0.0379]), array([0.50191905, 0.03779524]), 0.7854, 1.0]
[1, array([0.5079, 0.0379]), array([0.50206667, 0.03779524]), 0.7854, 1.0]
[1, array([0.5079, 0.0379]), array([0.50221429, 0.03779524]), 0.7854, 1.0]
[1, array([0.5079, 0.0379]), array([0.5023619 , 0.03779524]), 0.7854, 1.0]
[1, array([0.5079, 0.0379]), array([0.50250952, 0.03779524]), 0.7854, 1.0]
[1, array([0.5079, 0.0379]), array([0.50265714, 0.03779524]), 0.7854, 1.0]
[1, array([0.5079, 0.0379]), array([0.50280476, 0.03779524]), 0.7854, 1.0]
[1, array([0.5079, 0.0379]), array([0.50295238, 0.03779524]), 0.7854, 1.0]
[1, array([0.5079, 0.0379]), array([0.5031    , 0.03779524]), 0.7854, 1.0]
[1, array([0.5079, 0.0379]), array([0.5       , 0.03794286]), 0.7854, 1.0]
[1, array([0.5079, 0.0379]), array([0.50014762, 0.03794286]), 0.7854, 1.0]
[1, array([0.5079, 0.0379]), array([0.50029524, 0.03794286]), 0.7854, 1.0]
[1, array([0.5079, 0.0379]), array([0.50044286, 0.03794286]), 0.7854, 1.0]
[1, array([0.5079, 0.0379]), array([0.50059048, 0.03794286]), 0.7854, 1.0]
[1, array([0.5079, 0.0379]), array([0.5007381 , 0.03794286]), 0.7854, 1.0]
[1, array([0.5079, 0.0379]), array([0.50088571, 0.03794286]), 0.7854, 1.0]
[1, array([0.5079, 0.0379]), array([0.50103333, 0.03794286]), 0.7854, 1.0]
[1, array([0.5079, 0.0379]), array([0.50118095, 0.03794286]), 0.7854, 1.0]
[1, array([0.5079, 0.0379]), array([0.50132857, 0.03794286]), 0.7854, 1.0]
[1, array([0.5079, 0.0379]), array([0.50147619, 0.03794286]), 0.7854, 1.0]
[1, array([0.5079, 0.0379]), array([0.50162381, 0.03794286]), 0.7854, 1.0]
[1, array([0.5079, 0.0379]), array([0.50177143, 0.03794286]), 0.7854, 1.0]
[1, array([0.5079, 0.0379]), array([0.50191905, 0.03794286]), 0.7854, 1.0]
[1, array([0.5079, 0.0379]), array([0.50206667, 0.03794286]), 0.7854, 1.0]
[1, array([0.5079, 0.0379]), array([0.50221429, 0.03794286]), 0.7854, 1.0]
[1, array([0.5079, 0.0379]), array([0.5023619 , 0.03794286]), 0.7854, 1.0]
[1, array([0.5079, 0.0379]), array([0.50250952, 0.03794286]), 0.7854, 1.0]
[1, array([0.5079, 0.0379]), array([0.50265714, 0.03794286]), 0.7854, 1.0]
[1, array([0.5079, 0.0379]), array([0.50280476, 0.03794286]), 0.7854, 1.0]
[1, array([0.5079, 0.0379]), array([0.50295238, 0.03794286]), 0.7854, 1.0]
[1, array([0.5079, 0.0379]), array([0.5031    , 0.03794286]), 0.7854, 1.0]
[1, array([0.5079, 0.0379]), array([0.5       , 0.03809048]), 0.7854, 1.0]
[1, array([0.5079, 0.0379]), array([0.50014762, 0.03809048]), 0.7854, 1.0]
[1, array([0.5079, 0.0379]), array([0.50029524, 0.03809048]), 0.7854, 1.0]
[1, array([0.5079, 0.0379]), array([0.50044286, 0.03809048]), 0.7854, 1.0]
[1, array([0.5079, 0.0379]), array([0.50059048, 0.03809048]), 0.7854, 1.0]
[1, array([0.5079, 0.0379]), array([0.5007381 , 0.03809048]), 0.7854, 1.0]
[1, array([0.5079, 0.0379]), array([0.50088571, 0.03809048]), 0.7854, 1.0]
[1, array([0.5079, 0.0379]), array([0.50103333, 0.03809048]), 0.7854, 1.0]
[1, array([0.5079, 0.0379]), array([0.50118095, 0.03809048]), 0.7854, 1.0]
[1, array([0.5079, 0.0379]), array([0.50132857, 0.03809048]), 0.7854, 1.0]
[1, array([0.5079, 0.0379]), array([0.50147619, 0.03809048]), 0.7854, 1.0]
[1, array([0.5079, 0.0379]), array([0.50162381, 0.03809048]), 0.7854, 1.0]
[1, array([0.5079, 0.0379]), array([0.50177143, 0.03809048]), 0.7854, 1.0]
[1, array([0.5079, 0.0379]), array([0.50191905, 0.03809048]), 0.7854, 1.0]
[1, array([0.5079, 0.0379]), array([0.50206667, 0.03809048]), 0.7854, 1.0]
[1, array([0.5079, 0.0379]), array([0.50221429, 0.03809048]), 0.7854, 1.0]
[1, array([0.5079, 0.0379]), array([0.5023619 , 0.03809048]), 0.7854, 1.0]
[1, array([0.5079, 0.0379]), array([0.50250952, 0.03809048]), 0.7854, 1.0]
[1, array([0.5079, 0.0379]), array([0.50265714, 0.03809048]), 0.7854, 1.0]
[1, array([0.5079, 0.0379]), array([0.50280476, 0.03809048]), 0.7854, 1.0]
[1, array([0.5079, 0.0379]), array([0.50295238, 0.03809048]), 0.7854, 1.0]
[1, array([0.5079, 0.0379]), array([0.5031    , 0.03809048]), 0.7854, 1.0]
[1, array([0.5079, 0.0379]), array([0.5      , 0.0382381]), 0.7854, 1.0]
[1, array([0.5079, 0.0379]), array([0.50014762, 0.0382381 ]), 0.7854, 1.0]
[1, array([0.5079, 0.0379]), array([0.50029524, 0.0382381 ]), 0.7854, 1.0]
[1, array([0.5079, 0.0379]), array([0.50044286, 0.0382381 ]), 0.7854, 1.0]
[1, array([0.5079, 0.0379]), array([0.50059048, 0.0382381 ]), 0.7854, 1.0]
[1, array([0.5079, 0.0379]), array([0.5007381, 0.0382381]), 0.7854, 1.0]
[1, array([0.5079, 0.0379]), array([0.50088571, 0.0382381 ]), 0.7854, 1.0]
[1, array([0.5079, 0.0379]), array([0.50103333, 0.0382381 ]), 0.7854, 1.0]
[1, array([0.5079, 0.0379]), array([0.50118095, 0.0382381 ]), 0.7854, 1.0]
[1, array([0.5079, 0.0379]), array([0.50132857, 0.0382381 ]), 0.7854, 1.0]
[1, array([0.5079, 0.0379]), array([0.50147619, 0.0382381 ]), 0.7854, 1.0]
[1, array([0.5079, 0.0379]), array([0.50162381, 0.0382381 ]), 0.7854, 1.0]
[1, array([0.5079, 0.0379]), array([0.50177143, 0.0382381 ]), 0.7854, 1.0]
[1, array([0.5079, 0.0379]), array([0.50191905, 0.0382381 ]), 0.7854, 1.0]
[1, array([0.5079, 0.0379]), array([0.50206667, 0.0382381 ]), 0.7854, 1.0]
[1, array([0.5079, 0.0379]), array([0.50221429, 0.0382381 ]), 0.7854, 1.0]
[1, array([0.5079, 0.0379]), array([0.5023619, 0.0382381]), 0.7854, 1.0]
[1, array([0.5079, 0.0379]), array([0.50250952, 0.0382381 ]), 0.7854, 1.0]
[1, array([0.5079, 0.0379]), array([0.50265714, 0.0382381 ]), 0.7854, 1.0]
[1, array([0.5079, 0.0379]), array([0.50280476, 0.0382381 ]), 0.7854, 1.0]
[1, array([0.5079, 0.0379]), array([0.50295238, 0.0382381 ]), 0.7854, 1.0]
[1, array([0.5079, 0.0379]), array([0.5031   , 0.0382381]), 0.7854, 1.0]
[1, array([0.5079, 0.0379]), array([0.5       , 0.03838571]), 0.7854, 1.0]
[1, array([0.5079, 0.0379]), array([0.50014762, 0.03838571]), 0.7854, 1.0]
[1, array([0.5079, 0.0379]), array([0.50029524, 0.03838571]), 0.7854, 1.0]
[1, array([0.5079, 0.0379]), array([0.50044286, 0.03838571]), 0.7854, 1.0]
[1, array([0.5079, 0.0379]), array([0.50059048, 0.03838571]), 0.7854, 1.0]
[1, array([0.5079, 0.0379]), array([0.5007381 , 0.03838571]), 0.7854, 1.0]
[1, array([0.5079, 0.0379]), array([0.50088571, 0.03838571]), 0.7854, 1.0]
[1, array([0.5079, 0.0379]), array([0.50103333, 0.03838571]), 0.7854, 1.0]
[1, array([0.5079, 0.0379]), array([0.50118095, 0.03838571]), 0.7854, 1.0]
[1, array([0.5079, 0.0379]), array([0.50132857, 0.03838571]), 0.7854, 1.0]
[1, array([0.5079, 0.0379]), array([0.50147619, 0.03838571]), 0.7854, 1.0]
[1, array([0.5079, 0.0379]), array([0.50162381, 0.03838571]), 0.7854, 1.0]
[1, array([0.5079, 0.0379]), array([0.50177143, 0.03838571]), 0.7854, 1.0]
[1, array([0.5079, 0.0379]), array([0.50191905, 0.03838571]), 0.7854, 1.0]
[1, array([0.5079, 0.0379]), array([0.50206667, 0.03838571]), 0.7854, 1.0]
[1, array([0.5079, 0.0379]), array([0.50221429, 0.03838571]), 0.7854, 1.0]
[1, array([0.5079, 0.0379]), array([0.5023619 , 0.03838571]), 0.7854, 1.0]
[1, array([0.5079, 0.0379]), array([0.50250952, 0.03838571]), 0.7854, 1.0]
[1, array([0.5079, 0.0379]), array([0.50265714, 0.03838571]), 0.7854, 1.0]
[1, array([0.5079, 0.0379]), array([0.50280476, 0.03838571]), 0.7854, 1.0]
[1, array([0.5079, 0.0379]), array([0.50295238, 0.03838571]), 0.7854, 1.0]
[1, array([0.5079, 0.0379]), array([0.5031    , 0.03838571]), 0.7854, 1.0]
[1, array([0.5079, 0.0379]), array([0.5       , 0.03853333]), 0.7854, 1.0]
[1, array([0.5079, 0.0379]), array([0.50014762, 0.03853333]), 0.7854, 1.0]
[1, array([0.5079, 0.0379]), array([0.50029524, 0.03853333]), 0.7854, 1.0]
[1, array([0.5079, 0.0379]), array([0.50044286, 0.03853333]), 0.7854, 1.0]
[1, array([0.5079, 0.0379]), array([0.50059048, 0.03853333]), 0.7854, 1.0]
[1, array([0.5079, 0.0379]), array([0.5007381 , 0.03853333]), 0.7854, 1.0]
[1, array([0.5079, 0.0379]), array([0.50088571, 0.03853333]), 0.7854, 1.0]
[1, array([0.5079, 0.0379]), array([0.50103333, 0.03853333]), 0.7854, 1.0]
[1, array([0.5079, 0.0379]), array([0.50118095, 0.03853333]), 0.7854, 1.0]
[1, array([0.5079, 0.0379]), array([0.50132857, 0.03853333]), 0.7854, 1.0]
[1, array([0.5079, 0.0379]), array([0.50147619, 0.03853333]), 0.7854, 1.0]
[1, array([0.5079, 0.0379]), array([0.50162381, 0.03853333]), 0.7854, 1.0]
[1, array([0.5079, 0.0379]), array([0.50177143, 0.03853333]), 0.7854, 1.0]
[1, array([0.5079, 0.0379]), array([0.50191905, 0.03853333]), 0.7854, 1.0]
[1, array([0.5079, 0.0379]), array([0.50206667, 0.03853333]), 0.7854, 1.0]
[1, array([0.5079, 0.0379]), array([0.50221429, 0.03853333]), 0.7854, 1.0]
[1, array([0.5079, 0.0379]), array([0.5023619 , 0.03853333]), 0.7854, 1.0]
[1, array([0.5079, 0.0379]), array([0.50250952, 0.03853333]), 0.7854, 1.0]
[1, array([0.5079, 0.0379]), array([0.50265714, 0.03853333]), 0.7854, 1.0]
[1, array([0.5079, 0.0379]), array([0.50280476, 0.03853333]), 0.7854, 1.0]
[1, array([0.5079, 0.0379]), array([0.50295238, 0.03853333]), 0.7854, 1.0]
[1, array([0.5079, 0.0379]), array([0.5031    , 0.03853333]), 0.7854, 1.0]
[1, array([0.5079, 0.0379]), array([0.5       , 0.03868095]), 0.7854, 1.0]
[1, array([0.5079, 0.0379]), array([0.50014762, 0.03868095]), 0.7854, 1.0]
[1, array([0.5079, 0.0379]), array([0.50029524, 0.03868095]), 0.7854, 1.0]
[1, array([0.5079, 0.0379]), array([0.50044286, 0.03868095]), 0.7854, 1.0]
[1, array([0.5079, 0.0379]), array([0.50059048, 0.03868095]), 0.7854, 1.0]
[1, array([0.5079, 0.0379]), array([0.5007381 , 0.03868095]), 0.7854, 1.0]
[1, array([0.5079, 0.0379]), array([0.50088571, 0.03868095]), 0.7854, 1.0]
[1, array([0.5079, 0.0379]), array([0.50103333, 0.03868095]), 0.7854, 1.0]
[1, array([0.5079, 0.0379]), array([0.50118095, 0.03868095]), 0.7854, 1.0]
[1, array([0.5079, 0.0379]), array([0.50132857, 0.03868095]), 0.7854, 1.0]
[1, array([0.5079, 0.0379]), array([0.50147619, 0.03868095]), 0.7854, 1.0]
[1, array([0.5079, 0.0379]), array([0.50162381, 0.03868095]), 0.7854, 1.0]
[1, array([0.5079, 0.0379]), array([0.50177143, 0.03868095]), 0.7854, 1.0]
[1, array([0.5079, 0.0379]), array([0.50191905, 0.03868095]), 0.7854, 1.0]
[1, array([0.5079, 0.0379]), array([0.50206667, 0.03868095]), 0.7854, 1.0]
[1, array([0.5079, 0.0379]), array([0.50221429, 0.03868095]), 0.7854, 1.0]
[1, array([0.5079, 0.0379]), array([0.5023619 , 0.03868095]), 0.7854, 1.0]
[1, array([0.5079, 0.0379]), array([0.50250952, 0.03868095]), 0.7854, 1.0]
[1, array([0.5079, 0.0379]), array([0.50265714, 0.03868095]), 0.7854, 1.0]
[1, array([0.5079, 0.0379]), array([0.50280476, 0.03868095]), 0.7854, 1.0]
[1, array([0.5079, 0.0379]), array([0.50295238, 0.03868095]), 0.7854, 1.0]
[1, array([0.5079, 0.0379]), array([0.5031    , 0.03868095]), 0.7854, 1.0]
[1, array([0.5079, 0.0379]), array([0.5       , 0.03882857]), 0.7854, 1.0]
[1, array([0.5079, 0.0379]), array([0.50014762, 0.03882857]), 0.7854, 1.0]
[1, array([0.5079, 0.0379]), array([0.50029524, 0.03882857]), 0.7854, 1.0]
[1, array([0.5079, 0.0379]), array([0.50044286, 0.03882857]), 0.7854, 1.0]
[1, array([0.5079, 0.0379]), array([0.50059048, 0.03882857]), 0.7854, 1.0]
[1, array([0.5079, 0.0379]), array([0.5007381 , 0.03882857]), 0.7854, 1.0]
[1, array([0.5079, 0.0379]), array([0.50088571, 0.03882857]), 0.7854, 1.0]
[1, array([0.5079, 0.0379]), array([0.50103333, 0.03882857]), 0.7854, 1.0]
[1, array([0.5079, 0.0379]), array([0.50118095, 0.03882857]), 0.7854, 1.0]
[1, array([0.5079, 0.0379]), array([0.50132857, 0.03882857]), 0.7854, 1.0]
[1, array([0.5079, 0.0379]), array([0.50147619, 0.03882857]), 0.7854, 1.0]
[1, array([0.5079, 0.0379]), array([0.50162381, 0.03882857]), 0.7854, 1.0]
[1, array([0.5079, 0.0379]), array([0.50177143, 0.03882857]), 0.7854, 1.0]
[1, array([0.5079, 0.0379]), array([0.50191905, 0.03882857]), 0.7854, 1.0]
[1, array([0.5079, 0.0379]), array([0.50206667, 0.03882857]), 0.7854, 1.0]
[1, array([0.5079, 0.0379]), array([0.50221429, 0.03882857]), 0.7854, 1.0]
[1, array([0.5079, 0.0379]), array([0.5023619 , 0.03882857]), 0.7854, 1.0]
[1, array([0.5079, 0.0379]), array([0.50250952, 0.03882857]), 0.7854, 1.0]
[1, array([0.5079, 0.0379]), array([0.50265714, 0.03882857]), 0.7854, 1.0]
[1, array([0.5079, 0.0379]), array([0.50280476, 0.03882857]), 0.7854, 1.0]
[1, array([0.5079, 0.0379]), array([0.50295238, 0.03882857]), 0.7854, 1.0]
[1, array([0.5079, 0.0379]), array([0.5031    , 0.03882857]), 0.7854, 1.0]
[1, array([0.5079, 0.0379]), array([0.5       , 0.03897619]), 0.7854, 1.0]
[1, array([0.5079, 0.0379]), array([0.50014762, 0.03897619]), 0.7854, 1.0]
[1, array([0.5079, 0.0379]), array([0.50029524, 0.03897619]), 0.7854, 1.0]
[1, array([0.5079, 0.0379]), array([0.50044286, 0.03897619]), 0.7854, 1.0]
[1, array([0.5079, 0.0379]), array([0.50059048, 0.03897619]), 0.7854, 1.0]
[1, array([0.5079, 0.0379]), array([0.5007381 , 0.03897619]), 0.7854, 1.0]
[1, array([0.5079, 0.0379]), array([0.50088571, 0.03897619]), 0.7854, 1.0]
[1, array([0.5079, 0.0379]), array([0.50103333, 0.03897619]), 0.7854, 1.0]
[1, array([0.5079, 0.0379]), array([0.50118095, 0.03897619]), 0.7854, 1.0]
[1, array([0.5079, 0.0379]), array([0.50132857, 0.03897619]), 0.7854, 1.0]
[1, array([0.5079, 0.0379]), array([0.50147619, 0.03897619]), 0.7854, 1.0]
[1, array([0.5079, 0.0379]), array([0.50162381, 0.03897619]), 0.7854, 1.0]
[1, array([0.5079, 0.0379]), array([0.50177143, 0.03897619]), 0.7854, 1.0]
[1, array([0.5079, 0.0379]), array([0.50191905, 0.03897619]), 0.7854, 1.0]
[1, array([0.5079, 0.0379]), array([0.50206667, 0.03897619]), 0.7854, 1.0]
[1, array([0.5079, 0.0379]), array([0.50221429, 0.03897619]), 0.7854, 1.0]
[1, array([0.5079, 0.0379]), array([0.5023619 , 0.03897619]), 0.7854, 1.0]
[1, array([0.5079, 0.0379]), array([0.50250952, 0.03897619]), 0.7854, 1.0]
[1, array([0.5079, 0.0379]), array([0.50265714, 0.03897619]), 0.7854, 1.0]
[1, array([0.5079, 0.0379]), array([0.50280476, 0.03897619]), 0.7854, 1.0]
[1, array([0.5079, 0.0379]), array([0.50295238, 0.03897619]), 0.7854, 1.0]
[1, array([0.5079, 0.0379]), array([0.5031    , 0.03897619]), 0.7854, 1.0]
[1, array([0.5079, 0.0379]), array([0.5       , 0.03912381]), 0.7854, 1.0]
[1, array([0.5079, 0.0379]), array([0.50014762, 0.03912381]), 0.7854, 1.0]
[1, array([0.5079, 0.0379]), array([0.50029524, 0.03912381]), 0.7854, 1.0]
[1, array([0.5079, 0.0379]), array([0.50044286, 0.03912381]), 0.7854, 1.0]
[1, array([0.5079, 0.0379]), array([0.50059048, 0.03912381]), 0.7854, 1.0]
[1, array([0.5079, 0.0379]), array([0.5007381 , 0.03912381]), 0.7854, 1.0]
[1, array([0.5079, 0.0379]), array([0.50088571, 0.03912381]), 0.7854, 1.0]
[1, array([0.5079, 0.0379]), array([0.50103333, 0.03912381]), 0.7854, 1.0]
[1, array([0.5079, 0.0379]), array([0.50118095, 0.03912381]), 0.7854, 1.0]
[1, array([0.5079, 0.0379]), array([0.50132857, 0.03912381]), 0.7854, 1.0]
[1, array([0.5079, 0.0379]), array([0.50147619, 0.03912381]), 0.7854, 1.0]
[1, array([0.5079, 0.0379]), array([0.50162381, 0.03912381]), 0.7854, 1.0]
[1, array([0.5079, 0.0379]), array([0.50177143, 0.03912381]), 0.7854, 1.0]
[1, array([0.5079, 0.0379]), array([0.50191905, 0.03912381]), 0.7854, 1.0]
[1, array([0.5079, 0.0379]), array([0.50206667, 0.03912381]), 0.7854, 1.0]
[1, array([0.5079, 0.0379]), array([0.50221429, 0.03912381]), 0.7854, 1.0]
[1, array([0.5079, 0.0379]), array([0.5023619 , 0.03912381]), 0.7854, 1.0]
[1, array([0.5079, 0.0379]), array([0.50250952, 0.03912381]), 0.7854, 1.0]
[1, array([0.5079, 0.0379]), array([0.50265714, 0.03912381]), 0.7854, 1.0]
[1, array([0.5079, 0.0379]), array([0.50280476, 0.03912381]), 0.7854, 1.0]
[1, array([0.5079, 0.0379]), array([0.50295238, 0.03912381]), 0.7854, 1.0]
[1, array([0.5079, 0.0379]), array([0.5031    , 0.03912381]), 0.7854, 1.0]
[1, array([0.5079, 0.0379]), array([0.5       , 0.03927143]), 0.7854, 1.0]
[1, array([0.5079, 0.0379]), array([0.50014762, 0.03927143]), 0.7854, 1.0]
[1, array([0.5079, 0.0379]), array([0.50029524, 0.03927143]), 0.7854, 1.0]
[1, array([0.5079, 0.0379]), array([0.50044286, 0.03927143]), 0.7854, 1.0]
[1, array([0.5079, 0.0379]), array([0.50059048, 0.03927143]), 0.7854, 1.0]
[1, array([0.5079, 0.0379]), array([0.5007381 , 0.03927143]), 0.7854, 1.0]
[1, array([0.5079, 0.0379]), array([0.50088571, 0.03927143]), 0.7854, 1.0]
[1, array([0.5079, 0.0379]), array([0.50103333, 0.03927143]), 0.7854, 1.0]
[1, array([0.5079, 0.0379]), array([0.50118095, 0.03927143]), 0.7854, 1.0]
[1, array([0.5079, 0.0379]), array([0.50132857, 0.03927143]), 0.7854, 1.0]
[1, array([0.5079, 0.0379]), array([0.50147619, 0.03927143]), 0.7854, 1.0]
[1, array([0.5079, 0.0379]), array([0.50162381, 0.03927143]), 0.7854, 1.0]
[1, array([0.5079, 0.0379]), array([0.50177143, 0.03927143]), 0.7854, 1.0]
[1, array([0.5079, 0.0379]), array([0.50191905, 0.03927143]), 0.7854, 1.0]
[1, array([0.5079, 0.0379]), array([0.50206667, 0.03927143]), 0.7854, 1.0]
[1, array([0.5079, 0.0379]), array([0.50221429, 0.03927143]), 0.7854, 1.0]
[1, array([0.5079, 0.0379]), array([0.5023619 , 0.03927143]), 0.7854, 1.0]
[1, array([0.5079, 0.0379]), array([0.50250952, 0.03927143]), 0.7854, 1.0]
[1, array([0.5079, 0.0379]), array([0.50265714, 0.03927143]), 0.7854, 1.0]
[1, array([0.5079, 0.0379]), array([0.50280476, 0.03927143]), 0.7854, 1.0]
[1, array([0.5079, 0.0379]), array([0.50295238, 0.03927143]), 0.7854, 1.0]
[1, array([0.5079, 0.0379]), array([0.5031    , 0.03927143]), 0.7854, 1.0]
[1, array([0.5079, 0.0379]), array([0.5       , 0.03941905]), 0.7854, 1.0]
[1, array([0.5079, 0.0379]), array([0.50014762, 0.03941905]), 0.7854, 1.0]
[1, array([0.5079, 0.0379]), array([0.50029524, 0.03941905]), 0.7854, 1.0]
[1, array([0.5079, 0.0379]), array([0.50044286, 0.03941905]), 0.7854, 1.0]
[1, array([0.5079, 0.0379]), array([0.50059048, 0.03941905]), 0.7854, 1.0]
[1, array([0.5079, 0.0379]), array([0.5007381 , 0.03941905]), 0.7854, 1.0]
[1, array([0.5079, 0.0379]), array([0.50088571, 0.03941905]), 0.7854, 1.0]
[1, array([0.5079, 0.0379]), array([0.50103333, 0.03941905]), 0.7854, 1.0]
[1, array([0.5079, 0.0379]), array([0.50118095, 0.03941905]), 0.7854, 1.0]
[1, array([0.5079, 0.0379]), array([0.50132857, 0.03941905]), 0.7854, 1.0]
[1, array([0.5079, 0.0379]), array([0.50147619, 0.03941905]), 0.7854, 1.0]
[1, array([0.5079, 0.0379]), array([0.50162381, 0.03941905]), 0.7854, 1.0]
[1, array([0.5079, 0.0379]), array([0.50177143, 0.03941905]), 0.7854, 1.0]
[1, array([0.5079, 0.0379]), array([0.50191905, 0.03941905]), 0.7854, 1.0]
[1, array([0.5079, 0.0379]), array([0.50206667, 0.03941905]), 0.7854, 1.0]
[1, array([0.5079, 0.0379]), array([0.50221429, 0.03941905]), 0.7854, 1.0]
[1, array([0.5079, 0.0379]), array([0.5023619 , 0.03941905]), 0.7854, 1.0]
[1, array([0.5079, 0.0379]), array([0.50250952, 0.03941905]), 0.7854, 1.0]
[1, array([0.5079, 0.0379]), array([0.50265714, 0.03941905]), 0.7854, 1.0]
[1, array([0.5079, 0.0379]), array([0.50280476, 0.03941905]), 0.7854, 1.0]
[1, array([0.5079, 0.0379]), array([0.50295238, 0.03941905]), 0.7854, 1.0]
[1, array([0.5079, 0.0379]), array([0.5031    , 0.03941905]), 0.7854, 1.0]
[1, array([0.5079, 0.0379]), array([0.5       , 0.03956667]), 0.7854, 1.0]
[1, array([0.5079, 0.0379]), array([0.50014762, 0.03956667]), 0.7854, 1.0]
[1, array([0.5079, 0.0379]), array([0.50029524, 0.03956667]), 0.7854, 1.0]
[1, array([0.5079, 0.0379]), array([0.50044286, 0.03956667]), 0.7854, 1.0]
[1, array([0.5079, 0.0379]), array([0.50059048, 0.03956667]), 0.7854, 1.0]
[1, array([0.5079, 0.0379]), array([0.5007381 , 0.03956667]), 0.7854, 1.0]
[1, array([0.5079, 0.0379]), array([0.50088571, 0.03956667]), 0.7854, 1.0]
[1, array([0.5079, 0.0379]), array([0.50103333, 0.03956667]), 0.7854, 1.0]
[1, array([0.5079, 0.0379]), array([0.50118095, 0.03956667]), 0.7854, 1.0]
[1, array([0.5079, 0.0379]), array([0.50132857, 0.03956667]), 0.7854, 1.0]
[1, array([0.5079, 0.0379]), array([0.50147619, 0.03956667]), 0.7854, 1.0]
[1, array([0.5079, 0.0379]), array([0.50162381, 0.03956667]), 0.7854, 1.0]
[1, array([0.5079, 0.0379]), array([0.50177143, 0.03956667]), 0.7854, 1.0]
[1, array([0.5079, 0.0379]), array([0.50191905, 0.03956667]), 0.7854, 1.0]
[1, array([0.5079, 0.0379]), array([0.50206667, 0.03956667]), 0.7854, 1.0]
[1, array([0.5079, 0.0379]), array([0.50221429, 0.03956667]), 0.7854, 1.0]
[1, array([0.5079, 0.0379]), array([0.5023619 , 0.03956667]), 0.7854, 1.0]
[1, array([0.5079, 0.0379]), array([0.50250952, 0.03956667]), 0.7854, 1.0]
[1, array([0.5079, 0.0379]), array([0.50265714, 0.03956667]), 0.7854, 1.0]
[1, array([0.5079, 0.0379]), array([0.50280476, 0.03956667]), 0.7854, 1.0]
[1, array([0.5079, 0.0379]), array([0.50295238, 0.03956667]), 0.7854, 1.0]
[1, array([0.5079, 0.0379]), array([0.5031    , 0.03956667]), 0.7854, 1.0]
[1, array([0.5079, 0.0379]), array([0.5       , 0.03971429]), 0.7854, 1.0]
[1, array([0.5079, 0.0379]), array([0.50014762, 0.03971429]), 0.7854, 1.0]
[1, array([0.5079, 0.0379]), array([0.50029524, 0.03971429]), 0.7854, 1.0]
[1, array([0.5079, 0.0379]), array([0.50044286, 0.03971429]), 0.7854, 1.0]
[1, array([0.5079, 0.0379]), array([0.50059048, 0.03971429]), 0.7854, 1.0]
[1, array([0.5079, 0.0379]), array([0.5007381 , 0.03971429]), 0.7854, 1.0]
[1, array([0.5079, 0.0379]), array([0.50088571, 0.03971429]), 0.7854, 1.0]
[1, array([0.5079, 0.0379]), array([0.50103333, 0.03971429]), 0.7854, 1.0]
[1, array([0.5079, 0.0379]), array([0.50118095, 0.03971429]), 0.7854, 1.0]
[1, array([0.5079, 0.0379]), array([0.50132857, 0.03971429]), 0.7854, 1.0]
[1, array([0.5079, 0.0379]), array([0.50147619, 0.03971429]), 0.7854, 1.0]
[1, array([0.5079, 0.0379]), array([0.50162381, 0.03971429]), 0.7854, 1.0]
[1, array([0.5079, 0.0379]), array([0.50177143, 0.03971429]), 0.7854, 1.0]
[1, array([0.5079, 0.0379]), array([0.50191905, 0.03971429]), 0.7854, 1.0]
[1, array([0.5079, 0.0379]), array([0.50206667, 0.03971429]), 0.7854, 1.0]
[1, array([0.5079, 0.0379]), array([0.50221429, 0.03971429]), 0.7854, 1.0]
[1, array([0.5079, 0.0379]), array([0.5023619 , 0.03971429]), 0.7854, 1.0]
[1, array([0.5079, 0.0379]), array([0.50250952, 0.03971429]), 0.7854, 1.0]
[1, array([0.5079, 0.0379]), array([0.50265714, 0.03971429]), 0.7854, 1.0]
[1, array([0.5079, 0.0379]), array([0.50280476, 0.03971429]), 0.7854, 1.0]
[1, array([0.5079, 0.0379]), array([0.50295238, 0.03971429]), 0.7854, 1.0]
[1, array([0.5079, 0.0379]), array([0.5031    , 0.03971429]), 0.7854, 1.0]
[1, array([0.5079, 0.0379]), array([0.5      , 0.0398619]), 0.7854, 1.0]
[1, array([0.5079, 0.0379]), array([0.50014762, 0.0398619 ]), 0.7854, 1.0]
[1, array([0.5079, 0.0379]), array([0.50029524, 0.0398619 ]), 0.7854, 1.0]
[1, array([0.5079, 0.0379]), array([0.50044286, 0.0398619 ]), 0.7854, 1.0]
[1, array([0.5079, 0.0379]), array([0.50059048, 0.0398619 ]), 0.7854, 1.0]
[1, array([0.5079, 0.0379]), array([0.5007381, 0.0398619]), 0.7854, 1.0]
[1, array([0.5079, 0.0379]), array([0.50088571, 0.0398619 ]), 0.7854, 1.0]
[1, array([0.5079, 0.0379]), array([0.50103333, 0.0398619 ]), 0.7854, 1.0]
[1, array([0.5079, 0.0379]), array([0.50118095, 0.0398619 ]), 0.7854, 1.0]
[1, array([0.5079, 0.0379]), array([0.50132857, 0.0398619 ]), 0.7854, 1.0]
[1, array([0.5079, 0.0379]), array([0.50147619, 0.0398619 ]), 0.7854, 1.0]
[1, array([0.5079, 0.0379]), array([0.50162381, 0.0398619 ]), 0.7854, 1.0]
[1, array([0.5079, 0.0379]), array([0.50177143, 0.0398619 ]), 0.7854, 1.0]
[1, array([0.5079, 0.0379]), array([0.50191905, 0.0398619 ]), 0.7854, 1.0]
[1, array([0.5079, 0.0379]), array([0.50206667, 0.0398619 ]), 0.7854, 1.0]
[1, array([0.5079, 0.0379]), array([0.50221429, 0.0398619 ]), 0.7854, 1.0]
[1, array([0.5079, 0.0379]), array([0.5023619, 0.0398619]), 0.7854, 1.0]
[1, array([0.5079, 0.0379]), array([0.50250952, 0.0398619 ]), 0.7854, 1.0]
[1, array([0.5079, 0.0379]), array([0.50265714, 0.0398619 ]), 0.7854, 1.0]
[1, array([0.5079, 0.0379]), array([0.50280476, 0.0398619 ]), 0.7854, 1.0]
[1, array([0.5079, 0.0379]), array([0.50295238, 0.0398619 ]), 0.7854, 1.0]
[1, array([0.5079, 0.0379]), array([0.5031   , 0.0398619]), 0.7854, 1.0]
[1, array([0.5079, 0.0379]), array([0.5       , 0.04000952]), 0.7854, 1.0]
[1, array([0.5079, 0.0379]), array([0.50014762, 0.04000952]), 0.7854, 1.0]
[1, array([0.5079, 0.0379]), array([0.50029524, 0.04000952]), 0.7854, 1.0]
[1, array([0.5079, 0.0379]), array([0.50044286, 0.04000952]), 0.7854, 1.0]
[1, array([0.5079, 0.0379]), array([0.50059048, 0.04000952]), 0.7854, 1.0]
[1, array([0.5079, 0.0379]), array([0.5007381 , 0.04000952]), 0.7854, 1.0]
[1, array([0.5079, 0.0379]), array([0.50088571, 0.04000952]), 0.7854, 1.0]
[1, array([0.5079, 0.0379]), array([0.50103333, 0.04000952]), 0.7854, 1.0]
[1, array([0.5079, 0.0379]), array([0.50118095, 0.04000952]), 0.7854, 1.0]
[1, array([0.5079, 0.0379]), array([0.50132857, 0.04000952]), 0.7854, 1.0]
[1, array([0.5079, 0.0379]), array([0.50147619, 0.04000952]), 0.7854, 1.0]
[1, array([0.5079, 0.0379]), array([0.50162381, 0.04000952]), 0.7854, 1.0]
[1, array([0.5079, 0.0379]), array([0.50177143, 0.04000952]), 0.7854, 1.0]
[1, array([0.5079, 0.0379]), array([0.50191905, 0.04000952]), 0.7854, 1.0]
[1, array([0.5079, 0.0379]), array([0.50206667, 0.04000952]), 0.7854, 1.0]
[1, array([0.5079, 0.0379]), array([0.50221429, 0.04000952]), 0.7854, 1.0]
[1, array([0.5079, 0.0379]), array([0.5023619 , 0.04000952]), 0.7854, 1.0]
[1, array([0.5079, 0.0379]), array([0.50250952, 0.04000952]), 0.7854, 1.0]
[1, array([0.5079, 0.0379]), array([0.50265714, 0.04000952]), 0.7854, 1.0]
[1, array([0.5079, 0.0379]), array([0.50280476, 0.04000952]), 0.7854, 1.0]
[1, array([0.5079, 0.0379]), array([0.50295238, 0.04000952]), 0.7854, 1.0]
[1, array([0.5079, 0.0379]), array([0.5031    , 0.04000952]), 0.7854, 1.0]
[1, array([0.5079, 0.0379]), array([0.5       , 0.04015714]), 0.7854, 1.0]
[1, array([0.5079, 0.0379]), array([0.50014762, 0.04015714]), 0.7854, 1.0]
[1, array([0.5079, 0.0379]), array([0.50029524, 0.04015714]), 0.7854, 1.0]
[1, array([0.5079, 0.0379]), array([0.50044286, 0.04015714]), 0.7854, 1.0]
[1, array([0.5079, 0.0379]), array([0.50059048, 0.04015714]), 0.7854, 1.0]
[1, array([0.5079, 0.0379]), array([0.5007381 , 0.04015714]), 0.7854, 1.0]
[1, array([0.5079, 0.0379]), array([0.50088571, 0.04015714]), 0.7854, 1.0]
[1, array([0.5079, 0.0379]), array([0.50103333, 0.04015714]), 0.7854, 1.0]
[1, array([0.5079, 0.0379]), array([0.50118095, 0.04015714]), 0.7854, 1.0]
[1, array([0.5079, 0.0379]), array([0.50132857, 0.04015714]), 0.7854, 1.0]
[1, array([0.5079, 0.0379]), array([0.50147619, 0.04015714]), 0.7854, 1.0]
[1, array([0.5079, 0.0379]), array([0.50162381, 0.04015714]), 0.7854, 1.0]
[1, array([0.5079, 0.0379]), array([0.50177143, 0.04015714]), 0.7854, 1.0]
[1, array([0.5079, 0.0379]), array([0.50191905, 0.04015714]), 0.7854, 1.0]
[1, array([0.5079, 0.0379]), array([0.50206667, 0.04015714]), 0.7854, 1.0]
[1, array([0.5079, 0.0379]), array([0.50221429, 0.04015714]), 0.7854, 1.0]
[1, array([0.5079, 0.0379]), array([0.5023619 , 0.04015714]), 0.7854, 1.0]
[1, array([0.5079, 0.0379]), array([0.50250952, 0.04015714]), 0.7854, 1.0]
[1, array([0.5079, 0.0379]), array([0.50265714, 0.04015714]), 0.7854, 1.0]
[1, array([0.5079, 0.0379]), array([0.50280476, 0.04015714]), 0.7854, 1.0]
[1, array([0.5079, 0.0379]), array([0.50295238, 0.04015714]), 0.7854, 1.0]
[1, array([0.5079, 0.0379]), array([0.5031    , 0.04015714]), 0.7854, 1.0]
[1, array([0.5079, 0.0379]), array([0.5       , 0.04030476]), 0.7854, 1.0]
[1, array([0.5079, 0.0379]), array([0.50014762, 0.04030476]), 0.7854, 1.0]
[1, array([0.5079, 0.0379]), array([0.50029524, 0.04030476]), 0.7854, 1.0]
[1, array([0.5079, 0.0379]), array([0.50044286, 0.04030476]), 0.7854, 1.0]
[1, array([0.5079, 0.0379]), array([0.50059048, 0.04030476]), 0.7854, 1.0]
[1, array([0.5079, 0.0379]), array([0.5007381 , 0.04030476]), 0.7854, 1.0]
[1, array([0.5079, 0.0379]), array([0.50088571, 0.04030476]), 0.7854, 1.0]
[1, array([0.5079, 0.0379]), array([0.50103333, 0.04030476]), 0.7854, 1.0]
[1, array([0.5079, 0.0379]), array([0.50118095, 0.04030476]), 0.7854, 1.0]
[1, array([0.5079, 0.0379]), array([0.50132857, 0.04030476]), 0.7854, 1.0]
[1, array([0.5079, 0.0379]), array([0.50147619, 0.04030476]), 0.7854, 1.0]
[1, array([0.5079, 0.0379]), array([0.50162381, 0.04030476]), 0.7854, 1.0]
[1, array([0.5079, 0.0379]), array([0.50177143, 0.04030476]), 0.7854, 1.0]
[1, array([0.5079, 0.0379]), array([0.50191905, 0.04030476]), 0.7854, 1.0]
[1, array([0.5079, 0.0379]), array([0.50206667, 0.04030476]), 0.7854, 1.0]
[1, array([0.5079, 0.0379]), array([0.50221429, 0.04030476]), 0.7854, 1.0]
[1, array([0.5079, 0.0379]), array([0.5023619 , 0.04030476]), 0.7854, 1.0]
[1, array([0.5079, 0.0379]), array([0.50250952, 0.04030476]), 0.7854, 1.0]
[1, array([0.5079, 0.0379]), array([0.50265714, 0.04030476]), 0.7854, 1.0]
[1, array([0.5079, 0.0379]), array([0.50280476, 0.04030476]), 0.7854, 1.0]
[1, array([0.5079, 0.0379]), array([0.50295238, 0.04030476]), 0.7854, 1.0]
[1, array([0.5079, 0.0379]), array([0.5031    , 0.04030476]), 0.7854, 1.0]
[1, array([0.5079, 0.0379]), array([0.5       , 0.04045238]), 0.7854, 1.0]
[1, array([0.5079, 0.0379]), array([0.50014762, 0.04045238]), 0.7854, 1.0]
[1, array([0.5079, 0.0379]), array([0.50029524, 0.04045238]), 0.7854, 1.0]
[1, array([0.5079, 0.0379]), array([0.50044286, 0.04045238]), 0.7854, 1.0]
[1, array([0.5079, 0.0379]), array([0.50059048, 0.04045238]), 0.7854, 1.0]
[1, array([0.5079, 0.0379]), array([0.5007381 , 0.04045238]), 0.7854, 1.0]
[1, array([0.5079, 0.0379]), array([0.50088571, 0.04045238]), 0.7854, 1.0]
[1, array([0.5079, 0.0379]), array([0.50103333, 0.04045238]), 0.7854, 1.0]
[1, array([0.5079, 0.0379]), array([0.50118095, 0.04045238]), 0.7854, 1.0]
[1, array([0.5079, 0.0379]), array([0.50132857, 0.04045238]), 0.7854, 1.0]
[1, array([0.5079, 0.0379]), array([0.50147619, 0.04045238]), 0.7854, 1.0]
[1, array([0.5079, 0.0379]), array([0.50162381, 0.04045238]), 0.7854, 1.0]
[1, array([0.5079, 0.0379]), array([0.50177143, 0.04045238]), 0.7854, 1.0]
[1, array([0.5079, 0.0379]), array([0.50191905, 0.04045238]), 0.7854, 1.0]
[1, array([0.5079, 0.0379]), array([0.50206667, 0.04045238]), 0.7854, 1.0]
[1, array([0.5079, 0.0379]), array([0.50221429, 0.04045238]), 0.7854, 1.0]
[1, array([0.5079, 0.0379]), array([0.5023619 , 0.04045238]), 0.7854, 1.0]
[1, array([0.5079, 0.0379]), array([0.50250952, 0.04045238]), 0.7854, 1.0]
[1, array([0.5079, 0.0379]), array([0.50265714, 0.04045238]), 0.7854, 1.0]
[1, array([0.5079, 0.0379]), array([0.50280476, 0.04045238]), 0.7854, 1.0]
[1, array([0.5079, 0.0379]), array([0.50295238, 0.04045238]), 0.7854, 1.0]
[1, array([0.5079, 0.0379]), array([0.5031    , 0.04045238]), 0.7854, 1.0]
[1, array([0.5079, 0.0379]), array([0.5   , 0.0406]), 0.7854, 1.0]
[1, array([0.5079, 0.0379]), array([0.50014762, 0.0406    ]), 0.7854, 1.0]
[1, array([0.5079, 0.0379]), array([0.50029524, 0.0406    ]), 0.7854, 1.0]
[1, array([0.5079, 0.0379]), array([0.50044286, 0.0406    ]), 0.7854, 1.0]
[1, array([0.5079, 0.0379]), array([0.50059048, 0.0406    ]), 0.7854, 1.0]
[1, array([0.5079, 0.0379]), array([0.5007381, 0.0406   ]), 0.7854, 1.0]
[1, array([0.5079, 0.0379]), array([0.50088571, 0.0406    ]), 0.7854, 1.0]
[1, array([0.5079, 0.0379]), array([0.50103333, 0.0406    ]), 0.7854, 1.0]
[1, array([0.5079, 0.0379]), array([0.50118095, 0.0406    ]), 0.7854, 1.0]
[1, array([0.5079, 0.0379]), array([0.50132857, 0.0406    ]), 0.7854, 1.0]
[1, array([0.5079, 0.0379]), array([0.50147619, 0.0406    ]), 0.7854, 1.0]
[1, array([0.5079, 0.0379]), array([0.50162381, 0.0406    ]), 0.7854, 1.0]
[1, array([0.5079, 0.0379]), array([0.50177143, 0.0406    ]), 0.7854, 1.0]
[1, array([0.5079, 0.0379]), array([0.50191905, 0.0406    ]), 0.7854, 1.0]
[1, array([0.5079, 0.0379]), array([0.50206667, 0.0406    ]), 0.7854, 1.0]
[1, array([0.5079, 0.0379]), array([0.50221429, 0.0406    ]), 0.7854, 1.0]
[1, array([0.5079, 0.0379]), array([0.5023619, 0.0406   ]), 0.7854, 1.0]
[1, array([0.5079, 0.0379]), array([0.50250952, 0.0406    ]), 0.7854, 1.0]
[1, array([0.5079, 0.0379]), array([0.50265714, 0.0406    ]), 0.7854, 1.0]
[1, array([0.5079, 0.0379]), array([0.50280476, 0.0406    ]), 0.7854, 1.0]
[1, array([0.5079, 0.0379]), array([0.50295238, 0.0406    ]), 0.7854, 1.0]
[1, array([0.5079, 0.0379]), array([0.5031, 0.0406]), 0.7854, 1.0]
[1, array([ 0.4638, -0.0346]), array([ 0.4563, -0.0375]), 0.7854, 1.0]
[1, array([ 0.4638, -0.0346]), array([ 0.45644762, -0.0375    ]), 0.7854, 1.0]
[1, array([ 0.4638, -0.0346]), array([ 0.45659524, -0.0375    ]), 0.7854, 1.0]
[1, array([ 0.4638, -0.0346]), array([ 0.45674286, -0.0375    ]), 0.7854, 1.0]
[1, array([ 0.4638, -0.0346]), array([ 0.45689048, -0.0375    ]), 0.7854, 1.0]
[1, array([ 0.4638, -0.0346]), array([ 0.4570381, -0.0375   ]), 0.7854, 1.0]
[1, array([ 0.4638, -0.0346]), array([ 0.45718571, -0.0375    ]), 0.7854, 1.0]
[1, array([ 0.4638, -0.0346]), array([ 0.45733333, -0.0375    ]), 0.7854, 1.0]
[1, array([ 0.4638, -0.0346]), array([ 0.45748095, -0.0375    ]), 0.7854, 1.0]
[1, array([ 0.4638, -0.0346]), array([ 0.45762857, -0.0375    ]), 0.7854, 1.0]
[1, array([ 0.4638, -0.0346]), array([ 0.45777619, -0.0375    ]), 0.7854, 1.0]
[1, array([ 0.4638, -0.0346]), array([ 0.45792381, -0.0375    ]), 0.7854, 1.0]
[1, array([ 0.4638, -0.0346]), array([ 0.45807143, -0.0375    ]), 0.7854, 1.0]
[1, array([ 0.4638, -0.0346]), array([ 0.45821905, -0.0375    ]), 0.7854, 1.0]
[1, array([ 0.4638, -0.0346]), array([ 0.45836667, -0.0375    ]), 0.7854, 1.0]
[1, array([ 0.4638, -0.0346]), array([ 0.45851429, -0.0375    ]), 0.7854, 1.0]
[1, array([ 0.4638, -0.0346]), array([ 0.4586619, -0.0375   ]), 0.7854, 1.0]
[1, array([ 0.4638, -0.0346]), array([ 0.45880952, -0.0375    ]), 0.7854, 1.0]
[1, array([ 0.4638, -0.0346]), array([ 0.45895714, -0.0375    ]), 0.7854, 1.0]
[1, array([ 0.4638, -0.0346]), array([ 0.45910476, -0.0375    ]), 0.7854, 1.0]
[1, array([ 0.4638, -0.0346]), array([ 0.45925238, -0.0375    ]), 0.7854, 1.0]
[1, array([ 0.4638, -0.0346]), array([ 0.4594, -0.0375]), 0.7854, 1.0]
[1, array([ 0.4638, -0.0346]), array([ 0.4563    , -0.03735238]), 0.7854, 1.0]
[1, array([ 0.4638, -0.0346]), array([ 0.45644762, -0.03735238]), 0.7854, 1.0]
[1, array([ 0.4638, -0.0346]), array([ 0.45659524, -0.03735238]), 0.7854, 1.0]
[1, array([ 0.4638, -0.0346]), array([ 0.45674286, -0.03735238]), 0.7854, 1.0]
[1, array([ 0.4638, -0.0346]), array([ 0.45689048, -0.03735238]), 0.7854, 1.0]
[1, array([ 0.4638, -0.0346]), array([ 0.4570381 , -0.03735238]), 0.7854, 1.0]
[1, array([ 0.4638, -0.0346]), array([ 0.45718571, -0.03735238]), 0.7854, 1.0]
[1, array([ 0.4638, -0.0346]), array([ 0.45733333, -0.03735238]), 0.7854, 1.0]
[1, array([ 0.4638, -0.0346]), array([ 0.45748095, -0.03735238]), 0.7854, 1.0]
[1, array([ 0.4638, -0.0346]), array([ 0.45762857, -0.03735238]), 0.7854, 1.0]
[1, array([ 0.4638, -0.0346]), array([ 0.45777619, -0.03735238]), 0.7854, 1.0]
[1, array([ 0.4638, -0.0346]), array([ 0.45792381, -0.03735238]), 0.7854, 1.0]
[1, array([ 0.4638, -0.0346]), array([ 0.45807143, -0.03735238]), 0.7854, 1.0]
[1, array([ 0.4638, -0.0346]), array([ 0.45821905, -0.03735238]), 0.7854, 1.0]
[1, array([ 0.4638, -0.0346]), array([ 0.45836667, -0.03735238]), 0.7854, 1.0]
[1, array([ 0.4638, -0.0346]), array([ 0.45851429, -0.03735238]), 0.7854, 1.0]
[1, array([ 0.4638, -0.0346]), array([ 0.4586619 , -0.03735238]), 0.7854, 1.0]
[1, array([ 0.4638, -0.0346]), array([ 0.45880952, -0.03735238]), 0.7854, 1.0]
[1, array([ 0.4638, -0.0346]), array([ 0.45895714, -0.03735238]), 0.7854, 1.0]
[1, array([ 0.4638, -0.0346]), array([ 0.45910476, -0.03735238]), 0.7854, 1.0]
[1, array([ 0.4638, -0.0346]), array([ 0.45925238, -0.03735238]), 0.7854, 1.0]
[1, array([ 0.4638, -0.0346]), array([ 0.4594    , -0.03735238]), 0.7854, 1.0]
[1, array([ 0.4638, -0.0346]), array([ 0.4563    , -0.03720476]), 0.7854, 1.0]
[1, array([ 0.4638, -0.0346]), array([ 0.45644762, -0.03720476]), 0.7854, 1.0]
[1, array([ 0.4638, -0.0346]), array([ 0.45659524, -0.03720476]), 0.7854, 1.0]
[1, array([ 0.4638, -0.0346]), array([ 0.45674286, -0.03720476]), 0.7854, 1.0]
[1, array([ 0.4638, -0.0346]), array([ 0.45689048, -0.03720476]), 0.7854, 1.0]
[1, array([ 0.4638, -0.0346]), array([ 0.4570381 , -0.03720476]), 0.7854, 1.0]
[1, array([ 0.4638, -0.0346]), array([ 0.45718571, -0.03720476]), 0.7854, 1.0]
[1, array([ 0.4638, -0.0346]), array([ 0.45733333, -0.03720476]), 0.7854, 1.0]
[1, array([ 0.4638, -0.0346]), array([ 0.45748095, -0.03720476]), 0.7854, 1.0]
[1, array([ 0.4638, -0.0346]), array([ 0.45762857, -0.03720476]), 0.7854, 1.0]
[1, array([ 0.4638, -0.0346]), array([ 0.45777619, -0.03720476]), 0.7854, 1.0]
[1, array([ 0.4638, -0.0346]), array([ 0.45792381, -0.03720476]), 0.7854, 1.0]
[1, array([ 0.4638, -0.0346]), array([ 0.45807143, -0.03720476]), 0.7854, 1.0]
[1, array([ 0.4638, -0.0346]), array([ 0.45821905, -0.03720476]), 0.7854, 1.0]
[1, array([ 0.4638, -0.0346]), array([ 0.45836667, -0.03720476]), 0.7854, 1.0]
[1, array([ 0.4638, -0.0346]), array([ 0.45851429, -0.03720476]), 0.7854, 1.0]
[1, array([ 0.4638, -0.0346]), array([ 0.4586619 , -0.03720476]), 0.7854, 1.0]
[1, array([ 0.4638, -0.0346]), array([ 0.45880952, -0.03720476]), 0.7854, 1.0]
[1, array([ 0.4638, -0.0346]), array([ 0.45895714, -0.03720476]), 0.7854, 1.0]
[1, array([ 0.4638, -0.0346]), array([ 0.45910476, -0.03720476]), 0.7854, 1.0]
[1, array([ 0.4638, -0.0346]), array([ 0.45925238, -0.03720476]), 0.7854, 1.0]
[1, array([ 0.4638, -0.0346]), array([ 0.4594    , -0.03720476]), 0.7854, 1.0]
[1, array([ 0.4638, -0.0346]), array([ 0.4563    , -0.03705714]), 0.7854, 1.0]
[1, array([ 0.4638, -0.0346]), array([ 0.45644762, -0.03705714]), 0.7854, 1.0]
[1, array([ 0.4638, -0.0346]), array([ 0.45659524, -0.03705714]), 0.7854, 1.0]
[1, array([ 0.4638, -0.0346]), array([ 0.45674286, -0.03705714]), 0.7854, 1.0]
[1, array([ 0.4638, -0.0346]), array([ 0.45689048, -0.03705714]), 0.7854, 1.0]
[1, array([ 0.4638, -0.0346]), array([ 0.4570381 , -0.03705714]), 0.7854, 1.0]
[1, array([ 0.4638, -0.0346]), array([ 0.45718571, -0.03705714]), 0.7854, 1.0]
[1, array([ 0.4638, -0.0346]), array([ 0.45733333, -0.03705714]), 0.7854, 1.0]
[1, array([ 0.4638, -0.0346]), array([ 0.45748095, -0.03705714]), 0.7854, 1.0]
[1, array([ 0.4638, -0.0346]), array([ 0.45762857, -0.03705714]), 0.7854, 1.0]
[1, array([ 0.4638, -0.0346]), array([ 0.45777619, -0.03705714]), 0.7854, 1.0]
[1, array([ 0.4638, -0.0346]), array([ 0.45792381, -0.03705714]), 0.7854, 1.0]
[1, array([ 0.4638, -0.0346]), array([ 0.45807143, -0.03705714]), 0.7854, 1.0]
[1, array([ 0.4638, -0.0346]), array([ 0.45821905, -0.03705714]), 0.7854, 1.0]
[1, array([ 0.4638, -0.0346]), array([ 0.45836667, -0.03705714]), 0.7854, 1.0]
[1, array([ 0.4638, -0.0346]), array([ 0.45851429, -0.03705714]), 0.7854, 1.0]
[1, array([ 0.4638, -0.0346]), array([ 0.4586619 , -0.03705714]), 0.7854, 1.0]
[1, array([ 0.4638, -0.0346]), array([ 0.45880952, -0.03705714]), 0.7854, 1.0]
[1, array([ 0.4638, -0.0346]), array([ 0.45895714, -0.03705714]), 0.7854, 1.0]
[1, array([ 0.4638, -0.0346]), array([ 0.45910476, -0.03705714]), 0.7854, 1.0]
[1, array([ 0.4638, -0.0346]), array([ 0.45925238, -0.03705714]), 0.7854, 1.0]
[1, array([ 0.4638, -0.0346]), array([ 0.4594    , -0.03705714]), 0.7854, 1.0]
[1, array([ 0.4638, -0.0346]), array([ 0.4563    , -0.03690952]), 0.7854, 1.0]
[1, array([ 0.4638, -0.0346]), array([ 0.45644762, -0.03690952]), 0.7854, 1.0]
[1, array([ 0.4638, -0.0346]), array([ 0.45659524, -0.03690952]), 0.7854, 1.0]
[1, array([ 0.4638, -0.0346]), array([ 0.45674286, -0.03690952]), 0.7854, 1.0]
[1, array([ 0.4638, -0.0346]), array([ 0.45689048, -0.03690952]), 0.7854, 1.0]
[1, array([ 0.4638, -0.0346]), array([ 0.4570381 , -0.03690952]), 0.7854, 1.0]
[1, array([ 0.4638, -0.0346]), array([ 0.45718571, -0.03690952]), 0.7854, 1.0]
[1, array([ 0.4638, -0.0346]), array([ 0.45733333, -0.03690952]), 0.7854, 1.0]
[1, array([ 0.4638, -0.0346]), array([ 0.45748095, -0.03690952]), 0.7854, 1.0]
[1, array([ 0.4638, -0.0346]), array([ 0.45762857, -0.03690952]), 0.7854, 1.0]
[1, array([ 0.4638, -0.0346]), array([ 0.45777619, -0.03690952]), 0.7854, 1.0]
[1, array([ 0.4638, -0.0346]), array([ 0.45792381, -0.03690952]), 0.7854, 1.0]
[1, array([ 0.4638, -0.0346]), array([ 0.45807143, -0.03690952]), 0.7854, 1.0]
[1, array([ 0.4638, -0.0346]), array([ 0.45821905, -0.03690952]), 0.7854, 1.0]
[1, array([ 0.4638, -0.0346]), array([ 0.45836667, -0.03690952]), 0.7854, 1.0]
[1, array([ 0.4638, -0.0346]), array([ 0.45851429, -0.03690952]), 0.7854, 1.0]
[1, array([ 0.4638, -0.0346]), array([ 0.4586619 , -0.03690952]), 0.7854, 1.0]
[1, array([ 0.4638, -0.0346]), array([ 0.45880952, -0.03690952]), 0.7854, 1.0]
[1, array([ 0.4638, -0.0346]), array([ 0.45895714, -0.03690952]), 0.7854, 1.0]
[1, array([ 0.4638, -0.0346]), array([ 0.45910476, -0.03690952]), 0.7854, 1.0]
[1, array([ 0.4638, -0.0346]), array([ 0.45925238, -0.03690952]), 0.7854, 1.0]
[1, array([ 0.4638, -0.0346]), array([ 0.4594    , -0.03690952]), 0.7854, 1.0]
[1, array([ 0.4638, -0.0346]), array([ 0.4563   , -0.0367619]), 0.7854, 1.0]
[1, array([ 0.4638, -0.0346]), array([ 0.45644762, -0.0367619 ]), 0.7854, 1.0]
[1, array([ 0.4638, -0.0346]), array([ 0.45659524, -0.0367619 ]), 0.7854, 1.0]
[1, array([ 0.4638, -0.0346]), array([ 0.45674286, -0.0367619 ]), 0.7854, 1.0]
[1, array([ 0.4638, -0.0346]), array([ 0.45689048, -0.0367619 ]), 0.7854, 1.0]
[1, array([ 0.4638, -0.0346]), array([ 0.4570381, -0.0367619]), 0.7854, 1.0]
[1, array([ 0.4638, -0.0346]), array([ 0.45718571, -0.0367619 ]), 0.7854, 1.0]
[1, array([ 0.4638, -0.0346]), array([ 0.45733333, -0.0367619 ]), 0.7854, 1.0]
[1, array([ 0.4638, -0.0346]), array([ 0.45748095, -0.0367619 ]), 0.7854, 1.0]
[1, array([ 0.4638, -0.0346]), array([ 0.45762857, -0.0367619 ]), 0.7854, 1.0]
[1, array([ 0.4638, -0.0346]), array([ 0.45777619, -0.0367619 ]), 0.7854, 1.0]
[1, array([ 0.4638, -0.0346]), array([ 0.45792381, -0.0367619 ]), 0.7854, 1.0]
[1, array([ 0.4638, -0.0346]), array([ 0.45807143, -0.0367619 ]), 0.7854, 1.0]
[1, array([ 0.4638, -0.0346]), array([ 0.45821905, -0.0367619 ]), 0.7854, 1.0]
[1, array([ 0.4638, -0.0346]), array([ 0.45836667, -0.0367619 ]), 0.7854, 1.0]
[1, array([ 0.4638, -0.0346]), array([ 0.45851429, -0.0367619 ]), 0.7854, 1.0]
[1, array([ 0.4638, -0.0346]), array([ 0.4586619, -0.0367619]), 0.7854, 1.0]
[1, array([ 0.4638, -0.0346]), array([ 0.45880952, -0.0367619 ]), 0.7854, 1.0]
[1, array([ 0.4638, -0.0346]), array([ 0.45895714, -0.0367619 ]), 0.7854, 1.0]
[1, array([ 0.4638, -0.0346]), array([ 0.45910476, -0.0367619 ]), 0.7854, 1.0]
[1, array([ 0.4638, -0.0346]), array([ 0.45925238, -0.0367619 ]), 0.7854, 1.0]
[1, array([ 0.4638, -0.0346]), array([ 0.4594   , -0.0367619]), 0.7854, 1.0]
[1, array([ 0.4638, -0.0346]), array([ 0.4563    , -0.03661429]), 0.7854, 1.0]
[1, array([ 0.4638, -0.0346]), array([ 0.45644762, -0.03661429]), 0.7854, 1.0]
[1, array([ 0.4638, -0.0346]), array([ 0.45659524, -0.03661429]), 0.7854, 1.0]
[1, array([ 0.4638, -0.0346]), array([ 0.45674286, -0.03661429]), 0.7854, 1.0]
[1, array([ 0.4638, -0.0346]), array([ 0.45689048, -0.03661429]), 0.7854, 1.0]
[1, array([ 0.4638, -0.0346]), array([ 0.4570381 , -0.03661429]), 0.7854, 1.0]
[1, array([ 0.4638, -0.0346]), array([ 0.45718571, -0.03661429]), 0.7854, 1.0]
[1, array([ 0.4638, -0.0346]), array([ 0.45733333, -0.03661429]), 0.7854, 1.0]
[1, array([ 0.4638, -0.0346]), array([ 0.45748095, -0.03661429]), 0.7854, 1.0]
[1, array([ 0.4638, -0.0346]), array([ 0.45762857, -0.03661429]), 0.7854, 1.0]
[1, array([ 0.4638, -0.0346]), array([ 0.45777619, -0.03661429]), 0.7854, 1.0]
[1, array([ 0.4638, -0.0346]), array([ 0.45792381, -0.03661429]), 0.7854, 1.0]
[1, array([ 0.4638, -0.0346]), array([ 0.45807143, -0.03661429]), 0.7854, 1.0]
[1, array([ 0.4638, -0.0346]), array([ 0.45821905, -0.03661429]), 0.7854, 1.0]
[1, array([ 0.4638, -0.0346]), array([ 0.45836667, -0.03661429]), 0.7854, 1.0]
[1, array([ 0.4638, -0.0346]), array([ 0.45851429, -0.03661429]), 0.7854, 1.0]
[1, array([ 0.4638, -0.0346]), array([ 0.4586619 , -0.03661429]), 0.7854, 1.0]
[1, array([ 0.4638, -0.0346]), array([ 0.45880952, -0.03661429]), 0.7854, 1.0]
[1, array([ 0.4638, -0.0346]), array([ 0.45895714, -0.03661429]), 0.7854, 1.0]
[1, array([ 0.4638, -0.0346]), array([ 0.45910476, -0.03661429]), 0.7854, 1.0]
[1, array([ 0.4638, -0.0346]), array([ 0.45925238, -0.03661429]), 0.7854, 1.0]
[1, array([ 0.4638, -0.0346]), array([ 0.4594    , -0.03661429]), 0.7854, 1.0]
[1, array([ 0.4638, -0.0346]), array([ 0.4563    , -0.03646667]), 0.7854, 1.0]
[1, array([ 0.4638, -0.0346]), array([ 0.45644762, -0.03646667]), 0.7854, 1.0]
[1, array([ 0.4638, -0.0346]), array([ 0.45659524, -0.03646667]), 0.7854, 1.0]
[1, array([ 0.4638, -0.0346]), array([ 0.45674286, -0.03646667]), 0.7854, 1.0]
[1, array([ 0.4638, -0.0346]), array([ 0.45689048, -0.03646667]), 0.7854, 1.0]
[1, array([ 0.4638, -0.0346]), array([ 0.4570381 , -0.03646667]), 0.7854, 1.0]
[1, array([ 0.4638, -0.0346]), array([ 0.45718571, -0.03646667]), 0.7854, 1.0]
[1, array([ 0.4638, -0.0346]), array([ 0.45733333, -0.03646667]), 0.7854, 1.0]
[1, array([ 0.4638, -0.0346]), array([ 0.45748095, -0.03646667]), 0.7854, 1.0]
[1, array([ 0.4638, -0.0346]), array([ 0.45762857, -0.03646667]), 0.7854, 1.0]
[1, array([ 0.4638, -0.0346]), array([ 0.45777619, -0.03646667]), 0.7854, 1.0]
[1, array([ 0.4638, -0.0346]), array([ 0.45792381, -0.03646667]), 0.7854, 1.0]
[1, array([ 0.4638, -0.0346]), array([ 0.45807143, -0.03646667]), 0.7854, 1.0]
[1, array([ 0.4638, -0.0346]), array([ 0.45821905, -0.03646667]), 0.7854, 1.0]
[1, array([ 0.4638, -0.0346]), array([ 0.45836667, -0.03646667]), 0.7854, 1.0]
[1, array([ 0.4638, -0.0346]), array([ 0.45851429, -0.03646667]), 0.7854, 1.0]
[1, array([ 0.4638, -0.0346]), array([ 0.4586619 , -0.03646667]), 0.7854, 1.0]
[1, array([ 0.4638, -0.0346]), array([ 0.45880952, -0.03646667]), 0.7854, 1.0]
[1, array([ 0.4638, -0.0346]), array([ 0.45895714, -0.03646667]), 0.7854, 1.0]
[1, array([ 0.4638, -0.0346]), array([ 0.45910476, -0.03646667]), 0.7854, 1.0]
[1, array([ 0.4638, -0.0346]), array([ 0.45925238, -0.03646667]), 0.7854, 1.0]
[1, array([ 0.4638, -0.0346]), array([ 0.4594    , -0.03646667]), 0.7854, 1.0]
[1, array([ 0.4638, -0.0346]), array([ 0.4563    , -0.03631905]), 0.7854, 1.0]
[1, array([ 0.4638, -0.0346]), array([ 0.45644762, -0.03631905]), 0.7854, 1.0]
[1, array([ 0.4638, -0.0346]), array([ 0.45659524, -0.03631905]), 0.7854, 1.0]
[1, array([ 0.4638, -0.0346]), array([ 0.45674286, -0.03631905]), 0.7854, 1.0]
[1, array([ 0.4638, -0.0346]), array([ 0.45689048, -0.03631905]), 0.7854, 1.0]
[1, array([ 0.4638, -0.0346]), array([ 0.4570381 , -0.03631905]), 0.7854, 1.0]
[1, array([ 0.4638, -0.0346]), array([ 0.45718571, -0.03631905]), 0.7854, 1.0]
[1, array([ 0.4638, -0.0346]), array([ 0.45733333, -0.03631905]), 0.7854, 1.0]
[1, array([ 0.4638, -0.0346]), array([ 0.45748095, -0.03631905]), 0.7854, 1.0]
[1, array([ 0.4638, -0.0346]), array([ 0.45762857, -0.03631905]), 0.7854, 1.0]
[1, array([ 0.4638, -0.0346]), array([ 0.45777619, -0.03631905]), 0.7854, 1.0]
[1, array([ 0.4638, -0.0346]), array([ 0.45792381, -0.03631905]), 0.7854, 1.0]
[1, array([ 0.4638, -0.0346]), array([ 0.45807143, -0.03631905]), 0.7854, 1.0]
[1, array([ 0.4638, -0.0346]), array([ 0.45821905, -0.03631905]), 0.7854, 1.0]
[1, array([ 0.4638, -0.0346]), array([ 0.45836667, -0.03631905]), 0.7854, 1.0]
[1, array([ 0.4638, -0.0346]), array([ 0.45851429, -0.03631905]), 0.7854, 1.0]
[1, array([ 0.4638, -0.0346]), array([ 0.4586619 , -0.03631905]), 0.7854, 1.0]
[1, array([ 0.4638, -0.0346]), array([ 0.45880952, -0.03631905]), 0.7854, 1.0]
[1, array([ 0.4638, -0.0346]), array([ 0.45895714, -0.03631905]), 0.7854, 1.0]
[1, array([ 0.4638, -0.0346]), array([ 0.45910476, -0.03631905]), 0.7854, 1.0]
[1, array([ 0.4638, -0.0346]), array([ 0.45925238, -0.03631905]), 0.7854, 1.0]
[1, array([ 0.4638, -0.0346]), array([ 0.4594    , -0.03631905]), 0.7854, 1.0]
[1, array([ 0.4638, -0.0346]), array([ 0.4563    , -0.03617143]), 0.7854, 1.0]
[1, array([ 0.4638, -0.0346]), array([ 0.45644762, -0.03617143]), 0.7854, 1.0]
[1, array([ 0.4638, -0.0346]), array([ 0.45659524, -0.03617143]), 0.7854, 1.0]
[1, array([ 0.4638, -0.0346]), array([ 0.45674286, -0.03617143]), 0.7854, 1.0]
[1, array([ 0.4638, -0.0346]), array([ 0.45689048, -0.03617143]), 0.7854, 1.0]
[1, array([ 0.4638, -0.0346]), array([ 0.4570381 , -0.03617143]), 0.7854, 1.0]
[1, array([ 0.4638, -0.0346]), array([ 0.45718571, -0.03617143]), 0.7854, 1.0]
[1, array([ 0.4638, -0.0346]), array([ 0.45733333, -0.03617143]), 0.7854, 1.0]
[1, array([ 0.4638, -0.0346]), array([ 0.45748095, -0.03617143]), 0.7854, 1.0]
[1, array([ 0.4638, -0.0346]), array([ 0.45762857, -0.03617143]), 0.7854, 1.0]
[1, array([ 0.4638, -0.0346]), array([ 0.45777619, -0.03617143]), 0.7854, 1.0]
[1, array([ 0.4638, -0.0346]), array([ 0.45792381, -0.03617143]), 0.7854, 1.0]
[1, array([ 0.4638, -0.0346]), array([ 0.45807143, -0.03617143]), 0.7854, 1.0]
[1, array([ 0.4638, -0.0346]), array([ 0.45821905, -0.03617143]), 0.7854, 1.0]
[1, array([ 0.4638, -0.0346]), array([ 0.45836667, -0.03617143]), 0.7854, 1.0]
[1, array([ 0.4638, -0.0346]), array([ 0.45851429, -0.03617143]), 0.7854, 1.0]
[1, array([ 0.4638, -0.0346]), array([ 0.4586619 , -0.03617143]), 0.7854, 1.0]
[1, array([ 0.4638, -0.0346]), array([ 0.45880952, -0.03617143]), 0.7854, 1.0]
[1, array([ 0.4638, -0.0346]), array([ 0.45895714, -0.03617143]), 0.7854, 1.0]
[1, array([ 0.4638, -0.0346]), array([ 0.45910476, -0.03617143]), 0.7854, 1.0]
[1, array([ 0.4638, -0.0346]), array([ 0.45925238, -0.03617143]), 0.7854, 1.0]
[1, array([ 0.4638, -0.0346]), array([ 0.4594    , -0.03617143]), 0.7854, 1.0]
[1, array([ 0.4638, -0.0346]), array([ 0.4563    , -0.03602381]), 0.7854, 1.0]
[1, array([ 0.4638, -0.0346]), array([ 0.45644762, -0.03602381]), 0.7854, 1.0]
[1, array([ 0.4638, -0.0346]), array([ 0.45659524, -0.03602381]), 0.7854, 1.0]
[1, array([ 0.4638, -0.0346]), array([ 0.45674286, -0.03602381]), 0.7854, 1.0]
[1, array([ 0.4638, -0.0346]), array([ 0.45689048, -0.03602381]), 0.7854, 1.0]
[1, array([ 0.4638, -0.0346]), array([ 0.4570381 , -0.03602381]), 0.7854, 1.0]
[1, array([ 0.4638, -0.0346]), array([ 0.45718571, -0.03602381]), 0.7854, 1.0]
[1, array([ 0.4638, -0.0346]), array([ 0.45733333, -0.03602381]), 0.7854, 1.0]
[1, array([ 0.4638, -0.0346]), array([ 0.45748095, -0.03602381]), 0.7854, 1.0]
[1, array([ 0.4638, -0.0346]), array([ 0.45762857, -0.03602381]), 0.7854, 1.0]
[1, array([ 0.4638, -0.0346]), array([ 0.45777619, -0.03602381]), 0.7854, 1.0]
[1, array([ 0.4638, -0.0346]), array([ 0.45792381, -0.03602381]), 0.7854, 1.0]
[1, array([ 0.4638, -0.0346]), array([ 0.45807143, -0.03602381]), 0.7854, 1.0]
[1, array([ 0.4638, -0.0346]), array([ 0.45821905, -0.03602381]), 0.7854, 1.0]
[1, array([ 0.4638, -0.0346]), array([ 0.45836667, -0.03602381]), 0.7854, 1.0]
[1, array([ 0.4638, -0.0346]), array([ 0.45851429, -0.03602381]), 0.7854, 1.0]
[1, array([ 0.4638, -0.0346]), array([ 0.4586619 , -0.03602381]), 0.7854, 1.0]
[1, array([ 0.4638, -0.0346]), array([ 0.45880952, -0.03602381]), 0.7854, 1.0]
[1, array([ 0.4638, -0.0346]), array([ 0.45895714, -0.03602381]), 0.7854, 1.0]
[1, array([ 0.4638, -0.0346]), array([ 0.45910476, -0.03602381]), 0.7854, 1.0]
[1, array([ 0.4638, -0.0346]), array([ 0.45925238, -0.03602381]), 0.7854, 1.0]
[1, array([ 0.4638, -0.0346]), array([ 0.4594    , -0.03602381]), 0.7854, 1.0]
[1, array([ 0.4638, -0.0346]), array([ 0.4563    , -0.03587619]), 0.7854, 1.0]
[1, array([ 0.4638, -0.0346]), array([ 0.45644762, -0.03587619]), 0.7854, 1.0]
[1, array([ 0.4638, -0.0346]), array([ 0.45659524, -0.03587619]), 0.7854, 1.0]
[1, array([ 0.4638, -0.0346]), array([ 0.45674286, -0.03587619]), 0.7854, 1.0]
[1, array([ 0.4638, -0.0346]), array([ 0.45689048, -0.03587619]), 0.7854, 1.0]
[1, array([ 0.4638, -0.0346]), array([ 0.4570381 , -0.03587619]), 0.7854, 1.0]
[1, array([ 0.4638, -0.0346]), array([ 0.45718571, -0.03587619]), 0.7854, 1.0]
[1, array([ 0.4638, -0.0346]), array([ 0.45733333, -0.03587619]), 0.7854, 1.0]
[1, array([ 0.4638, -0.0346]), array([ 0.45748095, -0.03587619]), 0.7854, 1.0]
[1, array([ 0.4638, -0.0346]), array([ 0.45762857, -0.03587619]), 0.7854, 1.0]
[1, array([ 0.4638, -0.0346]), array([ 0.45777619, -0.03587619]), 0.7854, 1.0]
[1, array([ 0.4638, -0.0346]), array([ 0.45792381, -0.03587619]), 0.7854, 1.0]
[1, array([ 0.4638, -0.0346]), array([ 0.45807143, -0.03587619]), 0.7854, 1.0]
[1, array([ 0.4638, -0.0346]), array([ 0.45821905, -0.03587619]), 0.7854, 1.0]
[1, array([ 0.4638, -0.0346]), array([ 0.45836667, -0.03587619]), 0.7854, 1.0]
[1, array([ 0.4638, -0.0346]), array([ 0.45851429, -0.03587619]), 0.7854, 1.0]
[1, array([ 0.4638, -0.0346]), array([ 0.4586619 , -0.03587619]), 0.7854, 1.0]
[1, array([ 0.4638, -0.0346]), array([ 0.45880952, -0.03587619]), 0.7854, 1.0]
[1, array([ 0.4638, -0.0346]), array([ 0.45895714, -0.03587619]), 0.7854, 1.0]
[1, array([ 0.4638, -0.0346]), array([ 0.45910476, -0.03587619]), 0.7854, 1.0]
[1, array([ 0.4638, -0.0346]), array([ 0.45925238, -0.03587619]), 0.7854, 1.0]
[1, array([ 0.4638, -0.0346]), array([ 0.4594    , -0.03587619]), 0.7854, 1.0]
[1, array([ 0.4638, -0.0346]), array([ 0.4563    , -0.03572857]), 0.7854, 1.0]
[1, array([ 0.4638, -0.0346]), array([ 0.45644762, -0.03572857]), 0.7854, 1.0]
[1, array([ 0.4638, -0.0346]), array([ 0.45659524, -0.03572857]), 0.7854, 1.0]
[1, array([ 0.4638, -0.0346]), array([ 0.45674286, -0.03572857]), 0.7854, 1.0]
[1, array([ 0.4638, -0.0346]), array([ 0.45689048, -0.03572857]), 0.7854, 1.0]
[1, array([ 0.4638, -0.0346]), array([ 0.4570381 , -0.03572857]), 0.7854, 1.0]
[1, array([ 0.4638, -0.0346]), array([ 0.45718571, -0.03572857]), 0.7854, 1.0]
[1, array([ 0.4638, -0.0346]), array([ 0.45733333, -0.03572857]), 0.7854, 1.0]
[1, array([ 0.4638, -0.0346]), array([ 0.45748095, -0.03572857]), 0.7854, 1.0]
[1, array([ 0.4638, -0.0346]), array([ 0.45762857, -0.03572857]), 0.7854, 1.0]
[1, array([ 0.4638, -0.0346]), array([ 0.45777619, -0.03572857]), 0.7854, 1.0]
[1, array([ 0.4638, -0.0346]), array([ 0.45792381, -0.03572857]), 0.7854, 1.0]
[1, array([ 0.4638, -0.0346]), array([ 0.45807143, -0.03572857]), 0.7854, 1.0]
[1, array([ 0.4638, -0.0346]), array([ 0.45821905, -0.03572857]), 0.7854, 1.0]
[1, array([ 0.4638, -0.0346]), array([ 0.45836667, -0.03572857]), 0.7854, 1.0]
[1, array([ 0.4638, -0.0346]), array([ 0.45851429, -0.03572857]), 0.7854, 1.0]
[1, array([ 0.4638, -0.0346]), array([ 0.4586619 , -0.03572857]), 0.7854, 1.0]
[1, array([ 0.4638, -0.0346]), array([ 0.45880952, -0.03572857]), 0.7854, 1.0]
[1, array([ 0.4638, -0.0346]), array([ 0.45895714, -0.03572857]), 0.7854, 1.0]
[1, array([ 0.4638, -0.0346]), array([ 0.45910476, -0.03572857]), 0.7854, 1.0]
[1, array([ 0.4638, -0.0346]), array([ 0.45925238, -0.03572857]), 0.7854, 1.0]
[1, array([ 0.4638, -0.0346]), array([ 0.4594    , -0.03572857]), 0.7854, 1.0]
[1, array([ 0.4638, -0.0346]), array([ 0.4563    , -0.03558095]), 0.7854, 1.0]
[1, array([ 0.4638, -0.0346]), array([ 0.45644762, -0.03558095]), 0.7854, 1.0]
[1, array([ 0.4638, -0.0346]), array([ 0.45659524, -0.03558095]), 0.7854, 1.0]
[1, array([ 0.4638, -0.0346]), array([ 0.45674286, -0.03558095]), 0.7854, 1.0]
[1, array([ 0.4638, -0.0346]), array([ 0.45689048, -0.03558095]), 0.7854, 1.0]
[1, array([ 0.4638, -0.0346]), array([ 0.4570381 , -0.03558095]), 0.7854, 1.0]
[1, array([ 0.4638, -0.0346]), array([ 0.45718571, -0.03558095]), 0.7854, 1.0]
[1, array([ 0.4638, -0.0346]), array([ 0.45733333, -0.03558095]), 0.7854, 1.0]
[1, array([ 0.4638, -0.0346]), array([ 0.45748095, -0.03558095]), 0.7854, 1.0]
[1, array([ 0.4638, -0.0346]), array([ 0.45762857, -0.03558095]), 0.7854, 1.0]
[1, array([ 0.4638, -0.0346]), array([ 0.45777619, -0.03558095]), 0.7854, 1.0]
[1, array([ 0.4638, -0.0346]), array([ 0.45792381, -0.03558095]), 0.7854, 1.0]
[1, array([ 0.4638, -0.0346]), array([ 0.45807143, -0.03558095]), 0.7854, 1.0]
[1, array([ 0.4638, -0.0346]), array([ 0.45821905, -0.03558095]), 0.7854, 1.0]
[1, array([ 0.4638, -0.0346]), array([ 0.45836667, -0.03558095]), 0.7854, 1.0]
[1, array([ 0.4638, -0.0346]), array([ 0.45851429, -0.03558095]), 0.7854, 1.0]
[1, array([ 0.4638, -0.0346]), array([ 0.4586619 , -0.03558095]), 0.7854, 1.0]
[1, array([ 0.4638, -0.0346]), array([ 0.45880952, -0.03558095]), 0.7854, 1.0]
[1, array([ 0.4638, -0.0346]), array([ 0.45895714, -0.03558095]), 0.7854, 1.0]
[1, array([ 0.4638, -0.0346]), array([ 0.45910476, -0.03558095]), 0.7854, 1.0]
[1, array([ 0.4638, -0.0346]), array([ 0.45925238, -0.03558095]), 0.7854, 1.0]
[1, array([ 0.4638, -0.0346]), array([ 0.4594    , -0.03558095]), 0.7854, 1.0]
[1, array([ 0.4638, -0.0346]), array([ 0.4563    , -0.03543333]), 0.7854, 1.0]
[1, array([ 0.4638, -0.0346]), array([ 0.45644762, -0.03543333]), 0.7854, 1.0]
[1, array([ 0.4638, -0.0346]), array([ 0.45659524, -0.03543333]), 0.7854, 1.0]
[1, array([ 0.4638, -0.0346]), array([ 0.45674286, -0.03543333]), 0.7854, 1.0]
[1, array([ 0.4638, -0.0346]), array([ 0.45689048, -0.03543333]), 0.7854, 1.0]
[1, array([ 0.4638, -0.0346]), array([ 0.4570381 , -0.03543333]), 0.7854, 1.0]
[1, array([ 0.4638, -0.0346]), array([ 0.45718571, -0.03543333]), 0.7854, 1.0]
[1, array([ 0.4638, -0.0346]), array([ 0.45733333, -0.03543333]), 0.7854, 1.0]
[1, array([ 0.4638, -0.0346]), array([ 0.45748095, -0.03543333]), 0.7854, 1.0]
[1, array([ 0.4638, -0.0346]), array([ 0.45762857, -0.03543333]), 0.7854, 1.0]
[1, array([ 0.4638, -0.0346]), array([ 0.45777619, -0.03543333]), 0.7854, 1.0]
[1, array([ 0.4638, -0.0346]), array([ 0.45792381, -0.03543333]), 0.7854, 1.0]
[1, array([ 0.4638, -0.0346]), array([ 0.45807143, -0.03543333]), 0.7854, 1.0]
[1, array([ 0.4638, -0.0346]), array([ 0.45821905, -0.03543333]), 0.7854, 1.0]
[1, array([ 0.4638, -0.0346]), array([ 0.45836667, -0.03543333]), 0.7854, 1.0]
[1, array([ 0.4638, -0.0346]), array([ 0.45851429, -0.03543333]), 0.7854, 1.0]
[1, array([ 0.4638, -0.0346]), array([ 0.4586619 , -0.03543333]), 0.7854, 1.0]
[1, array([ 0.4638, -0.0346]), array([ 0.45880952, -0.03543333]), 0.7854, 1.0]
[1, array([ 0.4638, -0.0346]), array([ 0.45895714, -0.03543333]), 0.7854, 1.0]
[1, array([ 0.4638, -0.0346]), array([ 0.45910476, -0.03543333]), 0.7854, 1.0]
[1, array([ 0.4638, -0.0346]), array([ 0.45925238, -0.03543333]), 0.7854, 1.0]
[1, array([ 0.4638, -0.0346]), array([ 0.4594    , -0.03543333]), 0.7854, 1.0]
[1, array([ 0.4638, -0.0346]), array([ 0.4563    , -0.03528571]), 0.7854, 1.0]
[1, array([ 0.4638, -0.0346]), array([ 0.45644762, -0.03528571]), 0.7854, 1.0]
[1, array([ 0.4638, -0.0346]), array([ 0.45659524, -0.03528571]), 0.7854, 1.0]
[1, array([ 0.4638, -0.0346]), array([ 0.45674286, -0.03528571]), 0.7854, 1.0]
[1, array([ 0.4638, -0.0346]), array([ 0.45689048, -0.03528571]), 0.7854, 1.0]
[1, array([ 0.4638, -0.0346]), array([ 0.4570381 , -0.03528571]), 0.7854, 1.0]
[1, array([ 0.4638, -0.0346]), array([ 0.45718571, -0.03528571]), 0.7854, 1.0]
[1, array([ 0.4638, -0.0346]), array([ 0.45733333, -0.03528571]), 0.7854, 1.0]
[1, array([ 0.4638, -0.0346]), array([ 0.45748095, -0.03528571]), 0.7854, 1.0]
[1, array([ 0.4638, -0.0346]), array([ 0.45762857, -0.03528571]), 0.7854, 1.0]
[1, array([ 0.4638, -0.0346]), array([ 0.45777619, -0.03528571]), 0.7854, 1.0]
[1, array([ 0.4638, -0.0346]), array([ 0.45792381, -0.03528571]), 0.7854, 1.0]
[1, array([ 0.4638, -0.0346]), array([ 0.45807143, -0.03528571]), 0.7854, 1.0]
[1, array([ 0.4638, -0.0346]), array([ 0.45821905, -0.03528571]), 0.7854, 1.0]
[1, array([ 0.4638, -0.0346]), array([ 0.45836667, -0.03528571]), 0.7854, 1.0]
[1, array([ 0.4638, -0.0346]), array([ 0.45851429, -0.03528571]), 0.7854, 1.0]
[1, array([ 0.4638, -0.0346]), array([ 0.4586619 , -0.03528571]), 0.7854, 1.0]
[1, array([ 0.4638, -0.0346]), array([ 0.45880952, -0.03528571]), 0.7854, 1.0]
[1, array([ 0.4638, -0.0346]), array([ 0.45895714, -0.03528571]), 0.7854, 1.0]
[1, array([ 0.4638, -0.0346]), array([ 0.45910476, -0.03528571]), 0.7854, 1.0]
[1, array([ 0.4638, -0.0346]), array([ 0.45925238, -0.03528571]), 0.7854, 1.0]
[1, array([ 0.4638, -0.0346]), array([ 0.4594    , -0.03528571]), 0.7854, 1.0]
[1, array([ 0.4638, -0.0346]), array([ 0.4563   , -0.0351381]), 0.7854, 1.0]
[1, array([ 0.4638, -0.0346]), array([ 0.45644762, -0.0351381 ]), 0.7854, 1.0]
[1, array([ 0.4638, -0.0346]), array([ 0.45659524, -0.0351381 ]), 0.7854, 1.0]
[1, array([ 0.4638, -0.0346]), array([ 0.45674286, -0.0351381 ]), 0.7854, 1.0]
[1, array([ 0.4638, -0.0346]), array([ 0.45689048, -0.0351381 ]), 0.7854, 1.0]
[1, array([ 0.4638, -0.0346]), array([ 0.4570381, -0.0351381]), 0.7854, 1.0]
[1, array([ 0.4638, -0.0346]), array([ 0.45718571, -0.0351381 ]), 0.7854, 1.0]
[1, array([ 0.4638, -0.0346]), array([ 0.45733333, -0.0351381 ]), 0.7854, 1.0]
[1, array([ 0.4638, -0.0346]), array([ 0.45748095, -0.0351381 ]), 0.7854, 1.0]
[1, array([ 0.4638, -0.0346]), array([ 0.45762857, -0.0351381 ]), 0.7854, 1.0]
[1, array([ 0.4638, -0.0346]), array([ 0.45777619, -0.0351381 ]), 0.7854, 1.0]
[1, array([ 0.4638, -0.0346]), array([ 0.45792381, -0.0351381 ]), 0.7854, 1.0]
[1, array([ 0.4638, -0.0346]), array([ 0.45807143, -0.0351381 ]), 0.7854, 1.0]
[1, array([ 0.4638, -0.0346]), array([ 0.45821905, -0.0351381 ]), 0.7854, 1.0]
[1, array([ 0.4638, -0.0346]), array([ 0.45836667, -0.0351381 ]), 0.7854, 1.0]
[1, array([ 0.4638, -0.0346]), array([ 0.45851429, -0.0351381 ]), 0.7854, 1.0]
[1, array([ 0.4638, -0.0346]), array([ 0.4586619, -0.0351381]), 0.7854, 1.0]
[1, array([ 0.4638, -0.0346]), array([ 0.45880952, -0.0351381 ]), 0.7854, 1.0]
[1, array([ 0.4638, -0.0346]), array([ 0.45895714, -0.0351381 ]), 0.7854, 1.0]
[1, array([ 0.4638, -0.0346]), array([ 0.45910476, -0.0351381 ]), 0.7854, 1.0]
[1, array([ 0.4638, -0.0346]), array([ 0.45925238, -0.0351381 ]), 0.7854, 1.0]
[1, array([ 0.4638, -0.0346]), array([ 0.4594   , -0.0351381]), 0.7854, 1.0]
[1, array([ 0.4638, -0.0346]), array([ 0.4563    , -0.03499048]), 0.7854, 1.0]
[1, array([ 0.4638, -0.0346]), array([ 0.45644762, -0.03499048]), 0.7854, 1.0]
[1, array([ 0.4638, -0.0346]), array([ 0.45659524, -0.03499048]), 0.7854, 1.0]
[1, array([ 0.4638, -0.0346]), array([ 0.45674286, -0.03499048]), 0.7854, 1.0]
[1, array([ 0.4638, -0.0346]), array([ 0.45689048, -0.03499048]), 0.7854, 1.0]
[1, array([ 0.4638, -0.0346]), array([ 0.4570381 , -0.03499048]), 0.7854, 1.0]
[1, array([ 0.4638, -0.0346]), array([ 0.45718571, -0.03499048]), 0.7854, 1.0]
[1, array([ 0.4638, -0.0346]), array([ 0.45733333, -0.03499048]), 0.7854, 1.0]
[1, array([ 0.4638, -0.0346]), array([ 0.45748095, -0.03499048]), 0.7854, 1.0]
[1, array([ 0.4638, -0.0346]), array([ 0.45762857, -0.03499048]), 0.7854, 1.0]
[1, array([ 0.4638, -0.0346]), array([ 0.45777619, -0.03499048]), 0.7854, 1.0]
[1, array([ 0.4638, -0.0346]), array([ 0.45792381, -0.03499048]), 0.7854, 1.0]
[1, array([ 0.4638, -0.0346]), array([ 0.45807143, -0.03499048]), 0.7854, 1.0]
[1, array([ 0.4638, -0.0346]), array([ 0.45821905, -0.03499048]), 0.7854, 1.0]
[1, array([ 0.4638, -0.0346]), array([ 0.45836667, -0.03499048]), 0.7854, 1.0]
[1, array([ 0.4638, -0.0346]), array([ 0.45851429, -0.03499048]), 0.7854, 1.0]
[1, array([ 0.4638, -0.0346]), array([ 0.4586619 , -0.03499048]), 0.7854, 1.0]
[1, array([ 0.4638, -0.0346]), array([ 0.45880952, -0.03499048]), 0.7854, 1.0]
[1, array([ 0.4638, -0.0346]), array([ 0.45895714, -0.03499048]), 0.7854, 1.0]
[1, array([ 0.4638, -0.0346]), array([ 0.45910476, -0.03499048]), 0.7854, 1.0]
[1, array([ 0.4638, -0.0346]), array([ 0.45925238, -0.03499048]), 0.7854, 1.0]
[1, array([ 0.4638, -0.0346]), array([ 0.4594    , -0.03499048]), 0.7854, 1.0]
[1, array([ 0.4638, -0.0346]), array([ 0.4563    , -0.03484286]), 0.7854, 1.0]
[1, array([ 0.4638, -0.0346]), array([ 0.45644762, -0.03484286]), 0.7854, 1.0]
[1, array([ 0.4638, -0.0346]), array([ 0.45659524, -0.03484286]), 0.7854, 1.0]
[1, array([ 0.4638, -0.0346]), array([ 0.45674286, -0.03484286]), 0.7854, 1.0]
[1, array([ 0.4638, -0.0346]), array([ 0.45689048, -0.03484286]), 0.7854, 1.0]
[1, array([ 0.4638, -0.0346]), array([ 0.4570381 , -0.03484286]), 0.7854, 1.0]
[1, array([ 0.4638, -0.0346]), array([ 0.45718571, -0.03484286]), 0.7854, 1.0]
[1, array([ 0.4638, -0.0346]), array([ 0.45733333, -0.03484286]), 0.7854, 1.0]
[1, array([ 0.4638, -0.0346]), array([ 0.45748095, -0.03484286]), 0.7854, 1.0]
[1, array([ 0.4638, -0.0346]), array([ 0.45762857, -0.03484286]), 0.7854, 1.0]
[1, array([ 0.4638, -0.0346]), array([ 0.45777619, -0.03484286]), 0.7854, 1.0]
[1, array([ 0.4638, -0.0346]), array([ 0.45792381, -0.03484286]), 0.7854, 1.0]
[1, array([ 0.4638, -0.0346]), array([ 0.45807143, -0.03484286]), 0.7854, 1.0]
[1, array([ 0.4638, -0.0346]), array([ 0.45821905, -0.03484286]), 0.7854, 1.0]
[1, array([ 0.4638, -0.0346]), array([ 0.45836667, -0.03484286]), 0.7854, 1.0]
[1, array([ 0.4638, -0.0346]), array([ 0.45851429, -0.03484286]), 0.7854, 1.0]
[1, array([ 0.4638, -0.0346]), array([ 0.4586619 , -0.03484286]), 0.7854, 1.0]
[1, array([ 0.4638, -0.0346]), array([ 0.45880952, -0.03484286]), 0.7854, 1.0]
[1, array([ 0.4638, -0.0346]), array([ 0.45895714, -0.03484286]), 0.7854, 1.0]
[1, array([ 0.4638, -0.0346]), array([ 0.45910476, -0.03484286]), 0.7854, 1.0]
[1, array([ 0.4638, -0.0346]), array([ 0.45925238, -0.03484286]), 0.7854, 1.0]
[1, array([ 0.4638, -0.0346]), array([ 0.4594    , -0.03484286]), 0.7854, 1.0]
[1, array([ 0.4638, -0.0346]), array([ 0.4563    , -0.03469524]), 0.7854, 1.0]
[1, array([ 0.4638, -0.0346]), array([ 0.45644762, -0.03469524]), 0.7854, 1.0]
[1, array([ 0.4638, -0.0346]), array([ 0.45659524, -0.03469524]), 0.7854, 1.0]
[1, array([ 0.4638, -0.0346]), array([ 0.45674286, -0.03469524]), 0.7854, 1.0]
[1, array([ 0.4638, -0.0346]), array([ 0.45689048, -0.03469524]), 0.7854, 1.0]
[1, array([ 0.4638, -0.0346]), array([ 0.4570381 , -0.03469524]), 0.7854, 1.0]
[1, array([ 0.4638, -0.0346]), array([ 0.45718571, -0.03469524]), 0.7854, 1.0]
[1, array([ 0.4638, -0.0346]), array([ 0.45733333, -0.03469524]), 0.7854, 1.0]
[1, array([ 0.4638, -0.0346]), array([ 0.45748095, -0.03469524]), 0.7854, 1.0]
[1, array([ 0.4638, -0.0346]), array([ 0.45762857, -0.03469524]), 0.7854, 1.0]
[1, array([ 0.4638, -0.0346]), array([ 0.45777619, -0.03469524]), 0.7854, 1.0]
[1, array([ 0.4638, -0.0346]), array([ 0.45792381, -0.03469524]), 0.7854, 1.0]
[1, array([ 0.4638, -0.0346]), array([ 0.45807143, -0.03469524]), 0.7854, 1.0]
[1, array([ 0.4638, -0.0346]), array([ 0.45821905, -0.03469524]), 0.7854, 1.0]
[1, array([ 0.4638, -0.0346]), array([ 0.45836667, -0.03469524]), 0.7854, 1.0]
[1, array([ 0.4638, -0.0346]), array([ 0.45851429, -0.03469524]), 0.7854, 1.0]
[1, array([ 0.4638, -0.0346]), array([ 0.4586619 , -0.03469524]), 0.7854, 1.0]
[1, array([ 0.4638, -0.0346]), array([ 0.45880952, -0.03469524]), 0.7854, 1.0]
[1, array([ 0.4638, -0.0346]), array([ 0.45895714, -0.03469524]), 0.7854, 1.0]
[1, array([ 0.4638, -0.0346]), array([ 0.45910476, -0.03469524]), 0.7854, 1.0]
[1, array([ 0.4638, -0.0346]), array([ 0.45925238, -0.03469524]), 0.7854, 1.0]
[1, array([ 0.4638, -0.0346]), array([ 0.4594    , -0.03469524]), 0.7854, 1.0]
[1, array([ 0.4638, -0.0346]), array([ 0.4563    , -0.03454762]), 0.7854, 1.0]
[1, array([ 0.4638, -0.0346]), array([ 0.45644762, -0.03454762]), 0.7854, 1.0]
[1, array([ 0.4638, -0.0346]), array([ 0.45659524, -0.03454762]), 0.7854, 1.0]
[1, array([ 0.4638, -0.0346]), array([ 0.45674286, -0.03454762]), 0.7854, 1.0]
[1, array([ 0.4638, -0.0346]), array([ 0.45689048, -0.03454762]), 0.7854, 1.0]
[1, array([ 0.4638, -0.0346]), array([ 0.4570381 , -0.03454762]), 0.7854, 1.0]
[1, array([ 0.4638, -0.0346]), array([ 0.45718571, -0.03454762]), 0.7854, 1.0]
[1, array([ 0.4638, -0.0346]), array([ 0.45733333, -0.03454762]), 0.7854, 1.0]
[1, array([ 0.4638, -0.0346]), array([ 0.45748095, -0.03454762]), 0.7854, 1.0]
[1, array([ 0.4638, -0.0346]), array([ 0.45762857, -0.03454762]), 0.7854, 1.0]
[1, array([ 0.4638, -0.0346]), array([ 0.45777619, -0.03454762]), 0.7854, 1.0]
[1, array([ 0.4638, -0.0346]), array([ 0.45792381, -0.03454762]), 0.7854, 1.0]
[1, array([ 0.4638, -0.0346]), array([ 0.45807143, -0.03454762]), 0.7854, 1.0]
[1, array([ 0.4638, -0.0346]), array([ 0.45821905, -0.03454762]), 0.7854, 1.0]
[1, array([ 0.4638, -0.0346]), array([ 0.45836667, -0.03454762]), 0.7854, 1.0]
[1, array([ 0.4638, -0.0346]), array([ 0.45851429, -0.03454762]), 0.7854, 1.0]
[1, array([ 0.4638, -0.0346]), array([ 0.4586619 , -0.03454762]), 0.7854, 1.0]
[1, array([ 0.4638, -0.0346]), array([ 0.45880952, -0.03454762]), 0.7854, 1.0]
[1, array([ 0.4638, -0.0346]), array([ 0.45895714, -0.03454762]), 0.7854, 1.0]
[1, array([ 0.4638, -0.0346]), array([ 0.45910476, -0.03454762]), 0.7854, 1.0]
[1, array([ 0.4638, -0.0346]), array([ 0.45925238, -0.03454762]), 0.7854, 1.0]
[1, array([ 0.4638, -0.0346]), array([ 0.4594    , -0.03454762]), 0.7854, 1.0]
[1, array([ 0.4638, -0.0346]), array([ 0.4563, -0.0344]), 0.7854, 1.0]
[1, array([ 0.4638, -0.0346]), array([ 0.45644762, -0.0344    ]), 0.7854, 1.0]
[1, array([ 0.4638, -0.0346]), array([ 0.45659524, -0.0344    ]), 0.7854, 1.0]
[1, array([ 0.4638, -0.0346]), array([ 0.45674286, -0.0344    ]), 0.7854, 1.0]
[1, array([ 0.4638, -0.0346]), array([ 0.45689048, -0.0344    ]), 0.7854, 1.0]
[1, array([ 0.4638, -0.0346]), array([ 0.4570381, -0.0344   ]), 0.7854, 1.0]
[1, array([ 0.4638, -0.0346]), array([ 0.45718571, -0.0344    ]), 0.7854, 1.0]
[1, array([ 0.4638, -0.0346]), array([ 0.45733333, -0.0344    ]), 0.7854, 1.0]
[1, array([ 0.4638, -0.0346]), array([ 0.45748095, -0.0344    ]), 0.7854, 1.0]
[1, array([ 0.4638, -0.0346]), array([ 0.45762857, -0.0344    ]), 0.7854, 1.0]
[1, array([ 0.4638, -0.0346]), array([ 0.45777619, -0.0344    ]), 0.7854, 1.0]
[1, array([ 0.4638, -0.0346]), array([ 0.45792381, -0.0344    ]), 0.7854, 1.0]
[1, array([ 0.4638, -0.0346]), array([ 0.45807143, -0.0344    ]), 0.7854, 1.0]
[1, array([ 0.4638, -0.0346]), array([ 0.45821905, -0.0344    ]), 0.7854, 1.0]
[1, array([ 0.4638, -0.0346]), array([ 0.45836667, -0.0344    ]), 0.7854, 1.0]
[1, array([ 0.4638, -0.0346]), array([ 0.45851429, -0.0344    ]), 0.7854, 1.0]
[1, array([ 0.4638, -0.0346]), array([ 0.4586619, -0.0344   ]), 0.7854, 1.0]
[1, array([ 0.4638, -0.0346]), array([ 0.45880952, -0.0344    ]), 0.7854, 1.0]
[1, array([ 0.4638, -0.0346]), array([ 0.45895714, -0.0344    ]), 0.7854, 1.0]
[1, array([ 0.4638, -0.0346]), array([ 0.45910476, -0.0344    ]), 0.7854, 1.0]
[1, array([ 0.4638, -0.0346]), array([ 0.45925238, -0.0344    ]), 0.7854, 1.0]
[1, array([ 0.4638, -0.0346]), array([ 0.4594, -0.0344]), 0.7854, 1.0]
[0, array([0.4742, 0.0048]), array([ 0.4688 , -0.00155]), 0.7854, 1.0]
[0, array([0.4742, 0.0048]), array([ 0.46909524, -0.00155   ]), 0.7854, 1.0]
[0, array([0.4742, 0.0048]), array([ 0.46939048, -0.00155   ]), 0.7854, 1.0]
[0, array([0.4742, 0.0048]), array([ 0.46968571, -0.00155   ]), 0.7854, 1.0]
[0, array([0.4742, 0.0048]), array([ 0.46998095, -0.00155   ]), 0.7854, 1.0]
[0, array([0.4742, 0.0048]), array([ 0.47027619, -0.00155   ]), 0.7854, 1.0]
[0, array([0.4742, 0.0048]), array([ 0.47057143, -0.00155   ]), 0.7854, 1.0]
[0, array([0.4742, 0.0048]), array([ 0.47086667, -0.00155   ]), 0.7854, 1.0]
[0, array([0.4742, 0.0048]), array([ 0.4711619, -0.00155  ]), 0.7854, 1.0]
[0, array([0.4742, 0.0048]), array([ 0.47145714, -0.00155   ]), 0.7854, 1.0]
[0, array([0.4742, 0.0048]), array([ 0.47175238, -0.00155   ]), 0.7854, 1.0]
[0, array([0.4742, 0.0048]), array([ 0.47204762, -0.00155   ]), 0.7854, 1.0]
[0, array([0.4742, 0.0048]), array([ 0.47234286, -0.00155   ]), 0.7854, 1.0]
[0, array([0.4742, 0.0048]), array([ 0.4726381, -0.00155  ]), 0.7854, 1.0]
[0, array([0.4742, 0.0048]), array([ 0.47293333, -0.00155   ]), 0.7854, 1.0]
[0, array([0.4742, 0.0048]), array([ 0.47322857, -0.00155   ]), 0.7854, 1.0]
[0, array([0.4742, 0.0048]), array([ 0.47352381, -0.00155   ]), 0.7854, 1.0]
[0, array([0.4742, 0.0048]), array([ 0.47381905, -0.00155   ]), 0.7854, 1.0]
[0, array([0.4742, 0.0048]), array([ 0.47411429, -0.00155   ]), 0.7854, 1.0]
[0, array([0.4742, 0.0048]), array([ 0.47440952, -0.00155   ]), 0.7854, 1.0]
[0, array([0.4742, 0.0048]), array([ 0.47470476, -0.00155   ]), 0.7854, 1.0]
[0, array([0.4742, 0.0048]), array([ 0.475  , -0.00155]), 0.7854, 1.0]
[0, array([0.4742, 0.0048]), array([ 0.4688    , -0.00125476]), 0.7854, 1.0]
[0, array([0.4742, 0.0048]), array([ 0.46909524, -0.00125476]), 0.7854, 1.0]
[0, array([0.4742, 0.0048]), array([ 0.46939048, -0.00125476]), 0.7854, 1.0]
[0, array([0.4742, 0.0048]), array([ 0.46968571, -0.00125476]), 0.7854, 1.0]
[0, array([0.4742, 0.0048]), array([ 0.46998095, -0.00125476]), 0.7854, 1.0]
[0, array([0.4742, 0.0048]), array([ 0.47027619, -0.00125476]), 0.7854, 1.0]
[0, array([0.4742, 0.0048]), array([ 0.47057143, -0.00125476]), 0.7854, 1.0]
[0, array([0.4742, 0.0048]), array([ 0.47086667, -0.00125476]), 0.7854, 1.0]
[0, array([0.4742, 0.0048]), array([ 0.4711619 , -0.00125476]), 0.7854, 1.0]
[0, array([0.4742, 0.0048]), array([ 0.47145714, -0.00125476]), 0.7854, 1.0]
[0, array([0.4742, 0.0048]), array([ 0.47175238, -0.00125476]), 0.7854, 1.0]
[0, array([0.4742, 0.0048]), array([ 0.47204762, -0.00125476]), 0.7854, 1.0]
[0, array([0.4742, 0.0048]), array([ 0.47234286, -0.00125476]), 0.7854, 1.0]
[0, array([0.4742, 0.0048]), array([ 0.4726381 , -0.00125476]), 0.7854, 1.0]
[0, array([0.4742, 0.0048]), array([ 0.47293333, -0.00125476]), 0.7854, 1.0]
[0, array([0.4742, 0.0048]), array([ 0.47322857, -0.00125476]), 0.7854, 1.0]
[0, array([0.4742, 0.0048]), array([ 0.47352381, -0.00125476]), 0.7854, 1.0]
[0, array([0.4742, 0.0048]), array([ 0.47381905, -0.00125476]), 0.7854, 1.0]
[0, array([0.4742, 0.0048]), array([ 0.47411429, -0.00125476]), 0.7854, 1.0]
[0, array([0.4742, 0.0048]), array([ 0.47440952, -0.00125476]), 0.7854, 1.0]
[0, array([0.4742, 0.0048]), array([ 0.47470476, -0.00125476]), 0.7854, 1.0]
[0, array([0.4742, 0.0048]), array([ 0.475     , -0.00125476]), 0.7854, 1.0]
[0, array([0.4742, 0.0048]), array([ 0.4688    , -0.00095952]), 0.7854, 1.0]
[0, array([0.4742, 0.0048]), array([ 0.46909524, -0.00095952]), 0.7854, 1.0]
[0, array([0.4742, 0.0048]), array([ 0.46939048, -0.00095952]), 0.7854, 1.0]
[0, array([0.4742, 0.0048]), array([ 0.46968571, -0.00095952]), 0.7854, 1.0]
[0, array([0.4742, 0.0048]), array([ 0.46998095, -0.00095952]), 0.7854, 1.0]
[0, array([0.4742, 0.0048]), array([ 0.47027619, -0.00095952]), 0.7854, 1.0]
[0, array([0.4742, 0.0048]), array([ 0.47057143, -0.00095952]), 0.7854, 1.0]
[0, array([0.4742, 0.0048]), array([ 0.47086667, -0.00095952]), 0.7854, 1.0]
[0, array([0.4742, 0.0048]), array([ 0.4711619 , -0.00095952]), 0.7854, 1.0]
[0, array([0.4742, 0.0048]), array([ 0.47145714, -0.00095952]), 0.7854, 1.0]
[0, array([0.4742, 0.0048]), array([ 0.47175238, -0.00095952]), 0.7854, 1.0]
[0, array([0.4742, 0.0048]), array([ 0.47204762, -0.00095952]), 0.7854, 1.0]
[0, array([0.4742, 0.0048]), array([ 0.47234286, -0.00095952]), 0.7854, 1.0]
[0, array([0.4742, 0.0048]), array([ 0.4726381 , -0.00095952]), 0.7854, 1.0]
[0, array([0.4742, 0.0048]), array([ 0.47293333, -0.00095952]), 0.7854, 1.0]
[0, array([0.4742, 0.0048]), array([ 0.47322857, -0.00095952]), 0.7854, 1.0]
[0, array([0.4742, 0.0048]), array([ 0.47352381, -0.00095952]), 0.7854, 1.0]
[0, array([0.4742, 0.0048]), array([ 0.47381905, -0.00095952]), 0.7854, 1.0]
[0, array([0.4742, 0.0048]), array([ 0.47411429, -0.00095952]), 0.7854, 1.0]
[0, array([0.4742, 0.0048]), array([ 0.47440952, -0.00095952]), 0.7854, 1.0]
[0, array([0.4742, 0.0048]), array([ 0.47470476, -0.00095952]), 0.7854, 1.0]
[0, array([0.4742, 0.0048]), array([ 0.475     , -0.00095952]), 0.7854, 1.0]
[0, array([0.4742, 0.0048]), array([ 0.4688    , -0.00066429]), 0.7854, 1.0]
[0, array([0.4742, 0.0048]), array([ 0.46909524, -0.00066429]), 0.7854, 1.0]
[0, array([0.4742, 0.0048]), array([ 0.46939048, -0.00066429]), 0.7854, 1.0]
[0, array([0.4742, 0.0048]), array([ 0.46968571, -0.00066429]), 0.7854, 1.0]
[0, array([0.4742, 0.0048]), array([ 0.46998095, -0.00066429]), 0.7854, 1.0]
[0, array([0.4742, 0.0048]), array([ 0.47027619, -0.00066429]), 0.7854, 1.0]
[0, array([0.4742, 0.0048]), array([ 0.47057143, -0.00066429]), 0.7854, 1.0]
[0, array([0.4742, 0.0048]), array([ 0.47086667, -0.00066429]), 0.7854, 1.0]
[0, array([0.4742, 0.0048]), array([ 0.4711619 , -0.00066429]), 0.7854, 1.0]
[0, array([0.4742, 0.0048]), array([ 0.47145714, -0.00066429]), 0.7854, 1.0]
[0, array([0.4742, 0.0048]), array([ 0.47175238, -0.00066429]), 0.7854, 1.0]
[0, array([0.4742, 0.0048]), array([ 0.47204762, -0.00066429]), 0.7854, 1.0]
[0, array([0.4742, 0.0048]), array([ 0.47234286, -0.00066429]), 0.7854, 1.0]
[0, array([0.4742, 0.0048]), array([ 0.4726381 , -0.00066429]), 0.7854, 1.0]
[0, array([0.4742, 0.0048]), array([ 0.47293333, -0.00066429]), 0.7854, 1.0]
[0, array([0.4742, 0.0048]), array([ 0.47322857, -0.00066429]), 0.7854, 1.0]
[0, array([0.4742, 0.0048]), array([ 0.47352381, -0.00066429]), 0.7854, 1.0]
[0, array([0.4742, 0.0048]), array([ 0.47381905, -0.00066429]), 0.7854, 1.0]
[0, array([0.4742, 0.0048]), array([ 0.47411429, -0.00066429]), 0.7854, 1.0]
[0, array([0.4742, 0.0048]), array([ 0.47440952, -0.00066429]), 0.7854, 1.0]
[0, array([0.4742, 0.0048]), array([ 0.47470476, -0.00066429]), 0.7854, 1.0]
[0, array([0.4742, 0.0048]), array([ 0.475     , -0.00066429]), 0.7854, 1.0]
[0, array([0.4742, 0.0048]), array([ 4.68800000e-01, -3.69047619e-04]), 0.7854, 1.0]
[0, array([0.4742, 0.0048]), array([ 4.69095238e-01, -3.69047619e-04]), 0.7854, 1.0]
[0, array([0.4742, 0.0048]), array([ 4.69390476e-01, -3.69047619e-04]), 0.7854, 1.0]
[0, array([0.4742, 0.0048]), array([ 4.69685714e-01, -3.69047619e-04]), 0.7854, 1.0]
[0, array([0.4742, 0.0048]), array([ 4.69980952e-01, -3.69047619e-04]), 0.7854, 1.0]
[0, array([0.4742, 0.0048]), array([ 4.70276190e-01, -3.69047619e-04]), 0.7854, 1.0]
[0, array([0.4742, 0.0048]), array([ 4.70571429e-01, -3.69047619e-04]), 0.7854, 1.0]
[0, array([0.4742, 0.0048]), array([ 4.70866667e-01, -3.69047619e-04]), 0.7854, 1.0]
[0, array([0.4742, 0.0048]), array([ 4.71161905e-01, -3.69047619e-04]), 0.7854, 1.0]
[0, array([0.4742, 0.0048]), array([ 4.71457143e-01, -3.69047619e-04]), 0.7854, 1.0]
[0, array([0.4742, 0.0048]), array([ 4.71752381e-01, -3.69047619e-04]), 0.7854, 1.0]
[0, array([0.4742, 0.0048]), array([ 4.72047619e-01, -3.69047619e-04]), 0.7854, 1.0]
[0, array([0.4742, 0.0048]), array([ 4.72342857e-01, -3.69047619e-04]), 0.7854, 1.0]
[0, array([0.4742, 0.0048]), array([ 4.72638095e-01, -3.69047619e-04]), 0.7854, 1.0]
[0, array([0.4742, 0.0048]), array([ 4.72933333e-01, -3.69047619e-04]), 0.7854, 1.0]
[0, array([0.4742, 0.0048]), array([ 4.73228571e-01, -3.69047619e-04]), 0.7854, 1.0]
[0, array([0.4742, 0.0048]), array([ 4.73523810e-01, -3.69047619e-04]), 0.7854, 1.0]
[0, array([0.4742, 0.0048]), array([ 4.73819048e-01, -3.69047619e-04]), 0.7854, 1.0]
[0, array([0.4742, 0.0048]), array([ 4.74114286e-01, -3.69047619e-04]), 0.7854, 1.0]
[0, array([0.4742, 0.0048]), array([ 4.74409524e-01, -3.69047619e-04]), 0.7854, 1.0]
[0, array([0.4742, 0.0048]), array([ 4.74704762e-01, -3.69047619e-04]), 0.7854, 1.0]
[0, array([0.4742, 0.0048]), array([ 4.75000000e-01, -3.69047619e-04]), 0.7854, 1.0]
[0, array([0.4742, 0.0048]), array([ 4.68800000e-01, -7.38095238e-05]), 0.7854, 1.0]
[0, array([0.4742, 0.0048]), array([ 4.69095238e-01, -7.38095238e-05]), 0.7854, 1.0]
[0, array([0.4742, 0.0048]), array([ 4.69390476e-01, -7.38095238e-05]), 0.7854, 1.0]
[0, array([0.4742, 0.0048]), array([ 4.69685714e-01, -7.38095238e-05]), 0.7854, 1.0]
[0, array([0.4742, 0.0048]), array([ 4.69980952e-01, -7.38095238e-05]), 0.7854, 1.0]
[0, array([0.4742, 0.0048]), array([ 4.70276190e-01, -7.38095238e-05]), 0.7854, 1.0]
[0, array([0.4742, 0.0048]), array([ 4.70571429e-01, -7.38095238e-05]), 0.7854, 1.0]
[0, array([0.4742, 0.0048]), array([ 4.70866667e-01, -7.38095238e-05]), 0.7854, 1.0]
[0, array([0.4742, 0.0048]), array([ 4.71161905e-01, -7.38095238e-05]), 0.7854, 1.0]
[0, array([0.4742, 0.0048]), array([ 4.71457143e-01, -7.38095238e-05]), 0.7854, 1.0]
[0, array([0.4742, 0.0048]), array([ 4.71752381e-01, -7.38095238e-05]), 0.7854, 1.0]
[0, array([0.4742, 0.0048]), array([ 4.72047619e-01, -7.38095238e-05]), 0.7854, 1.0]
[0, array([0.4742, 0.0048]), array([ 4.72342857e-01, -7.38095238e-05]), 0.7854, 1.0]
[0, array([0.4742, 0.0048]), array([ 4.72638095e-01, -7.38095238e-05]), 0.7854, 1.0]
[0, array([0.4742, 0.0048]), array([ 4.72933333e-01, -7.38095238e-05]), 0.7854, 1.0]
[0, array([0.4742, 0.0048]), array([ 4.73228571e-01, -7.38095238e-05]), 0.7854, 1.0]
[0, array([0.4742, 0.0048]), array([ 4.73523810e-01, -7.38095238e-05]), 0.7854, 1.0]
[0, array([0.4742, 0.0048]), array([ 4.73819048e-01, -7.38095238e-05]), 0.7854, 1.0]
[0, array([0.4742, 0.0048]), array([ 4.74114286e-01, -7.38095238e-05]), 0.7854, 1.0]
[0, array([0.4742, 0.0048]), array([ 4.74409524e-01, -7.38095238e-05]), 0.7854, 1.0]
[0, array([0.4742, 0.0048]), array([ 4.74704762e-01, -7.38095238e-05]), 0.7854, 1.0]
[0, array([0.4742, 0.0048]), array([ 4.75000000e-01, -7.38095238e-05]), 0.7854, 1.0]
[0, array([0.4742, 0.0048]), array([4.68800000e-01, 2.21428571e-04]), 0.7854, 1.0]
[0, array([0.4742, 0.0048]), array([4.69095238e-01, 2.21428571e-04]), 0.7854, 1.0]
[0, array([0.4742, 0.0048]), array([4.69390476e-01, 2.21428571e-04]), 0.7854, 1.0]
[0, array([0.4742, 0.0048]), array([4.69685714e-01, 2.21428571e-04]), 0.7854, 1.0]
[0, array([0.4742, 0.0048]), array([4.69980952e-01, 2.21428571e-04]), 0.7854, 1.0]
[0, array([0.4742, 0.0048]), array([4.70276190e-01, 2.21428571e-04]), 0.7854, 1.0]
[0, array([0.4742, 0.0048]), array([4.70571429e-01, 2.21428571e-04]), 0.7854, 1.0]
[0, array([0.4742, 0.0048]), array([4.70866667e-01, 2.21428571e-04]), 0.7854, 1.0]
[0, array([0.4742, 0.0048]), array([4.71161905e-01, 2.21428571e-04]), 0.7854, 1.0]
[0, array([0.4742, 0.0048]), array([4.71457143e-01, 2.21428571e-04]), 0.7854, 1.0]
[0, array([0.4742, 0.0048]), array([4.71752381e-01, 2.21428571e-04]), 0.7854, 1.0]
[0, array([0.4742, 0.0048]), array([4.72047619e-01, 2.21428571e-04]), 0.7854, 1.0]
[0, array([0.4742, 0.0048]), array([4.72342857e-01, 2.21428571e-04]), 0.7854, 1.0]
[0, array([0.4742, 0.0048]), array([4.72638095e-01, 2.21428571e-04]), 0.7854, 1.0]
[0, array([0.4742, 0.0048]), array([4.72933333e-01, 2.21428571e-04]), 0.7854, 1.0]
[0, array([0.4742, 0.0048]), array([4.73228571e-01, 2.21428571e-04]), 0.7854, 1.0]
[0, array([0.4742, 0.0048]), array([4.73523810e-01, 2.21428571e-04]), 0.7854, 1.0]
[0, array([0.4742, 0.0048]), array([4.73819048e-01, 2.21428571e-04]), 0.7854, 1.0]
[0, array([0.4742, 0.0048]), array([4.74114286e-01, 2.21428571e-04]), 0.7854, 1.0]
[0, array([0.4742, 0.0048]), array([4.74409524e-01, 2.21428571e-04]), 0.7854, 1.0]
[0, array([0.4742, 0.0048]), array([4.74704762e-01, 2.21428571e-04]), 0.7854, 1.0]
[0, array([0.4742, 0.0048]), array([4.75000000e-01, 2.21428571e-04]), 0.7854, 1.0]
[0, array([0.4742, 0.0048]), array([0.4688    , 0.00051667]), 0.7854, 1.0]
[0, array([0.4742, 0.0048]), array([0.46909524, 0.00051667]), 0.7854, 1.0]
[0, array([0.4742, 0.0048]), array([0.46939048, 0.00051667]), 0.7854, 1.0]
[0, array([0.4742, 0.0048]), array([0.46968571, 0.00051667]), 0.7854, 1.0]
[0, array([0.4742, 0.0048]), array([0.46998095, 0.00051667]), 0.7854, 1.0]
[0, array([0.4742, 0.0048]), array([0.47027619, 0.00051667]), 0.7854, 1.0]
[0, array([0.4742, 0.0048]), array([0.47057143, 0.00051667]), 0.7854, 1.0]
[0, array([0.4742, 0.0048]), array([0.47086667, 0.00051667]), 0.7854, 1.0]
[0, array([0.4742, 0.0048]), array([0.4711619 , 0.00051667]), 0.7854, 1.0]
[0, array([0.4742, 0.0048]), array([0.47145714, 0.00051667]), 0.7854, 1.0]
[0, array([0.4742, 0.0048]), array([0.47175238, 0.00051667]), 0.7854, 1.0]
[0, array([0.4742, 0.0048]), array([0.47204762, 0.00051667]), 0.7854, 1.0]
[0, array([0.4742, 0.0048]), array([0.47234286, 0.00051667]), 0.7854, 1.0]
[0, array([0.4742, 0.0048]), array([0.4726381 , 0.00051667]), 0.7854, 1.0]
[0, array([0.4742, 0.0048]), array([0.47293333, 0.00051667]), 0.7854, 1.0]
[0, array([0.4742, 0.0048]), array([0.47322857, 0.00051667]), 0.7854, 1.0]
[0, array([0.4742, 0.0048]), array([0.47352381, 0.00051667]), 0.7854, 1.0]
[0, array([0.4742, 0.0048]), array([0.47381905, 0.00051667]), 0.7854, 1.0]
[0, array([0.4742, 0.0048]), array([0.47411429, 0.00051667]), 0.7854, 1.0]
[0, array([0.4742, 0.0048]), array([0.47440952, 0.00051667]), 0.7854, 1.0]
[0, array([0.4742, 0.0048]), array([0.47470476, 0.00051667]), 0.7854, 1.0]
[0, array([0.4742, 0.0048]), array([0.475     , 0.00051667]), 0.7854, 1.0]
[0, array([0.4742, 0.0048]), array([0.4688   , 0.0008119]), 0.7854, 1.0]
[0, array([0.4742, 0.0048]), array([0.46909524, 0.0008119 ]), 0.7854, 1.0]
[0, array([0.4742, 0.0048]), array([0.46939048, 0.0008119 ]), 0.7854, 1.0]
[0, array([0.4742, 0.0048]), array([0.46968571, 0.0008119 ]), 0.7854, 1.0]
[0, array([0.4742, 0.0048]), array([0.46998095, 0.0008119 ]), 0.7854, 1.0]
[0, array([0.4742, 0.0048]), array([0.47027619, 0.0008119 ]), 0.7854, 1.0]
[0, array([0.4742, 0.0048]), array([0.47057143, 0.0008119 ]), 0.7854, 1.0]
[0, array([0.4742, 0.0048]), array([0.47086667, 0.0008119 ]), 0.7854, 1.0]
[0, array([0.4742, 0.0048]), array([0.4711619, 0.0008119]), 0.7854, 1.0]
[0, array([0.4742, 0.0048]), array([0.47145714, 0.0008119 ]), 0.7854, 1.0]
[0, array([0.4742, 0.0048]), array([0.47175238, 0.0008119 ]), 0.7854, 1.0]
[0, array([0.4742, 0.0048]), array([0.47204762, 0.0008119 ]), 0.7854, 1.0]
[0, array([0.4742, 0.0048]), array([0.47234286, 0.0008119 ]), 0.7854, 1.0]
[0, array([0.4742, 0.0048]), array([0.4726381, 0.0008119]), 0.7854, 1.0]
[0, array([0.4742, 0.0048]), array([0.47293333, 0.0008119 ]), 0.7854, 1.0]
[0, array([0.4742, 0.0048]), array([0.47322857, 0.0008119 ]), 0.7854, 1.0]
[0, array([0.4742, 0.0048]), array([0.47352381, 0.0008119 ]), 0.7854, 1.0]
[0, array([0.4742, 0.0048]), array([0.47381905, 0.0008119 ]), 0.7854, 1.0]
[0, array([0.4742, 0.0048]), array([0.47411429, 0.0008119 ]), 0.7854, 1.0]
[0, array([0.4742, 0.0048]), array([0.47440952, 0.0008119 ]), 0.7854, 1.0]
[0, array([0.4742, 0.0048]), array([0.47470476, 0.0008119 ]), 0.7854, 1.0]
[0, array([0.4742, 0.0048]), array([0.475    , 0.0008119]), 0.7854, 1.0]
[0, array([0.4742, 0.0048]), array([0.4688    , 0.00110714]), 0.7854, 1.0]
[0, array([0.4742, 0.0048]), array([0.46909524, 0.00110714]), 0.7854, 1.0]
[0, array([0.4742, 0.0048]), array([0.46939048, 0.00110714]), 0.7854, 1.0]
[0, array([0.4742, 0.0048]), array([0.46968571, 0.00110714]), 0.7854, 1.0]
[0, array([0.4742, 0.0048]), array([0.46998095, 0.00110714]), 0.7854, 1.0]
[0, array([0.4742, 0.0048]), array([0.47027619, 0.00110714]), 0.7854, 1.0]
[0, array([0.4742, 0.0048]), array([0.47057143, 0.00110714]), 0.7854, 1.0]
[0, array([0.4742, 0.0048]), array([0.47086667, 0.00110714]), 0.7854, 1.0]
[0, array([0.4742, 0.0048]), array([0.4711619 , 0.00110714]), 0.7854, 1.0]
[0, array([0.4742, 0.0048]), array([0.47145714, 0.00110714]), 0.7854, 1.0]
[0, array([0.4742, 0.0048]), array([0.47175238, 0.00110714]), 0.7854, 1.0]
[0, array([0.4742, 0.0048]), array([0.47204762, 0.00110714]), 0.7854, 1.0]
[0, array([0.4742, 0.0048]), array([0.47234286, 0.00110714]), 0.7854, 1.0]
[0, array([0.4742, 0.0048]), array([0.4726381 , 0.00110714]), 0.7854, 1.0]
[0, array([0.4742, 0.0048]), array([0.47293333, 0.00110714]), 0.7854, 1.0]
[0, array([0.4742, 0.0048]), array([0.47322857, 0.00110714]), 0.7854, 1.0]
[0, array([0.4742, 0.0048]), array([0.47352381, 0.00110714]), 0.7854, 1.0]
[0, array([0.4742, 0.0048]), array([0.47381905, 0.00110714]), 0.7854, 1.0]
[0, array([0.4742, 0.0048]), array([0.47411429, 0.00110714]), 0.7854, 1.0]
[0, array([0.4742, 0.0048]), array([0.47440952, 0.00110714]), 0.7854, 1.0]
[0, array([0.4742, 0.0048]), array([0.47470476, 0.00110714]), 0.7854, 1.0]
[0, array([0.4742, 0.0048]), array([0.475     , 0.00110714]), 0.7854, 1.0]
[0, array([0.4742, 0.0048]), array([0.4688    , 0.00140238]), 0.7854, 1.0]
[0, array([0.4742, 0.0048]), array([0.46909524, 0.00140238]), 0.7854, 1.0]
[0, array([0.4742, 0.0048]), array([0.46939048, 0.00140238]), 0.7854, 1.0]
[0, array([0.4742, 0.0048]), array([0.46968571, 0.00140238]), 0.7854, 1.0]
[0, array([0.4742, 0.0048]), array([0.46998095, 0.00140238]), 0.7854, 1.0]
[0, array([0.4742, 0.0048]), array([0.47027619, 0.00140238]), 0.7854, 1.0]
[0, array([0.4742, 0.0048]), array([0.47057143, 0.00140238]), 0.7854, 1.0]
[0, array([0.4742, 0.0048]), array([0.47086667, 0.00140238]), 0.7854, 1.0]
[0, array([0.4742, 0.0048]), array([0.4711619 , 0.00140238]), 0.7854, 1.0]
[0, array([0.4742, 0.0048]), array([0.47145714, 0.00140238]), 0.7854, 1.0]
[0, array([0.4742, 0.0048]), array([0.47175238, 0.00140238]), 0.7854, 1.0]
[0, array([0.4742, 0.0048]), array([0.47204762, 0.00140238]), 0.7854, 1.0]
[0, array([0.4742, 0.0048]), array([0.47234286, 0.00140238]), 0.7854, 1.0]
[0, array([0.4742, 0.0048]), array([0.4726381 , 0.00140238]), 0.7854, 1.0]
[0, array([0.4742, 0.0048]), array([0.47293333, 0.00140238]), 0.7854, 1.0]
[0, array([0.4742, 0.0048]), array([0.47322857, 0.00140238]), 0.7854, 1.0]
[0, array([0.4742, 0.0048]), array([0.47352381, 0.00140238]), 0.7854, 1.0]
[0, array([0.4742, 0.0048]), array([0.47381905, 0.00140238]), 0.7854, 1.0]
[0, array([0.4742, 0.0048]), array([0.47411429, 0.00140238]), 0.7854, 1.0]
[0, array([0.4742, 0.0048]), array([0.47440952, 0.00140238]), 0.7854, 1.0]
[0, array([0.4742, 0.0048]), array([0.47470476, 0.00140238]), 0.7854, 1.0]
[0, array([0.4742, 0.0048]), array([0.475     , 0.00140238]), 0.7854, 1.0]
[0, array([0.4742, 0.0048]), array([0.4688    , 0.00169762]), 0.7854, 1.0]
[0, array([0.4742, 0.0048]), array([0.46909524, 0.00169762]), 0.7854, 1.0]
[0, array([0.4742, 0.0048]), array([0.46939048, 0.00169762]), 0.7854, 1.0]
[0, array([0.4742, 0.0048]), array([0.46968571, 0.00169762]), 0.7854, 1.0]
[0, array([0.4742, 0.0048]), array([0.46998095, 0.00169762]), 0.7854, 1.0]
[0, array([0.4742, 0.0048]), array([0.47027619, 0.00169762]), 0.7854, 1.0]
[0, array([0.4742, 0.0048]), array([0.47057143, 0.00169762]), 0.7854, 1.0]
[0, array([0.4742, 0.0048]), array([0.47086667, 0.00169762]), 0.7854, 1.0]
[0, array([0.4742, 0.0048]), array([0.4711619 , 0.00169762]), 0.7854, 1.0]
[0, array([0.4742, 0.0048]), array([0.47145714, 0.00169762]), 0.7854, 1.0]
[0, array([0.4742, 0.0048]), array([0.47175238, 0.00169762]), 0.7854, 1.0]
[0, array([0.4742, 0.0048]), array([0.47204762, 0.00169762]), 0.7854, 1.0]
[0, array([0.4742, 0.0048]), array([0.47234286, 0.00169762]), 0.7854, 1.0]
[0, array([0.4742, 0.0048]), array([0.4726381 , 0.00169762]), 0.7854, 1.0]
[0, array([0.4742, 0.0048]), array([0.47293333, 0.00169762]), 0.7854, 1.0]
[0, array([0.4742, 0.0048]), array([0.47322857, 0.00169762]), 0.7854, 1.0]
[0, array([0.4742, 0.0048]), array([0.47352381, 0.00169762]), 0.7854, 1.0]
[0, array([0.4742, 0.0048]), array([0.47381905, 0.00169762]), 0.7854, 1.0]
[0, array([0.4742, 0.0048]), array([0.47411429, 0.00169762]), 0.7854, 1.0]
[0, array([0.4742, 0.0048]), array([0.47440952, 0.00169762]), 0.7854, 1.0]
[0, array([0.4742, 0.0048]), array([0.47470476, 0.00169762]), 0.7854, 1.0]
[0, array([0.4742, 0.0048]), array([0.475     , 0.00169762]), 0.7854, 1.0]
[0, array([0.4742, 0.0048]), array([0.4688    , 0.00199286]), 0.7854, 1.0]
[0, array([0.4742, 0.0048]), array([0.46909524, 0.00199286]), 0.7854, 1.0]
[0, array([0.4742, 0.0048]), array([0.46939048, 0.00199286]), 0.7854, 1.0]
[0, array([0.4742, 0.0048]), array([0.46968571, 0.00199286]), 0.7854, 1.0]
[0, array([0.4742, 0.0048]), array([0.46998095, 0.00199286]), 0.7854, 1.0]
[0, array([0.4742, 0.0048]), array([0.47027619, 0.00199286]), 0.7854, 1.0]
[0, array([0.4742, 0.0048]), array([0.47057143, 0.00199286]), 0.7854, 1.0]
[0, array([0.4742, 0.0048]), array([0.47086667, 0.00199286]), 0.7854, 1.0]
[0, array([0.4742, 0.0048]), array([0.4711619 , 0.00199286]), 0.7854, 1.0]
[0, array([0.4742, 0.0048]), array([0.47145714, 0.00199286]), 0.7854, 1.0]
[0, array([0.4742, 0.0048]), array([0.47175238, 0.00199286]), 0.7854, 1.0]
[0, array([0.4742, 0.0048]), array([0.47204762, 0.00199286]), 0.7854, 1.0]
[0, array([0.4742, 0.0048]), array([0.47234286, 0.00199286]), 0.7854, 1.0]
[0, array([0.4742, 0.0048]), array([0.4726381 , 0.00199286]), 0.7854, 1.0]
[0, array([0.4742, 0.0048]), array([0.47293333, 0.00199286]), 0.7854, 1.0]
[0, array([0.4742, 0.0048]), array([0.47322857, 0.00199286]), 0.7854, 1.0]
[0, array([0.4742, 0.0048]), array([0.47352381, 0.00199286]), 0.7854, 1.0]
[0, array([0.4742, 0.0048]), array([0.47381905, 0.00199286]), 0.7854, 1.0]
[0, array([0.4742, 0.0048]), array([0.47411429, 0.00199286]), 0.7854, 1.0]
[0, array([0.4742, 0.0048]), array([0.47440952, 0.00199286]), 0.7854, 1.0]
[0, array([0.4742, 0.0048]), array([0.47470476, 0.00199286]), 0.7854, 1.0]
[0, array([0.4742, 0.0048]), array([0.475     , 0.00199286]), 0.7854, 1.0]
[0, array([0.4742, 0.0048]), array([0.4688   , 0.0022881]), 0.7854, 1.0]
[0, array([0.4742, 0.0048]), array([0.46909524, 0.0022881 ]), 0.7854, 1.0]
[0, array([0.4742, 0.0048]), array([0.46939048, 0.0022881 ]), 0.7854, 1.0]
[0, array([0.4742, 0.0048]), array([0.46968571, 0.0022881 ]), 0.7854, 1.0]
[0, array([0.4742, 0.0048]), array([0.46998095, 0.0022881 ]), 0.7854, 1.0]
[0, array([0.4742, 0.0048]), array([0.47027619, 0.0022881 ]), 0.7854, 1.0]
[0, array([0.4742, 0.0048]), array([0.47057143, 0.0022881 ]), 0.7854, 1.0]
[0, array([0.4742, 0.0048]), array([0.47086667, 0.0022881 ]), 0.7854, 1.0]
[0, array([0.4742, 0.0048]), array([0.4711619, 0.0022881]), 0.7854, 1.0]
[0, array([0.4742, 0.0048]), array([0.47145714, 0.0022881 ]), 0.7854, 1.0]
[0, array([0.4742, 0.0048]), array([0.47175238, 0.0022881 ]), 0.7854, 1.0]
[0, array([0.4742, 0.0048]), array([0.47204762, 0.0022881 ]), 0.7854, 1.0]
[0, array([0.4742, 0.0048]), array([0.47234286, 0.0022881 ]), 0.7854, 1.0]
[0, array([0.4742, 0.0048]), array([0.4726381, 0.0022881]), 0.7854, 1.0]
[0, array([0.4742, 0.0048]), array([0.47293333, 0.0022881 ]), 0.7854, 1.0]
[0, array([0.4742, 0.0048]), array([0.47322857, 0.0022881 ]), 0.7854, 1.0]
[0, array([0.4742, 0.0048]), array([0.47352381, 0.0022881 ]), 0.7854, 1.0]
[0, array([0.4742, 0.0048]), array([0.47381905, 0.0022881 ]), 0.7854, 1.0]
[0, array([0.4742, 0.0048]), array([0.47411429, 0.0022881 ]), 0.7854, 1.0]
[0, array([0.4742, 0.0048]), array([0.47440952, 0.0022881 ]), 0.7854, 1.0]
[0, array([0.4742, 0.0048]), array([0.47470476, 0.0022881 ]), 0.7854, 1.0]
[0, array([0.4742, 0.0048]), array([0.475    , 0.0022881]), 0.7854, 1.0]
[0, array([0.4742, 0.0048]), array([0.4688    , 0.00258333]), 0.7854, 1.0]
[0, array([0.4742, 0.0048]), array([0.46909524, 0.00258333]), 0.7854, 1.0]
[0, array([0.4742, 0.0048]), array([0.46939048, 0.00258333]), 0.7854, 1.0]
[0, array([0.4742, 0.0048]), array([0.46968571, 0.00258333]), 0.7854, 1.0]
[0, array([0.4742, 0.0048]), array([0.46998095, 0.00258333]), 0.7854, 1.0]
[0, array([0.4742, 0.0048]), array([0.47027619, 0.00258333]), 0.7854, 1.0]
[0, array([0.4742, 0.0048]), array([0.47057143, 0.00258333]), 0.7854, 1.0]
[0, array([0.4742, 0.0048]), array([0.47086667, 0.00258333]), 0.7854, 1.0]
[0, array([0.4742, 0.0048]), array([0.4711619 , 0.00258333]), 0.7854, 1.0]
[0, array([0.4742, 0.0048]), array([0.47145714, 0.00258333]), 0.7854, 1.0]
[0, array([0.4742, 0.0048]), array([0.47175238, 0.00258333]), 0.7854, 1.0]
[0, array([0.4742, 0.0048]), array([0.47204762, 0.00258333]), 0.7854, 1.0]
[0, array([0.4742, 0.0048]), array([0.47234286, 0.00258333]), 0.7854, 1.0]
[0, array([0.4742, 0.0048]), array([0.4726381 , 0.00258333]), 0.7854, 1.0]
[0, array([0.4742, 0.0048]), array([0.47293333, 0.00258333]), 0.7854, 1.0]
[0, array([0.4742, 0.0048]), array([0.47322857, 0.00258333]), 0.7854, 1.0]
[0, array([0.4742, 0.0048]), array([0.47352381, 0.00258333]), 0.7854, 1.0]
[0, array([0.4742, 0.0048]), array([0.47381905, 0.00258333]), 0.7854, 1.0]
[0, array([0.4742, 0.0048]), array([0.47411429, 0.00258333]), 0.7854, 1.0]
[0, array([0.4742, 0.0048]), array([0.47440952, 0.00258333]), 0.7854, 1.0]
[0, array([0.4742, 0.0048]), array([0.47470476, 0.00258333]), 0.7854, 1.0]
[0, array([0.4742, 0.0048]), array([0.475     , 0.00258333]), 0.7854, 1.0]
[0, array([0.4742, 0.0048]), array([0.4688    , 0.00287857]), 0.7854, 1.0]
[0, array([0.4742, 0.0048]), array([0.46909524, 0.00287857]), 0.7854, 1.0]
[0, array([0.4742, 0.0048]), array([0.46939048, 0.00287857]), 0.7854, 1.0]
[0, array([0.4742, 0.0048]), array([0.46968571, 0.00287857]), 0.7854, 1.0]
[0, array([0.4742, 0.0048]), array([0.46998095, 0.00287857]), 0.7854, 1.0]
[0, array([0.4742, 0.0048]), array([0.47027619, 0.00287857]), 0.7854, 1.0]
[0, array([0.4742, 0.0048]), array([0.47057143, 0.00287857]), 0.7854, 1.0]
[0, array([0.4742, 0.0048]), array([0.47086667, 0.00287857]), 0.7854, 1.0]
[0, array([0.4742, 0.0048]), array([0.4711619 , 0.00287857]), 0.7854, 1.0]
[0, array([0.4742, 0.0048]), array([0.47145714, 0.00287857]), 0.7854, 1.0]
[0, array([0.4742, 0.0048]), array([0.47175238, 0.00287857]), 0.7854, 1.0]
[0, array([0.4742, 0.0048]), array([0.47204762, 0.00287857]), 0.7854, 1.0]
[0, array([0.4742, 0.0048]), array([0.47234286, 0.00287857]), 0.7854, 1.0]
[0, array([0.4742, 0.0048]), array([0.4726381 , 0.00287857]), 0.7854, 1.0]
[0, array([0.4742, 0.0048]), array([0.47293333, 0.00287857]), 0.7854, 1.0]
[0, array([0.4742, 0.0048]), array([0.47322857, 0.00287857]), 0.7854, 1.0]
[0, array([0.4742, 0.0048]), array([0.47352381, 0.00287857]), 0.7854, 1.0]
[0, array([0.4742, 0.0048]), array([0.47381905, 0.00287857]), 0.7854, 1.0]
[0, array([0.4742, 0.0048]), array([0.47411429, 0.00287857]), 0.7854, 1.0]
[0, array([0.4742, 0.0048]), array([0.47440952, 0.00287857]), 0.7854, 1.0]
[0, array([0.4742, 0.0048]), array([0.47470476, 0.00287857]), 0.7854, 1.0]
[0, array([0.4742, 0.0048]), array([0.475     , 0.00287857]), 0.7854, 1.0]
[0, array([0.4742, 0.0048]), array([0.4688    , 0.00317381]), 0.7854, 1.0]
[0, array([0.4742, 0.0048]), array([0.46909524, 0.00317381]), 0.7854, 1.0]
[0, array([0.4742, 0.0048]), array([0.46939048, 0.00317381]), 0.7854, 1.0]
[0, array([0.4742, 0.0048]), array([0.46968571, 0.00317381]), 0.7854, 1.0]
[0, array([0.4742, 0.0048]), array([0.46998095, 0.00317381]), 0.7854, 1.0]
[0, array([0.4742, 0.0048]), array([0.47027619, 0.00317381]), 0.7854, 1.0]
[0, array([0.4742, 0.0048]), array([0.47057143, 0.00317381]), 0.7854, 1.0]
[0, array([0.4742, 0.0048]), array([0.47086667, 0.00317381]), 0.7854, 1.0]
[0, array([0.4742, 0.0048]), array([0.4711619 , 0.00317381]), 0.7854, 1.0]
[0, array([0.4742, 0.0048]), array([0.47145714, 0.00317381]), 0.7854, 1.0]
[0, array([0.4742, 0.0048]), array([0.47175238, 0.00317381]), 0.7854, 1.0]
[0, array([0.4742, 0.0048]), array([0.47204762, 0.00317381]), 0.7854, 1.0]
[0, array([0.4742, 0.0048]), array([0.47234286, 0.00317381]), 0.7854, 1.0]
[0, array([0.4742, 0.0048]), array([0.4726381 , 0.00317381]), 0.7854, 1.0]
[0, array([0.4742, 0.0048]), array([0.47293333, 0.00317381]), 0.7854, 1.0]
[0, array([0.4742, 0.0048]), array([0.47322857, 0.00317381]), 0.7854, 1.0]
[0, array([0.4742, 0.0048]), array([0.47352381, 0.00317381]), 0.7854, 1.0]
[0, array([0.4742, 0.0048]), array([0.47381905, 0.00317381]), 0.7854, 1.0]
[0, array([0.4742, 0.0048]), array([0.47411429, 0.00317381]), 0.7854, 1.0]
[0, array([0.4742, 0.0048]), array([0.47440952, 0.00317381]), 0.7854, 1.0]
[0, array([0.4742, 0.0048]), array([0.47470476, 0.00317381]), 0.7854, 1.0]
[0, array([0.4742, 0.0048]), array([0.475     , 0.00317381]), 0.7854, 1.0]
[0, array([0.4742, 0.0048]), array([0.4688    , 0.00346905]), 0.7854, 1.0]
[0, array([0.4742, 0.0048]), array([0.46909524, 0.00346905]), 0.7854, 1.0]
[0, array([0.4742, 0.0048]), array([0.46939048, 0.00346905]), 0.7854, 1.0]
[0, array([0.4742, 0.0048]), array([0.46968571, 0.00346905]), 0.7854, 1.0]
[0, array([0.4742, 0.0048]), array([0.46998095, 0.00346905]), 0.7854, 1.0]
[0, array([0.4742, 0.0048]), array([0.47027619, 0.00346905]), 0.7854, 1.0]
[0, array([0.4742, 0.0048]), array([0.47057143, 0.00346905]), 0.7854, 1.0]
[0, array([0.4742, 0.0048]), array([0.47086667, 0.00346905]), 0.7854, 1.0]
[0, array([0.4742, 0.0048]), array([0.4711619 , 0.00346905]), 0.7854, 1.0]
[0, array([0.4742, 0.0048]), array([0.47145714, 0.00346905]), 0.7854, 1.0]
[0, array([0.4742, 0.0048]), array([0.47175238, 0.00346905]), 0.7854, 1.0]
[0, array([0.4742, 0.0048]), array([0.47204762, 0.00346905]), 0.7854, 1.0]
[0, array([0.4742, 0.0048]), array([0.47234286, 0.00346905]), 0.7854, 1.0]
[0, array([0.4742, 0.0048]), array([0.4726381 , 0.00346905]), 0.7854, 1.0]
[0, array([0.4742, 0.0048]), array([0.47293333, 0.00346905]), 0.7854, 1.0]
[0, array([0.4742, 0.0048]), array([0.47322857, 0.00346905]), 0.7854, 1.0]
[0, array([0.4742, 0.0048]), array([0.47352381, 0.00346905]), 0.7854, 1.0]
[0, array([0.4742, 0.0048]), array([0.47381905, 0.00346905]), 0.7854, 1.0]
[0, array([0.4742, 0.0048]), array([0.47411429, 0.00346905]), 0.7854, 1.0]
[0, array([0.4742, 0.0048]), array([0.47440952, 0.00346905]), 0.7854, 1.0]
[0, array([0.4742, 0.0048]), array([0.47470476, 0.00346905]), 0.7854, 1.0]
[0, array([0.4742, 0.0048]), array([0.475     , 0.00346905]), 0.7854, 1.0]
[0, array([0.4742, 0.0048]), array([0.4688    , 0.00376429]), 0.7854, 1.0]
[0, array([0.4742, 0.0048]), array([0.46909524, 0.00376429]), 0.7854, 1.0]
[0, array([0.4742, 0.0048]), array([0.46939048, 0.00376429]), 0.7854, 1.0]
[0, array([0.4742, 0.0048]), array([0.46968571, 0.00376429]), 0.7854, 1.0]
[0, array([0.4742, 0.0048]), array([0.46998095, 0.00376429]), 0.7854, 1.0]
[0, array([0.4742, 0.0048]), array([0.47027619, 0.00376429]), 0.7854, 1.0]
[0, array([0.4742, 0.0048]), array([0.47057143, 0.00376429]), 0.7854, 1.0]
[0, array([0.4742, 0.0048]), array([0.47086667, 0.00376429]), 0.7854, 1.0]
[0, array([0.4742, 0.0048]), array([0.4711619 , 0.00376429]), 0.7854, 1.0]
[0, array([0.4742, 0.0048]), array([0.47145714, 0.00376429]), 0.7854, 1.0]
[0, array([0.4742, 0.0048]), array([0.47175238, 0.00376429]), 0.7854, 1.0]
[0, array([0.4742, 0.0048]), array([0.47204762, 0.00376429]), 0.7854, 1.0]
[0, array([0.4742, 0.0048]), array([0.47234286, 0.00376429]), 0.7854, 1.0]
[0, array([0.4742, 0.0048]), array([0.4726381 , 0.00376429]), 0.7854, 1.0]
[0, array([0.4742, 0.0048]), array([0.47293333, 0.00376429]), 0.7854, 1.0]
[0, array([0.4742, 0.0048]), array([0.47322857, 0.00376429]), 0.7854, 1.0]
[0, array([0.4742, 0.0048]), array([0.47352381, 0.00376429]), 0.7854, 1.0]
[0, array([0.4742, 0.0048]), array([0.47381905, 0.00376429]), 0.7854, 1.0]
[0, array([0.4742, 0.0048]), array([0.47411429, 0.00376429]), 0.7854, 1.0]
[0, array([0.4742, 0.0048]), array([0.47440952, 0.00376429]), 0.7854, 1.0]
[0, array([0.4742, 0.0048]), array([0.47470476, 0.00376429]), 0.7854, 1.0]
[0, array([0.4742, 0.0048]), array([0.475     , 0.00376429]), 0.7854, 1.0]
[0, array([0.4742, 0.0048]), array([0.4688    , 0.00405952]), 0.7854, 1.0]
[0, array([0.4742, 0.0048]), array([0.46909524, 0.00405952]), 0.7854, 1.0]
[0, array([0.4742, 0.0048]), array([0.46939048, 0.00405952]), 0.7854, 1.0]
[0, array([0.4742, 0.0048]), array([0.46968571, 0.00405952]), 0.7854, 1.0]
[0, array([0.4742, 0.0048]), array([0.46998095, 0.00405952]), 0.7854, 1.0]
[0, array([0.4742, 0.0048]), array([0.47027619, 0.00405952]), 0.7854, 1.0]
[0, array([0.4742, 0.0048]), array([0.47057143, 0.00405952]), 0.7854, 1.0]
[0, array([0.4742, 0.0048]), array([0.47086667, 0.00405952]), 0.7854, 1.0]
[0, array([0.4742, 0.0048]), array([0.4711619 , 0.00405952]), 0.7854, 1.0]
[0, array([0.4742, 0.0048]), array([0.47145714, 0.00405952]), 0.7854, 1.0]
[0, array([0.4742, 0.0048]), array([0.47175238, 0.00405952]), 0.7854, 1.0]
[0, array([0.4742, 0.0048]), array([0.47204762, 0.00405952]), 0.7854, 1.0]
[0, array([0.4742, 0.0048]), array([0.47234286, 0.00405952]), 0.7854, 1.0]
[0, array([0.4742, 0.0048]), array([0.4726381 , 0.00405952]), 0.7854, 1.0]
[0, array([0.4742, 0.0048]), array([0.47293333, 0.00405952]), 0.7854, 1.0]
[0, array([0.4742, 0.0048]), array([0.47322857, 0.00405952]), 0.7854, 1.0]
[0, array([0.4742, 0.0048]), array([0.47352381, 0.00405952]), 0.7854, 1.0]
[0, array([0.4742, 0.0048]), array([0.47381905, 0.00405952]), 0.7854, 1.0]
[0, array([0.4742, 0.0048]), array([0.47411429, 0.00405952]), 0.7854, 1.0]
[0, array([0.4742, 0.0048]), array([0.47440952, 0.00405952]), 0.7854, 1.0]
[0, array([0.4742, 0.0048]), array([0.47470476, 0.00405952]), 0.7854, 1.0]
[0, array([0.4742, 0.0048]), array([0.475     , 0.00405952]), 0.7854, 1.0]
[0, array([0.4742, 0.0048]), array([0.4688    , 0.00435476]), 0.7854, 1.0]
[0, array([0.4742, 0.0048]), array([0.46909524, 0.00435476]), 0.7854, 1.0]
[0, array([0.4742, 0.0048]), array([0.46939048, 0.00435476]), 0.7854, 1.0]
[0, array([0.4742, 0.0048]), array([0.46968571, 0.00435476]), 0.7854, 1.0]
[0, array([0.4742, 0.0048]), array([0.46998095, 0.00435476]), 0.7854, 1.0]
[0, array([0.4742, 0.0048]), array([0.47027619, 0.00435476]), 0.7854, 1.0]
[0, array([0.4742, 0.0048]), array([0.47057143, 0.00435476]), 0.7854, 1.0]
[0, array([0.4742, 0.0048]), array([0.47086667, 0.00435476]), 0.7854, 1.0]
[0, array([0.4742, 0.0048]), array([0.4711619 , 0.00435476]), 0.7854, 1.0]
[0, array([0.4742, 0.0048]), array([0.47145714, 0.00435476]), 0.7854, 1.0]
[0, array([0.4742, 0.0048]), array([0.47175238, 0.00435476]), 0.7854, 1.0]
[0, array([0.4742, 0.0048]), array([0.47204762, 0.00435476]), 0.7854, 1.0]
[0, array([0.4742, 0.0048]), array([0.47234286, 0.00435476]), 0.7854, 1.0]
[0, array([0.4742, 0.0048]), array([0.4726381 , 0.00435476]), 0.7854, 1.0]
[0, array([0.4742, 0.0048]), array([0.47293333, 0.00435476]), 0.7854, 1.0]
[0, array([0.4742, 0.0048]), array([0.47322857, 0.00435476]), 0.7854, 1.0]
[0, array([0.4742, 0.0048]), array([0.47352381, 0.00435476]), 0.7854, 1.0]
[0, array([0.4742, 0.0048]), array([0.47381905, 0.00435476]), 0.7854, 1.0]
[0, array([0.4742, 0.0048]), array([0.47411429, 0.00435476]), 0.7854, 1.0]
[0, array([0.4742, 0.0048]), array([0.47440952, 0.00435476]), 0.7854, 1.0]
[0, array([0.4742, 0.0048]), array([0.47470476, 0.00435476]), 0.7854, 1.0]
[0, array([0.4742, 0.0048]), array([0.475     , 0.00435476]), 0.7854, 1.0]
[0, array([0.4742, 0.0048]), array([0.4688 , 0.00465]), 0.7854, 1.0]
[0, array([0.4742, 0.0048]), array([0.46909524, 0.00465   ]), 0.7854, 1.0]
[0, array([0.4742, 0.0048]), array([0.46939048, 0.00465   ]), 0.7854, 1.0]
[0, array([0.4742, 0.0048]), array([0.46968571, 0.00465   ]), 0.7854, 1.0]
[0, array([0.4742, 0.0048]), array([0.46998095, 0.00465   ]), 0.7854, 1.0]
[0, array([0.4742, 0.0048]), array([0.47027619, 0.00465   ]), 0.7854, 1.0]
[0, array([0.4742, 0.0048]), array([0.47057143, 0.00465   ]), 0.7854, 1.0]
[0, array([0.4742, 0.0048]), array([0.47086667, 0.00465   ]), 0.7854, 1.0]
[0, array([0.4742, 0.0048]), array([0.4711619, 0.00465  ]), 0.7854, 1.0]
[0, array([0.4742, 0.0048]), array([0.47145714, 0.00465   ]), 0.7854, 1.0]
[0, array([0.4742, 0.0048]), array([0.47175238, 0.00465   ]), 0.7854, 1.0]
[0, array([0.4742, 0.0048]), array([0.47204762, 0.00465   ]), 0.7854, 1.0]
[0, array([0.4742, 0.0048]), array([0.47234286, 0.00465   ]), 0.7854, 1.0]
[0, array([0.4742, 0.0048]), array([0.4726381, 0.00465  ]), 0.7854, 1.0]
[0, array([0.4742, 0.0048]), array([0.47293333, 0.00465   ]), 0.7854, 1.0]
[0, array([0.4742, 0.0048]), array([0.47322857, 0.00465   ]), 0.7854, 1.0]
[0, array([0.4742, 0.0048]), array([0.47352381, 0.00465   ]), 0.7854, 1.0]
[0, array([0.4742, 0.0048]), array([0.47381905, 0.00465   ]), 0.7854, 1.0]
[0, array([0.4742, 0.0048]), array([0.47411429, 0.00465   ]), 0.7854, 1.0]
[0, array([0.4742, 0.0048]), array([0.47440952, 0.00465   ]), 0.7854, 1.0]
[0, array([0.4742, 0.0048]), array([0.47470476, 0.00465   ]), 0.7854, 1.0]
[0, array([0.4742, 0.0048]), array([0.475  , 0.00465]), 0.7854, 1.0]
