[84, array([ 0.499 , -0.0179]), array([ 0.4969, -0.0187]), 0.7854, 0.0]
[84, array([ 0.499 , -0.0179]), array([ 0.49704762, -0.0187    ]), 0.7854, 0.0]
[84, array([ 0.499 , -0.0179]), array([ 0.49719524, -0.0187    ]), 0.7854, 0.0]
[84, array([ 0.499 , -0.0179]), array([ 0.49734286, -0.0187    ]), 0.7854, 0.0]
[84, array([ 0.499 , -0.0179]), array([ 0.49749048, -0.0187    ]), 0.7854, 0.0]
[84, array([ 0.499 , -0.0179]), array([ 0.4976381, -0.0187   ]), 0.7854, 0.0]
[84, array([ 0.499 , -0.0179]), array([ 0.49778571, -0.0187    ]), 0.7854, 0.0]
[84, array([ 0.499 , -0.0179]), array([ 0.49793333, -0.0187    ]), 0.7854, 0.0]
[84, array([ 0.499 , -0.0179]), array([ 0.49808095, -0.0187    ]), 0.7854, 1.0]
[84, array([ 0.499 , -0.0179]), array([ 0.49822857, -0.0187    ]), 0.7854, 1.0]
[84, array([ 0.499 , -0.0179]), array([ 0.49837619, -0.0187    ]), 0.7854, 1.0]
[84, array([ 0.499 , -0.0179]), array([ 0.49852381, -0.0187    ]), 0.7854, 1.0]
[84, array([ 0.499 , -0.0179]), array([ 0.49867143, -0.0187    ]), 0.7854, 0.0]
[84, array([ 0.499 , -0.0179]), array([ 0.49881905, -0.0187    ]), 0.7854, 0.0]
[84, array([ 0.499 , -0.0179]), array([ 0.49896667, -0.0187    ]), 0.7854, 0.0]
[84, array([ 0.499 , -0.0179]), array([ 0.49911429, -0.0187    ]), 0.7854, 0.0]
[84, array([ 0.499 , -0.0179]), array([ 0.4992619, -0.0187   ]), 0.7854, 0.0]
[84, array([ 0.499 , -0.0179]), array([ 0.49940952, -0.0187    ]), 0.7854, 0.0]
[84, array([ 0.499 , -0.0179]), array([ 0.49955714, -0.0187    ]), 0.7854, 0.0]
[84, array([ 0.499 , -0.0179]), array([ 0.49970476, -0.0187    ]), 0.7854, 0.0]
[84, array([ 0.499 , -0.0179]), array([ 0.49985238, -0.0187    ]), 0.7854, 0.0]
[84, array([ 0.499 , -0.0179]), array([ 0.5   , -0.0187]), 0.7854, 0.0]
[84, array([ 0.499 , -0.0179]), array([ 0.4969    , -0.01855238]), 0.7854, 0.0]
[84, array([ 0.499 , -0.0179]), array([ 0.49704762, -0.01855238]), 0.7854, 1.0]
[84, array([ 0.499 , -0.0179]), array([ 0.49719524, -0.01855238]), 0.7854, 0.0]
[84, array([ 0.499 , -0.0179]), array([ 0.49734286, -0.01855238]), 0.7854, 0.0]
[84, array([ 0.499 , -0.0179]), array([ 0.49749048, -0.01855238]), 0.7854, 0.0]
[84, array([ 0.499 , -0.0179]), array([ 0.4976381 , -0.01855238]), 0.7854, 0.0]
[84, array([ 0.499 , -0.0179]), array([ 0.49778571, -0.01855238]), 0.7854, 1.0]
[84, array([ 0.499 , -0.0179]), array([ 0.49793333, -0.01855238]), 0.7854, 1.0]
[84, array([ 0.499 , -0.0179]), array([ 0.49808095, -0.01855238]), 0.7854, 1.0]
[84, array([ 0.499 , -0.0179]), array([ 0.49822857, -0.01855238]), 0.7854, 1.0]
[84, array([ 0.499 , -0.0179]), array([ 0.49837619, -0.01855238]), 0.7854, 1.0]
[84, array([ 0.499 , -0.0179]), array([ 0.49852381, -0.01855238]), 0.7854, 1.0]
[84, array([ 0.499 , -0.0179]), array([ 0.49867143, -0.01855238]), 0.7854, 1.0]
[84, array([ 0.499 , -0.0179]), array([ 0.49881905, -0.01855238]), 0.7854, 0.0]
[84, array([ 0.499 , -0.0179]), array([ 0.49896667, -0.01855238]), 0.7854, 0.0]
[84, array([ 0.499 , -0.0179]), array([ 0.49911429, -0.01855238]), 0.7854, 0.0]
[84, array([ 0.499 , -0.0179]), array([ 0.4992619 , -0.01855238]), 0.7854, 0.0]
[84, array([ 0.499 , -0.0179]), array([ 0.49940952, -0.01855238]), 0.7854, 0.0]
[84, array([ 0.499 , -0.0179]), array([ 0.49955714, -0.01855238]), 0.7854, 0.0]
[84, array([ 0.499 , -0.0179]), array([ 0.49970476, -0.01855238]), 0.7854, 0.0]
[84, array([ 0.499 , -0.0179]), array([ 0.49985238, -0.01855238]), 0.7854, 0.0]
[84, array([ 0.499 , -0.0179]), array([ 0.5       , -0.01855238]), 0.7854, 1.0]
[84, array([ 0.499 , -0.0179]), array([ 0.4969    , -0.01840476]), 0.7854, 0.0]
[84, array([ 0.499 , -0.0179]), array([ 0.49704762, -0.01840476]), 0.7854, 1.0]
[84, array([ 0.499 , -0.0179]), array([ 0.49719524, -0.01840476]), 0.7854, 1.0]
[84, array([ 0.499 , -0.0179]), array([ 0.49734286, -0.01840476]), 0.7854, 0.0]
[84, array([ 0.499 , -0.0179]), array([ 0.49749048, -0.01840476]), 0.7854, 1.0]
[84, array([ 0.499 , -0.0179]), array([ 0.4976381 , -0.01840476]), 0.7854, 1.0]
[84, array([ 0.499 , -0.0179]), array([ 0.49778571, -0.01840476]), 0.7854, 1.0]
[84, array([ 0.499 , -0.0179]), array([ 0.49793333, -0.01840476]), 0.7854, 1.0]
[84, array([ 0.499 , -0.0179]), array([ 0.49808095, -0.01840476]), 0.7854, 1.0]
[84, array([ 0.499 , -0.0179]), array([ 0.49822857, -0.01840476]), 0.7854, 1.0]
[84, array([ 0.499 , -0.0179]), array([ 0.49837619, -0.01840476]), 0.7854, 1.0]
[84, array([ 0.499 , -0.0179]), array([ 0.49852381, -0.01840476]), 0.7854, 1.0]
[84, array([ 0.499 , -0.0179]), array([ 0.49867143, -0.01840476]), 0.7854, 0.0]
[84, array([ 0.499 , -0.0179]), array([ 0.49881905, -0.01840476]), 0.7854, 0.0]
[84, array([ 0.499 , -0.0179]), array([ 0.49896667, -0.01840476]), 0.7854, 0.0]
[84, array([ 0.499 , -0.0179]), array([ 0.49911429, -0.01840476]), 0.7854, 0.0]
[84, array([ 0.499 , -0.0179]), array([ 0.4992619 , -0.01840476]), 0.7854, 0.0]
[84, array([ 0.499 , -0.0179]), array([ 0.49940952, -0.01840476]), 0.7854, 0.0]
[84, array([ 0.499 , -0.0179]), array([ 0.49955714, -0.01840476]), 0.7854, 0.0]
[84, array([ 0.499 , -0.0179]), array([ 0.49970476, -0.01840476]), 0.7854, 0.0]
[84, array([ 0.499 , -0.0179]), array([ 0.49985238, -0.01840476]), 0.7854, 1.0]
[84, array([ 0.499 , -0.0179]), array([ 0.5       , -0.01840476]), 0.7854, 1.0]
[84, array([ 0.499 , -0.0179]), array([ 0.4969    , -0.01825714]), 0.7854, 0.0]
[84, array([ 0.499 , -0.0179]), array([ 0.49704762, -0.01825714]), 0.7854, 1.0]
[84, array([ 0.499 , -0.0179]), array([ 0.49719524, -0.01825714]), 0.7854, 0.0]
[84, array([ 0.499 , -0.0179]), array([ 0.49734286, -0.01825714]), 0.7854, 0.0]
[84, array([ 0.499 , -0.0179]), array([ 0.49749048, -0.01825714]), 0.7854, 1.0]
[84, array([ 0.499 , -0.0179]), array([ 0.4976381 , -0.01825714]), 0.7854, 0.0]
[84, array([ 0.499 , -0.0179]), array([ 0.49778571, -0.01825714]), 0.7854, 1.0]
[84, array([ 0.499 , -0.0179]), array([ 0.49793333, -0.01825714]), 0.7854, 1.0]
[84, array([ 0.499 , -0.0179]), array([ 0.49808095, -0.01825714]), 0.7854, 1.0]
[84, array([ 0.499 , -0.0179]), array([ 0.49822857, -0.01825714]), 0.7854, 1.0]
[84, array([ 0.499 , -0.0179]), array([ 0.49837619, -0.01825714]), 0.7854, 1.0]
[84, array([ 0.499 , -0.0179]), array([ 0.49852381, -0.01825714]), 0.7854, 0.0]
[84, array([ 0.499 , -0.0179]), array([ 0.49867143, -0.01825714]), 0.7854, 0.0]
[84, array([ 0.499 , -0.0179]), array([ 0.49881905, -0.01825714]), 0.7854, 0.0]
[84, array([ 0.499 , -0.0179]), array([ 0.49896667, -0.01825714]), 0.7854, 0.0]
[84, array([ 0.499 , -0.0179]), array([ 0.49911429, -0.01825714]), 0.7854, 0.0]
[84, array([ 0.499 , -0.0179]), array([ 0.4992619 , -0.01825714]), 0.7854, 1.0]
[84, array([ 0.499 , -0.0179]), array([ 0.49940952, -0.01825714]), 0.7854, 1.0]
[84, array([ 0.499 , -0.0179]), array([ 0.49955714, -0.01825714]), 0.7854, 0.0]
[84, array([ 0.499 , -0.0179]), array([ 0.49970476, -0.01825714]), 0.7854, 1.0]
[84, array([ 0.499 , -0.0179]), array([ 0.49985238, -0.01825714]), 0.7854, 1.0]
[84, array([ 0.499 , -0.0179]), array([ 0.5       , -0.01825714]), 0.7854, 1.0]
[84, array([ 0.499 , -0.0179]), array([ 0.4969    , -0.01810952]), 0.7854, 1.0]
[84, array([ 0.499 , -0.0179]), array([ 0.49704762, -0.01810952]), 0.7854, 0.0]
[84, array([ 0.499 , -0.0179]), array([ 0.49719524, -0.01810952]), 0.7854, 1.0]
[84, array([ 0.499 , -0.0179]), array([ 0.49734286, -0.01810952]), 0.7854, 1.0]
[84, array([ 0.499 , -0.0179]), array([ 0.49749048, -0.01810952]), 0.7854, 0.0]
[84, array([ 0.499 , -0.0179]), array([ 0.4976381 , -0.01810952]), 0.7854, 1.0]
[84, array([ 0.499 , -0.0179]), array([ 0.49778571, -0.01810952]), 0.7854, 1.0]
[84, array([ 0.499 , -0.0179]), array([ 0.49793333, -0.01810952]), 0.7854, 1.0]
[84, array([ 0.499 , -0.0179]), array([ 0.49808095, -0.01810952]), 0.7854, 1.0]
[84, array([ 0.499 , -0.0179]), array([ 0.49822857, -0.01810952]), 0.7854, 0.0]
[84, array([ 0.499 , -0.0179]), array([ 0.49837619, -0.01810952]), 0.7854, 0.0]
[84, array([ 0.499 , -0.0179]), array([ 0.49852381, -0.01810952]), 0.7854, 0.0]
[84, array([ 0.499 , -0.0179]), array([ 0.49867143, -0.01810952]), 0.7854, 0.0]
[84, array([ 0.499 , -0.0179]), array([ 0.49881905, -0.01810952]), 0.7854, 0.0]
[84, array([ 0.499 , -0.0179]), array([ 0.49896667, -0.01810952]), 0.7854, 1.0]
[84, array([ 0.499 , -0.0179]), array([ 0.49911429, -0.01810952]), 0.7854, 1.0]
[84, array([ 0.499 , -0.0179]), array([ 0.4992619 , -0.01810952]), 0.7854, 1.0]
[84, array([ 0.499 , -0.0179]), array([ 0.49940952, -0.01810952]), 0.7854, 1.0]
[84, array([ 0.499 , -0.0179]), array([ 0.49955714, -0.01810952]), 0.7854, 1.0]
[84, array([ 0.499 , -0.0179]), array([ 0.49970476, -0.01810952]), 0.7854, 1.0]
[84, array([ 0.499 , -0.0179]), array([ 0.49985238, -0.01810952]), 0.7854, 1.0]
[84, array([ 0.499 , -0.0179]), array([ 0.5       , -0.01810952]), 0.7854, 1.0]
[84, array([ 0.499 , -0.0179]), array([ 0.4969   , -0.0179619]), 0.7854, 0.0]
[84, array([ 0.499 , -0.0179]), array([ 0.49704762, -0.0179619 ]), 0.7854, 1.0]
[84, array([ 0.499 , -0.0179]), array([ 0.49719524, -0.0179619 ]), 0.7854, 1.0]
[84, array([ 0.499 , -0.0179]), array([ 0.49734286, -0.0179619 ]), 0.7854, 0.0]
[84, array([ 0.499 , -0.0179]), array([ 0.49749048, -0.0179619 ]), 0.7854, 0.0]
[84, array([ 0.499 , -0.0179]), array([ 0.4976381, -0.0179619]), 0.7854, 0.0]
[84, array([ 0.499 , -0.0179]), array([ 0.49778571, -0.0179619 ]), 0.7854, 1.0]
[84, array([ 0.499 , -0.0179]), array([ 0.49793333, -0.0179619 ]), 0.7854, 0.0]
[84, array([ 0.499 , -0.0179]), array([ 0.49808095, -0.0179619 ]), 0.7854, 0.0]
[84, array([ 0.499 , -0.0179]), array([ 0.49822857, -0.0179619 ]), 0.7854, 0.0]
[84, array([ 0.499 , -0.0179]), array([ 0.49837619, -0.0179619 ]), 0.7854, 0.0]
[84, array([ 0.499 , -0.0179]), array([ 0.49852381, -0.0179619 ]), 0.7854, 0.0]
[84, array([ 0.499 , -0.0179]), array([ 0.49867143, -0.0179619 ]), 0.7854, 0.0]
[84, array([ 0.499 , -0.0179]), array([ 0.49881905, -0.0179619 ]), 0.7854, 1.0]
[84, array([ 0.499 , -0.0179]), array([ 0.49896667, -0.0179619 ]), 0.7854, 1.0]
[84, array([ 0.499 , -0.0179]), array([ 0.49911429, -0.0179619 ]), 0.7854, 0.0]
[84, array([ 0.499 , -0.0179]), array([ 0.4992619, -0.0179619]), 0.7854, 1.0]
[84, array([ 0.499 , -0.0179]), array([ 0.49940952, -0.0179619 ]), 0.7854, 1.0]
[84, array([ 0.499 , -0.0179]), array([ 0.49955714, -0.0179619 ]), 0.7854, 1.0]
[84, array([ 0.499 , -0.0179]), array([ 0.49970476, -0.0179619 ]), 0.7854, 1.0]
[84, array([ 0.499 , -0.0179]), array([ 0.49985238, -0.0179619 ]), 0.7854, 1.0]
[84, array([ 0.499 , -0.0179]), array([ 0.5      , -0.0179619]), 0.7854, 1.0]
[84, array([ 0.499 , -0.0179]), array([ 0.4969    , -0.01781429]), 0.7854, 1.0]
[84, array([ 0.499 , -0.0179]), array([ 0.49704762, -0.01781429]), 0.7854, 1.0]
[84, array([ 0.499 , -0.0179]), array([ 0.49719524, -0.01781429]), 0.7854, 0.0]
[84, array([ 0.499 , -0.0179]), array([ 0.49734286, -0.01781429]), 0.7854, 0.0]
[84, array([ 0.499 , -0.0179]), array([ 0.49749048, -0.01781429]), 0.7854, 0.0]
[84, array([ 0.499 , -0.0179]), array([ 0.4976381 , -0.01781429]), 0.7854, 0.0]
[84, array([ 0.499 , -0.0179]), array([ 0.49778571, -0.01781429]), 0.7854, 0.0]
[84, array([ 0.499 , -0.0179]), array([ 0.49793333, -0.01781429]), 0.7854, 0.0]
[84, array([ 0.499 , -0.0179]), array([ 0.49808095, -0.01781429]), 0.7854, 0.0]
[84, array([ 0.499 , -0.0179]), array([ 0.49822857, -0.01781429]), 0.7854, 0.0]
[84, array([ 0.499 , -0.0179]), array([ 0.49837619, -0.01781429]), 0.7854, 0.0]
[84, array([ 0.499 , -0.0179]), array([ 0.49852381, -0.01781429]), 0.7854, 0.0]
[84, array([ 0.499 , -0.0179]), array([ 0.49867143, -0.01781429]), 0.7854, 1.0]
[84, array([ 0.499 , -0.0179]), array([ 0.49881905, -0.01781429]), 0.7854, 1.0]
[84, array([ 0.499 , -0.0179]), array([ 0.49896667, -0.01781429]), 0.7854, 0.0]
[84, array([ 0.499 , -0.0179]), array([ 0.49911429, -0.01781429]), 0.7854, 1.0]
[84, array([ 0.499 , -0.0179]), array([ 0.4992619 , -0.01781429]), 0.7854, 1.0]
[84, array([ 0.499 , -0.0179]), array([ 0.49940952, -0.01781429]), 0.7854, 1.0]
[84, array([ 0.499 , -0.0179]), array([ 0.49955714, -0.01781429]), 0.7854, 1.0]
[84, array([ 0.499 , -0.0179]), array([ 0.49970476, -0.01781429]), 0.7854, 1.0]
[84, array([ 0.499 , -0.0179]), array([ 0.49985238, -0.01781429]), 0.7854, 1.0]
[84, array([ 0.499 , -0.0179]), array([ 0.5       , -0.01781429]), 0.7854, 1.0]
[84, array([ 0.499 , -0.0179]), array([ 0.4969    , -0.01766667]), 0.7854, 1.0]
[84, array([ 0.499 , -0.0179]), array([ 0.49704762, -0.01766667]), 0.7854, 0.0]
[84, array([ 0.499 , -0.0179]), array([ 0.49719524, -0.01766667]), 0.7854, 0.0]
[84, array([ 0.499 , -0.0179]), array([ 0.49734286, -0.01766667]), 0.7854, 0.0]
[84, array([ 0.499 , -0.0179]), array([ 0.49749048, -0.01766667]), 0.7854, 0.0]
[84, array([ 0.499 , -0.0179]), array([ 0.4976381 , -0.01766667]), 0.7854, 0.0]
[84, array([ 0.499 , -0.0179]), array([ 0.49778571, -0.01766667]), 0.7854, 0.0]
[84, array([ 0.499 , -0.0179]), array([ 0.49793333, -0.01766667]), 0.7854, 0.0]
[84, array([ 0.499 , -0.0179]), array([ 0.49808095, -0.01766667]), 0.7854, 0.0]
[84, array([ 0.499 , -0.0179]), array([ 0.49822857, -0.01766667]), 0.7854, 0.0]
[84, array([ 0.499 , -0.0179]), array([ 0.49837619, -0.01766667]), 0.7854, 1.0]
[84, array([ 0.499 , -0.0179]), array([ 0.49852381, -0.01766667]), 0.7854, 1.0]
[84, array([ 0.499 , -0.0179]), array([ 0.49867143, -0.01766667]), 0.7854, 1.0]
[84, array([ 0.499 , -0.0179]), array([ 0.49881905, -0.01766667]), 0.7854, 1.0]
[84, array([ 0.499 , -0.0179]), array([ 0.49896667, -0.01766667]), 0.7854, 1.0]
[84, array([ 0.499 , -0.0179]), array([ 0.49911429, -0.01766667]), 0.7854, 1.0]
[84, array([ 0.499 , -0.0179]), array([ 0.4992619 , -0.01766667]), 0.7854, 1.0]
[84, array([ 0.499 , -0.0179]), array([ 0.49940952, -0.01766667]), 0.7854, 1.0]
[84, array([ 0.499 , -0.0179]), array([ 0.49955714, -0.01766667]), 0.7854, 1.0]
[84, array([ 0.499 , -0.0179]), array([ 0.49970476, -0.01766667]), 0.7854, 1.0]
[84, array([ 0.499 , -0.0179]), array([ 0.49985238, -0.01766667]), 0.7854, 1.0]
[84, array([ 0.499 , -0.0179]), array([ 0.5       , -0.01766667]), 0.7854, 1.0]
[84, array([ 0.499 , -0.0179]), array([ 0.4969    , -0.01751905]), 0.7854, 0.0]
[84, array([ 0.499 , -0.0179]), array([ 0.49704762, -0.01751905]), 0.7854, 0.0]
[84, array([ 0.499 , -0.0179]), array([ 0.49719524, -0.01751905]), 0.7854, 0.0]
[84, array([ 0.499 , -0.0179]), array([ 0.49734286, -0.01751905]), 0.7854, 0.0]
[84, array([ 0.499 , -0.0179]), array([ 0.49749048, -0.01751905]), 0.7854, 0.0]
[84, array([ 0.499 , -0.0179]), array([ 0.4976381 , -0.01751905]), 0.7854, 0.0]
[84, array([ 0.499 , -0.0179]), array([ 0.49778571, -0.01751905]), 0.7854, 0.0]
[84, array([ 0.499 , -0.0179]), array([ 0.49793333, -0.01751905]), 0.7854, 0.0]
[84, array([ 0.499 , -0.0179]), array([ 0.49808095, -0.01751905]), 0.7854, 0.0]
[84, array([ 0.499 , -0.0179]), array([ 0.49822857, -0.01751905]), 0.7854, 1.0]
[84, array([ 0.499 , -0.0179]), array([ 0.49837619, -0.01751905]), 0.7854, 1.0]
[84, array([ 0.499 , -0.0179]), array([ 0.49852381, -0.01751905]), 0.7854, 1.0]
[84, array([ 0.499 , -0.0179]), array([ 0.49867143, -0.01751905]), 0.7854, 1.0]
[84, array([ 0.499 , -0.0179]), array([ 0.49881905, -0.01751905]), 0.7854, 1.0]
[84, array([ 0.499 , -0.0179]), array([ 0.49896667, -0.01751905]), 0.7854, 0.0]
[84, array([ 0.499 , -0.0179]), array([ 0.49911429, -0.01751905]), 0.7854, 0.0]
[84, array([ 0.499 , -0.0179]), array([ 0.4992619 , -0.01751905]), 0.7854, 1.0]
[84, array([ 0.499 , -0.0179]), array([ 0.49940952, -0.01751905]), 0.7854, 1.0]
[84, array([ 0.499 , -0.0179]), array([ 0.49955714, -0.01751905]), 0.7854, 1.0]
[84, array([ 0.499 , -0.0179]), array([ 0.49970476, -0.01751905]), 0.7854, 1.0]
[84, array([ 0.499 , -0.0179]), array([ 0.49985238, -0.01751905]), 0.7854, 1.0]
[84, array([ 0.499 , -0.0179]), array([ 0.5       , -0.01751905]), 0.7854, 1.0]
[84, array([ 0.499 , -0.0179]), array([ 0.4969    , -0.01737143]), 0.7854, 0.0]
[84, array([ 0.499 , -0.0179]), array([ 0.49704762, -0.01737143]), 0.7854, 0.0]
[84, array([ 0.499 , -0.0179]), array([ 0.49719524, -0.01737143]), 0.7854, 0.0]
[84, array([ 0.499 , -0.0179]), array([ 0.49734286, -0.01737143]), 0.7854, 0.0]
[84, array([ 0.499 , -0.0179]), array([ 0.49749048, -0.01737143]), 0.7854, 0.0]
[84, array([ 0.499 , -0.0179]), array([ 0.4976381 , -0.01737143]), 0.7854, 0.0]
[84, array([ 0.499 , -0.0179]), array([ 0.49778571, -0.01737143]), 0.7854, 0.0]
[84, array([ 0.499 , -0.0179]), array([ 0.49793333, -0.01737143]), 0.7854, 0.0]
[84, array([ 0.499 , -0.0179]), array([ 0.49808095, -0.01737143]), 0.7854, 1.0]
[84, array([ 0.499 , -0.0179]), array([ 0.49822857, -0.01737143]), 0.7854, 1.0]
[84, array([ 0.499 , -0.0179]), array([ 0.49837619, -0.01737143]), 0.7854, 1.0]
[84, array([ 0.499 , -0.0179]), array([ 0.49852381, -0.01737143]), 0.7854, 1.0]
[84, array([ 0.499 , -0.0179]), array([ 0.49867143, -0.01737143]), 0.7854, 1.0]
[84, array([ 0.499 , -0.0179]), array([ 0.49881905, -0.01737143]), 0.7854, 0.0]
[84, array([ 0.499 , -0.0179]), array([ 0.49896667, -0.01737143]), 0.7854, 0.0]
[84, array([ 0.499 , -0.0179]), array([ 0.49911429, -0.01737143]), 0.7854, 0.0]
[84, array([ 0.499 , -0.0179]), array([ 0.4992619 , -0.01737143]), 0.7854, 0.0]
[84, array([ 0.499 , -0.0179]), array([ 0.49940952, -0.01737143]), 0.7854, 1.0]
[84, array([ 0.499 , -0.0179]), array([ 0.49955714, -0.01737143]), 0.7854, 0.0]
[84, array([ 0.499 , -0.0179]), array([ 0.49970476, -0.01737143]), 0.7854, 0.0]
[84, array([ 0.499 , -0.0179]), array([ 0.49985238, -0.01737143]), 0.7854, 1.0]
[84, array([ 0.499 , -0.0179]), array([ 0.5       , -0.01737143]), 0.7854, 1.0]
[84, array([ 0.499 , -0.0179]), array([ 0.4969    , -0.01722381]), 0.7854, 0.0]
[84, array([ 0.499 , -0.0179]), array([ 0.49704762, -0.01722381]), 0.7854, 0.0]
[84, array([ 0.499 , -0.0179]), array([ 0.49719524, -0.01722381]), 0.7854, 0.0]
[84, array([ 0.499 , -0.0179]), array([ 0.49734286, -0.01722381]), 0.7854, 1.0]
[84, array([ 0.499 , -0.0179]), array([ 0.49749048, -0.01722381]), 0.7854, 1.0]
[84, array([ 0.499 , -0.0179]), array([ 0.4976381 , -0.01722381]), 0.7854, 1.0]
[84, array([ 0.499 , -0.0179]), array([ 0.49778571, -0.01722381]), 0.7854, 1.0]
[84, array([ 0.499 , -0.0179]), array([ 0.49793333, -0.01722381]), 0.7854, 1.0]
[84, array([ 0.499 , -0.0179]), array([ 0.49808095, -0.01722381]), 0.7854, 1.0]
[84, array([ 0.499 , -0.0179]), array([ 0.49822857, -0.01722381]), 0.7854, 1.0]
[84, array([ 0.499 , -0.0179]), array([ 0.49837619, -0.01722381]), 0.7854, 1.0]
[84, array([ 0.499 , -0.0179]), array([ 0.49852381, -0.01722381]), 0.7854, 1.0]
[84, array([ 0.499 , -0.0179]), array([ 0.49867143, -0.01722381]), 0.7854, 0.0]
[84, array([ 0.499 , -0.0179]), array([ 0.49881905, -0.01722381]), 0.7854, 0.0]
[84, array([ 0.499 , -0.0179]), array([ 0.49896667, -0.01722381]), 0.7854, 0.0]
[84, array([ 0.499 , -0.0179]), array([ 0.49911429, -0.01722381]), 0.7854, 0.0]
[84, array([ 0.499 , -0.0179]), array([ 0.4992619 , -0.01722381]), 0.7854, 0.0]
[84, array([ 0.499 , -0.0179]), array([ 0.49940952, -0.01722381]), 0.7854, 0.0]
[84, array([ 0.499 , -0.0179]), array([ 0.49955714, -0.01722381]), 0.7854, 1.0]
[84, array([ 0.499 , -0.0179]), array([ 0.49970476, -0.01722381]), 0.7854, 1.0]
[84, array([ 0.499 , -0.0179]), array([ 0.49985238, -0.01722381]), 0.7854, 0.0]
[84, array([ 0.499 , -0.0179]), array([ 0.5       , -0.01722381]), 0.7854, 1.0]
[84, array([ 0.499 , -0.0179]), array([ 0.4969    , -0.01707619]), 0.7854, 0.0]
[84, array([ 0.499 , -0.0179]), array([ 0.49704762, -0.01707619]), 0.7854, 1.0]
[84, array([ 0.499 , -0.0179]), array([ 0.49719524, -0.01707619]), 0.7854, 1.0]
[84, array([ 0.499 , -0.0179]), array([ 0.49734286, -0.01707619]), 0.7854, 1.0]
[84, array([ 0.499 , -0.0179]), array([ 0.49749048, -0.01707619]), 0.7854, 1.0]
[84, array([ 0.499 , -0.0179]), array([ 0.4976381 , -0.01707619]), 0.7854, 1.0]
[84, array([ 0.499 , -0.0179]), array([ 0.49778571, -0.01707619]), 0.7854, 1.0]
[84, array([ 0.499 , -0.0179]), array([ 0.49793333, -0.01707619]), 0.7854, 1.0]
[84, array([ 0.499 , -0.0179]), array([ 0.49808095, -0.01707619]), 0.7854, 1.0]
[84, array([ 0.499 , -0.0179]), array([ 0.49822857, -0.01707619]), 0.7854, 1.0]
[84, array([ 0.499 , -0.0179]), array([ 0.49837619, -0.01707619]), 0.7854, 1.0]
[84, array([ 0.499 , -0.0179]), array([ 0.49852381, -0.01707619]), 0.7854, 1.0]
[84, array([ 0.499 , -0.0179]), array([ 0.49867143, -0.01707619]), 0.7854, 1.0]
[84, array([ 0.499 , -0.0179]), array([ 0.49881905, -0.01707619]), 0.7854, 1.0]
[84, array([ 0.499 , -0.0179]), array([ 0.49896667, -0.01707619]), 0.7854, 1.0]
[84, array([ 0.499 , -0.0179]), array([ 0.49911429, -0.01707619]), 0.7854, 0.0]
[84, array([ 0.499 , -0.0179]), array([ 0.4992619 , -0.01707619]), 0.7854, 1.0]
[84, array([ 0.499 , -0.0179]), array([ 0.49940952, -0.01707619]), 0.7854, 1.0]
[84, array([ 0.499 , -0.0179]), array([ 0.49955714, -0.01707619]), 0.7854, 1.0]
[84, array([ 0.499 , -0.0179]), array([ 0.49970476, -0.01707619]), 0.7854, 0.0]
[84, array([ 0.499 , -0.0179]), array([ 0.49985238, -0.01707619]), 0.7854, 1.0]
[84, array([ 0.499 , -0.0179]), array([ 0.5       , -0.01707619]), 0.7854, 1.0]
[84, array([ 0.499 , -0.0179]), array([ 0.4969    , -0.01692857]), 0.7854, 0.0]
[84, array([ 0.499 , -0.0179]), array([ 0.49704762, -0.01692857]), 0.7854, 0.0]
[84, array([ 0.499 , -0.0179]), array([ 0.49719524, -0.01692857]), 0.7854, 1.0]
[84, array([ 0.499 , -0.0179]), array([ 0.49734286, -0.01692857]), 0.7854, 1.0]
[84, array([ 0.499 , -0.0179]), array([ 0.49749048, -0.01692857]), 0.7854, 1.0]
[84, array([ 0.499 , -0.0179]), array([ 0.4976381 , -0.01692857]), 0.7854, 1.0]
[84, array([ 0.499 , -0.0179]), array([ 0.49778571, -0.01692857]), 0.7854, 1.0]
[84, array([ 0.499 , -0.0179]), array([ 0.49793333, -0.01692857]), 0.7854, 1.0]
[84, array([ 0.499 , -0.0179]), array([ 0.49808095, -0.01692857]), 0.7854, 1.0]
[84, array([ 0.499 , -0.0179]), array([ 0.49822857, -0.01692857]), 0.7854, 1.0]
[84, array([ 0.499 , -0.0179]), array([ 0.49837619, -0.01692857]), 0.7854, 1.0]
[84, array([ 0.499 , -0.0179]), array([ 0.49852381, -0.01692857]), 0.7854, 0.0]
[84, array([ 0.499 , -0.0179]), array([ 0.49867143, -0.01692857]), 0.7854, 0.0]
[84, array([ 0.499 , -0.0179]), array([ 0.49881905, -0.01692857]), 0.7854, 1.0]
[84, array([ 0.499 , -0.0179]), array([ 0.49896667, -0.01692857]), 0.7854, 1.0]
[84, array([ 0.499 , -0.0179]), array([ 0.49911429, -0.01692857]), 0.7854, 0.0]
[84, array([ 0.499 , -0.0179]), array([ 0.4992619 , -0.01692857]), 0.7854, 0.0]
[84, array([ 0.499 , -0.0179]), array([ 0.49940952, -0.01692857]), 0.7854, 1.0]
[84, array([ 0.499 , -0.0179]), array([ 0.49955714, -0.01692857]), 0.7854, 0.0]
[84, array([ 0.499 , -0.0179]), array([ 0.49970476, -0.01692857]), 0.7854, 0.0]
[84, array([ 0.499 , -0.0179]), array([ 0.49985238, -0.01692857]), 0.7854, 1.0]
[84, array([ 0.499 , -0.0179]), array([ 0.5       , -0.01692857]), 0.7854, 1.0]
[84, array([ 0.499 , -0.0179]), array([ 0.4969    , -0.01678095]), 0.7854, 1.0]
[84, array([ 0.499 , -0.0179]), array([ 0.49704762, -0.01678095]), 0.7854, 1.0]
[84, array([ 0.499 , -0.0179]), array([ 0.49719524, -0.01678095]), 0.7854, 1.0]
[84, array([ 0.499 , -0.0179]), array([ 0.49734286, -0.01678095]), 0.7854, 1.0]
[84, array([ 0.499 , -0.0179]), array([ 0.49749048, -0.01678095]), 0.7854, 1.0]
[84, array([ 0.499 , -0.0179]), array([ 0.4976381 , -0.01678095]), 0.7854, 1.0]
[84, array([ 0.499 , -0.0179]), array([ 0.49778571, -0.01678095]), 0.7854, 1.0]
[84, array([ 0.499 , -0.0179]), array([ 0.49793333, -0.01678095]), 0.7854, 1.0]
[84, array([ 0.499 , -0.0179]), array([ 0.49808095, -0.01678095]), 0.7854, 1.0]
[84, array([ 0.499 , -0.0179]), array([ 0.49822857, -0.01678095]), 0.7854, 1.0]
[84, array([ 0.499 , -0.0179]), array([ 0.49837619, -0.01678095]), 0.7854, 0.0]
[84, array([ 0.499 , -0.0179]), array([ 0.49852381, -0.01678095]), 0.7854, 0.0]
[84, array([ 0.499 , -0.0179]), array([ 0.49867143, -0.01678095]), 0.7854, 0.0]
[84, array([ 0.499 , -0.0179]), array([ 0.49881905, -0.01678095]), 0.7854, 1.0]
[84, array([ 0.499 , -0.0179]), array([ 0.49896667, -0.01678095]), 0.7854, 0.0]
[84, array([ 0.499 , -0.0179]), array([ 0.49911429, -0.01678095]), 0.7854, 0.0]
[84, array([ 0.499 , -0.0179]), array([ 0.4992619 , -0.01678095]), 0.7854, 0.0]
[84, array([ 0.499 , -0.0179]), array([ 0.49940952, -0.01678095]), 0.7854, 1.0]
[84, array([ 0.499 , -0.0179]), array([ 0.49955714, -0.01678095]), 0.7854, 0.0]
[84, array([ 0.499 , -0.0179]), array([ 0.49970476, -0.01678095]), 0.7854, 0.0]
[84, array([ 0.499 , -0.0179]), array([ 0.49985238, -0.01678095]), 0.7854, 1.0]
[84, array([ 0.499 , -0.0179]), array([ 0.5       , -0.01678095]), 0.7854, 1.0]
[84, array([ 0.499 , -0.0179]), array([ 0.4969    , -0.01663333]), 0.7854, 1.0]
[84, array([ 0.499 , -0.0179]), array([ 0.49704762, -0.01663333]), 0.7854, 1.0]
[84, array([ 0.499 , -0.0179]), array([ 0.49719524, -0.01663333]), 0.7854, 1.0]
[84, array([ 0.499 , -0.0179]), array([ 0.49734286, -0.01663333]), 0.7854, 1.0]
[84, array([ 0.499 , -0.0179]), array([ 0.49749048, -0.01663333]), 0.7854, 1.0]
[84, array([ 0.499 , -0.0179]), array([ 0.4976381 , -0.01663333]), 0.7854, 1.0]
[84, array([ 0.499 , -0.0179]), array([ 0.49778571, -0.01663333]), 0.7854, 1.0]
[84, array([ 0.499 , -0.0179]), array([ 0.49793333, -0.01663333]), 0.7854, 1.0]
[84, array([ 0.499 , -0.0179]), array([ 0.49808095, -0.01663333]), 0.7854, 1.0]
[84, array([ 0.499 , -0.0179]), array([ 0.49822857, -0.01663333]), 0.7854, 0.0]
[84, array([ 0.499 , -0.0179]), array([ 0.49837619, -0.01663333]), 0.7854, 0.0]
[84, array([ 0.499 , -0.0179]), array([ 0.49852381, -0.01663333]), 0.7854, 1.0]
[84, array([ 0.499 , -0.0179]), array([ 0.49867143, -0.01663333]), 0.7854, 1.0]
[84, array([ 0.499 , -0.0179]), array([ 0.49881905, -0.01663333]), 0.7854, 0.0]
[84, array([ 0.499 , -0.0179]), array([ 0.49896667, -0.01663333]), 0.7854, 0.0]
[84, array([ 0.499 , -0.0179]), array([ 0.49911429, -0.01663333]), 0.7854, 0.0]
[84, array([ 0.499 , -0.0179]), array([ 0.4992619 , -0.01663333]), 0.7854, 1.0]
[84, array([ 0.499 , -0.0179]), array([ 0.49940952, -0.01663333]), 0.7854, 1.0]
[84, array([ 0.499 , -0.0179]), array([ 0.49955714, -0.01663333]), 0.7854, 1.0]
[84, array([ 0.499 , -0.0179]), array([ 0.49970476, -0.01663333]), 0.7854, 1.0]
[84, array([ 0.499 , -0.0179]), array([ 0.49985238, -0.01663333]), 0.7854, 1.0]
[84, array([ 0.499 , -0.0179]), array([ 0.5       , -0.01663333]), 0.7854, 1.0]
[84, array([ 0.499 , -0.0179]), array([ 0.4969    , -0.01648571]), 0.7854, 1.0]
[84, array([ 0.499 , -0.0179]), array([ 0.49704762, -0.01648571]), 0.7854, 1.0]
[84, array([ 0.499 , -0.0179]), array([ 0.49719524, -0.01648571]), 0.7854, 1.0]
[84, array([ 0.499 , -0.0179]), array([ 0.49734286, -0.01648571]), 0.7854, 1.0]
[84, array([ 0.499 , -0.0179]), array([ 0.49749048, -0.01648571]), 0.7854, 1.0]
[84, array([ 0.499 , -0.0179]), array([ 0.4976381 , -0.01648571]), 0.7854, 1.0]
[84, array([ 0.499 , -0.0179]), array([ 0.49778571, -0.01648571]), 0.7854, 1.0]
[84, array([ 0.499 , -0.0179]), array([ 0.49793333, -0.01648571]), 0.7854, 1.0]
[84, array([ 0.499 , -0.0179]), array([ 0.49808095, -0.01648571]), 0.7854, 0.0]
[84, array([ 0.499 , -0.0179]), array([ 0.49822857, -0.01648571]), 0.7854, 1.0]
[84, array([ 0.499 , -0.0179]), array([ 0.49837619, -0.01648571]), 0.7854, 1.0]
[84, array([ 0.499 , -0.0179]), array([ 0.49852381, -0.01648571]), 0.7854, 1.0]
[84, array([ 0.499 , -0.0179]), array([ 0.49867143, -0.01648571]), 0.7854, 0.0]
[84, array([ 0.499 , -0.0179]), array([ 0.49881905, -0.01648571]), 0.7854, 1.0]
[84, array([ 0.499 , -0.0179]), array([ 0.49896667, -0.01648571]), 0.7854, 0.0]
[84, array([ 0.499 , -0.0179]), array([ 0.49911429, -0.01648571]), 0.7854, 1.0]
[84, array([ 0.499 , -0.0179]), array([ 0.4992619 , -0.01648571]), 0.7854, 1.0]
[84, array([ 0.499 , -0.0179]), array([ 0.49940952, -0.01648571]), 0.7854, 1.0]
[84, array([ 0.499 , -0.0179]), array([ 0.49955714, -0.01648571]), 0.7854, 1.0]
[84, array([ 0.499 , -0.0179]), array([ 0.49970476, -0.01648571]), 0.7854, 1.0]
[84, array([ 0.499 , -0.0179]), array([ 0.49985238, -0.01648571]), 0.7854, 1.0]
[84, array([ 0.499 , -0.0179]), array([ 0.5       , -0.01648571]), 0.7854, 0.0]
[84, array([ 0.499 , -0.0179]), array([ 0.4969   , -0.0163381]), 0.7854, 1.0]
[84, array([ 0.499 , -0.0179]), array([ 0.49704762, -0.0163381 ]), 0.7854, 1.0]
[84, array([ 0.499 , -0.0179]), array([ 0.49719524, -0.0163381 ]), 0.7854, 1.0]
[84, array([ 0.499 , -0.0179]), array([ 0.49734286, -0.0163381 ]), 0.7854, 1.0]
[84, array([ 0.499 , -0.0179]), array([ 0.49749048, -0.0163381 ]), 0.7854, 1.0]
[84, array([ 0.499 , -0.0179]), array([ 0.4976381, -0.0163381]), 0.7854, 1.0]
[84, array([ 0.499 , -0.0179]), array([ 0.49778571, -0.0163381 ]), 0.7854, 1.0]
[84, array([ 0.499 , -0.0179]), array([ 0.49793333, -0.0163381 ]), 0.7854, 0.0]
[84, array([ 0.499 , -0.0179]), array([ 0.49808095, -0.0163381 ]), 0.7854, 1.0]
[84, array([ 0.499 , -0.0179]), array([ 0.49822857, -0.0163381 ]), 0.7854, 0.0]
[84, array([ 0.499 , -0.0179]), array([ 0.49837619, -0.0163381 ]), 0.7854, 0.0]
[84, array([ 0.499 , -0.0179]), array([ 0.49852381, -0.0163381 ]), 0.7854, 0.0]
[84, array([ 0.499 , -0.0179]), array([ 0.49867143, -0.0163381 ]), 0.7854, 0.0]
[84, array([ 0.499 , -0.0179]), array([ 0.49881905, -0.0163381 ]), 0.7854, 0.0]
[84, array([ 0.499 , -0.0179]), array([ 0.49896667, -0.0163381 ]), 0.7854, 1.0]
[84, array([ 0.499 , -0.0179]), array([ 0.49911429, -0.0163381 ]), 0.7854, 1.0]
[84, array([ 0.499 , -0.0179]), array([ 0.4992619, -0.0163381]), 0.7854, 1.0]
[84, array([ 0.499 , -0.0179]), array([ 0.49940952, -0.0163381 ]), 0.7854, 1.0]
[84, array([ 0.499 , -0.0179]), array([ 0.49955714, -0.0163381 ]), 0.7854, 1.0]
[84, array([ 0.499 , -0.0179]), array([ 0.49970476, -0.0163381 ]), 0.7854, 1.0]
[84, array([ 0.499 , -0.0179]), array([ 0.49985238, -0.0163381 ]), 0.7854, 0.0]
[84, array([ 0.499 , -0.0179]), array([ 0.5      , -0.0163381]), 0.7854, 1.0]
[84, array([ 0.499 , -0.0179]), array([ 0.4969    , -0.01619048]), 0.7854, 1.0]
[84, array([ 0.499 , -0.0179]), array([ 0.49704762, -0.01619048]), 0.7854, 1.0]
[84, array([ 0.499 , -0.0179]), array([ 0.49719524, -0.01619048]), 0.7854, 1.0]
[84, array([ 0.499 , -0.0179]), array([ 0.49734286, -0.01619048]), 0.7854, 1.0]
[84, array([ 0.499 , -0.0179]), array([ 0.49749048, -0.01619048]), 0.7854, 1.0]
[84, array([ 0.499 , -0.0179]), array([ 0.4976381 , -0.01619048]), 0.7854, 1.0]
[84, array([ 0.499 , -0.0179]), array([ 0.49778571, -0.01619048]), 0.7854, 1.0]
[84, array([ 0.499 , -0.0179]), array([ 0.49793333, -0.01619048]), 0.7854, 1.0]
[84, array([ 0.499 , -0.0179]), array([ 0.49808095, -0.01619048]), 0.7854, 1.0]
[84, array([ 0.499 , -0.0179]), array([ 0.49822857, -0.01619048]), 0.7854, 0.0]
[84, array([ 0.499 , -0.0179]), array([ 0.49837619, -0.01619048]), 0.7854, 0.0]
[84, array([ 0.499 , -0.0179]), array([ 0.49852381, -0.01619048]), 0.7854, 0.0]
[84, array([ 0.499 , -0.0179]), array([ 0.49867143, -0.01619048]), 0.7854, 0.0]
[84, array([ 0.499 , -0.0179]), array([ 0.49881905, -0.01619048]), 0.7854, 1.0]
[84, array([ 0.499 , -0.0179]), array([ 0.49896667, -0.01619048]), 0.7854, 1.0]
[84, array([ 0.499 , -0.0179]), array([ 0.49911429, -0.01619048]), 0.7854, 1.0]
[84, array([ 0.499 , -0.0179]), array([ 0.4992619 , -0.01619048]), 0.7854, 1.0]
[84, array([ 0.499 , -0.0179]), array([ 0.49940952, -0.01619048]), 0.7854, 1.0]
[84, array([ 0.499 , -0.0179]), array([ 0.49955714, -0.01619048]), 0.7854, 1.0]
[84, array([ 0.499 , -0.0179]), array([ 0.49970476, -0.01619048]), 0.7854, 1.0]
[84, array([ 0.499 , -0.0179]), array([ 0.49985238, -0.01619048]), 0.7854, 1.0]
[84, array([ 0.499 , -0.0179]), array([ 0.5       , -0.01619048]), 0.7854, 0.0]
[84, array([ 0.499 , -0.0179]), array([ 0.4969    , -0.01604286]), 0.7854, 1.0]
[84, array([ 0.499 , -0.0179]), array([ 0.49704762, -0.01604286]), 0.7854, 1.0]
[84, array([ 0.499 , -0.0179]), array([ 0.49719524, -0.01604286]), 0.7854, 1.0]
[84, array([ 0.499 , -0.0179]), array([ 0.49734286, -0.01604286]), 0.7854, 1.0]
[84, array([ 0.499 , -0.0179]), array([ 0.49749048, -0.01604286]), 0.7854, 1.0]
[84, array([ 0.499 , -0.0179]), array([ 0.4976381 , -0.01604286]), 0.7854, 1.0]
[84, array([ 0.499 , -0.0179]), array([ 0.49778571, -0.01604286]), 0.7854, 1.0]
[84, array([ 0.499 , -0.0179]), array([ 0.49793333, -0.01604286]), 0.7854, 1.0]
[84, array([ 0.499 , -0.0179]), array([ 0.49808095, -0.01604286]), 0.7854, 0.0]
[84, array([ 0.499 , -0.0179]), array([ 0.49822857, -0.01604286]), 0.7854, 0.0]
[84, array([ 0.499 , -0.0179]), array([ 0.49837619, -0.01604286]), 0.7854, 0.0]
[84, array([ 0.499 , -0.0179]), array([ 0.49852381, -0.01604286]), 0.7854, 0.0]
[84, array([ 0.499 , -0.0179]), array([ 0.49867143, -0.01604286]), 0.7854, 1.0]
[84, array([ 0.499 , -0.0179]), array([ 0.49881905, -0.01604286]), 0.7854, 1.0]
[84, array([ 0.499 , -0.0179]), array([ 0.49896667, -0.01604286]), 0.7854, 1.0]
[84, array([ 0.499 , -0.0179]), array([ 0.49911429, -0.01604286]), 0.7854, 1.0]
[84, array([ 0.499 , -0.0179]), array([ 0.4992619 , -0.01604286]), 0.7854, 1.0]
[84, array([ 0.499 , -0.0179]), array([ 0.49940952, -0.01604286]), 0.7854, 1.0]
[84, array([ 0.499 , -0.0179]), array([ 0.49955714, -0.01604286]), 0.7854, 1.0]
[84, array([ 0.499 , -0.0179]), array([ 0.49970476, -0.01604286]), 0.7854, 1.0]
[84, array([ 0.499 , -0.0179]), array([ 0.49985238, -0.01604286]), 0.7854, 1.0]
[84, array([ 0.499 , -0.0179]), array([ 0.5       , -0.01604286]), 0.7854, 1.0]
[84, array([ 0.499 , -0.0179]), array([ 0.4969    , -0.01589524]), 0.7854, 1.0]
[84, array([ 0.499 , -0.0179]), array([ 0.49704762, -0.01589524]), 0.7854, 1.0]
[84, array([ 0.499 , -0.0179]), array([ 0.49719524, -0.01589524]), 0.7854, 1.0]
[84, array([ 0.499 , -0.0179]), array([ 0.49734286, -0.01589524]), 0.7854, 1.0]
[84, array([ 0.499 , -0.0179]), array([ 0.49749048, -0.01589524]), 0.7854, 1.0]
[84, array([ 0.499 , -0.0179]), array([ 0.4976381 , -0.01589524]), 0.7854, 1.0]
[84, array([ 0.499 , -0.0179]), array([ 0.49778571, -0.01589524]), 0.7854, 1.0]
[84, array([ 0.499 , -0.0179]), array([ 0.49793333, -0.01589524]), 0.7854, 1.0]
[84, array([ 0.499 , -0.0179]), array([ 0.49808095, -0.01589524]), 0.7854, 0.0]
[84, array([ 0.499 , -0.0179]), array([ 0.49822857, -0.01589524]), 0.7854, 0.0]
[84, array([ 0.499 , -0.0179]), array([ 0.49837619, -0.01589524]), 0.7854, 1.0]
[84, array([ 0.499 , -0.0179]), array([ 0.49852381, -0.01589524]), 0.7854, 1.0]
[84, array([ 0.499 , -0.0179]), array([ 0.49867143, -0.01589524]), 0.7854, 1.0]
[84, array([ 0.499 , -0.0179]), array([ 0.49881905, -0.01589524]), 0.7854, 1.0]
[84, array([ 0.499 , -0.0179]), array([ 0.49896667, -0.01589524]), 0.7854, 1.0]
[84, array([ 0.499 , -0.0179]), array([ 0.49911429, -0.01589524]), 0.7854, 1.0]
[84, array([ 0.499 , -0.0179]), array([ 0.4992619 , -0.01589524]), 0.7854, 1.0]
[84, array([ 0.499 , -0.0179]), array([ 0.49940952, -0.01589524]), 0.7854, 1.0]
[84, array([ 0.499 , -0.0179]), array([ 0.49955714, -0.01589524]), 0.7854, 1.0]
[84, array([ 0.499 , -0.0179]), array([ 0.49970476, -0.01589524]), 0.7854, 1.0]
[84, array([ 0.499 , -0.0179]), array([ 0.49985238, -0.01589524]), 0.7854, 1.0]
[84, array([ 0.499 , -0.0179]), array([ 0.5       , -0.01589524]), 0.7854, 1.0]
[84, array([ 0.499 , -0.0179]), array([ 0.4969    , -0.01574762]), 0.7854, 1.0]
[84, array([ 0.499 , -0.0179]), array([ 0.49704762, -0.01574762]), 0.7854, 1.0]
[84, array([ 0.499 , -0.0179]), array([ 0.49719524, -0.01574762]), 0.7854, 1.0]
[84, array([ 0.499 , -0.0179]), array([ 0.49734286, -0.01574762]), 0.7854, 0.0]
[84, array([ 0.499 , -0.0179]), array([ 0.49749048, -0.01574762]), 0.7854, 1.0]
[84, array([ 0.499 , -0.0179]), array([ 0.4976381 , -0.01574762]), 0.7854, 1.0]
[84, array([ 0.499 , -0.0179]), array([ 0.49778571, -0.01574762]), 0.7854, 1.0]
[84, array([ 0.499 , -0.0179]), array([ 0.49793333, -0.01574762]), 0.7854, 1.0]
[84, array([ 0.499 , -0.0179]), array([ 0.49808095, -0.01574762]), 0.7854, 1.0]
[84, array([ 0.499 , -0.0179]), array([ 0.49822857, -0.01574762]), 0.7854, 0.0]
[84, array([ 0.499 , -0.0179]), array([ 0.49837619, -0.01574762]), 0.7854, 1.0]
[84, array([ 0.499 , -0.0179]), array([ 0.49852381, -0.01574762]), 0.7854, 1.0]
[84, array([ 0.499 , -0.0179]), array([ 0.49867143, -0.01574762]), 0.7854, 1.0]
[84, array([ 0.499 , -0.0179]), array([ 0.49881905, -0.01574762]), 0.7854, 1.0]
[84, array([ 0.499 , -0.0179]), array([ 0.49896667, -0.01574762]), 0.7854, 1.0]
[84, array([ 0.499 , -0.0179]), array([ 0.49911429, -0.01574762]), 0.7854, 1.0]
[84, array([ 0.499 , -0.0179]), array([ 0.4992619 , -0.01574762]), 0.7854, 1.0]
[84, array([ 0.499 , -0.0179]), array([ 0.49940952, -0.01574762]), 0.7854, 0.0]
[84, array([ 0.499 , -0.0179]), array([ 0.49955714, -0.01574762]), 0.7854, 1.0]
[84, array([ 0.499 , -0.0179]), array([ 0.49970476, -0.01574762]), 0.7854, 0.0]
[84, array([ 0.499 , -0.0179]), array([ 0.49985238, -0.01574762]), 0.7854, 1.0]
[84, array([ 0.499 , -0.0179]), array([ 0.5       , -0.01574762]), 0.7854, 1.0]
[84, array([ 0.499 , -0.0179]), array([ 0.4969, -0.0156]), 0.7854, 1.0]
[84, array([ 0.499 , -0.0179]), array([ 0.49704762, -0.0156    ]), 0.7854, 1.0]
[84, array([ 0.499 , -0.0179]), array([ 0.49719524, -0.0156    ]), 0.7854, 0.0]
[84, array([ 0.499 , -0.0179]), array([ 0.49734286, -0.0156    ]), 0.7854, 0.0]
[84, array([ 0.499 , -0.0179]), array([ 0.49749048, -0.0156    ]), 0.7854, 0.0]
[84, array([ 0.499 , -0.0179]), array([ 0.4976381, -0.0156   ]), 0.7854, 0.0]
[84, array([ 0.499 , -0.0179]), array([ 0.49778571, -0.0156    ]), 0.7854, 0.0]
[84, array([ 0.499 , -0.0179]), array([ 0.49793333, -0.0156    ]), 0.7854, 1.0]
[84, array([ 0.499 , -0.0179]), array([ 0.49808095, -0.0156    ]), 0.7854, 0.0]
[84, array([ 0.499 , -0.0179]), array([ 0.49822857, -0.0156    ]), 0.7854, 0.0]
[84, array([ 0.499 , -0.0179]), array([ 0.49837619, -0.0156    ]), 0.7854, 1.0]
[84, array([ 0.499 , -0.0179]), array([ 0.49852381, -0.0156    ]), 0.7854, 1.0]
[84, array([ 0.499 , -0.0179]), array([ 0.49867143, -0.0156    ]), 0.7854, 1.0]
[84, array([ 0.499 , -0.0179]), array([ 0.49881905, -0.0156    ]), 0.7854, 1.0]
[84, array([ 0.499 , -0.0179]), array([ 0.49896667, -0.0156    ]), 0.7854, 1.0]
[84, array([ 0.499 , -0.0179]), array([ 0.49911429, -0.0156    ]), 0.7854, 1.0]
[84, array([ 0.499 , -0.0179]), array([ 0.4992619, -0.0156   ]), 0.7854, 0.0]
[84, array([ 0.499 , -0.0179]), array([ 0.49940952, -0.0156    ]), 0.7854, 1.0]
[84, array([ 0.499 , -0.0179]), array([ 0.49955714, -0.0156    ]), 0.7854, 0.0]
[84, array([ 0.499 , -0.0179]), array([ 0.49970476, -0.0156    ]), 0.7854, 0.0]
[84, array([ 0.499 , -0.0179]), array([ 0.49985238, -0.0156    ]), 0.7854, 1.0]
[84, array([ 0.499 , -0.0179]), array([ 0.5   , -0.0156]), 0.7854, 1.0]
[79, array([0.5251, 0.0243]), array([0.52185, 0.0156 ]), 0.7854, 1.0]
[79, array([0.5251, 0.0243]), array([0.52229762, 0.0156    ]), 0.7854, 1.0]
[79, array([0.5251, 0.0243]), array([0.52274524, 0.0156    ]), 0.7854, 1.0]
[79, array([0.5251, 0.0243]), array([0.52319286, 0.0156    ]), 0.7854, 1.0]
[79, array([0.5251, 0.0243]), array([0.52364048, 0.0156    ]), 0.7854, 1.0]
[79, array([0.5251, 0.0243]), array([0.5240881, 0.0156   ]), 0.7854, 1.0]
[79, array([0.5251, 0.0243]), array([0.52453571, 0.0156    ]), 0.7854, 1.0]
[79, array([0.5251, 0.0243]), array([0.52498333, 0.0156    ]), 0.7854, 1.0]
[79, array([0.5251, 0.0243]), array([0.52543095, 0.0156    ]), 0.7854, 1.0]
[79, array([0.5251, 0.0243]), array([0.52587857, 0.0156    ]), 0.7854, 1.0]
[79, array([0.5251, 0.0243]), array([0.52632619, 0.0156    ]), 0.7854, 1.0]
[79, array([0.5251, 0.0243]), array([0.52677381, 0.0156    ]), 0.7854, 1.0]
[79, array([0.5251, 0.0243]), array([0.52722143, 0.0156    ]), 0.7854, 1.0]
[79, array([0.5251, 0.0243]), array([0.52766905, 0.0156    ]), 0.7854, 1.0]
[79, array([0.5251, 0.0243]), array([0.52811667, 0.0156    ]), 0.7854, 1.0]
[79, array([0.5251, 0.0243]), array([0.52856429, 0.0156    ]), 0.7854, 1.0]
[79, array([0.5251, 0.0243]), array([0.5290119, 0.0156   ]), 0.7854, 1.0]
[79, array([0.5251, 0.0243]), array([0.52945952, 0.0156    ]), 0.7854, 1.0]
[79, array([0.5251, 0.0243]), array([0.52990714, 0.0156    ]), 0.7854, 1.0]
[79, array([0.5251, 0.0243]), array([0.53035476, 0.0156    ]), 0.7854, 1.0]
[79, array([0.5251, 0.0243]), array([0.53080238, 0.0156    ]), 0.7854, 1.0]
[79, array([0.5251, 0.0243]), array([0.53125, 0.0156 ]), 0.7854, 1.0]
[79, array([0.5251, 0.0243]), array([0.52185   , 0.01604762]), 0.7854, 1.0]
[79, array([0.5251, 0.0243]), array([0.52229762, 0.01604762]), 0.7854, 1.0]
[79, array([0.5251, 0.0243]), array([0.52274524, 0.01604762]), 0.7854, 1.0]
[79, array([0.5251, 0.0243]), array([0.52319286, 0.01604762]), 0.7854, 1.0]
[79, array([0.5251, 0.0243]), array([0.52364048, 0.01604762]), 0.7854, 1.0]
[79, array([0.5251, 0.0243]), array([0.5240881 , 0.01604762]), 0.7854, 1.0]
[79, array([0.5251, 0.0243]), array([0.52453571, 0.01604762]), 0.7854, 1.0]
[79, array([0.5251, 0.0243]), array([0.52498333, 0.01604762]), 0.7854, 1.0]
[79, array([0.5251, 0.0243]), array([0.52543095, 0.01604762]), 0.7854, 1.0]
[79, array([0.5251, 0.0243]), array([0.52587857, 0.01604762]), 0.7854, 1.0]
[79, array([0.5251, 0.0243]), array([0.52632619, 0.01604762]), 0.7854, 1.0]
[79, array([0.5251, 0.0243]), array([0.52677381, 0.01604762]), 0.7854, 1.0]
[79, array([0.5251, 0.0243]), array([0.52722143, 0.01604762]), 0.7854, 1.0]
[79, array([0.5251, 0.0243]), array([0.52766905, 0.01604762]), 0.7854, 1.0]
[79, array([0.5251, 0.0243]), array([0.52811667, 0.01604762]), 0.7854, 1.0]
[79, array([0.5251, 0.0243]), array([0.52856429, 0.01604762]), 0.7854, 1.0]
[79, array([0.5251, 0.0243]), array([0.5290119 , 0.01604762]), 0.7854, 1.0]
[79, array([0.5251, 0.0243]), array([0.52945952, 0.01604762]), 0.7854, 1.0]
[79, array([0.5251, 0.0243]), array([0.52990714, 0.01604762]), 0.7854, 1.0]
[79, array([0.5251, 0.0243]), array([0.53035476, 0.01604762]), 0.7854, 1.0]
[79, array([0.5251, 0.0243]), array([0.53080238, 0.01604762]), 0.7854, 1.0]
[79, array([0.5251, 0.0243]), array([0.53125   , 0.01604762]), 0.7854, 1.0]
[79, array([0.5251, 0.0243]), array([0.52185   , 0.01649524]), 0.7854, 1.0]
[79, array([0.5251, 0.0243]), array([0.52229762, 0.01649524]), 0.7854, 1.0]
[79, array([0.5251, 0.0243]), array([0.52274524, 0.01649524]), 0.7854, 1.0]
[79, array([0.5251, 0.0243]), array([0.52319286, 0.01649524]), 0.7854, 1.0]
[79, array([0.5251, 0.0243]), array([0.52364048, 0.01649524]), 0.7854, 1.0]
[79, array([0.5251, 0.0243]), array([0.5240881 , 0.01649524]), 0.7854, 1.0]
[79, array([0.5251, 0.0243]), array([0.52453571, 0.01649524]), 0.7854, 1.0]
[79, array([0.5251, 0.0243]), array([0.52498333, 0.01649524]), 0.7854, 1.0]
[79, array([0.5251, 0.0243]), array([0.52543095, 0.01649524]), 0.7854, 1.0]
[79, array([0.5251, 0.0243]), array([0.52587857, 0.01649524]), 0.7854, 1.0]
[79, array([0.5251, 0.0243]), array([0.52632619, 0.01649524]), 0.7854, 1.0]
[79, array([0.5251, 0.0243]), array([0.52677381, 0.01649524]), 0.7854, 1.0]
[79, array([0.5251, 0.0243]), array([0.52722143, 0.01649524]), 0.7854, 1.0]
[79, array([0.5251, 0.0243]), array([0.52766905, 0.01649524]), 0.7854, 1.0]
[79, array([0.5251, 0.0243]), array([0.52811667, 0.01649524]), 0.7854, 1.0]
[79, array([0.5251, 0.0243]), array([0.52856429, 0.01649524]), 0.7854, 1.0]
[79, array([0.5251, 0.0243]), array([0.5290119 , 0.01649524]), 0.7854, 1.0]
[79, array([0.5251, 0.0243]), array([0.52945952, 0.01649524]), 0.7854, 1.0]
[79, array([0.5251, 0.0243]), array([0.52990714, 0.01649524]), 0.7854, 1.0]
[79, array([0.5251, 0.0243]), array([0.53035476, 0.01649524]), 0.7854, 1.0]
[79, array([0.5251, 0.0243]), array([0.53080238, 0.01649524]), 0.7854, 1.0]
[79, array([0.5251, 0.0243]), array([0.53125   , 0.01649524]), 0.7854, 1.0]
[79, array([0.5251, 0.0243]), array([0.52185   , 0.01694286]), 0.7854, 1.0]
[79, array([0.5251, 0.0243]), array([0.52229762, 0.01694286]), 0.7854, 1.0]
[79, array([0.5251, 0.0243]), array([0.52274524, 0.01694286]), 0.7854, 1.0]
[79, array([0.5251, 0.0243]), array([0.52319286, 0.01694286]), 0.7854, 1.0]
[79, array([0.5251, 0.0243]), array([0.52364048, 0.01694286]), 0.7854, 1.0]
[79, array([0.5251, 0.0243]), array([0.5240881 , 0.01694286]), 0.7854, 1.0]
[79, array([0.5251, 0.0243]), array([0.52453571, 0.01694286]), 0.7854, 1.0]
[79, array([0.5251, 0.0243]), array([0.52498333, 0.01694286]), 0.7854, 1.0]
[79, array([0.5251, 0.0243]), array([0.52543095, 0.01694286]), 0.7854, 1.0]
[79, array([0.5251, 0.0243]), array([0.52587857, 0.01694286]), 0.7854, 1.0]
[79, array([0.5251, 0.0243]), array([0.52632619, 0.01694286]), 0.7854, 1.0]
[79, array([0.5251, 0.0243]), array([0.52677381, 0.01694286]), 0.7854, 1.0]
[79, array([0.5251, 0.0243]), array([0.52722143, 0.01694286]), 0.7854, 1.0]
[79, array([0.5251, 0.0243]), array([0.52766905, 0.01694286]), 0.7854, 1.0]
[79, array([0.5251, 0.0243]), array([0.52811667, 0.01694286]), 0.7854, 1.0]
[79, array([0.5251, 0.0243]), array([0.52856429, 0.01694286]), 0.7854, 1.0]
[79, array([0.5251, 0.0243]), array([0.5290119 , 0.01694286]), 0.7854, 1.0]
[79, array([0.5251, 0.0243]), array([0.52945952, 0.01694286]), 0.7854, 1.0]
[79, array([0.5251, 0.0243]), array([0.52990714, 0.01694286]), 0.7854, 1.0]
[79, array([0.5251, 0.0243]), array([0.53035476, 0.01694286]), 0.7854, 1.0]
[79, array([0.5251, 0.0243]), array([0.53080238, 0.01694286]), 0.7854, 1.0]
[79, array([0.5251, 0.0243]), array([0.53125   , 0.01694286]), 0.7854, 1.0]
[79, array([0.5251, 0.0243]), array([0.52185   , 0.01739048]), 0.7854, 1.0]
[79, array([0.5251, 0.0243]), array([0.52229762, 0.01739048]), 0.7854, 1.0]
[79, array([0.5251, 0.0243]), array([0.52274524, 0.01739048]), 0.7854, 1.0]
[79, array([0.5251, 0.0243]), array([0.52319286, 0.01739048]), 0.7854, 1.0]
[79, array([0.5251, 0.0243]), array([0.52364048, 0.01739048]), 0.7854, 1.0]
[79, array([0.5251, 0.0243]), array([0.5240881 , 0.01739048]), 0.7854, 1.0]
[79, array([0.5251, 0.0243]), array([0.52453571, 0.01739048]), 0.7854, 1.0]
[79, array([0.5251, 0.0243]), array([0.52498333, 0.01739048]), 0.7854, 1.0]
[79, array([0.5251, 0.0243]), array([0.52543095, 0.01739048]), 0.7854, 1.0]
[79, array([0.5251, 0.0243]), array([0.52587857, 0.01739048]), 0.7854, 1.0]
[79, array([0.5251, 0.0243]), array([0.52632619, 0.01739048]), 0.7854, 1.0]
[79, array([0.5251, 0.0243]), array([0.52677381, 0.01739048]), 0.7854, 1.0]
[79, array([0.5251, 0.0243]), array([0.52722143, 0.01739048]), 0.7854, 1.0]
[79, array([0.5251, 0.0243]), array([0.52766905, 0.01739048]), 0.7854, 1.0]
[79, array([0.5251, 0.0243]), array([0.52811667, 0.01739048]), 0.7854, 1.0]
[79, array([0.5251, 0.0243]), array([0.52856429, 0.01739048]), 0.7854, 1.0]
[79, array([0.5251, 0.0243]), array([0.5290119 , 0.01739048]), 0.7854, 1.0]
[79, array([0.5251, 0.0243]), array([0.52945952, 0.01739048]), 0.7854, 1.0]
[79, array([0.5251, 0.0243]), array([0.52990714, 0.01739048]), 0.7854, 1.0]
[79, array([0.5251, 0.0243]), array([0.53035476, 0.01739048]), 0.7854, 1.0]
[79, array([0.5251, 0.0243]), array([0.53080238, 0.01739048]), 0.7854, 1.0]
[79, array([0.5251, 0.0243]), array([0.53125   , 0.01739048]), 0.7854, 1.0]
[79, array([0.5251, 0.0243]), array([0.52185  , 0.0178381]), 0.7854, 1.0]
[79, array([0.5251, 0.0243]), array([0.52229762, 0.0178381 ]), 0.7854, 1.0]
[79, array([0.5251, 0.0243]), array([0.52274524, 0.0178381 ]), 0.7854, 1.0]
[79, array([0.5251, 0.0243]), array([0.52319286, 0.0178381 ]), 0.7854, 1.0]
[79, array([0.5251, 0.0243]), array([0.52364048, 0.0178381 ]), 0.7854, 1.0]
[79, array([0.5251, 0.0243]), array([0.5240881, 0.0178381]), 0.7854, 1.0]
[79, array([0.5251, 0.0243]), array([0.52453571, 0.0178381 ]), 0.7854, 1.0]
[79, array([0.5251, 0.0243]), array([0.52498333, 0.0178381 ]), 0.7854, 1.0]
[79, array([0.5251, 0.0243]), array([0.52543095, 0.0178381 ]), 0.7854, 1.0]
[79, array([0.5251, 0.0243]), array([0.52587857, 0.0178381 ]), 0.7854, 1.0]
[79, array([0.5251, 0.0243]), array([0.52632619, 0.0178381 ]), 0.7854, 1.0]
[79, array([0.5251, 0.0243]), array([0.52677381, 0.0178381 ]), 0.7854, 1.0]
[79, array([0.5251, 0.0243]), array([0.52722143, 0.0178381 ]), 0.7854, 1.0]
[79, array([0.5251, 0.0243]), array([0.52766905, 0.0178381 ]), 0.7854, 1.0]
[79, array([0.5251, 0.0243]), array([0.52811667, 0.0178381 ]), 0.7854, 1.0]
[79, array([0.5251, 0.0243]), array([0.52856429, 0.0178381 ]), 0.7854, 1.0]
[79, array([0.5251, 0.0243]), array([0.5290119, 0.0178381]), 0.7854, 1.0]
[79, array([0.5251, 0.0243]), array([0.52945952, 0.0178381 ]), 0.7854, 1.0]
[79, array([0.5251, 0.0243]), array([0.52990714, 0.0178381 ]), 0.7854, 1.0]
[79, array([0.5251, 0.0243]), array([0.53035476, 0.0178381 ]), 0.7854, 1.0]
[79, array([0.5251, 0.0243]), array([0.53080238, 0.0178381 ]), 0.7854, 1.0]
[79, array([0.5251, 0.0243]), array([0.53125  , 0.0178381]), 0.7854, 1.0]
[79, array([0.5251, 0.0243]), array([0.52185   , 0.01828571]), 0.7854, 1.0]
[79, array([0.5251, 0.0243]), array([0.52229762, 0.01828571]), 0.7854, 1.0]
[79, array([0.5251, 0.0243]), array([0.52274524, 0.01828571]), 0.7854, 1.0]
[79, array([0.5251, 0.0243]), array([0.52319286, 0.01828571]), 0.7854, 1.0]
[79, array([0.5251, 0.0243]), array([0.52364048, 0.01828571]), 0.7854, 1.0]
[79, array([0.5251, 0.0243]), array([0.5240881 , 0.01828571]), 0.7854, 1.0]
[79, array([0.5251, 0.0243]), array([0.52453571, 0.01828571]), 0.7854, 1.0]
[79, array([0.5251, 0.0243]), array([0.52498333, 0.01828571]), 0.7854, 1.0]
[79, array([0.5251, 0.0243]), array([0.52543095, 0.01828571]), 0.7854, 1.0]
[79, array([0.5251, 0.0243]), array([0.52587857, 0.01828571]), 0.7854, 1.0]
[79, array([0.5251, 0.0243]), array([0.52632619, 0.01828571]), 0.7854, 1.0]
[79, array([0.5251, 0.0243]), array([0.52677381, 0.01828571]), 0.7854, 1.0]
[79, array([0.5251, 0.0243]), array([0.52722143, 0.01828571]), 0.7854, 1.0]
[79, array([0.5251, 0.0243]), array([0.52766905, 0.01828571]), 0.7854, 1.0]
[79, array([0.5251, 0.0243]), array([0.52811667, 0.01828571]), 0.7854, 1.0]
[79, array([0.5251, 0.0243]), array([0.52856429, 0.01828571]), 0.7854, 1.0]
[79, array([0.5251, 0.0243]), array([0.5290119 , 0.01828571]), 0.7854, 1.0]
[79, array([0.5251, 0.0243]), array([0.52945952, 0.01828571]), 0.7854, 1.0]
[79, array([0.5251, 0.0243]), array([0.52990714, 0.01828571]), 0.7854, 1.0]
[79, array([0.5251, 0.0243]), array([0.53035476, 0.01828571]), 0.7854, 1.0]
[79, array([0.5251, 0.0243]), array([0.53080238, 0.01828571]), 0.7854, 1.0]
[79, array([0.5251, 0.0243]), array([0.53125   , 0.01828571]), 0.7854, 1.0]
[79, array([0.5251, 0.0243]), array([0.52185   , 0.01873333]), 0.7854, 1.0]
[79, array([0.5251, 0.0243]), array([0.52229762, 0.01873333]), 0.7854, 1.0]
[79, array([0.5251, 0.0243]), array([0.52274524, 0.01873333]), 0.7854, 1.0]
[79, array([0.5251, 0.0243]), array([0.52319286, 0.01873333]), 0.7854, 1.0]
[79, array([0.5251, 0.0243]), array([0.52364048, 0.01873333]), 0.7854, 1.0]
[79, array([0.5251, 0.0243]), array([0.5240881 , 0.01873333]), 0.7854, 1.0]
[79, array([0.5251, 0.0243]), array([0.52453571, 0.01873333]), 0.7854, 1.0]
[79, array([0.5251, 0.0243]), array([0.52498333, 0.01873333]), 0.7854, 1.0]
[79, array([0.5251, 0.0243]), array([0.52543095, 0.01873333]), 0.7854, 1.0]
[79, array([0.5251, 0.0243]), array([0.52587857, 0.01873333]), 0.7854, 1.0]
[79, array([0.5251, 0.0243]), array([0.52632619, 0.01873333]), 0.7854, 1.0]
[79, array([0.5251, 0.0243]), array([0.52677381, 0.01873333]), 0.7854, 1.0]
[79, array([0.5251, 0.0243]), array([0.52722143, 0.01873333]), 0.7854, 1.0]
[79, array([0.5251, 0.0243]), array([0.52766905, 0.01873333]), 0.7854, 1.0]
[79, array([0.5251, 0.0243]), array([0.52811667, 0.01873333]), 0.7854, 1.0]
[79, array([0.5251, 0.0243]), array([0.52856429, 0.01873333]), 0.7854, 1.0]
[79, array([0.5251, 0.0243]), array([0.5290119 , 0.01873333]), 0.7854, 1.0]
[79, array([0.5251, 0.0243]), array([0.52945952, 0.01873333]), 0.7854, 1.0]
[79, array([0.5251, 0.0243]), array([0.52990714, 0.01873333]), 0.7854, 1.0]
[79, array([0.5251, 0.0243]), array([0.53035476, 0.01873333]), 0.7854, 1.0]
[79, array([0.5251, 0.0243]), array([0.53080238, 0.01873333]), 0.7854, 1.0]
[79, array([0.5251, 0.0243]), array([0.53125   , 0.01873333]), 0.7854, 1.0]
[79, array([0.5251, 0.0243]), array([0.52185   , 0.01918095]), 0.7854, 1.0]
[79, array([0.5251, 0.0243]), array([0.52229762, 0.01918095]), 0.7854, 1.0]
[79, array([0.5251, 0.0243]), array([0.52274524, 0.01918095]), 0.7854, 1.0]
[79, array([0.5251, 0.0243]), array([0.52319286, 0.01918095]), 0.7854, 1.0]
[79, array([0.5251, 0.0243]), array([0.52364048, 0.01918095]), 0.7854, 1.0]
[79, array([0.5251, 0.0243]), array([0.5240881 , 0.01918095]), 0.7854, 1.0]
[79, array([0.5251, 0.0243]), array([0.52453571, 0.01918095]), 0.7854, 1.0]
[79, array([0.5251, 0.0243]), array([0.52498333, 0.01918095]), 0.7854, 1.0]
[79, array([0.5251, 0.0243]), array([0.52543095, 0.01918095]), 0.7854, 1.0]
[79, array([0.5251, 0.0243]), array([0.52587857, 0.01918095]), 0.7854, 1.0]
[79, array([0.5251, 0.0243]), array([0.52632619, 0.01918095]), 0.7854, 1.0]
[79, array([0.5251, 0.0243]), array([0.52677381, 0.01918095]), 0.7854, 1.0]
[79, array([0.5251, 0.0243]), array([0.52722143, 0.01918095]), 0.7854, 1.0]
[79, array([0.5251, 0.0243]), array([0.52766905, 0.01918095]), 0.7854, 1.0]
[79, array([0.5251, 0.0243]), array([0.52811667, 0.01918095]), 0.7854, 1.0]
[79, array([0.5251, 0.0243]), array([0.52856429, 0.01918095]), 0.7854, 1.0]
[79, array([0.5251, 0.0243]), array([0.5290119 , 0.01918095]), 0.7854, 1.0]
[79, array([0.5251, 0.0243]), array([0.52945952, 0.01918095]), 0.7854, 1.0]
[79, array([0.5251, 0.0243]), array([0.52990714, 0.01918095]), 0.7854, 1.0]
[79, array([0.5251, 0.0243]), array([0.53035476, 0.01918095]), 0.7854, 1.0]
[79, array([0.5251, 0.0243]), array([0.53080238, 0.01918095]), 0.7854, 1.0]
[79, array([0.5251, 0.0243]), array([0.53125   , 0.01918095]), 0.7854, 1.0]
[79, array([0.5251, 0.0243]), array([0.52185   , 0.01962857]), 0.7854, 1.0]
[79, array([0.5251, 0.0243]), array([0.52229762, 0.01962857]), 0.7854, 1.0]
[79, array([0.5251, 0.0243]), array([0.52274524, 0.01962857]), 0.7854, 1.0]
[79, array([0.5251, 0.0243]), array([0.52319286, 0.01962857]), 0.7854, 1.0]
[79, array([0.5251, 0.0243]), array([0.52364048, 0.01962857]), 0.7854, 1.0]
[79, array([0.5251, 0.0243]), array([0.5240881 , 0.01962857]), 0.7854, 1.0]
[79, array([0.5251, 0.0243]), array([0.52453571, 0.01962857]), 0.7854, 1.0]
[79, array([0.5251, 0.0243]), array([0.52498333, 0.01962857]), 0.7854, 1.0]
[79, array([0.5251, 0.0243]), array([0.52543095, 0.01962857]), 0.7854, 1.0]
[79, array([0.5251, 0.0243]), array([0.52587857, 0.01962857]), 0.7854, 1.0]
[79, array([0.5251, 0.0243]), array([0.52632619, 0.01962857]), 0.7854, 1.0]
[79, array([0.5251, 0.0243]), array([0.52677381, 0.01962857]), 0.7854, 1.0]
[79, array([0.5251, 0.0243]), array([0.52722143, 0.01962857]), 0.7854, 1.0]
[79, array([0.5251, 0.0243]), array([0.52766905, 0.01962857]), 0.7854, 1.0]
[79, array([0.5251, 0.0243]), array([0.52811667, 0.01962857]), 0.7854, 1.0]
[79, array([0.5251, 0.0243]), array([0.52856429, 0.01962857]), 0.7854, 1.0]
[79, array([0.5251, 0.0243]), array([0.5290119 , 0.01962857]), 0.7854, 1.0]
[79, array([0.5251, 0.0243]), array([0.52945952, 0.01962857]), 0.7854, 1.0]
[79, array([0.5251, 0.0243]), array([0.52990714, 0.01962857]), 0.7854, 1.0]
[79, array([0.5251, 0.0243]), array([0.53035476, 0.01962857]), 0.7854, 1.0]
[79, array([0.5251, 0.0243]), array([0.53080238, 0.01962857]), 0.7854, 1.0]
[79, array([0.5251, 0.0243]), array([0.53125   , 0.01962857]), 0.7854, 1.0]
[79, array([0.5251, 0.0243]), array([0.52185   , 0.02007619]), 0.7854, 1.0]
[79, array([0.5251, 0.0243]), array([0.52229762, 0.02007619]), 0.7854, 1.0]
[79, array([0.5251, 0.0243]), array([0.52274524, 0.02007619]), 0.7854, 1.0]
[79, array([0.5251, 0.0243]), array([0.52319286, 0.02007619]), 0.7854, 1.0]
[79, array([0.5251, 0.0243]), array([0.52364048, 0.02007619]), 0.7854, 1.0]
[79, array([0.5251, 0.0243]), array([0.5240881 , 0.02007619]), 0.7854, 1.0]
[79, array([0.5251, 0.0243]), array([0.52453571, 0.02007619]), 0.7854, 1.0]
[79, array([0.5251, 0.0243]), array([0.52498333, 0.02007619]), 0.7854, 1.0]
[79, array([0.5251, 0.0243]), array([0.52543095, 0.02007619]), 0.7854, 1.0]
[79, array([0.5251, 0.0243]), array([0.52587857, 0.02007619]), 0.7854, 1.0]
[79, array([0.5251, 0.0243]), array([0.52632619, 0.02007619]), 0.7854, 1.0]
[79, array([0.5251, 0.0243]), array([0.52677381, 0.02007619]), 0.7854, 1.0]
[79, array([0.5251, 0.0243]), array([0.52722143, 0.02007619]), 0.7854, 1.0]
[79, array([0.5251, 0.0243]), array([0.52766905, 0.02007619]), 0.7854, 1.0]
[79, array([0.5251, 0.0243]), array([0.52811667, 0.02007619]), 0.7854, 1.0]
[79, array([0.5251, 0.0243]), array([0.52856429, 0.02007619]), 0.7854, 1.0]
[79, array([0.5251, 0.0243]), array([0.5290119 , 0.02007619]), 0.7854, 1.0]
[79, array([0.5251, 0.0243]), array([0.52945952, 0.02007619]), 0.7854, 1.0]
[79, array([0.5251, 0.0243]), array([0.52990714, 0.02007619]), 0.7854, 1.0]
[79, array([0.5251, 0.0243]), array([0.53035476, 0.02007619]), 0.7854, 1.0]
[79, array([0.5251, 0.0243]), array([0.53080238, 0.02007619]), 0.7854, 1.0]
[79, array([0.5251, 0.0243]), array([0.53125   , 0.02007619]), 0.7854, 1.0]
[79, array([0.5251, 0.0243]), array([0.52185   , 0.02052381]), 0.7854, 1.0]
[79, array([0.5251, 0.0243]), array([0.52229762, 0.02052381]), 0.7854, 1.0]
[79, array([0.5251, 0.0243]), array([0.52274524, 0.02052381]), 0.7854, 1.0]
[79, array([0.5251, 0.0243]), array([0.52319286, 0.02052381]), 0.7854, 1.0]
[79, array([0.5251, 0.0243]), array([0.52364048, 0.02052381]), 0.7854, 1.0]
[79, array([0.5251, 0.0243]), array([0.5240881 , 0.02052381]), 0.7854, 1.0]
[79, array([0.5251, 0.0243]), array([0.52453571, 0.02052381]), 0.7854, 1.0]
[79, array([0.5251, 0.0243]), array([0.52498333, 0.02052381]), 0.7854, 1.0]
[79, array([0.5251, 0.0243]), array([0.52543095, 0.02052381]), 0.7854, 1.0]
[79, array([0.5251, 0.0243]), array([0.52587857, 0.02052381]), 0.7854, 1.0]
[79, array([0.5251, 0.0243]), array([0.52632619, 0.02052381]), 0.7854, 1.0]
[79, array([0.5251, 0.0243]), array([0.52677381, 0.02052381]), 0.7854, 1.0]
[79, array([0.5251, 0.0243]), array([0.52722143, 0.02052381]), 0.7854, 1.0]
[79, array([0.5251, 0.0243]), array([0.52766905, 0.02052381]), 0.7854, 1.0]
[79, array([0.5251, 0.0243]), array([0.52811667, 0.02052381]), 0.7854, 1.0]
[79, array([0.5251, 0.0243]), array([0.52856429, 0.02052381]), 0.7854, 1.0]
[79, array([0.5251, 0.0243]), array([0.5290119 , 0.02052381]), 0.7854, 1.0]
[79, array([0.5251, 0.0243]), array([0.52945952, 0.02052381]), 0.7854, 1.0]
[79, array([0.5251, 0.0243]), array([0.52990714, 0.02052381]), 0.7854, 1.0]
[79, array([0.5251, 0.0243]), array([0.53035476, 0.02052381]), 0.7854, 1.0]
[79, array([0.5251, 0.0243]), array([0.53080238, 0.02052381]), 0.7854, 1.0]
[79, array([0.5251, 0.0243]), array([0.53125   , 0.02052381]), 0.7854, 1.0]
[79, array([0.5251, 0.0243]), array([0.52185   , 0.02097143]), 0.7854, 1.0]
[79, array([0.5251, 0.0243]), array([0.52229762, 0.02097143]), 0.7854, 1.0]
[79, array([0.5251, 0.0243]), array([0.52274524, 0.02097143]), 0.7854, 1.0]
[79, array([0.5251, 0.0243]), array([0.52319286, 0.02097143]), 0.7854, 1.0]
[79, array([0.5251, 0.0243]), array([0.52364048, 0.02097143]), 0.7854, 1.0]
[79, array([0.5251, 0.0243]), array([0.5240881 , 0.02097143]), 0.7854, 1.0]
[79, array([0.5251, 0.0243]), array([0.52453571, 0.02097143]), 0.7854, 1.0]
[79, array([0.5251, 0.0243]), array([0.52498333, 0.02097143]), 0.7854, 1.0]
[79, array([0.5251, 0.0243]), array([0.52543095, 0.02097143]), 0.7854, 1.0]
[79, array([0.5251, 0.0243]), array([0.52587857, 0.02097143]), 0.7854, 1.0]
[79, array([0.5251, 0.0243]), array([0.52632619, 0.02097143]), 0.7854, 1.0]
[79, array([0.5251, 0.0243]), array([0.52677381, 0.02097143]), 0.7854, 1.0]
[79, array([0.5251, 0.0243]), array([0.52722143, 0.02097143]), 0.7854, 1.0]
[79, array([0.5251, 0.0243]), array([0.52766905, 0.02097143]), 0.7854, 1.0]
[79, array([0.5251, 0.0243]), array([0.52811667, 0.02097143]), 0.7854, 1.0]
[79, array([0.5251, 0.0243]), array([0.52856429, 0.02097143]), 0.7854, 1.0]
[79, array([0.5251, 0.0243]), array([0.5290119 , 0.02097143]), 0.7854, 1.0]
[79, array([0.5251, 0.0243]), array([0.52945952, 0.02097143]), 0.7854, 1.0]
[79, array([0.5251, 0.0243]), array([0.52990714, 0.02097143]), 0.7854, 1.0]
[79, array([0.5251, 0.0243]), array([0.53035476, 0.02097143]), 0.7854, 1.0]
[79, array([0.5251, 0.0243]), array([0.53080238, 0.02097143]), 0.7854, 1.0]
[79, array([0.5251, 0.0243]), array([0.53125   , 0.02097143]), 0.7854, 1.0]
[79, array([0.5251, 0.0243]), array([0.52185   , 0.02141905]), 0.7854, 1.0]
[79, array([0.5251, 0.0243]), array([0.52229762, 0.02141905]), 0.7854, 1.0]
[79, array([0.5251, 0.0243]), array([0.52274524, 0.02141905]), 0.7854, 1.0]
[79, array([0.5251, 0.0243]), array([0.52319286, 0.02141905]), 0.7854, 1.0]
[79, array([0.5251, 0.0243]), array([0.52364048, 0.02141905]), 0.7854, 1.0]
[79, array([0.5251, 0.0243]), array([0.5240881 , 0.02141905]), 0.7854, 1.0]
[79, array([0.5251, 0.0243]), array([0.52453571, 0.02141905]), 0.7854, 1.0]
[79, array([0.5251, 0.0243]), array([0.52498333, 0.02141905]), 0.7854, 1.0]
[79, array([0.5251, 0.0243]), array([0.52543095, 0.02141905]), 0.7854, 1.0]
[79, array([0.5251, 0.0243]), array([0.52587857, 0.02141905]), 0.7854, 1.0]
[79, array([0.5251, 0.0243]), array([0.52632619, 0.02141905]), 0.7854, 1.0]
[79, array([0.5251, 0.0243]), array([0.52677381, 0.02141905]), 0.7854, 1.0]
[79, array([0.5251, 0.0243]), array([0.52722143, 0.02141905]), 0.7854, 1.0]
[79, array([0.5251, 0.0243]), array([0.52766905, 0.02141905]), 0.7854, 1.0]
[79, array([0.5251, 0.0243]), array([0.52811667, 0.02141905]), 0.7854, 1.0]
[79, array([0.5251, 0.0243]), array([0.52856429, 0.02141905]), 0.7854, 1.0]
[79, array([0.5251, 0.0243]), array([0.5290119 , 0.02141905]), 0.7854, 1.0]
[79, array([0.5251, 0.0243]), array([0.52945952, 0.02141905]), 0.7854, 1.0]
[79, array([0.5251, 0.0243]), array([0.52990714, 0.02141905]), 0.7854, 1.0]
[79, array([0.5251, 0.0243]), array([0.53035476, 0.02141905]), 0.7854, 1.0]
[79, array([0.5251, 0.0243]), array([0.53080238, 0.02141905]), 0.7854, 1.0]
[79, array([0.5251, 0.0243]), array([0.53125   , 0.02141905]), 0.7854, 1.0]
[79, array([0.5251, 0.0243]), array([0.52185   , 0.02186667]), 0.7854, 1.0]
[79, array([0.5251, 0.0243]), array([0.52229762, 0.02186667]), 0.7854, 1.0]
[79, array([0.5251, 0.0243]), array([0.52274524, 0.02186667]), 0.7854, 1.0]
[79, array([0.5251, 0.0243]), array([0.52319286, 0.02186667]), 0.7854, 1.0]
[79, array([0.5251, 0.0243]), array([0.52364048, 0.02186667]), 0.7854, 1.0]
[79, array([0.5251, 0.0243]), array([0.5240881 , 0.02186667]), 0.7854, 1.0]
[79, array([0.5251, 0.0243]), array([0.52453571, 0.02186667]), 0.7854, 1.0]
[79, array([0.5251, 0.0243]), array([0.52498333, 0.02186667]), 0.7854, 1.0]
[79, array([0.5251, 0.0243]), array([0.52543095, 0.02186667]), 0.7854, 1.0]
[79, array([0.5251, 0.0243]), array([0.52587857, 0.02186667]), 0.7854, 1.0]
[79, array([0.5251, 0.0243]), array([0.52632619, 0.02186667]), 0.7854, 1.0]
[79, array([0.5251, 0.0243]), array([0.52677381, 0.02186667]), 0.7854, 1.0]
[79, array([0.5251, 0.0243]), array([0.52722143, 0.02186667]), 0.7854, 1.0]
[79, array([0.5251, 0.0243]), array([0.52766905, 0.02186667]), 0.7854, 1.0]
[79, array([0.5251, 0.0243]), array([0.52811667, 0.02186667]), 0.7854, 1.0]
[79, array([0.5251, 0.0243]), array([0.52856429, 0.02186667]), 0.7854, 1.0]
[79, array([0.5251, 0.0243]), array([0.5290119 , 0.02186667]), 0.7854, 1.0]
[79, array([0.5251, 0.0243]), array([0.52945952, 0.02186667]), 0.7854, 1.0]
[79, array([0.5251, 0.0243]), array([0.52990714, 0.02186667]), 0.7854, 1.0]
[79, array([0.5251, 0.0243]), array([0.53035476, 0.02186667]), 0.7854, 1.0]
[79, array([0.5251, 0.0243]), array([0.53080238, 0.02186667]), 0.7854, 1.0]
[79, array([0.5251, 0.0243]), array([0.53125   , 0.02186667]), 0.7854, 1.0]
[79, array([0.5251, 0.0243]), array([0.52185   , 0.02231429]), 0.7854, 1.0]
[79, array([0.5251, 0.0243]), array([0.52229762, 0.02231429]), 0.7854, 1.0]
[79, array([0.5251, 0.0243]), array([0.52274524, 0.02231429]), 0.7854, 1.0]
[79, array([0.5251, 0.0243]), array([0.52319286, 0.02231429]), 0.7854, 1.0]
[79, array([0.5251, 0.0243]), array([0.52364048, 0.02231429]), 0.7854, 1.0]
[79, array([0.5251, 0.0243]), array([0.5240881 , 0.02231429]), 0.7854, 1.0]
[79, array([0.5251, 0.0243]), array([0.52453571, 0.02231429]), 0.7854, 1.0]
[79, array([0.5251, 0.0243]), array([0.52498333, 0.02231429]), 0.7854, 1.0]
[79, array([0.5251, 0.0243]), array([0.52543095, 0.02231429]), 0.7854, 1.0]
[79, array([0.5251, 0.0243]), array([0.52587857, 0.02231429]), 0.7854, 1.0]
[79, array([0.5251, 0.0243]), array([0.52632619, 0.02231429]), 0.7854, 1.0]
[79, array([0.5251, 0.0243]), array([0.52677381, 0.02231429]), 0.7854, 1.0]
[79, array([0.5251, 0.0243]), array([0.52722143, 0.02231429]), 0.7854, 1.0]
[79, array([0.5251, 0.0243]), array([0.52766905, 0.02231429]), 0.7854, 1.0]
[79, array([0.5251, 0.0243]), array([0.52811667, 0.02231429]), 0.7854, 1.0]
[79, array([0.5251, 0.0243]), array([0.52856429, 0.02231429]), 0.7854, 1.0]
[79, array([0.5251, 0.0243]), array([0.5290119 , 0.02231429]), 0.7854, 1.0]
[79, array([0.5251, 0.0243]), array([0.52945952, 0.02231429]), 0.7854, 1.0]
[79, array([0.5251, 0.0243]), array([0.52990714, 0.02231429]), 0.7854, 1.0]
[79, array([0.5251, 0.0243]), array([0.53035476, 0.02231429]), 0.7854, 1.0]
[79, array([0.5251, 0.0243]), array([0.53080238, 0.02231429]), 0.7854, 1.0]
[79, array([0.5251, 0.0243]), array([0.53125   , 0.02231429]), 0.7854, 1.0]
[79, array([0.5251, 0.0243]), array([0.52185  , 0.0227619]), 0.7854, 1.0]
[79, array([0.5251, 0.0243]), array([0.52229762, 0.0227619 ]), 0.7854, 1.0]
[79, array([0.5251, 0.0243]), array([0.52274524, 0.0227619 ]), 0.7854, 1.0]
[79, array([0.5251, 0.0243]), array([0.52319286, 0.0227619 ]), 0.7854, 1.0]
[79, array([0.5251, 0.0243]), array([0.52364048, 0.0227619 ]), 0.7854, 1.0]
[79, array([0.5251, 0.0243]), array([0.5240881, 0.0227619]), 0.7854, 1.0]
[79, array([0.5251, 0.0243]), array([0.52453571, 0.0227619 ]), 0.7854, 1.0]
[79, array([0.5251, 0.0243]), array([0.52498333, 0.0227619 ]), 0.7854, 1.0]
[79, array([0.5251, 0.0243]), array([0.52543095, 0.0227619 ]), 0.7854, 1.0]
[79, array([0.5251, 0.0243]), array([0.52587857, 0.0227619 ]), 0.7854, 1.0]
[79, array([0.5251, 0.0243]), array([0.52632619, 0.0227619 ]), 0.7854, 1.0]
[79, array([0.5251, 0.0243]), array([0.52677381, 0.0227619 ]), 0.7854, 1.0]
[79, array([0.5251, 0.0243]), array([0.52722143, 0.0227619 ]), 0.7854, 1.0]
[79, array([0.5251, 0.0243]), array([0.52766905, 0.0227619 ]), 0.7854, 1.0]
[79, array([0.5251, 0.0243]), array([0.52811667, 0.0227619 ]), 0.7854, 1.0]
[79, array([0.5251, 0.0243]), array([0.52856429, 0.0227619 ]), 0.7854, 1.0]
[79, array([0.5251, 0.0243]), array([0.5290119, 0.0227619]), 0.7854, 1.0]
[79, array([0.5251, 0.0243]), array([0.52945952, 0.0227619 ]), 0.7854, 1.0]
[79, array([0.5251, 0.0243]), array([0.52990714, 0.0227619 ]), 0.7854, 1.0]
[79, array([0.5251, 0.0243]), array([0.53035476, 0.0227619 ]), 0.7854, 1.0]
[79, array([0.5251, 0.0243]), array([0.53080238, 0.0227619 ]), 0.7854, 1.0]
[79, array([0.5251, 0.0243]), array([0.53125  , 0.0227619]), 0.7854, 1.0]
[79, array([0.5251, 0.0243]), array([0.52185   , 0.02320952]), 0.7854, 1.0]
[79, array([0.5251, 0.0243]), array([0.52229762, 0.02320952]), 0.7854, 1.0]
[79, array([0.5251, 0.0243]), array([0.52274524, 0.02320952]), 0.7854, 1.0]
[79, array([0.5251, 0.0243]), array([0.52319286, 0.02320952]), 0.7854, 1.0]
[79, array([0.5251, 0.0243]), array([0.52364048, 0.02320952]), 0.7854, 1.0]
[79, array([0.5251, 0.0243]), array([0.5240881 , 0.02320952]), 0.7854, 1.0]
[79, array([0.5251, 0.0243]), array([0.52453571, 0.02320952]), 0.7854, 1.0]
[79, array([0.5251, 0.0243]), array([0.52498333, 0.02320952]), 0.7854, 1.0]
[79, array([0.5251, 0.0243]), array([0.52543095, 0.02320952]), 0.7854, 1.0]
[79, array([0.5251, 0.0243]), array([0.52587857, 0.02320952]), 0.7854, 1.0]
[79, array([0.5251, 0.0243]), array([0.52632619, 0.02320952]), 0.7854, 1.0]
[79, array([0.5251, 0.0243]), array([0.52677381, 0.02320952]), 0.7854, 1.0]
[79, array([0.5251, 0.0243]), array([0.52722143, 0.02320952]), 0.7854, 1.0]
[79, array([0.5251, 0.0243]), array([0.52766905, 0.02320952]), 0.7854, 1.0]
[79, array([0.5251, 0.0243]), array([0.52811667, 0.02320952]), 0.7854, 1.0]
[79, array([0.5251, 0.0243]), array([0.52856429, 0.02320952]), 0.7854, 1.0]
[79, array([0.5251, 0.0243]), array([0.5290119 , 0.02320952]), 0.7854, 1.0]
[79, array([0.5251, 0.0243]), array([0.52945952, 0.02320952]), 0.7854, 1.0]
[79, array([0.5251, 0.0243]), array([0.52990714, 0.02320952]), 0.7854, 1.0]
[79, array([0.5251, 0.0243]), array([0.53035476, 0.02320952]), 0.7854, 1.0]
[79, array([0.5251, 0.0243]), array([0.53080238, 0.02320952]), 0.7854, 1.0]
[79, array([0.5251, 0.0243]), array([0.53125   , 0.02320952]), 0.7854, 1.0]
[79, array([0.5251, 0.0243]), array([0.52185   , 0.02365714]), 0.7854, 1.0]
[79, array([0.5251, 0.0243]), array([0.52229762, 0.02365714]), 0.7854, 1.0]
[79, array([0.5251, 0.0243]), array([0.52274524, 0.02365714]), 0.7854, 1.0]
[79, array([0.5251, 0.0243]), array([0.52319286, 0.02365714]), 0.7854, 1.0]
[79, array([0.5251, 0.0243]), array([0.52364048, 0.02365714]), 0.7854, 1.0]
[79, array([0.5251, 0.0243]), array([0.5240881 , 0.02365714]), 0.7854, 1.0]
[79, array([0.5251, 0.0243]), array([0.52453571, 0.02365714]), 0.7854, 1.0]
[79, array([0.5251, 0.0243]), array([0.52498333, 0.02365714]), 0.7854, 1.0]
[79, array([0.5251, 0.0243]), array([0.52543095, 0.02365714]), 0.7854, 1.0]
[79, array([0.5251, 0.0243]), array([0.52587857, 0.02365714]), 0.7854, 1.0]
[79, array([0.5251, 0.0243]), array([0.52632619, 0.02365714]), 0.7854, 1.0]
[79, array([0.5251, 0.0243]), array([0.52677381, 0.02365714]), 0.7854, 1.0]
[79, array([0.5251, 0.0243]), array([0.52722143, 0.02365714]), 0.7854, 1.0]
[79, array([0.5251, 0.0243]), array([0.52766905, 0.02365714]), 0.7854, 1.0]
[79, array([0.5251, 0.0243]), array([0.52811667, 0.02365714]), 0.7854, 1.0]
[79, array([0.5251, 0.0243]), array([0.52856429, 0.02365714]), 0.7854, 1.0]
[79, array([0.5251, 0.0243]), array([0.5290119 , 0.02365714]), 0.7854, 1.0]
[79, array([0.5251, 0.0243]), array([0.52945952, 0.02365714]), 0.7854, 1.0]
[79, array([0.5251, 0.0243]), array([0.52990714, 0.02365714]), 0.7854, 1.0]
[79, array([0.5251, 0.0243]), array([0.53035476, 0.02365714]), 0.7854, 1.0]
[79, array([0.5251, 0.0243]), array([0.53080238, 0.02365714]), 0.7854, 1.0]
[79, array([0.5251, 0.0243]), array([0.53125   , 0.02365714]), 0.7854, 1.0]
[79, array([0.5251, 0.0243]), array([0.52185   , 0.02410476]), 0.7854, 1.0]
[79, array([0.5251, 0.0243]), array([0.52229762, 0.02410476]), 0.7854, 1.0]
[79, array([0.5251, 0.0243]), array([0.52274524, 0.02410476]), 0.7854, 1.0]
[79, array([0.5251, 0.0243]), array([0.52319286, 0.02410476]), 0.7854, 1.0]
[79, array([0.5251, 0.0243]), array([0.52364048, 0.02410476]), 0.7854, 1.0]
[79, array([0.5251, 0.0243]), array([0.5240881 , 0.02410476]), 0.7854, 1.0]
[79, array([0.5251, 0.0243]), array([0.52453571, 0.02410476]), 0.7854, 1.0]
[79, array([0.5251, 0.0243]), array([0.52498333, 0.02410476]), 0.7854, 1.0]
[79, array([0.5251, 0.0243]), array([0.52543095, 0.02410476]), 0.7854, 1.0]
[79, array([0.5251, 0.0243]), array([0.52587857, 0.02410476]), 0.7854, 1.0]
[79, array([0.5251, 0.0243]), array([0.52632619, 0.02410476]), 0.7854, 1.0]
[79, array([0.5251, 0.0243]), array([0.52677381, 0.02410476]), 0.7854, 1.0]
[79, array([0.5251, 0.0243]), array([0.52722143, 0.02410476]), 0.7854, 1.0]
[79, array([0.5251, 0.0243]), array([0.52766905, 0.02410476]), 0.7854, 1.0]
[79, array([0.5251, 0.0243]), array([0.52811667, 0.02410476]), 0.7854, 1.0]
[79, array([0.5251, 0.0243]), array([0.52856429, 0.02410476]), 0.7854, 1.0]
[79, array([0.5251, 0.0243]), array([0.5290119 , 0.02410476]), 0.7854, 1.0]
[79, array([0.5251, 0.0243]), array([0.52945952, 0.02410476]), 0.7854, 1.0]
[79, array([0.5251, 0.0243]), array([0.52990714, 0.02410476]), 0.7854, 1.0]
[79, array([0.5251, 0.0243]), array([0.53035476, 0.02410476]), 0.7854, 1.0]
[79, array([0.5251, 0.0243]), array([0.53080238, 0.02410476]), 0.7854, 1.0]
[79, array([0.5251, 0.0243]), array([0.53125   , 0.02410476]), 0.7854, 1.0]
[79, array([0.5251, 0.0243]), array([0.52185   , 0.02455238]), 0.7854, 1.0]
[79, array([0.5251, 0.0243]), array([0.52229762, 0.02455238]), 0.7854, 1.0]
[79, array([0.5251, 0.0243]), array([0.52274524, 0.02455238]), 0.7854, 1.0]
[79, array([0.5251, 0.0243]), array([0.52319286, 0.02455238]), 0.7854, 1.0]
[79, array([0.5251, 0.0243]), array([0.52364048, 0.02455238]), 0.7854, 1.0]
[79, array([0.5251, 0.0243]), array([0.5240881 , 0.02455238]), 0.7854, 1.0]
[79, array([0.5251, 0.0243]), array([0.52453571, 0.02455238]), 0.7854, 1.0]
[79, array([0.5251, 0.0243]), array([0.52498333, 0.02455238]), 0.7854, 1.0]
[79, array([0.5251, 0.0243]), array([0.52543095, 0.02455238]), 0.7854, 1.0]
[79, array([0.5251, 0.0243]), array([0.52587857, 0.02455238]), 0.7854, 1.0]
[79, array([0.5251, 0.0243]), array([0.52632619, 0.02455238]), 0.7854, 1.0]
[79, array([0.5251, 0.0243]), array([0.52677381, 0.02455238]), 0.7854, 1.0]
[79, array([0.5251, 0.0243]), array([0.52722143, 0.02455238]), 0.7854, 1.0]
[79, array([0.5251, 0.0243]), array([0.52766905, 0.02455238]), 0.7854, 1.0]
[79, array([0.5251, 0.0243]), array([0.52811667, 0.02455238]), 0.7854, 1.0]
[79, array([0.5251, 0.0243]), array([0.52856429, 0.02455238]), 0.7854, 1.0]
[79, array([0.5251, 0.0243]), array([0.5290119 , 0.02455238]), 0.7854, 1.0]
[79, array([0.5251, 0.0243]), array([0.52945952, 0.02455238]), 0.7854, 1.0]
[79, array([0.5251, 0.0243]), array([0.52990714, 0.02455238]), 0.7854, 1.0]
[79, array([0.5251, 0.0243]), array([0.53035476, 0.02455238]), 0.7854, 1.0]
[79, array([0.5251, 0.0243]), array([0.53080238, 0.02455238]), 0.7854, 1.0]
[79, array([0.5251, 0.0243]), array([0.53125   , 0.02455238]), 0.7854, 1.0]
[79, array([0.5251, 0.0243]), array([0.52185, 0.025  ]), 0.7854, 1.0]
[79, array([0.5251, 0.0243]), array([0.52229762, 0.025     ]), 0.7854, 1.0]
[79, array([0.5251, 0.0243]), array([0.52274524, 0.025     ]), 0.7854, 1.0]
[79, array([0.5251, 0.0243]), array([0.52319286, 0.025     ]), 0.7854, 1.0]
[79, array([0.5251, 0.0243]), array([0.52364048, 0.025     ]), 0.7854, 1.0]
[79, array([0.5251, 0.0243]), array([0.5240881, 0.025    ]), 0.7854, 1.0]
[79, array([0.5251, 0.0243]), array([0.52453571, 0.025     ]), 0.7854, 1.0]
[79, array([0.5251, 0.0243]), array([0.52498333, 0.025     ]), 0.7854, 1.0]
[79, array([0.5251, 0.0243]), array([0.52543095, 0.025     ]), 0.7854, 1.0]
[79, array([0.5251, 0.0243]), array([0.52587857, 0.025     ]), 0.7854, 1.0]
[79, array([0.5251, 0.0243]), array([0.52632619, 0.025     ]), 0.7854, 1.0]
[79, array([0.5251, 0.0243]), array([0.52677381, 0.025     ]), 0.7854, 1.0]
[79, array([0.5251, 0.0243]), array([0.52722143, 0.025     ]), 0.7854, 1.0]
[79, array([0.5251, 0.0243]), array([0.52766905, 0.025     ]), 0.7854, 1.0]
[79, array([0.5251, 0.0243]), array([0.52811667, 0.025     ]), 0.7854, 1.0]
[79, array([0.5251, 0.0243]), array([0.52856429, 0.025     ]), 0.7854, 1.0]
[79, array([0.5251, 0.0243]), array([0.5290119, 0.025    ]), 0.7854, 1.0]
[79, array([0.5251, 0.0243]), array([0.52945952, 0.025     ]), 0.7854, 1.0]
[79, array([0.5251, 0.0243]), array([0.52990714, 0.025     ]), 0.7854, 1.0]
[79, array([0.5251, 0.0243]), array([0.53035476, 0.025     ]), 0.7854, 1.0]
[79, array([0.5251, 0.0243]), array([0.53080238, 0.025     ]), 0.7854, 1.0]
[79, array([0.5251, 0.0243]), array([0.53125, 0.025  ]), 0.7854, 1.0]
[74, array([0.4785, 0.0423]), array([0.4734, 0.0406]), 0.7854, 1.0]
[74, array([0.4785, 0.0423]), array([0.47355238, 0.0406    ]), 0.7854, 0.0]
[74, array([0.4785, 0.0423]), array([0.47370476, 0.0406    ]), 0.7854, 0.0]
[74, array([0.4785, 0.0423]), array([0.47385714, 0.0406    ]), 0.7854, 0.0]
[74, array([0.4785, 0.0423]), array([0.47400952, 0.0406    ]), 0.7854, 0.0]
[74, array([0.4785, 0.0423]), array([0.4741619, 0.0406   ]), 0.7854, 0.0]
[74, array([0.4785, 0.0423]), array([0.47431429, 0.0406    ]), 0.7854, 0.0]
[74, array([0.4785, 0.0423]), array([0.47446667, 0.0406    ]), 0.7854, 0.0]
[74, array([0.4785, 0.0423]), array([0.47461905, 0.0406    ]), 0.7854, 0.0]
[74, array([0.4785, 0.0423]), array([0.47477143, 0.0406    ]), 0.7854, 0.0]
[74, array([0.4785, 0.0423]), array([0.47492381, 0.0406    ]), 0.7854, 0.0]
[74, array([0.4785, 0.0423]), array([0.47507619, 0.0406    ]), 0.7854, 0.0]
[74, array([0.4785, 0.0423]), array([0.47522857, 0.0406    ]), 0.7854, 0.0]
[74, array([0.4785, 0.0423]), array([0.47538095, 0.0406    ]), 0.7854, 0.0]
[74, array([0.4785, 0.0423]), array([0.47553333, 0.0406    ]), 0.7854, 0.0]
[74, array([0.4785, 0.0423]), array([0.47568571, 0.0406    ]), 0.7854, 1.0]
[74, array([0.4785, 0.0423]), array([0.4758381, 0.0406   ]), 0.7854, 0.0]
[74, array([0.4785, 0.0423]), array([0.47599048, 0.0406    ]), 0.7854, 0.0]
[74, array([0.4785, 0.0423]), array([0.47614286, 0.0406    ]), 0.7854, 0.0]
[74, array([0.4785, 0.0423]), array([0.47629524, 0.0406    ]), 0.7854, 1.0]
[74, array([0.4785, 0.0423]), array([0.47644762, 0.0406    ]), 0.7854, 1.0]
[74, array([0.4785, 0.0423]), array([0.4766, 0.0406]), 0.7854, 1.0]
[74, array([0.4785, 0.0423]), array([0.4734    , 0.04075238]), 0.7854, 1.0]
[74, array([0.4785, 0.0423]), array([0.47355238, 0.04075238]), 0.7854, 0.0]
[74, array([0.4785, 0.0423]), array([0.47370476, 0.04075238]), 0.7854, 0.0]
[74, array([0.4785, 0.0423]), array([0.47385714, 0.04075238]), 0.7854, 0.0]
[74, array([0.4785, 0.0423]), array([0.47400952, 0.04075238]), 0.7854, 0.0]
[74, array([0.4785, 0.0423]), array([0.4741619 , 0.04075238]), 0.7854, 0.0]
[74, array([0.4785, 0.0423]), array([0.47431429, 0.04075238]), 0.7854, 0.0]
[74, array([0.4785, 0.0423]), array([0.47446667, 0.04075238]), 0.7854, 0.0]
[74, array([0.4785, 0.0423]), array([0.47461905, 0.04075238]), 0.7854, 0.0]
[74, array([0.4785, 0.0423]), array([0.47477143, 0.04075238]), 0.7854, 0.0]
[74, array([0.4785, 0.0423]), array([0.47492381, 0.04075238]), 0.7854, 0.0]
[74, array([0.4785, 0.0423]), array([0.47507619, 0.04075238]), 0.7854, 0.0]
[74, array([0.4785, 0.0423]), array([0.47522857, 0.04075238]), 0.7854, 0.0]
[74, array([0.4785, 0.0423]), array([0.47538095, 0.04075238]), 0.7854, 0.0]
[74, array([0.4785, 0.0423]), array([0.47553333, 0.04075238]), 0.7854, 0.0]
[74, array([0.4785, 0.0423]), array([0.47568571, 0.04075238]), 0.7854, 0.0]
[74, array([0.4785, 0.0423]), array([0.4758381 , 0.04075238]), 0.7854, 0.0]
[74, array([0.4785, 0.0423]), array([0.47599048, 0.04075238]), 0.7854, 0.0]
[74, array([0.4785, 0.0423]), array([0.47614286, 0.04075238]), 0.7854, 1.0]
[74, array([0.4785, 0.0423]), array([0.47629524, 0.04075238]), 0.7854, 0.0]
[74, array([0.4785, 0.0423]), array([0.47644762, 0.04075238]), 0.7854, 1.0]
[74, array([0.4785, 0.0423]), array([0.4766    , 0.04075238]), 0.7854, 1.0]
[74, array([0.4785, 0.0423]), array([0.4734    , 0.04090476]), 0.7854, 0.0]
[74, array([0.4785, 0.0423]), array([0.47355238, 0.04090476]), 0.7854, 0.0]
[74, array([0.4785, 0.0423]), array([0.47370476, 0.04090476]), 0.7854, 0.0]
[74, array([0.4785, 0.0423]), array([0.47385714, 0.04090476]), 0.7854, 0.0]
[74, array([0.4785, 0.0423]), array([0.47400952, 0.04090476]), 0.7854, 0.0]
[74, array([0.4785, 0.0423]), array([0.4741619 , 0.04090476]), 0.7854, 0.0]
[74, array([0.4785, 0.0423]), array([0.47431429, 0.04090476]), 0.7854, 0.0]
[74, array([0.4785, 0.0423]), array([0.47446667, 0.04090476]), 0.7854, 0.0]
[74, array([0.4785, 0.0423]), array([0.47461905, 0.04090476]), 0.7854, 0.0]
[74, array([0.4785, 0.0423]), array([0.47477143, 0.04090476]), 0.7854, 0.0]
[74, array([0.4785, 0.0423]), array([0.47492381, 0.04090476]), 0.7854, 0.0]
[74, array([0.4785, 0.0423]), array([0.47507619, 0.04090476]), 0.7854, 0.0]
[74, array([0.4785, 0.0423]), array([0.47522857, 0.04090476]), 0.7854, 0.0]
[74, array([0.4785, 0.0423]), array([0.47538095, 0.04090476]), 0.7854, 0.0]
[74, array([0.4785, 0.0423]), array([0.47553333, 0.04090476]), 0.7854, 0.0]
[74, array([0.4785, 0.0423]), array([0.47568571, 0.04090476]), 0.7854, 0.0]
[74, array([0.4785, 0.0423]), array([0.4758381 , 0.04090476]), 0.7854, 0.0]
[74, array([0.4785, 0.0423]), array([0.47599048, 0.04090476]), 0.7854, 0.0]
[74, array([0.4785, 0.0423]), array([0.47614286, 0.04090476]), 0.7854, 0.0]
[74, array([0.4785, 0.0423]), array([0.47629524, 0.04090476]), 0.7854, 0.0]
[74, array([0.4785, 0.0423]), array([0.47644762, 0.04090476]), 0.7854, 1.0]
[74, array([0.4785, 0.0423]), array([0.4766    , 0.04090476]), 0.7854, 1.0]
[74, array([0.4785, 0.0423]), array([0.4734    , 0.04105714]), 0.7854, 1.0]
[74, array([0.4785, 0.0423]), array([0.47355238, 0.04105714]), 0.7854, 0.0]
[74, array([0.4785, 0.0423]), array([0.47370476, 0.04105714]), 0.7854, 0.0]
[74, array([0.4785, 0.0423]), array([0.47385714, 0.04105714]), 0.7854, 0.0]
[74, array([0.4785, 0.0423]), array([0.47400952, 0.04105714]), 0.7854, 0.0]
[74, array([0.4785, 0.0423]), array([0.4741619 , 0.04105714]), 0.7854, 0.0]
[74, array([0.4785, 0.0423]), array([0.47431429, 0.04105714]), 0.7854, 0.0]
[74, array([0.4785, 0.0423]), array([0.47446667, 0.04105714]), 0.7854, 0.0]
[74, array([0.4785, 0.0423]), array([0.47461905, 0.04105714]), 0.7854, 0.0]
[74, array([0.4785, 0.0423]), array([0.47477143, 0.04105714]), 0.7854, 0.0]
[74, array([0.4785, 0.0423]), array([0.47492381, 0.04105714]), 0.7854, 0.0]
[74, array([0.4785, 0.0423]), array([0.47507619, 0.04105714]), 0.7854, 0.0]
[74, array([0.4785, 0.0423]), array([0.47522857, 0.04105714]), 0.7854, 0.0]
[74, array([0.4785, 0.0423]), array([0.47538095, 0.04105714]), 0.7854, 0.0]
[74, array([0.4785, 0.0423]), array([0.47553333, 0.04105714]), 0.7854, 0.0]
[74, array([0.4785, 0.0423]), array([0.47568571, 0.04105714]), 0.7854, 0.0]
[74, array([0.4785, 0.0423]), array([0.4758381 , 0.04105714]), 0.7854, 1.0]
[74, array([0.4785, 0.0423]), array([0.47599048, 0.04105714]), 0.7854, 0.0]
[74, array([0.4785, 0.0423]), array([0.47614286, 0.04105714]), 0.7854, 0.0]
[74, array([0.4785, 0.0423]), array([0.47629524, 0.04105714]), 0.7854, 0.0]
[74, array([0.4785, 0.0423]), array([0.47644762, 0.04105714]), 0.7854, 1.0]
[74, array([0.4785, 0.0423]), array([0.4766    , 0.04105714]), 0.7854, 1.0]
[74, array([0.4785, 0.0423]), array([0.4734    , 0.04120952]), 0.7854, 1.0]
[74, array([0.4785, 0.0423]), array([0.47355238, 0.04120952]), 0.7854, 0.0]
[74, array([0.4785, 0.0423]), array([0.47370476, 0.04120952]), 0.7854, 0.0]
[74, array([0.4785, 0.0423]), array([0.47385714, 0.04120952]), 0.7854, 0.0]
[74, array([0.4785, 0.0423]), array([0.47400952, 0.04120952]), 0.7854, 0.0]
[74, array([0.4785, 0.0423]), array([0.4741619 , 0.04120952]), 0.7854, 0.0]
[74, array([0.4785, 0.0423]), array([0.47431429, 0.04120952]), 0.7854, 0.0]
[74, array([0.4785, 0.0423]), array([0.47446667, 0.04120952]), 0.7854, 0.0]
[74, array([0.4785, 0.0423]), array([0.47461905, 0.04120952]), 0.7854, 0.0]
[74, array([0.4785, 0.0423]), array([0.47477143, 0.04120952]), 0.7854, 0.0]
[74, array([0.4785, 0.0423]), array([0.47492381, 0.04120952]), 0.7854, 0.0]
[74, array([0.4785, 0.0423]), array([0.47507619, 0.04120952]), 0.7854, 0.0]
[74, array([0.4785, 0.0423]), array([0.47522857, 0.04120952]), 0.7854, 0.0]
[74, array([0.4785, 0.0423]), array([0.47538095, 0.04120952]), 0.7854, 0.0]
[74, array([0.4785, 0.0423]), array([0.47553333, 0.04120952]), 0.7854, 0.0]
[74, array([0.4785, 0.0423]), array([0.47568571, 0.04120952]), 0.7854, 1.0]
[74, array([0.4785, 0.0423]), array([0.4758381 , 0.04120952]), 0.7854, 1.0]
[74, array([0.4785, 0.0423]), array([0.47599048, 0.04120952]), 0.7854, 0.0]
[74, array([0.4785, 0.0423]), array([0.47614286, 0.04120952]), 0.7854, 0.0]
[74, array([0.4785, 0.0423]), array([0.47629524, 0.04120952]), 0.7854, 0.0]
[74, array([0.4785, 0.0423]), array([0.47644762, 0.04120952]), 0.7854, 1.0]
[74, array([0.4785, 0.0423]), array([0.4766    , 0.04120952]), 0.7854, 1.0]
[74, array([0.4785, 0.0423]), array([0.4734   , 0.0413619]), 0.7854, 0.0]
[74, array([0.4785, 0.0423]), array([0.47355238, 0.0413619 ]), 0.7854, 0.0]
[74, array([0.4785, 0.0423]), array([0.47370476, 0.0413619 ]), 0.7854, 0.0]
[74, array([0.4785, 0.0423]), array([0.47385714, 0.0413619 ]), 0.7854, 0.0]
[74, array([0.4785, 0.0423]), array([0.47400952, 0.0413619 ]), 0.7854, 0.0]
[74, array([0.4785, 0.0423]), array([0.4741619, 0.0413619]), 0.7854, 0.0]
[74, array([0.4785, 0.0423]), array([0.47431429, 0.0413619 ]), 0.7854, 0.0]
[74, array([0.4785, 0.0423]), array([0.47446667, 0.0413619 ]), 0.7854, 0.0]
[74, array([0.4785, 0.0423]), array([0.47461905, 0.0413619 ]), 0.7854, 0.0]
[74, array([0.4785, 0.0423]), array([0.47477143, 0.0413619 ]), 0.7854, 0.0]
[74, array([0.4785, 0.0423]), array([0.47492381, 0.0413619 ]), 0.7854, 0.0]
[74, array([0.4785, 0.0423]), array([0.47507619, 0.0413619 ]), 0.7854, 0.0]
[74, array([0.4785, 0.0423]), array([0.47522857, 0.0413619 ]), 0.7854, 0.0]
[74, array([0.4785, 0.0423]), array([0.47538095, 0.0413619 ]), 0.7854, 0.0]
[74, array([0.4785, 0.0423]), array([0.47553333, 0.0413619 ]), 0.7854, 0.0]
[74, array([0.4785, 0.0423]), array([0.47568571, 0.0413619 ]), 0.7854, 0.0]
[74, array([0.4785, 0.0423]), array([0.4758381, 0.0413619]), 0.7854, 0.0]
[74, array([0.4785, 0.0423]), array([0.47599048, 0.0413619 ]), 0.7854, 0.0]
[74, array([0.4785, 0.0423]), array([0.47614286, 0.0413619 ]), 0.7854, 0.0]
[74, array([0.4785, 0.0423]), array([0.47629524, 0.0413619 ]), 0.7854, 0.0]
[74, array([0.4785, 0.0423]), array([0.47644762, 0.0413619 ]), 0.7854, 1.0]
[74, array([0.4785, 0.0423]), array([0.4766   , 0.0413619]), 0.7854, 0.0]
[74, array([0.4785, 0.0423]), array([0.4734    , 0.04151429]), 0.7854, 1.0]
[74, array([0.4785, 0.0423]), array([0.47355238, 0.04151429]), 0.7854, 0.0]
[74, array([0.4785, 0.0423]), array([0.47370476, 0.04151429]), 0.7854, 0.0]
[74, array([0.4785, 0.0423]), array([0.47385714, 0.04151429]), 0.7854, 0.0]
[74, array([0.4785, 0.0423]), array([0.47400952, 0.04151429]), 0.7854, 0.0]
[74, array([0.4785, 0.0423]), array([0.4741619 , 0.04151429]), 0.7854, 0.0]
[74, array([0.4785, 0.0423]), array([0.47431429, 0.04151429]), 0.7854, 0.0]
[74, array([0.4785, 0.0423]), array([0.47446667, 0.04151429]), 0.7854, 0.0]
[74, array([0.4785, 0.0423]), array([0.47461905, 0.04151429]), 0.7854, 0.0]
[74, array([0.4785, 0.0423]), array([0.47477143, 0.04151429]), 0.7854, 0.0]
[74, array([0.4785, 0.0423]), array([0.47492381, 0.04151429]), 0.7854, 0.0]
[74, array([0.4785, 0.0423]), array([0.47507619, 0.04151429]), 0.7854, 0.0]
[74, array([0.4785, 0.0423]), array([0.47522857, 0.04151429]), 0.7854, 0.0]
[74, array([0.4785, 0.0423]), array([0.47538095, 0.04151429]), 0.7854, 0.0]
[74, array([0.4785, 0.0423]), array([0.47553333, 0.04151429]), 0.7854, 0.0]
[74, array([0.4785, 0.0423]), array([0.47568571, 0.04151429]), 0.7854, 0.0]
[74, array([0.4785, 0.0423]), array([0.4758381 , 0.04151429]), 0.7854, 0.0]
[74, array([0.4785, 0.0423]), array([0.47599048, 0.04151429]), 0.7854, 1.0]
[74, array([0.4785, 0.0423]), array([0.47614286, 0.04151429]), 0.7854, 0.0]
[74, array([0.4785, 0.0423]), array([0.47629524, 0.04151429]), 0.7854, 0.0]
[74, array([0.4785, 0.0423]), array([0.47644762, 0.04151429]), 0.7854, 1.0]
[74, array([0.4785, 0.0423]), array([0.4766    , 0.04151429]), 0.7854, 1.0]
[74, array([0.4785, 0.0423]), array([0.4734    , 0.04166667]), 0.7854, 1.0]
[74, array([0.4785, 0.0423]), array([0.47355238, 0.04166667]), 0.7854, 0.0]
[74, array([0.4785, 0.0423]), array([0.47370476, 0.04166667]), 0.7854, 0.0]
[74, array([0.4785, 0.0423]), array([0.47385714, 0.04166667]), 0.7854, 0.0]
[74, array([0.4785, 0.0423]), array([0.47400952, 0.04166667]), 0.7854, 0.0]
[74, array([0.4785, 0.0423]), array([0.4741619 , 0.04166667]), 0.7854, 0.0]
[74, array([0.4785, 0.0423]), array([0.47431429, 0.04166667]), 0.7854, 0.0]
[74, array([0.4785, 0.0423]), array([0.47446667, 0.04166667]), 0.7854, 0.0]
[74, array([0.4785, 0.0423]), array([0.47461905, 0.04166667]), 0.7854, 0.0]
[74, array([0.4785, 0.0423]), array([0.47477143, 0.04166667]), 0.7854, 0.0]
[74, array([0.4785, 0.0423]), array([0.47492381, 0.04166667]), 0.7854, 0.0]
[74, array([0.4785, 0.0423]), array([0.47507619, 0.04166667]), 0.7854, 0.0]
[74, array([0.4785, 0.0423]), array([0.47522857, 0.04166667]), 0.7854, 0.0]
[74, array([0.4785, 0.0423]), array([0.47538095, 0.04166667]), 0.7854, 0.0]
[74, array([0.4785, 0.0423]), array([0.47553333, 0.04166667]), 0.7854, 0.0]
[74, array([0.4785, 0.0423]), array([0.47568571, 0.04166667]), 0.7854, 0.0]
[74, array([0.4785, 0.0423]), array([0.4758381 , 0.04166667]), 0.7854, 1.0]
[74, array([0.4785, 0.0423]), array([0.47599048, 0.04166667]), 0.7854, 1.0]
[74, array([0.4785, 0.0423]), array([0.47614286, 0.04166667]), 0.7854, 0.0]
[74, array([0.4785, 0.0423]), array([0.47629524, 0.04166667]), 0.7854, 0.0]
[74, array([0.4785, 0.0423]), array([0.47644762, 0.04166667]), 0.7854, 1.0]
[74, array([0.4785, 0.0423]), array([0.4766    , 0.04166667]), 0.7854, 1.0]
[74, array([0.4785, 0.0423]), array([0.4734    , 0.04181905]), 0.7854, 1.0]
[74, array([0.4785, 0.0423]), array([0.47355238, 0.04181905]), 0.7854, 0.0]
[74, array([0.4785, 0.0423]), array([0.47370476, 0.04181905]), 0.7854, 0.0]
[74, array([0.4785, 0.0423]), array([0.47385714, 0.04181905]), 0.7854, 0.0]
[74, array([0.4785, 0.0423]), array([0.47400952, 0.04181905]), 0.7854, 0.0]
[74, array([0.4785, 0.0423]), array([0.4741619 , 0.04181905]), 0.7854, 0.0]
[74, array([0.4785, 0.0423]), array([0.47431429, 0.04181905]), 0.7854, 0.0]
[74, array([0.4785, 0.0423]), array([0.47446667, 0.04181905]), 0.7854, 0.0]
[74, array([0.4785, 0.0423]), array([0.47461905, 0.04181905]), 0.7854, 1.0]
[74, array([0.4785, 0.0423]), array([0.47477143, 0.04181905]), 0.7854, 0.0]
[74, array([0.4785, 0.0423]), array([0.47492381, 0.04181905]), 0.7854, 0.0]
[74, array([0.4785, 0.0423]), array([0.47507619, 0.04181905]), 0.7854, 0.0]
[74, array([0.4785, 0.0423]), array([0.47522857, 0.04181905]), 0.7854, 0.0]
[74, array([0.4785, 0.0423]), array([0.47538095, 0.04181905]), 0.7854, 0.0]
[74, array([0.4785, 0.0423]), array([0.47553333, 0.04181905]), 0.7854, 0.0]
[74, array([0.4785, 0.0423]), array([0.47568571, 0.04181905]), 0.7854, 1.0]
[74, array([0.4785, 0.0423]), array([0.4758381 , 0.04181905]), 0.7854, 1.0]
[74, array([0.4785, 0.0423]), array([0.47599048, 0.04181905]), 0.7854, 1.0]
[74, array([0.4785, 0.0423]), array([0.47614286, 0.04181905]), 0.7854, 0.0]
[74, array([0.4785, 0.0423]), array([0.47629524, 0.04181905]), 0.7854, 0.0]
[74, array([0.4785, 0.0423]), array([0.47644762, 0.04181905]), 0.7854, 1.0]
[74, array([0.4785, 0.0423]), array([0.4766    , 0.04181905]), 0.7854, 1.0]
[74, array([0.4785, 0.0423]), array([0.4734    , 0.04197143]), 0.7854, 1.0]
[74, array([0.4785, 0.0423]), array([0.47355238, 0.04197143]), 0.7854, 0.0]
[74, array([0.4785, 0.0423]), array([0.47370476, 0.04197143]), 0.7854, 0.0]
[74, array([0.4785, 0.0423]), array([0.47385714, 0.04197143]), 0.7854, 0.0]
[74, array([0.4785, 0.0423]), array([0.47400952, 0.04197143]), 0.7854, 0.0]
[74, array([0.4785, 0.0423]), array([0.4741619 , 0.04197143]), 0.7854, 0.0]
[74, array([0.4785, 0.0423]), array([0.47431429, 0.04197143]), 0.7854, 0.0]
[74, array([0.4785, 0.0423]), array([0.47446667, 0.04197143]), 0.7854, 0.0]
[74, array([0.4785, 0.0423]), array([0.47461905, 0.04197143]), 0.7854, 0.0]
[74, array([0.4785, 0.0423]), array([0.47477143, 0.04197143]), 0.7854, 0.0]
[74, array([0.4785, 0.0423]), array([0.47492381, 0.04197143]), 0.7854, 0.0]
[74, array([0.4785, 0.0423]), array([0.47507619, 0.04197143]), 0.7854, 0.0]
[74, array([0.4785, 0.0423]), array([0.47522857, 0.04197143]), 0.7854, 0.0]
[74, array([0.4785, 0.0423]), array([0.47538095, 0.04197143]), 0.7854, 0.0]
[74, array([0.4785, 0.0423]), array([0.47553333, 0.04197143]), 0.7854, 1.0]
[74, array([0.4785, 0.0423]), array([0.47568571, 0.04197143]), 0.7854, 1.0]
[74, array([0.4785, 0.0423]), array([0.4758381 , 0.04197143]), 0.7854, 0.0]
[74, array([0.4785, 0.0423]), array([0.47599048, 0.04197143]), 0.7854, 0.0]
[74, array([0.4785, 0.0423]), array([0.47614286, 0.04197143]), 0.7854, 1.0]
[74, array([0.4785, 0.0423]), array([0.47629524, 0.04197143]), 0.7854, 0.0]
[74, array([0.4785, 0.0423]), array([0.47644762, 0.04197143]), 0.7854, 0.0]
[74, array([0.4785, 0.0423]), array([0.4766    , 0.04197143]), 0.7854, 1.0]
[74, array([0.4785, 0.0423]), array([0.4734    , 0.04212381]), 0.7854, 0.0]
[74, array([0.4785, 0.0423]), array([0.47355238, 0.04212381]), 0.7854, 0.0]
[74, array([0.4785, 0.0423]), array([0.47370476, 0.04212381]), 0.7854, 0.0]
[74, array([0.4785, 0.0423]), array([0.47385714, 0.04212381]), 0.7854, 0.0]
[74, array([0.4785, 0.0423]), array([0.47400952, 0.04212381]), 0.7854, 0.0]
[74, array([0.4785, 0.0423]), array([0.4741619 , 0.04212381]), 0.7854, 0.0]
[74, array([0.4785, 0.0423]), array([0.47431429, 0.04212381]), 0.7854, 0.0]
[74, array([0.4785, 0.0423]), array([0.47446667, 0.04212381]), 0.7854, 0.0]
[74, array([0.4785, 0.0423]), array([0.47461905, 0.04212381]), 0.7854, 0.0]
[74, array([0.4785, 0.0423]), array([0.47477143, 0.04212381]), 0.7854, 0.0]
[74, array([0.4785, 0.0423]), array([0.47492381, 0.04212381]), 0.7854, 0.0]
[74, array([0.4785, 0.0423]), array([0.47507619, 0.04212381]), 0.7854, 0.0]
[74, array([0.4785, 0.0423]), array([0.47522857, 0.04212381]), 0.7854, 1.0]
[74, array([0.4785, 0.0423]), array([0.47538095, 0.04212381]), 0.7854, 0.0]
[74, array([0.4785, 0.0423]), array([0.47553333, 0.04212381]), 0.7854, 0.0]
[74, array([0.4785, 0.0423]), array([0.47568571, 0.04212381]), 0.7854, 1.0]
[74, array([0.4785, 0.0423]), array([0.4758381 , 0.04212381]), 0.7854, 0.0]
[74, array([0.4785, 0.0423]), array([0.47599048, 0.04212381]), 0.7854, 0.0]
[74, array([0.4785, 0.0423]), array([0.47614286, 0.04212381]), 0.7854, 0.0]
[74, array([0.4785, 0.0423]), array([0.47629524, 0.04212381]), 0.7854, 0.0]
[74, array([0.4785, 0.0423]), array([0.47644762, 0.04212381]), 0.7854, 1.0]
[74, array([0.4785, 0.0423]), array([0.4766    , 0.04212381]), 0.7854, 1.0]
[74, array([0.4785, 0.0423]), array([0.4734    , 0.04227619]), 0.7854, 1.0]
[74, array([0.4785, 0.0423]), array([0.47355238, 0.04227619]), 0.7854, 0.0]
[74, array([0.4785, 0.0423]), array([0.47370476, 0.04227619]), 0.7854, 0.0]
[74, array([0.4785, 0.0423]), array([0.47385714, 0.04227619]), 0.7854, 0.0]
[74, array([0.4785, 0.0423]), array([0.47400952, 0.04227619]), 0.7854, 0.0]
[74, array([0.4785, 0.0423]), array([0.4741619 , 0.04227619]), 0.7854, 0.0]
[74, array([0.4785, 0.0423]), array([0.47431429, 0.04227619]), 0.7854, 0.0]
[74, array([0.4785, 0.0423]), array([0.47446667, 0.04227619]), 0.7854, 0.0]
[74, array([0.4785, 0.0423]), array([0.47461905, 0.04227619]), 0.7854, 0.0]
[74, array([0.4785, 0.0423]), array([0.47477143, 0.04227619]), 0.7854, 0.0]
[74, array([0.4785, 0.0423]), array([0.47492381, 0.04227619]), 0.7854, 0.0]
[74, array([0.4785, 0.0423]), array([0.47507619, 0.04227619]), 0.7854, 0.0]
[74, array([0.4785, 0.0423]), array([0.47522857, 0.04227619]), 0.7854, 0.0]
[74, array([0.4785, 0.0423]), array([0.47538095, 0.04227619]), 0.7854, 0.0]
[74, array([0.4785, 0.0423]), array([0.47553333, 0.04227619]), 0.7854, 1.0]
[74, array([0.4785, 0.0423]), array([0.47568571, 0.04227619]), 0.7854, 1.0]
[74, array([0.4785, 0.0423]), array([0.4758381 , 0.04227619]), 0.7854, 0.0]
[74, array([0.4785, 0.0423]), array([0.47599048, 0.04227619]), 0.7854, 0.0]
[74, array([0.4785, 0.0423]), array([0.47614286, 0.04227619]), 0.7854, 0.0]
[74, array([0.4785, 0.0423]), array([0.47629524, 0.04227619]), 0.7854, 0.0]
[74, array([0.4785, 0.0423]), array([0.47644762, 0.04227619]), 0.7854, 0.0]
[74, array([0.4785, 0.0423]), array([0.4766    , 0.04227619]), 0.7854, 1.0]
[74, array([0.4785, 0.0423]), array([0.4734    , 0.04242857]), 0.7854, 1.0]
[74, array([0.4785, 0.0423]), array([0.47355238, 0.04242857]), 0.7854, 0.0]
[74, array([0.4785, 0.0423]), array([0.47370476, 0.04242857]), 0.7854, 0.0]
[74, array([0.4785, 0.0423]), array([0.47385714, 0.04242857]), 0.7854, 0.0]
[74, array([0.4785, 0.0423]), array([0.47400952, 0.04242857]), 0.7854, 0.0]
[74, array([0.4785, 0.0423]), array([0.4741619 , 0.04242857]), 0.7854, 0.0]
[74, array([0.4785, 0.0423]), array([0.47431429, 0.04242857]), 0.7854, 0.0]
[74, array([0.4785, 0.0423]), array([0.47446667, 0.04242857]), 0.7854, 0.0]
[74, array([0.4785, 0.0423]), array([0.47461905, 0.04242857]), 0.7854, 0.0]
[74, array([0.4785, 0.0423]), array([0.47477143, 0.04242857]), 0.7854, 0.0]
[74, array([0.4785, 0.0423]), array([0.47492381, 0.04242857]), 0.7854, 0.0]
[74, array([0.4785, 0.0423]), array([0.47507619, 0.04242857]), 0.7854, 0.0]
[74, array([0.4785, 0.0423]), array([0.47522857, 0.04242857]), 0.7854, 0.0]
[74, array([0.4785, 0.0423]), array([0.47538095, 0.04242857]), 0.7854, 0.0]
[74, array([0.4785, 0.0423]), array([0.47553333, 0.04242857]), 0.7854, 1.0]
[74, array([0.4785, 0.0423]), array([0.47568571, 0.04242857]), 0.7854, 1.0]
[74, array([0.4785, 0.0423]), array([0.4758381 , 0.04242857]), 0.7854, 0.0]
[74, array([0.4785, 0.0423]), array([0.47599048, 0.04242857]), 0.7854, 0.0]
[74, array([0.4785, 0.0423]), array([0.47614286, 0.04242857]), 0.7854, 0.0]
[74, array([0.4785, 0.0423]), array([0.47629524, 0.04242857]), 0.7854, 1.0]
[74, array([0.4785, 0.0423]), array([0.47644762, 0.04242857]), 0.7854, 0.0]
[74, array([0.4785, 0.0423]), array([0.4766    , 0.04242857]), 0.7854, 0.0]
[74, array([0.4785, 0.0423]), array([0.4734    , 0.04258095]), 0.7854, 1.0]
[74, array([0.4785, 0.0423]), array([0.47355238, 0.04258095]), 0.7854, 0.0]
[74, array([0.4785, 0.0423]), array([0.47370476, 0.04258095]), 0.7854, 0.0]
[74, array([0.4785, 0.0423]), array([0.47385714, 0.04258095]), 0.7854, 0.0]
[74, array([0.4785, 0.0423]), array([0.47400952, 0.04258095]), 0.7854, 0.0]
[74, array([0.4785, 0.0423]), array([0.4741619 , 0.04258095]), 0.7854, 0.0]
[74, array([0.4785, 0.0423]), array([0.47431429, 0.04258095]), 0.7854, 0.0]
[74, array([0.4785, 0.0423]), array([0.47446667, 0.04258095]), 0.7854, 0.0]
[74, array([0.4785, 0.0423]), array([0.47461905, 0.04258095]), 0.7854, 0.0]
[74, array([0.4785, 0.0423]), array([0.47477143, 0.04258095]), 0.7854, 0.0]
[74, array([0.4785, 0.0423]), array([0.47492381, 0.04258095]), 0.7854, 0.0]
[74, array([0.4785, 0.0423]), array([0.47507619, 0.04258095]), 0.7854, 0.0]
[74, array([0.4785, 0.0423]), array([0.47522857, 0.04258095]), 0.7854, 0.0]
[74, array([0.4785, 0.0423]), array([0.47538095, 0.04258095]), 0.7854, 0.0]
[74, array([0.4785, 0.0423]), array([0.47553333, 0.04258095]), 0.7854, 1.0]
[74, array([0.4785, 0.0423]), array([0.47568571, 0.04258095]), 0.7854, 0.0]
[74, array([0.4785, 0.0423]), array([0.4758381 , 0.04258095]), 0.7854, 0.0]
[74, array([0.4785, 0.0423]), array([0.47599048, 0.04258095]), 0.7854, 0.0]
[74, array([0.4785, 0.0423]), array([0.47614286, 0.04258095]), 0.7854, 1.0]
[74, array([0.4785, 0.0423]), array([0.47629524, 0.04258095]), 0.7854, 0.0]
[74, array([0.4785, 0.0423]), array([0.47644762, 0.04258095]), 0.7854, 0.0]
[74, array([0.4785, 0.0423]), array([0.4766    , 0.04258095]), 0.7854, 0.0]
[74, array([0.4785, 0.0423]), array([0.4734    , 0.04273333]), 0.7854, 1.0]
[74, array([0.4785, 0.0423]), array([0.47355238, 0.04273333]), 0.7854, 1.0]
[74, array([0.4785, 0.0423]), array([0.47370476, 0.04273333]), 0.7854, 0.0]
[74, array([0.4785, 0.0423]), array([0.47385714, 0.04273333]), 0.7854, 0.0]
[74, array([0.4785, 0.0423]), array([0.47400952, 0.04273333]), 0.7854, 0.0]
[74, array([0.4785, 0.0423]), array([0.4741619 , 0.04273333]), 0.7854, 0.0]
[74, array([0.4785, 0.0423]), array([0.47431429, 0.04273333]), 0.7854, 0.0]
[74, array([0.4785, 0.0423]), array([0.47446667, 0.04273333]), 0.7854, 0.0]
[74, array([0.4785, 0.0423]), array([0.47461905, 0.04273333]), 0.7854, 0.0]
[74, array([0.4785, 0.0423]), array([0.47477143, 0.04273333]), 0.7854, 0.0]
[74, array([0.4785, 0.0423]), array([0.47492381, 0.04273333]), 0.7854, 0.0]
[74, array([0.4785, 0.0423]), array([0.47507619, 0.04273333]), 0.7854, 1.0]
[74, array([0.4785, 0.0423]), array([0.47522857, 0.04273333]), 0.7854, 0.0]
[74, array([0.4785, 0.0423]), array([0.47538095, 0.04273333]), 0.7854, 1.0]
[74, array([0.4785, 0.0423]), array([0.47553333, 0.04273333]), 0.7854, 1.0]
[74, array([0.4785, 0.0423]), array([0.47568571, 0.04273333]), 0.7854, 1.0]
[74, array([0.4785, 0.0423]), array([0.4758381 , 0.04273333]), 0.7854, 0.0]
[74, array([0.4785, 0.0423]), array([0.47599048, 0.04273333]), 0.7854, 0.0]
[74, array([0.4785, 0.0423]), array([0.47614286, 0.04273333]), 0.7854, 0.0]
[74, array([0.4785, 0.0423]), array([0.47629524, 0.04273333]), 0.7854, 0.0]
[74, array([0.4785, 0.0423]), array([0.47644762, 0.04273333]), 0.7854, 0.0]
[74, array([0.4785, 0.0423]), array([0.4766    , 0.04273333]), 0.7854, 1.0]
[74, array([0.4785, 0.0423]), array([0.4734    , 0.04288571]), 0.7854, 1.0]
[74, array([0.4785, 0.0423]), array([0.47355238, 0.04288571]), 0.7854, 1.0]
[74, array([0.4785, 0.0423]), array([0.47370476, 0.04288571]), 0.7854, 0.0]
[74, array([0.4785, 0.0423]), array([0.47385714, 0.04288571]), 0.7854, 0.0]
[74, array([0.4785, 0.0423]), array([0.47400952, 0.04288571]), 0.7854, 0.0]
[74, array([0.4785, 0.0423]), array([0.4741619 , 0.04288571]), 0.7854, 0.0]
[74, array([0.4785, 0.0423]), array([0.47431429, 0.04288571]), 0.7854, 0.0]
[74, array([0.4785, 0.0423]), array([0.47446667, 0.04288571]), 0.7854, 0.0]
[74, array([0.4785, 0.0423]), array([0.47461905, 0.04288571]), 0.7854, 0.0]
[74, array([0.4785, 0.0423]), array([0.47477143, 0.04288571]), 0.7854, 0.0]
[74, array([0.4785, 0.0423]), array([0.47492381, 0.04288571]), 0.7854, 0.0]
[74, array([0.4785, 0.0423]), array([0.47507619, 0.04288571]), 0.7854, 0.0]
[74, array([0.4785, 0.0423]), array([0.47522857, 0.04288571]), 0.7854, 1.0]
[74, array([0.4785, 0.0423]), array([0.47538095, 0.04288571]), 0.7854, 0.0]
[74, array([0.4785, 0.0423]), array([0.47553333, 0.04288571]), 0.7854, 0.0]
[74, array([0.4785, 0.0423]), array([0.47568571, 0.04288571]), 0.7854, 1.0]
[74, array([0.4785, 0.0423]), array([0.4758381 , 0.04288571]), 0.7854, 0.0]
[74, array([0.4785, 0.0423]), array([0.47599048, 0.04288571]), 0.7854, 0.0]
[74, array([0.4785, 0.0423]), array([0.47614286, 0.04288571]), 0.7854, 1.0]
[74, array([0.4785, 0.0423]), array([0.47629524, 0.04288571]), 0.7854, 0.0]
[74, array([0.4785, 0.0423]), array([0.47644762, 0.04288571]), 0.7854, 0.0]
[74, array([0.4785, 0.0423]), array([0.4766    , 0.04288571]), 0.7854, 0.0]
[74, array([0.4785, 0.0423]), array([0.4734   , 0.0430381]), 0.7854, 1.0]
[74, array([0.4785, 0.0423]), array([0.47355238, 0.0430381 ]), 0.7854, 1.0]
[74, array([0.4785, 0.0423]), array([0.47370476, 0.0430381 ]), 0.7854, 0.0]
[74, array([0.4785, 0.0423]), array([0.47385714, 0.0430381 ]), 0.7854, 1.0]
[74, array([0.4785, 0.0423]), array([0.47400952, 0.0430381 ]), 0.7854, 0.0]
[74, array([0.4785, 0.0423]), array([0.4741619, 0.0430381]), 0.7854, 0.0]
[74, array([0.4785, 0.0423]), array([0.47431429, 0.0430381 ]), 0.7854, 0.0]
[74, array([0.4785, 0.0423]), array([0.47446667, 0.0430381 ]), 0.7854, 0.0]
[74, array([0.4785, 0.0423]), array([0.47461905, 0.0430381 ]), 0.7854, 0.0]
[74, array([0.4785, 0.0423]), array([0.47477143, 0.0430381 ]), 0.7854, 0.0]
[74, array([0.4785, 0.0423]), array([0.47492381, 0.0430381 ]), 0.7854, 0.0]
[74, array([0.4785, 0.0423]), array([0.47507619, 0.0430381 ]), 0.7854, 0.0]
[74, array([0.4785, 0.0423]), array([0.47522857, 0.0430381 ]), 0.7854, 0.0]
[74, array([0.4785, 0.0423]), array([0.47538095, 0.0430381 ]), 0.7854, 0.0]
[74, array([0.4785, 0.0423]), array([0.47553333, 0.0430381 ]), 0.7854, 0.0]
[74, array([0.4785, 0.0423]), array([0.47568571, 0.0430381 ]), 0.7854, 0.0]
[74, array([0.4785, 0.0423]), array([0.4758381, 0.0430381]), 0.7854, 0.0]
[74, array([0.4785, 0.0423]), array([0.47599048, 0.0430381 ]), 0.7854, 0.0]
[74, array([0.4785, 0.0423]), array([0.47614286, 0.0430381 ]), 0.7854, 0.0]
[74, array([0.4785, 0.0423]), array([0.47629524, 0.0430381 ]), 0.7854, 0.0]
[74, array([0.4785, 0.0423]), array([0.47644762, 0.0430381 ]), 0.7854, 0.0]
[74, array([0.4785, 0.0423]), array([0.4766   , 0.0430381]), 0.7854, 1.0]
[74, array([0.4785, 0.0423]), array([0.4734    , 0.04319048]), 0.7854, 1.0]
[74, array([0.4785, 0.0423]), array([0.47355238, 0.04319048]), 0.7854, 1.0]
[74, array([0.4785, 0.0423]), array([0.47370476, 0.04319048]), 0.7854, 0.0]
[74, array([0.4785, 0.0423]), array([0.47385714, 0.04319048]), 0.7854, 0.0]
[74, array([0.4785, 0.0423]), array([0.47400952, 0.04319048]), 0.7854, 0.0]
[74, array([0.4785, 0.0423]), array([0.4741619 , 0.04319048]), 0.7854, 0.0]
[74, array([0.4785, 0.0423]), array([0.47431429, 0.04319048]), 0.7854, 0.0]
[74, array([0.4785, 0.0423]), array([0.47446667, 0.04319048]), 0.7854, 0.0]
[74, array([0.4785, 0.0423]), array([0.47461905, 0.04319048]), 0.7854, 0.0]
[74, array([0.4785, 0.0423]), array([0.47477143, 0.04319048]), 0.7854, 0.0]
[74, array([0.4785, 0.0423]), array([0.47492381, 0.04319048]), 0.7854, 0.0]
[74, array([0.4785, 0.0423]), array([0.47507619, 0.04319048]), 0.7854, 1.0]
[74, array([0.4785, 0.0423]), array([0.47522857, 0.04319048]), 0.7854, 0.0]
[74, array([0.4785, 0.0423]), array([0.47538095, 0.04319048]), 0.7854, 0.0]
[74, array([0.4785, 0.0423]), array([0.47553333, 0.04319048]), 0.7854, 0.0]
[74, array([0.4785, 0.0423]), array([0.47568571, 0.04319048]), 0.7854, 0.0]
[74, array([0.4785, 0.0423]), array([0.4758381 , 0.04319048]), 0.7854, 0.0]
[74, array([0.4785, 0.0423]), array([0.47599048, 0.04319048]), 0.7854, 0.0]
[74, array([0.4785, 0.0423]), array([0.47614286, 0.04319048]), 0.7854, 0.0]
[74, array([0.4785, 0.0423]), array([0.47629524, 0.04319048]), 0.7854, 0.0]
[74, array([0.4785, 0.0423]), array([0.47644762, 0.04319048]), 0.7854, 0.0]
[74, array([0.4785, 0.0423]), array([0.4766    , 0.04319048]), 0.7854, 0.0]
[74, array([0.4785, 0.0423]), array([0.4734    , 0.04334286]), 0.7854, 1.0]
[74, array([0.4785, 0.0423]), array([0.47355238, 0.04334286]), 0.7854, 1.0]
[74, array([0.4785, 0.0423]), array([0.47370476, 0.04334286]), 0.7854, 1.0]
[74, array([0.4785, 0.0423]), array([0.47385714, 0.04334286]), 0.7854, 0.0]
[74, array([0.4785, 0.0423]), array([0.47400952, 0.04334286]), 0.7854, 0.0]
[74, array([0.4785, 0.0423]), array([0.4741619 , 0.04334286]), 0.7854, 0.0]
[74, array([0.4785, 0.0423]), array([0.47431429, 0.04334286]), 0.7854, 0.0]
[74, array([0.4785, 0.0423]), array([0.47446667, 0.04334286]), 0.7854, 0.0]
[74, array([0.4785, 0.0423]), array([0.47461905, 0.04334286]), 0.7854, 0.0]
[74, array([0.4785, 0.0423]), array([0.47477143, 0.04334286]), 0.7854, 0.0]
[74, array([0.4785, 0.0423]), array([0.47492381, 0.04334286]), 0.7854, 0.0]
[74, array([0.4785, 0.0423]), array([0.47507619, 0.04334286]), 0.7854, 1.0]
[74, array([0.4785, 0.0423]), array([0.47522857, 0.04334286]), 0.7854, 0.0]
[74, array([0.4785, 0.0423]), array([0.47538095, 0.04334286]), 0.7854, 0.0]
[74, array([0.4785, 0.0423]), array([0.47553333, 0.04334286]), 0.7854, 1.0]
[74, array([0.4785, 0.0423]), array([0.47568571, 0.04334286]), 0.7854, 0.0]
[74, array([0.4785, 0.0423]), array([0.4758381 , 0.04334286]), 0.7854, 0.0]
[74, array([0.4785, 0.0423]), array([0.47599048, 0.04334286]), 0.7854, 0.0]
[74, array([0.4785, 0.0423]), array([0.47614286, 0.04334286]), 0.7854, 0.0]
[74, array([0.4785, 0.0423]), array([0.47629524, 0.04334286]), 0.7854, 0.0]
[74, array([0.4785, 0.0423]), array([0.47644762, 0.04334286]), 0.7854, 0.0]
[74, array([0.4785, 0.0423]), array([0.4766    , 0.04334286]), 0.7854, 0.0]
[74, array([0.4785, 0.0423]), array([0.4734    , 0.04349524]), 0.7854, 1.0]
[74, array([0.4785, 0.0423]), array([0.47355238, 0.04349524]), 0.7854, 1.0]
[74, array([0.4785, 0.0423]), array([0.47370476, 0.04349524]), 0.7854, 1.0]
[74, array([0.4785, 0.0423]), array([0.47385714, 0.04349524]), 0.7854, 0.0]
[74, array([0.4785, 0.0423]), array([0.47400952, 0.04349524]), 0.7854, 0.0]
[74, array([0.4785, 0.0423]), array([0.4741619 , 0.04349524]), 0.7854, 0.0]
[74, array([0.4785, 0.0423]), array([0.47431429, 0.04349524]), 0.7854, 0.0]
[74, array([0.4785, 0.0423]), array([0.47446667, 0.04349524]), 0.7854, 0.0]
[74, array([0.4785, 0.0423]), array([0.47461905, 0.04349524]), 0.7854, 0.0]
[74, array([0.4785, 0.0423]), array([0.47477143, 0.04349524]), 0.7854, 0.0]
[74, array([0.4785, 0.0423]), array([0.47492381, 0.04349524]), 0.7854, 0.0]
[74, array([0.4785, 0.0423]), array([0.47507619, 0.04349524]), 0.7854, 0.0]
[74, array([0.4785, 0.0423]), array([0.47522857, 0.04349524]), 0.7854, 0.0]
[74, array([0.4785, 0.0423]), array([0.47538095, 0.04349524]), 0.7854, 0.0]
[74, array([0.4785, 0.0423]), array([0.47553333, 0.04349524]), 0.7854, 0.0]
[74, array([0.4785, 0.0423]), array([0.47568571, 0.04349524]), 0.7854, 0.0]
[74, array([0.4785, 0.0423]), array([0.4758381 , 0.04349524]), 0.7854, 0.0]
[74, array([0.4785, 0.0423]), array([0.47599048, 0.04349524]), 0.7854, 0.0]
[74, array([0.4785, 0.0423]), array([0.47614286, 0.04349524]), 0.7854, 0.0]
[74, array([0.4785, 0.0423]), array([0.47629524, 0.04349524]), 0.7854, 0.0]
[74, array([0.4785, 0.0423]), array([0.47644762, 0.04349524]), 0.7854, 0.0]
[74, array([0.4785, 0.0423]), array([0.4766    , 0.04349524]), 0.7854, 0.0]
[74, array([0.4785, 0.0423]), array([0.4734    , 0.04364762]), 0.7854, 1.0]
[74, array([0.4785, 0.0423]), array([0.47355238, 0.04364762]), 0.7854, 1.0]
[74, array([0.4785, 0.0423]), array([0.47370476, 0.04364762]), 0.7854, 1.0]
[74, array([0.4785, 0.0423]), array([0.47385714, 0.04364762]), 0.7854, 0.0]
[74, array([0.4785, 0.0423]), array([0.47400952, 0.04364762]), 0.7854, 0.0]
[74, array([0.4785, 0.0423]), array([0.4741619 , 0.04364762]), 0.7854, 0.0]
[74, array([0.4785, 0.0423]), array([0.47431429, 0.04364762]), 0.7854, 0.0]
[74, array([0.4785, 0.0423]), array([0.47446667, 0.04364762]), 0.7854, 0.0]
[74, array([0.4785, 0.0423]), array([0.47461905, 0.04364762]), 0.7854, 0.0]
[74, array([0.4785, 0.0423]), array([0.47477143, 0.04364762]), 0.7854, 0.0]
[74, array([0.4785, 0.0423]), array([0.47492381, 0.04364762]), 0.7854, 0.0]
[74, array([0.4785, 0.0423]), array([0.47507619, 0.04364762]), 0.7854, 0.0]
[74, array([0.4785, 0.0423]), array([0.47522857, 0.04364762]), 0.7854, 0.0]
[74, array([0.4785, 0.0423]), array([0.47538095, 0.04364762]), 0.7854, 0.0]
[74, array([0.4785, 0.0423]), array([0.47553333, 0.04364762]), 0.7854, 0.0]
[74, array([0.4785, 0.0423]), array([0.47568571, 0.04364762]), 0.7854, 0.0]
[74, array([0.4785, 0.0423]), array([0.4758381 , 0.04364762]), 0.7854, 0.0]
[74, array([0.4785, 0.0423]), array([0.47599048, 0.04364762]), 0.7854, 0.0]
[74, array([0.4785, 0.0423]), array([0.47614286, 0.04364762]), 0.7854, 0.0]
[74, array([0.4785, 0.0423]), array([0.47629524, 0.04364762]), 0.7854, 0.0]
[74, array([0.4785, 0.0423]), array([0.47644762, 0.04364762]), 0.7854, 0.0]
[74, array([0.4785, 0.0423]), array([0.4766    , 0.04364762]), 0.7854, 0.0]
[74, array([0.4785, 0.0423]), array([0.4734, 0.0438]), 0.7854, 1.0]
[74, array([0.4785, 0.0423]), array([0.47355238, 0.0438    ]), 0.7854, 1.0]
[74, array([0.4785, 0.0423]), array([0.47370476, 0.0438    ]), 0.7854, 1.0]
[74, array([0.4785, 0.0423]), array([0.47385714, 0.0438    ]), 0.7854, 0.0]
[74, array([0.4785, 0.0423]), array([0.47400952, 0.0438    ]), 0.7854, 0.0]
[74, array([0.4785, 0.0423]), array([0.4741619, 0.0438   ]), 0.7854, 0.0]
[74, array([0.4785, 0.0423]), array([0.47431429, 0.0438    ]), 0.7854, 0.0]
[74, array([0.4785, 0.0423]), array([0.47446667, 0.0438    ]), 0.7854, 0.0]
[74, array([0.4785, 0.0423]), array([0.47461905, 0.0438    ]), 0.7854, 0.0]
[74, array([0.4785, 0.0423]), array([0.47477143, 0.0438    ]), 0.7854, 0.0]
[74, array([0.4785, 0.0423]), array([0.47492381, 0.0438    ]), 0.7854, 0.0]
[74, array([0.4785, 0.0423]), array([0.47507619, 0.0438    ]), 0.7854, 0.0]
[74, array([0.4785, 0.0423]), array([0.47522857, 0.0438    ]), 0.7854, 0.0]
[74, array([0.4785, 0.0423]), array([0.47538095, 0.0438    ]), 0.7854, 0.0]
[74, array([0.4785, 0.0423]), array([0.47553333, 0.0438    ]), 0.7854, 0.0]
[74, array([0.4785, 0.0423]), array([0.47568571, 0.0438    ]), 0.7854, 0.0]
[74, array([0.4785, 0.0423]), array([0.4758381, 0.0438   ]), 0.7854, 0.0]
[74, array([0.4785, 0.0423]), array([0.47599048, 0.0438    ]), 0.7854, 0.0]
[74, array([0.4785, 0.0423]), array([0.47614286, 0.0438    ]), 0.7854, 0.0]
[74, array([0.4785, 0.0423]), array([0.47629524, 0.0438    ]), 0.7854, 0.0]
[74, array([0.4785, 0.0423]), array([0.47644762, 0.0438    ]), 0.7854, 0.0]
[74, array([0.4785, 0.0423]), array([0.4766, 0.0438]), 0.7854, 0.0]
[20, array([ 0.5182, -0.0209]), array([ 0.50935, -0.0219 ]), 0.7854, 0.0]
[20, array([ 0.5182, -0.0209]), array([ 0.50950238, -0.0219    ]), 0.7854, 0.0]
[20, array([ 0.5182, -0.0209]), array([ 0.50965476, -0.0219    ]), 0.7854, 0.0]
[20, array([ 0.5182, -0.0209]), array([ 0.50980714, -0.0219    ]), 0.7854, 0.0]
[20, array([ 0.5182, -0.0209]), array([ 0.50995952, -0.0219    ]), 0.7854, 0.0]
[20, array([ 0.5182, -0.0209]), array([ 0.5101119, -0.0219   ]), 0.7854, 0.0]
[20, array([ 0.5182, -0.0209]), array([ 0.51026429, -0.0219    ]), 0.7854, 0.0]
[20, array([ 0.5182, -0.0209]), array([ 0.51041667, -0.0219    ]), 0.7854, 0.0]
[20, array([ 0.5182, -0.0209]), array([ 0.51056905, -0.0219    ]), 0.7854, 0.0]
[20, array([ 0.5182, -0.0209]), array([ 0.51072143, -0.0219    ]), 0.7854, 0.0]
[20, array([ 0.5182, -0.0209]), array([ 0.51087381, -0.0219    ]), 0.7854, 0.0]
[20, array([ 0.5182, -0.0209]), array([ 0.51102619, -0.0219    ]), 0.7854, 0.0]
[20, array([ 0.5182, -0.0209]), array([ 0.51117857, -0.0219    ]), 0.7854, 0.0]
[20, array([ 0.5182, -0.0209]), array([ 0.51133095, -0.0219    ]), 0.7854, 0.0]
[20, array([ 0.5182, -0.0209]), array([ 0.51148333, -0.0219    ]), 0.7854, 0.0]
[20, array([ 0.5182, -0.0209]), array([ 0.51163571, -0.0219    ]), 0.7854, 0.0]
[20, array([ 0.5182, -0.0209]), array([ 0.5117881, -0.0219   ]), 0.7854, 0.0]
[20, array([ 0.5182, -0.0209]), array([ 0.51194048, -0.0219    ]), 0.7854, 0.0]
[20, array([ 0.5182, -0.0209]), array([ 0.51209286, -0.0219    ]), 0.7854, 1.0]
[20, array([ 0.5182, -0.0209]), array([ 0.51224524, -0.0219    ]), 0.7854, 1.0]
[20, array([ 0.5182, -0.0209]), array([ 0.51239762, -0.0219    ]), 0.7854, 1.0]
[20, array([ 0.5182, -0.0209]), array([ 0.51255, -0.0219 ]), 0.7854, 1.0]
[20, array([ 0.5182, -0.0209]), array([ 0.50935   , -0.02174762]), 0.7854, 0.0]
[20, array([ 0.5182, -0.0209]), array([ 0.50950238, -0.02174762]), 0.7854, 0.0]
[20, array([ 0.5182, -0.0209]), array([ 0.50965476, -0.02174762]), 0.7854, 0.0]
[20, array([ 0.5182, -0.0209]), array([ 0.50980714, -0.02174762]), 0.7854, 0.0]
[20, array([ 0.5182, -0.0209]), array([ 0.50995952, -0.02174762]), 0.7854, 0.0]
[20, array([ 0.5182, -0.0209]), array([ 0.5101119 , -0.02174762]), 0.7854, 0.0]
[20, array([ 0.5182, -0.0209]), array([ 0.51026429, -0.02174762]), 0.7854, 0.0]
[20, array([ 0.5182, -0.0209]), array([ 0.51041667, -0.02174762]), 0.7854, 0.0]
[20, array([ 0.5182, -0.0209]), array([ 0.51056905, -0.02174762]), 0.7854, 0.0]
[20, array([ 0.5182, -0.0209]), array([ 0.51072143, -0.02174762]), 0.7854, 0.0]
[20, array([ 0.5182, -0.0209]), array([ 0.51087381, -0.02174762]), 0.7854, 0.0]
[20, array([ 0.5182, -0.0209]), array([ 0.51102619, -0.02174762]), 0.7854, 0.0]
[20, array([ 0.5182, -0.0209]), array([ 0.51117857, -0.02174762]), 0.7854, 0.0]
[20, array([ 0.5182, -0.0209]), array([ 0.51133095, -0.02174762]), 0.7854, 0.0]
[20, array([ 0.5182, -0.0209]), array([ 0.51148333, -0.02174762]), 0.7854, 0.0]
[20, array([ 0.5182, -0.0209]), array([ 0.51163571, -0.02174762]), 0.7854, 0.0]
[20, array([ 0.5182, -0.0209]), array([ 0.5117881 , -0.02174762]), 0.7854, 0.0]
[20, array([ 0.5182, -0.0209]), array([ 0.51194048, -0.02174762]), 0.7854, 0.0]
[20, array([ 0.5182, -0.0209]), array([ 0.51209286, -0.02174762]), 0.7854, 0.0]
[20, array([ 0.5182, -0.0209]), array([ 0.51224524, -0.02174762]), 0.7854, 1.0]
[20, array([ 0.5182, -0.0209]), array([ 0.51239762, -0.02174762]), 0.7854, 1.0]
[20, array([ 0.5182, -0.0209]), array([ 0.51255   , -0.02174762]), 0.7854, 1.0]
[20, array([ 0.5182, -0.0209]), array([ 0.50935   , -0.02159524]), 0.7854, 0.0]
[20, array([ 0.5182, -0.0209]), array([ 0.50950238, -0.02159524]), 0.7854, 0.0]
[20, array([ 0.5182, -0.0209]), array([ 0.50965476, -0.02159524]), 0.7854, 0.0]
[20, array([ 0.5182, -0.0209]), array([ 0.50980714, -0.02159524]), 0.7854, 0.0]
[20, array([ 0.5182, -0.0209]), array([ 0.50995952, -0.02159524]), 0.7854, 0.0]
[20, array([ 0.5182, -0.0209]), array([ 0.5101119 , -0.02159524]), 0.7854, 0.0]
[20, array([ 0.5182, -0.0209]), array([ 0.51026429, -0.02159524]), 0.7854, 0.0]
[20, array([ 0.5182, -0.0209]), array([ 0.51041667, -0.02159524]), 0.7854, 0.0]
[20, array([ 0.5182, -0.0209]), array([ 0.51056905, -0.02159524]), 0.7854, 0.0]
[20, array([ 0.5182, -0.0209]), array([ 0.51072143, -0.02159524]), 0.7854, 0.0]
[20, array([ 0.5182, -0.0209]), array([ 0.51087381, -0.02159524]), 0.7854, 1.0]
[20, array([ 0.5182, -0.0209]), array([ 0.51102619, -0.02159524]), 0.7854, 0.0]
[20, array([ 0.5182, -0.0209]), array([ 0.51117857, -0.02159524]), 0.7854, 0.0]
[20, array([ 0.5182, -0.0209]), array([ 0.51133095, -0.02159524]), 0.7854, 0.0]
[20, array([ 0.5182, -0.0209]), array([ 0.51148333, -0.02159524]), 0.7854, 0.0]
[20, array([ 0.5182, -0.0209]), array([ 0.51163571, -0.02159524]), 0.7854, 0.0]
[20, array([ 0.5182, -0.0209]), array([ 0.5117881 , -0.02159524]), 0.7854, 0.0]
[20, array([ 0.5182, -0.0209]), array([ 0.51194048, -0.02159524]), 0.7854, 0.0]
[20, array([ 0.5182, -0.0209]), array([ 0.51209286, -0.02159524]), 0.7854, 0.0]
[20, array([ 0.5182, -0.0209]), array([ 0.51224524, -0.02159524]), 0.7854, 0.0]
[20, array([ 0.5182, -0.0209]), array([ 0.51239762, -0.02159524]), 0.7854, 0.0]
[20, array([ 0.5182, -0.0209]), array([ 0.51255   , -0.02159524]), 0.7854, 1.0]
[20, array([ 0.5182, -0.0209]), array([ 0.50935   , -0.02144286]), 0.7854, 0.0]
[20, array([ 0.5182, -0.0209]), array([ 0.50950238, -0.02144286]), 0.7854, 0.0]
[20, array([ 0.5182, -0.0209]), array([ 0.50965476, -0.02144286]), 0.7854, 0.0]
[20, array([ 0.5182, -0.0209]), array([ 0.50980714, -0.02144286]), 0.7854, 0.0]
[20, array([ 0.5182, -0.0209]), array([ 0.50995952, -0.02144286]), 0.7854, 0.0]
[20, array([ 0.5182, -0.0209]), array([ 0.5101119 , -0.02144286]), 0.7854, 0.0]
[20, array([ 0.5182, -0.0209]), array([ 0.51026429, -0.02144286]), 0.7854, 0.0]
[20, array([ 0.5182, -0.0209]), array([ 0.51041667, -0.02144286]), 0.7854, 0.0]
[20, array([ 0.5182, -0.0209]), array([ 0.51056905, -0.02144286]), 0.7854, 0.0]
[20, array([ 0.5182, -0.0209]), array([ 0.51072143, -0.02144286]), 0.7854, 0.0]
[20, array([ 0.5182, -0.0209]), array([ 0.51087381, -0.02144286]), 0.7854, 0.0]
[20, array([ 0.5182, -0.0209]), array([ 0.51102619, -0.02144286]), 0.7854, 0.0]
[20, array([ 0.5182, -0.0209]), array([ 0.51117857, -0.02144286]), 0.7854, 0.0]
[20, array([ 0.5182, -0.0209]), array([ 0.51133095, -0.02144286]), 0.7854, 0.0]
[20, array([ 0.5182, -0.0209]), array([ 0.51148333, -0.02144286]), 0.7854, 0.0]
[20, array([ 0.5182, -0.0209]), array([ 0.51163571, -0.02144286]), 0.7854, 0.0]
[20, array([ 0.5182, -0.0209]), array([ 0.5117881 , -0.02144286]), 0.7854, 0.0]
[20, array([ 0.5182, -0.0209]), array([ 0.51194048, -0.02144286]), 0.7854, 0.0]
[20, array([ 0.5182, -0.0209]), array([ 0.51209286, -0.02144286]), 0.7854, 0.0]
[20, array([ 0.5182, -0.0209]), array([ 0.51224524, -0.02144286]), 0.7854, 0.0]
[20, array([ 0.5182, -0.0209]), array([ 0.51239762, -0.02144286]), 0.7854, 0.0]
[20, array([ 0.5182, -0.0209]), array([ 0.51255   , -0.02144286]), 0.7854, 1.0]
[20, array([ 0.5182, -0.0209]), array([ 0.50935   , -0.02129048]), 0.7854, 0.0]
[20, array([ 0.5182, -0.0209]), array([ 0.50950238, -0.02129048]), 0.7854, 0.0]
[20, array([ 0.5182, -0.0209]), array([ 0.50965476, -0.02129048]), 0.7854, 0.0]
[20, array([ 0.5182, -0.0209]), array([ 0.50980714, -0.02129048]), 0.7854, 0.0]
[20, array([ 0.5182, -0.0209]), array([ 0.50995952, -0.02129048]), 0.7854, 0.0]
[20, array([ 0.5182, -0.0209]), array([ 0.5101119 , -0.02129048]), 0.7854, 0.0]
[20, array([ 0.5182, -0.0209]), array([ 0.51026429, -0.02129048]), 0.7854, 0.0]
[20, array([ 0.5182, -0.0209]), array([ 0.51041667, -0.02129048]), 0.7854, 0.0]
[20, array([ 0.5182, -0.0209]), array([ 0.51056905, -0.02129048]), 0.7854, 0.0]
[20, array([ 0.5182, -0.0209]), array([ 0.51072143, -0.02129048]), 0.7854, 0.0]
[20, array([ 0.5182, -0.0209]), array([ 0.51087381, -0.02129048]), 0.7854, 0.0]
[20, array([ 0.5182, -0.0209]), array([ 0.51102619, -0.02129048]), 0.7854, 0.0]
[20, array([ 0.5182, -0.0209]), array([ 0.51117857, -0.02129048]), 0.7854, 0.0]
[20, array([ 0.5182, -0.0209]), array([ 0.51133095, -0.02129048]), 0.7854, 0.0]
[20, array([ 0.5182, -0.0209]), array([ 0.51148333, -0.02129048]), 0.7854, 0.0]
[20, array([ 0.5182, -0.0209]), array([ 0.51163571, -0.02129048]), 0.7854, 0.0]
[20, array([ 0.5182, -0.0209]), array([ 0.5117881 , -0.02129048]), 0.7854, 0.0]
[20, array([ 0.5182, -0.0209]), array([ 0.51194048, -0.02129048]), 0.7854, 0.0]
[20, array([ 0.5182, -0.0209]), array([ 0.51209286, -0.02129048]), 0.7854, 0.0]
[20, array([ 0.5182, -0.0209]), array([ 0.51224524, -0.02129048]), 0.7854, 0.0]
[20, array([ 0.5182, -0.0209]), array([ 0.51239762, -0.02129048]), 0.7854, 0.0]
[20, array([ 0.5182, -0.0209]), array([ 0.51255   , -0.02129048]), 0.7854, 0.0]
[20, array([ 0.5182, -0.0209]), array([ 0.50935  , -0.0211381]), 0.7854, 0.0]
[20, array([ 0.5182, -0.0209]), array([ 0.50950238, -0.0211381 ]), 0.7854, 0.0]
[20, array([ 0.5182, -0.0209]), array([ 0.50965476, -0.0211381 ]), 0.7854, 0.0]
[20, array([ 0.5182, -0.0209]), array([ 0.50980714, -0.0211381 ]), 0.7854, 0.0]
[20, array([ 0.5182, -0.0209]), array([ 0.50995952, -0.0211381 ]), 0.7854, 0.0]
[20, array([ 0.5182, -0.0209]), array([ 0.5101119, -0.0211381]), 0.7854, 0.0]
[20, array([ 0.5182, -0.0209]), array([ 0.51026429, -0.0211381 ]), 0.7854, 0.0]
[20, array([ 0.5182, -0.0209]), array([ 0.51041667, -0.0211381 ]), 0.7854, 0.0]
[20, array([ 0.5182, -0.0209]), array([ 0.51056905, -0.0211381 ]), 0.7854, 0.0]
[20, array([ 0.5182, -0.0209]), array([ 0.51072143, -0.0211381 ]), 0.7854, 0.0]
[20, array([ 0.5182, -0.0209]), array([ 0.51087381, -0.0211381 ]), 0.7854, 0.0]
[20, array([ 0.5182, -0.0209]), array([ 0.51102619, -0.0211381 ]), 0.7854, 0.0]
[20, array([ 0.5182, -0.0209]), array([ 0.51117857, -0.0211381 ]), 0.7854, 0.0]
[20, array([ 0.5182, -0.0209]), array([ 0.51133095, -0.0211381 ]), 0.7854, 0.0]
[20, array([ 0.5182, -0.0209]), array([ 0.51148333, -0.0211381 ]), 0.7854, 0.0]
[20, array([ 0.5182, -0.0209]), array([ 0.51163571, -0.0211381 ]), 0.7854, 0.0]
[20, array([ 0.5182, -0.0209]), array([ 0.5117881, -0.0211381]), 0.7854, 0.0]
[20, array([ 0.5182, -0.0209]), array([ 0.51194048, -0.0211381 ]), 0.7854, 0.0]
[20, array([ 0.5182, -0.0209]), array([ 0.51209286, -0.0211381 ]), 0.7854, 0.0]
[20, array([ 0.5182, -0.0209]), array([ 0.51224524, -0.0211381 ]), 0.7854, 0.0]
[20, array([ 0.5182, -0.0209]), array([ 0.51239762, -0.0211381 ]), 0.7854, 0.0]
[20, array([ 0.5182, -0.0209]), array([ 0.51255  , -0.0211381]), 0.7854, 0.0]
[20, array([ 0.5182, -0.0209]), array([ 0.50935   , -0.02098571]), 0.7854, 0.0]
[20, array([ 0.5182, -0.0209]), array([ 0.50950238, -0.02098571]), 0.7854, 0.0]
[20, array([ 0.5182, -0.0209]), array([ 0.50965476, -0.02098571]), 0.7854, 0.0]
[20, array([ 0.5182, -0.0209]), array([ 0.50980714, -0.02098571]), 0.7854, 0.0]
[20, array([ 0.5182, -0.0209]), array([ 0.50995952, -0.02098571]), 0.7854, 0.0]
[20, array([ 0.5182, -0.0209]), array([ 0.5101119 , -0.02098571]), 0.7854, 0.0]
[20, array([ 0.5182, -0.0209]), array([ 0.51026429, -0.02098571]), 0.7854, 0.0]
[20, array([ 0.5182, -0.0209]), array([ 0.51041667, -0.02098571]), 0.7854, 0.0]
[20, array([ 0.5182, -0.0209]), array([ 0.51056905, -0.02098571]), 0.7854, 0.0]
[20, array([ 0.5182, -0.0209]), array([ 0.51072143, -0.02098571]), 0.7854, 0.0]
[20, array([ 0.5182, -0.0209]), array([ 0.51087381, -0.02098571]), 0.7854, 0.0]
[20, array([ 0.5182, -0.0209]), array([ 0.51102619, -0.02098571]), 0.7854, 0.0]
[20, array([ 0.5182, -0.0209]), array([ 0.51117857, -0.02098571]), 0.7854, 0.0]
[20, array([ 0.5182, -0.0209]), array([ 0.51133095, -0.02098571]), 0.7854, 0.0]
[20, array([ 0.5182, -0.0209]), array([ 0.51148333, -0.02098571]), 0.7854, 0.0]
[20, array([ 0.5182, -0.0209]), array([ 0.51163571, -0.02098571]), 0.7854, 0.0]
[20, array([ 0.5182, -0.0209]), array([ 0.5117881 , -0.02098571]), 0.7854, 0.0]
[20, array([ 0.5182, -0.0209]), array([ 0.51194048, -0.02098571]), 0.7854, 0.0]
[20, array([ 0.5182, -0.0209]), array([ 0.51209286, -0.02098571]), 0.7854, 0.0]
[20, array([ 0.5182, -0.0209]), array([ 0.51224524, -0.02098571]), 0.7854, 0.0]
[20, array([ 0.5182, -0.0209]), array([ 0.51239762, -0.02098571]), 0.7854, 0.0]
[20, array([ 0.5182, -0.0209]), array([ 0.51255   , -0.02098571]), 0.7854, 0.0]
[20, array([ 0.5182, -0.0209]), array([ 0.50935   , -0.02083333]), 0.7854, 0.0]
[20, array([ 0.5182, -0.0209]), array([ 0.50950238, -0.02083333]), 0.7854, 0.0]
[20, array([ 0.5182, -0.0209]), array([ 0.50965476, -0.02083333]), 0.7854, 0.0]
[20, array([ 0.5182, -0.0209]), array([ 0.50980714, -0.02083333]), 0.7854, 0.0]
[20, array([ 0.5182, -0.0209]), array([ 0.50995952, -0.02083333]), 0.7854, 0.0]
[20, array([ 0.5182, -0.0209]), array([ 0.5101119 , -0.02083333]), 0.7854, 0.0]
[20, array([ 0.5182, -0.0209]), array([ 0.51026429, -0.02083333]), 0.7854, 0.0]
[20, array([ 0.5182, -0.0209]), array([ 0.51041667, -0.02083333]), 0.7854, 0.0]
[20, array([ 0.5182, -0.0209]), array([ 0.51056905, -0.02083333]), 0.7854, 0.0]
[20, array([ 0.5182, -0.0209]), array([ 0.51072143, -0.02083333]), 0.7854, 0.0]
[20, array([ 0.5182, -0.0209]), array([ 0.51087381, -0.02083333]), 0.7854, 0.0]
[20, array([ 0.5182, -0.0209]), array([ 0.51102619, -0.02083333]), 0.7854, 0.0]
[20, array([ 0.5182, -0.0209]), array([ 0.51117857, -0.02083333]), 0.7854, 0.0]
[20, array([ 0.5182, -0.0209]), array([ 0.51133095, -0.02083333]), 0.7854, 0.0]
[20, array([ 0.5182, -0.0209]), array([ 0.51148333, -0.02083333]), 0.7854, 0.0]
[20, array([ 0.5182, -0.0209]), array([ 0.51163571, -0.02083333]), 0.7854, 0.0]
[20, array([ 0.5182, -0.0209]), array([ 0.5117881 , -0.02083333]), 0.7854, 0.0]
[20, array([ 0.5182, -0.0209]), array([ 0.51194048, -0.02083333]), 0.7854, 0.0]
[20, array([ 0.5182, -0.0209]), array([ 0.51209286, -0.02083333]), 0.7854, 1.0]
[20, array([ 0.5182, -0.0209]), array([ 0.51224524, -0.02083333]), 0.7854, 0.0]
[20, array([ 0.5182, -0.0209]), array([ 0.51239762, -0.02083333]), 0.7854, 0.0]
[20, array([ 0.5182, -0.0209]), array([ 0.51255   , -0.02083333]), 0.7854, 0.0]
[20, array([ 0.5182, -0.0209]), array([ 0.50935   , -0.02068095]), 0.7854, 0.0]
[20, array([ 0.5182, -0.0209]), array([ 0.50950238, -0.02068095]), 0.7854, 0.0]
[20, array([ 0.5182, -0.0209]), array([ 0.50965476, -0.02068095]), 0.7854, 0.0]
[20, array([ 0.5182, -0.0209]), array([ 0.50980714, -0.02068095]), 0.7854, 0.0]
[20, array([ 0.5182, -0.0209]), array([ 0.50995952, -0.02068095]), 0.7854, 0.0]
[20, array([ 0.5182, -0.0209]), array([ 0.5101119 , -0.02068095]), 0.7854, 0.0]
[20, array([ 0.5182, -0.0209]), array([ 0.51026429, -0.02068095]), 0.7854, 0.0]
[20, array([ 0.5182, -0.0209]), array([ 0.51041667, -0.02068095]), 0.7854, 0.0]
[20, array([ 0.5182, -0.0209]), array([ 0.51056905, -0.02068095]), 0.7854, 0.0]
[20, array([ 0.5182, -0.0209]), array([ 0.51072143, -0.02068095]), 0.7854, 0.0]
[20, array([ 0.5182, -0.0209]), array([ 0.51087381, -0.02068095]), 0.7854, 0.0]
[20, array([ 0.5182, -0.0209]), array([ 0.51102619, -0.02068095]), 0.7854, 0.0]
[20, array([ 0.5182, -0.0209]), array([ 0.51117857, -0.02068095]), 0.7854, 0.0]
[20, array([ 0.5182, -0.0209]), array([ 0.51133095, -0.02068095]), 0.7854, 0.0]
[20, array([ 0.5182, -0.0209]), array([ 0.51148333, -0.02068095]), 0.7854, 0.0]
[20, array([ 0.5182, -0.0209]), array([ 0.51163571, -0.02068095]), 0.7854, 0.0]
[20, array([ 0.5182, -0.0209]), array([ 0.5117881 , -0.02068095]), 0.7854, 0.0]
[20, array([ 0.5182, -0.0209]), array([ 0.51194048, -0.02068095]), 0.7854, 0.0]
[20, array([ 0.5182, -0.0209]), array([ 0.51209286, -0.02068095]), 0.7854, 0.0]
[20, array([ 0.5182, -0.0209]), array([ 0.51224524, -0.02068095]), 0.7854, 0.0]
[20, array([ 0.5182, -0.0209]), array([ 0.51239762, -0.02068095]), 0.7854, 0.0]
[20, array([ 0.5182, -0.0209]), array([ 0.51255   , -0.02068095]), 0.7854, 0.0]
[20, array([ 0.5182, -0.0209]), array([ 0.50935   , -0.02052857]), 0.7854, 1.0]
[20, array([ 0.5182, -0.0209]), array([ 0.50950238, -0.02052857]), 0.7854, 0.0]
[20, array([ 0.5182, -0.0209]), array([ 0.50965476, -0.02052857]), 0.7854, 0.0]
[20, array([ 0.5182, -0.0209]), array([ 0.50980714, -0.02052857]), 0.7854, 0.0]
[20, array([ 0.5182, -0.0209]), array([ 0.50995952, -0.02052857]), 0.7854, 0.0]
[20, array([ 0.5182, -0.0209]), array([ 0.5101119 , -0.02052857]), 0.7854, 0.0]
[20, array([ 0.5182, -0.0209]), array([ 0.51026429, -0.02052857]), 0.7854, 0.0]
[20, array([ 0.5182, -0.0209]), array([ 0.51041667, -0.02052857]), 0.7854, 0.0]
[20, array([ 0.5182, -0.0209]), array([ 0.51056905, -0.02052857]), 0.7854, 0.0]
[20, array([ 0.5182, -0.0209]), array([ 0.51072143, -0.02052857]), 0.7854, 0.0]
[20, array([ 0.5182, -0.0209]), array([ 0.51087381, -0.02052857]), 0.7854, 0.0]
[20, array([ 0.5182, -0.0209]), array([ 0.51102619, -0.02052857]), 0.7854, 0.0]
[20, array([ 0.5182, -0.0209]), array([ 0.51117857, -0.02052857]), 0.7854, 0.0]
[20, array([ 0.5182, -0.0209]), array([ 0.51133095, -0.02052857]), 0.7854, 0.0]
[20, array([ 0.5182, -0.0209]), array([ 0.51148333, -0.02052857]), 0.7854, 0.0]
[20, array([ 0.5182, -0.0209]), array([ 0.51163571, -0.02052857]), 0.7854, 0.0]
[20, array([ 0.5182, -0.0209]), array([ 0.5117881 , -0.02052857]), 0.7854, 0.0]
[20, array([ 0.5182, -0.0209]), array([ 0.51194048, -0.02052857]), 0.7854, 0.0]
[20, array([ 0.5182, -0.0209]), array([ 0.51209286, -0.02052857]), 0.7854, 0.0]
[20, array([ 0.5182, -0.0209]), array([ 0.51224524, -0.02052857]), 0.7854, 0.0]
[20, array([ 0.5182, -0.0209]), array([ 0.51239762, -0.02052857]), 0.7854, 0.0]
[20, array([ 0.5182, -0.0209]), array([ 0.51255   , -0.02052857]), 0.7854, 1.0]
[20, array([ 0.5182, -0.0209]), array([ 0.50935   , -0.02037619]), 0.7854, 1.0]
[20, array([ 0.5182, -0.0209]), array([ 0.50950238, -0.02037619]), 0.7854, 1.0]
[20, array([ 0.5182, -0.0209]), array([ 0.50965476, -0.02037619]), 0.7854, 0.0]
[20, array([ 0.5182, -0.0209]), array([ 0.50980714, -0.02037619]), 0.7854, 0.0]
[20, array([ 0.5182, -0.0209]), array([ 0.50995952, -0.02037619]), 0.7854, 0.0]
[20, array([ 0.5182, -0.0209]), array([ 0.5101119 , -0.02037619]), 0.7854, 0.0]
[20, array([ 0.5182, -0.0209]), array([ 0.51026429, -0.02037619]), 0.7854, 0.0]
[20, array([ 0.5182, -0.0209]), array([ 0.51041667, -0.02037619]), 0.7854, 0.0]
[20, array([ 0.5182, -0.0209]), array([ 0.51056905, -0.02037619]), 0.7854, 0.0]
[20, array([ 0.5182, -0.0209]), array([ 0.51072143, -0.02037619]), 0.7854, 0.0]
[20, array([ 0.5182, -0.0209]), array([ 0.51087381, -0.02037619]), 0.7854, 0.0]
[20, array([ 0.5182, -0.0209]), array([ 0.51102619, -0.02037619]), 0.7854, 1.0]
[20, array([ 0.5182, -0.0209]), array([ 0.51117857, -0.02037619]), 0.7854, 0.0]
[20, array([ 0.5182, -0.0209]), array([ 0.51133095, -0.02037619]), 0.7854, 0.0]
[20, array([ 0.5182, -0.0209]), array([ 0.51148333, -0.02037619]), 0.7854, 0.0]
[20, array([ 0.5182, -0.0209]), array([ 0.51163571, -0.02037619]), 0.7854, 0.0]
[20, array([ 0.5182, -0.0209]), array([ 0.5117881 , -0.02037619]), 0.7854, 0.0]
[20, array([ 0.5182, -0.0209]), array([ 0.51194048, -0.02037619]), 0.7854, 0.0]
[20, array([ 0.5182, -0.0209]), array([ 0.51209286, -0.02037619]), 0.7854, 0.0]
[20, array([ 0.5182, -0.0209]), array([ 0.51224524, -0.02037619]), 0.7854, 0.0]
[20, array([ 0.5182, -0.0209]), array([ 0.51239762, -0.02037619]), 0.7854, 0.0]
[20, array([ 0.5182, -0.0209]), array([ 0.51255   , -0.02037619]), 0.7854, 1.0]
[20, array([ 0.5182, -0.0209]), array([ 0.50935   , -0.02022381]), 0.7854, 1.0]
[20, array([ 0.5182, -0.0209]), array([ 0.50950238, -0.02022381]), 0.7854, 1.0]
[20, array([ 0.5182, -0.0209]), array([ 0.50965476, -0.02022381]), 0.7854, 0.0]
[20, array([ 0.5182, -0.0209]), array([ 0.50980714, -0.02022381]), 0.7854, 0.0]
[20, array([ 0.5182, -0.0209]), array([ 0.50995952, -0.02022381]), 0.7854, 0.0]
[20, array([ 0.5182, -0.0209]), array([ 0.5101119 , -0.02022381]), 0.7854, 0.0]
[20, array([ 0.5182, -0.0209]), array([ 0.51026429, -0.02022381]), 0.7854, 0.0]
[20, array([ 0.5182, -0.0209]), array([ 0.51041667, -0.02022381]), 0.7854, 0.0]
[20, array([ 0.5182, -0.0209]), array([ 0.51056905, -0.02022381]), 0.7854, 0.0]
[20, array([ 0.5182, -0.0209]), array([ 0.51072143, -0.02022381]), 0.7854, 0.0]
[20, array([ 0.5182, -0.0209]), array([ 0.51087381, -0.02022381]), 0.7854, 0.0]
[20, array([ 0.5182, -0.0209]), array([ 0.51102619, -0.02022381]), 0.7854, 0.0]
[20, array([ 0.5182, -0.0209]), array([ 0.51117857, -0.02022381]), 0.7854, 1.0]
[20, array([ 0.5182, -0.0209]), array([ 0.51133095, -0.02022381]), 0.7854, 1.0]
[20, array([ 0.5182, -0.0209]), array([ 0.51148333, -0.02022381]), 0.7854, 1.0]
[20, array([ 0.5182, -0.0209]), array([ 0.51163571, -0.02022381]), 0.7854, 0.0]
[20, array([ 0.5182, -0.0209]), array([ 0.5117881 , -0.02022381]), 0.7854, 0.0]
[20, array([ 0.5182, -0.0209]), array([ 0.51194048, -0.02022381]), 0.7854, 0.0]
[20, array([ 0.5182, -0.0209]), array([ 0.51209286, -0.02022381]), 0.7854, 0.0]
[20, array([ 0.5182, -0.0209]), array([ 0.51224524, -0.02022381]), 0.7854, 0.0]
[20, array([ 0.5182, -0.0209]), array([ 0.51239762, -0.02022381]), 0.7854, 0.0]
[20, array([ 0.5182, -0.0209]), array([ 0.51255   , -0.02022381]), 0.7854, 1.0]
[20, array([ 0.5182, -0.0209]), array([ 0.50935   , -0.02007143]), 0.7854, 1.0]
[20, array([ 0.5182, -0.0209]), array([ 0.50950238, -0.02007143]), 0.7854, 1.0]
[20, array([ 0.5182, -0.0209]), array([ 0.50965476, -0.02007143]), 0.7854, 0.0]
[20, array([ 0.5182, -0.0209]), array([ 0.50980714, -0.02007143]), 0.7854, 0.0]
[20, array([ 0.5182, -0.0209]), array([ 0.50995952, -0.02007143]), 0.7854, 0.0]
[20, array([ 0.5182, -0.0209]), array([ 0.5101119 , -0.02007143]), 0.7854, 0.0]
[20, array([ 0.5182, -0.0209]), array([ 0.51026429, -0.02007143]), 0.7854, 0.0]
[20, array([ 0.5182, -0.0209]), array([ 0.51041667, -0.02007143]), 0.7854, 0.0]
[20, array([ 0.5182, -0.0209]), array([ 0.51056905, -0.02007143]), 0.7854, 0.0]
[20, array([ 0.5182, -0.0209]), array([ 0.51072143, -0.02007143]), 0.7854, 0.0]
[20, array([ 0.5182, -0.0209]), array([ 0.51087381, -0.02007143]), 0.7854, 0.0]
[20, array([ 0.5182, -0.0209]), array([ 0.51102619, -0.02007143]), 0.7854, 0.0]
[20, array([ 0.5182, -0.0209]), array([ 0.51117857, -0.02007143]), 0.7854, 0.0]
[20, array([ 0.5182, -0.0209]), array([ 0.51133095, -0.02007143]), 0.7854, 0.0]
[20, array([ 0.5182, -0.0209]), array([ 0.51148333, -0.02007143]), 0.7854, 0.0]
[20, array([ 0.5182, -0.0209]), array([ 0.51163571, -0.02007143]), 0.7854, 1.0]
[20, array([ 0.5182, -0.0209]), array([ 0.5117881 , -0.02007143]), 0.7854, 0.0]
[20, array([ 0.5182, -0.0209]), array([ 0.51194048, -0.02007143]), 0.7854, 0.0]
[20, array([ 0.5182, -0.0209]), array([ 0.51209286, -0.02007143]), 0.7854, 0.0]
[20, array([ 0.5182, -0.0209]), array([ 0.51224524, -0.02007143]), 0.7854, 1.0]
[20, array([ 0.5182, -0.0209]), array([ 0.51239762, -0.02007143]), 0.7854, 0.0]
[20, array([ 0.5182, -0.0209]), array([ 0.51255   , -0.02007143]), 0.7854, 0.0]
[20, array([ 0.5182, -0.0209]), array([ 0.50935   , -0.01991905]), 0.7854, 1.0]
[20, array([ 0.5182, -0.0209]), array([ 0.50950238, -0.01991905]), 0.7854, 1.0]
[20, array([ 0.5182, -0.0209]), array([ 0.50965476, -0.01991905]), 0.7854, 1.0]
[20, array([ 0.5182, -0.0209]), array([ 0.50980714, -0.01991905]), 0.7854, 1.0]
[20, array([ 0.5182, -0.0209]), array([ 0.50995952, -0.01991905]), 0.7854, 0.0]
[20, array([ 0.5182, -0.0209]), array([ 0.5101119 , -0.01991905]), 0.7854, 0.0]
[20, array([ 0.5182, -0.0209]), array([ 0.51026429, -0.01991905]), 0.7854, 0.0]
[20, array([ 0.5182, -0.0209]), array([ 0.51041667, -0.01991905]), 0.7854, 0.0]
[20, array([ 0.5182, -0.0209]), array([ 0.51056905, -0.01991905]), 0.7854, 0.0]
[20, array([ 0.5182, -0.0209]), array([ 0.51072143, -0.01991905]), 0.7854, 0.0]
[20, array([ 0.5182, -0.0209]), array([ 0.51087381, -0.01991905]), 0.7854, 0.0]
[20, array([ 0.5182, -0.0209]), array([ 0.51102619, -0.01991905]), 0.7854, 0.0]
[20, array([ 0.5182, -0.0209]), array([ 0.51117857, -0.01991905]), 0.7854, 0.0]
[20, array([ 0.5182, -0.0209]), array([ 0.51133095, -0.01991905]), 0.7854, 0.0]
[20, array([ 0.5182, -0.0209]), array([ 0.51148333, -0.01991905]), 0.7854, 0.0]
[20, array([ 0.5182, -0.0209]), array([ 0.51163571, -0.01991905]), 0.7854, 0.0]
[20, array([ 0.5182, -0.0209]), array([ 0.5117881 , -0.01991905]), 0.7854, 0.0]
[20, array([ 0.5182, -0.0209]), array([ 0.51194048, -0.01991905]), 0.7854, 1.0]
[20, array([ 0.5182, -0.0209]), array([ 0.51209286, -0.01991905]), 0.7854, 1.0]
[20, array([ 0.5182, -0.0209]), array([ 0.51224524, -0.01991905]), 0.7854, 0.0]
[20, array([ 0.5182, -0.0209]), array([ 0.51239762, -0.01991905]), 0.7854, 1.0]
[20, array([ 0.5182, -0.0209]), array([ 0.51255   , -0.01991905]), 0.7854, 1.0]
[20, array([ 0.5182, -0.0209]), array([ 0.50935   , -0.01976667]), 0.7854, 1.0]
[20, array([ 0.5182, -0.0209]), array([ 0.50950238, -0.01976667]), 0.7854, 1.0]
[20, array([ 0.5182, -0.0209]), array([ 0.50965476, -0.01976667]), 0.7854, 1.0]
[20, array([ 0.5182, -0.0209]), array([ 0.50980714, -0.01976667]), 0.7854, 1.0]
[20, array([ 0.5182, -0.0209]), array([ 0.50995952, -0.01976667]), 0.7854, 1.0]
[20, array([ 0.5182, -0.0209]), array([ 0.5101119 , -0.01976667]), 0.7854, 0.0]
[20, array([ 0.5182, -0.0209]), array([ 0.51026429, -0.01976667]), 0.7854, 0.0]
[20, array([ 0.5182, -0.0209]), array([ 0.51041667, -0.01976667]), 0.7854, 0.0]
[20, array([ 0.5182, -0.0209]), array([ 0.51056905, -0.01976667]), 0.7854, 0.0]
[20, array([ 0.5182, -0.0209]), array([ 0.51072143, -0.01976667]), 0.7854, 0.0]
[20, array([ 0.5182, -0.0209]), array([ 0.51087381, -0.01976667]), 0.7854, 0.0]
[20, array([ 0.5182, -0.0209]), array([ 0.51102619, -0.01976667]), 0.7854, 0.0]
[20, array([ 0.5182, -0.0209]), array([ 0.51117857, -0.01976667]), 0.7854, 0.0]
[20, array([ 0.5182, -0.0209]), array([ 0.51133095, -0.01976667]), 0.7854, 0.0]
[20, array([ 0.5182, -0.0209]), array([ 0.51148333, -0.01976667]), 0.7854, 0.0]
[20, array([ 0.5182, -0.0209]), array([ 0.51163571, -0.01976667]), 0.7854, 0.0]
[20, array([ 0.5182, -0.0209]), array([ 0.5117881 , -0.01976667]), 0.7854, 0.0]
[20, array([ 0.5182, -0.0209]), array([ 0.51194048, -0.01976667]), 0.7854, 0.0]
[20, array([ 0.5182, -0.0209]), array([ 0.51209286, -0.01976667]), 0.7854, 0.0]
[20, array([ 0.5182, -0.0209]), array([ 0.51224524, -0.01976667]), 0.7854, 1.0]
[20, array([ 0.5182, -0.0209]), array([ 0.51239762, -0.01976667]), 0.7854, 1.0]
[20, array([ 0.5182, -0.0209]), array([ 0.51255   , -0.01976667]), 0.7854, 1.0]
[20, array([ 0.5182, -0.0209]), array([ 0.50935   , -0.01961429]), 0.7854, 1.0]
[20, array([ 0.5182, -0.0209]), array([ 0.50950238, -0.01961429]), 0.7854, 1.0]
[20, array([ 0.5182, -0.0209]), array([ 0.50965476, -0.01961429]), 0.7854, 1.0]
[20, array([ 0.5182, -0.0209]), array([ 0.50980714, -0.01961429]), 0.7854, 1.0]
[20, array([ 0.5182, -0.0209]), array([ 0.50995952, -0.01961429]), 0.7854, 1.0]
[20, array([ 0.5182, -0.0209]), array([ 0.5101119 , -0.01961429]), 0.7854, 1.0]
[20, array([ 0.5182, -0.0209]), array([ 0.51026429, -0.01961429]), 0.7854, 0.0]
[20, array([ 0.5182, -0.0209]), array([ 0.51041667, -0.01961429]), 0.7854, 0.0]
[20, array([ 0.5182, -0.0209]), array([ 0.51056905, -0.01961429]), 0.7854, 0.0]
[20, array([ 0.5182, -0.0209]), array([ 0.51072143, -0.01961429]), 0.7854, 0.0]
[20, array([ 0.5182, -0.0209]), array([ 0.51087381, -0.01961429]), 0.7854, 0.0]
[20, array([ 0.5182, -0.0209]), array([ 0.51102619, -0.01961429]), 0.7854, 0.0]
[20, array([ 0.5182, -0.0209]), array([ 0.51117857, -0.01961429]), 0.7854, 0.0]
[20, array([ 0.5182, -0.0209]), array([ 0.51133095, -0.01961429]), 0.7854, 0.0]
[20, array([ 0.5182, -0.0209]), array([ 0.51148333, -0.01961429]), 0.7854, 0.0]
[20, array([ 0.5182, -0.0209]), array([ 0.51163571, -0.01961429]), 0.7854, 0.0]
[20, array([ 0.5182, -0.0209]), array([ 0.5117881 , -0.01961429]), 0.7854, 0.0]
[20, array([ 0.5182, -0.0209]), array([ 0.51194048, -0.01961429]), 0.7854, 0.0]
[20, array([ 0.5182, -0.0209]), array([ 0.51209286, -0.01961429]), 0.7854, 0.0]
[20, array([ 0.5182, -0.0209]), array([ 0.51224524, -0.01961429]), 0.7854, 0.0]
[20, array([ 0.5182, -0.0209]), array([ 0.51239762, -0.01961429]), 0.7854, 0.0]
[20, array([ 0.5182, -0.0209]), array([ 0.51255   , -0.01961429]), 0.7854, 0.0]
[20, array([ 0.5182, -0.0209]), array([ 0.50935  , -0.0194619]), 0.7854, 0.0]
[20, array([ 0.5182, -0.0209]), array([ 0.50950238, -0.0194619 ]), 0.7854, 1.0]
[20, array([ 0.5182, -0.0209]), array([ 0.50965476, -0.0194619 ]), 0.7854, 1.0]
[20, array([ 0.5182, -0.0209]), array([ 0.50980714, -0.0194619 ]), 0.7854, 1.0]
[20, array([ 0.5182, -0.0209]), array([ 0.50995952, -0.0194619 ]), 0.7854, 1.0]
[20, array([ 0.5182, -0.0209]), array([ 0.5101119, -0.0194619]), 0.7854, 1.0]
[20, array([ 0.5182, -0.0209]), array([ 0.51026429, -0.0194619 ]), 0.7854, 1.0]
[20, array([ 0.5182, -0.0209]), array([ 0.51041667, -0.0194619 ]), 0.7854, 1.0]
[20, array([ 0.5182, -0.0209]), array([ 0.51056905, -0.0194619 ]), 0.7854, 0.0]
[20, array([ 0.5182, -0.0209]), array([ 0.51072143, -0.0194619 ]), 0.7854, 0.0]
[20, array([ 0.5182, -0.0209]), array([ 0.51087381, -0.0194619 ]), 0.7854, 0.0]
[20, array([ 0.5182, -0.0209]), array([ 0.51102619, -0.0194619 ]), 0.7854, 0.0]
[20, array([ 0.5182, -0.0209]), array([ 0.51117857, -0.0194619 ]), 0.7854, 0.0]
[20, array([ 0.5182, -0.0209]), array([ 0.51133095, -0.0194619 ]), 0.7854, 0.0]
[20, array([ 0.5182, -0.0209]), array([ 0.51148333, -0.0194619 ]), 0.7854, 0.0]
[20, array([ 0.5182, -0.0209]), array([ 0.51163571, -0.0194619 ]), 0.7854, 0.0]
[20, array([ 0.5182, -0.0209]), array([ 0.5117881, -0.0194619]), 0.7854, 0.0]
[20, array([ 0.5182, -0.0209]), array([ 0.51194048, -0.0194619 ]), 0.7854, 0.0]
[20, array([ 0.5182, -0.0209]), array([ 0.51209286, -0.0194619 ]), 0.7854, 0.0]
[20, array([ 0.5182, -0.0209]), array([ 0.51224524, -0.0194619 ]), 0.7854, 0.0]
[20, array([ 0.5182, -0.0209]), array([ 0.51239762, -0.0194619 ]), 0.7854, 0.0]
[20, array([ 0.5182, -0.0209]), array([ 0.51255  , -0.0194619]), 0.7854, 0.0]
[20, array([ 0.5182, -0.0209]), array([ 0.50935   , -0.01930952]), 0.7854, 1.0]
[20, array([ 0.5182, -0.0209]), array([ 0.50950238, -0.01930952]), 0.7854, 0.0]
[20, array([ 0.5182, -0.0209]), array([ 0.50965476, -0.01930952]), 0.7854, 1.0]
[20, array([ 0.5182, -0.0209]), array([ 0.50980714, -0.01930952]), 0.7854, 1.0]
[20, array([ 0.5182, -0.0209]), array([ 0.50995952, -0.01930952]), 0.7854, 1.0]
[20, array([ 0.5182, -0.0209]), array([ 0.5101119 , -0.01930952]), 0.7854, 1.0]
[20, array([ 0.5182, -0.0209]), array([ 0.51026429, -0.01930952]), 0.7854, 1.0]
[20, array([ 0.5182, -0.0209]), array([ 0.51041667, -0.01930952]), 0.7854, 1.0]
[20, array([ 0.5182, -0.0209]), array([ 0.51056905, -0.01930952]), 0.7854, 0.0]
[20, array([ 0.5182, -0.0209]), array([ 0.51072143, -0.01930952]), 0.7854, 1.0]
[20, array([ 0.5182, -0.0209]), array([ 0.51087381, -0.01930952]), 0.7854, 0.0]
[20, array([ 0.5182, -0.0209]), array([ 0.51102619, -0.01930952]), 0.7854, 0.0]
[20, array([ 0.5182, -0.0209]), array([ 0.51117857, -0.01930952]), 0.7854, 0.0]
[20, array([ 0.5182, -0.0209]), array([ 0.51133095, -0.01930952]), 0.7854, 0.0]
[20, array([ 0.5182, -0.0209]), array([ 0.51148333, -0.01930952]), 0.7854, 0.0]
[20, array([ 0.5182, -0.0209]), array([ 0.51163571, -0.01930952]), 0.7854, 0.0]
[20, array([ 0.5182, -0.0209]), array([ 0.5117881 , -0.01930952]), 0.7854, 0.0]
[20, array([ 0.5182, -0.0209]), array([ 0.51194048, -0.01930952]), 0.7854, 0.0]
[20, array([ 0.5182, -0.0209]), array([ 0.51209286, -0.01930952]), 0.7854, 0.0]
[20, array([ 0.5182, -0.0209]), array([ 0.51224524, -0.01930952]), 0.7854, 0.0]
[20, array([ 0.5182, -0.0209]), array([ 0.51239762, -0.01930952]), 0.7854, 0.0]
[20, array([ 0.5182, -0.0209]), array([ 0.51255   , -0.01930952]), 0.7854, 0.0]
[20, array([ 0.5182, -0.0209]), array([ 0.50935   , -0.01915714]), 0.7854, 0.0]
[20, array([ 0.5182, -0.0209]), array([ 0.50950238, -0.01915714]), 0.7854, 0.0]
[20, array([ 0.5182, -0.0209]), array([ 0.50965476, -0.01915714]), 0.7854, 0.0]
[20, array([ 0.5182, -0.0209]), array([ 0.50980714, -0.01915714]), 0.7854, 1.0]
[20, array([ 0.5182, -0.0209]), array([ 0.50995952, -0.01915714]), 0.7854, 1.0]
[20, array([ 0.5182, -0.0209]), array([ 0.5101119 , -0.01915714]), 0.7854, 1.0]
[20, array([ 0.5182, -0.0209]), array([ 0.51026429, -0.01915714]), 0.7854, 1.0]
[20, array([ 0.5182, -0.0209]), array([ 0.51041667, -0.01915714]), 0.7854, 1.0]
[20, array([ 0.5182, -0.0209]), array([ 0.51056905, -0.01915714]), 0.7854, 1.0]
[20, array([ 0.5182, -0.0209]), array([ 0.51072143, -0.01915714]), 0.7854, 1.0]
[20, array([ 0.5182, -0.0209]), array([ 0.51087381, -0.01915714]), 0.7854, 1.0]
[20, array([ 0.5182, -0.0209]), array([ 0.51102619, -0.01915714]), 0.7854, 1.0]
[20, array([ 0.5182, -0.0209]), array([ 0.51117857, -0.01915714]), 0.7854, 1.0]
[20, array([ 0.5182, -0.0209]), array([ 0.51133095, -0.01915714]), 0.7854, 0.0]
[20, array([ 0.5182, -0.0209]), array([ 0.51148333, -0.01915714]), 0.7854, 1.0]
[20, array([ 0.5182, -0.0209]), array([ 0.51163571, -0.01915714]), 0.7854, 0.0]
[20, array([ 0.5182, -0.0209]), array([ 0.5117881 , -0.01915714]), 0.7854, 0.0]
[20, array([ 0.5182, -0.0209]), array([ 0.51194048, -0.01915714]), 0.7854, 0.0]
[20, array([ 0.5182, -0.0209]), array([ 0.51209286, -0.01915714]), 0.7854, 0.0]
[20, array([ 0.5182, -0.0209]), array([ 0.51224524, -0.01915714]), 0.7854, 0.0]
[20, array([ 0.5182, -0.0209]), array([ 0.51239762, -0.01915714]), 0.7854, 0.0]
[20, array([ 0.5182, -0.0209]), array([ 0.51255   , -0.01915714]), 0.7854, 0.0]
[20, array([ 0.5182, -0.0209]), array([ 0.50935   , -0.01900476]), 0.7854, 1.0]
[20, array([ 0.5182, -0.0209]), array([ 0.50950238, -0.01900476]), 0.7854, 1.0]
[20, array([ 0.5182, -0.0209]), array([ 0.50965476, -0.01900476]), 0.7854, 0.0]
[20, array([ 0.5182, -0.0209]), array([ 0.50980714, -0.01900476]), 0.7854, 1.0]
[20, array([ 0.5182, -0.0209]), array([ 0.50995952, -0.01900476]), 0.7854, 0.0]
[20, array([ 0.5182, -0.0209]), array([ 0.5101119 , -0.01900476]), 0.7854, 1.0]
[20, array([ 0.5182, -0.0209]), array([ 0.51026429, -0.01900476]), 0.7854, 1.0]
[20, array([ 0.5182, -0.0209]), array([ 0.51041667, -0.01900476]), 0.7854, 1.0]
[20, array([ 0.5182, -0.0209]), array([ 0.51056905, -0.01900476]), 0.7854, 1.0]
[20, array([ 0.5182, -0.0209]), array([ 0.51072143, -0.01900476]), 0.7854, 1.0]
[20, array([ 0.5182, -0.0209]), array([ 0.51087381, -0.01900476]), 0.7854, 1.0]
[20, array([ 0.5182, -0.0209]), array([ 0.51102619, -0.01900476]), 0.7854, 1.0]
[20, array([ 0.5182, -0.0209]), array([ 0.51117857, -0.01900476]), 0.7854, 1.0]
[20, array([ 0.5182, -0.0209]), array([ 0.51133095, -0.01900476]), 0.7854, 1.0]
[20, array([ 0.5182, -0.0209]), array([ 0.51148333, -0.01900476]), 0.7854, 0.0]
[20, array([ 0.5182, -0.0209]), array([ 0.51163571, -0.01900476]), 0.7854, 1.0]
[20, array([ 0.5182, -0.0209]), array([ 0.5117881 , -0.01900476]), 0.7854, 1.0]
[20, array([ 0.5182, -0.0209]), array([ 0.51194048, -0.01900476]), 0.7854, 0.0]
[20, array([ 0.5182, -0.0209]), array([ 0.51209286, -0.01900476]), 0.7854, 0.0]
[20, array([ 0.5182, -0.0209]), array([ 0.51224524, -0.01900476]), 0.7854, 0.0]
[20, array([ 0.5182, -0.0209]), array([ 0.51239762, -0.01900476]), 0.7854, 0.0]
[20, array([ 0.5182, -0.0209]), array([ 0.51255   , -0.01900476]), 0.7854, 0.0]
[20, array([ 0.5182, -0.0209]), array([ 0.50935   , -0.01885238]), 0.7854, 1.0]
[20, array([ 0.5182, -0.0209]), array([ 0.50950238, -0.01885238]), 0.7854, 1.0]
[20, array([ 0.5182, -0.0209]), array([ 0.50965476, -0.01885238]), 0.7854, 1.0]
[20, array([ 0.5182, -0.0209]), array([ 0.50980714, -0.01885238]), 0.7854, 1.0]
[20, array([ 0.5182, -0.0209]), array([ 0.50995952, -0.01885238]), 0.7854, 0.0]
[20, array([ 0.5182, -0.0209]), array([ 0.5101119 , -0.01885238]), 0.7854, 0.0]
[20, array([ 0.5182, -0.0209]), array([ 0.51026429, -0.01885238]), 0.7854, 0.0]
[20, array([ 0.5182, -0.0209]), array([ 0.51041667, -0.01885238]), 0.7854, 1.0]
[20, array([ 0.5182, -0.0209]), array([ 0.51056905, -0.01885238]), 0.7854, 1.0]
[20, array([ 0.5182, -0.0209]), array([ 0.51072143, -0.01885238]), 0.7854, 1.0]
[20, array([ 0.5182, -0.0209]), array([ 0.51087381, -0.01885238]), 0.7854, 1.0]
[20, array([ 0.5182, -0.0209]), array([ 0.51102619, -0.01885238]), 0.7854, 1.0]
[20, array([ 0.5182, -0.0209]), array([ 0.51117857, -0.01885238]), 0.7854, 1.0]
[20, array([ 0.5182, -0.0209]), array([ 0.51133095, -0.01885238]), 0.7854, 1.0]
[20, array([ 0.5182, -0.0209]), array([ 0.51148333, -0.01885238]), 0.7854, 1.0]
[20, array([ 0.5182, -0.0209]), array([ 0.51163571, -0.01885238]), 0.7854, 1.0]
[20, array([ 0.5182, -0.0209]), array([ 0.5117881 , -0.01885238]), 0.7854, 1.0]
[20, array([ 0.5182, -0.0209]), array([ 0.51194048, -0.01885238]), 0.7854, 1.0]
[20, array([ 0.5182, -0.0209]), array([ 0.51209286, -0.01885238]), 0.7854, 1.0]
[20, array([ 0.5182, -0.0209]), array([ 0.51224524, -0.01885238]), 0.7854, 1.0]
[20, array([ 0.5182, -0.0209]), array([ 0.51239762, -0.01885238]), 0.7854, 0.0]
[20, array([ 0.5182, -0.0209]), array([ 0.51255   , -0.01885238]), 0.7854, 0.0]
[20, array([ 0.5182, -0.0209]), array([ 0.50935, -0.0187 ]), 0.7854, 1.0]
[20, array([ 0.5182, -0.0209]), array([ 0.50950238, -0.0187    ]), 0.7854, 1.0]
[20, array([ 0.5182, -0.0209]), array([ 0.50965476, -0.0187    ]), 0.7854, 1.0]
[20, array([ 0.5182, -0.0209]), array([ 0.50980714, -0.0187    ]), 0.7854, 1.0]
[20, array([ 0.5182, -0.0209]), array([ 0.50995952, -0.0187    ]), 0.7854, 1.0]
[20, array([ 0.5182, -0.0209]), array([ 0.5101119, -0.0187   ]), 0.7854, 0.0]
[20, array([ 0.5182, -0.0209]), array([ 0.51026429, -0.0187    ]), 0.7854, 0.0]
[20, array([ 0.5182, -0.0209]), array([ 0.51041667, -0.0187    ]), 0.7854, 0.0]
[20, array([ 0.5182, -0.0209]), array([ 0.51056905, -0.0187    ]), 0.7854, 1.0]
[20, array([ 0.5182, -0.0209]), array([ 0.51072143, -0.0187    ]), 0.7854, 1.0]
[20, array([ 0.5182, -0.0209]), array([ 0.51087381, -0.0187    ]), 0.7854, 1.0]
[20, array([ 0.5182, -0.0209]), array([ 0.51102619, -0.0187    ]), 0.7854, 1.0]
[20, array([ 0.5182, -0.0209]), array([ 0.51117857, -0.0187    ]), 0.7854, 1.0]
[20, array([ 0.5182, -0.0209]), array([ 0.51133095, -0.0187    ]), 0.7854, 1.0]
[20, array([ 0.5182, -0.0209]), array([ 0.51148333, -0.0187    ]), 0.7854, 1.0]
[20, array([ 0.5182, -0.0209]), array([ 0.51163571, -0.0187    ]), 0.7854, 1.0]
[20, array([ 0.5182, -0.0209]), array([ 0.5117881, -0.0187   ]), 0.7854, 1.0]
[20, array([ 0.5182, -0.0209]), array([ 0.51194048, -0.0187    ]), 0.7854, 1.0]
[20, array([ 0.5182, -0.0209]), array([ 0.51209286, -0.0187    ]), 0.7854, 1.0]
[20, array([ 0.5182, -0.0209]), array([ 0.51224524, -0.0187    ]), 0.7854, 1.0]
[20, array([ 0.5182, -0.0209]), array([ 0.51239762, -0.0187    ]), 0.7854, 1.0]
[20, array([ 0.5182, -0.0209]), array([ 0.51255, -0.0187 ]), 0.7854, 1.0]
[19, array([0.4501, 0.0226]), array([0.44225, 0.0125 ]), 0.7854, 0.0]
[19, array([0.4501, 0.0226]), array([0.44254524, 0.0125    ]), 0.7854, 0.0]
[19, array([0.4501, 0.0226]), array([0.44284048, 0.0125    ]), 0.7854, 0.0]
[19, array([0.4501, 0.0226]), array([0.44313571, 0.0125    ]), 0.7854, 0.0]
[19, array([0.4501, 0.0226]), array([0.44343095, 0.0125    ]), 0.7854, 0.0]
[19, array([0.4501, 0.0226]), array([0.44372619, 0.0125    ]), 0.7854, 0.0]
[19, array([0.4501, 0.0226]), array([0.44402143, 0.0125    ]), 0.7854, 0.0]
[19, array([0.4501, 0.0226]), array([0.44431667, 0.0125    ]), 0.7854, 0.0]
[19, array([0.4501, 0.0226]), array([0.4446119, 0.0125   ]), 0.7854, 0.0]
[19, array([0.4501, 0.0226]), array([0.44490714, 0.0125    ]), 0.7854, 0.0]
[19, array([0.4501, 0.0226]), array([0.44520238, 0.0125    ]), 0.7854, 0.0]
[19, array([0.4501, 0.0226]), array([0.44549762, 0.0125    ]), 0.7854, 0.0]
[19, array([0.4501, 0.0226]), array([0.44579286, 0.0125    ]), 0.7854, 0.0]
[19, array([0.4501, 0.0226]), array([0.4460881, 0.0125   ]), 0.7854, 0.0]
[19, array([0.4501, 0.0226]), array([0.44638333, 0.0125    ]), 0.7854, 0.0]
[19, array([0.4501, 0.0226]), array([0.44667857, 0.0125    ]), 0.7854, 0.0]
[19, array([0.4501, 0.0226]), array([0.44697381, 0.0125    ]), 0.7854, 0.0]
[19, array([0.4501, 0.0226]), array([0.44726905, 0.0125    ]), 0.7854, 0.0]
[19, array([0.4501, 0.0226]), array([0.44756429, 0.0125    ]), 0.7854, 0.0]
[19, array([0.4501, 0.0226]), array([0.44785952, 0.0125    ]), 0.7854, 0.0]
[19, array([0.4501, 0.0226]), array([0.44815476, 0.0125    ]), 0.7854, 0.0]
[19, array([0.4501, 0.0226]), array([0.44845, 0.0125 ]), 0.7854, 0.0]
[19, array([0.4501, 0.0226]), array([0.44225   , 0.01279524]), 0.7854, 0.0]
[19, array([0.4501, 0.0226]), array([0.44254524, 0.01279524]), 0.7854, 0.0]
[19, array([0.4501, 0.0226]), array([0.44284048, 0.01279524]), 0.7854, 0.0]
[19, array([0.4501, 0.0226]), array([0.44313571, 0.01279524]), 0.7854, 0.0]
[19, array([0.4501, 0.0226]), array([0.44343095, 0.01279524]), 0.7854, 0.0]
[19, array([0.4501, 0.0226]), array([0.44372619, 0.01279524]), 0.7854, 0.0]
[19, array([0.4501, 0.0226]), array([0.44402143, 0.01279524]), 0.7854, 0.0]
[19, array([0.4501, 0.0226]), array([0.44431667, 0.01279524]), 0.7854, 0.0]
[19, array([0.4501, 0.0226]), array([0.4446119 , 0.01279524]), 0.7854, 0.0]
[19, array([0.4501, 0.0226]), array([0.44490714, 0.01279524]), 0.7854, 0.0]
[19, array([0.4501, 0.0226]), array([0.44520238, 0.01279524]), 0.7854, 0.0]
[19, array([0.4501, 0.0226]), array([0.44549762, 0.01279524]), 0.7854, 0.0]
[19, array([0.4501, 0.0226]), array([0.44579286, 0.01279524]), 0.7854, 0.0]
[19, array([0.4501, 0.0226]), array([0.4460881 , 0.01279524]), 0.7854, 0.0]
[19, array([0.4501, 0.0226]), array([0.44638333, 0.01279524]), 0.7854, 0.0]
[19, array([0.4501, 0.0226]), array([0.44667857, 0.01279524]), 0.7854, 0.0]
[19, array([0.4501, 0.0226]), array([0.44697381, 0.01279524]), 0.7854, 0.0]
[19, array([0.4501, 0.0226]), array([0.44726905, 0.01279524]), 0.7854, 0.0]
[19, array([0.4501, 0.0226]), array([0.44756429, 0.01279524]), 0.7854, 0.0]
[19, array([0.4501, 0.0226]), array([0.44785952, 0.01279524]), 0.7854, 0.0]
[19, array([0.4501, 0.0226]), array([0.44815476, 0.01279524]), 0.7854, 0.0]
[19, array([0.4501, 0.0226]), array([0.44845   , 0.01279524]), 0.7854, 0.0]
[19, array([0.4501, 0.0226]), array([0.44225   , 0.01309048]), 0.7854, 0.0]
[19, array([0.4501, 0.0226]), array([0.44254524, 0.01309048]), 0.7854, 0.0]
[19, array([0.4501, 0.0226]), array([0.44284048, 0.01309048]), 0.7854, 0.0]
[19, array([0.4501, 0.0226]), array([0.44313571, 0.01309048]), 0.7854, 0.0]
[19, array([0.4501, 0.0226]), array([0.44343095, 0.01309048]), 0.7854, 0.0]
[19, array([0.4501, 0.0226]), array([0.44372619, 0.01309048]), 0.7854, 0.0]
[19, array([0.4501, 0.0226]), array([0.44402143, 0.01309048]), 0.7854, 0.0]
[19, array([0.4501, 0.0226]), array([0.44431667, 0.01309048]), 0.7854, 0.0]
[19, array([0.4501, 0.0226]), array([0.4446119 , 0.01309048]), 0.7854, 0.0]
[19, array([0.4501, 0.0226]), array([0.44490714, 0.01309048]), 0.7854, 0.0]
[19, array([0.4501, 0.0226]), array([0.44520238, 0.01309048]), 0.7854, 0.0]
[19, array([0.4501, 0.0226]), array([0.44549762, 0.01309048]), 0.7854, 0.0]
[19, array([0.4501, 0.0226]), array([0.44579286, 0.01309048]), 0.7854, 0.0]
[19, array([0.4501, 0.0226]), array([0.4460881 , 0.01309048]), 0.7854, 0.0]
[19, array([0.4501, 0.0226]), array([0.44638333, 0.01309048]), 0.7854, 0.0]
[19, array([0.4501, 0.0226]), array([0.44667857, 0.01309048]), 0.7854, 0.0]
[19, array([0.4501, 0.0226]), array([0.44697381, 0.01309048]), 0.7854, 0.0]
[19, array([0.4501, 0.0226]), array([0.44726905, 0.01309048]), 0.7854, 0.0]
[19, array([0.4501, 0.0226]), array([0.44756429, 0.01309048]), 0.7854, 0.0]
[19, array([0.4501, 0.0226]), array([0.44785952, 0.01309048]), 0.7854, 0.0]
[19, array([0.4501, 0.0226]), array([0.44815476, 0.01309048]), 0.7854, 0.0]
[19, array([0.4501, 0.0226]), array([0.44845   , 0.01309048]), 0.7854, 0.0]
[19, array([0.4501, 0.0226]), array([0.44225   , 0.01338571]), 0.7854, 0.0]
[19, array([0.4501, 0.0226]), array([0.44254524, 0.01338571]), 0.7854, 0.0]
[19, array([0.4501, 0.0226]), array([0.44284048, 0.01338571]), 0.7854, 0.0]
[19, array([0.4501, 0.0226]), array([0.44313571, 0.01338571]), 0.7854, 0.0]
[19, array([0.4501, 0.0226]), array([0.44343095, 0.01338571]), 0.7854, 0.0]
[19, array([0.4501, 0.0226]), array([0.44372619, 0.01338571]), 0.7854, 0.0]
[19, array([0.4501, 0.0226]), array([0.44402143, 0.01338571]), 0.7854, 0.0]
[19, array([0.4501, 0.0226]), array([0.44431667, 0.01338571]), 0.7854, 0.0]
[19, array([0.4501, 0.0226]), array([0.4446119 , 0.01338571]), 0.7854, 1.0]
[19, array([0.4501, 0.0226]), array([0.44490714, 0.01338571]), 0.7854, 0.0]
[19, array([0.4501, 0.0226]), array([0.44520238, 0.01338571]), 0.7854, 0.0]
[19, array([0.4501, 0.0226]), array([0.44549762, 0.01338571]), 0.7854, 0.0]
[19, array([0.4501, 0.0226]), array([0.44579286, 0.01338571]), 0.7854, 0.0]
[19, array([0.4501, 0.0226]), array([0.4460881 , 0.01338571]), 0.7854, 0.0]
[19, array([0.4501, 0.0226]), array([0.44638333, 0.01338571]), 0.7854, 0.0]
[19, array([0.4501, 0.0226]), array([0.44667857, 0.01338571]), 0.7854, 0.0]
[19, array([0.4501, 0.0226]), array([0.44697381, 0.01338571]), 0.7854, 0.0]
[19, array([0.4501, 0.0226]), array([0.44726905, 0.01338571]), 0.7854, 0.0]
[19, array([0.4501, 0.0226]), array([0.44756429, 0.01338571]), 0.7854, 0.0]
[19, array([0.4501, 0.0226]), array([0.44785952, 0.01338571]), 0.7854, 0.0]
[19, array([0.4501, 0.0226]), array([0.44815476, 0.01338571]), 0.7854, 0.0]
[19, array([0.4501, 0.0226]), array([0.44845   , 0.01338571]), 0.7854, 0.0]
[19, array([0.4501, 0.0226]), array([0.44225   , 0.01368095]), 0.7854, 0.0]
[19, array([0.4501, 0.0226]), array([0.44254524, 0.01368095]), 0.7854, 0.0]
[19, array([0.4501, 0.0226]), array([0.44284048, 0.01368095]), 0.7854, 0.0]
[19, array([0.4501, 0.0226]), array([0.44313571, 0.01368095]), 0.7854, 0.0]
[19, array([0.4501, 0.0226]), array([0.44343095, 0.01368095]), 0.7854, 0.0]
[19, array([0.4501, 0.0226]), array([0.44372619, 0.01368095]), 0.7854, 0.0]
[19, array([0.4501, 0.0226]), array([0.44402143, 0.01368095]), 0.7854, 0.0]
[19, array([0.4501, 0.0226]), array([0.44431667, 0.01368095]), 0.7854, 0.0]
[19, array([0.4501, 0.0226]), array([0.4446119 , 0.01368095]), 0.7854, 0.0]
[19, array([0.4501, 0.0226]), array([0.44490714, 0.01368095]), 0.7854, 0.0]
[19, array([0.4501, 0.0226]), array([0.44520238, 0.01368095]), 0.7854, 0.0]
[19, array([0.4501, 0.0226]), array([0.44549762, 0.01368095]), 0.7854, 0.0]
[19, array([0.4501, 0.0226]), array([0.44579286, 0.01368095]), 0.7854, 0.0]
[19, array([0.4501, 0.0226]), array([0.4460881 , 0.01368095]), 0.7854, 0.0]
[19, array([0.4501, 0.0226]), array([0.44638333, 0.01368095]), 0.7854, 0.0]
[19, array([0.4501, 0.0226]), array([0.44667857, 0.01368095]), 0.7854, 0.0]
[19, array([0.4501, 0.0226]), array([0.44697381, 0.01368095]), 0.7854, 0.0]
[19, array([0.4501, 0.0226]), array([0.44726905, 0.01368095]), 0.7854, 0.0]
[19, array([0.4501, 0.0226]), array([0.44756429, 0.01368095]), 0.7854, 0.0]
[19, array([0.4501, 0.0226]), array([0.44785952, 0.01368095]), 0.7854, 0.0]
[19, array([0.4501, 0.0226]), array([0.44815476, 0.01368095]), 0.7854, 0.0]
[19, array([0.4501, 0.0226]), array([0.44845   , 0.01368095]), 0.7854, 0.0]
[19, array([0.4501, 0.0226]), array([0.44225   , 0.01397619]), 0.7854, 0.0]
[19, array([0.4501, 0.0226]), array([0.44254524, 0.01397619]), 0.7854, 0.0]
[19, array([0.4501, 0.0226]), array([0.44284048, 0.01397619]), 0.7854, 0.0]
[19, array([0.4501, 0.0226]), array([0.44313571, 0.01397619]), 0.7854, 0.0]
[19, array([0.4501, 0.0226]), array([0.44343095, 0.01397619]), 0.7854, 0.0]
[19, array([0.4501, 0.0226]), array([0.44372619, 0.01397619]), 0.7854, 0.0]
[19, array([0.4501, 0.0226]), array([0.44402143, 0.01397619]), 0.7854, 0.0]
[19, array([0.4501, 0.0226]), array([0.44431667, 0.01397619]), 0.7854, 0.0]
[19, array([0.4501, 0.0226]), array([0.4446119 , 0.01397619]), 0.7854, 0.0]
[19, array([0.4501, 0.0226]), array([0.44490714, 0.01397619]), 0.7854, 0.0]
[19, array([0.4501, 0.0226]), array([0.44520238, 0.01397619]), 0.7854, 0.0]
[19, array([0.4501, 0.0226]), array([0.44549762, 0.01397619]), 0.7854, 0.0]
[19, array([0.4501, 0.0226]), array([0.44579286, 0.01397619]), 0.7854, 0.0]
[19, array([0.4501, 0.0226]), array([0.4460881 , 0.01397619]), 0.7854, 0.0]
[19, array([0.4501, 0.0226]), array([0.44638333, 0.01397619]), 0.7854, 0.0]
[19, array([0.4501, 0.0226]), array([0.44667857, 0.01397619]), 0.7854, 0.0]
[19, array([0.4501, 0.0226]), array([0.44697381, 0.01397619]), 0.7854, 0.0]
[19, array([0.4501, 0.0226]), array([0.44726905, 0.01397619]), 0.7854, 0.0]
[19, array([0.4501, 0.0226]), array([0.44756429, 0.01397619]), 0.7854, 0.0]
[19, array([0.4501, 0.0226]), array([0.44785952, 0.01397619]), 0.7854, 0.0]
[19, array([0.4501, 0.0226]), array([0.44815476, 0.01397619]), 0.7854, 0.0]
[19, array([0.4501, 0.0226]), array([0.44845   , 0.01397619]), 0.7854, 0.0]
[19, array([0.4501, 0.0226]), array([0.44225   , 0.01427143]), 0.7854, 0.0]
[19, array([0.4501, 0.0226]), array([0.44254524, 0.01427143]), 0.7854, 0.0]
[19, array([0.4501, 0.0226]), array([0.44284048, 0.01427143]), 0.7854, 0.0]
[19, array([0.4501, 0.0226]), array([0.44313571, 0.01427143]), 0.7854, 0.0]
[19, array([0.4501, 0.0226]), array([0.44343095, 0.01427143]), 0.7854, 0.0]
[19, array([0.4501, 0.0226]), array([0.44372619, 0.01427143]), 0.7854, 0.0]
[19, array([0.4501, 0.0226]), array([0.44402143, 0.01427143]), 0.7854, 0.0]
[19, array([0.4501, 0.0226]), array([0.44431667, 0.01427143]), 0.7854, 0.0]
[19, array([0.4501, 0.0226]), array([0.4446119 , 0.01427143]), 0.7854, 0.0]
[19, array([0.4501, 0.0226]), array([0.44490714, 0.01427143]), 0.7854, 0.0]
[19, array([0.4501, 0.0226]), array([0.44520238, 0.01427143]), 0.7854, 0.0]
[19, array([0.4501, 0.0226]), array([0.44549762, 0.01427143]), 0.7854, 0.0]
[19, array([0.4501, 0.0226]), array([0.44579286, 0.01427143]), 0.7854, 0.0]
[19, array([0.4501, 0.0226]), array([0.4460881 , 0.01427143]), 0.7854, 0.0]
[19, array([0.4501, 0.0226]), array([0.44638333, 0.01427143]), 0.7854, 0.0]
[19, array([0.4501, 0.0226]), array([0.44667857, 0.01427143]), 0.7854, 0.0]
[19, array([0.4501, 0.0226]), array([0.44697381, 0.01427143]), 0.7854, 0.0]
[19, array([0.4501, 0.0226]), array([0.44726905, 0.01427143]), 0.7854, 0.0]
[19, array([0.4501, 0.0226]), array([0.44756429, 0.01427143]), 0.7854, 0.0]
[19, array([0.4501, 0.0226]), array([0.44785952, 0.01427143]), 0.7854, 0.0]
[19, array([0.4501, 0.0226]), array([0.44815476, 0.01427143]), 0.7854, 0.0]
[19, array([0.4501, 0.0226]), array([0.44845   , 0.01427143]), 0.7854, 0.0]
[19, array([0.4501, 0.0226]), array([0.44225   , 0.01456667]), 0.7854, 0.0]
[19, array([0.4501, 0.0226]), array([0.44254524, 0.01456667]), 0.7854, 0.0]
[19, array([0.4501, 0.0226]), array([0.44284048, 0.01456667]), 0.7854, 0.0]
[19, array([0.4501, 0.0226]), array([0.44313571, 0.01456667]), 0.7854, 0.0]
[19, array([0.4501, 0.0226]), array([0.44343095, 0.01456667]), 0.7854, 1.0]
[19, array([0.4501, 0.0226]), array([0.44372619, 0.01456667]), 0.7854, 0.0]
[19, array([0.4501, 0.0226]), array([0.44402143, 0.01456667]), 0.7854, 0.0]
[19, array([0.4501, 0.0226]), array([0.44431667, 0.01456667]), 0.7854, 0.0]
[19, array([0.4501, 0.0226]), array([0.4446119 , 0.01456667]), 0.7854, 0.0]
[19, array([0.4501, 0.0226]), array([0.44490714, 0.01456667]), 0.7854, 0.0]
[19, array([0.4501, 0.0226]), array([0.44520238, 0.01456667]), 0.7854, 0.0]
[19, array([0.4501, 0.0226]), array([0.44549762, 0.01456667]), 0.7854, 0.0]
[19, array([0.4501, 0.0226]), array([0.44579286, 0.01456667]), 0.7854, 0.0]
[19, array([0.4501, 0.0226]), array([0.4460881 , 0.01456667]), 0.7854, 0.0]
[19, array([0.4501, 0.0226]), array([0.44638333, 0.01456667]), 0.7854, 0.0]
[19, array([0.4501, 0.0226]), array([0.44667857, 0.01456667]), 0.7854, 0.0]
[19, array([0.4501, 0.0226]), array([0.44697381, 0.01456667]), 0.7854, 0.0]
[19, array([0.4501, 0.0226]), array([0.44726905, 0.01456667]), 0.7854, 0.0]
[19, array([0.4501, 0.0226]), array([0.44756429, 0.01456667]), 0.7854, 0.0]
[19, array([0.4501, 0.0226]), array([0.44785952, 0.01456667]), 0.7854, 0.0]
[19, array([0.4501, 0.0226]), array([0.44815476, 0.01456667]), 0.7854, 0.0]
[19, array([0.4501, 0.0226]), array([0.44845   , 0.01456667]), 0.7854, 0.0]
[19, array([0.4501, 0.0226]), array([0.44225  , 0.0148619]), 0.7854, 0.0]
[19, array([0.4501, 0.0226]), array([0.44254524, 0.0148619 ]), 0.7854, 0.0]
[19, array([0.4501, 0.0226]), array([0.44284048, 0.0148619 ]), 0.7854, 0.0]
[19, array([0.4501, 0.0226]), array([0.44313571, 0.0148619 ]), 0.7854, 0.0]
[19, array([0.4501, 0.0226]), array([0.44343095, 0.0148619 ]), 0.7854, 1.0]
[19, array([0.4501, 0.0226]), array([0.44372619, 0.0148619 ]), 0.7854, 0.0]
[19, array([0.4501, 0.0226]), array([0.44402143, 0.0148619 ]), 0.7854, 0.0]
[19, array([0.4501, 0.0226]), array([0.44431667, 0.0148619 ]), 0.7854, 0.0]
[19, array([0.4501, 0.0226]), array([0.4446119, 0.0148619]), 0.7854, 0.0]
[19, array([0.4501, 0.0226]), array([0.44490714, 0.0148619 ]), 0.7854, 0.0]
[19, array([0.4501, 0.0226]), array([0.44520238, 0.0148619 ]), 0.7854, 0.0]
[19, array([0.4501, 0.0226]), array([0.44549762, 0.0148619 ]), 0.7854, 0.0]
[19, array([0.4501, 0.0226]), array([0.44579286, 0.0148619 ]), 0.7854, 0.0]
[19, array([0.4501, 0.0226]), array([0.4460881, 0.0148619]), 0.7854, 0.0]
[19, array([0.4501, 0.0226]), array([0.44638333, 0.0148619 ]), 0.7854, 0.0]
[19, array([0.4501, 0.0226]), array([0.44667857, 0.0148619 ]), 0.7854, 0.0]
[19, array([0.4501, 0.0226]), array([0.44697381, 0.0148619 ]), 0.7854, 0.0]
[19, array([0.4501, 0.0226]), array([0.44726905, 0.0148619 ]), 0.7854, 0.0]
[19, array([0.4501, 0.0226]), array([0.44756429, 0.0148619 ]), 0.7854, 0.0]
[19, array([0.4501, 0.0226]), array([0.44785952, 0.0148619 ]), 0.7854, 0.0]
[19, array([0.4501, 0.0226]), array([0.44815476, 0.0148619 ]), 0.7854, 0.0]
[19, array([0.4501, 0.0226]), array([0.44845  , 0.0148619]), 0.7854, 0.0]
[19, array([0.4501, 0.0226]), array([0.44225   , 0.01515714]), 0.7854, 0.0]
[19, array([0.4501, 0.0226]), array([0.44254524, 0.01515714]), 0.7854, 0.0]
[19, array([0.4501, 0.0226]), array([0.44284048, 0.01515714]), 0.7854, 0.0]
[19, array([0.4501, 0.0226]), array([0.44313571, 0.01515714]), 0.7854, 0.0]
[19, array([0.4501, 0.0226]), array([0.44343095, 0.01515714]), 0.7854, 0.0]
[19, array([0.4501, 0.0226]), array([0.44372619, 0.01515714]), 0.7854, 0.0]
[19, array([0.4501, 0.0226]), array([0.44402143, 0.01515714]), 0.7854, 0.0]
[19, array([0.4501, 0.0226]), array([0.44431667, 0.01515714]), 0.7854, 0.0]
[19, array([0.4501, 0.0226]), array([0.4446119 , 0.01515714]), 0.7854, 0.0]
[19, array([0.4501, 0.0226]), array([0.44490714, 0.01515714]), 0.7854, 0.0]
[19, array([0.4501, 0.0226]), array([0.44520238, 0.01515714]), 0.7854, 0.0]
[19, array([0.4501, 0.0226]), array([0.44549762, 0.01515714]), 0.7854, 0.0]
[19, array([0.4501, 0.0226]), array([0.44579286, 0.01515714]), 0.7854, 0.0]
[19, array([0.4501, 0.0226]), array([0.4460881 , 0.01515714]), 0.7854, 0.0]
[19, array([0.4501, 0.0226]), array([0.44638333, 0.01515714]), 0.7854, 0.0]
[19, array([0.4501, 0.0226]), array([0.44667857, 0.01515714]), 0.7854, 0.0]
[19, array([0.4501, 0.0226]), array([0.44697381, 0.01515714]), 0.7854, 0.0]
[19, array([0.4501, 0.0226]), array([0.44726905, 0.01515714]), 0.7854, 0.0]
[19, array([0.4501, 0.0226]), array([0.44756429, 0.01515714]), 0.7854, 0.0]
[19, array([0.4501, 0.0226]), array([0.44785952, 0.01515714]), 0.7854, 0.0]
[19, array([0.4501, 0.0226]), array([0.44815476, 0.01515714]), 0.7854, 0.0]
[19, array([0.4501, 0.0226]), array([0.44845   , 0.01515714]), 0.7854, 0.0]
[19, array([0.4501, 0.0226]), array([0.44225   , 0.01545238]), 0.7854, 0.0]
[19, array([0.4501, 0.0226]), array([0.44254524, 0.01545238]), 0.7854, 0.0]
[19, array([0.4501, 0.0226]), array([0.44284048, 0.01545238]), 0.7854, 0.0]
[19, array([0.4501, 0.0226]), array([0.44313571, 0.01545238]), 0.7854, 0.0]
[19, array([0.4501, 0.0226]), array([0.44343095, 0.01545238]), 0.7854, 1.0]
[19, array([0.4501, 0.0226]), array([0.44372619, 0.01545238]), 0.7854, 0.0]
[19, array([0.4501, 0.0226]), array([0.44402143, 0.01545238]), 0.7854, 0.0]
[19, array([0.4501, 0.0226]), array([0.44431667, 0.01545238]), 0.7854, 0.0]
[19, array([0.4501, 0.0226]), array([0.4446119 , 0.01545238]), 0.7854, 0.0]
[19, array([0.4501, 0.0226]), array([0.44490714, 0.01545238]), 0.7854, 0.0]
[19, array([0.4501, 0.0226]), array([0.44520238, 0.01545238]), 0.7854, 0.0]
[19, array([0.4501, 0.0226]), array([0.44549762, 0.01545238]), 0.7854, 0.0]
[19, array([0.4501, 0.0226]), array([0.44579286, 0.01545238]), 0.7854, 0.0]
[19, array([0.4501, 0.0226]), array([0.4460881 , 0.01545238]), 0.7854, 0.0]
[19, array([0.4501, 0.0226]), array([0.44638333, 0.01545238]), 0.7854, 0.0]
[19, array([0.4501, 0.0226]), array([0.44667857, 0.01545238]), 0.7854, 0.0]
[19, array([0.4501, 0.0226]), array([0.44697381, 0.01545238]), 0.7854, 0.0]
[19, array([0.4501, 0.0226]), array([0.44726905, 0.01545238]), 0.7854, 0.0]
[19, array([0.4501, 0.0226]), array([0.44756429, 0.01545238]), 0.7854, 0.0]
[19, array([0.4501, 0.0226]), array([0.44785952, 0.01545238]), 0.7854, 0.0]
[19, array([0.4501, 0.0226]), array([0.44815476, 0.01545238]), 0.7854, 0.0]
[19, array([0.4501, 0.0226]), array([0.44845   , 0.01545238]), 0.7854, 0.0]
[19, array([0.4501, 0.0226]), array([0.44225   , 0.01574762]), 0.7854, 0.0]
[19, array([0.4501, 0.0226]), array([0.44254524, 0.01574762]), 0.7854, 0.0]
[19, array([0.4501, 0.0226]), array([0.44284048, 0.01574762]), 0.7854, 0.0]
[19, array([0.4501, 0.0226]), array([0.44313571, 0.01574762]), 0.7854, 0.0]
[19, array([0.4501, 0.0226]), array([0.44343095, 0.01574762]), 0.7854, 0.0]
[19, array([0.4501, 0.0226]), array([0.44372619, 0.01574762]), 0.7854, 0.0]
[19, array([0.4501, 0.0226]), array([0.44402143, 0.01574762]), 0.7854, 0.0]
[19, array([0.4501, 0.0226]), array([0.44431667, 0.01574762]), 0.7854, 0.0]
[19, array([0.4501, 0.0226]), array([0.4446119 , 0.01574762]), 0.7854, 0.0]
[19, array([0.4501, 0.0226]), array([0.44490714, 0.01574762]), 0.7854, 0.0]
[19, array([0.4501, 0.0226]), array([0.44520238, 0.01574762]), 0.7854, 0.0]
[19, array([0.4501, 0.0226]), array([0.44549762, 0.01574762]), 0.7854, 0.0]
[19, array([0.4501, 0.0226]), array([0.44579286, 0.01574762]), 0.7854, 0.0]
[19, array([0.4501, 0.0226]), array([0.4460881 , 0.01574762]), 0.7854, 0.0]
[19, array([0.4501, 0.0226]), array([0.44638333, 0.01574762]), 0.7854, 0.0]
[19, array([0.4501, 0.0226]), array([0.44667857, 0.01574762]), 0.7854, 0.0]
[19, array([0.4501, 0.0226]), array([0.44697381, 0.01574762]), 0.7854, 0.0]
[19, array([0.4501, 0.0226]), array([0.44726905, 0.01574762]), 0.7854, 0.0]
[19, array([0.4501, 0.0226]), array([0.44756429, 0.01574762]), 0.7854, 0.0]
[19, array([0.4501, 0.0226]), array([0.44785952, 0.01574762]), 0.7854, 0.0]
[19, array([0.4501, 0.0226]), array([0.44815476, 0.01574762]), 0.7854, 0.0]
[19, array([0.4501, 0.0226]), array([0.44845   , 0.01574762]), 0.7854, 0.0]
[19, array([0.4501, 0.0226]), array([0.44225   , 0.01604286]), 0.7854, 0.0]
[19, array([0.4501, 0.0226]), array([0.44254524, 0.01604286]), 0.7854, 0.0]
[19, array([0.4501, 0.0226]), array([0.44284048, 0.01604286]), 0.7854, 0.0]
[19, array([0.4501, 0.0226]), array([0.44313571, 0.01604286]), 0.7854, 0.0]
[19, array([0.4501, 0.0226]), array([0.44343095, 0.01604286]), 0.7854, 0.0]
[19, array([0.4501, 0.0226]), array([0.44372619, 0.01604286]), 0.7854, 0.0]
[19, array([0.4501, 0.0226]), array([0.44402143, 0.01604286]), 0.7854, 0.0]
[19, array([0.4501, 0.0226]), array([0.44431667, 0.01604286]), 0.7854, 0.0]
[19, array([0.4501, 0.0226]), array([0.4446119 , 0.01604286]), 0.7854, 0.0]
[19, array([0.4501, 0.0226]), array([0.44490714, 0.01604286]), 0.7854, 0.0]
[19, array([0.4501, 0.0226]), array([0.44520238, 0.01604286]), 0.7854, 0.0]
[19, array([0.4501, 0.0226]), array([0.44549762, 0.01604286]), 0.7854, 0.0]
[19, array([0.4501, 0.0226]), array([0.44579286, 0.01604286]), 0.7854, 0.0]
[19, array([0.4501, 0.0226]), array([0.4460881 , 0.01604286]), 0.7854, 0.0]
[19, array([0.4501, 0.0226]), array([0.44638333, 0.01604286]), 0.7854, 0.0]
[19, array([0.4501, 0.0226]), array([0.44667857, 0.01604286]), 0.7854, 0.0]
[19, array([0.4501, 0.0226]), array([0.44697381, 0.01604286]), 0.7854, 0.0]
[19, array([0.4501, 0.0226]), array([0.44726905, 0.01604286]), 0.7854, 0.0]
[19, array([0.4501, 0.0226]), array([0.44756429, 0.01604286]), 0.7854, 0.0]
[19, array([0.4501, 0.0226]), array([0.44785952, 0.01604286]), 0.7854, 1.0]
[19, array([0.4501, 0.0226]), array([0.44815476, 0.01604286]), 0.7854, 0.0]
[19, array([0.4501, 0.0226]), array([0.44845   , 0.01604286]), 0.7854, 0.0]
[19, array([0.4501, 0.0226]), array([0.44225  , 0.0163381]), 0.7854, 0.0]
[19, array([0.4501, 0.0226]), array([0.44254524, 0.0163381 ]), 0.7854, 0.0]
[19, array([0.4501, 0.0226]), array([0.44284048, 0.0163381 ]), 0.7854, 0.0]
[19, array([0.4501, 0.0226]), array([0.44313571, 0.0163381 ]), 0.7854, 0.0]
[19, array([0.4501, 0.0226]), array([0.44343095, 0.0163381 ]), 0.7854, 0.0]
[19, array([0.4501, 0.0226]), array([0.44372619, 0.0163381 ]), 0.7854, 0.0]
[19, array([0.4501, 0.0226]), array([0.44402143, 0.0163381 ]), 0.7854, 0.0]
[19, array([0.4501, 0.0226]), array([0.44431667, 0.0163381 ]), 0.7854, 0.0]
[19, array([0.4501, 0.0226]), array([0.4446119, 0.0163381]), 0.7854, 0.0]
[19, array([0.4501, 0.0226]), array([0.44490714, 0.0163381 ]), 0.7854, 0.0]
[19, array([0.4501, 0.0226]), array([0.44520238, 0.0163381 ]), 0.7854, 0.0]
[19, array([0.4501, 0.0226]), array([0.44549762, 0.0163381 ]), 0.7854, 0.0]
[19, array([0.4501, 0.0226]), array([0.44579286, 0.0163381 ]), 0.7854, 0.0]
[19, array([0.4501, 0.0226]), array([0.4460881, 0.0163381]), 0.7854, 0.0]
[19, array([0.4501, 0.0226]), array([0.44638333, 0.0163381 ]), 0.7854, 0.0]
[19, array([0.4501, 0.0226]), array([0.44667857, 0.0163381 ]), 0.7854, 0.0]
[19, array([0.4501, 0.0226]), array([0.44697381, 0.0163381 ]), 0.7854, 0.0]
[19, array([0.4501, 0.0226]), array([0.44726905, 0.0163381 ]), 0.7854, 0.0]
[19, array([0.4501, 0.0226]), array([0.44756429, 0.0163381 ]), 0.7854, 0.0]
[19, array([0.4501, 0.0226]), array([0.44785952, 0.0163381 ]), 0.7854, 0.0]
[19, array([0.4501, 0.0226]), array([0.44815476, 0.0163381 ]), 0.7854, 0.0]
[19, array([0.4501, 0.0226]), array([0.44845  , 0.0163381]), 0.7854, 0.0]
[19, array([0.4501, 0.0226]), array([0.44225   , 0.01663333]), 0.7854, 0.0]
[19, array([0.4501, 0.0226]), array([0.44254524, 0.01663333]), 0.7854, 0.0]
[19, array([0.4501, 0.0226]), array([0.44284048, 0.01663333]), 0.7854, 0.0]
[19, array([0.4501, 0.0226]), array([0.44313571, 0.01663333]), 0.7854, 0.0]
[19, array([0.4501, 0.0226]), array([0.44343095, 0.01663333]), 0.7854, 0.0]
[19, array([0.4501, 0.0226]), array([0.44372619, 0.01663333]), 0.7854, 0.0]
[19, array([0.4501, 0.0226]), array([0.44402143, 0.01663333]), 0.7854, 0.0]
[19, array([0.4501, 0.0226]), array([0.44431667, 0.01663333]), 0.7854, 0.0]
[19, array([0.4501, 0.0226]), array([0.4446119 , 0.01663333]), 0.7854, 0.0]
[19, array([0.4501, 0.0226]), array([0.44490714, 0.01663333]), 0.7854, 0.0]
[19, array([0.4501, 0.0226]), array([0.44520238, 0.01663333]), 0.7854, 0.0]
[19, array([0.4501, 0.0226]), array([0.44549762, 0.01663333]), 0.7854, 0.0]
[19, array([0.4501, 0.0226]), array([0.44579286, 0.01663333]), 0.7854, 0.0]
[19, array([0.4501, 0.0226]), array([0.4460881 , 0.01663333]), 0.7854, 0.0]
[19, array([0.4501, 0.0226]), array([0.44638333, 0.01663333]), 0.7854, 0.0]
[19, array([0.4501, 0.0226]), array([0.44667857, 0.01663333]), 0.7854, 0.0]
[19, array([0.4501, 0.0226]), array([0.44697381, 0.01663333]), 0.7854, 0.0]
[19, array([0.4501, 0.0226]), array([0.44726905, 0.01663333]), 0.7854, 0.0]
[19, array([0.4501, 0.0226]), array([0.44756429, 0.01663333]), 0.7854, 0.0]
[19, array([0.4501, 0.0226]), array([0.44785952, 0.01663333]), 0.7854, 0.0]
[19, array([0.4501, 0.0226]), array([0.44815476, 0.01663333]), 0.7854, 0.0]
[19, array([0.4501, 0.0226]), array([0.44845   , 0.01663333]), 0.7854, 0.0]
[19, array([0.4501, 0.0226]), array([0.44225   , 0.01692857]), 0.7854, 0.0]
[19, array([0.4501, 0.0226]), array([0.44254524, 0.01692857]), 0.7854, 0.0]
[19, array([0.4501, 0.0226]), array([0.44284048, 0.01692857]), 0.7854, 0.0]
[19, array([0.4501, 0.0226]), array([0.44313571, 0.01692857]), 0.7854, 0.0]
[19, array([0.4501, 0.0226]), array([0.44343095, 0.01692857]), 0.7854, 0.0]
[19, array([0.4501, 0.0226]), array([0.44372619, 0.01692857]), 0.7854, 0.0]
[19, array([0.4501, 0.0226]), array([0.44402143, 0.01692857]), 0.7854, 0.0]
[19, array([0.4501, 0.0226]), array([0.44431667, 0.01692857]), 0.7854, 0.0]
[19, array([0.4501, 0.0226]), array([0.4446119 , 0.01692857]), 0.7854, 0.0]
[19, array([0.4501, 0.0226]), array([0.44490714, 0.01692857]), 0.7854, 0.0]
[19, array([0.4501, 0.0226]), array([0.44520238, 0.01692857]), 0.7854, 0.0]
[19, array([0.4501, 0.0226]), array([0.44549762, 0.01692857]), 0.7854, 0.0]
[19, array([0.4501, 0.0226]), array([0.44579286, 0.01692857]), 0.7854, 1.0]
[19, array([0.4501, 0.0226]), array([0.4460881 , 0.01692857]), 0.7854, 1.0]
[19, array([0.4501, 0.0226]), array([0.44638333, 0.01692857]), 0.7854, 0.0]
[19, array([0.4501, 0.0226]), array([0.44667857, 0.01692857]), 0.7854, 0.0]
[19, array([0.4501, 0.0226]), array([0.44697381, 0.01692857]), 0.7854, 0.0]
[19, array([0.4501, 0.0226]), array([0.44726905, 0.01692857]), 0.7854, 0.0]
[19, array([0.4501, 0.0226]), array([0.44756429, 0.01692857]), 0.7854, 0.0]
[19, array([0.4501, 0.0226]), array([0.44785952, 0.01692857]), 0.7854, 0.0]
[19, array([0.4501, 0.0226]), array([0.44815476, 0.01692857]), 0.7854, 0.0]
[19, array([0.4501, 0.0226]), array([0.44845   , 0.01692857]), 0.7854, 0.0]
[19, array([0.4501, 0.0226]), array([0.44225   , 0.01722381]), 0.7854, 0.0]
[19, array([0.4501, 0.0226]), array([0.44254524, 0.01722381]), 0.7854, 0.0]
[19, array([0.4501, 0.0226]), array([0.44284048, 0.01722381]), 0.7854, 0.0]
[19, array([0.4501, 0.0226]), array([0.44313571, 0.01722381]), 0.7854, 0.0]
[19, array([0.4501, 0.0226]), array([0.44343095, 0.01722381]), 0.7854, 0.0]
[19, array([0.4501, 0.0226]), array([0.44372619, 0.01722381]), 0.7854, 0.0]
[19, array([0.4501, 0.0226]), array([0.44402143, 0.01722381]), 0.7854, 0.0]
[19, array([0.4501, 0.0226]), array([0.44431667, 0.01722381]), 0.7854, 0.0]
[19, array([0.4501, 0.0226]), array([0.4446119 , 0.01722381]), 0.7854, 0.0]
[19, array([0.4501, 0.0226]), array([0.44490714, 0.01722381]), 0.7854, 0.0]
[19, array([0.4501, 0.0226]), array([0.44520238, 0.01722381]), 0.7854, 0.0]
[19, array([0.4501, 0.0226]), array([0.44549762, 0.01722381]), 0.7854, 0.0]
[19, array([0.4501, 0.0226]), array([0.44579286, 0.01722381]), 0.7854, 0.0]
[19, array([0.4501, 0.0226]), array([0.4460881 , 0.01722381]), 0.7854, 1.0]
[19, array([0.4501, 0.0226]), array([0.44638333, 0.01722381]), 0.7854, 0.0]
[19, array([0.4501, 0.0226]), array([0.44667857, 0.01722381]), 0.7854, 1.0]
[19, array([0.4501, 0.0226]), array([0.44697381, 0.01722381]), 0.7854, 0.0]
[19, array([0.4501, 0.0226]), array([0.44726905, 0.01722381]), 0.7854, 0.0]
[19, array([0.4501, 0.0226]), array([0.44756429, 0.01722381]), 0.7854, 0.0]
[19, array([0.4501, 0.0226]), array([0.44785952, 0.01722381]), 0.7854, 0.0]
[19, array([0.4501, 0.0226]), array([0.44815476, 0.01722381]), 0.7854, 0.0]
[19, array([0.4501, 0.0226]), array([0.44845   , 0.01722381]), 0.7854, 0.0]
[19, array([0.4501, 0.0226]), array([0.44225   , 0.01751905]), 0.7854, 0.0]
[19, array([0.4501, 0.0226]), array([0.44254524, 0.01751905]), 0.7854, 0.0]
[19, array([0.4501, 0.0226]), array([0.44284048, 0.01751905]), 0.7854, 0.0]
[19, array([0.4501, 0.0226]), array([0.44313571, 0.01751905]), 0.7854, 0.0]
[19, array([0.4501, 0.0226]), array([0.44343095, 0.01751905]), 0.7854, 0.0]
[19, array([0.4501, 0.0226]), array([0.44372619, 0.01751905]), 0.7854, 0.0]
[19, array([0.4501, 0.0226]), array([0.44402143, 0.01751905]), 0.7854, 0.0]
[19, array([0.4501, 0.0226]), array([0.44431667, 0.01751905]), 0.7854, 0.0]
[19, array([0.4501, 0.0226]), array([0.4446119 , 0.01751905]), 0.7854, 0.0]
[19, array([0.4501, 0.0226]), array([0.44490714, 0.01751905]), 0.7854, 0.0]
[19, array([0.4501, 0.0226]), array([0.44520238, 0.01751905]), 0.7854, 0.0]
[19, array([0.4501, 0.0226]), array([0.44549762, 0.01751905]), 0.7854, 0.0]
[19, array([0.4501, 0.0226]), array([0.44579286, 0.01751905]), 0.7854, 1.0]
[19, array([0.4501, 0.0226]), array([0.4460881 , 0.01751905]), 0.7854, 0.0]
[19, array([0.4501, 0.0226]), array([0.44638333, 0.01751905]), 0.7854, 0.0]
[19, array([0.4501, 0.0226]), array([0.44667857, 0.01751905]), 0.7854, 1.0]
[19, array([0.4501, 0.0226]), array([0.44697381, 0.01751905]), 0.7854, 0.0]
[19, array([0.4501, 0.0226]), array([0.44726905, 0.01751905]), 0.7854, 1.0]
[19, array([0.4501, 0.0226]), array([0.44756429, 0.01751905]), 0.7854, 0.0]
[19, array([0.4501, 0.0226]), array([0.44785952, 0.01751905]), 0.7854, 0.0]
[19, array([0.4501, 0.0226]), array([0.44815476, 0.01751905]), 0.7854, 0.0]
[19, array([0.4501, 0.0226]), array([0.44845   , 0.01751905]), 0.7854, 0.0]
[19, array([0.4501, 0.0226]), array([0.44225   , 0.01781429]), 0.7854, 0.0]
[19, array([0.4501, 0.0226]), array([0.44254524, 0.01781429]), 0.7854, 0.0]
[19, array([0.4501, 0.0226]), array([0.44284048, 0.01781429]), 0.7854, 0.0]
[19, array([0.4501, 0.0226]), array([0.44313571, 0.01781429]), 0.7854, 0.0]
[19, array([0.4501, 0.0226]), array([0.44343095, 0.01781429]), 0.7854, 0.0]
[19, array([0.4501, 0.0226]), array([0.44372619, 0.01781429]), 0.7854, 0.0]
[19, array([0.4501, 0.0226]), array([0.44402143, 0.01781429]), 0.7854, 0.0]
[19, array([0.4501, 0.0226]), array([0.44431667, 0.01781429]), 0.7854, 0.0]
[19, array([0.4501, 0.0226]), array([0.4446119 , 0.01781429]), 0.7854, 0.0]
[19, array([0.4501, 0.0226]), array([0.44490714, 0.01781429]), 0.7854, 0.0]
[19, array([0.4501, 0.0226]), array([0.44520238, 0.01781429]), 0.7854, 0.0]
[19, array([0.4501, 0.0226]), array([0.44549762, 0.01781429]), 0.7854, 0.0]
[19, array([0.4501, 0.0226]), array([0.44579286, 0.01781429]), 0.7854, 0.0]
[19, array([0.4501, 0.0226]), array([0.4460881 , 0.01781429]), 0.7854, 0.0]
[19, array([0.4501, 0.0226]), array([0.44638333, 0.01781429]), 0.7854, 0.0]
[19, array([0.4501, 0.0226]), array([0.44667857, 0.01781429]), 0.7854, 0.0]
[19, array([0.4501, 0.0226]), array([0.44697381, 0.01781429]), 0.7854, 0.0]
[19, array([0.4501, 0.0226]), array([0.44726905, 0.01781429]), 0.7854, 0.0]
[19, array([0.4501, 0.0226]), array([0.44756429, 0.01781429]), 0.7854, 0.0]
[19, array([0.4501, 0.0226]), array([0.44785952, 0.01781429]), 0.7854, 0.0]
[19, array([0.4501, 0.0226]), array([0.44815476, 0.01781429]), 0.7854, 0.0]
[19, array([0.4501, 0.0226]), array([0.44845   , 0.01781429]), 0.7854, 0.0]
[19, array([0.4501, 0.0226]), array([0.44225   , 0.01810952]), 0.7854, 0.0]
[19, array([0.4501, 0.0226]), array([0.44254524, 0.01810952]), 0.7854, 0.0]
[19, array([0.4501, 0.0226]), array([0.44284048, 0.01810952]), 0.7854, 0.0]
[19, array([0.4501, 0.0226]), array([0.44313571, 0.01810952]), 0.7854, 0.0]
[19, array([0.4501, 0.0226]), array([0.44343095, 0.01810952]), 0.7854, 0.0]
[19, array([0.4501, 0.0226]), array([0.44372619, 0.01810952]), 0.7854, 0.0]
[19, array([0.4501, 0.0226]), array([0.44402143, 0.01810952]), 0.7854, 0.0]
[19, array([0.4501, 0.0226]), array([0.44431667, 0.01810952]), 0.7854, 0.0]
[19, array([0.4501, 0.0226]), array([0.4446119 , 0.01810952]), 0.7854, 0.0]
[19, array([0.4501, 0.0226]), array([0.44490714, 0.01810952]), 0.7854, 0.0]
[19, array([0.4501, 0.0226]), array([0.44520238, 0.01810952]), 0.7854, 0.0]
[19, array([0.4501, 0.0226]), array([0.44549762, 0.01810952]), 0.7854, 0.0]
[19, array([0.4501, 0.0226]), array([0.44579286, 0.01810952]), 0.7854, 0.0]
[19, array([0.4501, 0.0226]), array([0.4460881 , 0.01810952]), 0.7854, 0.0]
[19, array([0.4501, 0.0226]), array([0.44638333, 0.01810952]), 0.7854, 0.0]
[19, array([0.4501, 0.0226]), array([0.44667857, 0.01810952]), 0.7854, 0.0]
[19, array([0.4501, 0.0226]), array([0.44697381, 0.01810952]), 0.7854, 0.0]
[19, array([0.4501, 0.0226]), array([0.44726905, 0.01810952]), 0.7854, 0.0]
[19, array([0.4501, 0.0226]), array([0.44756429, 0.01810952]), 0.7854, 0.0]
[19, array([0.4501, 0.0226]), array([0.44785952, 0.01810952]), 0.7854, 0.0]
[19, array([0.4501, 0.0226]), array([0.44815476, 0.01810952]), 0.7854, 0.0]
[19, array([0.4501, 0.0226]), array([0.44845   , 0.01810952]), 0.7854, 0.0]
[19, array([0.4501, 0.0226]), array([0.44225   , 0.01840476]), 0.7854, 0.0]
[19, array([0.4501, 0.0226]), array([0.44254524, 0.01840476]), 0.7854, 0.0]
[19, array([0.4501, 0.0226]), array([0.44284048, 0.01840476]), 0.7854, 0.0]
[19, array([0.4501, 0.0226]), array([0.44313571, 0.01840476]), 0.7854, 0.0]
[19, array([0.4501, 0.0226]), array([0.44343095, 0.01840476]), 0.7854, 0.0]
[19, array([0.4501, 0.0226]), array([0.44372619, 0.01840476]), 0.7854, 0.0]
[19, array([0.4501, 0.0226]), array([0.44402143, 0.01840476]), 0.7854, 0.0]
[19, array([0.4501, 0.0226]), array([0.44431667, 0.01840476]), 0.7854, 0.0]
[19, array([0.4501, 0.0226]), array([0.4446119 , 0.01840476]), 0.7854, 0.0]
[19, array([0.4501, 0.0226]), array([0.44490714, 0.01840476]), 0.7854, 0.0]
[19, array([0.4501, 0.0226]), array([0.44520238, 0.01840476]), 0.7854, 0.0]
[19, array([0.4501, 0.0226]), array([0.44549762, 0.01840476]), 0.7854, 0.0]
[19, array([0.4501, 0.0226]), array([0.44579286, 0.01840476]), 0.7854, 0.0]
[19, array([0.4501, 0.0226]), array([0.4460881 , 0.01840476]), 0.7854, 0.0]
[19, array([0.4501, 0.0226]), array([0.44638333, 0.01840476]), 0.7854, 0.0]
[19, array([0.4501, 0.0226]), array([0.44667857, 0.01840476]), 0.7854, 0.0]
[19, array([0.4501, 0.0226]), array([0.44697381, 0.01840476]), 0.7854, 0.0]
[19, array([0.4501, 0.0226]), array([0.44726905, 0.01840476]), 0.7854, 0.0]
[19, array([0.4501, 0.0226]), array([0.44756429, 0.01840476]), 0.7854, 0.0]
[19, array([0.4501, 0.0226]), array([0.44785952, 0.01840476]), 0.7854, 0.0]
[19, array([0.4501, 0.0226]), array([0.44815476, 0.01840476]), 0.7854, 0.0]
[19, array([0.4501, 0.0226]), array([0.44845   , 0.01840476]), 0.7854, 0.0]
[19, array([0.4501, 0.0226]), array([0.44225, 0.0187 ]), 0.7854, 0.0]
[19, array([0.4501, 0.0226]), array([0.44254524, 0.0187    ]), 0.7854, 0.0]
[19, array([0.4501, 0.0226]), array([0.44284048, 0.0187    ]), 0.7854, 0.0]
[19, array([0.4501, 0.0226]), array([0.44313571, 0.0187    ]), 0.7854, 0.0]
[19, array([0.4501, 0.0226]), array([0.44343095, 0.0187    ]), 0.7854, 0.0]
[19, array([0.4501, 0.0226]), array([0.44372619, 0.0187    ]), 0.7854, 0.0]
[19, array([0.4501, 0.0226]), array([0.44402143, 0.0187    ]), 0.7854, 0.0]
[19, array([0.4501, 0.0226]), array([0.44431667, 0.0187    ]), 0.7854, 0.0]
[19, array([0.4501, 0.0226]), array([0.4446119, 0.0187   ]), 0.7854, 0.0]
[19, array([0.4501, 0.0226]), array([0.44490714, 0.0187    ]), 0.7854, 0.0]
[19, array([0.4501, 0.0226]), array([0.44520238, 0.0187    ]), 0.7854, 0.0]
[19, array([0.4501, 0.0226]), array([0.44549762, 0.0187    ]), 0.7854, 0.0]
[19, array([0.4501, 0.0226]), array([0.44579286, 0.0187    ]), 0.7854, 0.0]
[19, array([0.4501, 0.0226]), array([0.4460881, 0.0187   ]), 0.7854, 0.0]
[19, array([0.4501, 0.0226]), array([0.44638333, 0.0187    ]), 0.7854, 0.0]
[19, array([0.4501, 0.0226]), array([0.44667857, 0.0187    ]), 0.7854, 0.0]
[19, array([0.4501, 0.0226]), array([0.44697381, 0.0187    ]), 0.7854, 0.0]
[19, array([0.4501, 0.0226]), array([0.44726905, 0.0187    ]), 0.7854, 0.0]
[19, array([0.4501, 0.0226]), array([0.44756429, 0.0187    ]), 0.7854, 0.0]
[19, array([0.4501, 0.0226]), array([0.44785952, 0.0187    ]), 0.7854, 0.0]
[19, array([0.4501, 0.0226]), array([0.44815476, 0.0187    ]), 0.7854, 0.0]
[19, array([0.4501, 0.0226]), array([0.44845, 0.0187 ]), 0.7854, 0.0]
[18, array([0.5404, 0.0043]), array([ 0.5312, -0.0016]), 0.7854, 0.0]
[18, array([0.5404, 0.0043]), array([ 0.5315, -0.0016]), 0.7854, 0.0]
[18, array([0.5404, 0.0043]), array([ 0.5318, -0.0016]), 0.7854, 0.0]
[18, array([0.5404, 0.0043]), array([ 0.5321, -0.0016]), 0.7854, 0.0]
[18, array([0.5404, 0.0043]), array([ 0.5324, -0.0016]), 0.7854, 0.0]
[18, array([0.5404, 0.0043]), array([ 0.5327, -0.0016]), 0.7854, 0.0]
[18, array([0.5404, 0.0043]), array([ 0.533 , -0.0016]), 0.7854, 0.0]
[18, array([0.5404, 0.0043]), array([ 0.5333, -0.0016]), 0.7854, 0.0]
[18, array([0.5404, 0.0043]), array([ 0.5336, -0.0016]), 0.7854, 1.0]
[18, array([0.5404, 0.0043]), array([ 0.5339, -0.0016]), 0.7854, 1.0]
[18, array([0.5404, 0.0043]), array([ 0.5342, -0.0016]), 0.7854, 0.0]
[18, array([0.5404, 0.0043]), array([ 0.5345, -0.0016]), 0.7854, 0.0]
[18, array([0.5404, 0.0043]), array([ 0.5348, -0.0016]), 0.7854, 1.0]
[18, array([0.5404, 0.0043]), array([ 0.5351, -0.0016]), 0.7854, 0.0]
[18, array([0.5404, 0.0043]), array([ 0.5354, -0.0016]), 0.7854, 0.0]
[18, array([0.5404, 0.0043]), array([ 0.5357, -0.0016]), 0.7854, 0.0]
[18, array([0.5404, 0.0043]), array([ 0.536 , -0.0016]), 0.7854, 1.0]
[18, array([0.5404, 0.0043]), array([ 0.5363, -0.0016]), 0.7854, 0.0]
[18, array([0.5404, 0.0043]), array([ 0.5366, -0.0016]), 0.7854, 0.0]
[18, array([0.5404, 0.0043]), array([ 0.5369, -0.0016]), 0.7854, 0.0]
[18, array([0.5404, 0.0043]), array([ 0.5372, -0.0016]), 0.7854, 0.0]
[18, array([0.5404, 0.0043]), array([ 0.5375, -0.0016]), 0.7854, 0.0]
[18, array([0.5404, 0.0043]), array([ 0.5312, -0.0013]), 0.7854, 0.0]
[18, array([0.5404, 0.0043]), array([ 0.5315, -0.0013]), 0.7854, 0.0]
[18, array([0.5404, 0.0043]), array([ 0.5318, -0.0013]), 0.7854, 0.0]
[18, array([0.5404, 0.0043]), array([ 0.5321, -0.0013]), 0.7854, 0.0]
[18, array([0.5404, 0.0043]), array([ 0.5324, -0.0013]), 0.7854, 0.0]
[18, array([0.5404, 0.0043]), array([ 0.5327, -0.0013]), 0.7854, 0.0]
[18, array([0.5404, 0.0043]), array([ 0.533 , -0.0013]), 0.7854, 0.0]
[18, array([0.5404, 0.0043]), array([ 0.5333, -0.0013]), 0.7854, 0.0]
[18, array([0.5404, 0.0043]), array([ 0.5336, -0.0013]), 0.7854, 0.0]
[18, array([0.5404, 0.0043]), array([ 0.5339, -0.0013]), 0.7854, 1.0]
[18, array([0.5404, 0.0043]), array([ 0.5342, -0.0013]), 0.7854, 1.0]
[18, array([0.5404, 0.0043]), array([ 0.5345, -0.0013]), 0.7854, 0.0]
[18, array([0.5404, 0.0043]), array([ 0.5348, -0.0013]), 0.7854, 1.0]
[18, array([0.5404, 0.0043]), array([ 0.5351, -0.0013]), 0.7854, 0.0]
[18, array([0.5404, 0.0043]), array([ 0.5354, -0.0013]), 0.7854, 0.0]
[18, array([0.5404, 0.0043]), array([ 0.5357, -0.0013]), 0.7854, 1.0]
[18, array([0.5404, 0.0043]), array([ 0.536 , -0.0013]), 0.7854, 0.0]
[18, array([0.5404, 0.0043]), array([ 0.5363, -0.0013]), 0.7854, 0.0]
[18, array([0.5404, 0.0043]), array([ 0.5366, -0.0013]), 0.7854, 0.0]
[18, array([0.5404, 0.0043]), array([ 0.5369, -0.0013]), 0.7854, 0.0]
[18, array([0.5404, 0.0043]), array([ 0.5372, -0.0013]), 0.7854, 0.0]
[18, array([0.5404, 0.0043]), array([ 0.5375, -0.0013]), 0.7854, 0.0]
[18, array([0.5404, 0.0043]), array([ 0.5312, -0.001 ]), 0.7854, 0.0]
[18, array([0.5404, 0.0043]), array([ 0.5315, -0.001 ]), 0.7854, 0.0]
[18, array([0.5404, 0.0043]), array([ 0.5318, -0.001 ]), 0.7854, 0.0]
[18, array([0.5404, 0.0043]), array([ 0.5321, -0.001 ]), 0.7854, 0.0]
[18, array([0.5404, 0.0043]), array([ 0.5324, -0.001 ]), 0.7854, 0.0]
[18, array([0.5404, 0.0043]), array([ 0.5327, -0.001 ]), 0.7854, 0.0]
[18, array([0.5404, 0.0043]), array([ 0.533, -0.001]), 0.7854, 0.0]
[18, array([0.5404, 0.0043]), array([ 0.5333, -0.001 ]), 0.7854, 0.0]
[18, array([0.5404, 0.0043]), array([ 0.5336, -0.001 ]), 0.7854, 0.0]
[18, array([0.5404, 0.0043]), array([ 0.5339, -0.001 ]), 0.7854, 0.0]
[18, array([0.5404, 0.0043]), array([ 0.5342, -0.001 ]), 0.7854, 1.0]
[18, array([0.5404, 0.0043]), array([ 0.5345, -0.001 ]), 0.7854, 1.0]
[18, array([0.5404, 0.0043]), array([ 0.5348, -0.001 ]), 0.7854, 1.0]
[18, array([0.5404, 0.0043]), array([ 0.5351, -0.001 ]), 0.7854, 1.0]
[18, array([0.5404, 0.0043]), array([ 0.5354, -0.001 ]), 0.7854, 1.0]
[18, array([0.5404, 0.0043]), array([ 0.5357, -0.001 ]), 0.7854, 0.0]
[18, array([0.5404, 0.0043]), array([ 0.536, -0.001]), 0.7854, 1.0]
[18, array([0.5404, 0.0043]), array([ 0.5363, -0.001 ]), 0.7854, 0.0]
[18, array([0.5404, 0.0043]), array([ 0.5366, -0.001 ]), 0.7854, 1.0]
[18, array([0.5404, 0.0043]), array([ 0.5369, -0.001 ]), 0.7854, 0.0]
[18, array([0.5404, 0.0043]), array([ 0.5372, -0.001 ]), 0.7854, 0.0]
[18, array([0.5404, 0.0043]), array([ 0.5375, -0.001 ]), 0.7854, 0.0]
[18, array([0.5404, 0.0043]), array([ 0.5312, -0.0007]), 0.7854, 0.0]
[18, array([0.5404, 0.0043]), array([ 0.5315, -0.0007]), 0.7854, 0.0]
[18, array([0.5404, 0.0043]), array([ 0.5318, -0.0007]), 0.7854, 0.0]
[18, array([0.5404, 0.0043]), array([ 0.5321, -0.0007]), 0.7854, 0.0]
[18, array([0.5404, 0.0043]), array([ 0.5324, -0.0007]), 0.7854, 0.0]
[18, array([0.5404, 0.0043]), array([ 0.5327, -0.0007]), 0.7854, 1.0]
[18, array([0.5404, 0.0043]), array([ 0.533 , -0.0007]), 0.7854, 0.0]
[18, array([0.5404, 0.0043]), array([ 0.5333, -0.0007]), 0.7854, 0.0]
[18, array([0.5404, 0.0043]), array([ 0.5336, -0.0007]), 0.7854, 0.0]
[18, array([0.5404, 0.0043]), array([ 0.5339, -0.0007]), 0.7854, 0.0]
[18, array([0.5404, 0.0043]), array([ 0.5342, -0.0007]), 0.7854, 0.0]
[18, array([0.5404, 0.0043]), array([ 0.5345, -0.0007]), 0.7854, 1.0]
[18, array([0.5404, 0.0043]), array([ 0.5348, -0.0007]), 0.7854, 1.0]
[18, array([0.5404, 0.0043]), array([ 0.5351, -0.0007]), 0.7854, 0.0]
[18, array([0.5404, 0.0043]), array([ 0.5354, -0.0007]), 0.7854, 1.0]
[18, array([0.5404, 0.0043]), array([ 0.5357, -0.0007]), 0.7854, 1.0]
[18, array([0.5404, 0.0043]), array([ 0.536 , -0.0007]), 0.7854, 1.0]
[18, array([0.5404, 0.0043]), array([ 0.5363, -0.0007]), 0.7854, 0.0]
[18, array([0.5404, 0.0043]), array([ 0.5366, -0.0007]), 0.7854, 0.0]
[18, array([0.5404, 0.0043]), array([ 0.5369, -0.0007]), 0.7854, 1.0]
[18, array([0.5404, 0.0043]), array([ 0.5372, -0.0007]), 0.7854, 0.0]
[18, array([0.5404, 0.0043]), array([ 0.5375, -0.0007]), 0.7854, 0.0]
[18, array([0.5404, 0.0043]), array([ 5.312e-01, -4.000e-04]), 0.7854, 0.0]
[18, array([0.5404, 0.0043]), array([ 5.315e-01, -4.000e-04]), 0.7854, 0.0]
[18, array([0.5404, 0.0043]), array([ 5.318e-01, -4.000e-04]), 0.7854, 0.0]
[18, array([0.5404, 0.0043]), array([ 5.321e-01, -4.000e-04]), 0.7854, 0.0]
[18, array([0.5404, 0.0043]), array([ 5.324e-01, -4.000e-04]), 0.7854, 0.0]
[18, array([0.5404, 0.0043]), array([ 5.327e-01, -4.000e-04]), 0.7854, 0.0]
[18, array([0.5404, 0.0043]), array([ 5.33e-01, -4.00e-04]), 0.7854, 0.0]
[18, array([0.5404, 0.0043]), array([ 5.333e-01, -4.000e-04]), 0.7854, 0.0]
[18, array([0.5404, 0.0043]), array([ 5.336e-01, -4.000e-04]), 0.7854, 1.0]
[18, array([0.5404, 0.0043]), array([ 5.339e-01, -4.000e-04]), 0.7854, 0.0]
[18, array([0.5404, 0.0043]), array([ 5.342e-01, -4.000e-04]), 0.7854, 0.0]
[18, array([0.5404, 0.0043]), array([ 5.345e-01, -4.000e-04]), 0.7854, 0.0]
[18, array([0.5404, 0.0043]), array([ 5.348e-01, -4.000e-04]), 0.7854, 1.0]
[18, array([0.5404, 0.0043]), array([ 5.351e-01, -4.000e-04]), 0.7854, 1.0]
[18, array([0.5404, 0.0043]), array([ 5.354e-01, -4.000e-04]), 0.7854, 1.0]
[18, array([0.5404, 0.0043]), array([ 5.357e-01, -4.000e-04]), 0.7854, 1.0]
[18, array([0.5404, 0.0043]), array([ 5.36e-01, -4.00e-04]), 0.7854, 1.0]
[18, array([0.5404, 0.0043]), array([ 5.363e-01, -4.000e-04]), 0.7854, 1.0]
[18, array([0.5404, 0.0043]), array([ 5.366e-01, -4.000e-04]), 0.7854, 1.0]
[18, array([0.5404, 0.0043]), array([ 5.369e-01, -4.000e-04]), 0.7854, 0.0]
[18, array([0.5404, 0.0043]), array([ 5.372e-01, -4.000e-04]), 0.7854, 1.0]
[18, array([0.5404, 0.0043]), array([ 5.375e-01, -4.000e-04]), 0.7854, 0.0]
[18, array([0.5404, 0.0043]), array([ 5.312e-01, -1.000e-04]), 0.7854, 0.0]
[18, array([0.5404, 0.0043]), array([ 5.315e-01, -1.000e-04]), 0.7854, 0.0]
[18, array([0.5404, 0.0043]), array([ 5.318e-01, -1.000e-04]), 0.7854, 0.0]
[18, array([0.5404, 0.0043]), array([ 5.321e-01, -1.000e-04]), 0.7854, 0.0]
[18, array([0.5404, 0.0043]), array([ 5.324e-01, -1.000e-04]), 0.7854, 0.0]
[18, array([0.5404, 0.0043]), array([ 5.327e-01, -1.000e-04]), 0.7854, 0.0]
[18, array([0.5404, 0.0043]), array([ 5.33e-01, -1.00e-04]), 0.7854, 0.0]
[18, array([0.5404, 0.0043]), array([ 5.333e-01, -1.000e-04]), 0.7854, 0.0]
[18, array([0.5404, 0.0043]), array([ 5.336e-01, -1.000e-04]), 0.7854, 0.0]
[18, array([0.5404, 0.0043]), array([ 5.339e-01, -1.000e-04]), 0.7854, 0.0]
[18, array([0.5404, 0.0043]), array([ 5.342e-01, -1.000e-04]), 0.7854, 0.0]
[18, array([0.5404, 0.0043]), array([ 5.345e-01, -1.000e-04]), 0.7854, 1.0]
[18, array([0.5404, 0.0043]), array([ 5.348e-01, -1.000e-04]), 0.7854, 1.0]
[18, array([0.5404, 0.0043]), array([ 5.351e-01, -1.000e-04]), 0.7854, 0.0]
[18, array([0.5404, 0.0043]), array([ 5.354e-01, -1.000e-04]), 0.7854, 1.0]
[18, array([0.5404, 0.0043]), array([ 5.357e-01, -1.000e-04]), 0.7854, 1.0]
[18, array([0.5404, 0.0043]), array([ 5.36e-01, -1.00e-04]), 0.7854, 1.0]
[18, array([0.5404, 0.0043]), array([ 5.363e-01, -1.000e-04]), 0.7854, 1.0]
[18, array([0.5404, 0.0043]), array([ 5.366e-01, -1.000e-04]), 0.7854, 0.0]
[18, array([0.5404, 0.0043]), array([ 5.369e-01, -1.000e-04]), 0.7854, 1.0]
[18, array([0.5404, 0.0043]), array([ 5.372e-01, -1.000e-04]), 0.7854, 0.0]
[18, array([0.5404, 0.0043]), array([ 5.375e-01, -1.000e-04]), 0.7854, 0.0]
[18, array([0.5404, 0.0043]), array([5.312e-01, 2.000e-04]), 0.7854, 0.0]
[18, array([0.5404, 0.0043]), array([5.315e-01, 2.000e-04]), 0.7854, 0.0]
[18, array([0.5404, 0.0043]), array([5.318e-01, 2.000e-04]), 0.7854, 0.0]
[18, array([0.5404, 0.0043]), array([5.321e-01, 2.000e-04]), 0.7854, 0.0]
[18, array([0.5404, 0.0043]), array([5.324e-01, 2.000e-04]), 0.7854, 0.0]
[18, array([0.5404, 0.0043]), array([5.327e-01, 2.000e-04]), 0.7854, 0.0]
[18, array([0.5404, 0.0043]), array([5.33e-01, 2.00e-04]), 0.7854, 0.0]
[18, array([0.5404, 0.0043]), array([5.333e-01, 2.000e-04]), 0.7854, 0.0]
[18, array([0.5404, 0.0043]), array([5.336e-01, 2.000e-04]), 0.7854, 0.0]
[18, array([0.5404, 0.0043]), array([5.339e-01, 2.000e-04]), 0.7854, 1.0]
[18, array([0.5404, 0.0043]), array([5.342e-01, 2.000e-04]), 0.7854, 0.0]
[18, array([0.5404, 0.0043]), array([5.345e-01, 2.000e-04]), 0.7854, 0.0]
[18, array([0.5404, 0.0043]), array([5.348e-01, 2.000e-04]), 0.7854, 0.0]
[18, array([0.5404, 0.0043]), array([5.351e-01, 2.000e-04]), 0.7854, 1.0]
[18, array([0.5404, 0.0043]), array([5.354e-01, 2.000e-04]), 0.7854, 0.0]
[18, array([0.5404, 0.0043]), array([5.357e-01, 2.000e-04]), 0.7854, 1.0]
[18, array([0.5404, 0.0043]), array([5.36e-01, 2.00e-04]), 0.7854, 1.0]
[18, array([0.5404, 0.0043]), array([5.363e-01, 2.000e-04]), 0.7854, 1.0]
[18, array([0.5404, 0.0043]), array([5.366e-01, 2.000e-04]), 0.7854, 0.0]
[18, array([0.5404, 0.0043]), array([5.369e-01, 2.000e-04]), 0.7854, 1.0]
[18, array([0.5404, 0.0043]), array([5.372e-01, 2.000e-04]), 0.7854, 0.0]
[18, array([0.5404, 0.0043]), array([5.375e-01, 2.000e-04]), 0.7854, 1.0]
[18, array([0.5404, 0.0043]), array([5.312e-01, 5.000e-04]), 0.7854, 0.0]
[18, array([0.5404, 0.0043]), array([5.315e-01, 5.000e-04]), 0.7854, 0.0]
[18, array([0.5404, 0.0043]), array([5.318e-01, 5.000e-04]), 0.7854, 0.0]
[18, array([0.5404, 0.0043]), array([5.321e-01, 5.000e-04]), 0.7854, 0.0]
[18, array([0.5404, 0.0043]), array([5.324e-01, 5.000e-04]), 0.7854, 0.0]
[18, array([0.5404, 0.0043]), array([5.327e-01, 5.000e-04]), 0.7854, 0.0]
[18, array([0.5404, 0.0043]), array([5.33e-01, 5.00e-04]), 0.7854, 0.0]
[18, array([0.5404, 0.0043]), array([5.333e-01, 5.000e-04]), 0.7854, 0.0]
[18, array([0.5404, 0.0043]), array([5.336e-01, 5.000e-04]), 0.7854, 0.0]
[18, array([0.5404, 0.0043]), array([5.339e-01, 5.000e-04]), 0.7854, 1.0]
[18, array([0.5404, 0.0043]), array([5.342e-01, 5.000e-04]), 0.7854, 0.0]
[18, array([0.5404, 0.0043]), array([5.345e-01, 5.000e-04]), 0.7854, 0.0]
[18, array([0.5404, 0.0043]), array([5.348e-01, 5.000e-04]), 0.7854, 0.0]
[18, array([0.5404, 0.0043]), array([5.351e-01, 5.000e-04]), 0.7854, 0.0]
[18, array([0.5404, 0.0043]), array([5.354e-01, 5.000e-04]), 0.7854, 1.0]
[18, array([0.5404, 0.0043]), array([5.357e-01, 5.000e-04]), 0.7854, 0.0]
[18, array([0.5404, 0.0043]), array([5.36e-01, 5.00e-04]), 0.7854, 0.0]
[18, array([0.5404, 0.0043]), array([5.363e-01, 5.000e-04]), 0.7854, 0.0]
[18, array([0.5404, 0.0043]), array([5.366e-01, 5.000e-04]), 0.7854, 0.0]
[18, array([0.5404, 0.0043]), array([5.369e-01, 5.000e-04]), 0.7854, 0.0]
[18, array([0.5404, 0.0043]), array([5.372e-01, 5.000e-04]), 0.7854, 0.0]
[18, array([0.5404, 0.0043]), array([5.375e-01, 5.000e-04]), 0.7854, 0.0]
[18, array([0.5404, 0.0043]), array([0.5312, 0.0008]), 0.7854, 0.0]
[18, array([0.5404, 0.0043]), array([0.5315, 0.0008]), 0.7854, 0.0]
[18, array([0.5404, 0.0043]), array([0.5318, 0.0008]), 0.7854, 0.0]
[18, array([0.5404, 0.0043]), array([0.5321, 0.0008]), 0.7854, 0.0]
[18, array([0.5404, 0.0043]), array([0.5324, 0.0008]), 0.7854, 0.0]
[18, array([0.5404, 0.0043]), array([0.5327, 0.0008]), 0.7854, 0.0]
[18, array([0.5404, 0.0043]), array([0.533 , 0.0008]), 0.7854, 0.0]
[18, array([0.5404, 0.0043]), array([0.5333, 0.0008]), 0.7854, 0.0]
[18, array([0.5404, 0.0043]), array([0.5336, 0.0008]), 0.7854, 0.0]
[18, array([0.5404, 0.0043]), array([0.5339, 0.0008]), 0.7854, 0.0]
[18, array([0.5404, 0.0043]), array([0.5342, 0.0008]), 0.7854, 0.0]
[18, array([0.5404, 0.0043]), array([0.5345, 0.0008]), 0.7854, 0.0]
[18, array([0.5404, 0.0043]), array([0.5348, 0.0008]), 0.7854, 0.0]
[18, array([0.5404, 0.0043]), array([0.5351, 0.0008]), 0.7854, 0.0]
[18, array([0.5404, 0.0043]), array([0.5354, 0.0008]), 0.7854, 0.0]
[18, array([0.5404, 0.0043]), array([0.5357, 0.0008]), 0.7854, 1.0]
[18, array([0.5404, 0.0043]), array([0.536 , 0.0008]), 0.7854, 0.0]
[18, array([0.5404, 0.0043]), array([0.5363, 0.0008]), 0.7854, 0.0]
[18, array([0.5404, 0.0043]), array([0.5366, 0.0008]), 0.7854, 0.0]
[18, array([0.5404, 0.0043]), array([0.5369, 0.0008]), 0.7854, 0.0]
[18, array([0.5404, 0.0043]), array([0.5372, 0.0008]), 0.7854, 0.0]
[18, array([0.5404, 0.0043]), array([0.5375, 0.0008]), 0.7854, 0.0]
[18, array([0.5404, 0.0043]), array([0.5312, 0.0011]), 0.7854, 0.0]
[18, array([0.5404, 0.0043]), array([0.5315, 0.0011]), 0.7854, 0.0]
[18, array([0.5404, 0.0043]), array([0.5318, 0.0011]), 0.7854, 0.0]
[18, array([0.5404, 0.0043]), array([0.5321, 0.0011]), 0.7854, 0.0]
[18, array([0.5404, 0.0043]), array([0.5324, 0.0011]), 0.7854, 0.0]
[18, array([0.5404, 0.0043]), array([0.5327, 0.0011]), 0.7854, 0.0]
[18, array([0.5404, 0.0043]), array([0.533 , 0.0011]), 0.7854, 0.0]
[18, array([0.5404, 0.0043]), array([0.5333, 0.0011]), 0.7854, 0.0]
[18, array([0.5404, 0.0043]), array([0.5336, 0.0011]), 0.7854, 0.0]
[18, array([0.5404, 0.0043]), array([0.5339, 0.0011]), 0.7854, 0.0]
[18, array([0.5404, 0.0043]), array([0.5342, 0.0011]), 0.7854, 0.0]
[18, array([0.5404, 0.0043]), array([0.5345, 0.0011]), 0.7854, 0.0]
[18, array([0.5404, 0.0043]), array([0.5348, 0.0011]), 0.7854, 1.0]
[18, array([0.5404, 0.0043]), array([0.5351, 0.0011]), 0.7854, 0.0]
[18, array([0.5404, 0.0043]), array([0.5354, 0.0011]), 0.7854, 0.0]
[18, array([0.5404, 0.0043]), array([0.5357, 0.0011]), 0.7854, 0.0]
[18, array([0.5404, 0.0043]), array([0.536 , 0.0011]), 0.7854, 0.0]
[18, array([0.5404, 0.0043]), array([0.5363, 0.0011]), 0.7854, 0.0]
[18, array([0.5404, 0.0043]), array([0.5366, 0.0011]), 0.7854, 1.0]
[18, array([0.5404, 0.0043]), array([0.5369, 0.0011]), 0.7854, 0.0]
[18, array([0.5404, 0.0043]), array([0.5372, 0.0011]), 0.7854, 0.0]
[18, array([0.5404, 0.0043]), array([0.5375, 0.0011]), 0.7854, 0.0]
[18, array([0.5404, 0.0043]), array([0.5312, 0.0014]), 0.7854, 0.0]
[18, array([0.5404, 0.0043]), array([0.5315, 0.0014]), 0.7854, 0.0]
[18, array([0.5404, 0.0043]), array([0.5318, 0.0014]), 0.7854, 0.0]
[18, array([0.5404, 0.0043]), array([0.5321, 0.0014]), 0.7854, 0.0]
[18, array([0.5404, 0.0043]), array([0.5324, 0.0014]), 0.7854, 0.0]
[18, array([0.5404, 0.0043]), array([0.5327, 0.0014]), 0.7854, 0.0]
[18, array([0.5404, 0.0043]), array([0.533 , 0.0014]), 0.7854, 0.0]
[18, array([0.5404, 0.0043]), array([0.5333, 0.0014]), 0.7854, 0.0]
[18, array([0.5404, 0.0043]), array([0.5336, 0.0014]), 0.7854, 0.0]
[18, array([0.5404, 0.0043]), array([0.5339, 0.0014]), 0.7854, 0.0]
[18, array([0.5404, 0.0043]), array([0.5342, 0.0014]), 0.7854, 0.0]
[18, array([0.5404, 0.0043]), array([0.5345, 0.0014]), 0.7854, 1.0]
[18, array([0.5404, 0.0043]), array([0.5348, 0.0014]), 0.7854, 0.0]
[18, array([0.5404, 0.0043]), array([0.5351, 0.0014]), 0.7854, 0.0]
[18, array([0.5404, 0.0043]), array([0.5354, 0.0014]), 0.7854, 0.0]
[18, array([0.5404, 0.0043]), array([0.5357, 0.0014]), 0.7854, 0.0]
[18, array([0.5404, 0.0043]), array([0.536 , 0.0014]), 0.7854, 0.0]
[18, array([0.5404, 0.0043]), array([0.5363, 0.0014]), 0.7854, 0.0]
[18, array([0.5404, 0.0043]), array([0.5366, 0.0014]), 0.7854, 0.0]
[18, array([0.5404, 0.0043]), array([0.5369, 0.0014]), 0.7854, 0.0]
[18, array([0.5404, 0.0043]), array([0.5372, 0.0014]), 0.7854, 0.0]
[18, array([0.5404, 0.0043]), array([0.5375, 0.0014]), 0.7854, 0.0]
[18, array([0.5404, 0.0043]), array([0.5312, 0.0017]), 0.7854, 0.0]
[18, array([0.5404, 0.0043]), array([0.5315, 0.0017]), 0.7854, 0.0]
[18, array([0.5404, 0.0043]), array([0.5318, 0.0017]), 0.7854, 0.0]
[18, array([0.5404, 0.0043]), array([0.5321, 0.0017]), 0.7854, 0.0]
[18, array([0.5404, 0.0043]), array([0.5324, 0.0017]), 0.7854, 0.0]
[18, array([0.5404, 0.0043]), array([0.5327, 0.0017]), 0.7854, 0.0]
[18, array([0.5404, 0.0043]), array([0.533 , 0.0017]), 0.7854, 0.0]
[18, array([0.5404, 0.0043]), array([0.5333, 0.0017]), 0.7854, 0.0]
[18, array([0.5404, 0.0043]), array([0.5336, 0.0017]), 0.7854, 0.0]
[18, array([0.5404, 0.0043]), array([0.5339, 0.0017]), 0.7854, 0.0]
[18, array([0.5404, 0.0043]), array([0.5342, 0.0017]), 0.7854, 0.0]
[18, array([0.5404, 0.0043]), array([0.5345, 0.0017]), 0.7854, 0.0]
[18, array([0.5404, 0.0043]), array([0.5348, 0.0017]), 0.7854, 0.0]
[18, array([0.5404, 0.0043]), array([0.5351, 0.0017]), 0.7854, 0.0]
[18, array([0.5404, 0.0043]), array([0.5354, 0.0017]), 0.7854, 0.0]
[18, array([0.5404, 0.0043]), array([0.5357, 0.0017]), 0.7854, 0.0]
[18, array([0.5404, 0.0043]), array([0.536 , 0.0017]), 0.7854, 0.0]
[18, array([0.5404, 0.0043]), array([0.5363, 0.0017]), 0.7854, 0.0]
[18, array([0.5404, 0.0043]), array([0.5366, 0.0017]), 0.7854, 0.0]
[18, array([0.5404, 0.0043]), array([0.5369, 0.0017]), 0.7854, 0.0]
[18, array([0.5404, 0.0043]), array([0.5372, 0.0017]), 0.7854, 0.0]
[18, array([0.5404, 0.0043]), array([0.5375, 0.0017]), 0.7854, 0.0]
[18, array([0.5404, 0.0043]), array([0.5312, 0.002 ]), 0.7854, 0.0]
[18, array([0.5404, 0.0043]), array([0.5315, 0.002 ]), 0.7854, 0.0]
[18, array([0.5404, 0.0043]), array([0.5318, 0.002 ]), 0.7854, 0.0]
[18, array([0.5404, 0.0043]), array([0.5321, 0.002 ]), 0.7854, 0.0]
[18, array([0.5404, 0.0043]), array([0.5324, 0.002 ]), 0.7854, 0.0]
[18, array([0.5404, 0.0043]), array([0.5327, 0.002 ]), 0.7854, 0.0]
[18, array([0.5404, 0.0043]), array([0.533, 0.002]), 0.7854, 0.0]
[18, array([0.5404, 0.0043]), array([0.5333, 0.002 ]), 0.7854, 0.0]
[18, array([0.5404, 0.0043]), array([0.5336, 0.002 ]), 0.7854, 1.0]
[18, array([0.5404, 0.0043]), array([0.5339, 0.002 ]), 0.7854, 1.0]
[18, array([0.5404, 0.0043]), array([0.5342, 0.002 ]), 0.7854, 0.0]
[18, array([0.5404, 0.0043]), array([0.5345, 0.002 ]), 0.7854, 0.0]
[18, array([0.5404, 0.0043]), array([0.5348, 0.002 ]), 0.7854, 0.0]
[18, array([0.5404, 0.0043]), array([0.5351, 0.002 ]), 0.7854, 0.0]
[18, array([0.5404, 0.0043]), array([0.5354, 0.002 ]), 0.7854, 0.0]
[18, array([0.5404, 0.0043]), array([0.5357, 0.002 ]), 0.7854, 0.0]
[18, array([0.5404, 0.0043]), array([0.536, 0.002]), 0.7854, 0.0]
[18, array([0.5404, 0.0043]), array([0.5363, 0.002 ]), 0.7854, 0.0]
[18, array([0.5404, 0.0043]), array([0.5366, 0.002 ]), 0.7854, 0.0]
[18, array([0.5404, 0.0043]), array([0.5369, 0.002 ]), 0.7854, 0.0]
[18, array([0.5404, 0.0043]), array([0.5372, 0.002 ]), 0.7854, 0.0]
[18, array([0.5404, 0.0043]), array([0.5375, 0.002 ]), 0.7854, 0.0]
[18, array([0.5404, 0.0043]), array([0.5312, 0.0023]), 0.7854, 0.0]
[18, array([0.5404, 0.0043]), array([0.5315, 0.0023]), 0.7854, 0.0]
[18, array([0.5404, 0.0043]), array([0.5318, 0.0023]), 0.7854, 0.0]
[18, array([0.5404, 0.0043]), array([0.5321, 0.0023]), 0.7854, 0.0]
[18, array([0.5404, 0.0043]), array([0.5324, 0.0023]), 0.7854, 0.0]
[18, array([0.5404, 0.0043]), array([0.5327, 0.0023]), 0.7854, 0.0]
[18, array([0.5404, 0.0043]), array([0.533 , 0.0023]), 0.7854, 0.0]
[18, array([0.5404, 0.0043]), array([0.5333, 0.0023]), 0.7854, 0.0]
[18, array([0.5404, 0.0043]), array([0.5336, 0.0023]), 0.7854, 0.0]
[18, array([0.5404, 0.0043]), array([0.5339, 0.0023]), 0.7854, 0.0]
[18, array([0.5404, 0.0043]), array([0.5342, 0.0023]), 0.7854, 0.0]
[18, array([0.5404, 0.0043]), array([0.5345, 0.0023]), 0.7854, 0.0]
[18, array([0.5404, 0.0043]), array([0.5348, 0.0023]), 0.7854, 0.0]
[18, array([0.5404, 0.0043]), array([0.5351, 0.0023]), 0.7854, 0.0]
[18, array([0.5404, 0.0043]), array([0.5354, 0.0023]), 0.7854, 0.0]
[18, array([0.5404, 0.0043]), array([0.5357, 0.0023]), 0.7854, 0.0]
[18, array([0.5404, 0.0043]), array([0.536 , 0.0023]), 0.7854, 0.0]
[18, array([0.5404, 0.0043]), array([0.5363, 0.0023]), 0.7854, 0.0]
[18, array([0.5404, 0.0043]), array([0.5366, 0.0023]), 0.7854, 0.0]
[18, array([0.5404, 0.0043]), array([0.5369, 0.0023]), 0.7854, 0.0]
[18, array([0.5404, 0.0043]), array([0.5372, 0.0023]), 0.7854, 0.0]
[18, array([0.5404, 0.0043]), array([0.5375, 0.0023]), 0.7854, 0.0]
[18, array([0.5404, 0.0043]), array([0.5312, 0.0026]), 0.7854, 0.0]
[18, array([0.5404, 0.0043]), array([0.5315, 0.0026]), 0.7854, 0.0]
[18, array([0.5404, 0.0043]), array([0.5318, 0.0026]), 0.7854, 0.0]
[18, array([0.5404, 0.0043]), array([0.5321, 0.0026]), 0.7854, 0.0]
[18, array([0.5404, 0.0043]), array([0.5324, 0.0026]), 0.7854, 0.0]
[18, array([0.5404, 0.0043]), array([0.5327, 0.0026]), 0.7854, 0.0]
[18, array([0.5404, 0.0043]), array([0.533 , 0.0026]), 0.7854, 0.0]
[18, array([0.5404, 0.0043]), array([0.5333, 0.0026]), 0.7854, 0.0]
[18, array([0.5404, 0.0043]), array([0.5336, 0.0026]), 0.7854, 0.0]
[18, array([0.5404, 0.0043]), array([0.5339, 0.0026]), 0.7854, 0.0]
[18, array([0.5404, 0.0043]), array([0.5342, 0.0026]), 0.7854, 0.0]
[18, array([0.5404, 0.0043]), array([0.5345, 0.0026]), 0.7854, 0.0]
[18, array([0.5404, 0.0043]), array([0.5348, 0.0026]), 0.7854, 0.0]
[18, array([0.5404, 0.0043]), array([0.5351, 0.0026]), 0.7854, 0.0]
[18, array([0.5404, 0.0043]), array([0.5354, 0.0026]), 0.7854, 1.0]
[18, array([0.5404, 0.0043]), array([0.5357, 0.0026]), 0.7854, 1.0]
[18, array([0.5404, 0.0043]), array([0.536 , 0.0026]), 0.7854, 0.0]
[18, array([0.5404, 0.0043]), array([0.5363, 0.0026]), 0.7854, 0.0]
[18, array([0.5404, 0.0043]), array([0.5366, 0.0026]), 0.7854, 0.0]
[18, array([0.5404, 0.0043]), array([0.5369, 0.0026]), 0.7854, 0.0]
[18, array([0.5404, 0.0043]), array([0.5372, 0.0026]), 0.7854, 0.0]
[18, array([0.5404, 0.0043]), array([0.5375, 0.0026]), 0.7854, 0.0]
[18, array([0.5404, 0.0043]), array([0.5312, 0.0029]), 0.7854, 0.0]
[18, array([0.5404, 0.0043]), array([0.5315, 0.0029]), 0.7854, 0.0]
[18, array([0.5404, 0.0043]), array([0.5318, 0.0029]), 0.7854, 0.0]
[18, array([0.5404, 0.0043]), array([0.5321, 0.0029]), 0.7854, 0.0]
[18, array([0.5404, 0.0043]), array([0.5324, 0.0029]), 0.7854, 0.0]
[18, array([0.5404, 0.0043]), array([0.5327, 0.0029]), 0.7854, 0.0]
[18, array([0.5404, 0.0043]), array([0.533 , 0.0029]), 0.7854, 0.0]
[18, array([0.5404, 0.0043]), array([0.5333, 0.0029]), 0.7854, 0.0]
[18, array([0.5404, 0.0043]), array([0.5336, 0.0029]), 0.7854, 0.0]
[18, array([0.5404, 0.0043]), array([0.5339, 0.0029]), 0.7854, 0.0]
[18, array([0.5404, 0.0043]), array([0.5342, 0.0029]), 0.7854, 0.0]
[18, array([0.5404, 0.0043]), array([0.5345, 0.0029]), 0.7854, 0.0]
[18, array([0.5404, 0.0043]), array([0.5348, 0.0029]), 0.7854, 0.0]
[18, array([0.5404, 0.0043]), array([0.5351, 0.0029]), 0.7854, 0.0]
[18, array([0.5404, 0.0043]), array([0.5354, 0.0029]), 0.7854, 0.0]
[18, array([0.5404, 0.0043]), array([0.5357, 0.0029]), 0.7854, 0.0]
[18, array([0.5404, 0.0043]), array([0.536 , 0.0029]), 0.7854, 0.0]
[18, array([0.5404, 0.0043]), array([0.5363, 0.0029]), 0.7854, 0.0]
[18, array([0.5404, 0.0043]), array([0.5366, 0.0029]), 0.7854, 0.0]
[18, array([0.5404, 0.0043]), array([0.5369, 0.0029]), 0.7854, 0.0]
[18, array([0.5404, 0.0043]), array([0.5372, 0.0029]), 0.7854, 0.0]
[18, array([0.5404, 0.0043]), array([0.5375, 0.0029]), 0.7854, 1.0]
[18, array([0.5404, 0.0043]), array([0.5312, 0.0032]), 0.7854, 0.0]
[18, array([0.5404, 0.0043]), array([0.5315, 0.0032]), 0.7854, 0.0]
[18, array([0.5404, 0.0043]), array([0.5318, 0.0032]), 0.7854, 0.0]
[18, array([0.5404, 0.0043]), array([0.5321, 0.0032]), 0.7854, 0.0]
[18, array([0.5404, 0.0043]), array([0.5324, 0.0032]), 0.7854, 0.0]
[18, array([0.5404, 0.0043]), array([0.5327, 0.0032]), 0.7854, 0.0]
[18, array([0.5404, 0.0043]), array([0.533 , 0.0032]), 0.7854, 0.0]
[18, array([0.5404, 0.0043]), array([0.5333, 0.0032]), 0.7854, 0.0]
[18, array([0.5404, 0.0043]), array([0.5336, 0.0032]), 0.7854, 0.0]
[18, array([0.5404, 0.0043]), array([0.5339, 0.0032]), 0.7854, 0.0]
[18, array([0.5404, 0.0043]), array([0.5342, 0.0032]), 0.7854, 0.0]
[18, array([0.5404, 0.0043]), array([0.5345, 0.0032]), 0.7854, 0.0]
[18, array([0.5404, 0.0043]), array([0.5348, 0.0032]), 0.7854, 0.0]
[18, array([0.5404, 0.0043]), array([0.5351, 0.0032]), 0.7854, 0.0]
[18, array([0.5404, 0.0043]), array([0.5354, 0.0032]), 0.7854, 1.0]
[18, array([0.5404, 0.0043]), array([0.5357, 0.0032]), 0.7854, 0.0]
[18, array([0.5404, 0.0043]), array([0.536 , 0.0032]), 0.7854, 0.0]
[18, array([0.5404, 0.0043]), array([0.5363, 0.0032]), 0.7854, 0.0]
[18, array([0.5404, 0.0043]), array([0.5366, 0.0032]), 0.7854, 0.0]
[18, array([0.5404, 0.0043]), array([0.5369, 0.0032]), 0.7854, 1.0]
[18, array([0.5404, 0.0043]), array([0.5372, 0.0032]), 0.7854, 0.0]
[18, array([0.5404, 0.0043]), array([0.5375, 0.0032]), 0.7854, 1.0]
[18, array([0.5404, 0.0043]), array([0.5312, 0.0035]), 0.7854, 0.0]
[18, array([0.5404, 0.0043]), array([0.5315, 0.0035]), 0.7854, 0.0]
[18, array([0.5404, 0.0043]), array([0.5318, 0.0035]), 0.7854, 0.0]
[18, array([0.5404, 0.0043]), array([0.5321, 0.0035]), 0.7854, 0.0]
[18, array([0.5404, 0.0043]), array([0.5324, 0.0035]), 0.7854, 0.0]
[18, array([0.5404, 0.0043]), array([0.5327, 0.0035]), 0.7854, 0.0]
[18, array([0.5404, 0.0043]), array([0.533 , 0.0035]), 0.7854, 0.0]
[18, array([0.5404, 0.0043]), array([0.5333, 0.0035]), 0.7854, 0.0]
[18, array([0.5404, 0.0043]), array([0.5336, 0.0035]), 0.7854, 0.0]
[18, array([0.5404, 0.0043]), array([0.5339, 0.0035]), 0.7854, 0.0]
[18, array([0.5404, 0.0043]), array([0.5342, 0.0035]), 0.7854, 0.0]
[18, array([0.5404, 0.0043]), array([0.5345, 0.0035]), 0.7854, 0.0]
[18, array([0.5404, 0.0043]), array([0.5348, 0.0035]), 0.7854, 0.0]
[18, array([0.5404, 0.0043]), array([0.5351, 0.0035]), 0.7854, 0.0]
[18, array([0.5404, 0.0043]), array([0.5354, 0.0035]), 0.7854, 1.0]
[18, array([0.5404, 0.0043]), array([0.5357, 0.0035]), 0.7854, 0.0]
[18, array([0.5404, 0.0043]), array([0.536 , 0.0035]), 0.7854, 0.0]
[18, array([0.5404, 0.0043]), array([0.5363, 0.0035]), 0.7854, 0.0]
[18, array([0.5404, 0.0043]), array([0.5366, 0.0035]), 0.7854, 0.0]
[18, array([0.5404, 0.0043]), array([0.5369, 0.0035]), 0.7854, 0.0]
[18, array([0.5404, 0.0043]), array([0.5372, 0.0035]), 0.7854, 1.0]
[18, array([0.5404, 0.0043]), array([0.5375, 0.0035]), 0.7854, 0.0]
[18, array([0.5404, 0.0043]), array([0.5312, 0.0038]), 0.7854, 0.0]
[18, array([0.5404, 0.0043]), array([0.5315, 0.0038]), 0.7854, 0.0]
[18, array([0.5404, 0.0043]), array([0.5318, 0.0038]), 0.7854, 0.0]
[18, array([0.5404, 0.0043]), array([0.5321, 0.0038]), 0.7854, 0.0]
[18, array([0.5404, 0.0043]), array([0.5324, 0.0038]), 0.7854, 0.0]
[18, array([0.5404, 0.0043]), array([0.5327, 0.0038]), 0.7854, 0.0]
[18, array([0.5404, 0.0043]), array([0.533 , 0.0038]), 0.7854, 0.0]
[18, array([0.5404, 0.0043]), array([0.5333, 0.0038]), 0.7854, 0.0]
[18, array([0.5404, 0.0043]), array([0.5336, 0.0038]), 0.7854, 0.0]
[18, array([0.5404, 0.0043]), array([0.5339, 0.0038]), 0.7854, 0.0]
[18, array([0.5404, 0.0043]), array([0.5342, 0.0038]), 0.7854, 0.0]
[18, array([0.5404, 0.0043]), array([0.5345, 0.0038]), 0.7854, 0.0]
[18, array([0.5404, 0.0043]), array([0.5348, 0.0038]), 0.7854, 0.0]
[18, array([0.5404, 0.0043]), array([0.5351, 0.0038]), 0.7854, 0.0]
[18, array([0.5404, 0.0043]), array([0.5354, 0.0038]), 0.7854, 0.0]
[18, array([0.5404, 0.0043]), array([0.5357, 0.0038]), 0.7854, 0.0]
[18, array([0.5404, 0.0043]), array([0.536 , 0.0038]), 0.7854, 0.0]
[18, array([0.5404, 0.0043]), array([0.5363, 0.0038]), 0.7854, 0.0]
[18, array([0.5404, 0.0043]), array([0.5366, 0.0038]), 0.7854, 0.0]
[18, array([0.5404, 0.0043]), array([0.5369, 0.0038]), 0.7854, 0.0]
[18, array([0.5404, 0.0043]), array([0.5372, 0.0038]), 0.7854, 0.0]
[18, array([0.5404, 0.0043]), array([0.5375, 0.0038]), 0.7854, 1.0]
[18, array([0.5404, 0.0043]), array([0.5312, 0.0041]), 0.7854, 0.0]
[18, array([0.5404, 0.0043]), array([0.5315, 0.0041]), 0.7854, 0.0]
[18, array([0.5404, 0.0043]), array([0.5318, 0.0041]), 0.7854, 0.0]
[18, array([0.5404, 0.0043]), array([0.5321, 0.0041]), 0.7854, 0.0]
[18, array([0.5404, 0.0043]), array([0.5324, 0.0041]), 0.7854, 0.0]
[18, array([0.5404, 0.0043]), array([0.5327, 0.0041]), 0.7854, 0.0]
[18, array([0.5404, 0.0043]), array([0.533 , 0.0041]), 0.7854, 0.0]
[18, array([0.5404, 0.0043]), array([0.5333, 0.0041]), 0.7854, 0.0]
[18, array([0.5404, 0.0043]), array([0.5336, 0.0041]), 0.7854, 0.0]
[18, array([0.5404, 0.0043]), array([0.5339, 0.0041]), 0.7854, 0.0]
[18, array([0.5404, 0.0043]), array([0.5342, 0.0041]), 0.7854, 0.0]
[18, array([0.5404, 0.0043]), array([0.5345, 0.0041]), 0.7854, 0.0]
[18, array([0.5404, 0.0043]), array([0.5348, 0.0041]), 0.7854, 0.0]
[18, array([0.5404, 0.0043]), array([0.5351, 0.0041]), 0.7854, 0.0]
[18, array([0.5404, 0.0043]), array([0.5354, 0.0041]), 0.7854, 0.0]
[18, array([0.5404, 0.0043]), array([0.5357, 0.0041]), 0.7854, 0.0]
[18, array([0.5404, 0.0043]), array([0.536 , 0.0041]), 0.7854, 0.0]
[18, array([0.5404, 0.0043]), array([0.5363, 0.0041]), 0.7854, 0.0]
[18, array([0.5404, 0.0043]), array([0.5366, 0.0041]), 0.7854, 0.0]
[18, array([0.5404, 0.0043]), array([0.5369, 0.0041]), 0.7854, 0.0]
[18, array([0.5404, 0.0043]), array([0.5372, 0.0041]), 0.7854, 0.0]
[18, array([0.5404, 0.0043]), array([0.5375, 0.0041]), 0.7854, 0.0]
[18, array([0.5404, 0.0043]), array([0.5312, 0.0044]), 0.7854, 0.0]
[18, array([0.5404, 0.0043]), array([0.5315, 0.0044]), 0.7854, 0.0]
[18, array([0.5404, 0.0043]), array([0.5318, 0.0044]), 0.7854, 0.0]
[18, array([0.5404, 0.0043]), array([0.5321, 0.0044]), 0.7854, 0.0]
[18, array([0.5404, 0.0043]), array([0.5324, 0.0044]), 0.7854, 0.0]
[18, array([0.5404, 0.0043]), array([0.5327, 0.0044]), 0.7854, 0.0]
[18, array([0.5404, 0.0043]), array([0.533 , 0.0044]), 0.7854, 0.0]
[18, array([0.5404, 0.0043]), array([0.5333, 0.0044]), 0.7854, 0.0]
[18, array([0.5404, 0.0043]), array([0.5336, 0.0044]), 0.7854, 0.0]
[18, array([0.5404, 0.0043]), array([0.5339, 0.0044]), 0.7854, 0.0]
[18, array([0.5404, 0.0043]), array([0.5342, 0.0044]), 0.7854, 0.0]
[18, array([0.5404, 0.0043]), array([0.5345, 0.0044]), 0.7854, 0.0]
[18, array([0.5404, 0.0043]), array([0.5348, 0.0044]), 0.7854, 0.0]
[18, array([0.5404, 0.0043]), array([0.5351, 0.0044]), 0.7854, 0.0]
[18, array([0.5404, 0.0043]), array([0.5354, 0.0044]), 0.7854, 0.0]
[18, array([0.5404, 0.0043]), array([0.5357, 0.0044]), 0.7854, 0.0]
[18, array([0.5404, 0.0043]), array([0.536 , 0.0044]), 0.7854, 0.0]
[18, array([0.5404, 0.0043]), array([0.5363, 0.0044]), 0.7854, 0.0]
[18, array([0.5404, 0.0043]), array([0.5366, 0.0044]), 0.7854, 0.0]
[18, array([0.5404, 0.0043]), array([0.5369, 0.0044]), 0.7854, 0.0]
[18, array([0.5404, 0.0043]), array([0.5372, 0.0044]), 0.7854, 0.0]
[18, array([0.5404, 0.0043]), array([0.5375, 0.0044]), 0.7854, 0.0]
[18, array([0.5404, 0.0043]), array([0.5312, 0.0047]), 0.7854, 0.0]
[18, array([0.5404, 0.0043]), array([0.5315, 0.0047]), 0.7854, 0.0]
[18, array([0.5404, 0.0043]), array([0.5318, 0.0047]), 0.7854, 0.0]
[18, array([0.5404, 0.0043]), array([0.5321, 0.0047]), 0.7854, 0.0]
[18, array([0.5404, 0.0043]), array([0.5324, 0.0047]), 0.7854, 0.0]
[18, array([0.5404, 0.0043]), array([0.5327, 0.0047]), 0.7854, 0.0]
[18, array([0.5404, 0.0043]), array([0.533 , 0.0047]), 0.7854, 0.0]
[18, array([0.5404, 0.0043]), array([0.5333, 0.0047]), 0.7854, 0.0]
[18, array([0.5404, 0.0043]), array([0.5336, 0.0047]), 0.7854, 0.0]
[18, array([0.5404, 0.0043]), array([0.5339, 0.0047]), 0.7854, 0.0]
[18, array([0.5404, 0.0043]), array([0.5342, 0.0047]), 0.7854, 0.0]
[18, array([0.5404, 0.0043]), array([0.5345, 0.0047]), 0.7854, 0.0]
[18, array([0.5404, 0.0043]), array([0.5348, 0.0047]), 0.7854, 0.0]
[18, array([0.5404, 0.0043]), array([0.5351, 0.0047]), 0.7854, 0.0]
[18, array([0.5404, 0.0043]), array([0.5354, 0.0047]), 0.7854, 0.0]
[18, array([0.5404, 0.0043]), array([0.5357, 0.0047]), 0.7854, 0.0]
[18, array([0.5404, 0.0043]), array([0.536 , 0.0047]), 0.7854, 0.0]
[18, array([0.5404, 0.0043]), array([0.5363, 0.0047]), 0.7854, 0.0]
[18, array([0.5404, 0.0043]), array([0.5366, 0.0047]), 0.7854, 0.0]
[18, array([0.5404, 0.0043]), array([0.5369, 0.0047]), 0.7854, 0.0]
[18, array([0.5404, 0.0043]), array([0.5372, 0.0047]), 0.7854, 0.0]
[18, array([0.5404, 0.0043]), array([0.5375, 0.0047]), 0.7854, 0.0]
[6, array([0.4871, 0.0322]), array([0.4844, 0.0203]), 0.7854, 1.0]
[6, array([0.4871, 0.0322]), array([0.48484762, 0.0203    ]), 0.7854, 1.0]
[6, array([0.4871, 0.0322]), array([0.48529524, 0.0203    ]), 0.7854, 1.0]
[6, array([0.4871, 0.0322]), array([0.48574286, 0.0203    ]), 0.7854, 1.0]
[6, array([0.4871, 0.0322]), array([0.48619048, 0.0203    ]), 0.7854, 1.0]
[6, array([0.4871, 0.0322]), array([0.4866381, 0.0203   ]), 0.7854, 1.0]
[6, array([0.4871, 0.0322]), array([0.48708571, 0.0203    ]), 0.7854, 1.0]
[6, array([0.4871, 0.0322]), array([0.48753333, 0.0203    ]), 0.7854, 1.0]
[6, array([0.4871, 0.0322]), array([0.48798095, 0.0203    ]), 0.7854, 1.0]
[6, array([0.4871, 0.0322]), array([0.48842857, 0.0203    ]), 0.7854, 1.0]
[6, array([0.4871, 0.0322]), array([0.48887619, 0.0203    ]), 0.7854, 0.0]
[6, array([0.4871, 0.0322]), array([0.48932381, 0.0203    ]), 0.7854, 0.0]
[6, array([0.4871, 0.0322]), array([0.48977143, 0.0203    ]), 0.7854, 1.0]
[6, array([0.4871, 0.0322]), array([0.49021905, 0.0203    ]), 0.7854, 1.0]
[6, array([0.4871, 0.0322]), array([0.49066667, 0.0203    ]), 0.7854, 1.0]
[6, array([0.4871, 0.0322]), array([0.49111429, 0.0203    ]), 0.7854, 1.0]
[6, array([0.4871, 0.0322]), array([0.4915619, 0.0203   ]), 0.7854, 1.0]
[6, array([0.4871, 0.0322]), array([0.49200952, 0.0203    ]), 0.7854, 1.0]
[6, array([0.4871, 0.0322]), array([0.49245714, 0.0203    ]), 0.7854, 1.0]
[6, array([0.4871, 0.0322]), array([0.49290476, 0.0203    ]), 0.7854, 1.0]
[6, array([0.4871, 0.0322]), array([0.49335238, 0.0203    ]), 0.7854, 1.0]
[6, array([0.4871, 0.0322]), array([0.4938, 0.0203]), 0.7854, 1.0]
[6, array([0.4871, 0.0322]), array([0.4844    , 0.02074762]), 0.7854, 1.0]
[6, array([0.4871, 0.0322]), array([0.48484762, 0.02074762]), 0.7854, 1.0]
[6, array([0.4871, 0.0322]), array([0.48529524, 0.02074762]), 0.7854, 1.0]
[6, array([0.4871, 0.0322]), array([0.48574286, 0.02074762]), 0.7854, 1.0]
[6, array([0.4871, 0.0322]), array([0.48619048, 0.02074762]), 0.7854, 1.0]
[6, array([0.4871, 0.0322]), array([0.4866381 , 0.02074762]), 0.7854, 1.0]
[6, array([0.4871, 0.0322]), array([0.48708571, 0.02074762]), 0.7854, 1.0]
[6, array([0.4871, 0.0322]), array([0.48753333, 0.02074762]), 0.7854, 1.0]
[6, array([0.4871, 0.0322]), array([0.48798095, 0.02074762]), 0.7854, 1.0]
[6, array([0.4871, 0.0322]), array([0.48842857, 0.02074762]), 0.7854, 1.0]
[6, array([0.4871, 0.0322]), array([0.48887619, 0.02074762]), 0.7854, 1.0]
[6, array([0.4871, 0.0322]), array([0.48932381, 0.02074762]), 0.7854, 1.0]
[6, array([0.4871, 0.0322]), array([0.48977143, 0.02074762]), 0.7854, 1.0]
[6, array([0.4871, 0.0322]), array([0.49021905, 0.02074762]), 0.7854, 1.0]
[6, array([0.4871, 0.0322]), array([0.49066667, 0.02074762]), 0.7854, 1.0]
[6, array([0.4871, 0.0322]), array([0.49111429, 0.02074762]), 0.7854, 1.0]
[6, array([0.4871, 0.0322]), array([0.4915619 , 0.02074762]), 0.7854, 1.0]
[6, array([0.4871, 0.0322]), array([0.49200952, 0.02074762]), 0.7854, 1.0]
[6, array([0.4871, 0.0322]), array([0.49245714, 0.02074762]), 0.7854, 1.0]
[6, array([0.4871, 0.0322]), array([0.49290476, 0.02074762]), 0.7854, 1.0]
[6, array([0.4871, 0.0322]), array([0.49335238, 0.02074762]), 0.7854, 1.0]
[6, array([0.4871, 0.0322]), array([0.4938    , 0.02074762]), 0.7854, 1.0]
[6, array([0.4871, 0.0322]), array([0.4844    , 0.02119524]), 0.7854, 1.0]
[6, array([0.4871, 0.0322]), array([0.48484762, 0.02119524]), 0.7854, 1.0]
[6, array([0.4871, 0.0322]), array([0.48529524, 0.02119524]), 0.7854, 1.0]
[6, array([0.4871, 0.0322]), array([0.48574286, 0.02119524]), 0.7854, 1.0]
[6, array([0.4871, 0.0322]), array([0.48619048, 0.02119524]), 0.7854, 1.0]
[6, array([0.4871, 0.0322]), array([0.4866381 , 0.02119524]), 0.7854, 1.0]
[6, array([0.4871, 0.0322]), array([0.48708571, 0.02119524]), 0.7854, 1.0]
[6, array([0.4871, 0.0322]), array([0.48753333, 0.02119524]), 0.7854, 1.0]
[6, array([0.4871, 0.0322]), array([0.48798095, 0.02119524]), 0.7854, 1.0]
[6, array([0.4871, 0.0322]), array([0.48842857, 0.02119524]), 0.7854, 1.0]
[6, array([0.4871, 0.0322]), array([0.48887619, 0.02119524]), 0.7854, 1.0]
[6, array([0.4871, 0.0322]), array([0.48932381, 0.02119524]), 0.7854, 1.0]
[6, array([0.4871, 0.0322]), array([0.48977143, 0.02119524]), 0.7854, 1.0]
[6, array([0.4871, 0.0322]), array([0.49021905, 0.02119524]), 0.7854, 1.0]
[6, array([0.4871, 0.0322]), array([0.49066667, 0.02119524]), 0.7854, 1.0]
[6, array([0.4871, 0.0322]), array([0.49111429, 0.02119524]), 0.7854, 1.0]
[6, array([0.4871, 0.0322]), array([0.4915619 , 0.02119524]), 0.7854, 1.0]
[6, array([0.4871, 0.0322]), array([0.49200952, 0.02119524]), 0.7854, 1.0]
[6, array([0.4871, 0.0322]), array([0.49245714, 0.02119524]), 0.7854, 1.0]
[6, array([0.4871, 0.0322]), array([0.49290476, 0.02119524]), 0.7854, 1.0]
[6, array([0.4871, 0.0322]), array([0.49335238, 0.02119524]), 0.7854, 1.0]
[6, array([0.4871, 0.0322]), array([0.4938    , 0.02119524]), 0.7854, 1.0]
[6, array([0.4871, 0.0322]), array([0.4844    , 0.02164286]), 0.7854, 1.0]
[6, array([0.4871, 0.0322]), array([0.48484762, 0.02164286]), 0.7854, 1.0]
[6, array([0.4871, 0.0322]), array([0.48529524, 0.02164286]), 0.7854, 1.0]
[6, array([0.4871, 0.0322]), array([0.48574286, 0.02164286]), 0.7854, 1.0]
[6, array([0.4871, 0.0322]), array([0.48619048, 0.02164286]), 0.7854, 1.0]
[6, array([0.4871, 0.0322]), array([0.4866381 , 0.02164286]), 0.7854, 1.0]
[6, array([0.4871, 0.0322]), array([0.48708571, 0.02164286]), 0.7854, 1.0]
[6, array([0.4871, 0.0322]), array([0.48753333, 0.02164286]), 0.7854, 1.0]
[6, array([0.4871, 0.0322]), array([0.48798095, 0.02164286]), 0.7854, 1.0]
[6, array([0.4871, 0.0322]), array([0.48842857, 0.02164286]), 0.7854, 1.0]
[6, array([0.4871, 0.0322]), array([0.48887619, 0.02164286]), 0.7854, 1.0]
[6, array([0.4871, 0.0322]), array([0.48932381, 0.02164286]), 0.7854, 1.0]
[6, array([0.4871, 0.0322]), array([0.48977143, 0.02164286]), 0.7854, 1.0]
[6, array([0.4871, 0.0322]), array([0.49021905, 0.02164286]), 0.7854, 1.0]
[6, array([0.4871, 0.0322]), array([0.49066667, 0.02164286]), 0.7854, 0.0]
[6, array([0.4871, 0.0322]), array([0.49111429, 0.02164286]), 0.7854, 1.0]
[6, array([0.4871, 0.0322]), array([0.4915619 , 0.02164286]), 0.7854, 1.0]
[6, array([0.4871, 0.0322]), array([0.49200952, 0.02164286]), 0.7854, 1.0]
[6, array([0.4871, 0.0322]), array([0.49245714, 0.02164286]), 0.7854, 1.0]
[6, array([0.4871, 0.0322]), array([0.49290476, 0.02164286]), 0.7854, 1.0]
[6, array([0.4871, 0.0322]), array([0.49335238, 0.02164286]), 0.7854, 1.0]
[6, array([0.4871, 0.0322]), array([0.4938    , 0.02164286]), 0.7854, 1.0]
[6, array([0.4871, 0.0322]), array([0.4844    , 0.02209048]), 0.7854, 1.0]
[6, array([0.4871, 0.0322]), array([0.48484762, 0.02209048]), 0.7854, 1.0]
[6, array([0.4871, 0.0322]), array([0.48529524, 0.02209048]), 0.7854, 1.0]
[6, array([0.4871, 0.0322]), array([0.48574286, 0.02209048]), 0.7854, 1.0]
[6, array([0.4871, 0.0322]), array([0.48619048, 0.02209048]), 0.7854, 1.0]
[6, array([0.4871, 0.0322]), array([0.4866381 , 0.02209048]), 0.7854, 1.0]
[6, array([0.4871, 0.0322]), array([0.48708571, 0.02209048]), 0.7854, 1.0]
[6, array([0.4871, 0.0322]), array([0.48753333, 0.02209048]), 0.7854, 1.0]
[6, array([0.4871, 0.0322]), array([0.48798095, 0.02209048]), 0.7854, 1.0]
[6, array([0.4871, 0.0322]), array([0.48842857, 0.02209048]), 0.7854, 1.0]
[6, array([0.4871, 0.0322]), array([0.48887619, 0.02209048]), 0.7854, 1.0]
[6, array([0.4871, 0.0322]), array([0.48932381, 0.02209048]), 0.7854, 1.0]
[6, array([0.4871, 0.0322]), array([0.48977143, 0.02209048]), 0.7854, 1.0]
[6, array([0.4871, 0.0322]), array([0.49021905, 0.02209048]), 0.7854, 1.0]
[6, array([0.4871, 0.0322]), array([0.49066667, 0.02209048]), 0.7854, 1.0]
[6, array([0.4871, 0.0322]), array([0.49111429, 0.02209048]), 0.7854, 1.0]
[6, array([0.4871, 0.0322]), array([0.4915619 , 0.02209048]), 0.7854, 1.0]
[6, array([0.4871, 0.0322]), array([0.49200952, 0.02209048]), 0.7854, 1.0]
[6, array([0.4871, 0.0322]), array([0.49245714, 0.02209048]), 0.7854, 1.0]
[6, array([0.4871, 0.0322]), array([0.49290476, 0.02209048]), 0.7854, 1.0]
[6, array([0.4871, 0.0322]), array([0.49335238, 0.02209048]), 0.7854, 1.0]
[6, array([0.4871, 0.0322]), array([0.4938    , 0.02209048]), 0.7854, 1.0]
[6, array([0.4871, 0.0322]), array([0.4844   , 0.0225381]), 0.7854, 1.0]
[6, array([0.4871, 0.0322]), array([0.48484762, 0.0225381 ]), 0.7854, 1.0]
[6, array([0.4871, 0.0322]), array([0.48529524, 0.0225381 ]), 0.7854, 1.0]
[6, array([0.4871, 0.0322]), array([0.48574286, 0.0225381 ]), 0.7854, 1.0]
[6, array([0.4871, 0.0322]), array([0.48619048, 0.0225381 ]), 0.7854, 1.0]
[6, array([0.4871, 0.0322]), array([0.4866381, 0.0225381]), 0.7854, 1.0]
[6, array([0.4871, 0.0322]), array([0.48708571, 0.0225381 ]), 0.7854, 1.0]
[6, array([0.4871, 0.0322]), array([0.48753333, 0.0225381 ]), 0.7854, 1.0]
[6, array([0.4871, 0.0322]), array([0.48798095, 0.0225381 ]), 0.7854, 1.0]
[6, array([0.4871, 0.0322]), array([0.48842857, 0.0225381 ]), 0.7854, 1.0]
[6, array([0.4871, 0.0322]), array([0.48887619, 0.0225381 ]), 0.7854, 1.0]
[6, array([0.4871, 0.0322]), array([0.48932381, 0.0225381 ]), 0.7854, 1.0]
[6, array([0.4871, 0.0322]), array([0.48977143, 0.0225381 ]), 0.7854, 1.0]
[6, array([0.4871, 0.0322]), array([0.49021905, 0.0225381 ]), 0.7854, 1.0]
[6, array([0.4871, 0.0322]), array([0.49066667, 0.0225381 ]), 0.7854, 1.0]
[6, array([0.4871, 0.0322]), array([0.49111429, 0.0225381 ]), 0.7854, 1.0]
[6, array([0.4871, 0.0322]), array([0.4915619, 0.0225381]), 0.7854, 1.0]
[6, array([0.4871, 0.0322]), array([0.49200952, 0.0225381 ]), 0.7854, 1.0]
[6, array([0.4871, 0.0322]), array([0.49245714, 0.0225381 ]), 0.7854, 1.0]
[6, array([0.4871, 0.0322]), array([0.49290476, 0.0225381 ]), 0.7854, 1.0]
[6, array([0.4871, 0.0322]), array([0.49335238, 0.0225381 ]), 0.7854, 1.0]
[6, array([0.4871, 0.0322]), array([0.4938   , 0.0225381]), 0.7854, 1.0]
[6, array([0.4871, 0.0322]), array([0.4844    , 0.02298571]), 0.7854, 1.0]
[6, array([0.4871, 0.0322]), array([0.48484762, 0.02298571]), 0.7854, 1.0]
[6, array([0.4871, 0.0322]), array([0.48529524, 0.02298571]), 0.7854, 1.0]
[6, array([0.4871, 0.0322]), array([0.48574286, 0.02298571]), 0.7854, 1.0]
[6, array([0.4871, 0.0322]), array([0.48619048, 0.02298571]), 0.7854, 1.0]
[6, array([0.4871, 0.0322]), array([0.4866381 , 0.02298571]), 0.7854, 1.0]
[6, array([0.4871, 0.0322]), array([0.48708571, 0.02298571]), 0.7854, 1.0]
[6, array([0.4871, 0.0322]), array([0.48753333, 0.02298571]), 0.7854, 1.0]
[6, array([0.4871, 0.0322]), array([0.48798095, 0.02298571]), 0.7854, 1.0]
[6, array([0.4871, 0.0322]), array([0.48842857, 0.02298571]), 0.7854, 1.0]
[6, array([0.4871, 0.0322]), array([0.48887619, 0.02298571]), 0.7854, 1.0]
[6, array([0.4871, 0.0322]), array([0.48932381, 0.02298571]), 0.7854, 1.0]
[6, array([0.4871, 0.0322]), array([0.48977143, 0.02298571]), 0.7854, 1.0]
[6, array([0.4871, 0.0322]), array([0.49021905, 0.02298571]), 0.7854, 1.0]
[6, array([0.4871, 0.0322]), array([0.49066667, 0.02298571]), 0.7854, 1.0]
[6, array([0.4871, 0.0322]), array([0.49111429, 0.02298571]), 0.7854, 1.0]
[6, array([0.4871, 0.0322]), array([0.4915619 , 0.02298571]), 0.7854, 1.0]
[6, array([0.4871, 0.0322]), array([0.49200952, 0.02298571]), 0.7854, 1.0]
[6, array([0.4871, 0.0322]), array([0.49245714, 0.02298571]), 0.7854, 1.0]
[6, array([0.4871, 0.0322]), array([0.49290476, 0.02298571]), 0.7854, 1.0]
[6, array([0.4871, 0.0322]), array([0.49335238, 0.02298571]), 0.7854, 1.0]
[6, array([0.4871, 0.0322]), array([0.4938    , 0.02298571]), 0.7854, 1.0]
[6, array([0.4871, 0.0322]), array([0.4844    , 0.02343333]), 0.7854, 1.0]
[6, array([0.4871, 0.0322]), array([0.48484762, 0.02343333]), 0.7854, 1.0]
[6, array([0.4871, 0.0322]), array([0.48529524, 0.02343333]), 0.7854, 1.0]
[6, array([0.4871, 0.0322]), array([0.48574286, 0.02343333]), 0.7854, 1.0]
[6, array([0.4871, 0.0322]), array([0.48619048, 0.02343333]), 0.7854, 1.0]
[6, array([0.4871, 0.0322]), array([0.4866381 , 0.02343333]), 0.7854, 1.0]
[6, array([0.4871, 0.0322]), array([0.48708571, 0.02343333]), 0.7854, 1.0]
[6, array([0.4871, 0.0322]), array([0.48753333, 0.02343333]), 0.7854, 1.0]
[6, array([0.4871, 0.0322]), array([0.48798095, 0.02343333]), 0.7854, 1.0]
[6, array([0.4871, 0.0322]), array([0.48842857, 0.02343333]), 0.7854, 1.0]
[6, array([0.4871, 0.0322]), array([0.48887619, 0.02343333]), 0.7854, 1.0]
[6, array([0.4871, 0.0322]), array([0.48932381, 0.02343333]), 0.7854, 1.0]
[6, array([0.4871, 0.0322]), array([0.48977143, 0.02343333]), 0.7854, 1.0]
[6, array([0.4871, 0.0322]), array([0.49021905, 0.02343333]), 0.7854, 1.0]
[6, array([0.4871, 0.0322]), array([0.49066667, 0.02343333]), 0.7854, 1.0]
[6, array([0.4871, 0.0322]), array([0.49111429, 0.02343333]), 0.7854, 1.0]
[6, array([0.4871, 0.0322]), array([0.4915619 , 0.02343333]), 0.7854, 1.0]
[6, array([0.4871, 0.0322]), array([0.49200952, 0.02343333]), 0.7854, 1.0]
[6, array([0.4871, 0.0322]), array([0.49245714, 0.02343333]), 0.7854, 1.0]
[6, array([0.4871, 0.0322]), array([0.49290476, 0.02343333]), 0.7854, 1.0]
[6, array([0.4871, 0.0322]), array([0.49335238, 0.02343333]), 0.7854, 1.0]
[6, array([0.4871, 0.0322]), array([0.4938    , 0.02343333]), 0.7854, 1.0]
[6, array([0.4871, 0.0322]), array([0.4844    , 0.02388095]), 0.7854, 1.0]
[6, array([0.4871, 0.0322]), array([0.48484762, 0.02388095]), 0.7854, 1.0]
[6, array([0.4871, 0.0322]), array([0.48529524, 0.02388095]), 0.7854, 1.0]
[6, array([0.4871, 0.0322]), array([0.48574286, 0.02388095]), 0.7854, 1.0]
[6, array([0.4871, 0.0322]), array([0.48619048, 0.02388095]), 0.7854, 1.0]
[6, array([0.4871, 0.0322]), array([0.4866381 , 0.02388095]), 0.7854, 1.0]
[6, array([0.4871, 0.0322]), array([0.48708571, 0.02388095]), 0.7854, 1.0]
[6, array([0.4871, 0.0322]), array([0.48753333, 0.02388095]), 0.7854, 1.0]
[6, array([0.4871, 0.0322]), array([0.48798095, 0.02388095]), 0.7854, 1.0]
[6, array([0.4871, 0.0322]), array([0.48842857, 0.02388095]), 0.7854, 1.0]
[6, array([0.4871, 0.0322]), array([0.48887619, 0.02388095]), 0.7854, 1.0]
[6, array([0.4871, 0.0322]), array([0.48932381, 0.02388095]), 0.7854, 1.0]
[6, array([0.4871, 0.0322]), array([0.48977143, 0.02388095]), 0.7854, 1.0]
[6, array([0.4871, 0.0322]), array([0.49021905, 0.02388095]), 0.7854, 1.0]
[6, array([0.4871, 0.0322]), array([0.49066667, 0.02388095]), 0.7854, 1.0]
[6, array([0.4871, 0.0322]), array([0.49111429, 0.02388095]), 0.7854, 1.0]
[6, array([0.4871, 0.0322]), array([0.4915619 , 0.02388095]), 0.7854, 1.0]
[6, array([0.4871, 0.0322]), array([0.49200952, 0.02388095]), 0.7854, 1.0]
[6, array([0.4871, 0.0322]), array([0.49245714, 0.02388095]), 0.7854, 1.0]
[6, array([0.4871, 0.0322]), array([0.49290476, 0.02388095]), 0.7854, 1.0]
[6, array([0.4871, 0.0322]), array([0.49335238, 0.02388095]), 0.7854, 1.0]
[6, array([0.4871, 0.0322]), array([0.4938    , 0.02388095]), 0.7854, 1.0]
[6, array([0.4871, 0.0322]), array([0.4844    , 0.02432857]), 0.7854, 1.0]
[6, array([0.4871, 0.0322]), array([0.48484762, 0.02432857]), 0.7854, 1.0]
[6, array([0.4871, 0.0322]), array([0.48529524, 0.02432857]), 0.7854, 1.0]
[6, array([0.4871, 0.0322]), array([0.48574286, 0.02432857]), 0.7854, 1.0]
[6, array([0.4871, 0.0322]), array([0.48619048, 0.02432857]), 0.7854, 1.0]
[6, array([0.4871, 0.0322]), array([0.4866381 , 0.02432857]), 0.7854, 1.0]
[6, array([0.4871, 0.0322]), array([0.48708571, 0.02432857]), 0.7854, 1.0]
[6, array([0.4871, 0.0322]), array([0.48753333, 0.02432857]), 0.7854, 1.0]
[6, array([0.4871, 0.0322]), array([0.48798095, 0.02432857]), 0.7854, 1.0]
[6, array([0.4871, 0.0322]), array([0.48842857, 0.02432857]), 0.7854, 1.0]
[6, array([0.4871, 0.0322]), array([0.48887619, 0.02432857]), 0.7854, 1.0]
[6, array([0.4871, 0.0322]), array([0.48932381, 0.02432857]), 0.7854, 1.0]
[6, array([0.4871, 0.0322]), array([0.48977143, 0.02432857]), 0.7854, 1.0]
[6, array([0.4871, 0.0322]), array([0.49021905, 0.02432857]), 0.7854, 1.0]
[6, array([0.4871, 0.0322]), array([0.49066667, 0.02432857]), 0.7854, 1.0]
[6, array([0.4871, 0.0322]), array([0.49111429, 0.02432857]), 0.7854, 1.0]
[6, array([0.4871, 0.0322]), array([0.4915619 , 0.02432857]), 0.7854, 1.0]
[6, array([0.4871, 0.0322]), array([0.49200952, 0.02432857]), 0.7854, 1.0]
[6, array([0.4871, 0.0322]), array([0.49245714, 0.02432857]), 0.7854, 1.0]
[6, array([0.4871, 0.0322]), array([0.49290476, 0.02432857]), 0.7854, 1.0]
[6, array([0.4871, 0.0322]), array([0.49335238, 0.02432857]), 0.7854, 1.0]
[6, array([0.4871, 0.0322]), array([0.4938    , 0.02432857]), 0.7854, 1.0]
[6, array([0.4871, 0.0322]), array([0.4844    , 0.02477619]), 0.7854, 1.0]
[6, array([0.4871, 0.0322]), array([0.48484762, 0.02477619]), 0.7854, 1.0]
[6, array([0.4871, 0.0322]), array([0.48529524, 0.02477619]), 0.7854, 1.0]
[6, array([0.4871, 0.0322]), array([0.48574286, 0.02477619]), 0.7854, 1.0]
[6, array([0.4871, 0.0322]), array([0.48619048, 0.02477619]), 0.7854, 1.0]
[6, array([0.4871, 0.0322]), array([0.4866381 , 0.02477619]), 0.7854, 1.0]
[6, array([0.4871, 0.0322]), array([0.48708571, 0.02477619]), 0.7854, 1.0]
[6, array([0.4871, 0.0322]), array([0.48753333, 0.02477619]), 0.7854, 1.0]
[6, array([0.4871, 0.0322]), array([0.48798095, 0.02477619]), 0.7854, 1.0]
[6, array([0.4871, 0.0322]), array([0.48842857, 0.02477619]), 0.7854, 1.0]
[6, array([0.4871, 0.0322]), array([0.48887619, 0.02477619]), 0.7854, 1.0]
[6, array([0.4871, 0.0322]), array([0.48932381, 0.02477619]), 0.7854, 1.0]
[6, array([0.4871, 0.0322]), array([0.48977143, 0.02477619]), 0.7854, 1.0]
[6, array([0.4871, 0.0322]), array([0.49021905, 0.02477619]), 0.7854, 1.0]
[6, array([0.4871, 0.0322]), array([0.49066667, 0.02477619]), 0.7854, 1.0]
[6, array([0.4871, 0.0322]), array([0.49111429, 0.02477619]), 0.7854, 1.0]
[6, array([0.4871, 0.0322]), array([0.4915619 , 0.02477619]), 0.7854, 1.0]
[6, array([0.4871, 0.0322]), array([0.49200952, 0.02477619]), 0.7854, 1.0]
[6, array([0.4871, 0.0322]), array([0.49245714, 0.02477619]), 0.7854, 1.0]
[6, array([0.4871, 0.0322]), array([0.49290476, 0.02477619]), 0.7854, 1.0]
[6, array([0.4871, 0.0322]), array([0.49335238, 0.02477619]), 0.7854, 1.0]
[6, array([0.4871, 0.0322]), array([0.4938    , 0.02477619]), 0.7854, 1.0]
[6, array([0.4871, 0.0322]), array([0.4844    , 0.02522381]), 0.7854, 1.0]
[6, array([0.4871, 0.0322]), array([0.48484762, 0.02522381]), 0.7854, 1.0]
[6, array([0.4871, 0.0322]), array([0.48529524, 0.02522381]), 0.7854, 1.0]
[6, array([0.4871, 0.0322]), array([0.48574286, 0.02522381]), 0.7854, 1.0]
[6, array([0.4871, 0.0322]), array([0.48619048, 0.02522381]), 0.7854, 1.0]
[6, array([0.4871, 0.0322]), array([0.4866381 , 0.02522381]), 0.7854, 1.0]
[6, array([0.4871, 0.0322]), array([0.48708571, 0.02522381]), 0.7854, 1.0]
[6, array([0.4871, 0.0322]), array([0.48753333, 0.02522381]), 0.7854, 1.0]
[6, array([0.4871, 0.0322]), array([0.48798095, 0.02522381]), 0.7854, 1.0]
[6, array([0.4871, 0.0322]), array([0.48842857, 0.02522381]), 0.7854, 1.0]
[6, array([0.4871, 0.0322]), array([0.48887619, 0.02522381]), 0.7854, 1.0]
[6, array([0.4871, 0.0322]), array([0.48932381, 0.02522381]), 0.7854, 1.0]
[6, array([0.4871, 0.0322]), array([0.48977143, 0.02522381]), 0.7854, 1.0]
[6, array([0.4871, 0.0322]), array([0.49021905, 0.02522381]), 0.7854, 1.0]
[6, array([0.4871, 0.0322]), array([0.49066667, 0.02522381]), 0.7854, 0.0]
[6, array([0.4871, 0.0322]), array([0.49111429, 0.02522381]), 0.7854, 1.0]
[6, array([0.4871, 0.0322]), array([0.4915619 , 0.02522381]), 0.7854, 1.0]
[6, array([0.4871, 0.0322]), array([0.49200952, 0.02522381]), 0.7854, 1.0]
[6, array([0.4871, 0.0322]), array([0.49245714, 0.02522381]), 0.7854, 1.0]
[6, array([0.4871, 0.0322]), array([0.49290476, 0.02522381]), 0.7854, 1.0]
[6, array([0.4871, 0.0322]), array([0.49335238, 0.02522381]), 0.7854, 1.0]
[6, array([0.4871, 0.0322]), array([0.4938    , 0.02522381]), 0.7854, 1.0]
[6, array([0.4871, 0.0322]), array([0.4844    , 0.02567143]), 0.7854, 1.0]
[6, array([0.4871, 0.0322]), array([0.48484762, 0.02567143]), 0.7854, 1.0]
[6, array([0.4871, 0.0322]), array([0.48529524, 0.02567143]), 0.7854, 1.0]
[6, array([0.4871, 0.0322]), array([0.48574286, 0.02567143]), 0.7854, 1.0]
[6, array([0.4871, 0.0322]), array([0.48619048, 0.02567143]), 0.7854, 1.0]
[6, array([0.4871, 0.0322]), array([0.4866381 , 0.02567143]), 0.7854, 1.0]
[6, array([0.4871, 0.0322]), array([0.48708571, 0.02567143]), 0.7854, 1.0]
[6, array([0.4871, 0.0322]), array([0.48753333, 0.02567143]), 0.7854, 1.0]
[6, array([0.4871, 0.0322]), array([0.48798095, 0.02567143]), 0.7854, 1.0]
[6, array([0.4871, 0.0322]), array([0.48842857, 0.02567143]), 0.7854, 1.0]
[6, array([0.4871, 0.0322]), array([0.48887619, 0.02567143]), 0.7854, 1.0]
[6, array([0.4871, 0.0322]), array([0.48932381, 0.02567143]), 0.7854, 1.0]
[6, array([0.4871, 0.0322]), array([0.48977143, 0.02567143]), 0.7854, 1.0]
[6, array([0.4871, 0.0322]), array([0.49021905, 0.02567143]), 0.7854, 1.0]
[6, array([0.4871, 0.0322]), array([0.49066667, 0.02567143]), 0.7854, 1.0]
[6, array([0.4871, 0.0322]), array([0.49111429, 0.02567143]), 0.7854, 1.0]
[6, array([0.4871, 0.0322]), array([0.4915619 , 0.02567143]), 0.7854, 1.0]
[6, array([0.4871, 0.0322]), array([0.49200952, 0.02567143]), 0.7854, 1.0]
[6, array([0.4871, 0.0322]), array([0.49245714, 0.02567143]), 0.7854, 1.0]
[6, array([0.4871, 0.0322]), array([0.49290476, 0.02567143]), 0.7854, 1.0]
[6, array([0.4871, 0.0322]), array([0.49335238, 0.02567143]), 0.7854, 1.0]
[6, array([0.4871, 0.0322]), array([0.4938    , 0.02567143]), 0.7854, 1.0]
[6, array([0.4871, 0.0322]), array([0.4844    , 0.02611905]), 0.7854, 1.0]
[6, array([0.4871, 0.0322]), array([0.48484762, 0.02611905]), 0.7854, 1.0]
[6, array([0.4871, 0.0322]), array([0.48529524, 0.02611905]), 0.7854, 1.0]
[6, array([0.4871, 0.0322]), array([0.48574286, 0.02611905]), 0.7854, 1.0]
[6, array([0.4871, 0.0322]), array([0.48619048, 0.02611905]), 0.7854, 1.0]
[6, array([0.4871, 0.0322]), array([0.4866381 , 0.02611905]), 0.7854, 1.0]
[6, array([0.4871, 0.0322]), array([0.48708571, 0.02611905]), 0.7854, 1.0]
[6, array([0.4871, 0.0322]), array([0.48753333, 0.02611905]), 0.7854, 1.0]
[6, array([0.4871, 0.0322]), array([0.48798095, 0.02611905]), 0.7854, 1.0]
[6, array([0.4871, 0.0322]), array([0.48842857, 0.02611905]), 0.7854, 1.0]
[6, array([0.4871, 0.0322]), array([0.48887619, 0.02611905]), 0.7854, 1.0]
[6, array([0.4871, 0.0322]), array([0.48932381, 0.02611905]), 0.7854, 1.0]
[6, array([0.4871, 0.0322]), array([0.48977143, 0.02611905]), 0.7854, 1.0]
[6, array([0.4871, 0.0322]), array([0.49021905, 0.02611905]), 0.7854, 1.0]
[6, array([0.4871, 0.0322]), array([0.49066667, 0.02611905]), 0.7854, 1.0]
[6, array([0.4871, 0.0322]), array([0.49111429, 0.02611905]), 0.7854, 1.0]
[6, array([0.4871, 0.0322]), array([0.4915619 , 0.02611905]), 0.7854, 1.0]
[6, array([0.4871, 0.0322]), array([0.49200952, 0.02611905]), 0.7854, 1.0]
[6, array([0.4871, 0.0322]), array([0.49245714, 0.02611905]), 0.7854, 1.0]
[6, array([0.4871, 0.0322]), array([0.49290476, 0.02611905]), 0.7854, 1.0]
[6, array([0.4871, 0.0322]), array([0.49335238, 0.02611905]), 0.7854, 1.0]
[6, array([0.4871, 0.0322]), array([0.4938    , 0.02611905]), 0.7854, 1.0]
[6, array([0.4871, 0.0322]), array([0.4844    , 0.02656667]), 0.7854, 1.0]
[6, array([0.4871, 0.0322]), array([0.48484762, 0.02656667]), 0.7854, 1.0]
[6, array([0.4871, 0.0322]), array([0.48529524, 0.02656667]), 0.7854, 1.0]
[6, array([0.4871, 0.0322]), array([0.48574286, 0.02656667]), 0.7854, 1.0]
[6, array([0.4871, 0.0322]), array([0.48619048, 0.02656667]), 0.7854, 1.0]
[6, array([0.4871, 0.0322]), array([0.4866381 , 0.02656667]), 0.7854, 1.0]
[6, array([0.4871, 0.0322]), array([0.48708571, 0.02656667]), 0.7854, 1.0]
[6, array([0.4871, 0.0322]), array([0.48753333, 0.02656667]), 0.7854, 1.0]
[6, array([0.4871, 0.0322]), array([0.48798095, 0.02656667]), 0.7854, 1.0]
[6, array([0.4871, 0.0322]), array([0.48842857, 0.02656667]), 0.7854, 1.0]
[6, array([0.4871, 0.0322]), array([0.48887619, 0.02656667]), 0.7854, 1.0]
[6, array([0.4871, 0.0322]), array([0.48932381, 0.02656667]), 0.7854, 1.0]
[6, array([0.4871, 0.0322]), array([0.48977143, 0.02656667]), 0.7854, 1.0]
[6, array([0.4871, 0.0322]), array([0.49021905, 0.02656667]), 0.7854, 1.0]
[6, array([0.4871, 0.0322]), array([0.49066667, 0.02656667]), 0.7854, 1.0]
[6, array([0.4871, 0.0322]), array([0.49111429, 0.02656667]), 0.7854, 1.0]
[6, array([0.4871, 0.0322]), array([0.4915619 , 0.02656667]), 0.7854, 0.0]
[6, array([0.4871, 0.0322]), array([0.49200952, 0.02656667]), 0.7854, 1.0]
[6, array([0.4871, 0.0322]), array([0.49245714, 0.02656667]), 0.7854, 1.0]
[6, array([0.4871, 0.0322]), array([0.49290476, 0.02656667]), 0.7854, 1.0]
[6, array([0.4871, 0.0322]), array([0.49335238, 0.02656667]), 0.7854, 1.0]
[6, array([0.4871, 0.0322]), array([0.4938    , 0.02656667]), 0.7854, 1.0]
[6, array([0.4871, 0.0322]), array([0.4844    , 0.02701429]), 0.7854, 1.0]
[6, array([0.4871, 0.0322]), array([0.48484762, 0.02701429]), 0.7854, 1.0]
[6, array([0.4871, 0.0322]), array([0.48529524, 0.02701429]), 0.7854, 1.0]
[6, array([0.4871, 0.0322]), array([0.48574286, 0.02701429]), 0.7854, 1.0]
[6, array([0.4871, 0.0322]), array([0.48619048, 0.02701429]), 0.7854, 1.0]
[6, array([0.4871, 0.0322]), array([0.4866381 , 0.02701429]), 0.7854, 1.0]
[6, array([0.4871, 0.0322]), array([0.48708571, 0.02701429]), 0.7854, 1.0]
[6, array([0.4871, 0.0322]), array([0.48753333, 0.02701429]), 0.7854, 1.0]
[6, array([0.4871, 0.0322]), array([0.48798095, 0.02701429]), 0.7854, 1.0]
[6, array([0.4871, 0.0322]), array([0.48842857, 0.02701429]), 0.7854, 1.0]
[6, array([0.4871, 0.0322]), array([0.48887619, 0.02701429]), 0.7854, 1.0]
[6, array([0.4871, 0.0322]), array([0.48932381, 0.02701429]), 0.7854, 1.0]
[6, array([0.4871, 0.0322]), array([0.48977143, 0.02701429]), 0.7854, 1.0]
[6, array([0.4871, 0.0322]), array([0.49021905, 0.02701429]), 0.7854, 1.0]
[6, array([0.4871, 0.0322]), array([0.49066667, 0.02701429]), 0.7854, 1.0]
[6, array([0.4871, 0.0322]), array([0.49111429, 0.02701429]), 0.7854, 1.0]
[6, array([0.4871, 0.0322]), array([0.4915619 , 0.02701429]), 0.7854, 1.0]
[6, array([0.4871, 0.0322]), array([0.49200952, 0.02701429]), 0.7854, 1.0]
[6, array([0.4871, 0.0322]), array([0.49245714, 0.02701429]), 0.7854, 1.0]
[6, array([0.4871, 0.0322]), array([0.49290476, 0.02701429]), 0.7854, 1.0]
[6, array([0.4871, 0.0322]), array([0.49335238, 0.02701429]), 0.7854, 1.0]
[6, array([0.4871, 0.0322]), array([0.4938    , 0.02701429]), 0.7854, 1.0]
[6, array([0.4871, 0.0322]), array([0.4844   , 0.0274619]), 0.7854, 1.0]
[6, array([0.4871, 0.0322]), array([0.48484762, 0.0274619 ]), 0.7854, 1.0]
[6, array([0.4871, 0.0322]), array([0.48529524, 0.0274619 ]), 0.7854, 1.0]
[6, array([0.4871, 0.0322]), array([0.48574286, 0.0274619 ]), 0.7854, 1.0]
[6, array([0.4871, 0.0322]), array([0.48619048, 0.0274619 ]), 0.7854, 1.0]
[6, array([0.4871, 0.0322]), array([0.4866381, 0.0274619]), 0.7854, 1.0]
[6, array([0.4871, 0.0322]), array([0.48708571, 0.0274619 ]), 0.7854, 1.0]
[6, array([0.4871, 0.0322]), array([0.48753333, 0.0274619 ]), 0.7854, 1.0]
[6, array([0.4871, 0.0322]), array([0.48798095, 0.0274619 ]), 0.7854, 1.0]
[6, array([0.4871, 0.0322]), array([0.48842857, 0.0274619 ]), 0.7854, 1.0]
[6, array([0.4871, 0.0322]), array([0.48887619, 0.0274619 ]), 0.7854, 1.0]
[6, array([0.4871, 0.0322]), array([0.48932381, 0.0274619 ]), 0.7854, 1.0]
[6, array([0.4871, 0.0322]), array([0.48977143, 0.0274619 ]), 0.7854, 1.0]
[6, array([0.4871, 0.0322]), array([0.49021905, 0.0274619 ]), 0.7854, 1.0]
[6, array([0.4871, 0.0322]), array([0.49066667, 0.0274619 ]), 0.7854, 1.0]
[6, array([0.4871, 0.0322]), array([0.49111429, 0.0274619 ]), 0.7854, 1.0]
[6, array([0.4871, 0.0322]), array([0.4915619, 0.0274619]), 0.7854, 1.0]
[6, array([0.4871, 0.0322]), array([0.49200952, 0.0274619 ]), 0.7854, 1.0]
[6, array([0.4871, 0.0322]), array([0.49245714, 0.0274619 ]), 0.7854, 1.0]
[6, array([0.4871, 0.0322]), array([0.49290476, 0.0274619 ]), 0.7854, 0.0]
[6, array([0.4871, 0.0322]), array([0.49335238, 0.0274619 ]), 0.7854, 1.0]
[6, array([0.4871, 0.0322]), array([0.4938   , 0.0274619]), 0.7854, 1.0]
[6, array([0.4871, 0.0322]), array([0.4844    , 0.02790952]), 0.7854, 1.0]
[6, array([0.4871, 0.0322]), array([0.48484762, 0.02790952]), 0.7854, 1.0]
[6, array([0.4871, 0.0322]), array([0.48529524, 0.02790952]), 0.7854, 1.0]
[6, array([0.4871, 0.0322]), array([0.48574286, 0.02790952]), 0.7854, 1.0]
[6, array([0.4871, 0.0322]), array([0.48619048, 0.02790952]), 0.7854, 1.0]
[6, array([0.4871, 0.0322]), array([0.4866381 , 0.02790952]), 0.7854, 1.0]
[6, array([0.4871, 0.0322]), array([0.48708571, 0.02790952]), 0.7854, 1.0]
[6, array([0.4871, 0.0322]), array([0.48753333, 0.02790952]), 0.7854, 1.0]
[6, array([0.4871, 0.0322]), array([0.48798095, 0.02790952]), 0.7854, 1.0]
[6, array([0.4871, 0.0322]), array([0.48842857, 0.02790952]), 0.7854, 1.0]
[6, array([0.4871, 0.0322]), array([0.48887619, 0.02790952]), 0.7854, 1.0]
[6, array([0.4871, 0.0322]), array([0.48932381, 0.02790952]), 0.7854, 1.0]
[6, array([0.4871, 0.0322]), array([0.48977143, 0.02790952]), 0.7854, 1.0]
[6, array([0.4871, 0.0322]), array([0.49021905, 0.02790952]), 0.7854, 1.0]
[6, array([0.4871, 0.0322]), array([0.49066667, 0.02790952]), 0.7854, 1.0]
[6, array([0.4871, 0.0322]), array([0.49111429, 0.02790952]), 0.7854, 1.0]
[6, array([0.4871, 0.0322]), array([0.4915619 , 0.02790952]), 0.7854, 1.0]
[6, array([0.4871, 0.0322]), array([0.49200952, 0.02790952]), 0.7854, 1.0]
[6, array([0.4871, 0.0322]), array([0.49245714, 0.02790952]), 0.7854, 0.0]
[6, array([0.4871, 0.0322]), array([0.49290476, 0.02790952]), 0.7854, 0.0]
[6, array([0.4871, 0.0322]), array([0.49335238, 0.02790952]), 0.7854, 0.0]
[6, array([0.4871, 0.0322]), array([0.4938    , 0.02790952]), 0.7854, 0.0]
[6, array([0.4871, 0.0322]), array([0.4844    , 0.02835714]), 0.7854, 1.0]
[6, array([0.4871, 0.0322]), array([0.48484762, 0.02835714]), 0.7854, 1.0]
[6, array([0.4871, 0.0322]), array([0.48529524, 0.02835714]), 0.7854, 1.0]
[6, array([0.4871, 0.0322]), array([0.48574286, 0.02835714]), 0.7854, 1.0]
[6, array([0.4871, 0.0322]), array([0.48619048, 0.02835714]), 0.7854, 1.0]
[6, array([0.4871, 0.0322]), array([0.4866381 , 0.02835714]), 0.7854, 1.0]
[6, array([0.4871, 0.0322]), array([0.48708571, 0.02835714]), 0.7854, 1.0]
[6, array([0.4871, 0.0322]), array([0.48753333, 0.02835714]), 0.7854, 1.0]
[6, array([0.4871, 0.0322]), array([0.48798095, 0.02835714]), 0.7854, 1.0]
[6, array([0.4871, 0.0322]), array([0.48842857, 0.02835714]), 0.7854, 1.0]
[6, array([0.4871, 0.0322]), array([0.48887619, 0.02835714]), 0.7854, 1.0]
[6, array([0.4871, 0.0322]), array([0.48932381, 0.02835714]), 0.7854, 1.0]
[6, array([0.4871, 0.0322]), array([0.48977143, 0.02835714]), 0.7854, 1.0]
[6, array([0.4871, 0.0322]), array([0.49021905, 0.02835714]), 0.7854, 1.0]
[6, array([0.4871, 0.0322]), array([0.49066667, 0.02835714]), 0.7854, 1.0]
[6, array([0.4871, 0.0322]), array([0.49111429, 0.02835714]), 0.7854, 1.0]
[6, array([0.4871, 0.0322]), array([0.4915619 , 0.02835714]), 0.7854, 1.0]
[6, array([0.4871, 0.0322]), array([0.49200952, 0.02835714]), 0.7854, 0.0]
[6, array([0.4871, 0.0322]), array([0.49245714, 0.02835714]), 0.7854, 0.0]
[6, array([0.4871, 0.0322]), array([0.49290476, 0.02835714]), 0.7854, 0.0]
[6, array([0.4871, 0.0322]), array([0.49335238, 0.02835714]), 0.7854, 0.0]
[6, array([0.4871, 0.0322]), array([0.4938    , 0.02835714]), 0.7854, 1.0]
[6, array([0.4871, 0.0322]), array([0.4844    , 0.02880476]), 0.7854, 1.0]
[6, array([0.4871, 0.0322]), array([0.48484762, 0.02880476]), 0.7854, 1.0]
[6, array([0.4871, 0.0322]), array([0.48529524, 0.02880476]), 0.7854, 1.0]
[6, array([0.4871, 0.0322]), array([0.48574286, 0.02880476]), 0.7854, 1.0]
[6, array([0.4871, 0.0322]), array([0.48619048, 0.02880476]), 0.7854, 1.0]
[6, array([0.4871, 0.0322]), array([0.4866381 , 0.02880476]), 0.7854, 1.0]
[6, array([0.4871, 0.0322]), array([0.48708571, 0.02880476]), 0.7854, 1.0]
[6, array([0.4871, 0.0322]), array([0.48753333, 0.02880476]), 0.7854, 1.0]
[6, array([0.4871, 0.0322]), array([0.48798095, 0.02880476]), 0.7854, 1.0]
[6, array([0.4871, 0.0322]), array([0.48842857, 0.02880476]), 0.7854, 1.0]
[6, array([0.4871, 0.0322]), array([0.48887619, 0.02880476]), 0.7854, 1.0]
[6, array([0.4871, 0.0322]), array([0.48932381, 0.02880476]), 0.7854, 1.0]
[6, array([0.4871, 0.0322]), array([0.48977143, 0.02880476]), 0.7854, 1.0]
[6, array([0.4871, 0.0322]), array([0.49021905, 0.02880476]), 0.7854, 1.0]
[6, array([0.4871, 0.0322]), array([0.49066667, 0.02880476]), 0.7854, 1.0]
[6, array([0.4871, 0.0322]), array([0.49111429, 0.02880476]), 0.7854, 1.0]
[6, array([0.4871, 0.0322]), array([0.4915619 , 0.02880476]), 0.7854, 1.0]
[6, array([0.4871, 0.0322]), array([0.49200952, 0.02880476]), 0.7854, 1.0]
[6, array([0.4871, 0.0322]), array([0.49245714, 0.02880476]), 0.7854, 0.0]
[6, array([0.4871, 0.0322]), array([0.49290476, 0.02880476]), 0.7854, 0.0]
[6, array([0.4871, 0.0322]), array([0.49335238, 0.02880476]), 0.7854, 0.0]
[6, array([0.4871, 0.0322]), array([0.4938    , 0.02880476]), 0.7854, 1.0]
[6, array([0.4871, 0.0322]), array([0.4844    , 0.02925238]), 0.7854, 1.0]
[6, array([0.4871, 0.0322]), array([0.48484762, 0.02925238]), 0.7854, 1.0]
[6, array([0.4871, 0.0322]), array([0.48529524, 0.02925238]), 0.7854, 1.0]
[6, array([0.4871, 0.0322]), array([0.48574286, 0.02925238]), 0.7854, 1.0]
[6, array([0.4871, 0.0322]), array([0.48619048, 0.02925238]), 0.7854, 1.0]
[6, array([0.4871, 0.0322]), array([0.4866381 , 0.02925238]), 0.7854, 1.0]
[6, array([0.4871, 0.0322]), array([0.48708571, 0.02925238]), 0.7854, 1.0]
[6, array([0.4871, 0.0322]), array([0.48753333, 0.02925238]), 0.7854, 1.0]
[6, array([0.4871, 0.0322]), array([0.48798095, 0.02925238]), 0.7854, 1.0]
[6, array([0.4871, 0.0322]), array([0.48842857, 0.02925238]), 0.7854, 1.0]
[6, array([0.4871, 0.0322]), array([0.48887619, 0.02925238]), 0.7854, 1.0]
[6, array([0.4871, 0.0322]), array([0.48932381, 0.02925238]), 0.7854, 1.0]
[6, array([0.4871, 0.0322]), array([0.48977143, 0.02925238]), 0.7854, 1.0]
[6, array([0.4871, 0.0322]), array([0.49021905, 0.02925238]), 0.7854, 1.0]
[6, array([0.4871, 0.0322]), array([0.49066667, 0.02925238]), 0.7854, 1.0]
[6, array([0.4871, 0.0322]), array([0.49111429, 0.02925238]), 0.7854, 0.0]
[6, array([0.4871, 0.0322]), array([0.4915619 , 0.02925238]), 0.7854, 1.0]
[6, array([0.4871, 0.0322]), array([0.49200952, 0.02925238]), 0.7854, 0.0]
[6, array([0.4871, 0.0322]), array([0.49245714, 0.02925238]), 0.7854, 0.0]
[6, array([0.4871, 0.0322]), array([0.49290476, 0.02925238]), 0.7854, 0.0]
[6, array([0.4871, 0.0322]), array([0.49335238, 0.02925238]), 0.7854, 0.0]
[6, array([0.4871, 0.0322]), array([0.4938    , 0.02925238]), 0.7854, 1.0]
[6, array([0.4871, 0.0322]), array([0.4844, 0.0297]), 0.7854, 1.0]
[6, array([0.4871, 0.0322]), array([0.48484762, 0.0297    ]), 0.7854, 1.0]
[6, array([0.4871, 0.0322]), array([0.48529524, 0.0297    ]), 0.7854, 1.0]
[6, array([0.4871, 0.0322]), array([0.48574286, 0.0297    ]), 0.7854, 1.0]
[6, array([0.4871, 0.0322]), array([0.48619048, 0.0297    ]), 0.7854, 1.0]
[6, array([0.4871, 0.0322]), array([0.4866381, 0.0297   ]), 0.7854, 1.0]
[6, array([0.4871, 0.0322]), array([0.48708571, 0.0297    ]), 0.7854, 1.0]
[6, array([0.4871, 0.0322]), array([0.48753333, 0.0297    ]), 0.7854, 1.0]
[6, array([0.4871, 0.0322]), array([0.48798095, 0.0297    ]), 0.7854, 1.0]
[6, array([0.4871, 0.0322]), array([0.48842857, 0.0297    ]), 0.7854, 1.0]
[6, array([0.4871, 0.0322]), array([0.48887619, 0.0297    ]), 0.7854, 1.0]
[6, array([0.4871, 0.0322]), array([0.48932381, 0.0297    ]), 0.7854, 1.0]
[6, array([0.4871, 0.0322]), array([0.48977143, 0.0297    ]), 0.7854, 1.0]
[6, array([0.4871, 0.0322]), array([0.49021905, 0.0297    ]), 0.7854, 1.0]
[6, array([0.4871, 0.0322]), array([0.49066667, 0.0297    ]), 0.7854, 1.0]
[6, array([0.4871, 0.0322]), array([0.49111429, 0.0297    ]), 0.7854, 1.0]
[6, array([0.4871, 0.0322]), array([0.4915619, 0.0297   ]), 0.7854, 1.0]
[6, array([0.4871, 0.0322]), array([0.49200952, 0.0297    ]), 0.7854, 0.0]
[6, array([0.4871, 0.0322]), array([0.49245714, 0.0297    ]), 0.7854, 0.0]
[6, array([0.4871, 0.0322]), array([0.49290476, 0.0297    ]), 0.7854, 0.0]
[6, array([0.4871, 0.0322]), array([0.49335238, 0.0297    ]), 0.7854, 0.0]
[6, array([0.4871, 0.0322]), array([0.4938, 0.0297]), 0.7854, 0.0]
[6, array([ 0.543 , -0.0141]), array([ 0.5375, -0.0187]), 0.7854, 1.0]
[6, array([ 0.543 , -0.0141]), array([ 0.53764762, -0.0187    ]), 0.7854, 1.0]
[6, array([ 0.543 , -0.0141]), array([ 0.53779524, -0.0187    ]), 0.7854, 1.0]
[6, array([ 0.543 , -0.0141]), array([ 0.53794286, -0.0187    ]), 0.7854, 1.0]
[6, array([ 0.543 , -0.0141]), array([ 0.53809048, -0.0187    ]), 0.7854, 1.0]
[6, array([ 0.543 , -0.0141]), array([ 0.5382381, -0.0187   ]), 0.7854, 1.0]
[6, array([ 0.543 , -0.0141]), array([ 0.53838571, -0.0187    ]), 0.7854, 1.0]
[6, array([ 0.543 , -0.0141]), array([ 0.53853333, -0.0187    ]), 0.7854, 1.0]
[6, array([ 0.543 , -0.0141]), array([ 0.53868095, -0.0187    ]), 0.7854, 1.0]
[6, array([ 0.543 , -0.0141]), array([ 0.53882857, -0.0187    ]), 0.7854, 1.0]
[6, array([ 0.543 , -0.0141]), array([ 0.53897619, -0.0187    ]), 0.7854, 1.0]
[6, array([ 0.543 , -0.0141]), array([ 0.53912381, -0.0187    ]), 0.7854, 1.0]
[6, array([ 0.543 , -0.0141]), array([ 0.53927143, -0.0187    ]), 0.7854, 1.0]
[6, array([ 0.543 , -0.0141]), array([ 0.53941905, -0.0187    ]), 0.7854, 1.0]
[6, array([ 0.543 , -0.0141]), array([ 0.53956667, -0.0187    ]), 0.7854, 1.0]
[6, array([ 0.543 , -0.0141]), array([ 0.53971429, -0.0187    ]), 0.7854, 1.0]
[6, array([ 0.543 , -0.0141]), array([ 0.5398619, -0.0187   ]), 0.7854, 1.0]
[6, array([ 0.543 , -0.0141]), array([ 0.54000952, -0.0187    ]), 0.7854, 1.0]
[6, array([ 0.543 , -0.0141]), array([ 0.54015714, -0.0187    ]), 0.7854, 1.0]
[6, array([ 0.543 , -0.0141]), array([ 0.54030476, -0.0187    ]), 0.7854, 1.0]
[6, array([ 0.543 , -0.0141]), array([ 0.54045238, -0.0187    ]), 0.7854, 1.0]
[6, array([ 0.543 , -0.0141]), array([ 0.5406, -0.0187]), 0.7854, 1.0]
[6, array([ 0.543 , -0.0141]), array([ 0.5375    , -0.01855238]), 0.7854, 1.0]
[6, array([ 0.543 , -0.0141]), array([ 0.53764762, -0.01855238]), 0.7854, 1.0]
[6, array([ 0.543 , -0.0141]), array([ 0.53779524, -0.01855238]), 0.7854, 1.0]
[6, array([ 0.543 , -0.0141]), array([ 0.53794286, -0.01855238]), 0.7854, 1.0]
[6, array([ 0.543 , -0.0141]), array([ 0.53809048, -0.01855238]), 0.7854, 1.0]
[6, array([ 0.543 , -0.0141]), array([ 0.5382381 , -0.01855238]), 0.7854, 1.0]
[6, array([ 0.543 , -0.0141]), array([ 0.53838571, -0.01855238]), 0.7854, 1.0]
[6, array([ 0.543 , -0.0141]), array([ 0.53853333, -0.01855238]), 0.7854, 1.0]
[6, array([ 0.543 , -0.0141]), array([ 0.53868095, -0.01855238]), 0.7854, 1.0]
[6, array([ 0.543 , -0.0141]), array([ 0.53882857, -0.01855238]), 0.7854, 1.0]
[6, array([ 0.543 , -0.0141]), array([ 0.53897619, -0.01855238]), 0.7854, 1.0]
[6, array([ 0.543 , -0.0141]), array([ 0.53912381, -0.01855238]), 0.7854, 1.0]
[6, array([ 0.543 , -0.0141]), array([ 0.53927143, -0.01855238]), 0.7854, 1.0]
[6, array([ 0.543 , -0.0141]), array([ 0.53941905, -0.01855238]), 0.7854, 1.0]
[6, array([ 0.543 , -0.0141]), array([ 0.53956667, -0.01855238]), 0.7854, 1.0]
[6, array([ 0.543 , -0.0141]), array([ 0.53971429, -0.01855238]), 0.7854, 1.0]
[6, array([ 0.543 , -0.0141]), array([ 0.5398619 , -0.01855238]), 0.7854, 1.0]
[6, array([ 0.543 , -0.0141]), array([ 0.54000952, -0.01855238]), 0.7854, 1.0]
[6, array([ 0.543 , -0.0141]), array([ 0.54015714, -0.01855238]), 0.7854, 1.0]
[6, array([ 0.543 , -0.0141]), array([ 0.54030476, -0.01855238]), 0.7854, 1.0]
[6, array([ 0.543 , -0.0141]), array([ 0.54045238, -0.01855238]), 0.7854, 1.0]
[6, array([ 0.543 , -0.0141]), array([ 0.5406    , -0.01855238]), 0.7854, 1.0]
[6, array([ 0.543 , -0.0141]), array([ 0.5375    , -0.01840476]), 0.7854, 1.0]
[6, array([ 0.543 , -0.0141]), array([ 0.53764762, -0.01840476]), 0.7854, 1.0]
[6, array([ 0.543 , -0.0141]), array([ 0.53779524, -0.01840476]), 0.7854, 1.0]
[6, array([ 0.543 , -0.0141]), array([ 0.53794286, -0.01840476]), 0.7854, 1.0]
[6, array([ 0.543 , -0.0141]), array([ 0.53809048, -0.01840476]), 0.7854, 1.0]
[6, array([ 0.543 , -0.0141]), array([ 0.5382381 , -0.01840476]), 0.7854, 1.0]
[6, array([ 0.543 , -0.0141]), array([ 0.53838571, -0.01840476]), 0.7854, 1.0]
[6, array([ 0.543 , -0.0141]), array([ 0.53853333, -0.01840476]), 0.7854, 1.0]
[6, array([ 0.543 , -0.0141]), array([ 0.53868095, -0.01840476]), 0.7854, 1.0]
[6, array([ 0.543 , -0.0141]), array([ 0.53882857, -0.01840476]), 0.7854, 1.0]
[6, array([ 0.543 , -0.0141]), array([ 0.53897619, -0.01840476]), 0.7854, 1.0]
[6, array([ 0.543 , -0.0141]), array([ 0.53912381, -0.01840476]), 0.7854, 1.0]
[6, array([ 0.543 , -0.0141]), array([ 0.53927143, -0.01840476]), 0.7854, 1.0]
[6, array([ 0.543 , -0.0141]), array([ 0.53941905, -0.01840476]), 0.7854, 1.0]
[6, array([ 0.543 , -0.0141]), array([ 0.53956667, -0.01840476]), 0.7854, 1.0]
[6, array([ 0.543 , -0.0141]), array([ 0.53971429, -0.01840476]), 0.7854, 1.0]
[6, array([ 0.543 , -0.0141]), array([ 0.5398619 , -0.01840476]), 0.7854, 1.0]
[6, array([ 0.543 , -0.0141]), array([ 0.54000952, -0.01840476]), 0.7854, 1.0]
[6, array([ 0.543 , -0.0141]), array([ 0.54015714, -0.01840476]), 0.7854, 1.0]
[6, array([ 0.543 , -0.0141]), array([ 0.54030476, -0.01840476]), 0.7854, 1.0]
[6, array([ 0.543 , -0.0141]), array([ 0.54045238, -0.01840476]), 0.7854, 1.0]
[6, array([ 0.543 , -0.0141]), array([ 0.5406    , -0.01840476]), 0.7854, 1.0]
[6, array([ 0.543 , -0.0141]), array([ 0.5375    , -0.01825714]), 0.7854, 1.0]
[6, array([ 0.543 , -0.0141]), array([ 0.53764762, -0.01825714]), 0.7854, 1.0]
[6, array([ 0.543 , -0.0141]), array([ 0.53779524, -0.01825714]), 0.7854, 1.0]
[6, array([ 0.543 , -0.0141]), array([ 0.53794286, -0.01825714]), 0.7854, 1.0]
[6, array([ 0.543 , -0.0141]), array([ 0.53809048, -0.01825714]), 0.7854, 1.0]
[6, array([ 0.543 , -0.0141]), array([ 0.5382381 , -0.01825714]), 0.7854, 1.0]
[6, array([ 0.543 , -0.0141]), array([ 0.53838571, -0.01825714]), 0.7854, 1.0]
[6, array([ 0.543 , -0.0141]), array([ 0.53853333, -0.01825714]), 0.7854, 1.0]
[6, array([ 0.543 , -0.0141]), array([ 0.53868095, -0.01825714]), 0.7854, 1.0]
[6, array([ 0.543 , -0.0141]), array([ 0.53882857, -0.01825714]), 0.7854, 1.0]
[6, array([ 0.543 , -0.0141]), array([ 0.53897619, -0.01825714]), 0.7854, 1.0]
[6, array([ 0.543 , -0.0141]), array([ 0.53912381, -0.01825714]), 0.7854, 1.0]
[6, array([ 0.543 , -0.0141]), array([ 0.53927143, -0.01825714]), 0.7854, 1.0]
[6, array([ 0.543 , -0.0141]), array([ 0.53941905, -0.01825714]), 0.7854, 1.0]
[6, array([ 0.543 , -0.0141]), array([ 0.53956667, -0.01825714]), 0.7854, 1.0]
[6, array([ 0.543 , -0.0141]), array([ 0.53971429, -0.01825714]), 0.7854, 1.0]
[6, array([ 0.543 , -0.0141]), array([ 0.5398619 , -0.01825714]), 0.7854, 1.0]
[6, array([ 0.543 , -0.0141]), array([ 0.54000952, -0.01825714]), 0.7854, 1.0]
[6, array([ 0.543 , -0.0141]), array([ 0.54015714, -0.01825714]), 0.7854, 1.0]
[6, array([ 0.543 , -0.0141]), array([ 0.54030476, -0.01825714]), 0.7854, 1.0]
[6, array([ 0.543 , -0.0141]), array([ 0.54045238, -0.01825714]), 0.7854, 1.0]
[6, array([ 0.543 , -0.0141]), array([ 0.5406    , -0.01825714]), 0.7854, 1.0]
[6, array([ 0.543 , -0.0141]), array([ 0.5375    , -0.01810952]), 0.7854, 1.0]
[6, array([ 0.543 , -0.0141]), array([ 0.53764762, -0.01810952]), 0.7854, 1.0]
[6, array([ 0.543 , -0.0141]), array([ 0.53779524, -0.01810952]), 0.7854, 1.0]
[6, array([ 0.543 , -0.0141]), array([ 0.53794286, -0.01810952]), 0.7854, 1.0]
[6, array([ 0.543 , -0.0141]), array([ 0.53809048, -0.01810952]), 0.7854, 1.0]
[6, array([ 0.543 , -0.0141]), array([ 0.5382381 , -0.01810952]), 0.7854, 1.0]
[6, array([ 0.543 , -0.0141]), array([ 0.53838571, -0.01810952]), 0.7854, 1.0]
[6, array([ 0.543 , -0.0141]), array([ 0.53853333, -0.01810952]), 0.7854, 1.0]
[6, array([ 0.543 , -0.0141]), array([ 0.53868095, -0.01810952]), 0.7854, 1.0]
[6, array([ 0.543 , -0.0141]), array([ 0.53882857, -0.01810952]), 0.7854, 1.0]
[6, array([ 0.543 , -0.0141]), array([ 0.53897619, -0.01810952]), 0.7854, 1.0]
[6, array([ 0.543 , -0.0141]), array([ 0.53912381, -0.01810952]), 0.7854, 1.0]
[6, array([ 0.543 , -0.0141]), array([ 0.53927143, -0.01810952]), 0.7854, 1.0]
[6, array([ 0.543 , -0.0141]), array([ 0.53941905, -0.01810952]), 0.7854, 1.0]
[6, array([ 0.543 , -0.0141]), array([ 0.53956667, -0.01810952]), 0.7854, 1.0]
[6, array([ 0.543 , -0.0141]), array([ 0.53971429, -0.01810952]), 0.7854, 1.0]
[6, array([ 0.543 , -0.0141]), array([ 0.5398619 , -0.01810952]), 0.7854, 1.0]
[6, array([ 0.543 , -0.0141]), array([ 0.54000952, -0.01810952]), 0.7854, 1.0]
[6, array([ 0.543 , -0.0141]), array([ 0.54015714, -0.01810952]), 0.7854, 1.0]
[6, array([ 0.543 , -0.0141]), array([ 0.54030476, -0.01810952]), 0.7854, 1.0]
[6, array([ 0.543 , -0.0141]), array([ 0.54045238, -0.01810952]), 0.7854, 1.0]
[6, array([ 0.543 , -0.0141]), array([ 0.5406    , -0.01810952]), 0.7854, 1.0]
[6, array([ 0.543 , -0.0141]), array([ 0.5375   , -0.0179619]), 0.7854, 1.0]
[6, array([ 0.543 , -0.0141]), array([ 0.53764762, -0.0179619 ]), 0.7854, 1.0]
[6, array([ 0.543 , -0.0141]), array([ 0.53779524, -0.0179619 ]), 0.7854, 1.0]
[6, array([ 0.543 , -0.0141]), array([ 0.53794286, -0.0179619 ]), 0.7854, 1.0]
[6, array([ 0.543 , -0.0141]), array([ 0.53809048, -0.0179619 ]), 0.7854, 1.0]
[6, array([ 0.543 , -0.0141]), array([ 0.5382381, -0.0179619]), 0.7854, 1.0]
[6, array([ 0.543 , -0.0141]), array([ 0.53838571, -0.0179619 ]), 0.7854, 1.0]
[6, array([ 0.543 , -0.0141]), array([ 0.53853333, -0.0179619 ]), 0.7854, 1.0]
[6, array([ 0.543 , -0.0141]), array([ 0.53868095, -0.0179619 ]), 0.7854, 1.0]
[6, array([ 0.543 , -0.0141]), array([ 0.53882857, -0.0179619 ]), 0.7854, 1.0]
[6, array([ 0.543 , -0.0141]), array([ 0.53897619, -0.0179619 ]), 0.7854, 1.0]
[6, array([ 0.543 , -0.0141]), array([ 0.53912381, -0.0179619 ]), 0.7854, 1.0]
[6, array([ 0.543 , -0.0141]), array([ 0.53927143, -0.0179619 ]), 0.7854, 1.0]
[6, array([ 0.543 , -0.0141]), array([ 0.53941905, -0.0179619 ]), 0.7854, 1.0]
[6, array([ 0.543 , -0.0141]), array([ 0.53956667, -0.0179619 ]), 0.7854, 1.0]
[6, array([ 0.543 , -0.0141]), array([ 0.53971429, -0.0179619 ]), 0.7854, 1.0]
[6, array([ 0.543 , -0.0141]), array([ 0.5398619, -0.0179619]), 0.7854, 1.0]
[6, array([ 0.543 , -0.0141]), array([ 0.54000952, -0.0179619 ]), 0.7854, 1.0]
[6, array([ 0.543 , -0.0141]), array([ 0.54015714, -0.0179619 ]), 0.7854, 1.0]
[6, array([ 0.543 , -0.0141]), array([ 0.54030476, -0.0179619 ]), 0.7854, 1.0]
[6, array([ 0.543 , -0.0141]), array([ 0.54045238, -0.0179619 ]), 0.7854, 1.0]
[6, array([ 0.543 , -0.0141]), array([ 0.5406   , -0.0179619]), 0.7854, 1.0]
[6, array([ 0.543 , -0.0141]), array([ 0.5375    , -0.01781429]), 0.7854, 1.0]
[6, array([ 0.543 , -0.0141]), array([ 0.53764762, -0.01781429]), 0.7854, 1.0]
[6, array([ 0.543 , -0.0141]), array([ 0.53779524, -0.01781429]), 0.7854, 1.0]
[6, array([ 0.543 , -0.0141]), array([ 0.53794286, -0.01781429]), 0.7854, 1.0]
[6, array([ 0.543 , -0.0141]), array([ 0.53809048, -0.01781429]), 0.7854, 1.0]
[6, array([ 0.543 , -0.0141]), array([ 0.5382381 , -0.01781429]), 0.7854, 1.0]
[6, array([ 0.543 , -0.0141]), array([ 0.53838571, -0.01781429]), 0.7854, 1.0]
[6, array([ 0.543 , -0.0141]), array([ 0.53853333, -0.01781429]), 0.7854, 1.0]
[6, array([ 0.543 , -0.0141]), array([ 0.53868095, -0.01781429]), 0.7854, 1.0]
[6, array([ 0.543 , -0.0141]), array([ 0.53882857, -0.01781429]), 0.7854, 1.0]
[6, array([ 0.543 , -0.0141]), array([ 0.53897619, -0.01781429]), 0.7854, 1.0]
[6, array([ 0.543 , -0.0141]), array([ 0.53912381, -0.01781429]), 0.7854, 1.0]
[6, array([ 0.543 , -0.0141]), array([ 0.53927143, -0.01781429]), 0.7854, 1.0]
[6, array([ 0.543 , -0.0141]), array([ 0.53941905, -0.01781429]), 0.7854, 1.0]
[6, array([ 0.543 , -0.0141]), array([ 0.53956667, -0.01781429]), 0.7854, 1.0]
[6, array([ 0.543 , -0.0141]), array([ 0.53971429, -0.01781429]), 0.7854, 1.0]
[6, array([ 0.543 , -0.0141]), array([ 0.5398619 , -0.01781429]), 0.7854, 1.0]
[6, array([ 0.543 , -0.0141]), array([ 0.54000952, -0.01781429]), 0.7854, 1.0]
[6, array([ 0.543 , -0.0141]), array([ 0.54015714, -0.01781429]), 0.7854, 1.0]
[6, array([ 0.543 , -0.0141]), array([ 0.54030476, -0.01781429]), 0.7854, 1.0]
[6, array([ 0.543 , -0.0141]), array([ 0.54045238, -0.01781429]), 0.7854, 1.0]
[6, array([ 0.543 , -0.0141]), array([ 0.5406    , -0.01781429]), 0.7854, 1.0]
[6, array([ 0.543 , -0.0141]), array([ 0.5375    , -0.01766667]), 0.7854, 1.0]
[6, array([ 0.543 , -0.0141]), array([ 0.53764762, -0.01766667]), 0.7854, 1.0]
[6, array([ 0.543 , -0.0141]), array([ 0.53779524, -0.01766667]), 0.7854, 1.0]
[6, array([ 0.543 , -0.0141]), array([ 0.53794286, -0.01766667]), 0.7854, 1.0]
[6, array([ 0.543 , -0.0141]), array([ 0.53809048, -0.01766667]), 0.7854, 1.0]
[6, array([ 0.543 , -0.0141]), array([ 0.5382381 , -0.01766667]), 0.7854, 1.0]
[6, array([ 0.543 , -0.0141]), array([ 0.53838571, -0.01766667]), 0.7854, 1.0]
[6, array([ 0.543 , -0.0141]), array([ 0.53853333, -0.01766667]), 0.7854, 1.0]
[6, array([ 0.543 , -0.0141]), array([ 0.53868095, -0.01766667]), 0.7854, 1.0]
[6, array([ 0.543 , -0.0141]), array([ 0.53882857, -0.01766667]), 0.7854, 1.0]
[6, array([ 0.543 , -0.0141]), array([ 0.53897619, -0.01766667]), 0.7854, 1.0]
[6, array([ 0.543 , -0.0141]), array([ 0.53912381, -0.01766667]), 0.7854, 1.0]
[6, array([ 0.543 , -0.0141]), array([ 0.53927143, -0.01766667]), 0.7854, 1.0]
[6, array([ 0.543 , -0.0141]), array([ 0.53941905, -0.01766667]), 0.7854, 1.0]
[6, array([ 0.543 , -0.0141]), array([ 0.53956667, -0.01766667]), 0.7854, 1.0]
[6, array([ 0.543 , -0.0141]), array([ 0.53971429, -0.01766667]), 0.7854, 1.0]
[6, array([ 0.543 , -0.0141]), array([ 0.5398619 , -0.01766667]), 0.7854, 1.0]
[6, array([ 0.543 , -0.0141]), array([ 0.54000952, -0.01766667]), 0.7854, 1.0]
[6, array([ 0.543 , -0.0141]), array([ 0.54015714, -0.01766667]), 0.7854, 1.0]
[6, array([ 0.543 , -0.0141]), array([ 0.54030476, -0.01766667]), 0.7854, 1.0]
[6, array([ 0.543 , -0.0141]), array([ 0.54045238, -0.01766667]), 0.7854, 1.0]
[6, array([ 0.543 , -0.0141]), array([ 0.5406    , -0.01766667]), 0.7854, 1.0]
[6, array([ 0.543 , -0.0141]), array([ 0.5375    , -0.01751905]), 0.7854, 1.0]
[6, array([ 0.543 , -0.0141]), array([ 0.53764762, -0.01751905]), 0.7854, 1.0]
[6, array([ 0.543 , -0.0141]), array([ 0.53779524, -0.01751905]), 0.7854, 1.0]
[6, array([ 0.543 , -0.0141]), array([ 0.53794286, -0.01751905]), 0.7854, 1.0]
[6, array([ 0.543 , -0.0141]), array([ 0.53809048, -0.01751905]), 0.7854, 1.0]
[6, array([ 0.543 , -0.0141]), array([ 0.5382381 , -0.01751905]), 0.7854, 1.0]
[6, array([ 0.543 , -0.0141]), array([ 0.53838571, -0.01751905]), 0.7854, 1.0]
[6, array([ 0.543 , -0.0141]), array([ 0.53853333, -0.01751905]), 0.7854, 1.0]
[6, array([ 0.543 , -0.0141]), array([ 0.53868095, -0.01751905]), 0.7854, 1.0]
[6, array([ 0.543 , -0.0141]), array([ 0.53882857, -0.01751905]), 0.7854, 1.0]
[6, array([ 0.543 , -0.0141]), array([ 0.53897619, -0.01751905]), 0.7854, 1.0]
[6, array([ 0.543 , -0.0141]), array([ 0.53912381, -0.01751905]), 0.7854, 1.0]
[6, array([ 0.543 , -0.0141]), array([ 0.53927143, -0.01751905]), 0.7854, 1.0]
[6, array([ 0.543 , -0.0141]), array([ 0.53941905, -0.01751905]), 0.7854, 1.0]
[6, array([ 0.543 , -0.0141]), array([ 0.53956667, -0.01751905]), 0.7854, 1.0]
[6, array([ 0.543 , -0.0141]), array([ 0.53971429, -0.01751905]), 0.7854, 1.0]
[6, array([ 0.543 , -0.0141]), array([ 0.5398619 , -0.01751905]), 0.7854, 1.0]
[6, array([ 0.543 , -0.0141]), array([ 0.54000952, -0.01751905]), 0.7854, 1.0]
[6, array([ 0.543 , -0.0141]), array([ 0.54015714, -0.01751905]), 0.7854, 1.0]
[6, array([ 0.543 , -0.0141]), array([ 0.54030476, -0.01751905]), 0.7854, 1.0]
[6, array([ 0.543 , -0.0141]), array([ 0.54045238, -0.01751905]), 0.7854, 1.0]
[6, array([ 0.543 , -0.0141]), array([ 0.5406    , -0.01751905]), 0.7854, 1.0]
[6, array([ 0.543 , -0.0141]), array([ 0.5375    , -0.01737143]), 0.7854, 1.0]
[6, array([ 0.543 , -0.0141]), array([ 0.53764762, -0.01737143]), 0.7854, 1.0]
[6, array([ 0.543 , -0.0141]), array([ 0.53779524, -0.01737143]), 0.7854, 1.0]
[6, array([ 0.543 , -0.0141]), array([ 0.53794286, -0.01737143]), 0.7854, 1.0]
[6, array([ 0.543 , -0.0141]), array([ 0.53809048, -0.01737143]), 0.7854, 1.0]
[6, array([ 0.543 , -0.0141]), array([ 0.5382381 , -0.01737143]), 0.7854, 1.0]
[6, array([ 0.543 , -0.0141]), array([ 0.53838571, -0.01737143]), 0.7854, 1.0]
[6, array([ 0.543 , -0.0141]), array([ 0.53853333, -0.01737143]), 0.7854, 1.0]
[6, array([ 0.543 , -0.0141]), array([ 0.53868095, -0.01737143]), 0.7854, 1.0]
[6, array([ 0.543 , -0.0141]), array([ 0.53882857, -0.01737143]), 0.7854, 1.0]
[6, array([ 0.543 , -0.0141]), array([ 0.53897619, -0.01737143]), 0.7854, 1.0]
[6, array([ 0.543 , -0.0141]), array([ 0.53912381, -0.01737143]), 0.7854, 1.0]
[6, array([ 0.543 , -0.0141]), array([ 0.53927143, -0.01737143]), 0.7854, 1.0]
[6, array([ 0.543 , -0.0141]), array([ 0.53941905, -0.01737143]), 0.7854, 1.0]
[6, array([ 0.543 , -0.0141]), array([ 0.53956667, -0.01737143]), 0.7854, 1.0]
[6, array([ 0.543 , -0.0141]), array([ 0.53971429, -0.01737143]), 0.7854, 1.0]
[6, array([ 0.543 , -0.0141]), array([ 0.5398619 , -0.01737143]), 0.7854, 1.0]
[6, array([ 0.543 , -0.0141]), array([ 0.54000952, -0.01737143]), 0.7854, 1.0]
[6, array([ 0.543 , -0.0141]), array([ 0.54015714, -0.01737143]), 0.7854, 1.0]
[6, array([ 0.543 , -0.0141]), array([ 0.54030476, -0.01737143]), 0.7854, 1.0]
[6, array([ 0.543 , -0.0141]), array([ 0.54045238, -0.01737143]), 0.7854, 1.0]
[6, array([ 0.543 , -0.0141]), array([ 0.5406    , -0.01737143]), 0.7854, 1.0]
[6, array([ 0.543 , -0.0141]), array([ 0.5375    , -0.01722381]), 0.7854, 1.0]
[6, array([ 0.543 , -0.0141]), array([ 0.53764762, -0.01722381]), 0.7854, 1.0]
[6, array([ 0.543 , -0.0141]), array([ 0.53779524, -0.01722381]), 0.7854, 1.0]
[6, array([ 0.543 , -0.0141]), array([ 0.53794286, -0.01722381]), 0.7854, 1.0]
[6, array([ 0.543 , -0.0141]), array([ 0.53809048, -0.01722381]), 0.7854, 1.0]
[6, array([ 0.543 , -0.0141]), array([ 0.5382381 , -0.01722381]), 0.7854, 1.0]
[6, array([ 0.543 , -0.0141]), array([ 0.53838571, -0.01722381]), 0.7854, 1.0]
[6, array([ 0.543 , -0.0141]), array([ 0.53853333, -0.01722381]), 0.7854, 1.0]
[6, array([ 0.543 , -0.0141]), array([ 0.53868095, -0.01722381]), 0.7854, 1.0]
[6, array([ 0.543 , -0.0141]), array([ 0.53882857, -0.01722381]), 0.7854, 1.0]
[6, array([ 0.543 , -0.0141]), array([ 0.53897619, -0.01722381]), 0.7854, 1.0]
[6, array([ 0.543 , -0.0141]), array([ 0.53912381, -0.01722381]), 0.7854, 1.0]
[6, array([ 0.543 , -0.0141]), array([ 0.53927143, -0.01722381]), 0.7854, 1.0]
[6, array([ 0.543 , -0.0141]), array([ 0.53941905, -0.01722381]), 0.7854, 1.0]
[6, array([ 0.543 , -0.0141]), array([ 0.53956667, -0.01722381]), 0.7854, 1.0]
[6, array([ 0.543 , -0.0141]), array([ 0.53971429, -0.01722381]), 0.7854, 1.0]
[6, array([ 0.543 , -0.0141]), array([ 0.5398619 , -0.01722381]), 0.7854, 1.0]
[6, array([ 0.543 , -0.0141]), array([ 0.54000952, -0.01722381]), 0.7854, 1.0]
[6, array([ 0.543 , -0.0141]), array([ 0.54015714, -0.01722381]), 0.7854, 1.0]
[6, array([ 0.543 , -0.0141]), array([ 0.54030476, -0.01722381]), 0.7854, 1.0]
[6, array([ 0.543 , -0.0141]), array([ 0.54045238, -0.01722381]), 0.7854, 1.0]
[6, array([ 0.543 , -0.0141]), array([ 0.5406    , -0.01722381]), 0.7854, 1.0]
[6, array([ 0.543 , -0.0141]), array([ 0.5375    , -0.01707619]), 0.7854, 1.0]
[6, array([ 0.543 , -0.0141]), array([ 0.53764762, -0.01707619]), 0.7854, 1.0]
[6, array([ 0.543 , -0.0141]), array([ 0.53779524, -0.01707619]), 0.7854, 1.0]
[6, array([ 0.543 , -0.0141]), array([ 0.53794286, -0.01707619]), 0.7854, 1.0]
[6, array([ 0.543 , -0.0141]), array([ 0.53809048, -0.01707619]), 0.7854, 1.0]
[6, array([ 0.543 , -0.0141]), array([ 0.5382381 , -0.01707619]), 0.7854, 1.0]
[6, array([ 0.543 , -0.0141]), array([ 0.53838571, -0.01707619]), 0.7854, 1.0]
[6, array([ 0.543 , -0.0141]), array([ 0.53853333, -0.01707619]), 0.7854, 1.0]
[6, array([ 0.543 , -0.0141]), array([ 0.53868095, -0.01707619]), 0.7854, 1.0]
[6, array([ 0.543 , -0.0141]), array([ 0.53882857, -0.01707619]), 0.7854, 1.0]
[6, array([ 0.543 , -0.0141]), array([ 0.53897619, -0.01707619]), 0.7854, 1.0]
[6, array([ 0.543 , -0.0141]), array([ 0.53912381, -0.01707619]), 0.7854, 1.0]
[6, array([ 0.543 , -0.0141]), array([ 0.53927143, -0.01707619]), 0.7854, 1.0]
[6, array([ 0.543 , -0.0141]), array([ 0.53941905, -0.01707619]), 0.7854, 1.0]
[6, array([ 0.543 , -0.0141]), array([ 0.53956667, -0.01707619]), 0.7854, 1.0]
[6, array([ 0.543 , -0.0141]), array([ 0.53971429, -0.01707619]), 0.7854, 1.0]
[6, array([ 0.543 , -0.0141]), array([ 0.5398619 , -0.01707619]), 0.7854, 1.0]
[6, array([ 0.543 , -0.0141]), array([ 0.54000952, -0.01707619]), 0.7854, 1.0]
[6, array([ 0.543 , -0.0141]), array([ 0.54015714, -0.01707619]), 0.7854, 1.0]
[6, array([ 0.543 , -0.0141]), array([ 0.54030476, -0.01707619]), 0.7854, 1.0]
[6, array([ 0.543 , -0.0141]), array([ 0.54045238, -0.01707619]), 0.7854, 1.0]
[6, array([ 0.543 , -0.0141]), array([ 0.5406    , -0.01707619]), 0.7854, 1.0]
[6, array([ 0.543 , -0.0141]), array([ 0.5375    , -0.01692857]), 0.7854, 1.0]
[6, array([ 0.543 , -0.0141]), array([ 0.53764762, -0.01692857]), 0.7854, 1.0]
[6, array([ 0.543 , -0.0141]), array([ 0.53779524, -0.01692857]), 0.7854, 1.0]
[6, array([ 0.543 , -0.0141]), array([ 0.53794286, -0.01692857]), 0.7854, 1.0]
[6, array([ 0.543 , -0.0141]), array([ 0.53809048, -0.01692857]), 0.7854, 1.0]
[6, array([ 0.543 , -0.0141]), array([ 0.5382381 , -0.01692857]), 0.7854, 1.0]
[6, array([ 0.543 , -0.0141]), array([ 0.53838571, -0.01692857]), 0.7854, 1.0]
[6, array([ 0.543 , -0.0141]), array([ 0.53853333, -0.01692857]), 0.7854, 1.0]
[6, array([ 0.543 , -0.0141]), array([ 0.53868095, -0.01692857]), 0.7854, 1.0]
[6, array([ 0.543 , -0.0141]), array([ 0.53882857, -0.01692857]), 0.7854, 1.0]
[6, array([ 0.543 , -0.0141]), array([ 0.53897619, -0.01692857]), 0.7854, 1.0]
[6, array([ 0.543 , -0.0141]), array([ 0.53912381, -0.01692857]), 0.7854, 1.0]
[6, array([ 0.543 , -0.0141]), array([ 0.53927143, -0.01692857]), 0.7854, 1.0]
[6, array([ 0.543 , -0.0141]), array([ 0.53941905, -0.01692857]), 0.7854, 1.0]
[6, array([ 0.543 , -0.0141]), array([ 0.53956667, -0.01692857]), 0.7854, 1.0]
[6, array([ 0.543 , -0.0141]), array([ 0.53971429, -0.01692857]), 0.7854, 1.0]
[6, array([ 0.543 , -0.0141]), array([ 0.5398619 , -0.01692857]), 0.7854, 1.0]
[6, array([ 0.543 , -0.0141]), array([ 0.54000952, -0.01692857]), 0.7854, 1.0]
[6, array([ 0.543 , -0.0141]), array([ 0.54015714, -0.01692857]), 0.7854, 1.0]
[6, array([ 0.543 , -0.0141]), array([ 0.54030476, -0.01692857]), 0.7854, 1.0]
[6, array([ 0.543 , -0.0141]), array([ 0.54045238, -0.01692857]), 0.7854, 1.0]
[6, array([ 0.543 , -0.0141]), array([ 0.5406    , -0.01692857]), 0.7854, 1.0]
[6, array([ 0.543 , -0.0141]), array([ 0.5375    , -0.01678095]), 0.7854, 1.0]
[6, array([ 0.543 , -0.0141]), array([ 0.53764762, -0.01678095]), 0.7854, 1.0]
[6, array([ 0.543 , -0.0141]), array([ 0.53779524, -0.01678095]), 0.7854, 1.0]
[6, array([ 0.543 , -0.0141]), array([ 0.53794286, -0.01678095]), 0.7854, 1.0]
[6, array([ 0.543 , -0.0141]), array([ 0.53809048, -0.01678095]), 0.7854, 1.0]
[6, array([ 0.543 , -0.0141]), array([ 0.5382381 , -0.01678095]), 0.7854, 1.0]
[6, array([ 0.543 , -0.0141]), array([ 0.53838571, -0.01678095]), 0.7854, 1.0]
[6, array([ 0.543 , -0.0141]), array([ 0.53853333, -0.01678095]), 0.7854, 1.0]
[6, array([ 0.543 , -0.0141]), array([ 0.53868095, -0.01678095]), 0.7854, 1.0]
[6, array([ 0.543 , -0.0141]), array([ 0.53882857, -0.01678095]), 0.7854, 1.0]
[6, array([ 0.543 , -0.0141]), array([ 0.53897619, -0.01678095]), 0.7854, 1.0]
[6, array([ 0.543 , -0.0141]), array([ 0.53912381, -0.01678095]), 0.7854, 1.0]
[6, array([ 0.543 , -0.0141]), array([ 0.53927143, -0.01678095]), 0.7854, 1.0]
[6, array([ 0.543 , -0.0141]), array([ 0.53941905, -0.01678095]), 0.7854, 1.0]
[6, array([ 0.543 , -0.0141]), array([ 0.53956667, -0.01678095]), 0.7854, 1.0]
[6, array([ 0.543 , -0.0141]), array([ 0.53971429, -0.01678095]), 0.7854, 1.0]
[6, array([ 0.543 , -0.0141]), array([ 0.5398619 , -0.01678095]), 0.7854, 1.0]
[6, array([ 0.543 , -0.0141]), array([ 0.54000952, -0.01678095]), 0.7854, 1.0]
[6, array([ 0.543 , -0.0141]), array([ 0.54015714, -0.01678095]), 0.7854, 1.0]
[6, array([ 0.543 , -0.0141]), array([ 0.54030476, -0.01678095]), 0.7854, 1.0]
[6, array([ 0.543 , -0.0141]), array([ 0.54045238, -0.01678095]), 0.7854, 1.0]
[6, array([ 0.543 , -0.0141]), array([ 0.5406    , -0.01678095]), 0.7854, 1.0]
[6, array([ 0.543 , -0.0141]), array([ 0.5375    , -0.01663333]), 0.7854, 1.0]
[6, array([ 0.543 , -0.0141]), array([ 0.53764762, -0.01663333]), 0.7854, 1.0]
[6, array([ 0.543 , -0.0141]), array([ 0.53779524, -0.01663333]), 0.7854, 1.0]
[6, array([ 0.543 , -0.0141]), array([ 0.53794286, -0.01663333]), 0.7854, 1.0]
[6, array([ 0.543 , -0.0141]), array([ 0.53809048, -0.01663333]), 0.7854, 1.0]
[6, array([ 0.543 , -0.0141]), array([ 0.5382381 , -0.01663333]), 0.7854, 1.0]
[6, array([ 0.543 , -0.0141]), array([ 0.53838571, -0.01663333]), 0.7854, 1.0]
[6, array([ 0.543 , -0.0141]), array([ 0.53853333, -0.01663333]), 0.7854, 1.0]
[6, array([ 0.543 , -0.0141]), array([ 0.53868095, -0.01663333]), 0.7854, 1.0]
[6, array([ 0.543 , -0.0141]), array([ 0.53882857, -0.01663333]), 0.7854, 1.0]
[6, array([ 0.543 , -0.0141]), array([ 0.53897619, -0.01663333]), 0.7854, 1.0]
[6, array([ 0.543 , -0.0141]), array([ 0.53912381, -0.01663333]), 0.7854, 1.0]
[6, array([ 0.543 , -0.0141]), array([ 0.53927143, -0.01663333]), 0.7854, 1.0]
[6, array([ 0.543 , -0.0141]), array([ 0.53941905, -0.01663333]), 0.7854, 1.0]
[6, array([ 0.543 , -0.0141]), array([ 0.53956667, -0.01663333]), 0.7854, 1.0]
[6, array([ 0.543 , -0.0141]), array([ 0.53971429, -0.01663333]), 0.7854, 1.0]
[6, array([ 0.543 , -0.0141]), array([ 0.5398619 , -0.01663333]), 0.7854, 1.0]
[6, array([ 0.543 , -0.0141]), array([ 0.54000952, -0.01663333]), 0.7854, 1.0]
[6, array([ 0.543 , -0.0141]), array([ 0.54015714, -0.01663333]), 0.7854, 1.0]
[6, array([ 0.543 , -0.0141]), array([ 0.54030476, -0.01663333]), 0.7854, 1.0]
[6, array([ 0.543 , -0.0141]), array([ 0.54045238, -0.01663333]), 0.7854, 1.0]
[6, array([ 0.543 , -0.0141]), array([ 0.5406    , -0.01663333]), 0.7854, 1.0]
[6, array([ 0.543 , -0.0141]), array([ 0.5375    , -0.01648571]), 0.7854, 1.0]
[6, array([ 0.543 , -0.0141]), array([ 0.53764762, -0.01648571]), 0.7854, 1.0]
[6, array([ 0.543 , -0.0141]), array([ 0.53779524, -0.01648571]), 0.7854, 1.0]
[6, array([ 0.543 , -0.0141]), array([ 0.53794286, -0.01648571]), 0.7854, 1.0]
[6, array([ 0.543 , -0.0141]), array([ 0.53809048, -0.01648571]), 0.7854, 1.0]
[6, array([ 0.543 , -0.0141]), array([ 0.5382381 , -0.01648571]), 0.7854, 1.0]
[6, array([ 0.543 , -0.0141]), array([ 0.53838571, -0.01648571]), 0.7854, 1.0]
[6, array([ 0.543 , -0.0141]), array([ 0.53853333, -0.01648571]), 0.7854, 1.0]
[6, array([ 0.543 , -0.0141]), array([ 0.53868095, -0.01648571]), 0.7854, 1.0]
[6, array([ 0.543 , -0.0141]), array([ 0.53882857, -0.01648571]), 0.7854, 1.0]
[6, array([ 0.543 , -0.0141]), array([ 0.53897619, -0.01648571]), 0.7854, 1.0]
[6, array([ 0.543 , -0.0141]), array([ 0.53912381, -0.01648571]), 0.7854, 1.0]
[6, array([ 0.543 , -0.0141]), array([ 0.53927143, -0.01648571]), 0.7854, 1.0]
[6, array([ 0.543 , -0.0141]), array([ 0.53941905, -0.01648571]), 0.7854, 1.0]
[6, array([ 0.543 , -0.0141]), array([ 0.53956667, -0.01648571]), 0.7854, 1.0]
[6, array([ 0.543 , -0.0141]), array([ 0.53971429, -0.01648571]), 0.7854, 1.0]
[6, array([ 0.543 , -0.0141]), array([ 0.5398619 , -0.01648571]), 0.7854, 1.0]
[6, array([ 0.543 , -0.0141]), array([ 0.54000952, -0.01648571]), 0.7854, 1.0]
[6, array([ 0.543 , -0.0141]), array([ 0.54015714, -0.01648571]), 0.7854, 1.0]
[6, array([ 0.543 , -0.0141]), array([ 0.54030476, -0.01648571]), 0.7854, 1.0]
[6, array([ 0.543 , -0.0141]), array([ 0.54045238, -0.01648571]), 0.7854, 1.0]
[6, array([ 0.543 , -0.0141]), array([ 0.5406    , -0.01648571]), 0.7854, 1.0]
[6, array([ 0.543 , -0.0141]), array([ 0.5375   , -0.0163381]), 0.7854, 1.0]
[6, array([ 0.543 , -0.0141]), array([ 0.53764762, -0.0163381 ]), 0.7854, 1.0]
[6, array([ 0.543 , -0.0141]), array([ 0.53779524, -0.0163381 ]), 0.7854, 1.0]
[6, array([ 0.543 , -0.0141]), array([ 0.53794286, -0.0163381 ]), 0.7854, 1.0]
[6, array([ 0.543 , -0.0141]), array([ 0.53809048, -0.0163381 ]), 0.7854, 1.0]
[6, array([ 0.543 , -0.0141]), array([ 0.5382381, -0.0163381]), 0.7854, 1.0]
[6, array([ 0.543 , -0.0141]), array([ 0.53838571, -0.0163381 ]), 0.7854, 1.0]
[6, array([ 0.543 , -0.0141]), array([ 0.53853333, -0.0163381 ]), 0.7854, 1.0]
[6, array([ 0.543 , -0.0141]), array([ 0.53868095, -0.0163381 ]), 0.7854, 1.0]
[6, array([ 0.543 , -0.0141]), array([ 0.53882857, -0.0163381 ]), 0.7854, 1.0]
[6, array([ 0.543 , -0.0141]), array([ 0.53897619, -0.0163381 ]), 0.7854, 1.0]
[6, array([ 0.543 , -0.0141]), array([ 0.53912381, -0.0163381 ]), 0.7854, 1.0]
[6, array([ 0.543 , -0.0141]), array([ 0.53927143, -0.0163381 ]), 0.7854, 1.0]
[6, array([ 0.543 , -0.0141]), array([ 0.53941905, -0.0163381 ]), 0.7854, 1.0]
[6, array([ 0.543 , -0.0141]), array([ 0.53956667, -0.0163381 ]), 0.7854, 1.0]
[6, array([ 0.543 , -0.0141]), array([ 0.53971429, -0.0163381 ]), 0.7854, 1.0]
[6, array([ 0.543 , -0.0141]), array([ 0.5398619, -0.0163381]), 0.7854, 1.0]
[6, array([ 0.543 , -0.0141]), array([ 0.54000952, -0.0163381 ]), 0.7854, 1.0]
[6, array([ 0.543 , -0.0141]), array([ 0.54015714, -0.0163381 ]), 0.7854, 1.0]
[6, array([ 0.543 , -0.0141]), array([ 0.54030476, -0.0163381 ]), 0.7854, 1.0]
[6, array([ 0.543 , -0.0141]), array([ 0.54045238, -0.0163381 ]), 0.7854, 1.0]
[6, array([ 0.543 , -0.0141]), array([ 0.5406   , -0.0163381]), 0.7854, 1.0]
[6, array([ 0.543 , -0.0141]), array([ 0.5375    , -0.01619048]), 0.7854, 1.0]
[6, array([ 0.543 , -0.0141]), array([ 0.53764762, -0.01619048]), 0.7854, 1.0]
[6, array([ 0.543 , -0.0141]), array([ 0.53779524, -0.01619048]), 0.7854, 1.0]
[6, array([ 0.543 , -0.0141]), array([ 0.53794286, -0.01619048]), 0.7854, 1.0]
[6, array([ 0.543 , -0.0141]), array([ 0.53809048, -0.01619048]), 0.7854, 1.0]
[6, array([ 0.543 , -0.0141]), array([ 0.5382381 , -0.01619048]), 0.7854, 1.0]
[6, array([ 0.543 , -0.0141]), array([ 0.53838571, -0.01619048]), 0.7854, 1.0]
[6, array([ 0.543 , -0.0141]), array([ 0.53853333, -0.01619048]), 0.7854, 1.0]
[6, array([ 0.543 , -0.0141]), array([ 0.53868095, -0.01619048]), 0.7854, 1.0]
[6, array([ 0.543 , -0.0141]), array([ 0.53882857, -0.01619048]), 0.7854, 1.0]
[6, array([ 0.543 , -0.0141]), array([ 0.53897619, -0.01619048]), 0.7854, 1.0]
[6, array([ 0.543 , -0.0141]), array([ 0.53912381, -0.01619048]), 0.7854, 1.0]
[6, array([ 0.543 , -0.0141]), array([ 0.53927143, -0.01619048]), 0.7854, 1.0]
[6, array([ 0.543 , -0.0141]), array([ 0.53941905, -0.01619048]), 0.7854, 1.0]
[6, array([ 0.543 , -0.0141]), array([ 0.53956667, -0.01619048]), 0.7854, 1.0]
[6, array([ 0.543 , -0.0141]), array([ 0.53971429, -0.01619048]), 0.7854, 1.0]
[6, array([ 0.543 , -0.0141]), array([ 0.5398619 , -0.01619048]), 0.7854, 1.0]
[6, array([ 0.543 , -0.0141]), array([ 0.54000952, -0.01619048]), 0.7854, 1.0]
[6, array([ 0.543 , -0.0141]), array([ 0.54015714, -0.01619048]), 0.7854, 1.0]
[6, array([ 0.543 , -0.0141]), array([ 0.54030476, -0.01619048]), 0.7854, 1.0]
[6, array([ 0.543 , -0.0141]), array([ 0.54045238, -0.01619048]), 0.7854, 1.0]
[6, array([ 0.543 , -0.0141]), array([ 0.5406    , -0.01619048]), 0.7854, 1.0]
[6, array([ 0.543 , -0.0141]), array([ 0.5375    , -0.01604286]), 0.7854, 1.0]
[6, array([ 0.543 , -0.0141]), array([ 0.53764762, -0.01604286]), 0.7854, 1.0]
[6, array([ 0.543 , -0.0141]), array([ 0.53779524, -0.01604286]), 0.7854, 1.0]
[6, array([ 0.543 , -0.0141]), array([ 0.53794286, -0.01604286]), 0.7854, 1.0]
[6, array([ 0.543 , -0.0141]), array([ 0.53809048, -0.01604286]), 0.7854, 1.0]
[6, array([ 0.543 , -0.0141]), array([ 0.5382381 , -0.01604286]), 0.7854, 1.0]
[6, array([ 0.543 , -0.0141]), array([ 0.53838571, -0.01604286]), 0.7854, 1.0]
[6, array([ 0.543 , -0.0141]), array([ 0.53853333, -0.01604286]), 0.7854, 1.0]
[6, array([ 0.543 , -0.0141]), array([ 0.53868095, -0.01604286]), 0.7854, 1.0]
[6, array([ 0.543 , -0.0141]), array([ 0.53882857, -0.01604286]), 0.7854, 1.0]
[6, array([ 0.543 , -0.0141]), array([ 0.53897619, -0.01604286]), 0.7854, 1.0]
[6, array([ 0.543 , -0.0141]), array([ 0.53912381, -0.01604286]), 0.7854, 1.0]
[6, array([ 0.543 , -0.0141]), array([ 0.53927143, -0.01604286]), 0.7854, 1.0]
[6, array([ 0.543 , -0.0141]), array([ 0.53941905, -0.01604286]), 0.7854, 1.0]
[6, array([ 0.543 , -0.0141]), array([ 0.53956667, -0.01604286]), 0.7854, 1.0]
[6, array([ 0.543 , -0.0141]), array([ 0.53971429, -0.01604286]), 0.7854, 1.0]
[6, array([ 0.543 , -0.0141]), array([ 0.5398619 , -0.01604286]), 0.7854, 1.0]
[6, array([ 0.543 , -0.0141]), array([ 0.54000952, -0.01604286]), 0.7854, 1.0]
[6, array([ 0.543 , -0.0141]), array([ 0.54015714, -0.01604286]), 0.7854, 1.0]
[6, array([ 0.543 , -0.0141]), array([ 0.54030476, -0.01604286]), 0.7854, 1.0]
[6, array([ 0.543 , -0.0141]), array([ 0.54045238, -0.01604286]), 0.7854, 1.0]
[6, array([ 0.543 , -0.0141]), array([ 0.5406    , -0.01604286]), 0.7854, 1.0]
[6, array([ 0.543 , -0.0141]), array([ 0.5375    , -0.01589524]), 0.7854, 1.0]
[6, array([ 0.543 , -0.0141]), array([ 0.53764762, -0.01589524]), 0.7854, 1.0]
[6, array([ 0.543 , -0.0141]), array([ 0.53779524, -0.01589524]), 0.7854, 1.0]
[6, array([ 0.543 , -0.0141]), array([ 0.53794286, -0.01589524]), 0.7854, 1.0]
[6, array([ 0.543 , -0.0141]), array([ 0.53809048, -0.01589524]), 0.7854, 1.0]
[6, array([ 0.543 , -0.0141]), array([ 0.5382381 , -0.01589524]), 0.7854, 1.0]
[6, array([ 0.543 , -0.0141]), array([ 0.53838571, -0.01589524]), 0.7854, 1.0]
[6, array([ 0.543 , -0.0141]), array([ 0.53853333, -0.01589524]), 0.7854, 1.0]
[6, array([ 0.543 , -0.0141]), array([ 0.53868095, -0.01589524]), 0.7854, 1.0]
[6, array([ 0.543 , -0.0141]), array([ 0.53882857, -0.01589524]), 0.7854, 1.0]
[6, array([ 0.543 , -0.0141]), array([ 0.53897619, -0.01589524]), 0.7854, 1.0]
[6, array([ 0.543 , -0.0141]), array([ 0.53912381, -0.01589524]), 0.7854, 1.0]
[6, array([ 0.543 , -0.0141]), array([ 0.53927143, -0.01589524]), 0.7854, 1.0]
[6, array([ 0.543 , -0.0141]), array([ 0.53941905, -0.01589524]), 0.7854, 1.0]
[6, array([ 0.543 , -0.0141]), array([ 0.53956667, -0.01589524]), 0.7854, 1.0]
[6, array([ 0.543 , -0.0141]), array([ 0.53971429, -0.01589524]), 0.7854, 1.0]
[6, array([ 0.543 , -0.0141]), array([ 0.5398619 , -0.01589524]), 0.7854, 1.0]
[6, array([ 0.543 , -0.0141]), array([ 0.54000952, -0.01589524]), 0.7854, 1.0]
[6, array([ 0.543 , -0.0141]), array([ 0.54015714, -0.01589524]), 0.7854, 1.0]
[6, array([ 0.543 , -0.0141]), array([ 0.54030476, -0.01589524]), 0.7854, 1.0]
[6, array([ 0.543 , -0.0141]), array([ 0.54045238, -0.01589524]), 0.7854, 1.0]
[6, array([ 0.543 , -0.0141]), array([ 0.5406    , -0.01589524]), 0.7854, 1.0]
[6, array([ 0.543 , -0.0141]), array([ 0.5375    , -0.01574762]), 0.7854, 1.0]
[6, array([ 0.543 , -0.0141]), array([ 0.53764762, -0.01574762]), 0.7854, 1.0]
[6, array([ 0.543 , -0.0141]), array([ 0.53779524, -0.01574762]), 0.7854, 1.0]
[6, array([ 0.543 , -0.0141]), array([ 0.53794286, -0.01574762]), 0.7854, 1.0]
[6, array([ 0.543 , -0.0141]), array([ 0.53809048, -0.01574762]), 0.7854, 1.0]
[6, array([ 0.543 , -0.0141]), array([ 0.5382381 , -0.01574762]), 0.7854, 1.0]
[6, array([ 0.543 , -0.0141]), array([ 0.53838571, -0.01574762]), 0.7854, 1.0]
[6, array([ 0.543 , -0.0141]), array([ 0.53853333, -0.01574762]), 0.7854, 1.0]
[6, array([ 0.543 , -0.0141]), array([ 0.53868095, -0.01574762]), 0.7854, 1.0]
[6, array([ 0.543 , -0.0141]), array([ 0.53882857, -0.01574762]), 0.7854, 1.0]
[6, array([ 0.543 , -0.0141]), array([ 0.53897619, -0.01574762]), 0.7854, 1.0]
[6, array([ 0.543 , -0.0141]), array([ 0.53912381, -0.01574762]), 0.7854, 1.0]
[6, array([ 0.543 , -0.0141]), array([ 0.53927143, -0.01574762]), 0.7854, 1.0]
[6, array([ 0.543 , -0.0141]), array([ 0.53941905, -0.01574762]), 0.7854, 1.0]
[6, array([ 0.543 , -0.0141]), array([ 0.53956667, -0.01574762]), 0.7854, 1.0]
[6, array([ 0.543 , -0.0141]), array([ 0.53971429, -0.01574762]), 0.7854, 1.0]
[6, array([ 0.543 , -0.0141]), array([ 0.5398619 , -0.01574762]), 0.7854, 1.0]
[6, array([ 0.543 , -0.0141]), array([ 0.54000952, -0.01574762]), 0.7854, 1.0]
[6, array([ 0.543 , -0.0141]), array([ 0.54015714, -0.01574762]), 0.7854, 1.0]
[6, array([ 0.543 , -0.0141]), array([ 0.54030476, -0.01574762]), 0.7854, 1.0]
[6, array([ 0.543 , -0.0141]), array([ 0.54045238, -0.01574762]), 0.7854, 1.0]
[6, array([ 0.543 , -0.0141]), array([ 0.5406    , -0.01574762]), 0.7854, 1.0]
[6, array([ 0.543 , -0.0141]), array([ 0.5375, -0.0156]), 0.7854, 1.0]
[6, array([ 0.543 , -0.0141]), array([ 0.53764762, -0.0156    ]), 0.7854, 1.0]
[6, array([ 0.543 , -0.0141]), array([ 0.53779524, -0.0156    ]), 0.7854, 1.0]
[6, array([ 0.543 , -0.0141]), array([ 0.53794286, -0.0156    ]), 0.7854, 1.0]
[6, array([ 0.543 , -0.0141]), array([ 0.53809048, -0.0156    ]), 0.7854, 1.0]
[6, array([ 0.543 , -0.0141]), array([ 0.5382381, -0.0156   ]), 0.7854, 1.0]
[6, array([ 0.543 , -0.0141]), array([ 0.53838571, -0.0156    ]), 0.7854, 1.0]
[6, array([ 0.543 , -0.0141]), array([ 0.53853333, -0.0156    ]), 0.7854, 1.0]
[6, array([ 0.543 , -0.0141]), array([ 0.53868095, -0.0156    ]), 0.7854, 1.0]
[6, array([ 0.543 , -0.0141]), array([ 0.53882857, -0.0156    ]), 0.7854, 1.0]
[6, array([ 0.543 , -0.0141]), array([ 0.53897619, -0.0156    ]), 0.7854, 1.0]
[6, array([ 0.543 , -0.0141]), array([ 0.53912381, -0.0156    ]), 0.7854, 1.0]
[6, array([ 0.543 , -0.0141]), array([ 0.53927143, -0.0156    ]), 0.7854, 1.0]
[6, array([ 0.543 , -0.0141]), array([ 0.53941905, -0.0156    ]), 0.7854, 1.0]
[6, array([ 0.543 , -0.0141]), array([ 0.53956667, -0.0156    ]), 0.7854, 1.0]
[6, array([ 0.543 , -0.0141]), array([ 0.53971429, -0.0156    ]), 0.7854, 1.0]
[6, array([ 0.543 , -0.0141]), array([ 0.5398619, -0.0156   ]), 0.7854, 1.0]
[6, array([ 0.543 , -0.0141]), array([ 0.54000952, -0.0156    ]), 0.7854, 1.0]
[6, array([ 0.543 , -0.0141]), array([ 0.54015714, -0.0156    ]), 0.7854, 1.0]
[6, array([ 0.543 , -0.0141]), array([ 0.54030476, -0.0156    ]), 0.7854, 1.0]
[6, array([ 0.543 , -0.0141]), array([ 0.54045238, -0.0156    ]), 0.7854, 1.0]
[6, array([ 0.543 , -0.0141]), array([ 0.5406, -0.0156]), 0.7854, 1.0]
[3, array([ 0.5478, -0.0191]), array([ 0.5453, -0.0219]), 0.7854, 0.0]
[3, array([ 0.5478, -0.0191]), array([ 0.54545238, -0.0219    ]), 0.7854, 0.0]
[3, array([ 0.5478, -0.0191]), array([ 0.54560476, -0.0219    ]), 0.7854, 0.0]
[3, array([ 0.5478, -0.0191]), array([ 0.54575714, -0.0219    ]), 0.7854, 0.0]
[3, array([ 0.5478, -0.0191]), array([ 0.54590952, -0.0219    ]), 0.7854, 0.0]
[3, array([ 0.5478, -0.0191]), array([ 0.5460619, -0.0219   ]), 0.7854, 0.0]
[3, array([ 0.5478, -0.0191]), array([ 0.54621429, -0.0219    ]), 0.7854, 0.0]
[3, array([ 0.5478, -0.0191]), array([ 0.54636667, -0.0219    ]), 0.7854, 0.0]
[3, array([ 0.5478, -0.0191]), array([ 0.54651905, -0.0219    ]), 0.7854, 0.0]
[3, array([ 0.5478, -0.0191]), array([ 0.54667143, -0.0219    ]), 0.7854, 0.0]
[3, array([ 0.5478, -0.0191]), array([ 0.54682381, -0.0219    ]), 0.7854, 0.0]
[3, array([ 0.5478, -0.0191]), array([ 0.54697619, -0.0219    ]), 0.7854, 0.0]
[3, array([ 0.5478, -0.0191]), array([ 0.54712857, -0.0219    ]), 0.7854, 0.0]
[3, array([ 0.5478, -0.0191]), array([ 0.54728095, -0.0219    ]), 0.7854, 0.0]
[3, array([ 0.5478, -0.0191]), array([ 0.54743333, -0.0219    ]), 0.7854, 0.0]
[3, array([ 0.5478, -0.0191]), array([ 0.54758571, -0.0219    ]), 0.7854, 0.0]
[3, array([ 0.5478, -0.0191]), array([ 0.5477381, -0.0219   ]), 0.7854, 0.0]
[3, array([ 0.5478, -0.0191]), array([ 0.54789048, -0.0219    ]), 0.7854, 0.0]
[3, array([ 0.5478, -0.0191]), array([ 0.54804286, -0.0219    ]), 0.7854, 0.0]
[3, array([ 0.5478, -0.0191]), array([ 0.54819524, -0.0219    ]), 0.7854, 1.0]
[3, array([ 0.5478, -0.0191]), array([ 0.54834762, -0.0219    ]), 0.7854, 1.0]
[3, array([ 0.5478, -0.0191]), array([ 0.5485, -0.0219]), 0.7854, 1.0]
[3, array([ 0.5478, -0.0191]), array([ 0.5453    , -0.02174762]), 0.7854, 0.0]
[3, array([ 0.5478, -0.0191]), array([ 0.54545238, -0.02174762]), 0.7854, 0.0]
[3, array([ 0.5478, -0.0191]), array([ 0.54560476, -0.02174762]), 0.7854, 0.0]
[3, array([ 0.5478, -0.0191]), array([ 0.54575714, -0.02174762]), 0.7854, 0.0]
[3, array([ 0.5478, -0.0191]), array([ 0.54590952, -0.02174762]), 0.7854, 0.0]
[3, array([ 0.5478, -0.0191]), array([ 0.5460619 , -0.02174762]), 0.7854, 0.0]
[3, array([ 0.5478, -0.0191]), array([ 0.54621429, -0.02174762]), 0.7854, 0.0]
[3, array([ 0.5478, -0.0191]), array([ 0.54636667, -0.02174762]), 0.7854, 0.0]
[3, array([ 0.5478, -0.0191]), array([ 0.54651905, -0.02174762]), 0.7854, 0.0]
[3, array([ 0.5478, -0.0191]), array([ 0.54667143, -0.02174762]), 0.7854, 0.0]
[3, array([ 0.5478, -0.0191]), array([ 0.54682381, -0.02174762]), 0.7854, 0.0]
[3, array([ 0.5478, -0.0191]), array([ 0.54697619, -0.02174762]), 0.7854, 0.0]
[3, array([ 0.5478, -0.0191]), array([ 0.54712857, -0.02174762]), 0.7854, 0.0]
[3, array([ 0.5478, -0.0191]), array([ 0.54728095, -0.02174762]), 0.7854, 0.0]
[3, array([ 0.5478, -0.0191]), array([ 0.54743333, -0.02174762]), 0.7854, 0.0]
[3, array([ 0.5478, -0.0191]), array([ 0.54758571, -0.02174762]), 0.7854, 0.0]
[3, array([ 0.5478, -0.0191]), array([ 0.5477381 , -0.02174762]), 0.7854, 0.0]
[3, array([ 0.5478, -0.0191]), array([ 0.54789048, -0.02174762]), 0.7854, 0.0]
[3, array([ 0.5478, -0.0191]), array([ 0.54804286, -0.02174762]), 0.7854, 0.0]
[3, array([ 0.5478, -0.0191]), array([ 0.54819524, -0.02174762]), 0.7854, 1.0]
[3, array([ 0.5478, -0.0191]), array([ 0.54834762, -0.02174762]), 0.7854, 1.0]
[3, array([ 0.5478, -0.0191]), array([ 0.5485    , -0.02174762]), 0.7854, 0.0]
[3, array([ 0.5478, -0.0191]), array([ 0.5453    , -0.02159524]), 0.7854, 0.0]
[3, array([ 0.5478, -0.0191]), array([ 0.54545238, -0.02159524]), 0.7854, 0.0]
[3, array([ 0.5478, -0.0191]), array([ 0.54560476, -0.02159524]), 0.7854, 0.0]
[3, array([ 0.5478, -0.0191]), array([ 0.54575714, -0.02159524]), 0.7854, 0.0]
[3, array([ 0.5478, -0.0191]), array([ 0.54590952, -0.02159524]), 0.7854, 0.0]
[3, array([ 0.5478, -0.0191]), array([ 0.5460619 , -0.02159524]), 0.7854, 0.0]
[3, array([ 0.5478, -0.0191]), array([ 0.54621429, -0.02159524]), 0.7854, 0.0]
[3, array([ 0.5478, -0.0191]), array([ 0.54636667, -0.02159524]), 0.7854, 0.0]
[3, array([ 0.5478, -0.0191]), array([ 0.54651905, -0.02159524]), 0.7854, 0.0]
[3, array([ 0.5478, -0.0191]), array([ 0.54667143, -0.02159524]), 0.7854, 0.0]
[3, array([ 0.5478, -0.0191]), array([ 0.54682381, -0.02159524]), 0.7854, 0.0]
[3, array([ 0.5478, -0.0191]), array([ 0.54697619, -0.02159524]), 0.7854, 0.0]
[3, array([ 0.5478, -0.0191]), array([ 0.54712857, -0.02159524]), 0.7854, 0.0]
[3, array([ 0.5478, -0.0191]), array([ 0.54728095, -0.02159524]), 0.7854, 0.0]
[3, array([ 0.5478, -0.0191]), array([ 0.54743333, -0.02159524]), 0.7854, 0.0]
[3, array([ 0.5478, -0.0191]), array([ 0.54758571, -0.02159524]), 0.7854, 0.0]
[3, array([ 0.5478, -0.0191]), array([ 0.5477381 , -0.02159524]), 0.7854, 0.0]
[3, array([ 0.5478, -0.0191]), array([ 0.54789048, -0.02159524]), 0.7854, 0.0]
[3, array([ 0.5478, -0.0191]), array([ 0.54804286, -0.02159524]), 0.7854, 0.0]
[3, array([ 0.5478, -0.0191]), array([ 0.54819524, -0.02159524]), 0.7854, 1.0]
[3, array([ 0.5478, -0.0191]), array([ 0.54834762, -0.02159524]), 0.7854, 1.0]
[3, array([ 0.5478, -0.0191]), array([ 0.5485    , -0.02159524]), 0.7854, 1.0]
[3, array([ 0.5478, -0.0191]), array([ 0.5453    , -0.02144286]), 0.7854, 0.0]
[3, array([ 0.5478, -0.0191]), array([ 0.54545238, -0.02144286]), 0.7854, 0.0]
[3, array([ 0.5478, -0.0191]), array([ 0.54560476, -0.02144286]), 0.7854, 0.0]
[3, array([ 0.5478, -0.0191]), array([ 0.54575714, -0.02144286]), 0.7854, 0.0]
[3, array([ 0.5478, -0.0191]), array([ 0.54590952, -0.02144286]), 0.7854, 0.0]
[3, array([ 0.5478, -0.0191]), array([ 0.5460619 , -0.02144286]), 0.7854, 0.0]
[3, array([ 0.5478, -0.0191]), array([ 0.54621429, -0.02144286]), 0.7854, 0.0]
[3, array([ 0.5478, -0.0191]), array([ 0.54636667, -0.02144286]), 0.7854, 0.0]
[3, array([ 0.5478, -0.0191]), array([ 0.54651905, -0.02144286]), 0.7854, 0.0]
[3, array([ 0.5478, -0.0191]), array([ 0.54667143, -0.02144286]), 0.7854, 0.0]
[3, array([ 0.5478, -0.0191]), array([ 0.54682381, -0.02144286]), 0.7854, 0.0]
[3, array([ 0.5478, -0.0191]), array([ 0.54697619, -0.02144286]), 0.7854, 0.0]
[3, array([ 0.5478, -0.0191]), array([ 0.54712857, -0.02144286]), 0.7854, 0.0]
[3, array([ 0.5478, -0.0191]), array([ 0.54728095, -0.02144286]), 0.7854, 0.0]
[3, array([ 0.5478, -0.0191]), array([ 0.54743333, -0.02144286]), 0.7854, 0.0]
[3, array([ 0.5478, -0.0191]), array([ 0.54758571, -0.02144286]), 0.7854, 0.0]
[3, array([ 0.5478, -0.0191]), array([ 0.5477381 , -0.02144286]), 0.7854, 0.0]
[3, array([ 0.5478, -0.0191]), array([ 0.54789048, -0.02144286]), 0.7854, 0.0]
[3, array([ 0.5478, -0.0191]), array([ 0.54804286, -0.02144286]), 0.7854, 0.0]
[3, array([ 0.5478, -0.0191]), array([ 0.54819524, -0.02144286]), 0.7854, 0.0]
[3, array([ 0.5478, -0.0191]), array([ 0.54834762, -0.02144286]), 0.7854, 1.0]
[3, array([ 0.5478, -0.0191]), array([ 0.5485    , -0.02144286]), 0.7854, 0.0]
[3, array([ 0.5478, -0.0191]), array([ 0.5453    , -0.02129048]), 0.7854, 0.0]
[3, array([ 0.5478, -0.0191]), array([ 0.54545238, -0.02129048]), 0.7854, 0.0]
[3, array([ 0.5478, -0.0191]), array([ 0.54560476, -0.02129048]), 0.7854, 0.0]
[3, array([ 0.5478, -0.0191]), array([ 0.54575714, -0.02129048]), 0.7854, 0.0]
[3, array([ 0.5478, -0.0191]), array([ 0.54590952, -0.02129048]), 0.7854, 0.0]
[3, array([ 0.5478, -0.0191]), array([ 0.5460619 , -0.02129048]), 0.7854, 0.0]
[3, array([ 0.5478, -0.0191]), array([ 0.54621429, -0.02129048]), 0.7854, 0.0]
[3, array([ 0.5478, -0.0191]), array([ 0.54636667, -0.02129048]), 0.7854, 0.0]
[3, array([ 0.5478, -0.0191]), array([ 0.54651905, -0.02129048]), 0.7854, 1.0]
[3, array([ 0.5478, -0.0191]), array([ 0.54667143, -0.02129048]), 0.7854, 0.0]
[3, array([ 0.5478, -0.0191]), array([ 0.54682381, -0.02129048]), 0.7854, 0.0]
[3, array([ 0.5478, -0.0191]), array([ 0.54697619, -0.02129048]), 0.7854, 0.0]
[3, array([ 0.5478, -0.0191]), array([ 0.54712857, -0.02129048]), 0.7854, 0.0]
[3, array([ 0.5478, -0.0191]), array([ 0.54728095, -0.02129048]), 0.7854, 0.0]
[3, array([ 0.5478, -0.0191]), array([ 0.54743333, -0.02129048]), 0.7854, 0.0]
[3, array([ 0.5478, -0.0191]), array([ 0.54758571, -0.02129048]), 0.7854, 0.0]
[3, array([ 0.5478, -0.0191]), array([ 0.5477381 , -0.02129048]), 0.7854, 0.0]
[3, array([ 0.5478, -0.0191]), array([ 0.54789048, -0.02129048]), 0.7854, 0.0]
[3, array([ 0.5478, -0.0191]), array([ 0.54804286, -0.02129048]), 0.7854, 0.0]
[3, array([ 0.5478, -0.0191]), array([ 0.54819524, -0.02129048]), 0.7854, 0.0]
[3, array([ 0.5478, -0.0191]), array([ 0.54834762, -0.02129048]), 0.7854, 0.0]
[3, array([ 0.5478, -0.0191]), array([ 0.5485    , -0.02129048]), 0.7854, 0.0]
[3, array([ 0.5478, -0.0191]), array([ 0.5453   , -0.0211381]), 0.7854, 0.0]
[3, array([ 0.5478, -0.0191]), array([ 0.54545238, -0.0211381 ]), 0.7854, 0.0]
[3, array([ 0.5478, -0.0191]), array([ 0.54560476, -0.0211381 ]), 0.7854, 0.0]
[3, array([ 0.5478, -0.0191]), array([ 0.54575714, -0.0211381 ]), 0.7854, 0.0]
[3, array([ 0.5478, -0.0191]), array([ 0.54590952, -0.0211381 ]), 0.7854, 0.0]
[3, array([ 0.5478, -0.0191]), array([ 0.5460619, -0.0211381]), 0.7854, 0.0]
[3, array([ 0.5478, -0.0191]), array([ 0.54621429, -0.0211381 ]), 0.7854, 0.0]
[3, array([ 0.5478, -0.0191]), array([ 0.54636667, -0.0211381 ]), 0.7854, 0.0]
[3, array([ 0.5478, -0.0191]), array([ 0.54651905, -0.0211381 ]), 0.7854, 0.0]
[3, array([ 0.5478, -0.0191]), array([ 0.54667143, -0.0211381 ]), 0.7854, 0.0]
[3, array([ 0.5478, -0.0191]), array([ 0.54682381, -0.0211381 ]), 0.7854, 1.0]
[3, array([ 0.5478, -0.0191]), array([ 0.54697619, -0.0211381 ]), 0.7854, 0.0]
[3, array([ 0.5478, -0.0191]), array([ 0.54712857, -0.0211381 ]), 0.7854, 0.0]
[3, array([ 0.5478, -0.0191]), array([ 0.54728095, -0.0211381 ]), 0.7854, 0.0]
[3, array([ 0.5478, -0.0191]), array([ 0.54743333, -0.0211381 ]), 0.7854, 0.0]
[3, array([ 0.5478, -0.0191]), array([ 0.54758571, -0.0211381 ]), 0.7854, 0.0]
[3, array([ 0.5478, -0.0191]), array([ 0.5477381, -0.0211381]), 0.7854, 0.0]
[3, array([ 0.5478, -0.0191]), array([ 0.54789048, -0.0211381 ]), 0.7854, 0.0]
[3, array([ 0.5478, -0.0191]), array([ 0.54804286, -0.0211381 ]), 0.7854, 0.0]
[3, array([ 0.5478, -0.0191]), array([ 0.54819524, -0.0211381 ]), 0.7854, 0.0]
[3, array([ 0.5478, -0.0191]), array([ 0.54834762, -0.0211381 ]), 0.7854, 0.0]
[3, array([ 0.5478, -0.0191]), array([ 0.5485   , -0.0211381]), 0.7854, 0.0]
[3, array([ 0.5478, -0.0191]), array([ 0.5453    , -0.02098571]), 0.7854, 0.0]
[3, array([ 0.5478, -0.0191]), array([ 0.54545238, -0.02098571]), 0.7854, 0.0]
[3, array([ 0.5478, -0.0191]), array([ 0.54560476, -0.02098571]), 0.7854, 0.0]
[3, array([ 0.5478, -0.0191]), array([ 0.54575714, -0.02098571]), 0.7854, 0.0]
[3, array([ 0.5478, -0.0191]), array([ 0.54590952, -0.02098571]), 0.7854, 1.0]
[3, array([ 0.5478, -0.0191]), array([ 0.5460619 , -0.02098571]), 0.7854, 1.0]
[3, array([ 0.5478, -0.0191]), array([ 0.54621429, -0.02098571]), 0.7854, 0.0]
[3, array([ 0.5478, -0.0191]), array([ 0.54636667, -0.02098571]), 0.7854, 0.0]
[3, array([ 0.5478, -0.0191]), array([ 0.54651905, -0.02098571]), 0.7854, 0.0]
[3, array([ 0.5478, -0.0191]), array([ 0.54667143, -0.02098571]), 0.7854, 1.0]
[3, array([ 0.5478, -0.0191]), array([ 0.54682381, -0.02098571]), 0.7854, 0.0]
[3, array([ 0.5478, -0.0191]), array([ 0.54697619, -0.02098571]), 0.7854, 1.0]
[3, array([ 0.5478, -0.0191]), array([ 0.54712857, -0.02098571]), 0.7854, 0.0]
[3, array([ 0.5478, -0.0191]), array([ 0.54728095, -0.02098571]), 0.7854, 0.0]
[3, array([ 0.5478, -0.0191]), array([ 0.54743333, -0.02098571]), 0.7854, 0.0]
[3, array([ 0.5478, -0.0191]), array([ 0.54758571, -0.02098571]), 0.7854, 0.0]
[3, array([ 0.5478, -0.0191]), array([ 0.5477381 , -0.02098571]), 0.7854, 0.0]
[3, array([ 0.5478, -0.0191]), array([ 0.54789048, -0.02098571]), 0.7854, 0.0]
[3, array([ 0.5478, -0.0191]), array([ 0.54804286, -0.02098571]), 0.7854, 0.0]
[3, array([ 0.5478, -0.0191]), array([ 0.54819524, -0.02098571]), 0.7854, 0.0]
[3, array([ 0.5478, -0.0191]), array([ 0.54834762, -0.02098571]), 0.7854, 0.0]
[3, array([ 0.5478, -0.0191]), array([ 0.5485    , -0.02098571]), 0.7854, 0.0]
[3, array([ 0.5478, -0.0191]), array([ 0.5453    , -0.02083333]), 0.7854, 0.0]
[3, array([ 0.5478, -0.0191]), array([ 0.54545238, -0.02083333]), 0.7854, 0.0]
[3, array([ 0.5478, -0.0191]), array([ 0.54560476, -0.02083333]), 0.7854, 0.0]
[3, array([ 0.5478, -0.0191]), array([ 0.54575714, -0.02083333]), 0.7854, 0.0]
[3, array([ 0.5478, -0.0191]), array([ 0.54590952, -0.02083333]), 0.7854, 1.0]
[3, array([ 0.5478, -0.0191]), array([ 0.5460619 , -0.02083333]), 0.7854, 0.0]
[3, array([ 0.5478, -0.0191]), array([ 0.54621429, -0.02083333]), 0.7854, 0.0]
[3, array([ 0.5478, -0.0191]), array([ 0.54636667, -0.02083333]), 0.7854, 0.0]
[3, array([ 0.5478, -0.0191]), array([ 0.54651905, -0.02083333]), 0.7854, 0.0]
[3, array([ 0.5478, -0.0191]), array([ 0.54667143, -0.02083333]), 0.7854, 1.0]
[3, array([ 0.5478, -0.0191]), array([ 0.54682381, -0.02083333]), 0.7854, 0.0]
[3, array([ 0.5478, -0.0191]), array([ 0.54697619, -0.02083333]), 0.7854, 1.0]
[3, array([ 0.5478, -0.0191]), array([ 0.54712857, -0.02083333]), 0.7854, 0.0]
[3, array([ 0.5478, -0.0191]), array([ 0.54728095, -0.02083333]), 0.7854, 0.0]
[3, array([ 0.5478, -0.0191]), array([ 0.54743333, -0.02083333]), 0.7854, 0.0]
[3, array([ 0.5478, -0.0191]), array([ 0.54758571, -0.02083333]), 0.7854, 0.0]
[3, array([ 0.5478, -0.0191]), array([ 0.5477381 , -0.02083333]), 0.7854, 0.0]
[3, array([ 0.5478, -0.0191]), array([ 0.54789048, -0.02083333]), 0.7854, 0.0]
[3, array([ 0.5478, -0.0191]), array([ 0.54804286, -0.02083333]), 0.7854, 0.0]
[3, array([ 0.5478, -0.0191]), array([ 0.54819524, -0.02083333]), 0.7854, 0.0]
[3, array([ 0.5478, -0.0191]), array([ 0.54834762, -0.02083333]), 0.7854, 0.0]
[3, array([ 0.5478, -0.0191]), array([ 0.5485    , -0.02083333]), 0.7854, 0.0]
[3, array([ 0.5478, -0.0191]), array([ 0.5453    , -0.02068095]), 0.7854, 0.0]
[3, array([ 0.5478, -0.0191]), array([ 0.54545238, -0.02068095]), 0.7854, 0.0]
[3, array([ 0.5478, -0.0191]), array([ 0.54560476, -0.02068095]), 0.7854, 0.0]
[3, array([ 0.5478, -0.0191]), array([ 0.54575714, -0.02068095]), 0.7854, 1.0]
[3, array([ 0.5478, -0.0191]), array([ 0.54590952, -0.02068095]), 0.7854, 1.0]
[3, array([ 0.5478, -0.0191]), array([ 0.5460619 , -0.02068095]), 0.7854, 0.0]
[3, array([ 0.5478, -0.0191]), array([ 0.54621429, -0.02068095]), 0.7854, 0.0]
[3, array([ 0.5478, -0.0191]), array([ 0.54636667, -0.02068095]), 0.7854, 0.0]
[3, array([ 0.5478, -0.0191]), array([ 0.54651905, -0.02068095]), 0.7854, 0.0]
[3, array([ 0.5478, -0.0191]), array([ 0.54667143, -0.02068095]), 0.7854, 0.0]
[3, array([ 0.5478, -0.0191]), array([ 0.54682381, -0.02068095]), 0.7854, 0.0]
[3, array([ 0.5478, -0.0191]), array([ 0.54697619, -0.02068095]), 0.7854, 0.0]
[3, array([ 0.5478, -0.0191]), array([ 0.54712857, -0.02068095]), 0.7854, 0.0]
[3, array([ 0.5478, -0.0191]), array([ 0.54728095, -0.02068095]), 0.7854, 0.0]
[3, array([ 0.5478, -0.0191]), array([ 0.54743333, -0.02068095]), 0.7854, 0.0]
[3, array([ 0.5478, -0.0191]), array([ 0.54758571, -0.02068095]), 0.7854, 0.0]
[3, array([ 0.5478, -0.0191]), array([ 0.5477381 , -0.02068095]), 0.7854, 0.0]
[3, array([ 0.5478, -0.0191]), array([ 0.54789048, -0.02068095]), 0.7854, 0.0]
[3, array([ 0.5478, -0.0191]), array([ 0.54804286, -0.02068095]), 0.7854, 0.0]
[3, array([ 0.5478, -0.0191]), array([ 0.54819524, -0.02068095]), 0.7854, 0.0]
[3, array([ 0.5478, -0.0191]), array([ 0.54834762, -0.02068095]), 0.7854, 0.0]
[3, array([ 0.5478, -0.0191]), array([ 0.5485    , -0.02068095]), 0.7854, 0.0]
[3, array([ 0.5478, -0.0191]), array([ 0.5453    , -0.02052857]), 0.7854, 0.0]
[3, array([ 0.5478, -0.0191]), array([ 0.54545238, -0.02052857]), 0.7854, 0.0]
[3, array([ 0.5478, -0.0191]), array([ 0.54560476, -0.02052857]), 0.7854, 0.0]
[3, array([ 0.5478, -0.0191]), array([ 0.54575714, -0.02052857]), 0.7854, 1.0]
[3, array([ 0.5478, -0.0191]), array([ 0.54590952, -0.02052857]), 0.7854, 0.0]
[3, array([ 0.5478, -0.0191]), array([ 0.5460619 , -0.02052857]), 0.7854, 0.0]
[3, array([ 0.5478, -0.0191]), array([ 0.54621429, -0.02052857]), 0.7854, 0.0]
[3, array([ 0.5478, -0.0191]), array([ 0.54636667, -0.02052857]), 0.7854, 0.0]
[3, array([ 0.5478, -0.0191]), array([ 0.54651905, -0.02052857]), 0.7854, 0.0]
[3, array([ 0.5478, -0.0191]), array([ 0.54667143, -0.02052857]), 0.7854, 0.0]
[3, array([ 0.5478, -0.0191]), array([ 0.54682381, -0.02052857]), 0.7854, 0.0]
[3, array([ 0.5478, -0.0191]), array([ 0.54697619, -0.02052857]), 0.7854, 0.0]
[3, array([ 0.5478, -0.0191]), array([ 0.54712857, -0.02052857]), 0.7854, 0.0]
[3, array([ 0.5478, -0.0191]), array([ 0.54728095, -0.02052857]), 0.7854, 0.0]
[3, array([ 0.5478, -0.0191]), array([ 0.54743333, -0.02052857]), 0.7854, 0.0]
[3, array([ 0.5478, -0.0191]), array([ 0.54758571, -0.02052857]), 0.7854, 0.0]
[3, array([ 0.5478, -0.0191]), array([ 0.5477381 , -0.02052857]), 0.7854, 0.0]
[3, array([ 0.5478, -0.0191]), array([ 0.54789048, -0.02052857]), 0.7854, 0.0]
[3, array([ 0.5478, -0.0191]), array([ 0.54804286, -0.02052857]), 0.7854, 0.0]
[3, array([ 0.5478, -0.0191]), array([ 0.54819524, -0.02052857]), 0.7854, 0.0]
[3, array([ 0.5478, -0.0191]), array([ 0.54834762, -0.02052857]), 0.7854, 0.0]
[3, array([ 0.5478, -0.0191]), array([ 0.5485    , -0.02052857]), 0.7854, 0.0]
[3, array([ 0.5478, -0.0191]), array([ 0.5453    , -0.02037619]), 0.7854, 0.0]
[3, array([ 0.5478, -0.0191]), array([ 0.54545238, -0.02037619]), 0.7854, 0.0]
[3, array([ 0.5478, -0.0191]), array([ 0.54560476, -0.02037619]), 0.7854, 0.0]
[3, array([ 0.5478, -0.0191]), array([ 0.54575714, -0.02037619]), 0.7854, 0.0]
[3, array([ 0.5478, -0.0191]), array([ 0.54590952, -0.02037619]), 0.7854, 0.0]
[3, array([ 0.5478, -0.0191]), array([ 0.5460619 , -0.02037619]), 0.7854, 0.0]
[3, array([ 0.5478, -0.0191]), array([ 0.54621429, -0.02037619]), 0.7854, 0.0]
[3, array([ 0.5478, -0.0191]), array([ 0.54636667, -0.02037619]), 0.7854, 0.0]
[3, array([ 0.5478, -0.0191]), array([ 0.54651905, -0.02037619]), 0.7854, 0.0]
[3, array([ 0.5478, -0.0191]), array([ 0.54667143, -0.02037619]), 0.7854, 0.0]
[3, array([ 0.5478, -0.0191]), array([ 0.54682381, -0.02037619]), 0.7854, 0.0]
[3, array([ 0.5478, -0.0191]), array([ 0.54697619, -0.02037619]), 0.7854, 0.0]
[3, array([ 0.5478, -0.0191]), array([ 0.54712857, -0.02037619]), 0.7854, 0.0]
[3, array([ 0.5478, -0.0191]), array([ 0.54728095, -0.02037619]), 0.7854, 0.0]
[3, array([ 0.5478, -0.0191]), array([ 0.54743333, -0.02037619]), 0.7854, 0.0]
[3, array([ 0.5478, -0.0191]), array([ 0.54758571, -0.02037619]), 0.7854, 0.0]
[3, array([ 0.5478, -0.0191]), array([ 0.5477381 , -0.02037619]), 0.7854, 0.0]
[3, array([ 0.5478, -0.0191]), array([ 0.54789048, -0.02037619]), 0.7854, 0.0]
[3, array([ 0.5478, -0.0191]), array([ 0.54804286, -0.02037619]), 0.7854, 0.0]
[3, array([ 0.5478, -0.0191]), array([ 0.54819524, -0.02037619]), 0.7854, 0.0]
[3, array([ 0.5478, -0.0191]), array([ 0.54834762, -0.02037619]), 0.7854, 0.0]
[3, array([ 0.5478, -0.0191]), array([ 0.5485    , -0.02037619]), 0.7854, 0.0]
[3, array([ 0.5478, -0.0191]), array([ 0.5453    , -0.02022381]), 0.7854, 0.0]
[3, array([ 0.5478, -0.0191]), array([ 0.54545238, -0.02022381]), 0.7854, 0.0]
[3, array([ 0.5478, -0.0191]), array([ 0.54560476, -0.02022381]), 0.7854, 0.0]
[3, array([ 0.5478, -0.0191]), array([ 0.54575714, -0.02022381]), 0.7854, 0.0]
[3, array([ 0.5478, -0.0191]), array([ 0.54590952, -0.02022381]), 0.7854, 0.0]
[3, array([ 0.5478, -0.0191]), array([ 0.5460619 , -0.02022381]), 0.7854, 0.0]
[3, array([ 0.5478, -0.0191]), array([ 0.54621429, -0.02022381]), 0.7854, 0.0]
[3, array([ 0.5478, -0.0191]), array([ 0.54636667, -0.02022381]), 0.7854, 0.0]
[3, array([ 0.5478, -0.0191]), array([ 0.54651905, -0.02022381]), 0.7854, 0.0]
[3, array([ 0.5478, -0.0191]), array([ 0.54667143, -0.02022381]), 0.7854, 0.0]
[3, array([ 0.5478, -0.0191]), array([ 0.54682381, -0.02022381]), 0.7854, 1.0]
[3, array([ 0.5478, -0.0191]), array([ 0.54697619, -0.02022381]), 0.7854, 0.0]
[3, array([ 0.5478, -0.0191]), array([ 0.54712857, -0.02022381]), 0.7854, 0.0]
[3, array([ 0.5478, -0.0191]), array([ 0.54728095, -0.02022381]), 0.7854, 0.0]
[3, array([ 0.5478, -0.0191]), array([ 0.54743333, -0.02022381]), 0.7854, 0.0]
[3, array([ 0.5478, -0.0191]), array([ 0.54758571, -0.02022381]), 0.7854, 0.0]
[3, array([ 0.5478, -0.0191]), array([ 0.5477381 , -0.02022381]), 0.7854, 0.0]
[3, array([ 0.5478, -0.0191]), array([ 0.54789048, -0.02022381]), 0.7854, 0.0]
[3, array([ 0.5478, -0.0191]), array([ 0.54804286, -0.02022381]), 0.7854, 0.0]
[3, array([ 0.5478, -0.0191]), array([ 0.54819524, -0.02022381]), 0.7854, 0.0]
[3, array([ 0.5478, -0.0191]), array([ 0.54834762, -0.02022381]), 0.7854, 0.0]
[3, array([ 0.5478, -0.0191]), array([ 0.5485    , -0.02022381]), 0.7854, 0.0]
[3, array([ 0.5478, -0.0191]), array([ 0.5453    , -0.02007143]), 0.7854, 0.0]
[3, array([ 0.5478, -0.0191]), array([ 0.54545238, -0.02007143]), 0.7854, 0.0]
[3, array([ 0.5478, -0.0191]), array([ 0.54560476, -0.02007143]), 0.7854, 0.0]
[3, array([ 0.5478, -0.0191]), array([ 0.54575714, -0.02007143]), 0.7854, 0.0]
[3, array([ 0.5478, -0.0191]), array([ 0.54590952, -0.02007143]), 0.7854, 0.0]
[3, array([ 0.5478, -0.0191]), array([ 0.5460619 , -0.02007143]), 0.7854, 0.0]
[3, array([ 0.5478, -0.0191]), array([ 0.54621429, -0.02007143]), 0.7854, 0.0]
[3, array([ 0.5478, -0.0191]), array([ 0.54636667, -0.02007143]), 0.7854, 0.0]
[3, array([ 0.5478, -0.0191]), array([ 0.54651905, -0.02007143]), 0.7854, 0.0]
[3, array([ 0.5478, -0.0191]), array([ 0.54667143, -0.02007143]), 0.7854, 1.0]
[3, array([ 0.5478, -0.0191]), array([ 0.54682381, -0.02007143]), 0.7854, 1.0]
[3, array([ 0.5478, -0.0191]), array([ 0.54697619, -0.02007143]), 0.7854, 1.0]
[3, array([ 0.5478, -0.0191]), array([ 0.54712857, -0.02007143]), 0.7854, 0.0]
[3, array([ 0.5478, -0.0191]), array([ 0.54728095, -0.02007143]), 0.7854, 0.0]
[3, array([ 0.5478, -0.0191]), array([ 0.54743333, -0.02007143]), 0.7854, 0.0]
[3, array([ 0.5478, -0.0191]), array([ 0.54758571, -0.02007143]), 0.7854, 0.0]
[3, array([ 0.5478, -0.0191]), array([ 0.5477381 , -0.02007143]), 0.7854, 0.0]
[3, array([ 0.5478, -0.0191]), array([ 0.54789048, -0.02007143]), 0.7854, 0.0]
[3, array([ 0.5478, -0.0191]), array([ 0.54804286, -0.02007143]), 0.7854, 0.0]
[3, array([ 0.5478, -0.0191]), array([ 0.54819524, -0.02007143]), 0.7854, 0.0]
[3, array([ 0.5478, -0.0191]), array([ 0.54834762, -0.02007143]), 0.7854, 0.0]
[3, array([ 0.5478, -0.0191]), array([ 0.5485    , -0.02007143]), 0.7854, 0.0]
[3, array([ 0.5478, -0.0191]), array([ 0.5453    , -0.01991905]), 0.7854, 0.0]
[3, array([ 0.5478, -0.0191]), array([ 0.54545238, -0.01991905]), 0.7854, 0.0]
[3, array([ 0.5478, -0.0191]), array([ 0.54560476, -0.01991905]), 0.7854, 0.0]
[3, array([ 0.5478, -0.0191]), array([ 0.54575714, -0.01991905]), 0.7854, 0.0]
[3, array([ 0.5478, -0.0191]), array([ 0.54590952, -0.01991905]), 0.7854, 0.0]
[3, array([ 0.5478, -0.0191]), array([ 0.5460619 , -0.01991905]), 0.7854, 0.0]
[3, array([ 0.5478, -0.0191]), array([ 0.54621429, -0.01991905]), 0.7854, 0.0]
[3, array([ 0.5478, -0.0191]), array([ 0.54636667, -0.01991905]), 0.7854, 0.0]
[3, array([ 0.5478, -0.0191]), array([ 0.54651905, -0.01991905]), 0.7854, 1.0]
[3, array([ 0.5478, -0.0191]), array([ 0.54667143, -0.01991905]), 0.7854, 1.0]
[3, array([ 0.5478, -0.0191]), array([ 0.54682381, -0.01991905]), 0.7854, 1.0]
[3, array([ 0.5478, -0.0191]), array([ 0.54697619, -0.01991905]), 0.7854, 1.0]
[3, array([ 0.5478, -0.0191]), array([ 0.54712857, -0.01991905]), 0.7854, 1.0]
[3, array([ 0.5478, -0.0191]), array([ 0.54728095, -0.01991905]), 0.7854, 1.0]
[3, array([ 0.5478, -0.0191]), array([ 0.54743333, -0.01991905]), 0.7854, 0.0]
[3, array([ 0.5478, -0.0191]), array([ 0.54758571, -0.01991905]), 0.7854, 0.0]
[3, array([ 0.5478, -0.0191]), array([ 0.5477381 , -0.01991905]), 0.7854, 0.0]
[3, array([ 0.5478, -0.0191]), array([ 0.54789048, -0.01991905]), 0.7854, 0.0]
[3, array([ 0.5478, -0.0191]), array([ 0.54804286, -0.01991905]), 0.7854, 0.0]
[3, array([ 0.5478, -0.0191]), array([ 0.54819524, -0.01991905]), 0.7854, 0.0]
[3, array([ 0.5478, -0.0191]), array([ 0.54834762, -0.01991905]), 0.7854, 0.0]
[3, array([ 0.5478, -0.0191]), array([ 0.5485    , -0.01991905]), 0.7854, 0.0]
[3, array([ 0.5478, -0.0191]), array([ 0.5453    , -0.01976667]), 0.7854, 0.0]
[3, array([ 0.5478, -0.0191]), array([ 0.54545238, -0.01976667]), 0.7854, 0.0]
[3, array([ 0.5478, -0.0191]), array([ 0.54560476, -0.01976667]), 0.7854, 0.0]
[3, array([ 0.5478, -0.0191]), array([ 0.54575714, -0.01976667]), 0.7854, 0.0]
[3, array([ 0.5478, -0.0191]), array([ 0.54590952, -0.01976667]), 0.7854, 0.0]
[3, array([ 0.5478, -0.0191]), array([ 0.5460619 , -0.01976667]), 0.7854, 0.0]
[3, array([ 0.5478, -0.0191]), array([ 0.54621429, -0.01976667]), 0.7854, 0.0]
[3, array([ 0.5478, -0.0191]), array([ 0.54636667, -0.01976667]), 0.7854, 0.0]
[3, array([ 0.5478, -0.0191]), array([ 0.54651905, -0.01976667]), 0.7854, 0.0]
[3, array([ 0.5478, -0.0191]), array([ 0.54667143, -0.01976667]), 0.7854, 1.0]
[3, array([ 0.5478, -0.0191]), array([ 0.54682381, -0.01976667]), 0.7854, 1.0]
[3, array([ 0.5478, -0.0191]), array([ 0.54697619, -0.01976667]), 0.7854, 1.0]
[3, array([ 0.5478, -0.0191]), array([ 0.54712857, -0.01976667]), 0.7854, 1.0]
[3, array([ 0.5478, -0.0191]), array([ 0.54728095, -0.01976667]), 0.7854, 1.0]
[3, array([ 0.5478, -0.0191]), array([ 0.54743333, -0.01976667]), 0.7854, 1.0]
[3, array([ 0.5478, -0.0191]), array([ 0.54758571, -0.01976667]), 0.7854, 0.0]
[3, array([ 0.5478, -0.0191]), array([ 0.5477381 , -0.01976667]), 0.7854, 0.0]
[3, array([ 0.5478, -0.0191]), array([ 0.54789048, -0.01976667]), 0.7854, 0.0]
[3, array([ 0.5478, -0.0191]), array([ 0.54804286, -0.01976667]), 0.7854, 0.0]
[3, array([ 0.5478, -0.0191]), array([ 0.54819524, -0.01976667]), 0.7854, 0.0]
[3, array([ 0.5478, -0.0191]), array([ 0.54834762, -0.01976667]), 0.7854, 0.0]
[3, array([ 0.5478, -0.0191]), array([ 0.5485    , -0.01976667]), 0.7854, 0.0]
[3, array([ 0.5478, -0.0191]), array([ 0.5453    , -0.01961429]), 0.7854, 0.0]
[3, array([ 0.5478, -0.0191]), array([ 0.54545238, -0.01961429]), 0.7854, 0.0]
[3, array([ 0.5478, -0.0191]), array([ 0.54560476, -0.01961429]), 0.7854, 0.0]
[3, array([ 0.5478, -0.0191]), array([ 0.54575714, -0.01961429]), 0.7854, 0.0]
[3, array([ 0.5478, -0.0191]), array([ 0.54590952, -0.01961429]), 0.7854, 0.0]
[3, array([ 0.5478, -0.0191]), array([ 0.5460619 , -0.01961429]), 0.7854, 0.0]
[3, array([ 0.5478, -0.0191]), array([ 0.54621429, -0.01961429]), 0.7854, 0.0]
[3, array([ 0.5478, -0.0191]), array([ 0.54636667, -0.01961429]), 0.7854, 0.0]
[3, array([ 0.5478, -0.0191]), array([ 0.54651905, -0.01961429]), 0.7854, 0.0]
[3, array([ 0.5478, -0.0191]), array([ 0.54667143, -0.01961429]), 0.7854, 1.0]
[3, array([ 0.5478, -0.0191]), array([ 0.54682381, -0.01961429]), 0.7854, 1.0]
[3, array([ 0.5478, -0.0191]), array([ 0.54697619, -0.01961429]), 0.7854, 1.0]
[3, array([ 0.5478, -0.0191]), array([ 0.54712857, -0.01961429]), 0.7854, 1.0]
[3, array([ 0.5478, -0.0191]), array([ 0.54728095, -0.01961429]), 0.7854, 1.0]
[3, array([ 0.5478, -0.0191]), array([ 0.54743333, -0.01961429]), 0.7854, 0.0]
[3, array([ 0.5478, -0.0191]), array([ 0.54758571, -0.01961429]), 0.7854, 1.0]
[3, array([ 0.5478, -0.0191]), array([ 0.5477381 , -0.01961429]), 0.7854, 1.0]
[3, array([ 0.5478, -0.0191]), array([ 0.54789048, -0.01961429]), 0.7854, 0.0]
[3, array([ 0.5478, -0.0191]), array([ 0.54804286, -0.01961429]), 0.7854, 0.0]
[3, array([ 0.5478, -0.0191]), array([ 0.54819524, -0.01961429]), 0.7854, 0.0]
[3, array([ 0.5478, -0.0191]), array([ 0.54834762, -0.01961429]), 0.7854, 0.0]
[3, array([ 0.5478, -0.0191]), array([ 0.5485    , -0.01961429]), 0.7854, 0.0]
[3, array([ 0.5478, -0.0191]), array([ 0.5453   , -0.0194619]), 0.7854, 0.0]
[3, array([ 0.5478, -0.0191]), array([ 0.54545238, -0.0194619 ]), 0.7854, 0.0]
[3, array([ 0.5478, -0.0191]), array([ 0.54560476, -0.0194619 ]), 0.7854, 0.0]
[3, array([ 0.5478, -0.0191]), array([ 0.54575714, -0.0194619 ]), 0.7854, 0.0]
[3, array([ 0.5478, -0.0191]), array([ 0.54590952, -0.0194619 ]), 0.7854, 0.0]
[3, array([ 0.5478, -0.0191]), array([ 0.5460619, -0.0194619]), 0.7854, 0.0]
[3, array([ 0.5478, -0.0191]), array([ 0.54621429, -0.0194619 ]), 0.7854, 0.0]
[3, array([ 0.5478, -0.0191]), array([ 0.54636667, -0.0194619 ]), 0.7854, 0.0]
[3, array([ 0.5478, -0.0191]), array([ 0.54651905, -0.0194619 ]), 0.7854, 1.0]
[3, array([ 0.5478, -0.0191]), array([ 0.54667143, -0.0194619 ]), 0.7854, 1.0]
[3, array([ 0.5478, -0.0191]), array([ 0.54682381, -0.0194619 ]), 0.7854, 1.0]
[3, array([ 0.5478, -0.0191]), array([ 0.54697619, -0.0194619 ]), 0.7854, 1.0]
[3, array([ 0.5478, -0.0191]), array([ 0.54712857, -0.0194619 ]), 0.7854, 1.0]
[3, array([ 0.5478, -0.0191]), array([ 0.54728095, -0.0194619 ]), 0.7854, 1.0]
[3, array([ 0.5478, -0.0191]), array([ 0.54743333, -0.0194619 ]), 0.7854, 1.0]
[3, array([ 0.5478, -0.0191]), array([ 0.54758571, -0.0194619 ]), 0.7854, 1.0]
[3, array([ 0.5478, -0.0191]), array([ 0.5477381, -0.0194619]), 0.7854, 1.0]
[3, array([ 0.5478, -0.0191]), array([ 0.54789048, -0.0194619 ]), 0.7854, 0.0]
[3, array([ 0.5478, -0.0191]), array([ 0.54804286, -0.0194619 ]), 0.7854, 0.0]
[3, array([ 0.5478, -0.0191]), array([ 0.54819524, -0.0194619 ]), 0.7854, 0.0]
[3, array([ 0.5478, -0.0191]), array([ 0.54834762, -0.0194619 ]), 0.7854, 0.0]
[3, array([ 0.5478, -0.0191]), array([ 0.5485   , -0.0194619]), 0.7854, 0.0]
[3, array([ 0.5478, -0.0191]), array([ 0.5453    , -0.01930952]), 0.7854, 0.0]
[3, array([ 0.5478, -0.0191]), array([ 0.54545238, -0.01930952]), 0.7854, 0.0]
[3, array([ 0.5478, -0.0191]), array([ 0.54560476, -0.01930952]), 0.7854, 0.0]
[3, array([ 0.5478, -0.0191]), array([ 0.54575714, -0.01930952]), 0.7854, 0.0]
[3, array([ 0.5478, -0.0191]), array([ 0.54590952, -0.01930952]), 0.7854, 0.0]
[3, array([ 0.5478, -0.0191]), array([ 0.5460619 , -0.01930952]), 0.7854, 0.0]
[3, array([ 0.5478, -0.0191]), array([ 0.54621429, -0.01930952]), 0.7854, 0.0]
[3, array([ 0.5478, -0.0191]), array([ 0.54636667, -0.01930952]), 0.7854, 1.0]
[3, array([ 0.5478, -0.0191]), array([ 0.54651905, -0.01930952]), 0.7854, 1.0]
[3, array([ 0.5478, -0.0191]), array([ 0.54667143, -0.01930952]), 0.7854, 1.0]
[3, array([ 0.5478, -0.0191]), array([ 0.54682381, -0.01930952]), 0.7854, 1.0]
[3, array([ 0.5478, -0.0191]), array([ 0.54697619, -0.01930952]), 0.7854, 1.0]
[3, array([ 0.5478, -0.0191]), array([ 0.54712857, -0.01930952]), 0.7854, 1.0]
[3, array([ 0.5478, -0.0191]), array([ 0.54728095, -0.01930952]), 0.7854, 1.0]
[3, array([ 0.5478, -0.0191]), array([ 0.54743333, -0.01930952]), 0.7854, 1.0]
[3, array([ 0.5478, -0.0191]), array([ 0.54758571, -0.01930952]), 0.7854, 0.0]
[3, array([ 0.5478, -0.0191]), array([ 0.5477381 , -0.01930952]), 0.7854, 1.0]
[3, array([ 0.5478, -0.0191]), array([ 0.54789048, -0.01930952]), 0.7854, 1.0]
[3, array([ 0.5478, -0.0191]), array([ 0.54804286, -0.01930952]), 0.7854, 0.0]
[3, array([ 0.5478, -0.0191]), array([ 0.54819524, -0.01930952]), 0.7854, 0.0]
[3, array([ 0.5478, -0.0191]), array([ 0.54834762, -0.01930952]), 0.7854, 0.0]
[3, array([ 0.5478, -0.0191]), array([ 0.5485    , -0.01930952]), 0.7854, 0.0]
[3, array([ 0.5478, -0.0191]), array([ 0.5453    , -0.01915714]), 0.7854, 0.0]
[3, array([ 0.5478, -0.0191]), array([ 0.54545238, -0.01915714]), 0.7854, 0.0]
[3, array([ 0.5478, -0.0191]), array([ 0.54560476, -0.01915714]), 0.7854, 0.0]
[3, array([ 0.5478, -0.0191]), array([ 0.54575714, -0.01915714]), 0.7854, 0.0]
[3, array([ 0.5478, -0.0191]), array([ 0.54590952, -0.01915714]), 0.7854, 0.0]
[3, array([ 0.5478, -0.0191]), array([ 0.5460619 , -0.01915714]), 0.7854, 0.0]
[3, array([ 0.5478, -0.0191]), array([ 0.54621429, -0.01915714]), 0.7854, 1.0]
[3, array([ 0.5478, -0.0191]), array([ 0.54636667, -0.01915714]), 0.7854, 1.0]
[3, array([ 0.5478, -0.0191]), array([ 0.54651905, -0.01915714]), 0.7854, 1.0]
[3, array([ 0.5478, -0.0191]), array([ 0.54667143, -0.01915714]), 0.7854, 1.0]
[3, array([ 0.5478, -0.0191]), array([ 0.54682381, -0.01915714]), 0.7854, 1.0]
[3, array([ 0.5478, -0.0191]), array([ 0.54697619, -0.01915714]), 0.7854, 1.0]
[3, array([ 0.5478, -0.0191]), array([ 0.54712857, -0.01915714]), 0.7854, 1.0]
[3, array([ 0.5478, -0.0191]), array([ 0.54728095, -0.01915714]), 0.7854, 1.0]
[3, array([ 0.5478, -0.0191]), array([ 0.54743333, -0.01915714]), 0.7854, 1.0]
[3, array([ 0.5478, -0.0191]), array([ 0.54758571, -0.01915714]), 0.7854, 1.0]
[3, array([ 0.5478, -0.0191]), array([ 0.5477381 , -0.01915714]), 0.7854, 1.0]
[3, array([ 0.5478, -0.0191]), array([ 0.54789048, -0.01915714]), 0.7854, 1.0]
[3, array([ 0.5478, -0.0191]), array([ 0.54804286, -0.01915714]), 0.7854, 1.0]
[3, array([ 0.5478, -0.0191]), array([ 0.54819524, -0.01915714]), 0.7854, 0.0]
[3, array([ 0.5478, -0.0191]), array([ 0.54834762, -0.01915714]), 0.7854, 0.0]
[3, array([ 0.5478, -0.0191]), array([ 0.5485    , -0.01915714]), 0.7854, 0.0]
[3, array([ 0.5478, -0.0191]), array([ 0.5453    , -0.01900476]), 0.7854, 0.0]
[3, array([ 0.5478, -0.0191]), array([ 0.54545238, -0.01900476]), 0.7854, 0.0]
[3, array([ 0.5478, -0.0191]), array([ 0.54560476, -0.01900476]), 0.7854, 0.0]
[3, array([ 0.5478, -0.0191]), array([ 0.54575714, -0.01900476]), 0.7854, 0.0]
[3, array([ 0.5478, -0.0191]), array([ 0.54590952, -0.01900476]), 0.7854, 0.0]
[3, array([ 0.5478, -0.0191]), array([ 0.5460619 , -0.01900476]), 0.7854, 1.0]
[3, array([ 0.5478, -0.0191]), array([ 0.54621429, -0.01900476]), 0.7854, 1.0]
[3, array([ 0.5478, -0.0191]), array([ 0.54636667, -0.01900476]), 0.7854, 1.0]
[3, array([ 0.5478, -0.0191]), array([ 0.54651905, -0.01900476]), 0.7854, 1.0]
[3, array([ 0.5478, -0.0191]), array([ 0.54667143, -0.01900476]), 0.7854, 1.0]
[3, array([ 0.5478, -0.0191]), array([ 0.54682381, -0.01900476]), 0.7854, 1.0]
[3, array([ 0.5478, -0.0191]), array([ 0.54697619, -0.01900476]), 0.7854, 1.0]
[3, array([ 0.5478, -0.0191]), array([ 0.54712857, -0.01900476]), 0.7854, 1.0]
[3, array([ 0.5478, -0.0191]), array([ 0.54728095, -0.01900476]), 0.7854, 1.0]
[3, array([ 0.5478, -0.0191]), array([ 0.54743333, -0.01900476]), 0.7854, 1.0]
[3, array([ 0.5478, -0.0191]), array([ 0.54758571, -0.01900476]), 0.7854, 0.0]
[3, array([ 0.5478, -0.0191]), array([ 0.5477381 , -0.01900476]), 0.7854, 0.0]
[3, array([ 0.5478, -0.0191]), array([ 0.54789048, -0.01900476]), 0.7854, 0.0]
[3, array([ 0.5478, -0.0191]), array([ 0.54804286, -0.01900476]), 0.7854, 1.0]
[3, array([ 0.5478, -0.0191]), array([ 0.54819524, -0.01900476]), 0.7854, 0.0]
[3, array([ 0.5478, -0.0191]), array([ 0.54834762, -0.01900476]), 0.7854, 0.0]
[3, array([ 0.5478, -0.0191]), array([ 0.5485    , -0.01900476]), 0.7854, 0.0]
[3, array([ 0.5478, -0.0191]), array([ 0.5453    , -0.01885238]), 0.7854, 0.0]
[3, array([ 0.5478, -0.0191]), array([ 0.54545238, -0.01885238]), 0.7854, 0.0]
[3, array([ 0.5478, -0.0191]), array([ 0.54560476, -0.01885238]), 0.7854, 0.0]
[3, array([ 0.5478, -0.0191]), array([ 0.54575714, -0.01885238]), 0.7854, 0.0]
[3, array([ 0.5478, -0.0191]), array([ 0.54590952, -0.01885238]), 0.7854, 0.0]
[3, array([ 0.5478, -0.0191]), array([ 0.5460619 , -0.01885238]), 0.7854, 0.0]
[3, array([ 0.5478, -0.0191]), array([ 0.54621429, -0.01885238]), 0.7854, 1.0]
[3, array([ 0.5478, -0.0191]), array([ 0.54636667, -0.01885238]), 0.7854, 1.0]
[3, array([ 0.5478, -0.0191]), array([ 0.54651905, -0.01885238]), 0.7854, 1.0]
[3, array([ 0.5478, -0.0191]), array([ 0.54667143, -0.01885238]), 0.7854, 1.0]
[3, array([ 0.5478, -0.0191]), array([ 0.54682381, -0.01885238]), 0.7854, 1.0]
[3, array([ 0.5478, -0.0191]), array([ 0.54697619, -0.01885238]), 0.7854, 1.0]
[3, array([ 0.5478, -0.0191]), array([ 0.54712857, -0.01885238]), 0.7854, 1.0]
[3, array([ 0.5478, -0.0191]), array([ 0.54728095, -0.01885238]), 0.7854, 1.0]
[3, array([ 0.5478, -0.0191]), array([ 0.54743333, -0.01885238]), 0.7854, 1.0]
[3, array([ 0.5478, -0.0191]), array([ 0.54758571, -0.01885238]), 0.7854, 0.0]
[3, array([ 0.5478, -0.0191]), array([ 0.5477381 , -0.01885238]), 0.7854, 0.0]
[3, array([ 0.5478, -0.0191]), array([ 0.54789048, -0.01885238]), 0.7854, 0.0]
[3, array([ 0.5478, -0.0191]), array([ 0.54804286, -0.01885238]), 0.7854, 0.0]
[3, array([ 0.5478, -0.0191]), array([ 0.54819524, -0.01885238]), 0.7854, 1.0]
[3, array([ 0.5478, -0.0191]), array([ 0.54834762, -0.01885238]), 0.7854, 0.0]
[3, array([ 0.5478, -0.0191]), array([ 0.5485    , -0.01885238]), 0.7854, 0.0]
[3, array([ 0.5478, -0.0191]), array([ 0.5453, -0.0187]), 0.7854, 0.0]
[3, array([ 0.5478, -0.0191]), array([ 0.54545238, -0.0187    ]), 0.7854, 0.0]
[3, array([ 0.5478, -0.0191]), array([ 0.54560476, -0.0187    ]), 0.7854, 0.0]
[3, array([ 0.5478, -0.0191]), array([ 0.54575714, -0.0187    ]), 0.7854, 0.0]
[3, array([ 0.5478, -0.0191]), array([ 0.54590952, -0.0187    ]), 0.7854, 0.0]
[3, array([ 0.5478, -0.0191]), array([ 0.5460619, -0.0187   ]), 0.7854, 0.0]
[3, array([ 0.5478, -0.0191]), array([ 0.54621429, -0.0187    ]), 0.7854, 1.0]
[3, array([ 0.5478, -0.0191]), array([ 0.54636667, -0.0187    ]), 0.7854, 0.0]
[3, array([ 0.5478, -0.0191]), array([ 0.54651905, -0.0187    ]), 0.7854, 1.0]
[3, array([ 0.5478, -0.0191]), array([ 0.54667143, -0.0187    ]), 0.7854, 1.0]
[3, array([ 0.5478, -0.0191]), array([ 0.54682381, -0.0187    ]), 0.7854, 1.0]
[3, array([ 0.5478, -0.0191]), array([ 0.54697619, -0.0187    ]), 0.7854, 1.0]
[3, array([ 0.5478, -0.0191]), array([ 0.54712857, -0.0187    ]), 0.7854, 0.0]
[3, array([ 0.5478, -0.0191]), array([ 0.54728095, -0.0187    ]), 0.7854, 1.0]
[3, array([ 0.5478, -0.0191]), array([ 0.54743333, -0.0187    ]), 0.7854, 1.0]
[3, array([ 0.5478, -0.0191]), array([ 0.54758571, -0.0187    ]), 0.7854, 0.0]
[3, array([ 0.5478, -0.0191]), array([ 0.5477381, -0.0187   ]), 0.7854, 1.0]
[3, array([ 0.5478, -0.0191]), array([ 0.54789048, -0.0187    ]), 0.7854, 0.0]
[3, array([ 0.5478, -0.0191]), array([ 0.54804286, -0.0187    ]), 0.7854, 1.0]
[3, array([ 0.5478, -0.0191]), array([ 0.54819524, -0.0187    ]), 0.7854, 1.0]
[3, array([ 0.5478, -0.0191]), array([ 0.54834762, -0.0187    ]), 0.7854, 0.0]
[3, array([ 0.5478, -0.0191]), array([ 0.5485, -0.0187]), 0.7854, 1.0]
[1, array([ 0.5281, -0.032 ]), array([ 0.52495, -0.0344 ]), 0.7854, 1.0]
[1, array([ 0.5281, -0.032 ]), array([ 0.52510238, -0.0344    ]), 0.7854, 1.0]
[1, array([ 0.5281, -0.032 ]), array([ 0.52525476, -0.0344    ]), 0.7854, 1.0]
[1, array([ 0.5281, -0.032 ]), array([ 0.52540714, -0.0344    ]), 0.7854, 1.0]
[1, array([ 0.5281, -0.032 ]), array([ 0.52555952, -0.0344    ]), 0.7854, 1.0]
[1, array([ 0.5281, -0.032 ]), array([ 0.5257119, -0.0344   ]), 0.7854, 1.0]
[1, array([ 0.5281, -0.032 ]), array([ 0.52586429, -0.0344    ]), 0.7854, 1.0]
[1, array([ 0.5281, -0.032 ]), array([ 0.52601667, -0.0344    ]), 0.7854, 1.0]
[1, array([ 0.5281, -0.032 ]), array([ 0.52616905, -0.0344    ]), 0.7854, 1.0]
[1, array([ 0.5281, -0.032 ]), array([ 0.52632143, -0.0344    ]), 0.7854, 1.0]
[1, array([ 0.5281, -0.032 ]), array([ 0.52647381, -0.0344    ]), 0.7854, 1.0]
[1, array([ 0.5281, -0.032 ]), array([ 0.52662619, -0.0344    ]), 0.7854, 1.0]
[1, array([ 0.5281, -0.032 ]), array([ 0.52677857, -0.0344    ]), 0.7854, 1.0]
[1, array([ 0.5281, -0.032 ]), array([ 0.52693095, -0.0344    ]), 0.7854, 1.0]
[1, array([ 0.5281, -0.032 ]), array([ 0.52708333, -0.0344    ]), 0.7854, 1.0]
[1, array([ 0.5281, -0.032 ]), array([ 0.52723571, -0.0344    ]), 0.7854, 1.0]
[1, array([ 0.5281, -0.032 ]), array([ 0.5273881, -0.0344   ]), 0.7854, 1.0]
[1, array([ 0.5281, -0.032 ]), array([ 0.52754048, -0.0344    ]), 0.7854, 1.0]
[1, array([ 0.5281, -0.032 ]), array([ 0.52769286, -0.0344    ]), 0.7854, 1.0]
[1, array([ 0.5281, -0.032 ]), array([ 0.52784524, -0.0344    ]), 0.7854, 1.0]
[1, array([ 0.5281, -0.032 ]), array([ 0.52799762, -0.0344    ]), 0.7854, 1.0]
[1, array([ 0.5281, -0.032 ]), array([ 0.52815, -0.0344 ]), 0.7854, 1.0]
[1, array([ 0.5281, -0.032 ]), array([ 0.52495   , -0.03424762]), 0.7854, 1.0]
[1, array([ 0.5281, -0.032 ]), array([ 0.52510238, -0.03424762]), 0.7854, 1.0]
[1, array([ 0.5281, -0.032 ]), array([ 0.52525476, -0.03424762]), 0.7854, 1.0]
[1, array([ 0.5281, -0.032 ]), array([ 0.52540714, -0.03424762]), 0.7854, 1.0]
[1, array([ 0.5281, -0.032 ]), array([ 0.52555952, -0.03424762]), 0.7854, 1.0]
[1, array([ 0.5281, -0.032 ]), array([ 0.5257119 , -0.03424762]), 0.7854, 1.0]
[1, array([ 0.5281, -0.032 ]), array([ 0.52586429, -0.03424762]), 0.7854, 1.0]
[1, array([ 0.5281, -0.032 ]), array([ 0.52601667, -0.03424762]), 0.7854, 1.0]
[1, array([ 0.5281, -0.032 ]), array([ 0.52616905, -0.03424762]), 0.7854, 1.0]
[1, array([ 0.5281, -0.032 ]), array([ 0.52632143, -0.03424762]), 0.7854, 1.0]
[1, array([ 0.5281, -0.032 ]), array([ 0.52647381, -0.03424762]), 0.7854, 1.0]
[1, array([ 0.5281, -0.032 ]), array([ 0.52662619, -0.03424762]), 0.7854, 1.0]
[1, array([ 0.5281, -0.032 ]), array([ 0.52677857, -0.03424762]), 0.7854, 1.0]
[1, array([ 0.5281, -0.032 ]), array([ 0.52693095, -0.03424762]), 0.7854, 1.0]
[1, array([ 0.5281, -0.032 ]), array([ 0.52708333, -0.03424762]), 0.7854, 1.0]
[1, array([ 0.5281, -0.032 ]), array([ 0.52723571, -0.03424762]), 0.7854, 1.0]
[1, array([ 0.5281, -0.032 ]), array([ 0.5273881 , -0.03424762]), 0.7854, 1.0]
[1, array([ 0.5281, -0.032 ]), array([ 0.52754048, -0.03424762]), 0.7854, 1.0]
[1, array([ 0.5281, -0.032 ]), array([ 0.52769286, -0.03424762]), 0.7854, 1.0]
[1, array([ 0.5281, -0.032 ]), array([ 0.52784524, -0.03424762]), 0.7854, 1.0]
[1, array([ 0.5281, -0.032 ]), array([ 0.52799762, -0.03424762]), 0.7854, 1.0]
[1, array([ 0.5281, -0.032 ]), array([ 0.52815   , -0.03424762]), 0.7854, 1.0]
[1, array([ 0.5281, -0.032 ]), array([ 0.52495   , -0.03409524]), 0.7854, 1.0]
[1, array([ 0.5281, -0.032 ]), array([ 0.52510238, -0.03409524]), 0.7854, 1.0]
[1, array([ 0.5281, -0.032 ]), array([ 0.52525476, -0.03409524]), 0.7854, 1.0]
[1, array([ 0.5281, -0.032 ]), array([ 0.52540714, -0.03409524]), 0.7854, 1.0]
[1, array([ 0.5281, -0.032 ]), array([ 0.52555952, -0.03409524]), 0.7854, 1.0]
[1, array([ 0.5281, -0.032 ]), array([ 0.5257119 , -0.03409524]), 0.7854, 1.0]
[1, array([ 0.5281, -0.032 ]), array([ 0.52586429, -0.03409524]), 0.7854, 1.0]
[1, array([ 0.5281, -0.032 ]), array([ 0.52601667, -0.03409524]), 0.7854, 1.0]
[1, array([ 0.5281, -0.032 ]), array([ 0.52616905, -0.03409524]), 0.7854, 1.0]
[1, array([ 0.5281, -0.032 ]), array([ 0.52632143, -0.03409524]), 0.7854, 1.0]
[1, array([ 0.5281, -0.032 ]), array([ 0.52647381, -0.03409524]), 0.7854, 1.0]
[1, array([ 0.5281, -0.032 ]), array([ 0.52662619, -0.03409524]), 0.7854, 1.0]
[1, array([ 0.5281, -0.032 ]), array([ 0.52677857, -0.03409524]), 0.7854, 1.0]
[1, array([ 0.5281, -0.032 ]), array([ 0.52693095, -0.03409524]), 0.7854, 1.0]
[1, array([ 0.5281, -0.032 ]), array([ 0.52708333, -0.03409524]), 0.7854, 1.0]
[1, array([ 0.5281, -0.032 ]), array([ 0.52723571, -0.03409524]), 0.7854, 1.0]
[1, array([ 0.5281, -0.032 ]), array([ 0.5273881 , -0.03409524]), 0.7854, 1.0]
[1, array([ 0.5281, -0.032 ]), array([ 0.52754048, -0.03409524]), 0.7854, 1.0]
[1, array([ 0.5281, -0.032 ]), array([ 0.52769286, -0.03409524]), 0.7854, 1.0]
[1, array([ 0.5281, -0.032 ]), array([ 0.52784524, -0.03409524]), 0.7854, 1.0]
[1, array([ 0.5281, -0.032 ]), array([ 0.52799762, -0.03409524]), 0.7854, 1.0]
[1, array([ 0.5281, -0.032 ]), array([ 0.52815   , -0.03409524]), 0.7854, 1.0]
[1, array([ 0.5281, -0.032 ]), array([ 0.52495   , -0.03394286]), 0.7854, 1.0]
[1, array([ 0.5281, -0.032 ]), array([ 0.52510238, -0.03394286]), 0.7854, 1.0]
[1, array([ 0.5281, -0.032 ]), array([ 0.52525476, -0.03394286]), 0.7854, 1.0]
[1, array([ 0.5281, -0.032 ]), array([ 0.52540714, -0.03394286]), 0.7854, 1.0]
[1, array([ 0.5281, -0.032 ]), array([ 0.52555952, -0.03394286]), 0.7854, 1.0]
[1, array([ 0.5281, -0.032 ]), array([ 0.5257119 , -0.03394286]), 0.7854, 1.0]
[1, array([ 0.5281, -0.032 ]), array([ 0.52586429, -0.03394286]), 0.7854, 1.0]
[1, array([ 0.5281, -0.032 ]), array([ 0.52601667, -0.03394286]), 0.7854, 1.0]
[1, array([ 0.5281, -0.032 ]), array([ 0.52616905, -0.03394286]), 0.7854, 1.0]
[1, array([ 0.5281, -0.032 ]), array([ 0.52632143, -0.03394286]), 0.7854, 1.0]
[1, array([ 0.5281, -0.032 ]), array([ 0.52647381, -0.03394286]), 0.7854, 1.0]
[1, array([ 0.5281, -0.032 ]), array([ 0.52662619, -0.03394286]), 0.7854, 1.0]
[1, array([ 0.5281, -0.032 ]), array([ 0.52677857, -0.03394286]), 0.7854, 1.0]
[1, array([ 0.5281, -0.032 ]), array([ 0.52693095, -0.03394286]), 0.7854, 1.0]
[1, array([ 0.5281, -0.032 ]), array([ 0.52708333, -0.03394286]), 0.7854, 1.0]
[1, array([ 0.5281, -0.032 ]), array([ 0.52723571, -0.03394286]), 0.7854, 1.0]
[1, array([ 0.5281, -0.032 ]), array([ 0.5273881 , -0.03394286]), 0.7854, 1.0]
[1, array([ 0.5281, -0.032 ]), array([ 0.52754048, -0.03394286]), 0.7854, 1.0]
[1, array([ 0.5281, -0.032 ]), array([ 0.52769286, -0.03394286]), 0.7854, 1.0]
[1, array([ 0.5281, -0.032 ]), array([ 0.52784524, -0.03394286]), 0.7854, 1.0]
[1, array([ 0.5281, -0.032 ]), array([ 0.52799762, -0.03394286]), 0.7854, 1.0]
[1, array([ 0.5281, -0.032 ]), array([ 0.52815   , -0.03394286]), 0.7854, 1.0]
[1, array([ 0.5281, -0.032 ]), array([ 0.52495   , -0.03379048]), 0.7854, 1.0]
[1, array([ 0.5281, -0.032 ]), array([ 0.52510238, -0.03379048]), 0.7854, 1.0]
[1, array([ 0.5281, -0.032 ]), array([ 0.52525476, -0.03379048]), 0.7854, 1.0]
[1, array([ 0.5281, -0.032 ]), array([ 0.52540714, -0.03379048]), 0.7854, 1.0]
[1, array([ 0.5281, -0.032 ]), array([ 0.52555952, -0.03379048]), 0.7854, 1.0]
[1, array([ 0.5281, -0.032 ]), array([ 0.5257119 , -0.03379048]), 0.7854, 1.0]
[1, array([ 0.5281, -0.032 ]), array([ 0.52586429, -0.03379048]), 0.7854, 1.0]
[1, array([ 0.5281, -0.032 ]), array([ 0.52601667, -0.03379048]), 0.7854, 1.0]
[1, array([ 0.5281, -0.032 ]), array([ 0.52616905, -0.03379048]), 0.7854, 1.0]
[1, array([ 0.5281, -0.032 ]), array([ 0.52632143, -0.03379048]), 0.7854, 1.0]
[1, array([ 0.5281, -0.032 ]), array([ 0.52647381, -0.03379048]), 0.7854, 1.0]
[1, array([ 0.5281, -0.032 ]), array([ 0.52662619, -0.03379048]), 0.7854, 1.0]
[1, array([ 0.5281, -0.032 ]), array([ 0.52677857, -0.03379048]), 0.7854, 1.0]
[1, array([ 0.5281, -0.032 ]), array([ 0.52693095, -0.03379048]), 0.7854, 1.0]
[1, array([ 0.5281, -0.032 ]), array([ 0.52708333, -0.03379048]), 0.7854, 1.0]
[1, array([ 0.5281, -0.032 ]), array([ 0.52723571, -0.03379048]), 0.7854, 1.0]
[1, array([ 0.5281, -0.032 ]), array([ 0.5273881 , -0.03379048]), 0.7854, 1.0]
[1, array([ 0.5281, -0.032 ]), array([ 0.52754048, -0.03379048]), 0.7854, 1.0]
[1, array([ 0.5281, -0.032 ]), array([ 0.52769286, -0.03379048]), 0.7854, 1.0]
[1, array([ 0.5281, -0.032 ]), array([ 0.52784524, -0.03379048]), 0.7854, 1.0]
[1, array([ 0.5281, -0.032 ]), array([ 0.52799762, -0.03379048]), 0.7854, 1.0]
[1, array([ 0.5281, -0.032 ]), array([ 0.52815   , -0.03379048]), 0.7854, 1.0]
[1, array([ 0.5281, -0.032 ]), array([ 0.52495  , -0.0336381]), 0.7854, 1.0]
[1, array([ 0.5281, -0.032 ]), array([ 0.52510238, -0.0336381 ]), 0.7854, 1.0]
[1, array([ 0.5281, -0.032 ]), array([ 0.52525476, -0.0336381 ]), 0.7854, 1.0]
[1, array([ 0.5281, -0.032 ]), array([ 0.52540714, -0.0336381 ]), 0.7854, 1.0]
[1, array([ 0.5281, -0.032 ]), array([ 0.52555952, -0.0336381 ]), 0.7854, 1.0]
[1, array([ 0.5281, -0.032 ]), array([ 0.5257119, -0.0336381]), 0.7854, 1.0]
[1, array([ 0.5281, -0.032 ]), array([ 0.52586429, -0.0336381 ]), 0.7854, 1.0]
[1, array([ 0.5281, -0.032 ]), array([ 0.52601667, -0.0336381 ]), 0.7854, 1.0]
[1, array([ 0.5281, -0.032 ]), array([ 0.52616905, -0.0336381 ]), 0.7854, 1.0]
[1, array([ 0.5281, -0.032 ]), array([ 0.52632143, -0.0336381 ]), 0.7854, 1.0]
[1, array([ 0.5281, -0.032 ]), array([ 0.52647381, -0.0336381 ]), 0.7854, 1.0]
[1, array([ 0.5281, -0.032 ]), array([ 0.52662619, -0.0336381 ]), 0.7854, 1.0]
[1, array([ 0.5281, -0.032 ]), array([ 0.52677857, -0.0336381 ]), 0.7854, 1.0]
[1, array([ 0.5281, -0.032 ]), array([ 0.52693095, -0.0336381 ]), 0.7854, 1.0]
[1, array([ 0.5281, -0.032 ]), array([ 0.52708333, -0.0336381 ]), 0.7854, 1.0]
[1, array([ 0.5281, -0.032 ]), array([ 0.52723571, -0.0336381 ]), 0.7854, 1.0]
[1, array([ 0.5281, -0.032 ]), array([ 0.5273881, -0.0336381]), 0.7854, 1.0]
[1, array([ 0.5281, -0.032 ]), array([ 0.52754048, -0.0336381 ]), 0.7854, 1.0]
[1, array([ 0.5281, -0.032 ]), array([ 0.52769286, -0.0336381 ]), 0.7854, 1.0]
[1, array([ 0.5281, -0.032 ]), array([ 0.52784524, -0.0336381 ]), 0.7854, 1.0]
[1, array([ 0.5281, -0.032 ]), array([ 0.52799762, -0.0336381 ]), 0.7854, 1.0]
[1, array([ 0.5281, -0.032 ]), array([ 0.52815  , -0.0336381]), 0.7854, 1.0]
[1, array([ 0.5281, -0.032 ]), array([ 0.52495   , -0.03348571]), 0.7854, 1.0]
[1, array([ 0.5281, -0.032 ]), array([ 0.52510238, -0.03348571]), 0.7854, 1.0]
[1, array([ 0.5281, -0.032 ]), array([ 0.52525476, -0.03348571]), 0.7854, 1.0]
[1, array([ 0.5281, -0.032 ]), array([ 0.52540714, -0.03348571]), 0.7854, 1.0]
[1, array([ 0.5281, -0.032 ]), array([ 0.52555952, -0.03348571]), 0.7854, 1.0]
[1, array([ 0.5281, -0.032 ]), array([ 0.5257119 , -0.03348571]), 0.7854, 1.0]
[1, array([ 0.5281, -0.032 ]), array([ 0.52586429, -0.03348571]), 0.7854, 1.0]
[1, array([ 0.5281, -0.032 ]), array([ 0.52601667, -0.03348571]), 0.7854, 1.0]
[1, array([ 0.5281, -0.032 ]), array([ 0.52616905, -0.03348571]), 0.7854, 1.0]
[1, array([ 0.5281, -0.032 ]), array([ 0.52632143, -0.03348571]), 0.7854, 1.0]
[1, array([ 0.5281, -0.032 ]), array([ 0.52647381, -0.03348571]), 0.7854, 1.0]
[1, array([ 0.5281, -0.032 ]), array([ 0.52662619, -0.03348571]), 0.7854, 1.0]
[1, array([ 0.5281, -0.032 ]), array([ 0.52677857, -0.03348571]), 0.7854, 1.0]
[1, array([ 0.5281, -0.032 ]), array([ 0.52693095, -0.03348571]), 0.7854, 1.0]
[1, array([ 0.5281, -0.032 ]), array([ 0.52708333, -0.03348571]), 0.7854, 1.0]
[1, array([ 0.5281, -0.032 ]), array([ 0.52723571, -0.03348571]), 0.7854, 1.0]
[1, array([ 0.5281, -0.032 ]), array([ 0.5273881 , -0.03348571]), 0.7854, 1.0]
[1, array([ 0.5281, -0.032 ]), array([ 0.52754048, -0.03348571]), 0.7854, 1.0]
[1, array([ 0.5281, -0.032 ]), array([ 0.52769286, -0.03348571]), 0.7854, 1.0]
[1, array([ 0.5281, -0.032 ]), array([ 0.52784524, -0.03348571]), 0.7854, 1.0]
[1, array([ 0.5281, -0.032 ]), array([ 0.52799762, -0.03348571]), 0.7854, 1.0]
[1, array([ 0.5281, -0.032 ]), array([ 0.52815   , -0.03348571]), 0.7854, 1.0]
[1, array([ 0.5281, -0.032 ]), array([ 0.52495   , -0.03333333]), 0.7854, 1.0]
[1, array([ 0.5281, -0.032 ]), array([ 0.52510238, -0.03333333]), 0.7854, 1.0]
[1, array([ 0.5281, -0.032 ]), array([ 0.52525476, -0.03333333]), 0.7854, 1.0]
[1, array([ 0.5281, -0.032 ]), array([ 0.52540714, -0.03333333]), 0.7854, 1.0]
[1, array([ 0.5281, -0.032 ]), array([ 0.52555952, -0.03333333]), 0.7854, 1.0]
[1, array([ 0.5281, -0.032 ]), array([ 0.5257119 , -0.03333333]), 0.7854, 1.0]
[1, array([ 0.5281, -0.032 ]), array([ 0.52586429, -0.03333333]), 0.7854, 1.0]
[1, array([ 0.5281, -0.032 ]), array([ 0.52601667, -0.03333333]), 0.7854, 1.0]
[1, array([ 0.5281, -0.032 ]), array([ 0.52616905, -0.03333333]), 0.7854, 1.0]
[1, array([ 0.5281, -0.032 ]), array([ 0.52632143, -0.03333333]), 0.7854, 1.0]
[1, array([ 0.5281, -0.032 ]), array([ 0.52647381, -0.03333333]), 0.7854, 1.0]
[1, array([ 0.5281, -0.032 ]), array([ 0.52662619, -0.03333333]), 0.7854, 1.0]
[1, array([ 0.5281, -0.032 ]), array([ 0.52677857, -0.03333333]), 0.7854, 1.0]
[1, array([ 0.5281, -0.032 ]), array([ 0.52693095, -0.03333333]), 0.7854, 1.0]
[1, array([ 0.5281, -0.032 ]), array([ 0.52708333, -0.03333333]), 0.7854, 1.0]
[1, array([ 0.5281, -0.032 ]), array([ 0.52723571, -0.03333333]), 0.7854, 1.0]
[1, array([ 0.5281, -0.032 ]), array([ 0.5273881 , -0.03333333]), 0.7854, 1.0]
[1, array([ 0.5281, -0.032 ]), array([ 0.52754048, -0.03333333]), 0.7854, 1.0]
[1, array([ 0.5281, -0.032 ]), array([ 0.52769286, -0.03333333]), 0.7854, 1.0]
[1, array([ 0.5281, -0.032 ]), array([ 0.52784524, -0.03333333]), 0.7854, 1.0]
[1, array([ 0.5281, -0.032 ]), array([ 0.52799762, -0.03333333]), 0.7854, 1.0]
[1, array([ 0.5281, -0.032 ]), array([ 0.52815   , -0.03333333]), 0.7854, 1.0]
[1, array([ 0.5281, -0.032 ]), array([ 0.52495   , -0.03318095]), 0.7854, 1.0]
[1, array([ 0.5281, -0.032 ]), array([ 0.52510238, -0.03318095]), 0.7854, 1.0]
[1, array([ 0.5281, -0.032 ]), array([ 0.52525476, -0.03318095]), 0.7854, 1.0]
[1, array([ 0.5281, -0.032 ]), array([ 0.52540714, -0.03318095]), 0.7854, 1.0]
[1, array([ 0.5281, -0.032 ]), array([ 0.52555952, -0.03318095]), 0.7854, 1.0]
[1, array([ 0.5281, -0.032 ]), array([ 0.5257119 , -0.03318095]), 0.7854, 1.0]
[1, array([ 0.5281, -0.032 ]), array([ 0.52586429, -0.03318095]), 0.7854, 1.0]
[1, array([ 0.5281, -0.032 ]), array([ 0.52601667, -0.03318095]), 0.7854, 1.0]
[1, array([ 0.5281, -0.032 ]), array([ 0.52616905, -0.03318095]), 0.7854, 1.0]
[1, array([ 0.5281, -0.032 ]), array([ 0.52632143, -0.03318095]), 0.7854, 1.0]
[1, array([ 0.5281, -0.032 ]), array([ 0.52647381, -0.03318095]), 0.7854, 1.0]
[1, array([ 0.5281, -0.032 ]), array([ 0.52662619, -0.03318095]), 0.7854, 1.0]
[1, array([ 0.5281, -0.032 ]), array([ 0.52677857, -0.03318095]), 0.7854, 1.0]
[1, array([ 0.5281, -0.032 ]), array([ 0.52693095, -0.03318095]), 0.7854, 1.0]
[1, array([ 0.5281, -0.032 ]), array([ 0.52708333, -0.03318095]), 0.7854, 1.0]
[1, array([ 0.5281, -0.032 ]), array([ 0.52723571, -0.03318095]), 0.7854, 1.0]
[1, array([ 0.5281, -0.032 ]), array([ 0.5273881 , -0.03318095]), 0.7854, 1.0]
[1, array([ 0.5281, -0.032 ]), array([ 0.52754048, -0.03318095]), 0.7854, 1.0]
[1, array([ 0.5281, -0.032 ]), array([ 0.52769286, -0.03318095]), 0.7854, 1.0]
[1, array([ 0.5281, -0.032 ]), array([ 0.52784524, -0.03318095]), 0.7854, 1.0]
[1, array([ 0.5281, -0.032 ]), array([ 0.52799762, -0.03318095]), 0.7854, 1.0]
[1, array([ 0.5281, -0.032 ]), array([ 0.52815   , -0.03318095]), 0.7854, 1.0]
[1, array([ 0.5281, -0.032 ]), array([ 0.52495   , -0.03302857]), 0.7854, 1.0]
[1, array([ 0.5281, -0.032 ]), array([ 0.52510238, -0.03302857]), 0.7854, 1.0]
[1, array([ 0.5281, -0.032 ]), array([ 0.52525476, -0.03302857]), 0.7854, 1.0]
[1, array([ 0.5281, -0.032 ]), array([ 0.52540714, -0.03302857]), 0.7854, 1.0]
[1, array([ 0.5281, -0.032 ]), array([ 0.52555952, -0.03302857]), 0.7854, 1.0]
[1, array([ 0.5281, -0.032 ]), array([ 0.5257119 , -0.03302857]), 0.7854, 1.0]
[1, array([ 0.5281, -0.032 ]), array([ 0.52586429, -0.03302857]), 0.7854, 1.0]
[1, array([ 0.5281, -0.032 ]), array([ 0.52601667, -0.03302857]), 0.7854, 1.0]
[1, array([ 0.5281, -0.032 ]), array([ 0.52616905, -0.03302857]), 0.7854, 1.0]
[1, array([ 0.5281, -0.032 ]), array([ 0.52632143, -0.03302857]), 0.7854, 1.0]
[1, array([ 0.5281, -0.032 ]), array([ 0.52647381, -0.03302857]), 0.7854, 1.0]
[1, array([ 0.5281, -0.032 ]), array([ 0.52662619, -0.03302857]), 0.7854, 1.0]
[1, array([ 0.5281, -0.032 ]), array([ 0.52677857, -0.03302857]), 0.7854, 1.0]
[1, array([ 0.5281, -0.032 ]), array([ 0.52693095, -0.03302857]), 0.7854, 1.0]
[1, array([ 0.5281, -0.032 ]), array([ 0.52708333, -0.03302857]), 0.7854, 1.0]
[1, array([ 0.5281, -0.032 ]), array([ 0.52723571, -0.03302857]), 0.7854, 1.0]
[1, array([ 0.5281, -0.032 ]), array([ 0.5273881 , -0.03302857]), 0.7854, 1.0]
[1, array([ 0.5281, -0.032 ]), array([ 0.52754048, -0.03302857]), 0.7854, 1.0]
[1, array([ 0.5281, -0.032 ]), array([ 0.52769286, -0.03302857]), 0.7854, 1.0]
[1, array([ 0.5281, -0.032 ]), array([ 0.52784524, -0.03302857]), 0.7854, 1.0]
[1, array([ 0.5281, -0.032 ]), array([ 0.52799762, -0.03302857]), 0.7854, 1.0]
[1, array([ 0.5281, -0.032 ]), array([ 0.52815   , -0.03302857]), 0.7854, 1.0]
[1, array([ 0.5281, -0.032 ]), array([ 0.52495   , -0.03287619]), 0.7854, 1.0]
[1, array([ 0.5281, -0.032 ]), array([ 0.52510238, -0.03287619]), 0.7854, 1.0]
[1, array([ 0.5281, -0.032 ]), array([ 0.52525476, -0.03287619]), 0.7854, 1.0]
[1, array([ 0.5281, -0.032 ]), array([ 0.52540714, -0.03287619]), 0.7854, 1.0]
[1, array([ 0.5281, -0.032 ]), array([ 0.52555952, -0.03287619]), 0.7854, 1.0]
[1, array([ 0.5281, -0.032 ]), array([ 0.5257119 , -0.03287619]), 0.7854, 1.0]
[1, array([ 0.5281, -0.032 ]), array([ 0.52586429, -0.03287619]), 0.7854, 1.0]
[1, array([ 0.5281, -0.032 ]), array([ 0.52601667, -0.03287619]), 0.7854, 1.0]
[1, array([ 0.5281, -0.032 ]), array([ 0.52616905, -0.03287619]), 0.7854, 1.0]
[1, array([ 0.5281, -0.032 ]), array([ 0.52632143, -0.03287619]), 0.7854, 1.0]
[1, array([ 0.5281, -0.032 ]), array([ 0.52647381, -0.03287619]), 0.7854, 1.0]
[1, array([ 0.5281, -0.032 ]), array([ 0.52662619, -0.03287619]), 0.7854, 1.0]
[1, array([ 0.5281, -0.032 ]), array([ 0.52677857, -0.03287619]), 0.7854, 1.0]
[1, array([ 0.5281, -0.032 ]), array([ 0.52693095, -0.03287619]), 0.7854, 1.0]
[1, array([ 0.5281, -0.032 ]), array([ 0.52708333, -0.03287619]), 0.7854, 1.0]
[1, array([ 0.5281, -0.032 ]), array([ 0.52723571, -0.03287619]), 0.7854, 1.0]
[1, array([ 0.5281, -0.032 ]), array([ 0.5273881 , -0.03287619]), 0.7854, 1.0]
[1, array([ 0.5281, -0.032 ]), array([ 0.52754048, -0.03287619]), 0.7854, 1.0]
[1, array([ 0.5281, -0.032 ]), array([ 0.52769286, -0.03287619]), 0.7854, 1.0]
[1, array([ 0.5281, -0.032 ]), array([ 0.52784524, -0.03287619]), 0.7854, 1.0]
[1, array([ 0.5281, -0.032 ]), array([ 0.52799762, -0.03287619]), 0.7854, 1.0]
[1, array([ 0.5281, -0.032 ]), array([ 0.52815   , -0.03287619]), 0.7854, 1.0]
[1, array([ 0.5281, -0.032 ]), array([ 0.52495   , -0.03272381]), 0.7854, 1.0]
[1, array([ 0.5281, -0.032 ]), array([ 0.52510238, -0.03272381]), 0.7854, 1.0]
[1, array([ 0.5281, -0.032 ]), array([ 0.52525476, -0.03272381]), 0.7854, 1.0]
[1, array([ 0.5281, -0.032 ]), array([ 0.52540714, -0.03272381]), 0.7854, 1.0]
[1, array([ 0.5281, -0.032 ]), array([ 0.52555952, -0.03272381]), 0.7854, 1.0]
[1, array([ 0.5281, -0.032 ]), array([ 0.5257119 , -0.03272381]), 0.7854, 1.0]
[1, array([ 0.5281, -0.032 ]), array([ 0.52586429, -0.03272381]), 0.7854, 1.0]
[1, array([ 0.5281, -0.032 ]), array([ 0.52601667, -0.03272381]), 0.7854, 1.0]
[1, array([ 0.5281, -0.032 ]), array([ 0.52616905, -0.03272381]), 0.7854, 1.0]
[1, array([ 0.5281, -0.032 ]), array([ 0.52632143, -0.03272381]), 0.7854, 1.0]
[1, array([ 0.5281, -0.032 ]), array([ 0.52647381, -0.03272381]), 0.7854, 1.0]
[1, array([ 0.5281, -0.032 ]), array([ 0.52662619, -0.03272381]), 0.7854, 1.0]
[1, array([ 0.5281, -0.032 ]), array([ 0.52677857, -0.03272381]), 0.7854, 1.0]
[1, array([ 0.5281, -0.032 ]), array([ 0.52693095, -0.03272381]), 0.7854, 1.0]
[1, array([ 0.5281, -0.032 ]), array([ 0.52708333, -0.03272381]), 0.7854, 1.0]
[1, array([ 0.5281, -0.032 ]), array([ 0.52723571, -0.03272381]), 0.7854, 1.0]
[1, array([ 0.5281, -0.032 ]), array([ 0.5273881 , -0.03272381]), 0.7854, 1.0]
[1, array([ 0.5281, -0.032 ]), array([ 0.52754048, -0.03272381]), 0.7854, 1.0]
[1, array([ 0.5281, -0.032 ]), array([ 0.52769286, -0.03272381]), 0.7854, 1.0]
[1, array([ 0.5281, -0.032 ]), array([ 0.52784524, -0.03272381]), 0.7854, 1.0]
[1, array([ 0.5281, -0.032 ]), array([ 0.52799762, -0.03272381]), 0.7854, 1.0]
[1, array([ 0.5281, -0.032 ]), array([ 0.52815   , -0.03272381]), 0.7854, 1.0]
[1, array([ 0.5281, -0.032 ]), array([ 0.52495   , -0.03257143]), 0.7854, 1.0]
[1, array([ 0.5281, -0.032 ]), array([ 0.52510238, -0.03257143]), 0.7854, 1.0]
[1, array([ 0.5281, -0.032 ]), array([ 0.52525476, -0.03257143]), 0.7854, 1.0]
[1, array([ 0.5281, -0.032 ]), array([ 0.52540714, -0.03257143]), 0.7854, 1.0]
[1, array([ 0.5281, -0.032 ]), array([ 0.52555952, -0.03257143]), 0.7854, 1.0]
[1, array([ 0.5281, -0.032 ]), array([ 0.5257119 , -0.03257143]), 0.7854, 1.0]
[1, array([ 0.5281, -0.032 ]), array([ 0.52586429, -0.03257143]), 0.7854, 1.0]
[1, array([ 0.5281, -0.032 ]), array([ 0.52601667, -0.03257143]), 0.7854, 1.0]
[1, array([ 0.5281, -0.032 ]), array([ 0.52616905, -0.03257143]), 0.7854, 1.0]
[1, array([ 0.5281, -0.032 ]), array([ 0.52632143, -0.03257143]), 0.7854, 1.0]
[1, array([ 0.5281, -0.032 ]), array([ 0.52647381, -0.03257143]), 0.7854, 1.0]
[1, array([ 0.5281, -0.032 ]), array([ 0.52662619, -0.03257143]), 0.7854, 1.0]
[1, array([ 0.5281, -0.032 ]), array([ 0.52677857, -0.03257143]), 0.7854, 1.0]
[1, array([ 0.5281, -0.032 ]), array([ 0.52693095, -0.03257143]), 0.7854, 1.0]
[1, array([ 0.5281, -0.032 ]), array([ 0.52708333, -0.03257143]), 0.7854, 1.0]
[1, array([ 0.5281, -0.032 ]), array([ 0.52723571, -0.03257143]), 0.7854, 1.0]
[1, array([ 0.5281, -0.032 ]), array([ 0.5273881 , -0.03257143]), 0.7854, 1.0]
[1, array([ 0.5281, -0.032 ]), array([ 0.52754048, -0.03257143]), 0.7854, 1.0]
[1, array([ 0.5281, -0.032 ]), array([ 0.52769286, -0.03257143]), 0.7854, 1.0]
[1, array([ 0.5281, -0.032 ]), array([ 0.52784524, -0.03257143]), 0.7854, 1.0]
[1, array([ 0.5281, -0.032 ]), array([ 0.52799762, -0.03257143]), 0.7854, 1.0]
[1, array([ 0.5281, -0.032 ]), array([ 0.52815   , -0.03257143]), 0.7854, 1.0]
[1, array([ 0.5281, -0.032 ]), array([ 0.52495   , -0.03241905]), 0.7854, 1.0]
[1, array([ 0.5281, -0.032 ]), array([ 0.52510238, -0.03241905]), 0.7854, 1.0]
[1, array([ 0.5281, -0.032 ]), array([ 0.52525476, -0.03241905]), 0.7854, 1.0]
[1, array([ 0.5281, -0.032 ]), array([ 0.52540714, -0.03241905]), 0.7854, 1.0]
[1, array([ 0.5281, -0.032 ]), array([ 0.52555952, -0.03241905]), 0.7854, 1.0]
[1, array([ 0.5281, -0.032 ]), array([ 0.5257119 , -0.03241905]), 0.7854, 1.0]
[1, array([ 0.5281, -0.032 ]), array([ 0.52586429, -0.03241905]), 0.7854, 1.0]
[1, array([ 0.5281, -0.032 ]), array([ 0.52601667, -0.03241905]), 0.7854, 1.0]
[1, array([ 0.5281, -0.032 ]), array([ 0.52616905, -0.03241905]), 0.7854, 1.0]
[1, array([ 0.5281, -0.032 ]), array([ 0.52632143, -0.03241905]), 0.7854, 1.0]
[1, array([ 0.5281, -0.032 ]), array([ 0.52647381, -0.03241905]), 0.7854, 1.0]
[1, array([ 0.5281, -0.032 ]), array([ 0.52662619, -0.03241905]), 0.7854, 1.0]
[1, array([ 0.5281, -0.032 ]), array([ 0.52677857, -0.03241905]), 0.7854, 1.0]
[1, array([ 0.5281, -0.032 ]), array([ 0.52693095, -0.03241905]), 0.7854, 1.0]
[1, array([ 0.5281, -0.032 ]), array([ 0.52708333, -0.03241905]), 0.7854, 1.0]
[1, array([ 0.5281, -0.032 ]), array([ 0.52723571, -0.03241905]), 0.7854, 1.0]
[1, array([ 0.5281, -0.032 ]), array([ 0.5273881 , -0.03241905]), 0.7854, 1.0]
[1, array([ 0.5281, -0.032 ]), array([ 0.52754048, -0.03241905]), 0.7854, 1.0]
[1, array([ 0.5281, -0.032 ]), array([ 0.52769286, -0.03241905]), 0.7854, 1.0]
[1, array([ 0.5281, -0.032 ]), array([ 0.52784524, -0.03241905]), 0.7854, 1.0]
[1, array([ 0.5281, -0.032 ]), array([ 0.52799762, -0.03241905]), 0.7854, 1.0]
[1, array([ 0.5281, -0.032 ]), array([ 0.52815   , -0.03241905]), 0.7854, 1.0]
[1, array([ 0.5281, -0.032 ]), array([ 0.52495   , -0.03226667]), 0.7854, 1.0]
[1, array([ 0.5281, -0.032 ]), array([ 0.52510238, -0.03226667]), 0.7854, 1.0]
[1, array([ 0.5281, -0.032 ]), array([ 0.52525476, -0.03226667]), 0.7854, 1.0]
[1, array([ 0.5281, -0.032 ]), array([ 0.52540714, -0.03226667]), 0.7854, 1.0]
[1, array([ 0.5281, -0.032 ]), array([ 0.52555952, -0.03226667]), 0.7854, 1.0]
[1, array([ 0.5281, -0.032 ]), array([ 0.5257119 , -0.03226667]), 0.7854, 1.0]
[1, array([ 0.5281, -0.032 ]), array([ 0.52586429, -0.03226667]), 0.7854, 1.0]
[1, array([ 0.5281, -0.032 ]), array([ 0.52601667, -0.03226667]), 0.7854, 1.0]
[1, array([ 0.5281, -0.032 ]), array([ 0.52616905, -0.03226667]), 0.7854, 1.0]
[1, array([ 0.5281, -0.032 ]), array([ 0.52632143, -0.03226667]), 0.7854, 1.0]
[1, array([ 0.5281, -0.032 ]), array([ 0.52647381, -0.03226667]), 0.7854, 1.0]
[1, array([ 0.5281, -0.032 ]), array([ 0.52662619, -0.03226667]), 0.7854, 1.0]
[1, array([ 0.5281, -0.032 ]), array([ 0.52677857, -0.03226667]), 0.7854, 1.0]
[1, array([ 0.5281, -0.032 ]), array([ 0.52693095, -0.03226667]), 0.7854, 1.0]
[1, array([ 0.5281, -0.032 ]), array([ 0.52708333, -0.03226667]), 0.7854, 1.0]
[1, array([ 0.5281, -0.032 ]), array([ 0.52723571, -0.03226667]), 0.7854, 1.0]
[1, array([ 0.5281, -0.032 ]), array([ 0.5273881 , -0.03226667]), 0.7854, 1.0]
[1, array([ 0.5281, -0.032 ]), array([ 0.52754048, -0.03226667]), 0.7854, 1.0]
[1, array([ 0.5281, -0.032 ]), array([ 0.52769286, -0.03226667]), 0.7854, 1.0]
[1, array([ 0.5281, -0.032 ]), array([ 0.52784524, -0.03226667]), 0.7854, 1.0]
[1, array([ 0.5281, -0.032 ]), array([ 0.52799762, -0.03226667]), 0.7854, 1.0]
[1, array([ 0.5281, -0.032 ]), array([ 0.52815   , -0.03226667]), 0.7854, 1.0]
[1, array([ 0.5281, -0.032 ]), array([ 0.52495   , -0.03211429]), 0.7854, 1.0]
[1, array([ 0.5281, -0.032 ]), array([ 0.52510238, -0.03211429]), 0.7854, 1.0]
[1, array([ 0.5281, -0.032 ]), array([ 0.52525476, -0.03211429]), 0.7854, 1.0]
[1, array([ 0.5281, -0.032 ]), array([ 0.52540714, -0.03211429]), 0.7854, 1.0]
[1, array([ 0.5281, -0.032 ]), array([ 0.52555952, -0.03211429]), 0.7854, 1.0]
[1, array([ 0.5281, -0.032 ]), array([ 0.5257119 , -0.03211429]), 0.7854, 1.0]
[1, array([ 0.5281, -0.032 ]), array([ 0.52586429, -0.03211429]), 0.7854, 1.0]
[1, array([ 0.5281, -0.032 ]), array([ 0.52601667, -0.03211429]), 0.7854, 1.0]
[1, array([ 0.5281, -0.032 ]), array([ 0.52616905, -0.03211429]), 0.7854, 1.0]
[1, array([ 0.5281, -0.032 ]), array([ 0.52632143, -0.03211429]), 0.7854, 1.0]
[1, array([ 0.5281, -0.032 ]), array([ 0.52647381, -0.03211429]), 0.7854, 1.0]
[1, array([ 0.5281, -0.032 ]), array([ 0.52662619, -0.03211429]), 0.7854, 1.0]
[1, array([ 0.5281, -0.032 ]), array([ 0.52677857, -0.03211429]), 0.7854, 1.0]
[1, array([ 0.5281, -0.032 ]), array([ 0.52693095, -0.03211429]), 0.7854, 1.0]
[1, array([ 0.5281, -0.032 ]), array([ 0.52708333, -0.03211429]), 0.7854, 1.0]
[1, array([ 0.5281, -0.032 ]), array([ 0.52723571, -0.03211429]), 0.7854, 1.0]
[1, array([ 0.5281, -0.032 ]), array([ 0.5273881 , -0.03211429]), 0.7854, 1.0]
[1, array([ 0.5281, -0.032 ]), array([ 0.52754048, -0.03211429]), 0.7854, 1.0]
[1, array([ 0.5281, -0.032 ]), array([ 0.52769286, -0.03211429]), 0.7854, 1.0]
[1, array([ 0.5281, -0.032 ]), array([ 0.52784524, -0.03211429]), 0.7854, 1.0]
[1, array([ 0.5281, -0.032 ]), array([ 0.52799762, -0.03211429]), 0.7854, 1.0]
[1, array([ 0.5281, -0.032 ]), array([ 0.52815   , -0.03211429]), 0.7854, 1.0]
[1, array([ 0.5281, -0.032 ]), array([ 0.52495  , -0.0319619]), 0.7854, 1.0]
[1, array([ 0.5281, -0.032 ]), array([ 0.52510238, -0.0319619 ]), 0.7854, 1.0]
[1, array([ 0.5281, -0.032 ]), array([ 0.52525476, -0.0319619 ]), 0.7854, 1.0]
[1, array([ 0.5281, -0.032 ]), array([ 0.52540714, -0.0319619 ]), 0.7854, 1.0]
[1, array([ 0.5281, -0.032 ]), array([ 0.52555952, -0.0319619 ]), 0.7854, 1.0]
[1, array([ 0.5281, -0.032 ]), array([ 0.5257119, -0.0319619]), 0.7854, 1.0]
[1, array([ 0.5281, -0.032 ]), array([ 0.52586429, -0.0319619 ]), 0.7854, 1.0]
[1, array([ 0.5281, -0.032 ]), array([ 0.52601667, -0.0319619 ]), 0.7854, 1.0]
[1, array([ 0.5281, -0.032 ]), array([ 0.52616905, -0.0319619 ]), 0.7854, 1.0]
[1, array([ 0.5281, -0.032 ]), array([ 0.52632143, -0.0319619 ]), 0.7854, 1.0]
[1, array([ 0.5281, -0.032 ]), array([ 0.52647381, -0.0319619 ]), 0.7854, 1.0]
[1, array([ 0.5281, -0.032 ]), array([ 0.52662619, -0.0319619 ]), 0.7854, 1.0]
[1, array([ 0.5281, -0.032 ]), array([ 0.52677857, -0.0319619 ]), 0.7854, 1.0]
[1, array([ 0.5281, -0.032 ]), array([ 0.52693095, -0.0319619 ]), 0.7854, 1.0]
[1, array([ 0.5281, -0.032 ]), array([ 0.52708333, -0.0319619 ]), 0.7854, 1.0]
[1, array([ 0.5281, -0.032 ]), array([ 0.52723571, -0.0319619 ]), 0.7854, 1.0]
[1, array([ 0.5281, -0.032 ]), array([ 0.5273881, -0.0319619]), 0.7854, 1.0]
[1, array([ 0.5281, -0.032 ]), array([ 0.52754048, -0.0319619 ]), 0.7854, 1.0]
[1, array([ 0.5281, -0.032 ]), array([ 0.52769286, -0.0319619 ]), 0.7854, 1.0]
[1, array([ 0.5281, -0.032 ]), array([ 0.52784524, -0.0319619 ]), 0.7854, 1.0]
[1, array([ 0.5281, -0.032 ]), array([ 0.52799762, -0.0319619 ]), 0.7854, 1.0]
[1, array([ 0.5281, -0.032 ]), array([ 0.52815  , -0.0319619]), 0.7854, 1.0]
[1, array([ 0.5281, -0.032 ]), array([ 0.52495   , -0.03180952]), 0.7854, 1.0]
[1, array([ 0.5281, -0.032 ]), array([ 0.52510238, -0.03180952]), 0.7854, 1.0]
[1, array([ 0.5281, -0.032 ]), array([ 0.52525476, -0.03180952]), 0.7854, 1.0]
[1, array([ 0.5281, -0.032 ]), array([ 0.52540714, -0.03180952]), 0.7854, 1.0]
[1, array([ 0.5281, -0.032 ]), array([ 0.52555952, -0.03180952]), 0.7854, 1.0]
[1, array([ 0.5281, -0.032 ]), array([ 0.5257119 , -0.03180952]), 0.7854, 1.0]
[1, array([ 0.5281, -0.032 ]), array([ 0.52586429, -0.03180952]), 0.7854, 1.0]
[1, array([ 0.5281, -0.032 ]), array([ 0.52601667, -0.03180952]), 0.7854, 1.0]
[1, array([ 0.5281, -0.032 ]), array([ 0.52616905, -0.03180952]), 0.7854, 1.0]
[1, array([ 0.5281, -0.032 ]), array([ 0.52632143, -0.03180952]), 0.7854, 1.0]
[1, array([ 0.5281, -0.032 ]), array([ 0.52647381, -0.03180952]), 0.7854, 1.0]
[1, array([ 0.5281, -0.032 ]), array([ 0.52662619, -0.03180952]), 0.7854, 1.0]
[1, array([ 0.5281, -0.032 ]), array([ 0.52677857, -0.03180952]), 0.7854, 1.0]
[1, array([ 0.5281, -0.032 ]), array([ 0.52693095, -0.03180952]), 0.7854, 1.0]
[1, array([ 0.5281, -0.032 ]), array([ 0.52708333, -0.03180952]), 0.7854, 1.0]
[1, array([ 0.5281, -0.032 ]), array([ 0.52723571, -0.03180952]), 0.7854, 1.0]
[1, array([ 0.5281, -0.032 ]), array([ 0.5273881 , -0.03180952]), 0.7854, 1.0]
[1, array([ 0.5281, -0.032 ]), array([ 0.52754048, -0.03180952]), 0.7854, 1.0]
[1, array([ 0.5281, -0.032 ]), array([ 0.52769286, -0.03180952]), 0.7854, 1.0]
[1, array([ 0.5281, -0.032 ]), array([ 0.52784524, -0.03180952]), 0.7854, 1.0]
[1, array([ 0.5281, -0.032 ]), array([ 0.52799762, -0.03180952]), 0.7854, 1.0]
[1, array([ 0.5281, -0.032 ]), array([ 0.52815   , -0.03180952]), 0.7854, 1.0]
[1, array([ 0.5281, -0.032 ]), array([ 0.52495   , -0.03165714]), 0.7854, 1.0]
[1, array([ 0.5281, -0.032 ]), array([ 0.52510238, -0.03165714]), 0.7854, 1.0]
[1, array([ 0.5281, -0.032 ]), array([ 0.52525476, -0.03165714]), 0.7854, 1.0]
[1, array([ 0.5281, -0.032 ]), array([ 0.52540714, -0.03165714]), 0.7854, 1.0]
[1, array([ 0.5281, -0.032 ]), array([ 0.52555952, -0.03165714]), 0.7854, 1.0]
[1, array([ 0.5281, -0.032 ]), array([ 0.5257119 , -0.03165714]), 0.7854, 1.0]
[1, array([ 0.5281, -0.032 ]), array([ 0.52586429, -0.03165714]), 0.7854, 1.0]
[1, array([ 0.5281, -0.032 ]), array([ 0.52601667, -0.03165714]), 0.7854, 1.0]
[1, array([ 0.5281, -0.032 ]), array([ 0.52616905, -0.03165714]), 0.7854, 1.0]
[1, array([ 0.5281, -0.032 ]), array([ 0.52632143, -0.03165714]), 0.7854, 1.0]
[1, array([ 0.5281, -0.032 ]), array([ 0.52647381, -0.03165714]), 0.7854, 1.0]
[1, array([ 0.5281, -0.032 ]), array([ 0.52662619, -0.03165714]), 0.7854, 1.0]
[1, array([ 0.5281, -0.032 ]), array([ 0.52677857, -0.03165714]), 0.7854, 1.0]
[1, array([ 0.5281, -0.032 ]), array([ 0.52693095, -0.03165714]), 0.7854, 1.0]
[1, array([ 0.5281, -0.032 ]), array([ 0.52708333, -0.03165714]), 0.7854, 1.0]
[1, array([ 0.5281, -0.032 ]), array([ 0.52723571, -0.03165714]), 0.7854, 1.0]
[1, array([ 0.5281, -0.032 ]), array([ 0.5273881 , -0.03165714]), 0.7854, 1.0]
[1, array([ 0.5281, -0.032 ]), array([ 0.52754048, -0.03165714]), 0.7854, 1.0]
[1, array([ 0.5281, -0.032 ]), array([ 0.52769286, -0.03165714]), 0.7854, 1.0]
[1, array([ 0.5281, -0.032 ]), array([ 0.52784524, -0.03165714]), 0.7854, 1.0]
[1, array([ 0.5281, -0.032 ]), array([ 0.52799762, -0.03165714]), 0.7854, 1.0]
[1, array([ 0.5281, -0.032 ]), array([ 0.52815   , -0.03165714]), 0.7854, 1.0]
[1, array([ 0.5281, -0.032 ]), array([ 0.52495   , -0.03150476]), 0.7854, 1.0]
[1, array([ 0.5281, -0.032 ]), array([ 0.52510238, -0.03150476]), 0.7854, 1.0]
[1, array([ 0.5281, -0.032 ]), array([ 0.52525476, -0.03150476]), 0.7854, 1.0]
[1, array([ 0.5281, -0.032 ]), array([ 0.52540714, -0.03150476]), 0.7854, 1.0]
[1, array([ 0.5281, -0.032 ]), array([ 0.52555952, -0.03150476]), 0.7854, 1.0]
[1, array([ 0.5281, -0.032 ]), array([ 0.5257119 , -0.03150476]), 0.7854, 1.0]
[1, array([ 0.5281, -0.032 ]), array([ 0.52586429, -0.03150476]), 0.7854, 1.0]
[1, array([ 0.5281, -0.032 ]), array([ 0.52601667, -0.03150476]), 0.7854, 1.0]
[1, array([ 0.5281, -0.032 ]), array([ 0.52616905, -0.03150476]), 0.7854, 1.0]
[1, array([ 0.5281, -0.032 ]), array([ 0.52632143, -0.03150476]), 0.7854, 1.0]
[1, array([ 0.5281, -0.032 ]), array([ 0.52647381, -0.03150476]), 0.7854, 1.0]
[1, array([ 0.5281, -0.032 ]), array([ 0.52662619, -0.03150476]), 0.7854, 1.0]
[1, array([ 0.5281, -0.032 ]), array([ 0.52677857, -0.03150476]), 0.7854, 1.0]
[1, array([ 0.5281, -0.032 ]), array([ 0.52693095, -0.03150476]), 0.7854, 1.0]
[1, array([ 0.5281, -0.032 ]), array([ 0.52708333, -0.03150476]), 0.7854, 1.0]
[1, array([ 0.5281, -0.032 ]), array([ 0.52723571, -0.03150476]), 0.7854, 1.0]
[1, array([ 0.5281, -0.032 ]), array([ 0.5273881 , -0.03150476]), 0.7854, 1.0]
[1, array([ 0.5281, -0.032 ]), array([ 0.52754048, -0.03150476]), 0.7854, 1.0]
[1, array([ 0.5281, -0.032 ]), array([ 0.52769286, -0.03150476]), 0.7854, 1.0]
[1, array([ 0.5281, -0.032 ]), array([ 0.52784524, -0.03150476]), 0.7854, 1.0]
[1, array([ 0.5281, -0.032 ]), array([ 0.52799762, -0.03150476]), 0.7854, 1.0]
[1, array([ 0.5281, -0.032 ]), array([ 0.52815   , -0.03150476]), 0.7854, 1.0]
[1, array([ 0.5281, -0.032 ]), array([ 0.52495   , -0.03135238]), 0.7854, 1.0]
[1, array([ 0.5281, -0.032 ]), array([ 0.52510238, -0.03135238]), 0.7854, 1.0]
[1, array([ 0.5281, -0.032 ]), array([ 0.52525476, -0.03135238]), 0.7854, 1.0]
[1, array([ 0.5281, -0.032 ]), array([ 0.52540714, -0.03135238]), 0.7854, 1.0]
[1, array([ 0.5281, -0.032 ]), array([ 0.52555952, -0.03135238]), 0.7854, 1.0]
[1, array([ 0.5281, -0.032 ]), array([ 0.5257119 , -0.03135238]), 0.7854, 1.0]
[1, array([ 0.5281, -0.032 ]), array([ 0.52586429, -0.03135238]), 0.7854, 1.0]
[1, array([ 0.5281, -0.032 ]), array([ 0.52601667, -0.03135238]), 0.7854, 1.0]
[1, array([ 0.5281, -0.032 ]), array([ 0.52616905, -0.03135238]), 0.7854, 1.0]
[1, array([ 0.5281, -0.032 ]), array([ 0.52632143, -0.03135238]), 0.7854, 1.0]
[1, array([ 0.5281, -0.032 ]), array([ 0.52647381, -0.03135238]), 0.7854, 1.0]
[1, array([ 0.5281, -0.032 ]), array([ 0.52662619, -0.03135238]), 0.7854, 1.0]
[1, array([ 0.5281, -0.032 ]), array([ 0.52677857, -0.03135238]), 0.7854, 1.0]
[1, array([ 0.5281, -0.032 ]), array([ 0.52693095, -0.03135238]), 0.7854, 1.0]
[1, array([ 0.5281, -0.032 ]), array([ 0.52708333, -0.03135238]), 0.7854, 1.0]
[1, array([ 0.5281, -0.032 ]), array([ 0.52723571, -0.03135238]), 0.7854, 1.0]
[1, array([ 0.5281, -0.032 ]), array([ 0.5273881 , -0.03135238]), 0.7854, 1.0]
[1, array([ 0.5281, -0.032 ]), array([ 0.52754048, -0.03135238]), 0.7854, 1.0]
[1, array([ 0.5281, -0.032 ]), array([ 0.52769286, -0.03135238]), 0.7854, 1.0]
[1, array([ 0.5281, -0.032 ]), array([ 0.52784524, -0.03135238]), 0.7854, 1.0]
[1, array([ 0.5281, -0.032 ]), array([ 0.52799762, -0.03135238]), 0.7854, 1.0]
[1, array([ 0.5281, -0.032 ]), array([ 0.52815   , -0.03135238]), 0.7854, 1.0]
[1, array([ 0.5281, -0.032 ]), array([ 0.52495, -0.0312 ]), 0.7854, 1.0]
[1, array([ 0.5281, -0.032 ]), array([ 0.52510238, -0.0312    ]), 0.7854, 1.0]
[1, array([ 0.5281, -0.032 ]), array([ 0.52525476, -0.0312    ]), 0.7854, 1.0]
[1, array([ 0.5281, -0.032 ]), array([ 0.52540714, -0.0312    ]), 0.7854, 1.0]
[1, array([ 0.5281, -0.032 ]), array([ 0.52555952, -0.0312    ]), 0.7854, 1.0]
[1, array([ 0.5281, -0.032 ]), array([ 0.5257119, -0.0312   ]), 0.7854, 1.0]
[1, array([ 0.5281, -0.032 ]), array([ 0.52586429, -0.0312    ]), 0.7854, 1.0]
[1, array([ 0.5281, -0.032 ]), array([ 0.52601667, -0.0312    ]), 0.7854, 1.0]
[1, array([ 0.5281, -0.032 ]), array([ 0.52616905, -0.0312    ]), 0.7854, 1.0]
[1, array([ 0.5281, -0.032 ]), array([ 0.52632143, -0.0312    ]), 0.7854, 1.0]
[1, array([ 0.5281, -0.032 ]), array([ 0.52647381, -0.0312    ]), 0.7854, 1.0]
[1, array([ 0.5281, -0.032 ]), array([ 0.52662619, -0.0312    ]), 0.7854, 1.0]
[1, array([ 0.5281, -0.032 ]), array([ 0.52677857, -0.0312    ]), 0.7854, 1.0]
[1, array([ 0.5281, -0.032 ]), array([ 0.52693095, -0.0312    ]), 0.7854, 1.0]
[1, array([ 0.5281, -0.032 ]), array([ 0.52708333, -0.0312    ]), 0.7854, 1.0]
[1, array([ 0.5281, -0.032 ]), array([ 0.52723571, -0.0312    ]), 0.7854, 1.0]
[1, array([ 0.5281, -0.032 ]), array([ 0.5273881, -0.0312   ]), 0.7854, 1.0]
[1, array([ 0.5281, -0.032 ]), array([ 0.52754048, -0.0312    ]), 0.7854, 1.0]
[1, array([ 0.5281, -0.032 ]), array([ 0.52769286, -0.0312    ]), 0.7854, 1.0]
[1, array([ 0.5281, -0.032 ]), array([ 0.52784524, -0.0312    ]), 0.7854, 1.0]
[1, array([ 0.5281, -0.032 ]), array([ 0.52799762, -0.0312    ]), 0.7854, 1.0]
[1, array([ 0.5281, -0.032 ]), array([ 0.52815, -0.0312 ]), 0.7854, 1.0]
[1, array([0.5069, 0.0464]), array([0.5   , 0.0438]), 0.7854, 1.0]
[1, array([0.5069, 0.0464]), array([0.50014762, 0.0438    ]), 0.7854, 1.0]
[1, array([0.5069, 0.0464]), array([0.50029524, 0.0438    ]), 0.7854, 1.0]
[1, array([0.5069, 0.0464]), array([0.50044286, 0.0438    ]), 0.7854, 1.0]
[1, array([0.5069, 0.0464]), array([0.50059048, 0.0438    ]), 0.7854, 1.0]
[1, array([0.5069, 0.0464]), array([0.5007381, 0.0438   ]), 0.7854, 1.0]
[1, array([0.5069, 0.0464]), array([0.50088571, 0.0438    ]), 0.7854, 1.0]
[1, array([0.5069, 0.0464]), array([0.50103333, 0.0438    ]), 0.7854, 1.0]
[1, array([0.5069, 0.0464]), array([0.50118095, 0.0438    ]), 0.7854, 1.0]
[1, array([0.5069, 0.0464]), array([0.50132857, 0.0438    ]), 0.7854, 1.0]
[1, array([0.5069, 0.0464]), array([0.50147619, 0.0438    ]), 0.7854, 1.0]
[1, array([0.5069, 0.0464]), array([0.50162381, 0.0438    ]), 0.7854, 1.0]
[1, array([0.5069, 0.0464]), array([0.50177143, 0.0438    ]), 0.7854, 1.0]
[1, array([0.5069, 0.0464]), array([0.50191905, 0.0438    ]), 0.7854, 1.0]
[1, array([0.5069, 0.0464]), array([0.50206667, 0.0438    ]), 0.7854, 1.0]
[1, array([0.5069, 0.0464]), array([0.50221429, 0.0438    ]), 0.7854, 1.0]
[1, array([0.5069, 0.0464]), array([0.5023619, 0.0438   ]), 0.7854, 1.0]
[1, array([0.5069, 0.0464]), array([0.50250952, 0.0438    ]), 0.7854, 1.0]
[1, array([0.5069, 0.0464]), array([0.50265714, 0.0438    ]), 0.7854, 1.0]
[1, array([0.5069, 0.0464]), array([0.50280476, 0.0438    ]), 0.7854, 1.0]
[1, array([0.5069, 0.0464]), array([0.50295238, 0.0438    ]), 0.7854, 1.0]
[1, array([0.5069, 0.0464]), array([0.5031, 0.0438]), 0.7854, 1.0]
[1, array([0.5069, 0.0464]), array([0.5       , 0.04394762]), 0.7854, 1.0]
[1, array([0.5069, 0.0464]), array([0.50014762, 0.04394762]), 0.7854, 1.0]
[1, array([0.5069, 0.0464]), array([0.50029524, 0.04394762]), 0.7854, 1.0]
[1, array([0.5069, 0.0464]), array([0.50044286, 0.04394762]), 0.7854, 1.0]
[1, array([0.5069, 0.0464]), array([0.50059048, 0.04394762]), 0.7854, 1.0]
[1, array([0.5069, 0.0464]), array([0.5007381 , 0.04394762]), 0.7854, 1.0]
[1, array([0.5069, 0.0464]), array([0.50088571, 0.04394762]), 0.7854, 1.0]
[1, array([0.5069, 0.0464]), array([0.50103333, 0.04394762]), 0.7854, 1.0]
[1, array([0.5069, 0.0464]), array([0.50118095, 0.04394762]), 0.7854, 1.0]
[1, array([0.5069, 0.0464]), array([0.50132857, 0.04394762]), 0.7854, 1.0]
[1, array([0.5069, 0.0464]), array([0.50147619, 0.04394762]), 0.7854, 1.0]
[1, array([0.5069, 0.0464]), array([0.50162381, 0.04394762]), 0.7854, 1.0]
[1, array([0.5069, 0.0464]), array([0.50177143, 0.04394762]), 0.7854, 1.0]
[1, array([0.5069, 0.0464]), array([0.50191905, 0.04394762]), 0.7854, 1.0]
[1, array([0.5069, 0.0464]), array([0.50206667, 0.04394762]), 0.7854, 1.0]
[1, array([0.5069, 0.0464]), array([0.50221429, 0.04394762]), 0.7854, 1.0]
[1, array([0.5069, 0.0464]), array([0.5023619 , 0.04394762]), 0.7854, 1.0]
[1, array([0.5069, 0.0464]), array([0.50250952, 0.04394762]), 0.7854, 1.0]
[1, array([0.5069, 0.0464]), array([0.50265714, 0.04394762]), 0.7854, 1.0]
[1, array([0.5069, 0.0464]), array([0.50280476, 0.04394762]), 0.7854, 1.0]
[1, array([0.5069, 0.0464]), array([0.50295238, 0.04394762]), 0.7854, 1.0]
[1, array([0.5069, 0.0464]), array([0.5031    , 0.04394762]), 0.7854, 1.0]
[1, array([0.5069, 0.0464]), array([0.5       , 0.04409524]), 0.7854, 1.0]
[1, array([0.5069, 0.0464]), array([0.50014762, 0.04409524]), 0.7854, 1.0]
[1, array([0.5069, 0.0464]), array([0.50029524, 0.04409524]), 0.7854, 1.0]
[1, array([0.5069, 0.0464]), array([0.50044286, 0.04409524]), 0.7854, 1.0]
[1, array([0.5069, 0.0464]), array([0.50059048, 0.04409524]), 0.7854, 1.0]
[1, array([0.5069, 0.0464]), array([0.5007381 , 0.04409524]), 0.7854, 1.0]
[1, array([0.5069, 0.0464]), array([0.50088571, 0.04409524]), 0.7854, 1.0]
[1, array([0.5069, 0.0464]), array([0.50103333, 0.04409524]), 0.7854, 1.0]
[1, array([0.5069, 0.0464]), array([0.50118095, 0.04409524]), 0.7854, 1.0]
[1, array([0.5069, 0.0464]), array([0.50132857, 0.04409524]), 0.7854, 1.0]
[1, array([0.5069, 0.0464]), array([0.50147619, 0.04409524]), 0.7854, 1.0]
[1, array([0.5069, 0.0464]), array([0.50162381, 0.04409524]), 0.7854, 1.0]
[1, array([0.5069, 0.0464]), array([0.50177143, 0.04409524]), 0.7854, 1.0]
[1, array([0.5069, 0.0464]), array([0.50191905, 0.04409524]), 0.7854, 1.0]
[1, array([0.5069, 0.0464]), array([0.50206667, 0.04409524]), 0.7854, 1.0]
[1, array([0.5069, 0.0464]), array([0.50221429, 0.04409524]), 0.7854, 1.0]
[1, array([0.5069, 0.0464]), array([0.5023619 , 0.04409524]), 0.7854, 1.0]
[1, array([0.5069, 0.0464]), array([0.50250952, 0.04409524]), 0.7854, 1.0]
[1, array([0.5069, 0.0464]), array([0.50265714, 0.04409524]), 0.7854, 1.0]
[1, array([0.5069, 0.0464]), array([0.50280476, 0.04409524]), 0.7854, 1.0]
[1, array([0.5069, 0.0464]), array([0.50295238, 0.04409524]), 0.7854, 1.0]
[1, array([0.5069, 0.0464]), array([0.5031    , 0.04409524]), 0.7854, 1.0]
[1, array([0.5069, 0.0464]), array([0.5       , 0.04424286]), 0.7854, 1.0]
[1, array([0.5069, 0.0464]), array([0.50014762, 0.04424286]), 0.7854, 1.0]
[1, array([0.5069, 0.0464]), array([0.50029524, 0.04424286]), 0.7854, 1.0]
[1, array([0.5069, 0.0464]), array([0.50044286, 0.04424286]), 0.7854, 1.0]
[1, array([0.5069, 0.0464]), array([0.50059048, 0.04424286]), 0.7854, 1.0]
[1, array([0.5069, 0.0464]), array([0.5007381 , 0.04424286]), 0.7854, 1.0]
[1, array([0.5069, 0.0464]), array([0.50088571, 0.04424286]), 0.7854, 1.0]
[1, array([0.5069, 0.0464]), array([0.50103333, 0.04424286]), 0.7854, 1.0]
[1, array([0.5069, 0.0464]), array([0.50118095, 0.04424286]), 0.7854, 1.0]
[1, array([0.5069, 0.0464]), array([0.50132857, 0.04424286]), 0.7854, 1.0]
[1, array([0.5069, 0.0464]), array([0.50147619, 0.04424286]), 0.7854, 1.0]
[1, array([0.5069, 0.0464]), array([0.50162381, 0.04424286]), 0.7854, 1.0]
[1, array([0.5069, 0.0464]), array([0.50177143, 0.04424286]), 0.7854, 1.0]
[1, array([0.5069, 0.0464]), array([0.50191905, 0.04424286]), 0.7854, 1.0]
[1, array([0.5069, 0.0464]), array([0.50206667, 0.04424286]), 0.7854, 1.0]
[1, array([0.5069, 0.0464]), array([0.50221429, 0.04424286]), 0.7854, 1.0]
[1, array([0.5069, 0.0464]), array([0.5023619 , 0.04424286]), 0.7854, 1.0]
[1, array([0.5069, 0.0464]), array([0.50250952, 0.04424286]), 0.7854, 1.0]
[1, array([0.5069, 0.0464]), array([0.50265714, 0.04424286]), 0.7854, 1.0]
[1, array([0.5069, 0.0464]), array([0.50280476, 0.04424286]), 0.7854, 1.0]
[1, array([0.5069, 0.0464]), array([0.50295238, 0.04424286]), 0.7854, 1.0]
[1, array([0.5069, 0.0464]), array([0.5031    , 0.04424286]), 0.7854, 1.0]
[1, array([0.5069, 0.0464]), array([0.5       , 0.04439048]), 0.7854, 1.0]
[1, array([0.5069, 0.0464]), array([0.50014762, 0.04439048]), 0.7854, 1.0]
[1, array([0.5069, 0.0464]), array([0.50029524, 0.04439048]), 0.7854, 1.0]
[1, array([0.5069, 0.0464]), array([0.50044286, 0.04439048]), 0.7854, 1.0]
[1, array([0.5069, 0.0464]), array([0.50059048, 0.04439048]), 0.7854, 1.0]
[1, array([0.5069, 0.0464]), array([0.5007381 , 0.04439048]), 0.7854, 1.0]
[1, array([0.5069, 0.0464]), array([0.50088571, 0.04439048]), 0.7854, 1.0]
[1, array([0.5069, 0.0464]), array([0.50103333, 0.04439048]), 0.7854, 1.0]
[1, array([0.5069, 0.0464]), array([0.50118095, 0.04439048]), 0.7854, 1.0]
[1, array([0.5069, 0.0464]), array([0.50132857, 0.04439048]), 0.7854, 1.0]
[1, array([0.5069, 0.0464]), array([0.50147619, 0.04439048]), 0.7854, 1.0]
[1, array([0.5069, 0.0464]), array([0.50162381, 0.04439048]), 0.7854, 1.0]
[1, array([0.5069, 0.0464]), array([0.50177143, 0.04439048]), 0.7854, 1.0]
[1, array([0.5069, 0.0464]), array([0.50191905, 0.04439048]), 0.7854, 1.0]
[1, array([0.5069, 0.0464]), array([0.50206667, 0.04439048]), 0.7854, 1.0]
[1, array([0.5069, 0.0464]), array([0.50221429, 0.04439048]), 0.7854, 1.0]
[1, array([0.5069, 0.0464]), array([0.5023619 , 0.04439048]), 0.7854, 1.0]
[1, array([0.5069, 0.0464]), array([0.50250952, 0.04439048]), 0.7854, 1.0]
[1, array([0.5069, 0.0464]), array([0.50265714, 0.04439048]), 0.7854, 1.0]
[1, array([0.5069, 0.0464]), array([0.50280476, 0.04439048]), 0.7854, 1.0]
[1, array([0.5069, 0.0464]), array([0.50295238, 0.04439048]), 0.7854, 1.0]
[1, array([0.5069, 0.0464]), array([0.5031    , 0.04439048]), 0.7854, 1.0]
[1, array([0.5069, 0.0464]), array([0.5      , 0.0445381]), 0.7854, 1.0]
[1, array([0.5069, 0.0464]), array([0.50014762, 0.0445381 ]), 0.7854, 1.0]
[1, array([0.5069, 0.0464]), array([0.50029524, 0.0445381 ]), 0.7854, 1.0]
[1, array([0.5069, 0.0464]), array([0.50044286, 0.0445381 ]), 0.7854, 1.0]
[1, array([0.5069, 0.0464]), array([0.50059048, 0.0445381 ]), 0.7854, 1.0]
[1, array([0.5069, 0.0464]), array([0.5007381, 0.0445381]), 0.7854, 1.0]
[1, array([0.5069, 0.0464]), array([0.50088571, 0.0445381 ]), 0.7854, 1.0]
[1, array([0.5069, 0.0464]), array([0.50103333, 0.0445381 ]), 0.7854, 1.0]
[1, array([0.5069, 0.0464]), array([0.50118095, 0.0445381 ]), 0.7854, 1.0]
[1, array([0.5069, 0.0464]), array([0.50132857, 0.0445381 ]), 0.7854, 1.0]
[1, array([0.5069, 0.0464]), array([0.50147619, 0.0445381 ]), 0.7854, 1.0]
[1, array([0.5069, 0.0464]), array([0.50162381, 0.0445381 ]), 0.7854, 1.0]
[1, array([0.5069, 0.0464]), array([0.50177143, 0.0445381 ]), 0.7854, 1.0]
[1, array([0.5069, 0.0464]), array([0.50191905, 0.0445381 ]), 0.7854, 1.0]
[1, array([0.5069, 0.0464]), array([0.50206667, 0.0445381 ]), 0.7854, 1.0]
[1, array([0.5069, 0.0464]), array([0.50221429, 0.0445381 ]), 0.7854, 1.0]
[1, array([0.5069, 0.0464]), array([0.5023619, 0.0445381]), 0.7854, 1.0]
[1, array([0.5069, 0.0464]), array([0.50250952, 0.0445381 ]), 0.7854, 1.0]
[1, array([0.5069, 0.0464]), array([0.50265714, 0.0445381 ]), 0.7854, 1.0]
[1, array([0.5069, 0.0464]), array([0.50280476, 0.0445381 ]), 0.7854, 1.0]
[1, array([0.5069, 0.0464]), array([0.50295238, 0.0445381 ]), 0.7854, 1.0]
[1, array([0.5069, 0.0464]), array([0.5031   , 0.0445381]), 0.7854, 1.0]
[1, array([0.5069, 0.0464]), array([0.5       , 0.04468571]), 0.7854, 1.0]
[1, array([0.5069, 0.0464]), array([0.50014762, 0.04468571]), 0.7854, 1.0]
[1, array([0.5069, 0.0464]), array([0.50029524, 0.04468571]), 0.7854, 1.0]
[1, array([0.5069, 0.0464]), array([0.50044286, 0.04468571]), 0.7854, 1.0]
[1, array([0.5069, 0.0464]), array([0.50059048, 0.04468571]), 0.7854, 1.0]
[1, array([0.5069, 0.0464]), array([0.5007381 , 0.04468571]), 0.7854, 1.0]
[1, array([0.5069, 0.0464]), array([0.50088571, 0.04468571]), 0.7854, 1.0]
[1, array([0.5069, 0.0464]), array([0.50103333, 0.04468571]), 0.7854, 1.0]
[1, array([0.5069, 0.0464]), array([0.50118095, 0.04468571]), 0.7854, 1.0]
[1, array([0.5069, 0.0464]), array([0.50132857, 0.04468571]), 0.7854, 1.0]
[1, array([0.5069, 0.0464]), array([0.50147619, 0.04468571]), 0.7854, 1.0]
[1, array([0.5069, 0.0464]), array([0.50162381, 0.04468571]), 0.7854, 1.0]
[1, array([0.5069, 0.0464]), array([0.50177143, 0.04468571]), 0.7854, 1.0]
[1, array([0.5069, 0.0464]), array([0.50191905, 0.04468571]), 0.7854, 1.0]
[1, array([0.5069, 0.0464]), array([0.50206667, 0.04468571]), 0.7854, 1.0]
[1, array([0.5069, 0.0464]), array([0.50221429, 0.04468571]), 0.7854, 1.0]
[1, array([0.5069, 0.0464]), array([0.5023619 , 0.04468571]), 0.7854, 1.0]
[1, array([0.5069, 0.0464]), array([0.50250952, 0.04468571]), 0.7854, 1.0]
[1, array([0.5069, 0.0464]), array([0.50265714, 0.04468571]), 0.7854, 1.0]
[1, array([0.5069, 0.0464]), array([0.50280476, 0.04468571]), 0.7854, 1.0]
[1, array([0.5069, 0.0464]), array([0.50295238, 0.04468571]), 0.7854, 1.0]
[1, array([0.5069, 0.0464]), array([0.5031    , 0.04468571]), 0.7854, 1.0]
[1, array([0.5069, 0.0464]), array([0.5       , 0.04483333]), 0.7854, 1.0]
[1, array([0.5069, 0.0464]), array([0.50014762, 0.04483333]), 0.7854, 1.0]
[1, array([0.5069, 0.0464]), array([0.50029524, 0.04483333]), 0.7854, 1.0]
[1, array([0.5069, 0.0464]), array([0.50044286, 0.04483333]), 0.7854, 1.0]
[1, array([0.5069, 0.0464]), array([0.50059048, 0.04483333]), 0.7854, 1.0]
[1, array([0.5069, 0.0464]), array([0.5007381 , 0.04483333]), 0.7854, 1.0]
[1, array([0.5069, 0.0464]), array([0.50088571, 0.04483333]), 0.7854, 1.0]
[1, array([0.5069, 0.0464]), array([0.50103333, 0.04483333]), 0.7854, 1.0]
[1, array([0.5069, 0.0464]), array([0.50118095, 0.04483333]), 0.7854, 1.0]
[1, array([0.5069, 0.0464]), array([0.50132857, 0.04483333]), 0.7854, 1.0]
[1, array([0.5069, 0.0464]), array([0.50147619, 0.04483333]), 0.7854, 1.0]
[1, array([0.5069, 0.0464]), array([0.50162381, 0.04483333]), 0.7854, 1.0]
[1, array([0.5069, 0.0464]), array([0.50177143, 0.04483333]), 0.7854, 1.0]
[1, array([0.5069, 0.0464]), array([0.50191905, 0.04483333]), 0.7854, 1.0]
[1, array([0.5069, 0.0464]), array([0.50206667, 0.04483333]), 0.7854, 1.0]
[1, array([0.5069, 0.0464]), array([0.50221429, 0.04483333]), 0.7854, 1.0]
[1, array([0.5069, 0.0464]), array([0.5023619 , 0.04483333]), 0.7854, 1.0]
[1, array([0.5069, 0.0464]), array([0.50250952, 0.04483333]), 0.7854, 1.0]
[1, array([0.5069, 0.0464]), array([0.50265714, 0.04483333]), 0.7854, 1.0]
[1, array([0.5069, 0.0464]), array([0.50280476, 0.04483333]), 0.7854, 1.0]
[1, array([0.5069, 0.0464]), array([0.50295238, 0.04483333]), 0.7854, 1.0]
[1, array([0.5069, 0.0464]), array([0.5031    , 0.04483333]), 0.7854, 1.0]
[1, array([0.5069, 0.0464]), array([0.5       , 0.04498095]), 0.7854, 1.0]
[1, array([0.5069, 0.0464]), array([0.50014762, 0.04498095]), 0.7854, 1.0]
[1, array([0.5069, 0.0464]), array([0.50029524, 0.04498095]), 0.7854, 1.0]
[1, array([0.5069, 0.0464]), array([0.50044286, 0.04498095]), 0.7854, 1.0]
[1, array([0.5069, 0.0464]), array([0.50059048, 0.04498095]), 0.7854, 1.0]
[1, array([0.5069, 0.0464]), array([0.5007381 , 0.04498095]), 0.7854, 1.0]
[1, array([0.5069, 0.0464]), array([0.50088571, 0.04498095]), 0.7854, 1.0]
[1, array([0.5069, 0.0464]), array([0.50103333, 0.04498095]), 0.7854, 1.0]
[1, array([0.5069, 0.0464]), array([0.50118095, 0.04498095]), 0.7854, 1.0]
[1, array([0.5069, 0.0464]), array([0.50132857, 0.04498095]), 0.7854, 1.0]
[1, array([0.5069, 0.0464]), array([0.50147619, 0.04498095]), 0.7854, 1.0]
[1, array([0.5069, 0.0464]), array([0.50162381, 0.04498095]), 0.7854, 1.0]
[1, array([0.5069, 0.0464]), array([0.50177143, 0.04498095]), 0.7854, 1.0]
[1, array([0.5069, 0.0464]), array([0.50191905, 0.04498095]), 0.7854, 1.0]
[1, array([0.5069, 0.0464]), array([0.50206667, 0.04498095]), 0.7854, 1.0]
[1, array([0.5069, 0.0464]), array([0.50221429, 0.04498095]), 0.7854, 1.0]
[1, array([0.5069, 0.0464]), array([0.5023619 , 0.04498095]), 0.7854, 1.0]
[1, array([0.5069, 0.0464]), array([0.50250952, 0.04498095]), 0.7854, 1.0]
[1, array([0.5069, 0.0464]), array([0.50265714, 0.04498095]), 0.7854, 1.0]
[1, array([0.5069, 0.0464]), array([0.50280476, 0.04498095]), 0.7854, 1.0]
[1, array([0.5069, 0.0464]), array([0.50295238, 0.04498095]), 0.7854, 1.0]
[1, array([0.5069, 0.0464]), array([0.5031    , 0.04498095]), 0.7854, 1.0]
[1, array([0.5069, 0.0464]), array([0.5       , 0.04512857]), 0.7854, 1.0]
[1, array([0.5069, 0.0464]), array([0.50014762, 0.04512857]), 0.7854, 1.0]
[1, array([0.5069, 0.0464]), array([0.50029524, 0.04512857]), 0.7854, 1.0]
[1, array([0.5069, 0.0464]), array([0.50044286, 0.04512857]), 0.7854, 1.0]
[1, array([0.5069, 0.0464]), array([0.50059048, 0.04512857]), 0.7854, 1.0]
[1, array([0.5069, 0.0464]), array([0.5007381 , 0.04512857]), 0.7854, 1.0]
[1, array([0.5069, 0.0464]), array([0.50088571, 0.04512857]), 0.7854, 1.0]
[1, array([0.5069, 0.0464]), array([0.50103333, 0.04512857]), 0.7854, 1.0]
[1, array([0.5069, 0.0464]), array([0.50118095, 0.04512857]), 0.7854, 1.0]
[1, array([0.5069, 0.0464]), array([0.50132857, 0.04512857]), 0.7854, 1.0]
[1, array([0.5069, 0.0464]), array([0.50147619, 0.04512857]), 0.7854, 1.0]
[1, array([0.5069, 0.0464]), array([0.50162381, 0.04512857]), 0.7854, 1.0]
[1, array([0.5069, 0.0464]), array([0.50177143, 0.04512857]), 0.7854, 1.0]
[1, array([0.5069, 0.0464]), array([0.50191905, 0.04512857]), 0.7854, 1.0]
[1, array([0.5069, 0.0464]), array([0.50206667, 0.04512857]), 0.7854, 1.0]
[1, array([0.5069, 0.0464]), array([0.50221429, 0.04512857]), 0.7854, 1.0]
[1, array([0.5069, 0.0464]), array([0.5023619 , 0.04512857]), 0.7854, 1.0]
[1, array([0.5069, 0.0464]), array([0.50250952, 0.04512857]), 0.7854, 1.0]
[1, array([0.5069, 0.0464]), array([0.50265714, 0.04512857]), 0.7854, 1.0]
[1, array([0.5069, 0.0464]), array([0.50280476, 0.04512857]), 0.7854, 1.0]
[1, array([0.5069, 0.0464]), array([0.50295238, 0.04512857]), 0.7854, 1.0]
[1, array([0.5069, 0.0464]), array([0.5031    , 0.04512857]), 0.7854, 1.0]
[1, array([0.5069, 0.0464]), array([0.5       , 0.04527619]), 0.7854, 1.0]
[1, array([0.5069, 0.0464]), array([0.50014762, 0.04527619]), 0.7854, 1.0]
[1, array([0.5069, 0.0464]), array([0.50029524, 0.04527619]), 0.7854, 1.0]
[1, array([0.5069, 0.0464]), array([0.50044286, 0.04527619]), 0.7854, 1.0]
[1, array([0.5069, 0.0464]), array([0.50059048, 0.04527619]), 0.7854, 1.0]
[1, array([0.5069, 0.0464]), array([0.5007381 , 0.04527619]), 0.7854, 1.0]
[1, array([0.5069, 0.0464]), array([0.50088571, 0.04527619]), 0.7854, 1.0]
[1, array([0.5069, 0.0464]), array([0.50103333, 0.04527619]), 0.7854, 1.0]
[1, array([0.5069, 0.0464]), array([0.50118095, 0.04527619]), 0.7854, 1.0]
[1, array([0.5069, 0.0464]), array([0.50132857, 0.04527619]), 0.7854, 1.0]
[1, array([0.5069, 0.0464]), array([0.50147619, 0.04527619]), 0.7854, 1.0]
[1, array([0.5069, 0.0464]), array([0.50162381, 0.04527619]), 0.7854, 1.0]
[1, array([0.5069, 0.0464]), array([0.50177143, 0.04527619]), 0.7854, 1.0]
[1, array([0.5069, 0.0464]), array([0.50191905, 0.04527619]), 0.7854, 1.0]
[1, array([0.5069, 0.0464]), array([0.50206667, 0.04527619]), 0.7854, 1.0]
[1, array([0.5069, 0.0464]), array([0.50221429, 0.04527619]), 0.7854, 1.0]
[1, array([0.5069, 0.0464]), array([0.5023619 , 0.04527619]), 0.7854, 1.0]
[1, array([0.5069, 0.0464]), array([0.50250952, 0.04527619]), 0.7854, 1.0]
[1, array([0.5069, 0.0464]), array([0.50265714, 0.04527619]), 0.7854, 1.0]
[1, array([0.5069, 0.0464]), array([0.50280476, 0.04527619]), 0.7854, 1.0]
[1, array([0.5069, 0.0464]), array([0.50295238, 0.04527619]), 0.7854, 1.0]
[1, array([0.5069, 0.0464]), array([0.5031    , 0.04527619]), 0.7854, 1.0]
[1, array([0.5069, 0.0464]), array([0.5       , 0.04542381]), 0.7854, 1.0]
[1, array([0.5069, 0.0464]), array([0.50014762, 0.04542381]), 0.7854, 1.0]
[1, array([0.5069, 0.0464]), array([0.50029524, 0.04542381]), 0.7854, 1.0]
[1, array([0.5069, 0.0464]), array([0.50044286, 0.04542381]), 0.7854, 1.0]
[1, array([0.5069, 0.0464]), array([0.50059048, 0.04542381]), 0.7854, 1.0]
[1, array([0.5069, 0.0464]), array([0.5007381 , 0.04542381]), 0.7854, 1.0]
[1, array([0.5069, 0.0464]), array([0.50088571, 0.04542381]), 0.7854, 1.0]
[1, array([0.5069, 0.0464]), array([0.50103333, 0.04542381]), 0.7854, 1.0]
[1, array([0.5069, 0.0464]), array([0.50118095, 0.04542381]), 0.7854, 1.0]
[1, array([0.5069, 0.0464]), array([0.50132857, 0.04542381]), 0.7854, 1.0]
[1, array([0.5069, 0.0464]), array([0.50147619, 0.04542381]), 0.7854, 1.0]
[1, array([0.5069, 0.0464]), array([0.50162381, 0.04542381]), 0.7854, 1.0]
[1, array([0.5069, 0.0464]), array([0.50177143, 0.04542381]), 0.7854, 1.0]
[1, array([0.5069, 0.0464]), array([0.50191905, 0.04542381]), 0.7854, 1.0]
[1, array([0.5069, 0.0464]), array([0.50206667, 0.04542381]), 0.7854, 1.0]
[1, array([0.5069, 0.0464]), array([0.50221429, 0.04542381]), 0.7854, 1.0]
[1, array([0.5069, 0.0464]), array([0.5023619 , 0.04542381]), 0.7854, 1.0]
[1, array([0.5069, 0.0464]), array([0.50250952, 0.04542381]), 0.7854, 1.0]
[1, array([0.5069, 0.0464]), array([0.50265714, 0.04542381]), 0.7854, 1.0]
[1, array([0.5069, 0.0464]), array([0.50280476, 0.04542381]), 0.7854, 1.0]
[1, array([0.5069, 0.0464]), array([0.50295238, 0.04542381]), 0.7854, 1.0]
[1, array([0.5069, 0.0464]), array([0.5031    , 0.04542381]), 0.7854, 1.0]
[1, array([0.5069, 0.0464]), array([0.5       , 0.04557143]), 0.7854, 1.0]
[1, array([0.5069, 0.0464]), array([0.50014762, 0.04557143]), 0.7854, 1.0]
[1, array([0.5069, 0.0464]), array([0.50029524, 0.04557143]), 0.7854, 1.0]
[1, array([0.5069, 0.0464]), array([0.50044286, 0.04557143]), 0.7854, 1.0]
[1, array([0.5069, 0.0464]), array([0.50059048, 0.04557143]), 0.7854, 1.0]
[1, array([0.5069, 0.0464]), array([0.5007381 , 0.04557143]), 0.7854, 1.0]
[1, array([0.5069, 0.0464]), array([0.50088571, 0.04557143]), 0.7854, 1.0]
[1, array([0.5069, 0.0464]), array([0.50103333, 0.04557143]), 0.7854, 1.0]
[1, array([0.5069, 0.0464]), array([0.50118095, 0.04557143]), 0.7854, 1.0]
[1, array([0.5069, 0.0464]), array([0.50132857, 0.04557143]), 0.7854, 1.0]
[1, array([0.5069, 0.0464]), array([0.50147619, 0.04557143]), 0.7854, 1.0]
[1, array([0.5069, 0.0464]), array([0.50162381, 0.04557143]), 0.7854, 1.0]
[1, array([0.5069, 0.0464]), array([0.50177143, 0.04557143]), 0.7854, 1.0]
[1, array([0.5069, 0.0464]), array([0.50191905, 0.04557143]), 0.7854, 1.0]
[1, array([0.5069, 0.0464]), array([0.50206667, 0.04557143]), 0.7854, 1.0]
[1, array([0.5069, 0.0464]), array([0.50221429, 0.04557143]), 0.7854, 1.0]
[1, array([0.5069, 0.0464]), array([0.5023619 , 0.04557143]), 0.7854, 1.0]
[1, array([0.5069, 0.0464]), array([0.50250952, 0.04557143]), 0.7854, 1.0]
[1, array([0.5069, 0.0464]), array([0.50265714, 0.04557143]), 0.7854, 1.0]
[1, array([0.5069, 0.0464]), array([0.50280476, 0.04557143]), 0.7854, 1.0]
[1, array([0.5069, 0.0464]), array([0.50295238, 0.04557143]), 0.7854, 1.0]
[1, array([0.5069, 0.0464]), array([0.5031    , 0.04557143]), 0.7854, 1.0]
[1, array([0.5069, 0.0464]), array([0.5       , 0.04571905]), 0.7854, 1.0]
[1, array([0.5069, 0.0464]), array([0.50014762, 0.04571905]), 0.7854, 1.0]
[1, array([0.5069, 0.0464]), array([0.50029524, 0.04571905]), 0.7854, 1.0]
[1, array([0.5069, 0.0464]), array([0.50044286, 0.04571905]), 0.7854, 1.0]
[1, array([0.5069, 0.0464]), array([0.50059048, 0.04571905]), 0.7854, 1.0]
[1, array([0.5069, 0.0464]), array([0.5007381 , 0.04571905]), 0.7854, 1.0]
[1, array([0.5069, 0.0464]), array([0.50088571, 0.04571905]), 0.7854, 1.0]
[1, array([0.5069, 0.0464]), array([0.50103333, 0.04571905]), 0.7854, 1.0]
[1, array([0.5069, 0.0464]), array([0.50118095, 0.04571905]), 0.7854, 1.0]
[1, array([0.5069, 0.0464]), array([0.50132857, 0.04571905]), 0.7854, 1.0]
[1, array([0.5069, 0.0464]), array([0.50147619, 0.04571905]), 0.7854, 1.0]
[1, array([0.5069, 0.0464]), array([0.50162381, 0.04571905]), 0.7854, 1.0]
[1, array([0.5069, 0.0464]), array([0.50177143, 0.04571905]), 0.7854, 1.0]
[1, array([0.5069, 0.0464]), array([0.50191905, 0.04571905]), 0.7854, 1.0]
[1, array([0.5069, 0.0464]), array([0.50206667, 0.04571905]), 0.7854, 1.0]
[1, array([0.5069, 0.0464]), array([0.50221429, 0.04571905]), 0.7854, 1.0]
[1, array([0.5069, 0.0464]), array([0.5023619 , 0.04571905]), 0.7854, 1.0]
[1, array([0.5069, 0.0464]), array([0.50250952, 0.04571905]), 0.7854, 1.0]
[1, array([0.5069, 0.0464]), array([0.50265714, 0.04571905]), 0.7854, 1.0]
[1, array([0.5069, 0.0464]), array([0.50280476, 0.04571905]), 0.7854, 1.0]
[1, array([0.5069, 0.0464]), array([0.50295238, 0.04571905]), 0.7854, 1.0]
[1, array([0.5069, 0.0464]), array([0.5031    , 0.04571905]), 0.7854, 1.0]
[1, array([0.5069, 0.0464]), array([0.5       , 0.04586667]), 0.7854, 1.0]
[1, array([0.5069, 0.0464]), array([0.50014762, 0.04586667]), 0.7854, 1.0]
[1, array([0.5069, 0.0464]), array([0.50029524, 0.04586667]), 0.7854, 1.0]
[1, array([0.5069, 0.0464]), array([0.50044286, 0.04586667]), 0.7854, 1.0]
[1, array([0.5069, 0.0464]), array([0.50059048, 0.04586667]), 0.7854, 1.0]
[1, array([0.5069, 0.0464]), array([0.5007381 , 0.04586667]), 0.7854, 1.0]
[1, array([0.5069, 0.0464]), array([0.50088571, 0.04586667]), 0.7854, 1.0]
[1, array([0.5069, 0.0464]), array([0.50103333, 0.04586667]), 0.7854, 1.0]
[1, array([0.5069, 0.0464]), array([0.50118095, 0.04586667]), 0.7854, 1.0]
[1, array([0.5069, 0.0464]), array([0.50132857, 0.04586667]), 0.7854, 1.0]
[1, array([0.5069, 0.0464]), array([0.50147619, 0.04586667]), 0.7854, 1.0]
[1, array([0.5069, 0.0464]), array([0.50162381, 0.04586667]), 0.7854, 1.0]
[1, array([0.5069, 0.0464]), array([0.50177143, 0.04586667]), 0.7854, 1.0]
[1, array([0.5069, 0.0464]), array([0.50191905, 0.04586667]), 0.7854, 1.0]
[1, array([0.5069, 0.0464]), array([0.50206667, 0.04586667]), 0.7854, 1.0]
[1, array([0.5069, 0.0464]), array([0.50221429, 0.04586667]), 0.7854, 1.0]
[1, array([0.5069, 0.0464]), array([0.5023619 , 0.04586667]), 0.7854, 1.0]
[1, array([0.5069, 0.0464]), array([0.50250952, 0.04586667]), 0.7854, 1.0]
[1, array([0.5069, 0.0464]), array([0.50265714, 0.04586667]), 0.7854, 1.0]
[1, array([0.5069, 0.0464]), array([0.50280476, 0.04586667]), 0.7854, 1.0]
[1, array([0.5069, 0.0464]), array([0.50295238, 0.04586667]), 0.7854, 1.0]
[1, array([0.5069, 0.0464]), array([0.5031    , 0.04586667]), 0.7854, 1.0]
[1, array([0.5069, 0.0464]), array([0.5       , 0.04601429]), 0.7854, 1.0]
[1, array([0.5069, 0.0464]), array([0.50014762, 0.04601429]), 0.7854, 1.0]
[1, array([0.5069, 0.0464]), array([0.50029524, 0.04601429]), 0.7854, 1.0]
[1, array([0.5069, 0.0464]), array([0.50044286, 0.04601429]), 0.7854, 1.0]
[1, array([0.5069, 0.0464]), array([0.50059048, 0.04601429]), 0.7854, 1.0]
[1, array([0.5069, 0.0464]), array([0.5007381 , 0.04601429]), 0.7854, 1.0]
[1, array([0.5069, 0.0464]), array([0.50088571, 0.04601429]), 0.7854, 1.0]
[1, array([0.5069, 0.0464]), array([0.50103333, 0.04601429]), 0.7854, 1.0]
[1, array([0.5069, 0.0464]), array([0.50118095, 0.04601429]), 0.7854, 1.0]
[1, array([0.5069, 0.0464]), array([0.50132857, 0.04601429]), 0.7854, 1.0]
[1, array([0.5069, 0.0464]), array([0.50147619, 0.04601429]), 0.7854, 1.0]
[1, array([0.5069, 0.0464]), array([0.50162381, 0.04601429]), 0.7854, 1.0]
[1, array([0.5069, 0.0464]), array([0.50177143, 0.04601429]), 0.7854, 1.0]
[1, array([0.5069, 0.0464]), array([0.50191905, 0.04601429]), 0.7854, 1.0]
[1, array([0.5069, 0.0464]), array([0.50206667, 0.04601429]), 0.7854, 1.0]
[1, array([0.5069, 0.0464]), array([0.50221429, 0.04601429]), 0.7854, 1.0]
[1, array([0.5069, 0.0464]), array([0.5023619 , 0.04601429]), 0.7854, 1.0]
[1, array([0.5069, 0.0464]), array([0.50250952, 0.04601429]), 0.7854, 1.0]
[1, array([0.5069, 0.0464]), array([0.50265714, 0.04601429]), 0.7854, 1.0]
[1, array([0.5069, 0.0464]), array([0.50280476, 0.04601429]), 0.7854, 1.0]
[1, array([0.5069, 0.0464]), array([0.50295238, 0.04601429]), 0.7854, 1.0]
[1, array([0.5069, 0.0464]), array([0.5031    , 0.04601429]), 0.7854, 1.0]
[1, array([0.5069, 0.0464]), array([0.5      , 0.0461619]), 0.7854, 1.0]
[1, array([0.5069, 0.0464]), array([0.50014762, 0.0461619 ]), 0.7854, 1.0]
[1, array([0.5069, 0.0464]), array([0.50029524, 0.0461619 ]), 0.7854, 1.0]
[1, array([0.5069, 0.0464]), array([0.50044286, 0.0461619 ]), 0.7854, 1.0]
[1, array([0.5069, 0.0464]), array([0.50059048, 0.0461619 ]), 0.7854, 1.0]
[1, array([0.5069, 0.0464]), array([0.5007381, 0.0461619]), 0.7854, 1.0]
[1, array([0.5069, 0.0464]), array([0.50088571, 0.0461619 ]), 0.7854, 1.0]
[1, array([0.5069, 0.0464]), array([0.50103333, 0.0461619 ]), 0.7854, 1.0]
[1, array([0.5069, 0.0464]), array([0.50118095, 0.0461619 ]), 0.7854, 1.0]
[1, array([0.5069, 0.0464]), array([0.50132857, 0.0461619 ]), 0.7854, 1.0]
[1, array([0.5069, 0.0464]), array([0.50147619, 0.0461619 ]), 0.7854, 1.0]
[1, array([0.5069, 0.0464]), array([0.50162381, 0.0461619 ]), 0.7854, 1.0]
[1, array([0.5069, 0.0464]), array([0.50177143, 0.0461619 ]), 0.7854, 1.0]
[1, array([0.5069, 0.0464]), array([0.50191905, 0.0461619 ]), 0.7854, 1.0]
[1, array([0.5069, 0.0464]), array([0.50206667, 0.0461619 ]), 0.7854, 1.0]
[1, array([0.5069, 0.0464]), array([0.50221429, 0.0461619 ]), 0.7854, 1.0]
[1, array([0.5069, 0.0464]), array([0.5023619, 0.0461619]), 0.7854, 1.0]
[1, array([0.5069, 0.0464]), array([0.50250952, 0.0461619 ]), 0.7854, 1.0]
[1, array([0.5069, 0.0464]), array([0.50265714, 0.0461619 ]), 0.7854, 1.0]
[1, array([0.5069, 0.0464]), array([0.50280476, 0.0461619 ]), 0.7854, 1.0]
[1, array([0.5069, 0.0464]), array([0.50295238, 0.0461619 ]), 0.7854, 1.0]
[1, array([0.5069, 0.0464]), array([0.5031   , 0.0461619]), 0.7854, 1.0]
[1, array([0.5069, 0.0464]), array([0.5       , 0.04630952]), 0.7854, 1.0]
[1, array([0.5069, 0.0464]), array([0.50014762, 0.04630952]), 0.7854, 1.0]
[1, array([0.5069, 0.0464]), array([0.50029524, 0.04630952]), 0.7854, 1.0]
[1, array([0.5069, 0.0464]), array([0.50044286, 0.04630952]), 0.7854, 1.0]
[1, array([0.5069, 0.0464]), array([0.50059048, 0.04630952]), 0.7854, 1.0]
[1, array([0.5069, 0.0464]), array([0.5007381 , 0.04630952]), 0.7854, 1.0]
[1, array([0.5069, 0.0464]), array([0.50088571, 0.04630952]), 0.7854, 1.0]
[1, array([0.5069, 0.0464]), array([0.50103333, 0.04630952]), 0.7854, 1.0]
[1, array([0.5069, 0.0464]), array([0.50118095, 0.04630952]), 0.7854, 1.0]
[1, array([0.5069, 0.0464]), array([0.50132857, 0.04630952]), 0.7854, 1.0]
[1, array([0.5069, 0.0464]), array([0.50147619, 0.04630952]), 0.7854, 1.0]
[1, array([0.5069, 0.0464]), array([0.50162381, 0.04630952]), 0.7854, 1.0]
[1, array([0.5069, 0.0464]), array([0.50177143, 0.04630952]), 0.7854, 1.0]
[1, array([0.5069, 0.0464]), array([0.50191905, 0.04630952]), 0.7854, 1.0]
[1, array([0.5069, 0.0464]), array([0.50206667, 0.04630952]), 0.7854, 1.0]
[1, array([0.5069, 0.0464]), array([0.50221429, 0.04630952]), 0.7854, 1.0]
[1, array([0.5069, 0.0464]), array([0.5023619 , 0.04630952]), 0.7854, 1.0]
[1, array([0.5069, 0.0464]), array([0.50250952, 0.04630952]), 0.7854, 1.0]
[1, array([0.5069, 0.0464]), array([0.50265714, 0.04630952]), 0.7854, 1.0]
[1, array([0.5069, 0.0464]), array([0.50280476, 0.04630952]), 0.7854, 1.0]
[1, array([0.5069, 0.0464]), array([0.50295238, 0.04630952]), 0.7854, 1.0]
[1, array([0.5069, 0.0464]), array([0.5031    , 0.04630952]), 0.7854, 1.0]
[1, array([0.5069, 0.0464]), array([0.5       , 0.04645714]), 0.7854, 1.0]
[1, array([0.5069, 0.0464]), array([0.50014762, 0.04645714]), 0.7854, 1.0]
[1, array([0.5069, 0.0464]), array([0.50029524, 0.04645714]), 0.7854, 1.0]
[1, array([0.5069, 0.0464]), array([0.50044286, 0.04645714]), 0.7854, 1.0]
[1, array([0.5069, 0.0464]), array([0.50059048, 0.04645714]), 0.7854, 1.0]
[1, array([0.5069, 0.0464]), array([0.5007381 , 0.04645714]), 0.7854, 1.0]
[1, array([0.5069, 0.0464]), array([0.50088571, 0.04645714]), 0.7854, 1.0]
[1, array([0.5069, 0.0464]), array([0.50103333, 0.04645714]), 0.7854, 1.0]
[1, array([0.5069, 0.0464]), array([0.50118095, 0.04645714]), 0.7854, 1.0]
[1, array([0.5069, 0.0464]), array([0.50132857, 0.04645714]), 0.7854, 1.0]
[1, array([0.5069, 0.0464]), array([0.50147619, 0.04645714]), 0.7854, 1.0]
[1, array([0.5069, 0.0464]), array([0.50162381, 0.04645714]), 0.7854, 1.0]
[1, array([0.5069, 0.0464]), array([0.50177143, 0.04645714]), 0.7854, 1.0]
[1, array([0.5069, 0.0464]), array([0.50191905, 0.04645714]), 0.7854, 1.0]
[1, array([0.5069, 0.0464]), array([0.50206667, 0.04645714]), 0.7854, 1.0]
[1, array([0.5069, 0.0464]), array([0.50221429, 0.04645714]), 0.7854, 1.0]
[1, array([0.5069, 0.0464]), array([0.5023619 , 0.04645714]), 0.7854, 1.0]
[1, array([0.5069, 0.0464]), array([0.50250952, 0.04645714]), 0.7854, 1.0]
[1, array([0.5069, 0.0464]), array([0.50265714, 0.04645714]), 0.7854, 1.0]
[1, array([0.5069, 0.0464]), array([0.50280476, 0.04645714]), 0.7854, 1.0]
[1, array([0.5069, 0.0464]), array([0.50295238, 0.04645714]), 0.7854, 1.0]
[1, array([0.5069, 0.0464]), array([0.5031    , 0.04645714]), 0.7854, 1.0]
[1, array([0.5069, 0.0464]), array([0.5       , 0.04660476]), 0.7854, 1.0]
[1, array([0.5069, 0.0464]), array([0.50014762, 0.04660476]), 0.7854, 1.0]
[1, array([0.5069, 0.0464]), array([0.50029524, 0.04660476]), 0.7854, 1.0]
[1, array([0.5069, 0.0464]), array([0.50044286, 0.04660476]), 0.7854, 1.0]
[1, array([0.5069, 0.0464]), array([0.50059048, 0.04660476]), 0.7854, 1.0]
[1, array([0.5069, 0.0464]), array([0.5007381 , 0.04660476]), 0.7854, 1.0]
[1, array([0.5069, 0.0464]), array([0.50088571, 0.04660476]), 0.7854, 1.0]
[1, array([0.5069, 0.0464]), array([0.50103333, 0.04660476]), 0.7854, 1.0]
[1, array([0.5069, 0.0464]), array([0.50118095, 0.04660476]), 0.7854, 1.0]
[1, array([0.5069, 0.0464]), array([0.50132857, 0.04660476]), 0.7854, 1.0]
[1, array([0.5069, 0.0464]), array([0.50147619, 0.04660476]), 0.7854, 1.0]
[1, array([0.5069, 0.0464]), array([0.50162381, 0.04660476]), 0.7854, 1.0]
[1, array([0.5069, 0.0464]), array([0.50177143, 0.04660476]), 0.7854, 1.0]
[1, array([0.5069, 0.0464]), array([0.50191905, 0.04660476]), 0.7854, 1.0]
[1, array([0.5069, 0.0464]), array([0.50206667, 0.04660476]), 0.7854, 1.0]
[1, array([0.5069, 0.0464]), array([0.50221429, 0.04660476]), 0.7854, 1.0]
[1, array([0.5069, 0.0464]), array([0.5023619 , 0.04660476]), 0.7854, 1.0]
[1, array([0.5069, 0.0464]), array([0.50250952, 0.04660476]), 0.7854, 1.0]
[1, array([0.5069, 0.0464]), array([0.50265714, 0.04660476]), 0.7854, 1.0]
[1, array([0.5069, 0.0464]), array([0.50280476, 0.04660476]), 0.7854, 1.0]
[1, array([0.5069, 0.0464]), array([0.50295238, 0.04660476]), 0.7854, 1.0]
[1, array([0.5069, 0.0464]), array([0.5031    , 0.04660476]), 0.7854, 1.0]
[1, array([0.5069, 0.0464]), array([0.5       , 0.04675238]), 0.7854, 1.0]
[1, array([0.5069, 0.0464]), array([0.50014762, 0.04675238]), 0.7854, 1.0]
[1, array([0.5069, 0.0464]), array([0.50029524, 0.04675238]), 0.7854, 1.0]
[1, array([0.5069, 0.0464]), array([0.50044286, 0.04675238]), 0.7854, 1.0]
[1, array([0.5069, 0.0464]), array([0.50059048, 0.04675238]), 0.7854, 1.0]
[1, array([0.5069, 0.0464]), array([0.5007381 , 0.04675238]), 0.7854, 1.0]
[1, array([0.5069, 0.0464]), array([0.50088571, 0.04675238]), 0.7854, 1.0]
[1, array([0.5069, 0.0464]), array([0.50103333, 0.04675238]), 0.7854, 1.0]
[1, array([0.5069, 0.0464]), array([0.50118095, 0.04675238]), 0.7854, 1.0]
[1, array([0.5069, 0.0464]), array([0.50132857, 0.04675238]), 0.7854, 1.0]
[1, array([0.5069, 0.0464]), array([0.50147619, 0.04675238]), 0.7854, 1.0]
[1, array([0.5069, 0.0464]), array([0.50162381, 0.04675238]), 0.7854, 1.0]
[1, array([0.5069, 0.0464]), array([0.50177143, 0.04675238]), 0.7854, 1.0]
[1, array([0.5069, 0.0464]), array([0.50191905, 0.04675238]), 0.7854, 1.0]
[1, array([0.5069, 0.0464]), array([0.50206667, 0.04675238]), 0.7854, 1.0]
[1, array([0.5069, 0.0464]), array([0.50221429, 0.04675238]), 0.7854, 1.0]
[1, array([0.5069, 0.0464]), array([0.5023619 , 0.04675238]), 0.7854, 1.0]
[1, array([0.5069, 0.0464]), array([0.50250952, 0.04675238]), 0.7854, 1.0]
[1, array([0.5069, 0.0464]), array([0.50265714, 0.04675238]), 0.7854, 1.0]
[1, array([0.5069, 0.0464]), array([0.50280476, 0.04675238]), 0.7854, 1.0]
[1, array([0.5069, 0.0464]), array([0.50295238, 0.04675238]), 0.7854, 1.0]
[1, array([0.5069, 0.0464]), array([0.5031    , 0.04675238]), 0.7854, 1.0]
[1, array([0.5069, 0.0464]), array([0.5   , 0.0469]), 0.7854, 1.0]
[1, array([0.5069, 0.0464]), array([0.50014762, 0.0469    ]), 0.7854, 1.0]
[1, array([0.5069, 0.0464]), array([0.50029524, 0.0469    ]), 0.7854, 1.0]
[1, array([0.5069, 0.0464]), array([0.50044286, 0.0469    ]), 0.7854, 1.0]
[1, array([0.5069, 0.0464]), array([0.50059048, 0.0469    ]), 0.7854, 1.0]
[1, array([0.5069, 0.0464]), array([0.5007381, 0.0469   ]), 0.7854, 1.0]
[1, array([0.5069, 0.0464]), array([0.50088571, 0.0469    ]), 0.7854, 1.0]
[1, array([0.5069, 0.0464]), array([0.50103333, 0.0469    ]), 0.7854, 1.0]
[1, array([0.5069, 0.0464]), array([0.50118095, 0.0469    ]), 0.7854, 1.0]
[1, array([0.5069, 0.0464]), array([0.50132857, 0.0469    ]), 0.7854, 1.0]
[1, array([0.5069, 0.0464]), array([0.50147619, 0.0469    ]), 0.7854, 1.0]
[1, array([0.5069, 0.0464]), array([0.50162381, 0.0469    ]), 0.7854, 1.0]
[1, array([0.5069, 0.0464]), array([0.50177143, 0.0469    ]), 0.7854, 1.0]
[1, array([0.5069, 0.0464]), array([0.50191905, 0.0469    ]), 0.7854, 1.0]
[1, array([0.5069, 0.0464]), array([0.50206667, 0.0469    ]), 0.7854, 1.0]
[1, array([0.5069, 0.0464]), array([0.50221429, 0.0469    ]), 0.7854, 1.0]
[1, array([0.5069, 0.0464]), array([0.5023619, 0.0469   ]), 0.7854, 1.0]
[1, array([0.5069, 0.0464]), array([0.50250952, 0.0469    ]), 0.7854, 1.0]
[1, array([0.5069, 0.0464]), array([0.50265714, 0.0469    ]), 0.7854, 1.0]
[1, array([0.5069, 0.0464]), array([0.50280476, 0.0469    ]), 0.7854, 1.0]
[1, array([0.5069, 0.0464]), array([0.50295238, 0.0469    ]), 0.7854, 1.0]
[1, array([0.5069, 0.0464]), array([0.5031, 0.0469]), 0.7854, 1.0]
[0, array([0.4936, 0.0105]), array([0.4906, 0.0062]), 0.7854, 1.0]
[0, array([0.4936, 0.0105]), array([0.49075238, 0.0062    ]), 0.7854, 1.0]
[0, array([0.4936, 0.0105]), array([0.49090476, 0.0062    ]), 0.7854, 1.0]
[0, array([0.4936, 0.0105]), array([0.49105714, 0.0062    ]), 0.7854, 1.0]
[0, array([0.4936, 0.0105]), array([0.49120952, 0.0062    ]), 0.7854, 1.0]
[0, array([0.4936, 0.0105]), array([0.4913619, 0.0062   ]), 0.7854, 1.0]
[0, array([0.4936, 0.0105]), array([0.49151429, 0.0062    ]), 0.7854, 1.0]
[0, array([0.4936, 0.0105]), array([0.49166667, 0.0062    ]), 0.7854, 1.0]
[0, array([0.4936, 0.0105]), array([0.49181905, 0.0062    ]), 0.7854, 1.0]
[0, array([0.4936, 0.0105]), array([0.49197143, 0.0062    ]), 0.7854, 1.0]
[0, array([0.4936, 0.0105]), array([0.49212381, 0.0062    ]), 0.7854, 1.0]
[0, array([0.4936, 0.0105]), array([0.49227619, 0.0062    ]), 0.7854, 1.0]
[0, array([0.4936, 0.0105]), array([0.49242857, 0.0062    ]), 0.7854, 1.0]
[0, array([0.4936, 0.0105]), array([0.49258095, 0.0062    ]), 0.7854, 1.0]
[0, array([0.4936, 0.0105]), array([0.49273333, 0.0062    ]), 0.7854, 1.0]
[0, array([0.4936, 0.0105]), array([0.49288571, 0.0062    ]), 0.7854, 1.0]
[0, array([0.4936, 0.0105]), array([0.4930381, 0.0062   ]), 0.7854, 1.0]
[0, array([0.4936, 0.0105]), array([0.49319048, 0.0062    ]), 0.7854, 1.0]
[0, array([0.4936, 0.0105]), array([0.49334286, 0.0062    ]), 0.7854, 1.0]
[0, array([0.4936, 0.0105]), array([0.49349524, 0.0062    ]), 0.7854, 1.0]
[0, array([0.4936, 0.0105]), array([0.49364762, 0.0062    ]), 0.7854, 1.0]
[0, array([0.4936, 0.0105]), array([0.4938, 0.0062]), 0.7854, 1.0]
[0, array([0.4936, 0.0105]), array([0.4906    , 0.00635238]), 0.7854, 1.0]
[0, array([0.4936, 0.0105]), array([0.49075238, 0.00635238]), 0.7854, 1.0]
[0, array([0.4936, 0.0105]), array([0.49090476, 0.00635238]), 0.7854, 1.0]
[0, array([0.4936, 0.0105]), array([0.49105714, 0.00635238]), 0.7854, 1.0]
[0, array([0.4936, 0.0105]), array([0.49120952, 0.00635238]), 0.7854, 1.0]
[0, array([0.4936, 0.0105]), array([0.4913619 , 0.00635238]), 0.7854, 1.0]
[0, array([0.4936, 0.0105]), array([0.49151429, 0.00635238]), 0.7854, 1.0]
[0, array([0.4936, 0.0105]), array([0.49166667, 0.00635238]), 0.7854, 1.0]
[0, array([0.4936, 0.0105]), array([0.49181905, 0.00635238]), 0.7854, 1.0]
[0, array([0.4936, 0.0105]), array([0.49197143, 0.00635238]), 0.7854, 1.0]
[0, array([0.4936, 0.0105]), array([0.49212381, 0.00635238]), 0.7854, 1.0]
[0, array([0.4936, 0.0105]), array([0.49227619, 0.00635238]), 0.7854, 1.0]
[0, array([0.4936, 0.0105]), array([0.49242857, 0.00635238]), 0.7854, 1.0]
[0, array([0.4936, 0.0105]), array([0.49258095, 0.00635238]), 0.7854, 1.0]
[0, array([0.4936, 0.0105]), array([0.49273333, 0.00635238]), 0.7854, 1.0]
[0, array([0.4936, 0.0105]), array([0.49288571, 0.00635238]), 0.7854, 1.0]
[0, array([0.4936, 0.0105]), array([0.4930381 , 0.00635238]), 0.7854, 1.0]
[0, array([0.4936, 0.0105]), array([0.49319048, 0.00635238]), 0.7854, 1.0]
[0, array([0.4936, 0.0105]), array([0.49334286, 0.00635238]), 0.7854, 1.0]
[0, array([0.4936, 0.0105]), array([0.49349524, 0.00635238]), 0.7854, 1.0]
[0, array([0.4936, 0.0105]), array([0.49364762, 0.00635238]), 0.7854, 1.0]
[0, array([0.4936, 0.0105]), array([0.4938    , 0.00635238]), 0.7854, 1.0]
[0, array([0.4936, 0.0105]), array([0.4906    , 0.00650476]), 0.7854, 1.0]
[0, array([0.4936, 0.0105]), array([0.49075238, 0.00650476]), 0.7854, 1.0]
[0, array([0.4936, 0.0105]), array([0.49090476, 0.00650476]), 0.7854, 1.0]
[0, array([0.4936, 0.0105]), array([0.49105714, 0.00650476]), 0.7854, 1.0]
[0, array([0.4936, 0.0105]), array([0.49120952, 0.00650476]), 0.7854, 1.0]
[0, array([0.4936, 0.0105]), array([0.4913619 , 0.00650476]), 0.7854, 1.0]
[0, array([0.4936, 0.0105]), array([0.49151429, 0.00650476]), 0.7854, 1.0]
[0, array([0.4936, 0.0105]), array([0.49166667, 0.00650476]), 0.7854, 1.0]
[0, array([0.4936, 0.0105]), array([0.49181905, 0.00650476]), 0.7854, 1.0]
[0, array([0.4936, 0.0105]), array([0.49197143, 0.00650476]), 0.7854, 1.0]
[0, array([0.4936, 0.0105]), array([0.49212381, 0.00650476]), 0.7854, 1.0]
[0, array([0.4936, 0.0105]), array([0.49227619, 0.00650476]), 0.7854, 1.0]
[0, array([0.4936, 0.0105]), array([0.49242857, 0.00650476]), 0.7854, 1.0]
[0, array([0.4936, 0.0105]), array([0.49258095, 0.00650476]), 0.7854, 1.0]
[0, array([0.4936, 0.0105]), array([0.49273333, 0.00650476]), 0.7854, 1.0]
[0, array([0.4936, 0.0105]), array([0.49288571, 0.00650476]), 0.7854, 1.0]
[0, array([0.4936, 0.0105]), array([0.4930381 , 0.00650476]), 0.7854, 1.0]
[0, array([0.4936, 0.0105]), array([0.49319048, 0.00650476]), 0.7854, 1.0]
[0, array([0.4936, 0.0105]), array([0.49334286, 0.00650476]), 0.7854, 1.0]
[0, array([0.4936, 0.0105]), array([0.49349524, 0.00650476]), 0.7854, 1.0]
[0, array([0.4936, 0.0105]), array([0.49364762, 0.00650476]), 0.7854, 1.0]
[0, array([0.4936, 0.0105]), array([0.4938    , 0.00650476]), 0.7854, 1.0]
[0, array([0.4936, 0.0105]), array([0.4906    , 0.00665714]), 0.7854, 1.0]
[0, array([0.4936, 0.0105]), array([0.49075238, 0.00665714]), 0.7854, 1.0]
[0, array([0.4936, 0.0105]), array([0.49090476, 0.00665714]), 0.7854, 1.0]
[0, array([0.4936, 0.0105]), array([0.49105714, 0.00665714]), 0.7854, 1.0]
[0, array([0.4936, 0.0105]), array([0.49120952, 0.00665714]), 0.7854, 1.0]
[0, array([0.4936, 0.0105]), array([0.4913619 , 0.00665714]), 0.7854, 1.0]
[0, array([0.4936, 0.0105]), array([0.49151429, 0.00665714]), 0.7854, 1.0]
[0, array([0.4936, 0.0105]), array([0.49166667, 0.00665714]), 0.7854, 1.0]
[0, array([0.4936, 0.0105]), array([0.49181905, 0.00665714]), 0.7854, 1.0]
[0, array([0.4936, 0.0105]), array([0.49197143, 0.00665714]), 0.7854, 1.0]
[0, array([0.4936, 0.0105]), array([0.49212381, 0.00665714]), 0.7854, 1.0]
[0, array([0.4936, 0.0105]), array([0.49227619, 0.00665714]), 0.7854, 1.0]
[0, array([0.4936, 0.0105]), array([0.49242857, 0.00665714]), 0.7854, 1.0]
[0, array([0.4936, 0.0105]), array([0.49258095, 0.00665714]), 0.7854, 1.0]
[0, array([0.4936, 0.0105]), array([0.49273333, 0.00665714]), 0.7854, 1.0]
[0, array([0.4936, 0.0105]), array([0.49288571, 0.00665714]), 0.7854, 1.0]
[0, array([0.4936, 0.0105]), array([0.4930381 , 0.00665714]), 0.7854, 1.0]
[0, array([0.4936, 0.0105]), array([0.49319048, 0.00665714]), 0.7854, 1.0]
[0, array([0.4936, 0.0105]), array([0.49334286, 0.00665714]), 0.7854, 1.0]
[0, array([0.4936, 0.0105]), array([0.49349524, 0.00665714]), 0.7854, 1.0]
[0, array([0.4936, 0.0105]), array([0.49364762, 0.00665714]), 0.7854, 1.0]
[0, array([0.4936, 0.0105]), array([0.4938    , 0.00665714]), 0.7854, 1.0]
[0, array([0.4936, 0.0105]), array([0.4906    , 0.00680952]), 0.7854, 1.0]
[0, array([0.4936, 0.0105]), array([0.49075238, 0.00680952]), 0.7854, 1.0]
[0, array([0.4936, 0.0105]), array([0.49090476, 0.00680952]), 0.7854, 1.0]
[0, array([0.4936, 0.0105]), array([0.49105714, 0.00680952]), 0.7854, 1.0]
[0, array([0.4936, 0.0105]), array([0.49120952, 0.00680952]), 0.7854, 1.0]
[0, array([0.4936, 0.0105]), array([0.4913619 , 0.00680952]), 0.7854, 1.0]
[0, array([0.4936, 0.0105]), array([0.49151429, 0.00680952]), 0.7854, 1.0]
[0, array([0.4936, 0.0105]), array([0.49166667, 0.00680952]), 0.7854, 1.0]
[0, array([0.4936, 0.0105]), array([0.49181905, 0.00680952]), 0.7854, 1.0]
[0, array([0.4936, 0.0105]), array([0.49197143, 0.00680952]), 0.7854, 1.0]
[0, array([0.4936, 0.0105]), array([0.49212381, 0.00680952]), 0.7854, 1.0]
[0, array([0.4936, 0.0105]), array([0.49227619, 0.00680952]), 0.7854, 1.0]
[0, array([0.4936, 0.0105]), array([0.49242857, 0.00680952]), 0.7854, 1.0]
[0, array([0.4936, 0.0105]), array([0.49258095, 0.00680952]), 0.7854, 1.0]
[0, array([0.4936, 0.0105]), array([0.49273333, 0.00680952]), 0.7854, 1.0]
[0, array([0.4936, 0.0105]), array([0.49288571, 0.00680952]), 0.7854, 1.0]
[0, array([0.4936, 0.0105]), array([0.4930381 , 0.00680952]), 0.7854, 1.0]
[0, array([0.4936, 0.0105]), array([0.49319048, 0.00680952]), 0.7854, 1.0]
[0, array([0.4936, 0.0105]), array([0.49334286, 0.00680952]), 0.7854, 1.0]
[0, array([0.4936, 0.0105]), array([0.49349524, 0.00680952]), 0.7854, 1.0]
[0, array([0.4936, 0.0105]), array([0.49364762, 0.00680952]), 0.7854, 1.0]
[0, array([0.4936, 0.0105]), array([0.4938    , 0.00680952]), 0.7854, 1.0]
[0, array([0.4936, 0.0105]), array([0.4906   , 0.0069619]), 0.7854, 1.0]
[0, array([0.4936, 0.0105]), array([0.49075238, 0.0069619 ]), 0.7854, 1.0]
[0, array([0.4936, 0.0105]), array([0.49090476, 0.0069619 ]), 0.7854, 1.0]
[0, array([0.4936, 0.0105]), array([0.49105714, 0.0069619 ]), 0.7854, 1.0]
[0, array([0.4936, 0.0105]), array([0.49120952, 0.0069619 ]), 0.7854, 1.0]
[0, array([0.4936, 0.0105]), array([0.4913619, 0.0069619]), 0.7854, 1.0]
[0, array([0.4936, 0.0105]), array([0.49151429, 0.0069619 ]), 0.7854, 1.0]
[0, array([0.4936, 0.0105]), array([0.49166667, 0.0069619 ]), 0.7854, 1.0]
[0, array([0.4936, 0.0105]), array([0.49181905, 0.0069619 ]), 0.7854, 1.0]
[0, array([0.4936, 0.0105]), array([0.49197143, 0.0069619 ]), 0.7854, 1.0]
[0, array([0.4936, 0.0105]), array([0.49212381, 0.0069619 ]), 0.7854, 1.0]
[0, array([0.4936, 0.0105]), array([0.49227619, 0.0069619 ]), 0.7854, 1.0]
[0, array([0.4936, 0.0105]), array([0.49242857, 0.0069619 ]), 0.7854, 1.0]
[0, array([0.4936, 0.0105]), array([0.49258095, 0.0069619 ]), 0.7854, 1.0]
[0, array([0.4936, 0.0105]), array([0.49273333, 0.0069619 ]), 0.7854, 1.0]
[0, array([0.4936, 0.0105]), array([0.49288571, 0.0069619 ]), 0.7854, 1.0]
[0, array([0.4936, 0.0105]), array([0.4930381, 0.0069619]), 0.7854, 1.0]
[0, array([0.4936, 0.0105]), array([0.49319048, 0.0069619 ]), 0.7854, 1.0]
[0, array([0.4936, 0.0105]), array([0.49334286, 0.0069619 ]), 0.7854, 1.0]
[0, array([0.4936, 0.0105]), array([0.49349524, 0.0069619 ]), 0.7854, 1.0]
[0, array([0.4936, 0.0105]), array([0.49364762, 0.0069619 ]), 0.7854, 1.0]
[0, array([0.4936, 0.0105]), array([0.4938   , 0.0069619]), 0.7854, 1.0]
[0, array([0.4936, 0.0105]), array([0.4906    , 0.00711429]), 0.7854, 1.0]
[0, array([0.4936, 0.0105]), array([0.49075238, 0.00711429]), 0.7854, 1.0]
[0, array([0.4936, 0.0105]), array([0.49090476, 0.00711429]), 0.7854, 1.0]
[0, array([0.4936, 0.0105]), array([0.49105714, 0.00711429]), 0.7854, 1.0]
[0, array([0.4936, 0.0105]), array([0.49120952, 0.00711429]), 0.7854, 1.0]
[0, array([0.4936, 0.0105]), array([0.4913619 , 0.00711429]), 0.7854, 1.0]
[0, array([0.4936, 0.0105]), array([0.49151429, 0.00711429]), 0.7854, 1.0]
[0, array([0.4936, 0.0105]), array([0.49166667, 0.00711429]), 0.7854, 1.0]
[0, array([0.4936, 0.0105]), array([0.49181905, 0.00711429]), 0.7854, 1.0]
[0, array([0.4936, 0.0105]), array([0.49197143, 0.00711429]), 0.7854, 1.0]
[0, array([0.4936, 0.0105]), array([0.49212381, 0.00711429]), 0.7854, 1.0]
[0, array([0.4936, 0.0105]), array([0.49227619, 0.00711429]), 0.7854, 1.0]
[0, array([0.4936, 0.0105]), array([0.49242857, 0.00711429]), 0.7854, 1.0]
[0, array([0.4936, 0.0105]), array([0.49258095, 0.00711429]), 0.7854, 1.0]
[0, array([0.4936, 0.0105]), array([0.49273333, 0.00711429]), 0.7854, 1.0]
[0, array([0.4936, 0.0105]), array([0.49288571, 0.00711429]), 0.7854, 1.0]
[0, array([0.4936, 0.0105]), array([0.4930381 , 0.00711429]), 0.7854, 1.0]
[0, array([0.4936, 0.0105]), array([0.49319048, 0.00711429]), 0.7854, 1.0]
[0, array([0.4936, 0.0105]), array([0.49334286, 0.00711429]), 0.7854, 1.0]
[0, array([0.4936, 0.0105]), array([0.49349524, 0.00711429]), 0.7854, 1.0]
[0, array([0.4936, 0.0105]), array([0.49364762, 0.00711429]), 0.7854, 1.0]
[0, array([0.4936, 0.0105]), array([0.4938    , 0.00711429]), 0.7854, 1.0]
[0, array([0.4936, 0.0105]), array([0.4906    , 0.00726667]), 0.7854, 1.0]
[0, array([0.4936, 0.0105]), array([0.49075238, 0.00726667]), 0.7854, 1.0]
[0, array([0.4936, 0.0105]), array([0.49090476, 0.00726667]), 0.7854, 1.0]
[0, array([0.4936, 0.0105]), array([0.49105714, 0.00726667]), 0.7854, 1.0]
[0, array([0.4936, 0.0105]), array([0.49120952, 0.00726667]), 0.7854, 1.0]
[0, array([0.4936, 0.0105]), array([0.4913619 , 0.00726667]), 0.7854, 1.0]
[0, array([0.4936, 0.0105]), array([0.49151429, 0.00726667]), 0.7854, 1.0]
[0, array([0.4936, 0.0105]), array([0.49166667, 0.00726667]), 0.7854, 1.0]
[0, array([0.4936, 0.0105]), array([0.49181905, 0.00726667]), 0.7854, 1.0]
[0, array([0.4936, 0.0105]), array([0.49197143, 0.00726667]), 0.7854, 1.0]
[0, array([0.4936, 0.0105]), array([0.49212381, 0.00726667]), 0.7854, 1.0]
[0, array([0.4936, 0.0105]), array([0.49227619, 0.00726667]), 0.7854, 1.0]
[0, array([0.4936, 0.0105]), array([0.49242857, 0.00726667]), 0.7854, 1.0]
[0, array([0.4936, 0.0105]), array([0.49258095, 0.00726667]), 0.7854, 1.0]
[0, array([0.4936, 0.0105]), array([0.49273333, 0.00726667]), 0.7854, 1.0]
[0, array([0.4936, 0.0105]), array([0.49288571, 0.00726667]), 0.7854, 1.0]
[0, array([0.4936, 0.0105]), array([0.4930381 , 0.00726667]), 0.7854, 1.0]
[0, array([0.4936, 0.0105]), array([0.49319048, 0.00726667]), 0.7854, 1.0]
[0, array([0.4936, 0.0105]), array([0.49334286, 0.00726667]), 0.7854, 1.0]
[0, array([0.4936, 0.0105]), array([0.49349524, 0.00726667]), 0.7854, 1.0]
[0, array([0.4936, 0.0105]), array([0.49364762, 0.00726667]), 0.7854, 1.0]
[0, array([0.4936, 0.0105]), array([0.4938    , 0.00726667]), 0.7854, 1.0]
[0, array([0.4936, 0.0105]), array([0.4906    , 0.00741905]), 0.7854, 1.0]
[0, array([0.4936, 0.0105]), array([0.49075238, 0.00741905]), 0.7854, 1.0]
[0, array([0.4936, 0.0105]), array([0.49090476, 0.00741905]), 0.7854, 1.0]
[0, array([0.4936, 0.0105]), array([0.49105714, 0.00741905]), 0.7854, 1.0]
[0, array([0.4936, 0.0105]), array([0.49120952, 0.00741905]), 0.7854, 1.0]
[0, array([0.4936, 0.0105]), array([0.4913619 , 0.00741905]), 0.7854, 1.0]
[0, array([0.4936, 0.0105]), array([0.49151429, 0.00741905]), 0.7854, 1.0]
[0, array([0.4936, 0.0105]), array([0.49166667, 0.00741905]), 0.7854, 1.0]
[0, array([0.4936, 0.0105]), array([0.49181905, 0.00741905]), 0.7854, 1.0]
[0, array([0.4936, 0.0105]), array([0.49197143, 0.00741905]), 0.7854, 1.0]
[0, array([0.4936, 0.0105]), array([0.49212381, 0.00741905]), 0.7854, 1.0]
[0, array([0.4936, 0.0105]), array([0.49227619, 0.00741905]), 0.7854, 1.0]
[0, array([0.4936, 0.0105]), array([0.49242857, 0.00741905]), 0.7854, 1.0]
[0, array([0.4936, 0.0105]), array([0.49258095, 0.00741905]), 0.7854, 1.0]
[0, array([0.4936, 0.0105]), array([0.49273333, 0.00741905]), 0.7854, 1.0]
[0, array([0.4936, 0.0105]), array([0.49288571, 0.00741905]), 0.7854, 1.0]
[0, array([0.4936, 0.0105]), array([0.4930381 , 0.00741905]), 0.7854, 1.0]
[0, array([0.4936, 0.0105]), array([0.49319048, 0.00741905]), 0.7854, 1.0]
[0, array([0.4936, 0.0105]), array([0.49334286, 0.00741905]), 0.7854, 1.0]
[0, array([0.4936, 0.0105]), array([0.49349524, 0.00741905]), 0.7854, 1.0]
[0, array([0.4936, 0.0105]), array([0.49364762, 0.00741905]), 0.7854, 1.0]
[0, array([0.4936, 0.0105]), array([0.4938    , 0.00741905]), 0.7854, 1.0]
[0, array([0.4936, 0.0105]), array([0.4906    , 0.00757143]), 0.7854, 1.0]
[0, array([0.4936, 0.0105]), array([0.49075238, 0.00757143]), 0.7854, 1.0]
[0, array([0.4936, 0.0105]), array([0.49090476, 0.00757143]), 0.7854, 1.0]
[0, array([0.4936, 0.0105]), array([0.49105714, 0.00757143]), 0.7854, 1.0]
[0, array([0.4936, 0.0105]), array([0.49120952, 0.00757143]), 0.7854, 1.0]
[0, array([0.4936, 0.0105]), array([0.4913619 , 0.00757143]), 0.7854, 1.0]
[0, array([0.4936, 0.0105]), array([0.49151429, 0.00757143]), 0.7854, 1.0]
[0, array([0.4936, 0.0105]), array([0.49166667, 0.00757143]), 0.7854, 1.0]
[0, array([0.4936, 0.0105]), array([0.49181905, 0.00757143]), 0.7854, 1.0]
[0, array([0.4936, 0.0105]), array([0.49197143, 0.00757143]), 0.7854, 1.0]
[0, array([0.4936, 0.0105]), array([0.49212381, 0.00757143]), 0.7854, 1.0]
[0, array([0.4936, 0.0105]), array([0.49227619, 0.00757143]), 0.7854, 1.0]
[0, array([0.4936, 0.0105]), array([0.49242857, 0.00757143]), 0.7854, 1.0]
[0, array([0.4936, 0.0105]), array([0.49258095, 0.00757143]), 0.7854, 1.0]
[0, array([0.4936, 0.0105]), array([0.49273333, 0.00757143]), 0.7854, 1.0]
[0, array([0.4936, 0.0105]), array([0.49288571, 0.00757143]), 0.7854, 1.0]
[0, array([0.4936, 0.0105]), array([0.4930381 , 0.00757143]), 0.7854, 1.0]
[0, array([0.4936, 0.0105]), array([0.49319048, 0.00757143]), 0.7854, 1.0]
[0, array([0.4936, 0.0105]), array([0.49334286, 0.00757143]), 0.7854, 1.0]
[0, array([0.4936, 0.0105]), array([0.49349524, 0.00757143]), 0.7854, 1.0]
[0, array([0.4936, 0.0105]), array([0.49364762, 0.00757143]), 0.7854, 1.0]
[0, array([0.4936, 0.0105]), array([0.4938    , 0.00757143]), 0.7854, 1.0]
[0, array([0.4936, 0.0105]), array([0.4906    , 0.00772381]), 0.7854, 1.0]
[0, array([0.4936, 0.0105]), array([0.49075238, 0.00772381]), 0.7854, 1.0]
[0, array([0.4936, 0.0105]), array([0.49090476, 0.00772381]), 0.7854, 1.0]
[0, array([0.4936, 0.0105]), array([0.49105714, 0.00772381]), 0.7854, 1.0]
[0, array([0.4936, 0.0105]), array([0.49120952, 0.00772381]), 0.7854, 1.0]
[0, array([0.4936, 0.0105]), array([0.4913619 , 0.00772381]), 0.7854, 1.0]
[0, array([0.4936, 0.0105]), array([0.49151429, 0.00772381]), 0.7854, 1.0]
[0, array([0.4936, 0.0105]), array([0.49166667, 0.00772381]), 0.7854, 1.0]
[0, array([0.4936, 0.0105]), array([0.49181905, 0.00772381]), 0.7854, 1.0]
[0, array([0.4936, 0.0105]), array([0.49197143, 0.00772381]), 0.7854, 1.0]
[0, array([0.4936, 0.0105]), array([0.49212381, 0.00772381]), 0.7854, 1.0]
[0, array([0.4936, 0.0105]), array([0.49227619, 0.00772381]), 0.7854, 1.0]
[0, array([0.4936, 0.0105]), array([0.49242857, 0.00772381]), 0.7854, 1.0]
[0, array([0.4936, 0.0105]), array([0.49258095, 0.00772381]), 0.7854, 1.0]
[0, array([0.4936, 0.0105]), array([0.49273333, 0.00772381]), 0.7854, 1.0]
[0, array([0.4936, 0.0105]), array([0.49288571, 0.00772381]), 0.7854, 1.0]
[0, array([0.4936, 0.0105]), array([0.4930381 , 0.00772381]), 0.7854, 1.0]
[0, array([0.4936, 0.0105]), array([0.49319048, 0.00772381]), 0.7854, 1.0]
[0, array([0.4936, 0.0105]), array([0.49334286, 0.00772381]), 0.7854, 1.0]
[0, array([0.4936, 0.0105]), array([0.49349524, 0.00772381]), 0.7854, 1.0]
[0, array([0.4936, 0.0105]), array([0.49364762, 0.00772381]), 0.7854, 1.0]
[0, array([0.4936, 0.0105]), array([0.4938    , 0.00772381]), 0.7854, 1.0]
[0, array([0.4936, 0.0105]), array([0.4906    , 0.00787619]), 0.7854, 1.0]
[0, array([0.4936, 0.0105]), array([0.49075238, 0.00787619]), 0.7854, 1.0]
[0, array([0.4936, 0.0105]), array([0.49090476, 0.00787619]), 0.7854, 1.0]
[0, array([0.4936, 0.0105]), array([0.49105714, 0.00787619]), 0.7854, 1.0]
[0, array([0.4936, 0.0105]), array([0.49120952, 0.00787619]), 0.7854, 1.0]
[0, array([0.4936, 0.0105]), array([0.4913619 , 0.00787619]), 0.7854, 1.0]
[0, array([0.4936, 0.0105]), array([0.49151429, 0.00787619]), 0.7854, 1.0]
[0, array([0.4936, 0.0105]), array([0.49166667, 0.00787619]), 0.7854, 1.0]
[0, array([0.4936, 0.0105]), array([0.49181905, 0.00787619]), 0.7854, 1.0]
[0, array([0.4936, 0.0105]), array([0.49197143, 0.00787619]), 0.7854, 1.0]
[0, array([0.4936, 0.0105]), array([0.49212381, 0.00787619]), 0.7854, 1.0]
[0, array([0.4936, 0.0105]), array([0.49227619, 0.00787619]), 0.7854, 1.0]
[0, array([0.4936, 0.0105]), array([0.49242857, 0.00787619]), 0.7854, 1.0]
[0, array([0.4936, 0.0105]), array([0.49258095, 0.00787619]), 0.7854, 1.0]
[0, array([0.4936, 0.0105]), array([0.49273333, 0.00787619]), 0.7854, 1.0]
[0, array([0.4936, 0.0105]), array([0.49288571, 0.00787619]), 0.7854, 1.0]
[0, array([0.4936, 0.0105]), array([0.4930381 , 0.00787619]), 0.7854, 1.0]
[0, array([0.4936, 0.0105]), array([0.49319048, 0.00787619]), 0.7854, 1.0]
[0, array([0.4936, 0.0105]), array([0.49334286, 0.00787619]), 0.7854, 1.0]
[0, array([0.4936, 0.0105]), array([0.49349524, 0.00787619]), 0.7854, 1.0]
[0, array([0.4936, 0.0105]), array([0.49364762, 0.00787619]), 0.7854, 1.0]
[0, array([0.4936, 0.0105]), array([0.4938    , 0.00787619]), 0.7854, 1.0]
[0, array([0.4936, 0.0105]), array([0.4906    , 0.00802857]), 0.7854, 1.0]
[0, array([0.4936, 0.0105]), array([0.49075238, 0.00802857]), 0.7854, 1.0]
[0, array([0.4936, 0.0105]), array([0.49090476, 0.00802857]), 0.7854, 1.0]
[0, array([0.4936, 0.0105]), array([0.49105714, 0.00802857]), 0.7854, 1.0]
[0, array([0.4936, 0.0105]), array([0.49120952, 0.00802857]), 0.7854, 1.0]
[0, array([0.4936, 0.0105]), array([0.4913619 , 0.00802857]), 0.7854, 1.0]
[0, array([0.4936, 0.0105]), array([0.49151429, 0.00802857]), 0.7854, 1.0]
[0, array([0.4936, 0.0105]), array([0.49166667, 0.00802857]), 0.7854, 1.0]
[0, array([0.4936, 0.0105]), array([0.49181905, 0.00802857]), 0.7854, 1.0]
[0, array([0.4936, 0.0105]), array([0.49197143, 0.00802857]), 0.7854, 1.0]
[0, array([0.4936, 0.0105]), array([0.49212381, 0.00802857]), 0.7854, 1.0]
[0, array([0.4936, 0.0105]), array([0.49227619, 0.00802857]), 0.7854, 1.0]
[0, array([0.4936, 0.0105]), array([0.49242857, 0.00802857]), 0.7854, 1.0]
[0, array([0.4936, 0.0105]), array([0.49258095, 0.00802857]), 0.7854, 1.0]
[0, array([0.4936, 0.0105]), array([0.49273333, 0.00802857]), 0.7854, 1.0]
[0, array([0.4936, 0.0105]), array([0.49288571, 0.00802857]), 0.7854, 1.0]
[0, array([0.4936, 0.0105]), array([0.4930381 , 0.00802857]), 0.7854, 1.0]
[0, array([0.4936, 0.0105]), array([0.49319048, 0.00802857]), 0.7854, 1.0]
[0, array([0.4936, 0.0105]), array([0.49334286, 0.00802857]), 0.7854, 1.0]
[0, array([0.4936, 0.0105]), array([0.49349524, 0.00802857]), 0.7854, 1.0]
[0, array([0.4936, 0.0105]), array([0.49364762, 0.00802857]), 0.7854, 1.0]
[0, array([0.4936, 0.0105]), array([0.4938    , 0.00802857]), 0.7854, 1.0]
[0, array([0.4936, 0.0105]), array([0.4906    , 0.00818095]), 0.7854, 1.0]
[0, array([0.4936, 0.0105]), array([0.49075238, 0.00818095]), 0.7854, 1.0]
[0, array([0.4936, 0.0105]), array([0.49090476, 0.00818095]), 0.7854, 1.0]
[0, array([0.4936, 0.0105]), array([0.49105714, 0.00818095]), 0.7854, 1.0]
[0, array([0.4936, 0.0105]), array([0.49120952, 0.00818095]), 0.7854, 1.0]
[0, array([0.4936, 0.0105]), array([0.4913619 , 0.00818095]), 0.7854, 1.0]
[0, array([0.4936, 0.0105]), array([0.49151429, 0.00818095]), 0.7854, 1.0]
[0, array([0.4936, 0.0105]), array([0.49166667, 0.00818095]), 0.7854, 1.0]
[0, array([0.4936, 0.0105]), array([0.49181905, 0.00818095]), 0.7854, 1.0]
[0, array([0.4936, 0.0105]), array([0.49197143, 0.00818095]), 0.7854, 1.0]
[0, array([0.4936, 0.0105]), array([0.49212381, 0.00818095]), 0.7854, 1.0]
[0, array([0.4936, 0.0105]), array([0.49227619, 0.00818095]), 0.7854, 1.0]
[0, array([0.4936, 0.0105]), array([0.49242857, 0.00818095]), 0.7854, 1.0]
[0, array([0.4936, 0.0105]), array([0.49258095, 0.00818095]), 0.7854, 1.0]
[0, array([0.4936, 0.0105]), array([0.49273333, 0.00818095]), 0.7854, 1.0]
[0, array([0.4936, 0.0105]), array([0.49288571, 0.00818095]), 0.7854, 1.0]
[0, array([0.4936, 0.0105]), array([0.4930381 , 0.00818095]), 0.7854, 1.0]
[0, array([0.4936, 0.0105]), array([0.49319048, 0.00818095]), 0.7854, 1.0]
[0, array([0.4936, 0.0105]), array([0.49334286, 0.00818095]), 0.7854, 1.0]
[0, array([0.4936, 0.0105]), array([0.49349524, 0.00818095]), 0.7854, 1.0]
[0, array([0.4936, 0.0105]), array([0.49364762, 0.00818095]), 0.7854, 1.0]
[0, array([0.4936, 0.0105]), array([0.4938    , 0.00818095]), 0.7854, 1.0]
[0, array([0.4936, 0.0105]), array([0.4906    , 0.00833333]), 0.7854, 1.0]
[0, array([0.4936, 0.0105]), array([0.49075238, 0.00833333]), 0.7854, 1.0]
[0, array([0.4936, 0.0105]), array([0.49090476, 0.00833333]), 0.7854, 1.0]
[0, array([0.4936, 0.0105]), array([0.49105714, 0.00833333]), 0.7854, 1.0]
[0, array([0.4936, 0.0105]), array([0.49120952, 0.00833333]), 0.7854, 1.0]
[0, array([0.4936, 0.0105]), array([0.4913619 , 0.00833333]), 0.7854, 1.0]
[0, array([0.4936, 0.0105]), array([0.49151429, 0.00833333]), 0.7854, 1.0]
[0, array([0.4936, 0.0105]), array([0.49166667, 0.00833333]), 0.7854, 1.0]
[0, array([0.4936, 0.0105]), array([0.49181905, 0.00833333]), 0.7854, 1.0]
[0, array([0.4936, 0.0105]), array([0.49197143, 0.00833333]), 0.7854, 1.0]
[0, array([0.4936, 0.0105]), array([0.49212381, 0.00833333]), 0.7854, 1.0]
[0, array([0.4936, 0.0105]), array([0.49227619, 0.00833333]), 0.7854, 1.0]
[0, array([0.4936, 0.0105]), array([0.49242857, 0.00833333]), 0.7854, 1.0]
[0, array([0.4936, 0.0105]), array([0.49258095, 0.00833333]), 0.7854, 1.0]
[0, array([0.4936, 0.0105]), array([0.49273333, 0.00833333]), 0.7854, 1.0]
[0, array([0.4936, 0.0105]), array([0.49288571, 0.00833333]), 0.7854, 1.0]
[0, array([0.4936, 0.0105]), array([0.4930381 , 0.00833333]), 0.7854, 1.0]
[0, array([0.4936, 0.0105]), array([0.49319048, 0.00833333]), 0.7854, 1.0]
[0, array([0.4936, 0.0105]), array([0.49334286, 0.00833333]), 0.7854, 1.0]
[0, array([0.4936, 0.0105]), array([0.49349524, 0.00833333]), 0.7854, 1.0]
[0, array([0.4936, 0.0105]), array([0.49364762, 0.00833333]), 0.7854, 1.0]
[0, array([0.4936, 0.0105]), array([0.4938    , 0.00833333]), 0.7854, 1.0]
[0, array([0.4936, 0.0105]), array([0.4906    , 0.00848571]), 0.7854, 1.0]
[0, array([0.4936, 0.0105]), array([0.49075238, 0.00848571]), 0.7854, 1.0]
[0, array([0.4936, 0.0105]), array([0.49090476, 0.00848571]), 0.7854, 1.0]
[0, array([0.4936, 0.0105]), array([0.49105714, 0.00848571]), 0.7854, 1.0]
[0, array([0.4936, 0.0105]), array([0.49120952, 0.00848571]), 0.7854, 1.0]
[0, array([0.4936, 0.0105]), array([0.4913619 , 0.00848571]), 0.7854, 1.0]
[0, array([0.4936, 0.0105]), array([0.49151429, 0.00848571]), 0.7854, 1.0]
[0, array([0.4936, 0.0105]), array([0.49166667, 0.00848571]), 0.7854, 1.0]
[0, array([0.4936, 0.0105]), array([0.49181905, 0.00848571]), 0.7854, 1.0]
[0, array([0.4936, 0.0105]), array([0.49197143, 0.00848571]), 0.7854, 1.0]
[0, array([0.4936, 0.0105]), array([0.49212381, 0.00848571]), 0.7854, 1.0]
[0, array([0.4936, 0.0105]), array([0.49227619, 0.00848571]), 0.7854, 1.0]
[0, array([0.4936, 0.0105]), array([0.49242857, 0.00848571]), 0.7854, 1.0]
[0, array([0.4936, 0.0105]), array([0.49258095, 0.00848571]), 0.7854, 1.0]
[0, array([0.4936, 0.0105]), array([0.49273333, 0.00848571]), 0.7854, 1.0]
[0, array([0.4936, 0.0105]), array([0.49288571, 0.00848571]), 0.7854, 1.0]
[0, array([0.4936, 0.0105]), array([0.4930381 , 0.00848571]), 0.7854, 1.0]
[0, array([0.4936, 0.0105]), array([0.49319048, 0.00848571]), 0.7854, 1.0]
[0, array([0.4936, 0.0105]), array([0.49334286, 0.00848571]), 0.7854, 1.0]
[0, array([0.4936, 0.0105]), array([0.49349524, 0.00848571]), 0.7854, 1.0]
[0, array([0.4936, 0.0105]), array([0.49364762, 0.00848571]), 0.7854, 1.0]
[0, array([0.4936, 0.0105]), array([0.4938    , 0.00848571]), 0.7854, 1.0]
[0, array([0.4936, 0.0105]), array([0.4906   , 0.0086381]), 0.7854, 1.0]
[0, array([0.4936, 0.0105]), array([0.49075238, 0.0086381 ]), 0.7854, 1.0]
[0, array([0.4936, 0.0105]), array([0.49090476, 0.0086381 ]), 0.7854, 1.0]
[0, array([0.4936, 0.0105]), array([0.49105714, 0.0086381 ]), 0.7854, 1.0]
[0, array([0.4936, 0.0105]), array([0.49120952, 0.0086381 ]), 0.7854, 1.0]
[0, array([0.4936, 0.0105]), array([0.4913619, 0.0086381]), 0.7854, 1.0]
[0, array([0.4936, 0.0105]), array([0.49151429, 0.0086381 ]), 0.7854, 1.0]
[0, array([0.4936, 0.0105]), array([0.49166667, 0.0086381 ]), 0.7854, 1.0]
[0, array([0.4936, 0.0105]), array([0.49181905, 0.0086381 ]), 0.7854, 1.0]
[0, array([0.4936, 0.0105]), array([0.49197143, 0.0086381 ]), 0.7854, 1.0]
[0, array([0.4936, 0.0105]), array([0.49212381, 0.0086381 ]), 0.7854, 1.0]
[0, array([0.4936, 0.0105]), array([0.49227619, 0.0086381 ]), 0.7854, 1.0]
[0, array([0.4936, 0.0105]), array([0.49242857, 0.0086381 ]), 0.7854, 1.0]
[0, array([0.4936, 0.0105]), array([0.49258095, 0.0086381 ]), 0.7854, 1.0]
[0, array([0.4936, 0.0105]), array([0.49273333, 0.0086381 ]), 0.7854, 1.0]
[0, array([0.4936, 0.0105]), array([0.49288571, 0.0086381 ]), 0.7854, 1.0]
[0, array([0.4936, 0.0105]), array([0.4930381, 0.0086381]), 0.7854, 1.0]
[0, array([0.4936, 0.0105]), array([0.49319048, 0.0086381 ]), 0.7854, 1.0]
[0, array([0.4936, 0.0105]), array([0.49334286, 0.0086381 ]), 0.7854, 1.0]
[0, array([0.4936, 0.0105]), array([0.49349524, 0.0086381 ]), 0.7854, 1.0]
[0, array([0.4936, 0.0105]), array([0.49364762, 0.0086381 ]), 0.7854, 1.0]
[0, array([0.4936, 0.0105]), array([0.4938   , 0.0086381]), 0.7854, 1.0]
[0, array([0.4936, 0.0105]), array([0.4906    , 0.00879048]), 0.7854, 1.0]
[0, array([0.4936, 0.0105]), array([0.49075238, 0.00879048]), 0.7854, 1.0]
[0, array([0.4936, 0.0105]), array([0.49090476, 0.00879048]), 0.7854, 1.0]
[0, array([0.4936, 0.0105]), array([0.49105714, 0.00879048]), 0.7854, 1.0]
[0, array([0.4936, 0.0105]), array([0.49120952, 0.00879048]), 0.7854, 1.0]
[0, array([0.4936, 0.0105]), array([0.4913619 , 0.00879048]), 0.7854, 1.0]
[0, array([0.4936, 0.0105]), array([0.49151429, 0.00879048]), 0.7854, 1.0]
[0, array([0.4936, 0.0105]), array([0.49166667, 0.00879048]), 0.7854, 1.0]
[0, array([0.4936, 0.0105]), array([0.49181905, 0.00879048]), 0.7854, 1.0]
[0, array([0.4936, 0.0105]), array([0.49197143, 0.00879048]), 0.7854, 1.0]
[0, array([0.4936, 0.0105]), array([0.49212381, 0.00879048]), 0.7854, 1.0]
[0, array([0.4936, 0.0105]), array([0.49227619, 0.00879048]), 0.7854, 1.0]
[0, array([0.4936, 0.0105]), array([0.49242857, 0.00879048]), 0.7854, 1.0]
[0, array([0.4936, 0.0105]), array([0.49258095, 0.00879048]), 0.7854, 1.0]
[0, array([0.4936, 0.0105]), array([0.49273333, 0.00879048]), 0.7854, 1.0]
[0, array([0.4936, 0.0105]), array([0.49288571, 0.00879048]), 0.7854, 1.0]
[0, array([0.4936, 0.0105]), array([0.4930381 , 0.00879048]), 0.7854, 1.0]
[0, array([0.4936, 0.0105]), array([0.49319048, 0.00879048]), 0.7854, 1.0]
[0, array([0.4936, 0.0105]), array([0.49334286, 0.00879048]), 0.7854, 1.0]
[0, array([0.4936, 0.0105]), array([0.49349524, 0.00879048]), 0.7854, 1.0]
[0, array([0.4936, 0.0105]), array([0.49364762, 0.00879048]), 0.7854, 1.0]
[0, array([0.4936, 0.0105]), array([0.4938    , 0.00879048]), 0.7854, 1.0]
[0, array([0.4936, 0.0105]), array([0.4906    , 0.00894286]), 0.7854, 1.0]
[0, array([0.4936, 0.0105]), array([0.49075238, 0.00894286]), 0.7854, 1.0]
[0, array([0.4936, 0.0105]), array([0.49090476, 0.00894286]), 0.7854, 1.0]
[0, array([0.4936, 0.0105]), array([0.49105714, 0.00894286]), 0.7854, 1.0]
[0, array([0.4936, 0.0105]), array([0.49120952, 0.00894286]), 0.7854, 1.0]
[0, array([0.4936, 0.0105]), array([0.4913619 , 0.00894286]), 0.7854, 1.0]
[0, array([0.4936, 0.0105]), array([0.49151429, 0.00894286]), 0.7854, 1.0]
[0, array([0.4936, 0.0105]), array([0.49166667, 0.00894286]), 0.7854, 1.0]
[0, array([0.4936, 0.0105]), array([0.49181905, 0.00894286]), 0.7854, 1.0]
[0, array([0.4936, 0.0105]), array([0.49197143, 0.00894286]), 0.7854, 1.0]
[0, array([0.4936, 0.0105]), array([0.49212381, 0.00894286]), 0.7854, 1.0]
[0, array([0.4936, 0.0105]), array([0.49227619, 0.00894286]), 0.7854, 1.0]
[0, array([0.4936, 0.0105]), array([0.49242857, 0.00894286]), 0.7854, 1.0]
[0, array([0.4936, 0.0105]), array([0.49258095, 0.00894286]), 0.7854, 1.0]
[0, array([0.4936, 0.0105]), array([0.49273333, 0.00894286]), 0.7854, 1.0]
[0, array([0.4936, 0.0105]), array([0.49288571, 0.00894286]), 0.7854, 1.0]
[0, array([0.4936, 0.0105]), array([0.4930381 , 0.00894286]), 0.7854, 1.0]
[0, array([0.4936, 0.0105]), array([0.49319048, 0.00894286]), 0.7854, 1.0]
[0, array([0.4936, 0.0105]), array([0.49334286, 0.00894286]), 0.7854, 1.0]
[0, array([0.4936, 0.0105]), array([0.49349524, 0.00894286]), 0.7854, 1.0]
[0, array([0.4936, 0.0105]), array([0.49364762, 0.00894286]), 0.7854, 1.0]
[0, array([0.4936, 0.0105]), array([0.4938    , 0.00894286]), 0.7854, 1.0]
[0, array([0.4936, 0.0105]), array([0.4906    , 0.00909524]), 0.7854, 1.0]
[0, array([0.4936, 0.0105]), array([0.49075238, 0.00909524]), 0.7854, 1.0]
[0, array([0.4936, 0.0105]), array([0.49090476, 0.00909524]), 0.7854, 1.0]
[0, array([0.4936, 0.0105]), array([0.49105714, 0.00909524]), 0.7854, 1.0]
[0, array([0.4936, 0.0105]), array([0.49120952, 0.00909524]), 0.7854, 1.0]
[0, array([0.4936, 0.0105]), array([0.4913619 , 0.00909524]), 0.7854, 1.0]
[0, array([0.4936, 0.0105]), array([0.49151429, 0.00909524]), 0.7854, 1.0]
[0, array([0.4936, 0.0105]), array([0.49166667, 0.00909524]), 0.7854, 1.0]
[0, array([0.4936, 0.0105]), array([0.49181905, 0.00909524]), 0.7854, 1.0]
[0, array([0.4936, 0.0105]), array([0.49197143, 0.00909524]), 0.7854, 1.0]
[0, array([0.4936, 0.0105]), array([0.49212381, 0.00909524]), 0.7854, 1.0]
[0, array([0.4936, 0.0105]), array([0.49227619, 0.00909524]), 0.7854, 1.0]
[0, array([0.4936, 0.0105]), array([0.49242857, 0.00909524]), 0.7854, 1.0]
[0, array([0.4936, 0.0105]), array([0.49258095, 0.00909524]), 0.7854, 1.0]
[0, array([0.4936, 0.0105]), array([0.49273333, 0.00909524]), 0.7854, 1.0]
[0, array([0.4936, 0.0105]), array([0.49288571, 0.00909524]), 0.7854, 1.0]
[0, array([0.4936, 0.0105]), array([0.4930381 , 0.00909524]), 0.7854, 1.0]
[0, array([0.4936, 0.0105]), array([0.49319048, 0.00909524]), 0.7854, 1.0]
[0, array([0.4936, 0.0105]), array([0.49334286, 0.00909524]), 0.7854, 1.0]
[0, array([0.4936, 0.0105]), array([0.49349524, 0.00909524]), 0.7854, 1.0]
[0, array([0.4936, 0.0105]), array([0.49364762, 0.00909524]), 0.7854, 1.0]
[0, array([0.4936, 0.0105]), array([0.4938    , 0.00909524]), 0.7854, 1.0]
[0, array([0.4936, 0.0105]), array([0.4906    , 0.00924762]), 0.7854, 1.0]
[0, array([0.4936, 0.0105]), array([0.49075238, 0.00924762]), 0.7854, 1.0]
[0, array([0.4936, 0.0105]), array([0.49090476, 0.00924762]), 0.7854, 1.0]
[0, array([0.4936, 0.0105]), array([0.49105714, 0.00924762]), 0.7854, 1.0]
[0, array([0.4936, 0.0105]), array([0.49120952, 0.00924762]), 0.7854, 1.0]
[0, array([0.4936, 0.0105]), array([0.4913619 , 0.00924762]), 0.7854, 1.0]
[0, array([0.4936, 0.0105]), array([0.49151429, 0.00924762]), 0.7854, 1.0]
[0, array([0.4936, 0.0105]), array([0.49166667, 0.00924762]), 0.7854, 1.0]
[0, array([0.4936, 0.0105]), array([0.49181905, 0.00924762]), 0.7854, 1.0]
[0, array([0.4936, 0.0105]), array([0.49197143, 0.00924762]), 0.7854, 1.0]
[0, array([0.4936, 0.0105]), array([0.49212381, 0.00924762]), 0.7854, 1.0]
[0, array([0.4936, 0.0105]), array([0.49227619, 0.00924762]), 0.7854, 1.0]
[0, array([0.4936, 0.0105]), array([0.49242857, 0.00924762]), 0.7854, 1.0]
[0, array([0.4936, 0.0105]), array([0.49258095, 0.00924762]), 0.7854, 1.0]
[0, array([0.4936, 0.0105]), array([0.49273333, 0.00924762]), 0.7854, 1.0]
[0, array([0.4936, 0.0105]), array([0.49288571, 0.00924762]), 0.7854, 1.0]
[0, array([0.4936, 0.0105]), array([0.4930381 , 0.00924762]), 0.7854, 1.0]
[0, array([0.4936, 0.0105]), array([0.49319048, 0.00924762]), 0.7854, 1.0]
[0, array([0.4936, 0.0105]), array([0.49334286, 0.00924762]), 0.7854, 1.0]
[0, array([0.4936, 0.0105]), array([0.49349524, 0.00924762]), 0.7854, 1.0]
[0, array([0.4936, 0.0105]), array([0.49364762, 0.00924762]), 0.7854, 1.0]
[0, array([0.4936, 0.0105]), array([0.4938    , 0.00924762]), 0.7854, 1.0]
[0, array([0.4936, 0.0105]), array([0.4906, 0.0094]), 0.7854, 1.0]
[0, array([0.4936, 0.0105]), array([0.49075238, 0.0094    ]), 0.7854, 1.0]
[0, array([0.4936, 0.0105]), array([0.49090476, 0.0094    ]), 0.7854, 1.0]
[0, array([0.4936, 0.0105]), array([0.49105714, 0.0094    ]), 0.7854, 1.0]
[0, array([0.4936, 0.0105]), array([0.49120952, 0.0094    ]), 0.7854, 1.0]
[0, array([0.4936, 0.0105]), array([0.4913619, 0.0094   ]), 0.7854, 1.0]
[0, array([0.4936, 0.0105]), array([0.49151429, 0.0094    ]), 0.7854, 1.0]
[0, array([0.4936, 0.0105]), array([0.49166667, 0.0094    ]), 0.7854, 1.0]
[0, array([0.4936, 0.0105]), array([0.49181905, 0.0094    ]), 0.7854, 1.0]
[0, array([0.4936, 0.0105]), array([0.49197143, 0.0094    ]), 0.7854, 1.0]
[0, array([0.4936, 0.0105]), array([0.49212381, 0.0094    ]), 0.7854, 1.0]
[0, array([0.4936, 0.0105]), array([0.49227619, 0.0094    ]), 0.7854, 1.0]
[0, array([0.4936, 0.0105]), array([0.49242857, 0.0094    ]), 0.7854, 1.0]
[0, array([0.4936, 0.0105]), array([0.49258095, 0.0094    ]), 0.7854, 1.0]
[0, array([0.4936, 0.0105]), array([0.49273333, 0.0094    ]), 0.7854, 1.0]
[0, array([0.4936, 0.0105]), array([0.49288571, 0.0094    ]), 0.7854, 1.0]
[0, array([0.4936, 0.0105]), array([0.4930381, 0.0094   ]), 0.7854, 1.0]
[0, array([0.4936, 0.0105]), array([0.49319048, 0.0094    ]), 0.7854, 1.0]
[0, array([0.4936, 0.0105]), array([0.49334286, 0.0094    ]), 0.7854, 1.0]
[0, array([0.4936, 0.0105]), array([0.49349524, 0.0094    ]), 0.7854, 1.0]
[0, array([0.4936, 0.0105]), array([0.49364762, 0.0094    ]), 0.7854, 1.0]
[0, array([0.4936, 0.0105]), array([0.4938, 0.0094]), 0.7854, 1.0]
