[84, array([0.5183, 0.0037]), array([0.5156, 0.0015]), 0.7854, 0.0]
[84, array([0.5183, 0.0037]), array([0.5159, 0.0015]), 0.7854, 0.0]
[84, array([0.5183, 0.0037]), array([0.5162, 0.0015]), 0.7854, 1.0]
[84, array([0.5183, 0.0037]), array([0.5165, 0.0015]), 0.7854, 0.0]
[84, array([0.5183, 0.0037]), array([0.5168, 0.0015]), 0.7854, 0.0]
[84, array([0.5183, 0.0037]), array([0.5171, 0.0015]), 0.7854, 0.0]
[84, array([0.5183, 0.0037]), array([0.5174, 0.0015]), 0.7854, 0.0]
[84, array([0.5183, 0.0037]), array([0.5177, 0.0015]), 0.7854, 0.0]
[84, array([0.5183, 0.0037]), array([0.518 , 0.0015]), 0.7854, 0.0]
[84, array([0.5183, 0.0037]), array([0.5183, 0.0015]), 0.7854, 0.0]
[84, array([0.5183, 0.0037]), array([0.5186, 0.0015]), 0.7854, 0.0]
[84, array([0.5183, 0.0037]), array([0.5189, 0.0015]), 0.7854, 0.0]
[84, array([0.5183, 0.0037]), array([0.5192, 0.0015]), 0.7854, 0.0]
[84, array([0.5183, 0.0037]), array([0.5195, 0.0015]), 0.7854, 0.0]
[84, array([0.5183, 0.0037]), array([0.5198, 0.0015]), 0.7854, 1.0]
[84, array([0.5183, 0.0037]), array([0.5201, 0.0015]), 0.7854, 1.0]
[84, array([0.5183, 0.0037]), array([0.5204, 0.0015]), 0.7854, 0.0]
[84, array([0.5183, 0.0037]), array([0.5207, 0.0015]), 0.7854, 0.0]
[84, array([0.5183, 0.0037]), array([0.521 , 0.0015]), 0.7854, 1.0]
[84, array([0.5183, 0.0037]), array([0.5213, 0.0015]), 0.7854, 1.0]
[84, array([0.5183, 0.0037]), array([0.5216, 0.0015]), 0.7854, 1.0]
[84, array([0.5183, 0.0037]), array([0.5219, 0.0015]), 0.7854, 1.0]
[84, array([0.5183, 0.0037]), array([0.5156, 0.0018]), 0.7854, 0.0]
[84, array([0.5183, 0.0037]), array([0.5159, 0.0018]), 0.7854, 1.0]
[84, array([0.5183, 0.0037]), array([0.5162, 0.0018]), 0.7854, 1.0]
[84, array([0.5183, 0.0037]), array([0.5165, 0.0018]), 0.7854, 1.0]
[84, array([0.5183, 0.0037]), array([0.5168, 0.0018]), 0.7854, 0.0]
[84, array([0.5183, 0.0037]), array([0.5171, 0.0018]), 0.7854, 0.0]
[84, array([0.5183, 0.0037]), array([0.5174, 0.0018]), 0.7854, 0.0]
[84, array([0.5183, 0.0037]), array([0.5177, 0.0018]), 0.7854, 0.0]
[84, array([0.5183, 0.0037]), array([0.518 , 0.0018]), 0.7854, 0.0]
[84, array([0.5183, 0.0037]), array([0.5183, 0.0018]), 0.7854, 0.0]
[84, array([0.5183, 0.0037]), array([0.5186, 0.0018]), 0.7854, 0.0]
[84, array([0.5183, 0.0037]), array([0.5189, 0.0018]), 0.7854, 0.0]
[84, array([0.5183, 0.0037]), array([0.5192, 0.0018]), 0.7854, 0.0]
[84, array([0.5183, 0.0037]), array([0.5195, 0.0018]), 0.7854, 0.0]
[84, array([0.5183, 0.0037]), array([0.5198, 0.0018]), 0.7854, 0.0]
[84, array([0.5183, 0.0037]), array([0.5201, 0.0018]), 0.7854, 0.0]
[84, array([0.5183, 0.0037]), array([0.5204, 0.0018]), 0.7854, 0.0]
[84, array([0.5183, 0.0037]), array([0.5207, 0.0018]), 0.7854, 1.0]
[84, array([0.5183, 0.0037]), array([0.521 , 0.0018]), 0.7854, 1.0]
[84, array([0.5183, 0.0037]), array([0.5213, 0.0018]), 0.7854, 1.0]
[84, array([0.5183, 0.0037]), array([0.5216, 0.0018]), 0.7854, 1.0]
[84, array([0.5183, 0.0037]), array([0.5219, 0.0018]), 0.7854, 1.0]
[84, array([0.5183, 0.0037]), array([0.5156, 0.0021]), 0.7854, 0.0]
[84, array([0.5183, 0.0037]), array([0.5159, 0.0021]), 0.7854, 1.0]
[84, array([0.5183, 0.0037]), array([0.5162, 0.0021]), 0.7854, 0.0]
[84, array([0.5183, 0.0037]), array([0.5165, 0.0021]), 0.7854, 0.0]
[84, array([0.5183, 0.0037]), array([0.5168, 0.0021]), 0.7854, 0.0]
[84, array([0.5183, 0.0037]), array([0.5171, 0.0021]), 0.7854, 0.0]
[84, array([0.5183, 0.0037]), array([0.5174, 0.0021]), 0.7854, 0.0]
[84, array([0.5183, 0.0037]), array([0.5177, 0.0021]), 0.7854, 0.0]
[84, array([0.5183, 0.0037]), array([0.518 , 0.0021]), 0.7854, 0.0]
[84, array([0.5183, 0.0037]), array([0.5183, 0.0021]), 0.7854, 0.0]
[84, array([0.5183, 0.0037]), array([0.5186, 0.0021]), 0.7854, 0.0]
[84, array([0.5183, 0.0037]), array([0.5189, 0.0021]), 0.7854, 0.0]
[84, array([0.5183, 0.0037]), array([0.5192, 0.0021]), 0.7854, 0.0]
[84, array([0.5183, 0.0037]), array([0.5195, 0.0021]), 0.7854, 0.0]
[84, array([0.5183, 0.0037]), array([0.5198, 0.0021]), 0.7854, 0.0]
[84, array([0.5183, 0.0037]), array([0.5201, 0.0021]), 0.7854, 0.0]
[84, array([0.5183, 0.0037]), array([0.5204, 0.0021]), 0.7854, 1.0]
[84, array([0.5183, 0.0037]), array([0.5207, 0.0021]), 0.7854, 1.0]
[84, array([0.5183, 0.0037]), array([0.521 , 0.0021]), 0.7854, 1.0]
[84, array([0.5183, 0.0037]), array([0.5213, 0.0021]), 0.7854, 1.0]
[84, array([0.5183, 0.0037]), array([0.5216, 0.0021]), 0.7854, 1.0]
[84, array([0.5183, 0.0037]), array([0.5219, 0.0021]), 0.7854, 1.0]
[84, array([0.5183, 0.0037]), array([0.5156, 0.0024]), 0.7854, 0.0]
[84, array([0.5183, 0.0037]), array([0.5159, 0.0024]), 0.7854, 0.0]
[84, array([0.5183, 0.0037]), array([0.5162, 0.0024]), 0.7854, 0.0]
[84, array([0.5183, 0.0037]), array([0.5165, 0.0024]), 0.7854, 0.0]
[84, array([0.5183, 0.0037]), array([0.5168, 0.0024]), 0.7854, 0.0]
[84, array([0.5183, 0.0037]), array([0.5171, 0.0024]), 0.7854, 0.0]
[84, array([0.5183, 0.0037]), array([0.5174, 0.0024]), 0.7854, 0.0]
[84, array([0.5183, 0.0037]), array([0.5177, 0.0024]), 0.7854, 0.0]
[84, array([0.5183, 0.0037]), array([0.518 , 0.0024]), 0.7854, 0.0]
[84, array([0.5183, 0.0037]), array([0.5183, 0.0024]), 0.7854, 0.0]
[84, array([0.5183, 0.0037]), array([0.5186, 0.0024]), 0.7854, 0.0]
[84, array([0.5183, 0.0037]), array([0.5189, 0.0024]), 0.7854, 0.0]
[84, array([0.5183, 0.0037]), array([0.5192, 0.0024]), 0.7854, 0.0]
[84, array([0.5183, 0.0037]), array([0.5195, 0.0024]), 0.7854, 0.0]
[84, array([0.5183, 0.0037]), array([0.5198, 0.0024]), 0.7854, 0.0]
[84, array([0.5183, 0.0037]), array([0.5201, 0.0024]), 0.7854, 1.0]
[84, array([0.5183, 0.0037]), array([0.5204, 0.0024]), 0.7854, 1.0]
[84, array([0.5183, 0.0037]), array([0.5207, 0.0024]), 0.7854, 1.0]
[84, array([0.5183, 0.0037]), array([0.521 , 0.0024]), 0.7854, 1.0]
[84, array([0.5183, 0.0037]), array([0.5213, 0.0024]), 0.7854, 1.0]
[84, array([0.5183, 0.0037]), array([0.5216, 0.0024]), 0.7854, 1.0]
[84, array([0.5183, 0.0037]), array([0.5219, 0.0024]), 0.7854, 1.0]
[84, array([0.5183, 0.0037]), array([0.5156, 0.0027]), 0.7854, 0.0]
[84, array([0.5183, 0.0037]), array([0.5159, 0.0027]), 0.7854, 0.0]
[84, array([0.5183, 0.0037]), array([0.5162, 0.0027]), 0.7854, 0.0]
[84, array([0.5183, 0.0037]), array([0.5165, 0.0027]), 0.7854, 0.0]
[84, array([0.5183, 0.0037]), array([0.5168, 0.0027]), 0.7854, 0.0]
[84, array([0.5183, 0.0037]), array([0.5171, 0.0027]), 0.7854, 0.0]
[84, array([0.5183, 0.0037]), array([0.5174, 0.0027]), 0.7854, 0.0]
[84, array([0.5183, 0.0037]), array([0.5177, 0.0027]), 0.7854, 0.0]
[84, array([0.5183, 0.0037]), array([0.518 , 0.0027]), 0.7854, 0.0]
[84, array([0.5183, 0.0037]), array([0.5183, 0.0027]), 0.7854, 0.0]
[84, array([0.5183, 0.0037]), array([0.5186, 0.0027]), 0.7854, 0.0]
[84, array([0.5183, 0.0037]), array([0.5189, 0.0027]), 0.7854, 0.0]
[84, array([0.5183, 0.0037]), array([0.5192, 0.0027]), 0.7854, 0.0]
[84, array([0.5183, 0.0037]), array([0.5195, 0.0027]), 0.7854, 0.0]
[84, array([0.5183, 0.0037]), array([0.5198, 0.0027]), 0.7854, 1.0]
[84, array([0.5183, 0.0037]), array([0.5201, 0.0027]), 0.7854, 1.0]
[84, array([0.5183, 0.0037]), array([0.5204, 0.0027]), 0.7854, 1.0]
[84, array([0.5183, 0.0037]), array([0.5207, 0.0027]), 0.7854, 1.0]
[84, array([0.5183, 0.0037]), array([0.521 , 0.0027]), 0.7854, 1.0]
[84, array([0.5183, 0.0037]), array([0.5213, 0.0027]), 0.7854, 1.0]
[84, array([0.5183, 0.0037]), array([0.5216, 0.0027]), 0.7854, 1.0]
[84, array([0.5183, 0.0037]), array([0.5219, 0.0027]), 0.7854, 1.0]
[84, array([0.5183, 0.0037]), array([0.5156, 0.003 ]), 0.7854, 0.0]
[84, array([0.5183, 0.0037]), array([0.5159, 0.003 ]), 0.7854, 0.0]
[84, array([0.5183, 0.0037]), array([0.5162, 0.003 ]), 0.7854, 0.0]
[84, array([0.5183, 0.0037]), array([0.5165, 0.003 ]), 0.7854, 0.0]
[84, array([0.5183, 0.0037]), array([0.5168, 0.003 ]), 0.7854, 0.0]
[84, array([0.5183, 0.0037]), array([0.5171, 0.003 ]), 0.7854, 1.0]
[84, array([0.5183, 0.0037]), array([0.5174, 0.003 ]), 0.7854, 1.0]
[84, array([0.5183, 0.0037]), array([0.5177, 0.003 ]), 0.7854, 1.0]
[84, array([0.5183, 0.0037]), array([0.518, 0.003]), 0.7854, 1.0]
[84, array([0.5183, 0.0037]), array([0.5183, 0.003 ]), 0.7854, 0.0]
[84, array([0.5183, 0.0037]), array([0.5186, 0.003 ]), 0.7854, 0.0]
[84, array([0.5183, 0.0037]), array([0.5189, 0.003 ]), 0.7854, 0.0]
[84, array([0.5183, 0.0037]), array([0.5192, 0.003 ]), 0.7854, 0.0]
[84, array([0.5183, 0.0037]), array([0.5195, 0.003 ]), 0.7854, 1.0]
[84, array([0.5183, 0.0037]), array([0.5198, 0.003 ]), 0.7854, 1.0]
[84, array([0.5183, 0.0037]), array([0.5201, 0.003 ]), 0.7854, 1.0]
[84, array([0.5183, 0.0037]), array([0.5204, 0.003 ]), 0.7854, 1.0]
[84, array([0.5183, 0.0037]), array([0.5207, 0.003 ]), 0.7854, 1.0]
[84, array([0.5183, 0.0037]), array([0.521, 0.003]), 0.7854, 1.0]
[84, array([0.5183, 0.0037]), array([0.5213, 0.003 ]), 0.7854, 1.0]
[84, array([0.5183, 0.0037]), array([0.5216, 0.003 ]), 0.7854, 0.0]
[84, array([0.5183, 0.0037]), array([0.5219, 0.003 ]), 0.7854, 1.0]
[84, array([0.5183, 0.0037]), array([0.5156, 0.0033]), 0.7854, 0.0]
[84, array([0.5183, 0.0037]), array([0.5159, 0.0033]), 0.7854, 0.0]
[84, array([0.5183, 0.0037]), array([0.5162, 0.0033]), 0.7854, 1.0]
[84, array([0.5183, 0.0037]), array([0.5165, 0.0033]), 0.7854, 1.0]
[84, array([0.5183, 0.0037]), array([0.5168, 0.0033]), 0.7854, 1.0]
[84, array([0.5183, 0.0037]), array([0.5171, 0.0033]), 0.7854, 1.0]
[84, array([0.5183, 0.0037]), array([0.5174, 0.0033]), 0.7854, 1.0]
[84, array([0.5183, 0.0037]), array([0.5177, 0.0033]), 0.7854, 0.0]
[84, array([0.5183, 0.0037]), array([0.518 , 0.0033]), 0.7854, 0.0]
[84, array([0.5183, 0.0037]), array([0.5183, 0.0033]), 0.7854, 0.0]
[84, array([0.5183, 0.0037]), array([0.5186, 0.0033]), 0.7854, 1.0]
[84, array([0.5183, 0.0037]), array([0.5189, 0.0033]), 0.7854, 1.0]
[84, array([0.5183, 0.0037]), array([0.5192, 0.0033]), 0.7854, 1.0]
[84, array([0.5183, 0.0037]), array([0.5195, 0.0033]), 0.7854, 1.0]
[84, array([0.5183, 0.0037]), array([0.5198, 0.0033]), 0.7854, 1.0]
[84, array([0.5183, 0.0037]), array([0.5201, 0.0033]), 0.7854, 1.0]
[84, array([0.5183, 0.0037]), array([0.5204, 0.0033]), 0.7854, 1.0]
[84, array([0.5183, 0.0037]), array([0.5207, 0.0033]), 0.7854, 1.0]
[84, array([0.5183, 0.0037]), array([0.521 , 0.0033]), 0.7854, 1.0]
[84, array([0.5183, 0.0037]), array([0.5213, 0.0033]), 0.7854, 1.0]
[84, array([0.5183, 0.0037]), array([0.5216, 0.0033]), 0.7854, 0.0]
[84, array([0.5183, 0.0037]), array([0.5219, 0.0033]), 0.7854, 1.0]
[84, array([0.5183, 0.0037]), array([0.5156, 0.0036]), 0.7854, 0.0]
[84, array([0.5183, 0.0037]), array([0.5159, 0.0036]), 0.7854, 0.0]
[84, array([0.5183, 0.0037]), array([0.5162, 0.0036]), 0.7854, 0.0]
[84, array([0.5183, 0.0037]), array([0.5165, 0.0036]), 0.7854, 1.0]
[84, array([0.5183, 0.0037]), array([0.5168, 0.0036]), 0.7854, 0.0]
[84, array([0.5183, 0.0037]), array([0.5171, 0.0036]), 0.7854, 0.0]
[84, array([0.5183, 0.0037]), array([0.5174, 0.0036]), 0.7854, 0.0]
[84, array([0.5183, 0.0037]), array([0.5177, 0.0036]), 0.7854, 0.0]
[84, array([0.5183, 0.0037]), array([0.518 , 0.0036]), 0.7854, 1.0]
[84, array([0.5183, 0.0037]), array([0.5183, 0.0036]), 0.7854, 1.0]
[84, array([0.5183, 0.0037]), array([0.5186, 0.0036]), 0.7854, 1.0]
[84, array([0.5183, 0.0037]), array([0.5189, 0.0036]), 0.7854, 1.0]
[84, array([0.5183, 0.0037]), array([0.5192, 0.0036]), 0.7854, 1.0]
[84, array([0.5183, 0.0037]), array([0.5195, 0.0036]), 0.7854, 1.0]
[84, array([0.5183, 0.0037]), array([0.5198, 0.0036]), 0.7854, 1.0]
[84, array([0.5183, 0.0037]), array([0.5201, 0.0036]), 0.7854, 1.0]
[84, array([0.5183, 0.0037]), array([0.5204, 0.0036]), 0.7854, 0.0]
[84, array([0.5183, 0.0037]), array([0.5207, 0.0036]), 0.7854, 1.0]
[84, array([0.5183, 0.0037]), array([0.521 , 0.0036]), 0.7854, 1.0]
[84, array([0.5183, 0.0037]), array([0.5213, 0.0036]), 0.7854, 1.0]
[84, array([0.5183, 0.0037]), array([0.5216, 0.0036]), 0.7854, 1.0]
[84, array([0.5183, 0.0037]), array([0.5219, 0.0036]), 0.7854, 1.0]
[84, array([0.5183, 0.0037]), array([0.5156, 0.0039]), 0.7854, 0.0]
[84, array([0.5183, 0.0037]), array([0.5159, 0.0039]), 0.7854, 1.0]
[84, array([0.5183, 0.0037]), array([0.5162, 0.0039]), 0.7854, 1.0]
[84, array([0.5183, 0.0037]), array([0.5165, 0.0039]), 0.7854, 0.0]
[84, array([0.5183, 0.0037]), array([0.5168, 0.0039]), 0.7854, 0.0]
[84, array([0.5183, 0.0037]), array([0.5171, 0.0039]), 0.7854, 0.0]
[84, array([0.5183, 0.0037]), array([0.5174, 0.0039]), 0.7854, 0.0]
[84, array([0.5183, 0.0037]), array([0.5177, 0.0039]), 0.7854, 1.0]
[84, array([0.5183, 0.0037]), array([0.518 , 0.0039]), 0.7854, 1.0]
[84, array([0.5183, 0.0037]), array([0.5183, 0.0039]), 0.7854, 1.0]
[84, array([0.5183, 0.0037]), array([0.5186, 0.0039]), 0.7854, 1.0]
[84, array([0.5183, 0.0037]), array([0.5189, 0.0039]), 0.7854, 1.0]
[84, array([0.5183, 0.0037]), array([0.5192, 0.0039]), 0.7854, 1.0]
[84, array([0.5183, 0.0037]), array([0.5195, 0.0039]), 0.7854, 1.0]
[84, array([0.5183, 0.0037]), array([0.5198, 0.0039]), 0.7854, 1.0]
[84, array([0.5183, 0.0037]), array([0.5201, 0.0039]), 0.7854, 1.0]
[84, array([0.5183, 0.0037]), array([0.5204, 0.0039]), 0.7854, 1.0]
[84, array([0.5183, 0.0037]), array([0.5207, 0.0039]), 0.7854, 0.0]
[84, array([0.5183, 0.0037]), array([0.521 , 0.0039]), 0.7854, 0.0]
[84, array([0.5183, 0.0037]), array([0.5213, 0.0039]), 0.7854, 1.0]
[84, array([0.5183, 0.0037]), array([0.5216, 0.0039]), 0.7854, 1.0]
[84, array([0.5183, 0.0037]), array([0.5219, 0.0039]), 0.7854, 1.0]
[84, array([0.5183, 0.0037]), array([0.5156, 0.0042]), 0.7854, 1.0]
[84, array([0.5183, 0.0037]), array([0.5159, 0.0042]), 0.7854, 1.0]
[84, array([0.5183, 0.0037]), array([0.5162, 0.0042]), 0.7854, 0.0]
[84, array([0.5183, 0.0037]), array([0.5165, 0.0042]), 0.7854, 0.0]
[84, array([0.5183, 0.0037]), array([0.5168, 0.0042]), 0.7854, 0.0]
[84, array([0.5183, 0.0037]), array([0.5171, 0.0042]), 0.7854, 0.0]
[84, array([0.5183, 0.0037]), array([0.5174, 0.0042]), 0.7854, 1.0]
[84, array([0.5183, 0.0037]), array([0.5177, 0.0042]), 0.7854, 1.0]
[84, array([0.5183, 0.0037]), array([0.518 , 0.0042]), 0.7854, 1.0]
[84, array([0.5183, 0.0037]), array([0.5183, 0.0042]), 0.7854, 0.0]
[84, array([0.5183, 0.0037]), array([0.5186, 0.0042]), 0.7854, 0.0]
[84, array([0.5183, 0.0037]), array([0.5189, 0.0042]), 0.7854, 1.0]
[84, array([0.5183, 0.0037]), array([0.5192, 0.0042]), 0.7854, 1.0]
[84, array([0.5183, 0.0037]), array([0.5195, 0.0042]), 0.7854, 1.0]
[84, array([0.5183, 0.0037]), array([0.5198, 0.0042]), 0.7854, 1.0]
[84, array([0.5183, 0.0037]), array([0.5201, 0.0042]), 0.7854, 1.0]
[84, array([0.5183, 0.0037]), array([0.5204, 0.0042]), 0.7854, 1.0]
[84, array([0.5183, 0.0037]), array([0.5207, 0.0042]), 0.7854, 1.0]
[84, array([0.5183, 0.0037]), array([0.521 , 0.0042]), 0.7854, 0.0]
[84, array([0.5183, 0.0037]), array([0.5213, 0.0042]), 0.7854, 1.0]
[84, array([0.5183, 0.0037]), array([0.5216, 0.0042]), 0.7854, 1.0]
[84, array([0.5183, 0.0037]), array([0.5219, 0.0042]), 0.7854, 1.0]
[84, array([0.5183, 0.0037]), array([0.5156, 0.0045]), 0.7854, 0.0]
[84, array([0.5183, 0.0037]), array([0.5159, 0.0045]), 0.7854, 0.0]
[84, array([0.5183, 0.0037]), array([0.5162, 0.0045]), 0.7854, 0.0]
[84, array([0.5183, 0.0037]), array([0.5165, 0.0045]), 0.7854, 1.0]
[84, array([0.5183, 0.0037]), array([0.5168, 0.0045]), 0.7854, 1.0]
[84, array([0.5183, 0.0037]), array([0.5171, 0.0045]), 0.7854, 1.0]
[84, array([0.5183, 0.0037]), array([0.5174, 0.0045]), 0.7854, 1.0]
[84, array([0.5183, 0.0037]), array([0.5177, 0.0045]), 0.7854, 1.0]
[84, array([0.5183, 0.0037]), array([0.518 , 0.0045]), 0.7854, 1.0]
[84, array([0.5183, 0.0037]), array([0.5183, 0.0045]), 0.7854, 1.0]
[84, array([0.5183, 0.0037]), array([0.5186, 0.0045]), 0.7854, 1.0]
[84, array([0.5183, 0.0037]), array([0.5189, 0.0045]), 0.7854, 0.0]
[84, array([0.5183, 0.0037]), array([0.5192, 0.0045]), 0.7854, 1.0]
[84, array([0.5183, 0.0037]), array([0.5195, 0.0045]), 0.7854, 1.0]
[84, array([0.5183, 0.0037]), array([0.5198, 0.0045]), 0.7854, 1.0]
[84, array([0.5183, 0.0037]), array([0.5201, 0.0045]), 0.7854, 1.0]
[84, array([0.5183, 0.0037]), array([0.5204, 0.0045]), 0.7854, 1.0]
[84, array([0.5183, 0.0037]), array([0.5207, 0.0045]), 0.7854, 1.0]
[84, array([0.5183, 0.0037]), array([0.521 , 0.0045]), 0.7854, 1.0]
[84, array([0.5183, 0.0037]), array([0.5213, 0.0045]), 0.7854, 1.0]
[84, array([0.5183, 0.0037]), array([0.5216, 0.0045]), 0.7854, 1.0]
[84, array([0.5183, 0.0037]), array([0.5219, 0.0045]), 0.7854, 1.0]
[84, array([0.5183, 0.0037]), array([0.5156, 0.0048]), 0.7854, 0.0]
[84, array([0.5183, 0.0037]), array([0.5159, 0.0048]), 0.7854, 0.0]
[84, array([0.5183, 0.0037]), array([0.5162, 0.0048]), 0.7854, 1.0]
[84, array([0.5183, 0.0037]), array([0.5165, 0.0048]), 0.7854, 1.0]
[84, array([0.5183, 0.0037]), array([0.5168, 0.0048]), 0.7854, 1.0]
[84, array([0.5183, 0.0037]), array([0.5171, 0.0048]), 0.7854, 1.0]
[84, array([0.5183, 0.0037]), array([0.5174, 0.0048]), 0.7854, 1.0]
[84, array([0.5183, 0.0037]), array([0.5177, 0.0048]), 0.7854, 1.0]
[84, array([0.5183, 0.0037]), array([0.518 , 0.0048]), 0.7854, 1.0]
[84, array([0.5183, 0.0037]), array([0.5183, 0.0048]), 0.7854, 0.0]
[84, array([0.5183, 0.0037]), array([0.5186, 0.0048]), 0.7854, 0.0]
[84, array([0.5183, 0.0037]), array([0.5189, 0.0048]), 0.7854, 1.0]
[84, array([0.5183, 0.0037]), array([0.5192, 0.0048]), 0.7854, 1.0]
[84, array([0.5183, 0.0037]), array([0.5195, 0.0048]), 0.7854, 1.0]
[84, array([0.5183, 0.0037]), array([0.5198, 0.0048]), 0.7854, 1.0]
[84, array([0.5183, 0.0037]), array([0.5201, 0.0048]), 0.7854, 0.0]
[84, array([0.5183, 0.0037]), array([0.5204, 0.0048]), 0.7854, 1.0]
[84, array([0.5183, 0.0037]), array([0.5207, 0.0048]), 0.7854, 1.0]
[84, array([0.5183, 0.0037]), array([0.521 , 0.0048]), 0.7854, 1.0]
[84, array([0.5183, 0.0037]), array([0.5213, 0.0048]), 0.7854, 1.0]
[84, array([0.5183, 0.0037]), array([0.5216, 0.0048]), 0.7854, 1.0]
[84, array([0.5183, 0.0037]), array([0.5219, 0.0048]), 0.7854, 1.0]
[84, array([0.5183, 0.0037]), array([0.5156, 0.0051]), 0.7854, 1.0]
[84, array([0.5183, 0.0037]), array([0.5159, 0.0051]), 0.7854, 1.0]
[84, array([0.5183, 0.0037]), array([0.5162, 0.0051]), 0.7854, 1.0]
[84, array([0.5183, 0.0037]), array([0.5165, 0.0051]), 0.7854, 1.0]
[84, array([0.5183, 0.0037]), array([0.5168, 0.0051]), 0.7854, 1.0]
[84, array([0.5183, 0.0037]), array([0.5171, 0.0051]), 0.7854, 1.0]
[84, array([0.5183, 0.0037]), array([0.5174, 0.0051]), 0.7854, 1.0]
[84, array([0.5183, 0.0037]), array([0.5177, 0.0051]), 0.7854, 1.0]
[84, array([0.5183, 0.0037]), array([0.518 , 0.0051]), 0.7854, 0.0]
[84, array([0.5183, 0.0037]), array([0.5183, 0.0051]), 0.7854, 0.0]
[84, array([0.5183, 0.0037]), array([0.5186, 0.0051]), 0.7854, 1.0]
[84, array([0.5183, 0.0037]), array([0.5189, 0.0051]), 0.7854, 1.0]
[84, array([0.5183, 0.0037]), array([0.5192, 0.0051]), 0.7854, 1.0]
[84, array([0.5183, 0.0037]), array([0.5195, 0.0051]), 0.7854, 0.0]
[84, array([0.5183, 0.0037]), array([0.5198, 0.0051]), 0.7854, 1.0]
[84, array([0.5183, 0.0037]), array([0.5201, 0.0051]), 0.7854, 1.0]
[84, array([0.5183, 0.0037]), array([0.5204, 0.0051]), 0.7854, 1.0]
[84, array([0.5183, 0.0037]), array([0.5207, 0.0051]), 0.7854, 1.0]
[84, array([0.5183, 0.0037]), array([0.521 , 0.0051]), 0.7854, 1.0]
[84, array([0.5183, 0.0037]), array([0.5213, 0.0051]), 0.7854, 1.0]
[84, array([0.5183, 0.0037]), array([0.5216, 0.0051]), 0.7854, 1.0]
[84, array([0.5183, 0.0037]), array([0.5219, 0.0051]), 0.7854, 0.0]
[84, array([0.5183, 0.0037]), array([0.5156, 0.0054]), 0.7854, 1.0]
[84, array([0.5183, 0.0037]), array([0.5159, 0.0054]), 0.7854, 1.0]
[84, array([0.5183, 0.0037]), array([0.5162, 0.0054]), 0.7854, 1.0]
[84, array([0.5183, 0.0037]), array([0.5165, 0.0054]), 0.7854, 1.0]
[84, array([0.5183, 0.0037]), array([0.5168, 0.0054]), 0.7854, 1.0]
[84, array([0.5183, 0.0037]), array([0.5171, 0.0054]), 0.7854, 1.0]
[84, array([0.5183, 0.0037]), array([0.5174, 0.0054]), 0.7854, 0.0]
[84, array([0.5183, 0.0037]), array([0.5177, 0.0054]), 0.7854, 0.0]
[84, array([0.5183, 0.0037]), array([0.518 , 0.0054]), 0.7854, 0.0]
[84, array([0.5183, 0.0037]), array([0.5183, 0.0054]), 0.7854, 1.0]
[84, array([0.5183, 0.0037]), array([0.5186, 0.0054]), 0.7854, 1.0]
[84, array([0.5183, 0.0037]), array([0.5189, 0.0054]), 0.7854, 1.0]
[84, array([0.5183, 0.0037]), array([0.5192, 0.0054]), 0.7854, 1.0]
[84, array([0.5183, 0.0037]), array([0.5195, 0.0054]), 0.7854, 0.0]
[84, array([0.5183, 0.0037]), array([0.5198, 0.0054]), 0.7854, 1.0]
[84, array([0.5183, 0.0037]), array([0.5201, 0.0054]), 0.7854, 1.0]
[84, array([0.5183, 0.0037]), array([0.5204, 0.0054]), 0.7854, 1.0]
[84, array([0.5183, 0.0037]), array([0.5207, 0.0054]), 0.7854, 1.0]
[84, array([0.5183, 0.0037]), array([0.521 , 0.0054]), 0.7854, 1.0]
[84, array([0.5183, 0.0037]), array([0.5213, 0.0054]), 0.7854, 1.0]
[84, array([0.5183, 0.0037]), array([0.5216, 0.0054]), 0.7854, 1.0]
[84, array([0.5183, 0.0037]), array([0.5219, 0.0054]), 0.7854, 1.0]
[84, array([0.5183, 0.0037]), array([0.5156, 0.0057]), 0.7854, 1.0]
[84, array([0.5183, 0.0037]), array([0.5159, 0.0057]), 0.7854, 1.0]
[84, array([0.5183, 0.0037]), array([0.5162, 0.0057]), 0.7854, 1.0]
[84, array([0.5183, 0.0037]), array([0.5165, 0.0057]), 0.7854, 1.0]
[84, array([0.5183, 0.0037]), array([0.5168, 0.0057]), 0.7854, 1.0]
[84, array([0.5183, 0.0037]), array([0.5171, 0.0057]), 0.7854, 1.0]
[84, array([0.5183, 0.0037]), array([0.5174, 0.0057]), 0.7854, 0.0]
[84, array([0.5183, 0.0037]), array([0.5177, 0.0057]), 0.7854, 1.0]
[84, array([0.5183, 0.0037]), array([0.518 , 0.0057]), 0.7854, 1.0]
[84, array([0.5183, 0.0037]), array([0.5183, 0.0057]), 0.7854, 1.0]
[84, array([0.5183, 0.0037]), array([0.5186, 0.0057]), 0.7854, 1.0]
[84, array([0.5183, 0.0037]), array([0.5189, 0.0057]), 0.7854, 1.0]
[84, array([0.5183, 0.0037]), array([0.5192, 0.0057]), 0.7854, 1.0]
[84, array([0.5183, 0.0037]), array([0.5195, 0.0057]), 0.7854, 1.0]
[84, array([0.5183, 0.0037]), array([0.5198, 0.0057]), 0.7854, 0.0]
[84, array([0.5183, 0.0037]), array([0.5201, 0.0057]), 0.7854, 1.0]
[84, array([0.5183, 0.0037]), array([0.5204, 0.0057]), 0.7854, 1.0]
[84, array([0.5183, 0.0037]), array([0.5207, 0.0057]), 0.7854, 1.0]
[84, array([0.5183, 0.0037]), array([0.521 , 0.0057]), 0.7854, 1.0]
[84, array([0.5183, 0.0037]), array([0.5213, 0.0057]), 0.7854, 1.0]
[84, array([0.5183, 0.0037]), array([0.5216, 0.0057]), 0.7854, 1.0]
[84, array([0.5183, 0.0037]), array([0.5219, 0.0057]), 0.7854, 1.0]
[84, array([0.5183, 0.0037]), array([0.5156, 0.006 ]), 0.7854, 1.0]
[84, array([0.5183, 0.0037]), array([0.5159, 0.006 ]), 0.7854, 1.0]
[84, array([0.5183, 0.0037]), array([0.5162, 0.006 ]), 0.7854, 1.0]
[84, array([0.5183, 0.0037]), array([0.5165, 0.006 ]), 0.7854, 0.0]
[84, array([0.5183, 0.0037]), array([0.5168, 0.006 ]), 0.7854, 1.0]
[84, array([0.5183, 0.0037]), array([0.5171, 0.006 ]), 0.7854, 0.0]
[84, array([0.5183, 0.0037]), array([0.5174, 0.006 ]), 0.7854, 1.0]
[84, array([0.5183, 0.0037]), array([0.5177, 0.006 ]), 0.7854, 1.0]
[84, array([0.5183, 0.0037]), array([0.518, 0.006]), 0.7854, 1.0]
[84, array([0.5183, 0.0037]), array([0.5183, 0.006 ]), 0.7854, 1.0]
[84, array([0.5183, 0.0037]), array([0.5186, 0.006 ]), 0.7854, 1.0]
[84, array([0.5183, 0.0037]), array([0.5189, 0.006 ]), 0.7854, 1.0]
[84, array([0.5183, 0.0037]), array([0.5192, 0.006 ]), 0.7854, 0.0]
[84, array([0.5183, 0.0037]), array([0.5195, 0.006 ]), 0.7854, 1.0]
[84, array([0.5183, 0.0037]), array([0.5198, 0.006 ]), 0.7854, 1.0]
[84, array([0.5183, 0.0037]), array([0.5201, 0.006 ]), 0.7854, 1.0]
[84, array([0.5183, 0.0037]), array([0.5204, 0.006 ]), 0.7854, 1.0]
[84, array([0.5183, 0.0037]), array([0.5207, 0.006 ]), 0.7854, 1.0]
[84, array([0.5183, 0.0037]), array([0.521, 0.006]), 0.7854, 1.0]
[84, array([0.5183, 0.0037]), array([0.5213, 0.006 ]), 0.7854, 1.0]
[84, array([0.5183, 0.0037]), array([0.5216, 0.006 ]), 0.7854, 1.0]
[84, array([0.5183, 0.0037]), array([0.5219, 0.006 ]), 0.7854, 1.0]
[84, array([0.5183, 0.0037]), array([0.5156, 0.0063]), 0.7854, 1.0]
[84, array([0.5183, 0.0037]), array([0.5159, 0.0063]), 0.7854, 1.0]
[84, array([0.5183, 0.0037]), array([0.5162, 0.0063]), 0.7854, 1.0]
[84, array([0.5183, 0.0037]), array([0.5165, 0.0063]), 0.7854, 0.0]
[84, array([0.5183, 0.0037]), array([0.5168, 0.0063]), 0.7854, 0.0]
[84, array([0.5183, 0.0037]), array([0.5171, 0.0063]), 0.7854, 0.0]
[84, array([0.5183, 0.0037]), array([0.5174, 0.0063]), 0.7854, 0.0]
[84, array([0.5183, 0.0037]), array([0.5177, 0.0063]), 0.7854, 1.0]
[84, array([0.5183, 0.0037]), array([0.518 , 0.0063]), 0.7854, 1.0]
[84, array([0.5183, 0.0037]), array([0.5183, 0.0063]), 0.7854, 1.0]
[84, array([0.5183, 0.0037]), array([0.5186, 0.0063]), 0.7854, 1.0]
[84, array([0.5183, 0.0037]), array([0.5189, 0.0063]), 0.7854, 0.0]
[84, array([0.5183, 0.0037]), array([0.5192, 0.0063]), 0.7854, 0.0]
[84, array([0.5183, 0.0037]), array([0.5195, 0.0063]), 0.7854, 1.0]
[84, array([0.5183, 0.0037]), array([0.5198, 0.0063]), 0.7854, 1.0]
[84, array([0.5183, 0.0037]), array([0.5201, 0.0063]), 0.7854, 1.0]
[84, array([0.5183, 0.0037]), array([0.5204, 0.0063]), 0.7854, 1.0]
[84, array([0.5183, 0.0037]), array([0.5207, 0.0063]), 0.7854, 1.0]
[84, array([0.5183, 0.0037]), array([0.521 , 0.0063]), 0.7854, 1.0]
[84, array([0.5183, 0.0037]), array([0.5213, 0.0063]), 0.7854, 1.0]
[84, array([0.5183, 0.0037]), array([0.5216, 0.0063]), 0.7854, 1.0]
[84, array([0.5183, 0.0037]), array([0.5219, 0.0063]), 0.7854, 1.0]
[84, array([0.5183, 0.0037]), array([0.5156, 0.0066]), 0.7854, 1.0]
[84, array([0.5183, 0.0037]), array([0.5159, 0.0066]), 0.7854, 1.0]
[84, array([0.5183, 0.0037]), array([0.5162, 0.0066]), 0.7854, 1.0]
[84, array([0.5183, 0.0037]), array([0.5165, 0.0066]), 0.7854, 0.0]
[84, array([0.5183, 0.0037]), array([0.5168, 0.0066]), 0.7854, 1.0]
[84, array([0.5183, 0.0037]), array([0.5171, 0.0066]), 0.7854, 0.0]
[84, array([0.5183, 0.0037]), array([0.5174, 0.0066]), 0.7854, 1.0]
[84, array([0.5183, 0.0037]), array([0.5177, 0.0066]), 0.7854, 0.0]
[84, array([0.5183, 0.0037]), array([0.518 , 0.0066]), 0.7854, 1.0]
[84, array([0.5183, 0.0037]), array([0.5183, 0.0066]), 0.7854, 1.0]
[84, array([0.5183, 0.0037]), array([0.5186, 0.0066]), 0.7854, 1.0]
[84, array([0.5183, 0.0037]), array([0.5189, 0.0066]), 0.7854, 1.0]
[84, array([0.5183, 0.0037]), array([0.5192, 0.0066]), 0.7854, 1.0]
[84, array([0.5183, 0.0037]), array([0.5195, 0.0066]), 0.7854, 1.0]
[84, array([0.5183, 0.0037]), array([0.5198, 0.0066]), 0.7854, 1.0]
[84, array([0.5183, 0.0037]), array([0.5201, 0.0066]), 0.7854, 1.0]
[84, array([0.5183, 0.0037]), array([0.5204, 0.0066]), 0.7854, 1.0]
[84, array([0.5183, 0.0037]), array([0.5207, 0.0066]), 0.7854, 1.0]
[84, array([0.5183, 0.0037]), array([0.521 , 0.0066]), 0.7854, 1.0]
[84, array([0.5183, 0.0037]), array([0.5213, 0.0066]), 0.7854, 1.0]
[84, array([0.5183, 0.0037]), array([0.5216, 0.0066]), 0.7854, 1.0]
[84, array([0.5183, 0.0037]), array([0.5219, 0.0066]), 0.7854, 0.0]
[84, array([0.5183, 0.0037]), array([0.5156, 0.0069]), 0.7854, 1.0]
[84, array([0.5183, 0.0037]), array([0.5159, 0.0069]), 0.7854, 0.0]
[84, array([0.5183, 0.0037]), array([0.5162, 0.0069]), 0.7854, 0.0]
[84, array([0.5183, 0.0037]), array([0.5165, 0.0069]), 0.7854, 1.0]
[84, array([0.5183, 0.0037]), array([0.5168, 0.0069]), 0.7854, 0.0]
[84, array([0.5183, 0.0037]), array([0.5171, 0.0069]), 0.7854, 1.0]
[84, array([0.5183, 0.0037]), array([0.5174, 0.0069]), 0.7854, 1.0]
[84, array([0.5183, 0.0037]), array([0.5177, 0.0069]), 0.7854, 0.0]
[84, array([0.5183, 0.0037]), array([0.518 , 0.0069]), 0.7854, 0.0]
[84, array([0.5183, 0.0037]), array([0.5183, 0.0069]), 0.7854, 1.0]
[84, array([0.5183, 0.0037]), array([0.5186, 0.0069]), 0.7854, 0.0]
[84, array([0.5183, 0.0037]), array([0.5189, 0.0069]), 0.7854, 1.0]
[84, array([0.5183, 0.0037]), array([0.5192, 0.0069]), 0.7854, 1.0]
[84, array([0.5183, 0.0037]), array([0.5195, 0.0069]), 0.7854, 1.0]
[84, array([0.5183, 0.0037]), array([0.5198, 0.0069]), 0.7854, 1.0]
[84, array([0.5183, 0.0037]), array([0.5201, 0.0069]), 0.7854, 0.0]
[84, array([0.5183, 0.0037]), array([0.5204, 0.0069]), 0.7854, 1.0]
[84, array([0.5183, 0.0037]), array([0.5207, 0.0069]), 0.7854, 0.0]
[84, array([0.5183, 0.0037]), array([0.521 , 0.0069]), 0.7854, 0.0]
[84, array([0.5183, 0.0037]), array([0.5213, 0.0069]), 0.7854, 1.0]
[84, array([0.5183, 0.0037]), array([0.5216, 0.0069]), 0.7854, 0.0]
[84, array([0.5183, 0.0037]), array([0.5219, 0.0069]), 0.7854, 0.0]
[84, array([0.5183, 0.0037]), array([0.5156, 0.0072]), 0.7854, 0.0]
[84, array([0.5183, 0.0037]), array([0.5159, 0.0072]), 0.7854, 0.0]
[84, array([0.5183, 0.0037]), array([0.5162, 0.0072]), 0.7854, 1.0]
[84, array([0.5183, 0.0037]), array([0.5165, 0.0072]), 0.7854, 1.0]
[84, array([0.5183, 0.0037]), array([0.5168, 0.0072]), 0.7854, 1.0]
[84, array([0.5183, 0.0037]), array([0.5171, 0.0072]), 0.7854, 1.0]
[84, array([0.5183, 0.0037]), array([0.5174, 0.0072]), 0.7854, 1.0]
[84, array([0.5183, 0.0037]), array([0.5177, 0.0072]), 0.7854, 0.0]
[84, array([0.5183, 0.0037]), array([0.518 , 0.0072]), 0.7854, 0.0]
[84, array([0.5183, 0.0037]), array([0.5183, 0.0072]), 0.7854, 0.0]
[84, array([0.5183, 0.0037]), array([0.5186, 0.0072]), 0.7854, 1.0]
[84, array([0.5183, 0.0037]), array([0.5189, 0.0072]), 0.7854, 1.0]
[84, array([0.5183, 0.0037]), array([0.5192, 0.0072]), 0.7854, 1.0]
[84, array([0.5183, 0.0037]), array([0.5195, 0.0072]), 0.7854, 1.0]
[84, array([0.5183, 0.0037]), array([0.5198, 0.0072]), 0.7854, 0.0]
[84, array([0.5183, 0.0037]), array([0.5201, 0.0072]), 0.7854, 1.0]
[84, array([0.5183, 0.0037]), array([0.5204, 0.0072]), 0.7854, 0.0]
[84, array([0.5183, 0.0037]), array([0.5207, 0.0072]), 0.7854, 0.0]
[84, array([0.5183, 0.0037]), array([0.521 , 0.0072]), 0.7854, 1.0]
[84, array([0.5183, 0.0037]), array([0.5213, 0.0072]), 0.7854, 0.0]
[84, array([0.5183, 0.0037]), array([0.5216, 0.0072]), 0.7854, 0.0]
[84, array([0.5183, 0.0037]), array([0.5219, 0.0072]), 0.7854, 0.0]
[84, array([0.5183, 0.0037]), array([0.5156, 0.0075]), 0.7854, 0.0]
[84, array([0.5183, 0.0037]), array([0.5159, 0.0075]), 0.7854, 0.0]
[84, array([0.5183, 0.0037]), array([0.5162, 0.0075]), 0.7854, 1.0]
[84, array([0.5183, 0.0037]), array([0.5165, 0.0075]), 0.7854, 1.0]
[84, array([0.5183, 0.0037]), array([0.5168, 0.0075]), 0.7854, 1.0]
[84, array([0.5183, 0.0037]), array([0.5171, 0.0075]), 0.7854, 1.0]
[84, array([0.5183, 0.0037]), array([0.5174, 0.0075]), 0.7854, 0.0]
[84, array([0.5183, 0.0037]), array([0.5177, 0.0075]), 0.7854, 0.0]
[84, array([0.5183, 0.0037]), array([0.518 , 0.0075]), 0.7854, 0.0]
[84, array([0.5183, 0.0037]), array([0.5183, 0.0075]), 0.7854, 0.0]
[84, array([0.5183, 0.0037]), array([0.5186, 0.0075]), 0.7854, 1.0]
[84, array([0.5183, 0.0037]), array([0.5189, 0.0075]), 0.7854, 1.0]
[84, array([0.5183, 0.0037]), array([0.5192, 0.0075]), 0.7854, 0.0]
[84, array([0.5183, 0.0037]), array([0.5195, 0.0075]), 0.7854, 0.0]
[84, array([0.5183, 0.0037]), array([0.5198, 0.0075]), 0.7854, 1.0]
[84, array([0.5183, 0.0037]), array([0.5201, 0.0075]), 0.7854, 1.0]
[84, array([0.5183, 0.0037]), array([0.5204, 0.0075]), 0.7854, 1.0]
[84, array([0.5183, 0.0037]), array([0.5207, 0.0075]), 0.7854, 0.0]
[84, array([0.5183, 0.0037]), array([0.521 , 0.0075]), 0.7854, 0.0]
[84, array([0.5183, 0.0037]), array([0.5213, 0.0075]), 0.7854, 0.0]
[84, array([0.5183, 0.0037]), array([0.5216, 0.0075]), 0.7854, 0.0]
[84, array([0.5183, 0.0037]), array([0.5219, 0.0075]), 0.7854, 0.0]
[84, array([0.5183, 0.0037]), array([0.5156, 0.0078]), 0.7854, 0.0]
[84, array([0.5183, 0.0037]), array([0.5159, 0.0078]), 0.7854, 1.0]
[84, array([0.5183, 0.0037]), array([0.5162, 0.0078]), 0.7854, 1.0]
[84, array([0.5183, 0.0037]), array([0.5165, 0.0078]), 0.7854, 1.0]
[84, array([0.5183, 0.0037]), array([0.5168, 0.0078]), 0.7854, 1.0]
[84, array([0.5183, 0.0037]), array([0.5171, 0.0078]), 0.7854, 0.0]
[84, array([0.5183, 0.0037]), array([0.5174, 0.0078]), 0.7854, 0.0]
[84, array([0.5183, 0.0037]), array([0.5177, 0.0078]), 0.7854, 0.0]
[84, array([0.5183, 0.0037]), array([0.518 , 0.0078]), 0.7854, 0.0]
[84, array([0.5183, 0.0037]), array([0.5183, 0.0078]), 0.7854, 0.0]
[84, array([0.5183, 0.0037]), array([0.5186, 0.0078]), 0.7854, 1.0]
[84, array([0.5183, 0.0037]), array([0.5189, 0.0078]), 0.7854, 1.0]
[84, array([0.5183, 0.0037]), array([0.5192, 0.0078]), 0.7854, 0.0]
[84, array([0.5183, 0.0037]), array([0.5195, 0.0078]), 0.7854, 0.0]
[84, array([0.5183, 0.0037]), array([0.5198, 0.0078]), 0.7854, 1.0]
[84, array([0.5183, 0.0037]), array([0.5201, 0.0078]), 0.7854, 1.0]
[84, array([0.5183, 0.0037]), array([0.5204, 0.0078]), 0.7854, 1.0]
[84, array([0.5183, 0.0037]), array([0.5207, 0.0078]), 0.7854, 0.0]
[84, array([0.5183, 0.0037]), array([0.521 , 0.0078]), 0.7854, 0.0]
[84, array([0.5183, 0.0037]), array([0.5213, 0.0078]), 0.7854, 0.0]
[84, array([0.5183, 0.0037]), array([0.5216, 0.0078]), 0.7854, 0.0]
[84, array([0.5183, 0.0037]), array([0.5219, 0.0078]), 0.7854, 0.0]
[77, array([0.4941, 0.0464]), array([0.4906, 0.0406]), 0.7854, 0.0]
[77, array([0.4941, 0.0464]), array([0.49075238, 0.0406    ]), 0.7854, 0.0]
[77, array([0.4941, 0.0464]), array([0.49090476, 0.0406    ]), 0.7854, 0.0]
[77, array([0.4941, 0.0464]), array([0.49105714, 0.0406    ]), 0.7854, 0.0]
[77, array([0.4941, 0.0464]), array([0.49120952, 0.0406    ]), 0.7854, 0.0]
[77, array([0.4941, 0.0464]), array([0.4913619, 0.0406   ]), 0.7854, 0.0]
[77, array([0.4941, 0.0464]), array([0.49151429, 0.0406    ]), 0.7854, 0.0]
[77, array([0.4941, 0.0464]), array([0.49166667, 0.0406    ]), 0.7854, 0.0]
[77, array([0.4941, 0.0464]), array([0.49181905, 0.0406    ]), 0.7854, 0.0]
[77, array([0.4941, 0.0464]), array([0.49197143, 0.0406    ]), 0.7854, 0.0]
[77, array([0.4941, 0.0464]), array([0.49212381, 0.0406    ]), 0.7854, 0.0]
[77, array([0.4941, 0.0464]), array([0.49227619, 0.0406    ]), 0.7854, 0.0]
[77, array([0.4941, 0.0464]), array([0.49242857, 0.0406    ]), 0.7854, 0.0]
[77, array([0.4941, 0.0464]), array([0.49258095, 0.0406    ]), 0.7854, 0.0]
[77, array([0.4941, 0.0464]), array([0.49273333, 0.0406    ]), 0.7854, 0.0]
[77, array([0.4941, 0.0464]), array([0.49288571, 0.0406    ]), 0.7854, 0.0]
[77, array([0.4941, 0.0464]), array([0.4930381, 0.0406   ]), 0.7854, 0.0]
[77, array([0.4941, 0.0464]), array([0.49319048, 0.0406    ]), 0.7854, 0.0]
[77, array([0.4941, 0.0464]), array([0.49334286, 0.0406    ]), 0.7854, 0.0]
[77, array([0.4941, 0.0464]), array([0.49349524, 0.0406    ]), 0.7854, 0.0]
[77, array([0.4941, 0.0464]), array([0.49364762, 0.0406    ]), 0.7854, 0.0]
[77, array([0.4941, 0.0464]), array([0.4938, 0.0406]), 0.7854, 0.0]
[77, array([0.4941, 0.0464]), array([0.4906    , 0.04075238]), 0.7854, 0.0]
[77, array([0.4941, 0.0464]), array([0.49075238, 0.04075238]), 0.7854, 0.0]
[77, array([0.4941, 0.0464]), array([0.49090476, 0.04075238]), 0.7854, 0.0]
[77, array([0.4941, 0.0464]), array([0.49105714, 0.04075238]), 0.7854, 0.0]
[77, array([0.4941, 0.0464]), array([0.49120952, 0.04075238]), 0.7854, 0.0]
[77, array([0.4941, 0.0464]), array([0.4913619 , 0.04075238]), 0.7854, 0.0]
[77, array([0.4941, 0.0464]), array([0.49151429, 0.04075238]), 0.7854, 0.0]
[77, array([0.4941, 0.0464]), array([0.49166667, 0.04075238]), 0.7854, 0.0]
[77, array([0.4941, 0.0464]), array([0.49181905, 0.04075238]), 0.7854, 0.0]
[77, array([0.4941, 0.0464]), array([0.49197143, 0.04075238]), 0.7854, 0.0]
[77, array([0.4941, 0.0464]), array([0.49212381, 0.04075238]), 0.7854, 0.0]
[77, array([0.4941, 0.0464]), array([0.49227619, 0.04075238]), 0.7854, 0.0]
[77, array([0.4941, 0.0464]), array([0.49242857, 0.04075238]), 0.7854, 0.0]
[77, array([0.4941, 0.0464]), array([0.49258095, 0.04075238]), 0.7854, 0.0]
[77, array([0.4941, 0.0464]), array([0.49273333, 0.04075238]), 0.7854, 0.0]
[77, array([0.4941, 0.0464]), array([0.49288571, 0.04075238]), 0.7854, 0.0]
[77, array([0.4941, 0.0464]), array([0.4930381 , 0.04075238]), 0.7854, 0.0]
[77, array([0.4941, 0.0464]), array([0.49319048, 0.04075238]), 0.7854, 0.0]
[77, array([0.4941, 0.0464]), array([0.49334286, 0.04075238]), 0.7854, 0.0]
[77, array([0.4941, 0.0464]), array([0.49349524, 0.04075238]), 0.7854, 0.0]
[77, array([0.4941, 0.0464]), array([0.49364762, 0.04075238]), 0.7854, 0.0]
[77, array([0.4941, 0.0464]), array([0.4938    , 0.04075238]), 0.7854, 0.0]
[77, array([0.4941, 0.0464]), array([0.4906    , 0.04090476]), 0.7854, 0.0]
[77, array([0.4941, 0.0464]), array([0.49075238, 0.04090476]), 0.7854, 0.0]
[77, array([0.4941, 0.0464]), array([0.49090476, 0.04090476]), 0.7854, 0.0]
[77, array([0.4941, 0.0464]), array([0.49105714, 0.04090476]), 0.7854, 0.0]
[77, array([0.4941, 0.0464]), array([0.49120952, 0.04090476]), 0.7854, 0.0]
[77, array([0.4941, 0.0464]), array([0.4913619 , 0.04090476]), 0.7854, 0.0]
[77, array([0.4941, 0.0464]), array([0.49151429, 0.04090476]), 0.7854, 0.0]
[77, array([0.4941, 0.0464]), array([0.49166667, 0.04090476]), 0.7854, 0.0]
[77, array([0.4941, 0.0464]), array([0.49181905, 0.04090476]), 0.7854, 0.0]
[77, array([0.4941, 0.0464]), array([0.49197143, 0.04090476]), 0.7854, 0.0]
[77, array([0.4941, 0.0464]), array([0.49212381, 0.04090476]), 0.7854, 0.0]
[77, array([0.4941, 0.0464]), array([0.49227619, 0.04090476]), 0.7854, 0.0]
[77, array([0.4941, 0.0464]), array([0.49242857, 0.04090476]), 0.7854, 0.0]
[77, array([0.4941, 0.0464]), array([0.49258095, 0.04090476]), 0.7854, 0.0]
[77, array([0.4941, 0.0464]), array([0.49273333, 0.04090476]), 0.7854, 0.0]
[77, array([0.4941, 0.0464]), array([0.49288571, 0.04090476]), 0.7854, 0.0]
[77, array([0.4941, 0.0464]), array([0.4930381 , 0.04090476]), 0.7854, 0.0]
[77, array([0.4941, 0.0464]), array([0.49319048, 0.04090476]), 0.7854, 0.0]
[77, array([0.4941, 0.0464]), array([0.49334286, 0.04090476]), 0.7854, 0.0]
[77, array([0.4941, 0.0464]), array([0.49349524, 0.04090476]), 0.7854, 0.0]
[77, array([0.4941, 0.0464]), array([0.49364762, 0.04090476]), 0.7854, 0.0]
[77, array([0.4941, 0.0464]), array([0.4938    , 0.04090476]), 0.7854, 0.0]
[77, array([0.4941, 0.0464]), array([0.4906    , 0.04105714]), 0.7854, 0.0]
[77, array([0.4941, 0.0464]), array([0.49075238, 0.04105714]), 0.7854, 0.0]
[77, array([0.4941, 0.0464]), array([0.49090476, 0.04105714]), 0.7854, 0.0]
[77, array([0.4941, 0.0464]), array([0.49105714, 0.04105714]), 0.7854, 0.0]
[77, array([0.4941, 0.0464]), array([0.49120952, 0.04105714]), 0.7854, 0.0]
[77, array([0.4941, 0.0464]), array([0.4913619 , 0.04105714]), 0.7854, 0.0]
[77, array([0.4941, 0.0464]), array([0.49151429, 0.04105714]), 0.7854, 0.0]
[77, array([0.4941, 0.0464]), array([0.49166667, 0.04105714]), 0.7854, 0.0]
[77, array([0.4941, 0.0464]), array([0.49181905, 0.04105714]), 0.7854, 0.0]
[77, array([0.4941, 0.0464]), array([0.49197143, 0.04105714]), 0.7854, 0.0]
[77, array([0.4941, 0.0464]), array([0.49212381, 0.04105714]), 0.7854, 0.0]
[77, array([0.4941, 0.0464]), array([0.49227619, 0.04105714]), 0.7854, 0.0]
[77, array([0.4941, 0.0464]), array([0.49242857, 0.04105714]), 0.7854, 0.0]
[77, array([0.4941, 0.0464]), array([0.49258095, 0.04105714]), 0.7854, 0.0]
[77, array([0.4941, 0.0464]), array([0.49273333, 0.04105714]), 0.7854, 0.0]
[77, array([0.4941, 0.0464]), array([0.49288571, 0.04105714]), 0.7854, 0.0]
[77, array([0.4941, 0.0464]), array([0.4930381 , 0.04105714]), 0.7854, 0.0]
[77, array([0.4941, 0.0464]), array([0.49319048, 0.04105714]), 0.7854, 0.0]
[77, array([0.4941, 0.0464]), array([0.49334286, 0.04105714]), 0.7854, 0.0]
[77, array([0.4941, 0.0464]), array([0.49349524, 0.04105714]), 0.7854, 0.0]
[77, array([0.4941, 0.0464]), array([0.49364762, 0.04105714]), 0.7854, 0.0]
[77, array([0.4941, 0.0464]), array([0.4938    , 0.04105714]), 0.7854, 0.0]
[77, array([0.4941, 0.0464]), array([0.4906    , 0.04120952]), 0.7854, 0.0]
[77, array([0.4941, 0.0464]), array([0.49075238, 0.04120952]), 0.7854, 0.0]
[77, array([0.4941, 0.0464]), array([0.49090476, 0.04120952]), 0.7854, 0.0]
[77, array([0.4941, 0.0464]), array([0.49105714, 0.04120952]), 0.7854, 0.0]
[77, array([0.4941, 0.0464]), array([0.49120952, 0.04120952]), 0.7854, 0.0]
[77, array([0.4941, 0.0464]), array([0.4913619 , 0.04120952]), 0.7854, 0.0]
[77, array([0.4941, 0.0464]), array([0.49151429, 0.04120952]), 0.7854, 0.0]
[77, array([0.4941, 0.0464]), array([0.49166667, 0.04120952]), 0.7854, 0.0]
[77, array([0.4941, 0.0464]), array([0.49181905, 0.04120952]), 0.7854, 0.0]
[77, array([0.4941, 0.0464]), array([0.49197143, 0.04120952]), 0.7854, 0.0]
[77, array([0.4941, 0.0464]), array([0.49212381, 0.04120952]), 0.7854, 0.0]
[77, array([0.4941, 0.0464]), array([0.49227619, 0.04120952]), 0.7854, 0.0]
[77, array([0.4941, 0.0464]), array([0.49242857, 0.04120952]), 0.7854, 0.0]
[77, array([0.4941, 0.0464]), array([0.49258095, 0.04120952]), 0.7854, 0.0]
[77, array([0.4941, 0.0464]), array([0.49273333, 0.04120952]), 0.7854, 0.0]
[77, array([0.4941, 0.0464]), array([0.49288571, 0.04120952]), 0.7854, 0.0]
[77, array([0.4941, 0.0464]), array([0.4930381 , 0.04120952]), 0.7854, 0.0]
[77, array([0.4941, 0.0464]), array([0.49319048, 0.04120952]), 0.7854, 0.0]
[77, array([0.4941, 0.0464]), array([0.49334286, 0.04120952]), 0.7854, 0.0]
[77, array([0.4941, 0.0464]), array([0.49349524, 0.04120952]), 0.7854, 0.0]
[77, array([0.4941, 0.0464]), array([0.49364762, 0.04120952]), 0.7854, 0.0]
[77, array([0.4941, 0.0464]), array([0.4938    , 0.04120952]), 0.7854, 0.0]
[77, array([0.4941, 0.0464]), array([0.4906   , 0.0413619]), 0.7854, 0.0]
[77, array([0.4941, 0.0464]), array([0.49075238, 0.0413619 ]), 0.7854, 0.0]
[77, array([0.4941, 0.0464]), array([0.49090476, 0.0413619 ]), 0.7854, 0.0]
[77, array([0.4941, 0.0464]), array([0.49105714, 0.0413619 ]), 0.7854, 0.0]
[77, array([0.4941, 0.0464]), array([0.49120952, 0.0413619 ]), 0.7854, 0.0]
[77, array([0.4941, 0.0464]), array([0.4913619, 0.0413619]), 0.7854, 0.0]
[77, array([0.4941, 0.0464]), array([0.49151429, 0.0413619 ]), 0.7854, 0.0]
[77, array([0.4941, 0.0464]), array([0.49166667, 0.0413619 ]), 0.7854, 0.0]
[77, array([0.4941, 0.0464]), array([0.49181905, 0.0413619 ]), 0.7854, 0.0]
[77, array([0.4941, 0.0464]), array([0.49197143, 0.0413619 ]), 0.7854, 0.0]
[77, array([0.4941, 0.0464]), array([0.49212381, 0.0413619 ]), 0.7854, 0.0]
[77, array([0.4941, 0.0464]), array([0.49227619, 0.0413619 ]), 0.7854, 0.0]
[77, array([0.4941, 0.0464]), array([0.49242857, 0.0413619 ]), 0.7854, 0.0]
[77, array([0.4941, 0.0464]), array([0.49258095, 0.0413619 ]), 0.7854, 0.0]
[77, array([0.4941, 0.0464]), array([0.49273333, 0.0413619 ]), 0.7854, 0.0]
[77, array([0.4941, 0.0464]), array([0.49288571, 0.0413619 ]), 0.7854, 0.0]
[77, array([0.4941, 0.0464]), array([0.4930381, 0.0413619]), 0.7854, 0.0]
[77, array([0.4941, 0.0464]), array([0.49319048, 0.0413619 ]), 0.7854, 0.0]
[77, array([0.4941, 0.0464]), array([0.49334286, 0.0413619 ]), 0.7854, 0.0]
[77, array([0.4941, 0.0464]), array([0.49349524, 0.0413619 ]), 0.7854, 0.0]
[77, array([0.4941, 0.0464]), array([0.49364762, 0.0413619 ]), 0.7854, 0.0]
[77, array([0.4941, 0.0464]), array([0.4938   , 0.0413619]), 0.7854, 0.0]
[77, array([0.4941, 0.0464]), array([0.4906    , 0.04151429]), 0.7854, 0.0]
[77, array([0.4941, 0.0464]), array([0.49075238, 0.04151429]), 0.7854, 0.0]
[77, array([0.4941, 0.0464]), array([0.49090476, 0.04151429]), 0.7854, 0.0]
[77, array([0.4941, 0.0464]), array([0.49105714, 0.04151429]), 0.7854, 0.0]
[77, array([0.4941, 0.0464]), array([0.49120952, 0.04151429]), 0.7854, 0.0]
[77, array([0.4941, 0.0464]), array([0.4913619 , 0.04151429]), 0.7854, 0.0]
[77, array([0.4941, 0.0464]), array([0.49151429, 0.04151429]), 0.7854, 0.0]
[77, array([0.4941, 0.0464]), array([0.49166667, 0.04151429]), 0.7854, 0.0]
[77, array([0.4941, 0.0464]), array([0.49181905, 0.04151429]), 0.7854, 0.0]
[77, array([0.4941, 0.0464]), array([0.49197143, 0.04151429]), 0.7854, 0.0]
[77, array([0.4941, 0.0464]), array([0.49212381, 0.04151429]), 0.7854, 0.0]
[77, array([0.4941, 0.0464]), array([0.49227619, 0.04151429]), 0.7854, 0.0]
[77, array([0.4941, 0.0464]), array([0.49242857, 0.04151429]), 0.7854, 0.0]
[77, array([0.4941, 0.0464]), array([0.49258095, 0.04151429]), 0.7854, 0.0]
[77, array([0.4941, 0.0464]), array([0.49273333, 0.04151429]), 0.7854, 0.0]
[77, array([0.4941, 0.0464]), array([0.49288571, 0.04151429]), 0.7854, 0.0]
[77, array([0.4941, 0.0464]), array([0.4930381 , 0.04151429]), 0.7854, 0.0]
[77, array([0.4941, 0.0464]), array([0.49319048, 0.04151429]), 0.7854, 0.0]
[77, array([0.4941, 0.0464]), array([0.49334286, 0.04151429]), 0.7854, 0.0]
[77, array([0.4941, 0.0464]), array([0.49349524, 0.04151429]), 0.7854, 0.0]
[77, array([0.4941, 0.0464]), array([0.49364762, 0.04151429]), 0.7854, 0.0]
[77, array([0.4941, 0.0464]), array([0.4938    , 0.04151429]), 0.7854, 0.0]
[77, array([0.4941, 0.0464]), array([0.4906    , 0.04166667]), 0.7854, 0.0]
[77, array([0.4941, 0.0464]), array([0.49075238, 0.04166667]), 0.7854, 0.0]
[77, array([0.4941, 0.0464]), array([0.49090476, 0.04166667]), 0.7854, 0.0]
[77, array([0.4941, 0.0464]), array([0.49105714, 0.04166667]), 0.7854, 0.0]
[77, array([0.4941, 0.0464]), array([0.49120952, 0.04166667]), 0.7854, 0.0]
[77, array([0.4941, 0.0464]), array([0.4913619 , 0.04166667]), 0.7854, 0.0]
[77, array([0.4941, 0.0464]), array([0.49151429, 0.04166667]), 0.7854, 0.0]
[77, array([0.4941, 0.0464]), array([0.49166667, 0.04166667]), 0.7854, 0.0]
[77, array([0.4941, 0.0464]), array([0.49181905, 0.04166667]), 0.7854, 0.0]
[77, array([0.4941, 0.0464]), array([0.49197143, 0.04166667]), 0.7854, 0.0]
[77, array([0.4941, 0.0464]), array([0.49212381, 0.04166667]), 0.7854, 0.0]
[77, array([0.4941, 0.0464]), array([0.49227619, 0.04166667]), 0.7854, 0.0]
[77, array([0.4941, 0.0464]), array([0.49242857, 0.04166667]), 0.7854, 0.0]
[77, array([0.4941, 0.0464]), array([0.49258095, 0.04166667]), 0.7854, 0.0]
[77, array([0.4941, 0.0464]), array([0.49273333, 0.04166667]), 0.7854, 0.0]
[77, array([0.4941, 0.0464]), array([0.49288571, 0.04166667]), 0.7854, 0.0]
[77, array([0.4941, 0.0464]), array([0.4930381 , 0.04166667]), 0.7854, 0.0]
[77, array([0.4941, 0.0464]), array([0.49319048, 0.04166667]), 0.7854, 0.0]
[77, array([0.4941, 0.0464]), array([0.49334286, 0.04166667]), 0.7854, 0.0]
[77, array([0.4941, 0.0464]), array([0.49349524, 0.04166667]), 0.7854, 0.0]
[77, array([0.4941, 0.0464]), array([0.49364762, 0.04166667]), 0.7854, 0.0]
[77, array([0.4941, 0.0464]), array([0.4938    , 0.04166667]), 0.7854, 0.0]
[77, array([0.4941, 0.0464]), array([0.4906    , 0.04181905]), 0.7854, 0.0]
[77, array([0.4941, 0.0464]), array([0.49075238, 0.04181905]), 0.7854, 0.0]
[77, array([0.4941, 0.0464]), array([0.49090476, 0.04181905]), 0.7854, 0.0]
[77, array([0.4941, 0.0464]), array([0.49105714, 0.04181905]), 0.7854, 0.0]
[77, array([0.4941, 0.0464]), array([0.49120952, 0.04181905]), 0.7854, 0.0]
[77, array([0.4941, 0.0464]), array([0.4913619 , 0.04181905]), 0.7854, 0.0]
[77, array([0.4941, 0.0464]), array([0.49151429, 0.04181905]), 0.7854, 0.0]
[77, array([0.4941, 0.0464]), array([0.49166667, 0.04181905]), 0.7854, 0.0]
[77, array([0.4941, 0.0464]), array([0.49181905, 0.04181905]), 0.7854, 0.0]
[77, array([0.4941, 0.0464]), array([0.49197143, 0.04181905]), 0.7854, 0.0]
[77, array([0.4941, 0.0464]), array([0.49212381, 0.04181905]), 0.7854, 0.0]
[77, array([0.4941, 0.0464]), array([0.49227619, 0.04181905]), 0.7854, 0.0]
[77, array([0.4941, 0.0464]), array([0.49242857, 0.04181905]), 0.7854, 0.0]
[77, array([0.4941, 0.0464]), array([0.49258095, 0.04181905]), 0.7854, 0.0]
[77, array([0.4941, 0.0464]), array([0.49273333, 0.04181905]), 0.7854, 0.0]
[77, array([0.4941, 0.0464]), array([0.49288571, 0.04181905]), 0.7854, 0.0]
[77, array([0.4941, 0.0464]), array([0.4930381 , 0.04181905]), 0.7854, 0.0]
[77, array([0.4941, 0.0464]), array([0.49319048, 0.04181905]), 0.7854, 0.0]
[77, array([0.4941, 0.0464]), array([0.49334286, 0.04181905]), 0.7854, 0.0]
[77, array([0.4941, 0.0464]), array([0.49349524, 0.04181905]), 0.7854, 0.0]
[77, array([0.4941, 0.0464]), array([0.49364762, 0.04181905]), 0.7854, 0.0]
[77, array([0.4941, 0.0464]), array([0.4938    , 0.04181905]), 0.7854, 0.0]
[77, array([0.4941, 0.0464]), array([0.4906    , 0.04197143]), 0.7854, 0.0]
[77, array([0.4941, 0.0464]), array([0.49075238, 0.04197143]), 0.7854, 0.0]
[77, array([0.4941, 0.0464]), array([0.49090476, 0.04197143]), 0.7854, 0.0]
[77, array([0.4941, 0.0464]), array([0.49105714, 0.04197143]), 0.7854, 0.0]
[77, array([0.4941, 0.0464]), array([0.49120952, 0.04197143]), 0.7854, 0.0]
[77, array([0.4941, 0.0464]), array([0.4913619 , 0.04197143]), 0.7854, 0.0]
[77, array([0.4941, 0.0464]), array([0.49151429, 0.04197143]), 0.7854, 0.0]
[77, array([0.4941, 0.0464]), array([0.49166667, 0.04197143]), 0.7854, 0.0]
[77, array([0.4941, 0.0464]), array([0.49181905, 0.04197143]), 0.7854, 0.0]
[77, array([0.4941, 0.0464]), array([0.49197143, 0.04197143]), 0.7854, 0.0]
[77, array([0.4941, 0.0464]), array([0.49212381, 0.04197143]), 0.7854, 0.0]
[77, array([0.4941, 0.0464]), array([0.49227619, 0.04197143]), 0.7854, 0.0]
[77, array([0.4941, 0.0464]), array([0.49242857, 0.04197143]), 0.7854, 0.0]
[77, array([0.4941, 0.0464]), array([0.49258095, 0.04197143]), 0.7854, 0.0]
[77, array([0.4941, 0.0464]), array([0.49273333, 0.04197143]), 0.7854, 0.0]
[77, array([0.4941, 0.0464]), array([0.49288571, 0.04197143]), 0.7854, 0.0]
[77, array([0.4941, 0.0464]), array([0.4930381 , 0.04197143]), 0.7854, 0.0]
[77, array([0.4941, 0.0464]), array([0.49319048, 0.04197143]), 0.7854, 0.0]
[77, array([0.4941, 0.0464]), array([0.49334286, 0.04197143]), 0.7854, 0.0]
[77, array([0.4941, 0.0464]), array([0.49349524, 0.04197143]), 0.7854, 0.0]
[77, array([0.4941, 0.0464]), array([0.49364762, 0.04197143]), 0.7854, 0.0]
[77, array([0.4941, 0.0464]), array([0.4938    , 0.04197143]), 0.7854, 0.0]
[77, array([0.4941, 0.0464]), array([0.4906    , 0.04212381]), 0.7854, 0.0]
[77, array([0.4941, 0.0464]), array([0.49075238, 0.04212381]), 0.7854, 0.0]
[77, array([0.4941, 0.0464]), array([0.49090476, 0.04212381]), 0.7854, 0.0]
[77, array([0.4941, 0.0464]), array([0.49105714, 0.04212381]), 0.7854, 0.0]
[77, array([0.4941, 0.0464]), array([0.49120952, 0.04212381]), 0.7854, 0.0]
[77, array([0.4941, 0.0464]), array([0.4913619 , 0.04212381]), 0.7854, 0.0]
[77, array([0.4941, 0.0464]), array([0.49151429, 0.04212381]), 0.7854, 0.0]
[77, array([0.4941, 0.0464]), array([0.49166667, 0.04212381]), 0.7854, 0.0]
[77, array([0.4941, 0.0464]), array([0.49181905, 0.04212381]), 0.7854, 0.0]
[77, array([0.4941, 0.0464]), array([0.49197143, 0.04212381]), 0.7854, 0.0]
[77, array([0.4941, 0.0464]), array([0.49212381, 0.04212381]), 0.7854, 0.0]
[77, array([0.4941, 0.0464]), array([0.49227619, 0.04212381]), 0.7854, 0.0]
[77, array([0.4941, 0.0464]), array([0.49242857, 0.04212381]), 0.7854, 0.0]
[77, array([0.4941, 0.0464]), array([0.49258095, 0.04212381]), 0.7854, 0.0]
[77, array([0.4941, 0.0464]), array([0.49273333, 0.04212381]), 0.7854, 0.0]
[77, array([0.4941, 0.0464]), array([0.49288571, 0.04212381]), 0.7854, 0.0]
[77, array([0.4941, 0.0464]), array([0.4930381 , 0.04212381]), 0.7854, 0.0]
[77, array([0.4941, 0.0464]), array([0.49319048, 0.04212381]), 0.7854, 0.0]
[77, array([0.4941, 0.0464]), array([0.49334286, 0.04212381]), 0.7854, 0.0]
[77, array([0.4941, 0.0464]), array([0.49349524, 0.04212381]), 0.7854, 0.0]
[77, array([0.4941, 0.0464]), array([0.49364762, 0.04212381]), 0.7854, 0.0]
[77, array([0.4941, 0.0464]), array([0.4938    , 0.04212381]), 0.7854, 0.0]
[77, array([0.4941, 0.0464]), array([0.4906    , 0.04227619]), 0.7854, 0.0]
[77, array([0.4941, 0.0464]), array([0.49075238, 0.04227619]), 0.7854, 0.0]
[77, array([0.4941, 0.0464]), array([0.49090476, 0.04227619]), 0.7854, 0.0]
[77, array([0.4941, 0.0464]), array([0.49105714, 0.04227619]), 0.7854, 0.0]
[77, array([0.4941, 0.0464]), array([0.49120952, 0.04227619]), 0.7854, 0.0]
[77, array([0.4941, 0.0464]), array([0.4913619 , 0.04227619]), 0.7854, 0.0]
[77, array([0.4941, 0.0464]), array([0.49151429, 0.04227619]), 0.7854, 0.0]
[77, array([0.4941, 0.0464]), array([0.49166667, 0.04227619]), 0.7854, 0.0]
[77, array([0.4941, 0.0464]), array([0.49181905, 0.04227619]), 0.7854, 0.0]
[77, array([0.4941, 0.0464]), array([0.49197143, 0.04227619]), 0.7854, 0.0]
[77, array([0.4941, 0.0464]), array([0.49212381, 0.04227619]), 0.7854, 0.0]
[77, array([0.4941, 0.0464]), array([0.49227619, 0.04227619]), 0.7854, 0.0]
[77, array([0.4941, 0.0464]), array([0.49242857, 0.04227619]), 0.7854, 0.0]
[77, array([0.4941, 0.0464]), array([0.49258095, 0.04227619]), 0.7854, 0.0]
[77, array([0.4941, 0.0464]), array([0.49273333, 0.04227619]), 0.7854, 0.0]
[77, array([0.4941, 0.0464]), array([0.49288571, 0.04227619]), 0.7854, 0.0]
[77, array([0.4941, 0.0464]), array([0.4930381 , 0.04227619]), 0.7854, 0.0]
[77, array([0.4941, 0.0464]), array([0.49319048, 0.04227619]), 0.7854, 0.0]
[77, array([0.4941, 0.0464]), array([0.49334286, 0.04227619]), 0.7854, 0.0]
[77, array([0.4941, 0.0464]), array([0.49349524, 0.04227619]), 0.7854, 0.0]
[77, array([0.4941, 0.0464]), array([0.49364762, 0.04227619]), 0.7854, 0.0]
[77, array([0.4941, 0.0464]), array([0.4938    , 0.04227619]), 0.7854, 0.0]
[77, array([0.4941, 0.0464]), array([0.4906    , 0.04242857]), 0.7854, 0.0]
[77, array([0.4941, 0.0464]), array([0.49075238, 0.04242857]), 0.7854, 0.0]
[77, array([0.4941, 0.0464]), array([0.49090476, 0.04242857]), 0.7854, 0.0]
[77, array([0.4941, 0.0464]), array([0.49105714, 0.04242857]), 0.7854, 0.0]
[77, array([0.4941, 0.0464]), array([0.49120952, 0.04242857]), 0.7854, 0.0]
[77, array([0.4941, 0.0464]), array([0.4913619 , 0.04242857]), 0.7854, 0.0]
[77, array([0.4941, 0.0464]), array([0.49151429, 0.04242857]), 0.7854, 0.0]
[77, array([0.4941, 0.0464]), array([0.49166667, 0.04242857]), 0.7854, 0.0]
[77, array([0.4941, 0.0464]), array([0.49181905, 0.04242857]), 0.7854, 0.0]
[77, array([0.4941, 0.0464]), array([0.49197143, 0.04242857]), 0.7854, 0.0]
[77, array([0.4941, 0.0464]), array([0.49212381, 0.04242857]), 0.7854, 0.0]
[77, array([0.4941, 0.0464]), array([0.49227619, 0.04242857]), 0.7854, 0.0]
[77, array([0.4941, 0.0464]), array([0.49242857, 0.04242857]), 0.7854, 0.0]
[77, array([0.4941, 0.0464]), array([0.49258095, 0.04242857]), 0.7854, 0.0]
[77, array([0.4941, 0.0464]), array([0.49273333, 0.04242857]), 0.7854, 0.0]
[77, array([0.4941, 0.0464]), array([0.49288571, 0.04242857]), 0.7854, 0.0]
[77, array([0.4941, 0.0464]), array([0.4930381 , 0.04242857]), 0.7854, 0.0]
[77, array([0.4941, 0.0464]), array([0.49319048, 0.04242857]), 0.7854, 0.0]
[77, array([0.4941, 0.0464]), array([0.49334286, 0.04242857]), 0.7854, 0.0]
[77, array([0.4941, 0.0464]), array([0.49349524, 0.04242857]), 0.7854, 0.0]
[77, array([0.4941, 0.0464]), array([0.49364762, 0.04242857]), 0.7854, 0.0]
[77, array([0.4941, 0.0464]), array([0.4938    , 0.04242857]), 0.7854, 0.0]
[77, array([0.4941, 0.0464]), array([0.4906    , 0.04258095]), 0.7854, 0.0]
[77, array([0.4941, 0.0464]), array([0.49075238, 0.04258095]), 0.7854, 0.0]
[77, array([0.4941, 0.0464]), array([0.49090476, 0.04258095]), 0.7854, 0.0]
[77, array([0.4941, 0.0464]), array([0.49105714, 0.04258095]), 0.7854, 0.0]
[77, array([0.4941, 0.0464]), array([0.49120952, 0.04258095]), 0.7854, 0.0]
[77, array([0.4941, 0.0464]), array([0.4913619 , 0.04258095]), 0.7854, 0.0]
[77, array([0.4941, 0.0464]), array([0.49151429, 0.04258095]), 0.7854, 0.0]
[77, array([0.4941, 0.0464]), array([0.49166667, 0.04258095]), 0.7854, 0.0]
[77, array([0.4941, 0.0464]), array([0.49181905, 0.04258095]), 0.7854, 0.0]
[77, array([0.4941, 0.0464]), array([0.49197143, 0.04258095]), 0.7854, 0.0]
[77, array([0.4941, 0.0464]), array([0.49212381, 0.04258095]), 0.7854, 0.0]
[77, array([0.4941, 0.0464]), array([0.49227619, 0.04258095]), 0.7854, 0.0]
[77, array([0.4941, 0.0464]), array([0.49242857, 0.04258095]), 0.7854, 0.0]
[77, array([0.4941, 0.0464]), array([0.49258095, 0.04258095]), 0.7854, 0.0]
[77, array([0.4941, 0.0464]), array([0.49273333, 0.04258095]), 0.7854, 0.0]
[77, array([0.4941, 0.0464]), array([0.49288571, 0.04258095]), 0.7854, 0.0]
[77, array([0.4941, 0.0464]), array([0.4930381 , 0.04258095]), 0.7854, 0.0]
[77, array([0.4941, 0.0464]), array([0.49319048, 0.04258095]), 0.7854, 0.0]
[77, array([0.4941, 0.0464]), array([0.49334286, 0.04258095]), 0.7854, 0.0]
[77, array([0.4941, 0.0464]), array([0.49349524, 0.04258095]), 0.7854, 0.0]
[77, array([0.4941, 0.0464]), array([0.49364762, 0.04258095]), 0.7854, 0.0]
[77, array([0.4941, 0.0464]), array([0.4938    , 0.04258095]), 0.7854, 0.0]
[77, array([0.4941, 0.0464]), array([0.4906    , 0.04273333]), 0.7854, 0.0]
[77, array([0.4941, 0.0464]), array([0.49075238, 0.04273333]), 0.7854, 0.0]
[77, array([0.4941, 0.0464]), array([0.49090476, 0.04273333]), 0.7854, 0.0]
[77, array([0.4941, 0.0464]), array([0.49105714, 0.04273333]), 0.7854, 0.0]
[77, array([0.4941, 0.0464]), array([0.49120952, 0.04273333]), 0.7854, 0.0]
[77, array([0.4941, 0.0464]), array([0.4913619 , 0.04273333]), 0.7854, 0.0]
[77, array([0.4941, 0.0464]), array([0.49151429, 0.04273333]), 0.7854, 0.0]
[77, array([0.4941, 0.0464]), array([0.49166667, 0.04273333]), 0.7854, 0.0]
[77, array([0.4941, 0.0464]), array([0.49181905, 0.04273333]), 0.7854, 0.0]
[77, array([0.4941, 0.0464]), array([0.49197143, 0.04273333]), 0.7854, 0.0]
[77, array([0.4941, 0.0464]), array([0.49212381, 0.04273333]), 0.7854, 0.0]
[77, array([0.4941, 0.0464]), array([0.49227619, 0.04273333]), 0.7854, 0.0]
[77, array([0.4941, 0.0464]), array([0.49242857, 0.04273333]), 0.7854, 0.0]
[77, array([0.4941, 0.0464]), array([0.49258095, 0.04273333]), 0.7854, 0.0]
[77, array([0.4941, 0.0464]), array([0.49273333, 0.04273333]), 0.7854, 0.0]
[77, array([0.4941, 0.0464]), array([0.49288571, 0.04273333]), 0.7854, 0.0]
[77, array([0.4941, 0.0464]), array([0.4930381 , 0.04273333]), 0.7854, 0.0]
[77, array([0.4941, 0.0464]), array([0.49319048, 0.04273333]), 0.7854, 0.0]
[77, array([0.4941, 0.0464]), array([0.49334286, 0.04273333]), 0.7854, 0.0]
[77, array([0.4941, 0.0464]), array([0.49349524, 0.04273333]), 0.7854, 0.0]
[77, array([0.4941, 0.0464]), array([0.49364762, 0.04273333]), 0.7854, 0.0]
[77, array([0.4941, 0.0464]), array([0.4938    , 0.04273333]), 0.7854, 0.0]
[77, array([0.4941, 0.0464]), array([0.4906    , 0.04288571]), 0.7854, 0.0]
[77, array([0.4941, 0.0464]), array([0.49075238, 0.04288571]), 0.7854, 0.0]
[77, array([0.4941, 0.0464]), array([0.49090476, 0.04288571]), 0.7854, 0.0]
[77, array([0.4941, 0.0464]), array([0.49105714, 0.04288571]), 0.7854, 0.0]
[77, array([0.4941, 0.0464]), array([0.49120952, 0.04288571]), 0.7854, 0.0]
[77, array([0.4941, 0.0464]), array([0.4913619 , 0.04288571]), 0.7854, 0.0]
[77, array([0.4941, 0.0464]), array([0.49151429, 0.04288571]), 0.7854, 0.0]
[77, array([0.4941, 0.0464]), array([0.49166667, 0.04288571]), 0.7854, 0.0]
[77, array([0.4941, 0.0464]), array([0.49181905, 0.04288571]), 0.7854, 0.0]
[77, array([0.4941, 0.0464]), array([0.49197143, 0.04288571]), 0.7854, 0.0]
[77, array([0.4941, 0.0464]), array([0.49212381, 0.04288571]), 0.7854, 0.0]
[77, array([0.4941, 0.0464]), array([0.49227619, 0.04288571]), 0.7854, 0.0]
[77, array([0.4941, 0.0464]), array([0.49242857, 0.04288571]), 0.7854, 0.0]
[77, array([0.4941, 0.0464]), array([0.49258095, 0.04288571]), 0.7854, 0.0]
[77, array([0.4941, 0.0464]), array([0.49273333, 0.04288571]), 0.7854, 0.0]
[77, array([0.4941, 0.0464]), array([0.49288571, 0.04288571]), 0.7854, 0.0]
[77, array([0.4941, 0.0464]), array([0.4930381 , 0.04288571]), 0.7854, 0.0]
[77, array([0.4941, 0.0464]), array([0.49319048, 0.04288571]), 0.7854, 0.0]
[77, array([0.4941, 0.0464]), array([0.49334286, 0.04288571]), 0.7854, 0.0]
[77, array([0.4941, 0.0464]), array([0.49349524, 0.04288571]), 0.7854, 0.0]
[77, array([0.4941, 0.0464]), array([0.49364762, 0.04288571]), 0.7854, 0.0]
[77, array([0.4941, 0.0464]), array([0.4938    , 0.04288571]), 0.7854, 0.0]
[77, array([0.4941, 0.0464]), array([0.4906   , 0.0430381]), 0.7854, 0.0]
[77, array([0.4941, 0.0464]), array([0.49075238, 0.0430381 ]), 0.7854, 0.0]
[77, array([0.4941, 0.0464]), array([0.49090476, 0.0430381 ]), 0.7854, 0.0]
[77, array([0.4941, 0.0464]), array([0.49105714, 0.0430381 ]), 0.7854, 0.0]
[77, array([0.4941, 0.0464]), array([0.49120952, 0.0430381 ]), 0.7854, 0.0]
[77, array([0.4941, 0.0464]), array([0.4913619, 0.0430381]), 0.7854, 0.0]
[77, array([0.4941, 0.0464]), array([0.49151429, 0.0430381 ]), 0.7854, 0.0]
[77, array([0.4941, 0.0464]), array([0.49166667, 0.0430381 ]), 0.7854, 0.0]
[77, array([0.4941, 0.0464]), array([0.49181905, 0.0430381 ]), 0.7854, 0.0]
[77, array([0.4941, 0.0464]), array([0.49197143, 0.0430381 ]), 0.7854, 0.0]
[77, array([0.4941, 0.0464]), array([0.49212381, 0.0430381 ]), 0.7854, 0.0]
[77, array([0.4941, 0.0464]), array([0.49227619, 0.0430381 ]), 0.7854, 0.0]
[77, array([0.4941, 0.0464]), array([0.49242857, 0.0430381 ]), 0.7854, 0.0]
[77, array([0.4941, 0.0464]), array([0.49258095, 0.0430381 ]), 0.7854, 0.0]
[77, array([0.4941, 0.0464]), array([0.49273333, 0.0430381 ]), 0.7854, 0.0]
[77, array([0.4941, 0.0464]), array([0.49288571, 0.0430381 ]), 0.7854, 0.0]
[77, array([0.4941, 0.0464]), array([0.4930381, 0.0430381]), 0.7854, 0.0]
[77, array([0.4941, 0.0464]), array([0.49319048, 0.0430381 ]), 0.7854, 0.0]
[77, array([0.4941, 0.0464]), array([0.49334286, 0.0430381 ]), 0.7854, 0.0]
[77, array([0.4941, 0.0464]), array([0.49349524, 0.0430381 ]), 0.7854, 0.0]
[77, array([0.4941, 0.0464]), array([0.49364762, 0.0430381 ]), 0.7854, 0.0]
[77, array([0.4941, 0.0464]), array([0.4938   , 0.0430381]), 0.7854, 0.0]
[77, array([0.4941, 0.0464]), array([0.4906    , 0.04319048]), 0.7854, 0.0]
[77, array([0.4941, 0.0464]), array([0.49075238, 0.04319048]), 0.7854, 0.0]
[77, array([0.4941, 0.0464]), array([0.49090476, 0.04319048]), 0.7854, 0.0]
[77, array([0.4941, 0.0464]), array([0.49105714, 0.04319048]), 0.7854, 0.0]
[77, array([0.4941, 0.0464]), array([0.49120952, 0.04319048]), 0.7854, 0.0]
[77, array([0.4941, 0.0464]), array([0.4913619 , 0.04319048]), 0.7854, 0.0]
[77, array([0.4941, 0.0464]), array([0.49151429, 0.04319048]), 0.7854, 0.0]
[77, array([0.4941, 0.0464]), array([0.49166667, 0.04319048]), 0.7854, 0.0]
[77, array([0.4941, 0.0464]), array([0.49181905, 0.04319048]), 0.7854, 0.0]
[77, array([0.4941, 0.0464]), array([0.49197143, 0.04319048]), 0.7854, 0.0]
[77, array([0.4941, 0.0464]), array([0.49212381, 0.04319048]), 0.7854, 0.0]
[77, array([0.4941, 0.0464]), array([0.49227619, 0.04319048]), 0.7854, 0.0]
[77, array([0.4941, 0.0464]), array([0.49242857, 0.04319048]), 0.7854, 0.0]
[77, array([0.4941, 0.0464]), array([0.49258095, 0.04319048]), 0.7854, 0.0]
[77, array([0.4941, 0.0464]), array([0.49273333, 0.04319048]), 0.7854, 0.0]
[77, array([0.4941, 0.0464]), array([0.49288571, 0.04319048]), 0.7854, 0.0]
[77, array([0.4941, 0.0464]), array([0.4930381 , 0.04319048]), 0.7854, 0.0]
[77, array([0.4941, 0.0464]), array([0.49319048, 0.04319048]), 0.7854, 0.0]
[77, array([0.4941, 0.0464]), array([0.49334286, 0.04319048]), 0.7854, 0.0]
[77, array([0.4941, 0.0464]), array([0.49349524, 0.04319048]), 0.7854, 0.0]
[77, array([0.4941, 0.0464]), array([0.49364762, 0.04319048]), 0.7854, 0.0]
[77, array([0.4941, 0.0464]), array([0.4938    , 0.04319048]), 0.7854, 0.0]
[77, array([0.4941, 0.0464]), array([0.4906    , 0.04334286]), 0.7854, 0.0]
[77, array([0.4941, 0.0464]), array([0.49075238, 0.04334286]), 0.7854, 0.0]
[77, array([0.4941, 0.0464]), array([0.49090476, 0.04334286]), 0.7854, 0.0]
[77, array([0.4941, 0.0464]), array([0.49105714, 0.04334286]), 0.7854, 0.0]
[77, array([0.4941, 0.0464]), array([0.49120952, 0.04334286]), 0.7854, 0.0]
[77, array([0.4941, 0.0464]), array([0.4913619 , 0.04334286]), 0.7854, 0.0]
[77, array([0.4941, 0.0464]), array([0.49151429, 0.04334286]), 0.7854, 0.0]
[77, array([0.4941, 0.0464]), array([0.49166667, 0.04334286]), 0.7854, 0.0]
[77, array([0.4941, 0.0464]), array([0.49181905, 0.04334286]), 0.7854, 0.0]
[77, array([0.4941, 0.0464]), array([0.49197143, 0.04334286]), 0.7854, 0.0]
[77, array([0.4941, 0.0464]), array([0.49212381, 0.04334286]), 0.7854, 0.0]
[77, array([0.4941, 0.0464]), array([0.49227619, 0.04334286]), 0.7854, 0.0]
[77, array([0.4941, 0.0464]), array([0.49242857, 0.04334286]), 0.7854, 0.0]
[77, array([0.4941, 0.0464]), array([0.49258095, 0.04334286]), 0.7854, 0.0]
[77, array([0.4941, 0.0464]), array([0.49273333, 0.04334286]), 0.7854, 0.0]
[77, array([0.4941, 0.0464]), array([0.49288571, 0.04334286]), 0.7854, 0.0]
[77, array([0.4941, 0.0464]), array([0.4930381 , 0.04334286]), 0.7854, 0.0]
[77, array([0.4941, 0.0464]), array([0.49319048, 0.04334286]), 0.7854, 0.0]
[77, array([0.4941, 0.0464]), array([0.49334286, 0.04334286]), 0.7854, 0.0]
[77, array([0.4941, 0.0464]), array([0.49349524, 0.04334286]), 0.7854, 0.0]
[77, array([0.4941, 0.0464]), array([0.49364762, 0.04334286]), 0.7854, 0.0]
[77, array([0.4941, 0.0464]), array([0.4938    , 0.04334286]), 0.7854, 0.0]
[77, array([0.4941, 0.0464]), array([0.4906    , 0.04349524]), 0.7854, 0.0]
[77, array([0.4941, 0.0464]), array([0.49075238, 0.04349524]), 0.7854, 0.0]
[77, array([0.4941, 0.0464]), array([0.49090476, 0.04349524]), 0.7854, 0.0]
[77, array([0.4941, 0.0464]), array([0.49105714, 0.04349524]), 0.7854, 0.0]
[77, array([0.4941, 0.0464]), array([0.49120952, 0.04349524]), 0.7854, 0.0]
[77, array([0.4941, 0.0464]), array([0.4913619 , 0.04349524]), 0.7854, 0.0]
[77, array([0.4941, 0.0464]), array([0.49151429, 0.04349524]), 0.7854, 0.0]
[77, array([0.4941, 0.0464]), array([0.49166667, 0.04349524]), 0.7854, 0.0]
[77, array([0.4941, 0.0464]), array([0.49181905, 0.04349524]), 0.7854, 0.0]
[77, array([0.4941, 0.0464]), array([0.49197143, 0.04349524]), 0.7854, 0.0]
[77, array([0.4941, 0.0464]), array([0.49212381, 0.04349524]), 0.7854, 0.0]
[77, array([0.4941, 0.0464]), array([0.49227619, 0.04349524]), 0.7854, 0.0]
[77, array([0.4941, 0.0464]), array([0.49242857, 0.04349524]), 0.7854, 0.0]
[77, array([0.4941, 0.0464]), array([0.49258095, 0.04349524]), 0.7854, 0.0]
[77, array([0.4941, 0.0464]), array([0.49273333, 0.04349524]), 0.7854, 0.0]
[77, array([0.4941, 0.0464]), array([0.49288571, 0.04349524]), 0.7854, 0.0]
[77, array([0.4941, 0.0464]), array([0.4930381 , 0.04349524]), 0.7854, 0.0]
[77, array([0.4941, 0.0464]), array([0.49319048, 0.04349524]), 0.7854, 0.0]
[77, array([0.4941, 0.0464]), array([0.49334286, 0.04349524]), 0.7854, 0.0]
[77, array([0.4941, 0.0464]), array([0.49349524, 0.04349524]), 0.7854, 0.0]
[77, array([0.4941, 0.0464]), array([0.49364762, 0.04349524]), 0.7854, 0.0]
[77, array([0.4941, 0.0464]), array([0.4938    , 0.04349524]), 0.7854, 0.0]
[77, array([0.4941, 0.0464]), array([0.4906    , 0.04364762]), 0.7854, 0.0]
[77, array([0.4941, 0.0464]), array([0.49075238, 0.04364762]), 0.7854, 0.0]
[77, array([0.4941, 0.0464]), array([0.49090476, 0.04364762]), 0.7854, 0.0]
[77, array([0.4941, 0.0464]), array([0.49105714, 0.04364762]), 0.7854, 0.0]
[77, array([0.4941, 0.0464]), array([0.49120952, 0.04364762]), 0.7854, 0.0]
[77, array([0.4941, 0.0464]), array([0.4913619 , 0.04364762]), 0.7854, 0.0]
[77, array([0.4941, 0.0464]), array([0.49151429, 0.04364762]), 0.7854, 0.0]
[77, array([0.4941, 0.0464]), array([0.49166667, 0.04364762]), 0.7854, 0.0]
[77, array([0.4941, 0.0464]), array([0.49181905, 0.04364762]), 0.7854, 0.0]
[77, array([0.4941, 0.0464]), array([0.49197143, 0.04364762]), 0.7854, 0.0]
[77, array([0.4941, 0.0464]), array([0.49212381, 0.04364762]), 0.7854, 0.0]
[77, array([0.4941, 0.0464]), array([0.49227619, 0.04364762]), 0.7854, 0.0]
[77, array([0.4941, 0.0464]), array([0.49242857, 0.04364762]), 0.7854, 0.0]
[77, array([0.4941, 0.0464]), array([0.49258095, 0.04364762]), 0.7854, 0.0]
[77, array([0.4941, 0.0464]), array([0.49273333, 0.04364762]), 0.7854, 0.0]
[77, array([0.4941, 0.0464]), array([0.49288571, 0.04364762]), 0.7854, 0.0]
[77, array([0.4941, 0.0464]), array([0.4930381 , 0.04364762]), 0.7854, 0.0]
[77, array([0.4941, 0.0464]), array([0.49319048, 0.04364762]), 0.7854, 0.0]
[77, array([0.4941, 0.0464]), array([0.49334286, 0.04364762]), 0.7854, 0.0]
[77, array([0.4941, 0.0464]), array([0.49349524, 0.04364762]), 0.7854, 0.0]
[77, array([0.4941, 0.0464]), array([0.49364762, 0.04364762]), 0.7854, 0.0]
[77, array([0.4941, 0.0464]), array([0.4938    , 0.04364762]), 0.7854, 0.0]
[77, array([0.4941, 0.0464]), array([0.4906, 0.0438]), 0.7854, 0.0]
[77, array([0.4941, 0.0464]), array([0.49075238, 0.0438    ]), 0.7854, 0.0]
[77, array([0.4941, 0.0464]), array([0.49090476, 0.0438    ]), 0.7854, 0.0]
[77, array([0.4941, 0.0464]), array([0.49105714, 0.0438    ]), 0.7854, 0.0]
[77, array([0.4941, 0.0464]), array([0.49120952, 0.0438    ]), 0.7854, 0.0]
[77, array([0.4941, 0.0464]), array([0.4913619, 0.0438   ]), 0.7854, 0.0]
[77, array([0.4941, 0.0464]), array([0.49151429, 0.0438    ]), 0.7854, 0.0]
[77, array([0.4941, 0.0464]), array([0.49166667, 0.0438    ]), 0.7854, 0.0]
[77, array([0.4941, 0.0464]), array([0.49181905, 0.0438    ]), 0.7854, 0.0]
[77, array([0.4941, 0.0464]), array([0.49197143, 0.0438    ]), 0.7854, 0.0]
[77, array([0.4941, 0.0464]), array([0.49212381, 0.0438    ]), 0.7854, 0.0]
[77, array([0.4941, 0.0464]), array([0.49227619, 0.0438    ]), 0.7854, 0.0]
[77, array([0.4941, 0.0464]), array([0.49242857, 0.0438    ]), 0.7854, 0.0]
[77, array([0.4941, 0.0464]), array([0.49258095, 0.0438    ]), 0.7854, 0.0]
[77, array([0.4941, 0.0464]), array([0.49273333, 0.0438    ]), 0.7854, 0.0]
[77, array([0.4941, 0.0464]), array([0.49288571, 0.0438    ]), 0.7854, 0.0]
[77, array([0.4941, 0.0464]), array([0.4930381, 0.0438   ]), 0.7854, 0.0]
[77, array([0.4941, 0.0464]), array([0.49319048, 0.0438    ]), 0.7854, 0.0]
[77, array([0.4941, 0.0464]), array([0.49334286, 0.0438    ]), 0.7854, 0.0]
[77, array([0.4941, 0.0464]), array([0.49349524, 0.0438    ]), 0.7854, 0.0]
[77, array([0.4941, 0.0464]), array([0.49364762, 0.0438    ]), 0.7854, 0.0]
[77, array([0.4941, 0.0464]), array([0.4938, 0.0438]), 0.7854, 0.0]
[67, array([0.5098, 0.0385]), array([0.5063, 0.0344]), 0.7854, 1.0]
[67, array([0.5098, 0.0385]), array([0.50644762, 0.0344    ]), 0.7854, 1.0]
[67, array([0.5098, 0.0385]), array([0.50659524, 0.0344    ]), 0.7854, 1.0]
[67, array([0.5098, 0.0385]), array([0.50674286, 0.0344    ]), 0.7854, 1.0]
[67, array([0.5098, 0.0385]), array([0.50689048, 0.0344    ]), 0.7854, 1.0]
[67, array([0.5098, 0.0385]), array([0.5070381, 0.0344   ]), 0.7854, 1.0]
[67, array([0.5098, 0.0385]), array([0.50718571, 0.0344    ]), 0.7854, 1.0]
[67, array([0.5098, 0.0385]), array([0.50733333, 0.0344    ]), 0.7854, 1.0]
[67, array([0.5098, 0.0385]), array([0.50748095, 0.0344    ]), 0.7854, 1.0]
[67, array([0.5098, 0.0385]), array([0.50762857, 0.0344    ]), 0.7854, 1.0]
[67, array([0.5098, 0.0385]), array([0.50777619, 0.0344    ]), 0.7854, 1.0]
[67, array([0.5098, 0.0385]), array([0.50792381, 0.0344    ]), 0.7854, 1.0]
[67, array([0.5098, 0.0385]), array([0.50807143, 0.0344    ]), 0.7854, 1.0]
[67, array([0.5098, 0.0385]), array([0.50821905, 0.0344    ]), 0.7854, 1.0]
[67, array([0.5098, 0.0385]), array([0.50836667, 0.0344    ]), 0.7854, 1.0]
[67, array([0.5098, 0.0385]), array([0.50851429, 0.0344    ]), 0.7854, 1.0]
[67, array([0.5098, 0.0385]), array([0.5086619, 0.0344   ]), 0.7854, 1.0]
[67, array([0.5098, 0.0385]), array([0.50880952, 0.0344    ]), 0.7854, 1.0]
[67, array([0.5098, 0.0385]), array([0.50895714, 0.0344    ]), 0.7854, 1.0]
[67, array([0.5098, 0.0385]), array([0.50910476, 0.0344    ]), 0.7854, 1.0]
[67, array([0.5098, 0.0385]), array([0.50925238, 0.0344    ]), 0.7854, 1.0]
[67, array([0.5098, 0.0385]), array([0.5094, 0.0344]), 0.7854, 1.0]
[67, array([0.5098, 0.0385]), array([0.5063    , 0.03454762]), 0.7854, 1.0]
[67, array([0.5098, 0.0385]), array([0.50644762, 0.03454762]), 0.7854, 1.0]
[67, array([0.5098, 0.0385]), array([0.50659524, 0.03454762]), 0.7854, 1.0]
[67, array([0.5098, 0.0385]), array([0.50674286, 0.03454762]), 0.7854, 1.0]
[67, array([0.5098, 0.0385]), array([0.50689048, 0.03454762]), 0.7854, 1.0]
[67, array([0.5098, 0.0385]), array([0.5070381 , 0.03454762]), 0.7854, 1.0]
[67, array([0.5098, 0.0385]), array([0.50718571, 0.03454762]), 0.7854, 1.0]
[67, array([0.5098, 0.0385]), array([0.50733333, 0.03454762]), 0.7854, 1.0]
[67, array([0.5098, 0.0385]), array([0.50748095, 0.03454762]), 0.7854, 1.0]
[67, array([0.5098, 0.0385]), array([0.50762857, 0.03454762]), 0.7854, 1.0]
[67, array([0.5098, 0.0385]), array([0.50777619, 0.03454762]), 0.7854, 1.0]
[67, array([0.5098, 0.0385]), array([0.50792381, 0.03454762]), 0.7854, 1.0]
[67, array([0.5098, 0.0385]), array([0.50807143, 0.03454762]), 0.7854, 1.0]
[67, array([0.5098, 0.0385]), array([0.50821905, 0.03454762]), 0.7854, 1.0]
[67, array([0.5098, 0.0385]), array([0.50836667, 0.03454762]), 0.7854, 1.0]
[67, array([0.5098, 0.0385]), array([0.50851429, 0.03454762]), 0.7854, 1.0]
[67, array([0.5098, 0.0385]), array([0.5086619 , 0.03454762]), 0.7854, 1.0]
[67, array([0.5098, 0.0385]), array([0.50880952, 0.03454762]), 0.7854, 1.0]
[67, array([0.5098, 0.0385]), array([0.50895714, 0.03454762]), 0.7854, 1.0]
[67, array([0.5098, 0.0385]), array([0.50910476, 0.03454762]), 0.7854, 1.0]
[67, array([0.5098, 0.0385]), array([0.50925238, 0.03454762]), 0.7854, 1.0]
[67, array([0.5098, 0.0385]), array([0.5094    , 0.03454762]), 0.7854, 1.0]
[67, array([0.5098, 0.0385]), array([0.5063    , 0.03469524]), 0.7854, 1.0]
[67, array([0.5098, 0.0385]), array([0.50644762, 0.03469524]), 0.7854, 1.0]
[67, array([0.5098, 0.0385]), array([0.50659524, 0.03469524]), 0.7854, 1.0]
[67, array([0.5098, 0.0385]), array([0.50674286, 0.03469524]), 0.7854, 1.0]
[67, array([0.5098, 0.0385]), array([0.50689048, 0.03469524]), 0.7854, 1.0]
[67, array([0.5098, 0.0385]), array([0.5070381 , 0.03469524]), 0.7854, 1.0]
[67, array([0.5098, 0.0385]), array([0.50718571, 0.03469524]), 0.7854, 1.0]
[67, array([0.5098, 0.0385]), array([0.50733333, 0.03469524]), 0.7854, 1.0]
[67, array([0.5098, 0.0385]), array([0.50748095, 0.03469524]), 0.7854, 1.0]
[67, array([0.5098, 0.0385]), array([0.50762857, 0.03469524]), 0.7854, 1.0]
[67, array([0.5098, 0.0385]), array([0.50777619, 0.03469524]), 0.7854, 1.0]
[67, array([0.5098, 0.0385]), array([0.50792381, 0.03469524]), 0.7854, 1.0]
[67, array([0.5098, 0.0385]), array([0.50807143, 0.03469524]), 0.7854, 1.0]
[67, array([0.5098, 0.0385]), array([0.50821905, 0.03469524]), 0.7854, 1.0]
[67, array([0.5098, 0.0385]), array([0.50836667, 0.03469524]), 0.7854, 1.0]
[67, array([0.5098, 0.0385]), array([0.50851429, 0.03469524]), 0.7854, 1.0]
[67, array([0.5098, 0.0385]), array([0.5086619 , 0.03469524]), 0.7854, 1.0]
[67, array([0.5098, 0.0385]), array([0.50880952, 0.03469524]), 0.7854, 1.0]
[67, array([0.5098, 0.0385]), array([0.50895714, 0.03469524]), 0.7854, 1.0]
[67, array([0.5098, 0.0385]), array([0.50910476, 0.03469524]), 0.7854, 1.0]
[67, array([0.5098, 0.0385]), array([0.50925238, 0.03469524]), 0.7854, 1.0]
[67, array([0.5098, 0.0385]), array([0.5094    , 0.03469524]), 0.7854, 1.0]
[67, array([0.5098, 0.0385]), array([0.5063    , 0.03484286]), 0.7854, 1.0]
[67, array([0.5098, 0.0385]), array([0.50644762, 0.03484286]), 0.7854, 1.0]
[67, array([0.5098, 0.0385]), array([0.50659524, 0.03484286]), 0.7854, 1.0]
[67, array([0.5098, 0.0385]), array([0.50674286, 0.03484286]), 0.7854, 1.0]
[67, array([0.5098, 0.0385]), array([0.50689048, 0.03484286]), 0.7854, 1.0]
[67, array([0.5098, 0.0385]), array([0.5070381 , 0.03484286]), 0.7854, 1.0]
[67, array([0.5098, 0.0385]), array([0.50718571, 0.03484286]), 0.7854, 1.0]
[67, array([0.5098, 0.0385]), array([0.50733333, 0.03484286]), 0.7854, 1.0]
[67, array([0.5098, 0.0385]), array([0.50748095, 0.03484286]), 0.7854, 1.0]
[67, array([0.5098, 0.0385]), array([0.50762857, 0.03484286]), 0.7854, 1.0]
[67, array([0.5098, 0.0385]), array([0.50777619, 0.03484286]), 0.7854, 1.0]
[67, array([0.5098, 0.0385]), array([0.50792381, 0.03484286]), 0.7854, 1.0]
[67, array([0.5098, 0.0385]), array([0.50807143, 0.03484286]), 0.7854, 1.0]
[67, array([0.5098, 0.0385]), array([0.50821905, 0.03484286]), 0.7854, 1.0]
[67, array([0.5098, 0.0385]), array([0.50836667, 0.03484286]), 0.7854, 1.0]
[67, array([0.5098, 0.0385]), array([0.50851429, 0.03484286]), 0.7854, 1.0]
[67, array([0.5098, 0.0385]), array([0.5086619 , 0.03484286]), 0.7854, 1.0]
[67, array([0.5098, 0.0385]), array([0.50880952, 0.03484286]), 0.7854, 1.0]
[67, array([0.5098, 0.0385]), array([0.50895714, 0.03484286]), 0.7854, 1.0]
[67, array([0.5098, 0.0385]), array([0.50910476, 0.03484286]), 0.7854, 1.0]
[67, array([0.5098, 0.0385]), array([0.50925238, 0.03484286]), 0.7854, 1.0]
[67, array([0.5098, 0.0385]), array([0.5094    , 0.03484286]), 0.7854, 1.0]
[67, array([0.5098, 0.0385]), array([0.5063    , 0.03499048]), 0.7854, 1.0]
[67, array([0.5098, 0.0385]), array([0.50644762, 0.03499048]), 0.7854, 1.0]
[67, array([0.5098, 0.0385]), array([0.50659524, 0.03499048]), 0.7854, 1.0]
[67, array([0.5098, 0.0385]), array([0.50674286, 0.03499048]), 0.7854, 1.0]
[67, array([0.5098, 0.0385]), array([0.50689048, 0.03499048]), 0.7854, 1.0]
[67, array([0.5098, 0.0385]), array([0.5070381 , 0.03499048]), 0.7854, 1.0]
[67, array([0.5098, 0.0385]), array([0.50718571, 0.03499048]), 0.7854, 1.0]
[67, array([0.5098, 0.0385]), array([0.50733333, 0.03499048]), 0.7854, 1.0]
[67, array([0.5098, 0.0385]), array([0.50748095, 0.03499048]), 0.7854, 1.0]
[67, array([0.5098, 0.0385]), array([0.50762857, 0.03499048]), 0.7854, 1.0]
[67, array([0.5098, 0.0385]), array([0.50777619, 0.03499048]), 0.7854, 1.0]
[67, array([0.5098, 0.0385]), array([0.50792381, 0.03499048]), 0.7854, 1.0]
[67, array([0.5098, 0.0385]), array([0.50807143, 0.03499048]), 0.7854, 1.0]
[67, array([0.5098, 0.0385]), array([0.50821905, 0.03499048]), 0.7854, 1.0]
[67, array([0.5098, 0.0385]), array([0.50836667, 0.03499048]), 0.7854, 1.0]
[67, array([0.5098, 0.0385]), array([0.50851429, 0.03499048]), 0.7854, 1.0]
[67, array([0.5098, 0.0385]), array([0.5086619 , 0.03499048]), 0.7854, 1.0]
[67, array([0.5098, 0.0385]), array([0.50880952, 0.03499048]), 0.7854, 1.0]
[67, array([0.5098, 0.0385]), array([0.50895714, 0.03499048]), 0.7854, 1.0]
[67, array([0.5098, 0.0385]), array([0.50910476, 0.03499048]), 0.7854, 1.0]
[67, array([0.5098, 0.0385]), array([0.50925238, 0.03499048]), 0.7854, 1.0]
[67, array([0.5098, 0.0385]), array([0.5094    , 0.03499048]), 0.7854, 1.0]
[67, array([0.5098, 0.0385]), array([0.5063   , 0.0351381]), 0.7854, 1.0]
[67, array([0.5098, 0.0385]), array([0.50644762, 0.0351381 ]), 0.7854, 1.0]
[67, array([0.5098, 0.0385]), array([0.50659524, 0.0351381 ]), 0.7854, 1.0]
[67, array([0.5098, 0.0385]), array([0.50674286, 0.0351381 ]), 0.7854, 1.0]
[67, array([0.5098, 0.0385]), array([0.50689048, 0.0351381 ]), 0.7854, 1.0]
[67, array([0.5098, 0.0385]), array([0.5070381, 0.0351381]), 0.7854, 1.0]
[67, array([0.5098, 0.0385]), array([0.50718571, 0.0351381 ]), 0.7854, 1.0]
[67, array([0.5098, 0.0385]), array([0.50733333, 0.0351381 ]), 0.7854, 1.0]
[67, array([0.5098, 0.0385]), array([0.50748095, 0.0351381 ]), 0.7854, 1.0]
[67, array([0.5098, 0.0385]), array([0.50762857, 0.0351381 ]), 0.7854, 1.0]
[67, array([0.5098, 0.0385]), array([0.50777619, 0.0351381 ]), 0.7854, 1.0]
[67, array([0.5098, 0.0385]), array([0.50792381, 0.0351381 ]), 0.7854, 1.0]
[67, array([0.5098, 0.0385]), array([0.50807143, 0.0351381 ]), 0.7854, 1.0]
[67, array([0.5098, 0.0385]), array([0.50821905, 0.0351381 ]), 0.7854, 1.0]
[67, array([0.5098, 0.0385]), array([0.50836667, 0.0351381 ]), 0.7854, 1.0]
[67, array([0.5098, 0.0385]), array([0.50851429, 0.0351381 ]), 0.7854, 1.0]
[67, array([0.5098, 0.0385]), array([0.5086619, 0.0351381]), 0.7854, 1.0]
[67, array([0.5098, 0.0385]), array([0.50880952, 0.0351381 ]), 0.7854, 1.0]
[67, array([0.5098, 0.0385]), array([0.50895714, 0.0351381 ]), 0.7854, 1.0]
[67, array([0.5098, 0.0385]), array([0.50910476, 0.0351381 ]), 0.7854, 1.0]
[67, array([0.5098, 0.0385]), array([0.50925238, 0.0351381 ]), 0.7854, 1.0]
[67, array([0.5098, 0.0385]), array([0.5094   , 0.0351381]), 0.7854, 1.0]
[67, array([0.5098, 0.0385]), array([0.5063    , 0.03528571]), 0.7854, 1.0]
[67, array([0.5098, 0.0385]), array([0.50644762, 0.03528571]), 0.7854, 1.0]
[67, array([0.5098, 0.0385]), array([0.50659524, 0.03528571]), 0.7854, 1.0]
[67, array([0.5098, 0.0385]), array([0.50674286, 0.03528571]), 0.7854, 1.0]
[67, array([0.5098, 0.0385]), array([0.50689048, 0.03528571]), 0.7854, 1.0]
[67, array([0.5098, 0.0385]), array([0.5070381 , 0.03528571]), 0.7854, 1.0]
[67, array([0.5098, 0.0385]), array([0.50718571, 0.03528571]), 0.7854, 1.0]
[67, array([0.5098, 0.0385]), array([0.50733333, 0.03528571]), 0.7854, 1.0]
[67, array([0.5098, 0.0385]), array([0.50748095, 0.03528571]), 0.7854, 1.0]
[67, array([0.5098, 0.0385]), array([0.50762857, 0.03528571]), 0.7854, 1.0]
[67, array([0.5098, 0.0385]), array([0.50777619, 0.03528571]), 0.7854, 1.0]
[67, array([0.5098, 0.0385]), array([0.50792381, 0.03528571]), 0.7854, 1.0]
[67, array([0.5098, 0.0385]), array([0.50807143, 0.03528571]), 0.7854, 1.0]
[67, array([0.5098, 0.0385]), array([0.50821905, 0.03528571]), 0.7854, 1.0]
[67, array([0.5098, 0.0385]), array([0.50836667, 0.03528571]), 0.7854, 1.0]
[67, array([0.5098, 0.0385]), array([0.50851429, 0.03528571]), 0.7854, 1.0]
[67, array([0.5098, 0.0385]), array([0.5086619 , 0.03528571]), 0.7854, 1.0]
[67, array([0.5098, 0.0385]), array([0.50880952, 0.03528571]), 0.7854, 1.0]
[67, array([0.5098, 0.0385]), array([0.50895714, 0.03528571]), 0.7854, 1.0]
[67, array([0.5098, 0.0385]), array([0.50910476, 0.03528571]), 0.7854, 1.0]
[67, array([0.5098, 0.0385]), array([0.50925238, 0.03528571]), 0.7854, 1.0]
[67, array([0.5098, 0.0385]), array([0.5094    , 0.03528571]), 0.7854, 1.0]
[67, array([0.5098, 0.0385]), array([0.5063    , 0.03543333]), 0.7854, 1.0]
[67, array([0.5098, 0.0385]), array([0.50644762, 0.03543333]), 0.7854, 1.0]
[67, array([0.5098, 0.0385]), array([0.50659524, 0.03543333]), 0.7854, 1.0]
[67, array([0.5098, 0.0385]), array([0.50674286, 0.03543333]), 0.7854, 1.0]
[67, array([0.5098, 0.0385]), array([0.50689048, 0.03543333]), 0.7854, 1.0]
[67, array([0.5098, 0.0385]), array([0.5070381 , 0.03543333]), 0.7854, 1.0]
[67, array([0.5098, 0.0385]), array([0.50718571, 0.03543333]), 0.7854, 1.0]
[67, array([0.5098, 0.0385]), array([0.50733333, 0.03543333]), 0.7854, 1.0]
[67, array([0.5098, 0.0385]), array([0.50748095, 0.03543333]), 0.7854, 1.0]
[67, array([0.5098, 0.0385]), array([0.50762857, 0.03543333]), 0.7854, 1.0]
[67, array([0.5098, 0.0385]), array([0.50777619, 0.03543333]), 0.7854, 1.0]
[67, array([0.5098, 0.0385]), array([0.50792381, 0.03543333]), 0.7854, 1.0]
[67, array([0.5098, 0.0385]), array([0.50807143, 0.03543333]), 0.7854, 1.0]
[67, array([0.5098, 0.0385]), array([0.50821905, 0.03543333]), 0.7854, 1.0]
[67, array([0.5098, 0.0385]), array([0.50836667, 0.03543333]), 0.7854, 1.0]
[67, array([0.5098, 0.0385]), array([0.50851429, 0.03543333]), 0.7854, 1.0]
[67, array([0.5098, 0.0385]), array([0.5086619 , 0.03543333]), 0.7854, 1.0]
[67, array([0.5098, 0.0385]), array([0.50880952, 0.03543333]), 0.7854, 1.0]
[67, array([0.5098, 0.0385]), array([0.50895714, 0.03543333]), 0.7854, 1.0]
[67, array([0.5098, 0.0385]), array([0.50910476, 0.03543333]), 0.7854, 1.0]
[67, array([0.5098, 0.0385]), array([0.50925238, 0.03543333]), 0.7854, 1.0]
[67, array([0.5098, 0.0385]), array([0.5094    , 0.03543333]), 0.7854, 1.0]
[67, array([0.5098, 0.0385]), array([0.5063    , 0.03558095]), 0.7854, 1.0]
[67, array([0.5098, 0.0385]), array([0.50644762, 0.03558095]), 0.7854, 1.0]
[67, array([0.5098, 0.0385]), array([0.50659524, 0.03558095]), 0.7854, 1.0]
[67, array([0.5098, 0.0385]), array([0.50674286, 0.03558095]), 0.7854, 1.0]
[67, array([0.5098, 0.0385]), array([0.50689048, 0.03558095]), 0.7854, 1.0]
[67, array([0.5098, 0.0385]), array([0.5070381 , 0.03558095]), 0.7854, 1.0]
[67, array([0.5098, 0.0385]), array([0.50718571, 0.03558095]), 0.7854, 1.0]
[67, array([0.5098, 0.0385]), array([0.50733333, 0.03558095]), 0.7854, 1.0]
[67, array([0.5098, 0.0385]), array([0.50748095, 0.03558095]), 0.7854, 1.0]
[67, array([0.5098, 0.0385]), array([0.50762857, 0.03558095]), 0.7854, 1.0]
[67, array([0.5098, 0.0385]), array([0.50777619, 0.03558095]), 0.7854, 1.0]
[67, array([0.5098, 0.0385]), array([0.50792381, 0.03558095]), 0.7854, 1.0]
[67, array([0.5098, 0.0385]), array([0.50807143, 0.03558095]), 0.7854, 1.0]
[67, array([0.5098, 0.0385]), array([0.50821905, 0.03558095]), 0.7854, 1.0]
[67, array([0.5098, 0.0385]), array([0.50836667, 0.03558095]), 0.7854, 1.0]
[67, array([0.5098, 0.0385]), array([0.50851429, 0.03558095]), 0.7854, 1.0]
[67, array([0.5098, 0.0385]), array([0.5086619 , 0.03558095]), 0.7854, 1.0]
[67, array([0.5098, 0.0385]), array([0.50880952, 0.03558095]), 0.7854, 1.0]
[67, array([0.5098, 0.0385]), array([0.50895714, 0.03558095]), 0.7854, 1.0]
[67, array([0.5098, 0.0385]), array([0.50910476, 0.03558095]), 0.7854, 1.0]
[67, array([0.5098, 0.0385]), array([0.50925238, 0.03558095]), 0.7854, 1.0]
[67, array([0.5098, 0.0385]), array([0.5094    , 0.03558095]), 0.7854, 1.0]
[67, array([0.5098, 0.0385]), array([0.5063    , 0.03572857]), 0.7854, 1.0]
[67, array([0.5098, 0.0385]), array([0.50644762, 0.03572857]), 0.7854, 1.0]
[67, array([0.5098, 0.0385]), array([0.50659524, 0.03572857]), 0.7854, 1.0]
[67, array([0.5098, 0.0385]), array([0.50674286, 0.03572857]), 0.7854, 1.0]
[67, array([0.5098, 0.0385]), array([0.50689048, 0.03572857]), 0.7854, 1.0]
[67, array([0.5098, 0.0385]), array([0.5070381 , 0.03572857]), 0.7854, 1.0]
[67, array([0.5098, 0.0385]), array([0.50718571, 0.03572857]), 0.7854, 1.0]
[67, array([0.5098, 0.0385]), array([0.50733333, 0.03572857]), 0.7854, 1.0]
[67, array([0.5098, 0.0385]), array([0.50748095, 0.03572857]), 0.7854, 1.0]
[67, array([0.5098, 0.0385]), array([0.50762857, 0.03572857]), 0.7854, 1.0]
[67, array([0.5098, 0.0385]), array([0.50777619, 0.03572857]), 0.7854, 1.0]
[67, array([0.5098, 0.0385]), array([0.50792381, 0.03572857]), 0.7854, 1.0]
[67, array([0.5098, 0.0385]), array([0.50807143, 0.03572857]), 0.7854, 1.0]
[67, array([0.5098, 0.0385]), array([0.50821905, 0.03572857]), 0.7854, 1.0]
[67, array([0.5098, 0.0385]), array([0.50836667, 0.03572857]), 0.7854, 1.0]
[67, array([0.5098, 0.0385]), array([0.50851429, 0.03572857]), 0.7854, 1.0]
[67, array([0.5098, 0.0385]), array([0.5086619 , 0.03572857]), 0.7854, 1.0]
[67, array([0.5098, 0.0385]), array([0.50880952, 0.03572857]), 0.7854, 1.0]
[67, array([0.5098, 0.0385]), array([0.50895714, 0.03572857]), 0.7854, 1.0]
[67, array([0.5098, 0.0385]), array([0.50910476, 0.03572857]), 0.7854, 1.0]
[67, array([0.5098, 0.0385]), array([0.50925238, 0.03572857]), 0.7854, 1.0]
[67, array([0.5098, 0.0385]), array([0.5094    , 0.03572857]), 0.7854, 1.0]
[67, array([0.5098, 0.0385]), array([0.5063    , 0.03587619]), 0.7854, 1.0]
[67, array([0.5098, 0.0385]), array([0.50644762, 0.03587619]), 0.7854, 1.0]
[67, array([0.5098, 0.0385]), array([0.50659524, 0.03587619]), 0.7854, 1.0]
[67, array([0.5098, 0.0385]), array([0.50674286, 0.03587619]), 0.7854, 1.0]
[67, array([0.5098, 0.0385]), array([0.50689048, 0.03587619]), 0.7854, 1.0]
[67, array([0.5098, 0.0385]), array([0.5070381 , 0.03587619]), 0.7854, 1.0]
[67, array([0.5098, 0.0385]), array([0.50718571, 0.03587619]), 0.7854, 1.0]
[67, array([0.5098, 0.0385]), array([0.50733333, 0.03587619]), 0.7854, 1.0]
[67, array([0.5098, 0.0385]), array([0.50748095, 0.03587619]), 0.7854, 1.0]
[67, array([0.5098, 0.0385]), array([0.50762857, 0.03587619]), 0.7854, 1.0]
[67, array([0.5098, 0.0385]), array([0.50777619, 0.03587619]), 0.7854, 1.0]
[67, array([0.5098, 0.0385]), array([0.50792381, 0.03587619]), 0.7854, 1.0]
[67, array([0.5098, 0.0385]), array([0.50807143, 0.03587619]), 0.7854, 1.0]
[67, array([0.5098, 0.0385]), array([0.50821905, 0.03587619]), 0.7854, 1.0]
[67, array([0.5098, 0.0385]), array([0.50836667, 0.03587619]), 0.7854, 1.0]
[67, array([0.5098, 0.0385]), array([0.50851429, 0.03587619]), 0.7854, 1.0]
[67, array([0.5098, 0.0385]), array([0.5086619 , 0.03587619]), 0.7854, 1.0]
[67, array([0.5098, 0.0385]), array([0.50880952, 0.03587619]), 0.7854, 1.0]
[67, array([0.5098, 0.0385]), array([0.50895714, 0.03587619]), 0.7854, 1.0]
[67, array([0.5098, 0.0385]), array([0.50910476, 0.03587619]), 0.7854, 1.0]
[67, array([0.5098, 0.0385]), array([0.50925238, 0.03587619]), 0.7854, 1.0]
[67, array([0.5098, 0.0385]), array([0.5094    , 0.03587619]), 0.7854, 1.0]
[67, array([0.5098, 0.0385]), array([0.5063    , 0.03602381]), 0.7854, 1.0]
[67, array([0.5098, 0.0385]), array([0.50644762, 0.03602381]), 0.7854, 1.0]
[67, array([0.5098, 0.0385]), array([0.50659524, 0.03602381]), 0.7854, 1.0]
[67, array([0.5098, 0.0385]), array([0.50674286, 0.03602381]), 0.7854, 1.0]
[67, array([0.5098, 0.0385]), array([0.50689048, 0.03602381]), 0.7854, 1.0]
[67, array([0.5098, 0.0385]), array([0.5070381 , 0.03602381]), 0.7854, 1.0]
[67, array([0.5098, 0.0385]), array([0.50718571, 0.03602381]), 0.7854, 1.0]
[67, array([0.5098, 0.0385]), array([0.50733333, 0.03602381]), 0.7854, 1.0]
[67, array([0.5098, 0.0385]), array([0.50748095, 0.03602381]), 0.7854, 1.0]
[67, array([0.5098, 0.0385]), array([0.50762857, 0.03602381]), 0.7854, 1.0]
[67, array([0.5098, 0.0385]), array([0.50777619, 0.03602381]), 0.7854, 1.0]
[67, array([0.5098, 0.0385]), array([0.50792381, 0.03602381]), 0.7854, 1.0]
[67, array([0.5098, 0.0385]), array([0.50807143, 0.03602381]), 0.7854, 1.0]
[67, array([0.5098, 0.0385]), array([0.50821905, 0.03602381]), 0.7854, 1.0]
[67, array([0.5098, 0.0385]), array([0.50836667, 0.03602381]), 0.7854, 1.0]
[67, array([0.5098, 0.0385]), array([0.50851429, 0.03602381]), 0.7854, 1.0]
[67, array([0.5098, 0.0385]), array([0.5086619 , 0.03602381]), 0.7854, 1.0]
[67, array([0.5098, 0.0385]), array([0.50880952, 0.03602381]), 0.7854, 1.0]
[67, array([0.5098, 0.0385]), array([0.50895714, 0.03602381]), 0.7854, 1.0]
[67, array([0.5098, 0.0385]), array([0.50910476, 0.03602381]), 0.7854, 1.0]
[67, array([0.5098, 0.0385]), array([0.50925238, 0.03602381]), 0.7854, 1.0]
[67, array([0.5098, 0.0385]), array([0.5094    , 0.03602381]), 0.7854, 1.0]
[67, array([0.5098, 0.0385]), array([0.5063    , 0.03617143]), 0.7854, 1.0]
[67, array([0.5098, 0.0385]), array([0.50644762, 0.03617143]), 0.7854, 1.0]
[67, array([0.5098, 0.0385]), array([0.50659524, 0.03617143]), 0.7854, 1.0]
[67, array([0.5098, 0.0385]), array([0.50674286, 0.03617143]), 0.7854, 1.0]
[67, array([0.5098, 0.0385]), array([0.50689048, 0.03617143]), 0.7854, 1.0]
[67, array([0.5098, 0.0385]), array([0.5070381 , 0.03617143]), 0.7854, 1.0]
[67, array([0.5098, 0.0385]), array([0.50718571, 0.03617143]), 0.7854, 1.0]
[67, array([0.5098, 0.0385]), array([0.50733333, 0.03617143]), 0.7854, 1.0]
[67, array([0.5098, 0.0385]), array([0.50748095, 0.03617143]), 0.7854, 1.0]
[67, array([0.5098, 0.0385]), array([0.50762857, 0.03617143]), 0.7854, 1.0]
[67, array([0.5098, 0.0385]), array([0.50777619, 0.03617143]), 0.7854, 1.0]
[67, array([0.5098, 0.0385]), array([0.50792381, 0.03617143]), 0.7854, 1.0]
[67, array([0.5098, 0.0385]), array([0.50807143, 0.03617143]), 0.7854, 1.0]
[67, array([0.5098, 0.0385]), array([0.50821905, 0.03617143]), 0.7854, 1.0]
[67, array([0.5098, 0.0385]), array([0.50836667, 0.03617143]), 0.7854, 1.0]
[67, array([0.5098, 0.0385]), array([0.50851429, 0.03617143]), 0.7854, 1.0]
[67, array([0.5098, 0.0385]), array([0.5086619 , 0.03617143]), 0.7854, 1.0]
[67, array([0.5098, 0.0385]), array([0.50880952, 0.03617143]), 0.7854, 1.0]
[67, array([0.5098, 0.0385]), array([0.50895714, 0.03617143]), 0.7854, 1.0]
[67, array([0.5098, 0.0385]), array([0.50910476, 0.03617143]), 0.7854, 1.0]
[67, array([0.5098, 0.0385]), array([0.50925238, 0.03617143]), 0.7854, 1.0]
[67, array([0.5098, 0.0385]), array([0.5094    , 0.03617143]), 0.7854, 1.0]
[67, array([0.5098, 0.0385]), array([0.5063    , 0.03631905]), 0.7854, 1.0]
[67, array([0.5098, 0.0385]), array([0.50644762, 0.03631905]), 0.7854, 1.0]
[67, array([0.5098, 0.0385]), array([0.50659524, 0.03631905]), 0.7854, 1.0]
[67, array([0.5098, 0.0385]), array([0.50674286, 0.03631905]), 0.7854, 1.0]
[67, array([0.5098, 0.0385]), array([0.50689048, 0.03631905]), 0.7854, 1.0]
[67, array([0.5098, 0.0385]), array([0.5070381 , 0.03631905]), 0.7854, 1.0]
[67, array([0.5098, 0.0385]), array([0.50718571, 0.03631905]), 0.7854, 1.0]
[67, array([0.5098, 0.0385]), array([0.50733333, 0.03631905]), 0.7854, 1.0]
[67, array([0.5098, 0.0385]), array([0.50748095, 0.03631905]), 0.7854, 1.0]
[67, array([0.5098, 0.0385]), array([0.50762857, 0.03631905]), 0.7854, 1.0]
[67, array([0.5098, 0.0385]), array([0.50777619, 0.03631905]), 0.7854, 1.0]
[67, array([0.5098, 0.0385]), array([0.50792381, 0.03631905]), 0.7854, 1.0]
[67, array([0.5098, 0.0385]), array([0.50807143, 0.03631905]), 0.7854, 1.0]
[67, array([0.5098, 0.0385]), array([0.50821905, 0.03631905]), 0.7854, 1.0]
[67, array([0.5098, 0.0385]), array([0.50836667, 0.03631905]), 0.7854, 1.0]
[67, array([0.5098, 0.0385]), array([0.50851429, 0.03631905]), 0.7854, 1.0]
[67, array([0.5098, 0.0385]), array([0.5086619 , 0.03631905]), 0.7854, 1.0]
[67, array([0.5098, 0.0385]), array([0.50880952, 0.03631905]), 0.7854, 1.0]
[67, array([0.5098, 0.0385]), array([0.50895714, 0.03631905]), 0.7854, 1.0]
[67, array([0.5098, 0.0385]), array([0.50910476, 0.03631905]), 0.7854, 1.0]
[67, array([0.5098, 0.0385]), array([0.50925238, 0.03631905]), 0.7854, 1.0]
[67, array([0.5098, 0.0385]), array([0.5094    , 0.03631905]), 0.7854, 1.0]
[67, array([0.5098, 0.0385]), array([0.5063    , 0.03646667]), 0.7854, 1.0]
[67, array([0.5098, 0.0385]), array([0.50644762, 0.03646667]), 0.7854, 1.0]
[67, array([0.5098, 0.0385]), array([0.50659524, 0.03646667]), 0.7854, 1.0]
[67, array([0.5098, 0.0385]), array([0.50674286, 0.03646667]), 0.7854, 1.0]
[67, array([0.5098, 0.0385]), array([0.50689048, 0.03646667]), 0.7854, 1.0]
[67, array([0.5098, 0.0385]), array([0.5070381 , 0.03646667]), 0.7854, 1.0]
[67, array([0.5098, 0.0385]), array([0.50718571, 0.03646667]), 0.7854, 1.0]
[67, array([0.5098, 0.0385]), array([0.50733333, 0.03646667]), 0.7854, 1.0]
[67, array([0.5098, 0.0385]), array([0.50748095, 0.03646667]), 0.7854, 1.0]
[67, array([0.5098, 0.0385]), array([0.50762857, 0.03646667]), 0.7854, 1.0]
[67, array([0.5098, 0.0385]), array([0.50777619, 0.03646667]), 0.7854, 1.0]
[67, array([0.5098, 0.0385]), array([0.50792381, 0.03646667]), 0.7854, 1.0]
[67, array([0.5098, 0.0385]), array([0.50807143, 0.03646667]), 0.7854, 1.0]
[67, array([0.5098, 0.0385]), array([0.50821905, 0.03646667]), 0.7854, 1.0]
[67, array([0.5098, 0.0385]), array([0.50836667, 0.03646667]), 0.7854, 1.0]
[67, array([0.5098, 0.0385]), array([0.50851429, 0.03646667]), 0.7854, 1.0]
[67, array([0.5098, 0.0385]), array([0.5086619 , 0.03646667]), 0.7854, 1.0]
[67, array([0.5098, 0.0385]), array([0.50880952, 0.03646667]), 0.7854, 1.0]
[67, array([0.5098, 0.0385]), array([0.50895714, 0.03646667]), 0.7854, 1.0]
[67, array([0.5098, 0.0385]), array([0.50910476, 0.03646667]), 0.7854, 1.0]
[67, array([0.5098, 0.0385]), array([0.50925238, 0.03646667]), 0.7854, 1.0]
[67, array([0.5098, 0.0385]), array([0.5094    , 0.03646667]), 0.7854, 1.0]
[67, array([0.5098, 0.0385]), array([0.5063    , 0.03661429]), 0.7854, 1.0]
[67, array([0.5098, 0.0385]), array([0.50644762, 0.03661429]), 0.7854, 1.0]
[67, array([0.5098, 0.0385]), array([0.50659524, 0.03661429]), 0.7854, 1.0]
[67, array([0.5098, 0.0385]), array([0.50674286, 0.03661429]), 0.7854, 1.0]
[67, array([0.5098, 0.0385]), array([0.50689048, 0.03661429]), 0.7854, 1.0]
[67, array([0.5098, 0.0385]), array([0.5070381 , 0.03661429]), 0.7854, 1.0]
[67, array([0.5098, 0.0385]), array([0.50718571, 0.03661429]), 0.7854, 1.0]
[67, array([0.5098, 0.0385]), array([0.50733333, 0.03661429]), 0.7854, 1.0]
[67, array([0.5098, 0.0385]), array([0.50748095, 0.03661429]), 0.7854, 1.0]
[67, array([0.5098, 0.0385]), array([0.50762857, 0.03661429]), 0.7854, 1.0]
[67, array([0.5098, 0.0385]), array([0.50777619, 0.03661429]), 0.7854, 1.0]
[67, array([0.5098, 0.0385]), array([0.50792381, 0.03661429]), 0.7854, 1.0]
[67, array([0.5098, 0.0385]), array([0.50807143, 0.03661429]), 0.7854, 1.0]
[67, array([0.5098, 0.0385]), array([0.50821905, 0.03661429]), 0.7854, 1.0]
[67, array([0.5098, 0.0385]), array([0.50836667, 0.03661429]), 0.7854, 1.0]
[67, array([0.5098, 0.0385]), array([0.50851429, 0.03661429]), 0.7854, 1.0]
[67, array([0.5098, 0.0385]), array([0.5086619 , 0.03661429]), 0.7854, 1.0]
[67, array([0.5098, 0.0385]), array([0.50880952, 0.03661429]), 0.7854, 1.0]
[67, array([0.5098, 0.0385]), array([0.50895714, 0.03661429]), 0.7854, 1.0]
[67, array([0.5098, 0.0385]), array([0.50910476, 0.03661429]), 0.7854, 1.0]
[67, array([0.5098, 0.0385]), array([0.50925238, 0.03661429]), 0.7854, 1.0]
[67, array([0.5098, 0.0385]), array([0.5094    , 0.03661429]), 0.7854, 1.0]
[67, array([0.5098, 0.0385]), array([0.5063   , 0.0367619]), 0.7854, 1.0]
[67, array([0.5098, 0.0385]), array([0.50644762, 0.0367619 ]), 0.7854, 1.0]
[67, array([0.5098, 0.0385]), array([0.50659524, 0.0367619 ]), 0.7854, 1.0]
[67, array([0.5098, 0.0385]), array([0.50674286, 0.0367619 ]), 0.7854, 1.0]
[67, array([0.5098, 0.0385]), array([0.50689048, 0.0367619 ]), 0.7854, 1.0]
[67, array([0.5098, 0.0385]), array([0.5070381, 0.0367619]), 0.7854, 1.0]
[67, array([0.5098, 0.0385]), array([0.50718571, 0.0367619 ]), 0.7854, 1.0]
[67, array([0.5098, 0.0385]), array([0.50733333, 0.0367619 ]), 0.7854, 1.0]
[67, array([0.5098, 0.0385]), array([0.50748095, 0.0367619 ]), 0.7854, 1.0]
[67, array([0.5098, 0.0385]), array([0.50762857, 0.0367619 ]), 0.7854, 1.0]
[67, array([0.5098, 0.0385]), array([0.50777619, 0.0367619 ]), 0.7854, 1.0]
[67, array([0.5098, 0.0385]), array([0.50792381, 0.0367619 ]), 0.7854, 1.0]
[67, array([0.5098, 0.0385]), array([0.50807143, 0.0367619 ]), 0.7854, 1.0]
[67, array([0.5098, 0.0385]), array([0.50821905, 0.0367619 ]), 0.7854, 1.0]
[67, array([0.5098, 0.0385]), array([0.50836667, 0.0367619 ]), 0.7854, 1.0]
[67, array([0.5098, 0.0385]), array([0.50851429, 0.0367619 ]), 0.7854, 1.0]
[67, array([0.5098, 0.0385]), array([0.5086619, 0.0367619]), 0.7854, 1.0]
[67, array([0.5098, 0.0385]), array([0.50880952, 0.0367619 ]), 0.7854, 1.0]
[67, array([0.5098, 0.0385]), array([0.50895714, 0.0367619 ]), 0.7854, 1.0]
[67, array([0.5098, 0.0385]), array([0.50910476, 0.0367619 ]), 0.7854, 1.0]
[67, array([0.5098, 0.0385]), array([0.50925238, 0.0367619 ]), 0.7854, 1.0]
[67, array([0.5098, 0.0385]), array([0.5094   , 0.0367619]), 0.7854, 1.0]
[67, array([0.5098, 0.0385]), array([0.5063    , 0.03690952]), 0.7854, 1.0]
[67, array([0.5098, 0.0385]), array([0.50644762, 0.03690952]), 0.7854, 1.0]
[67, array([0.5098, 0.0385]), array([0.50659524, 0.03690952]), 0.7854, 1.0]
[67, array([0.5098, 0.0385]), array([0.50674286, 0.03690952]), 0.7854, 1.0]
[67, array([0.5098, 0.0385]), array([0.50689048, 0.03690952]), 0.7854, 1.0]
[67, array([0.5098, 0.0385]), array([0.5070381 , 0.03690952]), 0.7854, 1.0]
[67, array([0.5098, 0.0385]), array([0.50718571, 0.03690952]), 0.7854, 1.0]
[67, array([0.5098, 0.0385]), array([0.50733333, 0.03690952]), 0.7854, 1.0]
[67, array([0.5098, 0.0385]), array([0.50748095, 0.03690952]), 0.7854, 1.0]
[67, array([0.5098, 0.0385]), array([0.50762857, 0.03690952]), 0.7854, 1.0]
[67, array([0.5098, 0.0385]), array([0.50777619, 0.03690952]), 0.7854, 1.0]
[67, array([0.5098, 0.0385]), array([0.50792381, 0.03690952]), 0.7854, 1.0]
[67, array([0.5098, 0.0385]), array([0.50807143, 0.03690952]), 0.7854, 1.0]
[67, array([0.5098, 0.0385]), array([0.50821905, 0.03690952]), 0.7854, 1.0]
[67, array([0.5098, 0.0385]), array([0.50836667, 0.03690952]), 0.7854, 1.0]
[67, array([0.5098, 0.0385]), array([0.50851429, 0.03690952]), 0.7854, 1.0]
[67, array([0.5098, 0.0385]), array([0.5086619 , 0.03690952]), 0.7854, 1.0]
[67, array([0.5098, 0.0385]), array([0.50880952, 0.03690952]), 0.7854, 1.0]
[67, array([0.5098, 0.0385]), array([0.50895714, 0.03690952]), 0.7854, 1.0]
[67, array([0.5098, 0.0385]), array([0.50910476, 0.03690952]), 0.7854, 1.0]
[67, array([0.5098, 0.0385]), array([0.50925238, 0.03690952]), 0.7854, 1.0]
[67, array([0.5098, 0.0385]), array([0.5094    , 0.03690952]), 0.7854, 1.0]
[67, array([0.5098, 0.0385]), array([0.5063    , 0.03705714]), 0.7854, 1.0]
[67, array([0.5098, 0.0385]), array([0.50644762, 0.03705714]), 0.7854, 1.0]
[67, array([0.5098, 0.0385]), array([0.50659524, 0.03705714]), 0.7854, 1.0]
[67, array([0.5098, 0.0385]), array([0.50674286, 0.03705714]), 0.7854, 1.0]
[67, array([0.5098, 0.0385]), array([0.50689048, 0.03705714]), 0.7854, 1.0]
[67, array([0.5098, 0.0385]), array([0.5070381 , 0.03705714]), 0.7854, 1.0]
[67, array([0.5098, 0.0385]), array([0.50718571, 0.03705714]), 0.7854, 1.0]
[67, array([0.5098, 0.0385]), array([0.50733333, 0.03705714]), 0.7854, 1.0]
[67, array([0.5098, 0.0385]), array([0.50748095, 0.03705714]), 0.7854, 1.0]
[67, array([0.5098, 0.0385]), array([0.50762857, 0.03705714]), 0.7854, 1.0]
[67, array([0.5098, 0.0385]), array([0.50777619, 0.03705714]), 0.7854, 1.0]
[67, array([0.5098, 0.0385]), array([0.50792381, 0.03705714]), 0.7854, 1.0]
[67, array([0.5098, 0.0385]), array([0.50807143, 0.03705714]), 0.7854, 1.0]
[67, array([0.5098, 0.0385]), array([0.50821905, 0.03705714]), 0.7854, 1.0]
[67, array([0.5098, 0.0385]), array([0.50836667, 0.03705714]), 0.7854, 1.0]
[67, array([0.5098, 0.0385]), array([0.50851429, 0.03705714]), 0.7854, 1.0]
[67, array([0.5098, 0.0385]), array([0.5086619 , 0.03705714]), 0.7854, 1.0]
[67, array([0.5098, 0.0385]), array([0.50880952, 0.03705714]), 0.7854, 1.0]
[67, array([0.5098, 0.0385]), array([0.50895714, 0.03705714]), 0.7854, 1.0]
[67, array([0.5098, 0.0385]), array([0.50910476, 0.03705714]), 0.7854, 1.0]
[67, array([0.5098, 0.0385]), array([0.50925238, 0.03705714]), 0.7854, 1.0]
[67, array([0.5098, 0.0385]), array([0.5094    , 0.03705714]), 0.7854, 1.0]
[67, array([0.5098, 0.0385]), array([0.5063    , 0.03720476]), 0.7854, 1.0]
[67, array([0.5098, 0.0385]), array([0.50644762, 0.03720476]), 0.7854, 1.0]
[67, array([0.5098, 0.0385]), array([0.50659524, 0.03720476]), 0.7854, 1.0]
[67, array([0.5098, 0.0385]), array([0.50674286, 0.03720476]), 0.7854, 1.0]
[67, array([0.5098, 0.0385]), array([0.50689048, 0.03720476]), 0.7854, 1.0]
[67, array([0.5098, 0.0385]), array([0.5070381 , 0.03720476]), 0.7854, 1.0]
[67, array([0.5098, 0.0385]), array([0.50718571, 0.03720476]), 0.7854, 1.0]
[67, array([0.5098, 0.0385]), array([0.50733333, 0.03720476]), 0.7854, 1.0]
[67, array([0.5098, 0.0385]), array([0.50748095, 0.03720476]), 0.7854, 1.0]
[67, array([0.5098, 0.0385]), array([0.50762857, 0.03720476]), 0.7854, 1.0]
[67, array([0.5098, 0.0385]), array([0.50777619, 0.03720476]), 0.7854, 1.0]
[67, array([0.5098, 0.0385]), array([0.50792381, 0.03720476]), 0.7854, 1.0]
[67, array([0.5098, 0.0385]), array([0.50807143, 0.03720476]), 0.7854, 1.0]
[67, array([0.5098, 0.0385]), array([0.50821905, 0.03720476]), 0.7854, 1.0]
[67, array([0.5098, 0.0385]), array([0.50836667, 0.03720476]), 0.7854, 1.0]
[67, array([0.5098, 0.0385]), array([0.50851429, 0.03720476]), 0.7854, 1.0]
[67, array([0.5098, 0.0385]), array([0.5086619 , 0.03720476]), 0.7854, 1.0]
[67, array([0.5098, 0.0385]), array([0.50880952, 0.03720476]), 0.7854, 1.0]
[67, array([0.5098, 0.0385]), array([0.50895714, 0.03720476]), 0.7854, 1.0]
[67, array([0.5098, 0.0385]), array([0.50910476, 0.03720476]), 0.7854, 1.0]
[67, array([0.5098, 0.0385]), array([0.50925238, 0.03720476]), 0.7854, 1.0]
[67, array([0.5098, 0.0385]), array([0.5094    , 0.03720476]), 0.7854, 1.0]
[67, array([0.5098, 0.0385]), array([0.5063    , 0.03735238]), 0.7854, 1.0]
[67, array([0.5098, 0.0385]), array([0.50644762, 0.03735238]), 0.7854, 1.0]
[67, array([0.5098, 0.0385]), array([0.50659524, 0.03735238]), 0.7854, 1.0]
[67, array([0.5098, 0.0385]), array([0.50674286, 0.03735238]), 0.7854, 1.0]
[67, array([0.5098, 0.0385]), array([0.50689048, 0.03735238]), 0.7854, 1.0]
[67, array([0.5098, 0.0385]), array([0.5070381 , 0.03735238]), 0.7854, 1.0]
[67, array([0.5098, 0.0385]), array([0.50718571, 0.03735238]), 0.7854, 1.0]
[67, array([0.5098, 0.0385]), array([0.50733333, 0.03735238]), 0.7854, 1.0]
[67, array([0.5098, 0.0385]), array([0.50748095, 0.03735238]), 0.7854, 1.0]
[67, array([0.5098, 0.0385]), array([0.50762857, 0.03735238]), 0.7854, 1.0]
[67, array([0.5098, 0.0385]), array([0.50777619, 0.03735238]), 0.7854, 1.0]
[67, array([0.5098, 0.0385]), array([0.50792381, 0.03735238]), 0.7854, 1.0]
[67, array([0.5098, 0.0385]), array([0.50807143, 0.03735238]), 0.7854, 1.0]
[67, array([0.5098, 0.0385]), array([0.50821905, 0.03735238]), 0.7854, 1.0]
[67, array([0.5098, 0.0385]), array([0.50836667, 0.03735238]), 0.7854, 1.0]
[67, array([0.5098, 0.0385]), array([0.50851429, 0.03735238]), 0.7854, 1.0]
[67, array([0.5098, 0.0385]), array([0.5086619 , 0.03735238]), 0.7854, 1.0]
[67, array([0.5098, 0.0385]), array([0.50880952, 0.03735238]), 0.7854, 1.0]
[67, array([0.5098, 0.0385]), array([0.50895714, 0.03735238]), 0.7854, 1.0]
[67, array([0.5098, 0.0385]), array([0.50910476, 0.03735238]), 0.7854, 1.0]
[67, array([0.5098, 0.0385]), array([0.50925238, 0.03735238]), 0.7854, 1.0]
[67, array([0.5098, 0.0385]), array([0.5094    , 0.03735238]), 0.7854, 1.0]
[67, array([0.5098, 0.0385]), array([0.5063, 0.0375]), 0.7854, 1.0]
[67, array([0.5098, 0.0385]), array([0.50644762, 0.0375    ]), 0.7854, 1.0]
[67, array([0.5098, 0.0385]), array([0.50659524, 0.0375    ]), 0.7854, 1.0]
[67, array([0.5098, 0.0385]), array([0.50674286, 0.0375    ]), 0.7854, 1.0]
[67, array([0.5098, 0.0385]), array([0.50689048, 0.0375    ]), 0.7854, 1.0]
[67, array([0.5098, 0.0385]), array([0.5070381, 0.0375   ]), 0.7854, 1.0]
[67, array([0.5098, 0.0385]), array([0.50718571, 0.0375    ]), 0.7854, 1.0]
[67, array([0.5098, 0.0385]), array([0.50733333, 0.0375    ]), 0.7854, 1.0]
[67, array([0.5098, 0.0385]), array([0.50748095, 0.0375    ]), 0.7854, 1.0]
[67, array([0.5098, 0.0385]), array([0.50762857, 0.0375    ]), 0.7854, 1.0]
[67, array([0.5098, 0.0385]), array([0.50777619, 0.0375    ]), 0.7854, 1.0]
[67, array([0.5098, 0.0385]), array([0.50792381, 0.0375    ]), 0.7854, 1.0]
[67, array([0.5098, 0.0385]), array([0.50807143, 0.0375    ]), 0.7854, 1.0]
[67, array([0.5098, 0.0385]), array([0.50821905, 0.0375    ]), 0.7854, 1.0]
[67, array([0.5098, 0.0385]), array([0.50836667, 0.0375    ]), 0.7854, 1.0]
[67, array([0.5098, 0.0385]), array([0.50851429, 0.0375    ]), 0.7854, 1.0]
[67, array([0.5098, 0.0385]), array([0.5086619, 0.0375   ]), 0.7854, 1.0]
[67, array([0.5098, 0.0385]), array([0.50880952, 0.0375    ]), 0.7854, 1.0]
[67, array([0.5098, 0.0385]), array([0.50895714, 0.0375    ]), 0.7854, 1.0]
[67, array([0.5098, 0.0385]), array([0.50910476, 0.0375    ]), 0.7854, 1.0]
[67, array([0.5098, 0.0385]), array([0.50925238, 0.0375    ]), 0.7854, 1.0]
[67, array([0.5098, 0.0385]), array([0.5094, 0.0375]), 0.7854, 1.0]
[20, array([0.4776, 0.0361]), array([0.46875, 0.0312 ]), 0.7854, 1.0]
[20, array([0.4776, 0.0361]), array([0.46890238, 0.0312    ]), 0.7854, 1.0]
[20, array([0.4776, 0.0361]), array([0.46905476, 0.0312    ]), 0.7854, 1.0]
[20, array([0.4776, 0.0361]), array([0.46920714, 0.0312    ]), 0.7854, 1.0]
[20, array([0.4776, 0.0361]), array([0.46935952, 0.0312    ]), 0.7854, 1.0]
[20, array([0.4776, 0.0361]), array([0.4695119, 0.0312   ]), 0.7854, 1.0]
[20, array([0.4776, 0.0361]), array([0.46966429, 0.0312    ]), 0.7854, 1.0]
[20, array([0.4776, 0.0361]), array([0.46981667, 0.0312    ]), 0.7854, 1.0]
[20, array([0.4776, 0.0361]), array([0.46996905, 0.0312    ]), 0.7854, 1.0]
[20, array([0.4776, 0.0361]), array([0.47012143, 0.0312    ]), 0.7854, 1.0]
[20, array([0.4776, 0.0361]), array([0.47027381, 0.0312    ]), 0.7854, 1.0]
[20, array([0.4776, 0.0361]), array([0.47042619, 0.0312    ]), 0.7854, 1.0]
[20, array([0.4776, 0.0361]), array([0.47057857, 0.0312    ]), 0.7854, 1.0]
[20, array([0.4776, 0.0361]), array([0.47073095, 0.0312    ]), 0.7854, 1.0]
[20, array([0.4776, 0.0361]), array([0.47088333, 0.0312    ]), 0.7854, 1.0]
[20, array([0.4776, 0.0361]), array([0.47103571, 0.0312    ]), 0.7854, 1.0]
[20, array([0.4776, 0.0361]), array([0.4711881, 0.0312   ]), 0.7854, 1.0]
[20, array([0.4776, 0.0361]), array([0.47134048, 0.0312    ]), 0.7854, 1.0]
[20, array([0.4776, 0.0361]), array([0.47149286, 0.0312    ]), 0.7854, 1.0]
[20, array([0.4776, 0.0361]), array([0.47164524, 0.0312    ]), 0.7854, 1.0]
[20, array([0.4776, 0.0361]), array([0.47179762, 0.0312    ]), 0.7854, 1.0]
[20, array([0.4776, 0.0361]), array([0.47195, 0.0312 ]), 0.7854, 1.0]
[20, array([0.4776, 0.0361]), array([0.46875   , 0.03135238]), 0.7854, 1.0]
[20, array([0.4776, 0.0361]), array([0.46890238, 0.03135238]), 0.7854, 1.0]
[20, array([0.4776, 0.0361]), array([0.46905476, 0.03135238]), 0.7854, 1.0]
[20, array([0.4776, 0.0361]), array([0.46920714, 0.03135238]), 0.7854, 1.0]
[20, array([0.4776, 0.0361]), array([0.46935952, 0.03135238]), 0.7854, 1.0]
[20, array([0.4776, 0.0361]), array([0.4695119 , 0.03135238]), 0.7854, 1.0]
[20, array([0.4776, 0.0361]), array([0.46966429, 0.03135238]), 0.7854, 1.0]
[20, array([0.4776, 0.0361]), array([0.46981667, 0.03135238]), 0.7854, 1.0]
[20, array([0.4776, 0.0361]), array([0.46996905, 0.03135238]), 0.7854, 1.0]
[20, array([0.4776, 0.0361]), array([0.47012143, 0.03135238]), 0.7854, 1.0]
[20, array([0.4776, 0.0361]), array([0.47027381, 0.03135238]), 0.7854, 1.0]
[20, array([0.4776, 0.0361]), array([0.47042619, 0.03135238]), 0.7854, 1.0]
[20, array([0.4776, 0.0361]), array([0.47057857, 0.03135238]), 0.7854, 1.0]
[20, array([0.4776, 0.0361]), array([0.47073095, 0.03135238]), 0.7854, 1.0]
[20, array([0.4776, 0.0361]), array([0.47088333, 0.03135238]), 0.7854, 1.0]
[20, array([0.4776, 0.0361]), array([0.47103571, 0.03135238]), 0.7854, 1.0]
[20, array([0.4776, 0.0361]), array([0.4711881 , 0.03135238]), 0.7854, 1.0]
[20, array([0.4776, 0.0361]), array([0.47134048, 0.03135238]), 0.7854, 1.0]
[20, array([0.4776, 0.0361]), array([0.47149286, 0.03135238]), 0.7854, 1.0]
[20, array([0.4776, 0.0361]), array([0.47164524, 0.03135238]), 0.7854, 1.0]
[20, array([0.4776, 0.0361]), array([0.47179762, 0.03135238]), 0.7854, 1.0]
[20, array([0.4776, 0.0361]), array([0.47195   , 0.03135238]), 0.7854, 1.0]
[20, array([0.4776, 0.0361]), array([0.46875   , 0.03150476]), 0.7854, 1.0]
[20, array([0.4776, 0.0361]), array([0.46890238, 0.03150476]), 0.7854, 1.0]
[20, array([0.4776, 0.0361]), array([0.46905476, 0.03150476]), 0.7854, 1.0]
[20, array([0.4776, 0.0361]), array([0.46920714, 0.03150476]), 0.7854, 1.0]
[20, array([0.4776, 0.0361]), array([0.46935952, 0.03150476]), 0.7854, 1.0]
[20, array([0.4776, 0.0361]), array([0.4695119 , 0.03150476]), 0.7854, 1.0]
[20, array([0.4776, 0.0361]), array([0.46966429, 0.03150476]), 0.7854, 1.0]
[20, array([0.4776, 0.0361]), array([0.46981667, 0.03150476]), 0.7854, 1.0]
[20, array([0.4776, 0.0361]), array([0.46996905, 0.03150476]), 0.7854, 1.0]
[20, array([0.4776, 0.0361]), array([0.47012143, 0.03150476]), 0.7854, 1.0]
[20, array([0.4776, 0.0361]), array([0.47027381, 0.03150476]), 0.7854, 1.0]
[20, array([0.4776, 0.0361]), array([0.47042619, 0.03150476]), 0.7854, 1.0]
[20, array([0.4776, 0.0361]), array([0.47057857, 0.03150476]), 0.7854, 1.0]
[20, array([0.4776, 0.0361]), array([0.47073095, 0.03150476]), 0.7854, 1.0]
[20, array([0.4776, 0.0361]), array([0.47088333, 0.03150476]), 0.7854, 1.0]
[20, array([0.4776, 0.0361]), array([0.47103571, 0.03150476]), 0.7854, 1.0]
[20, array([0.4776, 0.0361]), array([0.4711881 , 0.03150476]), 0.7854, 1.0]
[20, array([0.4776, 0.0361]), array([0.47134048, 0.03150476]), 0.7854, 1.0]
[20, array([0.4776, 0.0361]), array([0.47149286, 0.03150476]), 0.7854, 1.0]
[20, array([0.4776, 0.0361]), array([0.47164524, 0.03150476]), 0.7854, 1.0]
[20, array([0.4776, 0.0361]), array([0.47179762, 0.03150476]), 0.7854, 1.0]
[20, array([0.4776, 0.0361]), array([0.47195   , 0.03150476]), 0.7854, 1.0]
[20, array([0.4776, 0.0361]), array([0.46875   , 0.03165714]), 0.7854, 1.0]
[20, array([0.4776, 0.0361]), array([0.46890238, 0.03165714]), 0.7854, 1.0]
[20, array([0.4776, 0.0361]), array([0.46905476, 0.03165714]), 0.7854, 1.0]
[20, array([0.4776, 0.0361]), array([0.46920714, 0.03165714]), 0.7854, 1.0]
[20, array([0.4776, 0.0361]), array([0.46935952, 0.03165714]), 0.7854, 1.0]
[20, array([0.4776, 0.0361]), array([0.4695119 , 0.03165714]), 0.7854, 1.0]
[20, array([0.4776, 0.0361]), array([0.46966429, 0.03165714]), 0.7854, 1.0]
[20, array([0.4776, 0.0361]), array([0.46981667, 0.03165714]), 0.7854, 1.0]
[20, array([0.4776, 0.0361]), array([0.46996905, 0.03165714]), 0.7854, 1.0]
[20, array([0.4776, 0.0361]), array([0.47012143, 0.03165714]), 0.7854, 1.0]
[20, array([0.4776, 0.0361]), array([0.47027381, 0.03165714]), 0.7854, 1.0]
[20, array([0.4776, 0.0361]), array([0.47042619, 0.03165714]), 0.7854, 1.0]
[20, array([0.4776, 0.0361]), array([0.47057857, 0.03165714]), 0.7854, 1.0]
[20, array([0.4776, 0.0361]), array([0.47073095, 0.03165714]), 0.7854, 1.0]
[20, array([0.4776, 0.0361]), array([0.47088333, 0.03165714]), 0.7854, 1.0]
[20, array([0.4776, 0.0361]), array([0.47103571, 0.03165714]), 0.7854, 1.0]
[20, array([0.4776, 0.0361]), array([0.4711881 , 0.03165714]), 0.7854, 1.0]
[20, array([0.4776, 0.0361]), array([0.47134048, 0.03165714]), 0.7854, 1.0]
[20, array([0.4776, 0.0361]), array([0.47149286, 0.03165714]), 0.7854, 1.0]
[20, array([0.4776, 0.0361]), array([0.47164524, 0.03165714]), 0.7854, 1.0]
[20, array([0.4776, 0.0361]), array([0.47179762, 0.03165714]), 0.7854, 1.0]
[20, array([0.4776, 0.0361]), array([0.47195   , 0.03165714]), 0.7854, 1.0]
[20, array([0.4776, 0.0361]), array([0.46875   , 0.03180952]), 0.7854, 1.0]
[20, array([0.4776, 0.0361]), array([0.46890238, 0.03180952]), 0.7854, 1.0]
[20, array([0.4776, 0.0361]), array([0.46905476, 0.03180952]), 0.7854, 1.0]
[20, array([0.4776, 0.0361]), array([0.46920714, 0.03180952]), 0.7854, 1.0]
[20, array([0.4776, 0.0361]), array([0.46935952, 0.03180952]), 0.7854, 1.0]
[20, array([0.4776, 0.0361]), array([0.4695119 , 0.03180952]), 0.7854, 1.0]
[20, array([0.4776, 0.0361]), array([0.46966429, 0.03180952]), 0.7854, 1.0]
[20, array([0.4776, 0.0361]), array([0.46981667, 0.03180952]), 0.7854, 1.0]
[20, array([0.4776, 0.0361]), array([0.46996905, 0.03180952]), 0.7854, 1.0]
[20, array([0.4776, 0.0361]), array([0.47012143, 0.03180952]), 0.7854, 1.0]
[20, array([0.4776, 0.0361]), array([0.47027381, 0.03180952]), 0.7854, 1.0]
[20, array([0.4776, 0.0361]), array([0.47042619, 0.03180952]), 0.7854, 1.0]
[20, array([0.4776, 0.0361]), array([0.47057857, 0.03180952]), 0.7854, 1.0]
[20, array([0.4776, 0.0361]), array([0.47073095, 0.03180952]), 0.7854, 1.0]
[20, array([0.4776, 0.0361]), array([0.47088333, 0.03180952]), 0.7854, 1.0]
[20, array([0.4776, 0.0361]), array([0.47103571, 0.03180952]), 0.7854, 1.0]
[20, array([0.4776, 0.0361]), array([0.4711881 , 0.03180952]), 0.7854, 1.0]
[20, array([0.4776, 0.0361]), array([0.47134048, 0.03180952]), 0.7854, 1.0]
[20, array([0.4776, 0.0361]), array([0.47149286, 0.03180952]), 0.7854, 1.0]
[20, array([0.4776, 0.0361]), array([0.47164524, 0.03180952]), 0.7854, 1.0]
[20, array([0.4776, 0.0361]), array([0.47179762, 0.03180952]), 0.7854, 1.0]
[20, array([0.4776, 0.0361]), array([0.47195   , 0.03180952]), 0.7854, 1.0]
[20, array([0.4776, 0.0361]), array([0.46875  , 0.0319619]), 0.7854, 1.0]
[20, array([0.4776, 0.0361]), array([0.46890238, 0.0319619 ]), 0.7854, 1.0]
[20, array([0.4776, 0.0361]), array([0.46905476, 0.0319619 ]), 0.7854, 1.0]
[20, array([0.4776, 0.0361]), array([0.46920714, 0.0319619 ]), 0.7854, 1.0]
[20, array([0.4776, 0.0361]), array([0.46935952, 0.0319619 ]), 0.7854, 1.0]
[20, array([0.4776, 0.0361]), array([0.4695119, 0.0319619]), 0.7854, 1.0]
[20, array([0.4776, 0.0361]), array([0.46966429, 0.0319619 ]), 0.7854, 1.0]
[20, array([0.4776, 0.0361]), array([0.46981667, 0.0319619 ]), 0.7854, 1.0]
[20, array([0.4776, 0.0361]), array([0.46996905, 0.0319619 ]), 0.7854, 1.0]
[20, array([0.4776, 0.0361]), array([0.47012143, 0.0319619 ]), 0.7854, 1.0]
[20, array([0.4776, 0.0361]), array([0.47027381, 0.0319619 ]), 0.7854, 1.0]
[20, array([0.4776, 0.0361]), array([0.47042619, 0.0319619 ]), 0.7854, 1.0]
[20, array([0.4776, 0.0361]), array([0.47057857, 0.0319619 ]), 0.7854, 1.0]
[20, array([0.4776, 0.0361]), array([0.47073095, 0.0319619 ]), 0.7854, 1.0]
[20, array([0.4776, 0.0361]), array([0.47088333, 0.0319619 ]), 0.7854, 1.0]
[20, array([0.4776, 0.0361]), array([0.47103571, 0.0319619 ]), 0.7854, 1.0]
[20, array([0.4776, 0.0361]), array([0.4711881, 0.0319619]), 0.7854, 1.0]
[20, array([0.4776, 0.0361]), array([0.47134048, 0.0319619 ]), 0.7854, 1.0]
[20, array([0.4776, 0.0361]), array([0.47149286, 0.0319619 ]), 0.7854, 1.0]
[20, array([0.4776, 0.0361]), array([0.47164524, 0.0319619 ]), 0.7854, 1.0]
[20, array([0.4776, 0.0361]), array([0.47179762, 0.0319619 ]), 0.7854, 1.0]
[20, array([0.4776, 0.0361]), array([0.47195  , 0.0319619]), 0.7854, 1.0]
[20, array([0.4776, 0.0361]), array([0.46875   , 0.03211429]), 0.7854, 1.0]
[20, array([0.4776, 0.0361]), array([0.46890238, 0.03211429]), 0.7854, 1.0]
[20, array([0.4776, 0.0361]), array([0.46905476, 0.03211429]), 0.7854, 1.0]
[20, array([0.4776, 0.0361]), array([0.46920714, 0.03211429]), 0.7854, 1.0]
[20, array([0.4776, 0.0361]), array([0.46935952, 0.03211429]), 0.7854, 1.0]
[20, array([0.4776, 0.0361]), array([0.4695119 , 0.03211429]), 0.7854, 1.0]
[20, array([0.4776, 0.0361]), array([0.46966429, 0.03211429]), 0.7854, 1.0]
[20, array([0.4776, 0.0361]), array([0.46981667, 0.03211429]), 0.7854, 1.0]
[20, array([0.4776, 0.0361]), array([0.46996905, 0.03211429]), 0.7854, 1.0]
[20, array([0.4776, 0.0361]), array([0.47012143, 0.03211429]), 0.7854, 1.0]
[20, array([0.4776, 0.0361]), array([0.47027381, 0.03211429]), 0.7854, 1.0]
[20, array([0.4776, 0.0361]), array([0.47042619, 0.03211429]), 0.7854, 1.0]
[20, array([0.4776, 0.0361]), array([0.47057857, 0.03211429]), 0.7854, 1.0]
[20, array([0.4776, 0.0361]), array([0.47073095, 0.03211429]), 0.7854, 1.0]
[20, array([0.4776, 0.0361]), array([0.47088333, 0.03211429]), 0.7854, 1.0]
[20, array([0.4776, 0.0361]), array([0.47103571, 0.03211429]), 0.7854, 1.0]
[20, array([0.4776, 0.0361]), array([0.4711881 , 0.03211429]), 0.7854, 1.0]
[20, array([0.4776, 0.0361]), array([0.47134048, 0.03211429]), 0.7854, 1.0]
[20, array([0.4776, 0.0361]), array([0.47149286, 0.03211429]), 0.7854, 1.0]
[20, array([0.4776, 0.0361]), array([0.47164524, 0.03211429]), 0.7854, 1.0]
[20, array([0.4776, 0.0361]), array([0.47179762, 0.03211429]), 0.7854, 1.0]
[20, array([0.4776, 0.0361]), array([0.47195   , 0.03211429]), 0.7854, 1.0]
[20, array([0.4776, 0.0361]), array([0.46875   , 0.03226667]), 0.7854, 1.0]
[20, array([0.4776, 0.0361]), array([0.46890238, 0.03226667]), 0.7854, 1.0]
[20, array([0.4776, 0.0361]), array([0.46905476, 0.03226667]), 0.7854, 1.0]
[20, array([0.4776, 0.0361]), array([0.46920714, 0.03226667]), 0.7854, 1.0]
[20, array([0.4776, 0.0361]), array([0.46935952, 0.03226667]), 0.7854, 1.0]
[20, array([0.4776, 0.0361]), array([0.4695119 , 0.03226667]), 0.7854, 1.0]
[20, array([0.4776, 0.0361]), array([0.46966429, 0.03226667]), 0.7854, 1.0]
[20, array([0.4776, 0.0361]), array([0.46981667, 0.03226667]), 0.7854, 1.0]
[20, array([0.4776, 0.0361]), array([0.46996905, 0.03226667]), 0.7854, 1.0]
[20, array([0.4776, 0.0361]), array([0.47012143, 0.03226667]), 0.7854, 1.0]
[20, array([0.4776, 0.0361]), array([0.47027381, 0.03226667]), 0.7854, 1.0]
[20, array([0.4776, 0.0361]), array([0.47042619, 0.03226667]), 0.7854, 1.0]
[20, array([0.4776, 0.0361]), array([0.47057857, 0.03226667]), 0.7854, 1.0]
[20, array([0.4776, 0.0361]), array([0.47073095, 0.03226667]), 0.7854, 1.0]
[20, array([0.4776, 0.0361]), array([0.47088333, 0.03226667]), 0.7854, 1.0]
[20, array([0.4776, 0.0361]), array([0.47103571, 0.03226667]), 0.7854, 1.0]
[20, array([0.4776, 0.0361]), array([0.4711881 , 0.03226667]), 0.7854, 1.0]
[20, array([0.4776, 0.0361]), array([0.47134048, 0.03226667]), 0.7854, 1.0]
[20, array([0.4776, 0.0361]), array([0.47149286, 0.03226667]), 0.7854, 1.0]
[20, array([0.4776, 0.0361]), array([0.47164524, 0.03226667]), 0.7854, 1.0]
[20, array([0.4776, 0.0361]), array([0.47179762, 0.03226667]), 0.7854, 1.0]
[20, array([0.4776, 0.0361]), array([0.47195   , 0.03226667]), 0.7854, 1.0]
[20, array([0.4776, 0.0361]), array([0.46875   , 0.03241905]), 0.7854, 1.0]
[20, array([0.4776, 0.0361]), array([0.46890238, 0.03241905]), 0.7854, 1.0]
[20, array([0.4776, 0.0361]), array([0.46905476, 0.03241905]), 0.7854, 1.0]
[20, array([0.4776, 0.0361]), array([0.46920714, 0.03241905]), 0.7854, 1.0]
[20, array([0.4776, 0.0361]), array([0.46935952, 0.03241905]), 0.7854, 1.0]
[20, array([0.4776, 0.0361]), array([0.4695119 , 0.03241905]), 0.7854, 1.0]
[20, array([0.4776, 0.0361]), array([0.46966429, 0.03241905]), 0.7854, 1.0]
[20, array([0.4776, 0.0361]), array([0.46981667, 0.03241905]), 0.7854, 1.0]
[20, array([0.4776, 0.0361]), array([0.46996905, 0.03241905]), 0.7854, 1.0]
[20, array([0.4776, 0.0361]), array([0.47012143, 0.03241905]), 0.7854, 1.0]
[20, array([0.4776, 0.0361]), array([0.47027381, 0.03241905]), 0.7854, 1.0]
[20, array([0.4776, 0.0361]), array([0.47042619, 0.03241905]), 0.7854, 1.0]
[20, array([0.4776, 0.0361]), array([0.47057857, 0.03241905]), 0.7854, 1.0]
[20, array([0.4776, 0.0361]), array([0.47073095, 0.03241905]), 0.7854, 1.0]
[20, array([0.4776, 0.0361]), array([0.47088333, 0.03241905]), 0.7854, 1.0]
[20, array([0.4776, 0.0361]), array([0.47103571, 0.03241905]), 0.7854, 1.0]
[20, array([0.4776, 0.0361]), array([0.4711881 , 0.03241905]), 0.7854, 1.0]
[20, array([0.4776, 0.0361]), array([0.47134048, 0.03241905]), 0.7854, 1.0]
[20, array([0.4776, 0.0361]), array([0.47149286, 0.03241905]), 0.7854, 1.0]
[20, array([0.4776, 0.0361]), array([0.47164524, 0.03241905]), 0.7854, 1.0]
[20, array([0.4776, 0.0361]), array([0.47179762, 0.03241905]), 0.7854, 1.0]
[20, array([0.4776, 0.0361]), array([0.47195   , 0.03241905]), 0.7854, 1.0]
[20, array([0.4776, 0.0361]), array([0.46875   , 0.03257143]), 0.7854, 1.0]
[20, array([0.4776, 0.0361]), array([0.46890238, 0.03257143]), 0.7854, 1.0]
[20, array([0.4776, 0.0361]), array([0.46905476, 0.03257143]), 0.7854, 1.0]
[20, array([0.4776, 0.0361]), array([0.46920714, 0.03257143]), 0.7854, 1.0]
[20, array([0.4776, 0.0361]), array([0.46935952, 0.03257143]), 0.7854, 1.0]
[20, array([0.4776, 0.0361]), array([0.4695119 , 0.03257143]), 0.7854, 1.0]
[20, array([0.4776, 0.0361]), array([0.46966429, 0.03257143]), 0.7854, 1.0]
[20, array([0.4776, 0.0361]), array([0.46981667, 0.03257143]), 0.7854, 1.0]
[20, array([0.4776, 0.0361]), array([0.46996905, 0.03257143]), 0.7854, 1.0]
[20, array([0.4776, 0.0361]), array([0.47012143, 0.03257143]), 0.7854, 1.0]
[20, array([0.4776, 0.0361]), array([0.47027381, 0.03257143]), 0.7854, 1.0]
[20, array([0.4776, 0.0361]), array([0.47042619, 0.03257143]), 0.7854, 1.0]
[20, array([0.4776, 0.0361]), array([0.47057857, 0.03257143]), 0.7854, 1.0]
[20, array([0.4776, 0.0361]), array([0.47073095, 0.03257143]), 0.7854, 1.0]
[20, array([0.4776, 0.0361]), array([0.47088333, 0.03257143]), 0.7854, 1.0]
[20, array([0.4776, 0.0361]), array([0.47103571, 0.03257143]), 0.7854, 1.0]
[20, array([0.4776, 0.0361]), array([0.4711881 , 0.03257143]), 0.7854, 1.0]
[20, array([0.4776, 0.0361]), array([0.47134048, 0.03257143]), 0.7854, 1.0]
[20, array([0.4776, 0.0361]), array([0.47149286, 0.03257143]), 0.7854, 1.0]
[20, array([0.4776, 0.0361]), array([0.47164524, 0.03257143]), 0.7854, 1.0]
[20, array([0.4776, 0.0361]), array([0.47179762, 0.03257143]), 0.7854, 1.0]
[20, array([0.4776, 0.0361]), array([0.47195   , 0.03257143]), 0.7854, 1.0]
[20, array([0.4776, 0.0361]), array([0.46875   , 0.03272381]), 0.7854, 1.0]
[20, array([0.4776, 0.0361]), array([0.46890238, 0.03272381]), 0.7854, 1.0]
[20, array([0.4776, 0.0361]), array([0.46905476, 0.03272381]), 0.7854, 1.0]
[20, array([0.4776, 0.0361]), array([0.46920714, 0.03272381]), 0.7854, 1.0]
[20, array([0.4776, 0.0361]), array([0.46935952, 0.03272381]), 0.7854, 1.0]
[20, array([0.4776, 0.0361]), array([0.4695119 , 0.03272381]), 0.7854, 1.0]
[20, array([0.4776, 0.0361]), array([0.46966429, 0.03272381]), 0.7854, 1.0]
[20, array([0.4776, 0.0361]), array([0.46981667, 0.03272381]), 0.7854, 1.0]
[20, array([0.4776, 0.0361]), array([0.46996905, 0.03272381]), 0.7854, 1.0]
[20, array([0.4776, 0.0361]), array([0.47012143, 0.03272381]), 0.7854, 1.0]
[20, array([0.4776, 0.0361]), array([0.47027381, 0.03272381]), 0.7854, 1.0]
[20, array([0.4776, 0.0361]), array([0.47042619, 0.03272381]), 0.7854, 1.0]
[20, array([0.4776, 0.0361]), array([0.47057857, 0.03272381]), 0.7854, 1.0]
[20, array([0.4776, 0.0361]), array([0.47073095, 0.03272381]), 0.7854, 1.0]
[20, array([0.4776, 0.0361]), array([0.47088333, 0.03272381]), 0.7854, 1.0]
[20, array([0.4776, 0.0361]), array([0.47103571, 0.03272381]), 0.7854, 1.0]
[20, array([0.4776, 0.0361]), array([0.4711881 , 0.03272381]), 0.7854, 1.0]
[20, array([0.4776, 0.0361]), array([0.47134048, 0.03272381]), 0.7854, 1.0]
[20, array([0.4776, 0.0361]), array([0.47149286, 0.03272381]), 0.7854, 1.0]
[20, array([0.4776, 0.0361]), array([0.47164524, 0.03272381]), 0.7854, 1.0]
[20, array([0.4776, 0.0361]), array([0.47179762, 0.03272381]), 0.7854, 1.0]
[20, array([0.4776, 0.0361]), array([0.47195   , 0.03272381]), 0.7854, 1.0]
[20, array([0.4776, 0.0361]), array([0.46875   , 0.03287619]), 0.7854, 1.0]
[20, array([0.4776, 0.0361]), array([0.46890238, 0.03287619]), 0.7854, 1.0]
[20, array([0.4776, 0.0361]), array([0.46905476, 0.03287619]), 0.7854, 1.0]
[20, array([0.4776, 0.0361]), array([0.46920714, 0.03287619]), 0.7854, 1.0]
[20, array([0.4776, 0.0361]), array([0.46935952, 0.03287619]), 0.7854, 1.0]
[20, array([0.4776, 0.0361]), array([0.4695119 , 0.03287619]), 0.7854, 1.0]
[20, array([0.4776, 0.0361]), array([0.46966429, 0.03287619]), 0.7854, 1.0]
[20, array([0.4776, 0.0361]), array([0.46981667, 0.03287619]), 0.7854, 1.0]
[20, array([0.4776, 0.0361]), array([0.46996905, 0.03287619]), 0.7854, 1.0]
[20, array([0.4776, 0.0361]), array([0.47012143, 0.03287619]), 0.7854, 1.0]
[20, array([0.4776, 0.0361]), array([0.47027381, 0.03287619]), 0.7854, 1.0]
[20, array([0.4776, 0.0361]), array([0.47042619, 0.03287619]), 0.7854, 1.0]
[20, array([0.4776, 0.0361]), array([0.47057857, 0.03287619]), 0.7854, 1.0]
[20, array([0.4776, 0.0361]), array([0.47073095, 0.03287619]), 0.7854, 1.0]
[20, array([0.4776, 0.0361]), array([0.47088333, 0.03287619]), 0.7854, 1.0]
[20, array([0.4776, 0.0361]), array([0.47103571, 0.03287619]), 0.7854, 1.0]
[20, array([0.4776, 0.0361]), array([0.4711881 , 0.03287619]), 0.7854, 1.0]
[20, array([0.4776, 0.0361]), array([0.47134048, 0.03287619]), 0.7854, 1.0]
[20, array([0.4776, 0.0361]), array([0.47149286, 0.03287619]), 0.7854, 1.0]
[20, array([0.4776, 0.0361]), array([0.47164524, 0.03287619]), 0.7854, 1.0]
[20, array([0.4776, 0.0361]), array([0.47179762, 0.03287619]), 0.7854, 1.0]
[20, array([0.4776, 0.0361]), array([0.47195   , 0.03287619]), 0.7854, 1.0]
[20, array([0.4776, 0.0361]), array([0.46875   , 0.03302857]), 0.7854, 1.0]
[20, array([0.4776, 0.0361]), array([0.46890238, 0.03302857]), 0.7854, 1.0]
[20, array([0.4776, 0.0361]), array([0.46905476, 0.03302857]), 0.7854, 1.0]
[20, array([0.4776, 0.0361]), array([0.46920714, 0.03302857]), 0.7854, 1.0]
[20, array([0.4776, 0.0361]), array([0.46935952, 0.03302857]), 0.7854, 1.0]
[20, array([0.4776, 0.0361]), array([0.4695119 , 0.03302857]), 0.7854, 1.0]
[20, array([0.4776, 0.0361]), array([0.46966429, 0.03302857]), 0.7854, 1.0]
[20, array([0.4776, 0.0361]), array([0.46981667, 0.03302857]), 0.7854, 1.0]
[20, array([0.4776, 0.0361]), array([0.46996905, 0.03302857]), 0.7854, 1.0]
[20, array([0.4776, 0.0361]), array([0.47012143, 0.03302857]), 0.7854, 1.0]
[20, array([0.4776, 0.0361]), array([0.47027381, 0.03302857]), 0.7854, 1.0]
[20, array([0.4776, 0.0361]), array([0.47042619, 0.03302857]), 0.7854, 1.0]
[20, array([0.4776, 0.0361]), array([0.47057857, 0.03302857]), 0.7854, 1.0]
[20, array([0.4776, 0.0361]), array([0.47073095, 0.03302857]), 0.7854, 1.0]
[20, array([0.4776, 0.0361]), array([0.47088333, 0.03302857]), 0.7854, 1.0]
[20, array([0.4776, 0.0361]), array([0.47103571, 0.03302857]), 0.7854, 1.0]
[20, array([0.4776, 0.0361]), array([0.4711881 , 0.03302857]), 0.7854, 1.0]
[20, array([0.4776, 0.0361]), array([0.47134048, 0.03302857]), 0.7854, 1.0]
[20, array([0.4776, 0.0361]), array([0.47149286, 0.03302857]), 0.7854, 1.0]
[20, array([0.4776, 0.0361]), array([0.47164524, 0.03302857]), 0.7854, 1.0]
[20, array([0.4776, 0.0361]), array([0.47179762, 0.03302857]), 0.7854, 1.0]
[20, array([0.4776, 0.0361]), array([0.47195   , 0.03302857]), 0.7854, 1.0]
[20, array([0.4776, 0.0361]), array([0.46875   , 0.03318095]), 0.7854, 1.0]
[20, array([0.4776, 0.0361]), array([0.46890238, 0.03318095]), 0.7854, 1.0]
[20, array([0.4776, 0.0361]), array([0.46905476, 0.03318095]), 0.7854, 1.0]
[20, array([0.4776, 0.0361]), array([0.46920714, 0.03318095]), 0.7854, 1.0]
[20, array([0.4776, 0.0361]), array([0.46935952, 0.03318095]), 0.7854, 1.0]
[20, array([0.4776, 0.0361]), array([0.4695119 , 0.03318095]), 0.7854, 1.0]
[20, array([0.4776, 0.0361]), array([0.46966429, 0.03318095]), 0.7854, 1.0]
[20, array([0.4776, 0.0361]), array([0.46981667, 0.03318095]), 0.7854, 1.0]
[20, array([0.4776, 0.0361]), array([0.46996905, 0.03318095]), 0.7854, 1.0]
[20, array([0.4776, 0.0361]), array([0.47012143, 0.03318095]), 0.7854, 1.0]
[20, array([0.4776, 0.0361]), array([0.47027381, 0.03318095]), 0.7854, 1.0]
[20, array([0.4776, 0.0361]), array([0.47042619, 0.03318095]), 0.7854, 1.0]
[20, array([0.4776, 0.0361]), array([0.47057857, 0.03318095]), 0.7854, 1.0]
[20, array([0.4776, 0.0361]), array([0.47073095, 0.03318095]), 0.7854, 1.0]
[20, array([0.4776, 0.0361]), array([0.47088333, 0.03318095]), 0.7854, 1.0]
[20, array([0.4776, 0.0361]), array([0.47103571, 0.03318095]), 0.7854, 1.0]
[20, array([0.4776, 0.0361]), array([0.4711881 , 0.03318095]), 0.7854, 1.0]
[20, array([0.4776, 0.0361]), array([0.47134048, 0.03318095]), 0.7854, 1.0]
[20, array([0.4776, 0.0361]), array([0.47149286, 0.03318095]), 0.7854, 1.0]
[20, array([0.4776, 0.0361]), array([0.47164524, 0.03318095]), 0.7854, 1.0]
[20, array([0.4776, 0.0361]), array([0.47179762, 0.03318095]), 0.7854, 1.0]
[20, array([0.4776, 0.0361]), array([0.47195   , 0.03318095]), 0.7854, 1.0]
[20, array([0.4776, 0.0361]), array([0.46875   , 0.03333333]), 0.7854, 1.0]
[20, array([0.4776, 0.0361]), array([0.46890238, 0.03333333]), 0.7854, 1.0]
[20, array([0.4776, 0.0361]), array([0.46905476, 0.03333333]), 0.7854, 1.0]
[20, array([0.4776, 0.0361]), array([0.46920714, 0.03333333]), 0.7854, 1.0]
[20, array([0.4776, 0.0361]), array([0.46935952, 0.03333333]), 0.7854, 1.0]
[20, array([0.4776, 0.0361]), array([0.4695119 , 0.03333333]), 0.7854, 1.0]
[20, array([0.4776, 0.0361]), array([0.46966429, 0.03333333]), 0.7854, 1.0]
[20, array([0.4776, 0.0361]), array([0.46981667, 0.03333333]), 0.7854, 1.0]
[20, array([0.4776, 0.0361]), array([0.46996905, 0.03333333]), 0.7854, 1.0]
[20, array([0.4776, 0.0361]), array([0.47012143, 0.03333333]), 0.7854, 1.0]
[20, array([0.4776, 0.0361]), array([0.47027381, 0.03333333]), 0.7854, 1.0]
[20, array([0.4776, 0.0361]), array([0.47042619, 0.03333333]), 0.7854, 1.0]
[20, array([0.4776, 0.0361]), array([0.47057857, 0.03333333]), 0.7854, 1.0]
[20, array([0.4776, 0.0361]), array([0.47073095, 0.03333333]), 0.7854, 1.0]
[20, array([0.4776, 0.0361]), array([0.47088333, 0.03333333]), 0.7854, 1.0]
[20, array([0.4776, 0.0361]), array([0.47103571, 0.03333333]), 0.7854, 1.0]
[20, array([0.4776, 0.0361]), array([0.4711881 , 0.03333333]), 0.7854, 1.0]
[20, array([0.4776, 0.0361]), array([0.47134048, 0.03333333]), 0.7854, 1.0]
[20, array([0.4776, 0.0361]), array([0.47149286, 0.03333333]), 0.7854, 1.0]
[20, array([0.4776, 0.0361]), array([0.47164524, 0.03333333]), 0.7854, 1.0]
[20, array([0.4776, 0.0361]), array([0.47179762, 0.03333333]), 0.7854, 1.0]
[20, array([0.4776, 0.0361]), array([0.47195   , 0.03333333]), 0.7854, 1.0]
[20, array([0.4776, 0.0361]), array([0.46875   , 0.03348571]), 0.7854, 1.0]
[20, array([0.4776, 0.0361]), array([0.46890238, 0.03348571]), 0.7854, 1.0]
[20, array([0.4776, 0.0361]), array([0.46905476, 0.03348571]), 0.7854, 1.0]
[20, array([0.4776, 0.0361]), array([0.46920714, 0.03348571]), 0.7854, 1.0]
[20, array([0.4776, 0.0361]), array([0.46935952, 0.03348571]), 0.7854, 1.0]
[20, array([0.4776, 0.0361]), array([0.4695119 , 0.03348571]), 0.7854, 0.0]
[20, array([0.4776, 0.0361]), array([0.46966429, 0.03348571]), 0.7854, 1.0]
[20, array([0.4776, 0.0361]), array([0.46981667, 0.03348571]), 0.7854, 1.0]
[20, array([0.4776, 0.0361]), array([0.46996905, 0.03348571]), 0.7854, 1.0]
[20, array([0.4776, 0.0361]), array([0.47012143, 0.03348571]), 0.7854, 1.0]
[20, array([0.4776, 0.0361]), array([0.47027381, 0.03348571]), 0.7854, 1.0]
[20, array([0.4776, 0.0361]), array([0.47042619, 0.03348571]), 0.7854, 1.0]
[20, array([0.4776, 0.0361]), array([0.47057857, 0.03348571]), 0.7854, 1.0]
[20, array([0.4776, 0.0361]), array([0.47073095, 0.03348571]), 0.7854, 1.0]
[20, array([0.4776, 0.0361]), array([0.47088333, 0.03348571]), 0.7854, 1.0]
[20, array([0.4776, 0.0361]), array([0.47103571, 0.03348571]), 0.7854, 1.0]
[20, array([0.4776, 0.0361]), array([0.4711881 , 0.03348571]), 0.7854, 1.0]
[20, array([0.4776, 0.0361]), array([0.47134048, 0.03348571]), 0.7854, 1.0]
[20, array([0.4776, 0.0361]), array([0.47149286, 0.03348571]), 0.7854, 1.0]
[20, array([0.4776, 0.0361]), array([0.47164524, 0.03348571]), 0.7854, 1.0]
[20, array([0.4776, 0.0361]), array([0.47179762, 0.03348571]), 0.7854, 1.0]
[20, array([0.4776, 0.0361]), array([0.47195   , 0.03348571]), 0.7854, 1.0]
[20, array([0.4776, 0.0361]), array([0.46875  , 0.0336381]), 0.7854, 0.0]
[20, array([0.4776, 0.0361]), array([0.46890238, 0.0336381 ]), 0.7854, 1.0]
[20, array([0.4776, 0.0361]), array([0.46905476, 0.0336381 ]), 0.7854, 1.0]
[20, array([0.4776, 0.0361]), array([0.46920714, 0.0336381 ]), 0.7854, 1.0]
[20, array([0.4776, 0.0361]), array([0.46935952, 0.0336381 ]), 0.7854, 1.0]
[20, array([0.4776, 0.0361]), array([0.4695119, 0.0336381]), 0.7854, 0.0]
[20, array([0.4776, 0.0361]), array([0.46966429, 0.0336381 ]), 0.7854, 0.0]
[20, array([0.4776, 0.0361]), array([0.46981667, 0.0336381 ]), 0.7854, 0.0]
[20, array([0.4776, 0.0361]), array([0.46996905, 0.0336381 ]), 0.7854, 1.0]
[20, array([0.4776, 0.0361]), array([0.47012143, 0.0336381 ]), 0.7854, 1.0]
[20, array([0.4776, 0.0361]), array([0.47027381, 0.0336381 ]), 0.7854, 1.0]
[20, array([0.4776, 0.0361]), array([0.47042619, 0.0336381 ]), 0.7854, 1.0]
[20, array([0.4776, 0.0361]), array([0.47057857, 0.0336381 ]), 0.7854, 1.0]
[20, array([0.4776, 0.0361]), array([0.47073095, 0.0336381 ]), 0.7854, 1.0]
[20, array([0.4776, 0.0361]), array([0.47088333, 0.0336381 ]), 0.7854, 1.0]
[20, array([0.4776, 0.0361]), array([0.47103571, 0.0336381 ]), 0.7854, 1.0]
[20, array([0.4776, 0.0361]), array([0.4711881, 0.0336381]), 0.7854, 1.0]
[20, array([0.4776, 0.0361]), array([0.47134048, 0.0336381 ]), 0.7854, 1.0]
[20, array([0.4776, 0.0361]), array([0.47149286, 0.0336381 ]), 0.7854, 1.0]
[20, array([0.4776, 0.0361]), array([0.47164524, 0.0336381 ]), 0.7854, 1.0]
[20, array([0.4776, 0.0361]), array([0.47179762, 0.0336381 ]), 0.7854, 1.0]
[20, array([0.4776, 0.0361]), array([0.47195  , 0.0336381]), 0.7854, 1.0]
[20, array([0.4776, 0.0361]), array([0.46875   , 0.03379048]), 0.7854, 0.0]
[20, array([0.4776, 0.0361]), array([0.46890238, 0.03379048]), 0.7854, 0.0]
[20, array([0.4776, 0.0361]), array([0.46905476, 0.03379048]), 0.7854, 1.0]
[20, array([0.4776, 0.0361]), array([0.46920714, 0.03379048]), 0.7854, 1.0]
[20, array([0.4776, 0.0361]), array([0.46935952, 0.03379048]), 0.7854, 1.0]
[20, array([0.4776, 0.0361]), array([0.4695119 , 0.03379048]), 0.7854, 1.0]
[20, array([0.4776, 0.0361]), array([0.46966429, 0.03379048]), 0.7854, 0.0]
[20, array([0.4776, 0.0361]), array([0.46981667, 0.03379048]), 0.7854, 0.0]
[20, array([0.4776, 0.0361]), array([0.46996905, 0.03379048]), 0.7854, 0.0]
[20, array([0.4776, 0.0361]), array([0.47012143, 0.03379048]), 0.7854, 1.0]
[20, array([0.4776, 0.0361]), array([0.47027381, 0.03379048]), 0.7854, 1.0]
[20, array([0.4776, 0.0361]), array([0.47042619, 0.03379048]), 0.7854, 1.0]
[20, array([0.4776, 0.0361]), array([0.47057857, 0.03379048]), 0.7854, 1.0]
[20, array([0.4776, 0.0361]), array([0.47073095, 0.03379048]), 0.7854, 1.0]
[20, array([0.4776, 0.0361]), array([0.47088333, 0.03379048]), 0.7854, 1.0]
[20, array([0.4776, 0.0361]), array([0.47103571, 0.03379048]), 0.7854, 1.0]
[20, array([0.4776, 0.0361]), array([0.4711881 , 0.03379048]), 0.7854, 1.0]
[20, array([0.4776, 0.0361]), array([0.47134048, 0.03379048]), 0.7854, 1.0]
[20, array([0.4776, 0.0361]), array([0.47149286, 0.03379048]), 0.7854, 1.0]
[20, array([0.4776, 0.0361]), array([0.47164524, 0.03379048]), 0.7854, 1.0]
[20, array([0.4776, 0.0361]), array([0.47179762, 0.03379048]), 0.7854, 1.0]
[20, array([0.4776, 0.0361]), array([0.47195   , 0.03379048]), 0.7854, 1.0]
[20, array([0.4776, 0.0361]), array([0.46875   , 0.03394286]), 0.7854, 0.0]
[20, array([0.4776, 0.0361]), array([0.46890238, 0.03394286]), 0.7854, 0.0]
[20, array([0.4776, 0.0361]), array([0.46905476, 0.03394286]), 0.7854, 0.0]
[20, array([0.4776, 0.0361]), array([0.46920714, 0.03394286]), 0.7854, 1.0]
[20, array([0.4776, 0.0361]), array([0.46935952, 0.03394286]), 0.7854, 0.0]
[20, array([0.4776, 0.0361]), array([0.4695119 , 0.03394286]), 0.7854, 0.0]
[20, array([0.4776, 0.0361]), array([0.46966429, 0.03394286]), 0.7854, 0.0]
[20, array([0.4776, 0.0361]), array([0.46981667, 0.03394286]), 0.7854, 0.0]
[20, array([0.4776, 0.0361]), array([0.46996905, 0.03394286]), 0.7854, 0.0]
[20, array([0.4776, 0.0361]), array([0.47012143, 0.03394286]), 0.7854, 0.0]
[20, array([0.4776, 0.0361]), array([0.47027381, 0.03394286]), 0.7854, 0.0]
[20, array([0.4776, 0.0361]), array([0.47042619, 0.03394286]), 0.7854, 1.0]
[20, array([0.4776, 0.0361]), array([0.47057857, 0.03394286]), 0.7854, 1.0]
[20, array([0.4776, 0.0361]), array([0.47073095, 0.03394286]), 0.7854, 1.0]
[20, array([0.4776, 0.0361]), array([0.47088333, 0.03394286]), 0.7854, 1.0]
[20, array([0.4776, 0.0361]), array([0.47103571, 0.03394286]), 0.7854, 1.0]
[20, array([0.4776, 0.0361]), array([0.4711881 , 0.03394286]), 0.7854, 1.0]
[20, array([0.4776, 0.0361]), array([0.47134048, 0.03394286]), 0.7854, 1.0]
[20, array([0.4776, 0.0361]), array([0.47149286, 0.03394286]), 0.7854, 1.0]
[20, array([0.4776, 0.0361]), array([0.47164524, 0.03394286]), 0.7854, 1.0]
[20, array([0.4776, 0.0361]), array([0.47179762, 0.03394286]), 0.7854, 1.0]
[20, array([0.4776, 0.0361]), array([0.47195   , 0.03394286]), 0.7854, 1.0]
[20, array([0.4776, 0.0361]), array([0.46875   , 0.03409524]), 0.7854, 0.0]
[20, array([0.4776, 0.0361]), array([0.46890238, 0.03409524]), 0.7854, 0.0]
[20, array([0.4776, 0.0361]), array([0.46905476, 0.03409524]), 0.7854, 0.0]
[20, array([0.4776, 0.0361]), array([0.46920714, 0.03409524]), 0.7854, 1.0]
[20, array([0.4776, 0.0361]), array([0.46935952, 0.03409524]), 0.7854, 1.0]
[20, array([0.4776, 0.0361]), array([0.4695119 , 0.03409524]), 0.7854, 0.0]
[20, array([0.4776, 0.0361]), array([0.46966429, 0.03409524]), 0.7854, 0.0]
[20, array([0.4776, 0.0361]), array([0.46981667, 0.03409524]), 0.7854, 0.0]
[20, array([0.4776, 0.0361]), array([0.46996905, 0.03409524]), 0.7854, 0.0]
[20, array([0.4776, 0.0361]), array([0.47012143, 0.03409524]), 0.7854, 0.0]
[20, array([0.4776, 0.0361]), array([0.47027381, 0.03409524]), 0.7854, 0.0]
[20, array([0.4776, 0.0361]), array([0.47042619, 0.03409524]), 0.7854, 1.0]
[20, array([0.4776, 0.0361]), array([0.47057857, 0.03409524]), 0.7854, 1.0]
[20, array([0.4776, 0.0361]), array([0.47073095, 0.03409524]), 0.7854, 1.0]
[20, array([0.4776, 0.0361]), array([0.47088333, 0.03409524]), 0.7854, 1.0]
[20, array([0.4776, 0.0361]), array([0.47103571, 0.03409524]), 0.7854, 1.0]
[20, array([0.4776, 0.0361]), array([0.4711881 , 0.03409524]), 0.7854, 1.0]
[20, array([0.4776, 0.0361]), array([0.47134048, 0.03409524]), 0.7854, 1.0]
[20, array([0.4776, 0.0361]), array([0.47149286, 0.03409524]), 0.7854, 1.0]
[20, array([0.4776, 0.0361]), array([0.47164524, 0.03409524]), 0.7854, 1.0]
[20, array([0.4776, 0.0361]), array([0.47179762, 0.03409524]), 0.7854, 1.0]
[20, array([0.4776, 0.0361]), array([0.47195   , 0.03409524]), 0.7854, 1.0]
[20, array([0.4776, 0.0361]), array([0.46875   , 0.03424762]), 0.7854, 0.0]
[20, array([0.4776, 0.0361]), array([0.46890238, 0.03424762]), 0.7854, 0.0]
[20, array([0.4776, 0.0361]), array([0.46905476, 0.03424762]), 0.7854, 0.0]
[20, array([0.4776, 0.0361]), array([0.46920714, 0.03424762]), 0.7854, 0.0]
[20, array([0.4776, 0.0361]), array([0.46935952, 0.03424762]), 0.7854, 1.0]
[20, array([0.4776, 0.0361]), array([0.4695119 , 0.03424762]), 0.7854, 1.0]
[20, array([0.4776, 0.0361]), array([0.46966429, 0.03424762]), 0.7854, 0.0]
[20, array([0.4776, 0.0361]), array([0.46981667, 0.03424762]), 0.7854, 0.0]
[20, array([0.4776, 0.0361]), array([0.46996905, 0.03424762]), 0.7854, 0.0]
[20, array([0.4776, 0.0361]), array([0.47012143, 0.03424762]), 0.7854, 0.0]
[20, array([0.4776, 0.0361]), array([0.47027381, 0.03424762]), 0.7854, 0.0]
[20, array([0.4776, 0.0361]), array([0.47042619, 0.03424762]), 0.7854, 1.0]
[20, array([0.4776, 0.0361]), array([0.47057857, 0.03424762]), 0.7854, 1.0]
[20, array([0.4776, 0.0361]), array([0.47073095, 0.03424762]), 0.7854, 1.0]
[20, array([0.4776, 0.0361]), array([0.47088333, 0.03424762]), 0.7854, 1.0]
[20, array([0.4776, 0.0361]), array([0.47103571, 0.03424762]), 0.7854, 1.0]
[20, array([0.4776, 0.0361]), array([0.4711881 , 0.03424762]), 0.7854, 1.0]
[20, array([0.4776, 0.0361]), array([0.47134048, 0.03424762]), 0.7854, 1.0]
[20, array([0.4776, 0.0361]), array([0.47149286, 0.03424762]), 0.7854, 1.0]
[20, array([0.4776, 0.0361]), array([0.47164524, 0.03424762]), 0.7854, 1.0]
[20, array([0.4776, 0.0361]), array([0.47179762, 0.03424762]), 0.7854, 1.0]
[20, array([0.4776, 0.0361]), array([0.47195   , 0.03424762]), 0.7854, 1.0]
[20, array([0.4776, 0.0361]), array([0.46875, 0.0344 ]), 0.7854, 0.0]
[20, array([0.4776, 0.0361]), array([0.46890238, 0.0344    ]), 0.7854, 0.0]
[20, array([0.4776, 0.0361]), array([0.46905476, 0.0344    ]), 0.7854, 0.0]
[20, array([0.4776, 0.0361]), array([0.46920714, 0.0344    ]), 0.7854, 0.0]
[20, array([0.4776, 0.0361]), array([0.46935952, 0.0344    ]), 0.7854, 0.0]
[20, array([0.4776, 0.0361]), array([0.4695119, 0.0344   ]), 0.7854, 1.0]
[20, array([0.4776, 0.0361]), array([0.46966429, 0.0344    ]), 0.7854, 0.0]
[20, array([0.4776, 0.0361]), array([0.46981667, 0.0344    ]), 0.7854, 0.0]
[20, array([0.4776, 0.0361]), array([0.46996905, 0.0344    ]), 0.7854, 0.0]
[20, array([0.4776, 0.0361]), array([0.47012143, 0.0344    ]), 0.7854, 0.0]
[20, array([0.4776, 0.0361]), array([0.47027381, 0.0344    ]), 0.7854, 0.0]
[20, array([0.4776, 0.0361]), array([0.47042619, 0.0344    ]), 0.7854, 0.0]
[20, array([0.4776, 0.0361]), array([0.47057857, 0.0344    ]), 0.7854, 1.0]
[20, array([0.4776, 0.0361]), array([0.47073095, 0.0344    ]), 0.7854, 1.0]
[20, array([0.4776, 0.0361]), array([0.47088333, 0.0344    ]), 0.7854, 1.0]
[20, array([0.4776, 0.0361]), array([0.47103571, 0.0344    ]), 0.7854, 1.0]
[20, array([0.4776, 0.0361]), array([0.4711881, 0.0344   ]), 0.7854, 1.0]
[20, array([0.4776, 0.0361]), array([0.47134048, 0.0344    ]), 0.7854, 1.0]
[20, array([0.4776, 0.0361]), array([0.47149286, 0.0344    ]), 0.7854, 1.0]
[20, array([0.4776, 0.0361]), array([0.47164524, 0.0344    ]), 0.7854, 1.0]
[20, array([0.4776, 0.0361]), array([0.47179762, 0.0344    ]), 0.7854, 1.0]
[20, array([0.4776, 0.0361]), array([0.47195, 0.0344 ]), 0.7854, 1.0]
[20, array([0.5014, 0.0479]), array([0.4906 , 0.03905]), 0.7854, 1.0]
[20, array([0.5014, 0.0479]), array([0.4909 , 0.03905]), 0.7854, 1.0]
[20, array([0.5014, 0.0479]), array([0.4912 , 0.03905]), 0.7854, 0.0]
[20, array([0.5014, 0.0479]), array([0.4915 , 0.03905]), 0.7854, 1.0]
[20, array([0.5014, 0.0479]), array([0.4918 , 0.03905]), 0.7854, 0.0]
[20, array([0.5014, 0.0479]), array([0.4921 , 0.03905]), 0.7854, 0.0]
[20, array([0.5014, 0.0479]), array([0.4924 , 0.03905]), 0.7854, 1.0]
[20, array([0.5014, 0.0479]), array([0.4927 , 0.03905]), 0.7854, 1.0]
[20, array([0.5014, 0.0479]), array([0.493  , 0.03905]), 0.7854, 1.0]
[20, array([0.5014, 0.0479]), array([0.4933 , 0.03905]), 0.7854, 1.0]
[20, array([0.5014, 0.0479]), array([0.4936 , 0.03905]), 0.7854, 1.0]
[20, array([0.5014, 0.0479]), array([0.4939 , 0.03905]), 0.7854, 1.0]
[20, array([0.5014, 0.0479]), array([0.4942 , 0.03905]), 0.7854, 1.0]
[20, array([0.5014, 0.0479]), array([0.4945 , 0.03905]), 0.7854, 1.0]
[20, array([0.5014, 0.0479]), array([0.4948 , 0.03905]), 0.7854, 1.0]
[20, array([0.5014, 0.0479]), array([0.4951 , 0.03905]), 0.7854, 1.0]
[20, array([0.5014, 0.0479]), array([0.4954 , 0.03905]), 0.7854, 1.0]
[20, array([0.5014, 0.0479]), array([0.4957 , 0.03905]), 0.7854, 1.0]
[20, array([0.5014, 0.0479]), array([0.496  , 0.03905]), 0.7854, 0.0]
[20, array([0.5014, 0.0479]), array([0.4963 , 0.03905]), 0.7854, 1.0]
[20, array([0.5014, 0.0479]), array([0.4966 , 0.03905]), 0.7854, 1.0]
[20, array([0.5014, 0.0479]), array([0.4969 , 0.03905]), 0.7854, 1.0]
[20, array([0.5014, 0.0479]), array([0.4906 , 0.03935]), 0.7854, 1.0]
[20, array([0.5014, 0.0479]), array([0.4909 , 0.03935]), 0.7854, 1.0]
[20, array([0.5014, 0.0479]), array([0.4912 , 0.03935]), 0.7854, 0.0]
[20, array([0.5014, 0.0479]), array([0.4915 , 0.03935]), 0.7854, 0.0]
[20, array([0.5014, 0.0479]), array([0.4918 , 0.03935]), 0.7854, 1.0]
[20, array([0.5014, 0.0479]), array([0.4921 , 0.03935]), 0.7854, 1.0]
[20, array([0.5014, 0.0479]), array([0.4924 , 0.03935]), 0.7854, 1.0]
[20, array([0.5014, 0.0479]), array([0.4927 , 0.03935]), 0.7854, 1.0]
[20, array([0.5014, 0.0479]), array([0.493  , 0.03935]), 0.7854, 1.0]
[20, array([0.5014, 0.0479]), array([0.4933 , 0.03935]), 0.7854, 1.0]
[20, array([0.5014, 0.0479]), array([0.4936 , 0.03935]), 0.7854, 1.0]
[20, array([0.5014, 0.0479]), array([0.4939 , 0.03935]), 0.7854, 1.0]
[20, array([0.5014, 0.0479]), array([0.4942 , 0.03935]), 0.7854, 1.0]
[20, array([0.5014, 0.0479]), array([0.4945 , 0.03935]), 0.7854, 0.0]
[20, array([0.5014, 0.0479]), array([0.4948 , 0.03935]), 0.7854, 0.0]
[20, array([0.5014, 0.0479]), array([0.4951 , 0.03935]), 0.7854, 0.0]
[20, array([0.5014, 0.0479]), array([0.4954 , 0.03935]), 0.7854, 1.0]
[20, array([0.5014, 0.0479]), array([0.4957 , 0.03935]), 0.7854, 0.0]
[20, array([0.5014, 0.0479]), array([0.496  , 0.03935]), 0.7854, 0.0]
[20, array([0.5014, 0.0479]), array([0.4963 , 0.03935]), 0.7854, 1.0]
[20, array([0.5014, 0.0479]), array([0.4966 , 0.03935]), 0.7854, 1.0]
[20, array([0.5014, 0.0479]), array([0.4969 , 0.03935]), 0.7854, 1.0]
[20, array([0.5014, 0.0479]), array([0.4906 , 0.03965]), 0.7854, 1.0]
[20, array([0.5014, 0.0479]), array([0.4909 , 0.03965]), 0.7854, 0.0]
[20, array([0.5014, 0.0479]), array([0.4912 , 0.03965]), 0.7854, 1.0]
[20, array([0.5014, 0.0479]), array([0.4915 , 0.03965]), 0.7854, 1.0]
[20, array([0.5014, 0.0479]), array([0.4918 , 0.03965]), 0.7854, 1.0]
[20, array([0.5014, 0.0479]), array([0.4921 , 0.03965]), 0.7854, 1.0]
[20, array([0.5014, 0.0479]), array([0.4924 , 0.03965]), 0.7854, 1.0]
[20, array([0.5014, 0.0479]), array([0.4927 , 0.03965]), 0.7854, 1.0]
[20, array([0.5014, 0.0479]), array([0.493  , 0.03965]), 0.7854, 1.0]
[20, array([0.5014, 0.0479]), array([0.4933 , 0.03965]), 0.7854, 1.0]
[20, array([0.5014, 0.0479]), array([0.4936 , 0.03965]), 0.7854, 1.0]
[20, array([0.5014, 0.0479]), array([0.4939 , 0.03965]), 0.7854, 1.0]
[20, array([0.5014, 0.0479]), array([0.4942 , 0.03965]), 0.7854, 0.0]
[20, array([0.5014, 0.0479]), array([0.4945 , 0.03965]), 0.7854, 0.0]
[20, array([0.5014, 0.0479]), array([0.4948 , 0.03965]), 0.7854, 0.0]
[20, array([0.5014, 0.0479]), array([0.4951 , 0.03965]), 0.7854, 0.0]
[20, array([0.5014, 0.0479]), array([0.4954 , 0.03965]), 0.7854, 0.0]
[20, array([0.5014, 0.0479]), array([0.4957 , 0.03965]), 0.7854, 1.0]
[20, array([0.5014, 0.0479]), array([0.496  , 0.03965]), 0.7854, 1.0]
[20, array([0.5014, 0.0479]), array([0.4963 , 0.03965]), 0.7854, 0.0]
[20, array([0.5014, 0.0479]), array([0.4966 , 0.03965]), 0.7854, 1.0]
[20, array([0.5014, 0.0479]), array([0.4969 , 0.03965]), 0.7854, 1.0]
[20, array([0.5014, 0.0479]), array([0.4906 , 0.03995]), 0.7854, 1.0]
[20, array([0.5014, 0.0479]), array([0.4909 , 0.03995]), 0.7854, 0.0]
[20, array([0.5014, 0.0479]), array([0.4912 , 0.03995]), 0.7854, 0.0]
[20, array([0.5014, 0.0479]), array([0.4915 , 0.03995]), 0.7854, 1.0]
[20, array([0.5014, 0.0479]), array([0.4918 , 0.03995]), 0.7854, 1.0]
[20, array([0.5014, 0.0479]), array([0.4921 , 0.03995]), 0.7854, 1.0]
[20, array([0.5014, 0.0479]), array([0.4924 , 0.03995]), 0.7854, 1.0]
[20, array([0.5014, 0.0479]), array([0.4927 , 0.03995]), 0.7854, 1.0]
[20, array([0.5014, 0.0479]), array([0.493  , 0.03995]), 0.7854, 1.0]
[20, array([0.5014, 0.0479]), array([0.4933 , 0.03995]), 0.7854, 1.0]
[20, array([0.5014, 0.0479]), array([0.4936 , 0.03995]), 0.7854, 1.0]
[20, array([0.5014, 0.0479]), array([0.4939 , 0.03995]), 0.7854, 1.0]
[20, array([0.5014, 0.0479]), array([0.4942 , 0.03995]), 0.7854, 0.0]
[20, array([0.5014, 0.0479]), array([0.4945 , 0.03995]), 0.7854, 0.0]
[20, array([0.5014, 0.0479]), array([0.4948 , 0.03995]), 0.7854, 0.0]
[20, array([0.5014, 0.0479]), array([0.4951 , 0.03995]), 0.7854, 0.0]
[20, array([0.5014, 0.0479]), array([0.4954 , 0.03995]), 0.7854, 1.0]
[20, array([0.5014, 0.0479]), array([0.4957 , 0.03995]), 0.7854, 1.0]
[20, array([0.5014, 0.0479]), array([0.496  , 0.03995]), 0.7854, 1.0]
[20, array([0.5014, 0.0479]), array([0.4963 , 0.03995]), 0.7854, 0.0]
[20, array([0.5014, 0.0479]), array([0.4966 , 0.03995]), 0.7854, 0.0]
[20, array([0.5014, 0.0479]), array([0.4969 , 0.03995]), 0.7854, 1.0]
[20, array([0.5014, 0.0479]), array([0.4906 , 0.04025]), 0.7854, 1.0]
[20, array([0.5014, 0.0479]), array([0.4909 , 0.04025]), 0.7854, 0.0]
[20, array([0.5014, 0.0479]), array([0.4912 , 0.04025]), 0.7854, 1.0]
[20, array([0.5014, 0.0479]), array([0.4915 , 0.04025]), 0.7854, 1.0]
[20, array([0.5014, 0.0479]), array([0.4918 , 0.04025]), 0.7854, 1.0]
[20, array([0.5014, 0.0479]), array([0.4921 , 0.04025]), 0.7854, 1.0]
[20, array([0.5014, 0.0479]), array([0.4924 , 0.04025]), 0.7854, 1.0]
[20, array([0.5014, 0.0479]), array([0.4927 , 0.04025]), 0.7854, 1.0]
[20, array([0.5014, 0.0479]), array([0.493  , 0.04025]), 0.7854, 1.0]
[20, array([0.5014, 0.0479]), array([0.4933 , 0.04025]), 0.7854, 1.0]
[20, array([0.5014, 0.0479]), array([0.4936 , 0.04025]), 0.7854, 1.0]
[20, array([0.5014, 0.0479]), array([0.4939 , 0.04025]), 0.7854, 1.0]
[20, array([0.5014, 0.0479]), array([0.4942 , 0.04025]), 0.7854, 0.0]
[20, array([0.5014, 0.0479]), array([0.4945 , 0.04025]), 0.7854, 0.0]
[20, array([0.5014, 0.0479]), array([0.4948 , 0.04025]), 0.7854, 0.0]
[20, array([0.5014, 0.0479]), array([0.4951 , 0.04025]), 0.7854, 1.0]
[20, array([0.5014, 0.0479]), array([0.4954 , 0.04025]), 0.7854, 1.0]
[20, array([0.5014, 0.0479]), array([0.4957 , 0.04025]), 0.7854, 0.0]
[20, array([0.5014, 0.0479]), array([0.496  , 0.04025]), 0.7854, 0.0]
[20, array([0.5014, 0.0479]), array([0.4963 , 0.04025]), 0.7854, 0.0]
[20, array([0.5014, 0.0479]), array([0.4966 , 0.04025]), 0.7854, 0.0]
[20, array([0.5014, 0.0479]), array([0.4969 , 0.04025]), 0.7854, 1.0]
[20, array([0.5014, 0.0479]), array([0.4906 , 0.04055]), 0.7854, 0.0]
[20, array([0.5014, 0.0479]), array([0.4909 , 0.04055]), 0.7854, 0.0]
[20, array([0.5014, 0.0479]), array([0.4912 , 0.04055]), 0.7854, 0.0]
[20, array([0.5014, 0.0479]), array([0.4915 , 0.04055]), 0.7854, 1.0]
[20, array([0.5014, 0.0479]), array([0.4918 , 0.04055]), 0.7854, 1.0]
[20, array([0.5014, 0.0479]), array([0.4921 , 0.04055]), 0.7854, 1.0]
[20, array([0.5014, 0.0479]), array([0.4924 , 0.04055]), 0.7854, 1.0]
[20, array([0.5014, 0.0479]), array([0.4927 , 0.04055]), 0.7854, 1.0]
[20, array([0.5014, 0.0479]), array([0.493  , 0.04055]), 0.7854, 1.0]
[20, array([0.5014, 0.0479]), array([0.4933 , 0.04055]), 0.7854, 1.0]
[20, array([0.5014, 0.0479]), array([0.4936 , 0.04055]), 0.7854, 1.0]
[20, array([0.5014, 0.0479]), array([0.4939 , 0.04055]), 0.7854, 1.0]
[20, array([0.5014, 0.0479]), array([0.4942 , 0.04055]), 0.7854, 1.0]
[20, array([0.5014, 0.0479]), array([0.4945 , 0.04055]), 0.7854, 1.0]
[20, array([0.5014, 0.0479]), array([0.4948 , 0.04055]), 0.7854, 1.0]
[20, array([0.5014, 0.0479]), array([0.4951 , 0.04055]), 0.7854, 0.0]
[20, array([0.5014, 0.0479]), array([0.4954 , 0.04055]), 0.7854, 0.0]
[20, array([0.5014, 0.0479]), array([0.4957 , 0.04055]), 0.7854, 0.0]
[20, array([0.5014, 0.0479]), array([0.496  , 0.04055]), 0.7854, 0.0]
[20, array([0.5014, 0.0479]), array([0.4963 , 0.04055]), 0.7854, 0.0]
[20, array([0.5014, 0.0479]), array([0.4966 , 0.04055]), 0.7854, 0.0]
[20, array([0.5014, 0.0479]), array([0.4969 , 0.04055]), 0.7854, 0.0]
[20, array([0.5014, 0.0479]), array([0.4906 , 0.04085]), 0.7854, 0.0]
[20, array([0.5014, 0.0479]), array([0.4909 , 0.04085]), 0.7854, 0.0]
[20, array([0.5014, 0.0479]), array([0.4912 , 0.04085]), 0.7854, 1.0]
[20, array([0.5014, 0.0479]), array([0.4915 , 0.04085]), 0.7854, 1.0]
[20, array([0.5014, 0.0479]), array([0.4918 , 0.04085]), 0.7854, 1.0]
[20, array([0.5014, 0.0479]), array([0.4921 , 0.04085]), 0.7854, 1.0]
[20, array([0.5014, 0.0479]), array([0.4924 , 0.04085]), 0.7854, 1.0]
[20, array([0.5014, 0.0479]), array([0.4927 , 0.04085]), 0.7854, 1.0]
[20, array([0.5014, 0.0479]), array([0.493  , 0.04085]), 0.7854, 1.0]
[20, array([0.5014, 0.0479]), array([0.4933 , 0.04085]), 0.7854, 1.0]
[20, array([0.5014, 0.0479]), array([0.4936 , 0.04085]), 0.7854, 1.0]
[20, array([0.5014, 0.0479]), array([0.4939 , 0.04085]), 0.7854, 1.0]
[20, array([0.5014, 0.0479]), array([0.4942 , 0.04085]), 0.7854, 1.0]
[20, array([0.5014, 0.0479]), array([0.4945 , 0.04085]), 0.7854, 1.0]
[20, array([0.5014, 0.0479]), array([0.4948 , 0.04085]), 0.7854, 0.0]
[20, array([0.5014, 0.0479]), array([0.4951 , 0.04085]), 0.7854, 0.0]
[20, array([0.5014, 0.0479]), array([0.4954 , 0.04085]), 0.7854, 0.0]
[20, array([0.5014, 0.0479]), array([0.4957 , 0.04085]), 0.7854, 0.0]
[20, array([0.5014, 0.0479]), array([0.496  , 0.04085]), 0.7854, 0.0]
[20, array([0.5014, 0.0479]), array([0.4963 , 0.04085]), 0.7854, 0.0]
[20, array([0.5014, 0.0479]), array([0.4966 , 0.04085]), 0.7854, 0.0]
[20, array([0.5014, 0.0479]), array([0.4969 , 0.04085]), 0.7854, 0.0]
[20, array([0.5014, 0.0479]), array([0.4906 , 0.04115]), 0.7854, 0.0]
[20, array([0.5014, 0.0479]), array([0.4909 , 0.04115]), 0.7854, 0.0]
[20, array([0.5014, 0.0479]), array([0.4912 , 0.04115]), 0.7854, 1.0]
[20, array([0.5014, 0.0479]), array([0.4915 , 0.04115]), 0.7854, 1.0]
[20, array([0.5014, 0.0479]), array([0.4918 , 0.04115]), 0.7854, 1.0]
[20, array([0.5014, 0.0479]), array([0.4921 , 0.04115]), 0.7854, 1.0]
[20, array([0.5014, 0.0479]), array([0.4924 , 0.04115]), 0.7854, 1.0]
[20, array([0.5014, 0.0479]), array([0.4927 , 0.04115]), 0.7854, 1.0]
[20, array([0.5014, 0.0479]), array([0.493  , 0.04115]), 0.7854, 1.0]
[20, array([0.5014, 0.0479]), array([0.4933 , 0.04115]), 0.7854, 1.0]
[20, array([0.5014, 0.0479]), array([0.4936 , 0.04115]), 0.7854, 1.0]
[20, array([0.5014, 0.0479]), array([0.4939 , 0.04115]), 0.7854, 1.0]
[20, array([0.5014, 0.0479]), array([0.4942 , 0.04115]), 0.7854, 1.0]
[20, array([0.5014, 0.0479]), array([0.4945 , 0.04115]), 0.7854, 1.0]
[20, array([0.5014, 0.0479]), array([0.4948 , 0.04115]), 0.7854, 1.0]
[20, array([0.5014, 0.0479]), array([0.4951 , 0.04115]), 0.7854, 0.0]
[20, array([0.5014, 0.0479]), array([0.4954 , 0.04115]), 0.7854, 0.0]
[20, array([0.5014, 0.0479]), array([0.4957 , 0.04115]), 0.7854, 0.0]
[20, array([0.5014, 0.0479]), array([0.496  , 0.04115]), 0.7854, 0.0]
[20, array([0.5014, 0.0479]), array([0.4963 , 0.04115]), 0.7854, 0.0]
[20, array([0.5014, 0.0479]), array([0.4966 , 0.04115]), 0.7854, 0.0]
[20, array([0.5014, 0.0479]), array([0.4969 , 0.04115]), 0.7854, 0.0]
[20, array([0.5014, 0.0479]), array([0.4906 , 0.04145]), 0.7854, 0.0]
[20, array([0.5014, 0.0479]), array([0.4909 , 0.04145]), 0.7854, 1.0]
[20, array([0.5014, 0.0479]), array([0.4912 , 0.04145]), 0.7854, 1.0]
[20, array([0.5014, 0.0479]), array([0.4915 , 0.04145]), 0.7854, 1.0]
[20, array([0.5014, 0.0479]), array([0.4918 , 0.04145]), 0.7854, 1.0]
[20, array([0.5014, 0.0479]), array([0.4921 , 0.04145]), 0.7854, 1.0]
[20, array([0.5014, 0.0479]), array([0.4924 , 0.04145]), 0.7854, 1.0]
[20, array([0.5014, 0.0479]), array([0.4927 , 0.04145]), 0.7854, 1.0]
[20, array([0.5014, 0.0479]), array([0.493  , 0.04145]), 0.7854, 1.0]
[20, array([0.5014, 0.0479]), array([0.4933 , 0.04145]), 0.7854, 1.0]
[20, array([0.5014, 0.0479]), array([0.4936 , 0.04145]), 0.7854, 1.0]
[20, array([0.5014, 0.0479]), array([0.4939 , 0.04145]), 0.7854, 1.0]
[20, array([0.5014, 0.0479]), array([0.4942 , 0.04145]), 0.7854, 1.0]
[20, array([0.5014, 0.0479]), array([0.4945 , 0.04145]), 0.7854, 1.0]
[20, array([0.5014, 0.0479]), array([0.4948 , 0.04145]), 0.7854, 1.0]
[20, array([0.5014, 0.0479]), array([0.4951 , 0.04145]), 0.7854, 0.0]
[20, array([0.5014, 0.0479]), array([0.4954 , 0.04145]), 0.7854, 1.0]
[20, array([0.5014, 0.0479]), array([0.4957 , 0.04145]), 0.7854, 1.0]
[20, array([0.5014, 0.0479]), array([0.496  , 0.04145]), 0.7854, 0.0]
[20, array([0.5014, 0.0479]), array([0.4963 , 0.04145]), 0.7854, 1.0]
[20, array([0.5014, 0.0479]), array([0.4966 , 0.04145]), 0.7854, 0.0]
[20, array([0.5014, 0.0479]), array([0.4969 , 0.04145]), 0.7854, 0.0]
[20, array([0.5014, 0.0479]), array([0.4906 , 0.04175]), 0.7854, 0.0]
[20, array([0.5014, 0.0479]), array([0.4909 , 0.04175]), 0.7854, 1.0]
[20, array([0.5014, 0.0479]), array([0.4912 , 0.04175]), 0.7854, 0.0]
[20, array([0.5014, 0.0479]), array([0.4915 , 0.04175]), 0.7854, 1.0]
[20, array([0.5014, 0.0479]), array([0.4918 , 0.04175]), 0.7854, 1.0]
[20, array([0.5014, 0.0479]), array([0.4921 , 0.04175]), 0.7854, 1.0]
[20, array([0.5014, 0.0479]), array([0.4924 , 0.04175]), 0.7854, 1.0]
[20, array([0.5014, 0.0479]), array([0.4927 , 0.04175]), 0.7854, 1.0]
[20, array([0.5014, 0.0479]), array([0.493  , 0.04175]), 0.7854, 1.0]
[20, array([0.5014, 0.0479]), array([0.4933 , 0.04175]), 0.7854, 1.0]
[20, array([0.5014, 0.0479]), array([0.4936 , 0.04175]), 0.7854, 1.0]
[20, array([0.5014, 0.0479]), array([0.4939 , 0.04175]), 0.7854, 1.0]
[20, array([0.5014, 0.0479]), array([0.4942 , 0.04175]), 0.7854, 1.0]
[20, array([0.5014, 0.0479]), array([0.4945 , 0.04175]), 0.7854, 1.0]
[20, array([0.5014, 0.0479]), array([0.4948 , 0.04175]), 0.7854, 1.0]
[20, array([0.5014, 0.0479]), array([0.4951 , 0.04175]), 0.7854, 0.0]
[20, array([0.5014, 0.0479]), array([0.4954 , 0.04175]), 0.7854, 0.0]
[20, array([0.5014, 0.0479]), array([0.4957 , 0.04175]), 0.7854, 0.0]
[20, array([0.5014, 0.0479]), array([0.496  , 0.04175]), 0.7854, 1.0]
[20, array([0.5014, 0.0479]), array([0.4963 , 0.04175]), 0.7854, 1.0]
[20, array([0.5014, 0.0479]), array([0.4966 , 0.04175]), 0.7854, 0.0]
[20, array([0.5014, 0.0479]), array([0.4969 , 0.04175]), 0.7854, 0.0]
[20, array([0.5014, 0.0479]), array([0.4906 , 0.04205]), 0.7854, 0.0]
[20, array([0.5014, 0.0479]), array([0.4909 , 0.04205]), 0.7854, 0.0]
[20, array([0.5014, 0.0479]), array([0.4912 , 0.04205]), 0.7854, 1.0]
[20, array([0.5014, 0.0479]), array([0.4915 , 0.04205]), 0.7854, 0.0]
[20, array([0.5014, 0.0479]), array([0.4918 , 0.04205]), 0.7854, 1.0]
[20, array([0.5014, 0.0479]), array([0.4921 , 0.04205]), 0.7854, 1.0]
[20, array([0.5014, 0.0479]), array([0.4924 , 0.04205]), 0.7854, 1.0]
[20, array([0.5014, 0.0479]), array([0.4927 , 0.04205]), 0.7854, 1.0]
[20, array([0.5014, 0.0479]), array([0.493  , 0.04205]), 0.7854, 1.0]
[20, array([0.5014, 0.0479]), array([0.4933 , 0.04205]), 0.7854, 1.0]
[20, array([0.5014, 0.0479]), array([0.4936 , 0.04205]), 0.7854, 1.0]
[20, array([0.5014, 0.0479]), array([0.4939 , 0.04205]), 0.7854, 1.0]
[20, array([0.5014, 0.0479]), array([0.4942 , 0.04205]), 0.7854, 1.0]
[20, array([0.5014, 0.0479]), array([0.4945 , 0.04205]), 0.7854, 1.0]
[20, array([0.5014, 0.0479]), array([0.4948 , 0.04205]), 0.7854, 1.0]
[20, array([0.5014, 0.0479]), array([0.4951 , 0.04205]), 0.7854, 1.0]
[20, array([0.5014, 0.0479]), array([0.4954 , 0.04205]), 0.7854, 1.0]
[20, array([0.5014, 0.0479]), array([0.4957 , 0.04205]), 0.7854, 0.0]
[20, array([0.5014, 0.0479]), array([0.496  , 0.04205]), 0.7854, 1.0]
[20, array([0.5014, 0.0479]), array([0.4963 , 0.04205]), 0.7854, 1.0]
[20, array([0.5014, 0.0479]), array([0.4966 , 0.04205]), 0.7854, 0.0]
[20, array([0.5014, 0.0479]), array([0.4969 , 0.04205]), 0.7854, 1.0]
[20, array([0.5014, 0.0479]), array([0.4906 , 0.04235]), 0.7854, 0.0]
[20, array([0.5014, 0.0479]), array([0.4909 , 0.04235]), 0.7854, 0.0]
[20, array([0.5014, 0.0479]), array([0.4912 , 0.04235]), 0.7854, 1.0]
[20, array([0.5014, 0.0479]), array([0.4915 , 0.04235]), 0.7854, 1.0]
[20, array([0.5014, 0.0479]), array([0.4918 , 0.04235]), 0.7854, 1.0]
[20, array([0.5014, 0.0479]), array([0.4921 , 0.04235]), 0.7854, 1.0]
[20, array([0.5014, 0.0479]), array([0.4924 , 0.04235]), 0.7854, 1.0]
[20, array([0.5014, 0.0479]), array([0.4927 , 0.04235]), 0.7854, 1.0]
[20, array([0.5014, 0.0479]), array([0.493  , 0.04235]), 0.7854, 1.0]
[20, array([0.5014, 0.0479]), array([0.4933 , 0.04235]), 0.7854, 1.0]
[20, array([0.5014, 0.0479]), array([0.4936 , 0.04235]), 0.7854, 1.0]
[20, array([0.5014, 0.0479]), array([0.4939 , 0.04235]), 0.7854, 1.0]
[20, array([0.5014, 0.0479]), array([0.4942 , 0.04235]), 0.7854, 1.0]
[20, array([0.5014, 0.0479]), array([0.4945 , 0.04235]), 0.7854, 1.0]
[20, array([0.5014, 0.0479]), array([0.4948 , 0.04235]), 0.7854, 1.0]
[20, array([0.5014, 0.0479]), array([0.4951 , 0.04235]), 0.7854, 1.0]
[20, array([0.5014, 0.0479]), array([0.4954 , 0.04235]), 0.7854, 1.0]
[20, array([0.5014, 0.0479]), array([0.4957 , 0.04235]), 0.7854, 1.0]
[20, array([0.5014, 0.0479]), array([0.496  , 0.04235]), 0.7854, 1.0]
[20, array([0.5014, 0.0479]), array([0.4963 , 0.04235]), 0.7854, 0.0]
[20, array([0.5014, 0.0479]), array([0.4966 , 0.04235]), 0.7854, 0.0]
[20, array([0.5014, 0.0479]), array([0.4969 , 0.04235]), 0.7854, 0.0]
[20, array([0.5014, 0.0479]), array([0.4906 , 0.04265]), 0.7854, 0.0]
[20, array([0.5014, 0.0479]), array([0.4909 , 0.04265]), 0.7854, 0.0]
[20, array([0.5014, 0.0479]), array([0.4912 , 0.04265]), 0.7854, 1.0]
[20, array([0.5014, 0.0479]), array([0.4915 , 0.04265]), 0.7854, 0.0]
[20, array([0.5014, 0.0479]), array([0.4918 , 0.04265]), 0.7854, 1.0]
[20, array([0.5014, 0.0479]), array([0.4921 , 0.04265]), 0.7854, 1.0]
[20, array([0.5014, 0.0479]), array([0.4924 , 0.04265]), 0.7854, 1.0]
[20, array([0.5014, 0.0479]), array([0.4927 , 0.04265]), 0.7854, 1.0]
[20, array([0.5014, 0.0479]), array([0.493  , 0.04265]), 0.7854, 1.0]
[20, array([0.5014, 0.0479]), array([0.4933 , 0.04265]), 0.7854, 1.0]
[20, array([0.5014, 0.0479]), array([0.4936 , 0.04265]), 0.7854, 1.0]
[20, array([0.5014, 0.0479]), array([0.4939 , 0.04265]), 0.7854, 1.0]
[20, array([0.5014, 0.0479]), array([0.4942 , 0.04265]), 0.7854, 1.0]
[20, array([0.5014, 0.0479]), array([0.4945 , 0.04265]), 0.7854, 1.0]
[20, array([0.5014, 0.0479]), array([0.4948 , 0.04265]), 0.7854, 1.0]
[20, array([0.5014, 0.0479]), array([0.4951 , 0.04265]), 0.7854, 1.0]
[20, array([0.5014, 0.0479]), array([0.4954 , 0.04265]), 0.7854, 1.0]
[20, array([0.5014, 0.0479]), array([0.4957 , 0.04265]), 0.7854, 1.0]
[20, array([0.5014, 0.0479]), array([0.496  , 0.04265]), 0.7854, 1.0]
[20, array([0.5014, 0.0479]), array([0.4963 , 0.04265]), 0.7854, 1.0]
[20, array([0.5014, 0.0479]), array([0.4966 , 0.04265]), 0.7854, 1.0]
[20, array([0.5014, 0.0479]), array([0.4969 , 0.04265]), 0.7854, 1.0]
[20, array([0.5014, 0.0479]), array([0.4906 , 0.04295]), 0.7854, 0.0]
[20, array([0.5014, 0.0479]), array([0.4909 , 0.04295]), 0.7854, 0.0]
[20, array([0.5014, 0.0479]), array([0.4912 , 0.04295]), 0.7854, 1.0]
[20, array([0.5014, 0.0479]), array([0.4915 , 0.04295]), 0.7854, 1.0]
[20, array([0.5014, 0.0479]), array([0.4918 , 0.04295]), 0.7854, 1.0]
[20, array([0.5014, 0.0479]), array([0.4921 , 0.04295]), 0.7854, 1.0]
[20, array([0.5014, 0.0479]), array([0.4924 , 0.04295]), 0.7854, 1.0]
[20, array([0.5014, 0.0479]), array([0.4927 , 0.04295]), 0.7854, 1.0]
[20, array([0.5014, 0.0479]), array([0.493  , 0.04295]), 0.7854, 1.0]
[20, array([0.5014, 0.0479]), array([0.4933 , 0.04295]), 0.7854, 1.0]
[20, array([0.5014, 0.0479]), array([0.4936 , 0.04295]), 0.7854, 1.0]
[20, array([0.5014, 0.0479]), array([0.4939 , 0.04295]), 0.7854, 1.0]
[20, array([0.5014, 0.0479]), array([0.4942 , 0.04295]), 0.7854, 1.0]
[20, array([0.5014, 0.0479]), array([0.4945 , 0.04295]), 0.7854, 1.0]
[20, array([0.5014, 0.0479]), array([0.4948 , 0.04295]), 0.7854, 1.0]
[20, array([0.5014, 0.0479]), array([0.4951 , 0.04295]), 0.7854, 1.0]
[20, array([0.5014, 0.0479]), array([0.4954 , 0.04295]), 0.7854, 1.0]
[20, array([0.5014, 0.0479]), array([0.4957 , 0.04295]), 0.7854, 1.0]
[20, array([0.5014, 0.0479]), array([0.496  , 0.04295]), 0.7854, 1.0]
[20, array([0.5014, 0.0479]), array([0.4963 , 0.04295]), 0.7854, 1.0]
[20, array([0.5014, 0.0479]), array([0.4966 , 0.04295]), 0.7854, 1.0]
[20, array([0.5014, 0.0479]), array([0.4969 , 0.04295]), 0.7854, 1.0]
[20, array([0.5014, 0.0479]), array([0.4906 , 0.04325]), 0.7854, 0.0]
[20, array([0.5014, 0.0479]), array([0.4909 , 0.04325]), 0.7854, 0.0]
[20, array([0.5014, 0.0479]), array([0.4912 , 0.04325]), 0.7854, 0.0]
[20, array([0.5014, 0.0479]), array([0.4915 , 0.04325]), 0.7854, 1.0]
[20, array([0.5014, 0.0479]), array([0.4918 , 0.04325]), 0.7854, 0.0]
[20, array([0.5014, 0.0479]), array([0.4921 , 0.04325]), 0.7854, 1.0]
[20, array([0.5014, 0.0479]), array([0.4924 , 0.04325]), 0.7854, 1.0]
[20, array([0.5014, 0.0479]), array([0.4927 , 0.04325]), 0.7854, 1.0]
[20, array([0.5014, 0.0479]), array([0.493  , 0.04325]), 0.7854, 1.0]
[20, array([0.5014, 0.0479]), array([0.4933 , 0.04325]), 0.7854, 1.0]
[20, array([0.5014, 0.0479]), array([0.4936 , 0.04325]), 0.7854, 1.0]
[20, array([0.5014, 0.0479]), array([0.4939 , 0.04325]), 0.7854, 1.0]
[20, array([0.5014, 0.0479]), array([0.4942 , 0.04325]), 0.7854, 1.0]
[20, array([0.5014, 0.0479]), array([0.4945 , 0.04325]), 0.7854, 1.0]
[20, array([0.5014, 0.0479]), array([0.4948 , 0.04325]), 0.7854, 1.0]
[20, array([0.5014, 0.0479]), array([0.4951 , 0.04325]), 0.7854, 1.0]
[20, array([0.5014, 0.0479]), array([0.4954 , 0.04325]), 0.7854, 1.0]
[20, array([0.5014, 0.0479]), array([0.4957 , 0.04325]), 0.7854, 1.0]
[20, array([0.5014, 0.0479]), array([0.496  , 0.04325]), 0.7854, 1.0]
[20, array([0.5014, 0.0479]), array([0.4963 , 0.04325]), 0.7854, 1.0]
[20, array([0.5014, 0.0479]), array([0.4966 , 0.04325]), 0.7854, 1.0]
[20, array([0.5014, 0.0479]), array([0.4969 , 0.04325]), 0.7854, 1.0]
[20, array([0.5014, 0.0479]), array([0.4906 , 0.04355]), 0.7854, 0.0]
[20, array([0.5014, 0.0479]), array([0.4909 , 0.04355]), 0.7854, 0.0]
[20, array([0.5014, 0.0479]), array([0.4912 , 0.04355]), 0.7854, 0.0]
[20, array([0.5014, 0.0479]), array([0.4915 , 0.04355]), 0.7854, 1.0]
[20, array([0.5014, 0.0479]), array([0.4918 , 0.04355]), 0.7854, 1.0]
[20, array([0.5014, 0.0479]), array([0.4921 , 0.04355]), 0.7854, 1.0]
[20, array([0.5014, 0.0479]), array([0.4924 , 0.04355]), 0.7854, 1.0]
[20, array([0.5014, 0.0479]), array([0.4927 , 0.04355]), 0.7854, 1.0]
[20, array([0.5014, 0.0479]), array([0.493  , 0.04355]), 0.7854, 1.0]
[20, array([0.5014, 0.0479]), array([0.4933 , 0.04355]), 0.7854, 1.0]
[20, array([0.5014, 0.0479]), array([0.4936 , 0.04355]), 0.7854, 1.0]
[20, array([0.5014, 0.0479]), array([0.4939 , 0.04355]), 0.7854, 1.0]
[20, array([0.5014, 0.0479]), array([0.4942 , 0.04355]), 0.7854, 1.0]
[20, array([0.5014, 0.0479]), array([0.4945 , 0.04355]), 0.7854, 1.0]
[20, array([0.5014, 0.0479]), array([0.4948 , 0.04355]), 0.7854, 1.0]
[20, array([0.5014, 0.0479]), array([0.4951 , 0.04355]), 0.7854, 1.0]
[20, array([0.5014, 0.0479]), array([0.4954 , 0.04355]), 0.7854, 1.0]
[20, array([0.5014, 0.0479]), array([0.4957 , 0.04355]), 0.7854, 1.0]
[20, array([0.5014, 0.0479]), array([0.496  , 0.04355]), 0.7854, 1.0]
[20, array([0.5014, 0.0479]), array([0.4963 , 0.04355]), 0.7854, 1.0]
[20, array([0.5014, 0.0479]), array([0.4966 , 0.04355]), 0.7854, 1.0]
[20, array([0.5014, 0.0479]), array([0.4969 , 0.04355]), 0.7854, 1.0]
[20, array([0.5014, 0.0479]), array([0.4906 , 0.04385]), 0.7854, 0.0]
[20, array([0.5014, 0.0479]), array([0.4909 , 0.04385]), 0.7854, 0.0]
[20, array([0.5014, 0.0479]), array([0.4912 , 0.04385]), 0.7854, 0.0]
[20, array([0.5014, 0.0479]), array([0.4915 , 0.04385]), 0.7854, 0.0]
[20, array([0.5014, 0.0479]), array([0.4918 , 0.04385]), 0.7854, 1.0]
[20, array([0.5014, 0.0479]), array([0.4921 , 0.04385]), 0.7854, 1.0]
[20, array([0.5014, 0.0479]), array([0.4924 , 0.04385]), 0.7854, 1.0]
[20, array([0.5014, 0.0479]), array([0.4927 , 0.04385]), 0.7854, 1.0]
[20, array([0.5014, 0.0479]), array([0.493  , 0.04385]), 0.7854, 1.0]
[20, array([0.5014, 0.0479]), array([0.4933 , 0.04385]), 0.7854, 1.0]
[20, array([0.5014, 0.0479]), array([0.4936 , 0.04385]), 0.7854, 1.0]
[20, array([0.5014, 0.0479]), array([0.4939 , 0.04385]), 0.7854, 1.0]
[20, array([0.5014, 0.0479]), array([0.4942 , 0.04385]), 0.7854, 1.0]
[20, array([0.5014, 0.0479]), array([0.4945 , 0.04385]), 0.7854, 1.0]
[20, array([0.5014, 0.0479]), array([0.4948 , 0.04385]), 0.7854, 1.0]
[20, array([0.5014, 0.0479]), array([0.4951 , 0.04385]), 0.7854, 1.0]
[20, array([0.5014, 0.0479]), array([0.4954 , 0.04385]), 0.7854, 1.0]
[20, array([0.5014, 0.0479]), array([0.4957 , 0.04385]), 0.7854, 1.0]
[20, array([0.5014, 0.0479]), array([0.496  , 0.04385]), 0.7854, 1.0]
[20, array([0.5014, 0.0479]), array([0.4963 , 0.04385]), 0.7854, 1.0]
[20, array([0.5014, 0.0479]), array([0.4966 , 0.04385]), 0.7854, 1.0]
[20, array([0.5014, 0.0479]), array([0.4969 , 0.04385]), 0.7854, 1.0]
[20, array([0.5014, 0.0479]), array([0.4906 , 0.04415]), 0.7854, 0.0]
[20, array([0.5014, 0.0479]), array([0.4909 , 0.04415]), 0.7854, 0.0]
[20, array([0.5014, 0.0479]), array([0.4912 , 0.04415]), 0.7854, 0.0]
[20, array([0.5014, 0.0479]), array([0.4915 , 0.04415]), 0.7854, 0.0]
[20, array([0.5014, 0.0479]), array([0.4918 , 0.04415]), 0.7854, 1.0]
[20, array([0.5014, 0.0479]), array([0.4921 , 0.04415]), 0.7854, 1.0]
[20, array([0.5014, 0.0479]), array([0.4924 , 0.04415]), 0.7854, 1.0]
[20, array([0.5014, 0.0479]), array([0.4927 , 0.04415]), 0.7854, 1.0]
[20, array([0.5014, 0.0479]), array([0.493  , 0.04415]), 0.7854, 1.0]
[20, array([0.5014, 0.0479]), array([0.4933 , 0.04415]), 0.7854, 1.0]
[20, array([0.5014, 0.0479]), array([0.4936 , 0.04415]), 0.7854, 1.0]
[20, array([0.5014, 0.0479]), array([0.4939 , 0.04415]), 0.7854, 1.0]
[20, array([0.5014, 0.0479]), array([0.4942 , 0.04415]), 0.7854, 1.0]
[20, array([0.5014, 0.0479]), array([0.4945 , 0.04415]), 0.7854, 1.0]
[20, array([0.5014, 0.0479]), array([0.4948 , 0.04415]), 0.7854, 1.0]
[20, array([0.5014, 0.0479]), array([0.4951 , 0.04415]), 0.7854, 1.0]
[20, array([0.5014, 0.0479]), array([0.4954 , 0.04415]), 0.7854, 1.0]
[20, array([0.5014, 0.0479]), array([0.4957 , 0.04415]), 0.7854, 1.0]
[20, array([0.5014, 0.0479]), array([0.496  , 0.04415]), 0.7854, 1.0]
[20, array([0.5014, 0.0479]), array([0.4963 , 0.04415]), 0.7854, 1.0]
[20, array([0.5014, 0.0479]), array([0.4966 , 0.04415]), 0.7854, 1.0]
[20, array([0.5014, 0.0479]), array([0.4969 , 0.04415]), 0.7854, 1.0]
[20, array([0.5014, 0.0479]), array([0.4906 , 0.04445]), 0.7854, 0.0]
[20, array([0.5014, 0.0479]), array([0.4909 , 0.04445]), 0.7854, 0.0]
[20, array([0.5014, 0.0479]), array([0.4912 , 0.04445]), 0.7854, 0.0]
[20, array([0.5014, 0.0479]), array([0.4915 , 0.04445]), 0.7854, 0.0]
[20, array([0.5014, 0.0479]), array([0.4918 , 0.04445]), 0.7854, 0.0]
[20, array([0.5014, 0.0479]), array([0.4921 , 0.04445]), 0.7854, 1.0]
[20, array([0.5014, 0.0479]), array([0.4924 , 0.04445]), 0.7854, 0.0]
[20, array([0.5014, 0.0479]), array([0.4927 , 0.04445]), 0.7854, 0.0]
[20, array([0.5014, 0.0479]), array([0.493  , 0.04445]), 0.7854, 1.0]
[20, array([0.5014, 0.0479]), array([0.4933 , 0.04445]), 0.7854, 1.0]
[20, array([0.5014, 0.0479]), array([0.4936 , 0.04445]), 0.7854, 1.0]
[20, array([0.5014, 0.0479]), array([0.4939 , 0.04445]), 0.7854, 1.0]
[20, array([0.5014, 0.0479]), array([0.4942 , 0.04445]), 0.7854, 1.0]
[20, array([0.5014, 0.0479]), array([0.4945 , 0.04445]), 0.7854, 1.0]
[20, array([0.5014, 0.0479]), array([0.4948 , 0.04445]), 0.7854, 1.0]
[20, array([0.5014, 0.0479]), array([0.4951 , 0.04445]), 0.7854, 1.0]
[20, array([0.5014, 0.0479]), array([0.4954 , 0.04445]), 0.7854, 1.0]
[20, array([0.5014, 0.0479]), array([0.4957 , 0.04445]), 0.7854, 1.0]
[20, array([0.5014, 0.0479]), array([0.496  , 0.04445]), 0.7854, 1.0]
[20, array([0.5014, 0.0479]), array([0.4963 , 0.04445]), 0.7854, 1.0]
[20, array([0.5014, 0.0479]), array([0.4966 , 0.04445]), 0.7854, 1.0]
[20, array([0.5014, 0.0479]), array([0.4969 , 0.04445]), 0.7854, 1.0]
[20, array([0.5014, 0.0479]), array([0.4906 , 0.04475]), 0.7854, 0.0]
[20, array([0.5014, 0.0479]), array([0.4909 , 0.04475]), 0.7854, 0.0]
[20, array([0.5014, 0.0479]), array([0.4912 , 0.04475]), 0.7854, 0.0]
[20, array([0.5014, 0.0479]), array([0.4915 , 0.04475]), 0.7854, 0.0]
[20, array([0.5014, 0.0479]), array([0.4918 , 0.04475]), 0.7854, 0.0]
[20, array([0.5014, 0.0479]), array([0.4921 , 0.04475]), 0.7854, 0.0]
[20, array([0.5014, 0.0479]), array([0.4924 , 0.04475]), 0.7854, 1.0]
[20, array([0.5014, 0.0479]), array([0.4927 , 0.04475]), 0.7854, 0.0]
[20, array([0.5014, 0.0479]), array([0.493  , 0.04475]), 0.7854, 1.0]
[20, array([0.5014, 0.0479]), array([0.4933 , 0.04475]), 0.7854, 1.0]
[20, array([0.5014, 0.0479]), array([0.4936 , 0.04475]), 0.7854, 1.0]
[20, array([0.5014, 0.0479]), array([0.4939 , 0.04475]), 0.7854, 1.0]
[20, array([0.5014, 0.0479]), array([0.4942 , 0.04475]), 0.7854, 1.0]
[20, array([0.5014, 0.0479]), array([0.4945 , 0.04475]), 0.7854, 1.0]
[20, array([0.5014, 0.0479]), array([0.4948 , 0.04475]), 0.7854, 1.0]
[20, array([0.5014, 0.0479]), array([0.4951 , 0.04475]), 0.7854, 1.0]
[20, array([0.5014, 0.0479]), array([0.4954 , 0.04475]), 0.7854, 1.0]
[20, array([0.5014, 0.0479]), array([0.4957 , 0.04475]), 0.7854, 1.0]
[20, array([0.5014, 0.0479]), array([0.496  , 0.04475]), 0.7854, 1.0]
[20, array([0.5014, 0.0479]), array([0.4963 , 0.04475]), 0.7854, 1.0]
[20, array([0.5014, 0.0479]), array([0.4966 , 0.04475]), 0.7854, 1.0]
[20, array([0.5014, 0.0479]), array([0.4969 , 0.04475]), 0.7854, 1.0]
[20, array([0.5014, 0.0479]), array([0.4906 , 0.04505]), 0.7854, 0.0]
[20, array([0.5014, 0.0479]), array([0.4909 , 0.04505]), 0.7854, 0.0]
[20, array([0.5014, 0.0479]), array([0.4912 , 0.04505]), 0.7854, 0.0]
[20, array([0.5014, 0.0479]), array([0.4915 , 0.04505]), 0.7854, 0.0]
[20, array([0.5014, 0.0479]), array([0.4918 , 0.04505]), 0.7854, 0.0]
[20, array([0.5014, 0.0479]), array([0.4921 , 0.04505]), 0.7854, 0.0]
[20, array([0.5014, 0.0479]), array([0.4924 , 0.04505]), 0.7854, 0.0]
[20, array([0.5014, 0.0479]), array([0.4927 , 0.04505]), 0.7854, 0.0]
[20, array([0.5014, 0.0479]), array([0.493  , 0.04505]), 0.7854, 0.0]
[20, array([0.5014, 0.0479]), array([0.4933 , 0.04505]), 0.7854, 1.0]
[20, array([0.5014, 0.0479]), array([0.4936 , 0.04505]), 0.7854, 1.0]
[20, array([0.5014, 0.0479]), array([0.4939 , 0.04505]), 0.7854, 1.0]
[20, array([0.5014, 0.0479]), array([0.4942 , 0.04505]), 0.7854, 1.0]
[20, array([0.5014, 0.0479]), array([0.4945 , 0.04505]), 0.7854, 1.0]
[20, array([0.5014, 0.0479]), array([0.4948 , 0.04505]), 0.7854, 1.0]
[20, array([0.5014, 0.0479]), array([0.4951 , 0.04505]), 0.7854, 1.0]
[20, array([0.5014, 0.0479]), array([0.4954 , 0.04505]), 0.7854, 1.0]
[20, array([0.5014, 0.0479]), array([0.4957 , 0.04505]), 0.7854, 1.0]
[20, array([0.5014, 0.0479]), array([0.496  , 0.04505]), 0.7854, 1.0]
[20, array([0.5014, 0.0479]), array([0.4963 , 0.04505]), 0.7854, 1.0]
[20, array([0.5014, 0.0479]), array([0.4966 , 0.04505]), 0.7854, 1.0]
[20, array([0.5014, 0.0479]), array([0.4969 , 0.04505]), 0.7854, 1.0]
[20, array([0.5014, 0.0479]), array([0.4906 , 0.04535]), 0.7854, 1.0]
[20, array([0.5014, 0.0479]), array([0.4909 , 0.04535]), 0.7854, 0.0]
[20, array([0.5014, 0.0479]), array([0.4912 , 0.04535]), 0.7854, 0.0]
[20, array([0.5014, 0.0479]), array([0.4915 , 0.04535]), 0.7854, 0.0]
[20, array([0.5014, 0.0479]), array([0.4918 , 0.04535]), 0.7854, 0.0]
[20, array([0.5014, 0.0479]), array([0.4921 , 0.04535]), 0.7854, 0.0]
[20, array([0.5014, 0.0479]), array([0.4924 , 0.04535]), 0.7854, 0.0]
[20, array([0.5014, 0.0479]), array([0.4927 , 0.04535]), 0.7854, 1.0]
[20, array([0.5014, 0.0479]), array([0.493  , 0.04535]), 0.7854, 1.0]
[20, array([0.5014, 0.0479]), array([0.4933 , 0.04535]), 0.7854, 0.0]
[20, array([0.5014, 0.0479]), array([0.4936 , 0.04535]), 0.7854, 1.0]
[20, array([0.5014, 0.0479]), array([0.4939 , 0.04535]), 0.7854, 0.0]
[20, array([0.5014, 0.0479]), array([0.4942 , 0.04535]), 0.7854, 1.0]
[20, array([0.5014, 0.0479]), array([0.4945 , 0.04535]), 0.7854, 1.0]
[20, array([0.5014, 0.0479]), array([0.4948 , 0.04535]), 0.7854, 1.0]
[20, array([0.5014, 0.0479]), array([0.4951 , 0.04535]), 0.7854, 1.0]
[20, array([0.5014, 0.0479]), array([0.4954 , 0.04535]), 0.7854, 1.0]
[20, array([0.5014, 0.0479]), array([0.4957 , 0.04535]), 0.7854, 1.0]
[20, array([0.5014, 0.0479]), array([0.496  , 0.04535]), 0.7854, 1.0]
[20, array([0.5014, 0.0479]), array([0.4963 , 0.04535]), 0.7854, 1.0]
[20, array([0.5014, 0.0479]), array([0.4966 , 0.04535]), 0.7854, 1.0]
[20, array([0.5014, 0.0479]), array([0.4969 , 0.04535]), 0.7854, 1.0]
[19, array([0.5438, 0.0279]), array([0.53435, 0.0156 ]), 0.7854, 0.0]
[19, array([0.5438, 0.0279]), array([0.53479762, 0.0156    ]), 0.7854, 0.0]
[19, array([0.5438, 0.0279]), array([0.53524524, 0.0156    ]), 0.7854, 0.0]
[19, array([0.5438, 0.0279]), array([0.53569286, 0.0156    ]), 0.7854, 0.0]
[19, array([0.5438, 0.0279]), array([0.53614048, 0.0156    ]), 0.7854, 0.0]
[19, array([0.5438, 0.0279]), array([0.5365881, 0.0156   ]), 0.7854, 0.0]
[19, array([0.5438, 0.0279]), array([0.53703571, 0.0156    ]), 0.7854, 0.0]
[19, array([0.5438, 0.0279]), array([0.53748333, 0.0156    ]), 0.7854, 0.0]
[19, array([0.5438, 0.0279]), array([0.53793095, 0.0156    ]), 0.7854, 0.0]
[19, array([0.5438, 0.0279]), array([0.53837857, 0.0156    ]), 0.7854, 0.0]
[19, array([0.5438, 0.0279]), array([0.53882619, 0.0156    ]), 0.7854, 0.0]
[19, array([0.5438, 0.0279]), array([0.53927381, 0.0156    ]), 0.7854, 0.0]
[19, array([0.5438, 0.0279]), array([0.53972143, 0.0156    ]), 0.7854, 0.0]
[19, array([0.5438, 0.0279]), array([0.54016905, 0.0156    ]), 0.7854, 0.0]
[19, array([0.5438, 0.0279]), array([0.54061667, 0.0156    ]), 0.7854, 0.0]
[19, array([0.5438, 0.0279]), array([0.54106429, 0.0156    ]), 0.7854, 0.0]
[19, array([0.5438, 0.0279]), array([0.5415119, 0.0156   ]), 0.7854, 0.0]
[19, array([0.5438, 0.0279]), array([0.54195952, 0.0156    ]), 0.7854, 0.0]
[19, array([0.5438, 0.0279]), array([0.54240714, 0.0156    ]), 0.7854, 0.0]
[19, array([0.5438, 0.0279]), array([0.54285476, 0.0156    ]), 0.7854, 0.0]
[19, array([0.5438, 0.0279]), array([0.54330238, 0.0156    ]), 0.7854, 0.0]
[19, array([0.5438, 0.0279]), array([0.54375, 0.0156 ]), 0.7854, 0.0]
[19, array([0.5438, 0.0279]), array([0.53435   , 0.01604762]), 0.7854, 0.0]
[19, array([0.5438, 0.0279]), array([0.53479762, 0.01604762]), 0.7854, 0.0]
[19, array([0.5438, 0.0279]), array([0.53524524, 0.01604762]), 0.7854, 0.0]
[19, array([0.5438, 0.0279]), array([0.53569286, 0.01604762]), 0.7854, 0.0]
[19, array([0.5438, 0.0279]), array([0.53614048, 0.01604762]), 0.7854, 0.0]
[19, array([0.5438, 0.0279]), array([0.5365881 , 0.01604762]), 0.7854, 0.0]
[19, array([0.5438, 0.0279]), array([0.53703571, 0.01604762]), 0.7854, 0.0]
[19, array([0.5438, 0.0279]), array([0.53748333, 0.01604762]), 0.7854, 0.0]
[19, array([0.5438, 0.0279]), array([0.53793095, 0.01604762]), 0.7854, 0.0]
[19, array([0.5438, 0.0279]), array([0.53837857, 0.01604762]), 0.7854, 0.0]
[19, array([0.5438, 0.0279]), array([0.53882619, 0.01604762]), 0.7854, 0.0]
[19, array([0.5438, 0.0279]), array([0.53927381, 0.01604762]), 0.7854, 0.0]
[19, array([0.5438, 0.0279]), array([0.53972143, 0.01604762]), 0.7854, 0.0]
[19, array([0.5438, 0.0279]), array([0.54016905, 0.01604762]), 0.7854, 0.0]
[19, array([0.5438, 0.0279]), array([0.54061667, 0.01604762]), 0.7854, 0.0]
[19, array([0.5438, 0.0279]), array([0.54106429, 0.01604762]), 0.7854, 0.0]
[19, array([0.5438, 0.0279]), array([0.5415119 , 0.01604762]), 0.7854, 0.0]
[19, array([0.5438, 0.0279]), array([0.54195952, 0.01604762]), 0.7854, 0.0]
[19, array([0.5438, 0.0279]), array([0.54240714, 0.01604762]), 0.7854, 0.0]
[19, array([0.5438, 0.0279]), array([0.54285476, 0.01604762]), 0.7854, 0.0]
[19, array([0.5438, 0.0279]), array([0.54330238, 0.01604762]), 0.7854, 0.0]
[19, array([0.5438, 0.0279]), array([0.54375   , 0.01604762]), 0.7854, 0.0]
[19, array([0.5438, 0.0279]), array([0.53435   , 0.01649524]), 0.7854, 0.0]
[19, array([0.5438, 0.0279]), array([0.53479762, 0.01649524]), 0.7854, 0.0]
[19, array([0.5438, 0.0279]), array([0.53524524, 0.01649524]), 0.7854, 0.0]
[19, array([0.5438, 0.0279]), array([0.53569286, 0.01649524]), 0.7854, 0.0]
[19, array([0.5438, 0.0279]), array([0.53614048, 0.01649524]), 0.7854, 0.0]
[19, array([0.5438, 0.0279]), array([0.5365881 , 0.01649524]), 0.7854, 0.0]
[19, array([0.5438, 0.0279]), array([0.53703571, 0.01649524]), 0.7854, 0.0]
[19, array([0.5438, 0.0279]), array([0.53748333, 0.01649524]), 0.7854, 0.0]
[19, array([0.5438, 0.0279]), array([0.53793095, 0.01649524]), 0.7854, 0.0]
[19, array([0.5438, 0.0279]), array([0.53837857, 0.01649524]), 0.7854, 0.0]
[19, array([0.5438, 0.0279]), array([0.53882619, 0.01649524]), 0.7854, 0.0]
[19, array([0.5438, 0.0279]), array([0.53927381, 0.01649524]), 0.7854, 0.0]
[19, array([0.5438, 0.0279]), array([0.53972143, 0.01649524]), 0.7854, 0.0]
[19, array([0.5438, 0.0279]), array([0.54016905, 0.01649524]), 0.7854, 0.0]
[19, array([0.5438, 0.0279]), array([0.54061667, 0.01649524]), 0.7854, 0.0]
[19, array([0.5438, 0.0279]), array([0.54106429, 0.01649524]), 0.7854, 0.0]
[19, array([0.5438, 0.0279]), array([0.5415119 , 0.01649524]), 0.7854, 0.0]
[19, array([0.5438, 0.0279]), array([0.54195952, 0.01649524]), 0.7854, 0.0]
[19, array([0.5438, 0.0279]), array([0.54240714, 0.01649524]), 0.7854, 0.0]
[19, array([0.5438, 0.0279]), array([0.54285476, 0.01649524]), 0.7854, 0.0]
[19, array([0.5438, 0.0279]), array([0.54330238, 0.01649524]), 0.7854, 0.0]
[19, array([0.5438, 0.0279]), array([0.54375   , 0.01649524]), 0.7854, 0.0]
[19, array([0.5438, 0.0279]), array([0.53435   , 0.01694286]), 0.7854, 0.0]
[19, array([0.5438, 0.0279]), array([0.53479762, 0.01694286]), 0.7854, 0.0]
[19, array([0.5438, 0.0279]), array([0.53524524, 0.01694286]), 0.7854, 0.0]
[19, array([0.5438, 0.0279]), array([0.53569286, 0.01694286]), 0.7854, 0.0]
[19, array([0.5438, 0.0279]), array([0.53614048, 0.01694286]), 0.7854, 0.0]
[19, array([0.5438, 0.0279]), array([0.5365881 , 0.01694286]), 0.7854, 0.0]
[19, array([0.5438, 0.0279]), array([0.53703571, 0.01694286]), 0.7854, 0.0]
[19, array([0.5438, 0.0279]), array([0.53748333, 0.01694286]), 0.7854, 0.0]
[19, array([0.5438, 0.0279]), array([0.53793095, 0.01694286]), 0.7854, 0.0]
[19, array([0.5438, 0.0279]), array([0.53837857, 0.01694286]), 0.7854, 0.0]
[19, array([0.5438, 0.0279]), array([0.53882619, 0.01694286]), 0.7854, 0.0]
[19, array([0.5438, 0.0279]), array([0.53927381, 0.01694286]), 0.7854, 0.0]
[19, array([0.5438, 0.0279]), array([0.53972143, 0.01694286]), 0.7854, 0.0]
[19, array([0.5438, 0.0279]), array([0.54016905, 0.01694286]), 0.7854, 0.0]
[19, array([0.5438, 0.0279]), array([0.54061667, 0.01694286]), 0.7854, 0.0]
[19, array([0.5438, 0.0279]), array([0.54106429, 0.01694286]), 0.7854, 0.0]
[19, array([0.5438, 0.0279]), array([0.5415119 , 0.01694286]), 0.7854, 0.0]
[19, array([0.5438, 0.0279]), array([0.54195952, 0.01694286]), 0.7854, 0.0]
[19, array([0.5438, 0.0279]), array([0.54240714, 0.01694286]), 0.7854, 0.0]
[19, array([0.5438, 0.0279]), array([0.54285476, 0.01694286]), 0.7854, 0.0]
[19, array([0.5438, 0.0279]), array([0.54330238, 0.01694286]), 0.7854, 0.0]
[19, array([0.5438, 0.0279]), array([0.54375   , 0.01694286]), 0.7854, 0.0]
[19, array([0.5438, 0.0279]), array([0.53435   , 0.01739048]), 0.7854, 0.0]
[19, array([0.5438, 0.0279]), array([0.53479762, 0.01739048]), 0.7854, 0.0]
[19, array([0.5438, 0.0279]), array([0.53524524, 0.01739048]), 0.7854, 0.0]
[19, array([0.5438, 0.0279]), array([0.53569286, 0.01739048]), 0.7854, 0.0]
[19, array([0.5438, 0.0279]), array([0.53614048, 0.01739048]), 0.7854, 0.0]
[19, array([0.5438, 0.0279]), array([0.5365881 , 0.01739048]), 0.7854, 0.0]
[19, array([0.5438, 0.0279]), array([0.53703571, 0.01739048]), 0.7854, 0.0]
[19, array([0.5438, 0.0279]), array([0.53748333, 0.01739048]), 0.7854, 0.0]
[19, array([0.5438, 0.0279]), array([0.53793095, 0.01739048]), 0.7854, 0.0]
[19, array([0.5438, 0.0279]), array([0.53837857, 0.01739048]), 0.7854, 0.0]
[19, array([0.5438, 0.0279]), array([0.53882619, 0.01739048]), 0.7854, 0.0]
[19, array([0.5438, 0.0279]), array([0.53927381, 0.01739048]), 0.7854, 0.0]
[19, array([0.5438, 0.0279]), array([0.53972143, 0.01739048]), 0.7854, 0.0]
[19, array([0.5438, 0.0279]), array([0.54016905, 0.01739048]), 0.7854, 0.0]
[19, array([0.5438, 0.0279]), array([0.54061667, 0.01739048]), 0.7854, 0.0]
[19, array([0.5438, 0.0279]), array([0.54106429, 0.01739048]), 0.7854, 0.0]
[19, array([0.5438, 0.0279]), array([0.5415119 , 0.01739048]), 0.7854, 0.0]
[19, array([0.5438, 0.0279]), array([0.54195952, 0.01739048]), 0.7854, 0.0]
[19, array([0.5438, 0.0279]), array([0.54240714, 0.01739048]), 0.7854, 0.0]
[19, array([0.5438, 0.0279]), array([0.54285476, 0.01739048]), 0.7854, 0.0]
[19, array([0.5438, 0.0279]), array([0.54330238, 0.01739048]), 0.7854, 0.0]
[19, array([0.5438, 0.0279]), array([0.54375   , 0.01739048]), 0.7854, 0.0]
[19, array([0.5438, 0.0279]), array([0.53435  , 0.0178381]), 0.7854, 0.0]
[19, array([0.5438, 0.0279]), array([0.53479762, 0.0178381 ]), 0.7854, 0.0]
[19, array([0.5438, 0.0279]), array([0.53524524, 0.0178381 ]), 0.7854, 0.0]
[19, array([0.5438, 0.0279]), array([0.53569286, 0.0178381 ]), 0.7854, 0.0]
[19, array([0.5438, 0.0279]), array([0.53614048, 0.0178381 ]), 0.7854, 0.0]
[19, array([0.5438, 0.0279]), array([0.5365881, 0.0178381]), 0.7854, 0.0]
[19, array([0.5438, 0.0279]), array([0.53703571, 0.0178381 ]), 0.7854, 0.0]
[19, array([0.5438, 0.0279]), array([0.53748333, 0.0178381 ]), 0.7854, 0.0]
[19, array([0.5438, 0.0279]), array([0.53793095, 0.0178381 ]), 0.7854, 1.0]
[19, array([0.5438, 0.0279]), array([0.53837857, 0.0178381 ]), 0.7854, 0.0]
[19, array([0.5438, 0.0279]), array([0.53882619, 0.0178381 ]), 0.7854, 0.0]
[19, array([0.5438, 0.0279]), array([0.53927381, 0.0178381 ]), 0.7854, 0.0]
[19, array([0.5438, 0.0279]), array([0.53972143, 0.0178381 ]), 0.7854, 0.0]
[19, array([0.5438, 0.0279]), array([0.54016905, 0.0178381 ]), 0.7854, 0.0]
[19, array([0.5438, 0.0279]), array([0.54061667, 0.0178381 ]), 0.7854, 0.0]
[19, array([0.5438, 0.0279]), array([0.54106429, 0.0178381 ]), 0.7854, 0.0]
[19, array([0.5438, 0.0279]), array([0.5415119, 0.0178381]), 0.7854, 0.0]
[19, array([0.5438, 0.0279]), array([0.54195952, 0.0178381 ]), 0.7854, 0.0]
[19, array([0.5438, 0.0279]), array([0.54240714, 0.0178381 ]), 0.7854, 0.0]
[19, array([0.5438, 0.0279]), array([0.54285476, 0.0178381 ]), 0.7854, 0.0]
[19, array([0.5438, 0.0279]), array([0.54330238, 0.0178381 ]), 0.7854, 0.0]
[19, array([0.5438, 0.0279]), array([0.54375  , 0.0178381]), 0.7854, 0.0]
[19, array([0.5438, 0.0279]), array([0.53435   , 0.01828571]), 0.7854, 0.0]
[19, array([0.5438, 0.0279]), array([0.53479762, 0.01828571]), 0.7854, 0.0]
[19, array([0.5438, 0.0279]), array([0.53524524, 0.01828571]), 0.7854, 0.0]
[19, array([0.5438, 0.0279]), array([0.53569286, 0.01828571]), 0.7854, 0.0]
[19, array([0.5438, 0.0279]), array([0.53614048, 0.01828571]), 0.7854, 0.0]
[19, array([0.5438, 0.0279]), array([0.5365881 , 0.01828571]), 0.7854, 0.0]
[19, array([0.5438, 0.0279]), array([0.53703571, 0.01828571]), 0.7854, 0.0]
[19, array([0.5438, 0.0279]), array([0.53748333, 0.01828571]), 0.7854, 0.0]
[19, array([0.5438, 0.0279]), array([0.53793095, 0.01828571]), 0.7854, 0.0]
[19, array([0.5438, 0.0279]), array([0.53837857, 0.01828571]), 0.7854, 1.0]
[19, array([0.5438, 0.0279]), array([0.53882619, 0.01828571]), 0.7854, 0.0]
[19, array([0.5438, 0.0279]), array([0.53927381, 0.01828571]), 0.7854, 0.0]
[19, array([0.5438, 0.0279]), array([0.53972143, 0.01828571]), 0.7854, 0.0]
[19, array([0.5438, 0.0279]), array([0.54016905, 0.01828571]), 0.7854, 0.0]
[19, array([0.5438, 0.0279]), array([0.54061667, 0.01828571]), 0.7854, 0.0]
[19, array([0.5438, 0.0279]), array([0.54106429, 0.01828571]), 0.7854, 0.0]
[19, array([0.5438, 0.0279]), array([0.5415119 , 0.01828571]), 0.7854, 0.0]
[19, array([0.5438, 0.0279]), array([0.54195952, 0.01828571]), 0.7854, 0.0]
[19, array([0.5438, 0.0279]), array([0.54240714, 0.01828571]), 0.7854, 0.0]
[19, array([0.5438, 0.0279]), array([0.54285476, 0.01828571]), 0.7854, 0.0]
[19, array([0.5438, 0.0279]), array([0.54330238, 0.01828571]), 0.7854, 0.0]
[19, array([0.5438, 0.0279]), array([0.54375   , 0.01828571]), 0.7854, 0.0]
[19, array([0.5438, 0.0279]), array([0.53435   , 0.01873333]), 0.7854, 0.0]
[19, array([0.5438, 0.0279]), array([0.53479762, 0.01873333]), 0.7854, 0.0]
[19, array([0.5438, 0.0279]), array([0.53524524, 0.01873333]), 0.7854, 0.0]
[19, array([0.5438, 0.0279]), array([0.53569286, 0.01873333]), 0.7854, 0.0]
[19, array([0.5438, 0.0279]), array([0.53614048, 0.01873333]), 0.7854, 0.0]
[19, array([0.5438, 0.0279]), array([0.5365881 , 0.01873333]), 0.7854, 0.0]
[19, array([0.5438, 0.0279]), array([0.53703571, 0.01873333]), 0.7854, 0.0]
[19, array([0.5438, 0.0279]), array([0.53748333, 0.01873333]), 0.7854, 0.0]
[19, array([0.5438, 0.0279]), array([0.53793095, 0.01873333]), 0.7854, 0.0]
[19, array([0.5438, 0.0279]), array([0.53837857, 0.01873333]), 0.7854, 0.0]
[19, array([0.5438, 0.0279]), array([0.53882619, 0.01873333]), 0.7854, 0.0]
[19, array([0.5438, 0.0279]), array([0.53927381, 0.01873333]), 0.7854, 0.0]
[19, array([0.5438, 0.0279]), array([0.53972143, 0.01873333]), 0.7854, 0.0]
[19, array([0.5438, 0.0279]), array([0.54016905, 0.01873333]), 0.7854, 0.0]
[19, array([0.5438, 0.0279]), array([0.54061667, 0.01873333]), 0.7854, 0.0]
[19, array([0.5438, 0.0279]), array([0.54106429, 0.01873333]), 0.7854, 0.0]
[19, array([0.5438, 0.0279]), array([0.5415119 , 0.01873333]), 0.7854, 0.0]
[19, array([0.5438, 0.0279]), array([0.54195952, 0.01873333]), 0.7854, 0.0]
[19, array([0.5438, 0.0279]), array([0.54240714, 0.01873333]), 0.7854, 0.0]
[19, array([0.5438, 0.0279]), array([0.54285476, 0.01873333]), 0.7854, 0.0]
[19, array([0.5438, 0.0279]), array([0.54330238, 0.01873333]), 0.7854, 0.0]
[19, array([0.5438, 0.0279]), array([0.54375   , 0.01873333]), 0.7854, 0.0]
[19, array([0.5438, 0.0279]), array([0.53435   , 0.01918095]), 0.7854, 0.0]
[19, array([0.5438, 0.0279]), array([0.53479762, 0.01918095]), 0.7854, 0.0]
[19, array([0.5438, 0.0279]), array([0.53524524, 0.01918095]), 0.7854, 0.0]
[19, array([0.5438, 0.0279]), array([0.53569286, 0.01918095]), 0.7854, 0.0]
[19, array([0.5438, 0.0279]), array([0.53614048, 0.01918095]), 0.7854, 0.0]
[19, array([0.5438, 0.0279]), array([0.5365881 , 0.01918095]), 0.7854, 0.0]
[19, array([0.5438, 0.0279]), array([0.53703571, 0.01918095]), 0.7854, 0.0]
[19, array([0.5438, 0.0279]), array([0.53748333, 0.01918095]), 0.7854, 0.0]
[19, array([0.5438, 0.0279]), array([0.53793095, 0.01918095]), 0.7854, 0.0]
[19, array([0.5438, 0.0279]), array([0.53837857, 0.01918095]), 0.7854, 0.0]
[19, array([0.5438, 0.0279]), array([0.53882619, 0.01918095]), 0.7854, 0.0]
[19, array([0.5438, 0.0279]), array([0.53927381, 0.01918095]), 0.7854, 0.0]
[19, array([0.5438, 0.0279]), array([0.53972143, 0.01918095]), 0.7854, 0.0]
[19, array([0.5438, 0.0279]), array([0.54016905, 0.01918095]), 0.7854, 0.0]
[19, array([0.5438, 0.0279]), array([0.54061667, 0.01918095]), 0.7854, 0.0]
[19, array([0.5438, 0.0279]), array([0.54106429, 0.01918095]), 0.7854, 0.0]
[19, array([0.5438, 0.0279]), array([0.5415119 , 0.01918095]), 0.7854, 0.0]
[19, array([0.5438, 0.0279]), array([0.54195952, 0.01918095]), 0.7854, 0.0]
[19, array([0.5438, 0.0279]), array([0.54240714, 0.01918095]), 0.7854, 0.0]
[19, array([0.5438, 0.0279]), array([0.54285476, 0.01918095]), 0.7854, 0.0]
[19, array([0.5438, 0.0279]), array([0.54330238, 0.01918095]), 0.7854, 0.0]
[19, array([0.5438, 0.0279]), array([0.54375   , 0.01918095]), 0.7854, 0.0]
[19, array([0.5438, 0.0279]), array([0.53435   , 0.01962857]), 0.7854, 0.0]
[19, array([0.5438, 0.0279]), array([0.53479762, 0.01962857]), 0.7854, 0.0]
[19, array([0.5438, 0.0279]), array([0.53524524, 0.01962857]), 0.7854, 0.0]
[19, array([0.5438, 0.0279]), array([0.53569286, 0.01962857]), 0.7854, 0.0]
[19, array([0.5438, 0.0279]), array([0.53614048, 0.01962857]), 0.7854, 0.0]
[19, array([0.5438, 0.0279]), array([0.5365881 , 0.01962857]), 0.7854, 0.0]
[19, array([0.5438, 0.0279]), array([0.53703571, 0.01962857]), 0.7854, 0.0]
[19, array([0.5438, 0.0279]), array([0.53748333, 0.01962857]), 0.7854, 0.0]
[19, array([0.5438, 0.0279]), array([0.53793095, 0.01962857]), 0.7854, 0.0]
[19, array([0.5438, 0.0279]), array([0.53837857, 0.01962857]), 0.7854, 0.0]
[19, array([0.5438, 0.0279]), array([0.53882619, 0.01962857]), 0.7854, 0.0]
[19, array([0.5438, 0.0279]), array([0.53927381, 0.01962857]), 0.7854, 0.0]
[19, array([0.5438, 0.0279]), array([0.53972143, 0.01962857]), 0.7854, 0.0]
[19, array([0.5438, 0.0279]), array([0.54016905, 0.01962857]), 0.7854, 0.0]
[19, array([0.5438, 0.0279]), array([0.54061667, 0.01962857]), 0.7854, 0.0]
[19, array([0.5438, 0.0279]), array([0.54106429, 0.01962857]), 0.7854, 0.0]
[19, array([0.5438, 0.0279]), array([0.5415119 , 0.01962857]), 0.7854, 0.0]
[19, array([0.5438, 0.0279]), array([0.54195952, 0.01962857]), 0.7854, 0.0]
[19, array([0.5438, 0.0279]), array([0.54240714, 0.01962857]), 0.7854, 0.0]
[19, array([0.5438, 0.0279]), array([0.54285476, 0.01962857]), 0.7854, 0.0]
[19, array([0.5438, 0.0279]), array([0.54330238, 0.01962857]), 0.7854, 0.0]
[19, array([0.5438, 0.0279]), array([0.54375   , 0.01962857]), 0.7854, 0.0]
[19, array([0.5438, 0.0279]), array([0.53435   , 0.02007619]), 0.7854, 0.0]
[19, array([0.5438, 0.0279]), array([0.53479762, 0.02007619]), 0.7854, 0.0]
[19, array([0.5438, 0.0279]), array([0.53524524, 0.02007619]), 0.7854, 0.0]
[19, array([0.5438, 0.0279]), array([0.53569286, 0.02007619]), 0.7854, 0.0]
[19, array([0.5438, 0.0279]), array([0.53614048, 0.02007619]), 0.7854, 0.0]
[19, array([0.5438, 0.0279]), array([0.5365881 , 0.02007619]), 0.7854, 0.0]
[19, array([0.5438, 0.0279]), array([0.53703571, 0.02007619]), 0.7854, 0.0]
[19, array([0.5438, 0.0279]), array([0.53748333, 0.02007619]), 0.7854, 0.0]
[19, array([0.5438, 0.0279]), array([0.53793095, 0.02007619]), 0.7854, 0.0]
[19, array([0.5438, 0.0279]), array([0.53837857, 0.02007619]), 0.7854, 0.0]
[19, array([0.5438, 0.0279]), array([0.53882619, 0.02007619]), 0.7854, 0.0]
[19, array([0.5438, 0.0279]), array([0.53927381, 0.02007619]), 0.7854, 0.0]
[19, array([0.5438, 0.0279]), array([0.53972143, 0.02007619]), 0.7854, 0.0]
[19, array([0.5438, 0.0279]), array([0.54016905, 0.02007619]), 0.7854, 0.0]
[19, array([0.5438, 0.0279]), array([0.54061667, 0.02007619]), 0.7854, 0.0]
[19, array([0.5438, 0.0279]), array([0.54106429, 0.02007619]), 0.7854, 0.0]
[19, array([0.5438, 0.0279]), array([0.5415119 , 0.02007619]), 0.7854, 0.0]
[19, array([0.5438, 0.0279]), array([0.54195952, 0.02007619]), 0.7854, 0.0]
[19, array([0.5438, 0.0279]), array([0.54240714, 0.02007619]), 0.7854, 0.0]
[19, array([0.5438, 0.0279]), array([0.54285476, 0.02007619]), 0.7854, 0.0]
[19, array([0.5438, 0.0279]), array([0.54330238, 0.02007619]), 0.7854, 0.0]
[19, array([0.5438, 0.0279]), array([0.54375   , 0.02007619]), 0.7854, 0.0]
[19, array([0.5438, 0.0279]), array([0.53435   , 0.02052381]), 0.7854, 0.0]
[19, array([0.5438, 0.0279]), array([0.53479762, 0.02052381]), 0.7854, 0.0]
[19, array([0.5438, 0.0279]), array([0.53524524, 0.02052381]), 0.7854, 0.0]
[19, array([0.5438, 0.0279]), array([0.53569286, 0.02052381]), 0.7854, 0.0]
[19, array([0.5438, 0.0279]), array([0.53614048, 0.02052381]), 0.7854, 0.0]
[19, array([0.5438, 0.0279]), array([0.5365881 , 0.02052381]), 0.7854, 0.0]
[19, array([0.5438, 0.0279]), array([0.53703571, 0.02052381]), 0.7854, 0.0]
[19, array([0.5438, 0.0279]), array([0.53748333, 0.02052381]), 0.7854, 0.0]
[19, array([0.5438, 0.0279]), array([0.53793095, 0.02052381]), 0.7854, 0.0]
[19, array([0.5438, 0.0279]), array([0.53837857, 0.02052381]), 0.7854, 0.0]
[19, array([0.5438, 0.0279]), array([0.53882619, 0.02052381]), 0.7854, 0.0]
[19, array([0.5438, 0.0279]), array([0.53927381, 0.02052381]), 0.7854, 0.0]
[19, array([0.5438, 0.0279]), array([0.53972143, 0.02052381]), 0.7854, 0.0]
[19, array([0.5438, 0.0279]), array([0.54016905, 0.02052381]), 0.7854, 0.0]
[19, array([0.5438, 0.0279]), array([0.54061667, 0.02052381]), 0.7854, 0.0]
[19, array([0.5438, 0.0279]), array([0.54106429, 0.02052381]), 0.7854, 0.0]
[19, array([0.5438, 0.0279]), array([0.5415119 , 0.02052381]), 0.7854, 0.0]
[19, array([0.5438, 0.0279]), array([0.54195952, 0.02052381]), 0.7854, 0.0]
[19, array([0.5438, 0.0279]), array([0.54240714, 0.02052381]), 0.7854, 0.0]
[19, array([0.5438, 0.0279]), array([0.54285476, 0.02052381]), 0.7854, 0.0]
[19, array([0.5438, 0.0279]), array([0.54330238, 0.02052381]), 0.7854, 0.0]
[19, array([0.5438, 0.0279]), array([0.54375   , 0.02052381]), 0.7854, 0.0]
[19, array([0.5438, 0.0279]), array([0.53435   , 0.02097143]), 0.7854, 0.0]
[19, array([0.5438, 0.0279]), array([0.53479762, 0.02097143]), 0.7854, 0.0]
[19, array([0.5438, 0.0279]), array([0.53524524, 0.02097143]), 0.7854, 0.0]
[19, array([0.5438, 0.0279]), array([0.53569286, 0.02097143]), 0.7854, 0.0]
[19, array([0.5438, 0.0279]), array([0.53614048, 0.02097143]), 0.7854, 0.0]
[19, array([0.5438, 0.0279]), array([0.5365881 , 0.02097143]), 0.7854, 0.0]
[19, array([0.5438, 0.0279]), array([0.53703571, 0.02097143]), 0.7854, 0.0]
[19, array([0.5438, 0.0279]), array([0.53748333, 0.02097143]), 0.7854, 0.0]
[19, array([0.5438, 0.0279]), array([0.53793095, 0.02097143]), 0.7854, 0.0]
[19, array([0.5438, 0.0279]), array([0.53837857, 0.02097143]), 0.7854, 0.0]
[19, array([0.5438, 0.0279]), array([0.53882619, 0.02097143]), 0.7854, 0.0]
[19, array([0.5438, 0.0279]), array([0.53927381, 0.02097143]), 0.7854, 0.0]
[19, array([0.5438, 0.0279]), array([0.53972143, 0.02097143]), 0.7854, 0.0]
[19, array([0.5438, 0.0279]), array([0.54016905, 0.02097143]), 0.7854, 0.0]
[19, array([0.5438, 0.0279]), array([0.54061667, 0.02097143]), 0.7854, 0.0]
[19, array([0.5438, 0.0279]), array([0.54106429, 0.02097143]), 0.7854, 0.0]
[19, array([0.5438, 0.0279]), array([0.5415119 , 0.02097143]), 0.7854, 0.0]
[19, array([0.5438, 0.0279]), array([0.54195952, 0.02097143]), 0.7854, 0.0]
[19, array([0.5438, 0.0279]), array([0.54240714, 0.02097143]), 0.7854, 0.0]
[19, array([0.5438, 0.0279]), array([0.54285476, 0.02097143]), 0.7854, 0.0]
[19, array([0.5438, 0.0279]), array([0.54330238, 0.02097143]), 0.7854, 0.0]
[19, array([0.5438, 0.0279]), array([0.54375   , 0.02097143]), 0.7854, 0.0]
[19, array([0.5438, 0.0279]), array([0.53435   , 0.02141905]), 0.7854, 0.0]
[19, array([0.5438, 0.0279]), array([0.53479762, 0.02141905]), 0.7854, 0.0]
[19, array([0.5438, 0.0279]), array([0.53524524, 0.02141905]), 0.7854, 0.0]
[19, array([0.5438, 0.0279]), array([0.53569286, 0.02141905]), 0.7854, 0.0]
[19, array([0.5438, 0.0279]), array([0.53614048, 0.02141905]), 0.7854, 0.0]
[19, array([0.5438, 0.0279]), array([0.5365881 , 0.02141905]), 0.7854, 0.0]
[19, array([0.5438, 0.0279]), array([0.53703571, 0.02141905]), 0.7854, 0.0]
[19, array([0.5438, 0.0279]), array([0.53748333, 0.02141905]), 0.7854, 0.0]
[19, array([0.5438, 0.0279]), array([0.53793095, 0.02141905]), 0.7854, 0.0]
[19, array([0.5438, 0.0279]), array([0.53837857, 0.02141905]), 0.7854, 0.0]
[19, array([0.5438, 0.0279]), array([0.53882619, 0.02141905]), 0.7854, 0.0]
[19, array([0.5438, 0.0279]), array([0.53927381, 0.02141905]), 0.7854, 1.0]
[19, array([0.5438, 0.0279]), array([0.53972143, 0.02141905]), 0.7854, 0.0]
[19, array([0.5438, 0.0279]), array([0.54016905, 0.02141905]), 0.7854, 0.0]
[19, array([0.5438, 0.0279]), array([0.54061667, 0.02141905]), 0.7854, 0.0]
[19, array([0.5438, 0.0279]), array([0.54106429, 0.02141905]), 0.7854, 1.0]
[19, array([0.5438, 0.0279]), array([0.5415119 , 0.02141905]), 0.7854, 0.0]
[19, array([0.5438, 0.0279]), array([0.54195952, 0.02141905]), 0.7854, 0.0]
[19, array([0.5438, 0.0279]), array([0.54240714, 0.02141905]), 0.7854, 0.0]
[19, array([0.5438, 0.0279]), array([0.54285476, 0.02141905]), 0.7854, 0.0]
[19, array([0.5438, 0.0279]), array([0.54330238, 0.02141905]), 0.7854, 0.0]
[19, array([0.5438, 0.0279]), array([0.54375   , 0.02141905]), 0.7854, 0.0]
[19, array([0.5438, 0.0279]), array([0.53435   , 0.02186667]), 0.7854, 0.0]
[19, array([0.5438, 0.0279]), array([0.53479762, 0.02186667]), 0.7854, 0.0]
[19, array([0.5438, 0.0279]), array([0.53524524, 0.02186667]), 0.7854, 0.0]
[19, array([0.5438, 0.0279]), array([0.53569286, 0.02186667]), 0.7854, 0.0]
[19, array([0.5438, 0.0279]), array([0.53614048, 0.02186667]), 0.7854, 0.0]
[19, array([0.5438, 0.0279]), array([0.5365881 , 0.02186667]), 0.7854, 0.0]
[19, array([0.5438, 0.0279]), array([0.53703571, 0.02186667]), 0.7854, 0.0]
[19, array([0.5438, 0.0279]), array([0.53748333, 0.02186667]), 0.7854, 0.0]
[19, array([0.5438, 0.0279]), array([0.53793095, 0.02186667]), 0.7854, 0.0]
[19, array([0.5438, 0.0279]), array([0.53837857, 0.02186667]), 0.7854, 0.0]
[19, array([0.5438, 0.0279]), array([0.53882619, 0.02186667]), 0.7854, 0.0]
[19, array([0.5438, 0.0279]), array([0.53927381, 0.02186667]), 0.7854, 1.0]
[19, array([0.5438, 0.0279]), array([0.53972143, 0.02186667]), 0.7854, 0.0]
[19, array([0.5438, 0.0279]), array([0.54016905, 0.02186667]), 0.7854, 0.0]
[19, array([0.5438, 0.0279]), array([0.54061667, 0.02186667]), 0.7854, 0.0]
[19, array([0.5438, 0.0279]), array([0.54106429, 0.02186667]), 0.7854, 0.0]
[19, array([0.5438, 0.0279]), array([0.5415119 , 0.02186667]), 0.7854, 1.0]
[19, array([0.5438, 0.0279]), array([0.54195952, 0.02186667]), 0.7854, 0.0]
[19, array([0.5438, 0.0279]), array([0.54240714, 0.02186667]), 0.7854, 0.0]
[19, array([0.5438, 0.0279]), array([0.54285476, 0.02186667]), 0.7854, 0.0]
[19, array([0.5438, 0.0279]), array([0.54330238, 0.02186667]), 0.7854, 0.0]
[19, array([0.5438, 0.0279]), array([0.54375   , 0.02186667]), 0.7854, 0.0]
[19, array([0.5438, 0.0279]), array([0.53435   , 0.02231429]), 0.7854, 0.0]
[19, array([0.5438, 0.0279]), array([0.53479762, 0.02231429]), 0.7854, 0.0]
[19, array([0.5438, 0.0279]), array([0.53524524, 0.02231429]), 0.7854, 0.0]
[19, array([0.5438, 0.0279]), array([0.53569286, 0.02231429]), 0.7854, 0.0]
[19, array([0.5438, 0.0279]), array([0.53614048, 0.02231429]), 0.7854, 0.0]
[19, array([0.5438, 0.0279]), array([0.5365881 , 0.02231429]), 0.7854, 0.0]
[19, array([0.5438, 0.0279]), array([0.53703571, 0.02231429]), 0.7854, 0.0]
[19, array([0.5438, 0.0279]), array([0.53748333, 0.02231429]), 0.7854, 0.0]
[19, array([0.5438, 0.0279]), array([0.53793095, 0.02231429]), 0.7854, 0.0]
[19, array([0.5438, 0.0279]), array([0.53837857, 0.02231429]), 0.7854, 0.0]
[19, array([0.5438, 0.0279]), array([0.53882619, 0.02231429]), 0.7854, 0.0]
[19, array([0.5438, 0.0279]), array([0.53927381, 0.02231429]), 0.7854, 0.0]
[19, array([0.5438, 0.0279]), array([0.53972143, 0.02231429]), 0.7854, 1.0]
[19, array([0.5438, 0.0279]), array([0.54016905, 0.02231429]), 0.7854, 0.0]
[19, array([0.5438, 0.0279]), array([0.54061667, 0.02231429]), 0.7854, 0.0]
[19, array([0.5438, 0.0279]), array([0.54106429, 0.02231429]), 0.7854, 0.0]
[19, array([0.5438, 0.0279]), array([0.5415119 , 0.02231429]), 0.7854, 1.0]
[19, array([0.5438, 0.0279]), array([0.54195952, 0.02231429]), 0.7854, 0.0]
[19, array([0.5438, 0.0279]), array([0.54240714, 0.02231429]), 0.7854, 0.0]
[19, array([0.5438, 0.0279]), array([0.54285476, 0.02231429]), 0.7854, 0.0]
[19, array([0.5438, 0.0279]), array([0.54330238, 0.02231429]), 0.7854, 0.0]
[19, array([0.5438, 0.0279]), array([0.54375   , 0.02231429]), 0.7854, 0.0]
[19, array([0.5438, 0.0279]), array([0.53435  , 0.0227619]), 0.7854, 0.0]
[19, array([0.5438, 0.0279]), array([0.53479762, 0.0227619 ]), 0.7854, 0.0]
[19, array([0.5438, 0.0279]), array([0.53524524, 0.0227619 ]), 0.7854, 0.0]
[19, array([0.5438, 0.0279]), array([0.53569286, 0.0227619 ]), 0.7854, 0.0]
[19, array([0.5438, 0.0279]), array([0.53614048, 0.0227619 ]), 0.7854, 0.0]
[19, array([0.5438, 0.0279]), array([0.5365881, 0.0227619]), 0.7854, 0.0]
[19, array([0.5438, 0.0279]), array([0.53703571, 0.0227619 ]), 0.7854, 0.0]
[19, array([0.5438, 0.0279]), array([0.53748333, 0.0227619 ]), 0.7854, 0.0]
[19, array([0.5438, 0.0279]), array([0.53793095, 0.0227619 ]), 0.7854, 0.0]
[19, array([0.5438, 0.0279]), array([0.53837857, 0.0227619 ]), 0.7854, 0.0]
[19, array([0.5438, 0.0279]), array([0.53882619, 0.0227619 ]), 0.7854, 0.0]
[19, array([0.5438, 0.0279]), array([0.53927381, 0.0227619 ]), 0.7854, 0.0]
[19, array([0.5438, 0.0279]), array([0.53972143, 0.0227619 ]), 0.7854, 0.0]
[19, array([0.5438, 0.0279]), array([0.54016905, 0.0227619 ]), 0.7854, 0.0]
[19, array([0.5438, 0.0279]), array([0.54061667, 0.0227619 ]), 0.7854, 0.0]
[19, array([0.5438, 0.0279]), array([0.54106429, 0.0227619 ]), 0.7854, 0.0]
[19, array([0.5438, 0.0279]), array([0.5415119, 0.0227619]), 0.7854, 0.0]
[19, array([0.5438, 0.0279]), array([0.54195952, 0.0227619 ]), 0.7854, 0.0]
[19, array([0.5438, 0.0279]), array([0.54240714, 0.0227619 ]), 0.7854, 0.0]
[19, array([0.5438, 0.0279]), array([0.54285476, 0.0227619 ]), 0.7854, 0.0]
[19, array([0.5438, 0.0279]), array([0.54330238, 0.0227619 ]), 0.7854, 0.0]
[19, array([0.5438, 0.0279]), array([0.54375  , 0.0227619]), 0.7854, 0.0]
[19, array([0.5438, 0.0279]), array([0.53435   , 0.02320952]), 0.7854, 0.0]
[19, array([0.5438, 0.0279]), array([0.53479762, 0.02320952]), 0.7854, 0.0]
[19, array([0.5438, 0.0279]), array([0.53524524, 0.02320952]), 0.7854, 0.0]
[19, array([0.5438, 0.0279]), array([0.53569286, 0.02320952]), 0.7854, 0.0]
[19, array([0.5438, 0.0279]), array([0.53614048, 0.02320952]), 0.7854, 0.0]
[19, array([0.5438, 0.0279]), array([0.5365881 , 0.02320952]), 0.7854, 0.0]
[19, array([0.5438, 0.0279]), array([0.53703571, 0.02320952]), 0.7854, 0.0]
[19, array([0.5438, 0.0279]), array([0.53748333, 0.02320952]), 0.7854, 0.0]
[19, array([0.5438, 0.0279]), array([0.53793095, 0.02320952]), 0.7854, 0.0]
[19, array([0.5438, 0.0279]), array([0.53837857, 0.02320952]), 0.7854, 0.0]
[19, array([0.5438, 0.0279]), array([0.53882619, 0.02320952]), 0.7854, 0.0]
[19, array([0.5438, 0.0279]), array([0.53927381, 0.02320952]), 0.7854, 0.0]
[19, array([0.5438, 0.0279]), array([0.53972143, 0.02320952]), 0.7854, 0.0]
[19, array([0.5438, 0.0279]), array([0.54016905, 0.02320952]), 0.7854, 0.0]
[19, array([0.5438, 0.0279]), array([0.54061667, 0.02320952]), 0.7854, 0.0]
[19, array([0.5438, 0.0279]), array([0.54106429, 0.02320952]), 0.7854, 0.0]
[19, array([0.5438, 0.0279]), array([0.5415119 , 0.02320952]), 0.7854, 0.0]
[19, array([0.5438, 0.0279]), array([0.54195952, 0.02320952]), 0.7854, 0.0]
[19, array([0.5438, 0.0279]), array([0.54240714, 0.02320952]), 0.7854, 0.0]
[19, array([0.5438, 0.0279]), array([0.54285476, 0.02320952]), 0.7854, 0.0]
[19, array([0.5438, 0.0279]), array([0.54330238, 0.02320952]), 0.7854, 0.0]
[19, array([0.5438, 0.0279]), array([0.54375   , 0.02320952]), 0.7854, 0.0]
[19, array([0.5438, 0.0279]), array([0.53435   , 0.02365714]), 0.7854, 0.0]
[19, array([0.5438, 0.0279]), array([0.53479762, 0.02365714]), 0.7854, 0.0]
[19, array([0.5438, 0.0279]), array([0.53524524, 0.02365714]), 0.7854, 0.0]
[19, array([0.5438, 0.0279]), array([0.53569286, 0.02365714]), 0.7854, 0.0]
[19, array([0.5438, 0.0279]), array([0.53614048, 0.02365714]), 0.7854, 0.0]
[19, array([0.5438, 0.0279]), array([0.5365881 , 0.02365714]), 0.7854, 0.0]
[19, array([0.5438, 0.0279]), array([0.53703571, 0.02365714]), 0.7854, 0.0]
[19, array([0.5438, 0.0279]), array([0.53748333, 0.02365714]), 0.7854, 0.0]
[19, array([0.5438, 0.0279]), array([0.53793095, 0.02365714]), 0.7854, 0.0]
[19, array([0.5438, 0.0279]), array([0.53837857, 0.02365714]), 0.7854, 0.0]
[19, array([0.5438, 0.0279]), array([0.53882619, 0.02365714]), 0.7854, 0.0]
[19, array([0.5438, 0.0279]), array([0.53927381, 0.02365714]), 0.7854, 0.0]
[19, array([0.5438, 0.0279]), array([0.53972143, 0.02365714]), 0.7854, 0.0]
[19, array([0.5438, 0.0279]), array([0.54016905, 0.02365714]), 0.7854, 0.0]
[19, array([0.5438, 0.0279]), array([0.54061667, 0.02365714]), 0.7854, 0.0]
[19, array([0.5438, 0.0279]), array([0.54106429, 0.02365714]), 0.7854, 0.0]
[19, array([0.5438, 0.0279]), array([0.5415119 , 0.02365714]), 0.7854, 0.0]
[19, array([0.5438, 0.0279]), array([0.54195952, 0.02365714]), 0.7854, 0.0]
[19, array([0.5438, 0.0279]), array([0.54240714, 0.02365714]), 0.7854, 0.0]
[19, array([0.5438, 0.0279]), array([0.54285476, 0.02365714]), 0.7854, 0.0]
[19, array([0.5438, 0.0279]), array([0.54330238, 0.02365714]), 0.7854, 0.0]
[19, array([0.5438, 0.0279]), array([0.54375   , 0.02365714]), 0.7854, 0.0]
[19, array([0.5438, 0.0279]), array([0.53435   , 0.02410476]), 0.7854, 0.0]
[19, array([0.5438, 0.0279]), array([0.53479762, 0.02410476]), 0.7854, 0.0]
[19, array([0.5438, 0.0279]), array([0.53524524, 0.02410476]), 0.7854, 0.0]
[19, array([0.5438, 0.0279]), array([0.53569286, 0.02410476]), 0.7854, 0.0]
[19, array([0.5438, 0.0279]), array([0.53614048, 0.02410476]), 0.7854, 0.0]
[19, array([0.5438, 0.0279]), array([0.5365881 , 0.02410476]), 0.7854, 0.0]
[19, array([0.5438, 0.0279]), array([0.53703571, 0.02410476]), 0.7854, 0.0]
[19, array([0.5438, 0.0279]), array([0.53748333, 0.02410476]), 0.7854, 0.0]
[19, array([0.5438, 0.0279]), array([0.53793095, 0.02410476]), 0.7854, 0.0]
[19, array([0.5438, 0.0279]), array([0.53837857, 0.02410476]), 0.7854, 0.0]
[19, array([0.5438, 0.0279]), array([0.53882619, 0.02410476]), 0.7854, 1.0]
[19, array([0.5438, 0.0279]), array([0.53927381, 0.02410476]), 0.7854, 0.0]
[19, array([0.5438, 0.0279]), array([0.53972143, 0.02410476]), 0.7854, 0.0]
[19, array([0.5438, 0.0279]), array([0.54016905, 0.02410476]), 0.7854, 1.0]
[19, array([0.5438, 0.0279]), array([0.54061667, 0.02410476]), 0.7854, 0.0]
[19, array([0.5438, 0.0279]), array([0.54106429, 0.02410476]), 0.7854, 0.0]
[19, array([0.5438, 0.0279]), array([0.5415119 , 0.02410476]), 0.7854, 0.0]
[19, array([0.5438, 0.0279]), array([0.54195952, 0.02410476]), 0.7854, 1.0]
[19, array([0.5438, 0.0279]), array([0.54240714, 0.02410476]), 0.7854, 0.0]
[19, array([0.5438, 0.0279]), array([0.54285476, 0.02410476]), 0.7854, 0.0]
[19, array([0.5438, 0.0279]), array([0.54330238, 0.02410476]), 0.7854, 0.0]
[19, array([0.5438, 0.0279]), array([0.54375   , 0.02410476]), 0.7854, 0.0]
[19, array([0.5438, 0.0279]), array([0.53435   , 0.02455238]), 0.7854, 0.0]
[19, array([0.5438, 0.0279]), array([0.53479762, 0.02455238]), 0.7854, 0.0]
[19, array([0.5438, 0.0279]), array([0.53524524, 0.02455238]), 0.7854, 0.0]
[19, array([0.5438, 0.0279]), array([0.53569286, 0.02455238]), 0.7854, 0.0]
[19, array([0.5438, 0.0279]), array([0.53614048, 0.02455238]), 0.7854, 0.0]
[19, array([0.5438, 0.0279]), array([0.5365881 , 0.02455238]), 0.7854, 0.0]
[19, array([0.5438, 0.0279]), array([0.53703571, 0.02455238]), 0.7854, 0.0]
[19, array([0.5438, 0.0279]), array([0.53748333, 0.02455238]), 0.7854, 0.0]
[19, array([0.5438, 0.0279]), array([0.53793095, 0.02455238]), 0.7854, 0.0]
[19, array([0.5438, 0.0279]), array([0.53837857, 0.02455238]), 0.7854, 0.0]
[19, array([0.5438, 0.0279]), array([0.53882619, 0.02455238]), 0.7854, 0.0]
[19, array([0.5438, 0.0279]), array([0.53927381, 0.02455238]), 0.7854, 0.0]
[19, array([0.5438, 0.0279]), array([0.53972143, 0.02455238]), 0.7854, 0.0]
[19, array([0.5438, 0.0279]), array([0.54016905, 0.02455238]), 0.7854, 0.0]
[19, array([0.5438, 0.0279]), array([0.54061667, 0.02455238]), 0.7854, 0.0]
[19, array([0.5438, 0.0279]), array([0.54106429, 0.02455238]), 0.7854, 0.0]
[19, array([0.5438, 0.0279]), array([0.5415119 , 0.02455238]), 0.7854, 0.0]
[19, array([0.5438, 0.0279]), array([0.54195952, 0.02455238]), 0.7854, 0.0]
[19, array([0.5438, 0.0279]), array([0.54240714, 0.02455238]), 0.7854, 0.0]
[19, array([0.5438, 0.0279]), array([0.54285476, 0.02455238]), 0.7854, 0.0]
[19, array([0.5438, 0.0279]), array([0.54330238, 0.02455238]), 0.7854, 0.0]
[19, array([0.5438, 0.0279]), array([0.54375   , 0.02455238]), 0.7854, 0.0]
[19, array([0.5438, 0.0279]), array([0.53435, 0.025  ]), 0.7854, 0.0]
[19, array([0.5438, 0.0279]), array([0.53479762, 0.025     ]), 0.7854, 0.0]
[19, array([0.5438, 0.0279]), array([0.53524524, 0.025     ]), 0.7854, 0.0]
[19, array([0.5438, 0.0279]), array([0.53569286, 0.025     ]), 0.7854, 0.0]
[19, array([0.5438, 0.0279]), array([0.53614048, 0.025     ]), 0.7854, 0.0]
[19, array([0.5438, 0.0279]), array([0.5365881, 0.025    ]), 0.7854, 0.0]
[19, array([0.5438, 0.0279]), array([0.53703571, 0.025     ]), 0.7854, 0.0]
[19, array([0.5438, 0.0279]), array([0.53748333, 0.025     ]), 0.7854, 0.0]
[19, array([0.5438, 0.0279]), array([0.53793095, 0.025     ]), 0.7854, 0.0]
[19, array([0.5438, 0.0279]), array([0.53837857, 0.025     ]), 0.7854, 0.0]
[19, array([0.5438, 0.0279]), array([0.53882619, 0.025     ]), 0.7854, 0.0]
[19, array([0.5438, 0.0279]), array([0.53927381, 0.025     ]), 0.7854, 0.0]
[19, array([0.5438, 0.0279]), array([0.53972143, 0.025     ]), 0.7854, 0.0]
[19, array([0.5438, 0.0279]), array([0.54016905, 0.025     ]), 0.7854, 1.0]
[19, array([0.5438, 0.0279]), array([0.54061667, 0.025     ]), 0.7854, 0.0]
[19, array([0.5438, 0.0279]), array([0.54106429, 0.025     ]), 0.7854, 0.0]
[19, array([0.5438, 0.0279]), array([0.5415119, 0.025    ]), 0.7854, 1.0]
[19, array([0.5438, 0.0279]), array([0.54195952, 0.025     ]), 0.7854, 1.0]
[19, array([0.5438, 0.0279]), array([0.54240714, 0.025     ]), 0.7854, 1.0]
[19, array([0.5438, 0.0279]), array([0.54285476, 0.025     ]), 0.7854, 0.0]
[19, array([0.5438, 0.0279]), array([0.54330238, 0.025     ]), 0.7854, 0.0]
[19, array([0.5438, 0.0279]), array([0.54375, 0.025  ]), 0.7854, 0.0]
[6, array([0.5382, 0.0365]), array([0.5344 , 0.03285]), 0.7854, 1.0]
[6, array([0.5382, 0.0365]), array([0.53454762, 0.03285   ]), 0.7854, 1.0]
[6, array([0.5382, 0.0365]), array([0.53469524, 0.03285   ]), 0.7854, 1.0]
[6, array([0.5382, 0.0365]), array([0.53484286, 0.03285   ]), 0.7854, 1.0]
[6, array([0.5382, 0.0365]), array([0.53499048, 0.03285   ]), 0.7854, 1.0]
[6, array([0.5382, 0.0365]), array([0.5351381, 0.03285  ]), 0.7854, 1.0]
[6, array([0.5382, 0.0365]), array([0.53528571, 0.03285   ]), 0.7854, 1.0]
[6, array([0.5382, 0.0365]), array([0.53543333, 0.03285   ]), 0.7854, 1.0]
[6, array([0.5382, 0.0365]), array([0.53558095, 0.03285   ]), 0.7854, 1.0]
[6, array([0.5382, 0.0365]), array([0.53572857, 0.03285   ]), 0.7854, 1.0]
[6, array([0.5382, 0.0365]), array([0.53587619, 0.03285   ]), 0.7854, 1.0]
[6, array([0.5382, 0.0365]), array([0.53602381, 0.03285   ]), 0.7854, 1.0]
[6, array([0.5382, 0.0365]), array([0.53617143, 0.03285   ]), 0.7854, 1.0]
[6, array([0.5382, 0.0365]), array([0.53631905, 0.03285   ]), 0.7854, 1.0]
[6, array([0.5382, 0.0365]), array([0.53646667, 0.03285   ]), 0.7854, 1.0]
[6, array([0.5382, 0.0365]), array([0.53661429, 0.03285   ]), 0.7854, 1.0]
[6, array([0.5382, 0.0365]), array([0.5367619, 0.03285  ]), 0.7854, 1.0]
[6, array([0.5382, 0.0365]), array([0.53690952, 0.03285   ]), 0.7854, 1.0]
[6, array([0.5382, 0.0365]), array([0.53705714, 0.03285   ]), 0.7854, 1.0]
[6, array([0.5382, 0.0365]), array([0.53720476, 0.03285   ]), 0.7854, 1.0]
[6, array([0.5382, 0.0365]), array([0.53735238, 0.03285   ]), 0.7854, 1.0]
[6, array([0.5382, 0.0365]), array([0.5375 , 0.03285]), 0.7854, 1.0]
[6, array([0.5382, 0.0365]), array([0.5344    , 0.03299762]), 0.7854, 1.0]
[6, array([0.5382, 0.0365]), array([0.53454762, 0.03299762]), 0.7854, 1.0]
[6, array([0.5382, 0.0365]), array([0.53469524, 0.03299762]), 0.7854, 1.0]
[6, array([0.5382, 0.0365]), array([0.53484286, 0.03299762]), 0.7854, 1.0]
[6, array([0.5382, 0.0365]), array([0.53499048, 0.03299762]), 0.7854, 1.0]
[6, array([0.5382, 0.0365]), array([0.5351381 , 0.03299762]), 0.7854, 1.0]
[6, array([0.5382, 0.0365]), array([0.53528571, 0.03299762]), 0.7854, 1.0]
[6, array([0.5382, 0.0365]), array([0.53543333, 0.03299762]), 0.7854, 1.0]
[6, array([0.5382, 0.0365]), array([0.53558095, 0.03299762]), 0.7854, 1.0]
[6, array([0.5382, 0.0365]), array([0.53572857, 0.03299762]), 0.7854, 1.0]
[6, array([0.5382, 0.0365]), array([0.53587619, 0.03299762]), 0.7854, 1.0]
[6, array([0.5382, 0.0365]), array([0.53602381, 0.03299762]), 0.7854, 1.0]
[6, array([0.5382, 0.0365]), array([0.53617143, 0.03299762]), 0.7854, 1.0]
[6, array([0.5382, 0.0365]), array([0.53631905, 0.03299762]), 0.7854, 1.0]
[6, array([0.5382, 0.0365]), array([0.53646667, 0.03299762]), 0.7854, 1.0]
[6, array([0.5382, 0.0365]), array([0.53661429, 0.03299762]), 0.7854, 1.0]
[6, array([0.5382, 0.0365]), array([0.5367619 , 0.03299762]), 0.7854, 1.0]
[6, array([0.5382, 0.0365]), array([0.53690952, 0.03299762]), 0.7854, 1.0]
[6, array([0.5382, 0.0365]), array([0.53705714, 0.03299762]), 0.7854, 1.0]
[6, array([0.5382, 0.0365]), array([0.53720476, 0.03299762]), 0.7854, 1.0]
[6, array([0.5382, 0.0365]), array([0.53735238, 0.03299762]), 0.7854, 1.0]
[6, array([0.5382, 0.0365]), array([0.5375    , 0.03299762]), 0.7854, 1.0]
[6, array([0.5382, 0.0365]), array([0.5344    , 0.03314524]), 0.7854, 1.0]
[6, array([0.5382, 0.0365]), array([0.53454762, 0.03314524]), 0.7854, 1.0]
[6, array([0.5382, 0.0365]), array([0.53469524, 0.03314524]), 0.7854, 1.0]
[6, array([0.5382, 0.0365]), array([0.53484286, 0.03314524]), 0.7854, 1.0]
[6, array([0.5382, 0.0365]), array([0.53499048, 0.03314524]), 0.7854, 1.0]
[6, array([0.5382, 0.0365]), array([0.5351381 , 0.03314524]), 0.7854, 1.0]
[6, array([0.5382, 0.0365]), array([0.53528571, 0.03314524]), 0.7854, 1.0]
[6, array([0.5382, 0.0365]), array([0.53543333, 0.03314524]), 0.7854, 1.0]
[6, array([0.5382, 0.0365]), array([0.53558095, 0.03314524]), 0.7854, 1.0]
[6, array([0.5382, 0.0365]), array([0.53572857, 0.03314524]), 0.7854, 1.0]
[6, array([0.5382, 0.0365]), array([0.53587619, 0.03314524]), 0.7854, 1.0]
[6, array([0.5382, 0.0365]), array([0.53602381, 0.03314524]), 0.7854, 1.0]
[6, array([0.5382, 0.0365]), array([0.53617143, 0.03314524]), 0.7854, 1.0]
[6, array([0.5382, 0.0365]), array([0.53631905, 0.03314524]), 0.7854, 1.0]
[6, array([0.5382, 0.0365]), array([0.53646667, 0.03314524]), 0.7854, 1.0]
[6, array([0.5382, 0.0365]), array([0.53661429, 0.03314524]), 0.7854, 1.0]
[6, array([0.5382, 0.0365]), array([0.5367619 , 0.03314524]), 0.7854, 1.0]
[6, array([0.5382, 0.0365]), array([0.53690952, 0.03314524]), 0.7854, 1.0]
[6, array([0.5382, 0.0365]), array([0.53705714, 0.03314524]), 0.7854, 1.0]
[6, array([0.5382, 0.0365]), array([0.53720476, 0.03314524]), 0.7854, 1.0]
[6, array([0.5382, 0.0365]), array([0.53735238, 0.03314524]), 0.7854, 1.0]
[6, array([0.5382, 0.0365]), array([0.5375    , 0.03314524]), 0.7854, 1.0]
[6, array([0.5382, 0.0365]), array([0.5344    , 0.03329286]), 0.7854, 1.0]
[6, array([0.5382, 0.0365]), array([0.53454762, 0.03329286]), 0.7854, 1.0]
[6, array([0.5382, 0.0365]), array([0.53469524, 0.03329286]), 0.7854, 1.0]
[6, array([0.5382, 0.0365]), array([0.53484286, 0.03329286]), 0.7854, 1.0]
[6, array([0.5382, 0.0365]), array([0.53499048, 0.03329286]), 0.7854, 1.0]
[6, array([0.5382, 0.0365]), array([0.5351381 , 0.03329286]), 0.7854, 1.0]
[6, array([0.5382, 0.0365]), array([0.53528571, 0.03329286]), 0.7854, 1.0]
[6, array([0.5382, 0.0365]), array([0.53543333, 0.03329286]), 0.7854, 1.0]
[6, array([0.5382, 0.0365]), array([0.53558095, 0.03329286]), 0.7854, 1.0]
[6, array([0.5382, 0.0365]), array([0.53572857, 0.03329286]), 0.7854, 1.0]
[6, array([0.5382, 0.0365]), array([0.53587619, 0.03329286]), 0.7854, 1.0]
[6, array([0.5382, 0.0365]), array([0.53602381, 0.03329286]), 0.7854, 1.0]
[6, array([0.5382, 0.0365]), array([0.53617143, 0.03329286]), 0.7854, 1.0]
[6, array([0.5382, 0.0365]), array([0.53631905, 0.03329286]), 0.7854, 1.0]
[6, array([0.5382, 0.0365]), array([0.53646667, 0.03329286]), 0.7854, 1.0]
[6, array([0.5382, 0.0365]), array([0.53661429, 0.03329286]), 0.7854, 1.0]
[6, array([0.5382, 0.0365]), array([0.5367619 , 0.03329286]), 0.7854, 1.0]
[6, array([0.5382, 0.0365]), array([0.53690952, 0.03329286]), 0.7854, 1.0]
[6, array([0.5382, 0.0365]), array([0.53705714, 0.03329286]), 0.7854, 1.0]
[6, array([0.5382, 0.0365]), array([0.53720476, 0.03329286]), 0.7854, 1.0]
[6, array([0.5382, 0.0365]), array([0.53735238, 0.03329286]), 0.7854, 1.0]
[6, array([0.5382, 0.0365]), array([0.5375    , 0.03329286]), 0.7854, 1.0]
[6, array([0.5382, 0.0365]), array([0.5344    , 0.03344048]), 0.7854, 1.0]
[6, array([0.5382, 0.0365]), array([0.53454762, 0.03344048]), 0.7854, 1.0]
[6, array([0.5382, 0.0365]), array([0.53469524, 0.03344048]), 0.7854, 1.0]
[6, array([0.5382, 0.0365]), array([0.53484286, 0.03344048]), 0.7854, 1.0]
[6, array([0.5382, 0.0365]), array([0.53499048, 0.03344048]), 0.7854, 1.0]
[6, array([0.5382, 0.0365]), array([0.5351381 , 0.03344048]), 0.7854, 1.0]
[6, array([0.5382, 0.0365]), array([0.53528571, 0.03344048]), 0.7854, 1.0]
[6, array([0.5382, 0.0365]), array([0.53543333, 0.03344048]), 0.7854, 1.0]
[6, array([0.5382, 0.0365]), array([0.53558095, 0.03344048]), 0.7854, 1.0]
[6, array([0.5382, 0.0365]), array([0.53572857, 0.03344048]), 0.7854, 1.0]
[6, array([0.5382, 0.0365]), array([0.53587619, 0.03344048]), 0.7854, 1.0]
[6, array([0.5382, 0.0365]), array([0.53602381, 0.03344048]), 0.7854, 1.0]
[6, array([0.5382, 0.0365]), array([0.53617143, 0.03344048]), 0.7854, 1.0]
[6, array([0.5382, 0.0365]), array([0.53631905, 0.03344048]), 0.7854, 1.0]
[6, array([0.5382, 0.0365]), array([0.53646667, 0.03344048]), 0.7854, 1.0]
[6, array([0.5382, 0.0365]), array([0.53661429, 0.03344048]), 0.7854, 1.0]
[6, array([0.5382, 0.0365]), array([0.5367619 , 0.03344048]), 0.7854, 1.0]
[6, array([0.5382, 0.0365]), array([0.53690952, 0.03344048]), 0.7854, 1.0]
[6, array([0.5382, 0.0365]), array([0.53705714, 0.03344048]), 0.7854, 1.0]
[6, array([0.5382, 0.0365]), array([0.53720476, 0.03344048]), 0.7854, 1.0]
[6, array([0.5382, 0.0365]), array([0.53735238, 0.03344048]), 0.7854, 1.0]
[6, array([0.5382, 0.0365]), array([0.5375    , 0.03344048]), 0.7854, 1.0]
[6, array([0.5382, 0.0365]), array([0.5344   , 0.0335881]), 0.7854, 1.0]
[6, array([0.5382, 0.0365]), array([0.53454762, 0.0335881 ]), 0.7854, 1.0]
[6, array([0.5382, 0.0365]), array([0.53469524, 0.0335881 ]), 0.7854, 1.0]
[6, array([0.5382, 0.0365]), array([0.53484286, 0.0335881 ]), 0.7854, 1.0]
[6, array([0.5382, 0.0365]), array([0.53499048, 0.0335881 ]), 0.7854, 1.0]
[6, array([0.5382, 0.0365]), array([0.5351381, 0.0335881]), 0.7854, 1.0]
[6, array([0.5382, 0.0365]), array([0.53528571, 0.0335881 ]), 0.7854, 1.0]
[6, array([0.5382, 0.0365]), array([0.53543333, 0.0335881 ]), 0.7854, 1.0]
[6, array([0.5382, 0.0365]), array([0.53558095, 0.0335881 ]), 0.7854, 1.0]
[6, array([0.5382, 0.0365]), array([0.53572857, 0.0335881 ]), 0.7854, 1.0]
[6, array([0.5382, 0.0365]), array([0.53587619, 0.0335881 ]), 0.7854, 1.0]
[6, array([0.5382, 0.0365]), array([0.53602381, 0.0335881 ]), 0.7854, 1.0]
[6, array([0.5382, 0.0365]), array([0.53617143, 0.0335881 ]), 0.7854, 1.0]
[6, array([0.5382, 0.0365]), array([0.53631905, 0.0335881 ]), 0.7854, 1.0]
[6, array([0.5382, 0.0365]), array([0.53646667, 0.0335881 ]), 0.7854, 1.0]
[6, array([0.5382, 0.0365]), array([0.53661429, 0.0335881 ]), 0.7854, 1.0]
[6, array([0.5382, 0.0365]), array([0.5367619, 0.0335881]), 0.7854, 1.0]
[6, array([0.5382, 0.0365]), array([0.53690952, 0.0335881 ]), 0.7854, 1.0]
[6, array([0.5382, 0.0365]), array([0.53705714, 0.0335881 ]), 0.7854, 1.0]
[6, array([0.5382, 0.0365]), array([0.53720476, 0.0335881 ]), 0.7854, 1.0]
[6, array([0.5382, 0.0365]), array([0.53735238, 0.0335881 ]), 0.7854, 1.0]
[6, array([0.5382, 0.0365]), array([0.5375   , 0.0335881]), 0.7854, 1.0]
[6, array([0.5382, 0.0365]), array([0.5344    , 0.03373571]), 0.7854, 1.0]
[6, array([0.5382, 0.0365]), array([0.53454762, 0.03373571]), 0.7854, 1.0]
[6, array([0.5382, 0.0365]), array([0.53469524, 0.03373571]), 0.7854, 1.0]
[6, array([0.5382, 0.0365]), array([0.53484286, 0.03373571]), 0.7854, 1.0]
[6, array([0.5382, 0.0365]), array([0.53499048, 0.03373571]), 0.7854, 1.0]
[6, array([0.5382, 0.0365]), array([0.5351381 , 0.03373571]), 0.7854, 1.0]
[6, array([0.5382, 0.0365]), array([0.53528571, 0.03373571]), 0.7854, 1.0]
[6, array([0.5382, 0.0365]), array([0.53543333, 0.03373571]), 0.7854, 1.0]
[6, array([0.5382, 0.0365]), array([0.53558095, 0.03373571]), 0.7854, 1.0]
[6, array([0.5382, 0.0365]), array([0.53572857, 0.03373571]), 0.7854, 1.0]
[6, array([0.5382, 0.0365]), array([0.53587619, 0.03373571]), 0.7854, 1.0]
[6, array([0.5382, 0.0365]), array([0.53602381, 0.03373571]), 0.7854, 1.0]
[6, array([0.5382, 0.0365]), array([0.53617143, 0.03373571]), 0.7854, 1.0]
[6, array([0.5382, 0.0365]), array([0.53631905, 0.03373571]), 0.7854, 1.0]
[6, array([0.5382, 0.0365]), array([0.53646667, 0.03373571]), 0.7854, 1.0]
[6, array([0.5382, 0.0365]), array([0.53661429, 0.03373571]), 0.7854, 1.0]
[6, array([0.5382, 0.0365]), array([0.5367619 , 0.03373571]), 0.7854, 1.0]
[6, array([0.5382, 0.0365]), array([0.53690952, 0.03373571]), 0.7854, 1.0]
[6, array([0.5382, 0.0365]), array([0.53705714, 0.03373571]), 0.7854, 1.0]
[6, array([0.5382, 0.0365]), array([0.53720476, 0.03373571]), 0.7854, 1.0]
[6, array([0.5382, 0.0365]), array([0.53735238, 0.03373571]), 0.7854, 1.0]
[6, array([0.5382, 0.0365]), array([0.5375    , 0.03373571]), 0.7854, 1.0]
[6, array([0.5382, 0.0365]), array([0.5344    , 0.03388333]), 0.7854, 1.0]
[6, array([0.5382, 0.0365]), array([0.53454762, 0.03388333]), 0.7854, 1.0]
[6, array([0.5382, 0.0365]), array([0.53469524, 0.03388333]), 0.7854, 1.0]
[6, array([0.5382, 0.0365]), array([0.53484286, 0.03388333]), 0.7854, 1.0]
[6, array([0.5382, 0.0365]), array([0.53499048, 0.03388333]), 0.7854, 1.0]
[6, array([0.5382, 0.0365]), array([0.5351381 , 0.03388333]), 0.7854, 1.0]
[6, array([0.5382, 0.0365]), array([0.53528571, 0.03388333]), 0.7854, 1.0]
[6, array([0.5382, 0.0365]), array([0.53543333, 0.03388333]), 0.7854, 1.0]
[6, array([0.5382, 0.0365]), array([0.53558095, 0.03388333]), 0.7854, 1.0]
[6, array([0.5382, 0.0365]), array([0.53572857, 0.03388333]), 0.7854, 1.0]
[6, array([0.5382, 0.0365]), array([0.53587619, 0.03388333]), 0.7854, 1.0]
[6, array([0.5382, 0.0365]), array([0.53602381, 0.03388333]), 0.7854, 1.0]
[6, array([0.5382, 0.0365]), array([0.53617143, 0.03388333]), 0.7854, 1.0]
[6, array([0.5382, 0.0365]), array([0.53631905, 0.03388333]), 0.7854, 1.0]
[6, array([0.5382, 0.0365]), array([0.53646667, 0.03388333]), 0.7854, 1.0]
[6, array([0.5382, 0.0365]), array([0.53661429, 0.03388333]), 0.7854, 1.0]
[6, array([0.5382, 0.0365]), array([0.5367619 , 0.03388333]), 0.7854, 1.0]
[6, array([0.5382, 0.0365]), array([0.53690952, 0.03388333]), 0.7854, 1.0]
[6, array([0.5382, 0.0365]), array([0.53705714, 0.03388333]), 0.7854, 1.0]
[6, array([0.5382, 0.0365]), array([0.53720476, 0.03388333]), 0.7854, 1.0]
[6, array([0.5382, 0.0365]), array([0.53735238, 0.03388333]), 0.7854, 1.0]
[6, array([0.5382, 0.0365]), array([0.5375    , 0.03388333]), 0.7854, 1.0]
[6, array([0.5382, 0.0365]), array([0.5344    , 0.03403095]), 0.7854, 1.0]
[6, array([0.5382, 0.0365]), array([0.53454762, 0.03403095]), 0.7854, 1.0]
[6, array([0.5382, 0.0365]), array([0.53469524, 0.03403095]), 0.7854, 1.0]
[6, array([0.5382, 0.0365]), array([0.53484286, 0.03403095]), 0.7854, 1.0]
[6, array([0.5382, 0.0365]), array([0.53499048, 0.03403095]), 0.7854, 1.0]
[6, array([0.5382, 0.0365]), array([0.5351381 , 0.03403095]), 0.7854, 1.0]
[6, array([0.5382, 0.0365]), array([0.53528571, 0.03403095]), 0.7854, 1.0]
[6, array([0.5382, 0.0365]), array([0.53543333, 0.03403095]), 0.7854, 1.0]
[6, array([0.5382, 0.0365]), array([0.53558095, 0.03403095]), 0.7854, 1.0]
[6, array([0.5382, 0.0365]), array([0.53572857, 0.03403095]), 0.7854, 1.0]
[6, array([0.5382, 0.0365]), array([0.53587619, 0.03403095]), 0.7854, 1.0]
[6, array([0.5382, 0.0365]), array([0.53602381, 0.03403095]), 0.7854, 1.0]
[6, array([0.5382, 0.0365]), array([0.53617143, 0.03403095]), 0.7854, 1.0]
[6, array([0.5382, 0.0365]), array([0.53631905, 0.03403095]), 0.7854, 1.0]
[6, array([0.5382, 0.0365]), array([0.53646667, 0.03403095]), 0.7854, 1.0]
[6, array([0.5382, 0.0365]), array([0.53661429, 0.03403095]), 0.7854, 1.0]
[6, array([0.5382, 0.0365]), array([0.5367619 , 0.03403095]), 0.7854, 1.0]
[6, array([0.5382, 0.0365]), array([0.53690952, 0.03403095]), 0.7854, 1.0]
[6, array([0.5382, 0.0365]), array([0.53705714, 0.03403095]), 0.7854, 1.0]
[6, array([0.5382, 0.0365]), array([0.53720476, 0.03403095]), 0.7854, 1.0]
[6, array([0.5382, 0.0365]), array([0.53735238, 0.03403095]), 0.7854, 1.0]
[6, array([0.5382, 0.0365]), array([0.5375    , 0.03403095]), 0.7854, 1.0]
[6, array([0.5382, 0.0365]), array([0.5344    , 0.03417857]), 0.7854, 1.0]
[6, array([0.5382, 0.0365]), array([0.53454762, 0.03417857]), 0.7854, 1.0]
[6, array([0.5382, 0.0365]), array([0.53469524, 0.03417857]), 0.7854, 1.0]
[6, array([0.5382, 0.0365]), array([0.53484286, 0.03417857]), 0.7854, 1.0]
[6, array([0.5382, 0.0365]), array([0.53499048, 0.03417857]), 0.7854, 1.0]
[6, array([0.5382, 0.0365]), array([0.5351381 , 0.03417857]), 0.7854, 1.0]
[6, array([0.5382, 0.0365]), array([0.53528571, 0.03417857]), 0.7854, 1.0]
[6, array([0.5382, 0.0365]), array([0.53543333, 0.03417857]), 0.7854, 1.0]
[6, array([0.5382, 0.0365]), array([0.53558095, 0.03417857]), 0.7854, 1.0]
[6, array([0.5382, 0.0365]), array([0.53572857, 0.03417857]), 0.7854, 1.0]
[6, array([0.5382, 0.0365]), array([0.53587619, 0.03417857]), 0.7854, 1.0]
[6, array([0.5382, 0.0365]), array([0.53602381, 0.03417857]), 0.7854, 1.0]
[6, array([0.5382, 0.0365]), array([0.53617143, 0.03417857]), 0.7854, 1.0]
[6, array([0.5382, 0.0365]), array([0.53631905, 0.03417857]), 0.7854, 1.0]
[6, array([0.5382, 0.0365]), array([0.53646667, 0.03417857]), 0.7854, 1.0]
[6, array([0.5382, 0.0365]), array([0.53661429, 0.03417857]), 0.7854, 1.0]
[6, array([0.5382, 0.0365]), array([0.5367619 , 0.03417857]), 0.7854, 1.0]
[6, array([0.5382, 0.0365]), array([0.53690952, 0.03417857]), 0.7854, 1.0]
[6, array([0.5382, 0.0365]), array([0.53705714, 0.03417857]), 0.7854, 1.0]
[6, array([0.5382, 0.0365]), array([0.53720476, 0.03417857]), 0.7854, 1.0]
[6, array([0.5382, 0.0365]), array([0.53735238, 0.03417857]), 0.7854, 1.0]
[6, array([0.5382, 0.0365]), array([0.5375    , 0.03417857]), 0.7854, 1.0]
[6, array([0.5382, 0.0365]), array([0.5344    , 0.03432619]), 0.7854, 1.0]
[6, array([0.5382, 0.0365]), array([0.53454762, 0.03432619]), 0.7854, 1.0]
[6, array([0.5382, 0.0365]), array([0.53469524, 0.03432619]), 0.7854, 1.0]
[6, array([0.5382, 0.0365]), array([0.53484286, 0.03432619]), 0.7854, 1.0]
[6, array([0.5382, 0.0365]), array([0.53499048, 0.03432619]), 0.7854, 1.0]
[6, array([0.5382, 0.0365]), array([0.5351381 , 0.03432619]), 0.7854, 1.0]
[6, array([0.5382, 0.0365]), array([0.53528571, 0.03432619]), 0.7854, 1.0]
[6, array([0.5382, 0.0365]), array([0.53543333, 0.03432619]), 0.7854, 1.0]
[6, array([0.5382, 0.0365]), array([0.53558095, 0.03432619]), 0.7854, 1.0]
[6, array([0.5382, 0.0365]), array([0.53572857, 0.03432619]), 0.7854, 1.0]
[6, array([0.5382, 0.0365]), array([0.53587619, 0.03432619]), 0.7854, 1.0]
[6, array([0.5382, 0.0365]), array([0.53602381, 0.03432619]), 0.7854, 1.0]
[6, array([0.5382, 0.0365]), array([0.53617143, 0.03432619]), 0.7854, 1.0]
[6, array([0.5382, 0.0365]), array([0.53631905, 0.03432619]), 0.7854, 1.0]
[6, array([0.5382, 0.0365]), array([0.53646667, 0.03432619]), 0.7854, 1.0]
[6, array([0.5382, 0.0365]), array([0.53661429, 0.03432619]), 0.7854, 1.0]
[6, array([0.5382, 0.0365]), array([0.5367619 , 0.03432619]), 0.7854, 1.0]
[6, array([0.5382, 0.0365]), array([0.53690952, 0.03432619]), 0.7854, 1.0]
[6, array([0.5382, 0.0365]), array([0.53705714, 0.03432619]), 0.7854, 1.0]
[6, array([0.5382, 0.0365]), array([0.53720476, 0.03432619]), 0.7854, 1.0]
[6, array([0.5382, 0.0365]), array([0.53735238, 0.03432619]), 0.7854, 1.0]
[6, array([0.5382, 0.0365]), array([0.5375    , 0.03432619]), 0.7854, 1.0]
[6, array([0.5382, 0.0365]), array([0.5344    , 0.03447381]), 0.7854, 1.0]
[6, array([0.5382, 0.0365]), array([0.53454762, 0.03447381]), 0.7854, 1.0]
[6, array([0.5382, 0.0365]), array([0.53469524, 0.03447381]), 0.7854, 1.0]
[6, array([0.5382, 0.0365]), array([0.53484286, 0.03447381]), 0.7854, 1.0]
[6, array([0.5382, 0.0365]), array([0.53499048, 0.03447381]), 0.7854, 1.0]
[6, array([0.5382, 0.0365]), array([0.5351381 , 0.03447381]), 0.7854, 1.0]
[6, array([0.5382, 0.0365]), array([0.53528571, 0.03447381]), 0.7854, 1.0]
[6, array([0.5382, 0.0365]), array([0.53543333, 0.03447381]), 0.7854, 1.0]
[6, array([0.5382, 0.0365]), array([0.53558095, 0.03447381]), 0.7854, 1.0]
[6, array([0.5382, 0.0365]), array([0.53572857, 0.03447381]), 0.7854, 1.0]
[6, array([0.5382, 0.0365]), array([0.53587619, 0.03447381]), 0.7854, 1.0]
[6, array([0.5382, 0.0365]), array([0.53602381, 0.03447381]), 0.7854, 1.0]
[6, array([0.5382, 0.0365]), array([0.53617143, 0.03447381]), 0.7854, 1.0]
[6, array([0.5382, 0.0365]), array([0.53631905, 0.03447381]), 0.7854, 1.0]
[6, array([0.5382, 0.0365]), array([0.53646667, 0.03447381]), 0.7854, 1.0]
[6, array([0.5382, 0.0365]), array([0.53661429, 0.03447381]), 0.7854, 1.0]
[6, array([0.5382, 0.0365]), array([0.5367619 , 0.03447381]), 0.7854, 1.0]
[6, array([0.5382, 0.0365]), array([0.53690952, 0.03447381]), 0.7854, 1.0]
[6, array([0.5382, 0.0365]), array([0.53705714, 0.03447381]), 0.7854, 1.0]
[6, array([0.5382, 0.0365]), array([0.53720476, 0.03447381]), 0.7854, 1.0]
[6, array([0.5382, 0.0365]), array([0.53735238, 0.03447381]), 0.7854, 1.0]
[6, array([0.5382, 0.0365]), array([0.5375    , 0.03447381]), 0.7854, 1.0]
[6, array([0.5382, 0.0365]), array([0.5344    , 0.03462143]), 0.7854, 1.0]
[6, array([0.5382, 0.0365]), array([0.53454762, 0.03462143]), 0.7854, 1.0]
[6, array([0.5382, 0.0365]), array([0.53469524, 0.03462143]), 0.7854, 1.0]
[6, array([0.5382, 0.0365]), array([0.53484286, 0.03462143]), 0.7854, 1.0]
[6, array([0.5382, 0.0365]), array([0.53499048, 0.03462143]), 0.7854, 1.0]
[6, array([0.5382, 0.0365]), array([0.5351381 , 0.03462143]), 0.7854, 1.0]
[6, array([0.5382, 0.0365]), array([0.53528571, 0.03462143]), 0.7854, 1.0]
[6, array([0.5382, 0.0365]), array([0.53543333, 0.03462143]), 0.7854, 1.0]
[6, array([0.5382, 0.0365]), array([0.53558095, 0.03462143]), 0.7854, 1.0]
[6, array([0.5382, 0.0365]), array([0.53572857, 0.03462143]), 0.7854, 1.0]
[6, array([0.5382, 0.0365]), array([0.53587619, 0.03462143]), 0.7854, 1.0]
[6, array([0.5382, 0.0365]), array([0.53602381, 0.03462143]), 0.7854, 1.0]
[6, array([0.5382, 0.0365]), array([0.53617143, 0.03462143]), 0.7854, 1.0]
[6, array([0.5382, 0.0365]), array([0.53631905, 0.03462143]), 0.7854, 1.0]
[6, array([0.5382, 0.0365]), array([0.53646667, 0.03462143]), 0.7854, 1.0]
[6, array([0.5382, 0.0365]), array([0.53661429, 0.03462143]), 0.7854, 1.0]
[6, array([0.5382, 0.0365]), array([0.5367619 , 0.03462143]), 0.7854, 1.0]
[6, array([0.5382, 0.0365]), array([0.53690952, 0.03462143]), 0.7854, 1.0]
[6, array([0.5382, 0.0365]), array([0.53705714, 0.03462143]), 0.7854, 1.0]
[6, array([0.5382, 0.0365]), array([0.53720476, 0.03462143]), 0.7854, 1.0]
[6, array([0.5382, 0.0365]), array([0.53735238, 0.03462143]), 0.7854, 1.0]
[6, array([0.5382, 0.0365]), array([0.5375    , 0.03462143]), 0.7854, 1.0]
[6, array([0.5382, 0.0365]), array([0.5344    , 0.03476905]), 0.7854, 1.0]
[6, array([0.5382, 0.0365]), array([0.53454762, 0.03476905]), 0.7854, 1.0]
[6, array([0.5382, 0.0365]), array([0.53469524, 0.03476905]), 0.7854, 1.0]
[6, array([0.5382, 0.0365]), array([0.53484286, 0.03476905]), 0.7854, 1.0]
[6, array([0.5382, 0.0365]), array([0.53499048, 0.03476905]), 0.7854, 1.0]
[6, array([0.5382, 0.0365]), array([0.5351381 , 0.03476905]), 0.7854, 1.0]
[6, array([0.5382, 0.0365]), array([0.53528571, 0.03476905]), 0.7854, 1.0]
[6, array([0.5382, 0.0365]), array([0.53543333, 0.03476905]), 0.7854, 1.0]
[6, array([0.5382, 0.0365]), array([0.53558095, 0.03476905]), 0.7854, 1.0]
[6, array([0.5382, 0.0365]), array([0.53572857, 0.03476905]), 0.7854, 1.0]
[6, array([0.5382, 0.0365]), array([0.53587619, 0.03476905]), 0.7854, 1.0]
[6, array([0.5382, 0.0365]), array([0.53602381, 0.03476905]), 0.7854, 1.0]
[6, array([0.5382, 0.0365]), array([0.53617143, 0.03476905]), 0.7854, 1.0]
[6, array([0.5382, 0.0365]), array([0.53631905, 0.03476905]), 0.7854, 1.0]
[6, array([0.5382, 0.0365]), array([0.53646667, 0.03476905]), 0.7854, 1.0]
[6, array([0.5382, 0.0365]), array([0.53661429, 0.03476905]), 0.7854, 1.0]
[6, array([0.5382, 0.0365]), array([0.5367619 , 0.03476905]), 0.7854, 1.0]
[6, array([0.5382, 0.0365]), array([0.53690952, 0.03476905]), 0.7854, 1.0]
[6, array([0.5382, 0.0365]), array([0.53705714, 0.03476905]), 0.7854, 1.0]
[6, array([0.5382, 0.0365]), array([0.53720476, 0.03476905]), 0.7854, 1.0]
[6, array([0.5382, 0.0365]), array([0.53735238, 0.03476905]), 0.7854, 1.0]
[6, array([0.5382, 0.0365]), array([0.5375    , 0.03476905]), 0.7854, 1.0]
[6, array([0.5382, 0.0365]), array([0.5344    , 0.03491667]), 0.7854, 1.0]
[6, array([0.5382, 0.0365]), array([0.53454762, 0.03491667]), 0.7854, 1.0]
[6, array([0.5382, 0.0365]), array([0.53469524, 0.03491667]), 0.7854, 1.0]
[6, array([0.5382, 0.0365]), array([0.53484286, 0.03491667]), 0.7854, 1.0]
[6, array([0.5382, 0.0365]), array([0.53499048, 0.03491667]), 0.7854, 1.0]
[6, array([0.5382, 0.0365]), array([0.5351381 , 0.03491667]), 0.7854, 1.0]
[6, array([0.5382, 0.0365]), array([0.53528571, 0.03491667]), 0.7854, 1.0]
[6, array([0.5382, 0.0365]), array([0.53543333, 0.03491667]), 0.7854, 1.0]
[6, array([0.5382, 0.0365]), array([0.53558095, 0.03491667]), 0.7854, 1.0]
[6, array([0.5382, 0.0365]), array([0.53572857, 0.03491667]), 0.7854, 1.0]
[6, array([0.5382, 0.0365]), array([0.53587619, 0.03491667]), 0.7854, 1.0]
[6, array([0.5382, 0.0365]), array([0.53602381, 0.03491667]), 0.7854, 1.0]
[6, array([0.5382, 0.0365]), array([0.53617143, 0.03491667]), 0.7854, 1.0]
[6, array([0.5382, 0.0365]), array([0.53631905, 0.03491667]), 0.7854, 1.0]
[6, array([0.5382, 0.0365]), array([0.53646667, 0.03491667]), 0.7854, 1.0]
[6, array([0.5382, 0.0365]), array([0.53661429, 0.03491667]), 0.7854, 1.0]
[6, array([0.5382, 0.0365]), array([0.5367619 , 0.03491667]), 0.7854, 1.0]
[6, array([0.5382, 0.0365]), array([0.53690952, 0.03491667]), 0.7854, 1.0]
[6, array([0.5382, 0.0365]), array([0.53705714, 0.03491667]), 0.7854, 1.0]
[6, array([0.5382, 0.0365]), array([0.53720476, 0.03491667]), 0.7854, 1.0]
[6, array([0.5382, 0.0365]), array([0.53735238, 0.03491667]), 0.7854, 1.0]
[6, array([0.5382, 0.0365]), array([0.5375    , 0.03491667]), 0.7854, 1.0]
[6, array([0.5382, 0.0365]), array([0.5344    , 0.03506429]), 0.7854, 1.0]
[6, array([0.5382, 0.0365]), array([0.53454762, 0.03506429]), 0.7854, 1.0]
[6, array([0.5382, 0.0365]), array([0.53469524, 0.03506429]), 0.7854, 1.0]
[6, array([0.5382, 0.0365]), array([0.53484286, 0.03506429]), 0.7854, 1.0]
[6, array([0.5382, 0.0365]), array([0.53499048, 0.03506429]), 0.7854, 1.0]
[6, array([0.5382, 0.0365]), array([0.5351381 , 0.03506429]), 0.7854, 1.0]
[6, array([0.5382, 0.0365]), array([0.53528571, 0.03506429]), 0.7854, 1.0]
[6, array([0.5382, 0.0365]), array([0.53543333, 0.03506429]), 0.7854, 1.0]
[6, array([0.5382, 0.0365]), array([0.53558095, 0.03506429]), 0.7854, 1.0]
[6, array([0.5382, 0.0365]), array([0.53572857, 0.03506429]), 0.7854, 1.0]
[6, array([0.5382, 0.0365]), array([0.53587619, 0.03506429]), 0.7854, 1.0]
[6, array([0.5382, 0.0365]), array([0.53602381, 0.03506429]), 0.7854, 1.0]
[6, array([0.5382, 0.0365]), array([0.53617143, 0.03506429]), 0.7854, 1.0]
[6, array([0.5382, 0.0365]), array([0.53631905, 0.03506429]), 0.7854, 1.0]
[6, array([0.5382, 0.0365]), array([0.53646667, 0.03506429]), 0.7854, 1.0]
[6, array([0.5382, 0.0365]), array([0.53661429, 0.03506429]), 0.7854, 1.0]
[6, array([0.5382, 0.0365]), array([0.5367619 , 0.03506429]), 0.7854, 1.0]
[6, array([0.5382, 0.0365]), array([0.53690952, 0.03506429]), 0.7854, 1.0]
[6, array([0.5382, 0.0365]), array([0.53705714, 0.03506429]), 0.7854, 1.0]
[6, array([0.5382, 0.0365]), array([0.53720476, 0.03506429]), 0.7854, 1.0]
[6, array([0.5382, 0.0365]), array([0.53735238, 0.03506429]), 0.7854, 1.0]
[6, array([0.5382, 0.0365]), array([0.5375    , 0.03506429]), 0.7854, 1.0]
[6, array([0.5382, 0.0365]), array([0.5344   , 0.0352119]), 0.7854, 1.0]
[6, array([0.5382, 0.0365]), array([0.53454762, 0.0352119 ]), 0.7854, 1.0]
[6, array([0.5382, 0.0365]), array([0.53469524, 0.0352119 ]), 0.7854, 1.0]
[6, array([0.5382, 0.0365]), array([0.53484286, 0.0352119 ]), 0.7854, 1.0]
[6, array([0.5382, 0.0365]), array([0.53499048, 0.0352119 ]), 0.7854, 1.0]
[6, array([0.5382, 0.0365]), array([0.5351381, 0.0352119]), 0.7854, 1.0]
[6, array([0.5382, 0.0365]), array([0.53528571, 0.0352119 ]), 0.7854, 1.0]
[6, array([0.5382, 0.0365]), array([0.53543333, 0.0352119 ]), 0.7854, 1.0]
[6, array([0.5382, 0.0365]), array([0.53558095, 0.0352119 ]), 0.7854, 1.0]
[6, array([0.5382, 0.0365]), array([0.53572857, 0.0352119 ]), 0.7854, 1.0]
[6, array([0.5382, 0.0365]), array([0.53587619, 0.0352119 ]), 0.7854, 1.0]
[6, array([0.5382, 0.0365]), array([0.53602381, 0.0352119 ]), 0.7854, 1.0]
[6, array([0.5382, 0.0365]), array([0.53617143, 0.0352119 ]), 0.7854, 1.0]
[6, array([0.5382, 0.0365]), array([0.53631905, 0.0352119 ]), 0.7854, 1.0]
[6, array([0.5382, 0.0365]), array([0.53646667, 0.0352119 ]), 0.7854, 1.0]
[6, array([0.5382, 0.0365]), array([0.53661429, 0.0352119 ]), 0.7854, 1.0]
[6, array([0.5382, 0.0365]), array([0.5367619, 0.0352119]), 0.7854, 1.0]
[6, array([0.5382, 0.0365]), array([0.53690952, 0.0352119 ]), 0.7854, 1.0]
[6, array([0.5382, 0.0365]), array([0.53705714, 0.0352119 ]), 0.7854, 1.0]
[6, array([0.5382, 0.0365]), array([0.53720476, 0.0352119 ]), 0.7854, 1.0]
[6, array([0.5382, 0.0365]), array([0.53735238, 0.0352119 ]), 0.7854, 1.0]
[6, array([0.5382, 0.0365]), array([0.5375   , 0.0352119]), 0.7854, 1.0]
[6, array([0.5382, 0.0365]), array([0.5344    , 0.03535952]), 0.7854, 1.0]
[6, array([0.5382, 0.0365]), array([0.53454762, 0.03535952]), 0.7854, 1.0]
[6, array([0.5382, 0.0365]), array([0.53469524, 0.03535952]), 0.7854, 1.0]
[6, array([0.5382, 0.0365]), array([0.53484286, 0.03535952]), 0.7854, 1.0]
[6, array([0.5382, 0.0365]), array([0.53499048, 0.03535952]), 0.7854, 1.0]
[6, array([0.5382, 0.0365]), array([0.5351381 , 0.03535952]), 0.7854, 1.0]
[6, array([0.5382, 0.0365]), array([0.53528571, 0.03535952]), 0.7854, 1.0]
[6, array([0.5382, 0.0365]), array([0.53543333, 0.03535952]), 0.7854, 1.0]
[6, array([0.5382, 0.0365]), array([0.53558095, 0.03535952]), 0.7854, 1.0]
[6, array([0.5382, 0.0365]), array([0.53572857, 0.03535952]), 0.7854, 1.0]
[6, array([0.5382, 0.0365]), array([0.53587619, 0.03535952]), 0.7854, 1.0]
[6, array([0.5382, 0.0365]), array([0.53602381, 0.03535952]), 0.7854, 1.0]
[6, array([0.5382, 0.0365]), array([0.53617143, 0.03535952]), 0.7854, 1.0]
[6, array([0.5382, 0.0365]), array([0.53631905, 0.03535952]), 0.7854, 1.0]
[6, array([0.5382, 0.0365]), array([0.53646667, 0.03535952]), 0.7854, 1.0]
[6, array([0.5382, 0.0365]), array([0.53661429, 0.03535952]), 0.7854, 1.0]
[6, array([0.5382, 0.0365]), array([0.5367619 , 0.03535952]), 0.7854, 1.0]
[6, array([0.5382, 0.0365]), array([0.53690952, 0.03535952]), 0.7854, 1.0]
[6, array([0.5382, 0.0365]), array([0.53705714, 0.03535952]), 0.7854, 1.0]
[6, array([0.5382, 0.0365]), array([0.53720476, 0.03535952]), 0.7854, 1.0]
[6, array([0.5382, 0.0365]), array([0.53735238, 0.03535952]), 0.7854, 1.0]
[6, array([0.5382, 0.0365]), array([0.5375    , 0.03535952]), 0.7854, 1.0]
[6, array([0.5382, 0.0365]), array([0.5344    , 0.03550714]), 0.7854, 1.0]
[6, array([0.5382, 0.0365]), array([0.53454762, 0.03550714]), 0.7854, 1.0]
[6, array([0.5382, 0.0365]), array([0.53469524, 0.03550714]), 0.7854, 1.0]
[6, array([0.5382, 0.0365]), array([0.53484286, 0.03550714]), 0.7854, 1.0]
[6, array([0.5382, 0.0365]), array([0.53499048, 0.03550714]), 0.7854, 1.0]
[6, array([0.5382, 0.0365]), array([0.5351381 , 0.03550714]), 0.7854, 1.0]
[6, array([0.5382, 0.0365]), array([0.53528571, 0.03550714]), 0.7854, 1.0]
[6, array([0.5382, 0.0365]), array([0.53543333, 0.03550714]), 0.7854, 1.0]
[6, array([0.5382, 0.0365]), array([0.53558095, 0.03550714]), 0.7854, 1.0]
[6, array([0.5382, 0.0365]), array([0.53572857, 0.03550714]), 0.7854, 1.0]
[6, array([0.5382, 0.0365]), array([0.53587619, 0.03550714]), 0.7854, 1.0]
[6, array([0.5382, 0.0365]), array([0.53602381, 0.03550714]), 0.7854, 1.0]
[6, array([0.5382, 0.0365]), array([0.53617143, 0.03550714]), 0.7854, 1.0]
[6, array([0.5382, 0.0365]), array([0.53631905, 0.03550714]), 0.7854, 1.0]
[6, array([0.5382, 0.0365]), array([0.53646667, 0.03550714]), 0.7854, 1.0]
[6, array([0.5382, 0.0365]), array([0.53661429, 0.03550714]), 0.7854, 1.0]
[6, array([0.5382, 0.0365]), array([0.5367619 , 0.03550714]), 0.7854, 1.0]
[6, array([0.5382, 0.0365]), array([0.53690952, 0.03550714]), 0.7854, 1.0]
[6, array([0.5382, 0.0365]), array([0.53705714, 0.03550714]), 0.7854, 1.0]
[6, array([0.5382, 0.0365]), array([0.53720476, 0.03550714]), 0.7854, 1.0]
[6, array([0.5382, 0.0365]), array([0.53735238, 0.03550714]), 0.7854, 1.0]
[6, array([0.5382, 0.0365]), array([0.5375    , 0.03550714]), 0.7854, 1.0]
[6, array([0.5382, 0.0365]), array([0.5344    , 0.03565476]), 0.7854, 1.0]
[6, array([0.5382, 0.0365]), array([0.53454762, 0.03565476]), 0.7854, 1.0]
[6, array([0.5382, 0.0365]), array([0.53469524, 0.03565476]), 0.7854, 1.0]
[6, array([0.5382, 0.0365]), array([0.53484286, 0.03565476]), 0.7854, 1.0]
[6, array([0.5382, 0.0365]), array([0.53499048, 0.03565476]), 0.7854, 1.0]
[6, array([0.5382, 0.0365]), array([0.5351381 , 0.03565476]), 0.7854, 1.0]
[6, array([0.5382, 0.0365]), array([0.53528571, 0.03565476]), 0.7854, 1.0]
[6, array([0.5382, 0.0365]), array([0.53543333, 0.03565476]), 0.7854, 1.0]
[6, array([0.5382, 0.0365]), array([0.53558095, 0.03565476]), 0.7854, 1.0]
[6, array([0.5382, 0.0365]), array([0.53572857, 0.03565476]), 0.7854, 1.0]
[6, array([0.5382, 0.0365]), array([0.53587619, 0.03565476]), 0.7854, 1.0]
[6, array([0.5382, 0.0365]), array([0.53602381, 0.03565476]), 0.7854, 1.0]
[6, array([0.5382, 0.0365]), array([0.53617143, 0.03565476]), 0.7854, 1.0]
[6, array([0.5382, 0.0365]), array([0.53631905, 0.03565476]), 0.7854, 1.0]
[6, array([0.5382, 0.0365]), array([0.53646667, 0.03565476]), 0.7854, 1.0]
[6, array([0.5382, 0.0365]), array([0.53661429, 0.03565476]), 0.7854, 1.0]
[6, array([0.5382, 0.0365]), array([0.5367619 , 0.03565476]), 0.7854, 1.0]
[6, array([0.5382, 0.0365]), array([0.53690952, 0.03565476]), 0.7854, 1.0]
[6, array([0.5382, 0.0365]), array([0.53705714, 0.03565476]), 0.7854, 1.0]
[6, array([0.5382, 0.0365]), array([0.53720476, 0.03565476]), 0.7854, 1.0]
[6, array([0.5382, 0.0365]), array([0.53735238, 0.03565476]), 0.7854, 1.0]
[6, array([0.5382, 0.0365]), array([0.5375    , 0.03565476]), 0.7854, 1.0]
[6, array([0.5382, 0.0365]), array([0.5344    , 0.03580238]), 0.7854, 1.0]
[6, array([0.5382, 0.0365]), array([0.53454762, 0.03580238]), 0.7854, 1.0]
[6, array([0.5382, 0.0365]), array([0.53469524, 0.03580238]), 0.7854, 1.0]
[6, array([0.5382, 0.0365]), array([0.53484286, 0.03580238]), 0.7854, 1.0]
[6, array([0.5382, 0.0365]), array([0.53499048, 0.03580238]), 0.7854, 1.0]
[6, array([0.5382, 0.0365]), array([0.5351381 , 0.03580238]), 0.7854, 1.0]
[6, array([0.5382, 0.0365]), array([0.53528571, 0.03580238]), 0.7854, 1.0]
[6, array([0.5382, 0.0365]), array([0.53543333, 0.03580238]), 0.7854, 1.0]
[6, array([0.5382, 0.0365]), array([0.53558095, 0.03580238]), 0.7854, 1.0]
[6, array([0.5382, 0.0365]), array([0.53572857, 0.03580238]), 0.7854, 1.0]
[6, array([0.5382, 0.0365]), array([0.53587619, 0.03580238]), 0.7854, 1.0]
[6, array([0.5382, 0.0365]), array([0.53602381, 0.03580238]), 0.7854, 1.0]
[6, array([0.5382, 0.0365]), array([0.53617143, 0.03580238]), 0.7854, 1.0]
[6, array([0.5382, 0.0365]), array([0.53631905, 0.03580238]), 0.7854, 1.0]
[6, array([0.5382, 0.0365]), array([0.53646667, 0.03580238]), 0.7854, 1.0]
[6, array([0.5382, 0.0365]), array([0.53661429, 0.03580238]), 0.7854, 1.0]
[6, array([0.5382, 0.0365]), array([0.5367619 , 0.03580238]), 0.7854, 1.0]
[6, array([0.5382, 0.0365]), array([0.53690952, 0.03580238]), 0.7854, 1.0]
[6, array([0.5382, 0.0365]), array([0.53705714, 0.03580238]), 0.7854, 1.0]
[6, array([0.5382, 0.0365]), array([0.53720476, 0.03580238]), 0.7854, 1.0]
[6, array([0.5382, 0.0365]), array([0.53735238, 0.03580238]), 0.7854, 1.0]
[6, array([0.5382, 0.0365]), array([0.5375    , 0.03580238]), 0.7854, 1.0]
[6, array([0.5382, 0.0365]), array([0.5344 , 0.03595]), 0.7854, 1.0]
[6, array([0.5382, 0.0365]), array([0.53454762, 0.03595   ]), 0.7854, 1.0]
[6, array([0.5382, 0.0365]), array([0.53469524, 0.03595   ]), 0.7854, 1.0]
[6, array([0.5382, 0.0365]), array([0.53484286, 0.03595   ]), 0.7854, 1.0]
[6, array([0.5382, 0.0365]), array([0.53499048, 0.03595   ]), 0.7854, 1.0]
[6, array([0.5382, 0.0365]), array([0.5351381, 0.03595  ]), 0.7854, 1.0]
[6, array([0.5382, 0.0365]), array([0.53528571, 0.03595   ]), 0.7854, 1.0]
[6, array([0.5382, 0.0365]), array([0.53543333, 0.03595   ]), 0.7854, 1.0]
[6, array([0.5382, 0.0365]), array([0.53558095, 0.03595   ]), 0.7854, 1.0]
[6, array([0.5382, 0.0365]), array([0.53572857, 0.03595   ]), 0.7854, 1.0]
[6, array([0.5382, 0.0365]), array([0.53587619, 0.03595   ]), 0.7854, 1.0]
[6, array([0.5382, 0.0365]), array([0.53602381, 0.03595   ]), 0.7854, 1.0]
[6, array([0.5382, 0.0365]), array([0.53617143, 0.03595   ]), 0.7854, 1.0]
[6, array([0.5382, 0.0365]), array([0.53631905, 0.03595   ]), 0.7854, 1.0]
[6, array([0.5382, 0.0365]), array([0.53646667, 0.03595   ]), 0.7854, 1.0]
[6, array([0.5382, 0.0365]), array([0.53661429, 0.03595   ]), 0.7854, 1.0]
[6, array([0.5382, 0.0365]), array([0.5367619, 0.03595  ]), 0.7854, 1.0]
[6, array([0.5382, 0.0365]), array([0.53690952, 0.03595   ]), 0.7854, 1.0]
[6, array([0.5382, 0.0365]), array([0.53705714, 0.03595   ]), 0.7854, 1.0]
[6, array([0.5382, 0.0365]), array([0.53720476, 0.03595   ]), 0.7854, 1.0]
[6, array([0.5382, 0.0365]), array([0.53735238, 0.03595   ]), 0.7854, 1.0]
[6, array([0.5382, 0.0365]), array([0.5375 , 0.03595]), 0.7854, 1.0]
[6, array([0.4697, 0.0155]), array([4.53100000e-01, 1.38777878e-17]), 0.7854, 1.0]
[6, array([0.4697, 0.0155]), array([4.54142857e-01, 1.38777878e-17]), 0.7854, 1.0]
[6, array([0.4697, 0.0155]), array([4.55185714e-01, 1.38777878e-17]), 0.7854, 1.0]
[6, array([0.4697, 0.0155]), array([4.56228571e-01, 1.38777878e-17]), 0.7854, 1.0]
[6, array([0.4697, 0.0155]), array([4.57271429e-01, 1.38777878e-17]), 0.7854, 1.0]
[6, array([0.4697, 0.0155]), array([4.58314286e-01, 1.38777878e-17]), 0.7854, 1.0]
[6, array([0.4697, 0.0155]), array([4.59357143e-01, 1.38777878e-17]), 0.7854, 1.0]
[6, array([0.4697, 0.0155]), array([4.60400000e-01, 1.38777878e-17]), 0.7854, 1.0]
[6, array([0.4697, 0.0155]), array([4.61442857e-01, 1.38777878e-17]), 0.7854, 1.0]
[6, array([0.4697, 0.0155]), array([4.62485714e-01, 1.38777878e-17]), 0.7854, 1.0]
[6, array([0.4697, 0.0155]), array([4.63528571e-01, 1.38777878e-17]), 0.7854, 1.0]
[6, array([0.4697, 0.0155]), array([4.64571429e-01, 1.38777878e-17]), 0.7854, 1.0]
[6, array([0.4697, 0.0155]), array([4.65614286e-01, 1.38777878e-17]), 0.7854, 1.0]
[6, array([0.4697, 0.0155]), array([4.66657143e-01, 1.38777878e-17]), 0.7854, 1.0]
[6, array([0.4697, 0.0155]), array([4.67700000e-01, 1.38777878e-17]), 0.7854, 1.0]
[6, array([0.4697, 0.0155]), array([4.68742857e-01, 1.38777878e-17]), 0.7854, 1.0]
[6, array([0.4697, 0.0155]), array([4.69785714e-01, 1.38777878e-17]), 0.7854, 1.0]
[6, array([0.4697, 0.0155]), array([4.70828571e-01, 1.38777878e-17]), 0.7854, 1.0]
[6, array([0.4697, 0.0155]), array([4.71871429e-01, 1.38777878e-17]), 0.7854, 1.0]
[6, array([0.4697, 0.0155]), array([4.72914286e-01, 1.38777878e-17]), 0.7854, 1.0]
[6, array([0.4697, 0.0155]), array([4.73957143e-01, 1.38777878e-17]), 0.7854, 1.0]
[6, array([0.4697, 0.0155]), array([4.75000000e-01, 1.38777878e-17]), 0.7854, 1.0]
[6, array([0.4697, 0.0155]), array([0.4531    , 0.00104286]), 0.7854, 1.0]
[6, array([0.4697, 0.0155]), array([0.45414286, 0.00104286]), 0.7854, 1.0]
[6, array([0.4697, 0.0155]), array([0.45518571, 0.00104286]), 0.7854, 1.0]
[6, array([0.4697, 0.0155]), array([0.45622857, 0.00104286]), 0.7854, 1.0]
[6, array([0.4697, 0.0155]), array([0.45727143, 0.00104286]), 0.7854, 1.0]
[6, array([0.4697, 0.0155]), array([0.45831429, 0.00104286]), 0.7854, 1.0]
[6, array([0.4697, 0.0155]), array([0.45935714, 0.00104286]), 0.7854, 1.0]
[6, array([0.4697, 0.0155]), array([0.4604    , 0.00104286]), 0.7854, 1.0]
[6, array([0.4697, 0.0155]), array([0.46144286, 0.00104286]), 0.7854, 1.0]
[6, array([0.4697, 0.0155]), array([0.46248571, 0.00104286]), 0.7854, 1.0]
[6, array([0.4697, 0.0155]), array([0.46352857, 0.00104286]), 0.7854, 1.0]
[6, array([0.4697, 0.0155]), array([0.46457143, 0.00104286]), 0.7854, 1.0]
[6, array([0.4697, 0.0155]), array([0.46561429, 0.00104286]), 0.7854, 1.0]
[6, array([0.4697, 0.0155]), array([0.46665714, 0.00104286]), 0.7854, 1.0]
[6, array([0.4697, 0.0155]), array([0.4677    , 0.00104286]), 0.7854, 0.0]
[6, array([0.4697, 0.0155]), array([0.46874286, 0.00104286]), 0.7854, 1.0]
[6, array([0.4697, 0.0155]), array([0.46978571, 0.00104286]), 0.7854, 1.0]
[6, array([0.4697, 0.0155]), array([0.47082857, 0.00104286]), 0.7854, 1.0]
[6, array([0.4697, 0.0155]), array([0.47187143, 0.00104286]), 0.7854, 1.0]
[6, array([0.4697, 0.0155]), array([0.47291429, 0.00104286]), 0.7854, 1.0]
[6, array([0.4697, 0.0155]), array([0.47395714, 0.00104286]), 0.7854, 1.0]
[6, array([0.4697, 0.0155]), array([0.475     , 0.00104286]), 0.7854, 1.0]
[6, array([0.4697, 0.0155]), array([0.4531    , 0.00208571]), 0.7854, 1.0]
[6, array([0.4697, 0.0155]), array([0.45414286, 0.00208571]), 0.7854, 1.0]
[6, array([0.4697, 0.0155]), array([0.45518571, 0.00208571]), 0.7854, 1.0]
[6, array([0.4697, 0.0155]), array([0.45622857, 0.00208571]), 0.7854, 1.0]
[6, array([0.4697, 0.0155]), array([0.45727143, 0.00208571]), 0.7854, 1.0]
[6, array([0.4697, 0.0155]), array([0.45831429, 0.00208571]), 0.7854, 1.0]
[6, array([0.4697, 0.0155]), array([0.45935714, 0.00208571]), 0.7854, 1.0]
[6, array([0.4697, 0.0155]), array([0.4604    , 0.00208571]), 0.7854, 1.0]
[6, array([0.4697, 0.0155]), array([0.46144286, 0.00208571]), 0.7854, 1.0]
[6, array([0.4697, 0.0155]), array([0.46248571, 0.00208571]), 0.7854, 1.0]
[6, array([0.4697, 0.0155]), array([0.46352857, 0.00208571]), 0.7854, 1.0]
[6, array([0.4697, 0.0155]), array([0.46457143, 0.00208571]), 0.7854, 1.0]
[6, array([0.4697, 0.0155]), array([0.46561429, 0.00208571]), 0.7854, 1.0]
[6, array([0.4697, 0.0155]), array([0.46665714, 0.00208571]), 0.7854, 1.0]
[6, array([0.4697, 0.0155]), array([0.4677    , 0.00208571]), 0.7854, 1.0]
[6, array([0.4697, 0.0155]), array([0.46874286, 0.00208571]), 0.7854, 1.0]
[6, array([0.4697, 0.0155]), array([0.46978571, 0.00208571]), 0.7854, 1.0]
[6, array([0.4697, 0.0155]), array([0.47082857, 0.00208571]), 0.7854, 1.0]
[6, array([0.4697, 0.0155]), array([0.47187143, 0.00208571]), 0.7854, 1.0]
[6, array([0.4697, 0.0155]), array([0.47291429, 0.00208571]), 0.7854, 1.0]
[6, array([0.4697, 0.0155]), array([0.47395714, 0.00208571]), 0.7854, 1.0]
[6, array([0.4697, 0.0155]), array([0.475     , 0.00208571]), 0.7854, 1.0]
[6, array([0.4697, 0.0155]), array([0.4531    , 0.00312857]), 0.7854, 1.0]
[6, array([0.4697, 0.0155]), array([0.45414286, 0.00312857]), 0.7854, 1.0]
[6, array([0.4697, 0.0155]), array([0.45518571, 0.00312857]), 0.7854, 1.0]
[6, array([0.4697, 0.0155]), array([0.45622857, 0.00312857]), 0.7854, 1.0]
[6, array([0.4697, 0.0155]), array([0.45727143, 0.00312857]), 0.7854, 1.0]
[6, array([0.4697, 0.0155]), array([0.45831429, 0.00312857]), 0.7854, 1.0]
[6, array([0.4697, 0.0155]), array([0.45935714, 0.00312857]), 0.7854, 1.0]
[6, array([0.4697, 0.0155]), array([0.4604    , 0.00312857]), 0.7854, 1.0]
[6, array([0.4697, 0.0155]), array([0.46144286, 0.00312857]), 0.7854, 1.0]
[6, array([0.4697, 0.0155]), array([0.46248571, 0.00312857]), 0.7854, 1.0]
[6, array([0.4697, 0.0155]), array([0.46352857, 0.00312857]), 0.7854, 1.0]
[6, array([0.4697, 0.0155]), array([0.46457143, 0.00312857]), 0.7854, 1.0]
[6, array([0.4697, 0.0155]), array([0.46561429, 0.00312857]), 0.7854, 1.0]
[6, array([0.4697, 0.0155]), array([0.46665714, 0.00312857]), 0.7854, 1.0]
[6, array([0.4697, 0.0155]), array([0.4677    , 0.00312857]), 0.7854, 1.0]
[6, array([0.4697, 0.0155]), array([0.46874286, 0.00312857]), 0.7854, 1.0]
[6, array([0.4697, 0.0155]), array([0.46978571, 0.00312857]), 0.7854, 1.0]
[6, array([0.4697, 0.0155]), array([0.47082857, 0.00312857]), 0.7854, 1.0]
[6, array([0.4697, 0.0155]), array([0.47187143, 0.00312857]), 0.7854, 1.0]
[6, array([0.4697, 0.0155]), array([0.47291429, 0.00312857]), 0.7854, 1.0]
[6, array([0.4697, 0.0155]), array([0.47395714, 0.00312857]), 0.7854, 1.0]
[6, array([0.4697, 0.0155]), array([0.475     , 0.00312857]), 0.7854, 1.0]
[6, array([0.4697, 0.0155]), array([0.4531    , 0.00417143]), 0.7854, 1.0]
[6, array([0.4697, 0.0155]), array([0.45414286, 0.00417143]), 0.7854, 1.0]
[6, array([0.4697, 0.0155]), array([0.45518571, 0.00417143]), 0.7854, 1.0]
[6, array([0.4697, 0.0155]), array([0.45622857, 0.00417143]), 0.7854, 1.0]
[6, array([0.4697, 0.0155]), array([0.45727143, 0.00417143]), 0.7854, 1.0]
[6, array([0.4697, 0.0155]), array([0.45831429, 0.00417143]), 0.7854, 1.0]
[6, array([0.4697, 0.0155]), array([0.45935714, 0.00417143]), 0.7854, 1.0]
[6, array([0.4697, 0.0155]), array([0.4604    , 0.00417143]), 0.7854, 1.0]
[6, array([0.4697, 0.0155]), array([0.46144286, 0.00417143]), 0.7854, 1.0]
[6, array([0.4697, 0.0155]), array([0.46248571, 0.00417143]), 0.7854, 1.0]
[6, array([0.4697, 0.0155]), array([0.46352857, 0.00417143]), 0.7854, 1.0]
[6, array([0.4697, 0.0155]), array([0.46457143, 0.00417143]), 0.7854, 1.0]
[6, array([0.4697, 0.0155]), array([0.46561429, 0.00417143]), 0.7854, 1.0]
[6, array([0.4697, 0.0155]), array([0.46665714, 0.00417143]), 0.7854, 1.0]
[6, array([0.4697, 0.0155]), array([0.4677    , 0.00417143]), 0.7854, 1.0]
[6, array([0.4697, 0.0155]), array([0.46874286, 0.00417143]), 0.7854, 1.0]
[6, array([0.4697, 0.0155]), array([0.46978571, 0.00417143]), 0.7854, 1.0]
[6, array([0.4697, 0.0155]), array([0.47082857, 0.00417143]), 0.7854, 1.0]
[6, array([0.4697, 0.0155]), array([0.47187143, 0.00417143]), 0.7854, 1.0]
[6, array([0.4697, 0.0155]), array([0.47291429, 0.00417143]), 0.7854, 1.0]
[6, array([0.4697, 0.0155]), array([0.47395714, 0.00417143]), 0.7854, 1.0]
[6, array([0.4697, 0.0155]), array([0.475     , 0.00417143]), 0.7854, 1.0]
[6, array([0.4697, 0.0155]), array([0.4531    , 0.00521429]), 0.7854, 1.0]
[6, array([0.4697, 0.0155]), array([0.45414286, 0.00521429]), 0.7854, 1.0]
[6, array([0.4697, 0.0155]), array([0.45518571, 0.00521429]), 0.7854, 1.0]
[6, array([0.4697, 0.0155]), array([0.45622857, 0.00521429]), 0.7854, 1.0]
[6, array([0.4697, 0.0155]), array([0.45727143, 0.00521429]), 0.7854, 1.0]
[6, array([0.4697, 0.0155]), array([0.45831429, 0.00521429]), 0.7854, 1.0]
[6, array([0.4697, 0.0155]), array([0.45935714, 0.00521429]), 0.7854, 1.0]
[6, array([0.4697, 0.0155]), array([0.4604    , 0.00521429]), 0.7854, 1.0]
[6, array([0.4697, 0.0155]), array([0.46144286, 0.00521429]), 0.7854, 1.0]
[6, array([0.4697, 0.0155]), array([0.46248571, 0.00521429]), 0.7854, 1.0]
[6, array([0.4697, 0.0155]), array([0.46352857, 0.00521429]), 0.7854, 1.0]
[6, array([0.4697, 0.0155]), array([0.46457143, 0.00521429]), 0.7854, 1.0]
[6, array([0.4697, 0.0155]), array([0.46561429, 0.00521429]), 0.7854, 1.0]
[6, array([0.4697, 0.0155]), array([0.46665714, 0.00521429]), 0.7854, 1.0]
[6, array([0.4697, 0.0155]), array([0.4677    , 0.00521429]), 0.7854, 1.0]
[6, array([0.4697, 0.0155]), array([0.46874286, 0.00521429]), 0.7854, 1.0]
[6, array([0.4697, 0.0155]), array([0.46978571, 0.00521429]), 0.7854, 1.0]
[6, array([0.4697, 0.0155]), array([0.47082857, 0.00521429]), 0.7854, 1.0]
[6, array([0.4697, 0.0155]), array([0.47187143, 0.00521429]), 0.7854, 1.0]
[6, array([0.4697, 0.0155]), array([0.47291429, 0.00521429]), 0.7854, 1.0]
[6, array([0.4697, 0.0155]), array([0.47395714, 0.00521429]), 0.7854, 1.0]
[6, array([0.4697, 0.0155]), array([0.475     , 0.00521429]), 0.7854, 1.0]
[6, array([0.4697, 0.0155]), array([0.4531    , 0.00625714]), 0.7854, 1.0]
[6, array([0.4697, 0.0155]), array([0.45414286, 0.00625714]), 0.7854, 1.0]
[6, array([0.4697, 0.0155]), array([0.45518571, 0.00625714]), 0.7854, 1.0]
[6, array([0.4697, 0.0155]), array([0.45622857, 0.00625714]), 0.7854, 1.0]
[6, array([0.4697, 0.0155]), array([0.45727143, 0.00625714]), 0.7854, 1.0]
[6, array([0.4697, 0.0155]), array([0.45831429, 0.00625714]), 0.7854, 1.0]
[6, array([0.4697, 0.0155]), array([0.45935714, 0.00625714]), 0.7854, 1.0]
[6, array([0.4697, 0.0155]), array([0.4604    , 0.00625714]), 0.7854, 1.0]
[6, array([0.4697, 0.0155]), array([0.46144286, 0.00625714]), 0.7854, 1.0]
[6, array([0.4697, 0.0155]), array([0.46248571, 0.00625714]), 0.7854, 1.0]
[6, array([0.4697, 0.0155]), array([0.46352857, 0.00625714]), 0.7854, 1.0]
[6, array([0.4697, 0.0155]), array([0.46457143, 0.00625714]), 0.7854, 1.0]
[6, array([0.4697, 0.0155]), array([0.46561429, 0.00625714]), 0.7854, 1.0]
[6, array([0.4697, 0.0155]), array([0.46665714, 0.00625714]), 0.7854, 1.0]
[6, array([0.4697, 0.0155]), array([0.4677    , 0.00625714]), 0.7854, 1.0]
[6, array([0.4697, 0.0155]), array([0.46874286, 0.00625714]), 0.7854, 1.0]
[6, array([0.4697, 0.0155]), array([0.46978571, 0.00625714]), 0.7854, 1.0]
[6, array([0.4697, 0.0155]), array([0.47082857, 0.00625714]), 0.7854, 1.0]
[6, array([0.4697, 0.0155]), array([0.47187143, 0.00625714]), 0.7854, 1.0]
[6, array([0.4697, 0.0155]), array([0.47291429, 0.00625714]), 0.7854, 1.0]
[6, array([0.4697, 0.0155]), array([0.47395714, 0.00625714]), 0.7854, 1.0]
[6, array([0.4697, 0.0155]), array([0.475     , 0.00625714]), 0.7854, 1.0]
[6, array([0.4697, 0.0155]), array([0.4531, 0.0073]), 0.7854, 1.0]
[6, array([0.4697, 0.0155]), array([0.45414286, 0.0073    ]), 0.7854, 1.0]
[6, array([0.4697, 0.0155]), array([0.45518571, 0.0073    ]), 0.7854, 1.0]
[6, array([0.4697, 0.0155]), array([0.45622857, 0.0073    ]), 0.7854, 1.0]
[6, array([0.4697, 0.0155]), array([0.45727143, 0.0073    ]), 0.7854, 1.0]
[6, array([0.4697, 0.0155]), array([0.45831429, 0.0073    ]), 0.7854, 1.0]
[6, array([0.4697, 0.0155]), array([0.45935714, 0.0073    ]), 0.7854, 1.0]
[6, array([0.4697, 0.0155]), array([0.4604, 0.0073]), 0.7854, 1.0]
[6, array([0.4697, 0.0155]), array([0.46144286, 0.0073    ]), 0.7854, 1.0]
[6, array([0.4697, 0.0155]), array([0.46248571, 0.0073    ]), 0.7854, 1.0]
[6, array([0.4697, 0.0155]), array([0.46352857, 0.0073    ]), 0.7854, 1.0]
[6, array([0.4697, 0.0155]), array([0.46457143, 0.0073    ]), 0.7854, 1.0]
[6, array([0.4697, 0.0155]), array([0.46561429, 0.0073    ]), 0.7854, 1.0]
[6, array([0.4697, 0.0155]), array([0.46665714, 0.0073    ]), 0.7854, 1.0]
[6, array([0.4697, 0.0155]), array([0.4677, 0.0073]), 0.7854, 1.0]
[6, array([0.4697, 0.0155]), array([0.46874286, 0.0073    ]), 0.7854, 1.0]
[6, array([0.4697, 0.0155]), array([0.46978571, 0.0073    ]), 0.7854, 1.0]
[6, array([0.4697, 0.0155]), array([0.47082857, 0.0073    ]), 0.7854, 1.0]
[6, array([0.4697, 0.0155]), array([0.47187143, 0.0073    ]), 0.7854, 1.0]
[6, array([0.4697, 0.0155]), array([0.47291429, 0.0073    ]), 0.7854, 1.0]
[6, array([0.4697, 0.0155]), array([0.47395714, 0.0073    ]), 0.7854, 1.0]
[6, array([0.4697, 0.0155]), array([0.475 , 0.0073]), 0.7854, 1.0]
[6, array([0.4697, 0.0155]), array([0.4531    , 0.00834286]), 0.7854, 1.0]
[6, array([0.4697, 0.0155]), array([0.45414286, 0.00834286]), 0.7854, 1.0]
[6, array([0.4697, 0.0155]), array([0.45518571, 0.00834286]), 0.7854, 1.0]
[6, array([0.4697, 0.0155]), array([0.45622857, 0.00834286]), 0.7854, 1.0]
[6, array([0.4697, 0.0155]), array([0.45727143, 0.00834286]), 0.7854, 1.0]
[6, array([0.4697, 0.0155]), array([0.45831429, 0.00834286]), 0.7854, 1.0]
[6, array([0.4697, 0.0155]), array([0.45935714, 0.00834286]), 0.7854, 1.0]
[6, array([0.4697, 0.0155]), array([0.4604    , 0.00834286]), 0.7854, 1.0]
[6, array([0.4697, 0.0155]), array([0.46144286, 0.00834286]), 0.7854, 1.0]
[6, array([0.4697, 0.0155]), array([0.46248571, 0.00834286]), 0.7854, 1.0]
[6, array([0.4697, 0.0155]), array([0.46352857, 0.00834286]), 0.7854, 1.0]
[6, array([0.4697, 0.0155]), array([0.46457143, 0.00834286]), 0.7854, 1.0]
[6, array([0.4697, 0.0155]), array([0.46561429, 0.00834286]), 0.7854, 1.0]
[6, array([0.4697, 0.0155]), array([0.46665714, 0.00834286]), 0.7854, 1.0]
[6, array([0.4697, 0.0155]), array([0.4677    , 0.00834286]), 0.7854, 1.0]
[6, array([0.4697, 0.0155]), array([0.46874286, 0.00834286]), 0.7854, 1.0]
[6, array([0.4697, 0.0155]), array([0.46978571, 0.00834286]), 0.7854, 1.0]
[6, array([0.4697, 0.0155]), array([0.47082857, 0.00834286]), 0.7854, 1.0]
[6, array([0.4697, 0.0155]), array([0.47187143, 0.00834286]), 0.7854, 1.0]
[6, array([0.4697, 0.0155]), array([0.47291429, 0.00834286]), 0.7854, 1.0]
[6, array([0.4697, 0.0155]), array([0.47395714, 0.00834286]), 0.7854, 1.0]
[6, array([0.4697, 0.0155]), array([0.475     , 0.00834286]), 0.7854, 1.0]
[6, array([0.4697, 0.0155]), array([0.4531    , 0.00938571]), 0.7854, 1.0]
[6, array([0.4697, 0.0155]), array([0.45414286, 0.00938571]), 0.7854, 1.0]
[6, array([0.4697, 0.0155]), array([0.45518571, 0.00938571]), 0.7854, 1.0]
[6, array([0.4697, 0.0155]), array([0.45622857, 0.00938571]), 0.7854, 1.0]
[6, array([0.4697, 0.0155]), array([0.45727143, 0.00938571]), 0.7854, 1.0]
[6, array([0.4697, 0.0155]), array([0.45831429, 0.00938571]), 0.7854, 1.0]
[6, array([0.4697, 0.0155]), array([0.45935714, 0.00938571]), 0.7854, 1.0]
[6, array([0.4697, 0.0155]), array([0.4604    , 0.00938571]), 0.7854, 1.0]
[6, array([0.4697, 0.0155]), array([0.46144286, 0.00938571]), 0.7854, 1.0]
[6, array([0.4697, 0.0155]), array([0.46248571, 0.00938571]), 0.7854, 1.0]
[6, array([0.4697, 0.0155]), array([0.46352857, 0.00938571]), 0.7854, 1.0]
[6, array([0.4697, 0.0155]), array([0.46457143, 0.00938571]), 0.7854, 1.0]
[6, array([0.4697, 0.0155]), array([0.46561429, 0.00938571]), 0.7854, 1.0]
[6, array([0.4697, 0.0155]), array([0.46665714, 0.00938571]), 0.7854, 1.0]
[6, array([0.4697, 0.0155]), array([0.4677    , 0.00938571]), 0.7854, 1.0]
[6, array([0.4697, 0.0155]), array([0.46874286, 0.00938571]), 0.7854, 1.0]
[6, array([0.4697, 0.0155]), array([0.46978571, 0.00938571]), 0.7854, 1.0]
[6, array([0.4697, 0.0155]), array([0.47082857, 0.00938571]), 0.7854, 1.0]
[6, array([0.4697, 0.0155]), array([0.47187143, 0.00938571]), 0.7854, 1.0]
[6, array([0.4697, 0.0155]), array([0.47291429, 0.00938571]), 0.7854, 1.0]
[6, array([0.4697, 0.0155]), array([0.47395714, 0.00938571]), 0.7854, 1.0]
[6, array([0.4697, 0.0155]), array([0.475     , 0.00938571]), 0.7854, 1.0]
[6, array([0.4697, 0.0155]), array([0.4531    , 0.01042857]), 0.7854, 1.0]
[6, array([0.4697, 0.0155]), array([0.45414286, 0.01042857]), 0.7854, 1.0]
[6, array([0.4697, 0.0155]), array([0.45518571, 0.01042857]), 0.7854, 1.0]
[6, array([0.4697, 0.0155]), array([0.45622857, 0.01042857]), 0.7854, 1.0]
[6, array([0.4697, 0.0155]), array([0.45727143, 0.01042857]), 0.7854, 1.0]
[6, array([0.4697, 0.0155]), array([0.45831429, 0.01042857]), 0.7854, 1.0]
[6, array([0.4697, 0.0155]), array([0.45935714, 0.01042857]), 0.7854, 1.0]
[6, array([0.4697, 0.0155]), array([0.4604    , 0.01042857]), 0.7854, 1.0]
[6, array([0.4697, 0.0155]), array([0.46144286, 0.01042857]), 0.7854, 1.0]
[6, array([0.4697, 0.0155]), array([0.46248571, 0.01042857]), 0.7854, 1.0]
[6, array([0.4697, 0.0155]), array([0.46352857, 0.01042857]), 0.7854, 1.0]
[6, array([0.4697, 0.0155]), array([0.46457143, 0.01042857]), 0.7854, 1.0]
[6, array([0.4697, 0.0155]), array([0.46561429, 0.01042857]), 0.7854, 1.0]
[6, array([0.4697, 0.0155]), array([0.46665714, 0.01042857]), 0.7854, 1.0]
[6, array([0.4697, 0.0155]), array([0.4677    , 0.01042857]), 0.7854, 1.0]
[6, array([0.4697, 0.0155]), array([0.46874286, 0.01042857]), 0.7854, 1.0]
[6, array([0.4697, 0.0155]), array([0.46978571, 0.01042857]), 0.7854, 1.0]
[6, array([0.4697, 0.0155]), array([0.47082857, 0.01042857]), 0.7854, 1.0]
[6, array([0.4697, 0.0155]), array([0.47187143, 0.01042857]), 0.7854, 1.0]
[6, array([0.4697, 0.0155]), array([0.47291429, 0.01042857]), 0.7854, 1.0]
[6, array([0.4697, 0.0155]), array([0.47395714, 0.01042857]), 0.7854, 1.0]
[6, array([0.4697, 0.0155]), array([0.475     , 0.01042857]), 0.7854, 1.0]
[6, array([0.4697, 0.0155]), array([0.4531    , 0.01147143]), 0.7854, 1.0]
[6, array([0.4697, 0.0155]), array([0.45414286, 0.01147143]), 0.7854, 1.0]
[6, array([0.4697, 0.0155]), array([0.45518571, 0.01147143]), 0.7854, 1.0]
[6, array([0.4697, 0.0155]), array([0.45622857, 0.01147143]), 0.7854, 1.0]
[6, array([0.4697, 0.0155]), array([0.45727143, 0.01147143]), 0.7854, 1.0]
[6, array([0.4697, 0.0155]), array([0.45831429, 0.01147143]), 0.7854, 1.0]
[6, array([0.4697, 0.0155]), array([0.45935714, 0.01147143]), 0.7854, 1.0]
[6, array([0.4697, 0.0155]), array([0.4604    , 0.01147143]), 0.7854, 1.0]
[6, array([0.4697, 0.0155]), array([0.46144286, 0.01147143]), 0.7854, 1.0]
[6, array([0.4697, 0.0155]), array([0.46248571, 0.01147143]), 0.7854, 1.0]
[6, array([0.4697, 0.0155]), array([0.46352857, 0.01147143]), 0.7854, 1.0]
[6, array([0.4697, 0.0155]), array([0.46457143, 0.01147143]), 0.7854, 1.0]
[6, array([0.4697, 0.0155]), array([0.46561429, 0.01147143]), 0.7854, 1.0]
[6, array([0.4697, 0.0155]), array([0.46665714, 0.01147143]), 0.7854, 1.0]
[6, array([0.4697, 0.0155]), array([0.4677    , 0.01147143]), 0.7854, 1.0]
[6, array([0.4697, 0.0155]), array([0.46874286, 0.01147143]), 0.7854, 1.0]
[6, array([0.4697, 0.0155]), array([0.46978571, 0.01147143]), 0.7854, 1.0]
[6, array([0.4697, 0.0155]), array([0.47082857, 0.01147143]), 0.7854, 1.0]
[6, array([0.4697, 0.0155]), array([0.47187143, 0.01147143]), 0.7854, 1.0]
[6, array([0.4697, 0.0155]), array([0.47291429, 0.01147143]), 0.7854, 1.0]
[6, array([0.4697, 0.0155]), array([0.47395714, 0.01147143]), 0.7854, 1.0]
[6, array([0.4697, 0.0155]), array([0.475     , 0.01147143]), 0.7854, 0.0]
[6, array([0.4697, 0.0155]), array([0.4531    , 0.01251429]), 0.7854, 1.0]
[6, array([0.4697, 0.0155]), array([0.45414286, 0.01251429]), 0.7854, 1.0]
[6, array([0.4697, 0.0155]), array([0.45518571, 0.01251429]), 0.7854, 1.0]
[6, array([0.4697, 0.0155]), array([0.45622857, 0.01251429]), 0.7854, 1.0]
[6, array([0.4697, 0.0155]), array([0.45727143, 0.01251429]), 0.7854, 1.0]
[6, array([0.4697, 0.0155]), array([0.45831429, 0.01251429]), 0.7854, 1.0]
[6, array([0.4697, 0.0155]), array([0.45935714, 0.01251429]), 0.7854, 1.0]
[6, array([0.4697, 0.0155]), array([0.4604    , 0.01251429]), 0.7854, 1.0]
[6, array([0.4697, 0.0155]), array([0.46144286, 0.01251429]), 0.7854, 1.0]
[6, array([0.4697, 0.0155]), array([0.46248571, 0.01251429]), 0.7854, 1.0]
[6, array([0.4697, 0.0155]), array([0.46352857, 0.01251429]), 0.7854, 1.0]
[6, array([0.4697, 0.0155]), array([0.46457143, 0.01251429]), 0.7854, 1.0]
[6, array([0.4697, 0.0155]), array([0.46561429, 0.01251429]), 0.7854, 1.0]
[6, array([0.4697, 0.0155]), array([0.46665714, 0.01251429]), 0.7854, 1.0]
[6, array([0.4697, 0.0155]), array([0.4677    , 0.01251429]), 0.7854, 1.0]
[6, array([0.4697, 0.0155]), array([0.46874286, 0.01251429]), 0.7854, 1.0]
[6, array([0.4697, 0.0155]), array([0.46978571, 0.01251429]), 0.7854, 1.0]
[6, array([0.4697, 0.0155]), array([0.47082857, 0.01251429]), 0.7854, 1.0]
[6, array([0.4697, 0.0155]), array([0.47187143, 0.01251429]), 0.7854, 1.0]
[6, array([0.4697, 0.0155]), array([0.47291429, 0.01251429]), 0.7854, 1.0]
[6, array([0.4697, 0.0155]), array([0.47395714, 0.01251429]), 0.7854, 1.0]
[6, array([0.4697, 0.0155]), array([0.475     , 0.01251429]), 0.7854, 0.0]
[6, array([0.4697, 0.0155]), array([0.4531    , 0.01355714]), 0.7854, 1.0]
[6, array([0.4697, 0.0155]), array([0.45414286, 0.01355714]), 0.7854, 1.0]
[6, array([0.4697, 0.0155]), array([0.45518571, 0.01355714]), 0.7854, 1.0]
[6, array([0.4697, 0.0155]), array([0.45622857, 0.01355714]), 0.7854, 1.0]
[6, array([0.4697, 0.0155]), array([0.45727143, 0.01355714]), 0.7854, 1.0]
[6, array([0.4697, 0.0155]), array([0.45831429, 0.01355714]), 0.7854, 1.0]
[6, array([0.4697, 0.0155]), array([0.45935714, 0.01355714]), 0.7854, 1.0]
[6, array([0.4697, 0.0155]), array([0.4604    , 0.01355714]), 0.7854, 1.0]
[6, array([0.4697, 0.0155]), array([0.46144286, 0.01355714]), 0.7854, 1.0]
[6, array([0.4697, 0.0155]), array([0.46248571, 0.01355714]), 0.7854, 1.0]
[6, array([0.4697, 0.0155]), array([0.46352857, 0.01355714]), 0.7854, 1.0]
[6, array([0.4697, 0.0155]), array([0.46457143, 0.01355714]), 0.7854, 1.0]
[6, array([0.4697, 0.0155]), array([0.46561429, 0.01355714]), 0.7854, 1.0]
[6, array([0.4697, 0.0155]), array([0.46665714, 0.01355714]), 0.7854, 1.0]
[6, array([0.4697, 0.0155]), array([0.4677    , 0.01355714]), 0.7854, 1.0]
[6, array([0.4697, 0.0155]), array([0.46874286, 0.01355714]), 0.7854, 1.0]
[6, array([0.4697, 0.0155]), array([0.46978571, 0.01355714]), 0.7854, 1.0]
[6, array([0.4697, 0.0155]), array([0.47082857, 0.01355714]), 0.7854, 1.0]
[6, array([0.4697, 0.0155]), array([0.47187143, 0.01355714]), 0.7854, 1.0]
[6, array([0.4697, 0.0155]), array([0.47291429, 0.01355714]), 0.7854, 1.0]
[6, array([0.4697, 0.0155]), array([0.47395714, 0.01355714]), 0.7854, 1.0]
[6, array([0.4697, 0.0155]), array([0.475     , 0.01355714]), 0.7854, 0.0]
[6, array([0.4697, 0.0155]), array([0.4531, 0.0146]), 0.7854, 1.0]
[6, array([0.4697, 0.0155]), array([0.45414286, 0.0146    ]), 0.7854, 1.0]
[6, array([0.4697, 0.0155]), array([0.45518571, 0.0146    ]), 0.7854, 1.0]
[6, array([0.4697, 0.0155]), array([0.45622857, 0.0146    ]), 0.7854, 1.0]
[6, array([0.4697, 0.0155]), array([0.45727143, 0.0146    ]), 0.7854, 1.0]
[6, array([0.4697, 0.0155]), array([0.45831429, 0.0146    ]), 0.7854, 1.0]
[6, array([0.4697, 0.0155]), array([0.45935714, 0.0146    ]), 0.7854, 1.0]
[6, array([0.4697, 0.0155]), array([0.4604, 0.0146]), 0.7854, 1.0]
[6, array([0.4697, 0.0155]), array([0.46144286, 0.0146    ]), 0.7854, 1.0]
[6, array([0.4697, 0.0155]), array([0.46248571, 0.0146    ]), 0.7854, 1.0]
[6, array([0.4697, 0.0155]), array([0.46352857, 0.0146    ]), 0.7854, 1.0]
[6, array([0.4697, 0.0155]), array([0.46457143, 0.0146    ]), 0.7854, 1.0]
[6, array([0.4697, 0.0155]), array([0.46561429, 0.0146    ]), 0.7854, 1.0]
[6, array([0.4697, 0.0155]), array([0.46665714, 0.0146    ]), 0.7854, 1.0]
[6, array([0.4697, 0.0155]), array([0.4677, 0.0146]), 0.7854, 1.0]
[6, array([0.4697, 0.0155]), array([0.46874286, 0.0146    ]), 0.7854, 1.0]
[6, array([0.4697, 0.0155]), array([0.46978571, 0.0146    ]), 0.7854, 1.0]
[6, array([0.4697, 0.0155]), array([0.47082857, 0.0146    ]), 0.7854, 1.0]
[6, array([0.4697, 0.0155]), array([0.47187143, 0.0146    ]), 0.7854, 1.0]
[6, array([0.4697, 0.0155]), array([0.47291429, 0.0146    ]), 0.7854, 1.0]
[6, array([0.4697, 0.0155]), array([0.47395714, 0.0146    ]), 0.7854, 1.0]
[6, array([0.4697, 0.0155]), array([0.475 , 0.0146]), 0.7854, 1.0]
[6, array([0.4697, 0.0155]), array([0.4531    , 0.01564286]), 0.7854, 1.0]
[6, array([0.4697, 0.0155]), array([0.45414286, 0.01564286]), 0.7854, 1.0]
[6, array([0.4697, 0.0155]), array([0.45518571, 0.01564286]), 0.7854, 1.0]
[6, array([0.4697, 0.0155]), array([0.45622857, 0.01564286]), 0.7854, 1.0]
[6, array([0.4697, 0.0155]), array([0.45727143, 0.01564286]), 0.7854, 1.0]
[6, array([0.4697, 0.0155]), array([0.45831429, 0.01564286]), 0.7854, 1.0]
[6, array([0.4697, 0.0155]), array([0.45935714, 0.01564286]), 0.7854, 1.0]
[6, array([0.4697, 0.0155]), array([0.4604    , 0.01564286]), 0.7854, 1.0]
[6, array([0.4697, 0.0155]), array([0.46144286, 0.01564286]), 0.7854, 1.0]
[6, array([0.4697, 0.0155]), array([0.46248571, 0.01564286]), 0.7854, 1.0]
[6, array([0.4697, 0.0155]), array([0.46352857, 0.01564286]), 0.7854, 1.0]
[6, array([0.4697, 0.0155]), array([0.46457143, 0.01564286]), 0.7854, 1.0]
[6, array([0.4697, 0.0155]), array([0.46561429, 0.01564286]), 0.7854, 1.0]
[6, array([0.4697, 0.0155]), array([0.46665714, 0.01564286]), 0.7854, 1.0]
[6, array([0.4697, 0.0155]), array([0.4677    , 0.01564286]), 0.7854, 1.0]
[6, array([0.4697, 0.0155]), array([0.46874286, 0.01564286]), 0.7854, 1.0]
[6, array([0.4697, 0.0155]), array([0.46978571, 0.01564286]), 0.7854, 1.0]
[6, array([0.4697, 0.0155]), array([0.47082857, 0.01564286]), 0.7854, 1.0]
[6, array([0.4697, 0.0155]), array([0.47187143, 0.01564286]), 0.7854, 1.0]
[6, array([0.4697, 0.0155]), array([0.47291429, 0.01564286]), 0.7854, 1.0]
[6, array([0.4697, 0.0155]), array([0.47395714, 0.01564286]), 0.7854, 1.0]
[6, array([0.4697, 0.0155]), array([0.475     , 0.01564286]), 0.7854, 1.0]
[6, array([0.4697, 0.0155]), array([0.4531    , 0.01668571]), 0.7854, 1.0]
[6, array([0.4697, 0.0155]), array([0.45414286, 0.01668571]), 0.7854, 1.0]
[6, array([0.4697, 0.0155]), array([0.45518571, 0.01668571]), 0.7854, 1.0]
[6, array([0.4697, 0.0155]), array([0.45622857, 0.01668571]), 0.7854, 1.0]
[6, array([0.4697, 0.0155]), array([0.45727143, 0.01668571]), 0.7854, 1.0]
[6, array([0.4697, 0.0155]), array([0.45831429, 0.01668571]), 0.7854, 1.0]
[6, array([0.4697, 0.0155]), array([0.45935714, 0.01668571]), 0.7854, 1.0]
[6, array([0.4697, 0.0155]), array([0.4604    , 0.01668571]), 0.7854, 0.0]
[6, array([0.4697, 0.0155]), array([0.46144286, 0.01668571]), 0.7854, 1.0]
[6, array([0.4697, 0.0155]), array([0.46248571, 0.01668571]), 0.7854, 1.0]
[6, array([0.4697, 0.0155]), array([0.46352857, 0.01668571]), 0.7854, 1.0]
[6, array([0.4697, 0.0155]), array([0.46457143, 0.01668571]), 0.7854, 1.0]
[6, array([0.4697, 0.0155]), array([0.46561429, 0.01668571]), 0.7854, 1.0]
[6, array([0.4697, 0.0155]), array([0.46665714, 0.01668571]), 0.7854, 1.0]
[6, array([0.4697, 0.0155]), array([0.4677    , 0.01668571]), 0.7854, 1.0]
[6, array([0.4697, 0.0155]), array([0.46874286, 0.01668571]), 0.7854, 1.0]
[6, array([0.4697, 0.0155]), array([0.46978571, 0.01668571]), 0.7854, 1.0]
[6, array([0.4697, 0.0155]), array([0.47082857, 0.01668571]), 0.7854, 1.0]
[6, array([0.4697, 0.0155]), array([0.47187143, 0.01668571]), 0.7854, 1.0]
[6, array([0.4697, 0.0155]), array([0.47291429, 0.01668571]), 0.7854, 1.0]
[6, array([0.4697, 0.0155]), array([0.47395714, 0.01668571]), 0.7854, 1.0]
[6, array([0.4697, 0.0155]), array([0.475     , 0.01668571]), 0.7854, 1.0]
[6, array([0.4697, 0.0155]), array([0.4531    , 0.01772857]), 0.7854, 0.0]
[6, array([0.4697, 0.0155]), array([0.45414286, 0.01772857]), 0.7854, 0.0]
[6, array([0.4697, 0.0155]), array([0.45518571, 0.01772857]), 0.7854, 0.0]
[6, array([0.4697, 0.0155]), array([0.45622857, 0.01772857]), 0.7854, 1.0]
[6, array([0.4697, 0.0155]), array([0.45727143, 0.01772857]), 0.7854, 1.0]
[6, array([0.4697, 0.0155]), array([0.45831429, 0.01772857]), 0.7854, 1.0]
[6, array([0.4697, 0.0155]), array([0.45935714, 0.01772857]), 0.7854, 1.0]
[6, array([0.4697, 0.0155]), array([0.4604    , 0.01772857]), 0.7854, 1.0]
[6, array([0.4697, 0.0155]), array([0.46144286, 0.01772857]), 0.7854, 1.0]
[6, array([0.4697, 0.0155]), array([0.46248571, 0.01772857]), 0.7854, 1.0]
[6, array([0.4697, 0.0155]), array([0.46352857, 0.01772857]), 0.7854, 1.0]
[6, array([0.4697, 0.0155]), array([0.46457143, 0.01772857]), 0.7854, 1.0]
[6, array([0.4697, 0.0155]), array([0.46561429, 0.01772857]), 0.7854, 1.0]
[6, array([0.4697, 0.0155]), array([0.46665714, 0.01772857]), 0.7854, 1.0]
[6, array([0.4697, 0.0155]), array([0.4677    , 0.01772857]), 0.7854, 1.0]
[6, array([0.4697, 0.0155]), array([0.46874286, 0.01772857]), 0.7854, 1.0]
[6, array([0.4697, 0.0155]), array([0.46978571, 0.01772857]), 0.7854, 1.0]
[6, array([0.4697, 0.0155]), array([0.47082857, 0.01772857]), 0.7854, 1.0]
[6, array([0.4697, 0.0155]), array([0.47187143, 0.01772857]), 0.7854, 1.0]
[6, array([0.4697, 0.0155]), array([0.47291429, 0.01772857]), 0.7854, 1.0]
[6, array([0.4697, 0.0155]), array([0.47395714, 0.01772857]), 0.7854, 1.0]
[6, array([0.4697, 0.0155]), array([0.475     , 0.01772857]), 0.7854, 1.0]
[6, array([0.4697, 0.0155]), array([0.4531    , 0.01877143]), 0.7854, 0.0]
[6, array([0.4697, 0.0155]), array([0.45414286, 0.01877143]), 0.7854, 0.0]
[6, array([0.4697, 0.0155]), array([0.45518571, 0.01877143]), 0.7854, 0.0]
[6, array([0.4697, 0.0155]), array([0.45622857, 0.01877143]), 0.7854, 1.0]
[6, array([0.4697, 0.0155]), array([0.45727143, 0.01877143]), 0.7854, 1.0]
[6, array([0.4697, 0.0155]), array([0.45831429, 0.01877143]), 0.7854, 1.0]
[6, array([0.4697, 0.0155]), array([0.45935714, 0.01877143]), 0.7854, 1.0]
[6, array([0.4697, 0.0155]), array([0.4604    , 0.01877143]), 0.7854, 1.0]
[6, array([0.4697, 0.0155]), array([0.46144286, 0.01877143]), 0.7854, 1.0]
[6, array([0.4697, 0.0155]), array([0.46248571, 0.01877143]), 0.7854, 1.0]
[6, array([0.4697, 0.0155]), array([0.46352857, 0.01877143]), 0.7854, 1.0]
[6, array([0.4697, 0.0155]), array([0.46457143, 0.01877143]), 0.7854, 1.0]
[6, array([0.4697, 0.0155]), array([0.46561429, 0.01877143]), 0.7854, 1.0]
[6, array([0.4697, 0.0155]), array([0.46665714, 0.01877143]), 0.7854, 1.0]
[6, array([0.4697, 0.0155]), array([0.4677    , 0.01877143]), 0.7854, 1.0]
[6, array([0.4697, 0.0155]), array([0.46874286, 0.01877143]), 0.7854, 1.0]
[6, array([0.4697, 0.0155]), array([0.46978571, 0.01877143]), 0.7854, 1.0]
[6, array([0.4697, 0.0155]), array([0.47082857, 0.01877143]), 0.7854, 1.0]
[6, array([0.4697, 0.0155]), array([0.47187143, 0.01877143]), 0.7854, 1.0]
[6, array([0.4697, 0.0155]), array([0.47291429, 0.01877143]), 0.7854, 1.0]
[6, array([0.4697, 0.0155]), array([0.47395714, 0.01877143]), 0.7854, 1.0]
[6, array([0.4697, 0.0155]), array([0.475     , 0.01877143]), 0.7854, 1.0]
[6, array([0.4697, 0.0155]), array([0.4531    , 0.01981429]), 0.7854, 0.0]
[6, array([0.4697, 0.0155]), array([0.45414286, 0.01981429]), 0.7854, 0.0]
[6, array([0.4697, 0.0155]), array([0.45518571, 0.01981429]), 0.7854, 0.0]
[6, array([0.4697, 0.0155]), array([0.45622857, 0.01981429]), 0.7854, 1.0]
[6, array([0.4697, 0.0155]), array([0.45727143, 0.01981429]), 0.7854, 1.0]
[6, array([0.4697, 0.0155]), array([0.45831429, 0.01981429]), 0.7854, 1.0]
[6, array([0.4697, 0.0155]), array([0.45935714, 0.01981429]), 0.7854, 1.0]
[6, array([0.4697, 0.0155]), array([0.4604    , 0.01981429]), 0.7854, 1.0]
[6, array([0.4697, 0.0155]), array([0.46144286, 0.01981429]), 0.7854, 1.0]
[6, array([0.4697, 0.0155]), array([0.46248571, 0.01981429]), 0.7854, 1.0]
[6, array([0.4697, 0.0155]), array([0.46352857, 0.01981429]), 0.7854, 1.0]
[6, array([0.4697, 0.0155]), array([0.46457143, 0.01981429]), 0.7854, 1.0]
[6, array([0.4697, 0.0155]), array([0.46561429, 0.01981429]), 0.7854, 1.0]
[6, array([0.4697, 0.0155]), array([0.46665714, 0.01981429]), 0.7854, 1.0]
[6, array([0.4697, 0.0155]), array([0.4677    , 0.01981429]), 0.7854, 1.0]
[6, array([0.4697, 0.0155]), array([0.46874286, 0.01981429]), 0.7854, 1.0]
[6, array([0.4697, 0.0155]), array([0.46978571, 0.01981429]), 0.7854, 1.0]
[6, array([0.4697, 0.0155]), array([0.47082857, 0.01981429]), 0.7854, 1.0]
[6, array([0.4697, 0.0155]), array([0.47187143, 0.01981429]), 0.7854, 1.0]
[6, array([0.4697, 0.0155]), array([0.47291429, 0.01981429]), 0.7854, 1.0]
[6, array([0.4697, 0.0155]), array([0.47395714, 0.01981429]), 0.7854, 1.0]
[6, array([0.4697, 0.0155]), array([0.475     , 0.01981429]), 0.7854, 1.0]
[6, array([0.4697, 0.0155]), array([0.4531    , 0.02085714]), 0.7854, 0.0]
[6, array([0.4697, 0.0155]), array([0.45414286, 0.02085714]), 0.7854, 0.0]
[6, array([0.4697, 0.0155]), array([0.45518571, 0.02085714]), 0.7854, 0.0]
[6, array([0.4697, 0.0155]), array([0.45622857, 0.02085714]), 0.7854, 0.0]
[6, array([0.4697, 0.0155]), array([0.45727143, 0.02085714]), 0.7854, 1.0]
[6, array([0.4697, 0.0155]), array([0.45831429, 0.02085714]), 0.7854, 1.0]
[6, array([0.4697, 0.0155]), array([0.45935714, 0.02085714]), 0.7854, 1.0]
[6, array([0.4697, 0.0155]), array([0.4604    , 0.02085714]), 0.7854, 1.0]
[6, array([0.4697, 0.0155]), array([0.46144286, 0.02085714]), 0.7854, 1.0]
[6, array([0.4697, 0.0155]), array([0.46248571, 0.02085714]), 0.7854, 0.0]
[6, array([0.4697, 0.0155]), array([0.46352857, 0.02085714]), 0.7854, 1.0]
[6, array([0.4697, 0.0155]), array([0.46457143, 0.02085714]), 0.7854, 1.0]
[6, array([0.4697, 0.0155]), array([0.46561429, 0.02085714]), 0.7854, 1.0]
[6, array([0.4697, 0.0155]), array([0.46665714, 0.02085714]), 0.7854, 1.0]
[6, array([0.4697, 0.0155]), array([0.4677    , 0.02085714]), 0.7854, 1.0]
[6, array([0.4697, 0.0155]), array([0.46874286, 0.02085714]), 0.7854, 1.0]
[6, array([0.4697, 0.0155]), array([0.46978571, 0.02085714]), 0.7854, 1.0]
[6, array([0.4697, 0.0155]), array([0.47082857, 0.02085714]), 0.7854, 1.0]
[6, array([0.4697, 0.0155]), array([0.47187143, 0.02085714]), 0.7854, 1.0]
[6, array([0.4697, 0.0155]), array([0.47291429, 0.02085714]), 0.7854, 1.0]
[6, array([0.4697, 0.0155]), array([0.47395714, 0.02085714]), 0.7854, 1.0]
[6, array([0.4697, 0.0155]), array([0.475     , 0.02085714]), 0.7854, 1.0]
[6, array([0.4697, 0.0155]), array([0.4531, 0.0219]), 0.7854, 0.0]
[6, array([0.4697, 0.0155]), array([0.45414286, 0.0219    ]), 0.7854, 0.0]
[6, array([0.4697, 0.0155]), array([0.45518571, 0.0219    ]), 0.7854, 0.0]
[6, array([0.4697, 0.0155]), array([0.45622857, 0.0219    ]), 0.7854, 0.0]
[6, array([0.4697, 0.0155]), array([0.45727143, 0.0219    ]), 0.7854, 0.0]
[6, array([0.4697, 0.0155]), array([0.45831429, 0.0219    ]), 0.7854, 1.0]
[6, array([0.4697, 0.0155]), array([0.45935714, 0.0219    ]), 0.7854, 1.0]
[6, array([0.4697, 0.0155]), array([0.4604, 0.0219]), 0.7854, 1.0]
[6, array([0.4697, 0.0155]), array([0.46144286, 0.0219    ]), 0.7854, 1.0]
[6, array([0.4697, 0.0155]), array([0.46248571, 0.0219    ]), 0.7854, 0.0]
[6, array([0.4697, 0.0155]), array([0.46352857, 0.0219    ]), 0.7854, 0.0]
[6, array([0.4697, 0.0155]), array([0.46457143, 0.0219    ]), 0.7854, 0.0]
[6, array([0.4697, 0.0155]), array([0.46561429, 0.0219    ]), 0.7854, 1.0]
[6, array([0.4697, 0.0155]), array([0.46665714, 0.0219    ]), 0.7854, 1.0]
[6, array([0.4697, 0.0155]), array([0.4677, 0.0219]), 0.7854, 1.0]
[6, array([0.4697, 0.0155]), array([0.46874286, 0.0219    ]), 0.7854, 1.0]
[6, array([0.4697, 0.0155]), array([0.46978571, 0.0219    ]), 0.7854, 1.0]
[6, array([0.4697, 0.0155]), array([0.47082857, 0.0219    ]), 0.7854, 1.0]
[6, array([0.4697, 0.0155]), array([0.47187143, 0.0219    ]), 0.7854, 1.0]
[6, array([0.4697, 0.0155]), array([0.47291429, 0.0219    ]), 0.7854, 1.0]
[6, array([0.4697, 0.0155]), array([0.47395714, 0.0219    ]), 0.7854, 1.0]
[6, array([0.4697, 0.0155]), array([0.475 , 0.0219]), 0.7854, 0.0]
[3, array([0.508 , 0.0492]), array([0.5031 , 0.04375]), 0.7854, 0.0]
[3, array([0.508 , 0.0492]), array([0.50325238, 0.04375   ]), 0.7854, 0.0]
[3, array([0.508 , 0.0492]), array([0.50340476, 0.04375   ]), 0.7854, 0.0]
[3, array([0.508 , 0.0492]), array([0.50355714, 0.04375   ]), 0.7854, 0.0]
[3, array([0.508 , 0.0492]), array([0.50370952, 0.04375   ]), 0.7854, 0.0]
[3, array([0.508 , 0.0492]), array([0.5038619, 0.04375  ]), 0.7854, 0.0]
[3, array([0.508 , 0.0492]), array([0.50401429, 0.04375   ]), 0.7854, 0.0]
[3, array([0.508 , 0.0492]), array([0.50416667, 0.04375   ]), 0.7854, 0.0]
[3, array([0.508 , 0.0492]), array([0.50431905, 0.04375   ]), 0.7854, 0.0]
[3, array([0.508 , 0.0492]), array([0.50447143, 0.04375   ]), 0.7854, 0.0]
[3, array([0.508 , 0.0492]), array([0.50462381, 0.04375   ]), 0.7854, 0.0]
[3, array([0.508 , 0.0492]), array([0.50477619, 0.04375   ]), 0.7854, 0.0]
[3, array([0.508 , 0.0492]), array([0.50492857, 0.04375   ]), 0.7854, 0.0]
[3, array([0.508 , 0.0492]), array([0.50508095, 0.04375   ]), 0.7854, 0.0]
[3, array([0.508 , 0.0492]), array([0.50523333, 0.04375   ]), 0.7854, 0.0]
[3, array([0.508 , 0.0492]), array([0.50538571, 0.04375   ]), 0.7854, 0.0]
[3, array([0.508 , 0.0492]), array([0.5055381, 0.04375  ]), 0.7854, 0.0]
[3, array([0.508 , 0.0492]), array([0.50569048, 0.04375   ]), 0.7854, 0.0]
[3, array([0.508 , 0.0492]), array([0.50584286, 0.04375   ]), 0.7854, 0.0]
[3, array([0.508 , 0.0492]), array([0.50599524, 0.04375   ]), 0.7854, 0.0]
[3, array([0.508 , 0.0492]), array([0.50614762, 0.04375   ]), 0.7854, 0.0]
[3, array([0.508 , 0.0492]), array([0.5063 , 0.04375]), 0.7854, 0.0]
[3, array([0.508 , 0.0492]), array([0.5031    , 0.04390238]), 0.7854, 0.0]
[3, array([0.508 , 0.0492]), array([0.50325238, 0.04390238]), 0.7854, 0.0]
[3, array([0.508 , 0.0492]), array([0.50340476, 0.04390238]), 0.7854, 0.0]
[3, array([0.508 , 0.0492]), array([0.50355714, 0.04390238]), 0.7854, 0.0]
[3, array([0.508 , 0.0492]), array([0.50370952, 0.04390238]), 0.7854, 0.0]
[3, array([0.508 , 0.0492]), array([0.5038619 , 0.04390238]), 0.7854, 0.0]
[3, array([0.508 , 0.0492]), array([0.50401429, 0.04390238]), 0.7854, 0.0]
[3, array([0.508 , 0.0492]), array([0.50416667, 0.04390238]), 0.7854, 0.0]
[3, array([0.508 , 0.0492]), array([0.50431905, 0.04390238]), 0.7854, 0.0]
[3, array([0.508 , 0.0492]), array([0.50447143, 0.04390238]), 0.7854, 0.0]
[3, array([0.508 , 0.0492]), array([0.50462381, 0.04390238]), 0.7854, 0.0]
[3, array([0.508 , 0.0492]), array([0.50477619, 0.04390238]), 0.7854, 0.0]
[3, array([0.508 , 0.0492]), array([0.50492857, 0.04390238]), 0.7854, 0.0]
[3, array([0.508 , 0.0492]), array([0.50508095, 0.04390238]), 0.7854, 0.0]
[3, array([0.508 , 0.0492]), array([0.50523333, 0.04390238]), 0.7854, 0.0]
[3, array([0.508 , 0.0492]), array([0.50538571, 0.04390238]), 0.7854, 0.0]
[3, array([0.508 , 0.0492]), array([0.5055381 , 0.04390238]), 0.7854, 0.0]
[3, array([0.508 , 0.0492]), array([0.50569048, 0.04390238]), 0.7854, 0.0]
[3, array([0.508 , 0.0492]), array([0.50584286, 0.04390238]), 0.7854, 0.0]
[3, array([0.508 , 0.0492]), array([0.50599524, 0.04390238]), 0.7854, 0.0]
[3, array([0.508 , 0.0492]), array([0.50614762, 0.04390238]), 0.7854, 0.0]
[3, array([0.508 , 0.0492]), array([0.5063    , 0.04390238]), 0.7854, 0.0]
[3, array([0.508 , 0.0492]), array([0.5031    , 0.04405476]), 0.7854, 0.0]
[3, array([0.508 , 0.0492]), array([0.50325238, 0.04405476]), 0.7854, 0.0]
[3, array([0.508 , 0.0492]), array([0.50340476, 0.04405476]), 0.7854, 0.0]
[3, array([0.508 , 0.0492]), array([0.50355714, 0.04405476]), 0.7854, 0.0]
[3, array([0.508 , 0.0492]), array([0.50370952, 0.04405476]), 0.7854, 0.0]
[3, array([0.508 , 0.0492]), array([0.5038619 , 0.04405476]), 0.7854, 0.0]
[3, array([0.508 , 0.0492]), array([0.50401429, 0.04405476]), 0.7854, 0.0]
[3, array([0.508 , 0.0492]), array([0.50416667, 0.04405476]), 0.7854, 0.0]
[3, array([0.508 , 0.0492]), array([0.50431905, 0.04405476]), 0.7854, 0.0]
[3, array([0.508 , 0.0492]), array([0.50447143, 0.04405476]), 0.7854, 0.0]
[3, array([0.508 , 0.0492]), array([0.50462381, 0.04405476]), 0.7854, 0.0]
[3, array([0.508 , 0.0492]), array([0.50477619, 0.04405476]), 0.7854, 0.0]
[3, array([0.508 , 0.0492]), array([0.50492857, 0.04405476]), 0.7854, 0.0]
[3, array([0.508 , 0.0492]), array([0.50508095, 0.04405476]), 0.7854, 0.0]
[3, array([0.508 , 0.0492]), array([0.50523333, 0.04405476]), 0.7854, 0.0]
[3, array([0.508 , 0.0492]), array([0.50538571, 0.04405476]), 0.7854, 0.0]
[3, array([0.508 , 0.0492]), array([0.5055381 , 0.04405476]), 0.7854, 0.0]
[3, array([0.508 , 0.0492]), array([0.50569048, 0.04405476]), 0.7854, 0.0]
[3, array([0.508 , 0.0492]), array([0.50584286, 0.04405476]), 0.7854, 0.0]
[3, array([0.508 , 0.0492]), array([0.50599524, 0.04405476]), 0.7854, 0.0]
[3, array([0.508 , 0.0492]), array([0.50614762, 0.04405476]), 0.7854, 0.0]
[3, array([0.508 , 0.0492]), array([0.5063    , 0.04405476]), 0.7854, 0.0]
[3, array([0.508 , 0.0492]), array([0.5031    , 0.04420714]), 0.7854, 0.0]
[3, array([0.508 , 0.0492]), array([0.50325238, 0.04420714]), 0.7854, 0.0]
[3, array([0.508 , 0.0492]), array([0.50340476, 0.04420714]), 0.7854, 0.0]
[3, array([0.508 , 0.0492]), array([0.50355714, 0.04420714]), 0.7854, 0.0]
[3, array([0.508 , 0.0492]), array([0.50370952, 0.04420714]), 0.7854, 0.0]
[3, array([0.508 , 0.0492]), array([0.5038619 , 0.04420714]), 0.7854, 0.0]
[3, array([0.508 , 0.0492]), array([0.50401429, 0.04420714]), 0.7854, 0.0]
[3, array([0.508 , 0.0492]), array([0.50416667, 0.04420714]), 0.7854, 0.0]
[3, array([0.508 , 0.0492]), array([0.50431905, 0.04420714]), 0.7854, 0.0]
[3, array([0.508 , 0.0492]), array([0.50447143, 0.04420714]), 0.7854, 0.0]
[3, array([0.508 , 0.0492]), array([0.50462381, 0.04420714]), 0.7854, 0.0]
[3, array([0.508 , 0.0492]), array([0.50477619, 0.04420714]), 0.7854, 0.0]
[3, array([0.508 , 0.0492]), array([0.50492857, 0.04420714]), 0.7854, 0.0]
[3, array([0.508 , 0.0492]), array([0.50508095, 0.04420714]), 0.7854, 0.0]
[3, array([0.508 , 0.0492]), array([0.50523333, 0.04420714]), 0.7854, 0.0]
[3, array([0.508 , 0.0492]), array([0.50538571, 0.04420714]), 0.7854, 0.0]
[3, array([0.508 , 0.0492]), array([0.5055381 , 0.04420714]), 0.7854, 0.0]
[3, array([0.508 , 0.0492]), array([0.50569048, 0.04420714]), 0.7854, 0.0]
[3, array([0.508 , 0.0492]), array([0.50584286, 0.04420714]), 0.7854, 0.0]
[3, array([0.508 , 0.0492]), array([0.50599524, 0.04420714]), 0.7854, 0.0]
[3, array([0.508 , 0.0492]), array([0.50614762, 0.04420714]), 0.7854, 0.0]
[3, array([0.508 , 0.0492]), array([0.5063    , 0.04420714]), 0.7854, 0.0]
[3, array([0.508 , 0.0492]), array([0.5031    , 0.04435952]), 0.7854, 0.0]
[3, array([0.508 , 0.0492]), array([0.50325238, 0.04435952]), 0.7854, 0.0]
[3, array([0.508 , 0.0492]), array([0.50340476, 0.04435952]), 0.7854, 0.0]
[3, array([0.508 , 0.0492]), array([0.50355714, 0.04435952]), 0.7854, 0.0]
[3, array([0.508 , 0.0492]), array([0.50370952, 0.04435952]), 0.7854, 0.0]
[3, array([0.508 , 0.0492]), array([0.5038619 , 0.04435952]), 0.7854, 0.0]
[3, array([0.508 , 0.0492]), array([0.50401429, 0.04435952]), 0.7854, 0.0]
[3, array([0.508 , 0.0492]), array([0.50416667, 0.04435952]), 0.7854, 0.0]
[3, array([0.508 , 0.0492]), array([0.50431905, 0.04435952]), 0.7854, 0.0]
[3, array([0.508 , 0.0492]), array([0.50447143, 0.04435952]), 0.7854, 0.0]
[3, array([0.508 , 0.0492]), array([0.50462381, 0.04435952]), 0.7854, 0.0]
[3, array([0.508 , 0.0492]), array([0.50477619, 0.04435952]), 0.7854, 0.0]
[3, array([0.508 , 0.0492]), array([0.50492857, 0.04435952]), 0.7854, 0.0]
[3, array([0.508 , 0.0492]), array([0.50508095, 0.04435952]), 0.7854, 0.0]
[3, array([0.508 , 0.0492]), array([0.50523333, 0.04435952]), 0.7854, 0.0]
[3, array([0.508 , 0.0492]), array([0.50538571, 0.04435952]), 0.7854, 0.0]
[3, array([0.508 , 0.0492]), array([0.5055381 , 0.04435952]), 0.7854, 0.0]
[3, array([0.508 , 0.0492]), array([0.50569048, 0.04435952]), 0.7854, 0.0]
[3, array([0.508 , 0.0492]), array([0.50584286, 0.04435952]), 0.7854, 0.0]
[3, array([0.508 , 0.0492]), array([0.50599524, 0.04435952]), 0.7854, 0.0]
[3, array([0.508 , 0.0492]), array([0.50614762, 0.04435952]), 0.7854, 0.0]
[3, array([0.508 , 0.0492]), array([0.5063    , 0.04435952]), 0.7854, 0.0]
[3, array([0.508 , 0.0492]), array([0.5031   , 0.0445119]), 0.7854, 0.0]
[3, array([0.508 , 0.0492]), array([0.50325238, 0.0445119 ]), 0.7854, 0.0]
[3, array([0.508 , 0.0492]), array([0.50340476, 0.0445119 ]), 0.7854, 0.0]
[3, array([0.508 , 0.0492]), array([0.50355714, 0.0445119 ]), 0.7854, 0.0]
[3, array([0.508 , 0.0492]), array([0.50370952, 0.0445119 ]), 0.7854, 0.0]
[3, array([0.508 , 0.0492]), array([0.5038619, 0.0445119]), 0.7854, 0.0]
[3, array([0.508 , 0.0492]), array([0.50401429, 0.0445119 ]), 0.7854, 0.0]
[3, array([0.508 , 0.0492]), array([0.50416667, 0.0445119 ]), 0.7854, 0.0]
[3, array([0.508 , 0.0492]), array([0.50431905, 0.0445119 ]), 0.7854, 0.0]
[3, array([0.508 , 0.0492]), array([0.50447143, 0.0445119 ]), 0.7854, 0.0]
[3, array([0.508 , 0.0492]), array([0.50462381, 0.0445119 ]), 0.7854, 0.0]
[3, array([0.508 , 0.0492]), array([0.50477619, 0.0445119 ]), 0.7854, 0.0]
[3, array([0.508 , 0.0492]), array([0.50492857, 0.0445119 ]), 0.7854, 0.0]
[3, array([0.508 , 0.0492]), array([0.50508095, 0.0445119 ]), 0.7854, 0.0]
[3, array([0.508 , 0.0492]), array([0.50523333, 0.0445119 ]), 0.7854, 0.0]
[3, array([0.508 , 0.0492]), array([0.50538571, 0.0445119 ]), 0.7854, 0.0]
[3, array([0.508 , 0.0492]), array([0.5055381, 0.0445119]), 0.7854, 0.0]
[3, array([0.508 , 0.0492]), array([0.50569048, 0.0445119 ]), 0.7854, 0.0]
[3, array([0.508 , 0.0492]), array([0.50584286, 0.0445119 ]), 0.7854, 0.0]
[3, array([0.508 , 0.0492]), array([0.50599524, 0.0445119 ]), 0.7854, 0.0]
[3, array([0.508 , 0.0492]), array([0.50614762, 0.0445119 ]), 0.7854, 0.0]
[3, array([0.508 , 0.0492]), array([0.5063   , 0.0445119]), 0.7854, 0.0]
[3, array([0.508 , 0.0492]), array([0.5031    , 0.04466429]), 0.7854, 0.0]
[3, array([0.508 , 0.0492]), array([0.50325238, 0.04466429]), 0.7854, 0.0]
[3, array([0.508 , 0.0492]), array([0.50340476, 0.04466429]), 0.7854, 1.0]
[3, array([0.508 , 0.0492]), array([0.50355714, 0.04466429]), 0.7854, 0.0]
[3, array([0.508 , 0.0492]), array([0.50370952, 0.04466429]), 0.7854, 0.0]
[3, array([0.508 , 0.0492]), array([0.5038619 , 0.04466429]), 0.7854, 0.0]
[3, array([0.508 , 0.0492]), array([0.50401429, 0.04466429]), 0.7854, 0.0]
[3, array([0.508 , 0.0492]), array([0.50416667, 0.04466429]), 0.7854, 0.0]
[3, array([0.508 , 0.0492]), array([0.50431905, 0.04466429]), 0.7854, 0.0]
[3, array([0.508 , 0.0492]), array([0.50447143, 0.04466429]), 0.7854, 0.0]
[3, array([0.508 , 0.0492]), array([0.50462381, 0.04466429]), 0.7854, 0.0]
[3, array([0.508 , 0.0492]), array([0.50477619, 0.04466429]), 0.7854, 0.0]
[3, array([0.508 , 0.0492]), array([0.50492857, 0.04466429]), 0.7854, 0.0]
[3, array([0.508 , 0.0492]), array([0.50508095, 0.04466429]), 0.7854, 0.0]
[3, array([0.508 , 0.0492]), array([0.50523333, 0.04466429]), 0.7854, 0.0]
[3, array([0.508 , 0.0492]), array([0.50538571, 0.04466429]), 0.7854, 0.0]
[3, array([0.508 , 0.0492]), array([0.5055381 , 0.04466429]), 0.7854, 0.0]
[3, array([0.508 , 0.0492]), array([0.50569048, 0.04466429]), 0.7854, 0.0]
[3, array([0.508 , 0.0492]), array([0.50584286, 0.04466429]), 0.7854, 0.0]
[3, array([0.508 , 0.0492]), array([0.50599524, 0.04466429]), 0.7854, 0.0]
[3, array([0.508 , 0.0492]), array([0.50614762, 0.04466429]), 0.7854, 0.0]
[3, array([0.508 , 0.0492]), array([0.5063    , 0.04466429]), 0.7854, 0.0]
[3, array([0.508 , 0.0492]), array([0.5031    , 0.04481667]), 0.7854, 0.0]
[3, array([0.508 , 0.0492]), array([0.50325238, 0.04481667]), 0.7854, 0.0]
[3, array([0.508 , 0.0492]), array([0.50340476, 0.04481667]), 0.7854, 0.0]
[3, array([0.508 , 0.0492]), array([0.50355714, 0.04481667]), 0.7854, 0.0]
[3, array([0.508 , 0.0492]), array([0.50370952, 0.04481667]), 0.7854, 0.0]
[3, array([0.508 , 0.0492]), array([0.5038619 , 0.04481667]), 0.7854, 0.0]
[3, array([0.508 , 0.0492]), array([0.50401429, 0.04481667]), 0.7854, 0.0]
[3, array([0.508 , 0.0492]), array([0.50416667, 0.04481667]), 0.7854, 0.0]
[3, array([0.508 , 0.0492]), array([0.50431905, 0.04481667]), 0.7854, 0.0]
[3, array([0.508 , 0.0492]), array([0.50447143, 0.04481667]), 0.7854, 0.0]
[3, array([0.508 , 0.0492]), array([0.50462381, 0.04481667]), 0.7854, 0.0]
[3, array([0.508 , 0.0492]), array([0.50477619, 0.04481667]), 0.7854, 0.0]
[3, array([0.508 , 0.0492]), array([0.50492857, 0.04481667]), 0.7854, 0.0]
[3, array([0.508 , 0.0492]), array([0.50508095, 0.04481667]), 0.7854, 0.0]
[3, array([0.508 , 0.0492]), array([0.50523333, 0.04481667]), 0.7854, 0.0]
[3, array([0.508 , 0.0492]), array([0.50538571, 0.04481667]), 0.7854, 0.0]
[3, array([0.508 , 0.0492]), array([0.5055381 , 0.04481667]), 0.7854, 0.0]
[3, array([0.508 , 0.0492]), array([0.50569048, 0.04481667]), 0.7854, 0.0]
[3, array([0.508 , 0.0492]), array([0.50584286, 0.04481667]), 0.7854, 0.0]
[3, array([0.508 , 0.0492]), array([0.50599524, 0.04481667]), 0.7854, 0.0]
[3, array([0.508 , 0.0492]), array([0.50614762, 0.04481667]), 0.7854, 0.0]
[3, array([0.508 , 0.0492]), array([0.5063    , 0.04481667]), 0.7854, 0.0]
[3, array([0.508 , 0.0492]), array([0.5031    , 0.04496905]), 0.7854, 0.0]
[3, array([0.508 , 0.0492]), array([0.50325238, 0.04496905]), 0.7854, 0.0]
[3, array([0.508 , 0.0492]), array([0.50340476, 0.04496905]), 0.7854, 0.0]
[3, array([0.508 , 0.0492]), array([0.50355714, 0.04496905]), 0.7854, 0.0]
[3, array([0.508 , 0.0492]), array([0.50370952, 0.04496905]), 0.7854, 0.0]
[3, array([0.508 , 0.0492]), array([0.5038619 , 0.04496905]), 0.7854, 0.0]
[3, array([0.508 , 0.0492]), array([0.50401429, 0.04496905]), 0.7854, 0.0]
[3, array([0.508 , 0.0492]), array([0.50416667, 0.04496905]), 0.7854, 0.0]
[3, array([0.508 , 0.0492]), array([0.50431905, 0.04496905]), 0.7854, 0.0]
[3, array([0.508 , 0.0492]), array([0.50447143, 0.04496905]), 0.7854, 0.0]
[3, array([0.508 , 0.0492]), array([0.50462381, 0.04496905]), 0.7854, 0.0]
[3, array([0.508 , 0.0492]), array([0.50477619, 0.04496905]), 0.7854, 0.0]
[3, array([0.508 , 0.0492]), array([0.50492857, 0.04496905]), 0.7854, 0.0]
[3, array([0.508 , 0.0492]), array([0.50508095, 0.04496905]), 0.7854, 0.0]
[3, array([0.508 , 0.0492]), array([0.50523333, 0.04496905]), 0.7854, 0.0]
[3, array([0.508 , 0.0492]), array([0.50538571, 0.04496905]), 0.7854, 0.0]
[3, array([0.508 , 0.0492]), array([0.5055381 , 0.04496905]), 0.7854, 0.0]
[3, array([0.508 , 0.0492]), array([0.50569048, 0.04496905]), 0.7854, 0.0]
[3, array([0.508 , 0.0492]), array([0.50584286, 0.04496905]), 0.7854, 0.0]
[3, array([0.508 , 0.0492]), array([0.50599524, 0.04496905]), 0.7854, 0.0]
[3, array([0.508 , 0.0492]), array([0.50614762, 0.04496905]), 0.7854, 0.0]
[3, array([0.508 , 0.0492]), array([0.5063    , 0.04496905]), 0.7854, 0.0]
[3, array([0.508 , 0.0492]), array([0.5031    , 0.04512143]), 0.7854, 0.0]
[3, array([0.508 , 0.0492]), array([0.50325238, 0.04512143]), 0.7854, 0.0]
[3, array([0.508 , 0.0492]), array([0.50340476, 0.04512143]), 0.7854, 0.0]
[3, array([0.508 , 0.0492]), array([0.50355714, 0.04512143]), 0.7854, 0.0]
[3, array([0.508 , 0.0492]), array([0.50370952, 0.04512143]), 0.7854, 0.0]
[3, array([0.508 , 0.0492]), array([0.5038619 , 0.04512143]), 0.7854, 0.0]
[3, array([0.508 , 0.0492]), array([0.50401429, 0.04512143]), 0.7854, 0.0]
[3, array([0.508 , 0.0492]), array([0.50416667, 0.04512143]), 0.7854, 0.0]
[3, array([0.508 , 0.0492]), array([0.50431905, 0.04512143]), 0.7854, 0.0]
[3, array([0.508 , 0.0492]), array([0.50447143, 0.04512143]), 0.7854, 0.0]
[3, array([0.508 , 0.0492]), array([0.50462381, 0.04512143]), 0.7854, 0.0]
[3, array([0.508 , 0.0492]), array([0.50477619, 0.04512143]), 0.7854, 0.0]
[3, array([0.508 , 0.0492]), array([0.50492857, 0.04512143]), 0.7854, 0.0]
[3, array([0.508 , 0.0492]), array([0.50508095, 0.04512143]), 0.7854, 0.0]
[3, array([0.508 , 0.0492]), array([0.50523333, 0.04512143]), 0.7854, 0.0]
[3, array([0.508 , 0.0492]), array([0.50538571, 0.04512143]), 0.7854, 0.0]
[3, array([0.508 , 0.0492]), array([0.5055381 , 0.04512143]), 0.7854, 0.0]
[3, array([0.508 , 0.0492]), array([0.50569048, 0.04512143]), 0.7854, 0.0]
[3, array([0.508 , 0.0492]), array([0.50584286, 0.04512143]), 0.7854, 0.0]
[3, array([0.508 , 0.0492]), array([0.50599524, 0.04512143]), 0.7854, 0.0]
[3, array([0.508 , 0.0492]), array([0.50614762, 0.04512143]), 0.7854, 0.0]
[3, array([0.508 , 0.0492]), array([0.5063    , 0.04512143]), 0.7854, 0.0]
[3, array([0.508 , 0.0492]), array([0.5031    , 0.04527381]), 0.7854, 0.0]
[3, array([0.508 , 0.0492]), array([0.50325238, 0.04527381]), 0.7854, 0.0]
[3, array([0.508 , 0.0492]), array([0.50340476, 0.04527381]), 0.7854, 0.0]
[3, array([0.508 , 0.0492]), array([0.50355714, 0.04527381]), 0.7854, 0.0]
[3, array([0.508 , 0.0492]), array([0.50370952, 0.04527381]), 0.7854, 0.0]
[3, array([0.508 , 0.0492]), array([0.5038619 , 0.04527381]), 0.7854, 0.0]
[3, array([0.508 , 0.0492]), array([0.50401429, 0.04527381]), 0.7854, 0.0]
[3, array([0.508 , 0.0492]), array([0.50416667, 0.04527381]), 0.7854, 0.0]
[3, array([0.508 , 0.0492]), array([0.50431905, 0.04527381]), 0.7854, 0.0]
[3, array([0.508 , 0.0492]), array([0.50447143, 0.04527381]), 0.7854, 0.0]
[3, array([0.508 , 0.0492]), array([0.50462381, 0.04527381]), 0.7854, 0.0]
[3, array([0.508 , 0.0492]), array([0.50477619, 0.04527381]), 0.7854, 0.0]
[3, array([0.508 , 0.0492]), array([0.50492857, 0.04527381]), 0.7854, 0.0]
[3, array([0.508 , 0.0492]), array([0.50508095, 0.04527381]), 0.7854, 0.0]
[3, array([0.508 , 0.0492]), array([0.50523333, 0.04527381]), 0.7854, 0.0]
[3, array([0.508 , 0.0492]), array([0.50538571, 0.04527381]), 0.7854, 0.0]
[3, array([0.508 , 0.0492]), array([0.5055381 , 0.04527381]), 0.7854, 0.0]
[3, array([0.508 , 0.0492]), array([0.50569048, 0.04527381]), 0.7854, 0.0]
[3, array([0.508 , 0.0492]), array([0.50584286, 0.04527381]), 0.7854, 0.0]
[3, array([0.508 , 0.0492]), array([0.50599524, 0.04527381]), 0.7854, 0.0]
[3, array([0.508 , 0.0492]), array([0.50614762, 0.04527381]), 0.7854, 0.0]
[3, array([0.508 , 0.0492]), array([0.5063    , 0.04527381]), 0.7854, 0.0]
[3, array([0.508 , 0.0492]), array([0.5031    , 0.04542619]), 0.7854, 0.0]
[3, array([0.508 , 0.0492]), array([0.50325238, 0.04542619]), 0.7854, 0.0]
[3, array([0.508 , 0.0492]), array([0.50340476, 0.04542619]), 0.7854, 0.0]
[3, array([0.508 , 0.0492]), array([0.50355714, 0.04542619]), 0.7854, 0.0]
[3, array([0.508 , 0.0492]), array([0.50370952, 0.04542619]), 0.7854, 0.0]
[3, array([0.508 , 0.0492]), array([0.5038619 , 0.04542619]), 0.7854, 0.0]
[3, array([0.508 , 0.0492]), array([0.50401429, 0.04542619]), 0.7854, 0.0]
[3, array([0.508 , 0.0492]), array([0.50416667, 0.04542619]), 0.7854, 0.0]
[3, array([0.508 , 0.0492]), array([0.50431905, 0.04542619]), 0.7854, 0.0]
[3, array([0.508 , 0.0492]), array([0.50447143, 0.04542619]), 0.7854, 0.0]
[3, array([0.508 , 0.0492]), array([0.50462381, 0.04542619]), 0.7854, 0.0]
[3, array([0.508 , 0.0492]), array([0.50477619, 0.04542619]), 0.7854, 0.0]
[3, array([0.508 , 0.0492]), array([0.50492857, 0.04542619]), 0.7854, 0.0]
[3, array([0.508 , 0.0492]), array([0.50508095, 0.04542619]), 0.7854, 0.0]
[3, array([0.508 , 0.0492]), array([0.50523333, 0.04542619]), 0.7854, 0.0]
[3, array([0.508 , 0.0492]), array([0.50538571, 0.04542619]), 0.7854, 0.0]
[3, array([0.508 , 0.0492]), array([0.5055381 , 0.04542619]), 0.7854, 0.0]
[3, array([0.508 , 0.0492]), array([0.50569048, 0.04542619]), 0.7854, 0.0]
[3, array([0.508 , 0.0492]), array([0.50584286, 0.04542619]), 0.7854, 0.0]
[3, array([0.508 , 0.0492]), array([0.50599524, 0.04542619]), 0.7854, 0.0]
[3, array([0.508 , 0.0492]), array([0.50614762, 0.04542619]), 0.7854, 0.0]
[3, array([0.508 , 0.0492]), array([0.5063    , 0.04542619]), 0.7854, 0.0]
[3, array([0.508 , 0.0492]), array([0.5031    , 0.04557857]), 0.7854, 0.0]
[3, array([0.508 , 0.0492]), array([0.50325238, 0.04557857]), 0.7854, 0.0]
[3, array([0.508 , 0.0492]), array([0.50340476, 0.04557857]), 0.7854, 0.0]
[3, array([0.508 , 0.0492]), array([0.50355714, 0.04557857]), 0.7854, 0.0]
[3, array([0.508 , 0.0492]), array([0.50370952, 0.04557857]), 0.7854, 0.0]
[3, array([0.508 , 0.0492]), array([0.5038619 , 0.04557857]), 0.7854, 0.0]
[3, array([0.508 , 0.0492]), array([0.50401429, 0.04557857]), 0.7854, 0.0]
[3, array([0.508 , 0.0492]), array([0.50416667, 0.04557857]), 0.7854, 0.0]
[3, array([0.508 , 0.0492]), array([0.50431905, 0.04557857]), 0.7854, 0.0]
[3, array([0.508 , 0.0492]), array([0.50447143, 0.04557857]), 0.7854, 0.0]
[3, array([0.508 , 0.0492]), array([0.50462381, 0.04557857]), 0.7854, 0.0]
[3, array([0.508 , 0.0492]), array([0.50477619, 0.04557857]), 0.7854, 0.0]
[3, array([0.508 , 0.0492]), array([0.50492857, 0.04557857]), 0.7854, 0.0]
[3, array([0.508 , 0.0492]), array([0.50508095, 0.04557857]), 0.7854, 0.0]
[3, array([0.508 , 0.0492]), array([0.50523333, 0.04557857]), 0.7854, 0.0]
[3, array([0.508 , 0.0492]), array([0.50538571, 0.04557857]), 0.7854, 0.0]
[3, array([0.508 , 0.0492]), array([0.5055381 , 0.04557857]), 0.7854, 0.0]
[3, array([0.508 , 0.0492]), array([0.50569048, 0.04557857]), 0.7854, 0.0]
[3, array([0.508 , 0.0492]), array([0.50584286, 0.04557857]), 0.7854, 0.0]
[3, array([0.508 , 0.0492]), array([0.50599524, 0.04557857]), 0.7854, 0.0]
[3, array([0.508 , 0.0492]), array([0.50614762, 0.04557857]), 0.7854, 0.0]
[3, array([0.508 , 0.0492]), array([0.5063    , 0.04557857]), 0.7854, 0.0]
[3, array([0.508 , 0.0492]), array([0.5031    , 0.04573095]), 0.7854, 0.0]
[3, array([0.508 , 0.0492]), array([0.50325238, 0.04573095]), 0.7854, 0.0]
[3, array([0.508 , 0.0492]), array([0.50340476, 0.04573095]), 0.7854, 0.0]
[3, array([0.508 , 0.0492]), array([0.50355714, 0.04573095]), 0.7854, 0.0]
[3, array([0.508 , 0.0492]), array([0.50370952, 0.04573095]), 0.7854, 0.0]
[3, array([0.508 , 0.0492]), array([0.5038619 , 0.04573095]), 0.7854, 0.0]
[3, array([0.508 , 0.0492]), array([0.50401429, 0.04573095]), 0.7854, 0.0]
[3, array([0.508 , 0.0492]), array([0.50416667, 0.04573095]), 0.7854, 0.0]
[3, array([0.508 , 0.0492]), array([0.50431905, 0.04573095]), 0.7854, 0.0]
[3, array([0.508 , 0.0492]), array([0.50447143, 0.04573095]), 0.7854, 0.0]
[3, array([0.508 , 0.0492]), array([0.50462381, 0.04573095]), 0.7854, 0.0]
[3, array([0.508 , 0.0492]), array([0.50477619, 0.04573095]), 0.7854, 0.0]
[3, array([0.508 , 0.0492]), array([0.50492857, 0.04573095]), 0.7854, 0.0]
[3, array([0.508 , 0.0492]), array([0.50508095, 0.04573095]), 0.7854, 0.0]
[3, array([0.508 , 0.0492]), array([0.50523333, 0.04573095]), 0.7854, 0.0]
[3, array([0.508 , 0.0492]), array([0.50538571, 0.04573095]), 0.7854, 0.0]
[3, array([0.508 , 0.0492]), array([0.5055381 , 0.04573095]), 0.7854, 0.0]
[3, array([0.508 , 0.0492]), array([0.50569048, 0.04573095]), 0.7854, 0.0]
[3, array([0.508 , 0.0492]), array([0.50584286, 0.04573095]), 0.7854, 0.0]
[3, array([0.508 , 0.0492]), array([0.50599524, 0.04573095]), 0.7854, 0.0]
[3, array([0.508 , 0.0492]), array([0.50614762, 0.04573095]), 0.7854, 0.0]
[3, array([0.508 , 0.0492]), array([0.5063    , 0.04573095]), 0.7854, 0.0]
[3, array([0.508 , 0.0492]), array([0.5031    , 0.04588333]), 0.7854, 0.0]
[3, array([0.508 , 0.0492]), array([0.50325238, 0.04588333]), 0.7854, 0.0]
[3, array([0.508 , 0.0492]), array([0.50340476, 0.04588333]), 0.7854, 0.0]
[3, array([0.508 , 0.0492]), array([0.50355714, 0.04588333]), 0.7854, 0.0]
[3, array([0.508 , 0.0492]), array([0.50370952, 0.04588333]), 0.7854, 0.0]
[3, array([0.508 , 0.0492]), array([0.5038619 , 0.04588333]), 0.7854, 0.0]
[3, array([0.508 , 0.0492]), array([0.50401429, 0.04588333]), 0.7854, 0.0]
[3, array([0.508 , 0.0492]), array([0.50416667, 0.04588333]), 0.7854, 0.0]
[3, array([0.508 , 0.0492]), array([0.50431905, 0.04588333]), 0.7854, 0.0]
[3, array([0.508 , 0.0492]), array([0.50447143, 0.04588333]), 0.7854, 0.0]
[3, array([0.508 , 0.0492]), array([0.50462381, 0.04588333]), 0.7854, 0.0]
[3, array([0.508 , 0.0492]), array([0.50477619, 0.04588333]), 0.7854, 0.0]
[3, array([0.508 , 0.0492]), array([0.50492857, 0.04588333]), 0.7854, 0.0]
[3, array([0.508 , 0.0492]), array([0.50508095, 0.04588333]), 0.7854, 0.0]
[3, array([0.508 , 0.0492]), array([0.50523333, 0.04588333]), 0.7854, 0.0]
[3, array([0.508 , 0.0492]), array([0.50538571, 0.04588333]), 0.7854, 0.0]
[3, array([0.508 , 0.0492]), array([0.5055381 , 0.04588333]), 0.7854, 0.0]
[3, array([0.508 , 0.0492]), array([0.50569048, 0.04588333]), 0.7854, 0.0]
[3, array([0.508 , 0.0492]), array([0.50584286, 0.04588333]), 0.7854, 0.0]
[3, array([0.508 , 0.0492]), array([0.50599524, 0.04588333]), 0.7854, 0.0]
[3, array([0.508 , 0.0492]), array([0.50614762, 0.04588333]), 0.7854, 0.0]
[3, array([0.508 , 0.0492]), array([0.5063    , 0.04588333]), 0.7854, 0.0]
[3, array([0.508 , 0.0492]), array([0.5031    , 0.04603571]), 0.7854, 0.0]
[3, array([0.508 , 0.0492]), array([0.50325238, 0.04603571]), 0.7854, 0.0]
[3, array([0.508 , 0.0492]), array([0.50340476, 0.04603571]), 0.7854, 0.0]
[3, array([0.508 , 0.0492]), array([0.50355714, 0.04603571]), 0.7854, 0.0]
[3, array([0.508 , 0.0492]), array([0.50370952, 0.04603571]), 0.7854, 0.0]
[3, array([0.508 , 0.0492]), array([0.5038619 , 0.04603571]), 0.7854, 0.0]
[3, array([0.508 , 0.0492]), array([0.50401429, 0.04603571]), 0.7854, 0.0]
[3, array([0.508 , 0.0492]), array([0.50416667, 0.04603571]), 0.7854, 0.0]
[3, array([0.508 , 0.0492]), array([0.50431905, 0.04603571]), 0.7854, 0.0]
[3, array([0.508 , 0.0492]), array([0.50447143, 0.04603571]), 0.7854, 0.0]
[3, array([0.508 , 0.0492]), array([0.50462381, 0.04603571]), 0.7854, 0.0]
[3, array([0.508 , 0.0492]), array([0.50477619, 0.04603571]), 0.7854, 0.0]
[3, array([0.508 , 0.0492]), array([0.50492857, 0.04603571]), 0.7854, 0.0]
[3, array([0.508 , 0.0492]), array([0.50508095, 0.04603571]), 0.7854, 0.0]
[3, array([0.508 , 0.0492]), array([0.50523333, 0.04603571]), 0.7854, 0.0]
[3, array([0.508 , 0.0492]), array([0.50538571, 0.04603571]), 0.7854, 0.0]
[3, array([0.508 , 0.0492]), array([0.5055381 , 0.04603571]), 0.7854, 0.0]
[3, array([0.508 , 0.0492]), array([0.50569048, 0.04603571]), 0.7854, 0.0]
[3, array([0.508 , 0.0492]), array([0.50584286, 0.04603571]), 0.7854, 0.0]
[3, array([0.508 , 0.0492]), array([0.50599524, 0.04603571]), 0.7854, 0.0]
[3, array([0.508 , 0.0492]), array([0.50614762, 0.04603571]), 0.7854, 0.0]
[3, array([0.508 , 0.0492]), array([0.5063    , 0.04603571]), 0.7854, 0.0]
[3, array([0.508 , 0.0492]), array([0.5031   , 0.0461881]), 0.7854, 0.0]
[3, array([0.508 , 0.0492]), array([0.50325238, 0.0461881 ]), 0.7854, 0.0]
[3, array([0.508 , 0.0492]), array([0.50340476, 0.0461881 ]), 0.7854, 0.0]
[3, array([0.508 , 0.0492]), array([0.50355714, 0.0461881 ]), 0.7854, 0.0]
[3, array([0.508 , 0.0492]), array([0.50370952, 0.0461881 ]), 0.7854, 0.0]
[3, array([0.508 , 0.0492]), array([0.5038619, 0.0461881]), 0.7854, 0.0]
[3, array([0.508 , 0.0492]), array([0.50401429, 0.0461881 ]), 0.7854, 0.0]
[3, array([0.508 , 0.0492]), array([0.50416667, 0.0461881 ]), 0.7854, 0.0]
[3, array([0.508 , 0.0492]), array([0.50431905, 0.0461881 ]), 0.7854, 0.0]
[3, array([0.508 , 0.0492]), array([0.50447143, 0.0461881 ]), 0.7854, 0.0]
[3, array([0.508 , 0.0492]), array([0.50462381, 0.0461881 ]), 0.7854, 0.0]
[3, array([0.508 , 0.0492]), array([0.50477619, 0.0461881 ]), 0.7854, 0.0]
[3, array([0.508 , 0.0492]), array([0.50492857, 0.0461881 ]), 0.7854, 0.0]
[3, array([0.508 , 0.0492]), array([0.50508095, 0.0461881 ]), 0.7854, 0.0]
[3, array([0.508 , 0.0492]), array([0.50523333, 0.0461881 ]), 0.7854, 0.0]
[3, array([0.508 , 0.0492]), array([0.50538571, 0.0461881 ]), 0.7854, 0.0]
[3, array([0.508 , 0.0492]), array([0.5055381, 0.0461881]), 0.7854, 0.0]
[3, array([0.508 , 0.0492]), array([0.50569048, 0.0461881 ]), 0.7854, 0.0]
[3, array([0.508 , 0.0492]), array([0.50584286, 0.0461881 ]), 0.7854, 0.0]
[3, array([0.508 , 0.0492]), array([0.50599524, 0.0461881 ]), 0.7854, 0.0]
[3, array([0.508 , 0.0492]), array([0.50614762, 0.0461881 ]), 0.7854, 0.0]
[3, array([0.508 , 0.0492]), array([0.5063   , 0.0461881]), 0.7854, 0.0]
[3, array([0.508 , 0.0492]), array([0.5031    , 0.04634048]), 0.7854, 0.0]
[3, array([0.508 , 0.0492]), array([0.50325238, 0.04634048]), 0.7854, 0.0]
[3, array([0.508 , 0.0492]), array([0.50340476, 0.04634048]), 0.7854, 0.0]
[3, array([0.508 , 0.0492]), array([0.50355714, 0.04634048]), 0.7854, 0.0]
[3, array([0.508 , 0.0492]), array([0.50370952, 0.04634048]), 0.7854, 0.0]
[3, array([0.508 , 0.0492]), array([0.5038619 , 0.04634048]), 0.7854, 0.0]
[3, array([0.508 , 0.0492]), array([0.50401429, 0.04634048]), 0.7854, 0.0]
[3, array([0.508 , 0.0492]), array([0.50416667, 0.04634048]), 0.7854, 0.0]
[3, array([0.508 , 0.0492]), array([0.50431905, 0.04634048]), 0.7854, 0.0]
[3, array([0.508 , 0.0492]), array([0.50447143, 0.04634048]), 0.7854, 0.0]
[3, array([0.508 , 0.0492]), array([0.50462381, 0.04634048]), 0.7854, 0.0]
[3, array([0.508 , 0.0492]), array([0.50477619, 0.04634048]), 0.7854, 0.0]
[3, array([0.508 , 0.0492]), array([0.50492857, 0.04634048]), 0.7854, 0.0]
[3, array([0.508 , 0.0492]), array([0.50508095, 0.04634048]), 0.7854, 0.0]
[3, array([0.508 , 0.0492]), array([0.50523333, 0.04634048]), 0.7854, 0.0]
[3, array([0.508 , 0.0492]), array([0.50538571, 0.04634048]), 0.7854, 0.0]
[3, array([0.508 , 0.0492]), array([0.5055381 , 0.04634048]), 0.7854, 0.0]
[3, array([0.508 , 0.0492]), array([0.50569048, 0.04634048]), 0.7854, 0.0]
[3, array([0.508 , 0.0492]), array([0.50584286, 0.04634048]), 0.7854, 0.0]
[3, array([0.508 , 0.0492]), array([0.50599524, 0.04634048]), 0.7854, 0.0]
[3, array([0.508 , 0.0492]), array([0.50614762, 0.04634048]), 0.7854, 0.0]
[3, array([0.508 , 0.0492]), array([0.5063    , 0.04634048]), 0.7854, 0.0]
[3, array([0.508 , 0.0492]), array([0.5031    , 0.04649286]), 0.7854, 0.0]
[3, array([0.508 , 0.0492]), array([0.50325238, 0.04649286]), 0.7854, 0.0]
[3, array([0.508 , 0.0492]), array([0.50340476, 0.04649286]), 0.7854, 0.0]
[3, array([0.508 , 0.0492]), array([0.50355714, 0.04649286]), 0.7854, 0.0]
[3, array([0.508 , 0.0492]), array([0.50370952, 0.04649286]), 0.7854, 0.0]
[3, array([0.508 , 0.0492]), array([0.5038619 , 0.04649286]), 0.7854, 0.0]
[3, array([0.508 , 0.0492]), array([0.50401429, 0.04649286]), 0.7854, 0.0]
[3, array([0.508 , 0.0492]), array([0.50416667, 0.04649286]), 0.7854, 0.0]
[3, array([0.508 , 0.0492]), array([0.50431905, 0.04649286]), 0.7854, 0.0]
[3, array([0.508 , 0.0492]), array([0.50447143, 0.04649286]), 0.7854, 0.0]
[3, array([0.508 , 0.0492]), array([0.50462381, 0.04649286]), 0.7854, 0.0]
[3, array([0.508 , 0.0492]), array([0.50477619, 0.04649286]), 0.7854, 0.0]
[3, array([0.508 , 0.0492]), array([0.50492857, 0.04649286]), 0.7854, 0.0]
[3, array([0.508 , 0.0492]), array([0.50508095, 0.04649286]), 0.7854, 0.0]
[3, array([0.508 , 0.0492]), array([0.50523333, 0.04649286]), 0.7854, 0.0]
[3, array([0.508 , 0.0492]), array([0.50538571, 0.04649286]), 0.7854, 0.0]
[3, array([0.508 , 0.0492]), array([0.5055381 , 0.04649286]), 0.7854, 0.0]
[3, array([0.508 , 0.0492]), array([0.50569048, 0.04649286]), 0.7854, 0.0]
[3, array([0.508 , 0.0492]), array([0.50584286, 0.04649286]), 0.7854, 0.0]
[3, array([0.508 , 0.0492]), array([0.50599524, 0.04649286]), 0.7854, 0.0]
[3, array([0.508 , 0.0492]), array([0.50614762, 0.04649286]), 0.7854, 0.0]
[3, array([0.508 , 0.0492]), array([0.5063    , 0.04649286]), 0.7854, 0.0]
[3, array([0.508 , 0.0492]), array([0.5031    , 0.04664524]), 0.7854, 0.0]
[3, array([0.508 , 0.0492]), array([0.50325238, 0.04664524]), 0.7854, 0.0]
[3, array([0.508 , 0.0492]), array([0.50340476, 0.04664524]), 0.7854, 0.0]
[3, array([0.508 , 0.0492]), array([0.50355714, 0.04664524]), 0.7854, 0.0]
[3, array([0.508 , 0.0492]), array([0.50370952, 0.04664524]), 0.7854, 0.0]
[3, array([0.508 , 0.0492]), array([0.5038619 , 0.04664524]), 0.7854, 0.0]
[3, array([0.508 , 0.0492]), array([0.50401429, 0.04664524]), 0.7854, 0.0]
[3, array([0.508 , 0.0492]), array([0.50416667, 0.04664524]), 0.7854, 0.0]
[3, array([0.508 , 0.0492]), array([0.50431905, 0.04664524]), 0.7854, 0.0]
[3, array([0.508 , 0.0492]), array([0.50447143, 0.04664524]), 0.7854, 0.0]
[3, array([0.508 , 0.0492]), array([0.50462381, 0.04664524]), 0.7854, 0.0]
[3, array([0.508 , 0.0492]), array([0.50477619, 0.04664524]), 0.7854, 0.0]
[3, array([0.508 , 0.0492]), array([0.50492857, 0.04664524]), 0.7854, 0.0]
[3, array([0.508 , 0.0492]), array([0.50508095, 0.04664524]), 0.7854, 0.0]
[3, array([0.508 , 0.0492]), array([0.50523333, 0.04664524]), 0.7854, 0.0]
[3, array([0.508 , 0.0492]), array([0.50538571, 0.04664524]), 0.7854, 0.0]
[3, array([0.508 , 0.0492]), array([0.5055381 , 0.04664524]), 0.7854, 0.0]
[3, array([0.508 , 0.0492]), array([0.50569048, 0.04664524]), 0.7854, 0.0]
[3, array([0.508 , 0.0492]), array([0.50584286, 0.04664524]), 0.7854, 0.0]
[3, array([0.508 , 0.0492]), array([0.50599524, 0.04664524]), 0.7854, 0.0]
[3, array([0.508 , 0.0492]), array([0.50614762, 0.04664524]), 0.7854, 0.0]
[3, array([0.508 , 0.0492]), array([0.5063    , 0.04664524]), 0.7854, 0.0]
[3, array([0.508 , 0.0492]), array([0.5031    , 0.04679762]), 0.7854, 0.0]
[3, array([0.508 , 0.0492]), array([0.50325238, 0.04679762]), 0.7854, 0.0]
[3, array([0.508 , 0.0492]), array([0.50340476, 0.04679762]), 0.7854, 0.0]
[3, array([0.508 , 0.0492]), array([0.50355714, 0.04679762]), 0.7854, 0.0]
[3, array([0.508 , 0.0492]), array([0.50370952, 0.04679762]), 0.7854, 0.0]
[3, array([0.508 , 0.0492]), array([0.5038619 , 0.04679762]), 0.7854, 0.0]
[3, array([0.508 , 0.0492]), array([0.50401429, 0.04679762]), 0.7854, 0.0]
[3, array([0.508 , 0.0492]), array([0.50416667, 0.04679762]), 0.7854, 0.0]
[3, array([0.508 , 0.0492]), array([0.50431905, 0.04679762]), 0.7854, 0.0]
[3, array([0.508 , 0.0492]), array([0.50447143, 0.04679762]), 0.7854, 0.0]
[3, array([0.508 , 0.0492]), array([0.50462381, 0.04679762]), 0.7854, 0.0]
[3, array([0.508 , 0.0492]), array([0.50477619, 0.04679762]), 0.7854, 0.0]
[3, array([0.508 , 0.0492]), array([0.50492857, 0.04679762]), 0.7854, 0.0]
[3, array([0.508 , 0.0492]), array([0.50508095, 0.04679762]), 0.7854, 0.0]
[3, array([0.508 , 0.0492]), array([0.50523333, 0.04679762]), 0.7854, 0.0]
[3, array([0.508 , 0.0492]), array([0.50538571, 0.04679762]), 0.7854, 0.0]
[3, array([0.508 , 0.0492]), array([0.5055381 , 0.04679762]), 0.7854, 0.0]
[3, array([0.508 , 0.0492]), array([0.50569048, 0.04679762]), 0.7854, 0.0]
[3, array([0.508 , 0.0492]), array([0.50584286, 0.04679762]), 0.7854, 0.0]
[3, array([0.508 , 0.0492]), array([0.50599524, 0.04679762]), 0.7854, 0.0]
[3, array([0.508 , 0.0492]), array([0.50614762, 0.04679762]), 0.7854, 0.0]
[3, array([0.508 , 0.0492]), array([0.5063    , 0.04679762]), 0.7854, 0.0]
[3, array([0.508 , 0.0492]), array([0.5031 , 0.04695]), 0.7854, 0.0]
[3, array([0.508 , 0.0492]), array([0.50325238, 0.04695   ]), 0.7854, 0.0]
[3, array([0.508 , 0.0492]), array([0.50340476, 0.04695   ]), 0.7854, 0.0]
[3, array([0.508 , 0.0492]), array([0.50355714, 0.04695   ]), 0.7854, 0.0]
[3, array([0.508 , 0.0492]), array([0.50370952, 0.04695   ]), 0.7854, 0.0]
[3, array([0.508 , 0.0492]), array([0.5038619, 0.04695  ]), 0.7854, 0.0]
[3, array([0.508 , 0.0492]), array([0.50401429, 0.04695   ]), 0.7854, 0.0]
[3, array([0.508 , 0.0492]), array([0.50416667, 0.04695   ]), 0.7854, 0.0]
[3, array([0.508 , 0.0492]), array([0.50431905, 0.04695   ]), 0.7854, 0.0]
[3, array([0.508 , 0.0492]), array([0.50447143, 0.04695   ]), 0.7854, 0.0]
[3, array([0.508 , 0.0492]), array([0.50462381, 0.04695   ]), 0.7854, 0.0]
[3, array([0.508 , 0.0492]), array([0.50477619, 0.04695   ]), 0.7854, 0.0]
[3, array([0.508 , 0.0492]), array([0.50492857, 0.04695   ]), 0.7854, 0.0]
[3, array([0.508 , 0.0492]), array([0.50508095, 0.04695   ]), 0.7854, 0.0]
[3, array([0.508 , 0.0492]), array([0.50523333, 0.04695   ]), 0.7854, 0.0]
[3, array([0.508 , 0.0492]), array([0.50538571, 0.04695   ]), 0.7854, 0.0]
[3, array([0.508 , 0.0492]), array([0.5055381, 0.04695  ]), 0.7854, 0.0]
[3, array([0.508 , 0.0492]), array([0.50569048, 0.04695   ]), 0.7854, 0.0]
[3, array([0.508 , 0.0492]), array([0.50584286, 0.04695   ]), 0.7854, 0.0]
[3, array([0.508 , 0.0492]), array([0.50599524, 0.04695   ]), 0.7854, 0.0]
[3, array([0.508 , 0.0492]), array([0.50614762, 0.04695   ]), 0.7854, 0.0]
[3, array([0.508 , 0.0492]), array([0.5063 , 0.04695]), 0.7854, 0.0]
[3, array([0.4864, 0.0087]), array([0.4813, 0.0031]), 0.7854, 0.0]
[3, array([0.4864, 0.0087]), array([0.48144762, 0.0031    ]), 0.7854, 0.0]
[3, array([0.4864, 0.0087]), array([0.48159524, 0.0031    ]), 0.7854, 0.0]
[3, array([0.4864, 0.0087]), array([0.48174286, 0.0031    ]), 0.7854, 0.0]
[3, array([0.4864, 0.0087]), array([0.48189048, 0.0031    ]), 0.7854, 0.0]
[3, array([0.4864, 0.0087]), array([0.4820381, 0.0031   ]), 0.7854, 0.0]
[3, array([0.4864, 0.0087]), array([0.48218571, 0.0031    ]), 0.7854, 0.0]
[3, array([0.4864, 0.0087]), array([0.48233333, 0.0031    ]), 0.7854, 0.0]
[3, array([0.4864, 0.0087]), array([0.48248095, 0.0031    ]), 0.7854, 0.0]
[3, array([0.4864, 0.0087]), array([0.48262857, 0.0031    ]), 0.7854, 0.0]
[3, array([0.4864, 0.0087]), array([0.48277619, 0.0031    ]), 0.7854, 0.0]
[3, array([0.4864, 0.0087]), array([0.48292381, 0.0031    ]), 0.7854, 0.0]
[3, array([0.4864, 0.0087]), array([0.48307143, 0.0031    ]), 0.7854, 0.0]
[3, array([0.4864, 0.0087]), array([0.48321905, 0.0031    ]), 0.7854, 0.0]
[3, array([0.4864, 0.0087]), array([0.48336667, 0.0031    ]), 0.7854, 0.0]
[3, array([0.4864, 0.0087]), array([0.48351429, 0.0031    ]), 0.7854, 0.0]
[3, array([0.4864, 0.0087]), array([0.4836619, 0.0031   ]), 0.7854, 0.0]
[3, array([0.4864, 0.0087]), array([0.48380952, 0.0031    ]), 0.7854, 0.0]
[3, array([0.4864, 0.0087]), array([0.48395714, 0.0031    ]), 0.7854, 0.0]
[3, array([0.4864, 0.0087]), array([0.48410476, 0.0031    ]), 0.7854, 0.0]
[3, array([0.4864, 0.0087]), array([0.48425238, 0.0031    ]), 0.7854, 0.0]
[3, array([0.4864, 0.0087]), array([0.4844, 0.0031]), 0.7854, 0.0]
[3, array([0.4864, 0.0087]), array([0.4813    , 0.00324762]), 0.7854, 0.0]
[3, array([0.4864, 0.0087]), array([0.48144762, 0.00324762]), 0.7854, 0.0]
[3, array([0.4864, 0.0087]), array([0.48159524, 0.00324762]), 0.7854, 0.0]
[3, array([0.4864, 0.0087]), array([0.48174286, 0.00324762]), 0.7854, 0.0]
[3, array([0.4864, 0.0087]), array([0.48189048, 0.00324762]), 0.7854, 0.0]
[3, array([0.4864, 0.0087]), array([0.4820381 , 0.00324762]), 0.7854, 0.0]
[3, array([0.4864, 0.0087]), array([0.48218571, 0.00324762]), 0.7854, 0.0]
[3, array([0.4864, 0.0087]), array([0.48233333, 0.00324762]), 0.7854, 0.0]
[3, array([0.4864, 0.0087]), array([0.48248095, 0.00324762]), 0.7854, 0.0]
[3, array([0.4864, 0.0087]), array([0.48262857, 0.00324762]), 0.7854, 0.0]
[3, array([0.4864, 0.0087]), array([0.48277619, 0.00324762]), 0.7854, 0.0]
[3, array([0.4864, 0.0087]), array([0.48292381, 0.00324762]), 0.7854, 0.0]
[3, array([0.4864, 0.0087]), array([0.48307143, 0.00324762]), 0.7854, 0.0]
[3, array([0.4864, 0.0087]), array([0.48321905, 0.00324762]), 0.7854, 0.0]
[3, array([0.4864, 0.0087]), array([0.48336667, 0.00324762]), 0.7854, 0.0]
[3, array([0.4864, 0.0087]), array([0.48351429, 0.00324762]), 0.7854, 0.0]
[3, array([0.4864, 0.0087]), array([0.4836619 , 0.00324762]), 0.7854, 0.0]
[3, array([0.4864, 0.0087]), array([0.48380952, 0.00324762]), 0.7854, 0.0]
[3, array([0.4864, 0.0087]), array([0.48395714, 0.00324762]), 0.7854, 0.0]
[3, array([0.4864, 0.0087]), array([0.48410476, 0.00324762]), 0.7854, 0.0]
[3, array([0.4864, 0.0087]), array([0.48425238, 0.00324762]), 0.7854, 0.0]
[3, array([0.4864, 0.0087]), array([0.4844    , 0.00324762]), 0.7854, 0.0]
[3, array([0.4864, 0.0087]), array([0.4813    , 0.00339524]), 0.7854, 0.0]
[3, array([0.4864, 0.0087]), array([0.48144762, 0.00339524]), 0.7854, 0.0]
[3, array([0.4864, 0.0087]), array([0.48159524, 0.00339524]), 0.7854, 0.0]
[3, array([0.4864, 0.0087]), array([0.48174286, 0.00339524]), 0.7854, 0.0]
[3, array([0.4864, 0.0087]), array([0.48189048, 0.00339524]), 0.7854, 0.0]
[3, array([0.4864, 0.0087]), array([0.4820381 , 0.00339524]), 0.7854, 0.0]
[3, array([0.4864, 0.0087]), array([0.48218571, 0.00339524]), 0.7854, 0.0]
[3, array([0.4864, 0.0087]), array([0.48233333, 0.00339524]), 0.7854, 0.0]
[3, array([0.4864, 0.0087]), array([0.48248095, 0.00339524]), 0.7854, 0.0]
[3, array([0.4864, 0.0087]), array([0.48262857, 0.00339524]), 0.7854, 0.0]
[3, array([0.4864, 0.0087]), array([0.48277619, 0.00339524]), 0.7854, 0.0]
[3, array([0.4864, 0.0087]), array([0.48292381, 0.00339524]), 0.7854, 0.0]
[3, array([0.4864, 0.0087]), array([0.48307143, 0.00339524]), 0.7854, 0.0]
[3, array([0.4864, 0.0087]), array([0.48321905, 0.00339524]), 0.7854, 0.0]
[3, array([0.4864, 0.0087]), array([0.48336667, 0.00339524]), 0.7854, 0.0]
[3, array([0.4864, 0.0087]), array([0.48351429, 0.00339524]), 0.7854, 0.0]
[3, array([0.4864, 0.0087]), array([0.4836619 , 0.00339524]), 0.7854, 0.0]
[3, array([0.4864, 0.0087]), array([0.48380952, 0.00339524]), 0.7854, 0.0]
[3, array([0.4864, 0.0087]), array([0.48395714, 0.00339524]), 0.7854, 0.0]
[3, array([0.4864, 0.0087]), array([0.48410476, 0.00339524]), 0.7854, 0.0]
[3, array([0.4864, 0.0087]), array([0.48425238, 0.00339524]), 0.7854, 0.0]
[3, array([0.4864, 0.0087]), array([0.4844    , 0.00339524]), 0.7854, 0.0]
[3, array([0.4864, 0.0087]), array([0.4813    , 0.00354286]), 0.7854, 0.0]
[3, array([0.4864, 0.0087]), array([0.48144762, 0.00354286]), 0.7854, 0.0]
[3, array([0.4864, 0.0087]), array([0.48159524, 0.00354286]), 0.7854, 0.0]
[3, array([0.4864, 0.0087]), array([0.48174286, 0.00354286]), 0.7854, 0.0]
[3, array([0.4864, 0.0087]), array([0.48189048, 0.00354286]), 0.7854, 0.0]
[3, array([0.4864, 0.0087]), array([0.4820381 , 0.00354286]), 0.7854, 0.0]
[3, array([0.4864, 0.0087]), array([0.48218571, 0.00354286]), 0.7854, 0.0]
[3, array([0.4864, 0.0087]), array([0.48233333, 0.00354286]), 0.7854, 0.0]
[3, array([0.4864, 0.0087]), array([0.48248095, 0.00354286]), 0.7854, 0.0]
[3, array([0.4864, 0.0087]), array([0.48262857, 0.00354286]), 0.7854, 0.0]
[3, array([0.4864, 0.0087]), array([0.48277619, 0.00354286]), 0.7854, 0.0]
[3, array([0.4864, 0.0087]), array([0.48292381, 0.00354286]), 0.7854, 0.0]
[3, array([0.4864, 0.0087]), array([0.48307143, 0.00354286]), 0.7854, 0.0]
[3, array([0.4864, 0.0087]), array([0.48321905, 0.00354286]), 0.7854, 0.0]
[3, array([0.4864, 0.0087]), array([0.48336667, 0.00354286]), 0.7854, 0.0]
[3, array([0.4864, 0.0087]), array([0.48351429, 0.00354286]), 0.7854, 0.0]
[3, array([0.4864, 0.0087]), array([0.4836619 , 0.00354286]), 0.7854, 0.0]
[3, array([0.4864, 0.0087]), array([0.48380952, 0.00354286]), 0.7854, 0.0]
[3, array([0.4864, 0.0087]), array([0.48395714, 0.00354286]), 0.7854, 0.0]
[3, array([0.4864, 0.0087]), array([0.48410476, 0.00354286]), 0.7854, 0.0]
[3, array([0.4864, 0.0087]), array([0.48425238, 0.00354286]), 0.7854, 0.0]
[3, array([0.4864, 0.0087]), array([0.4844    , 0.00354286]), 0.7854, 0.0]
[3, array([0.4864, 0.0087]), array([0.4813    , 0.00369048]), 0.7854, 0.0]
[3, array([0.4864, 0.0087]), array([0.48144762, 0.00369048]), 0.7854, 0.0]
[3, array([0.4864, 0.0087]), array([0.48159524, 0.00369048]), 0.7854, 0.0]
[3, array([0.4864, 0.0087]), array([0.48174286, 0.00369048]), 0.7854, 0.0]
[3, array([0.4864, 0.0087]), array([0.48189048, 0.00369048]), 0.7854, 0.0]
[3, array([0.4864, 0.0087]), array([0.4820381 , 0.00369048]), 0.7854, 0.0]
[3, array([0.4864, 0.0087]), array([0.48218571, 0.00369048]), 0.7854, 0.0]
[3, array([0.4864, 0.0087]), array([0.48233333, 0.00369048]), 0.7854, 0.0]
[3, array([0.4864, 0.0087]), array([0.48248095, 0.00369048]), 0.7854, 0.0]
[3, array([0.4864, 0.0087]), array([0.48262857, 0.00369048]), 0.7854, 0.0]
[3, array([0.4864, 0.0087]), array([0.48277619, 0.00369048]), 0.7854, 0.0]
[3, array([0.4864, 0.0087]), array([0.48292381, 0.00369048]), 0.7854, 0.0]
[3, array([0.4864, 0.0087]), array([0.48307143, 0.00369048]), 0.7854, 0.0]
[3, array([0.4864, 0.0087]), array([0.48321905, 0.00369048]), 0.7854, 0.0]
[3, array([0.4864, 0.0087]), array([0.48336667, 0.00369048]), 0.7854, 0.0]
[3, array([0.4864, 0.0087]), array([0.48351429, 0.00369048]), 0.7854, 0.0]
[3, array([0.4864, 0.0087]), array([0.4836619 , 0.00369048]), 0.7854, 0.0]
[3, array([0.4864, 0.0087]), array([0.48380952, 0.00369048]), 0.7854, 0.0]
[3, array([0.4864, 0.0087]), array([0.48395714, 0.00369048]), 0.7854, 0.0]
[3, array([0.4864, 0.0087]), array([0.48410476, 0.00369048]), 0.7854, 0.0]
[3, array([0.4864, 0.0087]), array([0.48425238, 0.00369048]), 0.7854, 0.0]
[3, array([0.4864, 0.0087]), array([0.4844    , 0.00369048]), 0.7854, 0.0]
[3, array([0.4864, 0.0087]), array([0.4813   , 0.0038381]), 0.7854, 0.0]
[3, array([0.4864, 0.0087]), array([0.48144762, 0.0038381 ]), 0.7854, 0.0]
[3, array([0.4864, 0.0087]), array([0.48159524, 0.0038381 ]), 0.7854, 0.0]
[3, array([0.4864, 0.0087]), array([0.48174286, 0.0038381 ]), 0.7854, 0.0]
[3, array([0.4864, 0.0087]), array([0.48189048, 0.0038381 ]), 0.7854, 0.0]
[3, array([0.4864, 0.0087]), array([0.4820381, 0.0038381]), 0.7854, 0.0]
[3, array([0.4864, 0.0087]), array([0.48218571, 0.0038381 ]), 0.7854, 0.0]
[3, array([0.4864, 0.0087]), array([0.48233333, 0.0038381 ]), 0.7854, 0.0]
[3, array([0.4864, 0.0087]), array([0.48248095, 0.0038381 ]), 0.7854, 0.0]
[3, array([0.4864, 0.0087]), array([0.48262857, 0.0038381 ]), 0.7854, 0.0]
[3, array([0.4864, 0.0087]), array([0.48277619, 0.0038381 ]), 0.7854, 0.0]
[3, array([0.4864, 0.0087]), array([0.48292381, 0.0038381 ]), 0.7854, 0.0]
[3, array([0.4864, 0.0087]), array([0.48307143, 0.0038381 ]), 0.7854, 0.0]
[3, array([0.4864, 0.0087]), array([0.48321905, 0.0038381 ]), 0.7854, 0.0]
[3, array([0.4864, 0.0087]), array([0.48336667, 0.0038381 ]), 0.7854, 0.0]
[3, array([0.4864, 0.0087]), array([0.48351429, 0.0038381 ]), 0.7854, 0.0]
[3, array([0.4864, 0.0087]), array([0.4836619, 0.0038381]), 0.7854, 0.0]
[3, array([0.4864, 0.0087]), array([0.48380952, 0.0038381 ]), 0.7854, 0.0]
[3, array([0.4864, 0.0087]), array([0.48395714, 0.0038381 ]), 0.7854, 0.0]
[3, array([0.4864, 0.0087]), array([0.48410476, 0.0038381 ]), 0.7854, 0.0]
[3, array([0.4864, 0.0087]), array([0.48425238, 0.0038381 ]), 0.7854, 0.0]
[3, array([0.4864, 0.0087]), array([0.4844   , 0.0038381]), 0.7854, 0.0]
[3, array([0.4864, 0.0087]), array([0.4813    , 0.00398571]), 0.7854, 0.0]
[3, array([0.4864, 0.0087]), array([0.48144762, 0.00398571]), 0.7854, 0.0]
[3, array([0.4864, 0.0087]), array([0.48159524, 0.00398571]), 0.7854, 0.0]
[3, array([0.4864, 0.0087]), array([0.48174286, 0.00398571]), 0.7854, 0.0]
[3, array([0.4864, 0.0087]), array([0.48189048, 0.00398571]), 0.7854, 0.0]
[3, array([0.4864, 0.0087]), array([0.4820381 , 0.00398571]), 0.7854, 0.0]
[3, array([0.4864, 0.0087]), array([0.48218571, 0.00398571]), 0.7854, 0.0]
[3, array([0.4864, 0.0087]), array([0.48233333, 0.00398571]), 0.7854, 0.0]
[3, array([0.4864, 0.0087]), array([0.48248095, 0.00398571]), 0.7854, 0.0]
[3, array([0.4864, 0.0087]), array([0.48262857, 0.00398571]), 0.7854, 0.0]
[3, array([0.4864, 0.0087]), array([0.48277619, 0.00398571]), 0.7854, 0.0]
[3, array([0.4864, 0.0087]), array([0.48292381, 0.00398571]), 0.7854, 0.0]
[3, array([0.4864, 0.0087]), array([0.48307143, 0.00398571]), 0.7854, 0.0]
[3, array([0.4864, 0.0087]), array([0.48321905, 0.00398571]), 0.7854, 0.0]
[3, array([0.4864, 0.0087]), array([0.48336667, 0.00398571]), 0.7854, 0.0]
[3, array([0.4864, 0.0087]), array([0.48351429, 0.00398571]), 0.7854, 0.0]
[3, array([0.4864, 0.0087]), array([0.4836619 , 0.00398571]), 0.7854, 0.0]
[3, array([0.4864, 0.0087]), array([0.48380952, 0.00398571]), 0.7854, 0.0]
[3, array([0.4864, 0.0087]), array([0.48395714, 0.00398571]), 0.7854, 0.0]
[3, array([0.4864, 0.0087]), array([0.48410476, 0.00398571]), 0.7854, 0.0]
[3, array([0.4864, 0.0087]), array([0.48425238, 0.00398571]), 0.7854, 0.0]
[3, array([0.4864, 0.0087]), array([0.4844    , 0.00398571]), 0.7854, 0.0]
[3, array([0.4864, 0.0087]), array([0.4813    , 0.00413333]), 0.7854, 0.0]
[3, array([0.4864, 0.0087]), array([0.48144762, 0.00413333]), 0.7854, 0.0]
[3, array([0.4864, 0.0087]), array([0.48159524, 0.00413333]), 0.7854, 0.0]
[3, array([0.4864, 0.0087]), array([0.48174286, 0.00413333]), 0.7854, 0.0]
[3, array([0.4864, 0.0087]), array([0.48189048, 0.00413333]), 0.7854, 0.0]
[3, array([0.4864, 0.0087]), array([0.4820381 , 0.00413333]), 0.7854, 0.0]
[3, array([0.4864, 0.0087]), array([0.48218571, 0.00413333]), 0.7854, 0.0]
[3, array([0.4864, 0.0087]), array([0.48233333, 0.00413333]), 0.7854, 0.0]
[3, array([0.4864, 0.0087]), array([0.48248095, 0.00413333]), 0.7854, 0.0]
[3, array([0.4864, 0.0087]), array([0.48262857, 0.00413333]), 0.7854, 0.0]
[3, array([0.4864, 0.0087]), array([0.48277619, 0.00413333]), 0.7854, 0.0]
[3, array([0.4864, 0.0087]), array([0.48292381, 0.00413333]), 0.7854, 0.0]
[3, array([0.4864, 0.0087]), array([0.48307143, 0.00413333]), 0.7854, 0.0]
[3, array([0.4864, 0.0087]), array([0.48321905, 0.00413333]), 0.7854, 0.0]
[3, array([0.4864, 0.0087]), array([0.48336667, 0.00413333]), 0.7854, 0.0]
[3, array([0.4864, 0.0087]), array([0.48351429, 0.00413333]), 0.7854, 0.0]
[3, array([0.4864, 0.0087]), array([0.4836619 , 0.00413333]), 0.7854, 0.0]
[3, array([0.4864, 0.0087]), array([0.48380952, 0.00413333]), 0.7854, 0.0]
[3, array([0.4864, 0.0087]), array([0.48395714, 0.00413333]), 0.7854, 0.0]
[3, array([0.4864, 0.0087]), array([0.48410476, 0.00413333]), 0.7854, 0.0]
[3, array([0.4864, 0.0087]), array([0.48425238, 0.00413333]), 0.7854, 0.0]
[3, array([0.4864, 0.0087]), array([0.4844    , 0.00413333]), 0.7854, 0.0]
[3, array([0.4864, 0.0087]), array([0.4813    , 0.00428095]), 0.7854, 0.0]
[3, array([0.4864, 0.0087]), array([0.48144762, 0.00428095]), 0.7854, 0.0]
[3, array([0.4864, 0.0087]), array([0.48159524, 0.00428095]), 0.7854, 0.0]
[3, array([0.4864, 0.0087]), array([0.48174286, 0.00428095]), 0.7854, 0.0]
[3, array([0.4864, 0.0087]), array([0.48189048, 0.00428095]), 0.7854, 0.0]
[3, array([0.4864, 0.0087]), array([0.4820381 , 0.00428095]), 0.7854, 0.0]
[3, array([0.4864, 0.0087]), array([0.48218571, 0.00428095]), 0.7854, 0.0]
[3, array([0.4864, 0.0087]), array([0.48233333, 0.00428095]), 0.7854, 0.0]
[3, array([0.4864, 0.0087]), array([0.48248095, 0.00428095]), 0.7854, 0.0]
[3, array([0.4864, 0.0087]), array([0.48262857, 0.00428095]), 0.7854, 0.0]
[3, array([0.4864, 0.0087]), array([0.48277619, 0.00428095]), 0.7854, 0.0]
[3, array([0.4864, 0.0087]), array([0.48292381, 0.00428095]), 0.7854, 0.0]
[3, array([0.4864, 0.0087]), array([0.48307143, 0.00428095]), 0.7854, 0.0]
[3, array([0.4864, 0.0087]), array([0.48321905, 0.00428095]), 0.7854, 0.0]
[3, array([0.4864, 0.0087]), array([0.48336667, 0.00428095]), 0.7854, 0.0]
[3, array([0.4864, 0.0087]), array([0.48351429, 0.00428095]), 0.7854, 0.0]
[3, array([0.4864, 0.0087]), array([0.4836619 , 0.00428095]), 0.7854, 0.0]
[3, array([0.4864, 0.0087]), array([0.48380952, 0.00428095]), 0.7854, 0.0]
[3, array([0.4864, 0.0087]), array([0.48395714, 0.00428095]), 0.7854, 0.0]
[3, array([0.4864, 0.0087]), array([0.48410476, 0.00428095]), 0.7854, 0.0]
[3, array([0.4864, 0.0087]), array([0.48425238, 0.00428095]), 0.7854, 0.0]
[3, array([0.4864, 0.0087]), array([0.4844    , 0.00428095]), 0.7854, 0.0]
[3, array([0.4864, 0.0087]), array([0.4813    , 0.00442857]), 0.7854, 0.0]
[3, array([0.4864, 0.0087]), array([0.48144762, 0.00442857]), 0.7854, 0.0]
[3, array([0.4864, 0.0087]), array([0.48159524, 0.00442857]), 0.7854, 0.0]
[3, array([0.4864, 0.0087]), array([0.48174286, 0.00442857]), 0.7854, 0.0]
[3, array([0.4864, 0.0087]), array([0.48189048, 0.00442857]), 0.7854, 0.0]
[3, array([0.4864, 0.0087]), array([0.4820381 , 0.00442857]), 0.7854, 0.0]
[3, array([0.4864, 0.0087]), array([0.48218571, 0.00442857]), 0.7854, 0.0]
[3, array([0.4864, 0.0087]), array([0.48233333, 0.00442857]), 0.7854, 0.0]
[3, array([0.4864, 0.0087]), array([0.48248095, 0.00442857]), 0.7854, 0.0]
[3, array([0.4864, 0.0087]), array([0.48262857, 0.00442857]), 0.7854, 0.0]
[3, array([0.4864, 0.0087]), array([0.48277619, 0.00442857]), 0.7854, 0.0]
[3, array([0.4864, 0.0087]), array([0.48292381, 0.00442857]), 0.7854, 0.0]
[3, array([0.4864, 0.0087]), array([0.48307143, 0.00442857]), 0.7854, 0.0]
[3, array([0.4864, 0.0087]), array([0.48321905, 0.00442857]), 0.7854, 0.0]
[3, array([0.4864, 0.0087]), array([0.48336667, 0.00442857]), 0.7854, 0.0]
[3, array([0.4864, 0.0087]), array([0.48351429, 0.00442857]), 0.7854, 0.0]
[3, array([0.4864, 0.0087]), array([0.4836619 , 0.00442857]), 0.7854, 0.0]
[3, array([0.4864, 0.0087]), array([0.48380952, 0.00442857]), 0.7854, 0.0]
[3, array([0.4864, 0.0087]), array([0.48395714, 0.00442857]), 0.7854, 0.0]
[3, array([0.4864, 0.0087]), array([0.48410476, 0.00442857]), 0.7854, 0.0]
[3, array([0.4864, 0.0087]), array([0.48425238, 0.00442857]), 0.7854, 0.0]
[3, array([0.4864, 0.0087]), array([0.4844    , 0.00442857]), 0.7854, 0.0]
[3, array([0.4864, 0.0087]), array([0.4813    , 0.00457619]), 0.7854, 0.0]
[3, array([0.4864, 0.0087]), array([0.48144762, 0.00457619]), 0.7854, 0.0]
[3, array([0.4864, 0.0087]), array([0.48159524, 0.00457619]), 0.7854, 0.0]
[3, array([0.4864, 0.0087]), array([0.48174286, 0.00457619]), 0.7854, 0.0]
[3, array([0.4864, 0.0087]), array([0.48189048, 0.00457619]), 0.7854, 0.0]
[3, array([0.4864, 0.0087]), array([0.4820381 , 0.00457619]), 0.7854, 0.0]
[3, array([0.4864, 0.0087]), array([0.48218571, 0.00457619]), 0.7854, 0.0]
[3, array([0.4864, 0.0087]), array([0.48233333, 0.00457619]), 0.7854, 0.0]
[3, array([0.4864, 0.0087]), array([0.48248095, 0.00457619]), 0.7854, 0.0]
[3, array([0.4864, 0.0087]), array([0.48262857, 0.00457619]), 0.7854, 0.0]
[3, array([0.4864, 0.0087]), array([0.48277619, 0.00457619]), 0.7854, 0.0]
[3, array([0.4864, 0.0087]), array([0.48292381, 0.00457619]), 0.7854, 0.0]
[3, array([0.4864, 0.0087]), array([0.48307143, 0.00457619]), 0.7854, 0.0]
[3, array([0.4864, 0.0087]), array([0.48321905, 0.00457619]), 0.7854, 0.0]
[3, array([0.4864, 0.0087]), array([0.48336667, 0.00457619]), 0.7854, 0.0]
[3, array([0.4864, 0.0087]), array([0.48351429, 0.00457619]), 0.7854, 0.0]
[3, array([0.4864, 0.0087]), array([0.4836619 , 0.00457619]), 0.7854, 0.0]
[3, array([0.4864, 0.0087]), array([0.48380952, 0.00457619]), 0.7854, 0.0]
[3, array([0.4864, 0.0087]), array([0.48395714, 0.00457619]), 0.7854, 0.0]
[3, array([0.4864, 0.0087]), array([0.48410476, 0.00457619]), 0.7854, 0.0]
[3, array([0.4864, 0.0087]), array([0.48425238, 0.00457619]), 0.7854, 0.0]
[3, array([0.4864, 0.0087]), array([0.4844    , 0.00457619]), 0.7854, 0.0]
[3, array([0.4864, 0.0087]), array([0.4813    , 0.00472381]), 0.7854, 1.0]
[3, array([0.4864, 0.0087]), array([0.48144762, 0.00472381]), 0.7854, 0.0]
[3, array([0.4864, 0.0087]), array([0.48159524, 0.00472381]), 0.7854, 0.0]
[3, array([0.4864, 0.0087]), array([0.48174286, 0.00472381]), 0.7854, 0.0]
[3, array([0.4864, 0.0087]), array([0.48189048, 0.00472381]), 0.7854, 0.0]
[3, array([0.4864, 0.0087]), array([0.4820381 , 0.00472381]), 0.7854, 0.0]
[3, array([0.4864, 0.0087]), array([0.48218571, 0.00472381]), 0.7854, 0.0]
[3, array([0.4864, 0.0087]), array([0.48233333, 0.00472381]), 0.7854, 0.0]
[3, array([0.4864, 0.0087]), array([0.48248095, 0.00472381]), 0.7854, 0.0]
[3, array([0.4864, 0.0087]), array([0.48262857, 0.00472381]), 0.7854, 0.0]
[3, array([0.4864, 0.0087]), array([0.48277619, 0.00472381]), 0.7854, 0.0]
[3, array([0.4864, 0.0087]), array([0.48292381, 0.00472381]), 0.7854, 0.0]
[3, array([0.4864, 0.0087]), array([0.48307143, 0.00472381]), 0.7854, 0.0]
[3, array([0.4864, 0.0087]), array([0.48321905, 0.00472381]), 0.7854, 0.0]
[3, array([0.4864, 0.0087]), array([0.48336667, 0.00472381]), 0.7854, 0.0]
[3, array([0.4864, 0.0087]), array([0.48351429, 0.00472381]), 0.7854, 0.0]
[3, array([0.4864, 0.0087]), array([0.4836619 , 0.00472381]), 0.7854, 0.0]
[3, array([0.4864, 0.0087]), array([0.48380952, 0.00472381]), 0.7854, 0.0]
[3, array([0.4864, 0.0087]), array([0.48395714, 0.00472381]), 0.7854, 0.0]
[3, array([0.4864, 0.0087]), array([0.48410476, 0.00472381]), 0.7854, 0.0]
[3, array([0.4864, 0.0087]), array([0.48425238, 0.00472381]), 0.7854, 0.0]
[3, array([0.4864, 0.0087]), array([0.4844    , 0.00472381]), 0.7854, 0.0]
[3, array([0.4864, 0.0087]), array([0.4813    , 0.00487143]), 0.7854, 0.0]
[3, array([0.4864, 0.0087]), array([0.48144762, 0.00487143]), 0.7854, 0.0]
[3, array([0.4864, 0.0087]), array([0.48159524, 0.00487143]), 0.7854, 0.0]
[3, array([0.4864, 0.0087]), array([0.48174286, 0.00487143]), 0.7854, 0.0]
[3, array([0.4864, 0.0087]), array([0.48189048, 0.00487143]), 0.7854, 0.0]
[3, array([0.4864, 0.0087]), array([0.4820381 , 0.00487143]), 0.7854, 0.0]
[3, array([0.4864, 0.0087]), array([0.48218571, 0.00487143]), 0.7854, 0.0]
[3, array([0.4864, 0.0087]), array([0.48233333, 0.00487143]), 0.7854, 0.0]
[3, array([0.4864, 0.0087]), array([0.48248095, 0.00487143]), 0.7854, 0.0]
[3, array([0.4864, 0.0087]), array([0.48262857, 0.00487143]), 0.7854, 0.0]
[3, array([0.4864, 0.0087]), array([0.48277619, 0.00487143]), 0.7854, 0.0]
[3, array([0.4864, 0.0087]), array([0.48292381, 0.00487143]), 0.7854, 0.0]
[3, array([0.4864, 0.0087]), array([0.48307143, 0.00487143]), 0.7854, 0.0]
[3, array([0.4864, 0.0087]), array([0.48321905, 0.00487143]), 0.7854, 0.0]
[3, array([0.4864, 0.0087]), array([0.48336667, 0.00487143]), 0.7854, 0.0]
[3, array([0.4864, 0.0087]), array([0.48351429, 0.00487143]), 0.7854, 0.0]
[3, array([0.4864, 0.0087]), array([0.4836619 , 0.00487143]), 0.7854, 0.0]
[3, array([0.4864, 0.0087]), array([0.48380952, 0.00487143]), 0.7854, 0.0]
[3, array([0.4864, 0.0087]), array([0.48395714, 0.00487143]), 0.7854, 0.0]
[3, array([0.4864, 0.0087]), array([0.48410476, 0.00487143]), 0.7854, 0.0]
[3, array([0.4864, 0.0087]), array([0.48425238, 0.00487143]), 0.7854, 0.0]
[3, array([0.4864, 0.0087]), array([0.4844    , 0.00487143]), 0.7854, 0.0]
[3, array([0.4864, 0.0087]), array([0.4813    , 0.00501905]), 0.7854, 0.0]
[3, array([0.4864, 0.0087]), array([0.48144762, 0.00501905]), 0.7854, 0.0]
[3, array([0.4864, 0.0087]), array([0.48159524, 0.00501905]), 0.7854, 0.0]
[3, array([0.4864, 0.0087]), array([0.48174286, 0.00501905]), 0.7854, 0.0]
[3, array([0.4864, 0.0087]), array([0.48189048, 0.00501905]), 0.7854, 0.0]
[3, array([0.4864, 0.0087]), array([0.4820381 , 0.00501905]), 0.7854, 0.0]
[3, array([0.4864, 0.0087]), array([0.48218571, 0.00501905]), 0.7854, 0.0]
[3, array([0.4864, 0.0087]), array([0.48233333, 0.00501905]), 0.7854, 0.0]
[3, array([0.4864, 0.0087]), array([0.48248095, 0.00501905]), 0.7854, 0.0]
[3, array([0.4864, 0.0087]), array([0.48262857, 0.00501905]), 0.7854, 0.0]
[3, array([0.4864, 0.0087]), array([0.48277619, 0.00501905]), 0.7854, 0.0]
[3, array([0.4864, 0.0087]), array([0.48292381, 0.00501905]), 0.7854, 0.0]
[3, array([0.4864, 0.0087]), array([0.48307143, 0.00501905]), 0.7854, 0.0]
[3, array([0.4864, 0.0087]), array([0.48321905, 0.00501905]), 0.7854, 0.0]
[3, array([0.4864, 0.0087]), array([0.48336667, 0.00501905]), 0.7854, 0.0]
[3, array([0.4864, 0.0087]), array([0.48351429, 0.00501905]), 0.7854, 0.0]
[3, array([0.4864, 0.0087]), array([0.4836619 , 0.00501905]), 0.7854, 0.0]
[3, array([0.4864, 0.0087]), array([0.48380952, 0.00501905]), 0.7854, 0.0]
[3, array([0.4864, 0.0087]), array([0.48395714, 0.00501905]), 0.7854, 0.0]
[3, array([0.4864, 0.0087]), array([0.48410476, 0.00501905]), 0.7854, 0.0]
[3, array([0.4864, 0.0087]), array([0.48425238, 0.00501905]), 0.7854, 0.0]
[3, array([0.4864, 0.0087]), array([0.4844    , 0.00501905]), 0.7854, 0.0]
[3, array([0.4864, 0.0087]), array([0.4813    , 0.00516667]), 0.7854, 0.0]
[3, array([0.4864, 0.0087]), array([0.48144762, 0.00516667]), 0.7854, 0.0]
[3, array([0.4864, 0.0087]), array([0.48159524, 0.00516667]), 0.7854, 0.0]
[3, array([0.4864, 0.0087]), array([0.48174286, 0.00516667]), 0.7854, 0.0]
[3, array([0.4864, 0.0087]), array([0.48189048, 0.00516667]), 0.7854, 0.0]
[3, array([0.4864, 0.0087]), array([0.4820381 , 0.00516667]), 0.7854, 0.0]
[3, array([0.4864, 0.0087]), array([0.48218571, 0.00516667]), 0.7854, 0.0]
[3, array([0.4864, 0.0087]), array([0.48233333, 0.00516667]), 0.7854, 0.0]
[3, array([0.4864, 0.0087]), array([0.48248095, 0.00516667]), 0.7854, 0.0]
[3, array([0.4864, 0.0087]), array([0.48262857, 0.00516667]), 0.7854, 0.0]
[3, array([0.4864, 0.0087]), array([0.48277619, 0.00516667]), 0.7854, 0.0]
[3, array([0.4864, 0.0087]), array([0.48292381, 0.00516667]), 0.7854, 0.0]
[3, array([0.4864, 0.0087]), array([0.48307143, 0.00516667]), 0.7854, 0.0]
[3, array([0.4864, 0.0087]), array([0.48321905, 0.00516667]), 0.7854, 0.0]
[3, array([0.4864, 0.0087]), array([0.48336667, 0.00516667]), 0.7854, 0.0]
[3, array([0.4864, 0.0087]), array([0.48351429, 0.00516667]), 0.7854, 0.0]
[3, array([0.4864, 0.0087]), array([0.4836619 , 0.00516667]), 0.7854, 0.0]
[3, array([0.4864, 0.0087]), array([0.48380952, 0.00516667]), 0.7854, 0.0]
[3, array([0.4864, 0.0087]), array([0.48395714, 0.00516667]), 0.7854, 0.0]
[3, array([0.4864, 0.0087]), array([0.48410476, 0.00516667]), 0.7854, 0.0]
[3, array([0.4864, 0.0087]), array([0.48425238, 0.00516667]), 0.7854, 0.0]
[3, array([0.4864, 0.0087]), array([0.4844    , 0.00516667]), 0.7854, 0.0]
[3, array([0.4864, 0.0087]), array([0.4813    , 0.00531429]), 0.7854, 0.0]
[3, array([0.4864, 0.0087]), array([0.48144762, 0.00531429]), 0.7854, 0.0]
[3, array([0.4864, 0.0087]), array([0.48159524, 0.00531429]), 0.7854, 0.0]
[3, array([0.4864, 0.0087]), array([0.48174286, 0.00531429]), 0.7854, 0.0]
[3, array([0.4864, 0.0087]), array([0.48189048, 0.00531429]), 0.7854, 0.0]
[3, array([0.4864, 0.0087]), array([0.4820381 , 0.00531429]), 0.7854, 0.0]
[3, array([0.4864, 0.0087]), array([0.48218571, 0.00531429]), 0.7854, 0.0]
[3, array([0.4864, 0.0087]), array([0.48233333, 0.00531429]), 0.7854, 0.0]
[3, array([0.4864, 0.0087]), array([0.48248095, 0.00531429]), 0.7854, 0.0]
[3, array([0.4864, 0.0087]), array([0.48262857, 0.00531429]), 0.7854, 0.0]
[3, array([0.4864, 0.0087]), array([0.48277619, 0.00531429]), 0.7854, 0.0]
[3, array([0.4864, 0.0087]), array([0.48292381, 0.00531429]), 0.7854, 0.0]
[3, array([0.4864, 0.0087]), array([0.48307143, 0.00531429]), 0.7854, 0.0]
[3, array([0.4864, 0.0087]), array([0.48321905, 0.00531429]), 0.7854, 0.0]
[3, array([0.4864, 0.0087]), array([0.48336667, 0.00531429]), 0.7854, 0.0]
[3, array([0.4864, 0.0087]), array([0.48351429, 0.00531429]), 0.7854, 0.0]
[3, array([0.4864, 0.0087]), array([0.4836619 , 0.00531429]), 0.7854, 0.0]
[3, array([0.4864, 0.0087]), array([0.48380952, 0.00531429]), 0.7854, 0.0]
[3, array([0.4864, 0.0087]), array([0.48395714, 0.00531429]), 0.7854, 0.0]
[3, array([0.4864, 0.0087]), array([0.48410476, 0.00531429]), 0.7854, 0.0]
[3, array([0.4864, 0.0087]), array([0.48425238, 0.00531429]), 0.7854, 0.0]
[3, array([0.4864, 0.0087]), array([0.4844    , 0.00531429]), 0.7854, 0.0]
[3, array([0.4864, 0.0087]), array([0.4813   , 0.0054619]), 0.7854, 0.0]
[3, array([0.4864, 0.0087]), array([0.48144762, 0.0054619 ]), 0.7854, 0.0]
[3, array([0.4864, 0.0087]), array([0.48159524, 0.0054619 ]), 0.7854, 0.0]
[3, array([0.4864, 0.0087]), array([0.48174286, 0.0054619 ]), 0.7854, 0.0]
[3, array([0.4864, 0.0087]), array([0.48189048, 0.0054619 ]), 0.7854, 0.0]
[3, array([0.4864, 0.0087]), array([0.4820381, 0.0054619]), 0.7854, 0.0]
[3, array([0.4864, 0.0087]), array([0.48218571, 0.0054619 ]), 0.7854, 0.0]
[3, array([0.4864, 0.0087]), array([0.48233333, 0.0054619 ]), 0.7854, 0.0]
[3, array([0.4864, 0.0087]), array([0.48248095, 0.0054619 ]), 0.7854, 0.0]
[3, array([0.4864, 0.0087]), array([0.48262857, 0.0054619 ]), 0.7854, 0.0]
[3, array([0.4864, 0.0087]), array([0.48277619, 0.0054619 ]), 0.7854, 0.0]
[3, array([0.4864, 0.0087]), array([0.48292381, 0.0054619 ]), 0.7854, 0.0]
[3, array([0.4864, 0.0087]), array([0.48307143, 0.0054619 ]), 0.7854, 0.0]
[3, array([0.4864, 0.0087]), array([0.48321905, 0.0054619 ]), 0.7854, 0.0]
[3, array([0.4864, 0.0087]), array([0.48336667, 0.0054619 ]), 0.7854, 0.0]
[3, array([0.4864, 0.0087]), array([0.48351429, 0.0054619 ]), 0.7854, 0.0]
[3, array([0.4864, 0.0087]), array([0.4836619, 0.0054619]), 0.7854, 0.0]
[3, array([0.4864, 0.0087]), array([0.48380952, 0.0054619 ]), 0.7854, 0.0]
[3, array([0.4864, 0.0087]), array([0.48395714, 0.0054619 ]), 0.7854, 0.0]
[3, array([0.4864, 0.0087]), array([0.48410476, 0.0054619 ]), 0.7854, 0.0]
[3, array([0.4864, 0.0087]), array([0.48425238, 0.0054619 ]), 0.7854, 0.0]
[3, array([0.4864, 0.0087]), array([0.4844   , 0.0054619]), 0.7854, 0.0]
[3, array([0.4864, 0.0087]), array([0.4813    , 0.00560952]), 0.7854, 0.0]
[3, array([0.4864, 0.0087]), array([0.48144762, 0.00560952]), 0.7854, 0.0]
[3, array([0.4864, 0.0087]), array([0.48159524, 0.00560952]), 0.7854, 0.0]
[3, array([0.4864, 0.0087]), array([0.48174286, 0.00560952]), 0.7854, 0.0]
[3, array([0.4864, 0.0087]), array([0.48189048, 0.00560952]), 0.7854, 0.0]
[3, array([0.4864, 0.0087]), array([0.4820381 , 0.00560952]), 0.7854, 0.0]
[3, array([0.4864, 0.0087]), array([0.48218571, 0.00560952]), 0.7854, 0.0]
[3, array([0.4864, 0.0087]), array([0.48233333, 0.00560952]), 0.7854, 0.0]
[3, array([0.4864, 0.0087]), array([0.48248095, 0.00560952]), 0.7854, 0.0]
[3, array([0.4864, 0.0087]), array([0.48262857, 0.00560952]), 0.7854, 0.0]
[3, array([0.4864, 0.0087]), array([0.48277619, 0.00560952]), 0.7854, 0.0]
[3, array([0.4864, 0.0087]), array([0.48292381, 0.00560952]), 0.7854, 0.0]
[3, array([0.4864, 0.0087]), array([0.48307143, 0.00560952]), 0.7854, 0.0]
[3, array([0.4864, 0.0087]), array([0.48321905, 0.00560952]), 0.7854, 0.0]
[3, array([0.4864, 0.0087]), array([0.48336667, 0.00560952]), 0.7854, 0.0]
[3, array([0.4864, 0.0087]), array([0.48351429, 0.00560952]), 0.7854, 0.0]
[3, array([0.4864, 0.0087]), array([0.4836619 , 0.00560952]), 0.7854, 0.0]
[3, array([0.4864, 0.0087]), array([0.48380952, 0.00560952]), 0.7854, 0.0]
[3, array([0.4864, 0.0087]), array([0.48395714, 0.00560952]), 0.7854, 0.0]
[3, array([0.4864, 0.0087]), array([0.48410476, 0.00560952]), 0.7854, 0.0]
[3, array([0.4864, 0.0087]), array([0.48425238, 0.00560952]), 0.7854, 0.0]
[3, array([0.4864, 0.0087]), array([0.4844    , 0.00560952]), 0.7854, 0.0]
[3, array([0.4864, 0.0087]), array([0.4813    , 0.00575714]), 0.7854, 0.0]
[3, array([0.4864, 0.0087]), array([0.48144762, 0.00575714]), 0.7854, 0.0]
[3, array([0.4864, 0.0087]), array([0.48159524, 0.00575714]), 0.7854, 0.0]
[3, array([0.4864, 0.0087]), array([0.48174286, 0.00575714]), 0.7854, 0.0]
[3, array([0.4864, 0.0087]), array([0.48189048, 0.00575714]), 0.7854, 0.0]
[3, array([0.4864, 0.0087]), array([0.4820381 , 0.00575714]), 0.7854, 0.0]
[3, array([0.4864, 0.0087]), array([0.48218571, 0.00575714]), 0.7854, 0.0]
[3, array([0.4864, 0.0087]), array([0.48233333, 0.00575714]), 0.7854, 0.0]
[3, array([0.4864, 0.0087]), array([0.48248095, 0.00575714]), 0.7854, 0.0]
[3, array([0.4864, 0.0087]), array([0.48262857, 0.00575714]), 0.7854, 0.0]
[3, array([0.4864, 0.0087]), array([0.48277619, 0.00575714]), 0.7854, 0.0]
[3, array([0.4864, 0.0087]), array([0.48292381, 0.00575714]), 0.7854, 0.0]
[3, array([0.4864, 0.0087]), array([0.48307143, 0.00575714]), 0.7854, 0.0]
[3, array([0.4864, 0.0087]), array([0.48321905, 0.00575714]), 0.7854, 0.0]
[3, array([0.4864, 0.0087]), array([0.48336667, 0.00575714]), 0.7854, 0.0]
[3, array([0.4864, 0.0087]), array([0.48351429, 0.00575714]), 0.7854, 0.0]
[3, array([0.4864, 0.0087]), array([0.4836619 , 0.00575714]), 0.7854, 0.0]
[3, array([0.4864, 0.0087]), array([0.48380952, 0.00575714]), 0.7854, 0.0]
[3, array([0.4864, 0.0087]), array([0.48395714, 0.00575714]), 0.7854, 0.0]
[3, array([0.4864, 0.0087]), array([0.48410476, 0.00575714]), 0.7854, 0.0]
[3, array([0.4864, 0.0087]), array([0.48425238, 0.00575714]), 0.7854, 0.0]
[3, array([0.4864, 0.0087]), array([0.4844    , 0.00575714]), 0.7854, 0.0]
[3, array([0.4864, 0.0087]), array([0.4813    , 0.00590476]), 0.7854, 0.0]
[3, array([0.4864, 0.0087]), array([0.48144762, 0.00590476]), 0.7854, 0.0]
[3, array([0.4864, 0.0087]), array([0.48159524, 0.00590476]), 0.7854, 0.0]
[3, array([0.4864, 0.0087]), array([0.48174286, 0.00590476]), 0.7854, 0.0]
[3, array([0.4864, 0.0087]), array([0.48189048, 0.00590476]), 0.7854, 0.0]
[3, array([0.4864, 0.0087]), array([0.4820381 , 0.00590476]), 0.7854, 0.0]
[3, array([0.4864, 0.0087]), array([0.48218571, 0.00590476]), 0.7854, 0.0]
[3, array([0.4864, 0.0087]), array([0.48233333, 0.00590476]), 0.7854, 0.0]
[3, array([0.4864, 0.0087]), array([0.48248095, 0.00590476]), 0.7854, 0.0]
[3, array([0.4864, 0.0087]), array([0.48262857, 0.00590476]), 0.7854, 0.0]
[3, array([0.4864, 0.0087]), array([0.48277619, 0.00590476]), 0.7854, 0.0]
[3, array([0.4864, 0.0087]), array([0.48292381, 0.00590476]), 0.7854, 0.0]
[3, array([0.4864, 0.0087]), array([0.48307143, 0.00590476]), 0.7854, 0.0]
[3, array([0.4864, 0.0087]), array([0.48321905, 0.00590476]), 0.7854, 0.0]
[3, array([0.4864, 0.0087]), array([0.48336667, 0.00590476]), 0.7854, 0.0]
[3, array([0.4864, 0.0087]), array([0.48351429, 0.00590476]), 0.7854, 0.0]
[3, array([0.4864, 0.0087]), array([0.4836619 , 0.00590476]), 0.7854, 0.0]
[3, array([0.4864, 0.0087]), array([0.48380952, 0.00590476]), 0.7854, 0.0]
[3, array([0.4864, 0.0087]), array([0.48395714, 0.00590476]), 0.7854, 0.0]
[3, array([0.4864, 0.0087]), array([0.48410476, 0.00590476]), 0.7854, 0.0]
[3, array([0.4864, 0.0087]), array([0.48425238, 0.00590476]), 0.7854, 0.0]
[3, array([0.4864, 0.0087]), array([0.4844    , 0.00590476]), 0.7854, 0.0]
[3, array([0.4864, 0.0087]), array([0.4813    , 0.00605238]), 0.7854, 0.0]
[3, array([0.4864, 0.0087]), array([0.48144762, 0.00605238]), 0.7854, 0.0]
[3, array([0.4864, 0.0087]), array([0.48159524, 0.00605238]), 0.7854, 0.0]
[3, array([0.4864, 0.0087]), array([0.48174286, 0.00605238]), 0.7854, 0.0]
[3, array([0.4864, 0.0087]), array([0.48189048, 0.00605238]), 0.7854, 0.0]
[3, array([0.4864, 0.0087]), array([0.4820381 , 0.00605238]), 0.7854, 0.0]
[3, array([0.4864, 0.0087]), array([0.48218571, 0.00605238]), 0.7854, 0.0]
[3, array([0.4864, 0.0087]), array([0.48233333, 0.00605238]), 0.7854, 0.0]
[3, array([0.4864, 0.0087]), array([0.48248095, 0.00605238]), 0.7854, 0.0]
[3, array([0.4864, 0.0087]), array([0.48262857, 0.00605238]), 0.7854, 0.0]
[3, array([0.4864, 0.0087]), array([0.48277619, 0.00605238]), 0.7854, 0.0]
[3, array([0.4864, 0.0087]), array([0.48292381, 0.00605238]), 0.7854, 0.0]
[3, array([0.4864, 0.0087]), array([0.48307143, 0.00605238]), 0.7854, 0.0]
[3, array([0.4864, 0.0087]), array([0.48321905, 0.00605238]), 0.7854, 0.0]
[3, array([0.4864, 0.0087]), array([0.48336667, 0.00605238]), 0.7854, 0.0]
[3, array([0.4864, 0.0087]), array([0.48351429, 0.00605238]), 0.7854, 0.0]
[3, array([0.4864, 0.0087]), array([0.4836619 , 0.00605238]), 0.7854, 0.0]
[3, array([0.4864, 0.0087]), array([0.48380952, 0.00605238]), 0.7854, 0.0]
[3, array([0.4864, 0.0087]), array([0.48395714, 0.00605238]), 0.7854, 0.0]
[3, array([0.4864, 0.0087]), array([0.48410476, 0.00605238]), 0.7854, 0.0]
[3, array([0.4864, 0.0087]), array([0.48425238, 0.00605238]), 0.7854, 0.0]
[3, array([0.4864, 0.0087]), array([0.4844    , 0.00605238]), 0.7854, 0.0]
[3, array([0.4864, 0.0087]), array([0.4813, 0.0062]), 0.7854, 0.0]
[3, array([0.4864, 0.0087]), array([0.48144762, 0.0062    ]), 0.7854, 0.0]
[3, array([0.4864, 0.0087]), array([0.48159524, 0.0062    ]), 0.7854, 0.0]
[3, array([0.4864, 0.0087]), array([0.48174286, 0.0062    ]), 0.7854, 0.0]
[3, array([0.4864, 0.0087]), array([0.48189048, 0.0062    ]), 0.7854, 0.0]
[3, array([0.4864, 0.0087]), array([0.4820381, 0.0062   ]), 0.7854, 0.0]
[3, array([0.4864, 0.0087]), array([0.48218571, 0.0062    ]), 0.7854, 0.0]
[3, array([0.4864, 0.0087]), array([0.48233333, 0.0062    ]), 0.7854, 0.0]
[3, array([0.4864, 0.0087]), array([0.48248095, 0.0062    ]), 0.7854, 0.0]
[3, array([0.4864, 0.0087]), array([0.48262857, 0.0062    ]), 0.7854, 0.0]
[3, array([0.4864, 0.0087]), array([0.48277619, 0.0062    ]), 0.7854, 0.0]
[3, array([0.4864, 0.0087]), array([0.48292381, 0.0062    ]), 0.7854, 0.0]
[3, array([0.4864, 0.0087]), array([0.48307143, 0.0062    ]), 0.7854, 0.0]
[3, array([0.4864, 0.0087]), array([0.48321905, 0.0062    ]), 0.7854, 0.0]
[3, array([0.4864, 0.0087]), array([0.48336667, 0.0062    ]), 0.7854, 0.0]
[3, array([0.4864, 0.0087]), array([0.48351429, 0.0062    ]), 0.7854, 0.0]
[3, array([0.4864, 0.0087]), array([0.4836619, 0.0062   ]), 0.7854, 0.0]
[3, array([0.4864, 0.0087]), array([0.48380952, 0.0062    ]), 0.7854, 0.0]
[3, array([0.4864, 0.0087]), array([0.48395714, 0.0062    ]), 0.7854, 0.0]
[3, array([0.4864, 0.0087]), array([0.48410476, 0.0062    ]), 0.7854, 0.0]
[3, array([0.4864, 0.0087]), array([0.48425238, 0.0062    ]), 0.7854, 0.0]
[3, array([0.4864, 0.0087]), array([0.4844, 0.0062]), 0.7854, 0.0]
[1, array([0.5155, 0.0139]), array([0.5063 , 0.00785]), 0.7854, 1.0]
[1, array([0.5155, 0.0139]), array([0.50659524, 0.00785   ]), 0.7854, 1.0]
[1, array([0.5155, 0.0139]), array([0.50689048, 0.00785   ]), 0.7854, 1.0]
[1, array([0.5155, 0.0139]), array([0.50718571, 0.00785   ]), 0.7854, 1.0]
[1, array([0.5155, 0.0139]), array([0.50748095, 0.00785   ]), 0.7854, 1.0]
[1, array([0.5155, 0.0139]), array([0.50777619, 0.00785   ]), 0.7854, 1.0]
[1, array([0.5155, 0.0139]), array([0.50807143, 0.00785   ]), 0.7854, 1.0]
[1, array([0.5155, 0.0139]), array([0.50836667, 0.00785   ]), 0.7854, 1.0]
[1, array([0.5155, 0.0139]), array([0.5086619, 0.00785  ]), 0.7854, 1.0]
[1, array([0.5155, 0.0139]), array([0.50895714, 0.00785   ]), 0.7854, 1.0]
[1, array([0.5155, 0.0139]), array([0.50925238, 0.00785   ]), 0.7854, 1.0]
[1, array([0.5155, 0.0139]), array([0.50954762, 0.00785   ]), 0.7854, 1.0]
[1, array([0.5155, 0.0139]), array([0.50984286, 0.00785   ]), 0.7854, 1.0]
[1, array([0.5155, 0.0139]), array([0.5101381, 0.00785  ]), 0.7854, 1.0]
[1, array([0.5155, 0.0139]), array([0.51043333, 0.00785   ]), 0.7854, 1.0]
[1, array([0.5155, 0.0139]), array([0.51072857, 0.00785   ]), 0.7854, 1.0]
[1, array([0.5155, 0.0139]), array([0.51102381, 0.00785   ]), 0.7854, 1.0]
[1, array([0.5155, 0.0139]), array([0.51131905, 0.00785   ]), 0.7854, 1.0]
[1, array([0.5155, 0.0139]), array([0.51161429, 0.00785   ]), 0.7854, 1.0]
[1, array([0.5155, 0.0139]), array([0.51190952, 0.00785   ]), 0.7854, 1.0]
[1, array([0.5155, 0.0139]), array([0.51220476, 0.00785   ]), 0.7854, 1.0]
[1, array([0.5155, 0.0139]), array([0.5125 , 0.00785]), 0.7854, 1.0]
[1, array([0.5155, 0.0139]), array([0.5063    , 0.00814524]), 0.7854, 1.0]
[1, array([0.5155, 0.0139]), array([0.50659524, 0.00814524]), 0.7854, 1.0]
[1, array([0.5155, 0.0139]), array([0.50689048, 0.00814524]), 0.7854, 1.0]
[1, array([0.5155, 0.0139]), array([0.50718571, 0.00814524]), 0.7854, 1.0]
[1, array([0.5155, 0.0139]), array([0.50748095, 0.00814524]), 0.7854, 1.0]
[1, array([0.5155, 0.0139]), array([0.50777619, 0.00814524]), 0.7854, 1.0]
[1, array([0.5155, 0.0139]), array([0.50807143, 0.00814524]), 0.7854, 1.0]
[1, array([0.5155, 0.0139]), array([0.50836667, 0.00814524]), 0.7854, 1.0]
[1, array([0.5155, 0.0139]), array([0.5086619 , 0.00814524]), 0.7854, 1.0]
[1, array([0.5155, 0.0139]), array([0.50895714, 0.00814524]), 0.7854, 1.0]
[1, array([0.5155, 0.0139]), array([0.50925238, 0.00814524]), 0.7854, 1.0]
[1, array([0.5155, 0.0139]), array([0.50954762, 0.00814524]), 0.7854, 1.0]
[1, array([0.5155, 0.0139]), array([0.50984286, 0.00814524]), 0.7854, 1.0]
[1, array([0.5155, 0.0139]), array([0.5101381 , 0.00814524]), 0.7854, 1.0]
[1, array([0.5155, 0.0139]), array([0.51043333, 0.00814524]), 0.7854, 1.0]
[1, array([0.5155, 0.0139]), array([0.51072857, 0.00814524]), 0.7854, 1.0]
[1, array([0.5155, 0.0139]), array([0.51102381, 0.00814524]), 0.7854, 1.0]
[1, array([0.5155, 0.0139]), array([0.51131905, 0.00814524]), 0.7854, 1.0]
[1, array([0.5155, 0.0139]), array([0.51161429, 0.00814524]), 0.7854, 1.0]
[1, array([0.5155, 0.0139]), array([0.51190952, 0.00814524]), 0.7854, 1.0]
[1, array([0.5155, 0.0139]), array([0.51220476, 0.00814524]), 0.7854, 1.0]
[1, array([0.5155, 0.0139]), array([0.5125    , 0.00814524]), 0.7854, 1.0]
[1, array([0.5155, 0.0139]), array([0.5063    , 0.00844048]), 0.7854, 1.0]
[1, array([0.5155, 0.0139]), array([0.50659524, 0.00844048]), 0.7854, 1.0]
[1, array([0.5155, 0.0139]), array([0.50689048, 0.00844048]), 0.7854, 1.0]
[1, array([0.5155, 0.0139]), array([0.50718571, 0.00844048]), 0.7854, 1.0]
[1, array([0.5155, 0.0139]), array([0.50748095, 0.00844048]), 0.7854, 1.0]
[1, array([0.5155, 0.0139]), array([0.50777619, 0.00844048]), 0.7854, 1.0]
[1, array([0.5155, 0.0139]), array([0.50807143, 0.00844048]), 0.7854, 1.0]
[1, array([0.5155, 0.0139]), array([0.50836667, 0.00844048]), 0.7854, 1.0]
[1, array([0.5155, 0.0139]), array([0.5086619 , 0.00844048]), 0.7854, 1.0]
[1, array([0.5155, 0.0139]), array([0.50895714, 0.00844048]), 0.7854, 1.0]
[1, array([0.5155, 0.0139]), array([0.50925238, 0.00844048]), 0.7854, 1.0]
[1, array([0.5155, 0.0139]), array([0.50954762, 0.00844048]), 0.7854, 1.0]
[1, array([0.5155, 0.0139]), array([0.50984286, 0.00844048]), 0.7854, 1.0]
[1, array([0.5155, 0.0139]), array([0.5101381 , 0.00844048]), 0.7854, 1.0]
[1, array([0.5155, 0.0139]), array([0.51043333, 0.00844048]), 0.7854, 1.0]
[1, array([0.5155, 0.0139]), array([0.51072857, 0.00844048]), 0.7854, 1.0]
[1, array([0.5155, 0.0139]), array([0.51102381, 0.00844048]), 0.7854, 1.0]
[1, array([0.5155, 0.0139]), array([0.51131905, 0.00844048]), 0.7854, 1.0]
[1, array([0.5155, 0.0139]), array([0.51161429, 0.00844048]), 0.7854, 1.0]
[1, array([0.5155, 0.0139]), array([0.51190952, 0.00844048]), 0.7854, 1.0]
[1, array([0.5155, 0.0139]), array([0.51220476, 0.00844048]), 0.7854, 1.0]
[1, array([0.5155, 0.0139]), array([0.5125    , 0.00844048]), 0.7854, 1.0]
[1, array([0.5155, 0.0139]), array([0.5063    , 0.00873571]), 0.7854, 1.0]
[1, array([0.5155, 0.0139]), array([0.50659524, 0.00873571]), 0.7854, 1.0]
[1, array([0.5155, 0.0139]), array([0.50689048, 0.00873571]), 0.7854, 1.0]
[1, array([0.5155, 0.0139]), array([0.50718571, 0.00873571]), 0.7854, 1.0]
[1, array([0.5155, 0.0139]), array([0.50748095, 0.00873571]), 0.7854, 1.0]
[1, array([0.5155, 0.0139]), array([0.50777619, 0.00873571]), 0.7854, 1.0]
[1, array([0.5155, 0.0139]), array([0.50807143, 0.00873571]), 0.7854, 1.0]
[1, array([0.5155, 0.0139]), array([0.50836667, 0.00873571]), 0.7854, 1.0]
[1, array([0.5155, 0.0139]), array([0.5086619 , 0.00873571]), 0.7854, 1.0]
[1, array([0.5155, 0.0139]), array([0.50895714, 0.00873571]), 0.7854, 1.0]
[1, array([0.5155, 0.0139]), array([0.50925238, 0.00873571]), 0.7854, 1.0]
[1, array([0.5155, 0.0139]), array([0.50954762, 0.00873571]), 0.7854, 1.0]
[1, array([0.5155, 0.0139]), array([0.50984286, 0.00873571]), 0.7854, 1.0]
[1, array([0.5155, 0.0139]), array([0.5101381 , 0.00873571]), 0.7854, 1.0]
[1, array([0.5155, 0.0139]), array([0.51043333, 0.00873571]), 0.7854, 1.0]
[1, array([0.5155, 0.0139]), array([0.51072857, 0.00873571]), 0.7854, 1.0]
[1, array([0.5155, 0.0139]), array([0.51102381, 0.00873571]), 0.7854, 1.0]
[1, array([0.5155, 0.0139]), array([0.51131905, 0.00873571]), 0.7854, 1.0]
[1, array([0.5155, 0.0139]), array([0.51161429, 0.00873571]), 0.7854, 1.0]
[1, array([0.5155, 0.0139]), array([0.51190952, 0.00873571]), 0.7854, 1.0]
[1, array([0.5155, 0.0139]), array([0.51220476, 0.00873571]), 0.7854, 1.0]
[1, array([0.5155, 0.0139]), array([0.5125    , 0.00873571]), 0.7854, 1.0]
[1, array([0.5155, 0.0139]), array([0.5063    , 0.00903095]), 0.7854, 1.0]
[1, array([0.5155, 0.0139]), array([0.50659524, 0.00903095]), 0.7854, 1.0]
[1, array([0.5155, 0.0139]), array([0.50689048, 0.00903095]), 0.7854, 1.0]
[1, array([0.5155, 0.0139]), array([0.50718571, 0.00903095]), 0.7854, 1.0]
[1, array([0.5155, 0.0139]), array([0.50748095, 0.00903095]), 0.7854, 1.0]
[1, array([0.5155, 0.0139]), array([0.50777619, 0.00903095]), 0.7854, 1.0]
[1, array([0.5155, 0.0139]), array([0.50807143, 0.00903095]), 0.7854, 1.0]
[1, array([0.5155, 0.0139]), array([0.50836667, 0.00903095]), 0.7854, 1.0]
[1, array([0.5155, 0.0139]), array([0.5086619 , 0.00903095]), 0.7854, 1.0]
[1, array([0.5155, 0.0139]), array([0.50895714, 0.00903095]), 0.7854, 1.0]
[1, array([0.5155, 0.0139]), array([0.50925238, 0.00903095]), 0.7854, 1.0]
[1, array([0.5155, 0.0139]), array([0.50954762, 0.00903095]), 0.7854, 1.0]
[1, array([0.5155, 0.0139]), array([0.50984286, 0.00903095]), 0.7854, 1.0]
[1, array([0.5155, 0.0139]), array([0.5101381 , 0.00903095]), 0.7854, 1.0]
[1, array([0.5155, 0.0139]), array([0.51043333, 0.00903095]), 0.7854, 1.0]
[1, array([0.5155, 0.0139]), array([0.51072857, 0.00903095]), 0.7854, 1.0]
[1, array([0.5155, 0.0139]), array([0.51102381, 0.00903095]), 0.7854, 1.0]
[1, array([0.5155, 0.0139]), array([0.51131905, 0.00903095]), 0.7854, 1.0]
[1, array([0.5155, 0.0139]), array([0.51161429, 0.00903095]), 0.7854, 1.0]
[1, array([0.5155, 0.0139]), array([0.51190952, 0.00903095]), 0.7854, 1.0]
[1, array([0.5155, 0.0139]), array([0.51220476, 0.00903095]), 0.7854, 1.0]
[1, array([0.5155, 0.0139]), array([0.5125    , 0.00903095]), 0.7854, 1.0]
[1, array([0.5155, 0.0139]), array([0.5063    , 0.00932619]), 0.7854, 1.0]
[1, array([0.5155, 0.0139]), array([0.50659524, 0.00932619]), 0.7854, 1.0]
[1, array([0.5155, 0.0139]), array([0.50689048, 0.00932619]), 0.7854, 1.0]
[1, array([0.5155, 0.0139]), array([0.50718571, 0.00932619]), 0.7854, 1.0]
[1, array([0.5155, 0.0139]), array([0.50748095, 0.00932619]), 0.7854, 1.0]
[1, array([0.5155, 0.0139]), array([0.50777619, 0.00932619]), 0.7854, 1.0]
[1, array([0.5155, 0.0139]), array([0.50807143, 0.00932619]), 0.7854, 1.0]
[1, array([0.5155, 0.0139]), array([0.50836667, 0.00932619]), 0.7854, 1.0]
[1, array([0.5155, 0.0139]), array([0.5086619 , 0.00932619]), 0.7854, 1.0]
[1, array([0.5155, 0.0139]), array([0.50895714, 0.00932619]), 0.7854, 1.0]
[1, array([0.5155, 0.0139]), array([0.50925238, 0.00932619]), 0.7854, 1.0]
[1, array([0.5155, 0.0139]), array([0.50954762, 0.00932619]), 0.7854, 1.0]
[1, array([0.5155, 0.0139]), array([0.50984286, 0.00932619]), 0.7854, 1.0]
[1, array([0.5155, 0.0139]), array([0.5101381 , 0.00932619]), 0.7854, 1.0]
[1, array([0.5155, 0.0139]), array([0.51043333, 0.00932619]), 0.7854, 1.0]
[1, array([0.5155, 0.0139]), array([0.51072857, 0.00932619]), 0.7854, 1.0]
[1, array([0.5155, 0.0139]), array([0.51102381, 0.00932619]), 0.7854, 1.0]
[1, array([0.5155, 0.0139]), array([0.51131905, 0.00932619]), 0.7854, 1.0]
[1, array([0.5155, 0.0139]), array([0.51161429, 0.00932619]), 0.7854, 1.0]
[1, array([0.5155, 0.0139]), array([0.51190952, 0.00932619]), 0.7854, 1.0]
[1, array([0.5155, 0.0139]), array([0.51220476, 0.00932619]), 0.7854, 1.0]
[1, array([0.5155, 0.0139]), array([0.5125    , 0.00932619]), 0.7854, 1.0]
[1, array([0.5155, 0.0139]), array([0.5063    , 0.00962143]), 0.7854, 1.0]
[1, array([0.5155, 0.0139]), array([0.50659524, 0.00962143]), 0.7854, 1.0]
[1, array([0.5155, 0.0139]), array([0.50689048, 0.00962143]), 0.7854, 1.0]
[1, array([0.5155, 0.0139]), array([0.50718571, 0.00962143]), 0.7854, 1.0]
[1, array([0.5155, 0.0139]), array([0.50748095, 0.00962143]), 0.7854, 1.0]
[1, array([0.5155, 0.0139]), array([0.50777619, 0.00962143]), 0.7854, 1.0]
[1, array([0.5155, 0.0139]), array([0.50807143, 0.00962143]), 0.7854, 1.0]
[1, array([0.5155, 0.0139]), array([0.50836667, 0.00962143]), 0.7854, 1.0]
[1, array([0.5155, 0.0139]), array([0.5086619 , 0.00962143]), 0.7854, 1.0]
[1, array([0.5155, 0.0139]), array([0.50895714, 0.00962143]), 0.7854, 1.0]
[1, array([0.5155, 0.0139]), array([0.50925238, 0.00962143]), 0.7854, 1.0]
[1, array([0.5155, 0.0139]), array([0.50954762, 0.00962143]), 0.7854, 1.0]
[1, array([0.5155, 0.0139]), array([0.50984286, 0.00962143]), 0.7854, 1.0]
[1, array([0.5155, 0.0139]), array([0.5101381 , 0.00962143]), 0.7854, 1.0]
[1, array([0.5155, 0.0139]), array([0.51043333, 0.00962143]), 0.7854, 1.0]
[1, array([0.5155, 0.0139]), array([0.51072857, 0.00962143]), 0.7854, 1.0]
[1, array([0.5155, 0.0139]), array([0.51102381, 0.00962143]), 0.7854, 1.0]
[1, array([0.5155, 0.0139]), array([0.51131905, 0.00962143]), 0.7854, 1.0]
[1, array([0.5155, 0.0139]), array([0.51161429, 0.00962143]), 0.7854, 1.0]
[1, array([0.5155, 0.0139]), array([0.51190952, 0.00962143]), 0.7854, 1.0]
[1, array([0.5155, 0.0139]), array([0.51220476, 0.00962143]), 0.7854, 1.0]
[1, array([0.5155, 0.0139]), array([0.5125    , 0.00962143]), 0.7854, 1.0]
[1, array([0.5155, 0.0139]), array([0.5063    , 0.00991667]), 0.7854, 1.0]
[1, array([0.5155, 0.0139]), array([0.50659524, 0.00991667]), 0.7854, 1.0]
[1, array([0.5155, 0.0139]), array([0.50689048, 0.00991667]), 0.7854, 1.0]
[1, array([0.5155, 0.0139]), array([0.50718571, 0.00991667]), 0.7854, 1.0]
[1, array([0.5155, 0.0139]), array([0.50748095, 0.00991667]), 0.7854, 1.0]
[1, array([0.5155, 0.0139]), array([0.50777619, 0.00991667]), 0.7854, 1.0]
[1, array([0.5155, 0.0139]), array([0.50807143, 0.00991667]), 0.7854, 1.0]
[1, array([0.5155, 0.0139]), array([0.50836667, 0.00991667]), 0.7854, 1.0]
[1, array([0.5155, 0.0139]), array([0.5086619 , 0.00991667]), 0.7854, 1.0]
[1, array([0.5155, 0.0139]), array([0.50895714, 0.00991667]), 0.7854, 1.0]
[1, array([0.5155, 0.0139]), array([0.50925238, 0.00991667]), 0.7854, 1.0]
[1, array([0.5155, 0.0139]), array([0.50954762, 0.00991667]), 0.7854, 1.0]
[1, array([0.5155, 0.0139]), array([0.50984286, 0.00991667]), 0.7854, 1.0]
[1, array([0.5155, 0.0139]), array([0.5101381 , 0.00991667]), 0.7854, 1.0]
[1, array([0.5155, 0.0139]), array([0.51043333, 0.00991667]), 0.7854, 1.0]
[1, array([0.5155, 0.0139]), array([0.51072857, 0.00991667]), 0.7854, 1.0]
[1, array([0.5155, 0.0139]), array([0.51102381, 0.00991667]), 0.7854, 1.0]
[1, array([0.5155, 0.0139]), array([0.51131905, 0.00991667]), 0.7854, 1.0]
[1, array([0.5155, 0.0139]), array([0.51161429, 0.00991667]), 0.7854, 1.0]
[1, array([0.5155, 0.0139]), array([0.51190952, 0.00991667]), 0.7854, 1.0]
[1, array([0.5155, 0.0139]), array([0.51220476, 0.00991667]), 0.7854, 1.0]
[1, array([0.5155, 0.0139]), array([0.5125    , 0.00991667]), 0.7854, 1.0]
[1, array([0.5155, 0.0139]), array([0.5063   , 0.0102119]), 0.7854, 1.0]
[1, array([0.5155, 0.0139]), array([0.50659524, 0.0102119 ]), 0.7854, 1.0]
[1, array([0.5155, 0.0139]), array([0.50689048, 0.0102119 ]), 0.7854, 1.0]
[1, array([0.5155, 0.0139]), array([0.50718571, 0.0102119 ]), 0.7854, 1.0]
[1, array([0.5155, 0.0139]), array([0.50748095, 0.0102119 ]), 0.7854, 1.0]
[1, array([0.5155, 0.0139]), array([0.50777619, 0.0102119 ]), 0.7854, 1.0]
[1, array([0.5155, 0.0139]), array([0.50807143, 0.0102119 ]), 0.7854, 1.0]
[1, array([0.5155, 0.0139]), array([0.50836667, 0.0102119 ]), 0.7854, 1.0]
[1, array([0.5155, 0.0139]), array([0.5086619, 0.0102119]), 0.7854, 1.0]
[1, array([0.5155, 0.0139]), array([0.50895714, 0.0102119 ]), 0.7854, 1.0]
[1, array([0.5155, 0.0139]), array([0.50925238, 0.0102119 ]), 0.7854, 1.0]
[1, array([0.5155, 0.0139]), array([0.50954762, 0.0102119 ]), 0.7854, 1.0]
[1, array([0.5155, 0.0139]), array([0.50984286, 0.0102119 ]), 0.7854, 1.0]
[1, array([0.5155, 0.0139]), array([0.5101381, 0.0102119]), 0.7854, 1.0]
[1, array([0.5155, 0.0139]), array([0.51043333, 0.0102119 ]), 0.7854, 1.0]
[1, array([0.5155, 0.0139]), array([0.51072857, 0.0102119 ]), 0.7854, 1.0]
[1, array([0.5155, 0.0139]), array([0.51102381, 0.0102119 ]), 0.7854, 1.0]
[1, array([0.5155, 0.0139]), array([0.51131905, 0.0102119 ]), 0.7854, 1.0]
[1, array([0.5155, 0.0139]), array([0.51161429, 0.0102119 ]), 0.7854, 1.0]
[1, array([0.5155, 0.0139]), array([0.51190952, 0.0102119 ]), 0.7854, 1.0]
[1, array([0.5155, 0.0139]), array([0.51220476, 0.0102119 ]), 0.7854, 1.0]
[1, array([0.5155, 0.0139]), array([0.5125   , 0.0102119]), 0.7854, 1.0]
[1, array([0.5155, 0.0139]), array([0.5063    , 0.01050714]), 0.7854, 1.0]
[1, array([0.5155, 0.0139]), array([0.50659524, 0.01050714]), 0.7854, 1.0]
[1, array([0.5155, 0.0139]), array([0.50689048, 0.01050714]), 0.7854, 1.0]
[1, array([0.5155, 0.0139]), array([0.50718571, 0.01050714]), 0.7854, 1.0]
[1, array([0.5155, 0.0139]), array([0.50748095, 0.01050714]), 0.7854, 1.0]
[1, array([0.5155, 0.0139]), array([0.50777619, 0.01050714]), 0.7854, 1.0]
[1, array([0.5155, 0.0139]), array([0.50807143, 0.01050714]), 0.7854, 1.0]
[1, array([0.5155, 0.0139]), array([0.50836667, 0.01050714]), 0.7854, 1.0]
[1, array([0.5155, 0.0139]), array([0.5086619 , 0.01050714]), 0.7854, 1.0]
[1, array([0.5155, 0.0139]), array([0.50895714, 0.01050714]), 0.7854, 1.0]
[1, array([0.5155, 0.0139]), array([0.50925238, 0.01050714]), 0.7854, 1.0]
[1, array([0.5155, 0.0139]), array([0.50954762, 0.01050714]), 0.7854, 1.0]
[1, array([0.5155, 0.0139]), array([0.50984286, 0.01050714]), 0.7854, 1.0]
[1, array([0.5155, 0.0139]), array([0.5101381 , 0.01050714]), 0.7854, 1.0]
[1, array([0.5155, 0.0139]), array([0.51043333, 0.01050714]), 0.7854, 1.0]
[1, array([0.5155, 0.0139]), array([0.51072857, 0.01050714]), 0.7854, 1.0]
[1, array([0.5155, 0.0139]), array([0.51102381, 0.01050714]), 0.7854, 1.0]
[1, array([0.5155, 0.0139]), array([0.51131905, 0.01050714]), 0.7854, 1.0]
[1, array([0.5155, 0.0139]), array([0.51161429, 0.01050714]), 0.7854, 1.0]
[1, array([0.5155, 0.0139]), array([0.51190952, 0.01050714]), 0.7854, 1.0]
[1, array([0.5155, 0.0139]), array([0.51220476, 0.01050714]), 0.7854, 1.0]
[1, array([0.5155, 0.0139]), array([0.5125    , 0.01050714]), 0.7854, 1.0]
[1, array([0.5155, 0.0139]), array([0.5063    , 0.01080238]), 0.7854, 1.0]
[1, array([0.5155, 0.0139]), array([0.50659524, 0.01080238]), 0.7854, 1.0]
[1, array([0.5155, 0.0139]), array([0.50689048, 0.01080238]), 0.7854, 1.0]
[1, array([0.5155, 0.0139]), array([0.50718571, 0.01080238]), 0.7854, 1.0]
[1, array([0.5155, 0.0139]), array([0.50748095, 0.01080238]), 0.7854, 1.0]
[1, array([0.5155, 0.0139]), array([0.50777619, 0.01080238]), 0.7854, 1.0]
[1, array([0.5155, 0.0139]), array([0.50807143, 0.01080238]), 0.7854, 1.0]
[1, array([0.5155, 0.0139]), array([0.50836667, 0.01080238]), 0.7854, 1.0]
[1, array([0.5155, 0.0139]), array([0.5086619 , 0.01080238]), 0.7854, 1.0]
[1, array([0.5155, 0.0139]), array([0.50895714, 0.01080238]), 0.7854, 1.0]
[1, array([0.5155, 0.0139]), array([0.50925238, 0.01080238]), 0.7854, 1.0]
[1, array([0.5155, 0.0139]), array([0.50954762, 0.01080238]), 0.7854, 1.0]
[1, array([0.5155, 0.0139]), array([0.50984286, 0.01080238]), 0.7854, 1.0]
[1, array([0.5155, 0.0139]), array([0.5101381 , 0.01080238]), 0.7854, 1.0]
[1, array([0.5155, 0.0139]), array([0.51043333, 0.01080238]), 0.7854, 1.0]
[1, array([0.5155, 0.0139]), array([0.51072857, 0.01080238]), 0.7854, 1.0]
[1, array([0.5155, 0.0139]), array([0.51102381, 0.01080238]), 0.7854, 1.0]
[1, array([0.5155, 0.0139]), array([0.51131905, 0.01080238]), 0.7854, 1.0]
[1, array([0.5155, 0.0139]), array([0.51161429, 0.01080238]), 0.7854, 1.0]
[1, array([0.5155, 0.0139]), array([0.51190952, 0.01080238]), 0.7854, 1.0]
[1, array([0.5155, 0.0139]), array([0.51220476, 0.01080238]), 0.7854, 1.0]
[1, array([0.5155, 0.0139]), array([0.5125    , 0.01080238]), 0.7854, 1.0]
[1, array([0.5155, 0.0139]), array([0.5063    , 0.01109762]), 0.7854, 1.0]
[1, array([0.5155, 0.0139]), array([0.50659524, 0.01109762]), 0.7854, 1.0]
[1, array([0.5155, 0.0139]), array([0.50689048, 0.01109762]), 0.7854, 1.0]
[1, array([0.5155, 0.0139]), array([0.50718571, 0.01109762]), 0.7854, 1.0]
[1, array([0.5155, 0.0139]), array([0.50748095, 0.01109762]), 0.7854, 1.0]
[1, array([0.5155, 0.0139]), array([0.50777619, 0.01109762]), 0.7854, 1.0]
[1, array([0.5155, 0.0139]), array([0.50807143, 0.01109762]), 0.7854, 1.0]
[1, array([0.5155, 0.0139]), array([0.50836667, 0.01109762]), 0.7854, 1.0]
[1, array([0.5155, 0.0139]), array([0.5086619 , 0.01109762]), 0.7854, 1.0]
[1, array([0.5155, 0.0139]), array([0.50895714, 0.01109762]), 0.7854, 1.0]
[1, array([0.5155, 0.0139]), array([0.50925238, 0.01109762]), 0.7854, 1.0]
[1, array([0.5155, 0.0139]), array([0.50954762, 0.01109762]), 0.7854, 1.0]
[1, array([0.5155, 0.0139]), array([0.50984286, 0.01109762]), 0.7854, 1.0]
[1, array([0.5155, 0.0139]), array([0.5101381 , 0.01109762]), 0.7854, 1.0]
[1, array([0.5155, 0.0139]), array([0.51043333, 0.01109762]), 0.7854, 1.0]
[1, array([0.5155, 0.0139]), array([0.51072857, 0.01109762]), 0.7854, 1.0]
[1, array([0.5155, 0.0139]), array([0.51102381, 0.01109762]), 0.7854, 1.0]
[1, array([0.5155, 0.0139]), array([0.51131905, 0.01109762]), 0.7854, 1.0]
[1, array([0.5155, 0.0139]), array([0.51161429, 0.01109762]), 0.7854, 1.0]
[1, array([0.5155, 0.0139]), array([0.51190952, 0.01109762]), 0.7854, 1.0]
[1, array([0.5155, 0.0139]), array([0.51220476, 0.01109762]), 0.7854, 1.0]
[1, array([0.5155, 0.0139]), array([0.5125    , 0.01109762]), 0.7854, 1.0]
[1, array([0.5155, 0.0139]), array([0.5063    , 0.01139286]), 0.7854, 1.0]
[1, array([0.5155, 0.0139]), array([0.50659524, 0.01139286]), 0.7854, 1.0]
[1, array([0.5155, 0.0139]), array([0.50689048, 0.01139286]), 0.7854, 1.0]
[1, array([0.5155, 0.0139]), array([0.50718571, 0.01139286]), 0.7854, 1.0]
[1, array([0.5155, 0.0139]), array([0.50748095, 0.01139286]), 0.7854, 1.0]
[1, array([0.5155, 0.0139]), array([0.50777619, 0.01139286]), 0.7854, 1.0]
[1, array([0.5155, 0.0139]), array([0.50807143, 0.01139286]), 0.7854, 1.0]
[1, array([0.5155, 0.0139]), array([0.50836667, 0.01139286]), 0.7854, 1.0]
[1, array([0.5155, 0.0139]), array([0.5086619 , 0.01139286]), 0.7854, 1.0]
[1, array([0.5155, 0.0139]), array([0.50895714, 0.01139286]), 0.7854, 1.0]
[1, array([0.5155, 0.0139]), array([0.50925238, 0.01139286]), 0.7854, 1.0]
[1, array([0.5155, 0.0139]), array([0.50954762, 0.01139286]), 0.7854, 1.0]
[1, array([0.5155, 0.0139]), array([0.50984286, 0.01139286]), 0.7854, 1.0]
[1, array([0.5155, 0.0139]), array([0.5101381 , 0.01139286]), 0.7854, 1.0]
[1, array([0.5155, 0.0139]), array([0.51043333, 0.01139286]), 0.7854, 1.0]
[1, array([0.5155, 0.0139]), array([0.51072857, 0.01139286]), 0.7854, 1.0]
[1, array([0.5155, 0.0139]), array([0.51102381, 0.01139286]), 0.7854, 1.0]
[1, array([0.5155, 0.0139]), array([0.51131905, 0.01139286]), 0.7854, 1.0]
[1, array([0.5155, 0.0139]), array([0.51161429, 0.01139286]), 0.7854, 1.0]
[1, array([0.5155, 0.0139]), array([0.51190952, 0.01139286]), 0.7854, 1.0]
[1, array([0.5155, 0.0139]), array([0.51220476, 0.01139286]), 0.7854, 1.0]
[1, array([0.5155, 0.0139]), array([0.5125    , 0.01139286]), 0.7854, 1.0]
[1, array([0.5155, 0.0139]), array([0.5063   , 0.0116881]), 0.7854, 1.0]
[1, array([0.5155, 0.0139]), array([0.50659524, 0.0116881 ]), 0.7854, 1.0]
[1, array([0.5155, 0.0139]), array([0.50689048, 0.0116881 ]), 0.7854, 1.0]
[1, array([0.5155, 0.0139]), array([0.50718571, 0.0116881 ]), 0.7854, 1.0]
[1, array([0.5155, 0.0139]), array([0.50748095, 0.0116881 ]), 0.7854, 1.0]
[1, array([0.5155, 0.0139]), array([0.50777619, 0.0116881 ]), 0.7854, 1.0]
[1, array([0.5155, 0.0139]), array([0.50807143, 0.0116881 ]), 0.7854, 1.0]
[1, array([0.5155, 0.0139]), array([0.50836667, 0.0116881 ]), 0.7854, 1.0]
[1, array([0.5155, 0.0139]), array([0.5086619, 0.0116881]), 0.7854, 1.0]
[1, array([0.5155, 0.0139]), array([0.50895714, 0.0116881 ]), 0.7854, 1.0]
[1, array([0.5155, 0.0139]), array([0.50925238, 0.0116881 ]), 0.7854, 1.0]
[1, array([0.5155, 0.0139]), array([0.50954762, 0.0116881 ]), 0.7854, 1.0]
[1, array([0.5155, 0.0139]), array([0.50984286, 0.0116881 ]), 0.7854, 1.0]
[1, array([0.5155, 0.0139]), array([0.5101381, 0.0116881]), 0.7854, 1.0]
[1, array([0.5155, 0.0139]), array([0.51043333, 0.0116881 ]), 0.7854, 1.0]
[1, array([0.5155, 0.0139]), array([0.51072857, 0.0116881 ]), 0.7854, 1.0]
[1, array([0.5155, 0.0139]), array([0.51102381, 0.0116881 ]), 0.7854, 1.0]
[1, array([0.5155, 0.0139]), array([0.51131905, 0.0116881 ]), 0.7854, 1.0]
[1, array([0.5155, 0.0139]), array([0.51161429, 0.0116881 ]), 0.7854, 1.0]
[1, array([0.5155, 0.0139]), array([0.51190952, 0.0116881 ]), 0.7854, 1.0]
[1, array([0.5155, 0.0139]), array([0.51220476, 0.0116881 ]), 0.7854, 1.0]
[1, array([0.5155, 0.0139]), array([0.5125   , 0.0116881]), 0.7854, 1.0]
[1, array([0.5155, 0.0139]), array([0.5063    , 0.01198333]), 0.7854, 1.0]
[1, array([0.5155, 0.0139]), array([0.50659524, 0.01198333]), 0.7854, 1.0]
[1, array([0.5155, 0.0139]), array([0.50689048, 0.01198333]), 0.7854, 1.0]
[1, array([0.5155, 0.0139]), array([0.50718571, 0.01198333]), 0.7854, 1.0]
[1, array([0.5155, 0.0139]), array([0.50748095, 0.01198333]), 0.7854, 1.0]
[1, array([0.5155, 0.0139]), array([0.50777619, 0.01198333]), 0.7854, 1.0]
[1, array([0.5155, 0.0139]), array([0.50807143, 0.01198333]), 0.7854, 1.0]
[1, array([0.5155, 0.0139]), array([0.50836667, 0.01198333]), 0.7854, 1.0]
[1, array([0.5155, 0.0139]), array([0.5086619 , 0.01198333]), 0.7854, 1.0]
[1, array([0.5155, 0.0139]), array([0.50895714, 0.01198333]), 0.7854, 1.0]
[1, array([0.5155, 0.0139]), array([0.50925238, 0.01198333]), 0.7854, 1.0]
[1, array([0.5155, 0.0139]), array([0.50954762, 0.01198333]), 0.7854, 1.0]
[1, array([0.5155, 0.0139]), array([0.50984286, 0.01198333]), 0.7854, 1.0]
[1, array([0.5155, 0.0139]), array([0.5101381 , 0.01198333]), 0.7854, 1.0]
[1, array([0.5155, 0.0139]), array([0.51043333, 0.01198333]), 0.7854, 1.0]
[1, array([0.5155, 0.0139]), array([0.51072857, 0.01198333]), 0.7854, 1.0]
[1, array([0.5155, 0.0139]), array([0.51102381, 0.01198333]), 0.7854, 1.0]
[1, array([0.5155, 0.0139]), array([0.51131905, 0.01198333]), 0.7854, 1.0]
[1, array([0.5155, 0.0139]), array([0.51161429, 0.01198333]), 0.7854, 1.0]
[1, array([0.5155, 0.0139]), array([0.51190952, 0.01198333]), 0.7854, 1.0]
[1, array([0.5155, 0.0139]), array([0.51220476, 0.01198333]), 0.7854, 1.0]
[1, array([0.5155, 0.0139]), array([0.5125    , 0.01198333]), 0.7854, 1.0]
[1, array([0.5155, 0.0139]), array([0.5063    , 0.01227857]), 0.7854, 1.0]
[1, array([0.5155, 0.0139]), array([0.50659524, 0.01227857]), 0.7854, 1.0]
[1, array([0.5155, 0.0139]), array([0.50689048, 0.01227857]), 0.7854, 1.0]
[1, array([0.5155, 0.0139]), array([0.50718571, 0.01227857]), 0.7854, 1.0]
[1, array([0.5155, 0.0139]), array([0.50748095, 0.01227857]), 0.7854, 1.0]
[1, array([0.5155, 0.0139]), array([0.50777619, 0.01227857]), 0.7854, 1.0]
[1, array([0.5155, 0.0139]), array([0.50807143, 0.01227857]), 0.7854, 1.0]
[1, array([0.5155, 0.0139]), array([0.50836667, 0.01227857]), 0.7854, 1.0]
[1, array([0.5155, 0.0139]), array([0.5086619 , 0.01227857]), 0.7854, 1.0]
[1, array([0.5155, 0.0139]), array([0.50895714, 0.01227857]), 0.7854, 1.0]
[1, array([0.5155, 0.0139]), array([0.50925238, 0.01227857]), 0.7854, 1.0]
[1, array([0.5155, 0.0139]), array([0.50954762, 0.01227857]), 0.7854, 1.0]
[1, array([0.5155, 0.0139]), array([0.50984286, 0.01227857]), 0.7854, 1.0]
[1, array([0.5155, 0.0139]), array([0.5101381 , 0.01227857]), 0.7854, 1.0]
[1, array([0.5155, 0.0139]), array([0.51043333, 0.01227857]), 0.7854, 1.0]
[1, array([0.5155, 0.0139]), array([0.51072857, 0.01227857]), 0.7854, 1.0]
[1, array([0.5155, 0.0139]), array([0.51102381, 0.01227857]), 0.7854, 1.0]
[1, array([0.5155, 0.0139]), array([0.51131905, 0.01227857]), 0.7854, 1.0]
[1, array([0.5155, 0.0139]), array([0.51161429, 0.01227857]), 0.7854, 1.0]
[1, array([0.5155, 0.0139]), array([0.51190952, 0.01227857]), 0.7854, 1.0]
[1, array([0.5155, 0.0139]), array([0.51220476, 0.01227857]), 0.7854, 1.0]
[1, array([0.5155, 0.0139]), array([0.5125    , 0.01227857]), 0.7854, 1.0]
[1, array([0.5155, 0.0139]), array([0.5063    , 0.01257381]), 0.7854, 1.0]
[1, array([0.5155, 0.0139]), array([0.50659524, 0.01257381]), 0.7854, 1.0]
[1, array([0.5155, 0.0139]), array([0.50689048, 0.01257381]), 0.7854, 1.0]
[1, array([0.5155, 0.0139]), array([0.50718571, 0.01257381]), 0.7854, 1.0]
[1, array([0.5155, 0.0139]), array([0.50748095, 0.01257381]), 0.7854, 1.0]
[1, array([0.5155, 0.0139]), array([0.50777619, 0.01257381]), 0.7854, 1.0]
[1, array([0.5155, 0.0139]), array([0.50807143, 0.01257381]), 0.7854, 1.0]
[1, array([0.5155, 0.0139]), array([0.50836667, 0.01257381]), 0.7854, 1.0]
[1, array([0.5155, 0.0139]), array([0.5086619 , 0.01257381]), 0.7854, 1.0]
[1, array([0.5155, 0.0139]), array([0.50895714, 0.01257381]), 0.7854, 1.0]
[1, array([0.5155, 0.0139]), array([0.50925238, 0.01257381]), 0.7854, 1.0]
[1, array([0.5155, 0.0139]), array([0.50954762, 0.01257381]), 0.7854, 1.0]
[1, array([0.5155, 0.0139]), array([0.50984286, 0.01257381]), 0.7854, 1.0]
[1, array([0.5155, 0.0139]), array([0.5101381 , 0.01257381]), 0.7854, 1.0]
[1, array([0.5155, 0.0139]), array([0.51043333, 0.01257381]), 0.7854, 1.0]
[1, array([0.5155, 0.0139]), array([0.51072857, 0.01257381]), 0.7854, 1.0]
[1, array([0.5155, 0.0139]), array([0.51102381, 0.01257381]), 0.7854, 1.0]
[1, array([0.5155, 0.0139]), array([0.51131905, 0.01257381]), 0.7854, 1.0]
[1, array([0.5155, 0.0139]), array([0.51161429, 0.01257381]), 0.7854, 1.0]
[1, array([0.5155, 0.0139]), array([0.51190952, 0.01257381]), 0.7854, 1.0]
[1, array([0.5155, 0.0139]), array([0.51220476, 0.01257381]), 0.7854, 1.0]
[1, array([0.5155, 0.0139]), array([0.5125    , 0.01257381]), 0.7854, 1.0]
[1, array([0.5155, 0.0139]), array([0.5063    , 0.01286905]), 0.7854, 1.0]
[1, array([0.5155, 0.0139]), array([0.50659524, 0.01286905]), 0.7854, 1.0]
[1, array([0.5155, 0.0139]), array([0.50689048, 0.01286905]), 0.7854, 1.0]
[1, array([0.5155, 0.0139]), array([0.50718571, 0.01286905]), 0.7854, 1.0]
[1, array([0.5155, 0.0139]), array([0.50748095, 0.01286905]), 0.7854, 1.0]
[1, array([0.5155, 0.0139]), array([0.50777619, 0.01286905]), 0.7854, 1.0]
[1, array([0.5155, 0.0139]), array([0.50807143, 0.01286905]), 0.7854, 1.0]
[1, array([0.5155, 0.0139]), array([0.50836667, 0.01286905]), 0.7854, 1.0]
[1, array([0.5155, 0.0139]), array([0.5086619 , 0.01286905]), 0.7854, 1.0]
[1, array([0.5155, 0.0139]), array([0.50895714, 0.01286905]), 0.7854, 1.0]
[1, array([0.5155, 0.0139]), array([0.50925238, 0.01286905]), 0.7854, 1.0]
[1, array([0.5155, 0.0139]), array([0.50954762, 0.01286905]), 0.7854, 1.0]
[1, array([0.5155, 0.0139]), array([0.50984286, 0.01286905]), 0.7854, 1.0]
[1, array([0.5155, 0.0139]), array([0.5101381 , 0.01286905]), 0.7854, 1.0]
[1, array([0.5155, 0.0139]), array([0.51043333, 0.01286905]), 0.7854, 1.0]
[1, array([0.5155, 0.0139]), array([0.51072857, 0.01286905]), 0.7854, 1.0]
[1, array([0.5155, 0.0139]), array([0.51102381, 0.01286905]), 0.7854, 1.0]
[1, array([0.5155, 0.0139]), array([0.51131905, 0.01286905]), 0.7854, 1.0]
[1, array([0.5155, 0.0139]), array([0.51161429, 0.01286905]), 0.7854, 1.0]
[1, array([0.5155, 0.0139]), array([0.51190952, 0.01286905]), 0.7854, 1.0]
[1, array([0.5155, 0.0139]), array([0.51220476, 0.01286905]), 0.7854, 1.0]
[1, array([0.5155, 0.0139]), array([0.5125    , 0.01286905]), 0.7854, 1.0]
[1, array([0.5155, 0.0139]), array([0.5063    , 0.01316429]), 0.7854, 1.0]
[1, array([0.5155, 0.0139]), array([0.50659524, 0.01316429]), 0.7854, 1.0]
[1, array([0.5155, 0.0139]), array([0.50689048, 0.01316429]), 0.7854, 1.0]
[1, array([0.5155, 0.0139]), array([0.50718571, 0.01316429]), 0.7854, 1.0]
[1, array([0.5155, 0.0139]), array([0.50748095, 0.01316429]), 0.7854, 1.0]
[1, array([0.5155, 0.0139]), array([0.50777619, 0.01316429]), 0.7854, 1.0]
[1, array([0.5155, 0.0139]), array([0.50807143, 0.01316429]), 0.7854, 1.0]
[1, array([0.5155, 0.0139]), array([0.50836667, 0.01316429]), 0.7854, 1.0]
[1, array([0.5155, 0.0139]), array([0.5086619 , 0.01316429]), 0.7854, 1.0]
[1, array([0.5155, 0.0139]), array([0.50895714, 0.01316429]), 0.7854, 1.0]
[1, array([0.5155, 0.0139]), array([0.50925238, 0.01316429]), 0.7854, 1.0]
[1, array([0.5155, 0.0139]), array([0.50954762, 0.01316429]), 0.7854, 1.0]
[1, array([0.5155, 0.0139]), array([0.50984286, 0.01316429]), 0.7854, 1.0]
[1, array([0.5155, 0.0139]), array([0.5101381 , 0.01316429]), 0.7854, 1.0]
[1, array([0.5155, 0.0139]), array([0.51043333, 0.01316429]), 0.7854, 1.0]
[1, array([0.5155, 0.0139]), array([0.51072857, 0.01316429]), 0.7854, 1.0]
[1, array([0.5155, 0.0139]), array([0.51102381, 0.01316429]), 0.7854, 1.0]
[1, array([0.5155, 0.0139]), array([0.51131905, 0.01316429]), 0.7854, 1.0]
[1, array([0.5155, 0.0139]), array([0.51161429, 0.01316429]), 0.7854, 1.0]
[1, array([0.5155, 0.0139]), array([0.51190952, 0.01316429]), 0.7854, 1.0]
[1, array([0.5155, 0.0139]), array([0.51220476, 0.01316429]), 0.7854, 1.0]
[1, array([0.5155, 0.0139]), array([0.5125    , 0.01316429]), 0.7854, 1.0]
[1, array([0.5155, 0.0139]), array([0.5063    , 0.01345952]), 0.7854, 1.0]
[1, array([0.5155, 0.0139]), array([0.50659524, 0.01345952]), 0.7854, 1.0]
[1, array([0.5155, 0.0139]), array([0.50689048, 0.01345952]), 0.7854, 1.0]
[1, array([0.5155, 0.0139]), array([0.50718571, 0.01345952]), 0.7854, 1.0]
[1, array([0.5155, 0.0139]), array([0.50748095, 0.01345952]), 0.7854, 1.0]
[1, array([0.5155, 0.0139]), array([0.50777619, 0.01345952]), 0.7854, 1.0]
[1, array([0.5155, 0.0139]), array([0.50807143, 0.01345952]), 0.7854, 1.0]
[1, array([0.5155, 0.0139]), array([0.50836667, 0.01345952]), 0.7854, 1.0]
[1, array([0.5155, 0.0139]), array([0.5086619 , 0.01345952]), 0.7854, 1.0]
[1, array([0.5155, 0.0139]), array([0.50895714, 0.01345952]), 0.7854, 1.0]
[1, array([0.5155, 0.0139]), array([0.50925238, 0.01345952]), 0.7854, 1.0]
[1, array([0.5155, 0.0139]), array([0.50954762, 0.01345952]), 0.7854, 1.0]
[1, array([0.5155, 0.0139]), array([0.50984286, 0.01345952]), 0.7854, 1.0]
[1, array([0.5155, 0.0139]), array([0.5101381 , 0.01345952]), 0.7854, 1.0]
[1, array([0.5155, 0.0139]), array([0.51043333, 0.01345952]), 0.7854, 1.0]
[1, array([0.5155, 0.0139]), array([0.51072857, 0.01345952]), 0.7854, 1.0]
[1, array([0.5155, 0.0139]), array([0.51102381, 0.01345952]), 0.7854, 1.0]
[1, array([0.5155, 0.0139]), array([0.51131905, 0.01345952]), 0.7854, 1.0]
[1, array([0.5155, 0.0139]), array([0.51161429, 0.01345952]), 0.7854, 1.0]
[1, array([0.5155, 0.0139]), array([0.51190952, 0.01345952]), 0.7854, 1.0]
[1, array([0.5155, 0.0139]), array([0.51220476, 0.01345952]), 0.7854, 1.0]
[1, array([0.5155, 0.0139]), array([0.5125    , 0.01345952]), 0.7854, 1.0]
[1, array([0.5155, 0.0139]), array([0.5063    , 0.01375476]), 0.7854, 1.0]
[1, array([0.5155, 0.0139]), array([0.50659524, 0.01375476]), 0.7854, 1.0]
[1, array([0.5155, 0.0139]), array([0.50689048, 0.01375476]), 0.7854, 1.0]
[1, array([0.5155, 0.0139]), array([0.50718571, 0.01375476]), 0.7854, 1.0]
[1, array([0.5155, 0.0139]), array([0.50748095, 0.01375476]), 0.7854, 1.0]
[1, array([0.5155, 0.0139]), array([0.50777619, 0.01375476]), 0.7854, 1.0]
[1, array([0.5155, 0.0139]), array([0.50807143, 0.01375476]), 0.7854, 1.0]
[1, array([0.5155, 0.0139]), array([0.50836667, 0.01375476]), 0.7854, 1.0]
[1, array([0.5155, 0.0139]), array([0.5086619 , 0.01375476]), 0.7854, 1.0]
[1, array([0.5155, 0.0139]), array([0.50895714, 0.01375476]), 0.7854, 1.0]
[1, array([0.5155, 0.0139]), array([0.50925238, 0.01375476]), 0.7854, 1.0]
[1, array([0.5155, 0.0139]), array([0.50954762, 0.01375476]), 0.7854, 1.0]
[1, array([0.5155, 0.0139]), array([0.50984286, 0.01375476]), 0.7854, 1.0]
[1, array([0.5155, 0.0139]), array([0.5101381 , 0.01375476]), 0.7854, 1.0]
[1, array([0.5155, 0.0139]), array([0.51043333, 0.01375476]), 0.7854, 1.0]
[1, array([0.5155, 0.0139]), array([0.51072857, 0.01375476]), 0.7854, 1.0]
[1, array([0.5155, 0.0139]), array([0.51102381, 0.01375476]), 0.7854, 1.0]
[1, array([0.5155, 0.0139]), array([0.51131905, 0.01375476]), 0.7854, 1.0]
[1, array([0.5155, 0.0139]), array([0.51161429, 0.01375476]), 0.7854, 1.0]
[1, array([0.5155, 0.0139]), array([0.51190952, 0.01375476]), 0.7854, 1.0]
[1, array([0.5155, 0.0139]), array([0.51220476, 0.01375476]), 0.7854, 1.0]
[1, array([0.5155, 0.0139]), array([0.5125    , 0.01375476]), 0.7854, 1.0]
[1, array([0.5155, 0.0139]), array([0.5063 , 0.01405]), 0.7854, 1.0]
[1, array([0.5155, 0.0139]), array([0.50659524, 0.01405   ]), 0.7854, 1.0]
[1, array([0.5155, 0.0139]), array([0.50689048, 0.01405   ]), 0.7854, 1.0]
[1, array([0.5155, 0.0139]), array([0.50718571, 0.01405   ]), 0.7854, 1.0]
[1, array([0.5155, 0.0139]), array([0.50748095, 0.01405   ]), 0.7854, 1.0]
[1, array([0.5155, 0.0139]), array([0.50777619, 0.01405   ]), 0.7854, 1.0]
[1, array([0.5155, 0.0139]), array([0.50807143, 0.01405   ]), 0.7854, 1.0]
[1, array([0.5155, 0.0139]), array([0.50836667, 0.01405   ]), 0.7854, 1.0]
[1, array([0.5155, 0.0139]), array([0.5086619, 0.01405  ]), 0.7854, 1.0]
[1, array([0.5155, 0.0139]), array([0.50895714, 0.01405   ]), 0.7854, 1.0]
[1, array([0.5155, 0.0139]), array([0.50925238, 0.01405   ]), 0.7854, 1.0]
[1, array([0.5155, 0.0139]), array([0.50954762, 0.01405   ]), 0.7854, 1.0]
[1, array([0.5155, 0.0139]), array([0.50984286, 0.01405   ]), 0.7854, 1.0]
[1, array([0.5155, 0.0139]), array([0.5101381, 0.01405  ]), 0.7854, 1.0]
[1, array([0.5155, 0.0139]), array([0.51043333, 0.01405   ]), 0.7854, 1.0]
[1, array([0.5155, 0.0139]), array([0.51072857, 0.01405   ]), 0.7854, 1.0]
[1, array([0.5155, 0.0139]), array([0.51102381, 0.01405   ]), 0.7854, 1.0]
[1, array([0.5155, 0.0139]), array([0.51131905, 0.01405   ]), 0.7854, 1.0]
[1, array([0.5155, 0.0139]), array([0.51161429, 0.01405   ]), 0.7854, 1.0]
[1, array([0.5155, 0.0139]), array([0.51190952, 0.01405   ]), 0.7854, 1.0]
[1, array([0.5155, 0.0139]), array([0.51220476, 0.01405   ]), 0.7854, 1.0]
[1, array([0.5155, 0.0139]), array([0.5125 , 0.01405]), 0.7854, 1.0]
[0, array([0.5152, 0.0352]), array([0.5125, 0.0281]), 0.7854, 1.0]
[0, array([0.5152, 0.0352]), array([0.51264762, 0.0281    ]), 0.7854, 1.0]
[0, array([0.5152, 0.0352]), array([0.51279524, 0.0281    ]), 0.7854, 1.0]
[0, array([0.5152, 0.0352]), array([0.51294286, 0.0281    ]), 0.7854, 1.0]
[0, array([0.5152, 0.0352]), array([0.51309048, 0.0281    ]), 0.7854, 1.0]
[0, array([0.5152, 0.0352]), array([0.5132381, 0.0281   ]), 0.7854, 1.0]
[0, array([0.5152, 0.0352]), array([0.51338571, 0.0281    ]), 0.7854, 1.0]
[0, array([0.5152, 0.0352]), array([0.51353333, 0.0281    ]), 0.7854, 1.0]
[0, array([0.5152, 0.0352]), array([0.51368095, 0.0281    ]), 0.7854, 1.0]
[0, array([0.5152, 0.0352]), array([0.51382857, 0.0281    ]), 0.7854, 1.0]
[0, array([0.5152, 0.0352]), array([0.51397619, 0.0281    ]), 0.7854, 1.0]
[0, array([0.5152, 0.0352]), array([0.51412381, 0.0281    ]), 0.7854, 1.0]
[0, array([0.5152, 0.0352]), array([0.51427143, 0.0281    ]), 0.7854, 1.0]
[0, array([0.5152, 0.0352]), array([0.51441905, 0.0281    ]), 0.7854, 1.0]
[0, array([0.5152, 0.0352]), array([0.51456667, 0.0281    ]), 0.7854, 1.0]
[0, array([0.5152, 0.0352]), array([0.51471429, 0.0281    ]), 0.7854, 1.0]
[0, array([0.5152, 0.0352]), array([0.5148619, 0.0281   ]), 0.7854, 1.0]
[0, array([0.5152, 0.0352]), array([0.51500952, 0.0281    ]), 0.7854, 1.0]
[0, array([0.5152, 0.0352]), array([0.51515714, 0.0281    ]), 0.7854, 1.0]
[0, array([0.5152, 0.0352]), array([0.51530476, 0.0281    ]), 0.7854, 1.0]
[0, array([0.5152, 0.0352]), array([0.51545238, 0.0281    ]), 0.7854, 1.0]
[0, array([0.5152, 0.0352]), array([0.5156, 0.0281]), 0.7854, 1.0]
[0, array([0.5152, 0.0352]), array([0.5125    , 0.02824762]), 0.7854, 1.0]
[0, array([0.5152, 0.0352]), array([0.51264762, 0.02824762]), 0.7854, 1.0]
[0, array([0.5152, 0.0352]), array([0.51279524, 0.02824762]), 0.7854, 1.0]
[0, array([0.5152, 0.0352]), array([0.51294286, 0.02824762]), 0.7854, 1.0]
[0, array([0.5152, 0.0352]), array([0.51309048, 0.02824762]), 0.7854, 1.0]
[0, array([0.5152, 0.0352]), array([0.5132381 , 0.02824762]), 0.7854, 1.0]
[0, array([0.5152, 0.0352]), array([0.51338571, 0.02824762]), 0.7854, 1.0]
[0, array([0.5152, 0.0352]), array([0.51353333, 0.02824762]), 0.7854, 1.0]
[0, array([0.5152, 0.0352]), array([0.51368095, 0.02824762]), 0.7854, 1.0]
[0, array([0.5152, 0.0352]), array([0.51382857, 0.02824762]), 0.7854, 1.0]
[0, array([0.5152, 0.0352]), array([0.51397619, 0.02824762]), 0.7854, 1.0]
[0, array([0.5152, 0.0352]), array([0.51412381, 0.02824762]), 0.7854, 1.0]
[0, array([0.5152, 0.0352]), array([0.51427143, 0.02824762]), 0.7854, 1.0]
[0, array([0.5152, 0.0352]), array([0.51441905, 0.02824762]), 0.7854, 1.0]
[0, array([0.5152, 0.0352]), array([0.51456667, 0.02824762]), 0.7854, 1.0]
[0, array([0.5152, 0.0352]), array([0.51471429, 0.02824762]), 0.7854, 1.0]
[0, array([0.5152, 0.0352]), array([0.5148619 , 0.02824762]), 0.7854, 1.0]
[0, array([0.5152, 0.0352]), array([0.51500952, 0.02824762]), 0.7854, 1.0]
[0, array([0.5152, 0.0352]), array([0.51515714, 0.02824762]), 0.7854, 1.0]
[0, array([0.5152, 0.0352]), array([0.51530476, 0.02824762]), 0.7854, 1.0]
[0, array([0.5152, 0.0352]), array([0.51545238, 0.02824762]), 0.7854, 1.0]
[0, array([0.5152, 0.0352]), array([0.5156    , 0.02824762]), 0.7854, 1.0]
[0, array([0.5152, 0.0352]), array([0.5125    , 0.02839524]), 0.7854, 1.0]
[0, array([0.5152, 0.0352]), array([0.51264762, 0.02839524]), 0.7854, 1.0]
[0, array([0.5152, 0.0352]), array([0.51279524, 0.02839524]), 0.7854, 1.0]
[0, array([0.5152, 0.0352]), array([0.51294286, 0.02839524]), 0.7854, 1.0]
[0, array([0.5152, 0.0352]), array([0.51309048, 0.02839524]), 0.7854, 1.0]
[0, array([0.5152, 0.0352]), array([0.5132381 , 0.02839524]), 0.7854, 1.0]
[0, array([0.5152, 0.0352]), array([0.51338571, 0.02839524]), 0.7854, 1.0]
[0, array([0.5152, 0.0352]), array([0.51353333, 0.02839524]), 0.7854, 1.0]
[0, array([0.5152, 0.0352]), array([0.51368095, 0.02839524]), 0.7854, 1.0]
[0, array([0.5152, 0.0352]), array([0.51382857, 0.02839524]), 0.7854, 1.0]
[0, array([0.5152, 0.0352]), array([0.51397619, 0.02839524]), 0.7854, 1.0]
[0, array([0.5152, 0.0352]), array([0.51412381, 0.02839524]), 0.7854, 1.0]
[0, array([0.5152, 0.0352]), array([0.51427143, 0.02839524]), 0.7854, 1.0]
[0, array([0.5152, 0.0352]), array([0.51441905, 0.02839524]), 0.7854, 1.0]
[0, array([0.5152, 0.0352]), array([0.51456667, 0.02839524]), 0.7854, 1.0]
[0, array([0.5152, 0.0352]), array([0.51471429, 0.02839524]), 0.7854, 1.0]
[0, array([0.5152, 0.0352]), array([0.5148619 , 0.02839524]), 0.7854, 1.0]
[0, array([0.5152, 0.0352]), array([0.51500952, 0.02839524]), 0.7854, 1.0]
[0, array([0.5152, 0.0352]), array([0.51515714, 0.02839524]), 0.7854, 1.0]
[0, array([0.5152, 0.0352]), array([0.51530476, 0.02839524]), 0.7854, 1.0]
[0, array([0.5152, 0.0352]), array([0.51545238, 0.02839524]), 0.7854, 1.0]
[0, array([0.5152, 0.0352]), array([0.5156    , 0.02839524]), 0.7854, 1.0]
[0, array([0.5152, 0.0352]), array([0.5125    , 0.02854286]), 0.7854, 1.0]
[0, array([0.5152, 0.0352]), array([0.51264762, 0.02854286]), 0.7854, 1.0]
[0, array([0.5152, 0.0352]), array([0.51279524, 0.02854286]), 0.7854, 1.0]
[0, array([0.5152, 0.0352]), array([0.51294286, 0.02854286]), 0.7854, 1.0]
[0, array([0.5152, 0.0352]), array([0.51309048, 0.02854286]), 0.7854, 1.0]
[0, array([0.5152, 0.0352]), array([0.5132381 , 0.02854286]), 0.7854, 1.0]
[0, array([0.5152, 0.0352]), array([0.51338571, 0.02854286]), 0.7854, 1.0]
[0, array([0.5152, 0.0352]), array([0.51353333, 0.02854286]), 0.7854, 1.0]
[0, array([0.5152, 0.0352]), array([0.51368095, 0.02854286]), 0.7854, 1.0]
[0, array([0.5152, 0.0352]), array([0.51382857, 0.02854286]), 0.7854, 1.0]
[0, array([0.5152, 0.0352]), array([0.51397619, 0.02854286]), 0.7854, 1.0]
[0, array([0.5152, 0.0352]), array([0.51412381, 0.02854286]), 0.7854, 1.0]
[0, array([0.5152, 0.0352]), array([0.51427143, 0.02854286]), 0.7854, 1.0]
[0, array([0.5152, 0.0352]), array([0.51441905, 0.02854286]), 0.7854, 1.0]
[0, array([0.5152, 0.0352]), array([0.51456667, 0.02854286]), 0.7854, 1.0]
[0, array([0.5152, 0.0352]), array([0.51471429, 0.02854286]), 0.7854, 1.0]
[0, array([0.5152, 0.0352]), array([0.5148619 , 0.02854286]), 0.7854, 1.0]
[0, array([0.5152, 0.0352]), array([0.51500952, 0.02854286]), 0.7854, 1.0]
[0, array([0.5152, 0.0352]), array([0.51515714, 0.02854286]), 0.7854, 1.0]
[0, array([0.5152, 0.0352]), array([0.51530476, 0.02854286]), 0.7854, 1.0]
[0, array([0.5152, 0.0352]), array([0.51545238, 0.02854286]), 0.7854, 1.0]
[0, array([0.5152, 0.0352]), array([0.5156    , 0.02854286]), 0.7854, 1.0]
[0, array([0.5152, 0.0352]), array([0.5125    , 0.02869048]), 0.7854, 1.0]
[0, array([0.5152, 0.0352]), array([0.51264762, 0.02869048]), 0.7854, 1.0]
[0, array([0.5152, 0.0352]), array([0.51279524, 0.02869048]), 0.7854, 1.0]
[0, array([0.5152, 0.0352]), array([0.51294286, 0.02869048]), 0.7854, 1.0]
[0, array([0.5152, 0.0352]), array([0.51309048, 0.02869048]), 0.7854, 1.0]
[0, array([0.5152, 0.0352]), array([0.5132381 , 0.02869048]), 0.7854, 1.0]
[0, array([0.5152, 0.0352]), array([0.51338571, 0.02869048]), 0.7854, 1.0]
[0, array([0.5152, 0.0352]), array([0.51353333, 0.02869048]), 0.7854, 1.0]
[0, array([0.5152, 0.0352]), array([0.51368095, 0.02869048]), 0.7854, 1.0]
[0, array([0.5152, 0.0352]), array([0.51382857, 0.02869048]), 0.7854, 1.0]
[0, array([0.5152, 0.0352]), array([0.51397619, 0.02869048]), 0.7854, 1.0]
[0, array([0.5152, 0.0352]), array([0.51412381, 0.02869048]), 0.7854, 1.0]
[0, array([0.5152, 0.0352]), array([0.51427143, 0.02869048]), 0.7854, 1.0]
[0, array([0.5152, 0.0352]), array([0.51441905, 0.02869048]), 0.7854, 1.0]
[0, array([0.5152, 0.0352]), array([0.51456667, 0.02869048]), 0.7854, 1.0]
[0, array([0.5152, 0.0352]), array([0.51471429, 0.02869048]), 0.7854, 1.0]
[0, array([0.5152, 0.0352]), array([0.5148619 , 0.02869048]), 0.7854, 1.0]
[0, array([0.5152, 0.0352]), array([0.51500952, 0.02869048]), 0.7854, 1.0]
[0, array([0.5152, 0.0352]), array([0.51515714, 0.02869048]), 0.7854, 1.0]
[0, array([0.5152, 0.0352]), array([0.51530476, 0.02869048]), 0.7854, 1.0]
[0, array([0.5152, 0.0352]), array([0.51545238, 0.02869048]), 0.7854, 1.0]
[0, array([0.5152, 0.0352]), array([0.5156    , 0.02869048]), 0.7854, 1.0]
[0, array([0.5152, 0.0352]), array([0.5125   , 0.0288381]), 0.7854, 1.0]
[0, array([0.5152, 0.0352]), array([0.51264762, 0.0288381 ]), 0.7854, 1.0]
[0, array([0.5152, 0.0352]), array([0.51279524, 0.0288381 ]), 0.7854, 1.0]
[0, array([0.5152, 0.0352]), array([0.51294286, 0.0288381 ]), 0.7854, 1.0]
[0, array([0.5152, 0.0352]), array([0.51309048, 0.0288381 ]), 0.7854, 1.0]
[0, array([0.5152, 0.0352]), array([0.5132381, 0.0288381]), 0.7854, 1.0]
[0, array([0.5152, 0.0352]), array([0.51338571, 0.0288381 ]), 0.7854, 1.0]
[0, array([0.5152, 0.0352]), array([0.51353333, 0.0288381 ]), 0.7854, 1.0]
[0, array([0.5152, 0.0352]), array([0.51368095, 0.0288381 ]), 0.7854, 1.0]
[0, array([0.5152, 0.0352]), array([0.51382857, 0.0288381 ]), 0.7854, 1.0]
[0, array([0.5152, 0.0352]), array([0.51397619, 0.0288381 ]), 0.7854, 1.0]
[0, array([0.5152, 0.0352]), array([0.51412381, 0.0288381 ]), 0.7854, 1.0]
[0, array([0.5152, 0.0352]), array([0.51427143, 0.0288381 ]), 0.7854, 1.0]
[0, array([0.5152, 0.0352]), array([0.51441905, 0.0288381 ]), 0.7854, 1.0]
[0, array([0.5152, 0.0352]), array([0.51456667, 0.0288381 ]), 0.7854, 1.0]
[0, array([0.5152, 0.0352]), array([0.51471429, 0.0288381 ]), 0.7854, 1.0]
[0, array([0.5152, 0.0352]), array([0.5148619, 0.0288381]), 0.7854, 1.0]
[0, array([0.5152, 0.0352]), array([0.51500952, 0.0288381 ]), 0.7854, 1.0]
[0, array([0.5152, 0.0352]), array([0.51515714, 0.0288381 ]), 0.7854, 1.0]
[0, array([0.5152, 0.0352]), array([0.51530476, 0.0288381 ]), 0.7854, 1.0]
[0, array([0.5152, 0.0352]), array([0.51545238, 0.0288381 ]), 0.7854, 1.0]
[0, array([0.5152, 0.0352]), array([0.5156   , 0.0288381]), 0.7854, 1.0]
[0, array([0.5152, 0.0352]), array([0.5125    , 0.02898571]), 0.7854, 1.0]
[0, array([0.5152, 0.0352]), array([0.51264762, 0.02898571]), 0.7854, 1.0]
[0, array([0.5152, 0.0352]), array([0.51279524, 0.02898571]), 0.7854, 1.0]
[0, array([0.5152, 0.0352]), array([0.51294286, 0.02898571]), 0.7854, 1.0]
[0, array([0.5152, 0.0352]), array([0.51309048, 0.02898571]), 0.7854, 1.0]
[0, array([0.5152, 0.0352]), array([0.5132381 , 0.02898571]), 0.7854, 1.0]
[0, array([0.5152, 0.0352]), array([0.51338571, 0.02898571]), 0.7854, 1.0]
[0, array([0.5152, 0.0352]), array([0.51353333, 0.02898571]), 0.7854, 1.0]
[0, array([0.5152, 0.0352]), array([0.51368095, 0.02898571]), 0.7854, 1.0]
[0, array([0.5152, 0.0352]), array([0.51382857, 0.02898571]), 0.7854, 1.0]
[0, array([0.5152, 0.0352]), array([0.51397619, 0.02898571]), 0.7854, 1.0]
[0, array([0.5152, 0.0352]), array([0.51412381, 0.02898571]), 0.7854, 1.0]
[0, array([0.5152, 0.0352]), array([0.51427143, 0.02898571]), 0.7854, 1.0]
[0, array([0.5152, 0.0352]), array([0.51441905, 0.02898571]), 0.7854, 1.0]
[0, array([0.5152, 0.0352]), array([0.51456667, 0.02898571]), 0.7854, 1.0]
[0, array([0.5152, 0.0352]), array([0.51471429, 0.02898571]), 0.7854, 1.0]
[0, array([0.5152, 0.0352]), array([0.5148619 , 0.02898571]), 0.7854, 1.0]
[0, array([0.5152, 0.0352]), array([0.51500952, 0.02898571]), 0.7854, 1.0]
[0, array([0.5152, 0.0352]), array([0.51515714, 0.02898571]), 0.7854, 1.0]
[0, array([0.5152, 0.0352]), array([0.51530476, 0.02898571]), 0.7854, 1.0]
[0, array([0.5152, 0.0352]), array([0.51545238, 0.02898571]), 0.7854, 1.0]
[0, array([0.5152, 0.0352]), array([0.5156    , 0.02898571]), 0.7854, 1.0]
[0, array([0.5152, 0.0352]), array([0.5125    , 0.02913333]), 0.7854, 1.0]
[0, array([0.5152, 0.0352]), array([0.51264762, 0.02913333]), 0.7854, 1.0]
[0, array([0.5152, 0.0352]), array([0.51279524, 0.02913333]), 0.7854, 1.0]
[0, array([0.5152, 0.0352]), array([0.51294286, 0.02913333]), 0.7854, 1.0]
[0, array([0.5152, 0.0352]), array([0.51309048, 0.02913333]), 0.7854, 1.0]
[0, array([0.5152, 0.0352]), array([0.5132381 , 0.02913333]), 0.7854, 1.0]
[0, array([0.5152, 0.0352]), array([0.51338571, 0.02913333]), 0.7854, 1.0]
[0, array([0.5152, 0.0352]), array([0.51353333, 0.02913333]), 0.7854, 1.0]
[0, array([0.5152, 0.0352]), array([0.51368095, 0.02913333]), 0.7854, 1.0]
[0, array([0.5152, 0.0352]), array([0.51382857, 0.02913333]), 0.7854, 1.0]
[0, array([0.5152, 0.0352]), array([0.51397619, 0.02913333]), 0.7854, 1.0]
[0, array([0.5152, 0.0352]), array([0.51412381, 0.02913333]), 0.7854, 1.0]
[0, array([0.5152, 0.0352]), array([0.51427143, 0.02913333]), 0.7854, 1.0]
[0, array([0.5152, 0.0352]), array([0.51441905, 0.02913333]), 0.7854, 1.0]
[0, array([0.5152, 0.0352]), array([0.51456667, 0.02913333]), 0.7854, 1.0]
[0, array([0.5152, 0.0352]), array([0.51471429, 0.02913333]), 0.7854, 1.0]
[0, array([0.5152, 0.0352]), array([0.5148619 , 0.02913333]), 0.7854, 1.0]
[0, array([0.5152, 0.0352]), array([0.51500952, 0.02913333]), 0.7854, 1.0]
[0, array([0.5152, 0.0352]), array([0.51515714, 0.02913333]), 0.7854, 1.0]
[0, array([0.5152, 0.0352]), array([0.51530476, 0.02913333]), 0.7854, 1.0]
[0, array([0.5152, 0.0352]), array([0.51545238, 0.02913333]), 0.7854, 1.0]
[0, array([0.5152, 0.0352]), array([0.5156    , 0.02913333]), 0.7854, 1.0]
[0, array([0.5152, 0.0352]), array([0.5125    , 0.02928095]), 0.7854, 1.0]
[0, array([0.5152, 0.0352]), array([0.51264762, 0.02928095]), 0.7854, 1.0]
[0, array([0.5152, 0.0352]), array([0.51279524, 0.02928095]), 0.7854, 1.0]
[0, array([0.5152, 0.0352]), array([0.51294286, 0.02928095]), 0.7854, 1.0]
[0, array([0.5152, 0.0352]), array([0.51309048, 0.02928095]), 0.7854, 1.0]
[0, array([0.5152, 0.0352]), array([0.5132381 , 0.02928095]), 0.7854, 1.0]
[0, array([0.5152, 0.0352]), array([0.51338571, 0.02928095]), 0.7854, 1.0]
[0, array([0.5152, 0.0352]), array([0.51353333, 0.02928095]), 0.7854, 1.0]
[0, array([0.5152, 0.0352]), array([0.51368095, 0.02928095]), 0.7854, 1.0]
[0, array([0.5152, 0.0352]), array([0.51382857, 0.02928095]), 0.7854, 1.0]
[0, array([0.5152, 0.0352]), array([0.51397619, 0.02928095]), 0.7854, 1.0]
[0, array([0.5152, 0.0352]), array([0.51412381, 0.02928095]), 0.7854, 1.0]
[0, array([0.5152, 0.0352]), array([0.51427143, 0.02928095]), 0.7854, 1.0]
[0, array([0.5152, 0.0352]), array([0.51441905, 0.02928095]), 0.7854, 1.0]
[0, array([0.5152, 0.0352]), array([0.51456667, 0.02928095]), 0.7854, 1.0]
[0, array([0.5152, 0.0352]), array([0.51471429, 0.02928095]), 0.7854, 1.0]
[0, array([0.5152, 0.0352]), array([0.5148619 , 0.02928095]), 0.7854, 1.0]
[0, array([0.5152, 0.0352]), array([0.51500952, 0.02928095]), 0.7854, 1.0]
[0, array([0.5152, 0.0352]), array([0.51515714, 0.02928095]), 0.7854, 1.0]
[0, array([0.5152, 0.0352]), array([0.51530476, 0.02928095]), 0.7854, 1.0]
[0, array([0.5152, 0.0352]), array([0.51545238, 0.02928095]), 0.7854, 1.0]
[0, array([0.5152, 0.0352]), array([0.5156    , 0.02928095]), 0.7854, 1.0]
[0, array([0.5152, 0.0352]), array([0.5125    , 0.02942857]), 0.7854, 1.0]
[0, array([0.5152, 0.0352]), array([0.51264762, 0.02942857]), 0.7854, 1.0]
[0, array([0.5152, 0.0352]), array([0.51279524, 0.02942857]), 0.7854, 1.0]
[0, array([0.5152, 0.0352]), array([0.51294286, 0.02942857]), 0.7854, 1.0]
[0, array([0.5152, 0.0352]), array([0.51309048, 0.02942857]), 0.7854, 1.0]
[0, array([0.5152, 0.0352]), array([0.5132381 , 0.02942857]), 0.7854, 1.0]
[0, array([0.5152, 0.0352]), array([0.51338571, 0.02942857]), 0.7854, 1.0]
[0, array([0.5152, 0.0352]), array([0.51353333, 0.02942857]), 0.7854, 1.0]
[0, array([0.5152, 0.0352]), array([0.51368095, 0.02942857]), 0.7854, 1.0]
[0, array([0.5152, 0.0352]), array([0.51382857, 0.02942857]), 0.7854, 1.0]
[0, array([0.5152, 0.0352]), array([0.51397619, 0.02942857]), 0.7854, 1.0]
[0, array([0.5152, 0.0352]), array([0.51412381, 0.02942857]), 0.7854, 1.0]
[0, array([0.5152, 0.0352]), array([0.51427143, 0.02942857]), 0.7854, 1.0]
[0, array([0.5152, 0.0352]), array([0.51441905, 0.02942857]), 0.7854, 1.0]
[0, array([0.5152, 0.0352]), array([0.51456667, 0.02942857]), 0.7854, 1.0]
[0, array([0.5152, 0.0352]), array([0.51471429, 0.02942857]), 0.7854, 1.0]
[0, array([0.5152, 0.0352]), array([0.5148619 , 0.02942857]), 0.7854, 1.0]
[0, array([0.5152, 0.0352]), array([0.51500952, 0.02942857]), 0.7854, 1.0]
[0, array([0.5152, 0.0352]), array([0.51515714, 0.02942857]), 0.7854, 1.0]
[0, array([0.5152, 0.0352]), array([0.51530476, 0.02942857]), 0.7854, 1.0]
[0, array([0.5152, 0.0352]), array([0.51545238, 0.02942857]), 0.7854, 1.0]
[0, array([0.5152, 0.0352]), array([0.5156    , 0.02942857]), 0.7854, 1.0]
[0, array([0.5152, 0.0352]), array([0.5125    , 0.02957619]), 0.7854, 1.0]
[0, array([0.5152, 0.0352]), array([0.51264762, 0.02957619]), 0.7854, 1.0]
[0, array([0.5152, 0.0352]), array([0.51279524, 0.02957619]), 0.7854, 1.0]
[0, array([0.5152, 0.0352]), array([0.51294286, 0.02957619]), 0.7854, 1.0]
[0, array([0.5152, 0.0352]), array([0.51309048, 0.02957619]), 0.7854, 1.0]
[0, array([0.5152, 0.0352]), array([0.5132381 , 0.02957619]), 0.7854, 1.0]
[0, array([0.5152, 0.0352]), array([0.51338571, 0.02957619]), 0.7854, 1.0]
[0, array([0.5152, 0.0352]), array([0.51353333, 0.02957619]), 0.7854, 1.0]
[0, array([0.5152, 0.0352]), array([0.51368095, 0.02957619]), 0.7854, 1.0]
[0, array([0.5152, 0.0352]), array([0.51382857, 0.02957619]), 0.7854, 1.0]
[0, array([0.5152, 0.0352]), array([0.51397619, 0.02957619]), 0.7854, 1.0]
[0, array([0.5152, 0.0352]), array([0.51412381, 0.02957619]), 0.7854, 1.0]
[0, array([0.5152, 0.0352]), array([0.51427143, 0.02957619]), 0.7854, 1.0]
[0, array([0.5152, 0.0352]), array([0.51441905, 0.02957619]), 0.7854, 1.0]
[0, array([0.5152, 0.0352]), array([0.51456667, 0.02957619]), 0.7854, 1.0]
[0, array([0.5152, 0.0352]), array([0.51471429, 0.02957619]), 0.7854, 1.0]
[0, array([0.5152, 0.0352]), array([0.5148619 , 0.02957619]), 0.7854, 1.0]
[0, array([0.5152, 0.0352]), array([0.51500952, 0.02957619]), 0.7854, 1.0]
[0, array([0.5152, 0.0352]), array([0.51515714, 0.02957619]), 0.7854, 1.0]
[0, array([0.5152, 0.0352]), array([0.51530476, 0.02957619]), 0.7854, 1.0]
[0, array([0.5152, 0.0352]), array([0.51545238, 0.02957619]), 0.7854, 1.0]
[0, array([0.5152, 0.0352]), array([0.5156    , 0.02957619]), 0.7854, 1.0]
[0, array([0.5152, 0.0352]), array([0.5125    , 0.02972381]), 0.7854, 1.0]
[0, array([0.5152, 0.0352]), array([0.51264762, 0.02972381]), 0.7854, 1.0]
[0, array([0.5152, 0.0352]), array([0.51279524, 0.02972381]), 0.7854, 1.0]
[0, array([0.5152, 0.0352]), array([0.51294286, 0.02972381]), 0.7854, 1.0]
[0, array([0.5152, 0.0352]), array([0.51309048, 0.02972381]), 0.7854, 1.0]
[0, array([0.5152, 0.0352]), array([0.5132381 , 0.02972381]), 0.7854, 1.0]
[0, array([0.5152, 0.0352]), array([0.51338571, 0.02972381]), 0.7854, 1.0]
[0, array([0.5152, 0.0352]), array([0.51353333, 0.02972381]), 0.7854, 1.0]
[0, array([0.5152, 0.0352]), array([0.51368095, 0.02972381]), 0.7854, 1.0]
[0, array([0.5152, 0.0352]), array([0.51382857, 0.02972381]), 0.7854, 1.0]
[0, array([0.5152, 0.0352]), array([0.51397619, 0.02972381]), 0.7854, 1.0]
[0, array([0.5152, 0.0352]), array([0.51412381, 0.02972381]), 0.7854, 1.0]
[0, array([0.5152, 0.0352]), array([0.51427143, 0.02972381]), 0.7854, 1.0]
[0, array([0.5152, 0.0352]), array([0.51441905, 0.02972381]), 0.7854, 1.0]
[0, array([0.5152, 0.0352]), array([0.51456667, 0.02972381]), 0.7854, 1.0]
[0, array([0.5152, 0.0352]), array([0.51471429, 0.02972381]), 0.7854, 1.0]
[0, array([0.5152, 0.0352]), array([0.5148619 , 0.02972381]), 0.7854, 1.0]
[0, array([0.5152, 0.0352]), array([0.51500952, 0.02972381]), 0.7854, 1.0]
[0, array([0.5152, 0.0352]), array([0.51515714, 0.02972381]), 0.7854, 1.0]
[0, array([0.5152, 0.0352]), array([0.51530476, 0.02972381]), 0.7854, 1.0]
[0, array([0.5152, 0.0352]), array([0.51545238, 0.02972381]), 0.7854, 1.0]
[0, array([0.5152, 0.0352]), array([0.5156    , 0.02972381]), 0.7854, 1.0]
[0, array([0.5152, 0.0352]), array([0.5125    , 0.02987143]), 0.7854, 1.0]
[0, array([0.5152, 0.0352]), array([0.51264762, 0.02987143]), 0.7854, 1.0]
[0, array([0.5152, 0.0352]), array([0.51279524, 0.02987143]), 0.7854, 1.0]
[0, array([0.5152, 0.0352]), array([0.51294286, 0.02987143]), 0.7854, 1.0]
[0, array([0.5152, 0.0352]), array([0.51309048, 0.02987143]), 0.7854, 1.0]
[0, array([0.5152, 0.0352]), array([0.5132381 , 0.02987143]), 0.7854, 1.0]
[0, array([0.5152, 0.0352]), array([0.51338571, 0.02987143]), 0.7854, 1.0]
[0, array([0.5152, 0.0352]), array([0.51353333, 0.02987143]), 0.7854, 1.0]
[0, array([0.5152, 0.0352]), array([0.51368095, 0.02987143]), 0.7854, 1.0]
[0, array([0.5152, 0.0352]), array([0.51382857, 0.02987143]), 0.7854, 1.0]
[0, array([0.5152, 0.0352]), array([0.51397619, 0.02987143]), 0.7854, 1.0]
[0, array([0.5152, 0.0352]), array([0.51412381, 0.02987143]), 0.7854, 1.0]
[0, array([0.5152, 0.0352]), array([0.51427143, 0.02987143]), 0.7854, 1.0]
[0, array([0.5152, 0.0352]), array([0.51441905, 0.02987143]), 0.7854, 1.0]
[0, array([0.5152, 0.0352]), array([0.51456667, 0.02987143]), 0.7854, 1.0]
[0, array([0.5152, 0.0352]), array([0.51471429, 0.02987143]), 0.7854, 1.0]
[0, array([0.5152, 0.0352]), array([0.5148619 , 0.02987143]), 0.7854, 1.0]
[0, array([0.5152, 0.0352]), array([0.51500952, 0.02987143]), 0.7854, 1.0]
[0, array([0.5152, 0.0352]), array([0.51515714, 0.02987143]), 0.7854, 1.0]
[0, array([0.5152, 0.0352]), array([0.51530476, 0.02987143]), 0.7854, 1.0]
[0, array([0.5152, 0.0352]), array([0.51545238, 0.02987143]), 0.7854, 1.0]
[0, array([0.5152, 0.0352]), array([0.5156    , 0.02987143]), 0.7854, 1.0]
[0, array([0.5152, 0.0352]), array([0.5125    , 0.03001905]), 0.7854, 1.0]
[0, array([0.5152, 0.0352]), array([0.51264762, 0.03001905]), 0.7854, 1.0]
[0, array([0.5152, 0.0352]), array([0.51279524, 0.03001905]), 0.7854, 1.0]
[0, array([0.5152, 0.0352]), array([0.51294286, 0.03001905]), 0.7854, 1.0]
[0, array([0.5152, 0.0352]), array([0.51309048, 0.03001905]), 0.7854, 1.0]
[0, array([0.5152, 0.0352]), array([0.5132381 , 0.03001905]), 0.7854, 1.0]
[0, array([0.5152, 0.0352]), array([0.51338571, 0.03001905]), 0.7854, 1.0]
[0, array([0.5152, 0.0352]), array([0.51353333, 0.03001905]), 0.7854, 1.0]
[0, array([0.5152, 0.0352]), array([0.51368095, 0.03001905]), 0.7854, 1.0]
[0, array([0.5152, 0.0352]), array([0.51382857, 0.03001905]), 0.7854, 1.0]
[0, array([0.5152, 0.0352]), array([0.51397619, 0.03001905]), 0.7854, 1.0]
[0, array([0.5152, 0.0352]), array([0.51412381, 0.03001905]), 0.7854, 1.0]
[0, array([0.5152, 0.0352]), array([0.51427143, 0.03001905]), 0.7854, 1.0]
[0, array([0.5152, 0.0352]), array([0.51441905, 0.03001905]), 0.7854, 1.0]
[0, array([0.5152, 0.0352]), array([0.51456667, 0.03001905]), 0.7854, 1.0]
[0, array([0.5152, 0.0352]), array([0.51471429, 0.03001905]), 0.7854, 1.0]
[0, array([0.5152, 0.0352]), array([0.5148619 , 0.03001905]), 0.7854, 1.0]
[0, array([0.5152, 0.0352]), array([0.51500952, 0.03001905]), 0.7854, 1.0]
[0, array([0.5152, 0.0352]), array([0.51515714, 0.03001905]), 0.7854, 1.0]
[0, array([0.5152, 0.0352]), array([0.51530476, 0.03001905]), 0.7854, 1.0]
[0, array([0.5152, 0.0352]), array([0.51545238, 0.03001905]), 0.7854, 1.0]
[0, array([0.5152, 0.0352]), array([0.5156    , 0.03001905]), 0.7854, 1.0]
[0, array([0.5152, 0.0352]), array([0.5125    , 0.03016667]), 0.7854, 1.0]
[0, array([0.5152, 0.0352]), array([0.51264762, 0.03016667]), 0.7854, 1.0]
[0, array([0.5152, 0.0352]), array([0.51279524, 0.03016667]), 0.7854, 1.0]
[0, array([0.5152, 0.0352]), array([0.51294286, 0.03016667]), 0.7854, 1.0]
[0, array([0.5152, 0.0352]), array([0.51309048, 0.03016667]), 0.7854, 1.0]
[0, array([0.5152, 0.0352]), array([0.5132381 , 0.03016667]), 0.7854, 1.0]
[0, array([0.5152, 0.0352]), array([0.51338571, 0.03016667]), 0.7854, 1.0]
[0, array([0.5152, 0.0352]), array([0.51353333, 0.03016667]), 0.7854, 1.0]
[0, array([0.5152, 0.0352]), array([0.51368095, 0.03016667]), 0.7854, 1.0]
[0, array([0.5152, 0.0352]), array([0.51382857, 0.03016667]), 0.7854, 1.0]
[0, array([0.5152, 0.0352]), array([0.51397619, 0.03016667]), 0.7854, 1.0]
[0, array([0.5152, 0.0352]), array([0.51412381, 0.03016667]), 0.7854, 1.0]
[0, array([0.5152, 0.0352]), array([0.51427143, 0.03016667]), 0.7854, 1.0]
[0, array([0.5152, 0.0352]), array([0.51441905, 0.03016667]), 0.7854, 1.0]
[0, array([0.5152, 0.0352]), array([0.51456667, 0.03016667]), 0.7854, 1.0]
[0, array([0.5152, 0.0352]), array([0.51471429, 0.03016667]), 0.7854, 1.0]
[0, array([0.5152, 0.0352]), array([0.5148619 , 0.03016667]), 0.7854, 1.0]
[0, array([0.5152, 0.0352]), array([0.51500952, 0.03016667]), 0.7854, 1.0]
[0, array([0.5152, 0.0352]), array([0.51515714, 0.03016667]), 0.7854, 1.0]
[0, array([0.5152, 0.0352]), array([0.51530476, 0.03016667]), 0.7854, 1.0]
[0, array([0.5152, 0.0352]), array([0.51545238, 0.03016667]), 0.7854, 1.0]
[0, array([0.5152, 0.0352]), array([0.5156    , 0.03016667]), 0.7854, 1.0]
[0, array([0.5152, 0.0352]), array([0.5125    , 0.03031429]), 0.7854, 1.0]
[0, array([0.5152, 0.0352]), array([0.51264762, 0.03031429]), 0.7854, 1.0]
[0, array([0.5152, 0.0352]), array([0.51279524, 0.03031429]), 0.7854, 1.0]
[0, array([0.5152, 0.0352]), array([0.51294286, 0.03031429]), 0.7854, 1.0]
[0, array([0.5152, 0.0352]), array([0.51309048, 0.03031429]), 0.7854, 1.0]
[0, array([0.5152, 0.0352]), array([0.5132381 , 0.03031429]), 0.7854, 1.0]
[0, array([0.5152, 0.0352]), array([0.51338571, 0.03031429]), 0.7854, 1.0]
[0, array([0.5152, 0.0352]), array([0.51353333, 0.03031429]), 0.7854, 1.0]
[0, array([0.5152, 0.0352]), array([0.51368095, 0.03031429]), 0.7854, 1.0]
[0, array([0.5152, 0.0352]), array([0.51382857, 0.03031429]), 0.7854, 1.0]
[0, array([0.5152, 0.0352]), array([0.51397619, 0.03031429]), 0.7854, 1.0]
[0, array([0.5152, 0.0352]), array([0.51412381, 0.03031429]), 0.7854, 1.0]
[0, array([0.5152, 0.0352]), array([0.51427143, 0.03031429]), 0.7854, 1.0]
[0, array([0.5152, 0.0352]), array([0.51441905, 0.03031429]), 0.7854, 1.0]
[0, array([0.5152, 0.0352]), array([0.51456667, 0.03031429]), 0.7854, 1.0]
[0, array([0.5152, 0.0352]), array([0.51471429, 0.03031429]), 0.7854, 1.0]
[0, array([0.5152, 0.0352]), array([0.5148619 , 0.03031429]), 0.7854, 1.0]
[0, array([0.5152, 0.0352]), array([0.51500952, 0.03031429]), 0.7854, 1.0]
[0, array([0.5152, 0.0352]), array([0.51515714, 0.03031429]), 0.7854, 1.0]
[0, array([0.5152, 0.0352]), array([0.51530476, 0.03031429]), 0.7854, 1.0]
[0, array([0.5152, 0.0352]), array([0.51545238, 0.03031429]), 0.7854, 1.0]
[0, array([0.5152, 0.0352]), array([0.5156    , 0.03031429]), 0.7854, 1.0]
[0, array([0.5152, 0.0352]), array([0.5125   , 0.0304619]), 0.7854, 1.0]
[0, array([0.5152, 0.0352]), array([0.51264762, 0.0304619 ]), 0.7854, 1.0]
[0, array([0.5152, 0.0352]), array([0.51279524, 0.0304619 ]), 0.7854, 1.0]
[0, array([0.5152, 0.0352]), array([0.51294286, 0.0304619 ]), 0.7854, 1.0]
[0, array([0.5152, 0.0352]), array([0.51309048, 0.0304619 ]), 0.7854, 1.0]
[0, array([0.5152, 0.0352]), array([0.5132381, 0.0304619]), 0.7854, 1.0]
[0, array([0.5152, 0.0352]), array([0.51338571, 0.0304619 ]), 0.7854, 1.0]
[0, array([0.5152, 0.0352]), array([0.51353333, 0.0304619 ]), 0.7854, 1.0]
[0, array([0.5152, 0.0352]), array([0.51368095, 0.0304619 ]), 0.7854, 1.0]
[0, array([0.5152, 0.0352]), array([0.51382857, 0.0304619 ]), 0.7854, 1.0]
[0, array([0.5152, 0.0352]), array([0.51397619, 0.0304619 ]), 0.7854, 1.0]
[0, array([0.5152, 0.0352]), array([0.51412381, 0.0304619 ]), 0.7854, 1.0]
[0, array([0.5152, 0.0352]), array([0.51427143, 0.0304619 ]), 0.7854, 1.0]
[0, array([0.5152, 0.0352]), array([0.51441905, 0.0304619 ]), 0.7854, 1.0]
[0, array([0.5152, 0.0352]), array([0.51456667, 0.0304619 ]), 0.7854, 1.0]
[0, array([0.5152, 0.0352]), array([0.51471429, 0.0304619 ]), 0.7854, 1.0]
[0, array([0.5152, 0.0352]), array([0.5148619, 0.0304619]), 0.7854, 1.0]
[0, array([0.5152, 0.0352]), array([0.51500952, 0.0304619 ]), 0.7854, 1.0]
[0, array([0.5152, 0.0352]), array([0.51515714, 0.0304619 ]), 0.7854, 1.0]
[0, array([0.5152, 0.0352]), array([0.51530476, 0.0304619 ]), 0.7854, 1.0]
[0, array([0.5152, 0.0352]), array([0.51545238, 0.0304619 ]), 0.7854, 1.0]
[0, array([0.5152, 0.0352]), array([0.5156   , 0.0304619]), 0.7854, 1.0]
[0, array([0.5152, 0.0352]), array([0.5125    , 0.03060952]), 0.7854, 1.0]
[0, array([0.5152, 0.0352]), array([0.51264762, 0.03060952]), 0.7854, 1.0]
[0, array([0.5152, 0.0352]), array([0.51279524, 0.03060952]), 0.7854, 1.0]
[0, array([0.5152, 0.0352]), array([0.51294286, 0.03060952]), 0.7854, 1.0]
[0, array([0.5152, 0.0352]), array([0.51309048, 0.03060952]), 0.7854, 1.0]
[0, array([0.5152, 0.0352]), array([0.5132381 , 0.03060952]), 0.7854, 1.0]
[0, array([0.5152, 0.0352]), array([0.51338571, 0.03060952]), 0.7854, 1.0]
[0, array([0.5152, 0.0352]), array([0.51353333, 0.03060952]), 0.7854, 1.0]
[0, array([0.5152, 0.0352]), array([0.51368095, 0.03060952]), 0.7854, 1.0]
[0, array([0.5152, 0.0352]), array([0.51382857, 0.03060952]), 0.7854, 1.0]
[0, array([0.5152, 0.0352]), array([0.51397619, 0.03060952]), 0.7854, 1.0]
[0, array([0.5152, 0.0352]), array([0.51412381, 0.03060952]), 0.7854, 1.0]
[0, array([0.5152, 0.0352]), array([0.51427143, 0.03060952]), 0.7854, 1.0]
[0, array([0.5152, 0.0352]), array([0.51441905, 0.03060952]), 0.7854, 1.0]
[0, array([0.5152, 0.0352]), array([0.51456667, 0.03060952]), 0.7854, 1.0]
[0, array([0.5152, 0.0352]), array([0.51471429, 0.03060952]), 0.7854, 1.0]
[0, array([0.5152, 0.0352]), array([0.5148619 , 0.03060952]), 0.7854, 1.0]
[0, array([0.5152, 0.0352]), array([0.51500952, 0.03060952]), 0.7854, 1.0]
[0, array([0.5152, 0.0352]), array([0.51515714, 0.03060952]), 0.7854, 1.0]
[0, array([0.5152, 0.0352]), array([0.51530476, 0.03060952]), 0.7854, 1.0]
[0, array([0.5152, 0.0352]), array([0.51545238, 0.03060952]), 0.7854, 1.0]
[0, array([0.5152, 0.0352]), array([0.5156    , 0.03060952]), 0.7854, 1.0]
[0, array([0.5152, 0.0352]), array([0.5125    , 0.03075714]), 0.7854, 1.0]
[0, array([0.5152, 0.0352]), array([0.51264762, 0.03075714]), 0.7854, 1.0]
[0, array([0.5152, 0.0352]), array([0.51279524, 0.03075714]), 0.7854, 1.0]
[0, array([0.5152, 0.0352]), array([0.51294286, 0.03075714]), 0.7854, 1.0]
[0, array([0.5152, 0.0352]), array([0.51309048, 0.03075714]), 0.7854, 1.0]
[0, array([0.5152, 0.0352]), array([0.5132381 , 0.03075714]), 0.7854, 1.0]
[0, array([0.5152, 0.0352]), array([0.51338571, 0.03075714]), 0.7854, 1.0]
[0, array([0.5152, 0.0352]), array([0.51353333, 0.03075714]), 0.7854, 1.0]
[0, array([0.5152, 0.0352]), array([0.51368095, 0.03075714]), 0.7854, 1.0]
[0, array([0.5152, 0.0352]), array([0.51382857, 0.03075714]), 0.7854, 1.0]
[0, array([0.5152, 0.0352]), array([0.51397619, 0.03075714]), 0.7854, 1.0]
[0, array([0.5152, 0.0352]), array([0.51412381, 0.03075714]), 0.7854, 1.0]
[0, array([0.5152, 0.0352]), array([0.51427143, 0.03075714]), 0.7854, 1.0]
[0, array([0.5152, 0.0352]), array([0.51441905, 0.03075714]), 0.7854, 1.0]
[0, array([0.5152, 0.0352]), array([0.51456667, 0.03075714]), 0.7854, 1.0]
[0, array([0.5152, 0.0352]), array([0.51471429, 0.03075714]), 0.7854, 1.0]
[0, array([0.5152, 0.0352]), array([0.5148619 , 0.03075714]), 0.7854, 1.0]
[0, array([0.5152, 0.0352]), array([0.51500952, 0.03075714]), 0.7854, 1.0]
[0, array([0.5152, 0.0352]), array([0.51515714, 0.03075714]), 0.7854, 1.0]
[0, array([0.5152, 0.0352]), array([0.51530476, 0.03075714]), 0.7854, 1.0]
[0, array([0.5152, 0.0352]), array([0.51545238, 0.03075714]), 0.7854, 1.0]
[0, array([0.5152, 0.0352]), array([0.5156    , 0.03075714]), 0.7854, 1.0]
[0, array([0.5152, 0.0352]), array([0.5125    , 0.03090476]), 0.7854, 1.0]
[0, array([0.5152, 0.0352]), array([0.51264762, 0.03090476]), 0.7854, 1.0]
[0, array([0.5152, 0.0352]), array([0.51279524, 0.03090476]), 0.7854, 1.0]
[0, array([0.5152, 0.0352]), array([0.51294286, 0.03090476]), 0.7854, 1.0]
[0, array([0.5152, 0.0352]), array([0.51309048, 0.03090476]), 0.7854, 1.0]
[0, array([0.5152, 0.0352]), array([0.5132381 , 0.03090476]), 0.7854, 1.0]
[0, array([0.5152, 0.0352]), array([0.51338571, 0.03090476]), 0.7854, 1.0]
[0, array([0.5152, 0.0352]), array([0.51353333, 0.03090476]), 0.7854, 1.0]
[0, array([0.5152, 0.0352]), array([0.51368095, 0.03090476]), 0.7854, 1.0]
[0, array([0.5152, 0.0352]), array([0.51382857, 0.03090476]), 0.7854, 1.0]
[0, array([0.5152, 0.0352]), array([0.51397619, 0.03090476]), 0.7854, 1.0]
[0, array([0.5152, 0.0352]), array([0.51412381, 0.03090476]), 0.7854, 1.0]
[0, array([0.5152, 0.0352]), array([0.51427143, 0.03090476]), 0.7854, 1.0]
[0, array([0.5152, 0.0352]), array([0.51441905, 0.03090476]), 0.7854, 1.0]
[0, array([0.5152, 0.0352]), array([0.51456667, 0.03090476]), 0.7854, 1.0]
[0, array([0.5152, 0.0352]), array([0.51471429, 0.03090476]), 0.7854, 1.0]
[0, array([0.5152, 0.0352]), array([0.5148619 , 0.03090476]), 0.7854, 1.0]
[0, array([0.5152, 0.0352]), array([0.51500952, 0.03090476]), 0.7854, 1.0]
[0, array([0.5152, 0.0352]), array([0.51515714, 0.03090476]), 0.7854, 1.0]
[0, array([0.5152, 0.0352]), array([0.51530476, 0.03090476]), 0.7854, 1.0]
[0, array([0.5152, 0.0352]), array([0.51545238, 0.03090476]), 0.7854, 1.0]
[0, array([0.5152, 0.0352]), array([0.5156    , 0.03090476]), 0.7854, 1.0]
[0, array([0.5152, 0.0352]), array([0.5125    , 0.03105238]), 0.7854, 1.0]
[0, array([0.5152, 0.0352]), array([0.51264762, 0.03105238]), 0.7854, 1.0]
[0, array([0.5152, 0.0352]), array([0.51279524, 0.03105238]), 0.7854, 1.0]
[0, array([0.5152, 0.0352]), array([0.51294286, 0.03105238]), 0.7854, 1.0]
[0, array([0.5152, 0.0352]), array([0.51309048, 0.03105238]), 0.7854, 1.0]
[0, array([0.5152, 0.0352]), array([0.5132381 , 0.03105238]), 0.7854, 1.0]
[0, array([0.5152, 0.0352]), array([0.51338571, 0.03105238]), 0.7854, 1.0]
[0, array([0.5152, 0.0352]), array([0.51353333, 0.03105238]), 0.7854, 1.0]
[0, array([0.5152, 0.0352]), array([0.51368095, 0.03105238]), 0.7854, 1.0]
[0, array([0.5152, 0.0352]), array([0.51382857, 0.03105238]), 0.7854, 1.0]
[0, array([0.5152, 0.0352]), array([0.51397619, 0.03105238]), 0.7854, 1.0]
[0, array([0.5152, 0.0352]), array([0.51412381, 0.03105238]), 0.7854, 1.0]
[0, array([0.5152, 0.0352]), array([0.51427143, 0.03105238]), 0.7854, 1.0]
[0, array([0.5152, 0.0352]), array([0.51441905, 0.03105238]), 0.7854, 1.0]
[0, array([0.5152, 0.0352]), array([0.51456667, 0.03105238]), 0.7854, 1.0]
[0, array([0.5152, 0.0352]), array([0.51471429, 0.03105238]), 0.7854, 1.0]
[0, array([0.5152, 0.0352]), array([0.5148619 , 0.03105238]), 0.7854, 1.0]
[0, array([0.5152, 0.0352]), array([0.51500952, 0.03105238]), 0.7854, 1.0]
[0, array([0.5152, 0.0352]), array([0.51515714, 0.03105238]), 0.7854, 1.0]
[0, array([0.5152, 0.0352]), array([0.51530476, 0.03105238]), 0.7854, 1.0]
[0, array([0.5152, 0.0352]), array([0.51545238, 0.03105238]), 0.7854, 1.0]
[0, array([0.5152, 0.0352]), array([0.5156    , 0.03105238]), 0.7854, 1.0]
[0, array([0.5152, 0.0352]), array([0.5125, 0.0312]), 0.7854, 1.0]
[0, array([0.5152, 0.0352]), array([0.51264762, 0.0312    ]), 0.7854, 1.0]
[0, array([0.5152, 0.0352]), array([0.51279524, 0.0312    ]), 0.7854, 1.0]
[0, array([0.5152, 0.0352]), array([0.51294286, 0.0312    ]), 0.7854, 1.0]
[0, array([0.5152, 0.0352]), array([0.51309048, 0.0312    ]), 0.7854, 1.0]
[0, array([0.5152, 0.0352]), array([0.5132381, 0.0312   ]), 0.7854, 1.0]
[0, array([0.5152, 0.0352]), array([0.51338571, 0.0312    ]), 0.7854, 1.0]
[0, array([0.5152, 0.0352]), array([0.51353333, 0.0312    ]), 0.7854, 1.0]
[0, array([0.5152, 0.0352]), array([0.51368095, 0.0312    ]), 0.7854, 1.0]
[0, array([0.5152, 0.0352]), array([0.51382857, 0.0312    ]), 0.7854, 1.0]
[0, array([0.5152, 0.0352]), array([0.51397619, 0.0312    ]), 0.7854, 1.0]
[0, array([0.5152, 0.0352]), array([0.51412381, 0.0312    ]), 0.7854, 1.0]
[0, array([0.5152, 0.0352]), array([0.51427143, 0.0312    ]), 0.7854, 1.0]
[0, array([0.5152, 0.0352]), array([0.51441905, 0.0312    ]), 0.7854, 1.0]
[0, array([0.5152, 0.0352]), array([0.51456667, 0.0312    ]), 0.7854, 1.0]
[0, array([0.5152, 0.0352]), array([0.51471429, 0.0312    ]), 0.7854, 1.0]
[0, array([0.5152, 0.0352]), array([0.5148619, 0.0312   ]), 0.7854, 1.0]
[0, array([0.5152, 0.0352]), array([0.51500952, 0.0312    ]), 0.7854, 1.0]
[0, array([0.5152, 0.0352]), array([0.51515714, 0.0312    ]), 0.7854, 1.0]
[0, array([0.5152, 0.0352]), array([0.51530476, 0.0312    ]), 0.7854, 1.0]
[0, array([0.5152, 0.0352]), array([0.51545238, 0.0312    ]), 0.7854, 1.0]
[0, array([0.5152, 0.0352]), array([0.5156, 0.0312]), 0.7854, 1.0]
