[84, array([ 0.484 , -0.0051]), array([ 0.4844, -0.0031]), 0.7854, 1.0]
[84, array([ 0.484 , -0.0051]), array([ 0.48454762, -0.0031    ]), 0.7854, 1.0]
[84, array([ 0.484 , -0.0051]), array([ 0.48469524, -0.0031    ]), 0.7854, 0.0]
[84, array([ 0.484 , -0.0051]), array([ 0.48484286, -0.0031    ]), 0.7854, 0.0]
[84, array([ 0.484 , -0.0051]), array([ 0.48499048, -0.0031    ]), 0.7854, 0.0]
[84, array([ 0.484 , -0.0051]), array([ 0.4851381, -0.0031   ]), 0.7854, 1.0]
[84, array([ 0.484 , -0.0051]), array([ 0.48528571, -0.0031    ]), 0.7854, 0.0]
[84, array([ 0.484 , -0.0051]), array([ 0.48543333, -0.0031    ]), 0.7854, 1.0]
[84, array([ 0.484 , -0.0051]), array([ 0.48558095, -0.0031    ]), 0.7854, 1.0]
[84, array([ 0.484 , -0.0051]), array([ 0.48572857, -0.0031    ]), 0.7854, 1.0]
[84, array([ 0.484 , -0.0051]), array([ 0.48587619, -0.0031    ]), 0.7854, 1.0]
[84, array([ 0.484 , -0.0051]), array([ 0.48602381, -0.0031    ]), 0.7854, 1.0]
[84, array([ 0.484 , -0.0051]), array([ 0.48617143, -0.0031    ]), 0.7854, 1.0]
[84, array([ 0.484 , -0.0051]), array([ 0.48631905, -0.0031    ]), 0.7854, 1.0]
[84, array([ 0.484 , -0.0051]), array([ 0.48646667, -0.0031    ]), 0.7854, 1.0]
[84, array([ 0.484 , -0.0051]), array([ 0.48661429, -0.0031    ]), 0.7854, 1.0]
[84, array([ 0.484 , -0.0051]), array([ 0.4867619, -0.0031   ]), 0.7854, 1.0]
[84, array([ 0.484 , -0.0051]), array([ 0.48690952, -0.0031    ]), 0.7854, 1.0]
[84, array([ 0.484 , -0.0051]), array([ 0.48705714, -0.0031    ]), 0.7854, 1.0]
[84, array([ 0.484 , -0.0051]), array([ 0.48720476, -0.0031    ]), 0.7854, 1.0]
[84, array([ 0.484 , -0.0051]), array([ 0.48735238, -0.0031    ]), 0.7854, 1.0]
[84, array([ 0.484 , -0.0051]), array([ 0.4875, -0.0031]), 0.7854, 1.0]
[84, array([ 0.484 , -0.0051]), array([ 0.4844    , -0.00295238]), 0.7854, 1.0]
[84, array([ 0.484 , -0.0051]), array([ 0.48454762, -0.00295238]), 0.7854, 0.0]
[84, array([ 0.484 , -0.0051]), array([ 0.48469524, -0.00295238]), 0.7854, 0.0]
[84, array([ 0.484 , -0.0051]), array([ 0.48484286, -0.00295238]), 0.7854, 0.0]
[84, array([ 0.484 , -0.0051]), array([ 0.48499048, -0.00295238]), 0.7854, 0.0]
[84, array([ 0.484 , -0.0051]), array([ 0.4851381 , -0.00295238]), 0.7854, 0.0]
[84, array([ 0.484 , -0.0051]), array([ 0.48528571, -0.00295238]), 0.7854, 1.0]
[84, array([ 0.484 , -0.0051]), array([ 0.48543333, -0.00295238]), 0.7854, 1.0]
[84, array([ 0.484 , -0.0051]), array([ 0.48558095, -0.00295238]), 0.7854, 1.0]
[84, array([ 0.484 , -0.0051]), array([ 0.48572857, -0.00295238]), 0.7854, 1.0]
[84, array([ 0.484 , -0.0051]), array([ 0.48587619, -0.00295238]), 0.7854, 1.0]
[84, array([ 0.484 , -0.0051]), array([ 0.48602381, -0.00295238]), 0.7854, 1.0]
[84, array([ 0.484 , -0.0051]), array([ 0.48617143, -0.00295238]), 0.7854, 1.0]
[84, array([ 0.484 , -0.0051]), array([ 0.48631905, -0.00295238]), 0.7854, 1.0]
[84, array([ 0.484 , -0.0051]), array([ 0.48646667, -0.00295238]), 0.7854, 1.0]
[84, array([ 0.484 , -0.0051]), array([ 0.48661429, -0.00295238]), 0.7854, 1.0]
[84, array([ 0.484 , -0.0051]), array([ 0.4867619 , -0.00295238]), 0.7854, 1.0]
[84, array([ 0.484 , -0.0051]), array([ 0.48690952, -0.00295238]), 0.7854, 1.0]
[84, array([ 0.484 , -0.0051]), array([ 0.48705714, -0.00295238]), 0.7854, 1.0]
[84, array([ 0.484 , -0.0051]), array([ 0.48720476, -0.00295238]), 0.7854, 1.0]
[84, array([ 0.484 , -0.0051]), array([ 0.48735238, -0.00295238]), 0.7854, 0.0]
[84, array([ 0.484 , -0.0051]), array([ 0.4875    , -0.00295238]), 0.7854, 1.0]
[84, array([ 0.484 , -0.0051]), array([ 0.4844    , -0.00280476]), 0.7854, 0.0]
[84, array([ 0.484 , -0.0051]), array([ 0.48454762, -0.00280476]), 0.7854, 0.0]
[84, array([ 0.484 , -0.0051]), array([ 0.48469524, -0.00280476]), 0.7854, 0.0]
[84, array([ 0.484 , -0.0051]), array([ 0.48484286, -0.00280476]), 0.7854, 0.0]
[84, array([ 0.484 , -0.0051]), array([ 0.48499048, -0.00280476]), 0.7854, 0.0]
[84, array([ 0.484 , -0.0051]), array([ 0.4851381 , -0.00280476]), 0.7854, 1.0]
[84, array([ 0.484 , -0.0051]), array([ 0.48528571, -0.00280476]), 0.7854, 1.0]
[84, array([ 0.484 , -0.0051]), array([ 0.48543333, -0.00280476]), 0.7854, 1.0]
[84, array([ 0.484 , -0.0051]), array([ 0.48558095, -0.00280476]), 0.7854, 1.0]
[84, array([ 0.484 , -0.0051]), array([ 0.48572857, -0.00280476]), 0.7854, 1.0]
[84, array([ 0.484 , -0.0051]), array([ 0.48587619, -0.00280476]), 0.7854, 1.0]
[84, array([ 0.484 , -0.0051]), array([ 0.48602381, -0.00280476]), 0.7854, 1.0]
[84, array([ 0.484 , -0.0051]), array([ 0.48617143, -0.00280476]), 0.7854, 1.0]
[84, array([ 0.484 , -0.0051]), array([ 0.48631905, -0.00280476]), 0.7854, 1.0]
[84, array([ 0.484 , -0.0051]), array([ 0.48646667, -0.00280476]), 0.7854, 1.0]
[84, array([ 0.484 , -0.0051]), array([ 0.48661429, -0.00280476]), 0.7854, 1.0]
[84, array([ 0.484 , -0.0051]), array([ 0.4867619 , -0.00280476]), 0.7854, 1.0]
[84, array([ 0.484 , -0.0051]), array([ 0.48690952, -0.00280476]), 0.7854, 1.0]
[84, array([ 0.484 , -0.0051]), array([ 0.48705714, -0.00280476]), 0.7854, 0.0]
[84, array([ 0.484 , -0.0051]), array([ 0.48720476, -0.00280476]), 0.7854, 0.0]
[84, array([ 0.484 , -0.0051]), array([ 0.48735238, -0.00280476]), 0.7854, 1.0]
[84, array([ 0.484 , -0.0051]), array([ 0.4875    , -0.00280476]), 0.7854, 1.0]
[84, array([ 0.484 , -0.0051]), array([ 0.4844    , -0.00265714]), 0.7854, 0.0]
[84, array([ 0.484 , -0.0051]), array([ 0.48454762, -0.00265714]), 0.7854, 0.0]
[84, array([ 0.484 , -0.0051]), array([ 0.48469524, -0.00265714]), 0.7854, 0.0]
[84, array([ 0.484 , -0.0051]), array([ 0.48484286, -0.00265714]), 0.7854, 1.0]
[84, array([ 0.484 , -0.0051]), array([ 0.48499048, -0.00265714]), 0.7854, 1.0]
[84, array([ 0.484 , -0.0051]), array([ 0.4851381 , -0.00265714]), 0.7854, 1.0]
[84, array([ 0.484 , -0.0051]), array([ 0.48528571, -0.00265714]), 0.7854, 1.0]
[84, array([ 0.484 , -0.0051]), array([ 0.48543333, -0.00265714]), 0.7854, 1.0]
[84, array([ 0.484 , -0.0051]), array([ 0.48558095, -0.00265714]), 0.7854, 1.0]
[84, array([ 0.484 , -0.0051]), array([ 0.48572857, -0.00265714]), 0.7854, 1.0]
[84, array([ 0.484 , -0.0051]), array([ 0.48587619, -0.00265714]), 0.7854, 1.0]
[84, array([ 0.484 , -0.0051]), array([ 0.48602381, -0.00265714]), 0.7854, 1.0]
[84, array([ 0.484 , -0.0051]), array([ 0.48617143, -0.00265714]), 0.7854, 1.0]
[84, array([ 0.484 , -0.0051]), array([ 0.48631905, -0.00265714]), 0.7854, 1.0]
[84, array([ 0.484 , -0.0051]), array([ 0.48646667, -0.00265714]), 0.7854, 1.0]
[84, array([ 0.484 , -0.0051]), array([ 0.48661429, -0.00265714]), 0.7854, 1.0]
[84, array([ 0.484 , -0.0051]), array([ 0.4867619 , -0.00265714]), 0.7854, 1.0]
[84, array([ 0.484 , -0.0051]), array([ 0.48690952, -0.00265714]), 0.7854, 0.0]
[84, array([ 0.484 , -0.0051]), array([ 0.48705714, -0.00265714]), 0.7854, 0.0]
[84, array([ 0.484 , -0.0051]), array([ 0.48720476, -0.00265714]), 0.7854, 1.0]
[84, array([ 0.484 , -0.0051]), array([ 0.48735238, -0.00265714]), 0.7854, 1.0]
[84, array([ 0.484 , -0.0051]), array([ 0.4875    , -0.00265714]), 0.7854, 1.0]
[84, array([ 0.484 , -0.0051]), array([ 0.4844    , -0.00250952]), 0.7854, 1.0]
[84, array([ 0.484 , -0.0051]), array([ 0.48454762, -0.00250952]), 0.7854, 0.0]
[84, array([ 0.484 , -0.0051]), array([ 0.48469524, -0.00250952]), 0.7854, 1.0]
[84, array([ 0.484 , -0.0051]), array([ 0.48484286, -0.00250952]), 0.7854, 0.0]
[84, array([ 0.484 , -0.0051]), array([ 0.48499048, -0.00250952]), 0.7854, 1.0]
[84, array([ 0.484 , -0.0051]), array([ 0.4851381 , -0.00250952]), 0.7854, 1.0]
[84, array([ 0.484 , -0.0051]), array([ 0.48528571, -0.00250952]), 0.7854, 1.0]
[84, array([ 0.484 , -0.0051]), array([ 0.48543333, -0.00250952]), 0.7854, 1.0]
[84, array([ 0.484 , -0.0051]), array([ 0.48558095, -0.00250952]), 0.7854, 1.0]
[84, array([ 0.484 , -0.0051]), array([ 0.48572857, -0.00250952]), 0.7854, 1.0]
[84, array([ 0.484 , -0.0051]), array([ 0.48587619, -0.00250952]), 0.7854, 1.0]
[84, array([ 0.484 , -0.0051]), array([ 0.48602381, -0.00250952]), 0.7854, 1.0]
[84, array([ 0.484 , -0.0051]), array([ 0.48617143, -0.00250952]), 0.7854, 1.0]
[84, array([ 0.484 , -0.0051]), array([ 0.48631905, -0.00250952]), 0.7854, 1.0]
[84, array([ 0.484 , -0.0051]), array([ 0.48646667, -0.00250952]), 0.7854, 1.0]
[84, array([ 0.484 , -0.0051]), array([ 0.48661429, -0.00250952]), 0.7854, 1.0]
[84, array([ 0.484 , -0.0051]), array([ 0.4867619 , -0.00250952]), 0.7854, 0.0]
[84, array([ 0.484 , -0.0051]), array([ 0.48690952, -0.00250952]), 0.7854, 0.0]
[84, array([ 0.484 , -0.0051]), array([ 0.48705714, -0.00250952]), 0.7854, 1.0]
[84, array([ 0.484 , -0.0051]), array([ 0.48720476, -0.00250952]), 0.7854, 1.0]
[84, array([ 0.484 , -0.0051]), array([ 0.48735238, -0.00250952]), 0.7854, 1.0]
[84, array([ 0.484 , -0.0051]), array([ 0.4875    , -0.00250952]), 0.7854, 1.0]
[84, array([ 0.484 , -0.0051]), array([ 0.4844   , -0.0023619]), 0.7854, 0.0]
[84, array([ 0.484 , -0.0051]), array([ 0.48454762, -0.0023619 ]), 0.7854, 1.0]
[84, array([ 0.484 , -0.0051]), array([ 0.48469524, -0.0023619 ]), 0.7854, 1.0]
[84, array([ 0.484 , -0.0051]), array([ 0.48484286, -0.0023619 ]), 0.7854, 1.0]
[84, array([ 0.484 , -0.0051]), array([ 0.48499048, -0.0023619 ]), 0.7854, 1.0]
[84, array([ 0.484 , -0.0051]), array([ 0.4851381, -0.0023619]), 0.7854, 1.0]
[84, array([ 0.484 , -0.0051]), array([ 0.48528571, -0.0023619 ]), 0.7854, 1.0]
[84, array([ 0.484 , -0.0051]), array([ 0.48543333, -0.0023619 ]), 0.7854, 1.0]
[84, array([ 0.484 , -0.0051]), array([ 0.48558095, -0.0023619 ]), 0.7854, 1.0]
[84, array([ 0.484 , -0.0051]), array([ 0.48572857, -0.0023619 ]), 0.7854, 1.0]
[84, array([ 0.484 , -0.0051]), array([ 0.48587619, -0.0023619 ]), 0.7854, 1.0]
[84, array([ 0.484 , -0.0051]), array([ 0.48602381, -0.0023619 ]), 0.7854, 1.0]
[84, array([ 0.484 , -0.0051]), array([ 0.48617143, -0.0023619 ]), 0.7854, 1.0]
[84, array([ 0.484 , -0.0051]), array([ 0.48631905, -0.0023619 ]), 0.7854, 1.0]
[84, array([ 0.484 , -0.0051]), array([ 0.48646667, -0.0023619 ]), 0.7854, 1.0]
[84, array([ 0.484 , -0.0051]), array([ 0.48661429, -0.0023619 ]), 0.7854, 0.0]
[84, array([ 0.484 , -0.0051]), array([ 0.4867619, -0.0023619]), 0.7854, 0.0]
[84, array([ 0.484 , -0.0051]), array([ 0.48690952, -0.0023619 ]), 0.7854, 0.0]
[84, array([ 0.484 , -0.0051]), array([ 0.48705714, -0.0023619 ]), 0.7854, 1.0]
[84, array([ 0.484 , -0.0051]), array([ 0.48720476, -0.0023619 ]), 0.7854, 0.0]
[84, array([ 0.484 , -0.0051]), array([ 0.48735238, -0.0023619 ]), 0.7854, 1.0]
[84, array([ 0.484 , -0.0051]), array([ 0.4875   , -0.0023619]), 0.7854, 1.0]
[84, array([ 0.484 , -0.0051]), array([ 0.4844    , -0.00221429]), 0.7854, 1.0]
[84, array([ 0.484 , -0.0051]), array([ 0.48454762, -0.00221429]), 0.7854, 1.0]
[84, array([ 0.484 , -0.0051]), array([ 0.48469524, -0.00221429]), 0.7854, 1.0]
[84, array([ 0.484 , -0.0051]), array([ 0.48484286, -0.00221429]), 0.7854, 1.0]
[84, array([ 0.484 , -0.0051]), array([ 0.48499048, -0.00221429]), 0.7854, 1.0]
[84, array([ 0.484 , -0.0051]), array([ 0.4851381 , -0.00221429]), 0.7854, 1.0]
[84, array([ 0.484 , -0.0051]), array([ 0.48528571, -0.00221429]), 0.7854, 1.0]
[84, array([ 0.484 , -0.0051]), array([ 0.48543333, -0.00221429]), 0.7854, 1.0]
[84, array([ 0.484 , -0.0051]), array([ 0.48558095, -0.00221429]), 0.7854, 1.0]
[84, array([ 0.484 , -0.0051]), array([ 0.48572857, -0.00221429]), 0.7854, 1.0]
[84, array([ 0.484 , -0.0051]), array([ 0.48587619, -0.00221429]), 0.7854, 1.0]
[84, array([ 0.484 , -0.0051]), array([ 0.48602381, -0.00221429]), 0.7854, 1.0]
[84, array([ 0.484 , -0.0051]), array([ 0.48617143, -0.00221429]), 0.7854, 1.0]
[84, array([ 0.484 , -0.0051]), array([ 0.48631905, -0.00221429]), 0.7854, 1.0]
[84, array([ 0.484 , -0.0051]), array([ 0.48646667, -0.00221429]), 0.7854, 0.0]
[84, array([ 0.484 , -0.0051]), array([ 0.48661429, -0.00221429]), 0.7854, 0.0]
[84, array([ 0.484 , -0.0051]), array([ 0.4867619 , -0.00221429]), 0.7854, 0.0]
[84, array([ 0.484 , -0.0051]), array([ 0.48690952, -0.00221429]), 0.7854, 0.0]
[84, array([ 0.484 , -0.0051]), array([ 0.48705714, -0.00221429]), 0.7854, 0.0]
[84, array([ 0.484 , -0.0051]), array([ 0.48720476, -0.00221429]), 0.7854, 0.0]
[84, array([ 0.484 , -0.0051]), array([ 0.48735238, -0.00221429]), 0.7854, 0.0]
[84, array([ 0.484 , -0.0051]), array([ 0.4875    , -0.00221429]), 0.7854, 0.0]
[84, array([ 0.484 , -0.0051]), array([ 0.4844    , -0.00206667]), 0.7854, 0.0]
[84, array([ 0.484 , -0.0051]), array([ 0.48454762, -0.00206667]), 0.7854, 1.0]
[84, array([ 0.484 , -0.0051]), array([ 0.48469524, -0.00206667]), 0.7854, 1.0]
[84, array([ 0.484 , -0.0051]), array([ 0.48484286, -0.00206667]), 0.7854, 1.0]
[84, array([ 0.484 , -0.0051]), array([ 0.48499048, -0.00206667]), 0.7854, 1.0]
[84, array([ 0.484 , -0.0051]), array([ 0.4851381 , -0.00206667]), 0.7854, 1.0]
[84, array([ 0.484 , -0.0051]), array([ 0.48528571, -0.00206667]), 0.7854, 1.0]
[84, array([ 0.484 , -0.0051]), array([ 0.48543333, -0.00206667]), 0.7854, 1.0]
[84, array([ 0.484 , -0.0051]), array([ 0.48558095, -0.00206667]), 0.7854, 1.0]
[84, array([ 0.484 , -0.0051]), array([ 0.48572857, -0.00206667]), 0.7854, 1.0]
[84, array([ 0.484 , -0.0051]), array([ 0.48587619, -0.00206667]), 0.7854, 1.0]
[84, array([ 0.484 , -0.0051]), array([ 0.48602381, -0.00206667]), 0.7854, 1.0]
[84, array([ 0.484 , -0.0051]), array([ 0.48617143, -0.00206667]), 0.7854, 1.0]
[84, array([ 0.484 , -0.0051]), array([ 0.48631905, -0.00206667]), 0.7854, 0.0]
[84, array([ 0.484 , -0.0051]), array([ 0.48646667, -0.00206667]), 0.7854, 0.0]
[84, array([ 0.484 , -0.0051]), array([ 0.48661429, -0.00206667]), 0.7854, 0.0]
[84, array([ 0.484 , -0.0051]), array([ 0.4867619 , -0.00206667]), 0.7854, 0.0]
[84, array([ 0.484 , -0.0051]), array([ 0.48690952, -0.00206667]), 0.7854, 0.0]
[84, array([ 0.484 , -0.0051]), array([ 0.48705714, -0.00206667]), 0.7854, 0.0]
[84, array([ 0.484 , -0.0051]), array([ 0.48720476, -0.00206667]), 0.7854, 0.0]
[84, array([ 0.484 , -0.0051]), array([ 0.48735238, -0.00206667]), 0.7854, 0.0]
[84, array([ 0.484 , -0.0051]), array([ 0.4875    , -0.00206667]), 0.7854, 0.0]
[84, array([ 0.484 , -0.0051]), array([ 0.4844    , -0.00191905]), 0.7854, 1.0]
[84, array([ 0.484 , -0.0051]), array([ 0.48454762, -0.00191905]), 0.7854, 1.0]
[84, array([ 0.484 , -0.0051]), array([ 0.48469524, -0.00191905]), 0.7854, 1.0]
[84, array([ 0.484 , -0.0051]), array([ 0.48484286, -0.00191905]), 0.7854, 1.0]
[84, array([ 0.484 , -0.0051]), array([ 0.48499048, -0.00191905]), 0.7854, 1.0]
[84, array([ 0.484 , -0.0051]), array([ 0.4851381 , -0.00191905]), 0.7854, 1.0]
[84, array([ 0.484 , -0.0051]), array([ 0.48528571, -0.00191905]), 0.7854, 1.0]
[84, array([ 0.484 , -0.0051]), array([ 0.48543333, -0.00191905]), 0.7854, 1.0]
[84, array([ 0.484 , -0.0051]), array([ 0.48558095, -0.00191905]), 0.7854, 1.0]
[84, array([ 0.484 , -0.0051]), array([ 0.48572857, -0.00191905]), 0.7854, 1.0]
[84, array([ 0.484 , -0.0051]), array([ 0.48587619, -0.00191905]), 0.7854, 1.0]
[84, array([ 0.484 , -0.0051]), array([ 0.48602381, -0.00191905]), 0.7854, 1.0]
[84, array([ 0.484 , -0.0051]), array([ 0.48617143, -0.00191905]), 0.7854, 0.0]
[84, array([ 0.484 , -0.0051]), array([ 0.48631905, -0.00191905]), 0.7854, 0.0]
[84, array([ 0.484 , -0.0051]), array([ 0.48646667, -0.00191905]), 0.7854, 0.0]
[84, array([ 0.484 , -0.0051]), array([ 0.48661429, -0.00191905]), 0.7854, 0.0]
[84, array([ 0.484 , -0.0051]), array([ 0.4867619 , -0.00191905]), 0.7854, 0.0]
[84, array([ 0.484 , -0.0051]), array([ 0.48690952, -0.00191905]), 0.7854, 0.0]
[84, array([ 0.484 , -0.0051]), array([ 0.48705714, -0.00191905]), 0.7854, 0.0]
[84, array([ 0.484 , -0.0051]), array([ 0.48720476, -0.00191905]), 0.7854, 0.0]
[84, array([ 0.484 , -0.0051]), array([ 0.48735238, -0.00191905]), 0.7854, 0.0]
[84, array([ 0.484 , -0.0051]), array([ 0.4875    , -0.00191905]), 0.7854, 0.0]
[84, array([ 0.484 , -0.0051]), array([ 0.4844    , -0.00177143]), 0.7854, 1.0]
[84, array([ 0.484 , -0.0051]), array([ 0.48454762, -0.00177143]), 0.7854, 1.0]
[84, array([ 0.484 , -0.0051]), array([ 0.48469524, -0.00177143]), 0.7854, 1.0]
[84, array([ 0.484 , -0.0051]), array([ 0.48484286, -0.00177143]), 0.7854, 1.0]
[84, array([ 0.484 , -0.0051]), array([ 0.48499048, -0.00177143]), 0.7854, 1.0]
[84, array([ 0.484 , -0.0051]), array([ 0.4851381 , -0.00177143]), 0.7854, 1.0]
[84, array([ 0.484 , -0.0051]), array([ 0.48528571, -0.00177143]), 0.7854, 1.0]
[84, array([ 0.484 , -0.0051]), array([ 0.48543333, -0.00177143]), 0.7854, 0.0]
[84, array([ 0.484 , -0.0051]), array([ 0.48558095, -0.00177143]), 0.7854, 1.0]
[84, array([ 0.484 , -0.0051]), array([ 0.48572857, -0.00177143]), 0.7854, 1.0]
[84, array([ 0.484 , -0.0051]), array([ 0.48587619, -0.00177143]), 0.7854, 1.0]
[84, array([ 0.484 , -0.0051]), array([ 0.48602381, -0.00177143]), 0.7854, 0.0]
[84, array([ 0.484 , -0.0051]), array([ 0.48617143, -0.00177143]), 0.7854, 0.0]
[84, array([ 0.484 , -0.0051]), array([ 0.48631905, -0.00177143]), 0.7854, 0.0]
[84, array([ 0.484 , -0.0051]), array([ 0.48646667, -0.00177143]), 0.7854, 0.0]
[84, array([ 0.484 , -0.0051]), array([ 0.48661429, -0.00177143]), 0.7854, 0.0]
[84, array([ 0.484 , -0.0051]), array([ 0.4867619 , -0.00177143]), 0.7854, 0.0]
[84, array([ 0.484 , -0.0051]), array([ 0.48690952, -0.00177143]), 0.7854, 0.0]
[84, array([ 0.484 , -0.0051]), array([ 0.48705714, -0.00177143]), 0.7854, 0.0]
[84, array([ 0.484 , -0.0051]), array([ 0.48720476, -0.00177143]), 0.7854, 0.0]
[84, array([ 0.484 , -0.0051]), array([ 0.48735238, -0.00177143]), 0.7854, 0.0]
[84, array([ 0.484 , -0.0051]), array([ 0.4875    , -0.00177143]), 0.7854, 0.0]
[84, array([ 0.484 , -0.0051]), array([ 0.4844    , -0.00162381]), 0.7854, 1.0]
[84, array([ 0.484 , -0.0051]), array([ 0.48454762, -0.00162381]), 0.7854, 1.0]
[84, array([ 0.484 , -0.0051]), array([ 0.48469524, -0.00162381]), 0.7854, 1.0]
[84, array([ 0.484 , -0.0051]), array([ 0.48484286, -0.00162381]), 0.7854, 1.0]
[84, array([ 0.484 , -0.0051]), array([ 0.48499048, -0.00162381]), 0.7854, 1.0]
[84, array([ 0.484 , -0.0051]), array([ 0.4851381 , -0.00162381]), 0.7854, 0.0]
[84, array([ 0.484 , -0.0051]), array([ 0.48528571, -0.00162381]), 0.7854, 1.0]
[84, array([ 0.484 , -0.0051]), array([ 0.48543333, -0.00162381]), 0.7854, 1.0]
[84, array([ 0.484 , -0.0051]), array([ 0.48558095, -0.00162381]), 0.7854, 1.0]
[84, array([ 0.484 , -0.0051]), array([ 0.48572857, -0.00162381]), 0.7854, 1.0]
[84, array([ 0.484 , -0.0051]), array([ 0.48587619, -0.00162381]), 0.7854, 0.0]
[84, array([ 0.484 , -0.0051]), array([ 0.48602381, -0.00162381]), 0.7854, 0.0]
[84, array([ 0.484 , -0.0051]), array([ 0.48617143, -0.00162381]), 0.7854, 0.0]
[84, array([ 0.484 , -0.0051]), array([ 0.48631905, -0.00162381]), 0.7854, 0.0]
[84, array([ 0.484 , -0.0051]), array([ 0.48646667, -0.00162381]), 0.7854, 0.0]
[84, array([ 0.484 , -0.0051]), array([ 0.48661429, -0.00162381]), 0.7854, 0.0]
[84, array([ 0.484 , -0.0051]), array([ 0.4867619 , -0.00162381]), 0.7854, 0.0]
[84, array([ 0.484 , -0.0051]), array([ 0.48690952, -0.00162381]), 0.7854, 0.0]
[84, array([ 0.484 , -0.0051]), array([ 0.48705714, -0.00162381]), 0.7854, 0.0]
[84, array([ 0.484 , -0.0051]), array([ 0.48720476, -0.00162381]), 0.7854, 0.0]
[84, array([ 0.484 , -0.0051]), array([ 0.48735238, -0.00162381]), 0.7854, 0.0]
[84, array([ 0.484 , -0.0051]), array([ 0.4875    , -0.00162381]), 0.7854, 0.0]
[84, array([ 0.484 , -0.0051]), array([ 0.4844    , -0.00147619]), 0.7854, 1.0]
[84, array([ 0.484 , -0.0051]), array([ 0.48454762, -0.00147619]), 0.7854, 1.0]
[84, array([ 0.484 , -0.0051]), array([ 0.48469524, -0.00147619]), 0.7854, 1.0]
[84, array([ 0.484 , -0.0051]), array([ 0.48484286, -0.00147619]), 0.7854, 1.0]
[84, array([ 0.484 , -0.0051]), array([ 0.48499048, -0.00147619]), 0.7854, 0.0]
[84, array([ 0.484 , -0.0051]), array([ 0.4851381 , -0.00147619]), 0.7854, 1.0]
[84, array([ 0.484 , -0.0051]), array([ 0.48528571, -0.00147619]), 0.7854, 1.0]
[84, array([ 0.484 , -0.0051]), array([ 0.48543333, -0.00147619]), 0.7854, 0.0]
[84, array([ 0.484 , -0.0051]), array([ 0.48558095, -0.00147619]), 0.7854, 1.0]
[84, array([ 0.484 , -0.0051]), array([ 0.48572857, -0.00147619]), 0.7854, 1.0]
[84, array([ 0.484 , -0.0051]), array([ 0.48587619, -0.00147619]), 0.7854, 1.0]
[84, array([ 0.484 , -0.0051]), array([ 0.48602381, -0.00147619]), 0.7854, 0.0]
[84, array([ 0.484 , -0.0051]), array([ 0.48617143, -0.00147619]), 0.7854, 0.0]
[84, array([ 0.484 , -0.0051]), array([ 0.48631905, -0.00147619]), 0.7854, 0.0]
[84, array([ 0.484 , -0.0051]), array([ 0.48646667, -0.00147619]), 0.7854, 0.0]
[84, array([ 0.484 , -0.0051]), array([ 0.48661429, -0.00147619]), 0.7854, 0.0]
[84, array([ 0.484 , -0.0051]), array([ 0.4867619 , -0.00147619]), 0.7854, 0.0]
[84, array([ 0.484 , -0.0051]), array([ 0.48690952, -0.00147619]), 0.7854, 0.0]
[84, array([ 0.484 , -0.0051]), array([ 0.48705714, -0.00147619]), 0.7854, 0.0]
[84, array([ 0.484 , -0.0051]), array([ 0.48720476, -0.00147619]), 0.7854, 0.0]
[84, array([ 0.484 , -0.0051]), array([ 0.48735238, -0.00147619]), 0.7854, 0.0]
[84, array([ 0.484 , -0.0051]), array([ 0.4875    , -0.00147619]), 0.7854, 0.0]
[84, array([ 0.484 , -0.0051]), array([ 0.4844    , -0.00132857]), 0.7854, 1.0]
[84, array([ 0.484 , -0.0051]), array([ 0.48454762, -0.00132857]), 0.7854, 1.0]
[84, array([ 0.484 , -0.0051]), array([ 0.48469524, -0.00132857]), 0.7854, 1.0]
[84, array([ 0.484 , -0.0051]), array([ 0.48484286, -0.00132857]), 0.7854, 0.0]
[84, array([ 0.484 , -0.0051]), array([ 0.48499048, -0.00132857]), 0.7854, 0.0]
[84, array([ 0.484 , -0.0051]), array([ 0.4851381 , -0.00132857]), 0.7854, 1.0]
[84, array([ 0.484 , -0.0051]), array([ 0.48528571, -0.00132857]), 0.7854, 1.0]
[84, array([ 0.484 , -0.0051]), array([ 0.48543333, -0.00132857]), 0.7854, 1.0]
[84, array([ 0.484 , -0.0051]), array([ 0.48558095, -0.00132857]), 0.7854, 1.0]
[84, array([ 0.484 , -0.0051]), array([ 0.48572857, -0.00132857]), 0.7854, 1.0]
[84, array([ 0.484 , -0.0051]), array([ 0.48587619, -0.00132857]), 0.7854, 1.0]
[84, array([ 0.484 , -0.0051]), array([ 0.48602381, -0.00132857]), 0.7854, 1.0]
[84, array([ 0.484 , -0.0051]), array([ 0.48617143, -0.00132857]), 0.7854, 0.0]
[84, array([ 0.484 , -0.0051]), array([ 0.48631905, -0.00132857]), 0.7854, 0.0]
[84, array([ 0.484 , -0.0051]), array([ 0.48646667, -0.00132857]), 0.7854, 0.0]
[84, array([ 0.484 , -0.0051]), array([ 0.48661429, -0.00132857]), 0.7854, 0.0]
[84, array([ 0.484 , -0.0051]), array([ 0.4867619 , -0.00132857]), 0.7854, 0.0]
[84, array([ 0.484 , -0.0051]), array([ 0.48690952, -0.00132857]), 0.7854, 0.0]
[84, array([ 0.484 , -0.0051]), array([ 0.48705714, -0.00132857]), 0.7854, 0.0]
[84, array([ 0.484 , -0.0051]), array([ 0.48720476, -0.00132857]), 0.7854, 0.0]
[84, array([ 0.484 , -0.0051]), array([ 0.48735238, -0.00132857]), 0.7854, 0.0]
[84, array([ 0.484 , -0.0051]), array([ 0.4875    , -0.00132857]), 0.7854, 0.0]
[84, array([ 0.484 , -0.0051]), array([ 0.4844    , -0.00118095]), 0.7854, 1.0]
[84, array([ 0.484 , -0.0051]), array([ 0.48454762, -0.00118095]), 0.7854, 1.0]
[84, array([ 0.484 , -0.0051]), array([ 0.48469524, -0.00118095]), 0.7854, 0.0]
[84, array([ 0.484 , -0.0051]), array([ 0.48484286, -0.00118095]), 0.7854, 1.0]
[84, array([ 0.484 , -0.0051]), array([ 0.48499048, -0.00118095]), 0.7854, 0.0]
[84, array([ 0.484 , -0.0051]), array([ 0.4851381 , -0.00118095]), 0.7854, 0.0]
[84, array([ 0.484 , -0.0051]), array([ 0.48528571, -0.00118095]), 0.7854, 1.0]
[84, array([ 0.484 , -0.0051]), array([ 0.48543333, -0.00118095]), 0.7854, 1.0]
[84, array([ 0.484 , -0.0051]), array([ 0.48558095, -0.00118095]), 0.7854, 1.0]
[84, array([ 0.484 , -0.0051]), array([ 0.48572857, -0.00118095]), 0.7854, 1.0]
[84, array([ 0.484 , -0.0051]), array([ 0.48587619, -0.00118095]), 0.7854, 1.0]
[84, array([ 0.484 , -0.0051]), array([ 0.48602381, -0.00118095]), 0.7854, 1.0]
[84, array([ 0.484 , -0.0051]), array([ 0.48617143, -0.00118095]), 0.7854, 1.0]
[84, array([ 0.484 , -0.0051]), array([ 0.48631905, -0.00118095]), 0.7854, 0.0]
[84, array([ 0.484 , -0.0051]), array([ 0.48646667, -0.00118095]), 0.7854, 0.0]
[84, array([ 0.484 , -0.0051]), array([ 0.48661429, -0.00118095]), 0.7854, 0.0]
[84, array([ 0.484 , -0.0051]), array([ 0.4867619 , -0.00118095]), 0.7854, 0.0]
[84, array([ 0.484 , -0.0051]), array([ 0.48690952, -0.00118095]), 0.7854, 0.0]
[84, array([ 0.484 , -0.0051]), array([ 0.48705714, -0.00118095]), 0.7854, 0.0]
[84, array([ 0.484 , -0.0051]), array([ 0.48720476, -0.00118095]), 0.7854, 0.0]
[84, array([ 0.484 , -0.0051]), array([ 0.48735238, -0.00118095]), 0.7854, 0.0]
[84, array([ 0.484 , -0.0051]), array([ 0.4875    , -0.00118095]), 0.7854, 0.0]
[84, array([ 0.484 , -0.0051]), array([ 0.4844    , -0.00103333]), 0.7854, 1.0]
[84, array([ 0.484 , -0.0051]), array([ 0.48454762, -0.00103333]), 0.7854, 1.0]
[84, array([ 0.484 , -0.0051]), array([ 0.48469524, -0.00103333]), 0.7854, 0.0]
[84, array([ 0.484 , -0.0051]), array([ 0.48484286, -0.00103333]), 0.7854, 1.0]
[84, array([ 0.484 , -0.0051]), array([ 0.48499048, -0.00103333]), 0.7854, 0.0]
[84, array([ 0.484 , -0.0051]), array([ 0.4851381 , -0.00103333]), 0.7854, 1.0]
[84, array([ 0.484 , -0.0051]), array([ 0.48528571, -0.00103333]), 0.7854, 1.0]
[84, array([ 0.484 , -0.0051]), array([ 0.48543333, -0.00103333]), 0.7854, 1.0]
[84, array([ 0.484 , -0.0051]), array([ 0.48558095, -0.00103333]), 0.7854, 1.0]
[84, array([ 0.484 , -0.0051]), array([ 0.48572857, -0.00103333]), 0.7854, 1.0]
[84, array([ 0.484 , -0.0051]), array([ 0.48587619, -0.00103333]), 0.7854, 0.0]
[84, array([ 0.484 , -0.0051]), array([ 0.48602381, -0.00103333]), 0.7854, 1.0]
[84, array([ 0.484 , -0.0051]), array([ 0.48617143, -0.00103333]), 0.7854, 1.0]
[84, array([ 0.484 , -0.0051]), array([ 0.48631905, -0.00103333]), 0.7854, 0.0]
[84, array([ 0.484 , -0.0051]), array([ 0.48646667, -0.00103333]), 0.7854, 0.0]
[84, array([ 0.484 , -0.0051]), array([ 0.48661429, -0.00103333]), 0.7854, 0.0]
[84, array([ 0.484 , -0.0051]), array([ 0.4867619 , -0.00103333]), 0.7854, 0.0]
[84, array([ 0.484 , -0.0051]), array([ 0.48690952, -0.00103333]), 0.7854, 0.0]
[84, array([ 0.484 , -0.0051]), array([ 0.48705714, -0.00103333]), 0.7854, 0.0]
[84, array([ 0.484 , -0.0051]), array([ 0.48720476, -0.00103333]), 0.7854, 0.0]
[84, array([ 0.484 , -0.0051]), array([ 0.48735238, -0.00103333]), 0.7854, 0.0]
[84, array([ 0.484 , -0.0051]), array([ 0.4875    , -0.00103333]), 0.7854, 0.0]
[84, array([ 0.484 , -0.0051]), array([ 0.4844    , -0.00088571]), 0.7854, 1.0]
[84, array([ 0.484 , -0.0051]), array([ 0.48454762, -0.00088571]), 0.7854, 1.0]
[84, array([ 0.484 , -0.0051]), array([ 0.48469524, -0.00088571]), 0.7854, 0.0]
[84, array([ 0.484 , -0.0051]), array([ 0.48484286, -0.00088571]), 0.7854, 0.0]
[84, array([ 0.484 , -0.0051]), array([ 0.48499048, -0.00088571]), 0.7854, 1.0]
[84, array([ 0.484 , -0.0051]), array([ 0.4851381 , -0.00088571]), 0.7854, 1.0]
[84, array([ 0.484 , -0.0051]), array([ 0.48528571, -0.00088571]), 0.7854, 1.0]
[84, array([ 0.484 , -0.0051]), array([ 0.48543333, -0.00088571]), 0.7854, 1.0]
[84, array([ 0.484 , -0.0051]), array([ 0.48558095, -0.00088571]), 0.7854, 1.0]
[84, array([ 0.484 , -0.0051]), array([ 0.48572857, -0.00088571]), 0.7854, 0.0]
[84, array([ 0.484 , -0.0051]), array([ 0.48587619, -0.00088571]), 0.7854, 0.0]
[84, array([ 0.484 , -0.0051]), array([ 0.48602381, -0.00088571]), 0.7854, 1.0]
[84, array([ 0.484 , -0.0051]), array([ 0.48617143, -0.00088571]), 0.7854, 1.0]
[84, array([ 0.484 , -0.0051]), array([ 0.48631905, -0.00088571]), 0.7854, 0.0]
[84, array([ 0.484 , -0.0051]), array([ 0.48646667, -0.00088571]), 0.7854, 0.0]
[84, array([ 0.484 , -0.0051]), array([ 0.48661429, -0.00088571]), 0.7854, 0.0]
[84, array([ 0.484 , -0.0051]), array([ 0.4867619 , -0.00088571]), 0.7854, 0.0]
[84, array([ 0.484 , -0.0051]), array([ 0.48690952, -0.00088571]), 0.7854, 0.0]
[84, array([ 0.484 , -0.0051]), array([ 0.48705714, -0.00088571]), 0.7854, 0.0]
[84, array([ 0.484 , -0.0051]), array([ 0.48720476, -0.00088571]), 0.7854, 0.0]
[84, array([ 0.484 , -0.0051]), array([ 0.48735238, -0.00088571]), 0.7854, 0.0]
[84, array([ 0.484 , -0.0051]), array([ 0.4875    , -0.00088571]), 0.7854, 0.0]
[84, array([ 0.484 , -0.0051]), array([ 0.4844   , -0.0007381]), 0.7854, 1.0]
[84, array([ 0.484 , -0.0051]), array([ 0.48454762, -0.0007381 ]), 0.7854, 1.0]
[84, array([ 0.484 , -0.0051]), array([ 0.48469524, -0.0007381 ]), 0.7854, 1.0]
[84, array([ 0.484 , -0.0051]), array([ 0.48484286, -0.0007381 ]), 0.7854, 1.0]
[84, array([ 0.484 , -0.0051]), array([ 0.48499048, -0.0007381 ]), 0.7854, 1.0]
[84, array([ 0.484 , -0.0051]), array([ 0.4851381, -0.0007381]), 0.7854, 1.0]
[84, array([ 0.484 , -0.0051]), array([ 0.48528571, -0.0007381 ]), 0.7854, 1.0]
[84, array([ 0.484 , -0.0051]), array([ 0.48543333, -0.0007381 ]), 0.7854, 1.0]
[84, array([ 0.484 , -0.0051]), array([ 0.48558095, -0.0007381 ]), 0.7854, 1.0]
[84, array([ 0.484 , -0.0051]), array([ 0.48572857, -0.0007381 ]), 0.7854, 1.0]
[84, array([ 0.484 , -0.0051]), array([ 0.48587619, -0.0007381 ]), 0.7854, 1.0]
[84, array([ 0.484 , -0.0051]), array([ 0.48602381, -0.0007381 ]), 0.7854, 0.0]
[84, array([ 0.484 , -0.0051]), array([ 0.48617143, -0.0007381 ]), 0.7854, 0.0]
[84, array([ 0.484 , -0.0051]), array([ 0.48631905, -0.0007381 ]), 0.7854, 0.0]
[84, array([ 0.484 , -0.0051]), array([ 0.48646667, -0.0007381 ]), 0.7854, 0.0]
[84, array([ 0.484 , -0.0051]), array([ 0.48661429, -0.0007381 ]), 0.7854, 0.0]
[84, array([ 0.484 , -0.0051]), array([ 0.4867619, -0.0007381]), 0.7854, 0.0]
[84, array([ 0.484 , -0.0051]), array([ 0.48690952, -0.0007381 ]), 0.7854, 0.0]
[84, array([ 0.484 , -0.0051]), array([ 0.48705714, -0.0007381 ]), 0.7854, 0.0]
[84, array([ 0.484 , -0.0051]), array([ 0.48720476, -0.0007381 ]), 0.7854, 0.0]
[84, array([ 0.484 , -0.0051]), array([ 0.48735238, -0.0007381 ]), 0.7854, 0.0]
[84, array([ 0.484 , -0.0051]), array([ 0.4875   , -0.0007381]), 0.7854, 0.0]
[84, array([ 0.484 , -0.0051]), array([ 0.4844    , -0.00059048]), 0.7854, 1.0]
[84, array([ 0.484 , -0.0051]), array([ 0.48454762, -0.00059048]), 0.7854, 1.0]
[84, array([ 0.484 , -0.0051]), array([ 0.48469524, -0.00059048]), 0.7854, 1.0]
[84, array([ 0.484 , -0.0051]), array([ 0.48484286, -0.00059048]), 0.7854, 0.0]
[84, array([ 0.484 , -0.0051]), array([ 0.48499048, -0.00059048]), 0.7854, 1.0]
[84, array([ 0.484 , -0.0051]), array([ 0.4851381 , -0.00059048]), 0.7854, 1.0]
[84, array([ 0.484 , -0.0051]), array([ 0.48528571, -0.00059048]), 0.7854, 1.0]
[84, array([ 0.484 , -0.0051]), array([ 0.48543333, -0.00059048]), 0.7854, 1.0]
[84, array([ 0.484 , -0.0051]), array([ 0.48558095, -0.00059048]), 0.7854, 1.0]
[84, array([ 0.484 , -0.0051]), array([ 0.48572857, -0.00059048]), 0.7854, 1.0]
[84, array([ 0.484 , -0.0051]), array([ 0.48587619, -0.00059048]), 0.7854, 0.0]
[84, array([ 0.484 , -0.0051]), array([ 0.48602381, -0.00059048]), 0.7854, 0.0]
[84, array([ 0.484 , -0.0051]), array([ 0.48617143, -0.00059048]), 0.7854, 0.0]
[84, array([ 0.484 , -0.0051]), array([ 0.48631905, -0.00059048]), 0.7854, 0.0]
[84, array([ 0.484 , -0.0051]), array([ 0.48646667, -0.00059048]), 0.7854, 0.0]
[84, array([ 0.484 , -0.0051]), array([ 0.48661429, -0.00059048]), 0.7854, 0.0]
[84, array([ 0.484 , -0.0051]), array([ 0.4867619 , -0.00059048]), 0.7854, 0.0]
[84, array([ 0.484 , -0.0051]), array([ 0.48690952, -0.00059048]), 0.7854, 0.0]
[84, array([ 0.484 , -0.0051]), array([ 0.48705714, -0.00059048]), 0.7854, 0.0]
[84, array([ 0.484 , -0.0051]), array([ 0.48720476, -0.00059048]), 0.7854, 0.0]
[84, array([ 0.484 , -0.0051]), array([ 0.48735238, -0.00059048]), 0.7854, 0.0]
[84, array([ 0.484 , -0.0051]), array([ 0.4875    , -0.00059048]), 0.7854, 0.0]
[84, array([ 0.484 , -0.0051]), array([ 4.84400000e-01, -4.42857143e-04]), 0.7854, 1.0]
[84, array([ 0.484 , -0.0051]), array([ 4.84547619e-01, -4.42857143e-04]), 0.7854, 0.0]
[84, array([ 0.484 , -0.0051]), array([ 4.84695238e-01, -4.42857143e-04]), 0.7854, 0.0]
[84, array([ 0.484 , -0.0051]), array([ 4.84842857e-01, -4.42857143e-04]), 0.7854, 0.0]
[84, array([ 0.484 , -0.0051]), array([ 4.84990476e-01, -4.42857143e-04]), 0.7854, 0.0]
[84, array([ 0.484 , -0.0051]), array([ 4.85138095e-01, -4.42857143e-04]), 0.7854, 1.0]
[84, array([ 0.484 , -0.0051]), array([ 4.85285714e-01, -4.42857143e-04]), 0.7854, 1.0]
[84, array([ 0.484 , -0.0051]), array([ 4.85433333e-01, -4.42857143e-04]), 0.7854, 1.0]
[84, array([ 0.484 , -0.0051]), array([ 4.85580952e-01, -4.42857143e-04]), 0.7854, 1.0]
[84, array([ 0.484 , -0.0051]), array([ 4.85728571e-01, -4.42857143e-04]), 0.7854, 1.0]
[84, array([ 0.484 , -0.0051]), array([ 4.85876190e-01, -4.42857143e-04]), 0.7854, 1.0]
[84, array([ 0.484 , -0.0051]), array([ 4.86023810e-01, -4.42857143e-04]), 0.7854, 0.0]
[84, array([ 0.484 , -0.0051]), array([ 4.86171429e-01, -4.42857143e-04]), 0.7854, 0.0]
[84, array([ 0.484 , -0.0051]), array([ 4.86319048e-01, -4.42857143e-04]), 0.7854, 0.0]
[84, array([ 0.484 , -0.0051]), array([ 4.86466667e-01, -4.42857143e-04]), 0.7854, 0.0]
[84, array([ 0.484 , -0.0051]), array([ 4.86614286e-01, -4.42857143e-04]), 0.7854, 0.0]
[84, array([ 0.484 , -0.0051]), array([ 4.86761905e-01, -4.42857143e-04]), 0.7854, 0.0]
[84, array([ 0.484 , -0.0051]), array([ 4.86909524e-01, -4.42857143e-04]), 0.7854, 0.0]
[84, array([ 0.484 , -0.0051]), array([ 4.87057143e-01, -4.42857143e-04]), 0.7854, 0.0]
[84, array([ 0.484 , -0.0051]), array([ 4.87204762e-01, -4.42857143e-04]), 0.7854, 0.0]
[84, array([ 0.484 , -0.0051]), array([ 4.87352381e-01, -4.42857143e-04]), 0.7854, 0.0]
[84, array([ 0.484 , -0.0051]), array([ 4.87500000e-01, -4.42857143e-04]), 0.7854, 0.0]
[84, array([ 0.484 , -0.0051]), array([ 4.84400000e-01, -2.95238095e-04]), 0.7854, 0.0]
[84, array([ 0.484 , -0.0051]), array([ 4.84547619e-01, -2.95238095e-04]), 0.7854, 0.0]
[84, array([ 0.484 , -0.0051]), array([ 4.84695238e-01, -2.95238095e-04]), 0.7854, 0.0]
[84, array([ 0.484 , -0.0051]), array([ 4.84842857e-01, -2.95238095e-04]), 0.7854, 0.0]
[84, array([ 0.484 , -0.0051]), array([ 4.84990476e-01, -2.95238095e-04]), 0.7854, 0.0]
[84, array([ 0.484 , -0.0051]), array([ 4.85138095e-01, -2.95238095e-04]), 0.7854, 0.0]
[84, array([ 0.484 , -0.0051]), array([ 4.85285714e-01, -2.95238095e-04]), 0.7854, 0.0]
[84, array([ 0.484 , -0.0051]), array([ 4.85433333e-01, -2.95238095e-04]), 0.7854, 1.0]
[84, array([ 0.484 , -0.0051]), array([ 4.85580952e-01, -2.95238095e-04]), 0.7854, 1.0]
[84, array([ 0.484 , -0.0051]), array([ 4.85728571e-01, -2.95238095e-04]), 0.7854, 1.0]
[84, array([ 0.484 , -0.0051]), array([ 4.85876190e-01, -2.95238095e-04]), 0.7854, 0.0]
[84, array([ 0.484 , -0.0051]), array([ 4.86023810e-01, -2.95238095e-04]), 0.7854, 0.0]
[84, array([ 0.484 , -0.0051]), array([ 4.86171429e-01, -2.95238095e-04]), 0.7854, 0.0]
[84, array([ 0.484 , -0.0051]), array([ 4.86319048e-01, -2.95238095e-04]), 0.7854, 0.0]
[84, array([ 0.484 , -0.0051]), array([ 4.86466667e-01, -2.95238095e-04]), 0.7854, 0.0]
[84, array([ 0.484 , -0.0051]), array([ 4.86614286e-01, -2.95238095e-04]), 0.7854, 0.0]
[84, array([ 0.484 , -0.0051]), array([ 4.86761905e-01, -2.95238095e-04]), 0.7854, 0.0]
[84, array([ 0.484 , -0.0051]), array([ 4.86909524e-01, -2.95238095e-04]), 0.7854, 0.0]
[84, array([ 0.484 , -0.0051]), array([ 4.87057143e-01, -2.95238095e-04]), 0.7854, 0.0]
[84, array([ 0.484 , -0.0051]), array([ 4.87204762e-01, -2.95238095e-04]), 0.7854, 0.0]
[84, array([ 0.484 , -0.0051]), array([ 4.87352381e-01, -2.95238095e-04]), 0.7854, 0.0]
[84, array([ 0.484 , -0.0051]), array([ 4.87500000e-01, -2.95238095e-04]), 0.7854, 0.0]
[84, array([ 0.484 , -0.0051]), array([ 4.84400000e-01, -1.47619048e-04]), 0.7854, 0.0]
[84, array([ 0.484 , -0.0051]), array([ 4.84547619e-01, -1.47619048e-04]), 0.7854, 0.0]
[84, array([ 0.484 , -0.0051]), array([ 4.84695238e-01, -1.47619048e-04]), 0.7854, 0.0]
[84, array([ 0.484 , -0.0051]), array([ 4.84842857e-01, -1.47619048e-04]), 0.7854, 0.0]
[84, array([ 0.484 , -0.0051]), array([ 4.84990476e-01, -1.47619048e-04]), 0.7854, 0.0]
[84, array([ 0.484 , -0.0051]), array([ 4.85138095e-01, -1.47619048e-04]), 0.7854, 0.0]
[84, array([ 0.484 , -0.0051]), array([ 4.85285714e-01, -1.47619048e-04]), 0.7854, 0.0]
[84, array([ 0.484 , -0.0051]), array([ 4.85433333e-01, -1.47619048e-04]), 0.7854, 1.0]
[84, array([ 0.484 , -0.0051]), array([ 4.85580952e-01, -1.47619048e-04]), 0.7854, 1.0]
[84, array([ 0.484 , -0.0051]), array([ 4.85728571e-01, -1.47619048e-04]), 0.7854, 1.0]
[84, array([ 0.484 , -0.0051]), array([ 4.85876190e-01, -1.47619048e-04]), 0.7854, 0.0]
[84, array([ 0.484 , -0.0051]), array([ 4.86023810e-01, -1.47619048e-04]), 0.7854, 0.0]
[84, array([ 0.484 , -0.0051]), array([ 4.86171429e-01, -1.47619048e-04]), 0.7854, 0.0]
[84, array([ 0.484 , -0.0051]), array([ 4.86319048e-01, -1.47619048e-04]), 0.7854, 0.0]
[84, array([ 0.484 , -0.0051]), array([ 4.86466667e-01, -1.47619048e-04]), 0.7854, 0.0]
[84, array([ 0.484 , -0.0051]), array([ 4.86614286e-01, -1.47619048e-04]), 0.7854, 0.0]
[84, array([ 0.484 , -0.0051]), array([ 4.86761905e-01, -1.47619048e-04]), 0.7854, 0.0]
[84, array([ 0.484 , -0.0051]), array([ 4.86909524e-01, -1.47619048e-04]), 0.7854, 0.0]
[84, array([ 0.484 , -0.0051]), array([ 4.87057143e-01, -1.47619048e-04]), 0.7854, 0.0]
[84, array([ 0.484 , -0.0051]), array([ 4.87204762e-01, -1.47619048e-04]), 0.7854, 0.0]
[84, array([ 0.484 , -0.0051]), array([ 4.87352381e-01, -1.47619048e-04]), 0.7854, 0.0]
[84, array([ 0.484 , -0.0051]), array([ 4.87500000e-01, -1.47619048e-04]), 0.7854, 0.0]
[84, array([ 0.484 , -0.0051]), array([0.4844, 0.    ]), 0.7854, 0.0]
[84, array([ 0.484 , -0.0051]), array([0.48454762, 0.        ]), 0.7854, 0.0]
[84, array([ 0.484 , -0.0051]), array([0.48469524, 0.        ]), 0.7854, 0.0]
[84, array([ 0.484 , -0.0051]), array([0.48484286, 0.        ]), 0.7854, 0.0]
[84, array([ 0.484 , -0.0051]), array([0.48499048, 0.        ]), 0.7854, 0.0]
[84, array([ 0.484 , -0.0051]), array([0.4851381, 0.       ]), 0.7854, 0.0]
[84, array([ 0.484 , -0.0051]), array([0.48528571, 0.        ]), 0.7854, 0.0]
[84, array([ 0.484 , -0.0051]), array([0.48543333, 0.        ]), 0.7854, 1.0]
[84, array([ 0.484 , -0.0051]), array([0.48558095, 0.        ]), 0.7854, 0.0]
[84, array([ 0.484 , -0.0051]), array([0.48572857, 0.        ]), 0.7854, 1.0]
[84, array([ 0.484 , -0.0051]), array([0.48587619, 0.        ]), 0.7854, 0.0]
[84, array([ 0.484 , -0.0051]), array([0.48602381, 0.        ]), 0.7854, 0.0]
[84, array([ 0.484 , -0.0051]), array([0.48617143, 0.        ]), 0.7854, 0.0]
[84, array([ 0.484 , -0.0051]), array([0.48631905, 0.        ]), 0.7854, 0.0]
[84, array([ 0.484 , -0.0051]), array([0.48646667, 0.        ]), 0.7854, 0.0]
[84, array([ 0.484 , -0.0051]), array([0.48661429, 0.        ]), 0.7854, 0.0]
[84, array([ 0.484 , -0.0051]), array([0.4867619, 0.       ]), 0.7854, 0.0]
[84, array([ 0.484 , -0.0051]), array([0.48690952, 0.        ]), 0.7854, 0.0]
[84, array([ 0.484 , -0.0051]), array([0.48705714, 0.        ]), 0.7854, 0.0]
[84, array([ 0.484 , -0.0051]), array([0.48720476, 0.        ]), 0.7854, 0.0]
[84, array([ 0.484 , -0.0051]), array([0.48735238, 0.        ]), 0.7854, 0.0]
[84, array([ 0.484 , -0.0051]), array([0.4875, 0.    ]), 0.7854, 0.0]
[77, array([ 0.4862, -0.0357]), array([ 0.4813, -0.0406]), 0.7854, 0.0]
[77, array([ 0.4862, -0.0357]), array([ 0.48144762, -0.0406    ]), 0.7854, 0.0]
[77, array([ 0.4862, -0.0357]), array([ 0.48159524, -0.0406    ]), 0.7854, 0.0]
[77, array([ 0.4862, -0.0357]), array([ 0.48174286, -0.0406    ]), 0.7854, 0.0]
[77, array([ 0.4862, -0.0357]), array([ 0.48189048, -0.0406    ]), 0.7854, 0.0]
[77, array([ 0.4862, -0.0357]), array([ 0.4820381, -0.0406   ]), 0.7854, 0.0]
[77, array([ 0.4862, -0.0357]), array([ 0.48218571, -0.0406    ]), 0.7854, 0.0]
[77, array([ 0.4862, -0.0357]), array([ 0.48233333, -0.0406    ]), 0.7854, 0.0]
[77, array([ 0.4862, -0.0357]), array([ 0.48248095, -0.0406    ]), 0.7854, 0.0]
[77, array([ 0.4862, -0.0357]), array([ 0.48262857, -0.0406    ]), 0.7854, 0.0]
[77, array([ 0.4862, -0.0357]), array([ 0.48277619, -0.0406    ]), 0.7854, 0.0]
[77, array([ 0.4862, -0.0357]), array([ 0.48292381, -0.0406    ]), 0.7854, 0.0]
[77, array([ 0.4862, -0.0357]), array([ 0.48307143, -0.0406    ]), 0.7854, 0.0]
[77, array([ 0.4862, -0.0357]), array([ 0.48321905, -0.0406    ]), 0.7854, 0.0]
[77, array([ 0.4862, -0.0357]), array([ 0.48336667, -0.0406    ]), 0.7854, 0.0]
[77, array([ 0.4862, -0.0357]), array([ 0.48351429, -0.0406    ]), 0.7854, 0.0]
[77, array([ 0.4862, -0.0357]), array([ 0.4836619, -0.0406   ]), 0.7854, 0.0]
[77, array([ 0.4862, -0.0357]), array([ 0.48380952, -0.0406    ]), 0.7854, 0.0]
[77, array([ 0.4862, -0.0357]), array([ 0.48395714, -0.0406    ]), 0.7854, 0.0]
[77, array([ 0.4862, -0.0357]), array([ 0.48410476, -0.0406    ]), 0.7854, 0.0]
[77, array([ 0.4862, -0.0357]), array([ 0.48425238, -0.0406    ]), 0.7854, 0.0]
[77, array([ 0.4862, -0.0357]), array([ 0.4844, -0.0406]), 0.7854, 0.0]
[77, array([ 0.4862, -0.0357]), array([ 0.4813    , -0.04045238]), 0.7854, 0.0]
[77, array([ 0.4862, -0.0357]), array([ 0.48144762, -0.04045238]), 0.7854, 0.0]
[77, array([ 0.4862, -0.0357]), array([ 0.48159524, -0.04045238]), 0.7854, 0.0]
[77, array([ 0.4862, -0.0357]), array([ 0.48174286, -0.04045238]), 0.7854, 0.0]
[77, array([ 0.4862, -0.0357]), array([ 0.48189048, -0.04045238]), 0.7854, 0.0]
[77, array([ 0.4862, -0.0357]), array([ 0.4820381 , -0.04045238]), 0.7854, 0.0]
[77, array([ 0.4862, -0.0357]), array([ 0.48218571, -0.04045238]), 0.7854, 0.0]
[77, array([ 0.4862, -0.0357]), array([ 0.48233333, -0.04045238]), 0.7854, 0.0]
[77, array([ 0.4862, -0.0357]), array([ 0.48248095, -0.04045238]), 0.7854, 0.0]
[77, array([ 0.4862, -0.0357]), array([ 0.48262857, -0.04045238]), 0.7854, 0.0]
[77, array([ 0.4862, -0.0357]), array([ 0.48277619, -0.04045238]), 0.7854, 0.0]
[77, array([ 0.4862, -0.0357]), array([ 0.48292381, -0.04045238]), 0.7854, 0.0]
[77, array([ 0.4862, -0.0357]), array([ 0.48307143, -0.04045238]), 0.7854, 0.0]
[77, array([ 0.4862, -0.0357]), array([ 0.48321905, -0.04045238]), 0.7854, 0.0]
[77, array([ 0.4862, -0.0357]), array([ 0.48336667, -0.04045238]), 0.7854, 0.0]
[77, array([ 0.4862, -0.0357]), array([ 0.48351429, -0.04045238]), 0.7854, 0.0]
[77, array([ 0.4862, -0.0357]), array([ 0.4836619 , -0.04045238]), 0.7854, 0.0]
[77, array([ 0.4862, -0.0357]), array([ 0.48380952, -0.04045238]), 0.7854, 0.0]
[77, array([ 0.4862, -0.0357]), array([ 0.48395714, -0.04045238]), 0.7854, 0.0]
[77, array([ 0.4862, -0.0357]), array([ 0.48410476, -0.04045238]), 0.7854, 0.0]
[77, array([ 0.4862, -0.0357]), array([ 0.48425238, -0.04045238]), 0.7854, 0.0]
[77, array([ 0.4862, -0.0357]), array([ 0.4844    , -0.04045238]), 0.7854, 0.0]
[77, array([ 0.4862, -0.0357]), array([ 0.4813    , -0.04030476]), 0.7854, 0.0]
[77, array([ 0.4862, -0.0357]), array([ 0.48144762, -0.04030476]), 0.7854, 0.0]
[77, array([ 0.4862, -0.0357]), array([ 0.48159524, -0.04030476]), 0.7854, 0.0]
[77, array([ 0.4862, -0.0357]), array([ 0.48174286, -0.04030476]), 0.7854, 0.0]
[77, array([ 0.4862, -0.0357]), array([ 0.48189048, -0.04030476]), 0.7854, 0.0]
[77, array([ 0.4862, -0.0357]), array([ 0.4820381 , -0.04030476]), 0.7854, 0.0]
[77, array([ 0.4862, -0.0357]), array([ 0.48218571, -0.04030476]), 0.7854, 0.0]
[77, array([ 0.4862, -0.0357]), array([ 0.48233333, -0.04030476]), 0.7854, 0.0]
[77, array([ 0.4862, -0.0357]), array([ 0.48248095, -0.04030476]), 0.7854, 0.0]
[77, array([ 0.4862, -0.0357]), array([ 0.48262857, -0.04030476]), 0.7854, 0.0]
[77, array([ 0.4862, -0.0357]), array([ 0.48277619, -0.04030476]), 0.7854, 0.0]
[77, array([ 0.4862, -0.0357]), array([ 0.48292381, -0.04030476]), 0.7854, 0.0]
[77, array([ 0.4862, -0.0357]), array([ 0.48307143, -0.04030476]), 0.7854, 0.0]
[77, array([ 0.4862, -0.0357]), array([ 0.48321905, -0.04030476]), 0.7854, 0.0]
[77, array([ 0.4862, -0.0357]), array([ 0.48336667, -0.04030476]), 0.7854, 0.0]
[77, array([ 0.4862, -0.0357]), array([ 0.48351429, -0.04030476]), 0.7854, 0.0]
[77, array([ 0.4862, -0.0357]), array([ 0.4836619 , -0.04030476]), 0.7854, 0.0]
[77, array([ 0.4862, -0.0357]), array([ 0.48380952, -0.04030476]), 0.7854, 0.0]
[77, array([ 0.4862, -0.0357]), array([ 0.48395714, -0.04030476]), 0.7854, 0.0]
[77, array([ 0.4862, -0.0357]), array([ 0.48410476, -0.04030476]), 0.7854, 0.0]
[77, array([ 0.4862, -0.0357]), array([ 0.48425238, -0.04030476]), 0.7854, 0.0]
[77, array([ 0.4862, -0.0357]), array([ 0.4844    , -0.04030476]), 0.7854, 0.0]
[77, array([ 0.4862, -0.0357]), array([ 0.4813    , -0.04015714]), 0.7854, 0.0]
[77, array([ 0.4862, -0.0357]), array([ 0.48144762, -0.04015714]), 0.7854, 0.0]
[77, array([ 0.4862, -0.0357]), array([ 0.48159524, -0.04015714]), 0.7854, 0.0]
[77, array([ 0.4862, -0.0357]), array([ 0.48174286, -0.04015714]), 0.7854, 0.0]
[77, array([ 0.4862, -0.0357]), array([ 0.48189048, -0.04015714]), 0.7854, 0.0]
[77, array([ 0.4862, -0.0357]), array([ 0.4820381 , -0.04015714]), 0.7854, 0.0]
[77, array([ 0.4862, -0.0357]), array([ 0.48218571, -0.04015714]), 0.7854, 0.0]
[77, array([ 0.4862, -0.0357]), array([ 0.48233333, -0.04015714]), 0.7854, 0.0]
[77, array([ 0.4862, -0.0357]), array([ 0.48248095, -0.04015714]), 0.7854, 0.0]
[77, array([ 0.4862, -0.0357]), array([ 0.48262857, -0.04015714]), 0.7854, 0.0]
[77, array([ 0.4862, -0.0357]), array([ 0.48277619, -0.04015714]), 0.7854, 0.0]
[77, array([ 0.4862, -0.0357]), array([ 0.48292381, -0.04015714]), 0.7854, 0.0]
[77, array([ 0.4862, -0.0357]), array([ 0.48307143, -0.04015714]), 0.7854, 0.0]
[77, array([ 0.4862, -0.0357]), array([ 0.48321905, -0.04015714]), 0.7854, 0.0]
[77, array([ 0.4862, -0.0357]), array([ 0.48336667, -0.04015714]), 0.7854, 0.0]
[77, array([ 0.4862, -0.0357]), array([ 0.48351429, -0.04015714]), 0.7854, 0.0]
[77, array([ 0.4862, -0.0357]), array([ 0.4836619 , -0.04015714]), 0.7854, 0.0]
[77, array([ 0.4862, -0.0357]), array([ 0.48380952, -0.04015714]), 0.7854, 0.0]
[77, array([ 0.4862, -0.0357]), array([ 0.48395714, -0.04015714]), 0.7854, 0.0]
[77, array([ 0.4862, -0.0357]), array([ 0.48410476, -0.04015714]), 0.7854, 0.0]
[77, array([ 0.4862, -0.0357]), array([ 0.48425238, -0.04015714]), 0.7854, 0.0]
[77, array([ 0.4862, -0.0357]), array([ 0.4844    , -0.04015714]), 0.7854, 0.0]
[77, array([ 0.4862, -0.0357]), array([ 0.4813    , -0.04000952]), 0.7854, 0.0]
[77, array([ 0.4862, -0.0357]), array([ 0.48144762, -0.04000952]), 0.7854, 0.0]
[77, array([ 0.4862, -0.0357]), array([ 0.48159524, -0.04000952]), 0.7854, 0.0]
[77, array([ 0.4862, -0.0357]), array([ 0.48174286, -0.04000952]), 0.7854, 0.0]
[77, array([ 0.4862, -0.0357]), array([ 0.48189048, -0.04000952]), 0.7854, 0.0]
[77, array([ 0.4862, -0.0357]), array([ 0.4820381 , -0.04000952]), 0.7854, 0.0]
[77, array([ 0.4862, -0.0357]), array([ 0.48218571, -0.04000952]), 0.7854, 0.0]
[77, array([ 0.4862, -0.0357]), array([ 0.48233333, -0.04000952]), 0.7854, 0.0]
[77, array([ 0.4862, -0.0357]), array([ 0.48248095, -0.04000952]), 0.7854, 0.0]
[77, array([ 0.4862, -0.0357]), array([ 0.48262857, -0.04000952]), 0.7854, 0.0]
[77, array([ 0.4862, -0.0357]), array([ 0.48277619, -0.04000952]), 0.7854, 0.0]
[77, array([ 0.4862, -0.0357]), array([ 0.48292381, -0.04000952]), 0.7854, 0.0]
[77, array([ 0.4862, -0.0357]), array([ 0.48307143, -0.04000952]), 0.7854, 0.0]
[77, array([ 0.4862, -0.0357]), array([ 0.48321905, -0.04000952]), 0.7854, 0.0]
[77, array([ 0.4862, -0.0357]), array([ 0.48336667, -0.04000952]), 0.7854, 0.0]
[77, array([ 0.4862, -0.0357]), array([ 0.48351429, -0.04000952]), 0.7854, 0.0]
[77, array([ 0.4862, -0.0357]), array([ 0.4836619 , -0.04000952]), 0.7854, 0.0]
[77, array([ 0.4862, -0.0357]), array([ 0.48380952, -0.04000952]), 0.7854, 0.0]
[77, array([ 0.4862, -0.0357]), array([ 0.48395714, -0.04000952]), 0.7854, 0.0]
[77, array([ 0.4862, -0.0357]), array([ 0.48410476, -0.04000952]), 0.7854, 0.0]
[77, array([ 0.4862, -0.0357]), array([ 0.48425238, -0.04000952]), 0.7854, 0.0]
[77, array([ 0.4862, -0.0357]), array([ 0.4844    , -0.04000952]), 0.7854, 0.0]
[77, array([ 0.4862, -0.0357]), array([ 0.4813   , -0.0398619]), 0.7854, 0.0]
[77, array([ 0.4862, -0.0357]), array([ 0.48144762, -0.0398619 ]), 0.7854, 0.0]
[77, array([ 0.4862, -0.0357]), array([ 0.48159524, -0.0398619 ]), 0.7854, 0.0]
[77, array([ 0.4862, -0.0357]), array([ 0.48174286, -0.0398619 ]), 0.7854, 0.0]
[77, array([ 0.4862, -0.0357]), array([ 0.48189048, -0.0398619 ]), 0.7854, 0.0]
[77, array([ 0.4862, -0.0357]), array([ 0.4820381, -0.0398619]), 0.7854, 0.0]
[77, array([ 0.4862, -0.0357]), array([ 0.48218571, -0.0398619 ]), 0.7854, 0.0]
[77, array([ 0.4862, -0.0357]), array([ 0.48233333, -0.0398619 ]), 0.7854, 0.0]
[77, array([ 0.4862, -0.0357]), array([ 0.48248095, -0.0398619 ]), 0.7854, 0.0]
[77, array([ 0.4862, -0.0357]), array([ 0.48262857, -0.0398619 ]), 0.7854, 0.0]
[77, array([ 0.4862, -0.0357]), array([ 0.48277619, -0.0398619 ]), 0.7854, 0.0]
[77, array([ 0.4862, -0.0357]), array([ 0.48292381, -0.0398619 ]), 0.7854, 0.0]
[77, array([ 0.4862, -0.0357]), array([ 0.48307143, -0.0398619 ]), 0.7854, 0.0]
[77, array([ 0.4862, -0.0357]), array([ 0.48321905, -0.0398619 ]), 0.7854, 0.0]
[77, array([ 0.4862, -0.0357]), array([ 0.48336667, -0.0398619 ]), 0.7854, 0.0]
[77, array([ 0.4862, -0.0357]), array([ 0.48351429, -0.0398619 ]), 0.7854, 0.0]
[77, array([ 0.4862, -0.0357]), array([ 0.4836619, -0.0398619]), 0.7854, 0.0]
[77, array([ 0.4862, -0.0357]), array([ 0.48380952, -0.0398619 ]), 0.7854, 0.0]
[77, array([ 0.4862, -0.0357]), array([ 0.48395714, -0.0398619 ]), 0.7854, 0.0]
[77, array([ 0.4862, -0.0357]), array([ 0.48410476, -0.0398619 ]), 0.7854, 0.0]
[77, array([ 0.4862, -0.0357]), array([ 0.48425238, -0.0398619 ]), 0.7854, 0.0]
[77, array([ 0.4862, -0.0357]), array([ 0.4844   , -0.0398619]), 0.7854, 0.0]
[77, array([ 0.4862, -0.0357]), array([ 0.4813    , -0.03971429]), 0.7854, 0.0]
[77, array([ 0.4862, -0.0357]), array([ 0.48144762, -0.03971429]), 0.7854, 0.0]
[77, array([ 0.4862, -0.0357]), array([ 0.48159524, -0.03971429]), 0.7854, 0.0]
[77, array([ 0.4862, -0.0357]), array([ 0.48174286, -0.03971429]), 0.7854, 0.0]
[77, array([ 0.4862, -0.0357]), array([ 0.48189048, -0.03971429]), 0.7854, 0.0]
[77, array([ 0.4862, -0.0357]), array([ 0.4820381 , -0.03971429]), 0.7854, 0.0]
[77, array([ 0.4862, -0.0357]), array([ 0.48218571, -0.03971429]), 0.7854, 0.0]
[77, array([ 0.4862, -0.0357]), array([ 0.48233333, -0.03971429]), 0.7854, 0.0]
[77, array([ 0.4862, -0.0357]), array([ 0.48248095, -0.03971429]), 0.7854, 0.0]
[77, array([ 0.4862, -0.0357]), array([ 0.48262857, -0.03971429]), 0.7854, 0.0]
[77, array([ 0.4862, -0.0357]), array([ 0.48277619, -0.03971429]), 0.7854, 0.0]
[77, array([ 0.4862, -0.0357]), array([ 0.48292381, -0.03971429]), 0.7854, 0.0]
[77, array([ 0.4862, -0.0357]), array([ 0.48307143, -0.03971429]), 0.7854, 0.0]
[77, array([ 0.4862, -0.0357]), array([ 0.48321905, -0.03971429]), 0.7854, 0.0]
[77, array([ 0.4862, -0.0357]), array([ 0.48336667, -0.03971429]), 0.7854, 0.0]
[77, array([ 0.4862, -0.0357]), array([ 0.48351429, -0.03971429]), 0.7854, 0.0]
[77, array([ 0.4862, -0.0357]), array([ 0.4836619 , -0.03971429]), 0.7854, 0.0]
[77, array([ 0.4862, -0.0357]), array([ 0.48380952, -0.03971429]), 0.7854, 0.0]
[77, array([ 0.4862, -0.0357]), array([ 0.48395714, -0.03971429]), 0.7854, 0.0]
[77, array([ 0.4862, -0.0357]), array([ 0.48410476, -0.03971429]), 0.7854, 0.0]
[77, array([ 0.4862, -0.0357]), array([ 0.48425238, -0.03971429]), 0.7854, 0.0]
[77, array([ 0.4862, -0.0357]), array([ 0.4844    , -0.03971429]), 0.7854, 0.0]
[77, array([ 0.4862, -0.0357]), array([ 0.4813    , -0.03956667]), 0.7854, 0.0]
[77, array([ 0.4862, -0.0357]), array([ 0.48144762, -0.03956667]), 0.7854, 0.0]
[77, array([ 0.4862, -0.0357]), array([ 0.48159524, -0.03956667]), 0.7854, 0.0]
[77, array([ 0.4862, -0.0357]), array([ 0.48174286, -0.03956667]), 0.7854, 0.0]
[77, array([ 0.4862, -0.0357]), array([ 0.48189048, -0.03956667]), 0.7854, 0.0]
[77, array([ 0.4862, -0.0357]), array([ 0.4820381 , -0.03956667]), 0.7854, 0.0]
[77, array([ 0.4862, -0.0357]), array([ 0.48218571, -0.03956667]), 0.7854, 0.0]
[77, array([ 0.4862, -0.0357]), array([ 0.48233333, -0.03956667]), 0.7854, 0.0]
[77, array([ 0.4862, -0.0357]), array([ 0.48248095, -0.03956667]), 0.7854, 0.0]
[77, array([ 0.4862, -0.0357]), array([ 0.48262857, -0.03956667]), 0.7854, 0.0]
[77, array([ 0.4862, -0.0357]), array([ 0.48277619, -0.03956667]), 0.7854, 0.0]
[77, array([ 0.4862, -0.0357]), array([ 0.48292381, -0.03956667]), 0.7854, 0.0]
[77, array([ 0.4862, -0.0357]), array([ 0.48307143, -0.03956667]), 0.7854, 0.0]
[77, array([ 0.4862, -0.0357]), array([ 0.48321905, -0.03956667]), 0.7854, 0.0]
[77, array([ 0.4862, -0.0357]), array([ 0.48336667, -0.03956667]), 0.7854, 0.0]
[77, array([ 0.4862, -0.0357]), array([ 0.48351429, -0.03956667]), 0.7854, 0.0]
[77, array([ 0.4862, -0.0357]), array([ 0.4836619 , -0.03956667]), 0.7854, 0.0]
[77, array([ 0.4862, -0.0357]), array([ 0.48380952, -0.03956667]), 0.7854, 0.0]
[77, array([ 0.4862, -0.0357]), array([ 0.48395714, -0.03956667]), 0.7854, 0.0]
[77, array([ 0.4862, -0.0357]), array([ 0.48410476, -0.03956667]), 0.7854, 0.0]
[77, array([ 0.4862, -0.0357]), array([ 0.48425238, -0.03956667]), 0.7854, 0.0]
[77, array([ 0.4862, -0.0357]), array([ 0.4844    , -0.03956667]), 0.7854, 0.0]
[77, array([ 0.4862, -0.0357]), array([ 0.4813    , -0.03941905]), 0.7854, 1.0]
[77, array([ 0.4862, -0.0357]), array([ 0.48144762, -0.03941905]), 0.7854, 0.0]
[77, array([ 0.4862, -0.0357]), array([ 0.48159524, -0.03941905]), 0.7854, 0.0]
[77, array([ 0.4862, -0.0357]), array([ 0.48174286, -0.03941905]), 0.7854, 0.0]
[77, array([ 0.4862, -0.0357]), array([ 0.48189048, -0.03941905]), 0.7854, 0.0]
[77, array([ 0.4862, -0.0357]), array([ 0.4820381 , -0.03941905]), 0.7854, 0.0]
[77, array([ 0.4862, -0.0357]), array([ 0.48218571, -0.03941905]), 0.7854, 0.0]
[77, array([ 0.4862, -0.0357]), array([ 0.48233333, -0.03941905]), 0.7854, 0.0]
[77, array([ 0.4862, -0.0357]), array([ 0.48248095, -0.03941905]), 0.7854, 0.0]
[77, array([ 0.4862, -0.0357]), array([ 0.48262857, -0.03941905]), 0.7854, 0.0]
[77, array([ 0.4862, -0.0357]), array([ 0.48277619, -0.03941905]), 0.7854, 0.0]
[77, array([ 0.4862, -0.0357]), array([ 0.48292381, -0.03941905]), 0.7854, 0.0]
[77, array([ 0.4862, -0.0357]), array([ 0.48307143, -0.03941905]), 0.7854, 0.0]
[77, array([ 0.4862, -0.0357]), array([ 0.48321905, -0.03941905]), 0.7854, 0.0]
[77, array([ 0.4862, -0.0357]), array([ 0.48336667, -0.03941905]), 0.7854, 0.0]
[77, array([ 0.4862, -0.0357]), array([ 0.48351429, -0.03941905]), 0.7854, 0.0]
[77, array([ 0.4862, -0.0357]), array([ 0.4836619 , -0.03941905]), 0.7854, 0.0]
[77, array([ 0.4862, -0.0357]), array([ 0.48380952, -0.03941905]), 0.7854, 0.0]
[77, array([ 0.4862, -0.0357]), array([ 0.48395714, -0.03941905]), 0.7854, 0.0]
[77, array([ 0.4862, -0.0357]), array([ 0.48410476, -0.03941905]), 0.7854, 0.0]
[77, array([ 0.4862, -0.0357]), array([ 0.48425238, -0.03941905]), 0.7854, 0.0]
[77, array([ 0.4862, -0.0357]), array([ 0.4844    , -0.03941905]), 0.7854, 0.0]
[77, array([ 0.4862, -0.0357]), array([ 0.4813    , -0.03927143]), 0.7854, 1.0]
[77, array([ 0.4862, -0.0357]), array([ 0.48144762, -0.03927143]), 0.7854, 1.0]
[77, array([ 0.4862, -0.0357]), array([ 0.48159524, -0.03927143]), 0.7854, 0.0]
[77, array([ 0.4862, -0.0357]), array([ 0.48174286, -0.03927143]), 0.7854, 0.0]
[77, array([ 0.4862, -0.0357]), array([ 0.48189048, -0.03927143]), 0.7854, 0.0]
[77, array([ 0.4862, -0.0357]), array([ 0.4820381 , -0.03927143]), 0.7854, 0.0]
[77, array([ 0.4862, -0.0357]), array([ 0.48218571, -0.03927143]), 0.7854, 0.0]
[77, array([ 0.4862, -0.0357]), array([ 0.48233333, -0.03927143]), 0.7854, 0.0]
[77, array([ 0.4862, -0.0357]), array([ 0.48248095, -0.03927143]), 0.7854, 0.0]
[77, array([ 0.4862, -0.0357]), array([ 0.48262857, -0.03927143]), 0.7854, 0.0]
[77, array([ 0.4862, -0.0357]), array([ 0.48277619, -0.03927143]), 0.7854, 0.0]
[77, array([ 0.4862, -0.0357]), array([ 0.48292381, -0.03927143]), 0.7854, 0.0]
[77, array([ 0.4862, -0.0357]), array([ 0.48307143, -0.03927143]), 0.7854, 0.0]
[77, array([ 0.4862, -0.0357]), array([ 0.48321905, -0.03927143]), 0.7854, 0.0]
[77, array([ 0.4862, -0.0357]), array([ 0.48336667, -0.03927143]), 0.7854, 0.0]
[77, array([ 0.4862, -0.0357]), array([ 0.48351429, -0.03927143]), 0.7854, 0.0]
[77, array([ 0.4862, -0.0357]), array([ 0.4836619 , -0.03927143]), 0.7854, 0.0]
[77, array([ 0.4862, -0.0357]), array([ 0.48380952, -0.03927143]), 0.7854, 0.0]
[77, array([ 0.4862, -0.0357]), array([ 0.48395714, -0.03927143]), 0.7854, 0.0]
[77, array([ 0.4862, -0.0357]), array([ 0.48410476, -0.03927143]), 0.7854, 0.0]
[77, array([ 0.4862, -0.0357]), array([ 0.48425238, -0.03927143]), 0.7854, 0.0]
[77, array([ 0.4862, -0.0357]), array([ 0.4844    , -0.03927143]), 0.7854, 0.0]
[77, array([ 0.4862, -0.0357]), array([ 0.4813    , -0.03912381]), 0.7854, 0.0]
[77, array([ 0.4862, -0.0357]), array([ 0.48144762, -0.03912381]), 0.7854, 0.0]
[77, array([ 0.4862, -0.0357]), array([ 0.48159524, -0.03912381]), 0.7854, 1.0]
[77, array([ 0.4862, -0.0357]), array([ 0.48174286, -0.03912381]), 0.7854, 0.0]
[77, array([ 0.4862, -0.0357]), array([ 0.48189048, -0.03912381]), 0.7854, 0.0]
[77, array([ 0.4862, -0.0357]), array([ 0.4820381 , -0.03912381]), 0.7854, 0.0]
[77, array([ 0.4862, -0.0357]), array([ 0.48218571, -0.03912381]), 0.7854, 0.0]
[77, array([ 0.4862, -0.0357]), array([ 0.48233333, -0.03912381]), 0.7854, 0.0]
[77, array([ 0.4862, -0.0357]), array([ 0.48248095, -0.03912381]), 0.7854, 0.0]
[77, array([ 0.4862, -0.0357]), array([ 0.48262857, -0.03912381]), 0.7854, 0.0]
[77, array([ 0.4862, -0.0357]), array([ 0.48277619, -0.03912381]), 0.7854, 0.0]
[77, array([ 0.4862, -0.0357]), array([ 0.48292381, -0.03912381]), 0.7854, 0.0]
[77, array([ 0.4862, -0.0357]), array([ 0.48307143, -0.03912381]), 0.7854, 0.0]
[77, array([ 0.4862, -0.0357]), array([ 0.48321905, -0.03912381]), 0.7854, 0.0]
[77, array([ 0.4862, -0.0357]), array([ 0.48336667, -0.03912381]), 0.7854, 0.0]
[77, array([ 0.4862, -0.0357]), array([ 0.48351429, -0.03912381]), 0.7854, 0.0]
[77, array([ 0.4862, -0.0357]), array([ 0.4836619 , -0.03912381]), 0.7854, 0.0]
[77, array([ 0.4862, -0.0357]), array([ 0.48380952, -0.03912381]), 0.7854, 0.0]
[77, array([ 0.4862, -0.0357]), array([ 0.48395714, -0.03912381]), 0.7854, 0.0]
[77, array([ 0.4862, -0.0357]), array([ 0.48410476, -0.03912381]), 0.7854, 0.0]
[77, array([ 0.4862, -0.0357]), array([ 0.48425238, -0.03912381]), 0.7854, 0.0]
[77, array([ 0.4862, -0.0357]), array([ 0.4844    , -0.03912381]), 0.7854, 0.0]
[77, array([ 0.4862, -0.0357]), array([ 0.4813    , -0.03897619]), 0.7854, 1.0]
[77, array([ 0.4862, -0.0357]), array([ 0.48144762, -0.03897619]), 0.7854, 1.0]
[77, array([ 0.4862, -0.0357]), array([ 0.48159524, -0.03897619]), 0.7854, 0.0]
[77, array([ 0.4862, -0.0357]), array([ 0.48174286, -0.03897619]), 0.7854, 0.0]
[77, array([ 0.4862, -0.0357]), array([ 0.48189048, -0.03897619]), 0.7854, 0.0]
[77, array([ 0.4862, -0.0357]), array([ 0.4820381 , -0.03897619]), 0.7854, 0.0]
[77, array([ 0.4862, -0.0357]), array([ 0.48218571, -0.03897619]), 0.7854, 0.0]
[77, array([ 0.4862, -0.0357]), array([ 0.48233333, -0.03897619]), 0.7854, 0.0]
[77, array([ 0.4862, -0.0357]), array([ 0.48248095, -0.03897619]), 0.7854, 0.0]
[77, array([ 0.4862, -0.0357]), array([ 0.48262857, -0.03897619]), 0.7854, 0.0]
[77, array([ 0.4862, -0.0357]), array([ 0.48277619, -0.03897619]), 0.7854, 0.0]
[77, array([ 0.4862, -0.0357]), array([ 0.48292381, -0.03897619]), 0.7854, 0.0]
[77, array([ 0.4862, -0.0357]), array([ 0.48307143, -0.03897619]), 0.7854, 0.0]
[77, array([ 0.4862, -0.0357]), array([ 0.48321905, -0.03897619]), 0.7854, 0.0]
[77, array([ 0.4862, -0.0357]), array([ 0.48336667, -0.03897619]), 0.7854, 0.0]
[77, array([ 0.4862, -0.0357]), array([ 0.48351429, -0.03897619]), 0.7854, 0.0]
[77, array([ 0.4862, -0.0357]), array([ 0.4836619 , -0.03897619]), 0.7854, 0.0]
[77, array([ 0.4862, -0.0357]), array([ 0.48380952, -0.03897619]), 0.7854, 0.0]
[77, array([ 0.4862, -0.0357]), array([ 0.48395714, -0.03897619]), 0.7854, 0.0]
[77, array([ 0.4862, -0.0357]), array([ 0.48410476, -0.03897619]), 0.7854, 0.0]
[77, array([ 0.4862, -0.0357]), array([ 0.48425238, -0.03897619]), 0.7854, 0.0]
[77, array([ 0.4862, -0.0357]), array([ 0.4844    , -0.03897619]), 0.7854, 0.0]
[77, array([ 0.4862, -0.0357]), array([ 0.4813    , -0.03882857]), 0.7854, 0.0]
[77, array([ 0.4862, -0.0357]), array([ 0.48144762, -0.03882857]), 0.7854, 0.0]
[77, array([ 0.4862, -0.0357]), array([ 0.48159524, -0.03882857]), 0.7854, 1.0]
[77, array([ 0.4862, -0.0357]), array([ 0.48174286, -0.03882857]), 0.7854, 0.0]
[77, array([ 0.4862, -0.0357]), array([ 0.48189048, -0.03882857]), 0.7854, 0.0]
[77, array([ 0.4862, -0.0357]), array([ 0.4820381 , -0.03882857]), 0.7854, 0.0]
[77, array([ 0.4862, -0.0357]), array([ 0.48218571, -0.03882857]), 0.7854, 0.0]
[77, array([ 0.4862, -0.0357]), array([ 0.48233333, -0.03882857]), 0.7854, 0.0]
[77, array([ 0.4862, -0.0357]), array([ 0.48248095, -0.03882857]), 0.7854, 0.0]
[77, array([ 0.4862, -0.0357]), array([ 0.48262857, -0.03882857]), 0.7854, 0.0]
[77, array([ 0.4862, -0.0357]), array([ 0.48277619, -0.03882857]), 0.7854, 0.0]
[77, array([ 0.4862, -0.0357]), array([ 0.48292381, -0.03882857]), 0.7854, 0.0]
[77, array([ 0.4862, -0.0357]), array([ 0.48307143, -0.03882857]), 0.7854, 0.0]
[77, array([ 0.4862, -0.0357]), array([ 0.48321905, -0.03882857]), 0.7854, 0.0]
[77, array([ 0.4862, -0.0357]), array([ 0.48336667, -0.03882857]), 0.7854, 0.0]
[77, array([ 0.4862, -0.0357]), array([ 0.48351429, -0.03882857]), 0.7854, 0.0]
[77, array([ 0.4862, -0.0357]), array([ 0.4836619 , -0.03882857]), 0.7854, 0.0]
[77, array([ 0.4862, -0.0357]), array([ 0.48380952, -0.03882857]), 0.7854, 0.0]
[77, array([ 0.4862, -0.0357]), array([ 0.48395714, -0.03882857]), 0.7854, 0.0]
[77, array([ 0.4862, -0.0357]), array([ 0.48410476, -0.03882857]), 0.7854, 0.0]
[77, array([ 0.4862, -0.0357]), array([ 0.48425238, -0.03882857]), 0.7854, 0.0]
[77, array([ 0.4862, -0.0357]), array([ 0.4844    , -0.03882857]), 0.7854, 0.0]
[77, array([ 0.4862, -0.0357]), array([ 0.4813    , -0.03868095]), 0.7854, 0.0]
[77, array([ 0.4862, -0.0357]), array([ 0.48144762, -0.03868095]), 0.7854, 0.0]
[77, array([ 0.4862, -0.0357]), array([ 0.48159524, -0.03868095]), 0.7854, 0.0]
[77, array([ 0.4862, -0.0357]), array([ 0.48174286, -0.03868095]), 0.7854, 1.0]
[77, array([ 0.4862, -0.0357]), array([ 0.48189048, -0.03868095]), 0.7854, 0.0]
[77, array([ 0.4862, -0.0357]), array([ 0.4820381 , -0.03868095]), 0.7854, 0.0]
[77, array([ 0.4862, -0.0357]), array([ 0.48218571, -0.03868095]), 0.7854, 0.0]
[77, array([ 0.4862, -0.0357]), array([ 0.48233333, -0.03868095]), 0.7854, 0.0]
[77, array([ 0.4862, -0.0357]), array([ 0.48248095, -0.03868095]), 0.7854, 0.0]
[77, array([ 0.4862, -0.0357]), array([ 0.48262857, -0.03868095]), 0.7854, 0.0]
[77, array([ 0.4862, -0.0357]), array([ 0.48277619, -0.03868095]), 0.7854, 0.0]
[77, array([ 0.4862, -0.0357]), array([ 0.48292381, -0.03868095]), 0.7854, 0.0]
[77, array([ 0.4862, -0.0357]), array([ 0.48307143, -0.03868095]), 0.7854, 0.0]
[77, array([ 0.4862, -0.0357]), array([ 0.48321905, -0.03868095]), 0.7854, 0.0]
[77, array([ 0.4862, -0.0357]), array([ 0.48336667, -0.03868095]), 0.7854, 0.0]
[77, array([ 0.4862, -0.0357]), array([ 0.48351429, -0.03868095]), 0.7854, 0.0]
[77, array([ 0.4862, -0.0357]), array([ 0.4836619 , -0.03868095]), 0.7854, 0.0]
[77, array([ 0.4862, -0.0357]), array([ 0.48380952, -0.03868095]), 0.7854, 0.0]
[77, array([ 0.4862, -0.0357]), array([ 0.48395714, -0.03868095]), 0.7854, 0.0]
[77, array([ 0.4862, -0.0357]), array([ 0.48410476, -0.03868095]), 0.7854, 0.0]
[77, array([ 0.4862, -0.0357]), array([ 0.48425238, -0.03868095]), 0.7854, 0.0]
[77, array([ 0.4862, -0.0357]), array([ 0.4844    , -0.03868095]), 0.7854, 0.0]
[77, array([ 0.4862, -0.0357]), array([ 0.4813    , -0.03853333]), 0.7854, 0.0]
[77, array([ 0.4862, -0.0357]), array([ 0.48144762, -0.03853333]), 0.7854, 0.0]
[77, array([ 0.4862, -0.0357]), array([ 0.48159524, -0.03853333]), 0.7854, 0.0]
[77, array([ 0.4862, -0.0357]), array([ 0.48174286, -0.03853333]), 0.7854, 0.0]
[77, array([ 0.4862, -0.0357]), array([ 0.48189048, -0.03853333]), 0.7854, 0.0]
[77, array([ 0.4862, -0.0357]), array([ 0.4820381 , -0.03853333]), 0.7854, 0.0]
[77, array([ 0.4862, -0.0357]), array([ 0.48218571, -0.03853333]), 0.7854, 0.0]
[77, array([ 0.4862, -0.0357]), array([ 0.48233333, -0.03853333]), 0.7854, 0.0]
[77, array([ 0.4862, -0.0357]), array([ 0.48248095, -0.03853333]), 0.7854, 0.0]
[77, array([ 0.4862, -0.0357]), array([ 0.48262857, -0.03853333]), 0.7854, 0.0]
[77, array([ 0.4862, -0.0357]), array([ 0.48277619, -0.03853333]), 0.7854, 0.0]
[77, array([ 0.4862, -0.0357]), array([ 0.48292381, -0.03853333]), 0.7854, 0.0]
[77, array([ 0.4862, -0.0357]), array([ 0.48307143, -0.03853333]), 0.7854, 0.0]
[77, array([ 0.4862, -0.0357]), array([ 0.48321905, -0.03853333]), 0.7854, 0.0]
[77, array([ 0.4862, -0.0357]), array([ 0.48336667, -0.03853333]), 0.7854, 0.0]
[77, array([ 0.4862, -0.0357]), array([ 0.48351429, -0.03853333]), 0.7854, 0.0]
[77, array([ 0.4862, -0.0357]), array([ 0.4836619 , -0.03853333]), 0.7854, 0.0]
[77, array([ 0.4862, -0.0357]), array([ 0.48380952, -0.03853333]), 0.7854, 0.0]
[77, array([ 0.4862, -0.0357]), array([ 0.48395714, -0.03853333]), 0.7854, 0.0]
[77, array([ 0.4862, -0.0357]), array([ 0.48410476, -0.03853333]), 0.7854, 0.0]
[77, array([ 0.4862, -0.0357]), array([ 0.48425238, -0.03853333]), 0.7854, 0.0]
[77, array([ 0.4862, -0.0357]), array([ 0.4844    , -0.03853333]), 0.7854, 0.0]
[77, array([ 0.4862, -0.0357]), array([ 0.4813    , -0.03838571]), 0.7854, 0.0]
[77, array([ 0.4862, -0.0357]), array([ 0.48144762, -0.03838571]), 0.7854, 0.0]
[77, array([ 0.4862, -0.0357]), array([ 0.48159524, -0.03838571]), 0.7854, 0.0]
[77, array([ 0.4862, -0.0357]), array([ 0.48174286, -0.03838571]), 0.7854, 1.0]
[77, array([ 0.4862, -0.0357]), array([ 0.48189048, -0.03838571]), 0.7854, 1.0]
[77, array([ 0.4862, -0.0357]), array([ 0.4820381 , -0.03838571]), 0.7854, 1.0]
[77, array([ 0.4862, -0.0357]), array([ 0.48218571, -0.03838571]), 0.7854, 0.0]
[77, array([ 0.4862, -0.0357]), array([ 0.48233333, -0.03838571]), 0.7854, 0.0]
[77, array([ 0.4862, -0.0357]), array([ 0.48248095, -0.03838571]), 0.7854, 0.0]
[77, array([ 0.4862, -0.0357]), array([ 0.48262857, -0.03838571]), 0.7854, 0.0]
[77, array([ 0.4862, -0.0357]), array([ 0.48277619, -0.03838571]), 0.7854, 0.0]
[77, array([ 0.4862, -0.0357]), array([ 0.48292381, -0.03838571]), 0.7854, 0.0]
[77, array([ 0.4862, -0.0357]), array([ 0.48307143, -0.03838571]), 0.7854, 0.0]
[77, array([ 0.4862, -0.0357]), array([ 0.48321905, -0.03838571]), 0.7854, 0.0]
[77, array([ 0.4862, -0.0357]), array([ 0.48336667, -0.03838571]), 0.7854, 0.0]
[77, array([ 0.4862, -0.0357]), array([ 0.48351429, -0.03838571]), 0.7854, 0.0]
[77, array([ 0.4862, -0.0357]), array([ 0.4836619 , -0.03838571]), 0.7854, 0.0]
[77, array([ 0.4862, -0.0357]), array([ 0.48380952, -0.03838571]), 0.7854, 0.0]
[77, array([ 0.4862, -0.0357]), array([ 0.48395714, -0.03838571]), 0.7854, 0.0]
[77, array([ 0.4862, -0.0357]), array([ 0.48410476, -0.03838571]), 0.7854, 0.0]
[77, array([ 0.4862, -0.0357]), array([ 0.48425238, -0.03838571]), 0.7854, 0.0]
[77, array([ 0.4862, -0.0357]), array([ 0.4844    , -0.03838571]), 0.7854, 0.0]
[77, array([ 0.4862, -0.0357]), array([ 0.4813   , -0.0382381]), 0.7854, 0.0]
[77, array([ 0.4862, -0.0357]), array([ 0.48144762, -0.0382381 ]), 0.7854, 0.0]
[77, array([ 0.4862, -0.0357]), array([ 0.48159524, -0.0382381 ]), 0.7854, 0.0]
[77, array([ 0.4862, -0.0357]), array([ 0.48174286, -0.0382381 ]), 0.7854, 1.0]
[77, array([ 0.4862, -0.0357]), array([ 0.48189048, -0.0382381 ]), 0.7854, 1.0]
[77, array([ 0.4862, -0.0357]), array([ 0.4820381, -0.0382381]), 0.7854, 1.0]
[77, array([ 0.4862, -0.0357]), array([ 0.48218571, -0.0382381 ]), 0.7854, 1.0]
[77, array([ 0.4862, -0.0357]), array([ 0.48233333, -0.0382381 ]), 0.7854, 0.0]
[77, array([ 0.4862, -0.0357]), array([ 0.48248095, -0.0382381 ]), 0.7854, 0.0]
[77, array([ 0.4862, -0.0357]), array([ 0.48262857, -0.0382381 ]), 0.7854, 0.0]
[77, array([ 0.4862, -0.0357]), array([ 0.48277619, -0.0382381 ]), 0.7854, 0.0]
[77, array([ 0.4862, -0.0357]), array([ 0.48292381, -0.0382381 ]), 0.7854, 0.0]
[77, array([ 0.4862, -0.0357]), array([ 0.48307143, -0.0382381 ]), 0.7854, 0.0]
[77, array([ 0.4862, -0.0357]), array([ 0.48321905, -0.0382381 ]), 0.7854, 0.0]
[77, array([ 0.4862, -0.0357]), array([ 0.48336667, -0.0382381 ]), 0.7854, 0.0]
[77, array([ 0.4862, -0.0357]), array([ 0.48351429, -0.0382381 ]), 0.7854, 0.0]
[77, array([ 0.4862, -0.0357]), array([ 0.4836619, -0.0382381]), 0.7854, 0.0]
[77, array([ 0.4862, -0.0357]), array([ 0.48380952, -0.0382381 ]), 0.7854, 0.0]
[77, array([ 0.4862, -0.0357]), array([ 0.48395714, -0.0382381 ]), 0.7854, 0.0]
[77, array([ 0.4862, -0.0357]), array([ 0.48410476, -0.0382381 ]), 0.7854, 0.0]
[77, array([ 0.4862, -0.0357]), array([ 0.48425238, -0.0382381 ]), 0.7854, 0.0]
[77, array([ 0.4862, -0.0357]), array([ 0.4844   , -0.0382381]), 0.7854, 0.0]
[77, array([ 0.4862, -0.0357]), array([ 0.4813    , -0.03809048]), 0.7854, 0.0]
[77, array([ 0.4862, -0.0357]), array([ 0.48144762, -0.03809048]), 0.7854, 1.0]
[77, array([ 0.4862, -0.0357]), array([ 0.48159524, -0.03809048]), 0.7854, 1.0]
[77, array([ 0.4862, -0.0357]), array([ 0.48174286, -0.03809048]), 0.7854, 1.0]
[77, array([ 0.4862, -0.0357]), array([ 0.48189048, -0.03809048]), 0.7854, 1.0]
[77, array([ 0.4862, -0.0357]), array([ 0.4820381 , -0.03809048]), 0.7854, 1.0]
[77, array([ 0.4862, -0.0357]), array([ 0.48218571, -0.03809048]), 0.7854, 1.0]
[77, array([ 0.4862, -0.0357]), array([ 0.48233333, -0.03809048]), 0.7854, 1.0]
[77, array([ 0.4862, -0.0357]), array([ 0.48248095, -0.03809048]), 0.7854, 0.0]
[77, array([ 0.4862, -0.0357]), array([ 0.48262857, -0.03809048]), 0.7854, 0.0]
[77, array([ 0.4862, -0.0357]), array([ 0.48277619, -0.03809048]), 0.7854, 0.0]
[77, array([ 0.4862, -0.0357]), array([ 0.48292381, -0.03809048]), 0.7854, 0.0]
[77, array([ 0.4862, -0.0357]), array([ 0.48307143, -0.03809048]), 0.7854, 0.0]
[77, array([ 0.4862, -0.0357]), array([ 0.48321905, -0.03809048]), 0.7854, 0.0]
[77, array([ 0.4862, -0.0357]), array([ 0.48336667, -0.03809048]), 0.7854, 0.0]
[77, array([ 0.4862, -0.0357]), array([ 0.48351429, -0.03809048]), 0.7854, 0.0]
[77, array([ 0.4862, -0.0357]), array([ 0.4836619 , -0.03809048]), 0.7854, 0.0]
[77, array([ 0.4862, -0.0357]), array([ 0.48380952, -0.03809048]), 0.7854, 0.0]
[77, array([ 0.4862, -0.0357]), array([ 0.48395714, -0.03809048]), 0.7854, 0.0]
[77, array([ 0.4862, -0.0357]), array([ 0.48410476, -0.03809048]), 0.7854, 0.0]
[77, array([ 0.4862, -0.0357]), array([ 0.48425238, -0.03809048]), 0.7854, 0.0]
[77, array([ 0.4862, -0.0357]), array([ 0.4844    , -0.03809048]), 0.7854, 0.0]
[77, array([ 0.4862, -0.0357]), array([ 0.4813    , -0.03794286]), 0.7854, 0.0]
[77, array([ 0.4862, -0.0357]), array([ 0.48144762, -0.03794286]), 0.7854, 0.0]
[77, array([ 0.4862, -0.0357]), array([ 0.48159524, -0.03794286]), 0.7854, 1.0]
[77, array([ 0.4862, -0.0357]), array([ 0.48174286, -0.03794286]), 0.7854, 1.0]
[77, array([ 0.4862, -0.0357]), array([ 0.48189048, -0.03794286]), 0.7854, 1.0]
[77, array([ 0.4862, -0.0357]), array([ 0.4820381 , -0.03794286]), 0.7854, 1.0]
[77, array([ 0.4862, -0.0357]), array([ 0.48218571, -0.03794286]), 0.7854, 1.0]
[77, array([ 0.4862, -0.0357]), array([ 0.48233333, -0.03794286]), 0.7854, 1.0]
[77, array([ 0.4862, -0.0357]), array([ 0.48248095, -0.03794286]), 0.7854, 1.0]
[77, array([ 0.4862, -0.0357]), array([ 0.48262857, -0.03794286]), 0.7854, 0.0]
[77, array([ 0.4862, -0.0357]), array([ 0.48277619, -0.03794286]), 0.7854, 0.0]
[77, array([ 0.4862, -0.0357]), array([ 0.48292381, -0.03794286]), 0.7854, 0.0]
[77, array([ 0.4862, -0.0357]), array([ 0.48307143, -0.03794286]), 0.7854, 0.0]
[77, array([ 0.4862, -0.0357]), array([ 0.48321905, -0.03794286]), 0.7854, 0.0]
[77, array([ 0.4862, -0.0357]), array([ 0.48336667, -0.03794286]), 0.7854, 0.0]
[77, array([ 0.4862, -0.0357]), array([ 0.48351429, -0.03794286]), 0.7854, 0.0]
[77, array([ 0.4862, -0.0357]), array([ 0.4836619 , -0.03794286]), 0.7854, 0.0]
[77, array([ 0.4862, -0.0357]), array([ 0.48380952, -0.03794286]), 0.7854, 0.0]
[77, array([ 0.4862, -0.0357]), array([ 0.48395714, -0.03794286]), 0.7854, 0.0]
[77, array([ 0.4862, -0.0357]), array([ 0.48410476, -0.03794286]), 0.7854, 0.0]
[77, array([ 0.4862, -0.0357]), array([ 0.48425238, -0.03794286]), 0.7854, 0.0]
[77, array([ 0.4862, -0.0357]), array([ 0.4844    , -0.03794286]), 0.7854, 0.0]
[77, array([ 0.4862, -0.0357]), array([ 0.4813    , -0.03779524]), 0.7854, 0.0]
[77, array([ 0.4862, -0.0357]), array([ 0.48144762, -0.03779524]), 0.7854, 0.0]
[77, array([ 0.4862, -0.0357]), array([ 0.48159524, -0.03779524]), 0.7854, 0.0]
[77, array([ 0.4862, -0.0357]), array([ 0.48174286, -0.03779524]), 0.7854, 1.0]
[77, array([ 0.4862, -0.0357]), array([ 0.48189048, -0.03779524]), 0.7854, 1.0]
[77, array([ 0.4862, -0.0357]), array([ 0.4820381 , -0.03779524]), 0.7854, 1.0]
[77, array([ 0.4862, -0.0357]), array([ 0.48218571, -0.03779524]), 0.7854, 1.0]
[77, array([ 0.4862, -0.0357]), array([ 0.48233333, -0.03779524]), 0.7854, 0.0]
[77, array([ 0.4862, -0.0357]), array([ 0.48248095, -0.03779524]), 0.7854, 1.0]
[77, array([ 0.4862, -0.0357]), array([ 0.48262857, -0.03779524]), 0.7854, 0.0]
[77, array([ 0.4862, -0.0357]), array([ 0.48277619, -0.03779524]), 0.7854, 0.0]
[77, array([ 0.4862, -0.0357]), array([ 0.48292381, -0.03779524]), 0.7854, 0.0]
[77, array([ 0.4862, -0.0357]), array([ 0.48307143, -0.03779524]), 0.7854, 0.0]
[77, array([ 0.4862, -0.0357]), array([ 0.48321905, -0.03779524]), 0.7854, 0.0]
[77, array([ 0.4862, -0.0357]), array([ 0.48336667, -0.03779524]), 0.7854, 0.0]
[77, array([ 0.4862, -0.0357]), array([ 0.48351429, -0.03779524]), 0.7854, 0.0]
[77, array([ 0.4862, -0.0357]), array([ 0.4836619 , -0.03779524]), 0.7854, 0.0]
[77, array([ 0.4862, -0.0357]), array([ 0.48380952, -0.03779524]), 0.7854, 0.0]
[77, array([ 0.4862, -0.0357]), array([ 0.48395714, -0.03779524]), 0.7854, 0.0]
[77, array([ 0.4862, -0.0357]), array([ 0.48410476, -0.03779524]), 0.7854, 0.0]
[77, array([ 0.4862, -0.0357]), array([ 0.48425238, -0.03779524]), 0.7854, 0.0]
[77, array([ 0.4862, -0.0357]), array([ 0.4844    , -0.03779524]), 0.7854, 0.0]
[77, array([ 0.4862, -0.0357]), array([ 0.4813    , -0.03764762]), 0.7854, 0.0]
[77, array([ 0.4862, -0.0357]), array([ 0.48144762, -0.03764762]), 0.7854, 0.0]
[77, array([ 0.4862, -0.0357]), array([ 0.48159524, -0.03764762]), 0.7854, 0.0]
[77, array([ 0.4862, -0.0357]), array([ 0.48174286, -0.03764762]), 0.7854, 0.0]
[77, array([ 0.4862, -0.0357]), array([ 0.48189048, -0.03764762]), 0.7854, 0.0]
[77, array([ 0.4862, -0.0357]), array([ 0.4820381 , -0.03764762]), 0.7854, 0.0]
[77, array([ 0.4862, -0.0357]), array([ 0.48218571, -0.03764762]), 0.7854, 0.0]
[77, array([ 0.4862, -0.0357]), array([ 0.48233333, -0.03764762]), 0.7854, 0.0]
[77, array([ 0.4862, -0.0357]), array([ 0.48248095, -0.03764762]), 0.7854, 0.0]
[77, array([ 0.4862, -0.0357]), array([ 0.48262857, -0.03764762]), 0.7854, 0.0]
[77, array([ 0.4862, -0.0357]), array([ 0.48277619, -0.03764762]), 0.7854, 0.0]
[77, array([ 0.4862, -0.0357]), array([ 0.48292381, -0.03764762]), 0.7854, 1.0]
[77, array([ 0.4862, -0.0357]), array([ 0.48307143, -0.03764762]), 0.7854, 0.0]
[77, array([ 0.4862, -0.0357]), array([ 0.48321905, -0.03764762]), 0.7854, 0.0]
[77, array([ 0.4862, -0.0357]), array([ 0.48336667, -0.03764762]), 0.7854, 0.0]
[77, array([ 0.4862, -0.0357]), array([ 0.48351429, -0.03764762]), 0.7854, 0.0]
[77, array([ 0.4862, -0.0357]), array([ 0.4836619 , -0.03764762]), 0.7854, 0.0]
[77, array([ 0.4862, -0.0357]), array([ 0.48380952, -0.03764762]), 0.7854, 0.0]
[77, array([ 0.4862, -0.0357]), array([ 0.48395714, -0.03764762]), 0.7854, 0.0]
[77, array([ 0.4862, -0.0357]), array([ 0.48410476, -0.03764762]), 0.7854, 0.0]
[77, array([ 0.4862, -0.0357]), array([ 0.48425238, -0.03764762]), 0.7854, 0.0]
[77, array([ 0.4862, -0.0357]), array([ 0.4844    , -0.03764762]), 0.7854, 0.0]
[77, array([ 0.4862, -0.0357]), array([ 0.4813, -0.0375]), 0.7854, 0.0]
[77, array([ 0.4862, -0.0357]), array([ 0.48144762, -0.0375    ]), 0.7854, 0.0]
[77, array([ 0.4862, -0.0357]), array([ 0.48159524, -0.0375    ]), 0.7854, 0.0]
[77, array([ 0.4862, -0.0357]), array([ 0.48174286, -0.0375    ]), 0.7854, 0.0]
[77, array([ 0.4862, -0.0357]), array([ 0.48189048, -0.0375    ]), 0.7854, 0.0]
[77, array([ 0.4862, -0.0357]), array([ 0.4820381, -0.0375   ]), 0.7854, 0.0]
[77, array([ 0.4862, -0.0357]), array([ 0.48218571, -0.0375    ]), 0.7854, 0.0]
[77, array([ 0.4862, -0.0357]), array([ 0.48233333, -0.0375    ]), 0.7854, 0.0]
[77, array([ 0.4862, -0.0357]), array([ 0.48248095, -0.0375    ]), 0.7854, 0.0]
[77, array([ 0.4862, -0.0357]), array([ 0.48262857, -0.0375    ]), 0.7854, 0.0]
[77, array([ 0.4862, -0.0357]), array([ 0.48277619, -0.0375    ]), 0.7854, 1.0]
[77, array([ 0.4862, -0.0357]), array([ 0.48292381, -0.0375    ]), 0.7854, 0.0]
[77, array([ 0.4862, -0.0357]), array([ 0.48307143, -0.0375    ]), 0.7854, 0.0]
[77, array([ 0.4862, -0.0357]), array([ 0.48321905, -0.0375    ]), 0.7854, 0.0]
[77, array([ 0.4862, -0.0357]), array([ 0.48336667, -0.0375    ]), 0.7854, 0.0]
[77, array([ 0.4862, -0.0357]), array([ 0.48351429, -0.0375    ]), 0.7854, 0.0]
[77, array([ 0.4862, -0.0357]), array([ 0.4836619, -0.0375   ]), 0.7854, 0.0]
[77, array([ 0.4862, -0.0357]), array([ 0.48380952, -0.0375    ]), 0.7854, 0.0]
[77, array([ 0.4862, -0.0357]), array([ 0.48395714, -0.0375    ]), 0.7854, 0.0]
[77, array([ 0.4862, -0.0357]), array([ 0.48410476, -0.0375    ]), 0.7854, 0.0]
[77, array([ 0.4862, -0.0357]), array([ 0.48425238, -0.0375    ]), 0.7854, 0.0]
[77, array([ 0.4862, -0.0357]), array([ 0.4844, -0.0375]), 0.7854, 0.0]
[67, array([ 0.5419, -0.034 ]), array([ 0.5406, -0.0344]), 0.7854, 1.0]
[67, array([ 0.5419, -0.034 ]), array([ 0.54075238, -0.0344    ]), 0.7854, 1.0]
[67, array([ 0.5419, -0.034 ]), array([ 0.54090476, -0.0344    ]), 0.7854, 1.0]
[67, array([ 0.5419, -0.034 ]), array([ 0.54105714, -0.0344    ]), 0.7854, 1.0]
[67, array([ 0.5419, -0.034 ]), array([ 0.54120952, -0.0344    ]), 0.7854, 1.0]
[67, array([ 0.5419, -0.034 ]), array([ 0.5413619, -0.0344   ]), 0.7854, 1.0]
[67, array([ 0.5419, -0.034 ]), array([ 0.54151429, -0.0344    ]), 0.7854, 1.0]
[67, array([ 0.5419, -0.034 ]), array([ 0.54166667, -0.0344    ]), 0.7854, 1.0]
[67, array([ 0.5419, -0.034 ]), array([ 0.54181905, -0.0344    ]), 0.7854, 1.0]
[67, array([ 0.5419, -0.034 ]), array([ 0.54197143, -0.0344    ]), 0.7854, 1.0]
[67, array([ 0.5419, -0.034 ]), array([ 0.54212381, -0.0344    ]), 0.7854, 1.0]
[67, array([ 0.5419, -0.034 ]), array([ 0.54227619, -0.0344    ]), 0.7854, 1.0]
[67, array([ 0.5419, -0.034 ]), array([ 0.54242857, -0.0344    ]), 0.7854, 1.0]
[67, array([ 0.5419, -0.034 ]), array([ 0.54258095, -0.0344    ]), 0.7854, 1.0]
[67, array([ 0.5419, -0.034 ]), array([ 0.54273333, -0.0344    ]), 0.7854, 1.0]
[67, array([ 0.5419, -0.034 ]), array([ 0.54288571, -0.0344    ]), 0.7854, 1.0]
[67, array([ 0.5419, -0.034 ]), array([ 0.5430381, -0.0344   ]), 0.7854, 1.0]
[67, array([ 0.5419, -0.034 ]), array([ 0.54319048, -0.0344    ]), 0.7854, 1.0]
[67, array([ 0.5419, -0.034 ]), array([ 0.54334286, -0.0344    ]), 0.7854, 1.0]
[67, array([ 0.5419, -0.034 ]), array([ 0.54349524, -0.0344    ]), 0.7854, 1.0]
[67, array([ 0.5419, -0.034 ]), array([ 0.54364762, -0.0344    ]), 0.7854, 1.0]
[67, array([ 0.5419, -0.034 ]), array([ 0.5438, -0.0344]), 0.7854, 1.0]
[67, array([ 0.5419, -0.034 ]), array([ 0.5406    , -0.03424762]), 0.7854, 1.0]
[67, array([ 0.5419, -0.034 ]), array([ 0.54075238, -0.03424762]), 0.7854, 1.0]
[67, array([ 0.5419, -0.034 ]), array([ 0.54090476, -0.03424762]), 0.7854, 1.0]
[67, array([ 0.5419, -0.034 ]), array([ 0.54105714, -0.03424762]), 0.7854, 1.0]
[67, array([ 0.5419, -0.034 ]), array([ 0.54120952, -0.03424762]), 0.7854, 1.0]
[67, array([ 0.5419, -0.034 ]), array([ 0.5413619 , -0.03424762]), 0.7854, 1.0]
[67, array([ 0.5419, -0.034 ]), array([ 0.54151429, -0.03424762]), 0.7854, 1.0]
[67, array([ 0.5419, -0.034 ]), array([ 0.54166667, -0.03424762]), 0.7854, 1.0]
[67, array([ 0.5419, -0.034 ]), array([ 0.54181905, -0.03424762]), 0.7854, 1.0]
[67, array([ 0.5419, -0.034 ]), array([ 0.54197143, -0.03424762]), 0.7854, 1.0]
[67, array([ 0.5419, -0.034 ]), array([ 0.54212381, -0.03424762]), 0.7854, 1.0]
[67, array([ 0.5419, -0.034 ]), array([ 0.54227619, -0.03424762]), 0.7854, 1.0]
[67, array([ 0.5419, -0.034 ]), array([ 0.54242857, -0.03424762]), 0.7854, 1.0]
[67, array([ 0.5419, -0.034 ]), array([ 0.54258095, -0.03424762]), 0.7854, 1.0]
[67, array([ 0.5419, -0.034 ]), array([ 0.54273333, -0.03424762]), 0.7854, 1.0]
[67, array([ 0.5419, -0.034 ]), array([ 0.54288571, -0.03424762]), 0.7854, 1.0]
[67, array([ 0.5419, -0.034 ]), array([ 0.5430381 , -0.03424762]), 0.7854, 1.0]
[67, array([ 0.5419, -0.034 ]), array([ 0.54319048, -0.03424762]), 0.7854, 1.0]
[67, array([ 0.5419, -0.034 ]), array([ 0.54334286, -0.03424762]), 0.7854, 1.0]
[67, array([ 0.5419, -0.034 ]), array([ 0.54349524, -0.03424762]), 0.7854, 1.0]
[67, array([ 0.5419, -0.034 ]), array([ 0.54364762, -0.03424762]), 0.7854, 1.0]
[67, array([ 0.5419, -0.034 ]), array([ 0.5438    , -0.03424762]), 0.7854, 1.0]
[67, array([ 0.5419, -0.034 ]), array([ 0.5406    , -0.03409524]), 0.7854, 1.0]
[67, array([ 0.5419, -0.034 ]), array([ 0.54075238, -0.03409524]), 0.7854, 1.0]
[67, array([ 0.5419, -0.034 ]), array([ 0.54090476, -0.03409524]), 0.7854, 1.0]
[67, array([ 0.5419, -0.034 ]), array([ 0.54105714, -0.03409524]), 0.7854, 1.0]
[67, array([ 0.5419, -0.034 ]), array([ 0.54120952, -0.03409524]), 0.7854, 1.0]
[67, array([ 0.5419, -0.034 ]), array([ 0.5413619 , -0.03409524]), 0.7854, 1.0]
[67, array([ 0.5419, -0.034 ]), array([ 0.54151429, -0.03409524]), 0.7854, 1.0]
[67, array([ 0.5419, -0.034 ]), array([ 0.54166667, -0.03409524]), 0.7854, 1.0]
[67, array([ 0.5419, -0.034 ]), array([ 0.54181905, -0.03409524]), 0.7854, 1.0]
[67, array([ 0.5419, -0.034 ]), array([ 0.54197143, -0.03409524]), 0.7854, 1.0]
[67, array([ 0.5419, -0.034 ]), array([ 0.54212381, -0.03409524]), 0.7854, 1.0]
[67, array([ 0.5419, -0.034 ]), array([ 0.54227619, -0.03409524]), 0.7854, 1.0]
[67, array([ 0.5419, -0.034 ]), array([ 0.54242857, -0.03409524]), 0.7854, 1.0]
[67, array([ 0.5419, -0.034 ]), array([ 0.54258095, -0.03409524]), 0.7854, 1.0]
[67, array([ 0.5419, -0.034 ]), array([ 0.54273333, -0.03409524]), 0.7854, 1.0]
[67, array([ 0.5419, -0.034 ]), array([ 0.54288571, -0.03409524]), 0.7854, 1.0]
[67, array([ 0.5419, -0.034 ]), array([ 0.5430381 , -0.03409524]), 0.7854, 1.0]
[67, array([ 0.5419, -0.034 ]), array([ 0.54319048, -0.03409524]), 0.7854, 1.0]
[67, array([ 0.5419, -0.034 ]), array([ 0.54334286, -0.03409524]), 0.7854, 1.0]
[67, array([ 0.5419, -0.034 ]), array([ 0.54349524, -0.03409524]), 0.7854, 1.0]
[67, array([ 0.5419, -0.034 ]), array([ 0.54364762, -0.03409524]), 0.7854, 1.0]
[67, array([ 0.5419, -0.034 ]), array([ 0.5438    , -0.03409524]), 0.7854, 1.0]
[67, array([ 0.5419, -0.034 ]), array([ 0.5406    , -0.03394286]), 0.7854, 1.0]
[67, array([ 0.5419, -0.034 ]), array([ 0.54075238, -0.03394286]), 0.7854, 1.0]
[67, array([ 0.5419, -0.034 ]), array([ 0.54090476, -0.03394286]), 0.7854, 1.0]
[67, array([ 0.5419, -0.034 ]), array([ 0.54105714, -0.03394286]), 0.7854, 1.0]
[67, array([ 0.5419, -0.034 ]), array([ 0.54120952, -0.03394286]), 0.7854, 1.0]
[67, array([ 0.5419, -0.034 ]), array([ 0.5413619 , -0.03394286]), 0.7854, 1.0]
[67, array([ 0.5419, -0.034 ]), array([ 0.54151429, -0.03394286]), 0.7854, 1.0]
[67, array([ 0.5419, -0.034 ]), array([ 0.54166667, -0.03394286]), 0.7854, 1.0]
[67, array([ 0.5419, -0.034 ]), array([ 0.54181905, -0.03394286]), 0.7854, 1.0]
[67, array([ 0.5419, -0.034 ]), array([ 0.54197143, -0.03394286]), 0.7854, 1.0]
[67, array([ 0.5419, -0.034 ]), array([ 0.54212381, -0.03394286]), 0.7854, 1.0]
[67, array([ 0.5419, -0.034 ]), array([ 0.54227619, -0.03394286]), 0.7854, 1.0]
[67, array([ 0.5419, -0.034 ]), array([ 0.54242857, -0.03394286]), 0.7854, 1.0]
[67, array([ 0.5419, -0.034 ]), array([ 0.54258095, -0.03394286]), 0.7854, 1.0]
[67, array([ 0.5419, -0.034 ]), array([ 0.54273333, -0.03394286]), 0.7854, 1.0]
[67, array([ 0.5419, -0.034 ]), array([ 0.54288571, -0.03394286]), 0.7854, 1.0]
[67, array([ 0.5419, -0.034 ]), array([ 0.5430381 , -0.03394286]), 0.7854, 1.0]
[67, array([ 0.5419, -0.034 ]), array([ 0.54319048, -0.03394286]), 0.7854, 1.0]
[67, array([ 0.5419, -0.034 ]), array([ 0.54334286, -0.03394286]), 0.7854, 1.0]
[67, array([ 0.5419, -0.034 ]), array([ 0.54349524, -0.03394286]), 0.7854, 1.0]
[67, array([ 0.5419, -0.034 ]), array([ 0.54364762, -0.03394286]), 0.7854, 1.0]
[67, array([ 0.5419, -0.034 ]), array([ 0.5438    , -0.03394286]), 0.7854, 1.0]
[67, array([ 0.5419, -0.034 ]), array([ 0.5406    , -0.03379048]), 0.7854, 1.0]
[67, array([ 0.5419, -0.034 ]), array([ 0.54075238, -0.03379048]), 0.7854, 1.0]
[67, array([ 0.5419, -0.034 ]), array([ 0.54090476, -0.03379048]), 0.7854, 1.0]
[67, array([ 0.5419, -0.034 ]), array([ 0.54105714, -0.03379048]), 0.7854, 1.0]
[67, array([ 0.5419, -0.034 ]), array([ 0.54120952, -0.03379048]), 0.7854, 1.0]
[67, array([ 0.5419, -0.034 ]), array([ 0.5413619 , -0.03379048]), 0.7854, 1.0]
[67, array([ 0.5419, -0.034 ]), array([ 0.54151429, -0.03379048]), 0.7854, 1.0]
[67, array([ 0.5419, -0.034 ]), array([ 0.54166667, -0.03379048]), 0.7854, 1.0]
[67, array([ 0.5419, -0.034 ]), array([ 0.54181905, -0.03379048]), 0.7854, 1.0]
[67, array([ 0.5419, -0.034 ]), array([ 0.54197143, -0.03379048]), 0.7854, 1.0]
[67, array([ 0.5419, -0.034 ]), array([ 0.54212381, -0.03379048]), 0.7854, 1.0]
[67, array([ 0.5419, -0.034 ]), array([ 0.54227619, -0.03379048]), 0.7854, 1.0]
[67, array([ 0.5419, -0.034 ]), array([ 0.54242857, -0.03379048]), 0.7854, 1.0]
[67, array([ 0.5419, -0.034 ]), array([ 0.54258095, -0.03379048]), 0.7854, 1.0]
[67, array([ 0.5419, -0.034 ]), array([ 0.54273333, -0.03379048]), 0.7854, 1.0]
[67, array([ 0.5419, -0.034 ]), array([ 0.54288571, -0.03379048]), 0.7854, 1.0]
[67, array([ 0.5419, -0.034 ]), array([ 0.5430381 , -0.03379048]), 0.7854, 1.0]
[67, array([ 0.5419, -0.034 ]), array([ 0.54319048, -0.03379048]), 0.7854, 1.0]
[67, array([ 0.5419, -0.034 ]), array([ 0.54334286, -0.03379048]), 0.7854, 1.0]
[67, array([ 0.5419, -0.034 ]), array([ 0.54349524, -0.03379048]), 0.7854, 1.0]
[67, array([ 0.5419, -0.034 ]), array([ 0.54364762, -0.03379048]), 0.7854, 1.0]
[67, array([ 0.5419, -0.034 ]), array([ 0.5438    , -0.03379048]), 0.7854, 1.0]
[67, array([ 0.5419, -0.034 ]), array([ 0.5406   , -0.0336381]), 0.7854, 1.0]
[67, array([ 0.5419, -0.034 ]), array([ 0.54075238, -0.0336381 ]), 0.7854, 1.0]
[67, array([ 0.5419, -0.034 ]), array([ 0.54090476, -0.0336381 ]), 0.7854, 1.0]
[67, array([ 0.5419, -0.034 ]), array([ 0.54105714, -0.0336381 ]), 0.7854, 1.0]
[67, array([ 0.5419, -0.034 ]), array([ 0.54120952, -0.0336381 ]), 0.7854, 1.0]
[67, array([ 0.5419, -0.034 ]), array([ 0.5413619, -0.0336381]), 0.7854, 1.0]
[67, array([ 0.5419, -0.034 ]), array([ 0.54151429, -0.0336381 ]), 0.7854, 1.0]
[67, array([ 0.5419, -0.034 ]), array([ 0.54166667, -0.0336381 ]), 0.7854, 1.0]
[67, array([ 0.5419, -0.034 ]), array([ 0.54181905, -0.0336381 ]), 0.7854, 1.0]
[67, array([ 0.5419, -0.034 ]), array([ 0.54197143, -0.0336381 ]), 0.7854, 1.0]
[67, array([ 0.5419, -0.034 ]), array([ 0.54212381, -0.0336381 ]), 0.7854, 1.0]
[67, array([ 0.5419, -0.034 ]), array([ 0.54227619, -0.0336381 ]), 0.7854, 1.0]
[67, array([ 0.5419, -0.034 ]), array([ 0.54242857, -0.0336381 ]), 0.7854, 1.0]
[67, array([ 0.5419, -0.034 ]), array([ 0.54258095, -0.0336381 ]), 0.7854, 1.0]
[67, array([ 0.5419, -0.034 ]), array([ 0.54273333, -0.0336381 ]), 0.7854, 1.0]
[67, array([ 0.5419, -0.034 ]), array([ 0.54288571, -0.0336381 ]), 0.7854, 1.0]
[67, array([ 0.5419, -0.034 ]), array([ 0.5430381, -0.0336381]), 0.7854, 1.0]
[67, array([ 0.5419, -0.034 ]), array([ 0.54319048, -0.0336381 ]), 0.7854, 1.0]
[67, array([ 0.5419, -0.034 ]), array([ 0.54334286, -0.0336381 ]), 0.7854, 1.0]
[67, array([ 0.5419, -0.034 ]), array([ 0.54349524, -0.0336381 ]), 0.7854, 1.0]
[67, array([ 0.5419, -0.034 ]), array([ 0.54364762, -0.0336381 ]), 0.7854, 1.0]
[67, array([ 0.5419, -0.034 ]), array([ 0.5438   , -0.0336381]), 0.7854, 1.0]
[67, array([ 0.5419, -0.034 ]), array([ 0.5406    , -0.03348571]), 0.7854, 1.0]
[67, array([ 0.5419, -0.034 ]), array([ 0.54075238, -0.03348571]), 0.7854, 1.0]
[67, array([ 0.5419, -0.034 ]), array([ 0.54090476, -0.03348571]), 0.7854, 1.0]
[67, array([ 0.5419, -0.034 ]), array([ 0.54105714, -0.03348571]), 0.7854, 1.0]
[67, array([ 0.5419, -0.034 ]), array([ 0.54120952, -0.03348571]), 0.7854, 1.0]
[67, array([ 0.5419, -0.034 ]), array([ 0.5413619 , -0.03348571]), 0.7854, 1.0]
[67, array([ 0.5419, -0.034 ]), array([ 0.54151429, -0.03348571]), 0.7854, 1.0]
[67, array([ 0.5419, -0.034 ]), array([ 0.54166667, -0.03348571]), 0.7854, 1.0]
[67, array([ 0.5419, -0.034 ]), array([ 0.54181905, -0.03348571]), 0.7854, 1.0]
[67, array([ 0.5419, -0.034 ]), array([ 0.54197143, -0.03348571]), 0.7854, 1.0]
[67, array([ 0.5419, -0.034 ]), array([ 0.54212381, -0.03348571]), 0.7854, 1.0]
[67, array([ 0.5419, -0.034 ]), array([ 0.54227619, -0.03348571]), 0.7854, 1.0]
[67, array([ 0.5419, -0.034 ]), array([ 0.54242857, -0.03348571]), 0.7854, 1.0]
[67, array([ 0.5419, -0.034 ]), array([ 0.54258095, -0.03348571]), 0.7854, 1.0]
[67, array([ 0.5419, -0.034 ]), array([ 0.54273333, -0.03348571]), 0.7854, 1.0]
[67, array([ 0.5419, -0.034 ]), array([ 0.54288571, -0.03348571]), 0.7854, 1.0]
[67, array([ 0.5419, -0.034 ]), array([ 0.5430381 , -0.03348571]), 0.7854, 1.0]
[67, array([ 0.5419, -0.034 ]), array([ 0.54319048, -0.03348571]), 0.7854, 1.0]
[67, array([ 0.5419, -0.034 ]), array([ 0.54334286, -0.03348571]), 0.7854, 1.0]
[67, array([ 0.5419, -0.034 ]), array([ 0.54349524, -0.03348571]), 0.7854, 1.0]
[67, array([ 0.5419, -0.034 ]), array([ 0.54364762, -0.03348571]), 0.7854, 1.0]
[67, array([ 0.5419, -0.034 ]), array([ 0.5438    , -0.03348571]), 0.7854, 1.0]
[67, array([ 0.5419, -0.034 ]), array([ 0.5406    , -0.03333333]), 0.7854, 1.0]
[67, array([ 0.5419, -0.034 ]), array([ 0.54075238, -0.03333333]), 0.7854, 1.0]
[67, array([ 0.5419, -0.034 ]), array([ 0.54090476, -0.03333333]), 0.7854, 1.0]
[67, array([ 0.5419, -0.034 ]), array([ 0.54105714, -0.03333333]), 0.7854, 1.0]
[67, array([ 0.5419, -0.034 ]), array([ 0.54120952, -0.03333333]), 0.7854, 1.0]
[67, array([ 0.5419, -0.034 ]), array([ 0.5413619 , -0.03333333]), 0.7854, 1.0]
[67, array([ 0.5419, -0.034 ]), array([ 0.54151429, -0.03333333]), 0.7854, 1.0]
[67, array([ 0.5419, -0.034 ]), array([ 0.54166667, -0.03333333]), 0.7854, 1.0]
[67, array([ 0.5419, -0.034 ]), array([ 0.54181905, -0.03333333]), 0.7854, 1.0]
[67, array([ 0.5419, -0.034 ]), array([ 0.54197143, -0.03333333]), 0.7854, 1.0]
[67, array([ 0.5419, -0.034 ]), array([ 0.54212381, -0.03333333]), 0.7854, 1.0]
[67, array([ 0.5419, -0.034 ]), array([ 0.54227619, -0.03333333]), 0.7854, 1.0]
[67, array([ 0.5419, -0.034 ]), array([ 0.54242857, -0.03333333]), 0.7854, 1.0]
[67, array([ 0.5419, -0.034 ]), array([ 0.54258095, -0.03333333]), 0.7854, 1.0]
[67, array([ 0.5419, -0.034 ]), array([ 0.54273333, -0.03333333]), 0.7854, 1.0]
[67, array([ 0.5419, -0.034 ]), array([ 0.54288571, -0.03333333]), 0.7854, 1.0]
[67, array([ 0.5419, -0.034 ]), array([ 0.5430381 , -0.03333333]), 0.7854, 1.0]
[67, array([ 0.5419, -0.034 ]), array([ 0.54319048, -0.03333333]), 0.7854, 1.0]
[67, array([ 0.5419, -0.034 ]), array([ 0.54334286, -0.03333333]), 0.7854, 1.0]
[67, array([ 0.5419, -0.034 ]), array([ 0.54349524, -0.03333333]), 0.7854, 1.0]
[67, array([ 0.5419, -0.034 ]), array([ 0.54364762, -0.03333333]), 0.7854, 1.0]
[67, array([ 0.5419, -0.034 ]), array([ 0.5438    , -0.03333333]), 0.7854, 1.0]
[67, array([ 0.5419, -0.034 ]), array([ 0.5406    , -0.03318095]), 0.7854, 1.0]
[67, array([ 0.5419, -0.034 ]), array([ 0.54075238, -0.03318095]), 0.7854, 1.0]
[67, array([ 0.5419, -0.034 ]), array([ 0.54090476, -0.03318095]), 0.7854, 1.0]
[67, array([ 0.5419, -0.034 ]), array([ 0.54105714, -0.03318095]), 0.7854, 1.0]
[67, array([ 0.5419, -0.034 ]), array([ 0.54120952, -0.03318095]), 0.7854, 1.0]
[67, array([ 0.5419, -0.034 ]), array([ 0.5413619 , -0.03318095]), 0.7854, 1.0]
[67, array([ 0.5419, -0.034 ]), array([ 0.54151429, -0.03318095]), 0.7854, 1.0]
[67, array([ 0.5419, -0.034 ]), array([ 0.54166667, -0.03318095]), 0.7854, 1.0]
[67, array([ 0.5419, -0.034 ]), array([ 0.54181905, -0.03318095]), 0.7854, 1.0]
[67, array([ 0.5419, -0.034 ]), array([ 0.54197143, -0.03318095]), 0.7854, 1.0]
[67, array([ 0.5419, -0.034 ]), array([ 0.54212381, -0.03318095]), 0.7854, 1.0]
[67, array([ 0.5419, -0.034 ]), array([ 0.54227619, -0.03318095]), 0.7854, 1.0]
[67, array([ 0.5419, -0.034 ]), array([ 0.54242857, -0.03318095]), 0.7854, 1.0]
[67, array([ 0.5419, -0.034 ]), array([ 0.54258095, -0.03318095]), 0.7854, 1.0]
[67, array([ 0.5419, -0.034 ]), array([ 0.54273333, -0.03318095]), 0.7854, 1.0]
[67, array([ 0.5419, -0.034 ]), array([ 0.54288571, -0.03318095]), 0.7854, 1.0]
[67, array([ 0.5419, -0.034 ]), array([ 0.5430381 , -0.03318095]), 0.7854, 1.0]
[67, array([ 0.5419, -0.034 ]), array([ 0.54319048, -0.03318095]), 0.7854, 1.0]
[67, array([ 0.5419, -0.034 ]), array([ 0.54334286, -0.03318095]), 0.7854, 1.0]
[67, array([ 0.5419, -0.034 ]), array([ 0.54349524, -0.03318095]), 0.7854, 1.0]
[67, array([ 0.5419, -0.034 ]), array([ 0.54364762, -0.03318095]), 0.7854, 1.0]
[67, array([ 0.5419, -0.034 ]), array([ 0.5438    , -0.03318095]), 0.7854, 1.0]
[67, array([ 0.5419, -0.034 ]), array([ 0.5406    , -0.03302857]), 0.7854, 1.0]
[67, array([ 0.5419, -0.034 ]), array([ 0.54075238, -0.03302857]), 0.7854, 1.0]
[67, array([ 0.5419, -0.034 ]), array([ 0.54090476, -0.03302857]), 0.7854, 1.0]
[67, array([ 0.5419, -0.034 ]), array([ 0.54105714, -0.03302857]), 0.7854, 1.0]
[67, array([ 0.5419, -0.034 ]), array([ 0.54120952, -0.03302857]), 0.7854, 1.0]
[67, array([ 0.5419, -0.034 ]), array([ 0.5413619 , -0.03302857]), 0.7854, 1.0]
[67, array([ 0.5419, -0.034 ]), array([ 0.54151429, -0.03302857]), 0.7854, 1.0]
[67, array([ 0.5419, -0.034 ]), array([ 0.54166667, -0.03302857]), 0.7854, 1.0]
[67, array([ 0.5419, -0.034 ]), array([ 0.54181905, -0.03302857]), 0.7854, 1.0]
[67, array([ 0.5419, -0.034 ]), array([ 0.54197143, -0.03302857]), 0.7854, 1.0]
[67, array([ 0.5419, -0.034 ]), array([ 0.54212381, -0.03302857]), 0.7854, 1.0]
[67, array([ 0.5419, -0.034 ]), array([ 0.54227619, -0.03302857]), 0.7854, 1.0]
[67, array([ 0.5419, -0.034 ]), array([ 0.54242857, -0.03302857]), 0.7854, 1.0]
[67, array([ 0.5419, -0.034 ]), array([ 0.54258095, -0.03302857]), 0.7854, 1.0]
[67, array([ 0.5419, -0.034 ]), array([ 0.54273333, -0.03302857]), 0.7854, 1.0]
[67, array([ 0.5419, -0.034 ]), array([ 0.54288571, -0.03302857]), 0.7854, 1.0]
[67, array([ 0.5419, -0.034 ]), array([ 0.5430381 , -0.03302857]), 0.7854, 1.0]
[67, array([ 0.5419, -0.034 ]), array([ 0.54319048, -0.03302857]), 0.7854, 1.0]
[67, array([ 0.5419, -0.034 ]), array([ 0.54334286, -0.03302857]), 0.7854, 1.0]
[67, array([ 0.5419, -0.034 ]), array([ 0.54349524, -0.03302857]), 0.7854, 1.0]
[67, array([ 0.5419, -0.034 ]), array([ 0.54364762, -0.03302857]), 0.7854, 1.0]
[67, array([ 0.5419, -0.034 ]), array([ 0.5438    , -0.03302857]), 0.7854, 1.0]
[67, array([ 0.5419, -0.034 ]), array([ 0.5406    , -0.03287619]), 0.7854, 1.0]
[67, array([ 0.5419, -0.034 ]), array([ 0.54075238, -0.03287619]), 0.7854, 1.0]
[67, array([ 0.5419, -0.034 ]), array([ 0.54090476, -0.03287619]), 0.7854, 1.0]
[67, array([ 0.5419, -0.034 ]), array([ 0.54105714, -0.03287619]), 0.7854, 1.0]
[67, array([ 0.5419, -0.034 ]), array([ 0.54120952, -0.03287619]), 0.7854, 1.0]
[67, array([ 0.5419, -0.034 ]), array([ 0.5413619 , -0.03287619]), 0.7854, 1.0]
[67, array([ 0.5419, -0.034 ]), array([ 0.54151429, -0.03287619]), 0.7854, 1.0]
[67, array([ 0.5419, -0.034 ]), array([ 0.54166667, -0.03287619]), 0.7854, 1.0]
[67, array([ 0.5419, -0.034 ]), array([ 0.54181905, -0.03287619]), 0.7854, 1.0]
[67, array([ 0.5419, -0.034 ]), array([ 0.54197143, -0.03287619]), 0.7854, 1.0]
[67, array([ 0.5419, -0.034 ]), array([ 0.54212381, -0.03287619]), 0.7854, 1.0]
[67, array([ 0.5419, -0.034 ]), array([ 0.54227619, -0.03287619]), 0.7854, 1.0]
[67, array([ 0.5419, -0.034 ]), array([ 0.54242857, -0.03287619]), 0.7854, 1.0]
[67, array([ 0.5419, -0.034 ]), array([ 0.54258095, -0.03287619]), 0.7854, 1.0]
[67, array([ 0.5419, -0.034 ]), array([ 0.54273333, -0.03287619]), 0.7854, 1.0]
[67, array([ 0.5419, -0.034 ]), array([ 0.54288571, -0.03287619]), 0.7854, 1.0]
[67, array([ 0.5419, -0.034 ]), array([ 0.5430381 , -0.03287619]), 0.7854, 1.0]
[67, array([ 0.5419, -0.034 ]), array([ 0.54319048, -0.03287619]), 0.7854, 1.0]
[67, array([ 0.5419, -0.034 ]), array([ 0.54334286, -0.03287619]), 0.7854, 1.0]
[67, array([ 0.5419, -0.034 ]), array([ 0.54349524, -0.03287619]), 0.7854, 1.0]
[67, array([ 0.5419, -0.034 ]), array([ 0.54364762, -0.03287619]), 0.7854, 1.0]
[67, array([ 0.5419, -0.034 ]), array([ 0.5438    , -0.03287619]), 0.7854, 1.0]
[67, array([ 0.5419, -0.034 ]), array([ 0.5406    , -0.03272381]), 0.7854, 1.0]
[67, array([ 0.5419, -0.034 ]), array([ 0.54075238, -0.03272381]), 0.7854, 1.0]
[67, array([ 0.5419, -0.034 ]), array([ 0.54090476, -0.03272381]), 0.7854, 1.0]
[67, array([ 0.5419, -0.034 ]), array([ 0.54105714, -0.03272381]), 0.7854, 1.0]
[67, array([ 0.5419, -0.034 ]), array([ 0.54120952, -0.03272381]), 0.7854, 1.0]
[67, array([ 0.5419, -0.034 ]), array([ 0.5413619 , -0.03272381]), 0.7854, 1.0]
[67, array([ 0.5419, -0.034 ]), array([ 0.54151429, -0.03272381]), 0.7854, 1.0]
[67, array([ 0.5419, -0.034 ]), array([ 0.54166667, -0.03272381]), 0.7854, 1.0]
[67, array([ 0.5419, -0.034 ]), array([ 0.54181905, -0.03272381]), 0.7854, 1.0]
[67, array([ 0.5419, -0.034 ]), array([ 0.54197143, -0.03272381]), 0.7854, 1.0]
[67, array([ 0.5419, -0.034 ]), array([ 0.54212381, -0.03272381]), 0.7854, 1.0]
[67, array([ 0.5419, -0.034 ]), array([ 0.54227619, -0.03272381]), 0.7854, 1.0]
[67, array([ 0.5419, -0.034 ]), array([ 0.54242857, -0.03272381]), 0.7854, 1.0]
[67, array([ 0.5419, -0.034 ]), array([ 0.54258095, -0.03272381]), 0.7854, 1.0]
[67, array([ 0.5419, -0.034 ]), array([ 0.54273333, -0.03272381]), 0.7854, 1.0]
[67, array([ 0.5419, -0.034 ]), array([ 0.54288571, -0.03272381]), 0.7854, 1.0]
[67, array([ 0.5419, -0.034 ]), array([ 0.5430381 , -0.03272381]), 0.7854, 1.0]
[67, array([ 0.5419, -0.034 ]), array([ 0.54319048, -0.03272381]), 0.7854, 1.0]
[67, array([ 0.5419, -0.034 ]), array([ 0.54334286, -0.03272381]), 0.7854, 1.0]
[67, array([ 0.5419, -0.034 ]), array([ 0.54349524, -0.03272381]), 0.7854, 1.0]
[67, array([ 0.5419, -0.034 ]), array([ 0.54364762, -0.03272381]), 0.7854, 1.0]
[67, array([ 0.5419, -0.034 ]), array([ 0.5438    , -0.03272381]), 0.7854, 1.0]
[67, array([ 0.5419, -0.034 ]), array([ 0.5406    , -0.03257143]), 0.7854, 1.0]
[67, array([ 0.5419, -0.034 ]), array([ 0.54075238, -0.03257143]), 0.7854, 1.0]
[67, array([ 0.5419, -0.034 ]), array([ 0.54090476, -0.03257143]), 0.7854, 1.0]
[67, array([ 0.5419, -0.034 ]), array([ 0.54105714, -0.03257143]), 0.7854, 1.0]
[67, array([ 0.5419, -0.034 ]), array([ 0.54120952, -0.03257143]), 0.7854, 1.0]
[67, array([ 0.5419, -0.034 ]), array([ 0.5413619 , -0.03257143]), 0.7854, 1.0]
[67, array([ 0.5419, -0.034 ]), array([ 0.54151429, -0.03257143]), 0.7854, 1.0]
[67, array([ 0.5419, -0.034 ]), array([ 0.54166667, -0.03257143]), 0.7854, 1.0]
[67, array([ 0.5419, -0.034 ]), array([ 0.54181905, -0.03257143]), 0.7854, 1.0]
[67, array([ 0.5419, -0.034 ]), array([ 0.54197143, -0.03257143]), 0.7854, 1.0]
[67, array([ 0.5419, -0.034 ]), array([ 0.54212381, -0.03257143]), 0.7854, 1.0]
[67, array([ 0.5419, -0.034 ]), array([ 0.54227619, -0.03257143]), 0.7854, 1.0]
[67, array([ 0.5419, -0.034 ]), array([ 0.54242857, -0.03257143]), 0.7854, 1.0]
[67, array([ 0.5419, -0.034 ]), array([ 0.54258095, -0.03257143]), 0.7854, 1.0]
[67, array([ 0.5419, -0.034 ]), array([ 0.54273333, -0.03257143]), 0.7854, 1.0]
[67, array([ 0.5419, -0.034 ]), array([ 0.54288571, -0.03257143]), 0.7854, 1.0]
[67, array([ 0.5419, -0.034 ]), array([ 0.5430381 , -0.03257143]), 0.7854, 1.0]
[67, array([ 0.5419, -0.034 ]), array([ 0.54319048, -0.03257143]), 0.7854, 1.0]
[67, array([ 0.5419, -0.034 ]), array([ 0.54334286, -0.03257143]), 0.7854, 1.0]
[67, array([ 0.5419, -0.034 ]), array([ 0.54349524, -0.03257143]), 0.7854, 1.0]
[67, array([ 0.5419, -0.034 ]), array([ 0.54364762, -0.03257143]), 0.7854, 1.0]
[67, array([ 0.5419, -0.034 ]), array([ 0.5438    , -0.03257143]), 0.7854, 1.0]
[67, array([ 0.5419, -0.034 ]), array([ 0.5406    , -0.03241905]), 0.7854, 1.0]
[67, array([ 0.5419, -0.034 ]), array([ 0.54075238, -0.03241905]), 0.7854, 1.0]
[67, array([ 0.5419, -0.034 ]), array([ 0.54090476, -0.03241905]), 0.7854, 1.0]
[67, array([ 0.5419, -0.034 ]), array([ 0.54105714, -0.03241905]), 0.7854, 1.0]
[67, array([ 0.5419, -0.034 ]), array([ 0.54120952, -0.03241905]), 0.7854, 1.0]
[67, array([ 0.5419, -0.034 ]), array([ 0.5413619 , -0.03241905]), 0.7854, 1.0]
[67, array([ 0.5419, -0.034 ]), array([ 0.54151429, -0.03241905]), 0.7854, 1.0]
[67, array([ 0.5419, -0.034 ]), array([ 0.54166667, -0.03241905]), 0.7854, 1.0]
[67, array([ 0.5419, -0.034 ]), array([ 0.54181905, -0.03241905]), 0.7854, 1.0]
[67, array([ 0.5419, -0.034 ]), array([ 0.54197143, -0.03241905]), 0.7854, 1.0]
[67, array([ 0.5419, -0.034 ]), array([ 0.54212381, -0.03241905]), 0.7854, 1.0]
[67, array([ 0.5419, -0.034 ]), array([ 0.54227619, -0.03241905]), 0.7854, 1.0]
[67, array([ 0.5419, -0.034 ]), array([ 0.54242857, -0.03241905]), 0.7854, 1.0]
[67, array([ 0.5419, -0.034 ]), array([ 0.54258095, -0.03241905]), 0.7854, 1.0]
[67, array([ 0.5419, -0.034 ]), array([ 0.54273333, -0.03241905]), 0.7854, 1.0]
[67, array([ 0.5419, -0.034 ]), array([ 0.54288571, -0.03241905]), 0.7854, 1.0]
[67, array([ 0.5419, -0.034 ]), array([ 0.5430381 , -0.03241905]), 0.7854, 1.0]
[67, array([ 0.5419, -0.034 ]), array([ 0.54319048, -0.03241905]), 0.7854, 1.0]
[67, array([ 0.5419, -0.034 ]), array([ 0.54334286, -0.03241905]), 0.7854, 1.0]
[67, array([ 0.5419, -0.034 ]), array([ 0.54349524, -0.03241905]), 0.7854, 1.0]
[67, array([ 0.5419, -0.034 ]), array([ 0.54364762, -0.03241905]), 0.7854, 1.0]
[67, array([ 0.5419, -0.034 ]), array([ 0.5438    , -0.03241905]), 0.7854, 1.0]
[67, array([ 0.5419, -0.034 ]), array([ 0.5406    , -0.03226667]), 0.7854, 1.0]
[67, array([ 0.5419, -0.034 ]), array([ 0.54075238, -0.03226667]), 0.7854, 1.0]
[67, array([ 0.5419, -0.034 ]), array([ 0.54090476, -0.03226667]), 0.7854, 1.0]
[67, array([ 0.5419, -0.034 ]), array([ 0.54105714, -0.03226667]), 0.7854, 1.0]
[67, array([ 0.5419, -0.034 ]), array([ 0.54120952, -0.03226667]), 0.7854, 1.0]
[67, array([ 0.5419, -0.034 ]), array([ 0.5413619 , -0.03226667]), 0.7854, 1.0]
[67, array([ 0.5419, -0.034 ]), array([ 0.54151429, -0.03226667]), 0.7854, 1.0]
[67, array([ 0.5419, -0.034 ]), array([ 0.54166667, -0.03226667]), 0.7854, 1.0]
[67, array([ 0.5419, -0.034 ]), array([ 0.54181905, -0.03226667]), 0.7854, 1.0]
[67, array([ 0.5419, -0.034 ]), array([ 0.54197143, -0.03226667]), 0.7854, 1.0]
[67, array([ 0.5419, -0.034 ]), array([ 0.54212381, -0.03226667]), 0.7854, 1.0]
[67, array([ 0.5419, -0.034 ]), array([ 0.54227619, -0.03226667]), 0.7854, 1.0]
[67, array([ 0.5419, -0.034 ]), array([ 0.54242857, -0.03226667]), 0.7854, 1.0]
[67, array([ 0.5419, -0.034 ]), array([ 0.54258095, -0.03226667]), 0.7854, 1.0]
[67, array([ 0.5419, -0.034 ]), array([ 0.54273333, -0.03226667]), 0.7854, 1.0]
[67, array([ 0.5419, -0.034 ]), array([ 0.54288571, -0.03226667]), 0.7854, 1.0]
[67, array([ 0.5419, -0.034 ]), array([ 0.5430381 , -0.03226667]), 0.7854, 1.0]
[67, array([ 0.5419, -0.034 ]), array([ 0.54319048, -0.03226667]), 0.7854, 1.0]
[67, array([ 0.5419, -0.034 ]), array([ 0.54334286, -0.03226667]), 0.7854, 1.0]
[67, array([ 0.5419, -0.034 ]), array([ 0.54349524, -0.03226667]), 0.7854, 1.0]
[67, array([ 0.5419, -0.034 ]), array([ 0.54364762, -0.03226667]), 0.7854, 1.0]
[67, array([ 0.5419, -0.034 ]), array([ 0.5438    , -0.03226667]), 0.7854, 1.0]
[67, array([ 0.5419, -0.034 ]), array([ 0.5406    , -0.03211429]), 0.7854, 1.0]
[67, array([ 0.5419, -0.034 ]), array([ 0.54075238, -0.03211429]), 0.7854, 1.0]
[67, array([ 0.5419, -0.034 ]), array([ 0.54090476, -0.03211429]), 0.7854, 1.0]
[67, array([ 0.5419, -0.034 ]), array([ 0.54105714, -0.03211429]), 0.7854, 1.0]
[67, array([ 0.5419, -0.034 ]), array([ 0.54120952, -0.03211429]), 0.7854, 1.0]
[67, array([ 0.5419, -0.034 ]), array([ 0.5413619 , -0.03211429]), 0.7854, 1.0]
[67, array([ 0.5419, -0.034 ]), array([ 0.54151429, -0.03211429]), 0.7854, 1.0]
[67, array([ 0.5419, -0.034 ]), array([ 0.54166667, -0.03211429]), 0.7854, 1.0]
[67, array([ 0.5419, -0.034 ]), array([ 0.54181905, -0.03211429]), 0.7854, 1.0]
[67, array([ 0.5419, -0.034 ]), array([ 0.54197143, -0.03211429]), 0.7854, 1.0]
[67, array([ 0.5419, -0.034 ]), array([ 0.54212381, -0.03211429]), 0.7854, 1.0]
[67, array([ 0.5419, -0.034 ]), array([ 0.54227619, -0.03211429]), 0.7854, 1.0]
[67, array([ 0.5419, -0.034 ]), array([ 0.54242857, -0.03211429]), 0.7854, 1.0]
[67, array([ 0.5419, -0.034 ]), array([ 0.54258095, -0.03211429]), 0.7854, 1.0]
[67, array([ 0.5419, -0.034 ]), array([ 0.54273333, -0.03211429]), 0.7854, 1.0]
[67, array([ 0.5419, -0.034 ]), array([ 0.54288571, -0.03211429]), 0.7854, 1.0]
[67, array([ 0.5419, -0.034 ]), array([ 0.5430381 , -0.03211429]), 0.7854, 1.0]
[67, array([ 0.5419, -0.034 ]), array([ 0.54319048, -0.03211429]), 0.7854, 1.0]
[67, array([ 0.5419, -0.034 ]), array([ 0.54334286, -0.03211429]), 0.7854, 1.0]
[67, array([ 0.5419, -0.034 ]), array([ 0.54349524, -0.03211429]), 0.7854, 1.0]
[67, array([ 0.5419, -0.034 ]), array([ 0.54364762, -0.03211429]), 0.7854, 1.0]
[67, array([ 0.5419, -0.034 ]), array([ 0.5438    , -0.03211429]), 0.7854, 1.0]
[67, array([ 0.5419, -0.034 ]), array([ 0.5406   , -0.0319619]), 0.7854, 1.0]
[67, array([ 0.5419, -0.034 ]), array([ 0.54075238, -0.0319619 ]), 0.7854, 1.0]
[67, array([ 0.5419, -0.034 ]), array([ 0.54090476, -0.0319619 ]), 0.7854, 1.0]
[67, array([ 0.5419, -0.034 ]), array([ 0.54105714, -0.0319619 ]), 0.7854, 1.0]
[67, array([ 0.5419, -0.034 ]), array([ 0.54120952, -0.0319619 ]), 0.7854, 1.0]
[67, array([ 0.5419, -0.034 ]), array([ 0.5413619, -0.0319619]), 0.7854, 1.0]
[67, array([ 0.5419, -0.034 ]), array([ 0.54151429, -0.0319619 ]), 0.7854, 1.0]
[67, array([ 0.5419, -0.034 ]), array([ 0.54166667, -0.0319619 ]), 0.7854, 1.0]
[67, array([ 0.5419, -0.034 ]), array([ 0.54181905, -0.0319619 ]), 0.7854, 1.0]
[67, array([ 0.5419, -0.034 ]), array([ 0.54197143, -0.0319619 ]), 0.7854, 1.0]
[67, array([ 0.5419, -0.034 ]), array([ 0.54212381, -0.0319619 ]), 0.7854, 1.0]
[67, array([ 0.5419, -0.034 ]), array([ 0.54227619, -0.0319619 ]), 0.7854, 1.0]
[67, array([ 0.5419, -0.034 ]), array([ 0.54242857, -0.0319619 ]), 0.7854, 1.0]
[67, array([ 0.5419, -0.034 ]), array([ 0.54258095, -0.0319619 ]), 0.7854, 1.0]
[67, array([ 0.5419, -0.034 ]), array([ 0.54273333, -0.0319619 ]), 0.7854, 1.0]
[67, array([ 0.5419, -0.034 ]), array([ 0.54288571, -0.0319619 ]), 0.7854, 1.0]
[67, array([ 0.5419, -0.034 ]), array([ 0.5430381, -0.0319619]), 0.7854, 1.0]
[67, array([ 0.5419, -0.034 ]), array([ 0.54319048, -0.0319619 ]), 0.7854, 1.0]
[67, array([ 0.5419, -0.034 ]), array([ 0.54334286, -0.0319619 ]), 0.7854, 1.0]
[67, array([ 0.5419, -0.034 ]), array([ 0.54349524, -0.0319619 ]), 0.7854, 1.0]
[67, array([ 0.5419, -0.034 ]), array([ 0.54364762, -0.0319619 ]), 0.7854, 1.0]
[67, array([ 0.5419, -0.034 ]), array([ 0.5438   , -0.0319619]), 0.7854, 1.0]
[67, array([ 0.5419, -0.034 ]), array([ 0.5406    , -0.03180952]), 0.7854, 1.0]
[67, array([ 0.5419, -0.034 ]), array([ 0.54075238, -0.03180952]), 0.7854, 1.0]
[67, array([ 0.5419, -0.034 ]), array([ 0.54090476, -0.03180952]), 0.7854, 1.0]
[67, array([ 0.5419, -0.034 ]), array([ 0.54105714, -0.03180952]), 0.7854, 1.0]
[67, array([ 0.5419, -0.034 ]), array([ 0.54120952, -0.03180952]), 0.7854, 1.0]
[67, array([ 0.5419, -0.034 ]), array([ 0.5413619 , -0.03180952]), 0.7854, 1.0]
[67, array([ 0.5419, -0.034 ]), array([ 0.54151429, -0.03180952]), 0.7854, 1.0]
[67, array([ 0.5419, -0.034 ]), array([ 0.54166667, -0.03180952]), 0.7854, 1.0]
[67, array([ 0.5419, -0.034 ]), array([ 0.54181905, -0.03180952]), 0.7854, 1.0]
[67, array([ 0.5419, -0.034 ]), array([ 0.54197143, -0.03180952]), 0.7854, 1.0]
[67, array([ 0.5419, -0.034 ]), array([ 0.54212381, -0.03180952]), 0.7854, 1.0]
[67, array([ 0.5419, -0.034 ]), array([ 0.54227619, -0.03180952]), 0.7854, 1.0]
[67, array([ 0.5419, -0.034 ]), array([ 0.54242857, -0.03180952]), 0.7854, 1.0]
[67, array([ 0.5419, -0.034 ]), array([ 0.54258095, -0.03180952]), 0.7854, 1.0]
[67, array([ 0.5419, -0.034 ]), array([ 0.54273333, -0.03180952]), 0.7854, 1.0]
[67, array([ 0.5419, -0.034 ]), array([ 0.54288571, -0.03180952]), 0.7854, 1.0]
[67, array([ 0.5419, -0.034 ]), array([ 0.5430381 , -0.03180952]), 0.7854, 1.0]
[67, array([ 0.5419, -0.034 ]), array([ 0.54319048, -0.03180952]), 0.7854, 1.0]
[67, array([ 0.5419, -0.034 ]), array([ 0.54334286, -0.03180952]), 0.7854, 1.0]
[67, array([ 0.5419, -0.034 ]), array([ 0.54349524, -0.03180952]), 0.7854, 1.0]
[67, array([ 0.5419, -0.034 ]), array([ 0.54364762, -0.03180952]), 0.7854, 1.0]
[67, array([ 0.5419, -0.034 ]), array([ 0.5438    , -0.03180952]), 0.7854, 1.0]
[67, array([ 0.5419, -0.034 ]), array([ 0.5406    , -0.03165714]), 0.7854, 1.0]
[67, array([ 0.5419, -0.034 ]), array([ 0.54075238, -0.03165714]), 0.7854, 1.0]
[67, array([ 0.5419, -0.034 ]), array([ 0.54090476, -0.03165714]), 0.7854, 1.0]
[67, array([ 0.5419, -0.034 ]), array([ 0.54105714, -0.03165714]), 0.7854, 1.0]
[67, array([ 0.5419, -0.034 ]), array([ 0.54120952, -0.03165714]), 0.7854, 1.0]
[67, array([ 0.5419, -0.034 ]), array([ 0.5413619 , -0.03165714]), 0.7854, 1.0]
[67, array([ 0.5419, -0.034 ]), array([ 0.54151429, -0.03165714]), 0.7854, 1.0]
[67, array([ 0.5419, -0.034 ]), array([ 0.54166667, -0.03165714]), 0.7854, 1.0]
[67, array([ 0.5419, -0.034 ]), array([ 0.54181905, -0.03165714]), 0.7854, 1.0]
[67, array([ 0.5419, -0.034 ]), array([ 0.54197143, -0.03165714]), 0.7854, 1.0]
[67, array([ 0.5419, -0.034 ]), array([ 0.54212381, -0.03165714]), 0.7854, 1.0]
[67, array([ 0.5419, -0.034 ]), array([ 0.54227619, -0.03165714]), 0.7854, 1.0]
[67, array([ 0.5419, -0.034 ]), array([ 0.54242857, -0.03165714]), 0.7854, 1.0]
[67, array([ 0.5419, -0.034 ]), array([ 0.54258095, -0.03165714]), 0.7854, 1.0]
[67, array([ 0.5419, -0.034 ]), array([ 0.54273333, -0.03165714]), 0.7854, 1.0]
[67, array([ 0.5419, -0.034 ]), array([ 0.54288571, -0.03165714]), 0.7854, 1.0]
[67, array([ 0.5419, -0.034 ]), array([ 0.5430381 , -0.03165714]), 0.7854, 1.0]
[67, array([ 0.5419, -0.034 ]), array([ 0.54319048, -0.03165714]), 0.7854, 1.0]
[67, array([ 0.5419, -0.034 ]), array([ 0.54334286, -0.03165714]), 0.7854, 1.0]
[67, array([ 0.5419, -0.034 ]), array([ 0.54349524, -0.03165714]), 0.7854, 1.0]
[67, array([ 0.5419, -0.034 ]), array([ 0.54364762, -0.03165714]), 0.7854, 1.0]
[67, array([ 0.5419, -0.034 ]), array([ 0.5438    , -0.03165714]), 0.7854, 1.0]
[67, array([ 0.5419, -0.034 ]), array([ 0.5406    , -0.03150476]), 0.7854, 1.0]
[67, array([ 0.5419, -0.034 ]), array([ 0.54075238, -0.03150476]), 0.7854, 1.0]
[67, array([ 0.5419, -0.034 ]), array([ 0.54090476, -0.03150476]), 0.7854, 1.0]
[67, array([ 0.5419, -0.034 ]), array([ 0.54105714, -0.03150476]), 0.7854, 1.0]
[67, array([ 0.5419, -0.034 ]), array([ 0.54120952, -0.03150476]), 0.7854, 1.0]
[67, array([ 0.5419, -0.034 ]), array([ 0.5413619 , -0.03150476]), 0.7854, 1.0]
[67, array([ 0.5419, -0.034 ]), array([ 0.54151429, -0.03150476]), 0.7854, 1.0]
[67, array([ 0.5419, -0.034 ]), array([ 0.54166667, -0.03150476]), 0.7854, 1.0]
[67, array([ 0.5419, -0.034 ]), array([ 0.54181905, -0.03150476]), 0.7854, 1.0]
[67, array([ 0.5419, -0.034 ]), array([ 0.54197143, -0.03150476]), 0.7854, 1.0]
[67, array([ 0.5419, -0.034 ]), array([ 0.54212381, -0.03150476]), 0.7854, 1.0]
[67, array([ 0.5419, -0.034 ]), array([ 0.54227619, -0.03150476]), 0.7854, 1.0]
[67, array([ 0.5419, -0.034 ]), array([ 0.54242857, -0.03150476]), 0.7854, 1.0]
[67, array([ 0.5419, -0.034 ]), array([ 0.54258095, -0.03150476]), 0.7854, 1.0]
[67, array([ 0.5419, -0.034 ]), array([ 0.54273333, -0.03150476]), 0.7854, 1.0]
[67, array([ 0.5419, -0.034 ]), array([ 0.54288571, -0.03150476]), 0.7854, 1.0]
[67, array([ 0.5419, -0.034 ]), array([ 0.5430381 , -0.03150476]), 0.7854, 1.0]
[67, array([ 0.5419, -0.034 ]), array([ 0.54319048, -0.03150476]), 0.7854, 1.0]
[67, array([ 0.5419, -0.034 ]), array([ 0.54334286, -0.03150476]), 0.7854, 1.0]
[67, array([ 0.5419, -0.034 ]), array([ 0.54349524, -0.03150476]), 0.7854, 1.0]
[67, array([ 0.5419, -0.034 ]), array([ 0.54364762, -0.03150476]), 0.7854, 1.0]
[67, array([ 0.5419, -0.034 ]), array([ 0.5438    , -0.03150476]), 0.7854, 1.0]
[67, array([ 0.5419, -0.034 ]), array([ 0.5406    , -0.03135238]), 0.7854, 1.0]
[67, array([ 0.5419, -0.034 ]), array([ 0.54075238, -0.03135238]), 0.7854, 1.0]
[67, array([ 0.5419, -0.034 ]), array([ 0.54090476, -0.03135238]), 0.7854, 1.0]
[67, array([ 0.5419, -0.034 ]), array([ 0.54105714, -0.03135238]), 0.7854, 1.0]
[67, array([ 0.5419, -0.034 ]), array([ 0.54120952, -0.03135238]), 0.7854, 1.0]
[67, array([ 0.5419, -0.034 ]), array([ 0.5413619 , -0.03135238]), 0.7854, 1.0]
[67, array([ 0.5419, -0.034 ]), array([ 0.54151429, -0.03135238]), 0.7854, 1.0]
[67, array([ 0.5419, -0.034 ]), array([ 0.54166667, -0.03135238]), 0.7854, 1.0]
[67, array([ 0.5419, -0.034 ]), array([ 0.54181905, -0.03135238]), 0.7854, 1.0]
[67, array([ 0.5419, -0.034 ]), array([ 0.54197143, -0.03135238]), 0.7854, 1.0]
[67, array([ 0.5419, -0.034 ]), array([ 0.54212381, -0.03135238]), 0.7854, 1.0]
[67, array([ 0.5419, -0.034 ]), array([ 0.54227619, -0.03135238]), 0.7854, 1.0]
[67, array([ 0.5419, -0.034 ]), array([ 0.54242857, -0.03135238]), 0.7854, 1.0]
[67, array([ 0.5419, -0.034 ]), array([ 0.54258095, -0.03135238]), 0.7854, 1.0]
[67, array([ 0.5419, -0.034 ]), array([ 0.54273333, -0.03135238]), 0.7854, 1.0]
[67, array([ 0.5419, -0.034 ]), array([ 0.54288571, -0.03135238]), 0.7854, 1.0]
[67, array([ 0.5419, -0.034 ]), array([ 0.5430381 , -0.03135238]), 0.7854, 1.0]
[67, array([ 0.5419, -0.034 ]), array([ 0.54319048, -0.03135238]), 0.7854, 1.0]
[67, array([ 0.5419, -0.034 ]), array([ 0.54334286, -0.03135238]), 0.7854, 1.0]
[67, array([ 0.5419, -0.034 ]), array([ 0.54349524, -0.03135238]), 0.7854, 1.0]
[67, array([ 0.5419, -0.034 ]), array([ 0.54364762, -0.03135238]), 0.7854, 1.0]
[67, array([ 0.5419, -0.034 ]), array([ 0.5438    , -0.03135238]), 0.7854, 1.0]
[67, array([ 0.5419, -0.034 ]), array([ 0.5406, -0.0312]), 0.7854, 1.0]
[67, array([ 0.5419, -0.034 ]), array([ 0.54075238, -0.0312    ]), 0.7854, 1.0]
[67, array([ 0.5419, -0.034 ]), array([ 0.54090476, -0.0312    ]), 0.7854, 1.0]
[67, array([ 0.5419, -0.034 ]), array([ 0.54105714, -0.0312    ]), 0.7854, 1.0]
[67, array([ 0.5419, -0.034 ]), array([ 0.54120952, -0.0312    ]), 0.7854, 1.0]
[67, array([ 0.5419, -0.034 ]), array([ 0.5413619, -0.0312   ]), 0.7854, 1.0]
[67, array([ 0.5419, -0.034 ]), array([ 0.54151429, -0.0312    ]), 0.7854, 1.0]
[67, array([ 0.5419, -0.034 ]), array([ 0.54166667, -0.0312    ]), 0.7854, 1.0]
[67, array([ 0.5419, -0.034 ]), array([ 0.54181905, -0.0312    ]), 0.7854, 1.0]
[67, array([ 0.5419, -0.034 ]), array([ 0.54197143, -0.0312    ]), 0.7854, 1.0]
[67, array([ 0.5419, -0.034 ]), array([ 0.54212381, -0.0312    ]), 0.7854, 1.0]
[67, array([ 0.5419, -0.034 ]), array([ 0.54227619, -0.0312    ]), 0.7854, 1.0]
[67, array([ 0.5419, -0.034 ]), array([ 0.54242857, -0.0312    ]), 0.7854, 1.0]
[67, array([ 0.5419, -0.034 ]), array([ 0.54258095, -0.0312    ]), 0.7854, 1.0]
[67, array([ 0.5419, -0.034 ]), array([ 0.54273333, -0.0312    ]), 0.7854, 1.0]
[67, array([ 0.5419, -0.034 ]), array([ 0.54288571, -0.0312    ]), 0.7854, 1.0]
[67, array([ 0.5419, -0.034 ]), array([ 0.5430381, -0.0312   ]), 0.7854, 1.0]
[67, array([ 0.5419, -0.034 ]), array([ 0.54319048, -0.0312    ]), 0.7854, 1.0]
[67, array([ 0.5419, -0.034 ]), array([ 0.54334286, -0.0312    ]), 0.7854, 1.0]
[67, array([ 0.5419, -0.034 ]), array([ 0.54349524, -0.0312    ]), 0.7854, 1.0]
[67, array([ 0.5419, -0.034 ]), array([ 0.54364762, -0.0312    ]), 0.7854, 1.0]
[67, array([ 0.5419, -0.034 ]), array([ 0.5438, -0.0312]), 0.7854, 1.0]
[20, array([ 0.5428, -0.0144]), array([ 0.5312 , -0.01565]), 0.7854, 0.0]
[20, array([ 0.5428, -0.0144]), array([ 0.53135238, -0.01565   ]), 0.7854, 0.0]
[20, array([ 0.5428, -0.0144]), array([ 0.53150476, -0.01565   ]), 0.7854, 0.0]
[20, array([ 0.5428, -0.0144]), array([ 0.53165714, -0.01565   ]), 0.7854, 0.0]
[20, array([ 0.5428, -0.0144]), array([ 0.53180952, -0.01565   ]), 0.7854, 1.0]
[20, array([ 0.5428, -0.0144]), array([ 0.5319619, -0.01565  ]), 0.7854, 1.0]
[20, array([ 0.5428, -0.0144]), array([ 0.53211429, -0.01565   ]), 0.7854, 1.0]
[20, array([ 0.5428, -0.0144]), array([ 0.53226667, -0.01565   ]), 0.7854, 1.0]
[20, array([ 0.5428, -0.0144]), array([ 0.53241905, -0.01565   ]), 0.7854, 0.0]
[20, array([ 0.5428, -0.0144]), array([ 0.53257143, -0.01565   ]), 0.7854, 1.0]
[20, array([ 0.5428, -0.0144]), array([ 0.53272381, -0.01565   ]), 0.7854, 1.0]
[20, array([ 0.5428, -0.0144]), array([ 0.53287619, -0.01565   ]), 0.7854, 0.0]
[20, array([ 0.5428, -0.0144]), array([ 0.53302857, -0.01565   ]), 0.7854, 1.0]
[20, array([ 0.5428, -0.0144]), array([ 0.53318095, -0.01565   ]), 0.7854, 0.0]
[20, array([ 0.5428, -0.0144]), array([ 0.53333333, -0.01565   ]), 0.7854, 0.0]
[20, array([ 0.5428, -0.0144]), array([ 0.53348571, -0.01565   ]), 0.7854, 0.0]
[20, array([ 0.5428, -0.0144]), array([ 0.5336381, -0.01565  ]), 0.7854, 0.0]
[20, array([ 0.5428, -0.0144]), array([ 0.53379048, -0.01565   ]), 0.7854, 0.0]
[20, array([ 0.5428, -0.0144]), array([ 0.53394286, -0.01565   ]), 0.7854, 0.0]
[20, array([ 0.5428, -0.0144]), array([ 0.53409524, -0.01565   ]), 0.7854, 0.0]
[20, array([ 0.5428, -0.0144]), array([ 0.53424762, -0.01565   ]), 0.7854, 0.0]
[20, array([ 0.5428, -0.0144]), array([ 0.5344 , -0.01565]), 0.7854, 0.0]
[20, array([ 0.5428, -0.0144]), array([ 0.5312    , -0.01549762]), 0.7854, 0.0]
[20, array([ 0.5428, -0.0144]), array([ 0.53135238, -0.01549762]), 0.7854, 0.0]
[20, array([ 0.5428, -0.0144]), array([ 0.53150476, -0.01549762]), 0.7854, 0.0]
[20, array([ 0.5428, -0.0144]), array([ 0.53165714, -0.01549762]), 0.7854, 0.0]
[20, array([ 0.5428, -0.0144]), array([ 0.53180952, -0.01549762]), 0.7854, 0.0]
[20, array([ 0.5428, -0.0144]), array([ 0.5319619 , -0.01549762]), 0.7854, 1.0]
[20, array([ 0.5428, -0.0144]), array([ 0.53211429, -0.01549762]), 0.7854, 1.0]
[20, array([ 0.5428, -0.0144]), array([ 0.53226667, -0.01549762]), 0.7854, 1.0]
[20, array([ 0.5428, -0.0144]), array([ 0.53241905, -0.01549762]), 0.7854, 0.0]
[20, array([ 0.5428, -0.0144]), array([ 0.53257143, -0.01549762]), 0.7854, 1.0]
[20, array([ 0.5428, -0.0144]), array([ 0.53272381, -0.01549762]), 0.7854, 1.0]
[20, array([ 0.5428, -0.0144]), array([ 0.53287619, -0.01549762]), 0.7854, 1.0]
[20, array([ 0.5428, -0.0144]), array([ 0.53302857, -0.01549762]), 0.7854, 1.0]
[20, array([ 0.5428, -0.0144]), array([ 0.53318095, -0.01549762]), 0.7854, 0.0]
[20, array([ 0.5428, -0.0144]), array([ 0.53333333, -0.01549762]), 0.7854, 0.0]
[20, array([ 0.5428, -0.0144]), array([ 0.53348571, -0.01549762]), 0.7854, 0.0]
[20, array([ 0.5428, -0.0144]), array([ 0.5336381 , -0.01549762]), 0.7854, 0.0]
[20, array([ 0.5428, -0.0144]), array([ 0.53379048, -0.01549762]), 0.7854, 0.0]
[20, array([ 0.5428, -0.0144]), array([ 0.53394286, -0.01549762]), 0.7854, 0.0]
[20, array([ 0.5428, -0.0144]), array([ 0.53409524, -0.01549762]), 0.7854, 0.0]
[20, array([ 0.5428, -0.0144]), array([ 0.53424762, -0.01549762]), 0.7854, 0.0]
[20, array([ 0.5428, -0.0144]), array([ 0.5344    , -0.01549762]), 0.7854, 0.0]
[20, array([ 0.5428, -0.0144]), array([ 0.5312    , -0.01534524]), 0.7854, 0.0]
[20, array([ 0.5428, -0.0144]), array([ 0.53135238, -0.01534524]), 0.7854, 0.0]
[20, array([ 0.5428, -0.0144]), array([ 0.53150476, -0.01534524]), 0.7854, 0.0]
[20, array([ 0.5428, -0.0144]), array([ 0.53165714, -0.01534524]), 0.7854, 0.0]
[20, array([ 0.5428, -0.0144]), array([ 0.53180952, -0.01534524]), 0.7854, 0.0]
[20, array([ 0.5428, -0.0144]), array([ 0.5319619 , -0.01534524]), 0.7854, 0.0]
[20, array([ 0.5428, -0.0144]), array([ 0.53211429, -0.01534524]), 0.7854, 1.0]
[20, array([ 0.5428, -0.0144]), array([ 0.53226667, -0.01534524]), 0.7854, 1.0]
[20, array([ 0.5428, -0.0144]), array([ 0.53241905, -0.01534524]), 0.7854, 0.0]
[20, array([ 0.5428, -0.0144]), array([ 0.53257143, -0.01534524]), 0.7854, 0.0]
[20, array([ 0.5428, -0.0144]), array([ 0.53272381, -0.01534524]), 0.7854, 1.0]
[20, array([ 0.5428, -0.0144]), array([ 0.53287619, -0.01534524]), 0.7854, 1.0]
[20, array([ 0.5428, -0.0144]), array([ 0.53302857, -0.01534524]), 0.7854, 0.0]
[20, array([ 0.5428, -0.0144]), array([ 0.53318095, -0.01534524]), 0.7854, 1.0]
[20, array([ 0.5428, -0.0144]), array([ 0.53333333, -0.01534524]), 0.7854, 0.0]
[20, array([ 0.5428, -0.0144]), array([ 0.53348571, -0.01534524]), 0.7854, 0.0]
[20, array([ 0.5428, -0.0144]), array([ 0.5336381 , -0.01534524]), 0.7854, 0.0]
[20, array([ 0.5428, -0.0144]), array([ 0.53379048, -0.01534524]), 0.7854, 0.0]
[20, array([ 0.5428, -0.0144]), array([ 0.53394286, -0.01534524]), 0.7854, 0.0]
[20, array([ 0.5428, -0.0144]), array([ 0.53409524, -0.01534524]), 0.7854, 0.0]
[20, array([ 0.5428, -0.0144]), array([ 0.53424762, -0.01534524]), 0.7854, 0.0]
[20, array([ 0.5428, -0.0144]), array([ 0.5344    , -0.01534524]), 0.7854, 0.0]
[20, array([ 0.5428, -0.0144]), array([ 0.5312    , -0.01519286]), 0.7854, 0.0]
[20, array([ 0.5428, -0.0144]), array([ 0.53135238, -0.01519286]), 0.7854, 0.0]
[20, array([ 0.5428, -0.0144]), array([ 0.53150476, -0.01519286]), 0.7854, 0.0]
[20, array([ 0.5428, -0.0144]), array([ 0.53165714, -0.01519286]), 0.7854, 0.0]
[20, array([ 0.5428, -0.0144]), array([ 0.53180952, -0.01519286]), 0.7854, 0.0]
[20, array([ 0.5428, -0.0144]), array([ 0.5319619 , -0.01519286]), 0.7854, 0.0]
[20, array([ 0.5428, -0.0144]), array([ 0.53211429, -0.01519286]), 0.7854, 0.0]
[20, array([ 0.5428, -0.0144]), array([ 0.53226667, -0.01519286]), 0.7854, 1.0]
[20, array([ 0.5428, -0.0144]), array([ 0.53241905, -0.01519286]), 0.7854, 1.0]
[20, array([ 0.5428, -0.0144]), array([ 0.53257143, -0.01519286]), 0.7854, 1.0]
[20, array([ 0.5428, -0.0144]), array([ 0.53272381, -0.01519286]), 0.7854, 1.0]
[20, array([ 0.5428, -0.0144]), array([ 0.53287619, -0.01519286]), 0.7854, 1.0]
[20, array([ 0.5428, -0.0144]), array([ 0.53302857, -0.01519286]), 0.7854, 1.0]
[20, array([ 0.5428, -0.0144]), array([ 0.53318095, -0.01519286]), 0.7854, 1.0]
[20, array([ 0.5428, -0.0144]), array([ 0.53333333, -0.01519286]), 0.7854, 0.0]
[20, array([ 0.5428, -0.0144]), array([ 0.53348571, -0.01519286]), 0.7854, 0.0]
[20, array([ 0.5428, -0.0144]), array([ 0.5336381 , -0.01519286]), 0.7854, 0.0]
[20, array([ 0.5428, -0.0144]), array([ 0.53379048, -0.01519286]), 0.7854, 0.0]
[20, array([ 0.5428, -0.0144]), array([ 0.53394286, -0.01519286]), 0.7854, 0.0]
[20, array([ 0.5428, -0.0144]), array([ 0.53409524, -0.01519286]), 0.7854, 0.0]
[20, array([ 0.5428, -0.0144]), array([ 0.53424762, -0.01519286]), 0.7854, 0.0]
[20, array([ 0.5428, -0.0144]), array([ 0.5344    , -0.01519286]), 0.7854, 0.0]
[20, array([ 0.5428, -0.0144]), array([ 0.5312    , -0.01504048]), 0.7854, 0.0]
[20, array([ 0.5428, -0.0144]), array([ 0.53135238, -0.01504048]), 0.7854, 0.0]
[20, array([ 0.5428, -0.0144]), array([ 0.53150476, -0.01504048]), 0.7854, 0.0]
[20, array([ 0.5428, -0.0144]), array([ 0.53165714, -0.01504048]), 0.7854, 0.0]
[20, array([ 0.5428, -0.0144]), array([ 0.53180952, -0.01504048]), 0.7854, 0.0]
[20, array([ 0.5428, -0.0144]), array([ 0.5319619 , -0.01504048]), 0.7854, 0.0]
[20, array([ 0.5428, -0.0144]), array([ 0.53211429, -0.01504048]), 0.7854, 0.0]
[20, array([ 0.5428, -0.0144]), array([ 0.53226667, -0.01504048]), 0.7854, 1.0]
[20, array([ 0.5428, -0.0144]), array([ 0.53241905, -0.01504048]), 0.7854, 1.0]
[20, array([ 0.5428, -0.0144]), array([ 0.53257143, -0.01504048]), 0.7854, 1.0]
[20, array([ 0.5428, -0.0144]), array([ 0.53272381, -0.01504048]), 0.7854, 1.0]
[20, array([ 0.5428, -0.0144]), array([ 0.53287619, -0.01504048]), 0.7854, 1.0]
[20, array([ 0.5428, -0.0144]), array([ 0.53302857, -0.01504048]), 0.7854, 1.0]
[20, array([ 0.5428, -0.0144]), array([ 0.53318095, -0.01504048]), 0.7854, 1.0]
[20, array([ 0.5428, -0.0144]), array([ 0.53333333, -0.01504048]), 0.7854, 1.0]
[20, array([ 0.5428, -0.0144]), array([ 0.53348571, -0.01504048]), 0.7854, 0.0]
[20, array([ 0.5428, -0.0144]), array([ 0.5336381 , -0.01504048]), 0.7854, 0.0]
[20, array([ 0.5428, -0.0144]), array([ 0.53379048, -0.01504048]), 0.7854, 0.0]
[20, array([ 0.5428, -0.0144]), array([ 0.53394286, -0.01504048]), 0.7854, 0.0]
[20, array([ 0.5428, -0.0144]), array([ 0.53409524, -0.01504048]), 0.7854, 0.0]
[20, array([ 0.5428, -0.0144]), array([ 0.53424762, -0.01504048]), 0.7854, 0.0]
[20, array([ 0.5428, -0.0144]), array([ 0.5344    , -0.01504048]), 0.7854, 0.0]
[20, array([ 0.5428, -0.0144]), array([ 0.5312   , -0.0148881]), 0.7854, 0.0]
[20, array([ 0.5428, -0.0144]), array([ 0.53135238, -0.0148881 ]), 0.7854, 0.0]
[20, array([ 0.5428, -0.0144]), array([ 0.53150476, -0.0148881 ]), 0.7854, 0.0]
[20, array([ 0.5428, -0.0144]), array([ 0.53165714, -0.0148881 ]), 0.7854, 0.0]
[20, array([ 0.5428, -0.0144]), array([ 0.53180952, -0.0148881 ]), 0.7854, 0.0]
[20, array([ 0.5428, -0.0144]), array([ 0.5319619, -0.0148881]), 0.7854, 0.0]
[20, array([ 0.5428, -0.0144]), array([ 0.53211429, -0.0148881 ]), 0.7854, 0.0]
[20, array([ 0.5428, -0.0144]), array([ 0.53226667, -0.0148881 ]), 0.7854, 1.0]
[20, array([ 0.5428, -0.0144]), array([ 0.53241905, -0.0148881 ]), 0.7854, 1.0]
[20, array([ 0.5428, -0.0144]), array([ 0.53257143, -0.0148881 ]), 0.7854, 1.0]
[20, array([ 0.5428, -0.0144]), array([ 0.53272381, -0.0148881 ]), 0.7854, 1.0]
[20, array([ 0.5428, -0.0144]), array([ 0.53287619, -0.0148881 ]), 0.7854, 1.0]
[20, array([ 0.5428, -0.0144]), array([ 0.53302857, -0.0148881 ]), 0.7854, 1.0]
[20, array([ 0.5428, -0.0144]), array([ 0.53318095, -0.0148881 ]), 0.7854, 1.0]
[20, array([ 0.5428, -0.0144]), array([ 0.53333333, -0.0148881 ]), 0.7854, 1.0]
[20, array([ 0.5428, -0.0144]), array([ 0.53348571, -0.0148881 ]), 0.7854, 1.0]
[20, array([ 0.5428, -0.0144]), array([ 0.5336381, -0.0148881]), 0.7854, 0.0]
[20, array([ 0.5428, -0.0144]), array([ 0.53379048, -0.0148881 ]), 0.7854, 0.0]
[20, array([ 0.5428, -0.0144]), array([ 0.53394286, -0.0148881 ]), 0.7854, 0.0]
[20, array([ 0.5428, -0.0144]), array([ 0.53409524, -0.0148881 ]), 0.7854, 0.0]
[20, array([ 0.5428, -0.0144]), array([ 0.53424762, -0.0148881 ]), 0.7854, 0.0]
[20, array([ 0.5428, -0.0144]), array([ 0.5344   , -0.0148881]), 0.7854, 0.0]
[20, array([ 0.5428, -0.0144]), array([ 0.5312    , -0.01473571]), 0.7854, 0.0]
[20, array([ 0.5428, -0.0144]), array([ 0.53135238, -0.01473571]), 0.7854, 0.0]
[20, array([ 0.5428, -0.0144]), array([ 0.53150476, -0.01473571]), 0.7854, 0.0]
[20, array([ 0.5428, -0.0144]), array([ 0.53165714, -0.01473571]), 0.7854, 0.0]
[20, array([ 0.5428, -0.0144]), array([ 0.53180952, -0.01473571]), 0.7854, 0.0]
[20, array([ 0.5428, -0.0144]), array([ 0.5319619 , -0.01473571]), 0.7854, 0.0]
[20, array([ 0.5428, -0.0144]), array([ 0.53211429, -0.01473571]), 0.7854, 0.0]
[20, array([ 0.5428, -0.0144]), array([ 0.53226667, -0.01473571]), 0.7854, 0.0]
[20, array([ 0.5428, -0.0144]), array([ 0.53241905, -0.01473571]), 0.7854, 1.0]
[20, array([ 0.5428, -0.0144]), array([ 0.53257143, -0.01473571]), 0.7854, 1.0]
[20, array([ 0.5428, -0.0144]), array([ 0.53272381, -0.01473571]), 0.7854, 1.0]
[20, array([ 0.5428, -0.0144]), array([ 0.53287619, -0.01473571]), 0.7854, 1.0]
[20, array([ 0.5428, -0.0144]), array([ 0.53302857, -0.01473571]), 0.7854, 1.0]
[20, array([ 0.5428, -0.0144]), array([ 0.53318095, -0.01473571]), 0.7854, 1.0]
[20, array([ 0.5428, -0.0144]), array([ 0.53333333, -0.01473571]), 0.7854, 1.0]
[20, array([ 0.5428, -0.0144]), array([ 0.53348571, -0.01473571]), 0.7854, 1.0]
[20, array([ 0.5428, -0.0144]), array([ 0.5336381 , -0.01473571]), 0.7854, 0.0]
[20, array([ 0.5428, -0.0144]), array([ 0.53379048, -0.01473571]), 0.7854, 0.0]
[20, array([ 0.5428, -0.0144]), array([ 0.53394286, -0.01473571]), 0.7854, 0.0]
[20, array([ 0.5428, -0.0144]), array([ 0.53409524, -0.01473571]), 0.7854, 0.0]
[20, array([ 0.5428, -0.0144]), array([ 0.53424762, -0.01473571]), 0.7854, 0.0]
[20, array([ 0.5428, -0.0144]), array([ 0.5344    , -0.01473571]), 0.7854, 0.0]
[20, array([ 0.5428, -0.0144]), array([ 0.5312    , -0.01458333]), 0.7854, 0.0]
[20, array([ 0.5428, -0.0144]), array([ 0.53135238, -0.01458333]), 0.7854, 0.0]
[20, array([ 0.5428, -0.0144]), array([ 0.53150476, -0.01458333]), 0.7854, 0.0]
[20, array([ 0.5428, -0.0144]), array([ 0.53165714, -0.01458333]), 0.7854, 0.0]
[20, array([ 0.5428, -0.0144]), array([ 0.53180952, -0.01458333]), 0.7854, 0.0]
[20, array([ 0.5428, -0.0144]), array([ 0.5319619 , -0.01458333]), 0.7854, 0.0]
[20, array([ 0.5428, -0.0144]), array([ 0.53211429, -0.01458333]), 0.7854, 0.0]
[20, array([ 0.5428, -0.0144]), array([ 0.53226667, -0.01458333]), 0.7854, 0.0]
[20, array([ 0.5428, -0.0144]), array([ 0.53241905, -0.01458333]), 0.7854, 1.0]
[20, array([ 0.5428, -0.0144]), array([ 0.53257143, -0.01458333]), 0.7854, 1.0]
[20, array([ 0.5428, -0.0144]), array([ 0.53272381, -0.01458333]), 0.7854, 1.0]
[20, array([ 0.5428, -0.0144]), array([ 0.53287619, -0.01458333]), 0.7854, 0.0]
[20, array([ 0.5428, -0.0144]), array([ 0.53302857, -0.01458333]), 0.7854, 0.0]
[20, array([ 0.5428, -0.0144]), array([ 0.53318095, -0.01458333]), 0.7854, 1.0]
[20, array([ 0.5428, -0.0144]), array([ 0.53333333, -0.01458333]), 0.7854, 1.0]
[20, array([ 0.5428, -0.0144]), array([ 0.53348571, -0.01458333]), 0.7854, 1.0]
[20, array([ 0.5428, -0.0144]), array([ 0.5336381 , -0.01458333]), 0.7854, 1.0]
[20, array([ 0.5428, -0.0144]), array([ 0.53379048, -0.01458333]), 0.7854, 1.0]
[20, array([ 0.5428, -0.0144]), array([ 0.53394286, -0.01458333]), 0.7854, 0.0]
[20, array([ 0.5428, -0.0144]), array([ 0.53409524, -0.01458333]), 0.7854, 0.0]
[20, array([ 0.5428, -0.0144]), array([ 0.53424762, -0.01458333]), 0.7854, 0.0]
[20, array([ 0.5428, -0.0144]), array([ 0.5344    , -0.01458333]), 0.7854, 0.0]
[20, array([ 0.5428, -0.0144]), array([ 0.5312    , -0.01443095]), 0.7854, 0.0]
[20, array([ 0.5428, -0.0144]), array([ 0.53135238, -0.01443095]), 0.7854, 0.0]
[20, array([ 0.5428, -0.0144]), array([ 0.53150476, -0.01443095]), 0.7854, 0.0]
[20, array([ 0.5428, -0.0144]), array([ 0.53165714, -0.01443095]), 0.7854, 0.0]
[20, array([ 0.5428, -0.0144]), array([ 0.53180952, -0.01443095]), 0.7854, 0.0]
[20, array([ 0.5428, -0.0144]), array([ 0.5319619 , -0.01443095]), 0.7854, 0.0]
[20, array([ 0.5428, -0.0144]), array([ 0.53211429, -0.01443095]), 0.7854, 0.0]
[20, array([ 0.5428, -0.0144]), array([ 0.53226667, -0.01443095]), 0.7854, 0.0]
[20, array([ 0.5428, -0.0144]), array([ 0.53241905, -0.01443095]), 0.7854, 0.0]
[20, array([ 0.5428, -0.0144]), array([ 0.53257143, -0.01443095]), 0.7854, 1.0]
[20, array([ 0.5428, -0.0144]), array([ 0.53272381, -0.01443095]), 0.7854, 1.0]
[20, array([ 0.5428, -0.0144]), array([ 0.53287619, -0.01443095]), 0.7854, 1.0]
[20, array([ 0.5428, -0.0144]), array([ 0.53302857, -0.01443095]), 0.7854, 0.0]
[20, array([ 0.5428, -0.0144]), array([ 0.53318095, -0.01443095]), 0.7854, 1.0]
[20, array([ 0.5428, -0.0144]), array([ 0.53333333, -0.01443095]), 0.7854, 1.0]
[20, array([ 0.5428, -0.0144]), array([ 0.53348571, -0.01443095]), 0.7854, 1.0]
[20, array([ 0.5428, -0.0144]), array([ 0.5336381 , -0.01443095]), 0.7854, 1.0]
[20, array([ 0.5428, -0.0144]), array([ 0.53379048, -0.01443095]), 0.7854, 0.0]
[20, array([ 0.5428, -0.0144]), array([ 0.53394286, -0.01443095]), 0.7854, 0.0]
[20, array([ 0.5428, -0.0144]), array([ 0.53409524, -0.01443095]), 0.7854, 0.0]
[20, array([ 0.5428, -0.0144]), array([ 0.53424762, -0.01443095]), 0.7854, 0.0]
[20, array([ 0.5428, -0.0144]), array([ 0.5344    , -0.01443095]), 0.7854, 0.0]
[20, array([ 0.5428, -0.0144]), array([ 0.5312    , -0.01427857]), 0.7854, 0.0]
[20, array([ 0.5428, -0.0144]), array([ 0.53135238, -0.01427857]), 0.7854, 0.0]
[20, array([ 0.5428, -0.0144]), array([ 0.53150476, -0.01427857]), 0.7854, 0.0]
[20, array([ 0.5428, -0.0144]), array([ 0.53165714, -0.01427857]), 0.7854, 0.0]
[20, array([ 0.5428, -0.0144]), array([ 0.53180952, -0.01427857]), 0.7854, 0.0]
[20, array([ 0.5428, -0.0144]), array([ 0.5319619 , -0.01427857]), 0.7854, 0.0]
[20, array([ 0.5428, -0.0144]), array([ 0.53211429, -0.01427857]), 0.7854, 0.0]
[20, array([ 0.5428, -0.0144]), array([ 0.53226667, -0.01427857]), 0.7854, 0.0]
[20, array([ 0.5428, -0.0144]), array([ 0.53241905, -0.01427857]), 0.7854, 0.0]
[20, array([ 0.5428, -0.0144]), array([ 0.53257143, -0.01427857]), 0.7854, 0.0]
[20, array([ 0.5428, -0.0144]), array([ 0.53272381, -0.01427857]), 0.7854, 1.0]
[20, array([ 0.5428, -0.0144]), array([ 0.53287619, -0.01427857]), 0.7854, 1.0]
[20, array([ 0.5428, -0.0144]), array([ 0.53302857, -0.01427857]), 0.7854, 0.0]
[20, array([ 0.5428, -0.0144]), array([ 0.53318095, -0.01427857]), 0.7854, 0.0]
[20, array([ 0.5428, -0.0144]), array([ 0.53333333, -0.01427857]), 0.7854, 1.0]
[20, array([ 0.5428, -0.0144]), array([ 0.53348571, -0.01427857]), 0.7854, 1.0]
[20, array([ 0.5428, -0.0144]), array([ 0.5336381 , -0.01427857]), 0.7854, 1.0]
[20, array([ 0.5428, -0.0144]), array([ 0.53379048, -0.01427857]), 0.7854, 1.0]
[20, array([ 0.5428, -0.0144]), array([ 0.53394286, -0.01427857]), 0.7854, 1.0]
[20, array([ 0.5428, -0.0144]), array([ 0.53409524, -0.01427857]), 0.7854, 0.0]
[20, array([ 0.5428, -0.0144]), array([ 0.53424762, -0.01427857]), 0.7854, 0.0]
[20, array([ 0.5428, -0.0144]), array([ 0.5344    , -0.01427857]), 0.7854, 0.0]
[20, array([ 0.5428, -0.0144]), array([ 0.5312    , -0.01412619]), 0.7854, 0.0]
[20, array([ 0.5428, -0.0144]), array([ 0.53135238, -0.01412619]), 0.7854, 0.0]
[20, array([ 0.5428, -0.0144]), array([ 0.53150476, -0.01412619]), 0.7854, 0.0]
[20, array([ 0.5428, -0.0144]), array([ 0.53165714, -0.01412619]), 0.7854, 0.0]
[20, array([ 0.5428, -0.0144]), array([ 0.53180952, -0.01412619]), 0.7854, 0.0]
[20, array([ 0.5428, -0.0144]), array([ 0.5319619 , -0.01412619]), 0.7854, 0.0]
[20, array([ 0.5428, -0.0144]), array([ 0.53211429, -0.01412619]), 0.7854, 0.0]
[20, array([ 0.5428, -0.0144]), array([ 0.53226667, -0.01412619]), 0.7854, 0.0]
[20, array([ 0.5428, -0.0144]), array([ 0.53241905, -0.01412619]), 0.7854, 0.0]
[20, array([ 0.5428, -0.0144]), array([ 0.53257143, -0.01412619]), 0.7854, 0.0]
[20, array([ 0.5428, -0.0144]), array([ 0.53272381, -0.01412619]), 0.7854, 1.0]
[20, array([ 0.5428, -0.0144]), array([ 0.53287619, -0.01412619]), 0.7854, 1.0]
[20, array([ 0.5428, -0.0144]), array([ 0.53302857, -0.01412619]), 0.7854, 1.0]
[20, array([ 0.5428, -0.0144]), array([ 0.53318095, -0.01412619]), 0.7854, 0.0]
[20, array([ 0.5428, -0.0144]), array([ 0.53333333, -0.01412619]), 0.7854, 1.0]
[20, array([ 0.5428, -0.0144]), array([ 0.53348571, -0.01412619]), 0.7854, 1.0]
[20, array([ 0.5428, -0.0144]), array([ 0.5336381 , -0.01412619]), 0.7854, 1.0]
[20, array([ 0.5428, -0.0144]), array([ 0.53379048, -0.01412619]), 0.7854, 1.0]
[20, array([ 0.5428, -0.0144]), array([ 0.53394286, -0.01412619]), 0.7854, 1.0]
[20, array([ 0.5428, -0.0144]), array([ 0.53409524, -0.01412619]), 0.7854, 1.0]
[20, array([ 0.5428, -0.0144]), array([ 0.53424762, -0.01412619]), 0.7854, 0.0]
[20, array([ 0.5428, -0.0144]), array([ 0.5344    , -0.01412619]), 0.7854, 0.0]
[20, array([ 0.5428, -0.0144]), array([ 0.5312    , -0.01397381]), 0.7854, 0.0]
[20, array([ 0.5428, -0.0144]), array([ 0.53135238, -0.01397381]), 0.7854, 0.0]
[20, array([ 0.5428, -0.0144]), array([ 0.53150476, -0.01397381]), 0.7854, 0.0]
[20, array([ 0.5428, -0.0144]), array([ 0.53165714, -0.01397381]), 0.7854, 0.0]
[20, array([ 0.5428, -0.0144]), array([ 0.53180952, -0.01397381]), 0.7854, 0.0]
[20, array([ 0.5428, -0.0144]), array([ 0.5319619 , -0.01397381]), 0.7854, 0.0]
[20, array([ 0.5428, -0.0144]), array([ 0.53211429, -0.01397381]), 0.7854, 0.0]
[20, array([ 0.5428, -0.0144]), array([ 0.53226667, -0.01397381]), 0.7854, 0.0]
[20, array([ 0.5428, -0.0144]), array([ 0.53241905, -0.01397381]), 0.7854, 0.0]
[20, array([ 0.5428, -0.0144]), array([ 0.53257143, -0.01397381]), 0.7854, 0.0]
[20, array([ 0.5428, -0.0144]), array([ 0.53272381, -0.01397381]), 0.7854, 1.0]
[20, array([ 0.5428, -0.0144]), array([ 0.53287619, -0.01397381]), 0.7854, 1.0]
[20, array([ 0.5428, -0.0144]), array([ 0.53302857, -0.01397381]), 0.7854, 1.0]
[20, array([ 0.5428, -0.0144]), array([ 0.53318095, -0.01397381]), 0.7854, 1.0]
[20, array([ 0.5428, -0.0144]), array([ 0.53333333, -0.01397381]), 0.7854, 0.0]
[20, array([ 0.5428, -0.0144]), array([ 0.53348571, -0.01397381]), 0.7854, 1.0]
[20, array([ 0.5428, -0.0144]), array([ 0.5336381 , -0.01397381]), 0.7854, 1.0]
[20, array([ 0.5428, -0.0144]), array([ 0.53379048, -0.01397381]), 0.7854, 1.0]
[20, array([ 0.5428, -0.0144]), array([ 0.53394286, -0.01397381]), 0.7854, 1.0]
[20, array([ 0.5428, -0.0144]), array([ 0.53409524, -0.01397381]), 0.7854, 1.0]
[20, array([ 0.5428, -0.0144]), array([ 0.53424762, -0.01397381]), 0.7854, 0.0]
[20, array([ 0.5428, -0.0144]), array([ 0.5344    , -0.01397381]), 0.7854, 0.0]
[20, array([ 0.5428, -0.0144]), array([ 0.5312    , -0.01382143]), 0.7854, 0.0]
[20, array([ 0.5428, -0.0144]), array([ 0.53135238, -0.01382143]), 0.7854, 0.0]
[20, array([ 0.5428, -0.0144]), array([ 0.53150476, -0.01382143]), 0.7854, 0.0]
[20, array([ 0.5428, -0.0144]), array([ 0.53165714, -0.01382143]), 0.7854, 0.0]
[20, array([ 0.5428, -0.0144]), array([ 0.53180952, -0.01382143]), 0.7854, 0.0]
[20, array([ 0.5428, -0.0144]), array([ 0.5319619 , -0.01382143]), 0.7854, 0.0]
[20, array([ 0.5428, -0.0144]), array([ 0.53211429, -0.01382143]), 0.7854, 0.0]
[20, array([ 0.5428, -0.0144]), array([ 0.53226667, -0.01382143]), 0.7854, 0.0]
[20, array([ 0.5428, -0.0144]), array([ 0.53241905, -0.01382143]), 0.7854, 0.0]
[20, array([ 0.5428, -0.0144]), array([ 0.53257143, -0.01382143]), 0.7854, 0.0]
[20, array([ 0.5428, -0.0144]), array([ 0.53272381, -0.01382143]), 0.7854, 0.0]
[20, array([ 0.5428, -0.0144]), array([ 0.53287619, -0.01382143]), 0.7854, 1.0]
[20, array([ 0.5428, -0.0144]), array([ 0.53302857, -0.01382143]), 0.7854, 1.0]
[20, array([ 0.5428, -0.0144]), array([ 0.53318095, -0.01382143]), 0.7854, 1.0]
[20, array([ 0.5428, -0.0144]), array([ 0.53333333, -0.01382143]), 0.7854, 1.0]
[20, array([ 0.5428, -0.0144]), array([ 0.53348571, -0.01382143]), 0.7854, 0.0]
[20, array([ 0.5428, -0.0144]), array([ 0.5336381 , -0.01382143]), 0.7854, 1.0]
[20, array([ 0.5428, -0.0144]), array([ 0.53379048, -0.01382143]), 0.7854, 1.0]
[20, array([ 0.5428, -0.0144]), array([ 0.53394286, -0.01382143]), 0.7854, 1.0]
[20, array([ 0.5428, -0.0144]), array([ 0.53409524, -0.01382143]), 0.7854, 1.0]
[20, array([ 0.5428, -0.0144]), array([ 0.53424762, -0.01382143]), 0.7854, 1.0]
[20, array([ 0.5428, -0.0144]), array([ 0.5344    , -0.01382143]), 0.7854, 0.0]
[20, array([ 0.5428, -0.0144]), array([ 0.5312    , -0.01366905]), 0.7854, 0.0]
[20, array([ 0.5428, -0.0144]), array([ 0.53135238, -0.01366905]), 0.7854, 0.0]
[20, array([ 0.5428, -0.0144]), array([ 0.53150476, -0.01366905]), 0.7854, 0.0]
[20, array([ 0.5428, -0.0144]), array([ 0.53165714, -0.01366905]), 0.7854, 0.0]
[20, array([ 0.5428, -0.0144]), array([ 0.53180952, -0.01366905]), 0.7854, 0.0]
[20, array([ 0.5428, -0.0144]), array([ 0.5319619 , -0.01366905]), 0.7854, 0.0]
[20, array([ 0.5428, -0.0144]), array([ 0.53211429, -0.01366905]), 0.7854, 0.0]
[20, array([ 0.5428, -0.0144]), array([ 0.53226667, -0.01366905]), 0.7854, 0.0]
[20, array([ 0.5428, -0.0144]), array([ 0.53241905, -0.01366905]), 0.7854, 0.0]
[20, array([ 0.5428, -0.0144]), array([ 0.53257143, -0.01366905]), 0.7854, 0.0]
[20, array([ 0.5428, -0.0144]), array([ 0.53272381, -0.01366905]), 0.7854, 0.0]
[20, array([ 0.5428, -0.0144]), array([ 0.53287619, -0.01366905]), 0.7854, 0.0]
[20, array([ 0.5428, -0.0144]), array([ 0.53302857, -0.01366905]), 0.7854, 1.0]
[20, array([ 0.5428, -0.0144]), array([ 0.53318095, -0.01366905]), 0.7854, 1.0]
[20, array([ 0.5428, -0.0144]), array([ 0.53333333, -0.01366905]), 0.7854, 1.0]
[20, array([ 0.5428, -0.0144]), array([ 0.53348571, -0.01366905]), 0.7854, 0.0]
[20, array([ 0.5428, -0.0144]), array([ 0.5336381 , -0.01366905]), 0.7854, 0.0]
[20, array([ 0.5428, -0.0144]), array([ 0.53379048, -0.01366905]), 0.7854, 1.0]
[20, array([ 0.5428, -0.0144]), array([ 0.53394286, -0.01366905]), 0.7854, 1.0]
[20, array([ 0.5428, -0.0144]), array([ 0.53409524, -0.01366905]), 0.7854, 1.0]
[20, array([ 0.5428, -0.0144]), array([ 0.53424762, -0.01366905]), 0.7854, 1.0]
[20, array([ 0.5428, -0.0144]), array([ 0.5344    , -0.01366905]), 0.7854, 1.0]
[20, array([ 0.5428, -0.0144]), array([ 0.5312    , -0.01351667]), 0.7854, 0.0]
[20, array([ 0.5428, -0.0144]), array([ 0.53135238, -0.01351667]), 0.7854, 1.0]
[20, array([ 0.5428, -0.0144]), array([ 0.53150476, -0.01351667]), 0.7854, 1.0]
[20, array([ 0.5428, -0.0144]), array([ 0.53165714, -0.01351667]), 0.7854, 0.0]
[20, array([ 0.5428, -0.0144]), array([ 0.53180952, -0.01351667]), 0.7854, 0.0]
[20, array([ 0.5428, -0.0144]), array([ 0.5319619 , -0.01351667]), 0.7854, 0.0]
[20, array([ 0.5428, -0.0144]), array([ 0.53211429, -0.01351667]), 0.7854, 0.0]
[20, array([ 0.5428, -0.0144]), array([ 0.53226667, -0.01351667]), 0.7854, 0.0]
[20, array([ 0.5428, -0.0144]), array([ 0.53241905, -0.01351667]), 0.7854, 0.0]
[20, array([ 0.5428, -0.0144]), array([ 0.53257143, -0.01351667]), 0.7854, 0.0]
[20, array([ 0.5428, -0.0144]), array([ 0.53272381, -0.01351667]), 0.7854, 0.0]
[20, array([ 0.5428, -0.0144]), array([ 0.53287619, -0.01351667]), 0.7854, 0.0]
[20, array([ 0.5428, -0.0144]), array([ 0.53302857, -0.01351667]), 0.7854, 0.0]
[20, array([ 0.5428, -0.0144]), array([ 0.53318095, -0.01351667]), 0.7854, 1.0]
[20, array([ 0.5428, -0.0144]), array([ 0.53333333, -0.01351667]), 0.7854, 1.0]
[20, array([ 0.5428, -0.0144]), array([ 0.53348571, -0.01351667]), 0.7854, 1.0]
[20, array([ 0.5428, -0.0144]), array([ 0.5336381 , -0.01351667]), 0.7854, 0.0]
[20, array([ 0.5428, -0.0144]), array([ 0.53379048, -0.01351667]), 0.7854, 1.0]
[20, array([ 0.5428, -0.0144]), array([ 0.53394286, -0.01351667]), 0.7854, 1.0]
[20, array([ 0.5428, -0.0144]), array([ 0.53409524, -0.01351667]), 0.7854, 1.0]
[20, array([ 0.5428, -0.0144]), array([ 0.53424762, -0.01351667]), 0.7854, 1.0]
[20, array([ 0.5428, -0.0144]), array([ 0.5344    , -0.01351667]), 0.7854, 1.0]
[20, array([ 0.5428, -0.0144]), array([ 0.5312    , -0.01336429]), 0.7854, 0.0]
[20, array([ 0.5428, -0.0144]), array([ 0.53135238, -0.01336429]), 0.7854, 0.0]
[20, array([ 0.5428, -0.0144]), array([ 0.53150476, -0.01336429]), 0.7854, 0.0]
[20, array([ 0.5428, -0.0144]), array([ 0.53165714, -0.01336429]), 0.7854, 1.0]
[20, array([ 0.5428, -0.0144]), array([ 0.53180952, -0.01336429]), 0.7854, 0.0]
[20, array([ 0.5428, -0.0144]), array([ 0.5319619 , -0.01336429]), 0.7854, 0.0]
[20, array([ 0.5428, -0.0144]), array([ 0.53211429, -0.01336429]), 0.7854, 0.0]
[20, array([ 0.5428, -0.0144]), array([ 0.53226667, -0.01336429]), 0.7854, 0.0]
[20, array([ 0.5428, -0.0144]), array([ 0.53241905, -0.01336429]), 0.7854, 0.0]
[20, array([ 0.5428, -0.0144]), array([ 0.53257143, -0.01336429]), 0.7854, 0.0]
[20, array([ 0.5428, -0.0144]), array([ 0.53272381, -0.01336429]), 0.7854, 0.0]
[20, array([ 0.5428, -0.0144]), array([ 0.53287619, -0.01336429]), 0.7854, 0.0]
[20, array([ 0.5428, -0.0144]), array([ 0.53302857, -0.01336429]), 0.7854, 0.0]
[20, array([ 0.5428, -0.0144]), array([ 0.53318095, -0.01336429]), 0.7854, 1.0]
[20, array([ 0.5428, -0.0144]), array([ 0.53333333, -0.01336429]), 0.7854, 1.0]
[20, array([ 0.5428, -0.0144]), array([ 0.53348571, -0.01336429]), 0.7854, 1.0]
[20, array([ 0.5428, -0.0144]), array([ 0.5336381 , -0.01336429]), 0.7854, 1.0]
[20, array([ 0.5428, -0.0144]), array([ 0.53379048, -0.01336429]), 0.7854, 0.0]
[20, array([ 0.5428, -0.0144]), array([ 0.53394286, -0.01336429]), 0.7854, 1.0]
[20, array([ 0.5428, -0.0144]), array([ 0.53409524, -0.01336429]), 0.7854, 1.0]
[20, array([ 0.5428, -0.0144]), array([ 0.53424762, -0.01336429]), 0.7854, 1.0]
[20, array([ 0.5428, -0.0144]), array([ 0.5344    , -0.01336429]), 0.7854, 1.0]
[20, array([ 0.5428, -0.0144]), array([ 0.5312   , -0.0132119]), 0.7854, 0.0]
[20, array([ 0.5428, -0.0144]), array([ 0.53135238, -0.0132119 ]), 0.7854, 1.0]
[20, array([ 0.5428, -0.0144]), array([ 0.53150476, -0.0132119 ]), 0.7854, 1.0]
[20, array([ 0.5428, -0.0144]), array([ 0.53165714, -0.0132119 ]), 0.7854, 1.0]
[20, array([ 0.5428, -0.0144]), array([ 0.53180952, -0.0132119 ]), 0.7854, 0.0]
[20, array([ 0.5428, -0.0144]), array([ 0.5319619, -0.0132119]), 0.7854, 0.0]
[20, array([ 0.5428, -0.0144]), array([ 0.53211429, -0.0132119 ]), 0.7854, 1.0]
[20, array([ 0.5428, -0.0144]), array([ 0.53226667, -0.0132119 ]), 0.7854, 0.0]
[20, array([ 0.5428, -0.0144]), array([ 0.53241905, -0.0132119 ]), 0.7854, 0.0]
[20, array([ 0.5428, -0.0144]), array([ 0.53257143, -0.0132119 ]), 0.7854, 0.0]
[20, array([ 0.5428, -0.0144]), array([ 0.53272381, -0.0132119 ]), 0.7854, 0.0]
[20, array([ 0.5428, -0.0144]), array([ 0.53287619, -0.0132119 ]), 0.7854, 0.0]
[20, array([ 0.5428, -0.0144]), array([ 0.53302857, -0.0132119 ]), 0.7854, 0.0]
[20, array([ 0.5428, -0.0144]), array([ 0.53318095, -0.0132119 ]), 0.7854, 0.0]
[20, array([ 0.5428, -0.0144]), array([ 0.53333333, -0.0132119 ]), 0.7854, 1.0]
[20, array([ 0.5428, -0.0144]), array([ 0.53348571, -0.0132119 ]), 0.7854, 1.0]
[20, array([ 0.5428, -0.0144]), array([ 0.5336381, -0.0132119]), 0.7854, 1.0]
[20, array([ 0.5428, -0.0144]), array([ 0.53379048, -0.0132119 ]), 0.7854, 1.0]
[20, array([ 0.5428, -0.0144]), array([ 0.53394286, -0.0132119 ]), 0.7854, 0.0]
[20, array([ 0.5428, -0.0144]), array([ 0.53409524, -0.0132119 ]), 0.7854, 1.0]
[20, array([ 0.5428, -0.0144]), array([ 0.53424762, -0.0132119 ]), 0.7854, 1.0]
[20, array([ 0.5428, -0.0144]), array([ 0.5344   , -0.0132119]), 0.7854, 1.0]
[20, array([ 0.5428, -0.0144]), array([ 0.5312    , -0.01305952]), 0.7854, 0.0]
[20, array([ 0.5428, -0.0144]), array([ 0.53135238, -0.01305952]), 0.7854, 0.0]
[20, array([ 0.5428, -0.0144]), array([ 0.53150476, -0.01305952]), 0.7854, 1.0]
[20, array([ 0.5428, -0.0144]), array([ 0.53165714, -0.01305952]), 0.7854, 1.0]
[20, array([ 0.5428, -0.0144]), array([ 0.53180952, -0.01305952]), 0.7854, 1.0]
[20, array([ 0.5428, -0.0144]), array([ 0.5319619 , -0.01305952]), 0.7854, 0.0]
[20, array([ 0.5428, -0.0144]), array([ 0.53211429, -0.01305952]), 0.7854, 0.0]
[20, array([ 0.5428, -0.0144]), array([ 0.53226667, -0.01305952]), 0.7854, 0.0]
[20, array([ 0.5428, -0.0144]), array([ 0.53241905, -0.01305952]), 0.7854, 0.0]
[20, array([ 0.5428, -0.0144]), array([ 0.53257143, -0.01305952]), 0.7854, 0.0]
[20, array([ 0.5428, -0.0144]), array([ 0.53272381, -0.01305952]), 0.7854, 0.0]
[20, array([ 0.5428, -0.0144]), array([ 0.53287619, -0.01305952]), 0.7854, 0.0]
[20, array([ 0.5428, -0.0144]), array([ 0.53302857, -0.01305952]), 0.7854, 0.0]
[20, array([ 0.5428, -0.0144]), array([ 0.53318095, -0.01305952]), 0.7854, 0.0]
[20, array([ 0.5428, -0.0144]), array([ 0.53333333, -0.01305952]), 0.7854, 0.0]
[20, array([ 0.5428, -0.0144]), array([ 0.53348571, -0.01305952]), 0.7854, 1.0]
[20, array([ 0.5428, -0.0144]), array([ 0.5336381 , -0.01305952]), 0.7854, 1.0]
[20, array([ 0.5428, -0.0144]), array([ 0.53379048, -0.01305952]), 0.7854, 1.0]
[20, array([ 0.5428, -0.0144]), array([ 0.53394286, -0.01305952]), 0.7854, 1.0]
[20, array([ 0.5428, -0.0144]), array([ 0.53409524, -0.01305952]), 0.7854, 0.0]
[20, array([ 0.5428, -0.0144]), array([ 0.53424762, -0.01305952]), 0.7854, 1.0]
[20, array([ 0.5428, -0.0144]), array([ 0.5344    , -0.01305952]), 0.7854, 1.0]
[20, array([ 0.5428, -0.0144]), array([ 0.5312    , -0.01290714]), 0.7854, 0.0]
[20, array([ 0.5428, -0.0144]), array([ 0.53135238, -0.01290714]), 0.7854, 0.0]
[20, array([ 0.5428, -0.0144]), array([ 0.53150476, -0.01290714]), 0.7854, 0.0]
[20, array([ 0.5428, -0.0144]), array([ 0.53165714, -0.01290714]), 0.7854, 1.0]
[20, array([ 0.5428, -0.0144]), array([ 0.53180952, -0.01290714]), 0.7854, 1.0]
[20, array([ 0.5428, -0.0144]), array([ 0.5319619 , -0.01290714]), 0.7854, 0.0]
[20, array([ 0.5428, -0.0144]), array([ 0.53211429, -0.01290714]), 0.7854, 0.0]
[20, array([ 0.5428, -0.0144]), array([ 0.53226667, -0.01290714]), 0.7854, 0.0]
[20, array([ 0.5428, -0.0144]), array([ 0.53241905, -0.01290714]), 0.7854, 0.0]
[20, array([ 0.5428, -0.0144]), array([ 0.53257143, -0.01290714]), 0.7854, 0.0]
[20, array([ 0.5428, -0.0144]), array([ 0.53272381, -0.01290714]), 0.7854, 0.0]
[20, array([ 0.5428, -0.0144]), array([ 0.53287619, -0.01290714]), 0.7854, 0.0]
[20, array([ 0.5428, -0.0144]), array([ 0.53302857, -0.01290714]), 0.7854, 0.0]
[20, array([ 0.5428, -0.0144]), array([ 0.53318095, -0.01290714]), 0.7854, 0.0]
[20, array([ 0.5428, -0.0144]), array([ 0.53333333, -0.01290714]), 0.7854, 0.0]
[20, array([ 0.5428, -0.0144]), array([ 0.53348571, -0.01290714]), 0.7854, 1.0]
[20, array([ 0.5428, -0.0144]), array([ 0.5336381 , -0.01290714]), 0.7854, 1.0]
[20, array([ 0.5428, -0.0144]), array([ 0.53379048, -0.01290714]), 0.7854, 1.0]
[20, array([ 0.5428, -0.0144]), array([ 0.53394286, -0.01290714]), 0.7854, 1.0]
[20, array([ 0.5428, -0.0144]), array([ 0.53409524, -0.01290714]), 0.7854, 1.0]
[20, array([ 0.5428, -0.0144]), array([ 0.53424762, -0.01290714]), 0.7854, 1.0]
[20, array([ 0.5428, -0.0144]), array([ 0.5344    , -0.01290714]), 0.7854, 1.0]
[20, array([ 0.5428, -0.0144]), array([ 0.5312    , -0.01275476]), 0.7854, 0.0]
[20, array([ 0.5428, -0.0144]), array([ 0.53135238, -0.01275476]), 0.7854, 0.0]
[20, array([ 0.5428, -0.0144]), array([ 0.53150476, -0.01275476]), 0.7854, 0.0]
[20, array([ 0.5428, -0.0144]), array([ 0.53165714, -0.01275476]), 0.7854, 1.0]
[20, array([ 0.5428, -0.0144]), array([ 0.53180952, -0.01275476]), 0.7854, 1.0]
[20, array([ 0.5428, -0.0144]), array([ 0.5319619 , -0.01275476]), 0.7854, 1.0]
[20, array([ 0.5428, -0.0144]), array([ 0.53211429, -0.01275476]), 0.7854, 0.0]
[20, array([ 0.5428, -0.0144]), array([ 0.53226667, -0.01275476]), 0.7854, 0.0]
[20, array([ 0.5428, -0.0144]), array([ 0.53241905, -0.01275476]), 0.7854, 1.0]
[20, array([ 0.5428, -0.0144]), array([ 0.53257143, -0.01275476]), 0.7854, 0.0]
[20, array([ 0.5428, -0.0144]), array([ 0.53272381, -0.01275476]), 0.7854, 0.0]
[20, array([ 0.5428, -0.0144]), array([ 0.53287619, -0.01275476]), 0.7854, 0.0]
[20, array([ 0.5428, -0.0144]), array([ 0.53302857, -0.01275476]), 0.7854, 0.0]
[20, array([ 0.5428, -0.0144]), array([ 0.53318095, -0.01275476]), 0.7854, 0.0]
[20, array([ 0.5428, -0.0144]), array([ 0.53333333, -0.01275476]), 0.7854, 0.0]
[20, array([ 0.5428, -0.0144]), array([ 0.53348571, -0.01275476]), 0.7854, 0.0]
[20, array([ 0.5428, -0.0144]), array([ 0.5336381 , -0.01275476]), 0.7854, 1.0]
[20, array([ 0.5428, -0.0144]), array([ 0.53379048, -0.01275476]), 0.7854, 1.0]
[20, array([ 0.5428, -0.0144]), array([ 0.53394286, -0.01275476]), 0.7854, 1.0]
[20, array([ 0.5428, -0.0144]), array([ 0.53409524, -0.01275476]), 0.7854, 0.0]
[20, array([ 0.5428, -0.0144]), array([ 0.53424762, -0.01275476]), 0.7854, 1.0]
[20, array([ 0.5428, -0.0144]), array([ 0.5344    , -0.01275476]), 0.7854, 0.0]
[20, array([ 0.5428, -0.0144]), array([ 0.5312    , -0.01260238]), 0.7854, 0.0]
[20, array([ 0.5428, -0.0144]), array([ 0.53135238, -0.01260238]), 0.7854, 0.0]
[20, array([ 0.5428, -0.0144]), array([ 0.53150476, -0.01260238]), 0.7854, 0.0]
[20, array([ 0.5428, -0.0144]), array([ 0.53165714, -0.01260238]), 0.7854, 1.0]
[20, array([ 0.5428, -0.0144]), array([ 0.53180952, -0.01260238]), 0.7854, 1.0]
[20, array([ 0.5428, -0.0144]), array([ 0.5319619 , -0.01260238]), 0.7854, 1.0]
[20, array([ 0.5428, -0.0144]), array([ 0.53211429, -0.01260238]), 0.7854, 1.0]
[20, array([ 0.5428, -0.0144]), array([ 0.53226667, -0.01260238]), 0.7854, 0.0]
[20, array([ 0.5428, -0.0144]), array([ 0.53241905, -0.01260238]), 0.7854, 1.0]
[20, array([ 0.5428, -0.0144]), array([ 0.53257143, -0.01260238]), 0.7854, 0.0]
[20, array([ 0.5428, -0.0144]), array([ 0.53272381, -0.01260238]), 0.7854, 0.0]
[20, array([ 0.5428, -0.0144]), array([ 0.53287619, -0.01260238]), 0.7854, 0.0]
[20, array([ 0.5428, -0.0144]), array([ 0.53302857, -0.01260238]), 0.7854, 0.0]
[20, array([ 0.5428, -0.0144]), array([ 0.53318095, -0.01260238]), 0.7854, 0.0]
[20, array([ 0.5428, -0.0144]), array([ 0.53333333, -0.01260238]), 0.7854, 0.0]
[20, array([ 0.5428, -0.0144]), array([ 0.53348571, -0.01260238]), 0.7854, 0.0]
[20, array([ 0.5428, -0.0144]), array([ 0.5336381 , -0.01260238]), 0.7854, 0.0]
[20, array([ 0.5428, -0.0144]), array([ 0.53379048, -0.01260238]), 0.7854, 1.0]
[20, array([ 0.5428, -0.0144]), array([ 0.53394286, -0.01260238]), 0.7854, 1.0]
[20, array([ 0.5428, -0.0144]), array([ 0.53409524, -0.01260238]), 0.7854, 1.0]
[20, array([ 0.5428, -0.0144]), array([ 0.53424762, -0.01260238]), 0.7854, 0.0]
[20, array([ 0.5428, -0.0144]), array([ 0.5344    , -0.01260238]), 0.7854, 0.0]
[20, array([ 0.5428, -0.0144]), array([ 0.5312 , -0.01245]), 0.7854, 0.0]
[20, array([ 0.5428, -0.0144]), array([ 0.53135238, -0.01245   ]), 0.7854, 0.0]
[20, array([ 0.5428, -0.0144]), array([ 0.53150476, -0.01245   ]), 0.7854, 0.0]
[20, array([ 0.5428, -0.0144]), array([ 0.53165714, -0.01245   ]), 0.7854, 0.0]
[20, array([ 0.5428, -0.0144]), array([ 0.53180952, -0.01245   ]), 0.7854, 1.0]
[20, array([ 0.5428, -0.0144]), array([ 0.5319619, -0.01245  ]), 0.7854, 1.0]
[20, array([ 0.5428, -0.0144]), array([ 0.53211429, -0.01245   ]), 0.7854, 1.0]
[20, array([ 0.5428, -0.0144]), array([ 0.53226667, -0.01245   ]), 0.7854, 1.0]
[20, array([ 0.5428, -0.0144]), array([ 0.53241905, -0.01245   ]), 0.7854, 0.0]
[20, array([ 0.5428, -0.0144]), array([ 0.53257143, -0.01245   ]), 0.7854, 1.0]
[20, array([ 0.5428, -0.0144]), array([ 0.53272381, -0.01245   ]), 0.7854, 0.0]
[20, array([ 0.5428, -0.0144]), array([ 0.53287619, -0.01245   ]), 0.7854, 0.0]
[20, array([ 0.5428, -0.0144]), array([ 0.53302857, -0.01245   ]), 0.7854, 0.0]
[20, array([ 0.5428, -0.0144]), array([ 0.53318095, -0.01245   ]), 0.7854, 0.0]
[20, array([ 0.5428, -0.0144]), array([ 0.53333333, -0.01245   ]), 0.7854, 0.0]
[20, array([ 0.5428, -0.0144]), array([ 0.53348571, -0.01245   ]), 0.7854, 0.0]
[20, array([ 0.5428, -0.0144]), array([ 0.5336381, -0.01245  ]), 0.7854, 0.0]
[20, array([ 0.5428, -0.0144]), array([ 0.53379048, -0.01245   ]), 0.7854, 1.0]
[20, array([ 0.5428, -0.0144]), array([ 0.53394286, -0.01245   ]), 0.7854, 1.0]
[20, array([ 0.5428, -0.0144]), array([ 0.53409524, -0.01245   ]), 0.7854, 1.0]
[20, array([ 0.5428, -0.0144]), array([ 0.53424762, -0.01245   ]), 0.7854, 1.0]
[20, array([ 0.5428, -0.0144]), array([ 0.5344 , -0.01245]), 0.7854, 1.0]
[20, array([ 0.4903, -0.0445]), array([ 0.4844, -0.0469]), 0.7854, 1.0]
[20, array([ 0.4903, -0.0445]), array([ 0.48454762, -0.0469    ]), 0.7854, 1.0]
[20, array([ 0.4903, -0.0445]), array([ 0.48469524, -0.0469    ]), 0.7854, 1.0]
[20, array([ 0.4903, -0.0445]), array([ 0.48484286, -0.0469    ]), 0.7854, 1.0]
[20, array([ 0.4903, -0.0445]), array([ 0.48499048, -0.0469    ]), 0.7854, 1.0]
[20, array([ 0.4903, -0.0445]), array([ 0.4851381, -0.0469   ]), 0.7854, 1.0]
[20, array([ 0.4903, -0.0445]), array([ 0.48528571, -0.0469    ]), 0.7854, 1.0]
[20, array([ 0.4903, -0.0445]), array([ 0.48543333, -0.0469    ]), 0.7854, 1.0]
[20, array([ 0.4903, -0.0445]), array([ 0.48558095, -0.0469    ]), 0.7854, 1.0]
[20, array([ 0.4903, -0.0445]), array([ 0.48572857, -0.0469    ]), 0.7854, 1.0]
[20, array([ 0.4903, -0.0445]), array([ 0.48587619, -0.0469    ]), 0.7854, 1.0]
[20, array([ 0.4903, -0.0445]), array([ 0.48602381, -0.0469    ]), 0.7854, 1.0]
[20, array([ 0.4903, -0.0445]), array([ 0.48617143, -0.0469    ]), 0.7854, 1.0]
[20, array([ 0.4903, -0.0445]), array([ 0.48631905, -0.0469    ]), 0.7854, 1.0]
[20, array([ 0.4903, -0.0445]), array([ 0.48646667, -0.0469    ]), 0.7854, 1.0]
[20, array([ 0.4903, -0.0445]), array([ 0.48661429, -0.0469    ]), 0.7854, 1.0]
[20, array([ 0.4903, -0.0445]), array([ 0.4867619, -0.0469   ]), 0.7854, 1.0]
[20, array([ 0.4903, -0.0445]), array([ 0.48690952, -0.0469    ]), 0.7854, 0.0]
[20, array([ 0.4903, -0.0445]), array([ 0.48705714, -0.0469    ]), 0.7854, 1.0]
[20, array([ 0.4903, -0.0445]), array([ 0.48720476, -0.0469    ]), 0.7854, 1.0]
[20, array([ 0.4903, -0.0445]), array([ 0.48735238, -0.0469    ]), 0.7854, 0.0]
[20, array([ 0.4903, -0.0445]), array([ 0.4875, -0.0469]), 0.7854, 1.0]
[20, array([ 0.4903, -0.0445]), array([ 0.4844    , -0.04675238]), 0.7854, 1.0]
[20, array([ 0.4903, -0.0445]), array([ 0.48454762, -0.04675238]), 0.7854, 1.0]
[20, array([ 0.4903, -0.0445]), array([ 0.48469524, -0.04675238]), 0.7854, 1.0]
[20, array([ 0.4903, -0.0445]), array([ 0.48484286, -0.04675238]), 0.7854, 1.0]
[20, array([ 0.4903, -0.0445]), array([ 0.48499048, -0.04675238]), 0.7854, 1.0]
[20, array([ 0.4903, -0.0445]), array([ 0.4851381 , -0.04675238]), 0.7854, 1.0]
[20, array([ 0.4903, -0.0445]), array([ 0.48528571, -0.04675238]), 0.7854, 1.0]
[20, array([ 0.4903, -0.0445]), array([ 0.48543333, -0.04675238]), 0.7854, 1.0]
[20, array([ 0.4903, -0.0445]), array([ 0.48558095, -0.04675238]), 0.7854, 1.0]
[20, array([ 0.4903, -0.0445]), array([ 0.48572857, -0.04675238]), 0.7854, 1.0]
[20, array([ 0.4903, -0.0445]), array([ 0.48587619, -0.04675238]), 0.7854, 1.0]
[20, array([ 0.4903, -0.0445]), array([ 0.48602381, -0.04675238]), 0.7854, 1.0]
[20, array([ 0.4903, -0.0445]), array([ 0.48617143, -0.04675238]), 0.7854, 1.0]
[20, array([ 0.4903, -0.0445]), array([ 0.48631905, -0.04675238]), 0.7854, 1.0]
[20, array([ 0.4903, -0.0445]), array([ 0.48646667, -0.04675238]), 0.7854, 1.0]
[20, array([ 0.4903, -0.0445]), array([ 0.48661429, -0.04675238]), 0.7854, 1.0]
[20, array([ 0.4903, -0.0445]), array([ 0.4867619 , -0.04675238]), 0.7854, 0.0]
[20, array([ 0.4903, -0.0445]), array([ 0.48690952, -0.04675238]), 0.7854, 1.0]
[20, array([ 0.4903, -0.0445]), array([ 0.48705714, -0.04675238]), 0.7854, 1.0]
[20, array([ 0.4903, -0.0445]), array([ 0.48720476, -0.04675238]), 0.7854, 1.0]
[20, array([ 0.4903, -0.0445]), array([ 0.48735238, -0.04675238]), 0.7854, 1.0]
[20, array([ 0.4903, -0.0445]), array([ 0.4875    , -0.04675238]), 0.7854, 1.0]
[20, array([ 0.4903, -0.0445]), array([ 0.4844    , -0.04660476]), 0.7854, 1.0]
[20, array([ 0.4903, -0.0445]), array([ 0.48454762, -0.04660476]), 0.7854, 1.0]
[20, array([ 0.4903, -0.0445]), array([ 0.48469524, -0.04660476]), 0.7854, 1.0]
[20, array([ 0.4903, -0.0445]), array([ 0.48484286, -0.04660476]), 0.7854, 1.0]
[20, array([ 0.4903, -0.0445]), array([ 0.48499048, -0.04660476]), 0.7854, 1.0]
[20, array([ 0.4903, -0.0445]), array([ 0.4851381 , -0.04660476]), 0.7854, 1.0]
[20, array([ 0.4903, -0.0445]), array([ 0.48528571, -0.04660476]), 0.7854, 1.0]
[20, array([ 0.4903, -0.0445]), array([ 0.48543333, -0.04660476]), 0.7854, 1.0]
[20, array([ 0.4903, -0.0445]), array([ 0.48558095, -0.04660476]), 0.7854, 1.0]
[20, array([ 0.4903, -0.0445]), array([ 0.48572857, -0.04660476]), 0.7854, 1.0]
[20, array([ 0.4903, -0.0445]), array([ 0.48587619, -0.04660476]), 0.7854, 1.0]
[20, array([ 0.4903, -0.0445]), array([ 0.48602381, -0.04660476]), 0.7854, 1.0]
[20, array([ 0.4903, -0.0445]), array([ 0.48617143, -0.04660476]), 0.7854, 1.0]
[20, array([ 0.4903, -0.0445]), array([ 0.48631905, -0.04660476]), 0.7854, 1.0]
[20, array([ 0.4903, -0.0445]), array([ 0.48646667, -0.04660476]), 0.7854, 1.0]
[20, array([ 0.4903, -0.0445]), array([ 0.48661429, -0.04660476]), 0.7854, 1.0]
[20, array([ 0.4903, -0.0445]), array([ 0.4867619 , -0.04660476]), 0.7854, 1.0]
[20, array([ 0.4903, -0.0445]), array([ 0.48690952, -0.04660476]), 0.7854, 1.0]
[20, array([ 0.4903, -0.0445]), array([ 0.48705714, -0.04660476]), 0.7854, 1.0]
[20, array([ 0.4903, -0.0445]), array([ 0.48720476, -0.04660476]), 0.7854, 1.0]
[20, array([ 0.4903, -0.0445]), array([ 0.48735238, -0.04660476]), 0.7854, 1.0]
[20, array([ 0.4903, -0.0445]), array([ 0.4875    , -0.04660476]), 0.7854, 1.0]
[20, array([ 0.4903, -0.0445]), array([ 0.4844    , -0.04645714]), 0.7854, 1.0]
[20, array([ 0.4903, -0.0445]), array([ 0.48454762, -0.04645714]), 0.7854, 1.0]
[20, array([ 0.4903, -0.0445]), array([ 0.48469524, -0.04645714]), 0.7854, 1.0]
[20, array([ 0.4903, -0.0445]), array([ 0.48484286, -0.04645714]), 0.7854, 1.0]
[20, array([ 0.4903, -0.0445]), array([ 0.48499048, -0.04645714]), 0.7854, 1.0]
[20, array([ 0.4903, -0.0445]), array([ 0.4851381 , -0.04645714]), 0.7854, 1.0]
[20, array([ 0.4903, -0.0445]), array([ 0.48528571, -0.04645714]), 0.7854, 1.0]
[20, array([ 0.4903, -0.0445]), array([ 0.48543333, -0.04645714]), 0.7854, 1.0]
[20, array([ 0.4903, -0.0445]), array([ 0.48558095, -0.04645714]), 0.7854, 1.0]
[20, array([ 0.4903, -0.0445]), array([ 0.48572857, -0.04645714]), 0.7854, 1.0]
[20, array([ 0.4903, -0.0445]), array([ 0.48587619, -0.04645714]), 0.7854, 1.0]
[20, array([ 0.4903, -0.0445]), array([ 0.48602381, -0.04645714]), 0.7854, 1.0]
[20, array([ 0.4903, -0.0445]), array([ 0.48617143, -0.04645714]), 0.7854, 1.0]
[20, array([ 0.4903, -0.0445]), array([ 0.48631905, -0.04645714]), 0.7854, 1.0]
[20, array([ 0.4903, -0.0445]), array([ 0.48646667, -0.04645714]), 0.7854, 1.0]
[20, array([ 0.4903, -0.0445]), array([ 0.48661429, -0.04645714]), 0.7854, 0.0]
[20, array([ 0.4903, -0.0445]), array([ 0.4867619 , -0.04645714]), 0.7854, 1.0]
[20, array([ 0.4903, -0.0445]), array([ 0.48690952, -0.04645714]), 0.7854, 1.0]
[20, array([ 0.4903, -0.0445]), array([ 0.48705714, -0.04645714]), 0.7854, 1.0]
[20, array([ 0.4903, -0.0445]), array([ 0.48720476, -0.04645714]), 0.7854, 1.0]
[20, array([ 0.4903, -0.0445]), array([ 0.48735238, -0.04645714]), 0.7854, 1.0]
[20, array([ 0.4903, -0.0445]), array([ 0.4875    , -0.04645714]), 0.7854, 1.0]
[20, array([ 0.4903, -0.0445]), array([ 0.4844    , -0.04630952]), 0.7854, 1.0]
[20, array([ 0.4903, -0.0445]), array([ 0.48454762, -0.04630952]), 0.7854, 1.0]
[20, array([ 0.4903, -0.0445]), array([ 0.48469524, -0.04630952]), 0.7854, 1.0]
[20, array([ 0.4903, -0.0445]), array([ 0.48484286, -0.04630952]), 0.7854, 1.0]
[20, array([ 0.4903, -0.0445]), array([ 0.48499048, -0.04630952]), 0.7854, 1.0]
[20, array([ 0.4903, -0.0445]), array([ 0.4851381 , -0.04630952]), 0.7854, 1.0]
[20, array([ 0.4903, -0.0445]), array([ 0.48528571, -0.04630952]), 0.7854, 0.0]
[20, array([ 0.4903, -0.0445]), array([ 0.48543333, -0.04630952]), 0.7854, 1.0]
[20, array([ 0.4903, -0.0445]), array([ 0.48558095, -0.04630952]), 0.7854, 1.0]
[20, array([ 0.4903, -0.0445]), array([ 0.48572857, -0.04630952]), 0.7854, 1.0]
[20, array([ 0.4903, -0.0445]), array([ 0.48587619, -0.04630952]), 0.7854, 1.0]
[20, array([ 0.4903, -0.0445]), array([ 0.48602381, -0.04630952]), 0.7854, 1.0]
[20, array([ 0.4903, -0.0445]), array([ 0.48617143, -0.04630952]), 0.7854, 1.0]
[20, array([ 0.4903, -0.0445]), array([ 0.48631905, -0.04630952]), 0.7854, 1.0]
[20, array([ 0.4903, -0.0445]), array([ 0.48646667, -0.04630952]), 0.7854, 1.0]
[20, array([ 0.4903, -0.0445]), array([ 0.48661429, -0.04630952]), 0.7854, 1.0]
[20, array([ 0.4903, -0.0445]), array([ 0.4867619 , -0.04630952]), 0.7854, 1.0]
[20, array([ 0.4903, -0.0445]), array([ 0.48690952, -0.04630952]), 0.7854, 1.0]
[20, array([ 0.4903, -0.0445]), array([ 0.48705714, -0.04630952]), 0.7854, 1.0]
[20, array([ 0.4903, -0.0445]), array([ 0.48720476, -0.04630952]), 0.7854, 1.0]
[20, array([ 0.4903, -0.0445]), array([ 0.48735238, -0.04630952]), 0.7854, 1.0]
[20, array([ 0.4903, -0.0445]), array([ 0.4875    , -0.04630952]), 0.7854, 1.0]
[20, array([ 0.4903, -0.0445]), array([ 0.4844   , -0.0461619]), 0.7854, 1.0]
[20, array([ 0.4903, -0.0445]), array([ 0.48454762, -0.0461619 ]), 0.7854, 1.0]
[20, array([ 0.4903, -0.0445]), array([ 0.48469524, -0.0461619 ]), 0.7854, 1.0]
[20, array([ 0.4903, -0.0445]), array([ 0.48484286, -0.0461619 ]), 0.7854, 1.0]
[20, array([ 0.4903, -0.0445]), array([ 0.48499048, -0.0461619 ]), 0.7854, 1.0]
[20, array([ 0.4903, -0.0445]), array([ 0.4851381, -0.0461619]), 0.7854, 0.0]
[20, array([ 0.4903, -0.0445]), array([ 0.48528571, -0.0461619 ]), 0.7854, 0.0]
[20, array([ 0.4903, -0.0445]), array([ 0.48543333, -0.0461619 ]), 0.7854, 1.0]
[20, array([ 0.4903, -0.0445]), array([ 0.48558095, -0.0461619 ]), 0.7854, 1.0]
[20, array([ 0.4903, -0.0445]), array([ 0.48572857, -0.0461619 ]), 0.7854, 1.0]
[20, array([ 0.4903, -0.0445]), array([ 0.48587619, -0.0461619 ]), 0.7854, 1.0]
[20, array([ 0.4903, -0.0445]), array([ 0.48602381, -0.0461619 ]), 0.7854, 1.0]
[20, array([ 0.4903, -0.0445]), array([ 0.48617143, -0.0461619 ]), 0.7854, 1.0]
[20, array([ 0.4903, -0.0445]), array([ 0.48631905, -0.0461619 ]), 0.7854, 0.0]
[20, array([ 0.4903, -0.0445]), array([ 0.48646667, -0.0461619 ]), 0.7854, 0.0]
[20, array([ 0.4903, -0.0445]), array([ 0.48661429, -0.0461619 ]), 0.7854, 1.0]
[20, array([ 0.4903, -0.0445]), array([ 0.4867619, -0.0461619]), 0.7854, 1.0]
[20, array([ 0.4903, -0.0445]), array([ 0.48690952, -0.0461619 ]), 0.7854, 1.0]
[20, array([ 0.4903, -0.0445]), array([ 0.48705714, -0.0461619 ]), 0.7854, 1.0]
[20, array([ 0.4903, -0.0445]), array([ 0.48720476, -0.0461619 ]), 0.7854, 0.0]
[20, array([ 0.4903, -0.0445]), array([ 0.48735238, -0.0461619 ]), 0.7854, 0.0]
[20, array([ 0.4903, -0.0445]), array([ 0.4875   , -0.0461619]), 0.7854, 1.0]
[20, array([ 0.4903, -0.0445]), array([ 0.4844    , -0.04601429]), 0.7854, 1.0]
[20, array([ 0.4903, -0.0445]), array([ 0.48454762, -0.04601429]), 0.7854, 1.0]
[20, array([ 0.4903, -0.0445]), array([ 0.48469524, -0.04601429]), 0.7854, 1.0]
[20, array([ 0.4903, -0.0445]), array([ 0.48484286, -0.04601429]), 0.7854, 1.0]
[20, array([ 0.4903, -0.0445]), array([ 0.48499048, -0.04601429]), 0.7854, 1.0]
[20, array([ 0.4903, -0.0445]), array([ 0.4851381 , -0.04601429]), 0.7854, 0.0]
[20, array([ 0.4903, -0.0445]), array([ 0.48528571, -0.04601429]), 0.7854, 1.0]
[20, array([ 0.4903, -0.0445]), array([ 0.48543333, -0.04601429]), 0.7854, 1.0]
[20, array([ 0.4903, -0.0445]), array([ 0.48558095, -0.04601429]), 0.7854, 1.0]
[20, array([ 0.4903, -0.0445]), array([ 0.48572857, -0.04601429]), 0.7854, 1.0]
[20, array([ 0.4903, -0.0445]), array([ 0.48587619, -0.04601429]), 0.7854, 1.0]
[20, array([ 0.4903, -0.0445]), array([ 0.48602381, -0.04601429]), 0.7854, 1.0]
[20, array([ 0.4903, -0.0445]), array([ 0.48617143, -0.04601429]), 0.7854, 1.0]
[20, array([ 0.4903, -0.0445]), array([ 0.48631905, -0.04601429]), 0.7854, 1.0]
[20, array([ 0.4903, -0.0445]), array([ 0.48646667, -0.04601429]), 0.7854, 1.0]
[20, array([ 0.4903, -0.0445]), array([ 0.48661429, -0.04601429]), 0.7854, 0.0]
[20, array([ 0.4903, -0.0445]), array([ 0.4867619 , -0.04601429]), 0.7854, 0.0]
[20, array([ 0.4903, -0.0445]), array([ 0.48690952, -0.04601429]), 0.7854, 1.0]
[20, array([ 0.4903, -0.0445]), array([ 0.48705714, -0.04601429]), 0.7854, 1.0]
[20, array([ 0.4903, -0.0445]), array([ 0.48720476, -0.04601429]), 0.7854, 1.0]
[20, array([ 0.4903, -0.0445]), array([ 0.48735238, -0.04601429]), 0.7854, 1.0]
[20, array([ 0.4903, -0.0445]), array([ 0.4875    , -0.04601429]), 0.7854, 0.0]
[20, array([ 0.4903, -0.0445]), array([ 0.4844    , -0.04586667]), 0.7854, 1.0]
[20, array([ 0.4903, -0.0445]), array([ 0.48454762, -0.04586667]), 0.7854, 1.0]
[20, array([ 0.4903, -0.0445]), array([ 0.48469524, -0.04586667]), 0.7854, 0.0]
[20, array([ 0.4903, -0.0445]), array([ 0.48484286, -0.04586667]), 0.7854, 0.0]
[20, array([ 0.4903, -0.0445]), array([ 0.48499048, -0.04586667]), 0.7854, 1.0]
[20, array([ 0.4903, -0.0445]), array([ 0.4851381 , -0.04586667]), 0.7854, 1.0]
[20, array([ 0.4903, -0.0445]), array([ 0.48528571, -0.04586667]), 0.7854, 0.0]
[20, array([ 0.4903, -0.0445]), array([ 0.48543333, -0.04586667]), 0.7854, 0.0]
[20, array([ 0.4903, -0.0445]), array([ 0.48558095, -0.04586667]), 0.7854, 1.0]
[20, array([ 0.4903, -0.0445]), array([ 0.48572857, -0.04586667]), 0.7854, 1.0]
[20, array([ 0.4903, -0.0445]), array([ 0.48587619, -0.04586667]), 0.7854, 0.0]
[20, array([ 0.4903, -0.0445]), array([ 0.48602381, -0.04586667]), 0.7854, 1.0]
[20, array([ 0.4903, -0.0445]), array([ 0.48617143, -0.04586667]), 0.7854, 0.0]
[20, array([ 0.4903, -0.0445]), array([ 0.48631905, -0.04586667]), 0.7854, 1.0]
[20, array([ 0.4903, -0.0445]), array([ 0.48646667, -0.04586667]), 0.7854, 0.0]
[20, array([ 0.4903, -0.0445]), array([ 0.48661429, -0.04586667]), 0.7854, 0.0]
[20, array([ 0.4903, -0.0445]), array([ 0.4867619 , -0.04586667]), 0.7854, 0.0]
[20, array([ 0.4903, -0.0445]), array([ 0.48690952, -0.04586667]), 0.7854, 1.0]
[20, array([ 0.4903, -0.0445]), array([ 0.48705714, -0.04586667]), 0.7854, 1.0]
[20, array([ 0.4903, -0.0445]), array([ 0.48720476, -0.04586667]), 0.7854, 1.0]
[20, array([ 0.4903, -0.0445]), array([ 0.48735238, -0.04586667]), 0.7854, 1.0]
[20, array([ 0.4903, -0.0445]), array([ 0.4875    , -0.04586667]), 0.7854, 1.0]
[20, array([ 0.4903, -0.0445]), array([ 0.4844    , -0.04571905]), 0.7854, 1.0]
[20, array([ 0.4903, -0.0445]), array([ 0.48454762, -0.04571905]), 0.7854, 0.0]
[20, array([ 0.4903, -0.0445]), array([ 0.48469524, -0.04571905]), 0.7854, 0.0]
[20, array([ 0.4903, -0.0445]), array([ 0.48484286, -0.04571905]), 0.7854, 1.0]
[20, array([ 0.4903, -0.0445]), array([ 0.48499048, -0.04571905]), 0.7854, 0.0]
[20, array([ 0.4903, -0.0445]), array([ 0.4851381 , -0.04571905]), 0.7854, 1.0]
[20, array([ 0.4903, -0.0445]), array([ 0.48528571, -0.04571905]), 0.7854, 0.0]
[20, array([ 0.4903, -0.0445]), array([ 0.48543333, -0.04571905]), 0.7854, 1.0]
[20, array([ 0.4903, -0.0445]), array([ 0.48558095, -0.04571905]), 0.7854, 1.0]
[20, array([ 0.4903, -0.0445]), array([ 0.48572857, -0.04571905]), 0.7854, 1.0]
[20, array([ 0.4903, -0.0445]), array([ 0.48587619, -0.04571905]), 0.7854, 0.0]
[20, array([ 0.4903, -0.0445]), array([ 0.48602381, -0.04571905]), 0.7854, 1.0]
[20, array([ 0.4903, -0.0445]), array([ 0.48617143, -0.04571905]), 0.7854, 1.0]
[20, array([ 0.4903, -0.0445]), array([ 0.48631905, -0.04571905]), 0.7854, 0.0]
[20, array([ 0.4903, -0.0445]), array([ 0.48646667, -0.04571905]), 0.7854, 0.0]
[20, array([ 0.4903, -0.0445]), array([ 0.48661429, -0.04571905]), 0.7854, 0.0]
[20, array([ 0.4903, -0.0445]), array([ 0.4867619 , -0.04571905]), 0.7854, 1.0]
[20, array([ 0.4903, -0.0445]), array([ 0.48690952, -0.04571905]), 0.7854, 0.0]
[20, array([ 0.4903, -0.0445]), array([ 0.48705714, -0.04571905]), 0.7854, 1.0]
[20, array([ 0.4903, -0.0445]), array([ 0.48720476, -0.04571905]), 0.7854, 1.0]
[20, array([ 0.4903, -0.0445]), array([ 0.48735238, -0.04571905]), 0.7854, 1.0]
[20, array([ 0.4903, -0.0445]), array([ 0.4875    , -0.04571905]), 0.7854, 1.0]
[20, array([ 0.4903, -0.0445]), array([ 0.4844    , -0.04557143]), 0.7854, 1.0]
[20, array([ 0.4903, -0.0445]), array([ 0.48454762, -0.04557143]), 0.7854, 0.0]
[20, array([ 0.4903, -0.0445]), array([ 0.48469524, -0.04557143]), 0.7854, 0.0]
[20, array([ 0.4903, -0.0445]), array([ 0.48484286, -0.04557143]), 0.7854, 0.0]
[20, array([ 0.4903, -0.0445]), array([ 0.48499048, -0.04557143]), 0.7854, 0.0]
[20, array([ 0.4903, -0.0445]), array([ 0.4851381 , -0.04557143]), 0.7854, 0.0]
[20, array([ 0.4903, -0.0445]), array([ 0.48528571, -0.04557143]), 0.7854, 0.0]
[20, array([ 0.4903, -0.0445]), array([ 0.48543333, -0.04557143]), 0.7854, 1.0]
[20, array([ 0.4903, -0.0445]), array([ 0.48558095, -0.04557143]), 0.7854, 0.0]
[20, array([ 0.4903, -0.0445]), array([ 0.48572857, -0.04557143]), 0.7854, 1.0]
[20, array([ 0.4903, -0.0445]), array([ 0.48587619, -0.04557143]), 0.7854, 1.0]
[20, array([ 0.4903, -0.0445]), array([ 0.48602381, -0.04557143]), 0.7854, 1.0]
[20, array([ 0.4903, -0.0445]), array([ 0.48617143, -0.04557143]), 0.7854, 0.0]
[20, array([ 0.4903, -0.0445]), array([ 0.48631905, -0.04557143]), 0.7854, 1.0]
[20, array([ 0.4903, -0.0445]), array([ 0.48646667, -0.04557143]), 0.7854, 0.0]
[20, array([ 0.4903, -0.0445]), array([ 0.48661429, -0.04557143]), 0.7854, 1.0]
[20, array([ 0.4903, -0.0445]), array([ 0.4867619 , -0.04557143]), 0.7854, 0.0]
[20, array([ 0.4903, -0.0445]), array([ 0.48690952, -0.04557143]), 0.7854, 1.0]
[20, array([ 0.4903, -0.0445]), array([ 0.48705714, -0.04557143]), 0.7854, 0.0]
[20, array([ 0.4903, -0.0445]), array([ 0.48720476, -0.04557143]), 0.7854, 0.0]
[20, array([ 0.4903, -0.0445]), array([ 0.48735238, -0.04557143]), 0.7854, 1.0]
[20, array([ 0.4903, -0.0445]), array([ 0.4875    , -0.04557143]), 0.7854, 0.0]
[20, array([ 0.4903, -0.0445]), array([ 0.4844    , -0.04542381]), 0.7854, 1.0]
[20, array([ 0.4903, -0.0445]), array([ 0.48454762, -0.04542381]), 0.7854, 1.0]
[20, array([ 0.4903, -0.0445]), array([ 0.48469524, -0.04542381]), 0.7854, 0.0]
[20, array([ 0.4903, -0.0445]), array([ 0.48484286, -0.04542381]), 0.7854, 0.0]
[20, array([ 0.4903, -0.0445]), array([ 0.48499048, -0.04542381]), 0.7854, 0.0]
[20, array([ 0.4903, -0.0445]), array([ 0.4851381 , -0.04542381]), 0.7854, 0.0]
[20, array([ 0.4903, -0.0445]), array([ 0.48528571, -0.04542381]), 0.7854, 0.0]
[20, array([ 0.4903, -0.0445]), array([ 0.48543333, -0.04542381]), 0.7854, 1.0]
[20, array([ 0.4903, -0.0445]), array([ 0.48558095, -0.04542381]), 0.7854, 0.0]
[20, array([ 0.4903, -0.0445]), array([ 0.48572857, -0.04542381]), 0.7854, 1.0]
[20, array([ 0.4903, -0.0445]), array([ 0.48587619, -0.04542381]), 0.7854, 1.0]
[20, array([ 0.4903, -0.0445]), array([ 0.48602381, -0.04542381]), 0.7854, 0.0]
[20, array([ 0.4903, -0.0445]), array([ 0.48617143, -0.04542381]), 0.7854, 0.0]
[20, array([ 0.4903, -0.0445]), array([ 0.48631905, -0.04542381]), 0.7854, 1.0]
[20, array([ 0.4903, -0.0445]), array([ 0.48646667, -0.04542381]), 0.7854, 1.0]
[20, array([ 0.4903, -0.0445]), array([ 0.48661429, -0.04542381]), 0.7854, 1.0]
[20, array([ 0.4903, -0.0445]), array([ 0.4867619 , -0.04542381]), 0.7854, 0.0]
[20, array([ 0.4903, -0.0445]), array([ 0.48690952, -0.04542381]), 0.7854, 0.0]
[20, array([ 0.4903, -0.0445]), array([ 0.48705714, -0.04542381]), 0.7854, 0.0]
[20, array([ 0.4903, -0.0445]), array([ 0.48720476, -0.04542381]), 0.7854, 1.0]
[20, array([ 0.4903, -0.0445]), array([ 0.48735238, -0.04542381]), 0.7854, 0.0]
[20, array([ 0.4903, -0.0445]), array([ 0.4875    , -0.04542381]), 0.7854, 0.0]
[20, array([ 0.4903, -0.0445]), array([ 0.4844    , -0.04527619]), 0.7854, 1.0]
[20, array([ 0.4903, -0.0445]), array([ 0.48454762, -0.04527619]), 0.7854, 1.0]
[20, array([ 0.4903, -0.0445]), array([ 0.48469524, -0.04527619]), 0.7854, 1.0]
[20, array([ 0.4903, -0.0445]), array([ 0.48484286, -0.04527619]), 0.7854, 0.0]
[20, array([ 0.4903, -0.0445]), array([ 0.48499048, -0.04527619]), 0.7854, 0.0]
[20, array([ 0.4903, -0.0445]), array([ 0.4851381 , -0.04527619]), 0.7854, 1.0]
[20, array([ 0.4903, -0.0445]), array([ 0.48528571, -0.04527619]), 0.7854, 1.0]
[20, array([ 0.4903, -0.0445]), array([ 0.48543333, -0.04527619]), 0.7854, 1.0]
[20, array([ 0.4903, -0.0445]), array([ 0.48558095, -0.04527619]), 0.7854, 0.0]
[20, array([ 0.4903, -0.0445]), array([ 0.48572857, -0.04527619]), 0.7854, 0.0]
[20, array([ 0.4903, -0.0445]), array([ 0.48587619, -0.04527619]), 0.7854, 1.0]
[20, array([ 0.4903, -0.0445]), array([ 0.48602381, -0.04527619]), 0.7854, 0.0]
[20, array([ 0.4903, -0.0445]), array([ 0.48617143, -0.04527619]), 0.7854, 0.0]
[20, array([ 0.4903, -0.0445]), array([ 0.48631905, -0.04527619]), 0.7854, 0.0]
[20, array([ 0.4903, -0.0445]), array([ 0.48646667, -0.04527619]), 0.7854, 0.0]
[20, array([ 0.4903, -0.0445]), array([ 0.48661429, -0.04527619]), 0.7854, 0.0]
[20, array([ 0.4903, -0.0445]), array([ 0.4867619 , -0.04527619]), 0.7854, 0.0]
[20, array([ 0.4903, -0.0445]), array([ 0.48690952, -0.04527619]), 0.7854, 0.0]
[20, array([ 0.4903, -0.0445]), array([ 0.48705714, -0.04527619]), 0.7854, 0.0]
[20, array([ 0.4903, -0.0445]), array([ 0.48720476, -0.04527619]), 0.7854, 0.0]
[20, array([ 0.4903, -0.0445]), array([ 0.48735238, -0.04527619]), 0.7854, 0.0]
[20, array([ 0.4903, -0.0445]), array([ 0.4875    , -0.04527619]), 0.7854, 0.0]
[20, array([ 0.4903, -0.0445]), array([ 0.4844    , -0.04512857]), 0.7854, 1.0]
[20, array([ 0.4903, -0.0445]), array([ 0.48454762, -0.04512857]), 0.7854, 1.0]
[20, array([ 0.4903, -0.0445]), array([ 0.48469524, -0.04512857]), 0.7854, 0.0]
[20, array([ 0.4903, -0.0445]), array([ 0.48484286, -0.04512857]), 0.7854, 1.0]
[20, array([ 0.4903, -0.0445]), array([ 0.48499048, -0.04512857]), 0.7854, 1.0]
[20, array([ 0.4903, -0.0445]), array([ 0.4851381 , -0.04512857]), 0.7854, 1.0]
[20, array([ 0.4903, -0.0445]), array([ 0.48528571, -0.04512857]), 0.7854, 0.0]
[20, array([ 0.4903, -0.0445]), array([ 0.48543333, -0.04512857]), 0.7854, 1.0]
[20, array([ 0.4903, -0.0445]), array([ 0.48558095, -0.04512857]), 0.7854, 0.0]
[20, array([ 0.4903, -0.0445]), array([ 0.48572857, -0.04512857]), 0.7854, 1.0]
[20, array([ 0.4903, -0.0445]), array([ 0.48587619, -0.04512857]), 0.7854, 1.0]
[20, array([ 0.4903, -0.0445]), array([ 0.48602381, -0.04512857]), 0.7854, 1.0]
[20, array([ 0.4903, -0.0445]), array([ 0.48617143, -0.04512857]), 0.7854, 0.0]
[20, array([ 0.4903, -0.0445]), array([ 0.48631905, -0.04512857]), 0.7854, 0.0]
[20, array([ 0.4903, -0.0445]), array([ 0.48646667, -0.04512857]), 0.7854, 0.0]
[20, array([ 0.4903, -0.0445]), array([ 0.48661429, -0.04512857]), 0.7854, 0.0]
[20, array([ 0.4903, -0.0445]), array([ 0.4867619 , -0.04512857]), 0.7854, 0.0]
[20, array([ 0.4903, -0.0445]), array([ 0.48690952, -0.04512857]), 0.7854, 0.0]
[20, array([ 0.4903, -0.0445]), array([ 0.48705714, -0.04512857]), 0.7854, 0.0]
[20, array([ 0.4903, -0.0445]), array([ 0.48720476, -0.04512857]), 0.7854, 0.0]
[20, array([ 0.4903, -0.0445]), array([ 0.48735238, -0.04512857]), 0.7854, 0.0]
[20, array([ 0.4903, -0.0445]), array([ 0.4875    , -0.04512857]), 0.7854, 0.0]
[20, array([ 0.4903, -0.0445]), array([ 0.4844    , -0.04498095]), 0.7854, 0.0]
[20, array([ 0.4903, -0.0445]), array([ 0.48454762, -0.04498095]), 0.7854, 1.0]
[20, array([ 0.4903, -0.0445]), array([ 0.48469524, -0.04498095]), 0.7854, 1.0]
[20, array([ 0.4903, -0.0445]), array([ 0.48484286, -0.04498095]), 0.7854, 1.0]
[20, array([ 0.4903, -0.0445]), array([ 0.48499048, -0.04498095]), 0.7854, 0.0]
[20, array([ 0.4903, -0.0445]), array([ 0.4851381 , -0.04498095]), 0.7854, 0.0]
[20, array([ 0.4903, -0.0445]), array([ 0.48528571, -0.04498095]), 0.7854, 0.0]
[20, array([ 0.4903, -0.0445]), array([ 0.48543333, -0.04498095]), 0.7854, 1.0]
[20, array([ 0.4903, -0.0445]), array([ 0.48558095, -0.04498095]), 0.7854, 0.0]
[20, array([ 0.4903, -0.0445]), array([ 0.48572857, -0.04498095]), 0.7854, 0.0]
[20, array([ 0.4903, -0.0445]), array([ 0.48587619, -0.04498095]), 0.7854, 0.0]
[20, array([ 0.4903, -0.0445]), array([ 0.48602381, -0.04498095]), 0.7854, 0.0]
[20, array([ 0.4903, -0.0445]), array([ 0.48617143, -0.04498095]), 0.7854, 0.0]
[20, array([ 0.4903, -0.0445]), array([ 0.48631905, -0.04498095]), 0.7854, 0.0]
[20, array([ 0.4903, -0.0445]), array([ 0.48646667, -0.04498095]), 0.7854, 0.0]
[20, array([ 0.4903, -0.0445]), array([ 0.48661429, -0.04498095]), 0.7854, 0.0]
[20, array([ 0.4903, -0.0445]), array([ 0.4867619 , -0.04498095]), 0.7854, 0.0]
[20, array([ 0.4903, -0.0445]), array([ 0.48690952, -0.04498095]), 0.7854, 0.0]
[20, array([ 0.4903, -0.0445]), array([ 0.48705714, -0.04498095]), 0.7854, 0.0]
[20, array([ 0.4903, -0.0445]), array([ 0.48720476, -0.04498095]), 0.7854, 0.0]
[20, array([ 0.4903, -0.0445]), array([ 0.48735238, -0.04498095]), 0.7854, 0.0]
[20, array([ 0.4903, -0.0445]), array([ 0.4875    , -0.04498095]), 0.7854, 0.0]
[20, array([ 0.4903, -0.0445]), array([ 0.4844    , -0.04483333]), 0.7854, 0.0]
[20, array([ 0.4903, -0.0445]), array([ 0.48454762, -0.04483333]), 0.7854, 0.0]
[20, array([ 0.4903, -0.0445]), array([ 0.48469524, -0.04483333]), 0.7854, 0.0]
[20, array([ 0.4903, -0.0445]), array([ 0.48484286, -0.04483333]), 0.7854, 0.0]
[20, array([ 0.4903, -0.0445]), array([ 0.48499048, -0.04483333]), 0.7854, 1.0]
[20, array([ 0.4903, -0.0445]), array([ 0.4851381 , -0.04483333]), 0.7854, 1.0]
[20, array([ 0.4903, -0.0445]), array([ 0.48528571, -0.04483333]), 0.7854, 1.0]
[20, array([ 0.4903, -0.0445]), array([ 0.48543333, -0.04483333]), 0.7854, 1.0]
[20, array([ 0.4903, -0.0445]), array([ 0.48558095, -0.04483333]), 0.7854, 0.0]
[20, array([ 0.4903, -0.0445]), array([ 0.48572857, -0.04483333]), 0.7854, 0.0]
[20, array([ 0.4903, -0.0445]), array([ 0.48587619, -0.04483333]), 0.7854, 0.0]
[20, array([ 0.4903, -0.0445]), array([ 0.48602381, -0.04483333]), 0.7854, 0.0]
[20, array([ 0.4903, -0.0445]), array([ 0.48617143, -0.04483333]), 0.7854, 0.0]
[20, array([ 0.4903, -0.0445]), array([ 0.48631905, -0.04483333]), 0.7854, 0.0]
[20, array([ 0.4903, -0.0445]), array([ 0.48646667, -0.04483333]), 0.7854, 0.0]
[20, array([ 0.4903, -0.0445]), array([ 0.48661429, -0.04483333]), 0.7854, 0.0]
[20, array([ 0.4903, -0.0445]), array([ 0.4867619 , -0.04483333]), 0.7854, 0.0]
[20, array([ 0.4903, -0.0445]), array([ 0.48690952, -0.04483333]), 0.7854, 0.0]
[20, array([ 0.4903, -0.0445]), array([ 0.48705714, -0.04483333]), 0.7854, 0.0]
[20, array([ 0.4903, -0.0445]), array([ 0.48720476, -0.04483333]), 0.7854, 0.0]
[20, array([ 0.4903, -0.0445]), array([ 0.48735238, -0.04483333]), 0.7854, 0.0]
[20, array([ 0.4903, -0.0445]), array([ 0.4875    , -0.04483333]), 0.7854, 0.0]
[20, array([ 0.4903, -0.0445]), array([ 0.4844    , -0.04468571]), 0.7854, 0.0]
[20, array([ 0.4903, -0.0445]), array([ 0.48454762, -0.04468571]), 0.7854, 0.0]
[20, array([ 0.4903, -0.0445]), array([ 0.48469524, -0.04468571]), 0.7854, 0.0]
[20, array([ 0.4903, -0.0445]), array([ 0.48484286, -0.04468571]), 0.7854, 0.0]
[20, array([ 0.4903, -0.0445]), array([ 0.48499048, -0.04468571]), 0.7854, 0.0]
[20, array([ 0.4903, -0.0445]), array([ 0.4851381 , -0.04468571]), 0.7854, 0.0]
[20, array([ 0.4903, -0.0445]), array([ 0.48528571, -0.04468571]), 0.7854, 0.0]
[20, array([ 0.4903, -0.0445]), array([ 0.48543333, -0.04468571]), 0.7854, 0.0]
[20, array([ 0.4903, -0.0445]), array([ 0.48558095, -0.04468571]), 0.7854, 0.0]
[20, array([ 0.4903, -0.0445]), array([ 0.48572857, -0.04468571]), 0.7854, 0.0]
[20, array([ 0.4903, -0.0445]), array([ 0.48587619, -0.04468571]), 0.7854, 0.0]
[20, array([ 0.4903, -0.0445]), array([ 0.48602381, -0.04468571]), 0.7854, 0.0]
[20, array([ 0.4903, -0.0445]), array([ 0.48617143, -0.04468571]), 0.7854, 0.0]
[20, array([ 0.4903, -0.0445]), array([ 0.48631905, -0.04468571]), 0.7854, 0.0]
[20, array([ 0.4903, -0.0445]), array([ 0.48646667, -0.04468571]), 0.7854, 0.0]
[20, array([ 0.4903, -0.0445]), array([ 0.48661429, -0.04468571]), 0.7854, 0.0]
[20, array([ 0.4903, -0.0445]), array([ 0.4867619 , -0.04468571]), 0.7854, 0.0]
[20, array([ 0.4903, -0.0445]), array([ 0.48690952, -0.04468571]), 0.7854, 0.0]
[20, array([ 0.4903, -0.0445]), array([ 0.48705714, -0.04468571]), 0.7854, 0.0]
[20, array([ 0.4903, -0.0445]), array([ 0.48720476, -0.04468571]), 0.7854, 0.0]
[20, array([ 0.4903, -0.0445]), array([ 0.48735238, -0.04468571]), 0.7854, 0.0]
[20, array([ 0.4903, -0.0445]), array([ 0.4875    , -0.04468571]), 0.7854, 0.0]
[20, array([ 0.4903, -0.0445]), array([ 0.4844   , -0.0445381]), 0.7854, 0.0]
[20, array([ 0.4903, -0.0445]), array([ 0.48454762, -0.0445381 ]), 0.7854, 0.0]
[20, array([ 0.4903, -0.0445]), array([ 0.48469524, -0.0445381 ]), 0.7854, 0.0]
[20, array([ 0.4903, -0.0445]), array([ 0.48484286, -0.0445381 ]), 0.7854, 0.0]
[20, array([ 0.4903, -0.0445]), array([ 0.48499048, -0.0445381 ]), 0.7854, 1.0]
[20, array([ 0.4903, -0.0445]), array([ 0.4851381, -0.0445381]), 0.7854, 1.0]
[20, array([ 0.4903, -0.0445]), array([ 0.48528571, -0.0445381 ]), 0.7854, 1.0]
[20, array([ 0.4903, -0.0445]), array([ 0.48543333, -0.0445381 ]), 0.7854, 0.0]
[20, array([ 0.4903, -0.0445]), array([ 0.48558095, -0.0445381 ]), 0.7854, 0.0]
[20, array([ 0.4903, -0.0445]), array([ 0.48572857, -0.0445381 ]), 0.7854, 0.0]
[20, array([ 0.4903, -0.0445]), array([ 0.48587619, -0.0445381 ]), 0.7854, 0.0]
[20, array([ 0.4903, -0.0445]), array([ 0.48602381, -0.0445381 ]), 0.7854, 0.0]
[20, array([ 0.4903, -0.0445]), array([ 0.48617143, -0.0445381 ]), 0.7854, 0.0]
[20, array([ 0.4903, -0.0445]), array([ 0.48631905, -0.0445381 ]), 0.7854, 0.0]
[20, array([ 0.4903, -0.0445]), array([ 0.48646667, -0.0445381 ]), 0.7854, 0.0]
[20, array([ 0.4903, -0.0445]), array([ 0.48661429, -0.0445381 ]), 0.7854, 0.0]
[20, array([ 0.4903, -0.0445]), array([ 0.4867619, -0.0445381]), 0.7854, 0.0]
[20, array([ 0.4903, -0.0445]), array([ 0.48690952, -0.0445381 ]), 0.7854, 0.0]
[20, array([ 0.4903, -0.0445]), array([ 0.48705714, -0.0445381 ]), 0.7854, 0.0]
[20, array([ 0.4903, -0.0445]), array([ 0.48720476, -0.0445381 ]), 0.7854, 0.0]
[20, array([ 0.4903, -0.0445]), array([ 0.48735238, -0.0445381 ]), 0.7854, 0.0]
[20, array([ 0.4903, -0.0445]), array([ 0.4875   , -0.0445381]), 0.7854, 0.0]
[20, array([ 0.4903, -0.0445]), array([ 0.4844    , -0.04439048]), 0.7854, 0.0]
[20, array([ 0.4903, -0.0445]), array([ 0.48454762, -0.04439048]), 0.7854, 0.0]
[20, array([ 0.4903, -0.0445]), array([ 0.48469524, -0.04439048]), 0.7854, 0.0]
[20, array([ 0.4903, -0.0445]), array([ 0.48484286, -0.04439048]), 0.7854, 1.0]
[20, array([ 0.4903, -0.0445]), array([ 0.48499048, -0.04439048]), 0.7854, 0.0]
[20, array([ 0.4903, -0.0445]), array([ 0.4851381 , -0.04439048]), 0.7854, 1.0]
[20, array([ 0.4903, -0.0445]), array([ 0.48528571, -0.04439048]), 0.7854, 1.0]
[20, array([ 0.4903, -0.0445]), array([ 0.48543333, -0.04439048]), 0.7854, 1.0]
[20, array([ 0.4903, -0.0445]), array([ 0.48558095, -0.04439048]), 0.7854, 0.0]
[20, array([ 0.4903, -0.0445]), array([ 0.48572857, -0.04439048]), 0.7854, 0.0]
[20, array([ 0.4903, -0.0445]), array([ 0.48587619, -0.04439048]), 0.7854, 0.0]
[20, array([ 0.4903, -0.0445]), array([ 0.48602381, -0.04439048]), 0.7854, 0.0]
[20, array([ 0.4903, -0.0445]), array([ 0.48617143, -0.04439048]), 0.7854, 0.0]
[20, array([ 0.4903, -0.0445]), array([ 0.48631905, -0.04439048]), 0.7854, 0.0]
[20, array([ 0.4903, -0.0445]), array([ 0.48646667, -0.04439048]), 0.7854, 0.0]
[20, array([ 0.4903, -0.0445]), array([ 0.48661429, -0.04439048]), 0.7854, 0.0]
[20, array([ 0.4903, -0.0445]), array([ 0.4867619 , -0.04439048]), 0.7854, 0.0]
[20, array([ 0.4903, -0.0445]), array([ 0.48690952, -0.04439048]), 0.7854, 0.0]
[20, array([ 0.4903, -0.0445]), array([ 0.48705714, -0.04439048]), 0.7854, 0.0]
[20, array([ 0.4903, -0.0445]), array([ 0.48720476, -0.04439048]), 0.7854, 0.0]
[20, array([ 0.4903, -0.0445]), array([ 0.48735238, -0.04439048]), 0.7854, 0.0]
[20, array([ 0.4903, -0.0445]), array([ 0.4875    , -0.04439048]), 0.7854, 0.0]
[20, array([ 0.4903, -0.0445]), array([ 0.4844    , -0.04424286]), 0.7854, 0.0]
[20, array([ 0.4903, -0.0445]), array([ 0.48454762, -0.04424286]), 0.7854, 0.0]
[20, array([ 0.4903, -0.0445]), array([ 0.48469524, -0.04424286]), 0.7854, 0.0]
[20, array([ 0.4903, -0.0445]), array([ 0.48484286, -0.04424286]), 0.7854, 0.0]
[20, array([ 0.4903, -0.0445]), array([ 0.48499048, -0.04424286]), 0.7854, 1.0]
[20, array([ 0.4903, -0.0445]), array([ 0.4851381 , -0.04424286]), 0.7854, 1.0]
[20, array([ 0.4903, -0.0445]), array([ 0.48528571, -0.04424286]), 0.7854, 1.0]
[20, array([ 0.4903, -0.0445]), array([ 0.48543333, -0.04424286]), 0.7854, 1.0]
[20, array([ 0.4903, -0.0445]), array([ 0.48558095, -0.04424286]), 0.7854, 1.0]
[20, array([ 0.4903, -0.0445]), array([ 0.48572857, -0.04424286]), 0.7854, 0.0]
[20, array([ 0.4903, -0.0445]), array([ 0.48587619, -0.04424286]), 0.7854, 0.0]
[20, array([ 0.4903, -0.0445]), array([ 0.48602381, -0.04424286]), 0.7854, 0.0]
[20, array([ 0.4903, -0.0445]), array([ 0.48617143, -0.04424286]), 0.7854, 0.0]
[20, array([ 0.4903, -0.0445]), array([ 0.48631905, -0.04424286]), 0.7854, 0.0]
[20, array([ 0.4903, -0.0445]), array([ 0.48646667, -0.04424286]), 0.7854, 0.0]
[20, array([ 0.4903, -0.0445]), array([ 0.48661429, -0.04424286]), 0.7854, 0.0]
[20, array([ 0.4903, -0.0445]), array([ 0.4867619 , -0.04424286]), 0.7854, 0.0]
[20, array([ 0.4903, -0.0445]), array([ 0.48690952, -0.04424286]), 0.7854, 0.0]
[20, array([ 0.4903, -0.0445]), array([ 0.48705714, -0.04424286]), 0.7854, 0.0]
[20, array([ 0.4903, -0.0445]), array([ 0.48720476, -0.04424286]), 0.7854, 0.0]
[20, array([ 0.4903, -0.0445]), array([ 0.48735238, -0.04424286]), 0.7854, 0.0]
[20, array([ 0.4903, -0.0445]), array([ 0.4875    , -0.04424286]), 0.7854, 0.0]
[20, array([ 0.4903, -0.0445]), array([ 0.4844    , -0.04409524]), 0.7854, 0.0]
[20, array([ 0.4903, -0.0445]), array([ 0.48454762, -0.04409524]), 0.7854, 0.0]
[20, array([ 0.4903, -0.0445]), array([ 0.48469524, -0.04409524]), 0.7854, 1.0]
[20, array([ 0.4903, -0.0445]), array([ 0.48484286, -0.04409524]), 0.7854, 1.0]
[20, array([ 0.4903, -0.0445]), array([ 0.48499048, -0.04409524]), 0.7854, 0.0]
[20, array([ 0.4903, -0.0445]), array([ 0.4851381 , -0.04409524]), 0.7854, 0.0]
[20, array([ 0.4903, -0.0445]), array([ 0.48528571, -0.04409524]), 0.7854, 1.0]
[20, array([ 0.4903, -0.0445]), array([ 0.48543333, -0.04409524]), 0.7854, 1.0]
[20, array([ 0.4903, -0.0445]), array([ 0.48558095, -0.04409524]), 0.7854, 0.0]
[20, array([ 0.4903, -0.0445]), array([ 0.48572857, -0.04409524]), 0.7854, 0.0]
[20, array([ 0.4903, -0.0445]), array([ 0.48587619, -0.04409524]), 0.7854, 1.0]
[20, array([ 0.4903, -0.0445]), array([ 0.48602381, -0.04409524]), 0.7854, 0.0]
[20, array([ 0.4903, -0.0445]), array([ 0.48617143, -0.04409524]), 0.7854, 0.0]
[20, array([ 0.4903, -0.0445]), array([ 0.48631905, -0.04409524]), 0.7854, 0.0]
[20, array([ 0.4903, -0.0445]), array([ 0.48646667, -0.04409524]), 0.7854, 0.0]
[20, array([ 0.4903, -0.0445]), array([ 0.48661429, -0.04409524]), 0.7854, 0.0]
[20, array([ 0.4903, -0.0445]), array([ 0.4867619 , -0.04409524]), 0.7854, 0.0]
[20, array([ 0.4903, -0.0445]), array([ 0.48690952, -0.04409524]), 0.7854, 0.0]
[20, array([ 0.4903, -0.0445]), array([ 0.48705714, -0.04409524]), 0.7854, 0.0]
[20, array([ 0.4903, -0.0445]), array([ 0.48720476, -0.04409524]), 0.7854, 0.0]
[20, array([ 0.4903, -0.0445]), array([ 0.48735238, -0.04409524]), 0.7854, 0.0]
[20, array([ 0.4903, -0.0445]), array([ 0.4875    , -0.04409524]), 0.7854, 0.0]
[20, array([ 0.4903, -0.0445]), array([ 0.4844    , -0.04394762]), 0.7854, 0.0]
[20, array([ 0.4903, -0.0445]), array([ 0.48454762, -0.04394762]), 0.7854, 1.0]
[20, array([ 0.4903, -0.0445]), array([ 0.48469524, -0.04394762]), 0.7854, 1.0]
[20, array([ 0.4903, -0.0445]), array([ 0.48484286, -0.04394762]), 0.7854, 1.0]
[20, array([ 0.4903, -0.0445]), array([ 0.48499048, -0.04394762]), 0.7854, 1.0]
[20, array([ 0.4903, -0.0445]), array([ 0.4851381 , -0.04394762]), 0.7854, 1.0]
[20, array([ 0.4903, -0.0445]), array([ 0.48528571, -0.04394762]), 0.7854, 1.0]
[20, array([ 0.4903, -0.0445]), array([ 0.48543333, -0.04394762]), 0.7854, 1.0]
[20, array([ 0.4903, -0.0445]), array([ 0.48558095, -0.04394762]), 0.7854, 0.0]
[20, array([ 0.4903, -0.0445]), array([ 0.48572857, -0.04394762]), 0.7854, 1.0]
[20, array([ 0.4903, -0.0445]), array([ 0.48587619, -0.04394762]), 0.7854, 1.0]
[20, array([ 0.4903, -0.0445]), array([ 0.48602381, -0.04394762]), 0.7854, 0.0]
[20, array([ 0.4903, -0.0445]), array([ 0.48617143, -0.04394762]), 0.7854, 0.0]
[20, array([ 0.4903, -0.0445]), array([ 0.48631905, -0.04394762]), 0.7854, 0.0]
[20, array([ 0.4903, -0.0445]), array([ 0.48646667, -0.04394762]), 0.7854, 0.0]
[20, array([ 0.4903, -0.0445]), array([ 0.48661429, -0.04394762]), 0.7854, 0.0]
[20, array([ 0.4903, -0.0445]), array([ 0.4867619 , -0.04394762]), 0.7854, 0.0]
[20, array([ 0.4903, -0.0445]), array([ 0.48690952, -0.04394762]), 0.7854, 0.0]
[20, array([ 0.4903, -0.0445]), array([ 0.48705714, -0.04394762]), 0.7854, 0.0]
[20, array([ 0.4903, -0.0445]), array([ 0.48720476, -0.04394762]), 0.7854, 0.0]
[20, array([ 0.4903, -0.0445]), array([ 0.48735238, -0.04394762]), 0.7854, 0.0]
[20, array([ 0.4903, -0.0445]), array([ 0.4875    , -0.04394762]), 0.7854, 0.0]
[20, array([ 0.4903, -0.0445]), array([ 0.4844, -0.0438]), 0.7854, 0.0]
[20, array([ 0.4903, -0.0445]), array([ 0.48454762, -0.0438    ]), 0.7854, 1.0]
[20, array([ 0.4903, -0.0445]), array([ 0.48469524, -0.0438    ]), 0.7854, 0.0]
[20, array([ 0.4903, -0.0445]), array([ 0.48484286, -0.0438    ]), 0.7854, 0.0]
[20, array([ 0.4903, -0.0445]), array([ 0.48499048, -0.0438    ]), 0.7854, 1.0]
[20, array([ 0.4903, -0.0445]), array([ 0.4851381, -0.0438   ]), 0.7854, 1.0]
[20, array([ 0.4903, -0.0445]), array([ 0.48528571, -0.0438    ]), 0.7854, 1.0]
[20, array([ 0.4903, -0.0445]), array([ 0.48543333, -0.0438    ]), 0.7854, 0.0]
[20, array([ 0.4903, -0.0445]), array([ 0.48558095, -0.0438    ]), 0.7854, 0.0]
[20, array([ 0.4903, -0.0445]), array([ 0.48572857, -0.0438    ]), 0.7854, 0.0]
[20, array([ 0.4903, -0.0445]), array([ 0.48587619, -0.0438    ]), 0.7854, 1.0]
[20, array([ 0.4903, -0.0445]), array([ 0.48602381, -0.0438    ]), 0.7854, 1.0]
[20, array([ 0.4903, -0.0445]), array([ 0.48617143, -0.0438    ]), 0.7854, 1.0]
[20, array([ 0.4903, -0.0445]), array([ 0.48631905, -0.0438    ]), 0.7854, 0.0]
[20, array([ 0.4903, -0.0445]), array([ 0.48646667, -0.0438    ]), 0.7854, 0.0]
[20, array([ 0.4903, -0.0445]), array([ 0.48661429, -0.0438    ]), 0.7854, 0.0]
[20, array([ 0.4903, -0.0445]), array([ 0.4867619, -0.0438   ]), 0.7854, 0.0]
[20, array([ 0.4903, -0.0445]), array([ 0.48690952, -0.0438    ]), 0.7854, 0.0]
[20, array([ 0.4903, -0.0445]), array([ 0.48705714, -0.0438    ]), 0.7854, 0.0]
[20, array([ 0.4903, -0.0445]), array([ 0.48720476, -0.0438    ]), 0.7854, 0.0]
[20, array([ 0.4903, -0.0445]), array([ 0.48735238, -0.0438    ]), 0.7854, 0.0]
[20, array([ 0.4903, -0.0445]), array([ 0.4875, -0.0438]), 0.7854, 0.0]
[19, array([0.5336, 0.0421]), array([0.5297, 0.0344]), 0.7854, 0.0]
[19, array([0.5336, 0.0421]), array([0.52999524, 0.0344    ]), 0.7854, 0.0]
[19, array([0.5336, 0.0421]), array([0.53029048, 0.0344    ]), 0.7854, 0.0]
[19, array([0.5336, 0.0421]), array([0.53058571, 0.0344    ]), 0.7854, 0.0]
[19, array([0.5336, 0.0421]), array([0.53088095, 0.0344    ]), 0.7854, 0.0]
[19, array([0.5336, 0.0421]), array([0.53117619, 0.0344    ]), 0.7854, 0.0]
[19, array([0.5336, 0.0421]), array([0.53147143, 0.0344    ]), 0.7854, 0.0]
[19, array([0.5336, 0.0421]), array([0.53176667, 0.0344    ]), 0.7854, 0.0]
[19, array([0.5336, 0.0421]), array([0.5320619, 0.0344   ]), 0.7854, 0.0]
[19, array([0.5336, 0.0421]), array([0.53235714, 0.0344    ]), 0.7854, 0.0]
[19, array([0.5336, 0.0421]), array([0.53265238, 0.0344    ]), 0.7854, 0.0]
[19, array([0.5336, 0.0421]), array([0.53294762, 0.0344    ]), 0.7854, 0.0]
[19, array([0.5336, 0.0421]), array([0.53324286, 0.0344    ]), 0.7854, 0.0]
[19, array([0.5336, 0.0421]), array([0.5335381, 0.0344   ]), 0.7854, 0.0]
[19, array([0.5336, 0.0421]), array([0.53383333, 0.0344    ]), 0.7854, 0.0]
[19, array([0.5336, 0.0421]), array([0.53412857, 0.0344    ]), 0.7854, 0.0]
[19, array([0.5336, 0.0421]), array([0.53442381, 0.0344    ]), 0.7854, 0.0]
[19, array([0.5336, 0.0421]), array([0.53471905, 0.0344    ]), 0.7854, 0.0]
[19, array([0.5336, 0.0421]), array([0.53501429, 0.0344    ]), 0.7854, 0.0]
[19, array([0.5336, 0.0421]), array([0.53530952, 0.0344    ]), 0.7854, 0.0]
[19, array([0.5336, 0.0421]), array([0.53560476, 0.0344    ]), 0.7854, 0.0]
[19, array([0.5336, 0.0421]), array([0.5359, 0.0344]), 0.7854, 0.0]
[19, array([0.5336, 0.0421]), array([0.5297    , 0.03469524]), 0.7854, 0.0]
[19, array([0.5336, 0.0421]), array([0.52999524, 0.03469524]), 0.7854, 0.0]
[19, array([0.5336, 0.0421]), array([0.53029048, 0.03469524]), 0.7854, 0.0]
[19, array([0.5336, 0.0421]), array([0.53058571, 0.03469524]), 0.7854, 0.0]
[19, array([0.5336, 0.0421]), array([0.53088095, 0.03469524]), 0.7854, 0.0]
[19, array([0.5336, 0.0421]), array([0.53117619, 0.03469524]), 0.7854, 0.0]
[19, array([0.5336, 0.0421]), array([0.53147143, 0.03469524]), 0.7854, 0.0]
[19, array([0.5336, 0.0421]), array([0.53176667, 0.03469524]), 0.7854, 0.0]
[19, array([0.5336, 0.0421]), array([0.5320619 , 0.03469524]), 0.7854, 0.0]
[19, array([0.5336, 0.0421]), array([0.53235714, 0.03469524]), 0.7854, 0.0]
[19, array([0.5336, 0.0421]), array([0.53265238, 0.03469524]), 0.7854, 0.0]
[19, array([0.5336, 0.0421]), array([0.53294762, 0.03469524]), 0.7854, 0.0]
[19, array([0.5336, 0.0421]), array([0.53324286, 0.03469524]), 0.7854, 0.0]
[19, array([0.5336, 0.0421]), array([0.5335381 , 0.03469524]), 0.7854, 0.0]
[19, array([0.5336, 0.0421]), array([0.53383333, 0.03469524]), 0.7854, 0.0]
[19, array([0.5336, 0.0421]), array([0.53412857, 0.03469524]), 0.7854, 0.0]
[19, array([0.5336, 0.0421]), array([0.53442381, 0.03469524]), 0.7854, 0.0]
[19, array([0.5336, 0.0421]), array([0.53471905, 0.03469524]), 0.7854, 0.0]
[19, array([0.5336, 0.0421]), array([0.53501429, 0.03469524]), 0.7854, 0.0]
[19, array([0.5336, 0.0421]), array([0.53530952, 0.03469524]), 0.7854, 0.0]
[19, array([0.5336, 0.0421]), array([0.53560476, 0.03469524]), 0.7854, 0.0]
[19, array([0.5336, 0.0421]), array([0.5359    , 0.03469524]), 0.7854, 0.0]
[19, array([0.5336, 0.0421]), array([0.5297    , 0.03499048]), 0.7854, 0.0]
[19, array([0.5336, 0.0421]), array([0.52999524, 0.03499048]), 0.7854, 0.0]
[19, array([0.5336, 0.0421]), array([0.53029048, 0.03499048]), 0.7854, 0.0]
[19, array([0.5336, 0.0421]), array([0.53058571, 0.03499048]), 0.7854, 0.0]
[19, array([0.5336, 0.0421]), array([0.53088095, 0.03499048]), 0.7854, 0.0]
[19, array([0.5336, 0.0421]), array([0.53117619, 0.03499048]), 0.7854, 0.0]
[19, array([0.5336, 0.0421]), array([0.53147143, 0.03499048]), 0.7854, 0.0]
[19, array([0.5336, 0.0421]), array([0.53176667, 0.03499048]), 0.7854, 1.0]
[19, array([0.5336, 0.0421]), array([0.5320619 , 0.03499048]), 0.7854, 0.0]
[19, array([0.5336, 0.0421]), array([0.53235714, 0.03499048]), 0.7854, 0.0]
[19, array([0.5336, 0.0421]), array([0.53265238, 0.03499048]), 0.7854, 0.0]
[19, array([0.5336, 0.0421]), array([0.53294762, 0.03499048]), 0.7854, 0.0]
[19, array([0.5336, 0.0421]), array([0.53324286, 0.03499048]), 0.7854, 0.0]
[19, array([0.5336, 0.0421]), array([0.5335381 , 0.03499048]), 0.7854, 0.0]
[19, array([0.5336, 0.0421]), array([0.53383333, 0.03499048]), 0.7854, 0.0]
[19, array([0.5336, 0.0421]), array([0.53412857, 0.03499048]), 0.7854, 0.0]
[19, array([0.5336, 0.0421]), array([0.53442381, 0.03499048]), 0.7854, 0.0]
[19, array([0.5336, 0.0421]), array([0.53471905, 0.03499048]), 0.7854, 0.0]
[19, array([0.5336, 0.0421]), array([0.53501429, 0.03499048]), 0.7854, 0.0]
[19, array([0.5336, 0.0421]), array([0.53530952, 0.03499048]), 0.7854, 0.0]
[19, array([0.5336, 0.0421]), array([0.53560476, 0.03499048]), 0.7854, 0.0]
[19, array([0.5336, 0.0421]), array([0.5359    , 0.03499048]), 0.7854, 0.0]
[19, array([0.5336, 0.0421]), array([0.5297    , 0.03528571]), 0.7854, 0.0]
[19, array([0.5336, 0.0421]), array([0.52999524, 0.03528571]), 0.7854, 0.0]
[19, array([0.5336, 0.0421]), array([0.53029048, 0.03528571]), 0.7854, 0.0]
[19, array([0.5336, 0.0421]), array([0.53058571, 0.03528571]), 0.7854, 0.0]
[19, array([0.5336, 0.0421]), array([0.53088095, 0.03528571]), 0.7854, 0.0]
[19, array([0.5336, 0.0421]), array([0.53117619, 0.03528571]), 0.7854, 0.0]
[19, array([0.5336, 0.0421]), array([0.53147143, 0.03528571]), 0.7854, 0.0]
[19, array([0.5336, 0.0421]), array([0.53176667, 0.03528571]), 0.7854, 0.0]
[19, array([0.5336, 0.0421]), array([0.5320619 , 0.03528571]), 0.7854, 0.0]
[19, array([0.5336, 0.0421]), array([0.53235714, 0.03528571]), 0.7854, 0.0]
[19, array([0.5336, 0.0421]), array([0.53265238, 0.03528571]), 0.7854, 0.0]
[19, array([0.5336, 0.0421]), array([0.53294762, 0.03528571]), 0.7854, 0.0]
[19, array([0.5336, 0.0421]), array([0.53324286, 0.03528571]), 0.7854, 0.0]
[19, array([0.5336, 0.0421]), array([0.5335381 , 0.03528571]), 0.7854, 0.0]
[19, array([0.5336, 0.0421]), array([0.53383333, 0.03528571]), 0.7854, 0.0]
[19, array([0.5336, 0.0421]), array([0.53412857, 0.03528571]), 0.7854, 0.0]
[19, array([0.5336, 0.0421]), array([0.53442381, 0.03528571]), 0.7854, 0.0]
[19, array([0.5336, 0.0421]), array([0.53471905, 0.03528571]), 0.7854, 0.0]
[19, array([0.5336, 0.0421]), array([0.53501429, 0.03528571]), 0.7854, 0.0]
[19, array([0.5336, 0.0421]), array([0.53530952, 0.03528571]), 0.7854, 0.0]
[19, array([0.5336, 0.0421]), array([0.53560476, 0.03528571]), 0.7854, 0.0]
[19, array([0.5336, 0.0421]), array([0.5359    , 0.03528571]), 0.7854, 0.0]
[19, array([0.5336, 0.0421]), array([0.5297    , 0.03558095]), 0.7854, 0.0]
[19, array([0.5336, 0.0421]), array([0.52999524, 0.03558095]), 0.7854, 0.0]
[19, array([0.5336, 0.0421]), array([0.53029048, 0.03558095]), 0.7854, 0.0]
[19, array([0.5336, 0.0421]), array([0.53058571, 0.03558095]), 0.7854, 0.0]
[19, array([0.5336, 0.0421]), array([0.53088095, 0.03558095]), 0.7854, 1.0]
[19, array([0.5336, 0.0421]), array([0.53117619, 0.03558095]), 0.7854, 0.0]
[19, array([0.5336, 0.0421]), array([0.53147143, 0.03558095]), 0.7854, 0.0]
[19, array([0.5336, 0.0421]), array([0.53176667, 0.03558095]), 0.7854, 0.0]
[19, array([0.5336, 0.0421]), array([0.5320619 , 0.03558095]), 0.7854, 1.0]
[19, array([0.5336, 0.0421]), array([0.53235714, 0.03558095]), 0.7854, 1.0]
[19, array([0.5336, 0.0421]), array([0.53265238, 0.03558095]), 0.7854, 0.0]
[19, array([0.5336, 0.0421]), array([0.53294762, 0.03558095]), 0.7854, 0.0]
[19, array([0.5336, 0.0421]), array([0.53324286, 0.03558095]), 0.7854, 0.0]
[19, array([0.5336, 0.0421]), array([0.5335381 , 0.03558095]), 0.7854, 0.0]
[19, array([0.5336, 0.0421]), array([0.53383333, 0.03558095]), 0.7854, 0.0]
[19, array([0.5336, 0.0421]), array([0.53412857, 0.03558095]), 0.7854, 0.0]
[19, array([0.5336, 0.0421]), array([0.53442381, 0.03558095]), 0.7854, 0.0]
[19, array([0.5336, 0.0421]), array([0.53471905, 0.03558095]), 0.7854, 0.0]
[19, array([0.5336, 0.0421]), array([0.53501429, 0.03558095]), 0.7854, 0.0]
[19, array([0.5336, 0.0421]), array([0.53530952, 0.03558095]), 0.7854, 0.0]
[19, array([0.5336, 0.0421]), array([0.53560476, 0.03558095]), 0.7854, 0.0]
[19, array([0.5336, 0.0421]), array([0.5359    , 0.03558095]), 0.7854, 0.0]
[19, array([0.5336, 0.0421]), array([0.5297    , 0.03587619]), 0.7854, 0.0]
[19, array([0.5336, 0.0421]), array([0.52999524, 0.03587619]), 0.7854, 0.0]
[19, array([0.5336, 0.0421]), array([0.53029048, 0.03587619]), 0.7854, 0.0]
[19, array([0.5336, 0.0421]), array([0.53058571, 0.03587619]), 0.7854, 0.0]
[19, array([0.5336, 0.0421]), array([0.53088095, 0.03587619]), 0.7854, 0.0]
[19, array([0.5336, 0.0421]), array([0.53117619, 0.03587619]), 0.7854, 0.0]
[19, array([0.5336, 0.0421]), array([0.53147143, 0.03587619]), 0.7854, 0.0]
[19, array([0.5336, 0.0421]), array([0.53176667, 0.03587619]), 0.7854, 0.0]
[19, array([0.5336, 0.0421]), array([0.5320619 , 0.03587619]), 0.7854, 1.0]
[19, array([0.5336, 0.0421]), array([0.53235714, 0.03587619]), 0.7854, 1.0]
[19, array([0.5336, 0.0421]), array([0.53265238, 0.03587619]), 0.7854, 0.0]
[19, array([0.5336, 0.0421]), array([0.53294762, 0.03587619]), 0.7854, 0.0]
[19, array([0.5336, 0.0421]), array([0.53324286, 0.03587619]), 0.7854, 0.0]
[19, array([0.5336, 0.0421]), array([0.5335381 , 0.03587619]), 0.7854, 0.0]
[19, array([0.5336, 0.0421]), array([0.53383333, 0.03587619]), 0.7854, 1.0]
[19, array([0.5336, 0.0421]), array([0.53412857, 0.03587619]), 0.7854, 0.0]
[19, array([0.5336, 0.0421]), array([0.53442381, 0.03587619]), 0.7854, 0.0]
[19, array([0.5336, 0.0421]), array([0.53471905, 0.03587619]), 0.7854, 0.0]
[19, array([0.5336, 0.0421]), array([0.53501429, 0.03587619]), 0.7854, 0.0]
[19, array([0.5336, 0.0421]), array([0.53530952, 0.03587619]), 0.7854, 0.0]
[19, array([0.5336, 0.0421]), array([0.53560476, 0.03587619]), 0.7854, 0.0]
[19, array([0.5336, 0.0421]), array([0.5359    , 0.03587619]), 0.7854, 0.0]
[19, array([0.5336, 0.0421]), array([0.5297    , 0.03617143]), 0.7854, 0.0]
[19, array([0.5336, 0.0421]), array([0.52999524, 0.03617143]), 0.7854, 0.0]
[19, array([0.5336, 0.0421]), array([0.53029048, 0.03617143]), 0.7854, 0.0]
[19, array([0.5336, 0.0421]), array([0.53058571, 0.03617143]), 0.7854, 0.0]
[19, array([0.5336, 0.0421]), array([0.53088095, 0.03617143]), 0.7854, 0.0]
[19, array([0.5336, 0.0421]), array([0.53117619, 0.03617143]), 0.7854, 0.0]
[19, array([0.5336, 0.0421]), array([0.53147143, 0.03617143]), 0.7854, 0.0]
[19, array([0.5336, 0.0421]), array([0.53176667, 0.03617143]), 0.7854, 0.0]
[19, array([0.5336, 0.0421]), array([0.5320619 , 0.03617143]), 0.7854, 0.0]
[19, array([0.5336, 0.0421]), array([0.53235714, 0.03617143]), 0.7854, 0.0]
[19, array([0.5336, 0.0421]), array([0.53265238, 0.03617143]), 0.7854, 0.0]
[19, array([0.5336, 0.0421]), array([0.53294762, 0.03617143]), 0.7854, 0.0]
[19, array([0.5336, 0.0421]), array([0.53324286, 0.03617143]), 0.7854, 0.0]
[19, array([0.5336, 0.0421]), array([0.5335381 , 0.03617143]), 0.7854, 1.0]
[19, array([0.5336, 0.0421]), array([0.53383333, 0.03617143]), 0.7854, 0.0]
[19, array([0.5336, 0.0421]), array([0.53412857, 0.03617143]), 0.7854, 0.0]
[19, array([0.5336, 0.0421]), array([0.53442381, 0.03617143]), 0.7854, 0.0]
[19, array([0.5336, 0.0421]), array([0.53471905, 0.03617143]), 0.7854, 0.0]
[19, array([0.5336, 0.0421]), array([0.53501429, 0.03617143]), 0.7854, 0.0]
[19, array([0.5336, 0.0421]), array([0.53530952, 0.03617143]), 0.7854, 0.0]
[19, array([0.5336, 0.0421]), array([0.53560476, 0.03617143]), 0.7854, 0.0]
[19, array([0.5336, 0.0421]), array([0.5359    , 0.03617143]), 0.7854, 0.0]
[19, array([0.5336, 0.0421]), array([0.5297    , 0.03646667]), 0.7854, 0.0]
[19, array([0.5336, 0.0421]), array([0.52999524, 0.03646667]), 0.7854, 0.0]
[19, array([0.5336, 0.0421]), array([0.53029048, 0.03646667]), 0.7854, 0.0]
[19, array([0.5336, 0.0421]), array([0.53058571, 0.03646667]), 0.7854, 0.0]
[19, array([0.5336, 0.0421]), array([0.53088095, 0.03646667]), 0.7854, 0.0]
[19, array([0.5336, 0.0421]), array([0.53117619, 0.03646667]), 0.7854, 0.0]
[19, array([0.5336, 0.0421]), array([0.53147143, 0.03646667]), 0.7854, 0.0]
[19, array([0.5336, 0.0421]), array([0.53176667, 0.03646667]), 0.7854, 0.0]
[19, array([0.5336, 0.0421]), array([0.5320619 , 0.03646667]), 0.7854, 0.0]
[19, array([0.5336, 0.0421]), array([0.53235714, 0.03646667]), 0.7854, 0.0]
[19, array([0.5336, 0.0421]), array([0.53265238, 0.03646667]), 0.7854, 0.0]
[19, array([0.5336, 0.0421]), array([0.53294762, 0.03646667]), 0.7854, 0.0]
[19, array([0.5336, 0.0421]), array([0.53324286, 0.03646667]), 0.7854, 0.0]
[19, array([0.5336, 0.0421]), array([0.5335381 , 0.03646667]), 0.7854, 1.0]
[19, array([0.5336, 0.0421]), array([0.53383333, 0.03646667]), 0.7854, 0.0]
[19, array([0.5336, 0.0421]), array([0.53412857, 0.03646667]), 0.7854, 1.0]
[19, array([0.5336, 0.0421]), array([0.53442381, 0.03646667]), 0.7854, 0.0]
[19, array([0.5336, 0.0421]), array([0.53471905, 0.03646667]), 0.7854, 0.0]
[19, array([0.5336, 0.0421]), array([0.53501429, 0.03646667]), 0.7854, 0.0]
[19, array([0.5336, 0.0421]), array([0.53530952, 0.03646667]), 0.7854, 0.0]
[19, array([0.5336, 0.0421]), array([0.53560476, 0.03646667]), 0.7854, 0.0]
[19, array([0.5336, 0.0421]), array([0.5359    , 0.03646667]), 0.7854, 0.0]
[19, array([0.5336, 0.0421]), array([0.5297   , 0.0367619]), 0.7854, 0.0]
[19, array([0.5336, 0.0421]), array([0.52999524, 0.0367619 ]), 0.7854, 0.0]
[19, array([0.5336, 0.0421]), array([0.53029048, 0.0367619 ]), 0.7854, 0.0]
[19, array([0.5336, 0.0421]), array([0.53058571, 0.0367619 ]), 0.7854, 0.0]
[19, array([0.5336, 0.0421]), array([0.53088095, 0.0367619 ]), 0.7854, 0.0]
[19, array([0.5336, 0.0421]), array([0.53117619, 0.0367619 ]), 0.7854, 0.0]
[19, array([0.5336, 0.0421]), array([0.53147143, 0.0367619 ]), 0.7854, 0.0]
[19, array([0.5336, 0.0421]), array([0.53176667, 0.0367619 ]), 0.7854, 0.0]
[19, array([0.5336, 0.0421]), array([0.5320619, 0.0367619]), 0.7854, 0.0]
[19, array([0.5336, 0.0421]), array([0.53235714, 0.0367619 ]), 0.7854, 0.0]
[19, array([0.5336, 0.0421]), array([0.53265238, 0.0367619 ]), 0.7854, 1.0]
[19, array([0.5336, 0.0421]), array([0.53294762, 0.0367619 ]), 0.7854, 0.0]
[19, array([0.5336, 0.0421]), array([0.53324286, 0.0367619 ]), 0.7854, 0.0]
[19, array([0.5336, 0.0421]), array([0.5335381, 0.0367619]), 0.7854, 1.0]
[19, array([0.5336, 0.0421]), array([0.53383333, 0.0367619 ]), 0.7854, 0.0]
[19, array([0.5336, 0.0421]), array([0.53412857, 0.0367619 ]), 0.7854, 1.0]
[19, array([0.5336, 0.0421]), array([0.53442381, 0.0367619 ]), 0.7854, 0.0]
[19, array([0.5336, 0.0421]), array([0.53471905, 0.0367619 ]), 0.7854, 0.0]
[19, array([0.5336, 0.0421]), array([0.53501429, 0.0367619 ]), 0.7854, 0.0]
[19, array([0.5336, 0.0421]), array([0.53530952, 0.0367619 ]), 0.7854, 0.0]
[19, array([0.5336, 0.0421]), array([0.53560476, 0.0367619 ]), 0.7854, 0.0]
[19, array([0.5336, 0.0421]), array([0.5359   , 0.0367619]), 0.7854, 0.0]
[19, array([0.5336, 0.0421]), array([0.5297    , 0.03705714]), 0.7854, 0.0]
[19, array([0.5336, 0.0421]), array([0.52999524, 0.03705714]), 0.7854, 0.0]
[19, array([0.5336, 0.0421]), array([0.53029048, 0.03705714]), 0.7854, 0.0]
[19, array([0.5336, 0.0421]), array([0.53058571, 0.03705714]), 0.7854, 0.0]
[19, array([0.5336, 0.0421]), array([0.53088095, 0.03705714]), 0.7854, 0.0]
[19, array([0.5336, 0.0421]), array([0.53117619, 0.03705714]), 0.7854, 0.0]
[19, array([0.5336, 0.0421]), array([0.53147143, 0.03705714]), 0.7854, 0.0]
[19, array([0.5336, 0.0421]), array([0.53176667, 0.03705714]), 0.7854, 0.0]
[19, array([0.5336, 0.0421]), array([0.5320619 , 0.03705714]), 0.7854, 0.0]
[19, array([0.5336, 0.0421]), array([0.53235714, 0.03705714]), 0.7854, 0.0]
[19, array([0.5336, 0.0421]), array([0.53265238, 0.03705714]), 0.7854, 0.0]
[19, array([0.5336, 0.0421]), array([0.53294762, 0.03705714]), 0.7854, 0.0]
[19, array([0.5336, 0.0421]), array([0.53324286, 0.03705714]), 0.7854, 0.0]
[19, array([0.5336, 0.0421]), array([0.5335381 , 0.03705714]), 0.7854, 0.0]
[19, array([0.5336, 0.0421]), array([0.53383333, 0.03705714]), 0.7854, 0.0]
[19, array([0.5336, 0.0421]), array([0.53412857, 0.03705714]), 0.7854, 1.0]
[19, array([0.5336, 0.0421]), array([0.53442381, 0.03705714]), 0.7854, 1.0]
[19, array([0.5336, 0.0421]), array([0.53471905, 0.03705714]), 0.7854, 0.0]
[19, array([0.5336, 0.0421]), array([0.53501429, 0.03705714]), 0.7854, 0.0]
[19, array([0.5336, 0.0421]), array([0.53530952, 0.03705714]), 0.7854, 0.0]
[19, array([0.5336, 0.0421]), array([0.53560476, 0.03705714]), 0.7854, 0.0]
[19, array([0.5336, 0.0421]), array([0.5359    , 0.03705714]), 0.7854, 0.0]
[19, array([0.5336, 0.0421]), array([0.5297    , 0.03735238]), 0.7854, 0.0]
[19, array([0.5336, 0.0421]), array([0.52999524, 0.03735238]), 0.7854, 0.0]
[19, array([0.5336, 0.0421]), array([0.53029048, 0.03735238]), 0.7854, 0.0]
[19, array([0.5336, 0.0421]), array([0.53058571, 0.03735238]), 0.7854, 1.0]
[19, array([0.5336, 0.0421]), array([0.53088095, 0.03735238]), 0.7854, 0.0]
[19, array([0.5336, 0.0421]), array([0.53117619, 0.03735238]), 0.7854, 0.0]
[19, array([0.5336, 0.0421]), array([0.53147143, 0.03735238]), 0.7854, 0.0]
[19, array([0.5336, 0.0421]), array([0.53176667, 0.03735238]), 0.7854, 0.0]
[19, array([0.5336, 0.0421]), array([0.5320619 , 0.03735238]), 0.7854, 0.0]
[19, array([0.5336, 0.0421]), array([0.53235714, 0.03735238]), 0.7854, 0.0]
[19, array([0.5336, 0.0421]), array([0.53265238, 0.03735238]), 0.7854, 0.0]
[19, array([0.5336, 0.0421]), array([0.53294762, 0.03735238]), 0.7854, 0.0]
[19, array([0.5336, 0.0421]), array([0.53324286, 0.03735238]), 0.7854, 0.0]
[19, array([0.5336, 0.0421]), array([0.5335381 , 0.03735238]), 0.7854, 0.0]
[19, array([0.5336, 0.0421]), array([0.53383333, 0.03735238]), 0.7854, 0.0]
[19, array([0.5336, 0.0421]), array([0.53412857, 0.03735238]), 0.7854, 0.0]
[19, array([0.5336, 0.0421]), array([0.53442381, 0.03735238]), 0.7854, 0.0]
[19, array([0.5336, 0.0421]), array([0.53471905, 0.03735238]), 0.7854, 0.0]
[19, array([0.5336, 0.0421]), array([0.53501429, 0.03735238]), 0.7854, 0.0]
[19, array([0.5336, 0.0421]), array([0.53530952, 0.03735238]), 0.7854, 0.0]
[19, array([0.5336, 0.0421]), array([0.53560476, 0.03735238]), 0.7854, 0.0]
[19, array([0.5336, 0.0421]), array([0.5359    , 0.03735238]), 0.7854, 0.0]
[19, array([0.5336, 0.0421]), array([0.5297    , 0.03764762]), 0.7854, 0.0]
[19, array([0.5336, 0.0421]), array([0.52999524, 0.03764762]), 0.7854, 0.0]
[19, array([0.5336, 0.0421]), array([0.53029048, 0.03764762]), 0.7854, 0.0]
[19, array([0.5336, 0.0421]), array([0.53058571, 0.03764762]), 0.7854, 0.0]
[19, array([0.5336, 0.0421]), array([0.53088095, 0.03764762]), 0.7854, 0.0]
[19, array([0.5336, 0.0421]), array([0.53117619, 0.03764762]), 0.7854, 0.0]
[19, array([0.5336, 0.0421]), array([0.53147143, 0.03764762]), 0.7854, 0.0]
[19, array([0.5336, 0.0421]), array([0.53176667, 0.03764762]), 0.7854, 0.0]
[19, array([0.5336, 0.0421]), array([0.5320619 , 0.03764762]), 0.7854, 0.0]
[19, array([0.5336, 0.0421]), array([0.53235714, 0.03764762]), 0.7854, 0.0]
[19, array([0.5336, 0.0421]), array([0.53265238, 0.03764762]), 0.7854, 0.0]
[19, array([0.5336, 0.0421]), array([0.53294762, 0.03764762]), 0.7854, 1.0]
[19, array([0.5336, 0.0421]), array([0.53324286, 0.03764762]), 0.7854, 0.0]
[19, array([0.5336, 0.0421]), array([0.5335381 , 0.03764762]), 0.7854, 0.0]
[19, array([0.5336, 0.0421]), array([0.53383333, 0.03764762]), 0.7854, 0.0]
[19, array([0.5336, 0.0421]), array([0.53412857, 0.03764762]), 0.7854, 0.0]
[19, array([0.5336, 0.0421]), array([0.53442381, 0.03764762]), 0.7854, 0.0]
[19, array([0.5336, 0.0421]), array([0.53471905, 0.03764762]), 0.7854, 0.0]
[19, array([0.5336, 0.0421]), array([0.53501429, 0.03764762]), 0.7854, 1.0]
[19, array([0.5336, 0.0421]), array([0.53530952, 0.03764762]), 0.7854, 0.0]
[19, array([0.5336, 0.0421]), array([0.53560476, 0.03764762]), 0.7854, 0.0]
[19, array([0.5336, 0.0421]), array([0.5359    , 0.03764762]), 0.7854, 0.0]
[19, array([0.5336, 0.0421]), array([0.5297    , 0.03794286]), 0.7854, 0.0]
[19, array([0.5336, 0.0421]), array([0.52999524, 0.03794286]), 0.7854, 0.0]
[19, array([0.5336, 0.0421]), array([0.53029048, 0.03794286]), 0.7854, 0.0]
[19, array([0.5336, 0.0421]), array([0.53058571, 0.03794286]), 0.7854, 0.0]
[19, array([0.5336, 0.0421]), array([0.53088095, 0.03794286]), 0.7854, 0.0]
[19, array([0.5336, 0.0421]), array([0.53117619, 0.03794286]), 0.7854, 0.0]
[19, array([0.5336, 0.0421]), array([0.53147143, 0.03794286]), 0.7854, 0.0]
[19, array([0.5336, 0.0421]), array([0.53176667, 0.03794286]), 0.7854, 0.0]
[19, array([0.5336, 0.0421]), array([0.5320619 , 0.03794286]), 0.7854, 0.0]
[19, array([0.5336, 0.0421]), array([0.53235714, 0.03794286]), 0.7854, 0.0]
[19, array([0.5336, 0.0421]), array([0.53265238, 0.03794286]), 0.7854, 1.0]
[19, array([0.5336, 0.0421]), array([0.53294762, 0.03794286]), 0.7854, 0.0]
[19, array([0.5336, 0.0421]), array([0.53324286, 0.03794286]), 0.7854, 1.0]
[19, array([0.5336, 0.0421]), array([0.5335381 , 0.03794286]), 0.7854, 0.0]
[19, array([0.5336, 0.0421]), array([0.53383333, 0.03794286]), 0.7854, 0.0]
[19, array([0.5336, 0.0421]), array([0.53412857, 0.03794286]), 0.7854, 0.0]
[19, array([0.5336, 0.0421]), array([0.53442381, 0.03794286]), 0.7854, 0.0]
[19, array([0.5336, 0.0421]), array([0.53471905, 0.03794286]), 0.7854, 0.0]
[19, array([0.5336, 0.0421]), array([0.53501429, 0.03794286]), 0.7854, 0.0]
[19, array([0.5336, 0.0421]), array([0.53530952, 0.03794286]), 0.7854, 0.0]
[19, array([0.5336, 0.0421]), array([0.53560476, 0.03794286]), 0.7854, 0.0]
[19, array([0.5336, 0.0421]), array([0.5359    , 0.03794286]), 0.7854, 0.0]
[19, array([0.5336, 0.0421]), array([0.5297   , 0.0382381]), 0.7854, 0.0]
[19, array([0.5336, 0.0421]), array([0.52999524, 0.0382381 ]), 0.7854, 0.0]
[19, array([0.5336, 0.0421]), array([0.53029048, 0.0382381 ]), 0.7854, 0.0]
[19, array([0.5336, 0.0421]), array([0.53058571, 0.0382381 ]), 0.7854, 0.0]
[19, array([0.5336, 0.0421]), array([0.53088095, 0.0382381 ]), 0.7854, 0.0]
[19, array([0.5336, 0.0421]), array([0.53117619, 0.0382381 ]), 0.7854, 0.0]
[19, array([0.5336, 0.0421]), array([0.53147143, 0.0382381 ]), 0.7854, 0.0]
[19, array([0.5336, 0.0421]), array([0.53176667, 0.0382381 ]), 0.7854, 0.0]
[19, array([0.5336, 0.0421]), array([0.5320619, 0.0382381]), 0.7854, 0.0]
[19, array([0.5336, 0.0421]), array([0.53235714, 0.0382381 ]), 0.7854, 0.0]
[19, array([0.5336, 0.0421]), array([0.53265238, 0.0382381 ]), 0.7854, 0.0]
[19, array([0.5336, 0.0421]), array([0.53294762, 0.0382381 ]), 0.7854, 0.0]
[19, array([0.5336, 0.0421]), array([0.53324286, 0.0382381 ]), 0.7854, 1.0]
[19, array([0.5336, 0.0421]), array([0.5335381, 0.0382381]), 0.7854, 0.0]
[19, array([0.5336, 0.0421]), array([0.53383333, 0.0382381 ]), 0.7854, 0.0]
[19, array([0.5336, 0.0421]), array([0.53412857, 0.0382381 ]), 0.7854, 0.0]
[19, array([0.5336, 0.0421]), array([0.53442381, 0.0382381 ]), 0.7854, 0.0]
[19, array([0.5336, 0.0421]), array([0.53471905, 0.0382381 ]), 0.7854, 0.0]
[19, array([0.5336, 0.0421]), array([0.53501429, 0.0382381 ]), 0.7854, 0.0]
[19, array([0.5336, 0.0421]), array([0.53530952, 0.0382381 ]), 0.7854, 0.0]
[19, array([0.5336, 0.0421]), array([0.53560476, 0.0382381 ]), 0.7854, 0.0]
[19, array([0.5336, 0.0421]), array([0.5359   , 0.0382381]), 0.7854, 0.0]
[19, array([0.5336, 0.0421]), array([0.5297    , 0.03853333]), 0.7854, 0.0]
[19, array([0.5336, 0.0421]), array([0.52999524, 0.03853333]), 0.7854, 0.0]
[19, array([0.5336, 0.0421]), array([0.53029048, 0.03853333]), 0.7854, 0.0]
[19, array([0.5336, 0.0421]), array([0.53058571, 0.03853333]), 0.7854, 1.0]
[19, array([0.5336, 0.0421]), array([0.53088095, 0.03853333]), 0.7854, 0.0]
[19, array([0.5336, 0.0421]), array([0.53117619, 0.03853333]), 0.7854, 0.0]
[19, array([0.5336, 0.0421]), array([0.53147143, 0.03853333]), 0.7854, 0.0]
[19, array([0.5336, 0.0421]), array([0.53176667, 0.03853333]), 0.7854, 0.0]
[19, array([0.5336, 0.0421]), array([0.5320619 , 0.03853333]), 0.7854, 1.0]
[19, array([0.5336, 0.0421]), array([0.53235714, 0.03853333]), 0.7854, 0.0]
[19, array([0.5336, 0.0421]), array([0.53265238, 0.03853333]), 0.7854, 1.0]
[19, array([0.5336, 0.0421]), array([0.53294762, 0.03853333]), 0.7854, 1.0]
[19, array([0.5336, 0.0421]), array([0.53324286, 0.03853333]), 0.7854, 1.0]
[19, array([0.5336, 0.0421]), array([0.5335381 , 0.03853333]), 0.7854, 0.0]
[19, array([0.5336, 0.0421]), array([0.53383333, 0.03853333]), 0.7854, 0.0]
[19, array([0.5336, 0.0421]), array([0.53412857, 0.03853333]), 0.7854, 0.0]
[19, array([0.5336, 0.0421]), array([0.53442381, 0.03853333]), 0.7854, 0.0]
[19, array([0.5336, 0.0421]), array([0.53471905, 0.03853333]), 0.7854, 0.0]
[19, array([0.5336, 0.0421]), array([0.53501429, 0.03853333]), 0.7854, 0.0]
[19, array([0.5336, 0.0421]), array([0.53530952, 0.03853333]), 0.7854, 0.0]
[19, array([0.5336, 0.0421]), array([0.53560476, 0.03853333]), 0.7854, 0.0]
[19, array([0.5336, 0.0421]), array([0.5359    , 0.03853333]), 0.7854, 0.0]
[19, array([0.5336, 0.0421]), array([0.5297    , 0.03882857]), 0.7854, 0.0]
[19, array([0.5336, 0.0421]), array([0.52999524, 0.03882857]), 0.7854, 0.0]
[19, array([0.5336, 0.0421]), array([0.53029048, 0.03882857]), 0.7854, 0.0]
[19, array([0.5336, 0.0421]), array([0.53058571, 0.03882857]), 0.7854, 0.0]
[19, array([0.5336, 0.0421]), array([0.53088095, 0.03882857]), 0.7854, 0.0]
[19, array([0.5336, 0.0421]), array([0.53117619, 0.03882857]), 0.7854, 0.0]
[19, array([0.5336, 0.0421]), array([0.53147143, 0.03882857]), 0.7854, 0.0]
[19, array([0.5336, 0.0421]), array([0.53176667, 0.03882857]), 0.7854, 0.0]
[19, array([0.5336, 0.0421]), array([0.5320619 , 0.03882857]), 0.7854, 0.0]
[19, array([0.5336, 0.0421]), array([0.53235714, 0.03882857]), 0.7854, 0.0]
[19, array([0.5336, 0.0421]), array([0.53265238, 0.03882857]), 0.7854, 0.0]
[19, array([0.5336, 0.0421]), array([0.53294762, 0.03882857]), 0.7854, 0.0]
[19, array([0.5336, 0.0421]), array([0.53324286, 0.03882857]), 0.7854, 0.0]
[19, array([0.5336, 0.0421]), array([0.5335381 , 0.03882857]), 0.7854, 0.0]
[19, array([0.5336, 0.0421]), array([0.53383333, 0.03882857]), 0.7854, 0.0]
[19, array([0.5336, 0.0421]), array([0.53412857, 0.03882857]), 0.7854, 0.0]
[19, array([0.5336, 0.0421]), array([0.53442381, 0.03882857]), 0.7854, 0.0]
[19, array([0.5336, 0.0421]), array([0.53471905, 0.03882857]), 0.7854, 0.0]
[19, array([0.5336, 0.0421]), array([0.53501429, 0.03882857]), 0.7854, 0.0]
[19, array([0.5336, 0.0421]), array([0.53530952, 0.03882857]), 0.7854, 0.0]
[19, array([0.5336, 0.0421]), array([0.53560476, 0.03882857]), 0.7854, 0.0]
[19, array([0.5336, 0.0421]), array([0.5359    , 0.03882857]), 0.7854, 0.0]
[19, array([0.5336, 0.0421]), array([0.5297    , 0.03912381]), 0.7854, 0.0]
[19, array([0.5336, 0.0421]), array([0.52999524, 0.03912381]), 0.7854, 0.0]
[19, array([0.5336, 0.0421]), array([0.53029048, 0.03912381]), 0.7854, 0.0]
[19, array([0.5336, 0.0421]), array([0.53058571, 0.03912381]), 0.7854, 0.0]
[19, array([0.5336, 0.0421]), array([0.53088095, 0.03912381]), 0.7854, 0.0]
[19, array([0.5336, 0.0421]), array([0.53117619, 0.03912381]), 0.7854, 1.0]
[19, array([0.5336, 0.0421]), array([0.53147143, 0.03912381]), 0.7854, 0.0]
[19, array([0.5336, 0.0421]), array([0.53176667, 0.03912381]), 0.7854, 1.0]
[19, array([0.5336, 0.0421]), array([0.5320619 , 0.03912381]), 0.7854, 0.0]
[19, array([0.5336, 0.0421]), array([0.53235714, 0.03912381]), 0.7854, 0.0]
[19, array([0.5336, 0.0421]), array([0.53265238, 0.03912381]), 0.7854, 0.0]
[19, array([0.5336, 0.0421]), array([0.53294762, 0.03912381]), 0.7854, 0.0]
[19, array([0.5336, 0.0421]), array([0.53324286, 0.03912381]), 0.7854, 0.0]
[19, array([0.5336, 0.0421]), array([0.5335381 , 0.03912381]), 0.7854, 0.0]
[19, array([0.5336, 0.0421]), array([0.53383333, 0.03912381]), 0.7854, 0.0]
[19, array([0.5336, 0.0421]), array([0.53412857, 0.03912381]), 0.7854, 0.0]
[19, array([0.5336, 0.0421]), array([0.53442381, 0.03912381]), 0.7854, 0.0]
[19, array([0.5336, 0.0421]), array([0.53471905, 0.03912381]), 0.7854, 0.0]
[19, array([0.5336, 0.0421]), array([0.53501429, 0.03912381]), 0.7854, 0.0]
[19, array([0.5336, 0.0421]), array([0.53530952, 0.03912381]), 0.7854, 0.0]
[19, array([0.5336, 0.0421]), array([0.53560476, 0.03912381]), 0.7854, 0.0]
[19, array([0.5336, 0.0421]), array([0.5359    , 0.03912381]), 0.7854, 0.0]
[19, array([0.5336, 0.0421]), array([0.5297    , 0.03941905]), 0.7854, 0.0]
[19, array([0.5336, 0.0421]), array([0.52999524, 0.03941905]), 0.7854, 0.0]
[19, array([0.5336, 0.0421]), array([0.53029048, 0.03941905]), 0.7854, 0.0]
[19, array([0.5336, 0.0421]), array([0.53058571, 0.03941905]), 0.7854, 0.0]
[19, array([0.5336, 0.0421]), array([0.53088095, 0.03941905]), 0.7854, 1.0]
[19, array([0.5336, 0.0421]), array([0.53117619, 0.03941905]), 0.7854, 0.0]
[19, array([0.5336, 0.0421]), array([0.53147143, 0.03941905]), 0.7854, 0.0]
[19, array([0.5336, 0.0421]), array([0.53176667, 0.03941905]), 0.7854, 1.0]
[19, array([0.5336, 0.0421]), array([0.5320619 , 0.03941905]), 0.7854, 0.0]
[19, array([0.5336, 0.0421]), array([0.53235714, 0.03941905]), 0.7854, 0.0]
[19, array([0.5336, 0.0421]), array([0.53265238, 0.03941905]), 0.7854, 0.0]
[19, array([0.5336, 0.0421]), array([0.53294762, 0.03941905]), 0.7854, 0.0]
[19, array([0.5336, 0.0421]), array([0.53324286, 0.03941905]), 0.7854, 0.0]
[19, array([0.5336, 0.0421]), array([0.5335381 , 0.03941905]), 0.7854, 0.0]
[19, array([0.5336, 0.0421]), array([0.53383333, 0.03941905]), 0.7854, 0.0]
[19, array([0.5336, 0.0421]), array([0.53412857, 0.03941905]), 0.7854, 0.0]
[19, array([0.5336, 0.0421]), array([0.53442381, 0.03941905]), 0.7854, 0.0]
[19, array([0.5336, 0.0421]), array([0.53471905, 0.03941905]), 0.7854, 0.0]
[19, array([0.5336, 0.0421]), array([0.53501429, 0.03941905]), 0.7854, 0.0]
[19, array([0.5336, 0.0421]), array([0.53530952, 0.03941905]), 0.7854, 0.0]
[19, array([0.5336, 0.0421]), array([0.53560476, 0.03941905]), 0.7854, 0.0]
[19, array([0.5336, 0.0421]), array([0.5359    , 0.03941905]), 0.7854, 0.0]
[19, array([0.5336, 0.0421]), array([0.5297    , 0.03971429]), 0.7854, 0.0]
[19, array([0.5336, 0.0421]), array([0.52999524, 0.03971429]), 0.7854, 0.0]
[19, array([0.5336, 0.0421]), array([0.53029048, 0.03971429]), 0.7854, 0.0]
[19, array([0.5336, 0.0421]), array([0.53058571, 0.03971429]), 0.7854, 0.0]
[19, array([0.5336, 0.0421]), array([0.53088095, 0.03971429]), 0.7854, 0.0]
[19, array([0.5336, 0.0421]), array([0.53117619, 0.03971429]), 0.7854, 0.0]
[19, array([0.5336, 0.0421]), array([0.53147143, 0.03971429]), 0.7854, 0.0]
[19, array([0.5336, 0.0421]), array([0.53176667, 0.03971429]), 0.7854, 0.0]
[19, array([0.5336, 0.0421]), array([0.5320619 , 0.03971429]), 0.7854, 0.0]
[19, array([0.5336, 0.0421]), array([0.53235714, 0.03971429]), 0.7854, 1.0]
[19, array([0.5336, 0.0421]), array([0.53265238, 0.03971429]), 0.7854, 0.0]
[19, array([0.5336, 0.0421]), array([0.53294762, 0.03971429]), 0.7854, 0.0]
[19, array([0.5336, 0.0421]), array([0.53324286, 0.03971429]), 0.7854, 0.0]
[19, array([0.5336, 0.0421]), array([0.5335381 , 0.03971429]), 0.7854, 0.0]
[19, array([0.5336, 0.0421]), array([0.53383333, 0.03971429]), 0.7854, 0.0]
[19, array([0.5336, 0.0421]), array([0.53412857, 0.03971429]), 0.7854, 0.0]
[19, array([0.5336, 0.0421]), array([0.53442381, 0.03971429]), 0.7854, 0.0]
[19, array([0.5336, 0.0421]), array([0.53471905, 0.03971429]), 0.7854, 0.0]
[19, array([0.5336, 0.0421]), array([0.53501429, 0.03971429]), 0.7854, 0.0]
[19, array([0.5336, 0.0421]), array([0.53530952, 0.03971429]), 0.7854, 0.0]
[19, array([0.5336, 0.0421]), array([0.53560476, 0.03971429]), 0.7854, 0.0]
[19, array([0.5336, 0.0421]), array([0.5359    , 0.03971429]), 0.7854, 0.0]
[19, array([0.5336, 0.0421]), array([0.5297    , 0.04000952]), 0.7854, 0.0]
[19, array([0.5336, 0.0421]), array([0.52999524, 0.04000952]), 0.7854, 0.0]
[19, array([0.5336, 0.0421]), array([0.53029048, 0.04000952]), 0.7854, 0.0]
[19, array([0.5336, 0.0421]), array([0.53058571, 0.04000952]), 0.7854, 0.0]
[19, array([0.5336, 0.0421]), array([0.53088095, 0.04000952]), 0.7854, 1.0]
[19, array([0.5336, 0.0421]), array([0.53117619, 0.04000952]), 0.7854, 0.0]
[19, array([0.5336, 0.0421]), array([0.53147143, 0.04000952]), 0.7854, 0.0]
[19, array([0.5336, 0.0421]), array([0.53176667, 0.04000952]), 0.7854, 0.0]
[19, array([0.5336, 0.0421]), array([0.5320619 , 0.04000952]), 0.7854, 0.0]
[19, array([0.5336, 0.0421]), array([0.53235714, 0.04000952]), 0.7854, 0.0]
[19, array([0.5336, 0.0421]), array([0.53265238, 0.04000952]), 0.7854, 0.0]
[19, array([0.5336, 0.0421]), array([0.53294762, 0.04000952]), 0.7854, 0.0]
[19, array([0.5336, 0.0421]), array([0.53324286, 0.04000952]), 0.7854, 0.0]
[19, array([0.5336, 0.0421]), array([0.5335381 , 0.04000952]), 0.7854, 0.0]
[19, array([0.5336, 0.0421]), array([0.53383333, 0.04000952]), 0.7854, 0.0]
[19, array([0.5336, 0.0421]), array([0.53412857, 0.04000952]), 0.7854, 0.0]
[19, array([0.5336, 0.0421]), array([0.53442381, 0.04000952]), 0.7854, 0.0]
[19, array([0.5336, 0.0421]), array([0.53471905, 0.04000952]), 0.7854, 0.0]
[19, array([0.5336, 0.0421]), array([0.53501429, 0.04000952]), 0.7854, 0.0]
[19, array([0.5336, 0.0421]), array([0.53530952, 0.04000952]), 0.7854, 0.0]
[19, array([0.5336, 0.0421]), array([0.53560476, 0.04000952]), 0.7854, 0.0]
[19, array([0.5336, 0.0421]), array([0.5359    , 0.04000952]), 0.7854, 0.0]
[19, array([0.5336, 0.0421]), array([0.5297    , 0.04030476]), 0.7854, 0.0]
[19, array([0.5336, 0.0421]), array([0.52999524, 0.04030476]), 0.7854, 0.0]
[19, array([0.5336, 0.0421]), array([0.53029048, 0.04030476]), 0.7854, 0.0]
[19, array([0.5336, 0.0421]), array([0.53058571, 0.04030476]), 0.7854, 0.0]
[19, array([0.5336, 0.0421]), array([0.53088095, 0.04030476]), 0.7854, 0.0]
[19, array([0.5336, 0.0421]), array([0.53117619, 0.04030476]), 0.7854, 0.0]
[19, array([0.5336, 0.0421]), array([0.53147143, 0.04030476]), 0.7854, 0.0]
[19, array([0.5336, 0.0421]), array([0.53176667, 0.04030476]), 0.7854, 0.0]
[19, array([0.5336, 0.0421]), array([0.5320619 , 0.04030476]), 0.7854, 1.0]
[19, array([0.5336, 0.0421]), array([0.53235714, 0.04030476]), 0.7854, 1.0]
[19, array([0.5336, 0.0421]), array([0.53265238, 0.04030476]), 0.7854, 0.0]
[19, array([0.5336, 0.0421]), array([0.53294762, 0.04030476]), 0.7854, 0.0]
[19, array([0.5336, 0.0421]), array([0.53324286, 0.04030476]), 0.7854, 0.0]
[19, array([0.5336, 0.0421]), array([0.5335381 , 0.04030476]), 0.7854, 0.0]
[19, array([0.5336, 0.0421]), array([0.53383333, 0.04030476]), 0.7854, 0.0]
[19, array([0.5336, 0.0421]), array([0.53412857, 0.04030476]), 0.7854, 0.0]
[19, array([0.5336, 0.0421]), array([0.53442381, 0.04030476]), 0.7854, 0.0]
[19, array([0.5336, 0.0421]), array([0.53471905, 0.04030476]), 0.7854, 0.0]
[19, array([0.5336, 0.0421]), array([0.53501429, 0.04030476]), 0.7854, 0.0]
[19, array([0.5336, 0.0421]), array([0.53530952, 0.04030476]), 0.7854, 0.0]
[19, array([0.5336, 0.0421]), array([0.53560476, 0.04030476]), 0.7854, 0.0]
[19, array([0.5336, 0.0421]), array([0.5359    , 0.04030476]), 0.7854, 0.0]
[19, array([0.5336, 0.0421]), array([0.5297, 0.0406]), 0.7854, 0.0]
[19, array([0.5336, 0.0421]), array([0.52999524, 0.0406    ]), 0.7854, 0.0]
[19, array([0.5336, 0.0421]), array([0.53029048, 0.0406    ]), 0.7854, 0.0]
[19, array([0.5336, 0.0421]), array([0.53058571, 0.0406    ]), 0.7854, 0.0]
[19, array([0.5336, 0.0421]), array([0.53088095, 0.0406    ]), 0.7854, 0.0]
[19, array([0.5336, 0.0421]), array([0.53117619, 0.0406    ]), 0.7854, 1.0]
[19, array([0.5336, 0.0421]), array([0.53147143, 0.0406    ]), 0.7854, 0.0]
[19, array([0.5336, 0.0421]), array([0.53176667, 0.0406    ]), 0.7854, 0.0]
[19, array([0.5336, 0.0421]), array([0.5320619, 0.0406   ]), 0.7854, 0.0]
[19, array([0.5336, 0.0421]), array([0.53235714, 0.0406    ]), 0.7854, 0.0]
[19, array([0.5336, 0.0421]), array([0.53265238, 0.0406    ]), 0.7854, 1.0]
[19, array([0.5336, 0.0421]), array([0.53294762, 0.0406    ]), 0.7854, 0.0]
[19, array([0.5336, 0.0421]), array([0.53324286, 0.0406    ]), 0.7854, 0.0]
[19, array([0.5336, 0.0421]), array([0.5335381, 0.0406   ]), 0.7854, 0.0]
[19, array([0.5336, 0.0421]), array([0.53383333, 0.0406    ]), 0.7854, 0.0]
[19, array([0.5336, 0.0421]), array([0.53412857, 0.0406    ]), 0.7854, 0.0]
[19, array([0.5336, 0.0421]), array([0.53442381, 0.0406    ]), 0.7854, 0.0]
[19, array([0.5336, 0.0421]), array([0.53471905, 0.0406    ]), 0.7854, 0.0]
[19, array([0.5336, 0.0421]), array([0.53501429, 0.0406    ]), 0.7854, 0.0]
[19, array([0.5336, 0.0421]), array([0.53530952, 0.0406    ]), 0.7854, 0.0]
[19, array([0.5336, 0.0421]), array([0.53560476, 0.0406    ]), 0.7854, 0.0]
[19, array([0.5336, 0.0421]), array([0.5359, 0.0406]), 0.7854, 0.0]
[6, array([0.5377, 0.0349]), array([0.53435, 0.0312 ]), 0.7854, 1.0]
[6, array([0.5377, 0.0349]), array([0.53450238, 0.0312    ]), 0.7854, 1.0]
[6, array([0.5377, 0.0349]), array([0.53465476, 0.0312    ]), 0.7854, 1.0]
[6, array([0.5377, 0.0349]), array([0.53480714, 0.0312    ]), 0.7854, 1.0]
[6, array([0.5377, 0.0349]), array([0.53495952, 0.0312    ]), 0.7854, 1.0]
[6, array([0.5377, 0.0349]), array([0.5351119, 0.0312   ]), 0.7854, 1.0]
[6, array([0.5377, 0.0349]), array([0.53526429, 0.0312    ]), 0.7854, 1.0]
[6, array([0.5377, 0.0349]), array([0.53541667, 0.0312    ]), 0.7854, 1.0]
[6, array([0.5377, 0.0349]), array([0.53556905, 0.0312    ]), 0.7854, 1.0]
[6, array([0.5377, 0.0349]), array([0.53572143, 0.0312    ]), 0.7854, 1.0]
[6, array([0.5377, 0.0349]), array([0.53587381, 0.0312    ]), 0.7854, 1.0]
[6, array([0.5377, 0.0349]), array([0.53602619, 0.0312    ]), 0.7854, 1.0]
[6, array([0.5377, 0.0349]), array([0.53617857, 0.0312    ]), 0.7854, 1.0]
[6, array([0.5377, 0.0349]), array([0.53633095, 0.0312    ]), 0.7854, 1.0]
[6, array([0.5377, 0.0349]), array([0.53648333, 0.0312    ]), 0.7854, 1.0]
[6, array([0.5377, 0.0349]), array([0.53663571, 0.0312    ]), 0.7854, 1.0]
[6, array([0.5377, 0.0349]), array([0.5367881, 0.0312   ]), 0.7854, 1.0]
[6, array([0.5377, 0.0349]), array([0.53694048, 0.0312    ]), 0.7854, 1.0]
[6, array([0.5377, 0.0349]), array([0.53709286, 0.0312    ]), 0.7854, 1.0]
[6, array([0.5377, 0.0349]), array([0.53724524, 0.0312    ]), 0.7854, 1.0]
[6, array([0.5377, 0.0349]), array([0.53739762, 0.0312    ]), 0.7854, 1.0]
[6, array([0.5377, 0.0349]), array([0.53755, 0.0312 ]), 0.7854, 1.0]
[6, array([0.5377, 0.0349]), array([0.53435   , 0.03135238]), 0.7854, 1.0]
[6, array([0.5377, 0.0349]), array([0.53450238, 0.03135238]), 0.7854, 1.0]
[6, array([0.5377, 0.0349]), array([0.53465476, 0.03135238]), 0.7854, 1.0]
[6, array([0.5377, 0.0349]), array([0.53480714, 0.03135238]), 0.7854, 1.0]
[6, array([0.5377, 0.0349]), array([0.53495952, 0.03135238]), 0.7854, 1.0]
[6, array([0.5377, 0.0349]), array([0.5351119 , 0.03135238]), 0.7854, 1.0]
[6, array([0.5377, 0.0349]), array([0.53526429, 0.03135238]), 0.7854, 1.0]
[6, array([0.5377, 0.0349]), array([0.53541667, 0.03135238]), 0.7854, 1.0]
[6, array([0.5377, 0.0349]), array([0.53556905, 0.03135238]), 0.7854, 1.0]
[6, array([0.5377, 0.0349]), array([0.53572143, 0.03135238]), 0.7854, 1.0]
[6, array([0.5377, 0.0349]), array([0.53587381, 0.03135238]), 0.7854, 1.0]
[6, array([0.5377, 0.0349]), array([0.53602619, 0.03135238]), 0.7854, 1.0]
[6, array([0.5377, 0.0349]), array([0.53617857, 0.03135238]), 0.7854, 1.0]
[6, array([0.5377, 0.0349]), array([0.53633095, 0.03135238]), 0.7854, 1.0]
[6, array([0.5377, 0.0349]), array([0.53648333, 0.03135238]), 0.7854, 1.0]
[6, array([0.5377, 0.0349]), array([0.53663571, 0.03135238]), 0.7854, 1.0]
[6, array([0.5377, 0.0349]), array([0.5367881 , 0.03135238]), 0.7854, 1.0]
[6, array([0.5377, 0.0349]), array([0.53694048, 0.03135238]), 0.7854, 1.0]
[6, array([0.5377, 0.0349]), array([0.53709286, 0.03135238]), 0.7854, 1.0]
[6, array([0.5377, 0.0349]), array([0.53724524, 0.03135238]), 0.7854, 1.0]
[6, array([0.5377, 0.0349]), array([0.53739762, 0.03135238]), 0.7854, 1.0]
[6, array([0.5377, 0.0349]), array([0.53755   , 0.03135238]), 0.7854, 1.0]
[6, array([0.5377, 0.0349]), array([0.53435   , 0.03150476]), 0.7854, 1.0]
[6, array([0.5377, 0.0349]), array([0.53450238, 0.03150476]), 0.7854, 1.0]
[6, array([0.5377, 0.0349]), array([0.53465476, 0.03150476]), 0.7854, 1.0]
[6, array([0.5377, 0.0349]), array([0.53480714, 0.03150476]), 0.7854, 1.0]
[6, array([0.5377, 0.0349]), array([0.53495952, 0.03150476]), 0.7854, 1.0]
[6, array([0.5377, 0.0349]), array([0.5351119 , 0.03150476]), 0.7854, 1.0]
[6, array([0.5377, 0.0349]), array([0.53526429, 0.03150476]), 0.7854, 1.0]
[6, array([0.5377, 0.0349]), array([0.53541667, 0.03150476]), 0.7854, 1.0]
[6, array([0.5377, 0.0349]), array([0.53556905, 0.03150476]), 0.7854, 1.0]
[6, array([0.5377, 0.0349]), array([0.53572143, 0.03150476]), 0.7854, 1.0]
[6, array([0.5377, 0.0349]), array([0.53587381, 0.03150476]), 0.7854, 1.0]
[6, array([0.5377, 0.0349]), array([0.53602619, 0.03150476]), 0.7854, 1.0]
[6, array([0.5377, 0.0349]), array([0.53617857, 0.03150476]), 0.7854, 1.0]
[6, array([0.5377, 0.0349]), array([0.53633095, 0.03150476]), 0.7854, 1.0]
[6, array([0.5377, 0.0349]), array([0.53648333, 0.03150476]), 0.7854, 1.0]
[6, array([0.5377, 0.0349]), array([0.53663571, 0.03150476]), 0.7854, 1.0]
[6, array([0.5377, 0.0349]), array([0.5367881 , 0.03150476]), 0.7854, 1.0]
[6, array([0.5377, 0.0349]), array([0.53694048, 0.03150476]), 0.7854, 1.0]
[6, array([0.5377, 0.0349]), array([0.53709286, 0.03150476]), 0.7854, 1.0]
[6, array([0.5377, 0.0349]), array([0.53724524, 0.03150476]), 0.7854, 1.0]
[6, array([0.5377, 0.0349]), array([0.53739762, 0.03150476]), 0.7854, 1.0]
[6, array([0.5377, 0.0349]), array([0.53755   , 0.03150476]), 0.7854, 1.0]
[6, array([0.5377, 0.0349]), array([0.53435   , 0.03165714]), 0.7854, 1.0]
[6, array([0.5377, 0.0349]), array([0.53450238, 0.03165714]), 0.7854, 1.0]
[6, array([0.5377, 0.0349]), array([0.53465476, 0.03165714]), 0.7854, 1.0]
[6, array([0.5377, 0.0349]), array([0.53480714, 0.03165714]), 0.7854, 1.0]
[6, array([0.5377, 0.0349]), array([0.53495952, 0.03165714]), 0.7854, 1.0]
[6, array([0.5377, 0.0349]), array([0.5351119 , 0.03165714]), 0.7854, 1.0]
[6, array([0.5377, 0.0349]), array([0.53526429, 0.03165714]), 0.7854, 1.0]
[6, array([0.5377, 0.0349]), array([0.53541667, 0.03165714]), 0.7854, 1.0]
[6, array([0.5377, 0.0349]), array([0.53556905, 0.03165714]), 0.7854, 1.0]
[6, array([0.5377, 0.0349]), array([0.53572143, 0.03165714]), 0.7854, 1.0]
[6, array([0.5377, 0.0349]), array([0.53587381, 0.03165714]), 0.7854, 1.0]
[6, array([0.5377, 0.0349]), array([0.53602619, 0.03165714]), 0.7854, 1.0]
[6, array([0.5377, 0.0349]), array([0.53617857, 0.03165714]), 0.7854, 1.0]
[6, array([0.5377, 0.0349]), array([0.53633095, 0.03165714]), 0.7854, 1.0]
[6, array([0.5377, 0.0349]), array([0.53648333, 0.03165714]), 0.7854, 1.0]
[6, array([0.5377, 0.0349]), array([0.53663571, 0.03165714]), 0.7854, 1.0]
[6, array([0.5377, 0.0349]), array([0.5367881 , 0.03165714]), 0.7854, 1.0]
[6, array([0.5377, 0.0349]), array([0.53694048, 0.03165714]), 0.7854, 1.0]
[6, array([0.5377, 0.0349]), array([0.53709286, 0.03165714]), 0.7854, 1.0]
[6, array([0.5377, 0.0349]), array([0.53724524, 0.03165714]), 0.7854, 1.0]
[6, array([0.5377, 0.0349]), array([0.53739762, 0.03165714]), 0.7854, 1.0]
[6, array([0.5377, 0.0349]), array([0.53755   , 0.03165714]), 0.7854, 1.0]
[6, array([0.5377, 0.0349]), array([0.53435   , 0.03180952]), 0.7854, 1.0]
[6, array([0.5377, 0.0349]), array([0.53450238, 0.03180952]), 0.7854, 1.0]
[6, array([0.5377, 0.0349]), array([0.53465476, 0.03180952]), 0.7854, 1.0]
[6, array([0.5377, 0.0349]), array([0.53480714, 0.03180952]), 0.7854, 1.0]
[6, array([0.5377, 0.0349]), array([0.53495952, 0.03180952]), 0.7854, 1.0]
[6, array([0.5377, 0.0349]), array([0.5351119 , 0.03180952]), 0.7854, 1.0]
[6, array([0.5377, 0.0349]), array([0.53526429, 0.03180952]), 0.7854, 1.0]
[6, array([0.5377, 0.0349]), array([0.53541667, 0.03180952]), 0.7854, 1.0]
[6, array([0.5377, 0.0349]), array([0.53556905, 0.03180952]), 0.7854, 1.0]
[6, array([0.5377, 0.0349]), array([0.53572143, 0.03180952]), 0.7854, 1.0]
[6, array([0.5377, 0.0349]), array([0.53587381, 0.03180952]), 0.7854, 1.0]
[6, array([0.5377, 0.0349]), array([0.53602619, 0.03180952]), 0.7854, 1.0]
[6, array([0.5377, 0.0349]), array([0.53617857, 0.03180952]), 0.7854, 1.0]
[6, array([0.5377, 0.0349]), array([0.53633095, 0.03180952]), 0.7854, 1.0]
[6, array([0.5377, 0.0349]), array([0.53648333, 0.03180952]), 0.7854, 1.0]
[6, array([0.5377, 0.0349]), array([0.53663571, 0.03180952]), 0.7854, 1.0]
[6, array([0.5377, 0.0349]), array([0.5367881 , 0.03180952]), 0.7854, 1.0]
[6, array([0.5377, 0.0349]), array([0.53694048, 0.03180952]), 0.7854, 1.0]
[6, array([0.5377, 0.0349]), array([0.53709286, 0.03180952]), 0.7854, 1.0]
[6, array([0.5377, 0.0349]), array([0.53724524, 0.03180952]), 0.7854, 1.0]
[6, array([0.5377, 0.0349]), array([0.53739762, 0.03180952]), 0.7854, 1.0]
[6, array([0.5377, 0.0349]), array([0.53755   , 0.03180952]), 0.7854, 1.0]
[6, array([0.5377, 0.0349]), array([0.53435  , 0.0319619]), 0.7854, 1.0]
[6, array([0.5377, 0.0349]), array([0.53450238, 0.0319619 ]), 0.7854, 1.0]
[6, array([0.5377, 0.0349]), array([0.53465476, 0.0319619 ]), 0.7854, 1.0]
[6, array([0.5377, 0.0349]), array([0.53480714, 0.0319619 ]), 0.7854, 1.0]
[6, array([0.5377, 0.0349]), array([0.53495952, 0.0319619 ]), 0.7854, 1.0]
[6, array([0.5377, 0.0349]), array([0.5351119, 0.0319619]), 0.7854, 1.0]
[6, array([0.5377, 0.0349]), array([0.53526429, 0.0319619 ]), 0.7854, 1.0]
[6, array([0.5377, 0.0349]), array([0.53541667, 0.0319619 ]), 0.7854, 1.0]
[6, array([0.5377, 0.0349]), array([0.53556905, 0.0319619 ]), 0.7854, 1.0]
[6, array([0.5377, 0.0349]), array([0.53572143, 0.0319619 ]), 0.7854, 1.0]
[6, array([0.5377, 0.0349]), array([0.53587381, 0.0319619 ]), 0.7854, 1.0]
[6, array([0.5377, 0.0349]), array([0.53602619, 0.0319619 ]), 0.7854, 1.0]
[6, array([0.5377, 0.0349]), array([0.53617857, 0.0319619 ]), 0.7854, 1.0]
[6, array([0.5377, 0.0349]), array([0.53633095, 0.0319619 ]), 0.7854, 1.0]
[6, array([0.5377, 0.0349]), array([0.53648333, 0.0319619 ]), 0.7854, 1.0]
[6, array([0.5377, 0.0349]), array([0.53663571, 0.0319619 ]), 0.7854, 1.0]
[6, array([0.5377, 0.0349]), array([0.5367881, 0.0319619]), 0.7854, 1.0]
[6, array([0.5377, 0.0349]), array([0.53694048, 0.0319619 ]), 0.7854, 1.0]
[6, array([0.5377, 0.0349]), array([0.53709286, 0.0319619 ]), 0.7854, 1.0]
[6, array([0.5377, 0.0349]), array([0.53724524, 0.0319619 ]), 0.7854, 1.0]
[6, array([0.5377, 0.0349]), array([0.53739762, 0.0319619 ]), 0.7854, 1.0]
[6, array([0.5377, 0.0349]), array([0.53755  , 0.0319619]), 0.7854, 1.0]
[6, array([0.5377, 0.0349]), array([0.53435   , 0.03211429]), 0.7854, 1.0]
[6, array([0.5377, 0.0349]), array([0.53450238, 0.03211429]), 0.7854, 1.0]
[6, array([0.5377, 0.0349]), array([0.53465476, 0.03211429]), 0.7854, 1.0]
[6, array([0.5377, 0.0349]), array([0.53480714, 0.03211429]), 0.7854, 1.0]
[6, array([0.5377, 0.0349]), array([0.53495952, 0.03211429]), 0.7854, 1.0]
[6, array([0.5377, 0.0349]), array([0.5351119 , 0.03211429]), 0.7854, 1.0]
[6, array([0.5377, 0.0349]), array([0.53526429, 0.03211429]), 0.7854, 1.0]
[6, array([0.5377, 0.0349]), array([0.53541667, 0.03211429]), 0.7854, 1.0]
[6, array([0.5377, 0.0349]), array([0.53556905, 0.03211429]), 0.7854, 1.0]
[6, array([0.5377, 0.0349]), array([0.53572143, 0.03211429]), 0.7854, 1.0]
[6, array([0.5377, 0.0349]), array([0.53587381, 0.03211429]), 0.7854, 1.0]
[6, array([0.5377, 0.0349]), array([0.53602619, 0.03211429]), 0.7854, 1.0]
[6, array([0.5377, 0.0349]), array([0.53617857, 0.03211429]), 0.7854, 1.0]
[6, array([0.5377, 0.0349]), array([0.53633095, 0.03211429]), 0.7854, 1.0]
[6, array([0.5377, 0.0349]), array([0.53648333, 0.03211429]), 0.7854, 1.0]
[6, array([0.5377, 0.0349]), array([0.53663571, 0.03211429]), 0.7854, 1.0]
[6, array([0.5377, 0.0349]), array([0.5367881 , 0.03211429]), 0.7854, 1.0]
[6, array([0.5377, 0.0349]), array([0.53694048, 0.03211429]), 0.7854, 1.0]
[6, array([0.5377, 0.0349]), array([0.53709286, 0.03211429]), 0.7854, 1.0]
[6, array([0.5377, 0.0349]), array([0.53724524, 0.03211429]), 0.7854, 1.0]
[6, array([0.5377, 0.0349]), array([0.53739762, 0.03211429]), 0.7854, 1.0]
[6, array([0.5377, 0.0349]), array([0.53755   , 0.03211429]), 0.7854, 1.0]
[6, array([0.5377, 0.0349]), array([0.53435   , 0.03226667]), 0.7854, 1.0]
[6, array([0.5377, 0.0349]), array([0.53450238, 0.03226667]), 0.7854, 1.0]
[6, array([0.5377, 0.0349]), array([0.53465476, 0.03226667]), 0.7854, 1.0]
[6, array([0.5377, 0.0349]), array([0.53480714, 0.03226667]), 0.7854, 1.0]
[6, array([0.5377, 0.0349]), array([0.53495952, 0.03226667]), 0.7854, 1.0]
[6, array([0.5377, 0.0349]), array([0.5351119 , 0.03226667]), 0.7854, 1.0]
[6, array([0.5377, 0.0349]), array([0.53526429, 0.03226667]), 0.7854, 1.0]
[6, array([0.5377, 0.0349]), array([0.53541667, 0.03226667]), 0.7854, 1.0]
[6, array([0.5377, 0.0349]), array([0.53556905, 0.03226667]), 0.7854, 1.0]
[6, array([0.5377, 0.0349]), array([0.53572143, 0.03226667]), 0.7854, 1.0]
[6, array([0.5377, 0.0349]), array([0.53587381, 0.03226667]), 0.7854, 1.0]
[6, array([0.5377, 0.0349]), array([0.53602619, 0.03226667]), 0.7854, 1.0]
[6, array([0.5377, 0.0349]), array([0.53617857, 0.03226667]), 0.7854, 1.0]
[6, array([0.5377, 0.0349]), array([0.53633095, 0.03226667]), 0.7854, 1.0]
[6, array([0.5377, 0.0349]), array([0.53648333, 0.03226667]), 0.7854, 1.0]
[6, array([0.5377, 0.0349]), array([0.53663571, 0.03226667]), 0.7854, 1.0]
[6, array([0.5377, 0.0349]), array([0.5367881 , 0.03226667]), 0.7854, 1.0]
[6, array([0.5377, 0.0349]), array([0.53694048, 0.03226667]), 0.7854, 1.0]
[6, array([0.5377, 0.0349]), array([0.53709286, 0.03226667]), 0.7854, 1.0]
[6, array([0.5377, 0.0349]), array([0.53724524, 0.03226667]), 0.7854, 1.0]
[6, array([0.5377, 0.0349]), array([0.53739762, 0.03226667]), 0.7854, 1.0]
[6, array([0.5377, 0.0349]), array([0.53755   , 0.03226667]), 0.7854, 1.0]
[6, array([0.5377, 0.0349]), array([0.53435   , 0.03241905]), 0.7854, 1.0]
[6, array([0.5377, 0.0349]), array([0.53450238, 0.03241905]), 0.7854, 1.0]
[6, array([0.5377, 0.0349]), array([0.53465476, 0.03241905]), 0.7854, 1.0]
[6, array([0.5377, 0.0349]), array([0.53480714, 0.03241905]), 0.7854, 1.0]
[6, array([0.5377, 0.0349]), array([0.53495952, 0.03241905]), 0.7854, 1.0]
[6, array([0.5377, 0.0349]), array([0.5351119 , 0.03241905]), 0.7854, 1.0]
[6, array([0.5377, 0.0349]), array([0.53526429, 0.03241905]), 0.7854, 1.0]
[6, array([0.5377, 0.0349]), array([0.53541667, 0.03241905]), 0.7854, 1.0]
[6, array([0.5377, 0.0349]), array([0.53556905, 0.03241905]), 0.7854, 1.0]
[6, array([0.5377, 0.0349]), array([0.53572143, 0.03241905]), 0.7854, 1.0]
[6, array([0.5377, 0.0349]), array([0.53587381, 0.03241905]), 0.7854, 1.0]
[6, array([0.5377, 0.0349]), array([0.53602619, 0.03241905]), 0.7854, 1.0]
[6, array([0.5377, 0.0349]), array([0.53617857, 0.03241905]), 0.7854, 1.0]
[6, array([0.5377, 0.0349]), array([0.53633095, 0.03241905]), 0.7854, 1.0]
[6, array([0.5377, 0.0349]), array([0.53648333, 0.03241905]), 0.7854, 1.0]
[6, array([0.5377, 0.0349]), array([0.53663571, 0.03241905]), 0.7854, 1.0]
[6, array([0.5377, 0.0349]), array([0.5367881 , 0.03241905]), 0.7854, 1.0]
[6, array([0.5377, 0.0349]), array([0.53694048, 0.03241905]), 0.7854, 1.0]
[6, array([0.5377, 0.0349]), array([0.53709286, 0.03241905]), 0.7854, 1.0]
[6, array([0.5377, 0.0349]), array([0.53724524, 0.03241905]), 0.7854, 1.0]
[6, array([0.5377, 0.0349]), array([0.53739762, 0.03241905]), 0.7854, 1.0]
[6, array([0.5377, 0.0349]), array([0.53755   , 0.03241905]), 0.7854, 1.0]
[6, array([0.5377, 0.0349]), array([0.53435   , 0.03257143]), 0.7854, 1.0]
[6, array([0.5377, 0.0349]), array([0.53450238, 0.03257143]), 0.7854, 1.0]
[6, array([0.5377, 0.0349]), array([0.53465476, 0.03257143]), 0.7854, 1.0]
[6, array([0.5377, 0.0349]), array([0.53480714, 0.03257143]), 0.7854, 1.0]
[6, array([0.5377, 0.0349]), array([0.53495952, 0.03257143]), 0.7854, 1.0]
[6, array([0.5377, 0.0349]), array([0.5351119 , 0.03257143]), 0.7854, 1.0]
[6, array([0.5377, 0.0349]), array([0.53526429, 0.03257143]), 0.7854, 1.0]
[6, array([0.5377, 0.0349]), array([0.53541667, 0.03257143]), 0.7854, 1.0]
[6, array([0.5377, 0.0349]), array([0.53556905, 0.03257143]), 0.7854, 1.0]
[6, array([0.5377, 0.0349]), array([0.53572143, 0.03257143]), 0.7854, 1.0]
[6, array([0.5377, 0.0349]), array([0.53587381, 0.03257143]), 0.7854, 1.0]
[6, array([0.5377, 0.0349]), array([0.53602619, 0.03257143]), 0.7854, 1.0]
[6, array([0.5377, 0.0349]), array([0.53617857, 0.03257143]), 0.7854, 1.0]
[6, array([0.5377, 0.0349]), array([0.53633095, 0.03257143]), 0.7854, 1.0]
[6, array([0.5377, 0.0349]), array([0.53648333, 0.03257143]), 0.7854, 1.0]
[6, array([0.5377, 0.0349]), array([0.53663571, 0.03257143]), 0.7854, 1.0]
[6, array([0.5377, 0.0349]), array([0.5367881 , 0.03257143]), 0.7854, 1.0]
[6, array([0.5377, 0.0349]), array([0.53694048, 0.03257143]), 0.7854, 1.0]
[6, array([0.5377, 0.0349]), array([0.53709286, 0.03257143]), 0.7854, 1.0]
[6, array([0.5377, 0.0349]), array([0.53724524, 0.03257143]), 0.7854, 1.0]
[6, array([0.5377, 0.0349]), array([0.53739762, 0.03257143]), 0.7854, 1.0]
[6, array([0.5377, 0.0349]), array([0.53755   , 0.03257143]), 0.7854, 1.0]
[6, array([0.5377, 0.0349]), array([0.53435   , 0.03272381]), 0.7854, 1.0]
[6, array([0.5377, 0.0349]), array([0.53450238, 0.03272381]), 0.7854, 1.0]
[6, array([0.5377, 0.0349]), array([0.53465476, 0.03272381]), 0.7854, 1.0]
[6, array([0.5377, 0.0349]), array([0.53480714, 0.03272381]), 0.7854, 1.0]
[6, array([0.5377, 0.0349]), array([0.53495952, 0.03272381]), 0.7854, 1.0]
[6, array([0.5377, 0.0349]), array([0.5351119 , 0.03272381]), 0.7854, 1.0]
[6, array([0.5377, 0.0349]), array([0.53526429, 0.03272381]), 0.7854, 1.0]
[6, array([0.5377, 0.0349]), array([0.53541667, 0.03272381]), 0.7854, 1.0]
[6, array([0.5377, 0.0349]), array([0.53556905, 0.03272381]), 0.7854, 1.0]
[6, array([0.5377, 0.0349]), array([0.53572143, 0.03272381]), 0.7854, 1.0]
[6, array([0.5377, 0.0349]), array([0.53587381, 0.03272381]), 0.7854, 1.0]
[6, array([0.5377, 0.0349]), array([0.53602619, 0.03272381]), 0.7854, 1.0]
[6, array([0.5377, 0.0349]), array([0.53617857, 0.03272381]), 0.7854, 1.0]
[6, array([0.5377, 0.0349]), array([0.53633095, 0.03272381]), 0.7854, 1.0]
[6, array([0.5377, 0.0349]), array([0.53648333, 0.03272381]), 0.7854, 1.0]
[6, array([0.5377, 0.0349]), array([0.53663571, 0.03272381]), 0.7854, 1.0]
[6, array([0.5377, 0.0349]), array([0.5367881 , 0.03272381]), 0.7854, 1.0]
[6, array([0.5377, 0.0349]), array([0.53694048, 0.03272381]), 0.7854, 1.0]
[6, array([0.5377, 0.0349]), array([0.53709286, 0.03272381]), 0.7854, 1.0]
[6, array([0.5377, 0.0349]), array([0.53724524, 0.03272381]), 0.7854, 1.0]
[6, array([0.5377, 0.0349]), array([0.53739762, 0.03272381]), 0.7854, 1.0]
[6, array([0.5377, 0.0349]), array([0.53755   , 0.03272381]), 0.7854, 1.0]
[6, array([0.5377, 0.0349]), array([0.53435   , 0.03287619]), 0.7854, 1.0]
[6, array([0.5377, 0.0349]), array([0.53450238, 0.03287619]), 0.7854, 1.0]
[6, array([0.5377, 0.0349]), array([0.53465476, 0.03287619]), 0.7854, 1.0]
[6, array([0.5377, 0.0349]), array([0.53480714, 0.03287619]), 0.7854, 1.0]
[6, array([0.5377, 0.0349]), array([0.53495952, 0.03287619]), 0.7854, 1.0]
[6, array([0.5377, 0.0349]), array([0.5351119 , 0.03287619]), 0.7854, 1.0]
[6, array([0.5377, 0.0349]), array([0.53526429, 0.03287619]), 0.7854, 1.0]
[6, array([0.5377, 0.0349]), array([0.53541667, 0.03287619]), 0.7854, 1.0]
[6, array([0.5377, 0.0349]), array([0.53556905, 0.03287619]), 0.7854, 1.0]
[6, array([0.5377, 0.0349]), array([0.53572143, 0.03287619]), 0.7854, 1.0]
[6, array([0.5377, 0.0349]), array([0.53587381, 0.03287619]), 0.7854, 1.0]
[6, array([0.5377, 0.0349]), array([0.53602619, 0.03287619]), 0.7854, 1.0]
[6, array([0.5377, 0.0349]), array([0.53617857, 0.03287619]), 0.7854, 1.0]
[6, array([0.5377, 0.0349]), array([0.53633095, 0.03287619]), 0.7854, 1.0]
[6, array([0.5377, 0.0349]), array([0.53648333, 0.03287619]), 0.7854, 1.0]
[6, array([0.5377, 0.0349]), array([0.53663571, 0.03287619]), 0.7854, 1.0]
[6, array([0.5377, 0.0349]), array([0.5367881 , 0.03287619]), 0.7854, 1.0]
[6, array([0.5377, 0.0349]), array([0.53694048, 0.03287619]), 0.7854, 1.0]
[6, array([0.5377, 0.0349]), array([0.53709286, 0.03287619]), 0.7854, 1.0]
[6, array([0.5377, 0.0349]), array([0.53724524, 0.03287619]), 0.7854, 1.0]
[6, array([0.5377, 0.0349]), array([0.53739762, 0.03287619]), 0.7854, 1.0]
[6, array([0.5377, 0.0349]), array([0.53755   , 0.03287619]), 0.7854, 1.0]
[6, array([0.5377, 0.0349]), array([0.53435   , 0.03302857]), 0.7854, 1.0]
[6, array([0.5377, 0.0349]), array([0.53450238, 0.03302857]), 0.7854, 1.0]
[6, array([0.5377, 0.0349]), array([0.53465476, 0.03302857]), 0.7854, 1.0]
[6, array([0.5377, 0.0349]), array([0.53480714, 0.03302857]), 0.7854, 1.0]
[6, array([0.5377, 0.0349]), array([0.53495952, 0.03302857]), 0.7854, 1.0]
[6, array([0.5377, 0.0349]), array([0.5351119 , 0.03302857]), 0.7854, 1.0]
[6, array([0.5377, 0.0349]), array([0.53526429, 0.03302857]), 0.7854, 1.0]
[6, array([0.5377, 0.0349]), array([0.53541667, 0.03302857]), 0.7854, 1.0]
[6, array([0.5377, 0.0349]), array([0.53556905, 0.03302857]), 0.7854, 1.0]
[6, array([0.5377, 0.0349]), array([0.53572143, 0.03302857]), 0.7854, 1.0]
[6, array([0.5377, 0.0349]), array([0.53587381, 0.03302857]), 0.7854, 1.0]
[6, array([0.5377, 0.0349]), array([0.53602619, 0.03302857]), 0.7854, 1.0]
[6, array([0.5377, 0.0349]), array([0.53617857, 0.03302857]), 0.7854, 1.0]
[6, array([0.5377, 0.0349]), array([0.53633095, 0.03302857]), 0.7854, 1.0]
[6, array([0.5377, 0.0349]), array([0.53648333, 0.03302857]), 0.7854, 1.0]
[6, array([0.5377, 0.0349]), array([0.53663571, 0.03302857]), 0.7854, 1.0]
[6, array([0.5377, 0.0349]), array([0.5367881 , 0.03302857]), 0.7854, 1.0]
[6, array([0.5377, 0.0349]), array([0.53694048, 0.03302857]), 0.7854, 1.0]
[6, array([0.5377, 0.0349]), array([0.53709286, 0.03302857]), 0.7854, 1.0]
[6, array([0.5377, 0.0349]), array([0.53724524, 0.03302857]), 0.7854, 1.0]
[6, array([0.5377, 0.0349]), array([0.53739762, 0.03302857]), 0.7854, 1.0]
[6, array([0.5377, 0.0349]), array([0.53755   , 0.03302857]), 0.7854, 1.0]
[6, array([0.5377, 0.0349]), array([0.53435   , 0.03318095]), 0.7854, 1.0]
[6, array([0.5377, 0.0349]), array([0.53450238, 0.03318095]), 0.7854, 1.0]
[6, array([0.5377, 0.0349]), array([0.53465476, 0.03318095]), 0.7854, 1.0]
[6, array([0.5377, 0.0349]), array([0.53480714, 0.03318095]), 0.7854, 1.0]
[6, array([0.5377, 0.0349]), array([0.53495952, 0.03318095]), 0.7854, 1.0]
[6, array([0.5377, 0.0349]), array([0.5351119 , 0.03318095]), 0.7854, 1.0]
[6, array([0.5377, 0.0349]), array([0.53526429, 0.03318095]), 0.7854, 1.0]
[6, array([0.5377, 0.0349]), array([0.53541667, 0.03318095]), 0.7854, 1.0]
[6, array([0.5377, 0.0349]), array([0.53556905, 0.03318095]), 0.7854, 1.0]
[6, array([0.5377, 0.0349]), array([0.53572143, 0.03318095]), 0.7854, 1.0]
[6, array([0.5377, 0.0349]), array([0.53587381, 0.03318095]), 0.7854, 1.0]
[6, array([0.5377, 0.0349]), array([0.53602619, 0.03318095]), 0.7854, 1.0]
[6, array([0.5377, 0.0349]), array([0.53617857, 0.03318095]), 0.7854, 1.0]
[6, array([0.5377, 0.0349]), array([0.53633095, 0.03318095]), 0.7854, 1.0]
[6, array([0.5377, 0.0349]), array([0.53648333, 0.03318095]), 0.7854, 1.0]
[6, array([0.5377, 0.0349]), array([0.53663571, 0.03318095]), 0.7854, 1.0]
[6, array([0.5377, 0.0349]), array([0.5367881 , 0.03318095]), 0.7854, 1.0]
[6, array([0.5377, 0.0349]), array([0.53694048, 0.03318095]), 0.7854, 1.0]
[6, array([0.5377, 0.0349]), array([0.53709286, 0.03318095]), 0.7854, 1.0]
[6, array([0.5377, 0.0349]), array([0.53724524, 0.03318095]), 0.7854, 1.0]
[6, array([0.5377, 0.0349]), array([0.53739762, 0.03318095]), 0.7854, 1.0]
[6, array([0.5377, 0.0349]), array([0.53755   , 0.03318095]), 0.7854, 1.0]
[6, array([0.5377, 0.0349]), array([0.53435   , 0.03333333]), 0.7854, 1.0]
[6, array([0.5377, 0.0349]), array([0.53450238, 0.03333333]), 0.7854, 1.0]
[6, array([0.5377, 0.0349]), array([0.53465476, 0.03333333]), 0.7854, 1.0]
[6, array([0.5377, 0.0349]), array([0.53480714, 0.03333333]), 0.7854, 1.0]
[6, array([0.5377, 0.0349]), array([0.53495952, 0.03333333]), 0.7854, 1.0]
[6, array([0.5377, 0.0349]), array([0.5351119 , 0.03333333]), 0.7854, 1.0]
[6, array([0.5377, 0.0349]), array([0.53526429, 0.03333333]), 0.7854, 1.0]
[6, array([0.5377, 0.0349]), array([0.53541667, 0.03333333]), 0.7854, 1.0]
[6, array([0.5377, 0.0349]), array([0.53556905, 0.03333333]), 0.7854, 1.0]
[6, array([0.5377, 0.0349]), array([0.53572143, 0.03333333]), 0.7854, 1.0]
[6, array([0.5377, 0.0349]), array([0.53587381, 0.03333333]), 0.7854, 1.0]
[6, array([0.5377, 0.0349]), array([0.53602619, 0.03333333]), 0.7854, 1.0]
[6, array([0.5377, 0.0349]), array([0.53617857, 0.03333333]), 0.7854, 1.0]
[6, array([0.5377, 0.0349]), array([0.53633095, 0.03333333]), 0.7854, 1.0]
[6, array([0.5377, 0.0349]), array([0.53648333, 0.03333333]), 0.7854, 1.0]
[6, array([0.5377, 0.0349]), array([0.53663571, 0.03333333]), 0.7854, 1.0]
[6, array([0.5377, 0.0349]), array([0.5367881 , 0.03333333]), 0.7854, 1.0]
[6, array([0.5377, 0.0349]), array([0.53694048, 0.03333333]), 0.7854, 1.0]
[6, array([0.5377, 0.0349]), array([0.53709286, 0.03333333]), 0.7854, 1.0]
[6, array([0.5377, 0.0349]), array([0.53724524, 0.03333333]), 0.7854, 1.0]
[6, array([0.5377, 0.0349]), array([0.53739762, 0.03333333]), 0.7854, 1.0]
[6, array([0.5377, 0.0349]), array([0.53755   , 0.03333333]), 0.7854, 1.0]
[6, array([0.5377, 0.0349]), array([0.53435   , 0.03348571]), 0.7854, 1.0]
[6, array([0.5377, 0.0349]), array([0.53450238, 0.03348571]), 0.7854, 1.0]
[6, array([0.5377, 0.0349]), array([0.53465476, 0.03348571]), 0.7854, 1.0]
[6, array([0.5377, 0.0349]), array([0.53480714, 0.03348571]), 0.7854, 1.0]
[6, array([0.5377, 0.0349]), array([0.53495952, 0.03348571]), 0.7854, 1.0]
[6, array([0.5377, 0.0349]), array([0.5351119 , 0.03348571]), 0.7854, 1.0]
[6, array([0.5377, 0.0349]), array([0.53526429, 0.03348571]), 0.7854, 1.0]
[6, array([0.5377, 0.0349]), array([0.53541667, 0.03348571]), 0.7854, 1.0]
[6, array([0.5377, 0.0349]), array([0.53556905, 0.03348571]), 0.7854, 1.0]
[6, array([0.5377, 0.0349]), array([0.53572143, 0.03348571]), 0.7854, 1.0]
[6, array([0.5377, 0.0349]), array([0.53587381, 0.03348571]), 0.7854, 1.0]
[6, array([0.5377, 0.0349]), array([0.53602619, 0.03348571]), 0.7854, 1.0]
[6, array([0.5377, 0.0349]), array([0.53617857, 0.03348571]), 0.7854, 1.0]
[6, array([0.5377, 0.0349]), array([0.53633095, 0.03348571]), 0.7854, 1.0]
[6, array([0.5377, 0.0349]), array([0.53648333, 0.03348571]), 0.7854, 1.0]
[6, array([0.5377, 0.0349]), array([0.53663571, 0.03348571]), 0.7854, 1.0]
[6, array([0.5377, 0.0349]), array([0.5367881 , 0.03348571]), 0.7854, 1.0]
[6, array([0.5377, 0.0349]), array([0.53694048, 0.03348571]), 0.7854, 1.0]
[6, array([0.5377, 0.0349]), array([0.53709286, 0.03348571]), 0.7854, 1.0]
[6, array([0.5377, 0.0349]), array([0.53724524, 0.03348571]), 0.7854, 1.0]
[6, array([0.5377, 0.0349]), array([0.53739762, 0.03348571]), 0.7854, 1.0]
[6, array([0.5377, 0.0349]), array([0.53755   , 0.03348571]), 0.7854, 1.0]
[6, array([0.5377, 0.0349]), array([0.53435  , 0.0336381]), 0.7854, 1.0]
[6, array([0.5377, 0.0349]), array([0.53450238, 0.0336381 ]), 0.7854, 1.0]
[6, array([0.5377, 0.0349]), array([0.53465476, 0.0336381 ]), 0.7854, 1.0]
[6, array([0.5377, 0.0349]), array([0.53480714, 0.0336381 ]), 0.7854, 1.0]
[6, array([0.5377, 0.0349]), array([0.53495952, 0.0336381 ]), 0.7854, 1.0]
[6, array([0.5377, 0.0349]), array([0.5351119, 0.0336381]), 0.7854, 1.0]
[6, array([0.5377, 0.0349]), array([0.53526429, 0.0336381 ]), 0.7854, 1.0]
[6, array([0.5377, 0.0349]), array([0.53541667, 0.0336381 ]), 0.7854, 1.0]
[6, array([0.5377, 0.0349]), array([0.53556905, 0.0336381 ]), 0.7854, 1.0]
[6, array([0.5377, 0.0349]), array([0.53572143, 0.0336381 ]), 0.7854, 1.0]
[6, array([0.5377, 0.0349]), array([0.53587381, 0.0336381 ]), 0.7854, 1.0]
[6, array([0.5377, 0.0349]), array([0.53602619, 0.0336381 ]), 0.7854, 1.0]
[6, array([0.5377, 0.0349]), array([0.53617857, 0.0336381 ]), 0.7854, 1.0]
[6, array([0.5377, 0.0349]), array([0.53633095, 0.0336381 ]), 0.7854, 1.0]
[6, array([0.5377, 0.0349]), array([0.53648333, 0.0336381 ]), 0.7854, 1.0]
[6, array([0.5377, 0.0349]), array([0.53663571, 0.0336381 ]), 0.7854, 1.0]
[6, array([0.5377, 0.0349]), array([0.5367881, 0.0336381]), 0.7854, 1.0]
[6, array([0.5377, 0.0349]), array([0.53694048, 0.0336381 ]), 0.7854, 1.0]
[6, array([0.5377, 0.0349]), array([0.53709286, 0.0336381 ]), 0.7854, 1.0]
[6, array([0.5377, 0.0349]), array([0.53724524, 0.0336381 ]), 0.7854, 1.0]
[6, array([0.5377, 0.0349]), array([0.53739762, 0.0336381 ]), 0.7854, 1.0]
[6, array([0.5377, 0.0349]), array([0.53755  , 0.0336381]), 0.7854, 1.0]
[6, array([0.5377, 0.0349]), array([0.53435   , 0.03379048]), 0.7854, 1.0]
[6, array([0.5377, 0.0349]), array([0.53450238, 0.03379048]), 0.7854, 1.0]
[6, array([0.5377, 0.0349]), array([0.53465476, 0.03379048]), 0.7854, 1.0]
[6, array([0.5377, 0.0349]), array([0.53480714, 0.03379048]), 0.7854, 1.0]
[6, array([0.5377, 0.0349]), array([0.53495952, 0.03379048]), 0.7854, 1.0]
[6, array([0.5377, 0.0349]), array([0.5351119 , 0.03379048]), 0.7854, 1.0]
[6, array([0.5377, 0.0349]), array([0.53526429, 0.03379048]), 0.7854, 1.0]
[6, array([0.5377, 0.0349]), array([0.53541667, 0.03379048]), 0.7854, 1.0]
[6, array([0.5377, 0.0349]), array([0.53556905, 0.03379048]), 0.7854, 1.0]
[6, array([0.5377, 0.0349]), array([0.53572143, 0.03379048]), 0.7854, 1.0]
[6, array([0.5377, 0.0349]), array([0.53587381, 0.03379048]), 0.7854, 1.0]
[6, array([0.5377, 0.0349]), array([0.53602619, 0.03379048]), 0.7854, 1.0]
[6, array([0.5377, 0.0349]), array([0.53617857, 0.03379048]), 0.7854, 1.0]
[6, array([0.5377, 0.0349]), array([0.53633095, 0.03379048]), 0.7854, 1.0]
[6, array([0.5377, 0.0349]), array([0.53648333, 0.03379048]), 0.7854, 1.0]
[6, array([0.5377, 0.0349]), array([0.53663571, 0.03379048]), 0.7854, 1.0]
[6, array([0.5377, 0.0349]), array([0.5367881 , 0.03379048]), 0.7854, 1.0]
[6, array([0.5377, 0.0349]), array([0.53694048, 0.03379048]), 0.7854, 1.0]
[6, array([0.5377, 0.0349]), array([0.53709286, 0.03379048]), 0.7854, 1.0]
[6, array([0.5377, 0.0349]), array([0.53724524, 0.03379048]), 0.7854, 1.0]
[6, array([0.5377, 0.0349]), array([0.53739762, 0.03379048]), 0.7854, 1.0]
[6, array([0.5377, 0.0349]), array([0.53755   , 0.03379048]), 0.7854, 1.0]
[6, array([0.5377, 0.0349]), array([0.53435   , 0.03394286]), 0.7854, 1.0]
[6, array([0.5377, 0.0349]), array([0.53450238, 0.03394286]), 0.7854, 1.0]
[6, array([0.5377, 0.0349]), array([0.53465476, 0.03394286]), 0.7854, 1.0]
[6, array([0.5377, 0.0349]), array([0.53480714, 0.03394286]), 0.7854, 1.0]
[6, array([0.5377, 0.0349]), array([0.53495952, 0.03394286]), 0.7854, 1.0]
[6, array([0.5377, 0.0349]), array([0.5351119 , 0.03394286]), 0.7854, 1.0]
[6, array([0.5377, 0.0349]), array([0.53526429, 0.03394286]), 0.7854, 1.0]
[6, array([0.5377, 0.0349]), array([0.53541667, 0.03394286]), 0.7854, 1.0]
[6, array([0.5377, 0.0349]), array([0.53556905, 0.03394286]), 0.7854, 1.0]
[6, array([0.5377, 0.0349]), array([0.53572143, 0.03394286]), 0.7854, 1.0]
[6, array([0.5377, 0.0349]), array([0.53587381, 0.03394286]), 0.7854, 1.0]
[6, array([0.5377, 0.0349]), array([0.53602619, 0.03394286]), 0.7854, 1.0]
[6, array([0.5377, 0.0349]), array([0.53617857, 0.03394286]), 0.7854, 1.0]
[6, array([0.5377, 0.0349]), array([0.53633095, 0.03394286]), 0.7854, 1.0]
[6, array([0.5377, 0.0349]), array([0.53648333, 0.03394286]), 0.7854, 1.0]
[6, array([0.5377, 0.0349]), array([0.53663571, 0.03394286]), 0.7854, 1.0]
[6, array([0.5377, 0.0349]), array([0.5367881 , 0.03394286]), 0.7854, 1.0]
[6, array([0.5377, 0.0349]), array([0.53694048, 0.03394286]), 0.7854, 1.0]
[6, array([0.5377, 0.0349]), array([0.53709286, 0.03394286]), 0.7854, 1.0]
[6, array([0.5377, 0.0349]), array([0.53724524, 0.03394286]), 0.7854, 1.0]
[6, array([0.5377, 0.0349]), array([0.53739762, 0.03394286]), 0.7854, 1.0]
[6, array([0.5377, 0.0349]), array([0.53755   , 0.03394286]), 0.7854, 1.0]
[6, array([0.5377, 0.0349]), array([0.53435   , 0.03409524]), 0.7854, 1.0]
[6, array([0.5377, 0.0349]), array([0.53450238, 0.03409524]), 0.7854, 1.0]
[6, array([0.5377, 0.0349]), array([0.53465476, 0.03409524]), 0.7854, 1.0]
[6, array([0.5377, 0.0349]), array([0.53480714, 0.03409524]), 0.7854, 1.0]
[6, array([0.5377, 0.0349]), array([0.53495952, 0.03409524]), 0.7854, 1.0]
[6, array([0.5377, 0.0349]), array([0.5351119 , 0.03409524]), 0.7854, 1.0]
[6, array([0.5377, 0.0349]), array([0.53526429, 0.03409524]), 0.7854, 1.0]
[6, array([0.5377, 0.0349]), array([0.53541667, 0.03409524]), 0.7854, 1.0]
[6, array([0.5377, 0.0349]), array([0.53556905, 0.03409524]), 0.7854, 1.0]
[6, array([0.5377, 0.0349]), array([0.53572143, 0.03409524]), 0.7854, 1.0]
[6, array([0.5377, 0.0349]), array([0.53587381, 0.03409524]), 0.7854, 1.0]
[6, array([0.5377, 0.0349]), array([0.53602619, 0.03409524]), 0.7854, 1.0]
[6, array([0.5377, 0.0349]), array([0.53617857, 0.03409524]), 0.7854, 1.0]
[6, array([0.5377, 0.0349]), array([0.53633095, 0.03409524]), 0.7854, 1.0]
[6, array([0.5377, 0.0349]), array([0.53648333, 0.03409524]), 0.7854, 1.0]
[6, array([0.5377, 0.0349]), array([0.53663571, 0.03409524]), 0.7854, 1.0]
[6, array([0.5377, 0.0349]), array([0.5367881 , 0.03409524]), 0.7854, 1.0]
[6, array([0.5377, 0.0349]), array([0.53694048, 0.03409524]), 0.7854, 1.0]
[6, array([0.5377, 0.0349]), array([0.53709286, 0.03409524]), 0.7854, 1.0]
[6, array([0.5377, 0.0349]), array([0.53724524, 0.03409524]), 0.7854, 1.0]
[6, array([0.5377, 0.0349]), array([0.53739762, 0.03409524]), 0.7854, 1.0]
[6, array([0.5377, 0.0349]), array([0.53755   , 0.03409524]), 0.7854, 1.0]
[6, array([0.5377, 0.0349]), array([0.53435   , 0.03424762]), 0.7854, 1.0]
[6, array([0.5377, 0.0349]), array([0.53450238, 0.03424762]), 0.7854, 1.0]
[6, array([0.5377, 0.0349]), array([0.53465476, 0.03424762]), 0.7854, 1.0]
[6, array([0.5377, 0.0349]), array([0.53480714, 0.03424762]), 0.7854, 1.0]
[6, array([0.5377, 0.0349]), array([0.53495952, 0.03424762]), 0.7854, 1.0]
[6, array([0.5377, 0.0349]), array([0.5351119 , 0.03424762]), 0.7854, 1.0]
[6, array([0.5377, 0.0349]), array([0.53526429, 0.03424762]), 0.7854, 1.0]
[6, array([0.5377, 0.0349]), array([0.53541667, 0.03424762]), 0.7854, 1.0]
[6, array([0.5377, 0.0349]), array([0.53556905, 0.03424762]), 0.7854, 1.0]
[6, array([0.5377, 0.0349]), array([0.53572143, 0.03424762]), 0.7854, 1.0]
[6, array([0.5377, 0.0349]), array([0.53587381, 0.03424762]), 0.7854, 1.0]
[6, array([0.5377, 0.0349]), array([0.53602619, 0.03424762]), 0.7854, 1.0]
[6, array([0.5377, 0.0349]), array([0.53617857, 0.03424762]), 0.7854, 1.0]
[6, array([0.5377, 0.0349]), array([0.53633095, 0.03424762]), 0.7854, 1.0]
[6, array([0.5377, 0.0349]), array([0.53648333, 0.03424762]), 0.7854, 1.0]
[6, array([0.5377, 0.0349]), array([0.53663571, 0.03424762]), 0.7854, 1.0]
[6, array([0.5377, 0.0349]), array([0.5367881 , 0.03424762]), 0.7854, 1.0]
[6, array([0.5377, 0.0349]), array([0.53694048, 0.03424762]), 0.7854, 1.0]
[6, array([0.5377, 0.0349]), array([0.53709286, 0.03424762]), 0.7854, 1.0]
[6, array([0.5377, 0.0349]), array([0.53724524, 0.03424762]), 0.7854, 1.0]
[6, array([0.5377, 0.0349]), array([0.53739762, 0.03424762]), 0.7854, 1.0]
[6, array([0.5377, 0.0349]), array([0.53755   , 0.03424762]), 0.7854, 1.0]
[6, array([0.5377, 0.0349]), array([0.53435, 0.0344 ]), 0.7854, 1.0]
[6, array([0.5377, 0.0349]), array([0.53450238, 0.0344    ]), 0.7854, 1.0]
[6, array([0.5377, 0.0349]), array([0.53465476, 0.0344    ]), 0.7854, 1.0]
[6, array([0.5377, 0.0349]), array([0.53480714, 0.0344    ]), 0.7854, 1.0]
[6, array([0.5377, 0.0349]), array([0.53495952, 0.0344    ]), 0.7854, 1.0]
[6, array([0.5377, 0.0349]), array([0.5351119, 0.0344   ]), 0.7854, 1.0]
[6, array([0.5377, 0.0349]), array([0.53526429, 0.0344    ]), 0.7854, 1.0]
[6, array([0.5377, 0.0349]), array([0.53541667, 0.0344    ]), 0.7854, 1.0]
[6, array([0.5377, 0.0349]), array([0.53556905, 0.0344    ]), 0.7854, 1.0]
[6, array([0.5377, 0.0349]), array([0.53572143, 0.0344    ]), 0.7854, 1.0]
[6, array([0.5377, 0.0349]), array([0.53587381, 0.0344    ]), 0.7854, 1.0]
[6, array([0.5377, 0.0349]), array([0.53602619, 0.0344    ]), 0.7854, 1.0]
[6, array([0.5377, 0.0349]), array([0.53617857, 0.0344    ]), 0.7854, 1.0]
[6, array([0.5377, 0.0349]), array([0.53633095, 0.0344    ]), 0.7854, 1.0]
[6, array([0.5377, 0.0349]), array([0.53648333, 0.0344    ]), 0.7854, 1.0]
[6, array([0.5377, 0.0349]), array([0.53663571, 0.0344    ]), 0.7854, 1.0]
[6, array([0.5377, 0.0349]), array([0.5367881, 0.0344   ]), 0.7854, 1.0]
[6, array([0.5377, 0.0349]), array([0.53694048, 0.0344    ]), 0.7854, 1.0]
[6, array([0.5377, 0.0349]), array([0.53709286, 0.0344    ]), 0.7854, 1.0]
[6, array([0.5377, 0.0349]), array([0.53724524, 0.0344    ]), 0.7854, 1.0]
[6, array([0.5377, 0.0349]), array([0.53739762, 0.0344    ]), 0.7854, 1.0]
[6, array([0.5377, 0.0349]), array([0.53755, 0.0344 ]), 0.7854, 1.0]
[6, array([0.5172, 0.0058]), array([0.5125, 0.    ]), 0.7854, 0.0]
[6, array([0.5172, 0.0058]), array([0.51264762, 0.        ]), 0.7854, 0.0]
[6, array([0.5172, 0.0058]), array([0.51279524, 0.        ]), 0.7854, 0.0]
[6, array([0.5172, 0.0058]), array([0.51294286, 0.        ]), 0.7854, 0.0]
[6, array([0.5172, 0.0058]), array([0.51309048, 0.        ]), 0.7854, 0.0]
[6, array([0.5172, 0.0058]), array([0.5132381, 0.       ]), 0.7854, 0.0]
[6, array([0.5172, 0.0058]), array([0.51338571, 0.        ]), 0.7854, 0.0]
[6, array([0.5172, 0.0058]), array([0.51353333, 0.        ]), 0.7854, 0.0]
[6, array([0.5172, 0.0058]), array([0.51368095, 0.        ]), 0.7854, 0.0]
[6, array([0.5172, 0.0058]), array([0.51382857, 0.        ]), 0.7854, 0.0]
[6, array([0.5172, 0.0058]), array([0.51397619, 0.        ]), 0.7854, 0.0]
[6, array([0.5172, 0.0058]), array([0.51412381, 0.        ]), 0.7854, 0.0]
[6, array([0.5172, 0.0058]), array([0.51427143, 0.        ]), 0.7854, 0.0]
[6, array([0.5172, 0.0058]), array([0.51441905, 0.        ]), 0.7854, 0.0]
[6, array([0.5172, 0.0058]), array([0.51456667, 0.        ]), 0.7854, 0.0]
[6, array([0.5172, 0.0058]), array([0.51471429, 0.        ]), 0.7854, 0.0]
[6, array([0.5172, 0.0058]), array([0.5148619, 0.       ]), 0.7854, 0.0]
[6, array([0.5172, 0.0058]), array([0.51500952, 0.        ]), 0.7854, 0.0]
[6, array([0.5172, 0.0058]), array([0.51515714, 0.        ]), 0.7854, 0.0]
[6, array([0.5172, 0.0058]), array([0.51530476, 0.        ]), 0.7854, 0.0]
[6, array([0.5172, 0.0058]), array([0.51545238, 0.        ]), 0.7854, 0.0]
[6, array([0.5172, 0.0058]), array([0.5156, 0.    ]), 0.7854, 0.0]
[6, array([0.5172, 0.0058]), array([5.12500000e-01, 1.47619048e-04]), 0.7854, 0.0]
[6, array([0.5172, 0.0058]), array([5.12647619e-01, 1.47619048e-04]), 0.7854, 0.0]
[6, array([0.5172, 0.0058]), array([5.12795238e-01, 1.47619048e-04]), 0.7854, 0.0]
[6, array([0.5172, 0.0058]), array([5.12942857e-01, 1.47619048e-04]), 0.7854, 0.0]
[6, array([0.5172, 0.0058]), array([5.13090476e-01, 1.47619048e-04]), 0.7854, 0.0]
[6, array([0.5172, 0.0058]), array([5.13238095e-01, 1.47619048e-04]), 0.7854, 0.0]
[6, array([0.5172, 0.0058]), array([5.13385714e-01, 1.47619048e-04]), 0.7854, 0.0]
[6, array([0.5172, 0.0058]), array([5.13533333e-01, 1.47619048e-04]), 0.7854, 0.0]
[6, array([0.5172, 0.0058]), array([5.13680952e-01, 1.47619048e-04]), 0.7854, 0.0]
[6, array([0.5172, 0.0058]), array([5.13828571e-01, 1.47619048e-04]), 0.7854, 0.0]
[6, array([0.5172, 0.0058]), array([5.13976190e-01, 1.47619048e-04]), 0.7854, 0.0]
[6, array([0.5172, 0.0058]), array([5.14123810e-01, 1.47619048e-04]), 0.7854, 0.0]
[6, array([0.5172, 0.0058]), array([5.14271429e-01, 1.47619048e-04]), 0.7854, 0.0]
[6, array([0.5172, 0.0058]), array([5.14419048e-01, 1.47619048e-04]), 0.7854, 0.0]
[6, array([0.5172, 0.0058]), array([5.14566667e-01, 1.47619048e-04]), 0.7854, 0.0]
[6, array([0.5172, 0.0058]), array([5.14714286e-01, 1.47619048e-04]), 0.7854, 0.0]
[6, array([0.5172, 0.0058]), array([5.14861905e-01, 1.47619048e-04]), 0.7854, 0.0]
[6, array([0.5172, 0.0058]), array([5.15009524e-01, 1.47619048e-04]), 0.7854, 0.0]
[6, array([0.5172, 0.0058]), array([5.15157143e-01, 1.47619048e-04]), 0.7854, 0.0]
[6, array([0.5172, 0.0058]), array([5.15304762e-01, 1.47619048e-04]), 0.7854, 0.0]
[6, array([0.5172, 0.0058]), array([5.15452381e-01, 1.47619048e-04]), 0.7854, 0.0]
[6, array([0.5172, 0.0058]), array([5.15600000e-01, 1.47619048e-04]), 0.7854, 0.0]
[6, array([0.5172, 0.0058]), array([5.12500000e-01, 2.95238095e-04]), 0.7854, 0.0]
[6, array([0.5172, 0.0058]), array([5.12647619e-01, 2.95238095e-04]), 0.7854, 0.0]
[6, array([0.5172, 0.0058]), array([5.12795238e-01, 2.95238095e-04]), 0.7854, 0.0]
[6, array([0.5172, 0.0058]), array([5.12942857e-01, 2.95238095e-04]), 0.7854, 0.0]
[6, array([0.5172, 0.0058]), array([5.13090476e-01, 2.95238095e-04]), 0.7854, 0.0]
[6, array([0.5172, 0.0058]), array([5.13238095e-01, 2.95238095e-04]), 0.7854, 0.0]
[6, array([0.5172, 0.0058]), array([5.13385714e-01, 2.95238095e-04]), 0.7854, 0.0]
[6, array([0.5172, 0.0058]), array([5.13533333e-01, 2.95238095e-04]), 0.7854, 0.0]
[6, array([0.5172, 0.0058]), array([5.13680952e-01, 2.95238095e-04]), 0.7854, 0.0]
[6, array([0.5172, 0.0058]), array([5.13828571e-01, 2.95238095e-04]), 0.7854, 0.0]
[6, array([0.5172, 0.0058]), array([5.13976190e-01, 2.95238095e-04]), 0.7854, 0.0]
[6, array([0.5172, 0.0058]), array([5.14123810e-01, 2.95238095e-04]), 0.7854, 0.0]
[6, array([0.5172, 0.0058]), array([5.14271429e-01, 2.95238095e-04]), 0.7854, 0.0]
[6, array([0.5172, 0.0058]), array([5.14419048e-01, 2.95238095e-04]), 0.7854, 0.0]
[6, array([0.5172, 0.0058]), array([5.14566667e-01, 2.95238095e-04]), 0.7854, 0.0]
[6, array([0.5172, 0.0058]), array([5.14714286e-01, 2.95238095e-04]), 0.7854, 0.0]
[6, array([0.5172, 0.0058]), array([5.14861905e-01, 2.95238095e-04]), 0.7854, 0.0]
[6, array([0.5172, 0.0058]), array([5.15009524e-01, 2.95238095e-04]), 0.7854, 0.0]
[6, array([0.5172, 0.0058]), array([5.15157143e-01, 2.95238095e-04]), 0.7854, 0.0]
[6, array([0.5172, 0.0058]), array([5.15304762e-01, 2.95238095e-04]), 0.7854, 0.0]
[6, array([0.5172, 0.0058]), array([5.15452381e-01, 2.95238095e-04]), 0.7854, 0.0]
[6, array([0.5172, 0.0058]), array([5.15600000e-01, 2.95238095e-04]), 0.7854, 0.0]
[6, array([0.5172, 0.0058]), array([5.12500000e-01, 4.42857143e-04]), 0.7854, 0.0]
[6, array([0.5172, 0.0058]), array([5.12647619e-01, 4.42857143e-04]), 0.7854, 0.0]
[6, array([0.5172, 0.0058]), array([5.12795238e-01, 4.42857143e-04]), 0.7854, 0.0]
[6, array([0.5172, 0.0058]), array([5.12942857e-01, 4.42857143e-04]), 0.7854, 0.0]
[6, array([0.5172, 0.0058]), array([5.13090476e-01, 4.42857143e-04]), 0.7854, 0.0]
[6, array([0.5172, 0.0058]), array([5.13238095e-01, 4.42857143e-04]), 0.7854, 0.0]
[6, array([0.5172, 0.0058]), array([5.13385714e-01, 4.42857143e-04]), 0.7854, 0.0]
[6, array([0.5172, 0.0058]), array([5.13533333e-01, 4.42857143e-04]), 0.7854, 0.0]
[6, array([0.5172, 0.0058]), array([5.13680952e-01, 4.42857143e-04]), 0.7854, 0.0]
[6, array([0.5172, 0.0058]), array([5.13828571e-01, 4.42857143e-04]), 0.7854, 0.0]
[6, array([0.5172, 0.0058]), array([5.13976190e-01, 4.42857143e-04]), 0.7854, 0.0]
[6, array([0.5172, 0.0058]), array([5.14123810e-01, 4.42857143e-04]), 0.7854, 0.0]
[6, array([0.5172, 0.0058]), array([5.14271429e-01, 4.42857143e-04]), 0.7854, 0.0]
[6, array([0.5172, 0.0058]), array([5.14419048e-01, 4.42857143e-04]), 0.7854, 0.0]
[6, array([0.5172, 0.0058]), array([5.14566667e-01, 4.42857143e-04]), 0.7854, 0.0]
[6, array([0.5172, 0.0058]), array([5.14714286e-01, 4.42857143e-04]), 0.7854, 0.0]
[6, array([0.5172, 0.0058]), array([5.14861905e-01, 4.42857143e-04]), 0.7854, 0.0]
[6, array([0.5172, 0.0058]), array([5.15009524e-01, 4.42857143e-04]), 0.7854, 0.0]
[6, array([0.5172, 0.0058]), array([5.15157143e-01, 4.42857143e-04]), 0.7854, 0.0]
[6, array([0.5172, 0.0058]), array([5.15304762e-01, 4.42857143e-04]), 0.7854, 0.0]
[6, array([0.5172, 0.0058]), array([5.15452381e-01, 4.42857143e-04]), 0.7854, 0.0]
[6, array([0.5172, 0.0058]), array([5.15600000e-01, 4.42857143e-04]), 0.7854, 0.0]
[6, array([0.5172, 0.0058]), array([0.5125    , 0.00059048]), 0.7854, 0.0]
[6, array([0.5172, 0.0058]), array([0.51264762, 0.00059048]), 0.7854, 0.0]
[6, array([0.5172, 0.0058]), array([0.51279524, 0.00059048]), 0.7854, 0.0]
[6, array([0.5172, 0.0058]), array([0.51294286, 0.00059048]), 0.7854, 0.0]
[6, array([0.5172, 0.0058]), array([0.51309048, 0.00059048]), 0.7854, 0.0]
[6, array([0.5172, 0.0058]), array([0.5132381 , 0.00059048]), 0.7854, 0.0]
[6, array([0.5172, 0.0058]), array([0.51338571, 0.00059048]), 0.7854, 0.0]
[6, array([0.5172, 0.0058]), array([0.51353333, 0.00059048]), 0.7854, 0.0]
[6, array([0.5172, 0.0058]), array([0.51368095, 0.00059048]), 0.7854, 0.0]
[6, array([0.5172, 0.0058]), array([0.51382857, 0.00059048]), 0.7854, 0.0]
[6, array([0.5172, 0.0058]), array([0.51397619, 0.00059048]), 0.7854, 0.0]
[6, array([0.5172, 0.0058]), array([0.51412381, 0.00059048]), 0.7854, 0.0]
[6, array([0.5172, 0.0058]), array([0.51427143, 0.00059048]), 0.7854, 0.0]
[6, array([0.5172, 0.0058]), array([0.51441905, 0.00059048]), 0.7854, 0.0]
[6, array([0.5172, 0.0058]), array([0.51456667, 0.00059048]), 0.7854, 0.0]
[6, array([0.5172, 0.0058]), array([0.51471429, 0.00059048]), 0.7854, 0.0]
[6, array([0.5172, 0.0058]), array([0.5148619 , 0.00059048]), 0.7854, 0.0]
[6, array([0.5172, 0.0058]), array([0.51500952, 0.00059048]), 0.7854, 0.0]
[6, array([0.5172, 0.0058]), array([0.51515714, 0.00059048]), 0.7854, 0.0]
[6, array([0.5172, 0.0058]), array([0.51530476, 0.00059048]), 0.7854, 0.0]
[6, array([0.5172, 0.0058]), array([0.51545238, 0.00059048]), 0.7854, 0.0]
[6, array([0.5172, 0.0058]), array([0.5156    , 0.00059048]), 0.7854, 0.0]
[6, array([0.5172, 0.0058]), array([0.5125   , 0.0007381]), 0.7854, 0.0]
[6, array([0.5172, 0.0058]), array([0.51264762, 0.0007381 ]), 0.7854, 0.0]
[6, array([0.5172, 0.0058]), array([0.51279524, 0.0007381 ]), 0.7854, 0.0]
[6, array([0.5172, 0.0058]), array([0.51294286, 0.0007381 ]), 0.7854, 0.0]
[6, array([0.5172, 0.0058]), array([0.51309048, 0.0007381 ]), 0.7854, 0.0]
[6, array([0.5172, 0.0058]), array([0.5132381, 0.0007381]), 0.7854, 0.0]
[6, array([0.5172, 0.0058]), array([0.51338571, 0.0007381 ]), 0.7854, 0.0]
[6, array([0.5172, 0.0058]), array([0.51353333, 0.0007381 ]), 0.7854, 0.0]
[6, array([0.5172, 0.0058]), array([0.51368095, 0.0007381 ]), 0.7854, 0.0]
[6, array([0.5172, 0.0058]), array([0.51382857, 0.0007381 ]), 0.7854, 0.0]
[6, array([0.5172, 0.0058]), array([0.51397619, 0.0007381 ]), 0.7854, 0.0]
[6, array([0.5172, 0.0058]), array([0.51412381, 0.0007381 ]), 0.7854, 0.0]
[6, array([0.5172, 0.0058]), array([0.51427143, 0.0007381 ]), 0.7854, 0.0]
[6, array([0.5172, 0.0058]), array([0.51441905, 0.0007381 ]), 0.7854, 0.0]
[6, array([0.5172, 0.0058]), array([0.51456667, 0.0007381 ]), 0.7854, 0.0]
[6, array([0.5172, 0.0058]), array([0.51471429, 0.0007381 ]), 0.7854, 0.0]
[6, array([0.5172, 0.0058]), array([0.5148619, 0.0007381]), 0.7854, 0.0]
[6, array([0.5172, 0.0058]), array([0.51500952, 0.0007381 ]), 0.7854, 0.0]
[6, array([0.5172, 0.0058]), array([0.51515714, 0.0007381 ]), 0.7854, 0.0]
[6, array([0.5172, 0.0058]), array([0.51530476, 0.0007381 ]), 0.7854, 0.0]
[6, array([0.5172, 0.0058]), array([0.51545238, 0.0007381 ]), 0.7854, 0.0]
[6, array([0.5172, 0.0058]), array([0.5156   , 0.0007381]), 0.7854, 0.0]
[6, array([0.5172, 0.0058]), array([0.5125    , 0.00088571]), 0.7854, 0.0]
[6, array([0.5172, 0.0058]), array([0.51264762, 0.00088571]), 0.7854, 0.0]
[6, array([0.5172, 0.0058]), array([0.51279524, 0.00088571]), 0.7854, 0.0]
[6, array([0.5172, 0.0058]), array([0.51294286, 0.00088571]), 0.7854, 0.0]
[6, array([0.5172, 0.0058]), array([0.51309048, 0.00088571]), 0.7854, 0.0]
[6, array([0.5172, 0.0058]), array([0.5132381 , 0.00088571]), 0.7854, 0.0]
[6, array([0.5172, 0.0058]), array([0.51338571, 0.00088571]), 0.7854, 0.0]
[6, array([0.5172, 0.0058]), array([0.51353333, 0.00088571]), 0.7854, 0.0]
[6, array([0.5172, 0.0058]), array([0.51368095, 0.00088571]), 0.7854, 0.0]
[6, array([0.5172, 0.0058]), array([0.51382857, 0.00088571]), 0.7854, 0.0]
[6, array([0.5172, 0.0058]), array([0.51397619, 0.00088571]), 0.7854, 0.0]
[6, array([0.5172, 0.0058]), array([0.51412381, 0.00088571]), 0.7854, 0.0]
[6, array([0.5172, 0.0058]), array([0.51427143, 0.00088571]), 0.7854, 0.0]
[6, array([0.5172, 0.0058]), array([0.51441905, 0.00088571]), 0.7854, 0.0]
[6, array([0.5172, 0.0058]), array([0.51456667, 0.00088571]), 0.7854, 0.0]
[6, array([0.5172, 0.0058]), array([0.51471429, 0.00088571]), 0.7854, 0.0]
[6, array([0.5172, 0.0058]), array([0.5148619 , 0.00088571]), 0.7854, 0.0]
[6, array([0.5172, 0.0058]), array([0.51500952, 0.00088571]), 0.7854, 0.0]
[6, array([0.5172, 0.0058]), array([0.51515714, 0.00088571]), 0.7854, 0.0]
[6, array([0.5172, 0.0058]), array([0.51530476, 0.00088571]), 0.7854, 0.0]
[6, array([0.5172, 0.0058]), array([0.51545238, 0.00088571]), 0.7854, 0.0]
[6, array([0.5172, 0.0058]), array([0.5156    , 0.00088571]), 0.7854, 0.0]
[6, array([0.5172, 0.0058]), array([0.5125    , 0.00103333]), 0.7854, 0.0]
[6, array([0.5172, 0.0058]), array([0.51264762, 0.00103333]), 0.7854, 0.0]
[6, array([0.5172, 0.0058]), array([0.51279524, 0.00103333]), 0.7854, 0.0]
[6, array([0.5172, 0.0058]), array([0.51294286, 0.00103333]), 0.7854, 0.0]
[6, array([0.5172, 0.0058]), array([0.51309048, 0.00103333]), 0.7854, 0.0]
[6, array([0.5172, 0.0058]), array([0.5132381 , 0.00103333]), 0.7854, 0.0]
[6, array([0.5172, 0.0058]), array([0.51338571, 0.00103333]), 0.7854, 0.0]
[6, array([0.5172, 0.0058]), array([0.51353333, 0.00103333]), 0.7854, 0.0]
[6, array([0.5172, 0.0058]), array([0.51368095, 0.00103333]), 0.7854, 0.0]
[6, array([0.5172, 0.0058]), array([0.51382857, 0.00103333]), 0.7854, 0.0]
[6, array([0.5172, 0.0058]), array([0.51397619, 0.00103333]), 0.7854, 0.0]
[6, array([0.5172, 0.0058]), array([0.51412381, 0.00103333]), 0.7854, 0.0]
[6, array([0.5172, 0.0058]), array([0.51427143, 0.00103333]), 0.7854, 0.0]
[6, array([0.5172, 0.0058]), array([0.51441905, 0.00103333]), 0.7854, 0.0]
[6, array([0.5172, 0.0058]), array([0.51456667, 0.00103333]), 0.7854, 0.0]
[6, array([0.5172, 0.0058]), array([0.51471429, 0.00103333]), 0.7854, 0.0]
[6, array([0.5172, 0.0058]), array([0.5148619 , 0.00103333]), 0.7854, 0.0]
[6, array([0.5172, 0.0058]), array([0.51500952, 0.00103333]), 0.7854, 0.0]
[6, array([0.5172, 0.0058]), array([0.51515714, 0.00103333]), 0.7854, 0.0]
[6, array([0.5172, 0.0058]), array([0.51530476, 0.00103333]), 0.7854, 0.0]
[6, array([0.5172, 0.0058]), array([0.51545238, 0.00103333]), 0.7854, 0.0]
[6, array([0.5172, 0.0058]), array([0.5156    , 0.00103333]), 0.7854, 0.0]
[6, array([0.5172, 0.0058]), array([0.5125    , 0.00118095]), 0.7854, 0.0]
[6, array([0.5172, 0.0058]), array([0.51264762, 0.00118095]), 0.7854, 0.0]
[6, array([0.5172, 0.0058]), array([0.51279524, 0.00118095]), 0.7854, 0.0]
[6, array([0.5172, 0.0058]), array([0.51294286, 0.00118095]), 0.7854, 0.0]
[6, array([0.5172, 0.0058]), array([0.51309048, 0.00118095]), 0.7854, 0.0]
[6, array([0.5172, 0.0058]), array([0.5132381 , 0.00118095]), 0.7854, 0.0]
[6, array([0.5172, 0.0058]), array([0.51338571, 0.00118095]), 0.7854, 0.0]
[6, array([0.5172, 0.0058]), array([0.51353333, 0.00118095]), 0.7854, 0.0]
[6, array([0.5172, 0.0058]), array([0.51368095, 0.00118095]), 0.7854, 0.0]
[6, array([0.5172, 0.0058]), array([0.51382857, 0.00118095]), 0.7854, 0.0]
[6, array([0.5172, 0.0058]), array([0.51397619, 0.00118095]), 0.7854, 0.0]
[6, array([0.5172, 0.0058]), array([0.51412381, 0.00118095]), 0.7854, 0.0]
[6, array([0.5172, 0.0058]), array([0.51427143, 0.00118095]), 0.7854, 0.0]
[6, array([0.5172, 0.0058]), array([0.51441905, 0.00118095]), 0.7854, 0.0]
[6, array([0.5172, 0.0058]), array([0.51456667, 0.00118095]), 0.7854, 0.0]
[6, array([0.5172, 0.0058]), array([0.51471429, 0.00118095]), 0.7854, 0.0]
[6, array([0.5172, 0.0058]), array([0.5148619 , 0.00118095]), 0.7854, 0.0]
[6, array([0.5172, 0.0058]), array([0.51500952, 0.00118095]), 0.7854, 0.0]
[6, array([0.5172, 0.0058]), array([0.51515714, 0.00118095]), 0.7854, 0.0]
[6, array([0.5172, 0.0058]), array([0.51530476, 0.00118095]), 0.7854, 0.0]
[6, array([0.5172, 0.0058]), array([0.51545238, 0.00118095]), 0.7854, 0.0]
[6, array([0.5172, 0.0058]), array([0.5156    , 0.00118095]), 0.7854, 0.0]
[6, array([0.5172, 0.0058]), array([0.5125    , 0.00132857]), 0.7854, 0.0]
[6, array([0.5172, 0.0058]), array([0.51264762, 0.00132857]), 0.7854, 0.0]
[6, array([0.5172, 0.0058]), array([0.51279524, 0.00132857]), 0.7854, 0.0]
[6, array([0.5172, 0.0058]), array([0.51294286, 0.00132857]), 0.7854, 0.0]
[6, array([0.5172, 0.0058]), array([0.51309048, 0.00132857]), 0.7854, 0.0]
[6, array([0.5172, 0.0058]), array([0.5132381 , 0.00132857]), 0.7854, 0.0]
[6, array([0.5172, 0.0058]), array([0.51338571, 0.00132857]), 0.7854, 0.0]
[6, array([0.5172, 0.0058]), array([0.51353333, 0.00132857]), 0.7854, 0.0]
[6, array([0.5172, 0.0058]), array([0.51368095, 0.00132857]), 0.7854, 0.0]
[6, array([0.5172, 0.0058]), array([0.51382857, 0.00132857]), 0.7854, 0.0]
[6, array([0.5172, 0.0058]), array([0.51397619, 0.00132857]), 0.7854, 0.0]
[6, array([0.5172, 0.0058]), array([0.51412381, 0.00132857]), 0.7854, 0.0]
[6, array([0.5172, 0.0058]), array([0.51427143, 0.00132857]), 0.7854, 0.0]
[6, array([0.5172, 0.0058]), array([0.51441905, 0.00132857]), 0.7854, 0.0]
[6, array([0.5172, 0.0058]), array([0.51456667, 0.00132857]), 0.7854, 0.0]
[6, array([0.5172, 0.0058]), array([0.51471429, 0.00132857]), 0.7854, 0.0]
[6, array([0.5172, 0.0058]), array([0.5148619 , 0.00132857]), 0.7854, 0.0]
[6, array([0.5172, 0.0058]), array([0.51500952, 0.00132857]), 0.7854, 0.0]
[6, array([0.5172, 0.0058]), array([0.51515714, 0.00132857]), 0.7854, 0.0]
[6, array([0.5172, 0.0058]), array([0.51530476, 0.00132857]), 0.7854, 0.0]
[6, array([0.5172, 0.0058]), array([0.51545238, 0.00132857]), 0.7854, 0.0]
[6, array([0.5172, 0.0058]), array([0.5156    , 0.00132857]), 0.7854, 0.0]
[6, array([0.5172, 0.0058]), array([0.5125    , 0.00147619]), 0.7854, 0.0]
[6, array([0.5172, 0.0058]), array([0.51264762, 0.00147619]), 0.7854, 0.0]
[6, array([0.5172, 0.0058]), array([0.51279524, 0.00147619]), 0.7854, 0.0]
[6, array([0.5172, 0.0058]), array([0.51294286, 0.00147619]), 0.7854, 0.0]
[6, array([0.5172, 0.0058]), array([0.51309048, 0.00147619]), 0.7854, 0.0]
[6, array([0.5172, 0.0058]), array([0.5132381 , 0.00147619]), 0.7854, 0.0]
[6, array([0.5172, 0.0058]), array([0.51338571, 0.00147619]), 0.7854, 0.0]
[6, array([0.5172, 0.0058]), array([0.51353333, 0.00147619]), 0.7854, 0.0]
[6, array([0.5172, 0.0058]), array([0.51368095, 0.00147619]), 0.7854, 0.0]
[6, array([0.5172, 0.0058]), array([0.51382857, 0.00147619]), 0.7854, 0.0]
[6, array([0.5172, 0.0058]), array([0.51397619, 0.00147619]), 0.7854, 0.0]
[6, array([0.5172, 0.0058]), array([0.51412381, 0.00147619]), 0.7854, 0.0]
[6, array([0.5172, 0.0058]), array([0.51427143, 0.00147619]), 0.7854, 0.0]
[6, array([0.5172, 0.0058]), array([0.51441905, 0.00147619]), 0.7854, 0.0]
[6, array([0.5172, 0.0058]), array([0.51456667, 0.00147619]), 0.7854, 0.0]
[6, array([0.5172, 0.0058]), array([0.51471429, 0.00147619]), 0.7854, 0.0]
[6, array([0.5172, 0.0058]), array([0.5148619 , 0.00147619]), 0.7854, 0.0]
[6, array([0.5172, 0.0058]), array([0.51500952, 0.00147619]), 0.7854, 0.0]
[6, array([0.5172, 0.0058]), array([0.51515714, 0.00147619]), 0.7854, 0.0]
[6, array([0.5172, 0.0058]), array([0.51530476, 0.00147619]), 0.7854, 0.0]
[6, array([0.5172, 0.0058]), array([0.51545238, 0.00147619]), 0.7854, 0.0]
[6, array([0.5172, 0.0058]), array([0.5156    , 0.00147619]), 0.7854, 0.0]
[6, array([0.5172, 0.0058]), array([0.5125    , 0.00162381]), 0.7854, 0.0]
[6, array([0.5172, 0.0058]), array([0.51264762, 0.00162381]), 0.7854, 0.0]
[6, array([0.5172, 0.0058]), array([0.51279524, 0.00162381]), 0.7854, 0.0]
[6, array([0.5172, 0.0058]), array([0.51294286, 0.00162381]), 0.7854, 0.0]
[6, array([0.5172, 0.0058]), array([0.51309048, 0.00162381]), 0.7854, 0.0]
[6, array([0.5172, 0.0058]), array([0.5132381 , 0.00162381]), 0.7854, 0.0]
[6, array([0.5172, 0.0058]), array([0.51338571, 0.00162381]), 0.7854, 0.0]
[6, array([0.5172, 0.0058]), array([0.51353333, 0.00162381]), 0.7854, 0.0]
[6, array([0.5172, 0.0058]), array([0.51368095, 0.00162381]), 0.7854, 0.0]
[6, array([0.5172, 0.0058]), array([0.51382857, 0.00162381]), 0.7854, 0.0]
[6, array([0.5172, 0.0058]), array([0.51397619, 0.00162381]), 0.7854, 0.0]
[6, array([0.5172, 0.0058]), array([0.51412381, 0.00162381]), 0.7854, 0.0]
[6, array([0.5172, 0.0058]), array([0.51427143, 0.00162381]), 0.7854, 0.0]
[6, array([0.5172, 0.0058]), array([0.51441905, 0.00162381]), 0.7854, 0.0]
[6, array([0.5172, 0.0058]), array([0.51456667, 0.00162381]), 0.7854, 0.0]
[6, array([0.5172, 0.0058]), array([0.51471429, 0.00162381]), 0.7854, 0.0]
[6, array([0.5172, 0.0058]), array([0.5148619 , 0.00162381]), 0.7854, 0.0]
[6, array([0.5172, 0.0058]), array([0.51500952, 0.00162381]), 0.7854, 0.0]
[6, array([0.5172, 0.0058]), array([0.51515714, 0.00162381]), 0.7854, 0.0]
[6, array([0.5172, 0.0058]), array([0.51530476, 0.00162381]), 0.7854, 0.0]
[6, array([0.5172, 0.0058]), array([0.51545238, 0.00162381]), 0.7854, 0.0]
[6, array([0.5172, 0.0058]), array([0.5156    , 0.00162381]), 0.7854, 0.0]
[6, array([0.5172, 0.0058]), array([0.5125    , 0.00177143]), 0.7854, 0.0]
[6, array([0.5172, 0.0058]), array([0.51264762, 0.00177143]), 0.7854, 0.0]
[6, array([0.5172, 0.0058]), array([0.51279524, 0.00177143]), 0.7854, 0.0]
[6, array([0.5172, 0.0058]), array([0.51294286, 0.00177143]), 0.7854, 0.0]
[6, array([0.5172, 0.0058]), array([0.51309048, 0.00177143]), 0.7854, 0.0]
[6, array([0.5172, 0.0058]), array([0.5132381 , 0.00177143]), 0.7854, 0.0]
[6, array([0.5172, 0.0058]), array([0.51338571, 0.00177143]), 0.7854, 0.0]
[6, array([0.5172, 0.0058]), array([0.51353333, 0.00177143]), 0.7854, 0.0]
[6, array([0.5172, 0.0058]), array([0.51368095, 0.00177143]), 0.7854, 0.0]
[6, array([0.5172, 0.0058]), array([0.51382857, 0.00177143]), 0.7854, 0.0]
[6, array([0.5172, 0.0058]), array([0.51397619, 0.00177143]), 0.7854, 0.0]
[6, array([0.5172, 0.0058]), array([0.51412381, 0.00177143]), 0.7854, 0.0]
[6, array([0.5172, 0.0058]), array([0.51427143, 0.00177143]), 0.7854, 0.0]
[6, array([0.5172, 0.0058]), array([0.51441905, 0.00177143]), 0.7854, 0.0]
[6, array([0.5172, 0.0058]), array([0.51456667, 0.00177143]), 0.7854, 0.0]
[6, array([0.5172, 0.0058]), array([0.51471429, 0.00177143]), 0.7854, 0.0]
[6, array([0.5172, 0.0058]), array([0.5148619 , 0.00177143]), 0.7854, 0.0]
[6, array([0.5172, 0.0058]), array([0.51500952, 0.00177143]), 0.7854, 0.0]
[6, array([0.5172, 0.0058]), array([0.51515714, 0.00177143]), 0.7854, 0.0]
[6, array([0.5172, 0.0058]), array([0.51530476, 0.00177143]), 0.7854, 0.0]
[6, array([0.5172, 0.0058]), array([0.51545238, 0.00177143]), 0.7854, 0.0]
[6, array([0.5172, 0.0058]), array([0.5156    , 0.00177143]), 0.7854, 0.0]
[6, array([0.5172, 0.0058]), array([0.5125    , 0.00191905]), 0.7854, 0.0]
[6, array([0.5172, 0.0058]), array([0.51264762, 0.00191905]), 0.7854, 0.0]
[6, array([0.5172, 0.0058]), array([0.51279524, 0.00191905]), 0.7854, 0.0]
[6, array([0.5172, 0.0058]), array([0.51294286, 0.00191905]), 0.7854, 0.0]
[6, array([0.5172, 0.0058]), array([0.51309048, 0.00191905]), 0.7854, 0.0]
[6, array([0.5172, 0.0058]), array([0.5132381 , 0.00191905]), 0.7854, 0.0]
[6, array([0.5172, 0.0058]), array([0.51338571, 0.00191905]), 0.7854, 0.0]
[6, array([0.5172, 0.0058]), array([0.51353333, 0.00191905]), 0.7854, 0.0]
[6, array([0.5172, 0.0058]), array([0.51368095, 0.00191905]), 0.7854, 0.0]
[6, array([0.5172, 0.0058]), array([0.51382857, 0.00191905]), 0.7854, 0.0]
[6, array([0.5172, 0.0058]), array([0.51397619, 0.00191905]), 0.7854, 0.0]
[6, array([0.5172, 0.0058]), array([0.51412381, 0.00191905]), 0.7854, 0.0]
[6, array([0.5172, 0.0058]), array([0.51427143, 0.00191905]), 0.7854, 0.0]
[6, array([0.5172, 0.0058]), array([0.51441905, 0.00191905]), 0.7854, 0.0]
[6, array([0.5172, 0.0058]), array([0.51456667, 0.00191905]), 0.7854, 0.0]
[6, array([0.5172, 0.0058]), array([0.51471429, 0.00191905]), 0.7854, 0.0]
[6, array([0.5172, 0.0058]), array([0.5148619 , 0.00191905]), 0.7854, 0.0]
[6, array([0.5172, 0.0058]), array([0.51500952, 0.00191905]), 0.7854, 0.0]
[6, array([0.5172, 0.0058]), array([0.51515714, 0.00191905]), 0.7854, 0.0]
[6, array([0.5172, 0.0058]), array([0.51530476, 0.00191905]), 0.7854, 0.0]
[6, array([0.5172, 0.0058]), array([0.51545238, 0.00191905]), 0.7854, 0.0]
[6, array([0.5172, 0.0058]), array([0.5156    , 0.00191905]), 0.7854, 0.0]
[6, array([0.5172, 0.0058]), array([0.5125    , 0.00206667]), 0.7854, 0.0]
[6, array([0.5172, 0.0058]), array([0.51264762, 0.00206667]), 0.7854, 0.0]
[6, array([0.5172, 0.0058]), array([0.51279524, 0.00206667]), 0.7854, 0.0]
[6, array([0.5172, 0.0058]), array([0.51294286, 0.00206667]), 0.7854, 0.0]
[6, array([0.5172, 0.0058]), array([0.51309048, 0.00206667]), 0.7854, 0.0]
[6, array([0.5172, 0.0058]), array([0.5132381 , 0.00206667]), 0.7854, 0.0]
[6, array([0.5172, 0.0058]), array([0.51338571, 0.00206667]), 0.7854, 0.0]
[6, array([0.5172, 0.0058]), array([0.51353333, 0.00206667]), 0.7854, 0.0]
[6, array([0.5172, 0.0058]), array([0.51368095, 0.00206667]), 0.7854, 0.0]
[6, array([0.5172, 0.0058]), array([0.51382857, 0.00206667]), 0.7854, 0.0]
[6, array([0.5172, 0.0058]), array([0.51397619, 0.00206667]), 0.7854, 0.0]
[6, array([0.5172, 0.0058]), array([0.51412381, 0.00206667]), 0.7854, 0.0]
[6, array([0.5172, 0.0058]), array([0.51427143, 0.00206667]), 0.7854, 0.0]
[6, array([0.5172, 0.0058]), array([0.51441905, 0.00206667]), 0.7854, 0.0]
[6, array([0.5172, 0.0058]), array([0.51456667, 0.00206667]), 0.7854, 0.0]
[6, array([0.5172, 0.0058]), array([0.51471429, 0.00206667]), 0.7854, 0.0]
[6, array([0.5172, 0.0058]), array([0.5148619 , 0.00206667]), 0.7854, 0.0]
[6, array([0.5172, 0.0058]), array([0.51500952, 0.00206667]), 0.7854, 0.0]
[6, array([0.5172, 0.0058]), array([0.51515714, 0.00206667]), 0.7854, 0.0]
[6, array([0.5172, 0.0058]), array([0.51530476, 0.00206667]), 0.7854, 0.0]
[6, array([0.5172, 0.0058]), array([0.51545238, 0.00206667]), 0.7854, 0.0]
[6, array([0.5172, 0.0058]), array([0.5156    , 0.00206667]), 0.7854, 0.0]
[6, array([0.5172, 0.0058]), array([0.5125    , 0.00221429]), 0.7854, 0.0]
[6, array([0.5172, 0.0058]), array([0.51264762, 0.00221429]), 0.7854, 0.0]
[6, array([0.5172, 0.0058]), array([0.51279524, 0.00221429]), 0.7854, 0.0]
[6, array([0.5172, 0.0058]), array([0.51294286, 0.00221429]), 0.7854, 0.0]
[6, array([0.5172, 0.0058]), array([0.51309048, 0.00221429]), 0.7854, 0.0]
[6, array([0.5172, 0.0058]), array([0.5132381 , 0.00221429]), 0.7854, 0.0]
[6, array([0.5172, 0.0058]), array([0.51338571, 0.00221429]), 0.7854, 0.0]
[6, array([0.5172, 0.0058]), array([0.51353333, 0.00221429]), 0.7854, 0.0]
[6, array([0.5172, 0.0058]), array([0.51368095, 0.00221429]), 0.7854, 0.0]
[6, array([0.5172, 0.0058]), array([0.51382857, 0.00221429]), 0.7854, 0.0]
[6, array([0.5172, 0.0058]), array([0.51397619, 0.00221429]), 0.7854, 0.0]
[6, array([0.5172, 0.0058]), array([0.51412381, 0.00221429]), 0.7854, 0.0]
[6, array([0.5172, 0.0058]), array([0.51427143, 0.00221429]), 0.7854, 0.0]
[6, array([0.5172, 0.0058]), array([0.51441905, 0.00221429]), 0.7854, 0.0]
[6, array([0.5172, 0.0058]), array([0.51456667, 0.00221429]), 0.7854, 0.0]
[6, array([0.5172, 0.0058]), array([0.51471429, 0.00221429]), 0.7854, 0.0]
[6, array([0.5172, 0.0058]), array([0.5148619 , 0.00221429]), 0.7854, 0.0]
[6, array([0.5172, 0.0058]), array([0.51500952, 0.00221429]), 0.7854, 0.0]
[6, array([0.5172, 0.0058]), array([0.51515714, 0.00221429]), 0.7854, 0.0]
[6, array([0.5172, 0.0058]), array([0.51530476, 0.00221429]), 0.7854, 0.0]
[6, array([0.5172, 0.0058]), array([0.51545238, 0.00221429]), 0.7854, 0.0]
[6, array([0.5172, 0.0058]), array([0.5156    , 0.00221429]), 0.7854, 0.0]
[6, array([0.5172, 0.0058]), array([0.5125   , 0.0023619]), 0.7854, 0.0]
[6, array([0.5172, 0.0058]), array([0.51264762, 0.0023619 ]), 0.7854, 0.0]
[6, array([0.5172, 0.0058]), array([0.51279524, 0.0023619 ]), 0.7854, 0.0]
[6, array([0.5172, 0.0058]), array([0.51294286, 0.0023619 ]), 0.7854, 0.0]
[6, array([0.5172, 0.0058]), array([0.51309048, 0.0023619 ]), 0.7854, 0.0]
[6, array([0.5172, 0.0058]), array([0.5132381, 0.0023619]), 0.7854, 0.0]
[6, array([0.5172, 0.0058]), array([0.51338571, 0.0023619 ]), 0.7854, 0.0]
[6, array([0.5172, 0.0058]), array([0.51353333, 0.0023619 ]), 0.7854, 0.0]
[6, array([0.5172, 0.0058]), array([0.51368095, 0.0023619 ]), 0.7854, 0.0]
[6, array([0.5172, 0.0058]), array([0.51382857, 0.0023619 ]), 0.7854, 0.0]
[6, array([0.5172, 0.0058]), array([0.51397619, 0.0023619 ]), 0.7854, 0.0]
[6, array([0.5172, 0.0058]), array([0.51412381, 0.0023619 ]), 0.7854, 0.0]
[6, array([0.5172, 0.0058]), array([0.51427143, 0.0023619 ]), 0.7854, 0.0]
[6, array([0.5172, 0.0058]), array([0.51441905, 0.0023619 ]), 0.7854, 0.0]
[6, array([0.5172, 0.0058]), array([0.51456667, 0.0023619 ]), 0.7854, 0.0]
[6, array([0.5172, 0.0058]), array([0.51471429, 0.0023619 ]), 0.7854, 0.0]
[6, array([0.5172, 0.0058]), array([0.5148619, 0.0023619]), 0.7854, 0.0]
[6, array([0.5172, 0.0058]), array([0.51500952, 0.0023619 ]), 0.7854, 0.0]
[6, array([0.5172, 0.0058]), array([0.51515714, 0.0023619 ]), 0.7854, 0.0]
[6, array([0.5172, 0.0058]), array([0.51530476, 0.0023619 ]), 0.7854, 0.0]
[6, array([0.5172, 0.0058]), array([0.51545238, 0.0023619 ]), 0.7854, 0.0]
[6, array([0.5172, 0.0058]), array([0.5156   , 0.0023619]), 0.7854, 0.0]
[6, array([0.5172, 0.0058]), array([0.5125    , 0.00250952]), 0.7854, 0.0]
[6, array([0.5172, 0.0058]), array([0.51264762, 0.00250952]), 0.7854, 0.0]
[6, array([0.5172, 0.0058]), array([0.51279524, 0.00250952]), 0.7854, 0.0]
[6, array([0.5172, 0.0058]), array([0.51294286, 0.00250952]), 0.7854, 0.0]
[6, array([0.5172, 0.0058]), array([0.51309048, 0.00250952]), 0.7854, 0.0]
[6, array([0.5172, 0.0058]), array([0.5132381 , 0.00250952]), 0.7854, 0.0]
[6, array([0.5172, 0.0058]), array([0.51338571, 0.00250952]), 0.7854, 0.0]
[6, array([0.5172, 0.0058]), array([0.51353333, 0.00250952]), 0.7854, 0.0]
[6, array([0.5172, 0.0058]), array([0.51368095, 0.00250952]), 0.7854, 0.0]
[6, array([0.5172, 0.0058]), array([0.51382857, 0.00250952]), 0.7854, 0.0]
[6, array([0.5172, 0.0058]), array([0.51397619, 0.00250952]), 0.7854, 0.0]
[6, array([0.5172, 0.0058]), array([0.51412381, 0.00250952]), 0.7854, 0.0]
[6, array([0.5172, 0.0058]), array([0.51427143, 0.00250952]), 0.7854, 0.0]
[6, array([0.5172, 0.0058]), array([0.51441905, 0.00250952]), 0.7854, 0.0]
[6, array([0.5172, 0.0058]), array([0.51456667, 0.00250952]), 0.7854, 0.0]
[6, array([0.5172, 0.0058]), array([0.51471429, 0.00250952]), 0.7854, 0.0]
[6, array([0.5172, 0.0058]), array([0.5148619 , 0.00250952]), 0.7854, 0.0]
[6, array([0.5172, 0.0058]), array([0.51500952, 0.00250952]), 0.7854, 0.0]
[6, array([0.5172, 0.0058]), array([0.51515714, 0.00250952]), 0.7854, 0.0]
[6, array([0.5172, 0.0058]), array([0.51530476, 0.00250952]), 0.7854, 0.0]
[6, array([0.5172, 0.0058]), array([0.51545238, 0.00250952]), 0.7854, 0.0]
[6, array([0.5172, 0.0058]), array([0.5156    , 0.00250952]), 0.7854, 0.0]
[6, array([0.5172, 0.0058]), array([0.5125    , 0.00265714]), 0.7854, 0.0]
[6, array([0.5172, 0.0058]), array([0.51264762, 0.00265714]), 0.7854, 0.0]
[6, array([0.5172, 0.0058]), array([0.51279524, 0.00265714]), 0.7854, 0.0]
[6, array([0.5172, 0.0058]), array([0.51294286, 0.00265714]), 0.7854, 0.0]
[6, array([0.5172, 0.0058]), array([0.51309048, 0.00265714]), 0.7854, 0.0]
[6, array([0.5172, 0.0058]), array([0.5132381 , 0.00265714]), 0.7854, 0.0]
[6, array([0.5172, 0.0058]), array([0.51338571, 0.00265714]), 0.7854, 0.0]
[6, array([0.5172, 0.0058]), array([0.51353333, 0.00265714]), 0.7854, 0.0]
[6, array([0.5172, 0.0058]), array([0.51368095, 0.00265714]), 0.7854, 0.0]
[6, array([0.5172, 0.0058]), array([0.51382857, 0.00265714]), 0.7854, 0.0]
[6, array([0.5172, 0.0058]), array([0.51397619, 0.00265714]), 0.7854, 0.0]
[6, array([0.5172, 0.0058]), array([0.51412381, 0.00265714]), 0.7854, 0.0]
[6, array([0.5172, 0.0058]), array([0.51427143, 0.00265714]), 0.7854, 0.0]
[6, array([0.5172, 0.0058]), array([0.51441905, 0.00265714]), 0.7854, 0.0]
[6, array([0.5172, 0.0058]), array([0.51456667, 0.00265714]), 0.7854, 0.0]
[6, array([0.5172, 0.0058]), array([0.51471429, 0.00265714]), 0.7854, 0.0]
[6, array([0.5172, 0.0058]), array([0.5148619 , 0.00265714]), 0.7854, 0.0]
[6, array([0.5172, 0.0058]), array([0.51500952, 0.00265714]), 0.7854, 0.0]
[6, array([0.5172, 0.0058]), array([0.51515714, 0.00265714]), 0.7854, 0.0]
[6, array([0.5172, 0.0058]), array([0.51530476, 0.00265714]), 0.7854, 0.0]
[6, array([0.5172, 0.0058]), array([0.51545238, 0.00265714]), 0.7854, 0.0]
[6, array([0.5172, 0.0058]), array([0.5156    , 0.00265714]), 0.7854, 0.0]
[6, array([0.5172, 0.0058]), array([0.5125    , 0.00280476]), 0.7854, 0.0]
[6, array([0.5172, 0.0058]), array([0.51264762, 0.00280476]), 0.7854, 0.0]
[6, array([0.5172, 0.0058]), array([0.51279524, 0.00280476]), 0.7854, 0.0]
[6, array([0.5172, 0.0058]), array([0.51294286, 0.00280476]), 0.7854, 0.0]
[6, array([0.5172, 0.0058]), array([0.51309048, 0.00280476]), 0.7854, 0.0]
[6, array([0.5172, 0.0058]), array([0.5132381 , 0.00280476]), 0.7854, 0.0]
[6, array([0.5172, 0.0058]), array([0.51338571, 0.00280476]), 0.7854, 0.0]
[6, array([0.5172, 0.0058]), array([0.51353333, 0.00280476]), 0.7854, 0.0]
[6, array([0.5172, 0.0058]), array([0.51368095, 0.00280476]), 0.7854, 0.0]
[6, array([0.5172, 0.0058]), array([0.51382857, 0.00280476]), 0.7854, 0.0]
[6, array([0.5172, 0.0058]), array([0.51397619, 0.00280476]), 0.7854, 0.0]
[6, array([0.5172, 0.0058]), array([0.51412381, 0.00280476]), 0.7854, 0.0]
[6, array([0.5172, 0.0058]), array([0.51427143, 0.00280476]), 0.7854, 0.0]
[6, array([0.5172, 0.0058]), array([0.51441905, 0.00280476]), 0.7854, 0.0]
[6, array([0.5172, 0.0058]), array([0.51456667, 0.00280476]), 0.7854, 0.0]
[6, array([0.5172, 0.0058]), array([0.51471429, 0.00280476]), 0.7854, 0.0]
[6, array([0.5172, 0.0058]), array([0.5148619 , 0.00280476]), 0.7854, 0.0]
[6, array([0.5172, 0.0058]), array([0.51500952, 0.00280476]), 0.7854, 0.0]
[6, array([0.5172, 0.0058]), array([0.51515714, 0.00280476]), 0.7854, 0.0]
[6, array([0.5172, 0.0058]), array([0.51530476, 0.00280476]), 0.7854, 0.0]
[6, array([0.5172, 0.0058]), array([0.51545238, 0.00280476]), 0.7854, 0.0]
[6, array([0.5172, 0.0058]), array([0.5156    , 0.00280476]), 0.7854, 0.0]
[6, array([0.5172, 0.0058]), array([0.5125    , 0.00295238]), 0.7854, 0.0]
[6, array([0.5172, 0.0058]), array([0.51264762, 0.00295238]), 0.7854, 0.0]
[6, array([0.5172, 0.0058]), array([0.51279524, 0.00295238]), 0.7854, 0.0]
[6, array([0.5172, 0.0058]), array([0.51294286, 0.00295238]), 0.7854, 0.0]
[6, array([0.5172, 0.0058]), array([0.51309048, 0.00295238]), 0.7854, 0.0]
[6, array([0.5172, 0.0058]), array([0.5132381 , 0.00295238]), 0.7854, 0.0]
[6, array([0.5172, 0.0058]), array([0.51338571, 0.00295238]), 0.7854, 0.0]
[6, array([0.5172, 0.0058]), array([0.51353333, 0.00295238]), 0.7854, 0.0]
[6, array([0.5172, 0.0058]), array([0.51368095, 0.00295238]), 0.7854, 0.0]
[6, array([0.5172, 0.0058]), array([0.51382857, 0.00295238]), 0.7854, 0.0]
[6, array([0.5172, 0.0058]), array([0.51397619, 0.00295238]), 0.7854, 0.0]
[6, array([0.5172, 0.0058]), array([0.51412381, 0.00295238]), 0.7854, 0.0]
[6, array([0.5172, 0.0058]), array([0.51427143, 0.00295238]), 0.7854, 0.0]
[6, array([0.5172, 0.0058]), array([0.51441905, 0.00295238]), 0.7854, 0.0]
[6, array([0.5172, 0.0058]), array([0.51456667, 0.00295238]), 0.7854, 0.0]
[6, array([0.5172, 0.0058]), array([0.51471429, 0.00295238]), 0.7854, 0.0]
[6, array([0.5172, 0.0058]), array([0.5148619 , 0.00295238]), 0.7854, 0.0]
[6, array([0.5172, 0.0058]), array([0.51500952, 0.00295238]), 0.7854, 0.0]
[6, array([0.5172, 0.0058]), array([0.51515714, 0.00295238]), 0.7854, 0.0]
[6, array([0.5172, 0.0058]), array([0.51530476, 0.00295238]), 0.7854, 0.0]
[6, array([0.5172, 0.0058]), array([0.51545238, 0.00295238]), 0.7854, 0.0]
[6, array([0.5172, 0.0058]), array([0.5156    , 0.00295238]), 0.7854, 0.0]
[6, array([0.5172, 0.0058]), array([0.5125, 0.0031]), 0.7854, 0.0]
[6, array([0.5172, 0.0058]), array([0.51264762, 0.0031    ]), 0.7854, 0.0]
[6, array([0.5172, 0.0058]), array([0.51279524, 0.0031    ]), 0.7854, 0.0]
[6, array([0.5172, 0.0058]), array([0.51294286, 0.0031    ]), 0.7854, 0.0]
[6, array([0.5172, 0.0058]), array([0.51309048, 0.0031    ]), 0.7854, 0.0]
[6, array([0.5172, 0.0058]), array([0.5132381, 0.0031   ]), 0.7854, 0.0]
[6, array([0.5172, 0.0058]), array([0.51338571, 0.0031    ]), 0.7854, 0.0]
[6, array([0.5172, 0.0058]), array([0.51353333, 0.0031    ]), 0.7854, 0.0]
[6, array([0.5172, 0.0058]), array([0.51368095, 0.0031    ]), 0.7854, 0.0]
[6, array([0.5172, 0.0058]), array([0.51382857, 0.0031    ]), 0.7854, 0.0]
[6, array([0.5172, 0.0058]), array([0.51397619, 0.0031    ]), 0.7854, 0.0]
[6, array([0.5172, 0.0058]), array([0.51412381, 0.0031    ]), 0.7854, 0.0]
[6, array([0.5172, 0.0058]), array([0.51427143, 0.0031    ]), 0.7854, 0.0]
[6, array([0.5172, 0.0058]), array([0.51441905, 0.0031    ]), 0.7854, 0.0]
[6, array([0.5172, 0.0058]), array([0.51456667, 0.0031    ]), 0.7854, 0.0]
[6, array([0.5172, 0.0058]), array([0.51471429, 0.0031    ]), 0.7854, 0.0]
[6, array([0.5172, 0.0058]), array([0.5148619, 0.0031   ]), 0.7854, 0.0]
[6, array([0.5172, 0.0058]), array([0.51500952, 0.0031    ]), 0.7854, 0.0]
[6, array([0.5172, 0.0058]), array([0.51515714, 0.0031    ]), 0.7854, 0.0]
[6, array([0.5172, 0.0058]), array([0.51530476, 0.0031    ]), 0.7854, 0.0]
[6, array([0.5172, 0.0058]), array([0.51545238, 0.0031    ]), 0.7854, 0.0]
[6, array([0.5172, 0.0058]), array([0.5156, 0.0031]), 0.7854, 0.0]
[6, array([ 0.4768, -0.0343]), array([ 0.46095, -0.0469 ]), 0.7854, 1.0]
[6, array([ 0.4768, -0.0343]), array([ 0.46154524, -0.0469    ]), 0.7854, 1.0]
[6, array([ 0.4768, -0.0343]), array([ 0.46214048, -0.0469    ]), 0.7854, 1.0]
[6, array([ 0.4768, -0.0343]), array([ 0.46273571, -0.0469    ]), 0.7854, 1.0]
[6, array([ 0.4768, -0.0343]), array([ 0.46333095, -0.0469    ]), 0.7854, 1.0]
[6, array([ 0.4768, -0.0343]), array([ 0.46392619, -0.0469    ]), 0.7854, 1.0]
[6, array([ 0.4768, -0.0343]), array([ 0.46452143, -0.0469    ]), 0.7854, 1.0]
[6, array([ 0.4768, -0.0343]), array([ 0.46511667, -0.0469    ]), 0.7854, 1.0]
[6, array([ 0.4768, -0.0343]), array([ 0.4657119, -0.0469   ]), 0.7854, 1.0]
[6, array([ 0.4768, -0.0343]), array([ 0.46630714, -0.0469    ]), 0.7854, 1.0]
[6, array([ 0.4768, -0.0343]), array([ 0.46690238, -0.0469    ]), 0.7854, 1.0]
[6, array([ 0.4768, -0.0343]), array([ 0.46749762, -0.0469    ]), 0.7854, 1.0]
[6, array([ 0.4768, -0.0343]), array([ 0.46809286, -0.0469    ]), 0.7854, 1.0]
[6, array([ 0.4768, -0.0343]), array([ 0.4686881, -0.0469   ]), 0.7854, 1.0]
[6, array([ 0.4768, -0.0343]), array([ 0.46928333, -0.0469    ]), 0.7854, 1.0]
[6, array([ 0.4768, -0.0343]), array([ 0.46987857, -0.0469    ]), 0.7854, 1.0]
[6, array([ 0.4768, -0.0343]), array([ 0.47047381, -0.0469    ]), 0.7854, 1.0]
[6, array([ 0.4768, -0.0343]), array([ 0.47106905, -0.0469    ]), 0.7854, 1.0]
[6, array([ 0.4768, -0.0343]), array([ 0.47166429, -0.0469    ]), 0.7854, 1.0]
[6, array([ 0.4768, -0.0343]), array([ 0.47225952, -0.0469    ]), 0.7854, 1.0]
[6, array([ 0.4768, -0.0343]), array([ 0.47285476, -0.0469    ]), 0.7854, 1.0]
[6, array([ 0.4768, -0.0343]), array([ 0.47345, -0.0469 ]), 0.7854, 1.0]
[6, array([ 0.4768, -0.0343]), array([ 0.46095   , -0.04630476]), 0.7854, 1.0]
[6, array([ 0.4768, -0.0343]), array([ 0.46154524, -0.04630476]), 0.7854, 1.0]
[6, array([ 0.4768, -0.0343]), array([ 0.46214048, -0.04630476]), 0.7854, 1.0]
[6, array([ 0.4768, -0.0343]), array([ 0.46273571, -0.04630476]), 0.7854, 1.0]
[6, array([ 0.4768, -0.0343]), array([ 0.46333095, -0.04630476]), 0.7854, 1.0]
[6, array([ 0.4768, -0.0343]), array([ 0.46392619, -0.04630476]), 0.7854, 1.0]
[6, array([ 0.4768, -0.0343]), array([ 0.46452143, -0.04630476]), 0.7854, 1.0]
[6, array([ 0.4768, -0.0343]), array([ 0.46511667, -0.04630476]), 0.7854, 1.0]
[6, array([ 0.4768, -0.0343]), array([ 0.4657119 , -0.04630476]), 0.7854, 1.0]
[6, array([ 0.4768, -0.0343]), array([ 0.46630714, -0.04630476]), 0.7854, 1.0]
[6, array([ 0.4768, -0.0343]), array([ 0.46690238, -0.04630476]), 0.7854, 1.0]
[6, array([ 0.4768, -0.0343]), array([ 0.46749762, -0.04630476]), 0.7854, 1.0]
[6, array([ 0.4768, -0.0343]), array([ 0.46809286, -0.04630476]), 0.7854, 1.0]
[6, array([ 0.4768, -0.0343]), array([ 0.4686881 , -0.04630476]), 0.7854, 1.0]
[6, array([ 0.4768, -0.0343]), array([ 0.46928333, -0.04630476]), 0.7854, 1.0]
[6, array([ 0.4768, -0.0343]), array([ 0.46987857, -0.04630476]), 0.7854, 1.0]
[6, array([ 0.4768, -0.0343]), array([ 0.47047381, -0.04630476]), 0.7854, 1.0]
[6, array([ 0.4768, -0.0343]), array([ 0.47106905, -0.04630476]), 0.7854, 1.0]
[6, array([ 0.4768, -0.0343]), array([ 0.47166429, -0.04630476]), 0.7854, 1.0]
[6, array([ 0.4768, -0.0343]), array([ 0.47225952, -0.04630476]), 0.7854, 1.0]
[6, array([ 0.4768, -0.0343]), array([ 0.47285476, -0.04630476]), 0.7854, 1.0]
[6, array([ 0.4768, -0.0343]), array([ 0.47345   , -0.04630476]), 0.7854, 1.0]
[6, array([ 0.4768, -0.0343]), array([ 0.46095   , -0.04570952]), 0.7854, 1.0]
[6, array([ 0.4768, -0.0343]), array([ 0.46154524, -0.04570952]), 0.7854, 1.0]
[6, array([ 0.4768, -0.0343]), array([ 0.46214048, -0.04570952]), 0.7854, 1.0]
[6, array([ 0.4768, -0.0343]), array([ 0.46273571, -0.04570952]), 0.7854, 1.0]
[6, array([ 0.4768, -0.0343]), array([ 0.46333095, -0.04570952]), 0.7854, 1.0]
[6, array([ 0.4768, -0.0343]), array([ 0.46392619, -0.04570952]), 0.7854, 1.0]
[6, array([ 0.4768, -0.0343]), array([ 0.46452143, -0.04570952]), 0.7854, 1.0]
[6, array([ 0.4768, -0.0343]), array([ 0.46511667, -0.04570952]), 0.7854, 1.0]
[6, array([ 0.4768, -0.0343]), array([ 0.4657119 , -0.04570952]), 0.7854, 1.0]
[6, array([ 0.4768, -0.0343]), array([ 0.46630714, -0.04570952]), 0.7854, 1.0]
[6, array([ 0.4768, -0.0343]), array([ 0.46690238, -0.04570952]), 0.7854, 1.0]
[6, array([ 0.4768, -0.0343]), array([ 0.46749762, -0.04570952]), 0.7854, 1.0]
[6, array([ 0.4768, -0.0343]), array([ 0.46809286, -0.04570952]), 0.7854, 1.0]
[6, array([ 0.4768, -0.0343]), array([ 0.4686881 , -0.04570952]), 0.7854, 1.0]
[6, array([ 0.4768, -0.0343]), array([ 0.46928333, -0.04570952]), 0.7854, 1.0]
[6, array([ 0.4768, -0.0343]), array([ 0.46987857, -0.04570952]), 0.7854, 1.0]
[6, array([ 0.4768, -0.0343]), array([ 0.47047381, -0.04570952]), 0.7854, 1.0]
[6, array([ 0.4768, -0.0343]), array([ 0.47106905, -0.04570952]), 0.7854, 1.0]
[6, array([ 0.4768, -0.0343]), array([ 0.47166429, -0.04570952]), 0.7854, 1.0]
[6, array([ 0.4768, -0.0343]), array([ 0.47225952, -0.04570952]), 0.7854, 1.0]
[6, array([ 0.4768, -0.0343]), array([ 0.47285476, -0.04570952]), 0.7854, 1.0]
[6, array([ 0.4768, -0.0343]), array([ 0.47345   , -0.04570952]), 0.7854, 1.0]
[6, array([ 0.4768, -0.0343]), array([ 0.46095   , -0.04511429]), 0.7854, 1.0]
[6, array([ 0.4768, -0.0343]), array([ 0.46154524, -0.04511429]), 0.7854, 1.0]
[6, array([ 0.4768, -0.0343]), array([ 0.46214048, -0.04511429]), 0.7854, 1.0]
[6, array([ 0.4768, -0.0343]), array([ 0.46273571, -0.04511429]), 0.7854, 1.0]
[6, array([ 0.4768, -0.0343]), array([ 0.46333095, -0.04511429]), 0.7854, 1.0]
[6, array([ 0.4768, -0.0343]), array([ 0.46392619, -0.04511429]), 0.7854, 1.0]
[6, array([ 0.4768, -0.0343]), array([ 0.46452143, -0.04511429]), 0.7854, 1.0]
[6, array([ 0.4768, -0.0343]), array([ 0.46511667, -0.04511429]), 0.7854, 1.0]
[6, array([ 0.4768, -0.0343]), array([ 0.4657119 , -0.04511429]), 0.7854, 1.0]
[6, array([ 0.4768, -0.0343]), array([ 0.46630714, -0.04511429]), 0.7854, 1.0]
[6, array([ 0.4768, -0.0343]), array([ 0.46690238, -0.04511429]), 0.7854, 1.0]
[6, array([ 0.4768, -0.0343]), array([ 0.46749762, -0.04511429]), 0.7854, 1.0]
[6, array([ 0.4768, -0.0343]), array([ 0.46809286, -0.04511429]), 0.7854, 1.0]
[6, array([ 0.4768, -0.0343]), array([ 0.4686881 , -0.04511429]), 0.7854, 1.0]
[6, array([ 0.4768, -0.0343]), array([ 0.46928333, -0.04511429]), 0.7854, 1.0]
[6, array([ 0.4768, -0.0343]), array([ 0.46987857, -0.04511429]), 0.7854, 1.0]
[6, array([ 0.4768, -0.0343]), array([ 0.47047381, -0.04511429]), 0.7854, 1.0]
[6, array([ 0.4768, -0.0343]), array([ 0.47106905, -0.04511429]), 0.7854, 1.0]
[6, array([ 0.4768, -0.0343]), array([ 0.47166429, -0.04511429]), 0.7854, 1.0]
[6, array([ 0.4768, -0.0343]), array([ 0.47225952, -0.04511429]), 0.7854, 1.0]
[6, array([ 0.4768, -0.0343]), array([ 0.47285476, -0.04511429]), 0.7854, 1.0]
[6, array([ 0.4768, -0.0343]), array([ 0.47345   , -0.04511429]), 0.7854, 1.0]
[6, array([ 0.4768, -0.0343]), array([ 0.46095   , -0.04451905]), 0.7854, 1.0]
[6, array([ 0.4768, -0.0343]), array([ 0.46154524, -0.04451905]), 0.7854, 1.0]
[6, array([ 0.4768, -0.0343]), array([ 0.46214048, -0.04451905]), 0.7854, 1.0]
[6, array([ 0.4768, -0.0343]), array([ 0.46273571, -0.04451905]), 0.7854, 1.0]
[6, array([ 0.4768, -0.0343]), array([ 0.46333095, -0.04451905]), 0.7854, 1.0]
[6, array([ 0.4768, -0.0343]), array([ 0.46392619, -0.04451905]), 0.7854, 1.0]
[6, array([ 0.4768, -0.0343]), array([ 0.46452143, -0.04451905]), 0.7854, 1.0]
[6, array([ 0.4768, -0.0343]), array([ 0.46511667, -0.04451905]), 0.7854, 1.0]
[6, array([ 0.4768, -0.0343]), array([ 0.4657119 , -0.04451905]), 0.7854, 1.0]
[6, array([ 0.4768, -0.0343]), array([ 0.46630714, -0.04451905]), 0.7854, 1.0]
[6, array([ 0.4768, -0.0343]), array([ 0.46690238, -0.04451905]), 0.7854, 1.0]
[6, array([ 0.4768, -0.0343]), array([ 0.46749762, -0.04451905]), 0.7854, 1.0]
[6, array([ 0.4768, -0.0343]), array([ 0.46809286, -0.04451905]), 0.7854, 1.0]
[6, array([ 0.4768, -0.0343]), array([ 0.4686881 , -0.04451905]), 0.7854, 1.0]
[6, array([ 0.4768, -0.0343]), array([ 0.46928333, -0.04451905]), 0.7854, 1.0]
[6, array([ 0.4768, -0.0343]), array([ 0.46987857, -0.04451905]), 0.7854, 1.0]
[6, array([ 0.4768, -0.0343]), array([ 0.47047381, -0.04451905]), 0.7854, 1.0]
[6, array([ 0.4768, -0.0343]), array([ 0.47106905, -0.04451905]), 0.7854, 1.0]
[6, array([ 0.4768, -0.0343]), array([ 0.47166429, -0.04451905]), 0.7854, 1.0]
[6, array([ 0.4768, -0.0343]), array([ 0.47225952, -0.04451905]), 0.7854, 1.0]
[6, array([ 0.4768, -0.0343]), array([ 0.47285476, -0.04451905]), 0.7854, 1.0]
[6, array([ 0.4768, -0.0343]), array([ 0.47345   , -0.04451905]), 0.7854, 1.0]
[6, array([ 0.4768, -0.0343]), array([ 0.46095   , -0.04392381]), 0.7854, 1.0]
[6, array([ 0.4768, -0.0343]), array([ 0.46154524, -0.04392381]), 0.7854, 1.0]
[6, array([ 0.4768, -0.0343]), array([ 0.46214048, -0.04392381]), 0.7854, 1.0]
[6, array([ 0.4768, -0.0343]), array([ 0.46273571, -0.04392381]), 0.7854, 1.0]
[6, array([ 0.4768, -0.0343]), array([ 0.46333095, -0.04392381]), 0.7854, 1.0]
[6, array([ 0.4768, -0.0343]), array([ 0.46392619, -0.04392381]), 0.7854, 1.0]
[6, array([ 0.4768, -0.0343]), array([ 0.46452143, -0.04392381]), 0.7854, 1.0]
[6, array([ 0.4768, -0.0343]), array([ 0.46511667, -0.04392381]), 0.7854, 1.0]
[6, array([ 0.4768, -0.0343]), array([ 0.4657119 , -0.04392381]), 0.7854, 1.0]
[6, array([ 0.4768, -0.0343]), array([ 0.46630714, -0.04392381]), 0.7854, 1.0]
[6, array([ 0.4768, -0.0343]), array([ 0.46690238, -0.04392381]), 0.7854, 1.0]
[6, array([ 0.4768, -0.0343]), array([ 0.46749762, -0.04392381]), 0.7854, 1.0]
[6, array([ 0.4768, -0.0343]), array([ 0.46809286, -0.04392381]), 0.7854, 1.0]
[6, array([ 0.4768, -0.0343]), array([ 0.4686881 , -0.04392381]), 0.7854, 1.0]
[6, array([ 0.4768, -0.0343]), array([ 0.46928333, -0.04392381]), 0.7854, 1.0]
[6, array([ 0.4768, -0.0343]), array([ 0.46987857, -0.04392381]), 0.7854, 1.0]
[6, array([ 0.4768, -0.0343]), array([ 0.47047381, -0.04392381]), 0.7854, 1.0]
[6, array([ 0.4768, -0.0343]), array([ 0.47106905, -0.04392381]), 0.7854, 1.0]
[6, array([ 0.4768, -0.0343]), array([ 0.47166429, -0.04392381]), 0.7854, 1.0]
[6, array([ 0.4768, -0.0343]), array([ 0.47225952, -0.04392381]), 0.7854, 1.0]
[6, array([ 0.4768, -0.0343]), array([ 0.47285476, -0.04392381]), 0.7854, 1.0]
[6, array([ 0.4768, -0.0343]), array([ 0.47345   , -0.04392381]), 0.7854, 1.0]
[6, array([ 0.4768, -0.0343]), array([ 0.46095   , -0.04332857]), 0.7854, 1.0]
[6, array([ 0.4768, -0.0343]), array([ 0.46154524, -0.04332857]), 0.7854, 1.0]
[6, array([ 0.4768, -0.0343]), array([ 0.46214048, -0.04332857]), 0.7854, 1.0]
[6, array([ 0.4768, -0.0343]), array([ 0.46273571, -0.04332857]), 0.7854, 1.0]
[6, array([ 0.4768, -0.0343]), array([ 0.46333095, -0.04332857]), 0.7854, 1.0]
[6, array([ 0.4768, -0.0343]), array([ 0.46392619, -0.04332857]), 0.7854, 1.0]
[6, array([ 0.4768, -0.0343]), array([ 0.46452143, -0.04332857]), 0.7854, 1.0]
[6, array([ 0.4768, -0.0343]), array([ 0.46511667, -0.04332857]), 0.7854, 1.0]
[6, array([ 0.4768, -0.0343]), array([ 0.4657119 , -0.04332857]), 0.7854, 1.0]
[6, array([ 0.4768, -0.0343]), array([ 0.46630714, -0.04332857]), 0.7854, 1.0]
[6, array([ 0.4768, -0.0343]), array([ 0.46690238, -0.04332857]), 0.7854, 1.0]
[6, array([ 0.4768, -0.0343]), array([ 0.46749762, -0.04332857]), 0.7854, 1.0]
[6, array([ 0.4768, -0.0343]), array([ 0.46809286, -0.04332857]), 0.7854, 1.0]
[6, array([ 0.4768, -0.0343]), array([ 0.4686881 , -0.04332857]), 0.7854, 1.0]
[6, array([ 0.4768, -0.0343]), array([ 0.46928333, -0.04332857]), 0.7854, 1.0]
[6, array([ 0.4768, -0.0343]), array([ 0.46987857, -0.04332857]), 0.7854, 1.0]
[6, array([ 0.4768, -0.0343]), array([ 0.47047381, -0.04332857]), 0.7854, 1.0]
[6, array([ 0.4768, -0.0343]), array([ 0.47106905, -0.04332857]), 0.7854, 1.0]
[6, array([ 0.4768, -0.0343]), array([ 0.47166429, -0.04332857]), 0.7854, 1.0]
[6, array([ 0.4768, -0.0343]), array([ 0.47225952, -0.04332857]), 0.7854, 1.0]
[6, array([ 0.4768, -0.0343]), array([ 0.47285476, -0.04332857]), 0.7854, 1.0]
[6, array([ 0.4768, -0.0343]), array([ 0.47345   , -0.04332857]), 0.7854, 1.0]
[6, array([ 0.4768, -0.0343]), array([ 0.46095   , -0.04273333]), 0.7854, 1.0]
[6, array([ 0.4768, -0.0343]), array([ 0.46154524, -0.04273333]), 0.7854, 1.0]
[6, array([ 0.4768, -0.0343]), array([ 0.46214048, -0.04273333]), 0.7854, 1.0]
[6, array([ 0.4768, -0.0343]), array([ 0.46273571, -0.04273333]), 0.7854, 1.0]
[6, array([ 0.4768, -0.0343]), array([ 0.46333095, -0.04273333]), 0.7854, 1.0]
[6, array([ 0.4768, -0.0343]), array([ 0.46392619, -0.04273333]), 0.7854, 1.0]
[6, array([ 0.4768, -0.0343]), array([ 0.46452143, -0.04273333]), 0.7854, 1.0]
[6, array([ 0.4768, -0.0343]), array([ 0.46511667, -0.04273333]), 0.7854, 1.0]
[6, array([ 0.4768, -0.0343]), array([ 0.4657119 , -0.04273333]), 0.7854, 1.0]
[6, array([ 0.4768, -0.0343]), array([ 0.46630714, -0.04273333]), 0.7854, 1.0]
[6, array([ 0.4768, -0.0343]), array([ 0.46690238, -0.04273333]), 0.7854, 1.0]
[6, array([ 0.4768, -0.0343]), array([ 0.46749762, -0.04273333]), 0.7854, 1.0]
[6, array([ 0.4768, -0.0343]), array([ 0.46809286, -0.04273333]), 0.7854, 1.0]
[6, array([ 0.4768, -0.0343]), array([ 0.4686881 , -0.04273333]), 0.7854, 1.0]
[6, array([ 0.4768, -0.0343]), array([ 0.46928333, -0.04273333]), 0.7854, 1.0]
[6, array([ 0.4768, -0.0343]), array([ 0.46987857, -0.04273333]), 0.7854, 1.0]
[6, array([ 0.4768, -0.0343]), array([ 0.47047381, -0.04273333]), 0.7854, 1.0]
[6, array([ 0.4768, -0.0343]), array([ 0.47106905, -0.04273333]), 0.7854, 1.0]
[6, array([ 0.4768, -0.0343]), array([ 0.47166429, -0.04273333]), 0.7854, 1.0]
[6, array([ 0.4768, -0.0343]), array([ 0.47225952, -0.04273333]), 0.7854, 1.0]
[6, array([ 0.4768, -0.0343]), array([ 0.47285476, -0.04273333]), 0.7854, 1.0]
[6, array([ 0.4768, -0.0343]), array([ 0.47345   , -0.04273333]), 0.7854, 1.0]
[6, array([ 0.4768, -0.0343]), array([ 0.46095  , -0.0421381]), 0.7854, 1.0]
[6, array([ 0.4768, -0.0343]), array([ 0.46154524, -0.0421381 ]), 0.7854, 1.0]
[6, array([ 0.4768, -0.0343]), array([ 0.46214048, -0.0421381 ]), 0.7854, 1.0]
[6, array([ 0.4768, -0.0343]), array([ 0.46273571, -0.0421381 ]), 0.7854, 1.0]
[6, array([ 0.4768, -0.0343]), array([ 0.46333095, -0.0421381 ]), 0.7854, 1.0]
[6, array([ 0.4768, -0.0343]), array([ 0.46392619, -0.0421381 ]), 0.7854, 1.0]
[6, array([ 0.4768, -0.0343]), array([ 0.46452143, -0.0421381 ]), 0.7854, 1.0]
[6, array([ 0.4768, -0.0343]), array([ 0.46511667, -0.0421381 ]), 0.7854, 1.0]
[6, array([ 0.4768, -0.0343]), array([ 0.4657119, -0.0421381]), 0.7854, 1.0]
[6, array([ 0.4768, -0.0343]), array([ 0.46630714, -0.0421381 ]), 0.7854, 1.0]
[6, array([ 0.4768, -0.0343]), array([ 0.46690238, -0.0421381 ]), 0.7854, 1.0]
[6, array([ 0.4768, -0.0343]), array([ 0.46749762, -0.0421381 ]), 0.7854, 1.0]
[6, array([ 0.4768, -0.0343]), array([ 0.46809286, -0.0421381 ]), 0.7854, 1.0]
[6, array([ 0.4768, -0.0343]), array([ 0.4686881, -0.0421381]), 0.7854, 1.0]
[6, array([ 0.4768, -0.0343]), array([ 0.46928333, -0.0421381 ]), 0.7854, 1.0]
[6, array([ 0.4768, -0.0343]), array([ 0.46987857, -0.0421381 ]), 0.7854, 1.0]
[6, array([ 0.4768, -0.0343]), array([ 0.47047381, -0.0421381 ]), 0.7854, 1.0]
[6, array([ 0.4768, -0.0343]), array([ 0.47106905, -0.0421381 ]), 0.7854, 1.0]
[6, array([ 0.4768, -0.0343]), array([ 0.47166429, -0.0421381 ]), 0.7854, 1.0]
[6, array([ 0.4768, -0.0343]), array([ 0.47225952, -0.0421381 ]), 0.7854, 1.0]
[6, array([ 0.4768, -0.0343]), array([ 0.47285476, -0.0421381 ]), 0.7854, 1.0]
[6, array([ 0.4768, -0.0343]), array([ 0.47345  , -0.0421381]), 0.7854, 1.0]
[6, array([ 0.4768, -0.0343]), array([ 0.46095   , -0.04154286]), 0.7854, 1.0]
[6, array([ 0.4768, -0.0343]), array([ 0.46154524, -0.04154286]), 0.7854, 1.0]
[6, array([ 0.4768, -0.0343]), array([ 0.46214048, -0.04154286]), 0.7854, 1.0]
[6, array([ 0.4768, -0.0343]), array([ 0.46273571, -0.04154286]), 0.7854, 1.0]
[6, array([ 0.4768, -0.0343]), array([ 0.46333095, -0.04154286]), 0.7854, 1.0]
[6, array([ 0.4768, -0.0343]), array([ 0.46392619, -0.04154286]), 0.7854, 1.0]
[6, array([ 0.4768, -0.0343]), array([ 0.46452143, -0.04154286]), 0.7854, 1.0]
[6, array([ 0.4768, -0.0343]), array([ 0.46511667, -0.04154286]), 0.7854, 1.0]
[6, array([ 0.4768, -0.0343]), array([ 0.4657119 , -0.04154286]), 0.7854, 1.0]
[6, array([ 0.4768, -0.0343]), array([ 0.46630714, -0.04154286]), 0.7854, 1.0]
[6, array([ 0.4768, -0.0343]), array([ 0.46690238, -0.04154286]), 0.7854, 1.0]
[6, array([ 0.4768, -0.0343]), array([ 0.46749762, -0.04154286]), 0.7854, 1.0]
[6, array([ 0.4768, -0.0343]), array([ 0.46809286, -0.04154286]), 0.7854, 1.0]
[6, array([ 0.4768, -0.0343]), array([ 0.4686881 , -0.04154286]), 0.7854, 1.0]
[6, array([ 0.4768, -0.0343]), array([ 0.46928333, -0.04154286]), 0.7854, 1.0]
[6, array([ 0.4768, -0.0343]), array([ 0.46987857, -0.04154286]), 0.7854, 1.0]
[6, array([ 0.4768, -0.0343]), array([ 0.47047381, -0.04154286]), 0.7854, 1.0]
[6, array([ 0.4768, -0.0343]), array([ 0.47106905, -0.04154286]), 0.7854, 1.0]
[6, array([ 0.4768, -0.0343]), array([ 0.47166429, -0.04154286]), 0.7854, 1.0]
[6, array([ 0.4768, -0.0343]), array([ 0.47225952, -0.04154286]), 0.7854, 1.0]
[6, array([ 0.4768, -0.0343]), array([ 0.47285476, -0.04154286]), 0.7854, 1.0]
[6, array([ 0.4768, -0.0343]), array([ 0.47345   , -0.04154286]), 0.7854, 1.0]
[6, array([ 0.4768, -0.0343]), array([ 0.46095   , -0.04094762]), 0.7854, 1.0]
[6, array([ 0.4768, -0.0343]), array([ 0.46154524, -0.04094762]), 0.7854, 1.0]
[6, array([ 0.4768, -0.0343]), array([ 0.46214048, -0.04094762]), 0.7854, 1.0]
[6, array([ 0.4768, -0.0343]), array([ 0.46273571, -0.04094762]), 0.7854, 1.0]
[6, array([ 0.4768, -0.0343]), array([ 0.46333095, -0.04094762]), 0.7854, 1.0]
[6, array([ 0.4768, -0.0343]), array([ 0.46392619, -0.04094762]), 0.7854, 1.0]
[6, array([ 0.4768, -0.0343]), array([ 0.46452143, -0.04094762]), 0.7854, 1.0]
[6, array([ 0.4768, -0.0343]), array([ 0.46511667, -0.04094762]), 0.7854, 1.0]
[6, array([ 0.4768, -0.0343]), array([ 0.4657119 , -0.04094762]), 0.7854, 1.0]
[6, array([ 0.4768, -0.0343]), array([ 0.46630714, -0.04094762]), 0.7854, 1.0]
[6, array([ 0.4768, -0.0343]), array([ 0.46690238, -0.04094762]), 0.7854, 1.0]
[6, array([ 0.4768, -0.0343]), array([ 0.46749762, -0.04094762]), 0.7854, 1.0]
[6, array([ 0.4768, -0.0343]), array([ 0.46809286, -0.04094762]), 0.7854, 1.0]
[6, array([ 0.4768, -0.0343]), array([ 0.4686881 , -0.04094762]), 0.7854, 1.0]
[6, array([ 0.4768, -0.0343]), array([ 0.46928333, -0.04094762]), 0.7854, 1.0]
[6, array([ 0.4768, -0.0343]), array([ 0.46987857, -0.04094762]), 0.7854, 1.0]
[6, array([ 0.4768, -0.0343]), array([ 0.47047381, -0.04094762]), 0.7854, 1.0]
[6, array([ 0.4768, -0.0343]), array([ 0.47106905, -0.04094762]), 0.7854, 1.0]
[6, array([ 0.4768, -0.0343]), array([ 0.47166429, -0.04094762]), 0.7854, 1.0]
[6, array([ 0.4768, -0.0343]), array([ 0.47225952, -0.04094762]), 0.7854, 1.0]
[6, array([ 0.4768, -0.0343]), array([ 0.47285476, -0.04094762]), 0.7854, 1.0]
[6, array([ 0.4768, -0.0343]), array([ 0.47345   , -0.04094762]), 0.7854, 1.0]
[6, array([ 0.4768, -0.0343]), array([ 0.46095   , -0.04035238]), 0.7854, 1.0]
[6, array([ 0.4768, -0.0343]), array([ 0.46154524, -0.04035238]), 0.7854, 1.0]
[6, array([ 0.4768, -0.0343]), array([ 0.46214048, -0.04035238]), 0.7854, 1.0]
[6, array([ 0.4768, -0.0343]), array([ 0.46273571, -0.04035238]), 0.7854, 1.0]
[6, array([ 0.4768, -0.0343]), array([ 0.46333095, -0.04035238]), 0.7854, 1.0]
[6, array([ 0.4768, -0.0343]), array([ 0.46392619, -0.04035238]), 0.7854, 1.0]
[6, array([ 0.4768, -0.0343]), array([ 0.46452143, -0.04035238]), 0.7854, 1.0]
[6, array([ 0.4768, -0.0343]), array([ 0.46511667, -0.04035238]), 0.7854, 1.0]
[6, array([ 0.4768, -0.0343]), array([ 0.4657119 , -0.04035238]), 0.7854, 1.0]
[6, array([ 0.4768, -0.0343]), array([ 0.46630714, -0.04035238]), 0.7854, 1.0]
[6, array([ 0.4768, -0.0343]), array([ 0.46690238, -0.04035238]), 0.7854, 1.0]
[6, array([ 0.4768, -0.0343]), array([ 0.46749762, -0.04035238]), 0.7854, 1.0]
[6, array([ 0.4768, -0.0343]), array([ 0.46809286, -0.04035238]), 0.7854, 1.0]
[6, array([ 0.4768, -0.0343]), array([ 0.4686881 , -0.04035238]), 0.7854, 1.0]
[6, array([ 0.4768, -0.0343]), array([ 0.46928333, -0.04035238]), 0.7854, 1.0]
[6, array([ 0.4768, -0.0343]), array([ 0.46987857, -0.04035238]), 0.7854, 1.0]
[6, array([ 0.4768, -0.0343]), array([ 0.47047381, -0.04035238]), 0.7854, 1.0]
[6, array([ 0.4768, -0.0343]), array([ 0.47106905, -0.04035238]), 0.7854, 1.0]
[6, array([ 0.4768, -0.0343]), array([ 0.47166429, -0.04035238]), 0.7854, 1.0]
[6, array([ 0.4768, -0.0343]), array([ 0.47225952, -0.04035238]), 0.7854, 1.0]
[6, array([ 0.4768, -0.0343]), array([ 0.47285476, -0.04035238]), 0.7854, 1.0]
[6, array([ 0.4768, -0.0343]), array([ 0.47345   , -0.04035238]), 0.7854, 1.0]
[6, array([ 0.4768, -0.0343]), array([ 0.46095   , -0.03975714]), 0.7854, 1.0]
[6, array([ 0.4768, -0.0343]), array([ 0.46154524, -0.03975714]), 0.7854, 1.0]
[6, array([ 0.4768, -0.0343]), array([ 0.46214048, -0.03975714]), 0.7854, 1.0]
[6, array([ 0.4768, -0.0343]), array([ 0.46273571, -0.03975714]), 0.7854, 1.0]
[6, array([ 0.4768, -0.0343]), array([ 0.46333095, -0.03975714]), 0.7854, 1.0]
[6, array([ 0.4768, -0.0343]), array([ 0.46392619, -0.03975714]), 0.7854, 1.0]
[6, array([ 0.4768, -0.0343]), array([ 0.46452143, -0.03975714]), 0.7854, 1.0]
[6, array([ 0.4768, -0.0343]), array([ 0.46511667, -0.03975714]), 0.7854, 1.0]
[6, array([ 0.4768, -0.0343]), array([ 0.4657119 , -0.03975714]), 0.7854, 1.0]
[6, array([ 0.4768, -0.0343]), array([ 0.46630714, -0.03975714]), 0.7854, 1.0]
[6, array([ 0.4768, -0.0343]), array([ 0.46690238, -0.03975714]), 0.7854, 1.0]
[6, array([ 0.4768, -0.0343]), array([ 0.46749762, -0.03975714]), 0.7854, 1.0]
[6, array([ 0.4768, -0.0343]), array([ 0.46809286, -0.03975714]), 0.7854, 1.0]
[6, array([ 0.4768, -0.0343]), array([ 0.4686881 , -0.03975714]), 0.7854, 1.0]
[6, array([ 0.4768, -0.0343]), array([ 0.46928333, -0.03975714]), 0.7854, 1.0]
[6, array([ 0.4768, -0.0343]), array([ 0.46987857, -0.03975714]), 0.7854, 1.0]
[6, array([ 0.4768, -0.0343]), array([ 0.47047381, -0.03975714]), 0.7854, 1.0]
[6, array([ 0.4768, -0.0343]), array([ 0.47106905, -0.03975714]), 0.7854, 1.0]
[6, array([ 0.4768, -0.0343]), array([ 0.47166429, -0.03975714]), 0.7854, 1.0]
[6, array([ 0.4768, -0.0343]), array([ 0.47225952, -0.03975714]), 0.7854, 1.0]
[6, array([ 0.4768, -0.0343]), array([ 0.47285476, -0.03975714]), 0.7854, 1.0]
[6, array([ 0.4768, -0.0343]), array([ 0.47345   , -0.03975714]), 0.7854, 1.0]
[6, array([ 0.4768, -0.0343]), array([ 0.46095  , -0.0391619]), 0.7854, 1.0]
[6, array([ 0.4768, -0.0343]), array([ 0.46154524, -0.0391619 ]), 0.7854, 1.0]
[6, array([ 0.4768, -0.0343]), array([ 0.46214048, -0.0391619 ]), 0.7854, 1.0]
[6, array([ 0.4768, -0.0343]), array([ 0.46273571, -0.0391619 ]), 0.7854, 1.0]
[6, array([ 0.4768, -0.0343]), array([ 0.46333095, -0.0391619 ]), 0.7854, 1.0]
[6, array([ 0.4768, -0.0343]), array([ 0.46392619, -0.0391619 ]), 0.7854, 1.0]
[6, array([ 0.4768, -0.0343]), array([ 0.46452143, -0.0391619 ]), 0.7854, 1.0]
[6, array([ 0.4768, -0.0343]), array([ 0.46511667, -0.0391619 ]), 0.7854, 1.0]
[6, array([ 0.4768, -0.0343]), array([ 0.4657119, -0.0391619]), 0.7854, 1.0]
[6, array([ 0.4768, -0.0343]), array([ 0.46630714, -0.0391619 ]), 0.7854, 1.0]
[6, array([ 0.4768, -0.0343]), array([ 0.46690238, -0.0391619 ]), 0.7854, 1.0]
[6, array([ 0.4768, -0.0343]), array([ 0.46749762, -0.0391619 ]), 0.7854, 1.0]
[6, array([ 0.4768, -0.0343]), array([ 0.46809286, -0.0391619 ]), 0.7854, 1.0]
[6, array([ 0.4768, -0.0343]), array([ 0.4686881, -0.0391619]), 0.7854, 1.0]
[6, array([ 0.4768, -0.0343]), array([ 0.46928333, -0.0391619 ]), 0.7854, 1.0]
[6, array([ 0.4768, -0.0343]), array([ 0.46987857, -0.0391619 ]), 0.7854, 1.0]
[6, array([ 0.4768, -0.0343]), array([ 0.47047381, -0.0391619 ]), 0.7854, 1.0]
[6, array([ 0.4768, -0.0343]), array([ 0.47106905, -0.0391619 ]), 0.7854, 1.0]
[6, array([ 0.4768, -0.0343]), array([ 0.47166429, -0.0391619 ]), 0.7854, 1.0]
[6, array([ 0.4768, -0.0343]), array([ 0.47225952, -0.0391619 ]), 0.7854, 1.0]
[6, array([ 0.4768, -0.0343]), array([ 0.47285476, -0.0391619 ]), 0.7854, 1.0]
[6, array([ 0.4768, -0.0343]), array([ 0.47345  , -0.0391619]), 0.7854, 1.0]
[6, array([ 0.4768, -0.0343]), array([ 0.46095   , -0.03856667]), 0.7854, 1.0]
[6, array([ 0.4768, -0.0343]), array([ 0.46154524, -0.03856667]), 0.7854, 1.0]
[6, array([ 0.4768, -0.0343]), array([ 0.46214048, -0.03856667]), 0.7854, 1.0]
[6, array([ 0.4768, -0.0343]), array([ 0.46273571, -0.03856667]), 0.7854, 1.0]
[6, array([ 0.4768, -0.0343]), array([ 0.46333095, -0.03856667]), 0.7854, 1.0]
[6, array([ 0.4768, -0.0343]), array([ 0.46392619, -0.03856667]), 0.7854, 1.0]
[6, array([ 0.4768, -0.0343]), array([ 0.46452143, -0.03856667]), 0.7854, 1.0]
[6, array([ 0.4768, -0.0343]), array([ 0.46511667, -0.03856667]), 0.7854, 1.0]
[6, array([ 0.4768, -0.0343]), array([ 0.4657119 , -0.03856667]), 0.7854, 1.0]
[6, array([ 0.4768, -0.0343]), array([ 0.46630714, -0.03856667]), 0.7854, 1.0]
[6, array([ 0.4768, -0.0343]), array([ 0.46690238, -0.03856667]), 0.7854, 1.0]
[6, array([ 0.4768, -0.0343]), array([ 0.46749762, -0.03856667]), 0.7854, 1.0]
[6, array([ 0.4768, -0.0343]), array([ 0.46809286, -0.03856667]), 0.7854, 1.0]
[6, array([ 0.4768, -0.0343]), array([ 0.4686881 , -0.03856667]), 0.7854, 1.0]
[6, array([ 0.4768, -0.0343]), array([ 0.46928333, -0.03856667]), 0.7854, 1.0]
[6, array([ 0.4768, -0.0343]), array([ 0.46987857, -0.03856667]), 0.7854, 1.0]
[6, array([ 0.4768, -0.0343]), array([ 0.47047381, -0.03856667]), 0.7854, 1.0]
[6, array([ 0.4768, -0.0343]), array([ 0.47106905, -0.03856667]), 0.7854, 1.0]
[6, array([ 0.4768, -0.0343]), array([ 0.47166429, -0.03856667]), 0.7854, 1.0]
[6, array([ 0.4768, -0.0343]), array([ 0.47225952, -0.03856667]), 0.7854, 1.0]
[6, array([ 0.4768, -0.0343]), array([ 0.47285476, -0.03856667]), 0.7854, 1.0]
[6, array([ 0.4768, -0.0343]), array([ 0.47345   , -0.03856667]), 0.7854, 1.0]
[6, array([ 0.4768, -0.0343]), array([ 0.46095   , -0.03797143]), 0.7854, 1.0]
[6, array([ 0.4768, -0.0343]), array([ 0.46154524, -0.03797143]), 0.7854, 1.0]
[6, array([ 0.4768, -0.0343]), array([ 0.46214048, -0.03797143]), 0.7854, 1.0]
[6, array([ 0.4768, -0.0343]), array([ 0.46273571, -0.03797143]), 0.7854, 1.0]
[6, array([ 0.4768, -0.0343]), array([ 0.46333095, -0.03797143]), 0.7854, 1.0]
[6, array([ 0.4768, -0.0343]), array([ 0.46392619, -0.03797143]), 0.7854, 1.0]
[6, array([ 0.4768, -0.0343]), array([ 0.46452143, -0.03797143]), 0.7854, 1.0]
[6, array([ 0.4768, -0.0343]), array([ 0.46511667, -0.03797143]), 0.7854, 1.0]
[6, array([ 0.4768, -0.0343]), array([ 0.4657119 , -0.03797143]), 0.7854, 1.0]
[6, array([ 0.4768, -0.0343]), array([ 0.46630714, -0.03797143]), 0.7854, 1.0]
[6, array([ 0.4768, -0.0343]), array([ 0.46690238, -0.03797143]), 0.7854, 1.0]
[6, array([ 0.4768, -0.0343]), array([ 0.46749762, -0.03797143]), 0.7854, 1.0]
[6, array([ 0.4768, -0.0343]), array([ 0.46809286, -0.03797143]), 0.7854, 1.0]
[6, array([ 0.4768, -0.0343]), array([ 0.4686881 , -0.03797143]), 0.7854, 1.0]
[6, array([ 0.4768, -0.0343]), array([ 0.46928333, -0.03797143]), 0.7854, 1.0]
[6, array([ 0.4768, -0.0343]), array([ 0.46987857, -0.03797143]), 0.7854, 1.0]
[6, array([ 0.4768, -0.0343]), array([ 0.47047381, -0.03797143]), 0.7854, 1.0]
[6, array([ 0.4768, -0.0343]), array([ 0.47106905, -0.03797143]), 0.7854, 1.0]
[6, array([ 0.4768, -0.0343]), array([ 0.47166429, -0.03797143]), 0.7854, 1.0]
[6, array([ 0.4768, -0.0343]), array([ 0.47225952, -0.03797143]), 0.7854, 1.0]
[6, array([ 0.4768, -0.0343]), array([ 0.47285476, -0.03797143]), 0.7854, 1.0]
[6, array([ 0.4768, -0.0343]), array([ 0.47345   , -0.03797143]), 0.7854, 1.0]
[6, array([ 0.4768, -0.0343]), array([ 0.46095   , -0.03737619]), 0.7854, 1.0]
[6, array([ 0.4768, -0.0343]), array([ 0.46154524, -0.03737619]), 0.7854, 1.0]
[6, array([ 0.4768, -0.0343]), array([ 0.46214048, -0.03737619]), 0.7854, 1.0]
[6, array([ 0.4768, -0.0343]), array([ 0.46273571, -0.03737619]), 0.7854, 1.0]
[6, array([ 0.4768, -0.0343]), array([ 0.46333095, -0.03737619]), 0.7854, 1.0]
[6, array([ 0.4768, -0.0343]), array([ 0.46392619, -0.03737619]), 0.7854, 1.0]
[6, array([ 0.4768, -0.0343]), array([ 0.46452143, -0.03737619]), 0.7854, 1.0]
[6, array([ 0.4768, -0.0343]), array([ 0.46511667, -0.03737619]), 0.7854, 1.0]
[6, array([ 0.4768, -0.0343]), array([ 0.4657119 , -0.03737619]), 0.7854, 1.0]
[6, array([ 0.4768, -0.0343]), array([ 0.46630714, -0.03737619]), 0.7854, 1.0]
[6, array([ 0.4768, -0.0343]), array([ 0.46690238, -0.03737619]), 0.7854, 1.0]
[6, array([ 0.4768, -0.0343]), array([ 0.46749762, -0.03737619]), 0.7854, 1.0]
[6, array([ 0.4768, -0.0343]), array([ 0.46809286, -0.03737619]), 0.7854, 1.0]
[6, array([ 0.4768, -0.0343]), array([ 0.4686881 , -0.03737619]), 0.7854, 1.0]
[6, array([ 0.4768, -0.0343]), array([ 0.46928333, -0.03737619]), 0.7854, 1.0]
[6, array([ 0.4768, -0.0343]), array([ 0.46987857, -0.03737619]), 0.7854, 1.0]
[6, array([ 0.4768, -0.0343]), array([ 0.47047381, -0.03737619]), 0.7854, 1.0]
[6, array([ 0.4768, -0.0343]), array([ 0.47106905, -0.03737619]), 0.7854, 1.0]
[6, array([ 0.4768, -0.0343]), array([ 0.47166429, -0.03737619]), 0.7854, 1.0]
[6, array([ 0.4768, -0.0343]), array([ 0.47225952, -0.03737619]), 0.7854, 1.0]
[6, array([ 0.4768, -0.0343]), array([ 0.47285476, -0.03737619]), 0.7854, 1.0]
[6, array([ 0.4768, -0.0343]), array([ 0.47345   , -0.03737619]), 0.7854, 1.0]
[6, array([ 0.4768, -0.0343]), array([ 0.46095   , -0.03678095]), 0.7854, 1.0]
[6, array([ 0.4768, -0.0343]), array([ 0.46154524, -0.03678095]), 0.7854, 1.0]
[6, array([ 0.4768, -0.0343]), array([ 0.46214048, -0.03678095]), 0.7854, 1.0]
[6, array([ 0.4768, -0.0343]), array([ 0.46273571, -0.03678095]), 0.7854, 1.0]
[6, array([ 0.4768, -0.0343]), array([ 0.46333095, -0.03678095]), 0.7854, 1.0]
[6, array([ 0.4768, -0.0343]), array([ 0.46392619, -0.03678095]), 0.7854, 1.0]
[6, array([ 0.4768, -0.0343]), array([ 0.46452143, -0.03678095]), 0.7854, 1.0]
[6, array([ 0.4768, -0.0343]), array([ 0.46511667, -0.03678095]), 0.7854, 1.0]
[6, array([ 0.4768, -0.0343]), array([ 0.4657119 , -0.03678095]), 0.7854, 1.0]
[6, array([ 0.4768, -0.0343]), array([ 0.46630714, -0.03678095]), 0.7854, 1.0]
[6, array([ 0.4768, -0.0343]), array([ 0.46690238, -0.03678095]), 0.7854, 1.0]
[6, array([ 0.4768, -0.0343]), array([ 0.46749762, -0.03678095]), 0.7854, 1.0]
[6, array([ 0.4768, -0.0343]), array([ 0.46809286, -0.03678095]), 0.7854, 1.0]
[6, array([ 0.4768, -0.0343]), array([ 0.4686881 , -0.03678095]), 0.7854, 1.0]
[6, array([ 0.4768, -0.0343]), array([ 0.46928333, -0.03678095]), 0.7854, 1.0]
[6, array([ 0.4768, -0.0343]), array([ 0.46987857, -0.03678095]), 0.7854, 1.0]
[6, array([ 0.4768, -0.0343]), array([ 0.47047381, -0.03678095]), 0.7854, 1.0]
[6, array([ 0.4768, -0.0343]), array([ 0.47106905, -0.03678095]), 0.7854, 1.0]
[6, array([ 0.4768, -0.0343]), array([ 0.47166429, -0.03678095]), 0.7854, 1.0]
[6, array([ 0.4768, -0.0343]), array([ 0.47225952, -0.03678095]), 0.7854, 1.0]
[6, array([ 0.4768, -0.0343]), array([ 0.47285476, -0.03678095]), 0.7854, 1.0]
[6, array([ 0.4768, -0.0343]), array([ 0.47345   , -0.03678095]), 0.7854, 1.0]
[6, array([ 0.4768, -0.0343]), array([ 0.46095   , -0.03618571]), 0.7854, 1.0]
[6, array([ 0.4768, -0.0343]), array([ 0.46154524, -0.03618571]), 0.7854, 1.0]
[6, array([ 0.4768, -0.0343]), array([ 0.46214048, -0.03618571]), 0.7854, 1.0]
[6, array([ 0.4768, -0.0343]), array([ 0.46273571, -0.03618571]), 0.7854, 1.0]
[6, array([ 0.4768, -0.0343]), array([ 0.46333095, -0.03618571]), 0.7854, 1.0]
[6, array([ 0.4768, -0.0343]), array([ 0.46392619, -0.03618571]), 0.7854, 1.0]
[6, array([ 0.4768, -0.0343]), array([ 0.46452143, -0.03618571]), 0.7854, 1.0]
[6, array([ 0.4768, -0.0343]), array([ 0.46511667, -0.03618571]), 0.7854, 1.0]
[6, array([ 0.4768, -0.0343]), array([ 0.4657119 , -0.03618571]), 0.7854, 1.0]
[6, array([ 0.4768, -0.0343]), array([ 0.46630714, -0.03618571]), 0.7854, 1.0]
[6, array([ 0.4768, -0.0343]), array([ 0.46690238, -0.03618571]), 0.7854, 1.0]
[6, array([ 0.4768, -0.0343]), array([ 0.46749762, -0.03618571]), 0.7854, 1.0]
[6, array([ 0.4768, -0.0343]), array([ 0.46809286, -0.03618571]), 0.7854, 1.0]
[6, array([ 0.4768, -0.0343]), array([ 0.4686881 , -0.03618571]), 0.7854, 1.0]
[6, array([ 0.4768, -0.0343]), array([ 0.46928333, -0.03618571]), 0.7854, 1.0]
[6, array([ 0.4768, -0.0343]), array([ 0.46987857, -0.03618571]), 0.7854, 1.0]
[6, array([ 0.4768, -0.0343]), array([ 0.47047381, -0.03618571]), 0.7854, 1.0]
[6, array([ 0.4768, -0.0343]), array([ 0.47106905, -0.03618571]), 0.7854, 1.0]
[6, array([ 0.4768, -0.0343]), array([ 0.47166429, -0.03618571]), 0.7854, 1.0]
[6, array([ 0.4768, -0.0343]), array([ 0.47225952, -0.03618571]), 0.7854, 1.0]
[6, array([ 0.4768, -0.0343]), array([ 0.47285476, -0.03618571]), 0.7854, 1.0]
[6, array([ 0.4768, -0.0343]), array([ 0.47345   , -0.03618571]), 0.7854, 1.0]
[6, array([ 0.4768, -0.0343]), array([ 0.46095   , -0.03559048]), 0.7854, 1.0]
[6, array([ 0.4768, -0.0343]), array([ 0.46154524, -0.03559048]), 0.7854, 1.0]
[6, array([ 0.4768, -0.0343]), array([ 0.46214048, -0.03559048]), 0.7854, 1.0]
[6, array([ 0.4768, -0.0343]), array([ 0.46273571, -0.03559048]), 0.7854, 1.0]
[6, array([ 0.4768, -0.0343]), array([ 0.46333095, -0.03559048]), 0.7854, 1.0]
[6, array([ 0.4768, -0.0343]), array([ 0.46392619, -0.03559048]), 0.7854, 1.0]
[6, array([ 0.4768, -0.0343]), array([ 0.46452143, -0.03559048]), 0.7854, 1.0]
[6, array([ 0.4768, -0.0343]), array([ 0.46511667, -0.03559048]), 0.7854, 1.0]
[6, array([ 0.4768, -0.0343]), array([ 0.4657119 , -0.03559048]), 0.7854, 1.0]
[6, array([ 0.4768, -0.0343]), array([ 0.46630714, -0.03559048]), 0.7854, 1.0]
[6, array([ 0.4768, -0.0343]), array([ 0.46690238, -0.03559048]), 0.7854, 1.0]
[6, array([ 0.4768, -0.0343]), array([ 0.46749762, -0.03559048]), 0.7854, 1.0]
[6, array([ 0.4768, -0.0343]), array([ 0.46809286, -0.03559048]), 0.7854, 1.0]
[6, array([ 0.4768, -0.0343]), array([ 0.4686881 , -0.03559048]), 0.7854, 1.0]
[6, array([ 0.4768, -0.0343]), array([ 0.46928333, -0.03559048]), 0.7854, 1.0]
[6, array([ 0.4768, -0.0343]), array([ 0.46987857, -0.03559048]), 0.7854, 1.0]
[6, array([ 0.4768, -0.0343]), array([ 0.47047381, -0.03559048]), 0.7854, 1.0]
[6, array([ 0.4768, -0.0343]), array([ 0.47106905, -0.03559048]), 0.7854, 1.0]
[6, array([ 0.4768, -0.0343]), array([ 0.47166429, -0.03559048]), 0.7854, 1.0]
[6, array([ 0.4768, -0.0343]), array([ 0.47225952, -0.03559048]), 0.7854, 1.0]
[6, array([ 0.4768, -0.0343]), array([ 0.47285476, -0.03559048]), 0.7854, 1.0]
[6, array([ 0.4768, -0.0343]), array([ 0.47345   , -0.03559048]), 0.7854, 1.0]
[6, array([ 0.4768, -0.0343]), array([ 0.46095   , -0.03499524]), 0.7854, 1.0]
[6, array([ 0.4768, -0.0343]), array([ 0.46154524, -0.03499524]), 0.7854, 1.0]
[6, array([ 0.4768, -0.0343]), array([ 0.46214048, -0.03499524]), 0.7854, 1.0]
[6, array([ 0.4768, -0.0343]), array([ 0.46273571, -0.03499524]), 0.7854, 1.0]
[6, array([ 0.4768, -0.0343]), array([ 0.46333095, -0.03499524]), 0.7854, 1.0]
[6, array([ 0.4768, -0.0343]), array([ 0.46392619, -0.03499524]), 0.7854, 1.0]
[6, array([ 0.4768, -0.0343]), array([ 0.46452143, -0.03499524]), 0.7854, 1.0]
[6, array([ 0.4768, -0.0343]), array([ 0.46511667, -0.03499524]), 0.7854, 1.0]
[6, array([ 0.4768, -0.0343]), array([ 0.4657119 , -0.03499524]), 0.7854, 1.0]
[6, array([ 0.4768, -0.0343]), array([ 0.46630714, -0.03499524]), 0.7854, 1.0]
[6, array([ 0.4768, -0.0343]), array([ 0.46690238, -0.03499524]), 0.7854, 1.0]
[6, array([ 0.4768, -0.0343]), array([ 0.46749762, -0.03499524]), 0.7854, 1.0]
[6, array([ 0.4768, -0.0343]), array([ 0.46809286, -0.03499524]), 0.7854, 1.0]
[6, array([ 0.4768, -0.0343]), array([ 0.4686881 , -0.03499524]), 0.7854, 1.0]
[6, array([ 0.4768, -0.0343]), array([ 0.46928333, -0.03499524]), 0.7854, 1.0]
[6, array([ 0.4768, -0.0343]), array([ 0.46987857, -0.03499524]), 0.7854, 1.0]
[6, array([ 0.4768, -0.0343]), array([ 0.47047381, -0.03499524]), 0.7854, 1.0]
[6, array([ 0.4768, -0.0343]), array([ 0.47106905, -0.03499524]), 0.7854, 1.0]
[6, array([ 0.4768, -0.0343]), array([ 0.47166429, -0.03499524]), 0.7854, 1.0]
[6, array([ 0.4768, -0.0343]), array([ 0.47225952, -0.03499524]), 0.7854, 1.0]
[6, array([ 0.4768, -0.0343]), array([ 0.47285476, -0.03499524]), 0.7854, 1.0]
[6, array([ 0.4768, -0.0343]), array([ 0.47345   , -0.03499524]), 0.7854, 1.0]
[6, array([ 0.4768, -0.0343]), array([ 0.46095, -0.0344 ]), 0.7854, 1.0]
[6, array([ 0.4768, -0.0343]), array([ 0.46154524, -0.0344    ]), 0.7854, 1.0]
[6, array([ 0.4768, -0.0343]), array([ 0.46214048, -0.0344    ]), 0.7854, 1.0]
[6, array([ 0.4768, -0.0343]), array([ 0.46273571, -0.0344    ]), 0.7854, 1.0]
[6, array([ 0.4768, -0.0343]), array([ 0.46333095, -0.0344    ]), 0.7854, 1.0]
[6, array([ 0.4768, -0.0343]), array([ 0.46392619, -0.0344    ]), 0.7854, 1.0]
[6, array([ 0.4768, -0.0343]), array([ 0.46452143, -0.0344    ]), 0.7854, 1.0]
[6, array([ 0.4768, -0.0343]), array([ 0.46511667, -0.0344    ]), 0.7854, 1.0]
[6, array([ 0.4768, -0.0343]), array([ 0.4657119, -0.0344   ]), 0.7854, 1.0]
[6, array([ 0.4768, -0.0343]), array([ 0.46630714, -0.0344    ]), 0.7854, 1.0]
[6, array([ 0.4768, -0.0343]), array([ 0.46690238, -0.0344    ]), 0.7854, 1.0]
[6, array([ 0.4768, -0.0343]), array([ 0.46749762, -0.0344    ]), 0.7854, 1.0]
[6, array([ 0.4768, -0.0343]), array([ 0.46809286, -0.0344    ]), 0.7854, 1.0]
[6, array([ 0.4768, -0.0343]), array([ 0.4686881, -0.0344   ]), 0.7854, 1.0]
[6, array([ 0.4768, -0.0343]), array([ 0.46928333, -0.0344    ]), 0.7854, 1.0]
[6, array([ 0.4768, -0.0343]), array([ 0.46987857, -0.0344    ]), 0.7854, 1.0]
[6, array([ 0.4768, -0.0343]), array([ 0.47047381, -0.0344    ]), 0.7854, 1.0]
[6, array([ 0.4768, -0.0343]), array([ 0.47106905, -0.0344    ]), 0.7854, 1.0]
[6, array([ 0.4768, -0.0343]), array([ 0.47166429, -0.0344    ]), 0.7854, 1.0]
[6, array([ 0.4768, -0.0343]), array([ 0.47225952, -0.0344    ]), 0.7854, 1.0]
[6, array([ 0.4768, -0.0343]), array([ 0.47285476, -0.0344    ]), 0.7854, 1.0]
[6, array([ 0.4768, -0.0343]), array([ 0.47345, -0.0344 ]), 0.7854, 1.0]
[3, array([ 0.5458, -0.0426]), array([ 0.5406 , -0.04695]), 0.7854, 0.0]
[3, array([ 0.5458, -0.0426]), array([ 0.54075238, -0.04695   ]), 0.7854, 0.0]
[3, array([ 0.5458, -0.0426]), array([ 0.54090476, -0.04695   ]), 0.7854, 1.0]
[3, array([ 0.5458, -0.0426]), array([ 0.54105714, -0.04695   ]), 0.7854, 1.0]
[3, array([ 0.5458, -0.0426]), array([ 0.54120952, -0.04695   ]), 0.7854, 1.0]
[3, array([ 0.5458, -0.0426]), array([ 0.5413619, -0.04695  ]), 0.7854, 1.0]
[3, array([ 0.5458, -0.0426]), array([ 0.54151429, -0.04695   ]), 0.7854, 1.0]
[3, array([ 0.5458, -0.0426]), array([ 0.54166667, -0.04695   ]), 0.7854, 0.0]
[3, array([ 0.5458, -0.0426]), array([ 0.54181905, -0.04695   ]), 0.7854, 0.0]
[3, array([ 0.5458, -0.0426]), array([ 0.54197143, -0.04695   ]), 0.7854, 0.0]
[3, array([ 0.5458, -0.0426]), array([ 0.54212381, -0.04695   ]), 0.7854, 0.0]
[3, array([ 0.5458, -0.0426]), array([ 0.54227619, -0.04695   ]), 0.7854, 0.0]
[3, array([ 0.5458, -0.0426]), array([ 0.54242857, -0.04695   ]), 0.7854, 0.0]
[3, array([ 0.5458, -0.0426]), array([ 0.54258095, -0.04695   ]), 0.7854, 0.0]
[3, array([ 0.5458, -0.0426]), array([ 0.54273333, -0.04695   ]), 0.7854, 0.0]
[3, array([ 0.5458, -0.0426]), array([ 0.54288571, -0.04695   ]), 0.7854, 0.0]
[3, array([ 0.5458, -0.0426]), array([ 0.5430381, -0.04695  ]), 0.7854, 0.0]
[3, array([ 0.5458, -0.0426]), array([ 0.54319048, -0.04695   ]), 0.7854, 0.0]
[3, array([ 0.5458, -0.0426]), array([ 0.54334286, -0.04695   ]), 0.7854, 0.0]
[3, array([ 0.5458, -0.0426]), array([ 0.54349524, -0.04695   ]), 0.7854, 0.0]
[3, array([ 0.5458, -0.0426]), array([ 0.54364762, -0.04695   ]), 0.7854, 0.0]
[3, array([ 0.5458, -0.0426]), array([ 0.5438 , -0.04695]), 0.7854, 0.0]
[3, array([ 0.5458, -0.0426]), array([ 0.5406    , -0.04679762]), 0.7854, 0.0]
[3, array([ 0.5458, -0.0426]), array([ 0.54075238, -0.04679762]), 0.7854, 0.0]
[3, array([ 0.5458, -0.0426]), array([ 0.54090476, -0.04679762]), 0.7854, 1.0]
[3, array([ 0.5458, -0.0426]), array([ 0.54105714, -0.04679762]), 0.7854, 1.0]
[3, array([ 0.5458, -0.0426]), array([ 0.54120952, -0.04679762]), 0.7854, 1.0]
[3, array([ 0.5458, -0.0426]), array([ 0.5413619 , -0.04679762]), 0.7854, 1.0]
[3, array([ 0.5458, -0.0426]), array([ 0.54151429, -0.04679762]), 0.7854, 0.0]
[3, array([ 0.5458, -0.0426]), array([ 0.54166667, -0.04679762]), 0.7854, 0.0]
[3, array([ 0.5458, -0.0426]), array([ 0.54181905, -0.04679762]), 0.7854, 0.0]
[3, array([ 0.5458, -0.0426]), array([ 0.54197143, -0.04679762]), 0.7854, 0.0]
[3, array([ 0.5458, -0.0426]), array([ 0.54212381, -0.04679762]), 0.7854, 0.0]
[3, array([ 0.5458, -0.0426]), array([ 0.54227619, -0.04679762]), 0.7854, 0.0]
[3, array([ 0.5458, -0.0426]), array([ 0.54242857, -0.04679762]), 0.7854, 0.0]
[3, array([ 0.5458, -0.0426]), array([ 0.54258095, -0.04679762]), 0.7854, 0.0]
[3, array([ 0.5458, -0.0426]), array([ 0.54273333, -0.04679762]), 0.7854, 0.0]
[3, array([ 0.5458, -0.0426]), array([ 0.54288571, -0.04679762]), 0.7854, 0.0]
[3, array([ 0.5458, -0.0426]), array([ 0.5430381 , -0.04679762]), 0.7854, 0.0]
[3, array([ 0.5458, -0.0426]), array([ 0.54319048, -0.04679762]), 0.7854, 0.0]
[3, array([ 0.5458, -0.0426]), array([ 0.54334286, -0.04679762]), 0.7854, 0.0]
[3, array([ 0.5458, -0.0426]), array([ 0.54349524, -0.04679762]), 0.7854, 0.0]
[3, array([ 0.5458, -0.0426]), array([ 0.54364762, -0.04679762]), 0.7854, 0.0]
[3, array([ 0.5458, -0.0426]), array([ 0.5438    , -0.04679762]), 0.7854, 0.0]
[3, array([ 0.5458, -0.0426]), array([ 0.5406    , -0.04664524]), 0.7854, 1.0]
[3, array([ 0.5458, -0.0426]), array([ 0.54075238, -0.04664524]), 0.7854, 1.0]
[3, array([ 0.5458, -0.0426]), array([ 0.54090476, -0.04664524]), 0.7854, 1.0]
[3, array([ 0.5458, -0.0426]), array([ 0.54105714, -0.04664524]), 0.7854, 1.0]
[3, array([ 0.5458, -0.0426]), array([ 0.54120952, -0.04664524]), 0.7854, 0.0]
[3, array([ 0.5458, -0.0426]), array([ 0.5413619 , -0.04664524]), 0.7854, 0.0]
[3, array([ 0.5458, -0.0426]), array([ 0.54151429, -0.04664524]), 0.7854, 0.0]
[3, array([ 0.5458, -0.0426]), array([ 0.54166667, -0.04664524]), 0.7854, 0.0]
[3, array([ 0.5458, -0.0426]), array([ 0.54181905, -0.04664524]), 0.7854, 0.0]
[3, array([ 0.5458, -0.0426]), array([ 0.54197143, -0.04664524]), 0.7854, 0.0]
[3, array([ 0.5458, -0.0426]), array([ 0.54212381, -0.04664524]), 0.7854, 0.0]
[3, array([ 0.5458, -0.0426]), array([ 0.54227619, -0.04664524]), 0.7854, 0.0]
[3, array([ 0.5458, -0.0426]), array([ 0.54242857, -0.04664524]), 0.7854, 0.0]
[3, array([ 0.5458, -0.0426]), array([ 0.54258095, -0.04664524]), 0.7854, 0.0]
[3, array([ 0.5458, -0.0426]), array([ 0.54273333, -0.04664524]), 0.7854, 0.0]
[3, array([ 0.5458, -0.0426]), array([ 0.54288571, -0.04664524]), 0.7854, 0.0]
[3, array([ 0.5458, -0.0426]), array([ 0.5430381 , -0.04664524]), 0.7854, 0.0]
[3, array([ 0.5458, -0.0426]), array([ 0.54319048, -0.04664524]), 0.7854, 0.0]
[3, array([ 0.5458, -0.0426]), array([ 0.54334286, -0.04664524]), 0.7854, 0.0]
[3, array([ 0.5458, -0.0426]), array([ 0.54349524, -0.04664524]), 0.7854, 0.0]
[3, array([ 0.5458, -0.0426]), array([ 0.54364762, -0.04664524]), 0.7854, 0.0]
[3, array([ 0.5458, -0.0426]), array([ 0.5438    , -0.04664524]), 0.7854, 0.0]
[3, array([ 0.5458, -0.0426]), array([ 0.5406    , -0.04649286]), 0.7854, 1.0]
[3, array([ 0.5458, -0.0426]), array([ 0.54075238, -0.04649286]), 0.7854, 1.0]
[3, array([ 0.5458, -0.0426]), array([ 0.54090476, -0.04649286]), 0.7854, 1.0]
[3, array([ 0.5458, -0.0426]), array([ 0.54105714, -0.04649286]), 0.7854, 0.0]
[3, array([ 0.5458, -0.0426]), array([ 0.54120952, -0.04649286]), 0.7854, 0.0]
[3, array([ 0.5458, -0.0426]), array([ 0.5413619 , -0.04649286]), 0.7854, 0.0]
[3, array([ 0.5458, -0.0426]), array([ 0.54151429, -0.04649286]), 0.7854, 0.0]
[3, array([ 0.5458, -0.0426]), array([ 0.54166667, -0.04649286]), 0.7854, 0.0]
[3, array([ 0.5458, -0.0426]), array([ 0.54181905, -0.04649286]), 0.7854, 0.0]
[3, array([ 0.5458, -0.0426]), array([ 0.54197143, -0.04649286]), 0.7854, 0.0]
[3, array([ 0.5458, -0.0426]), array([ 0.54212381, -0.04649286]), 0.7854, 0.0]
[3, array([ 0.5458, -0.0426]), array([ 0.54227619, -0.04649286]), 0.7854, 0.0]
[3, array([ 0.5458, -0.0426]), array([ 0.54242857, -0.04649286]), 0.7854, 0.0]
[3, array([ 0.5458, -0.0426]), array([ 0.54258095, -0.04649286]), 0.7854, 0.0]
[3, array([ 0.5458, -0.0426]), array([ 0.54273333, -0.04649286]), 0.7854, 0.0]
[3, array([ 0.5458, -0.0426]), array([ 0.54288571, -0.04649286]), 0.7854, 0.0]
[3, array([ 0.5458, -0.0426]), array([ 0.5430381 , -0.04649286]), 0.7854, 0.0]
[3, array([ 0.5458, -0.0426]), array([ 0.54319048, -0.04649286]), 0.7854, 0.0]
[3, array([ 0.5458, -0.0426]), array([ 0.54334286, -0.04649286]), 0.7854, 0.0]
[3, array([ 0.5458, -0.0426]), array([ 0.54349524, -0.04649286]), 0.7854, 0.0]
[3, array([ 0.5458, -0.0426]), array([ 0.54364762, -0.04649286]), 0.7854, 0.0]
[3, array([ 0.5458, -0.0426]), array([ 0.5438    , -0.04649286]), 0.7854, 0.0]
[3, array([ 0.5458, -0.0426]), array([ 0.5406    , -0.04634048]), 0.7854, 1.0]
[3, array([ 0.5458, -0.0426]), array([ 0.54075238, -0.04634048]), 0.7854, 1.0]
[3, array([ 0.5458, -0.0426]), array([ 0.54090476, -0.04634048]), 0.7854, 1.0]
[3, array([ 0.5458, -0.0426]), array([ 0.54105714, -0.04634048]), 0.7854, 0.0]
[3, array([ 0.5458, -0.0426]), array([ 0.54120952, -0.04634048]), 0.7854, 0.0]
[3, array([ 0.5458, -0.0426]), array([ 0.5413619 , -0.04634048]), 0.7854, 0.0]
[3, array([ 0.5458, -0.0426]), array([ 0.54151429, -0.04634048]), 0.7854, 0.0]
[3, array([ 0.5458, -0.0426]), array([ 0.54166667, -0.04634048]), 0.7854, 0.0]
[3, array([ 0.5458, -0.0426]), array([ 0.54181905, -0.04634048]), 0.7854, 0.0]
[3, array([ 0.5458, -0.0426]), array([ 0.54197143, -0.04634048]), 0.7854, 0.0]
[3, array([ 0.5458, -0.0426]), array([ 0.54212381, -0.04634048]), 0.7854, 0.0]
[3, array([ 0.5458, -0.0426]), array([ 0.54227619, -0.04634048]), 0.7854, 0.0]
[3, array([ 0.5458, -0.0426]), array([ 0.54242857, -0.04634048]), 0.7854, 0.0]
[3, array([ 0.5458, -0.0426]), array([ 0.54258095, -0.04634048]), 0.7854, 0.0]
[3, array([ 0.5458, -0.0426]), array([ 0.54273333, -0.04634048]), 0.7854, 0.0]
[3, array([ 0.5458, -0.0426]), array([ 0.54288571, -0.04634048]), 0.7854, 0.0]
[3, array([ 0.5458, -0.0426]), array([ 0.5430381 , -0.04634048]), 0.7854, 0.0]
[3, array([ 0.5458, -0.0426]), array([ 0.54319048, -0.04634048]), 0.7854, 0.0]
[3, array([ 0.5458, -0.0426]), array([ 0.54334286, -0.04634048]), 0.7854, 0.0]
[3, array([ 0.5458, -0.0426]), array([ 0.54349524, -0.04634048]), 0.7854, 0.0]
[3, array([ 0.5458, -0.0426]), array([ 0.54364762, -0.04634048]), 0.7854, 0.0]
[3, array([ 0.5458, -0.0426]), array([ 0.5438    , -0.04634048]), 0.7854, 0.0]
[3, array([ 0.5458, -0.0426]), array([ 0.5406   , -0.0461881]), 0.7854, 1.0]
[3, array([ 0.5458, -0.0426]), array([ 0.54075238, -0.0461881 ]), 0.7854, 0.0]
[3, array([ 0.5458, -0.0426]), array([ 0.54090476, -0.0461881 ]), 0.7854, 0.0]
[3, array([ 0.5458, -0.0426]), array([ 0.54105714, -0.0461881 ]), 0.7854, 0.0]
[3, array([ 0.5458, -0.0426]), array([ 0.54120952, -0.0461881 ]), 0.7854, 0.0]
[3, array([ 0.5458, -0.0426]), array([ 0.5413619, -0.0461881]), 0.7854, 0.0]
[3, array([ 0.5458, -0.0426]), array([ 0.54151429, -0.0461881 ]), 0.7854, 0.0]
[3, array([ 0.5458, -0.0426]), array([ 0.54166667, -0.0461881 ]), 0.7854, 0.0]
[3, array([ 0.5458, -0.0426]), array([ 0.54181905, -0.0461881 ]), 0.7854, 0.0]
[3, array([ 0.5458, -0.0426]), array([ 0.54197143, -0.0461881 ]), 0.7854, 0.0]
[3, array([ 0.5458, -0.0426]), array([ 0.54212381, -0.0461881 ]), 0.7854, 0.0]
[3, array([ 0.5458, -0.0426]), array([ 0.54227619, -0.0461881 ]), 0.7854, 0.0]
[3, array([ 0.5458, -0.0426]), array([ 0.54242857, -0.0461881 ]), 0.7854, 0.0]
[3, array([ 0.5458, -0.0426]), array([ 0.54258095, -0.0461881 ]), 0.7854, 0.0]
[3, array([ 0.5458, -0.0426]), array([ 0.54273333, -0.0461881 ]), 0.7854, 0.0]
[3, array([ 0.5458, -0.0426]), array([ 0.54288571, -0.0461881 ]), 0.7854, 0.0]
[3, array([ 0.5458, -0.0426]), array([ 0.5430381, -0.0461881]), 0.7854, 0.0]
[3, array([ 0.5458, -0.0426]), array([ 0.54319048, -0.0461881 ]), 0.7854, 0.0]
[3, array([ 0.5458, -0.0426]), array([ 0.54334286, -0.0461881 ]), 0.7854, 0.0]
[3, array([ 0.5458, -0.0426]), array([ 0.54349524, -0.0461881 ]), 0.7854, 0.0]
[3, array([ 0.5458, -0.0426]), array([ 0.54364762, -0.0461881 ]), 0.7854, 0.0]
[3, array([ 0.5458, -0.0426]), array([ 0.5438   , -0.0461881]), 0.7854, 0.0]
[3, array([ 0.5458, -0.0426]), array([ 0.5406    , -0.04603571]), 0.7854, 0.0]
[3, array([ 0.5458, -0.0426]), array([ 0.54075238, -0.04603571]), 0.7854, 0.0]
[3, array([ 0.5458, -0.0426]), array([ 0.54090476, -0.04603571]), 0.7854, 0.0]
[3, array([ 0.5458, -0.0426]), array([ 0.54105714, -0.04603571]), 0.7854, 0.0]
[3, array([ 0.5458, -0.0426]), array([ 0.54120952, -0.04603571]), 0.7854, 0.0]
[3, array([ 0.5458, -0.0426]), array([ 0.5413619 , -0.04603571]), 0.7854, 0.0]
[3, array([ 0.5458, -0.0426]), array([ 0.54151429, -0.04603571]), 0.7854, 0.0]
[3, array([ 0.5458, -0.0426]), array([ 0.54166667, -0.04603571]), 0.7854, 0.0]
[3, array([ 0.5458, -0.0426]), array([ 0.54181905, -0.04603571]), 0.7854, 0.0]
[3, array([ 0.5458, -0.0426]), array([ 0.54197143, -0.04603571]), 0.7854, 0.0]
[3, array([ 0.5458, -0.0426]), array([ 0.54212381, -0.04603571]), 0.7854, 0.0]
[3, array([ 0.5458, -0.0426]), array([ 0.54227619, -0.04603571]), 0.7854, 0.0]
[3, array([ 0.5458, -0.0426]), array([ 0.54242857, -0.04603571]), 0.7854, 0.0]
[3, array([ 0.5458, -0.0426]), array([ 0.54258095, -0.04603571]), 0.7854, 0.0]
[3, array([ 0.5458, -0.0426]), array([ 0.54273333, -0.04603571]), 0.7854, 0.0]
[3, array([ 0.5458, -0.0426]), array([ 0.54288571, -0.04603571]), 0.7854, 0.0]
[3, array([ 0.5458, -0.0426]), array([ 0.5430381 , -0.04603571]), 0.7854, 0.0]
[3, array([ 0.5458, -0.0426]), array([ 0.54319048, -0.04603571]), 0.7854, 0.0]
[3, array([ 0.5458, -0.0426]), array([ 0.54334286, -0.04603571]), 0.7854, 0.0]
[3, array([ 0.5458, -0.0426]), array([ 0.54349524, -0.04603571]), 0.7854, 0.0]
[3, array([ 0.5458, -0.0426]), array([ 0.54364762, -0.04603571]), 0.7854, 0.0]
[3, array([ 0.5458, -0.0426]), array([ 0.5438    , -0.04603571]), 0.7854, 0.0]
[3, array([ 0.5458, -0.0426]), array([ 0.5406    , -0.04588333]), 0.7854, 0.0]
[3, array([ 0.5458, -0.0426]), array([ 0.54075238, -0.04588333]), 0.7854, 0.0]
[3, array([ 0.5458, -0.0426]), array([ 0.54090476, -0.04588333]), 0.7854, 0.0]
[3, array([ 0.5458, -0.0426]), array([ 0.54105714, -0.04588333]), 0.7854, 0.0]
[3, array([ 0.5458, -0.0426]), array([ 0.54120952, -0.04588333]), 0.7854, 0.0]
[3, array([ 0.5458, -0.0426]), array([ 0.5413619 , -0.04588333]), 0.7854, 0.0]
[3, array([ 0.5458, -0.0426]), array([ 0.54151429, -0.04588333]), 0.7854, 0.0]
[3, array([ 0.5458, -0.0426]), array([ 0.54166667, -0.04588333]), 0.7854, 0.0]
[3, array([ 0.5458, -0.0426]), array([ 0.54181905, -0.04588333]), 0.7854, 0.0]
[3, array([ 0.5458, -0.0426]), array([ 0.54197143, -0.04588333]), 0.7854, 0.0]
[3, array([ 0.5458, -0.0426]), array([ 0.54212381, -0.04588333]), 0.7854, 0.0]
[3, array([ 0.5458, -0.0426]), array([ 0.54227619, -0.04588333]), 0.7854, 0.0]
[3, array([ 0.5458, -0.0426]), array([ 0.54242857, -0.04588333]), 0.7854, 0.0]
[3, array([ 0.5458, -0.0426]), array([ 0.54258095, -0.04588333]), 0.7854, 0.0]
[3, array([ 0.5458, -0.0426]), array([ 0.54273333, -0.04588333]), 0.7854, 0.0]
[3, array([ 0.5458, -0.0426]), array([ 0.54288571, -0.04588333]), 0.7854, 0.0]
[3, array([ 0.5458, -0.0426]), array([ 0.5430381 , -0.04588333]), 0.7854, 0.0]
[3, array([ 0.5458, -0.0426]), array([ 0.54319048, -0.04588333]), 0.7854, 0.0]
[3, array([ 0.5458, -0.0426]), array([ 0.54334286, -0.04588333]), 0.7854, 0.0]
[3, array([ 0.5458, -0.0426]), array([ 0.54349524, -0.04588333]), 0.7854, 0.0]
[3, array([ 0.5458, -0.0426]), array([ 0.54364762, -0.04588333]), 0.7854, 0.0]
[3, array([ 0.5458, -0.0426]), array([ 0.5438    , -0.04588333]), 0.7854, 0.0]
[3, array([ 0.5458, -0.0426]), array([ 0.5406    , -0.04573095]), 0.7854, 0.0]
[3, array([ 0.5458, -0.0426]), array([ 0.54075238, -0.04573095]), 0.7854, 0.0]
[3, array([ 0.5458, -0.0426]), array([ 0.54090476, -0.04573095]), 0.7854, 0.0]
[3, array([ 0.5458, -0.0426]), array([ 0.54105714, -0.04573095]), 0.7854, 0.0]
[3, array([ 0.5458, -0.0426]), array([ 0.54120952, -0.04573095]), 0.7854, 0.0]
[3, array([ 0.5458, -0.0426]), array([ 0.5413619 , -0.04573095]), 0.7854, 0.0]
[3, array([ 0.5458, -0.0426]), array([ 0.54151429, -0.04573095]), 0.7854, 0.0]
[3, array([ 0.5458, -0.0426]), array([ 0.54166667, -0.04573095]), 0.7854, 0.0]
[3, array([ 0.5458, -0.0426]), array([ 0.54181905, -0.04573095]), 0.7854, 0.0]
[3, array([ 0.5458, -0.0426]), array([ 0.54197143, -0.04573095]), 0.7854, 0.0]
[3, array([ 0.5458, -0.0426]), array([ 0.54212381, -0.04573095]), 0.7854, 0.0]
[3, array([ 0.5458, -0.0426]), array([ 0.54227619, -0.04573095]), 0.7854, 0.0]
[3, array([ 0.5458, -0.0426]), array([ 0.54242857, -0.04573095]), 0.7854, 0.0]
[3, array([ 0.5458, -0.0426]), array([ 0.54258095, -0.04573095]), 0.7854, 0.0]
[3, array([ 0.5458, -0.0426]), array([ 0.54273333, -0.04573095]), 0.7854, 0.0]
[3, array([ 0.5458, -0.0426]), array([ 0.54288571, -0.04573095]), 0.7854, 0.0]
[3, array([ 0.5458, -0.0426]), array([ 0.5430381 , -0.04573095]), 0.7854, 0.0]
[3, array([ 0.5458, -0.0426]), array([ 0.54319048, -0.04573095]), 0.7854, 0.0]
[3, array([ 0.5458, -0.0426]), array([ 0.54334286, -0.04573095]), 0.7854, 0.0]
[3, array([ 0.5458, -0.0426]), array([ 0.54349524, -0.04573095]), 0.7854, 0.0]
[3, array([ 0.5458, -0.0426]), array([ 0.54364762, -0.04573095]), 0.7854, 0.0]
[3, array([ 0.5458, -0.0426]), array([ 0.5438    , -0.04573095]), 0.7854, 0.0]
[3, array([ 0.5458, -0.0426]), array([ 0.5406    , -0.04557857]), 0.7854, 0.0]
[3, array([ 0.5458, -0.0426]), array([ 0.54075238, -0.04557857]), 0.7854, 0.0]
[3, array([ 0.5458, -0.0426]), array([ 0.54090476, -0.04557857]), 0.7854, 0.0]
[3, array([ 0.5458, -0.0426]), array([ 0.54105714, -0.04557857]), 0.7854, 0.0]
[3, array([ 0.5458, -0.0426]), array([ 0.54120952, -0.04557857]), 0.7854, 0.0]
[3, array([ 0.5458, -0.0426]), array([ 0.5413619 , -0.04557857]), 0.7854, 0.0]
[3, array([ 0.5458, -0.0426]), array([ 0.54151429, -0.04557857]), 0.7854, 0.0]
[3, array([ 0.5458, -0.0426]), array([ 0.54166667, -0.04557857]), 0.7854, 0.0]
[3, array([ 0.5458, -0.0426]), array([ 0.54181905, -0.04557857]), 0.7854, 0.0]
[3, array([ 0.5458, -0.0426]), array([ 0.54197143, -0.04557857]), 0.7854, 0.0]
[3, array([ 0.5458, -0.0426]), array([ 0.54212381, -0.04557857]), 0.7854, 0.0]
[3, array([ 0.5458, -0.0426]), array([ 0.54227619, -0.04557857]), 0.7854, 0.0]
[3, array([ 0.5458, -0.0426]), array([ 0.54242857, -0.04557857]), 0.7854, 0.0]
[3, array([ 0.5458, -0.0426]), array([ 0.54258095, -0.04557857]), 0.7854, 0.0]
[3, array([ 0.5458, -0.0426]), array([ 0.54273333, -0.04557857]), 0.7854, 0.0]
[3, array([ 0.5458, -0.0426]), array([ 0.54288571, -0.04557857]), 0.7854, 0.0]
[3, array([ 0.5458, -0.0426]), array([ 0.5430381 , -0.04557857]), 0.7854, 0.0]
[3, array([ 0.5458, -0.0426]), array([ 0.54319048, -0.04557857]), 0.7854, 0.0]
[3, array([ 0.5458, -0.0426]), array([ 0.54334286, -0.04557857]), 0.7854, 0.0]
[3, array([ 0.5458, -0.0426]), array([ 0.54349524, -0.04557857]), 0.7854, 0.0]
[3, array([ 0.5458, -0.0426]), array([ 0.54364762, -0.04557857]), 0.7854, 0.0]
[3, array([ 0.5458, -0.0426]), array([ 0.5438    , -0.04557857]), 0.7854, 0.0]
[3, array([ 0.5458, -0.0426]), array([ 0.5406    , -0.04542619]), 0.7854, 0.0]
[3, array([ 0.5458, -0.0426]), array([ 0.54075238, -0.04542619]), 0.7854, 0.0]
[3, array([ 0.5458, -0.0426]), array([ 0.54090476, -0.04542619]), 0.7854, 0.0]
[3, array([ 0.5458, -0.0426]), array([ 0.54105714, -0.04542619]), 0.7854, 0.0]
[3, array([ 0.5458, -0.0426]), array([ 0.54120952, -0.04542619]), 0.7854, 0.0]
[3, array([ 0.5458, -0.0426]), array([ 0.5413619 , -0.04542619]), 0.7854, 0.0]
[3, array([ 0.5458, -0.0426]), array([ 0.54151429, -0.04542619]), 0.7854, 0.0]
[3, array([ 0.5458, -0.0426]), array([ 0.54166667, -0.04542619]), 0.7854, 0.0]
[3, array([ 0.5458, -0.0426]), array([ 0.54181905, -0.04542619]), 0.7854, 0.0]
[3, array([ 0.5458, -0.0426]), array([ 0.54197143, -0.04542619]), 0.7854, 0.0]
[3, array([ 0.5458, -0.0426]), array([ 0.54212381, -0.04542619]), 0.7854, 0.0]
[3, array([ 0.5458, -0.0426]), array([ 0.54227619, -0.04542619]), 0.7854, 0.0]
[3, array([ 0.5458, -0.0426]), array([ 0.54242857, -0.04542619]), 0.7854, 0.0]
[3, array([ 0.5458, -0.0426]), array([ 0.54258095, -0.04542619]), 0.7854, 0.0]
[3, array([ 0.5458, -0.0426]), array([ 0.54273333, -0.04542619]), 0.7854, 0.0]
[3, array([ 0.5458, -0.0426]), array([ 0.54288571, -0.04542619]), 0.7854, 0.0]
[3, array([ 0.5458, -0.0426]), array([ 0.5430381 , -0.04542619]), 0.7854, 0.0]
[3, array([ 0.5458, -0.0426]), array([ 0.54319048, -0.04542619]), 0.7854, 0.0]
[3, array([ 0.5458, -0.0426]), array([ 0.54334286, -0.04542619]), 0.7854, 0.0]
[3, array([ 0.5458, -0.0426]), array([ 0.54349524, -0.04542619]), 0.7854, 0.0]
[3, array([ 0.5458, -0.0426]), array([ 0.54364762, -0.04542619]), 0.7854, 0.0]
[3, array([ 0.5458, -0.0426]), array([ 0.5438    , -0.04542619]), 0.7854, 0.0]
[3, array([ 0.5458, -0.0426]), array([ 0.5406    , -0.04527381]), 0.7854, 0.0]
[3, array([ 0.5458, -0.0426]), array([ 0.54075238, -0.04527381]), 0.7854, 0.0]
[3, array([ 0.5458, -0.0426]), array([ 0.54090476, -0.04527381]), 0.7854, 0.0]
[3, array([ 0.5458, -0.0426]), array([ 0.54105714, -0.04527381]), 0.7854, 0.0]
[3, array([ 0.5458, -0.0426]), array([ 0.54120952, -0.04527381]), 0.7854, 0.0]
[3, array([ 0.5458, -0.0426]), array([ 0.5413619 , -0.04527381]), 0.7854, 0.0]
[3, array([ 0.5458, -0.0426]), array([ 0.54151429, -0.04527381]), 0.7854, 0.0]
[3, array([ 0.5458, -0.0426]), array([ 0.54166667, -0.04527381]), 0.7854, 0.0]
[3, array([ 0.5458, -0.0426]), array([ 0.54181905, -0.04527381]), 0.7854, 0.0]
[3, array([ 0.5458, -0.0426]), array([ 0.54197143, -0.04527381]), 0.7854, 0.0]
[3, array([ 0.5458, -0.0426]), array([ 0.54212381, -0.04527381]), 0.7854, 0.0]
[3, array([ 0.5458, -0.0426]), array([ 0.54227619, -0.04527381]), 0.7854, 0.0]
[3, array([ 0.5458, -0.0426]), array([ 0.54242857, -0.04527381]), 0.7854, 0.0]
[3, array([ 0.5458, -0.0426]), array([ 0.54258095, -0.04527381]), 0.7854, 0.0]
[3, array([ 0.5458, -0.0426]), array([ 0.54273333, -0.04527381]), 0.7854, 0.0]
[3, array([ 0.5458, -0.0426]), array([ 0.54288571, -0.04527381]), 0.7854, 0.0]
[3, array([ 0.5458, -0.0426]), array([ 0.5430381 , -0.04527381]), 0.7854, 0.0]
[3, array([ 0.5458, -0.0426]), array([ 0.54319048, -0.04527381]), 0.7854, 0.0]
[3, array([ 0.5458, -0.0426]), array([ 0.54334286, -0.04527381]), 0.7854, 0.0]
[3, array([ 0.5458, -0.0426]), array([ 0.54349524, -0.04527381]), 0.7854, 0.0]
[3, array([ 0.5458, -0.0426]), array([ 0.54364762, -0.04527381]), 0.7854, 0.0]
[3, array([ 0.5458, -0.0426]), array([ 0.5438    , -0.04527381]), 0.7854, 0.0]
[3, array([ 0.5458, -0.0426]), array([ 0.5406    , -0.04512143]), 0.7854, 0.0]
[3, array([ 0.5458, -0.0426]), array([ 0.54075238, -0.04512143]), 0.7854, 0.0]
[3, array([ 0.5458, -0.0426]), array([ 0.54090476, -0.04512143]), 0.7854, 0.0]
[3, array([ 0.5458, -0.0426]), array([ 0.54105714, -0.04512143]), 0.7854, 0.0]
[3, array([ 0.5458, -0.0426]), array([ 0.54120952, -0.04512143]), 0.7854, 0.0]
[3, array([ 0.5458, -0.0426]), array([ 0.5413619 , -0.04512143]), 0.7854, 0.0]
[3, array([ 0.5458, -0.0426]), array([ 0.54151429, -0.04512143]), 0.7854, 0.0]
[3, array([ 0.5458, -0.0426]), array([ 0.54166667, -0.04512143]), 0.7854, 0.0]
[3, array([ 0.5458, -0.0426]), array([ 0.54181905, -0.04512143]), 0.7854, 0.0]
[3, array([ 0.5458, -0.0426]), array([ 0.54197143, -0.04512143]), 0.7854, 0.0]
[3, array([ 0.5458, -0.0426]), array([ 0.54212381, -0.04512143]), 0.7854, 0.0]
[3, array([ 0.5458, -0.0426]), array([ 0.54227619, -0.04512143]), 0.7854, 0.0]
[3, array([ 0.5458, -0.0426]), array([ 0.54242857, -0.04512143]), 0.7854, 0.0]
[3, array([ 0.5458, -0.0426]), array([ 0.54258095, -0.04512143]), 0.7854, 0.0]
[3, array([ 0.5458, -0.0426]), array([ 0.54273333, -0.04512143]), 0.7854, 0.0]
[3, array([ 0.5458, -0.0426]), array([ 0.54288571, -0.04512143]), 0.7854, 0.0]
[3, array([ 0.5458, -0.0426]), array([ 0.5430381 , -0.04512143]), 0.7854, 0.0]
[3, array([ 0.5458, -0.0426]), array([ 0.54319048, -0.04512143]), 0.7854, 0.0]
[3, array([ 0.5458, -0.0426]), array([ 0.54334286, -0.04512143]), 0.7854, 0.0]
[3, array([ 0.5458, -0.0426]), array([ 0.54349524, -0.04512143]), 0.7854, 0.0]
[3, array([ 0.5458, -0.0426]), array([ 0.54364762, -0.04512143]), 0.7854, 0.0]
[3, array([ 0.5458, -0.0426]), array([ 0.5438    , -0.04512143]), 0.7854, 0.0]
[3, array([ 0.5458, -0.0426]), array([ 0.5406    , -0.04496905]), 0.7854, 0.0]
[3, array([ 0.5458, -0.0426]), array([ 0.54075238, -0.04496905]), 0.7854, 0.0]
[3, array([ 0.5458, -0.0426]), array([ 0.54090476, -0.04496905]), 0.7854, 0.0]
[3, array([ 0.5458, -0.0426]), array([ 0.54105714, -0.04496905]), 0.7854, 0.0]
[3, array([ 0.5458, -0.0426]), array([ 0.54120952, -0.04496905]), 0.7854, 0.0]
[3, array([ 0.5458, -0.0426]), array([ 0.5413619 , -0.04496905]), 0.7854, 0.0]
[3, array([ 0.5458, -0.0426]), array([ 0.54151429, -0.04496905]), 0.7854, 0.0]
[3, array([ 0.5458, -0.0426]), array([ 0.54166667, -0.04496905]), 0.7854, 0.0]
[3, array([ 0.5458, -0.0426]), array([ 0.54181905, -0.04496905]), 0.7854, 0.0]
[3, array([ 0.5458, -0.0426]), array([ 0.54197143, -0.04496905]), 0.7854, 0.0]
[3, array([ 0.5458, -0.0426]), array([ 0.54212381, -0.04496905]), 0.7854, 0.0]
[3, array([ 0.5458, -0.0426]), array([ 0.54227619, -0.04496905]), 0.7854, 0.0]
[3, array([ 0.5458, -0.0426]), array([ 0.54242857, -0.04496905]), 0.7854, 0.0]
[3, array([ 0.5458, -0.0426]), array([ 0.54258095, -0.04496905]), 0.7854, 0.0]
[3, array([ 0.5458, -0.0426]), array([ 0.54273333, -0.04496905]), 0.7854, 0.0]
[3, array([ 0.5458, -0.0426]), array([ 0.54288571, -0.04496905]), 0.7854, 0.0]
[3, array([ 0.5458, -0.0426]), array([ 0.5430381 , -0.04496905]), 0.7854, 0.0]
[3, array([ 0.5458, -0.0426]), array([ 0.54319048, -0.04496905]), 0.7854, 0.0]
[3, array([ 0.5458, -0.0426]), array([ 0.54334286, -0.04496905]), 0.7854, 0.0]
[3, array([ 0.5458, -0.0426]), array([ 0.54349524, -0.04496905]), 0.7854, 0.0]
[3, array([ 0.5458, -0.0426]), array([ 0.54364762, -0.04496905]), 0.7854, 0.0]
[3, array([ 0.5458, -0.0426]), array([ 0.5438    , -0.04496905]), 0.7854, 0.0]
[3, array([ 0.5458, -0.0426]), array([ 0.5406    , -0.04481667]), 0.7854, 0.0]
[3, array([ 0.5458, -0.0426]), array([ 0.54075238, -0.04481667]), 0.7854, 0.0]
[3, array([ 0.5458, -0.0426]), array([ 0.54090476, -0.04481667]), 0.7854, 0.0]
[3, array([ 0.5458, -0.0426]), array([ 0.54105714, -0.04481667]), 0.7854, 0.0]
[3, array([ 0.5458, -0.0426]), array([ 0.54120952, -0.04481667]), 0.7854, 0.0]
[3, array([ 0.5458, -0.0426]), array([ 0.5413619 , -0.04481667]), 0.7854, 0.0]
[3, array([ 0.5458, -0.0426]), array([ 0.54151429, -0.04481667]), 0.7854, 0.0]
[3, array([ 0.5458, -0.0426]), array([ 0.54166667, -0.04481667]), 0.7854, 0.0]
[3, array([ 0.5458, -0.0426]), array([ 0.54181905, -0.04481667]), 0.7854, 0.0]
[3, array([ 0.5458, -0.0426]), array([ 0.54197143, -0.04481667]), 0.7854, 0.0]
[3, array([ 0.5458, -0.0426]), array([ 0.54212381, -0.04481667]), 0.7854, 0.0]
[3, array([ 0.5458, -0.0426]), array([ 0.54227619, -0.04481667]), 0.7854, 0.0]
[3, array([ 0.5458, -0.0426]), array([ 0.54242857, -0.04481667]), 0.7854, 0.0]
[3, array([ 0.5458, -0.0426]), array([ 0.54258095, -0.04481667]), 0.7854, 0.0]
[3, array([ 0.5458, -0.0426]), array([ 0.54273333, -0.04481667]), 0.7854, 0.0]
[3, array([ 0.5458, -0.0426]), array([ 0.54288571, -0.04481667]), 0.7854, 0.0]
[3, array([ 0.5458, -0.0426]), array([ 0.5430381 , -0.04481667]), 0.7854, 0.0]
[3, array([ 0.5458, -0.0426]), array([ 0.54319048, -0.04481667]), 0.7854, 0.0]
[3, array([ 0.5458, -0.0426]), array([ 0.54334286, -0.04481667]), 0.7854, 0.0]
[3, array([ 0.5458, -0.0426]), array([ 0.54349524, -0.04481667]), 0.7854, 0.0]
[3, array([ 0.5458, -0.0426]), array([ 0.54364762, -0.04481667]), 0.7854, 0.0]
[3, array([ 0.5458, -0.0426]), array([ 0.5438    , -0.04481667]), 0.7854, 0.0]
[3, array([ 0.5458, -0.0426]), array([ 0.5406    , -0.04466429]), 0.7854, 0.0]
[3, array([ 0.5458, -0.0426]), array([ 0.54075238, -0.04466429]), 0.7854, 0.0]
[3, array([ 0.5458, -0.0426]), array([ 0.54090476, -0.04466429]), 0.7854, 0.0]
[3, array([ 0.5458, -0.0426]), array([ 0.54105714, -0.04466429]), 0.7854, 0.0]
[3, array([ 0.5458, -0.0426]), array([ 0.54120952, -0.04466429]), 0.7854, 0.0]
[3, array([ 0.5458, -0.0426]), array([ 0.5413619 , -0.04466429]), 0.7854, 0.0]
[3, array([ 0.5458, -0.0426]), array([ 0.54151429, -0.04466429]), 0.7854, 0.0]
[3, array([ 0.5458, -0.0426]), array([ 0.54166667, -0.04466429]), 0.7854, 0.0]
[3, array([ 0.5458, -0.0426]), array([ 0.54181905, -0.04466429]), 0.7854, 0.0]
[3, array([ 0.5458, -0.0426]), array([ 0.54197143, -0.04466429]), 0.7854, 0.0]
[3, array([ 0.5458, -0.0426]), array([ 0.54212381, -0.04466429]), 0.7854, 0.0]
[3, array([ 0.5458, -0.0426]), array([ 0.54227619, -0.04466429]), 0.7854, 0.0]
[3, array([ 0.5458, -0.0426]), array([ 0.54242857, -0.04466429]), 0.7854, 0.0]
[3, array([ 0.5458, -0.0426]), array([ 0.54258095, -0.04466429]), 0.7854, 0.0]
[3, array([ 0.5458, -0.0426]), array([ 0.54273333, -0.04466429]), 0.7854, 0.0]
[3, array([ 0.5458, -0.0426]), array([ 0.54288571, -0.04466429]), 0.7854, 0.0]
[3, array([ 0.5458, -0.0426]), array([ 0.5430381 , -0.04466429]), 0.7854, 0.0]
[3, array([ 0.5458, -0.0426]), array([ 0.54319048, -0.04466429]), 0.7854, 0.0]
[3, array([ 0.5458, -0.0426]), array([ 0.54334286, -0.04466429]), 0.7854, 0.0]
[3, array([ 0.5458, -0.0426]), array([ 0.54349524, -0.04466429]), 0.7854, 0.0]
[3, array([ 0.5458, -0.0426]), array([ 0.54364762, -0.04466429]), 0.7854, 0.0]
[3, array([ 0.5458, -0.0426]), array([ 0.5438    , -0.04466429]), 0.7854, 0.0]
[3, array([ 0.5458, -0.0426]), array([ 0.5406   , -0.0445119]), 0.7854, 0.0]
[3, array([ 0.5458, -0.0426]), array([ 0.54075238, -0.0445119 ]), 0.7854, 0.0]
[3, array([ 0.5458, -0.0426]), array([ 0.54090476, -0.0445119 ]), 0.7854, 0.0]
[3, array([ 0.5458, -0.0426]), array([ 0.54105714, -0.0445119 ]), 0.7854, 0.0]
[3, array([ 0.5458, -0.0426]), array([ 0.54120952, -0.0445119 ]), 0.7854, 0.0]
[3, array([ 0.5458, -0.0426]), array([ 0.5413619, -0.0445119]), 0.7854, 0.0]
[3, array([ 0.5458, -0.0426]), array([ 0.54151429, -0.0445119 ]), 0.7854, 0.0]
[3, array([ 0.5458, -0.0426]), array([ 0.54166667, -0.0445119 ]), 0.7854, 0.0]
[3, array([ 0.5458, -0.0426]), array([ 0.54181905, -0.0445119 ]), 0.7854, 0.0]
[3, array([ 0.5458, -0.0426]), array([ 0.54197143, -0.0445119 ]), 0.7854, 0.0]
[3, array([ 0.5458, -0.0426]), array([ 0.54212381, -0.0445119 ]), 0.7854, 0.0]
[3, array([ 0.5458, -0.0426]), array([ 0.54227619, -0.0445119 ]), 0.7854, 0.0]
[3, array([ 0.5458, -0.0426]), array([ 0.54242857, -0.0445119 ]), 0.7854, 0.0]
[3, array([ 0.5458, -0.0426]), array([ 0.54258095, -0.0445119 ]), 0.7854, 0.0]
[3, array([ 0.5458, -0.0426]), array([ 0.54273333, -0.0445119 ]), 0.7854, 0.0]
[3, array([ 0.5458, -0.0426]), array([ 0.54288571, -0.0445119 ]), 0.7854, 0.0]
[3, array([ 0.5458, -0.0426]), array([ 0.5430381, -0.0445119]), 0.7854, 0.0]
[3, array([ 0.5458, -0.0426]), array([ 0.54319048, -0.0445119 ]), 0.7854, 0.0]
[3, array([ 0.5458, -0.0426]), array([ 0.54334286, -0.0445119 ]), 0.7854, 0.0]
[3, array([ 0.5458, -0.0426]), array([ 0.54349524, -0.0445119 ]), 0.7854, 0.0]
[3, array([ 0.5458, -0.0426]), array([ 0.54364762, -0.0445119 ]), 0.7854, 0.0]
[3, array([ 0.5458, -0.0426]), array([ 0.5438   , -0.0445119]), 0.7854, 0.0]
[3, array([ 0.5458, -0.0426]), array([ 0.5406    , -0.04435952]), 0.7854, 0.0]
[3, array([ 0.5458, -0.0426]), array([ 0.54075238, -0.04435952]), 0.7854, 0.0]
[3, array([ 0.5458, -0.0426]), array([ 0.54090476, -0.04435952]), 0.7854, 0.0]
[3, array([ 0.5458, -0.0426]), array([ 0.54105714, -0.04435952]), 0.7854, 0.0]
[3, array([ 0.5458, -0.0426]), array([ 0.54120952, -0.04435952]), 0.7854, 0.0]
[3, array([ 0.5458, -0.0426]), array([ 0.5413619 , -0.04435952]), 0.7854, 0.0]
[3, array([ 0.5458, -0.0426]), array([ 0.54151429, -0.04435952]), 0.7854, 0.0]
[3, array([ 0.5458, -0.0426]), array([ 0.54166667, -0.04435952]), 0.7854, 0.0]
[3, array([ 0.5458, -0.0426]), array([ 0.54181905, -0.04435952]), 0.7854, 0.0]
[3, array([ 0.5458, -0.0426]), array([ 0.54197143, -0.04435952]), 0.7854, 0.0]
[3, array([ 0.5458, -0.0426]), array([ 0.54212381, -0.04435952]), 0.7854, 0.0]
[3, array([ 0.5458, -0.0426]), array([ 0.54227619, -0.04435952]), 0.7854, 0.0]
[3, array([ 0.5458, -0.0426]), array([ 0.54242857, -0.04435952]), 0.7854, 0.0]
[3, array([ 0.5458, -0.0426]), array([ 0.54258095, -0.04435952]), 0.7854, 0.0]
[3, array([ 0.5458, -0.0426]), array([ 0.54273333, -0.04435952]), 0.7854, 0.0]
[3, array([ 0.5458, -0.0426]), array([ 0.54288571, -0.04435952]), 0.7854, 0.0]
[3, array([ 0.5458, -0.0426]), array([ 0.5430381 , -0.04435952]), 0.7854, 0.0]
[3, array([ 0.5458, -0.0426]), array([ 0.54319048, -0.04435952]), 0.7854, 0.0]
[3, array([ 0.5458, -0.0426]), array([ 0.54334286, -0.04435952]), 0.7854, 0.0]
[3, array([ 0.5458, -0.0426]), array([ 0.54349524, -0.04435952]), 0.7854, 0.0]
[3, array([ 0.5458, -0.0426]), array([ 0.54364762, -0.04435952]), 0.7854, 0.0]
[3, array([ 0.5458, -0.0426]), array([ 0.5438    , -0.04435952]), 0.7854, 0.0]
[3, array([ 0.5458, -0.0426]), array([ 0.5406    , -0.04420714]), 0.7854, 0.0]
[3, array([ 0.5458, -0.0426]), array([ 0.54075238, -0.04420714]), 0.7854, 0.0]
[3, array([ 0.5458, -0.0426]), array([ 0.54090476, -0.04420714]), 0.7854, 0.0]
[3, array([ 0.5458, -0.0426]), array([ 0.54105714, -0.04420714]), 0.7854, 0.0]
[3, array([ 0.5458, -0.0426]), array([ 0.54120952, -0.04420714]), 0.7854, 0.0]
[3, array([ 0.5458, -0.0426]), array([ 0.5413619 , -0.04420714]), 0.7854, 0.0]
[3, array([ 0.5458, -0.0426]), array([ 0.54151429, -0.04420714]), 0.7854, 0.0]
[3, array([ 0.5458, -0.0426]), array([ 0.54166667, -0.04420714]), 0.7854, 0.0]
[3, array([ 0.5458, -0.0426]), array([ 0.54181905, -0.04420714]), 0.7854, 0.0]
[3, array([ 0.5458, -0.0426]), array([ 0.54197143, -0.04420714]), 0.7854, 0.0]
[3, array([ 0.5458, -0.0426]), array([ 0.54212381, -0.04420714]), 0.7854, 0.0]
[3, array([ 0.5458, -0.0426]), array([ 0.54227619, -0.04420714]), 0.7854, 0.0]
[3, array([ 0.5458, -0.0426]), array([ 0.54242857, -0.04420714]), 0.7854, 0.0]
[3, array([ 0.5458, -0.0426]), array([ 0.54258095, -0.04420714]), 0.7854, 0.0]
[3, array([ 0.5458, -0.0426]), array([ 0.54273333, -0.04420714]), 0.7854, 0.0]
[3, array([ 0.5458, -0.0426]), array([ 0.54288571, -0.04420714]), 0.7854, 0.0]
[3, array([ 0.5458, -0.0426]), array([ 0.5430381 , -0.04420714]), 0.7854, 0.0]
[3, array([ 0.5458, -0.0426]), array([ 0.54319048, -0.04420714]), 0.7854, 0.0]
[3, array([ 0.5458, -0.0426]), array([ 0.54334286, -0.04420714]), 0.7854, 0.0]
[3, array([ 0.5458, -0.0426]), array([ 0.54349524, -0.04420714]), 0.7854, 0.0]
[3, array([ 0.5458, -0.0426]), array([ 0.54364762, -0.04420714]), 0.7854, 0.0]
[3, array([ 0.5458, -0.0426]), array([ 0.5438    , -0.04420714]), 0.7854, 1.0]
[3, array([ 0.5458, -0.0426]), array([ 0.5406    , -0.04405476]), 0.7854, 0.0]
[3, array([ 0.5458, -0.0426]), array([ 0.54075238, -0.04405476]), 0.7854, 0.0]
[3, array([ 0.5458, -0.0426]), array([ 0.54090476, -0.04405476]), 0.7854, 0.0]
[3, array([ 0.5458, -0.0426]), array([ 0.54105714, -0.04405476]), 0.7854, 0.0]
[3, array([ 0.5458, -0.0426]), array([ 0.54120952, -0.04405476]), 0.7854, 0.0]
[3, array([ 0.5458, -0.0426]), array([ 0.5413619 , -0.04405476]), 0.7854, 0.0]
[3, array([ 0.5458, -0.0426]), array([ 0.54151429, -0.04405476]), 0.7854, 0.0]
[3, array([ 0.5458, -0.0426]), array([ 0.54166667, -0.04405476]), 0.7854, 0.0]
[3, array([ 0.5458, -0.0426]), array([ 0.54181905, -0.04405476]), 0.7854, 0.0]
[3, array([ 0.5458, -0.0426]), array([ 0.54197143, -0.04405476]), 0.7854, 0.0]
[3, array([ 0.5458, -0.0426]), array([ 0.54212381, -0.04405476]), 0.7854, 0.0]
[3, array([ 0.5458, -0.0426]), array([ 0.54227619, -0.04405476]), 0.7854, 0.0]
[3, array([ 0.5458, -0.0426]), array([ 0.54242857, -0.04405476]), 0.7854, 0.0]
[3, array([ 0.5458, -0.0426]), array([ 0.54258095, -0.04405476]), 0.7854, 0.0]
[3, array([ 0.5458, -0.0426]), array([ 0.54273333, -0.04405476]), 0.7854, 0.0]
[3, array([ 0.5458, -0.0426]), array([ 0.54288571, -0.04405476]), 0.7854, 0.0]
[3, array([ 0.5458, -0.0426]), array([ 0.5430381 , -0.04405476]), 0.7854, 0.0]
[3, array([ 0.5458, -0.0426]), array([ 0.54319048, -0.04405476]), 0.7854, 0.0]
[3, array([ 0.5458, -0.0426]), array([ 0.54334286, -0.04405476]), 0.7854, 0.0]
[3, array([ 0.5458, -0.0426]), array([ 0.54349524, -0.04405476]), 0.7854, 0.0]
[3, array([ 0.5458, -0.0426]), array([ 0.54364762, -0.04405476]), 0.7854, 0.0]
[3, array([ 0.5458, -0.0426]), array([ 0.5438    , -0.04405476]), 0.7854, 0.0]
[3, array([ 0.5458, -0.0426]), array([ 0.5406    , -0.04390238]), 0.7854, 0.0]
[3, array([ 0.5458, -0.0426]), array([ 0.54075238, -0.04390238]), 0.7854, 0.0]
[3, array([ 0.5458, -0.0426]), array([ 0.54090476, -0.04390238]), 0.7854, 0.0]
[3, array([ 0.5458, -0.0426]), array([ 0.54105714, -0.04390238]), 0.7854, 0.0]
[3, array([ 0.5458, -0.0426]), array([ 0.54120952, -0.04390238]), 0.7854, 0.0]
[3, array([ 0.5458, -0.0426]), array([ 0.5413619 , -0.04390238]), 0.7854, 0.0]
[3, array([ 0.5458, -0.0426]), array([ 0.54151429, -0.04390238]), 0.7854, 0.0]
[3, array([ 0.5458, -0.0426]), array([ 0.54166667, -0.04390238]), 0.7854, 0.0]
[3, array([ 0.5458, -0.0426]), array([ 0.54181905, -0.04390238]), 0.7854, 0.0]
[3, array([ 0.5458, -0.0426]), array([ 0.54197143, -0.04390238]), 0.7854, 0.0]
[3, array([ 0.5458, -0.0426]), array([ 0.54212381, -0.04390238]), 0.7854, 0.0]
[3, array([ 0.5458, -0.0426]), array([ 0.54227619, -0.04390238]), 0.7854, 0.0]
[3, array([ 0.5458, -0.0426]), array([ 0.54242857, -0.04390238]), 0.7854, 0.0]
[3, array([ 0.5458, -0.0426]), array([ 0.54258095, -0.04390238]), 0.7854, 0.0]
[3, array([ 0.5458, -0.0426]), array([ 0.54273333, -0.04390238]), 0.7854, 0.0]
[3, array([ 0.5458, -0.0426]), array([ 0.54288571, -0.04390238]), 0.7854, 0.0]
[3, array([ 0.5458, -0.0426]), array([ 0.5430381 , -0.04390238]), 0.7854, 0.0]
[3, array([ 0.5458, -0.0426]), array([ 0.54319048, -0.04390238]), 0.7854, 0.0]
[3, array([ 0.5458, -0.0426]), array([ 0.54334286, -0.04390238]), 0.7854, 0.0]
[3, array([ 0.5458, -0.0426]), array([ 0.54349524, -0.04390238]), 0.7854, 0.0]
[3, array([ 0.5458, -0.0426]), array([ 0.54364762, -0.04390238]), 0.7854, 0.0]
[3, array([ 0.5458, -0.0426]), array([ 0.5438    , -0.04390238]), 0.7854, 0.0]
[3, array([ 0.5458, -0.0426]), array([ 0.5406 , -0.04375]), 0.7854, 0.0]
[3, array([ 0.5458, -0.0426]), array([ 0.54075238, -0.04375   ]), 0.7854, 0.0]
[3, array([ 0.5458, -0.0426]), array([ 0.54090476, -0.04375   ]), 0.7854, 0.0]
[3, array([ 0.5458, -0.0426]), array([ 0.54105714, -0.04375   ]), 0.7854, 0.0]
[3, array([ 0.5458, -0.0426]), array([ 0.54120952, -0.04375   ]), 0.7854, 0.0]
[3, array([ 0.5458, -0.0426]), array([ 0.5413619, -0.04375  ]), 0.7854, 0.0]
[3, array([ 0.5458, -0.0426]), array([ 0.54151429, -0.04375   ]), 0.7854, 0.0]
[3, array([ 0.5458, -0.0426]), array([ 0.54166667, -0.04375   ]), 0.7854, 0.0]
[3, array([ 0.5458, -0.0426]), array([ 0.54181905, -0.04375   ]), 0.7854, 0.0]
[3, array([ 0.5458, -0.0426]), array([ 0.54197143, -0.04375   ]), 0.7854, 0.0]
[3, array([ 0.5458, -0.0426]), array([ 0.54212381, -0.04375   ]), 0.7854, 0.0]
[3, array([ 0.5458, -0.0426]), array([ 0.54227619, -0.04375   ]), 0.7854, 0.0]
[3, array([ 0.5458, -0.0426]), array([ 0.54242857, -0.04375   ]), 0.7854, 0.0]
[3, array([ 0.5458, -0.0426]), array([ 0.54258095, -0.04375   ]), 0.7854, 0.0]
[3, array([ 0.5458, -0.0426]), array([ 0.54273333, -0.04375   ]), 0.7854, 0.0]
[3, array([ 0.5458, -0.0426]), array([ 0.54288571, -0.04375   ]), 0.7854, 0.0]
[3, array([ 0.5458, -0.0426]), array([ 0.5430381, -0.04375  ]), 0.7854, 0.0]
[3, array([ 0.5458, -0.0426]), array([ 0.54319048, -0.04375   ]), 0.7854, 0.0]
[3, array([ 0.5458, -0.0426]), array([ 0.54334286, -0.04375   ]), 0.7854, 0.0]
[3, array([ 0.5458, -0.0426]), array([ 0.54349524, -0.04375   ]), 0.7854, 0.0]
[3, array([ 0.5458, -0.0426]), array([ 0.54364762, -0.04375   ]), 0.7854, 0.0]
[3, array([ 0.5458, -0.0426]), array([ 0.5438 , -0.04375]), 0.7854, 0.0]
[1, array([ 0.4825, -0.0123]), array([ 0.475 , -0.0125]), 0.7854, 1.0]
[1, array([ 0.4825, -0.0123]), array([ 0.47514762, -0.0125    ]), 0.7854, 1.0]
[1, array([ 0.4825, -0.0123]), array([ 0.47529524, -0.0125    ]), 0.7854, 1.0]
[1, array([ 0.4825, -0.0123]), array([ 0.47544286, -0.0125    ]), 0.7854, 1.0]
[1, array([ 0.4825, -0.0123]), array([ 0.47559048, -0.0125    ]), 0.7854, 1.0]
[1, array([ 0.4825, -0.0123]), array([ 0.4757381, -0.0125   ]), 0.7854, 1.0]
[1, array([ 0.4825, -0.0123]), array([ 0.47588571, -0.0125    ]), 0.7854, 1.0]
[1, array([ 0.4825, -0.0123]), array([ 0.47603333, -0.0125    ]), 0.7854, 1.0]
[1, array([ 0.4825, -0.0123]), array([ 0.47618095, -0.0125    ]), 0.7854, 1.0]
[1, array([ 0.4825, -0.0123]), array([ 0.47632857, -0.0125    ]), 0.7854, 1.0]
[1, array([ 0.4825, -0.0123]), array([ 0.47647619, -0.0125    ]), 0.7854, 1.0]
[1, array([ 0.4825, -0.0123]), array([ 0.47662381, -0.0125    ]), 0.7854, 1.0]
[1, array([ 0.4825, -0.0123]), array([ 0.47677143, -0.0125    ]), 0.7854, 1.0]
[1, array([ 0.4825, -0.0123]), array([ 0.47691905, -0.0125    ]), 0.7854, 1.0]
[1, array([ 0.4825, -0.0123]), array([ 0.47706667, -0.0125    ]), 0.7854, 1.0]
[1, array([ 0.4825, -0.0123]), array([ 0.47721429, -0.0125    ]), 0.7854, 1.0]
[1, array([ 0.4825, -0.0123]), array([ 0.4773619, -0.0125   ]), 0.7854, 1.0]
[1, array([ 0.4825, -0.0123]), array([ 0.47750952, -0.0125    ]), 0.7854, 1.0]
[1, array([ 0.4825, -0.0123]), array([ 0.47765714, -0.0125    ]), 0.7854, 1.0]
[1, array([ 0.4825, -0.0123]), array([ 0.47780476, -0.0125    ]), 0.7854, 1.0]
[1, array([ 0.4825, -0.0123]), array([ 0.47795238, -0.0125    ]), 0.7854, 1.0]
[1, array([ 0.4825, -0.0123]), array([ 0.4781, -0.0125]), 0.7854, 1.0]
[1, array([ 0.4825, -0.0123]), array([ 0.475     , -0.01235238]), 0.7854, 1.0]
[1, array([ 0.4825, -0.0123]), array([ 0.47514762, -0.01235238]), 0.7854, 1.0]
[1, array([ 0.4825, -0.0123]), array([ 0.47529524, -0.01235238]), 0.7854, 1.0]
[1, array([ 0.4825, -0.0123]), array([ 0.47544286, -0.01235238]), 0.7854, 1.0]
[1, array([ 0.4825, -0.0123]), array([ 0.47559048, -0.01235238]), 0.7854, 1.0]
[1, array([ 0.4825, -0.0123]), array([ 0.4757381 , -0.01235238]), 0.7854, 1.0]
[1, array([ 0.4825, -0.0123]), array([ 0.47588571, -0.01235238]), 0.7854, 1.0]
[1, array([ 0.4825, -0.0123]), array([ 0.47603333, -0.01235238]), 0.7854, 1.0]
[1, array([ 0.4825, -0.0123]), array([ 0.47618095, -0.01235238]), 0.7854, 1.0]
[1, array([ 0.4825, -0.0123]), array([ 0.47632857, -0.01235238]), 0.7854, 1.0]
[1, array([ 0.4825, -0.0123]), array([ 0.47647619, -0.01235238]), 0.7854, 1.0]
[1, array([ 0.4825, -0.0123]), array([ 0.47662381, -0.01235238]), 0.7854, 1.0]
[1, array([ 0.4825, -0.0123]), array([ 0.47677143, -0.01235238]), 0.7854, 1.0]
[1, array([ 0.4825, -0.0123]), array([ 0.47691905, -0.01235238]), 0.7854, 1.0]
[1, array([ 0.4825, -0.0123]), array([ 0.47706667, -0.01235238]), 0.7854, 1.0]
[1, array([ 0.4825, -0.0123]), array([ 0.47721429, -0.01235238]), 0.7854, 1.0]
[1, array([ 0.4825, -0.0123]), array([ 0.4773619 , -0.01235238]), 0.7854, 1.0]
[1, array([ 0.4825, -0.0123]), array([ 0.47750952, -0.01235238]), 0.7854, 1.0]
[1, array([ 0.4825, -0.0123]), array([ 0.47765714, -0.01235238]), 0.7854, 1.0]
[1, array([ 0.4825, -0.0123]), array([ 0.47780476, -0.01235238]), 0.7854, 1.0]
[1, array([ 0.4825, -0.0123]), array([ 0.47795238, -0.01235238]), 0.7854, 1.0]
[1, array([ 0.4825, -0.0123]), array([ 0.4781    , -0.01235238]), 0.7854, 1.0]
[1, array([ 0.4825, -0.0123]), array([ 0.475     , -0.01220476]), 0.7854, 1.0]
[1, array([ 0.4825, -0.0123]), array([ 0.47514762, -0.01220476]), 0.7854, 1.0]
[1, array([ 0.4825, -0.0123]), array([ 0.47529524, -0.01220476]), 0.7854, 1.0]
[1, array([ 0.4825, -0.0123]), array([ 0.47544286, -0.01220476]), 0.7854, 1.0]
[1, array([ 0.4825, -0.0123]), array([ 0.47559048, -0.01220476]), 0.7854, 1.0]
[1, array([ 0.4825, -0.0123]), array([ 0.4757381 , -0.01220476]), 0.7854, 1.0]
[1, array([ 0.4825, -0.0123]), array([ 0.47588571, -0.01220476]), 0.7854, 1.0]
[1, array([ 0.4825, -0.0123]), array([ 0.47603333, -0.01220476]), 0.7854, 1.0]
[1, array([ 0.4825, -0.0123]), array([ 0.47618095, -0.01220476]), 0.7854, 1.0]
[1, array([ 0.4825, -0.0123]), array([ 0.47632857, -0.01220476]), 0.7854, 1.0]
[1, array([ 0.4825, -0.0123]), array([ 0.47647619, -0.01220476]), 0.7854, 1.0]
[1, array([ 0.4825, -0.0123]), array([ 0.47662381, -0.01220476]), 0.7854, 1.0]
[1, array([ 0.4825, -0.0123]), array([ 0.47677143, -0.01220476]), 0.7854, 1.0]
[1, array([ 0.4825, -0.0123]), array([ 0.47691905, -0.01220476]), 0.7854, 1.0]
[1, array([ 0.4825, -0.0123]), array([ 0.47706667, -0.01220476]), 0.7854, 1.0]
[1, array([ 0.4825, -0.0123]), array([ 0.47721429, -0.01220476]), 0.7854, 1.0]
[1, array([ 0.4825, -0.0123]), array([ 0.4773619 , -0.01220476]), 0.7854, 1.0]
[1, array([ 0.4825, -0.0123]), array([ 0.47750952, -0.01220476]), 0.7854, 1.0]
[1, array([ 0.4825, -0.0123]), array([ 0.47765714, -0.01220476]), 0.7854, 1.0]
[1, array([ 0.4825, -0.0123]), array([ 0.47780476, -0.01220476]), 0.7854, 1.0]
[1, array([ 0.4825, -0.0123]), array([ 0.47795238, -0.01220476]), 0.7854, 1.0]
[1, array([ 0.4825, -0.0123]), array([ 0.4781    , -0.01220476]), 0.7854, 1.0]
[1, array([ 0.4825, -0.0123]), array([ 0.475     , -0.01205714]), 0.7854, 1.0]
[1, array([ 0.4825, -0.0123]), array([ 0.47514762, -0.01205714]), 0.7854, 1.0]
[1, array([ 0.4825, -0.0123]), array([ 0.47529524, -0.01205714]), 0.7854, 1.0]
[1, array([ 0.4825, -0.0123]), array([ 0.47544286, -0.01205714]), 0.7854, 1.0]
[1, array([ 0.4825, -0.0123]), array([ 0.47559048, -0.01205714]), 0.7854, 1.0]
[1, array([ 0.4825, -0.0123]), array([ 0.4757381 , -0.01205714]), 0.7854, 1.0]
[1, array([ 0.4825, -0.0123]), array([ 0.47588571, -0.01205714]), 0.7854, 1.0]
[1, array([ 0.4825, -0.0123]), array([ 0.47603333, -0.01205714]), 0.7854, 1.0]
[1, array([ 0.4825, -0.0123]), array([ 0.47618095, -0.01205714]), 0.7854, 1.0]
[1, array([ 0.4825, -0.0123]), array([ 0.47632857, -0.01205714]), 0.7854, 1.0]
[1, array([ 0.4825, -0.0123]), array([ 0.47647619, -0.01205714]), 0.7854, 1.0]
[1, array([ 0.4825, -0.0123]), array([ 0.47662381, -0.01205714]), 0.7854, 1.0]
[1, array([ 0.4825, -0.0123]), array([ 0.47677143, -0.01205714]), 0.7854, 1.0]
[1, array([ 0.4825, -0.0123]), array([ 0.47691905, -0.01205714]), 0.7854, 1.0]
[1, array([ 0.4825, -0.0123]), array([ 0.47706667, -0.01205714]), 0.7854, 1.0]
[1, array([ 0.4825, -0.0123]), array([ 0.47721429, -0.01205714]), 0.7854, 1.0]
[1, array([ 0.4825, -0.0123]), array([ 0.4773619 , -0.01205714]), 0.7854, 1.0]
[1, array([ 0.4825, -0.0123]), array([ 0.47750952, -0.01205714]), 0.7854, 1.0]
[1, array([ 0.4825, -0.0123]), array([ 0.47765714, -0.01205714]), 0.7854, 1.0]
[1, array([ 0.4825, -0.0123]), array([ 0.47780476, -0.01205714]), 0.7854, 1.0]
[1, array([ 0.4825, -0.0123]), array([ 0.47795238, -0.01205714]), 0.7854, 1.0]
[1, array([ 0.4825, -0.0123]), array([ 0.4781    , -0.01205714]), 0.7854, 1.0]
[1, array([ 0.4825, -0.0123]), array([ 0.475     , -0.01190952]), 0.7854, 1.0]
[1, array([ 0.4825, -0.0123]), array([ 0.47514762, -0.01190952]), 0.7854, 1.0]
[1, array([ 0.4825, -0.0123]), array([ 0.47529524, -0.01190952]), 0.7854, 1.0]
[1, array([ 0.4825, -0.0123]), array([ 0.47544286, -0.01190952]), 0.7854, 1.0]
[1, array([ 0.4825, -0.0123]), array([ 0.47559048, -0.01190952]), 0.7854, 1.0]
[1, array([ 0.4825, -0.0123]), array([ 0.4757381 , -0.01190952]), 0.7854, 1.0]
[1, array([ 0.4825, -0.0123]), array([ 0.47588571, -0.01190952]), 0.7854, 1.0]
[1, array([ 0.4825, -0.0123]), array([ 0.47603333, -0.01190952]), 0.7854, 1.0]
[1, array([ 0.4825, -0.0123]), array([ 0.47618095, -0.01190952]), 0.7854, 1.0]
[1, array([ 0.4825, -0.0123]), array([ 0.47632857, -0.01190952]), 0.7854, 1.0]
[1, array([ 0.4825, -0.0123]), array([ 0.47647619, -0.01190952]), 0.7854, 1.0]
[1, array([ 0.4825, -0.0123]), array([ 0.47662381, -0.01190952]), 0.7854, 1.0]
[1, array([ 0.4825, -0.0123]), array([ 0.47677143, -0.01190952]), 0.7854, 1.0]
[1, array([ 0.4825, -0.0123]), array([ 0.47691905, -0.01190952]), 0.7854, 1.0]
[1, array([ 0.4825, -0.0123]), array([ 0.47706667, -0.01190952]), 0.7854, 1.0]
[1, array([ 0.4825, -0.0123]), array([ 0.47721429, -0.01190952]), 0.7854, 1.0]
[1, array([ 0.4825, -0.0123]), array([ 0.4773619 , -0.01190952]), 0.7854, 1.0]
[1, array([ 0.4825, -0.0123]), array([ 0.47750952, -0.01190952]), 0.7854, 1.0]
[1, array([ 0.4825, -0.0123]), array([ 0.47765714, -0.01190952]), 0.7854, 1.0]
[1, array([ 0.4825, -0.0123]), array([ 0.47780476, -0.01190952]), 0.7854, 1.0]
[1, array([ 0.4825, -0.0123]), array([ 0.47795238, -0.01190952]), 0.7854, 1.0]
[1, array([ 0.4825, -0.0123]), array([ 0.4781    , -0.01190952]), 0.7854, 1.0]
[1, array([ 0.4825, -0.0123]), array([ 0.475    , -0.0117619]), 0.7854, 1.0]
[1, array([ 0.4825, -0.0123]), array([ 0.47514762, -0.0117619 ]), 0.7854, 1.0]
[1, array([ 0.4825, -0.0123]), array([ 0.47529524, -0.0117619 ]), 0.7854, 1.0]
[1, array([ 0.4825, -0.0123]), array([ 0.47544286, -0.0117619 ]), 0.7854, 1.0]
[1, array([ 0.4825, -0.0123]), array([ 0.47559048, -0.0117619 ]), 0.7854, 1.0]
[1, array([ 0.4825, -0.0123]), array([ 0.4757381, -0.0117619]), 0.7854, 1.0]
[1, array([ 0.4825, -0.0123]), array([ 0.47588571, -0.0117619 ]), 0.7854, 1.0]
[1, array([ 0.4825, -0.0123]), array([ 0.47603333, -0.0117619 ]), 0.7854, 1.0]
[1, array([ 0.4825, -0.0123]), array([ 0.47618095, -0.0117619 ]), 0.7854, 1.0]
[1, array([ 0.4825, -0.0123]), array([ 0.47632857, -0.0117619 ]), 0.7854, 1.0]
[1, array([ 0.4825, -0.0123]), array([ 0.47647619, -0.0117619 ]), 0.7854, 1.0]
[1, array([ 0.4825, -0.0123]), array([ 0.47662381, -0.0117619 ]), 0.7854, 1.0]
[1, array([ 0.4825, -0.0123]), array([ 0.47677143, -0.0117619 ]), 0.7854, 1.0]
[1, array([ 0.4825, -0.0123]), array([ 0.47691905, -0.0117619 ]), 0.7854, 1.0]
[1, array([ 0.4825, -0.0123]), array([ 0.47706667, -0.0117619 ]), 0.7854, 1.0]
[1, array([ 0.4825, -0.0123]), array([ 0.47721429, -0.0117619 ]), 0.7854, 1.0]
[1, array([ 0.4825, -0.0123]), array([ 0.4773619, -0.0117619]), 0.7854, 1.0]
[1, array([ 0.4825, -0.0123]), array([ 0.47750952, -0.0117619 ]), 0.7854, 1.0]
[1, array([ 0.4825, -0.0123]), array([ 0.47765714, -0.0117619 ]), 0.7854, 1.0]
[1, array([ 0.4825, -0.0123]), array([ 0.47780476, -0.0117619 ]), 0.7854, 1.0]
[1, array([ 0.4825, -0.0123]), array([ 0.47795238, -0.0117619 ]), 0.7854, 1.0]
[1, array([ 0.4825, -0.0123]), array([ 0.4781   , -0.0117619]), 0.7854, 1.0]
[1, array([ 0.4825, -0.0123]), array([ 0.475     , -0.01161429]), 0.7854, 1.0]
[1, array([ 0.4825, -0.0123]), array([ 0.47514762, -0.01161429]), 0.7854, 1.0]
[1, array([ 0.4825, -0.0123]), array([ 0.47529524, -0.01161429]), 0.7854, 1.0]
[1, array([ 0.4825, -0.0123]), array([ 0.47544286, -0.01161429]), 0.7854, 1.0]
[1, array([ 0.4825, -0.0123]), array([ 0.47559048, -0.01161429]), 0.7854, 1.0]
[1, array([ 0.4825, -0.0123]), array([ 0.4757381 , -0.01161429]), 0.7854, 1.0]
[1, array([ 0.4825, -0.0123]), array([ 0.47588571, -0.01161429]), 0.7854, 1.0]
[1, array([ 0.4825, -0.0123]), array([ 0.47603333, -0.01161429]), 0.7854, 1.0]
[1, array([ 0.4825, -0.0123]), array([ 0.47618095, -0.01161429]), 0.7854, 1.0]
[1, array([ 0.4825, -0.0123]), array([ 0.47632857, -0.01161429]), 0.7854, 1.0]
[1, array([ 0.4825, -0.0123]), array([ 0.47647619, -0.01161429]), 0.7854, 1.0]
[1, array([ 0.4825, -0.0123]), array([ 0.47662381, -0.01161429]), 0.7854, 1.0]
[1, array([ 0.4825, -0.0123]), array([ 0.47677143, -0.01161429]), 0.7854, 1.0]
[1, array([ 0.4825, -0.0123]), array([ 0.47691905, -0.01161429]), 0.7854, 1.0]
[1, array([ 0.4825, -0.0123]), array([ 0.47706667, -0.01161429]), 0.7854, 1.0]
[1, array([ 0.4825, -0.0123]), array([ 0.47721429, -0.01161429]), 0.7854, 1.0]
[1, array([ 0.4825, -0.0123]), array([ 0.4773619 , -0.01161429]), 0.7854, 1.0]
[1, array([ 0.4825, -0.0123]), array([ 0.47750952, -0.01161429]), 0.7854, 1.0]
[1, array([ 0.4825, -0.0123]), array([ 0.47765714, -0.01161429]), 0.7854, 1.0]
[1, array([ 0.4825, -0.0123]), array([ 0.47780476, -0.01161429]), 0.7854, 1.0]
[1, array([ 0.4825, -0.0123]), array([ 0.47795238, -0.01161429]), 0.7854, 1.0]
[1, array([ 0.4825, -0.0123]), array([ 0.4781    , -0.01161429]), 0.7854, 1.0]
[1, array([ 0.4825, -0.0123]), array([ 0.475     , -0.01146667]), 0.7854, 1.0]
[1, array([ 0.4825, -0.0123]), array([ 0.47514762, -0.01146667]), 0.7854, 1.0]
[1, array([ 0.4825, -0.0123]), array([ 0.47529524, -0.01146667]), 0.7854, 1.0]
[1, array([ 0.4825, -0.0123]), array([ 0.47544286, -0.01146667]), 0.7854, 1.0]
[1, array([ 0.4825, -0.0123]), array([ 0.47559048, -0.01146667]), 0.7854, 1.0]
[1, array([ 0.4825, -0.0123]), array([ 0.4757381 , -0.01146667]), 0.7854, 1.0]
[1, array([ 0.4825, -0.0123]), array([ 0.47588571, -0.01146667]), 0.7854, 1.0]
[1, array([ 0.4825, -0.0123]), array([ 0.47603333, -0.01146667]), 0.7854, 1.0]
[1, array([ 0.4825, -0.0123]), array([ 0.47618095, -0.01146667]), 0.7854, 1.0]
[1, array([ 0.4825, -0.0123]), array([ 0.47632857, -0.01146667]), 0.7854, 1.0]
[1, array([ 0.4825, -0.0123]), array([ 0.47647619, -0.01146667]), 0.7854, 1.0]
[1, array([ 0.4825, -0.0123]), array([ 0.47662381, -0.01146667]), 0.7854, 1.0]
[1, array([ 0.4825, -0.0123]), array([ 0.47677143, -0.01146667]), 0.7854, 1.0]
[1, array([ 0.4825, -0.0123]), array([ 0.47691905, -0.01146667]), 0.7854, 1.0]
[1, array([ 0.4825, -0.0123]), array([ 0.47706667, -0.01146667]), 0.7854, 1.0]
[1, array([ 0.4825, -0.0123]), array([ 0.47721429, -0.01146667]), 0.7854, 1.0]
[1, array([ 0.4825, -0.0123]), array([ 0.4773619 , -0.01146667]), 0.7854, 1.0]
[1, array([ 0.4825, -0.0123]), array([ 0.47750952, -0.01146667]), 0.7854, 1.0]
[1, array([ 0.4825, -0.0123]), array([ 0.47765714, -0.01146667]), 0.7854, 1.0]
[1, array([ 0.4825, -0.0123]), array([ 0.47780476, -0.01146667]), 0.7854, 1.0]
[1, array([ 0.4825, -0.0123]), array([ 0.47795238, -0.01146667]), 0.7854, 1.0]
[1, array([ 0.4825, -0.0123]), array([ 0.4781    , -0.01146667]), 0.7854, 1.0]
[1, array([ 0.4825, -0.0123]), array([ 0.475     , -0.01131905]), 0.7854, 1.0]
[1, array([ 0.4825, -0.0123]), array([ 0.47514762, -0.01131905]), 0.7854, 1.0]
[1, array([ 0.4825, -0.0123]), array([ 0.47529524, -0.01131905]), 0.7854, 1.0]
[1, array([ 0.4825, -0.0123]), array([ 0.47544286, -0.01131905]), 0.7854, 1.0]
[1, array([ 0.4825, -0.0123]), array([ 0.47559048, -0.01131905]), 0.7854, 1.0]
[1, array([ 0.4825, -0.0123]), array([ 0.4757381 , -0.01131905]), 0.7854, 1.0]
[1, array([ 0.4825, -0.0123]), array([ 0.47588571, -0.01131905]), 0.7854, 1.0]
[1, array([ 0.4825, -0.0123]), array([ 0.47603333, -0.01131905]), 0.7854, 1.0]
[1, array([ 0.4825, -0.0123]), array([ 0.47618095, -0.01131905]), 0.7854, 1.0]
[1, array([ 0.4825, -0.0123]), array([ 0.47632857, -0.01131905]), 0.7854, 1.0]
[1, array([ 0.4825, -0.0123]), array([ 0.47647619, -0.01131905]), 0.7854, 1.0]
[1, array([ 0.4825, -0.0123]), array([ 0.47662381, -0.01131905]), 0.7854, 1.0]
[1, array([ 0.4825, -0.0123]), array([ 0.47677143, -0.01131905]), 0.7854, 1.0]
[1, array([ 0.4825, -0.0123]), array([ 0.47691905, -0.01131905]), 0.7854, 1.0]
[1, array([ 0.4825, -0.0123]), array([ 0.47706667, -0.01131905]), 0.7854, 1.0]
[1, array([ 0.4825, -0.0123]), array([ 0.47721429, -0.01131905]), 0.7854, 1.0]
[1, array([ 0.4825, -0.0123]), array([ 0.4773619 , -0.01131905]), 0.7854, 1.0]
[1, array([ 0.4825, -0.0123]), array([ 0.47750952, -0.01131905]), 0.7854, 1.0]
[1, array([ 0.4825, -0.0123]), array([ 0.47765714, -0.01131905]), 0.7854, 1.0]
[1, array([ 0.4825, -0.0123]), array([ 0.47780476, -0.01131905]), 0.7854, 1.0]
[1, array([ 0.4825, -0.0123]), array([ 0.47795238, -0.01131905]), 0.7854, 1.0]
[1, array([ 0.4825, -0.0123]), array([ 0.4781    , -0.01131905]), 0.7854, 1.0]
[1, array([ 0.4825, -0.0123]), array([ 0.475     , -0.01117143]), 0.7854, 1.0]
[1, array([ 0.4825, -0.0123]), array([ 0.47514762, -0.01117143]), 0.7854, 1.0]
[1, array([ 0.4825, -0.0123]), array([ 0.47529524, -0.01117143]), 0.7854, 1.0]
[1, array([ 0.4825, -0.0123]), array([ 0.47544286, -0.01117143]), 0.7854, 1.0]
[1, array([ 0.4825, -0.0123]), array([ 0.47559048, -0.01117143]), 0.7854, 1.0]
[1, array([ 0.4825, -0.0123]), array([ 0.4757381 , -0.01117143]), 0.7854, 1.0]
[1, array([ 0.4825, -0.0123]), array([ 0.47588571, -0.01117143]), 0.7854, 1.0]
[1, array([ 0.4825, -0.0123]), array([ 0.47603333, -0.01117143]), 0.7854, 1.0]
[1, array([ 0.4825, -0.0123]), array([ 0.47618095, -0.01117143]), 0.7854, 1.0]
[1, array([ 0.4825, -0.0123]), array([ 0.47632857, -0.01117143]), 0.7854, 1.0]
[1, array([ 0.4825, -0.0123]), array([ 0.47647619, -0.01117143]), 0.7854, 1.0]
[1, array([ 0.4825, -0.0123]), array([ 0.47662381, -0.01117143]), 0.7854, 1.0]
[1, array([ 0.4825, -0.0123]), array([ 0.47677143, -0.01117143]), 0.7854, 1.0]
[1, array([ 0.4825, -0.0123]), array([ 0.47691905, -0.01117143]), 0.7854, 1.0]
[1, array([ 0.4825, -0.0123]), array([ 0.47706667, -0.01117143]), 0.7854, 1.0]
[1, array([ 0.4825, -0.0123]), array([ 0.47721429, -0.01117143]), 0.7854, 1.0]
[1, array([ 0.4825, -0.0123]), array([ 0.4773619 , -0.01117143]), 0.7854, 1.0]
[1, array([ 0.4825, -0.0123]), array([ 0.47750952, -0.01117143]), 0.7854, 1.0]
[1, array([ 0.4825, -0.0123]), array([ 0.47765714, -0.01117143]), 0.7854, 1.0]
[1, array([ 0.4825, -0.0123]), array([ 0.47780476, -0.01117143]), 0.7854, 1.0]
[1, array([ 0.4825, -0.0123]), array([ 0.47795238, -0.01117143]), 0.7854, 1.0]
[1, array([ 0.4825, -0.0123]), array([ 0.4781    , -0.01117143]), 0.7854, 1.0]
[1, array([ 0.4825, -0.0123]), array([ 0.475     , -0.01102381]), 0.7854, 1.0]
[1, array([ 0.4825, -0.0123]), array([ 0.47514762, -0.01102381]), 0.7854, 1.0]
[1, array([ 0.4825, -0.0123]), array([ 0.47529524, -0.01102381]), 0.7854, 1.0]
[1, array([ 0.4825, -0.0123]), array([ 0.47544286, -0.01102381]), 0.7854, 1.0]
[1, array([ 0.4825, -0.0123]), array([ 0.47559048, -0.01102381]), 0.7854, 1.0]
[1, array([ 0.4825, -0.0123]), array([ 0.4757381 , -0.01102381]), 0.7854, 1.0]
[1, array([ 0.4825, -0.0123]), array([ 0.47588571, -0.01102381]), 0.7854, 1.0]
[1, array([ 0.4825, -0.0123]), array([ 0.47603333, -0.01102381]), 0.7854, 1.0]
[1, array([ 0.4825, -0.0123]), array([ 0.47618095, -0.01102381]), 0.7854, 1.0]
[1, array([ 0.4825, -0.0123]), array([ 0.47632857, -0.01102381]), 0.7854, 1.0]
[1, array([ 0.4825, -0.0123]), array([ 0.47647619, -0.01102381]), 0.7854, 1.0]
[1, array([ 0.4825, -0.0123]), array([ 0.47662381, -0.01102381]), 0.7854, 1.0]
[1, array([ 0.4825, -0.0123]), array([ 0.47677143, -0.01102381]), 0.7854, 1.0]
[1, array([ 0.4825, -0.0123]), array([ 0.47691905, -0.01102381]), 0.7854, 1.0]
[1, array([ 0.4825, -0.0123]), array([ 0.47706667, -0.01102381]), 0.7854, 1.0]
[1, array([ 0.4825, -0.0123]), array([ 0.47721429, -0.01102381]), 0.7854, 1.0]
[1, array([ 0.4825, -0.0123]), array([ 0.4773619 , -0.01102381]), 0.7854, 1.0]
[1, array([ 0.4825, -0.0123]), array([ 0.47750952, -0.01102381]), 0.7854, 1.0]
[1, array([ 0.4825, -0.0123]), array([ 0.47765714, -0.01102381]), 0.7854, 1.0]
[1, array([ 0.4825, -0.0123]), array([ 0.47780476, -0.01102381]), 0.7854, 1.0]
[1, array([ 0.4825, -0.0123]), array([ 0.47795238, -0.01102381]), 0.7854, 1.0]
[1, array([ 0.4825, -0.0123]), array([ 0.4781    , -0.01102381]), 0.7854, 1.0]
[1, array([ 0.4825, -0.0123]), array([ 0.475     , -0.01087619]), 0.7854, 1.0]
[1, array([ 0.4825, -0.0123]), array([ 0.47514762, -0.01087619]), 0.7854, 1.0]
[1, array([ 0.4825, -0.0123]), array([ 0.47529524, -0.01087619]), 0.7854, 1.0]
[1, array([ 0.4825, -0.0123]), array([ 0.47544286, -0.01087619]), 0.7854, 1.0]
[1, array([ 0.4825, -0.0123]), array([ 0.47559048, -0.01087619]), 0.7854, 1.0]
[1, array([ 0.4825, -0.0123]), array([ 0.4757381 , -0.01087619]), 0.7854, 1.0]
[1, array([ 0.4825, -0.0123]), array([ 0.47588571, -0.01087619]), 0.7854, 1.0]
[1, array([ 0.4825, -0.0123]), array([ 0.47603333, -0.01087619]), 0.7854, 1.0]
[1, array([ 0.4825, -0.0123]), array([ 0.47618095, -0.01087619]), 0.7854, 1.0]
[1, array([ 0.4825, -0.0123]), array([ 0.47632857, -0.01087619]), 0.7854, 1.0]
[1, array([ 0.4825, -0.0123]), array([ 0.47647619, -0.01087619]), 0.7854, 1.0]
[1, array([ 0.4825, -0.0123]), array([ 0.47662381, -0.01087619]), 0.7854, 1.0]
[1, array([ 0.4825, -0.0123]), array([ 0.47677143, -0.01087619]), 0.7854, 1.0]
[1, array([ 0.4825, -0.0123]), array([ 0.47691905, -0.01087619]), 0.7854, 1.0]
[1, array([ 0.4825, -0.0123]), array([ 0.47706667, -0.01087619]), 0.7854, 1.0]
[1, array([ 0.4825, -0.0123]), array([ 0.47721429, -0.01087619]), 0.7854, 1.0]
[1, array([ 0.4825, -0.0123]), array([ 0.4773619 , -0.01087619]), 0.7854, 1.0]
[1, array([ 0.4825, -0.0123]), array([ 0.47750952, -0.01087619]), 0.7854, 1.0]
[1, array([ 0.4825, -0.0123]), array([ 0.47765714, -0.01087619]), 0.7854, 1.0]
[1, array([ 0.4825, -0.0123]), array([ 0.47780476, -0.01087619]), 0.7854, 1.0]
[1, array([ 0.4825, -0.0123]), array([ 0.47795238, -0.01087619]), 0.7854, 1.0]
[1, array([ 0.4825, -0.0123]), array([ 0.4781    , -0.01087619]), 0.7854, 1.0]
[1, array([ 0.4825, -0.0123]), array([ 0.475     , -0.01072857]), 0.7854, 1.0]
[1, array([ 0.4825, -0.0123]), array([ 0.47514762, -0.01072857]), 0.7854, 1.0]
[1, array([ 0.4825, -0.0123]), array([ 0.47529524, -0.01072857]), 0.7854, 1.0]
[1, array([ 0.4825, -0.0123]), array([ 0.47544286, -0.01072857]), 0.7854, 1.0]
[1, array([ 0.4825, -0.0123]), array([ 0.47559048, -0.01072857]), 0.7854, 1.0]
[1, array([ 0.4825, -0.0123]), array([ 0.4757381 , -0.01072857]), 0.7854, 1.0]
[1, array([ 0.4825, -0.0123]), array([ 0.47588571, -0.01072857]), 0.7854, 1.0]
[1, array([ 0.4825, -0.0123]), array([ 0.47603333, -0.01072857]), 0.7854, 1.0]
[1, array([ 0.4825, -0.0123]), array([ 0.47618095, -0.01072857]), 0.7854, 1.0]
[1, array([ 0.4825, -0.0123]), array([ 0.47632857, -0.01072857]), 0.7854, 1.0]
[1, array([ 0.4825, -0.0123]), array([ 0.47647619, -0.01072857]), 0.7854, 1.0]
[1, array([ 0.4825, -0.0123]), array([ 0.47662381, -0.01072857]), 0.7854, 1.0]
[1, array([ 0.4825, -0.0123]), array([ 0.47677143, -0.01072857]), 0.7854, 1.0]
[1, array([ 0.4825, -0.0123]), array([ 0.47691905, -0.01072857]), 0.7854, 1.0]
[1, array([ 0.4825, -0.0123]), array([ 0.47706667, -0.01072857]), 0.7854, 1.0]
[1, array([ 0.4825, -0.0123]), array([ 0.47721429, -0.01072857]), 0.7854, 1.0]
[1, array([ 0.4825, -0.0123]), array([ 0.4773619 , -0.01072857]), 0.7854, 1.0]
[1, array([ 0.4825, -0.0123]), array([ 0.47750952, -0.01072857]), 0.7854, 1.0]
[1, array([ 0.4825, -0.0123]), array([ 0.47765714, -0.01072857]), 0.7854, 1.0]
[1, array([ 0.4825, -0.0123]), array([ 0.47780476, -0.01072857]), 0.7854, 1.0]
[1, array([ 0.4825, -0.0123]), array([ 0.47795238, -0.01072857]), 0.7854, 1.0]
[1, array([ 0.4825, -0.0123]), array([ 0.4781    , -0.01072857]), 0.7854, 1.0]
[1, array([ 0.4825, -0.0123]), array([ 0.475     , -0.01058095]), 0.7854, 1.0]
[1, array([ 0.4825, -0.0123]), array([ 0.47514762, -0.01058095]), 0.7854, 1.0]
[1, array([ 0.4825, -0.0123]), array([ 0.47529524, -0.01058095]), 0.7854, 1.0]
[1, array([ 0.4825, -0.0123]), array([ 0.47544286, -0.01058095]), 0.7854, 1.0]
[1, array([ 0.4825, -0.0123]), array([ 0.47559048, -0.01058095]), 0.7854, 1.0]
[1, array([ 0.4825, -0.0123]), array([ 0.4757381 , -0.01058095]), 0.7854, 1.0]
[1, array([ 0.4825, -0.0123]), array([ 0.47588571, -0.01058095]), 0.7854, 1.0]
[1, array([ 0.4825, -0.0123]), array([ 0.47603333, -0.01058095]), 0.7854, 1.0]
[1, array([ 0.4825, -0.0123]), array([ 0.47618095, -0.01058095]), 0.7854, 1.0]
[1, array([ 0.4825, -0.0123]), array([ 0.47632857, -0.01058095]), 0.7854, 1.0]
[1, array([ 0.4825, -0.0123]), array([ 0.47647619, -0.01058095]), 0.7854, 1.0]
[1, array([ 0.4825, -0.0123]), array([ 0.47662381, -0.01058095]), 0.7854, 1.0]
[1, array([ 0.4825, -0.0123]), array([ 0.47677143, -0.01058095]), 0.7854, 1.0]
[1, array([ 0.4825, -0.0123]), array([ 0.47691905, -0.01058095]), 0.7854, 1.0]
[1, array([ 0.4825, -0.0123]), array([ 0.47706667, -0.01058095]), 0.7854, 1.0]
[1, array([ 0.4825, -0.0123]), array([ 0.47721429, -0.01058095]), 0.7854, 1.0]
[1, array([ 0.4825, -0.0123]), array([ 0.4773619 , -0.01058095]), 0.7854, 1.0]
[1, array([ 0.4825, -0.0123]), array([ 0.47750952, -0.01058095]), 0.7854, 1.0]
[1, array([ 0.4825, -0.0123]), array([ 0.47765714, -0.01058095]), 0.7854, 1.0]
[1, array([ 0.4825, -0.0123]), array([ 0.47780476, -0.01058095]), 0.7854, 1.0]
[1, array([ 0.4825, -0.0123]), array([ 0.47795238, -0.01058095]), 0.7854, 1.0]
[1, array([ 0.4825, -0.0123]), array([ 0.4781    , -0.01058095]), 0.7854, 1.0]
[1, array([ 0.4825, -0.0123]), array([ 0.475     , -0.01043333]), 0.7854, 1.0]
[1, array([ 0.4825, -0.0123]), array([ 0.47514762, -0.01043333]), 0.7854, 1.0]
[1, array([ 0.4825, -0.0123]), array([ 0.47529524, -0.01043333]), 0.7854, 1.0]
[1, array([ 0.4825, -0.0123]), array([ 0.47544286, -0.01043333]), 0.7854, 1.0]
[1, array([ 0.4825, -0.0123]), array([ 0.47559048, -0.01043333]), 0.7854, 1.0]
[1, array([ 0.4825, -0.0123]), array([ 0.4757381 , -0.01043333]), 0.7854, 1.0]
[1, array([ 0.4825, -0.0123]), array([ 0.47588571, -0.01043333]), 0.7854, 1.0]
[1, array([ 0.4825, -0.0123]), array([ 0.47603333, -0.01043333]), 0.7854, 1.0]
[1, array([ 0.4825, -0.0123]), array([ 0.47618095, -0.01043333]), 0.7854, 1.0]
[1, array([ 0.4825, -0.0123]), array([ 0.47632857, -0.01043333]), 0.7854, 1.0]
[1, array([ 0.4825, -0.0123]), array([ 0.47647619, -0.01043333]), 0.7854, 1.0]
[1, array([ 0.4825, -0.0123]), array([ 0.47662381, -0.01043333]), 0.7854, 1.0]
[1, array([ 0.4825, -0.0123]), array([ 0.47677143, -0.01043333]), 0.7854, 1.0]
[1, array([ 0.4825, -0.0123]), array([ 0.47691905, -0.01043333]), 0.7854, 1.0]
[1, array([ 0.4825, -0.0123]), array([ 0.47706667, -0.01043333]), 0.7854, 1.0]
[1, array([ 0.4825, -0.0123]), array([ 0.47721429, -0.01043333]), 0.7854, 1.0]
[1, array([ 0.4825, -0.0123]), array([ 0.4773619 , -0.01043333]), 0.7854, 1.0]
[1, array([ 0.4825, -0.0123]), array([ 0.47750952, -0.01043333]), 0.7854, 1.0]
[1, array([ 0.4825, -0.0123]), array([ 0.47765714, -0.01043333]), 0.7854, 1.0]
[1, array([ 0.4825, -0.0123]), array([ 0.47780476, -0.01043333]), 0.7854, 1.0]
[1, array([ 0.4825, -0.0123]), array([ 0.47795238, -0.01043333]), 0.7854, 1.0]
[1, array([ 0.4825, -0.0123]), array([ 0.4781    , -0.01043333]), 0.7854, 1.0]
[1, array([ 0.4825, -0.0123]), array([ 0.475     , -0.01028571]), 0.7854, 1.0]
[1, array([ 0.4825, -0.0123]), array([ 0.47514762, -0.01028571]), 0.7854, 1.0]
[1, array([ 0.4825, -0.0123]), array([ 0.47529524, -0.01028571]), 0.7854, 1.0]
[1, array([ 0.4825, -0.0123]), array([ 0.47544286, -0.01028571]), 0.7854, 1.0]
[1, array([ 0.4825, -0.0123]), array([ 0.47559048, -0.01028571]), 0.7854, 1.0]
[1, array([ 0.4825, -0.0123]), array([ 0.4757381 , -0.01028571]), 0.7854, 1.0]
[1, array([ 0.4825, -0.0123]), array([ 0.47588571, -0.01028571]), 0.7854, 1.0]
[1, array([ 0.4825, -0.0123]), array([ 0.47603333, -0.01028571]), 0.7854, 1.0]
[1, array([ 0.4825, -0.0123]), array([ 0.47618095, -0.01028571]), 0.7854, 1.0]
[1, array([ 0.4825, -0.0123]), array([ 0.47632857, -0.01028571]), 0.7854, 1.0]
[1, array([ 0.4825, -0.0123]), array([ 0.47647619, -0.01028571]), 0.7854, 1.0]
[1, array([ 0.4825, -0.0123]), array([ 0.47662381, -0.01028571]), 0.7854, 1.0]
[1, array([ 0.4825, -0.0123]), array([ 0.47677143, -0.01028571]), 0.7854, 1.0]
[1, array([ 0.4825, -0.0123]), array([ 0.47691905, -0.01028571]), 0.7854, 1.0]
[1, array([ 0.4825, -0.0123]), array([ 0.47706667, -0.01028571]), 0.7854, 1.0]
[1, array([ 0.4825, -0.0123]), array([ 0.47721429, -0.01028571]), 0.7854, 1.0]
[1, array([ 0.4825, -0.0123]), array([ 0.4773619 , -0.01028571]), 0.7854, 1.0]
[1, array([ 0.4825, -0.0123]), array([ 0.47750952, -0.01028571]), 0.7854, 1.0]
[1, array([ 0.4825, -0.0123]), array([ 0.47765714, -0.01028571]), 0.7854, 1.0]
[1, array([ 0.4825, -0.0123]), array([ 0.47780476, -0.01028571]), 0.7854, 1.0]
[1, array([ 0.4825, -0.0123]), array([ 0.47795238, -0.01028571]), 0.7854, 1.0]
[1, array([ 0.4825, -0.0123]), array([ 0.4781    , -0.01028571]), 0.7854, 1.0]
[1, array([ 0.4825, -0.0123]), array([ 0.475    , -0.0101381]), 0.7854, 1.0]
[1, array([ 0.4825, -0.0123]), array([ 0.47514762, -0.0101381 ]), 0.7854, 1.0]
[1, array([ 0.4825, -0.0123]), array([ 0.47529524, -0.0101381 ]), 0.7854, 1.0]
[1, array([ 0.4825, -0.0123]), array([ 0.47544286, -0.0101381 ]), 0.7854, 1.0]
[1, array([ 0.4825, -0.0123]), array([ 0.47559048, -0.0101381 ]), 0.7854, 1.0]
[1, array([ 0.4825, -0.0123]), array([ 0.4757381, -0.0101381]), 0.7854, 1.0]
[1, array([ 0.4825, -0.0123]), array([ 0.47588571, -0.0101381 ]), 0.7854, 1.0]
[1, array([ 0.4825, -0.0123]), array([ 0.47603333, -0.0101381 ]), 0.7854, 1.0]
[1, array([ 0.4825, -0.0123]), array([ 0.47618095, -0.0101381 ]), 0.7854, 1.0]
[1, array([ 0.4825, -0.0123]), array([ 0.47632857, -0.0101381 ]), 0.7854, 1.0]
[1, array([ 0.4825, -0.0123]), array([ 0.47647619, -0.0101381 ]), 0.7854, 1.0]
[1, array([ 0.4825, -0.0123]), array([ 0.47662381, -0.0101381 ]), 0.7854, 1.0]
[1, array([ 0.4825, -0.0123]), array([ 0.47677143, -0.0101381 ]), 0.7854, 1.0]
[1, array([ 0.4825, -0.0123]), array([ 0.47691905, -0.0101381 ]), 0.7854, 1.0]
[1, array([ 0.4825, -0.0123]), array([ 0.47706667, -0.0101381 ]), 0.7854, 1.0]
[1, array([ 0.4825, -0.0123]), array([ 0.47721429, -0.0101381 ]), 0.7854, 1.0]
[1, array([ 0.4825, -0.0123]), array([ 0.4773619, -0.0101381]), 0.7854, 1.0]
[1, array([ 0.4825, -0.0123]), array([ 0.47750952, -0.0101381 ]), 0.7854, 1.0]
[1, array([ 0.4825, -0.0123]), array([ 0.47765714, -0.0101381 ]), 0.7854, 1.0]
[1, array([ 0.4825, -0.0123]), array([ 0.47780476, -0.0101381 ]), 0.7854, 1.0]
[1, array([ 0.4825, -0.0123]), array([ 0.47795238, -0.0101381 ]), 0.7854, 1.0]
[1, array([ 0.4825, -0.0123]), array([ 0.4781   , -0.0101381]), 0.7854, 1.0]
[1, array([ 0.4825, -0.0123]), array([ 0.475     , -0.00999048]), 0.7854, 1.0]
[1, array([ 0.4825, -0.0123]), array([ 0.47514762, -0.00999048]), 0.7854, 1.0]
[1, array([ 0.4825, -0.0123]), array([ 0.47529524, -0.00999048]), 0.7854, 1.0]
[1, array([ 0.4825, -0.0123]), array([ 0.47544286, -0.00999048]), 0.7854, 1.0]
[1, array([ 0.4825, -0.0123]), array([ 0.47559048, -0.00999048]), 0.7854, 1.0]
[1, array([ 0.4825, -0.0123]), array([ 0.4757381 , -0.00999048]), 0.7854, 1.0]
[1, array([ 0.4825, -0.0123]), array([ 0.47588571, -0.00999048]), 0.7854, 1.0]
[1, array([ 0.4825, -0.0123]), array([ 0.47603333, -0.00999048]), 0.7854, 1.0]
[1, array([ 0.4825, -0.0123]), array([ 0.47618095, -0.00999048]), 0.7854, 1.0]
[1, array([ 0.4825, -0.0123]), array([ 0.47632857, -0.00999048]), 0.7854, 1.0]
[1, array([ 0.4825, -0.0123]), array([ 0.47647619, -0.00999048]), 0.7854, 1.0]
[1, array([ 0.4825, -0.0123]), array([ 0.47662381, -0.00999048]), 0.7854, 1.0]
[1, array([ 0.4825, -0.0123]), array([ 0.47677143, -0.00999048]), 0.7854, 1.0]
[1, array([ 0.4825, -0.0123]), array([ 0.47691905, -0.00999048]), 0.7854, 1.0]
[1, array([ 0.4825, -0.0123]), array([ 0.47706667, -0.00999048]), 0.7854, 1.0]
[1, array([ 0.4825, -0.0123]), array([ 0.47721429, -0.00999048]), 0.7854, 1.0]
[1, array([ 0.4825, -0.0123]), array([ 0.4773619 , -0.00999048]), 0.7854, 1.0]
[1, array([ 0.4825, -0.0123]), array([ 0.47750952, -0.00999048]), 0.7854, 1.0]
[1, array([ 0.4825, -0.0123]), array([ 0.47765714, -0.00999048]), 0.7854, 1.0]
[1, array([ 0.4825, -0.0123]), array([ 0.47780476, -0.00999048]), 0.7854, 1.0]
[1, array([ 0.4825, -0.0123]), array([ 0.47795238, -0.00999048]), 0.7854, 1.0]
[1, array([ 0.4825, -0.0123]), array([ 0.4781    , -0.00999048]), 0.7854, 1.0]
[1, array([ 0.4825, -0.0123]), array([ 0.475     , -0.00984286]), 0.7854, 1.0]
[1, array([ 0.4825, -0.0123]), array([ 0.47514762, -0.00984286]), 0.7854, 1.0]
[1, array([ 0.4825, -0.0123]), array([ 0.47529524, -0.00984286]), 0.7854, 1.0]
[1, array([ 0.4825, -0.0123]), array([ 0.47544286, -0.00984286]), 0.7854, 1.0]
[1, array([ 0.4825, -0.0123]), array([ 0.47559048, -0.00984286]), 0.7854, 1.0]
[1, array([ 0.4825, -0.0123]), array([ 0.4757381 , -0.00984286]), 0.7854, 1.0]
[1, array([ 0.4825, -0.0123]), array([ 0.47588571, -0.00984286]), 0.7854, 1.0]
[1, array([ 0.4825, -0.0123]), array([ 0.47603333, -0.00984286]), 0.7854, 1.0]
[1, array([ 0.4825, -0.0123]), array([ 0.47618095, -0.00984286]), 0.7854, 1.0]
[1, array([ 0.4825, -0.0123]), array([ 0.47632857, -0.00984286]), 0.7854, 1.0]
[1, array([ 0.4825, -0.0123]), array([ 0.47647619, -0.00984286]), 0.7854, 1.0]
[1, array([ 0.4825, -0.0123]), array([ 0.47662381, -0.00984286]), 0.7854, 1.0]
[1, array([ 0.4825, -0.0123]), array([ 0.47677143, -0.00984286]), 0.7854, 1.0]
[1, array([ 0.4825, -0.0123]), array([ 0.47691905, -0.00984286]), 0.7854, 1.0]
[1, array([ 0.4825, -0.0123]), array([ 0.47706667, -0.00984286]), 0.7854, 1.0]
[1, array([ 0.4825, -0.0123]), array([ 0.47721429, -0.00984286]), 0.7854, 1.0]
[1, array([ 0.4825, -0.0123]), array([ 0.4773619 , -0.00984286]), 0.7854, 1.0]
[1, array([ 0.4825, -0.0123]), array([ 0.47750952, -0.00984286]), 0.7854, 1.0]
[1, array([ 0.4825, -0.0123]), array([ 0.47765714, -0.00984286]), 0.7854, 1.0]
[1, array([ 0.4825, -0.0123]), array([ 0.47780476, -0.00984286]), 0.7854, 1.0]
[1, array([ 0.4825, -0.0123]), array([ 0.47795238, -0.00984286]), 0.7854, 1.0]
[1, array([ 0.4825, -0.0123]), array([ 0.4781    , -0.00984286]), 0.7854, 1.0]
[1, array([ 0.4825, -0.0123]), array([ 0.475     , -0.00969524]), 0.7854, 1.0]
[1, array([ 0.4825, -0.0123]), array([ 0.47514762, -0.00969524]), 0.7854, 1.0]
[1, array([ 0.4825, -0.0123]), array([ 0.47529524, -0.00969524]), 0.7854, 1.0]
[1, array([ 0.4825, -0.0123]), array([ 0.47544286, -0.00969524]), 0.7854, 1.0]
[1, array([ 0.4825, -0.0123]), array([ 0.47559048, -0.00969524]), 0.7854, 1.0]
[1, array([ 0.4825, -0.0123]), array([ 0.4757381 , -0.00969524]), 0.7854, 1.0]
[1, array([ 0.4825, -0.0123]), array([ 0.47588571, -0.00969524]), 0.7854, 1.0]
[1, array([ 0.4825, -0.0123]), array([ 0.47603333, -0.00969524]), 0.7854, 1.0]
[1, array([ 0.4825, -0.0123]), array([ 0.47618095, -0.00969524]), 0.7854, 1.0]
[1, array([ 0.4825, -0.0123]), array([ 0.47632857, -0.00969524]), 0.7854, 1.0]
[1, array([ 0.4825, -0.0123]), array([ 0.47647619, -0.00969524]), 0.7854, 1.0]
[1, array([ 0.4825, -0.0123]), array([ 0.47662381, -0.00969524]), 0.7854, 1.0]
[1, array([ 0.4825, -0.0123]), array([ 0.47677143, -0.00969524]), 0.7854, 1.0]
[1, array([ 0.4825, -0.0123]), array([ 0.47691905, -0.00969524]), 0.7854, 1.0]
[1, array([ 0.4825, -0.0123]), array([ 0.47706667, -0.00969524]), 0.7854, 1.0]
[1, array([ 0.4825, -0.0123]), array([ 0.47721429, -0.00969524]), 0.7854, 1.0]
[1, array([ 0.4825, -0.0123]), array([ 0.4773619 , -0.00969524]), 0.7854, 1.0]
[1, array([ 0.4825, -0.0123]), array([ 0.47750952, -0.00969524]), 0.7854, 1.0]
[1, array([ 0.4825, -0.0123]), array([ 0.47765714, -0.00969524]), 0.7854, 1.0]
[1, array([ 0.4825, -0.0123]), array([ 0.47780476, -0.00969524]), 0.7854, 1.0]
[1, array([ 0.4825, -0.0123]), array([ 0.47795238, -0.00969524]), 0.7854, 1.0]
[1, array([ 0.4825, -0.0123]), array([ 0.4781    , -0.00969524]), 0.7854, 1.0]
[1, array([ 0.4825, -0.0123]), array([ 0.475     , -0.00954762]), 0.7854, 1.0]
[1, array([ 0.4825, -0.0123]), array([ 0.47514762, -0.00954762]), 0.7854, 1.0]
[1, array([ 0.4825, -0.0123]), array([ 0.47529524, -0.00954762]), 0.7854, 1.0]
[1, array([ 0.4825, -0.0123]), array([ 0.47544286, -0.00954762]), 0.7854, 1.0]
[1, array([ 0.4825, -0.0123]), array([ 0.47559048, -0.00954762]), 0.7854, 1.0]
[1, array([ 0.4825, -0.0123]), array([ 0.4757381 , -0.00954762]), 0.7854, 1.0]
[1, array([ 0.4825, -0.0123]), array([ 0.47588571, -0.00954762]), 0.7854, 1.0]
[1, array([ 0.4825, -0.0123]), array([ 0.47603333, -0.00954762]), 0.7854, 1.0]
[1, array([ 0.4825, -0.0123]), array([ 0.47618095, -0.00954762]), 0.7854, 1.0]
[1, array([ 0.4825, -0.0123]), array([ 0.47632857, -0.00954762]), 0.7854, 1.0]
[1, array([ 0.4825, -0.0123]), array([ 0.47647619, -0.00954762]), 0.7854, 1.0]
[1, array([ 0.4825, -0.0123]), array([ 0.47662381, -0.00954762]), 0.7854, 1.0]
[1, array([ 0.4825, -0.0123]), array([ 0.47677143, -0.00954762]), 0.7854, 1.0]
[1, array([ 0.4825, -0.0123]), array([ 0.47691905, -0.00954762]), 0.7854, 1.0]
[1, array([ 0.4825, -0.0123]), array([ 0.47706667, -0.00954762]), 0.7854, 1.0]
[1, array([ 0.4825, -0.0123]), array([ 0.47721429, -0.00954762]), 0.7854, 1.0]
[1, array([ 0.4825, -0.0123]), array([ 0.4773619 , -0.00954762]), 0.7854, 1.0]
[1, array([ 0.4825, -0.0123]), array([ 0.47750952, -0.00954762]), 0.7854, 1.0]
[1, array([ 0.4825, -0.0123]), array([ 0.47765714, -0.00954762]), 0.7854, 1.0]
[1, array([ 0.4825, -0.0123]), array([ 0.47780476, -0.00954762]), 0.7854, 1.0]
[1, array([ 0.4825, -0.0123]), array([ 0.47795238, -0.00954762]), 0.7854, 1.0]
[1, array([ 0.4825, -0.0123]), array([ 0.4781    , -0.00954762]), 0.7854, 1.0]
[1, array([ 0.4825, -0.0123]), array([ 0.475 , -0.0094]), 0.7854, 1.0]
[1, array([ 0.4825, -0.0123]), array([ 0.47514762, -0.0094    ]), 0.7854, 1.0]
[1, array([ 0.4825, -0.0123]), array([ 0.47529524, -0.0094    ]), 0.7854, 1.0]
[1, array([ 0.4825, -0.0123]), array([ 0.47544286, -0.0094    ]), 0.7854, 1.0]
[1, array([ 0.4825, -0.0123]), array([ 0.47559048, -0.0094    ]), 0.7854, 1.0]
[1, array([ 0.4825, -0.0123]), array([ 0.4757381, -0.0094   ]), 0.7854, 1.0]
[1, array([ 0.4825, -0.0123]), array([ 0.47588571, -0.0094    ]), 0.7854, 1.0]
[1, array([ 0.4825, -0.0123]), array([ 0.47603333, -0.0094    ]), 0.7854, 1.0]
[1, array([ 0.4825, -0.0123]), array([ 0.47618095, -0.0094    ]), 0.7854, 1.0]
[1, array([ 0.4825, -0.0123]), array([ 0.47632857, -0.0094    ]), 0.7854, 1.0]
[1, array([ 0.4825, -0.0123]), array([ 0.47647619, -0.0094    ]), 0.7854, 1.0]
[1, array([ 0.4825, -0.0123]), array([ 0.47662381, -0.0094    ]), 0.7854, 1.0]
[1, array([ 0.4825, -0.0123]), array([ 0.47677143, -0.0094    ]), 0.7854, 1.0]
[1, array([ 0.4825, -0.0123]), array([ 0.47691905, -0.0094    ]), 0.7854, 1.0]
[1, array([ 0.4825, -0.0123]), array([ 0.47706667, -0.0094    ]), 0.7854, 1.0]
[1, array([ 0.4825, -0.0123]), array([ 0.47721429, -0.0094    ]), 0.7854, 1.0]
[1, array([ 0.4825, -0.0123]), array([ 0.4773619, -0.0094   ]), 0.7854, 1.0]
[1, array([ 0.4825, -0.0123]), array([ 0.47750952, -0.0094    ]), 0.7854, 1.0]
[1, array([ 0.4825, -0.0123]), array([ 0.47765714, -0.0094    ]), 0.7854, 1.0]
[1, array([ 0.4825, -0.0123]), array([ 0.47780476, -0.0094    ]), 0.7854, 1.0]
[1, array([ 0.4825, -0.0123]), array([ 0.47795238, -0.0094    ]), 0.7854, 1.0]
[1, array([ 0.4825, -0.0123]), array([ 0.4781, -0.0094]), 0.7854, 1.0]
[1, array([0.4773, 0.01  ]), array([0.47495, 0.0062 ]), 0.7854, 1.0]
[1, array([0.4773, 0.01  ]), array([0.47510238, 0.0062    ]), 0.7854, 1.0]
[1, array([0.4773, 0.01  ]), array([0.47525476, 0.0062    ]), 0.7854, 1.0]
[1, array([0.4773, 0.01  ]), array([0.47540714, 0.0062    ]), 0.7854, 1.0]
[1, array([0.4773, 0.01  ]), array([0.47555952, 0.0062    ]), 0.7854, 1.0]
[1, array([0.4773, 0.01  ]), array([0.4757119, 0.0062   ]), 0.7854, 1.0]
[1, array([0.4773, 0.01  ]), array([0.47586429, 0.0062    ]), 0.7854, 1.0]
[1, array([0.4773, 0.01  ]), array([0.47601667, 0.0062    ]), 0.7854, 1.0]
[1, array([0.4773, 0.01  ]), array([0.47616905, 0.0062    ]), 0.7854, 1.0]
[1, array([0.4773, 0.01  ]), array([0.47632143, 0.0062    ]), 0.7854, 1.0]
[1, array([0.4773, 0.01  ]), array([0.47647381, 0.0062    ]), 0.7854, 1.0]
[1, array([0.4773, 0.01  ]), array([0.47662619, 0.0062    ]), 0.7854, 1.0]
[1, array([0.4773, 0.01  ]), array([0.47677857, 0.0062    ]), 0.7854, 1.0]
[1, array([0.4773, 0.01  ]), array([0.47693095, 0.0062    ]), 0.7854, 1.0]
[1, array([0.4773, 0.01  ]), array([0.47708333, 0.0062    ]), 0.7854, 1.0]
[1, array([0.4773, 0.01  ]), array([0.47723571, 0.0062    ]), 0.7854, 1.0]
[1, array([0.4773, 0.01  ]), array([0.4773881, 0.0062   ]), 0.7854, 1.0]
[1, array([0.4773, 0.01  ]), array([0.47754048, 0.0062    ]), 0.7854, 1.0]
[1, array([0.4773, 0.01  ]), array([0.47769286, 0.0062    ]), 0.7854, 1.0]
[1, array([0.4773, 0.01  ]), array([0.47784524, 0.0062    ]), 0.7854, 1.0]
[1, array([0.4773, 0.01  ]), array([0.47799762, 0.0062    ]), 0.7854, 1.0]
[1, array([0.4773, 0.01  ]), array([0.47815, 0.0062 ]), 0.7854, 1.0]
[1, array([0.4773, 0.01  ]), array([0.47495   , 0.00635238]), 0.7854, 1.0]
[1, array([0.4773, 0.01  ]), array([0.47510238, 0.00635238]), 0.7854, 1.0]
[1, array([0.4773, 0.01  ]), array([0.47525476, 0.00635238]), 0.7854, 1.0]
[1, array([0.4773, 0.01  ]), array([0.47540714, 0.00635238]), 0.7854, 1.0]
[1, array([0.4773, 0.01  ]), array([0.47555952, 0.00635238]), 0.7854, 1.0]
[1, array([0.4773, 0.01  ]), array([0.4757119 , 0.00635238]), 0.7854, 1.0]
[1, array([0.4773, 0.01  ]), array([0.47586429, 0.00635238]), 0.7854, 1.0]
[1, array([0.4773, 0.01  ]), array([0.47601667, 0.00635238]), 0.7854, 1.0]
[1, array([0.4773, 0.01  ]), array([0.47616905, 0.00635238]), 0.7854, 1.0]
[1, array([0.4773, 0.01  ]), array([0.47632143, 0.00635238]), 0.7854, 1.0]
[1, array([0.4773, 0.01  ]), array([0.47647381, 0.00635238]), 0.7854, 1.0]
[1, array([0.4773, 0.01  ]), array([0.47662619, 0.00635238]), 0.7854, 1.0]
[1, array([0.4773, 0.01  ]), array([0.47677857, 0.00635238]), 0.7854, 1.0]
[1, array([0.4773, 0.01  ]), array([0.47693095, 0.00635238]), 0.7854, 1.0]
[1, array([0.4773, 0.01  ]), array([0.47708333, 0.00635238]), 0.7854, 1.0]
[1, array([0.4773, 0.01  ]), array([0.47723571, 0.00635238]), 0.7854, 1.0]
[1, array([0.4773, 0.01  ]), array([0.4773881 , 0.00635238]), 0.7854, 1.0]
[1, array([0.4773, 0.01  ]), array([0.47754048, 0.00635238]), 0.7854, 1.0]
[1, array([0.4773, 0.01  ]), array([0.47769286, 0.00635238]), 0.7854, 1.0]
[1, array([0.4773, 0.01  ]), array([0.47784524, 0.00635238]), 0.7854, 1.0]
[1, array([0.4773, 0.01  ]), array([0.47799762, 0.00635238]), 0.7854, 1.0]
[1, array([0.4773, 0.01  ]), array([0.47815   , 0.00635238]), 0.7854, 1.0]
[1, array([0.4773, 0.01  ]), array([0.47495   , 0.00650476]), 0.7854, 1.0]
[1, array([0.4773, 0.01  ]), array([0.47510238, 0.00650476]), 0.7854, 1.0]
[1, array([0.4773, 0.01  ]), array([0.47525476, 0.00650476]), 0.7854, 1.0]
[1, array([0.4773, 0.01  ]), array([0.47540714, 0.00650476]), 0.7854, 1.0]
[1, array([0.4773, 0.01  ]), array([0.47555952, 0.00650476]), 0.7854, 1.0]
[1, array([0.4773, 0.01  ]), array([0.4757119 , 0.00650476]), 0.7854, 1.0]
[1, array([0.4773, 0.01  ]), array([0.47586429, 0.00650476]), 0.7854, 1.0]
[1, array([0.4773, 0.01  ]), array([0.47601667, 0.00650476]), 0.7854, 1.0]
[1, array([0.4773, 0.01  ]), array([0.47616905, 0.00650476]), 0.7854, 1.0]
[1, array([0.4773, 0.01  ]), array([0.47632143, 0.00650476]), 0.7854, 1.0]
[1, array([0.4773, 0.01  ]), array([0.47647381, 0.00650476]), 0.7854, 1.0]
[1, array([0.4773, 0.01  ]), array([0.47662619, 0.00650476]), 0.7854, 1.0]
[1, array([0.4773, 0.01  ]), array([0.47677857, 0.00650476]), 0.7854, 1.0]
[1, array([0.4773, 0.01  ]), array([0.47693095, 0.00650476]), 0.7854, 1.0]
[1, array([0.4773, 0.01  ]), array([0.47708333, 0.00650476]), 0.7854, 1.0]
[1, array([0.4773, 0.01  ]), array([0.47723571, 0.00650476]), 0.7854, 1.0]
[1, array([0.4773, 0.01  ]), array([0.4773881 , 0.00650476]), 0.7854, 1.0]
[1, array([0.4773, 0.01  ]), array([0.47754048, 0.00650476]), 0.7854, 1.0]
[1, array([0.4773, 0.01  ]), array([0.47769286, 0.00650476]), 0.7854, 1.0]
[1, array([0.4773, 0.01  ]), array([0.47784524, 0.00650476]), 0.7854, 1.0]
[1, array([0.4773, 0.01  ]), array([0.47799762, 0.00650476]), 0.7854, 1.0]
[1, array([0.4773, 0.01  ]), array([0.47815   , 0.00650476]), 0.7854, 1.0]
[1, array([0.4773, 0.01  ]), array([0.47495   , 0.00665714]), 0.7854, 1.0]
[1, array([0.4773, 0.01  ]), array([0.47510238, 0.00665714]), 0.7854, 1.0]
[1, array([0.4773, 0.01  ]), array([0.47525476, 0.00665714]), 0.7854, 1.0]
[1, array([0.4773, 0.01  ]), array([0.47540714, 0.00665714]), 0.7854, 1.0]
[1, array([0.4773, 0.01  ]), array([0.47555952, 0.00665714]), 0.7854, 1.0]
[1, array([0.4773, 0.01  ]), array([0.4757119 , 0.00665714]), 0.7854, 1.0]
[1, array([0.4773, 0.01  ]), array([0.47586429, 0.00665714]), 0.7854, 1.0]
[1, array([0.4773, 0.01  ]), array([0.47601667, 0.00665714]), 0.7854, 1.0]
[1, array([0.4773, 0.01  ]), array([0.47616905, 0.00665714]), 0.7854, 1.0]
[1, array([0.4773, 0.01  ]), array([0.47632143, 0.00665714]), 0.7854, 1.0]
[1, array([0.4773, 0.01  ]), array([0.47647381, 0.00665714]), 0.7854, 1.0]
[1, array([0.4773, 0.01  ]), array([0.47662619, 0.00665714]), 0.7854, 1.0]
[1, array([0.4773, 0.01  ]), array([0.47677857, 0.00665714]), 0.7854, 1.0]
[1, array([0.4773, 0.01  ]), array([0.47693095, 0.00665714]), 0.7854, 1.0]
[1, array([0.4773, 0.01  ]), array([0.47708333, 0.00665714]), 0.7854, 1.0]
[1, array([0.4773, 0.01  ]), array([0.47723571, 0.00665714]), 0.7854, 1.0]
[1, array([0.4773, 0.01  ]), array([0.4773881 , 0.00665714]), 0.7854, 1.0]
[1, array([0.4773, 0.01  ]), array([0.47754048, 0.00665714]), 0.7854, 1.0]
[1, array([0.4773, 0.01  ]), array([0.47769286, 0.00665714]), 0.7854, 1.0]
[1, array([0.4773, 0.01  ]), array([0.47784524, 0.00665714]), 0.7854, 1.0]
[1, array([0.4773, 0.01  ]), array([0.47799762, 0.00665714]), 0.7854, 1.0]
[1, array([0.4773, 0.01  ]), array([0.47815   , 0.00665714]), 0.7854, 1.0]
[1, array([0.4773, 0.01  ]), array([0.47495   , 0.00680952]), 0.7854, 1.0]
[1, array([0.4773, 0.01  ]), array([0.47510238, 0.00680952]), 0.7854, 1.0]
[1, array([0.4773, 0.01  ]), array([0.47525476, 0.00680952]), 0.7854, 1.0]
[1, array([0.4773, 0.01  ]), array([0.47540714, 0.00680952]), 0.7854, 1.0]
[1, array([0.4773, 0.01  ]), array([0.47555952, 0.00680952]), 0.7854, 1.0]
[1, array([0.4773, 0.01  ]), array([0.4757119 , 0.00680952]), 0.7854, 1.0]
[1, array([0.4773, 0.01  ]), array([0.47586429, 0.00680952]), 0.7854, 1.0]
[1, array([0.4773, 0.01  ]), array([0.47601667, 0.00680952]), 0.7854, 1.0]
[1, array([0.4773, 0.01  ]), array([0.47616905, 0.00680952]), 0.7854, 1.0]
[1, array([0.4773, 0.01  ]), array([0.47632143, 0.00680952]), 0.7854, 1.0]
[1, array([0.4773, 0.01  ]), array([0.47647381, 0.00680952]), 0.7854, 1.0]
[1, array([0.4773, 0.01  ]), array([0.47662619, 0.00680952]), 0.7854, 1.0]
[1, array([0.4773, 0.01  ]), array([0.47677857, 0.00680952]), 0.7854, 1.0]
[1, array([0.4773, 0.01  ]), array([0.47693095, 0.00680952]), 0.7854, 1.0]
[1, array([0.4773, 0.01  ]), array([0.47708333, 0.00680952]), 0.7854, 1.0]
[1, array([0.4773, 0.01  ]), array([0.47723571, 0.00680952]), 0.7854, 1.0]
[1, array([0.4773, 0.01  ]), array([0.4773881 , 0.00680952]), 0.7854, 1.0]
[1, array([0.4773, 0.01  ]), array([0.47754048, 0.00680952]), 0.7854, 1.0]
[1, array([0.4773, 0.01  ]), array([0.47769286, 0.00680952]), 0.7854, 1.0]
[1, array([0.4773, 0.01  ]), array([0.47784524, 0.00680952]), 0.7854, 1.0]
[1, array([0.4773, 0.01  ]), array([0.47799762, 0.00680952]), 0.7854, 1.0]
[1, array([0.4773, 0.01  ]), array([0.47815   , 0.00680952]), 0.7854, 1.0]
[1, array([0.4773, 0.01  ]), array([0.47495  , 0.0069619]), 0.7854, 1.0]
[1, array([0.4773, 0.01  ]), array([0.47510238, 0.0069619 ]), 0.7854, 1.0]
[1, array([0.4773, 0.01  ]), array([0.47525476, 0.0069619 ]), 0.7854, 1.0]
[1, array([0.4773, 0.01  ]), array([0.47540714, 0.0069619 ]), 0.7854, 1.0]
[1, array([0.4773, 0.01  ]), array([0.47555952, 0.0069619 ]), 0.7854, 1.0]
[1, array([0.4773, 0.01  ]), array([0.4757119, 0.0069619]), 0.7854, 1.0]
[1, array([0.4773, 0.01  ]), array([0.47586429, 0.0069619 ]), 0.7854, 1.0]
[1, array([0.4773, 0.01  ]), array([0.47601667, 0.0069619 ]), 0.7854, 1.0]
[1, array([0.4773, 0.01  ]), array([0.47616905, 0.0069619 ]), 0.7854, 1.0]
[1, array([0.4773, 0.01  ]), array([0.47632143, 0.0069619 ]), 0.7854, 1.0]
[1, array([0.4773, 0.01  ]), array([0.47647381, 0.0069619 ]), 0.7854, 1.0]
[1, array([0.4773, 0.01  ]), array([0.47662619, 0.0069619 ]), 0.7854, 1.0]
[1, array([0.4773, 0.01  ]), array([0.47677857, 0.0069619 ]), 0.7854, 1.0]
[1, array([0.4773, 0.01  ]), array([0.47693095, 0.0069619 ]), 0.7854, 1.0]
[1, array([0.4773, 0.01  ]), array([0.47708333, 0.0069619 ]), 0.7854, 1.0]
[1, array([0.4773, 0.01  ]), array([0.47723571, 0.0069619 ]), 0.7854, 1.0]
[1, array([0.4773, 0.01  ]), array([0.4773881, 0.0069619]), 0.7854, 1.0]
[1, array([0.4773, 0.01  ]), array([0.47754048, 0.0069619 ]), 0.7854, 1.0]
[1, array([0.4773, 0.01  ]), array([0.47769286, 0.0069619 ]), 0.7854, 1.0]
[1, array([0.4773, 0.01  ]), array([0.47784524, 0.0069619 ]), 0.7854, 1.0]
[1, array([0.4773, 0.01  ]), array([0.47799762, 0.0069619 ]), 0.7854, 1.0]
[1, array([0.4773, 0.01  ]), array([0.47815  , 0.0069619]), 0.7854, 1.0]
[1, array([0.4773, 0.01  ]), array([0.47495   , 0.00711429]), 0.7854, 1.0]
[1, array([0.4773, 0.01  ]), array([0.47510238, 0.00711429]), 0.7854, 1.0]
[1, array([0.4773, 0.01  ]), array([0.47525476, 0.00711429]), 0.7854, 1.0]
[1, array([0.4773, 0.01  ]), array([0.47540714, 0.00711429]), 0.7854, 1.0]
[1, array([0.4773, 0.01  ]), array([0.47555952, 0.00711429]), 0.7854, 1.0]
[1, array([0.4773, 0.01  ]), array([0.4757119 , 0.00711429]), 0.7854, 1.0]
[1, array([0.4773, 0.01  ]), array([0.47586429, 0.00711429]), 0.7854, 1.0]
[1, array([0.4773, 0.01  ]), array([0.47601667, 0.00711429]), 0.7854, 1.0]
[1, array([0.4773, 0.01  ]), array([0.47616905, 0.00711429]), 0.7854, 1.0]
[1, array([0.4773, 0.01  ]), array([0.47632143, 0.00711429]), 0.7854, 1.0]
[1, array([0.4773, 0.01  ]), array([0.47647381, 0.00711429]), 0.7854, 1.0]
[1, array([0.4773, 0.01  ]), array([0.47662619, 0.00711429]), 0.7854, 1.0]
[1, array([0.4773, 0.01  ]), array([0.47677857, 0.00711429]), 0.7854, 1.0]
[1, array([0.4773, 0.01  ]), array([0.47693095, 0.00711429]), 0.7854, 1.0]
[1, array([0.4773, 0.01  ]), array([0.47708333, 0.00711429]), 0.7854, 1.0]
[1, array([0.4773, 0.01  ]), array([0.47723571, 0.00711429]), 0.7854, 1.0]
[1, array([0.4773, 0.01  ]), array([0.4773881 , 0.00711429]), 0.7854, 1.0]
[1, array([0.4773, 0.01  ]), array([0.47754048, 0.00711429]), 0.7854, 1.0]
[1, array([0.4773, 0.01  ]), array([0.47769286, 0.00711429]), 0.7854, 1.0]
[1, array([0.4773, 0.01  ]), array([0.47784524, 0.00711429]), 0.7854, 1.0]
[1, array([0.4773, 0.01  ]), array([0.47799762, 0.00711429]), 0.7854, 1.0]
[1, array([0.4773, 0.01  ]), array([0.47815   , 0.00711429]), 0.7854, 1.0]
[1, array([0.4773, 0.01  ]), array([0.47495   , 0.00726667]), 0.7854, 1.0]
[1, array([0.4773, 0.01  ]), array([0.47510238, 0.00726667]), 0.7854, 1.0]
[1, array([0.4773, 0.01  ]), array([0.47525476, 0.00726667]), 0.7854, 1.0]
[1, array([0.4773, 0.01  ]), array([0.47540714, 0.00726667]), 0.7854, 1.0]
[1, array([0.4773, 0.01  ]), array([0.47555952, 0.00726667]), 0.7854, 1.0]
[1, array([0.4773, 0.01  ]), array([0.4757119 , 0.00726667]), 0.7854, 1.0]
[1, array([0.4773, 0.01  ]), array([0.47586429, 0.00726667]), 0.7854, 1.0]
[1, array([0.4773, 0.01  ]), array([0.47601667, 0.00726667]), 0.7854, 1.0]
[1, array([0.4773, 0.01  ]), array([0.47616905, 0.00726667]), 0.7854, 1.0]
[1, array([0.4773, 0.01  ]), array([0.47632143, 0.00726667]), 0.7854, 1.0]
[1, array([0.4773, 0.01  ]), array([0.47647381, 0.00726667]), 0.7854, 1.0]
[1, array([0.4773, 0.01  ]), array([0.47662619, 0.00726667]), 0.7854, 1.0]
[1, array([0.4773, 0.01  ]), array([0.47677857, 0.00726667]), 0.7854, 1.0]
[1, array([0.4773, 0.01  ]), array([0.47693095, 0.00726667]), 0.7854, 1.0]
[1, array([0.4773, 0.01  ]), array([0.47708333, 0.00726667]), 0.7854, 1.0]
[1, array([0.4773, 0.01  ]), array([0.47723571, 0.00726667]), 0.7854, 1.0]
[1, array([0.4773, 0.01  ]), array([0.4773881 , 0.00726667]), 0.7854, 1.0]
[1, array([0.4773, 0.01  ]), array([0.47754048, 0.00726667]), 0.7854, 1.0]
[1, array([0.4773, 0.01  ]), array([0.47769286, 0.00726667]), 0.7854, 1.0]
[1, array([0.4773, 0.01  ]), array([0.47784524, 0.00726667]), 0.7854, 1.0]
[1, array([0.4773, 0.01  ]), array([0.47799762, 0.00726667]), 0.7854, 1.0]
[1, array([0.4773, 0.01  ]), array([0.47815   , 0.00726667]), 0.7854, 1.0]
[1, array([0.4773, 0.01  ]), array([0.47495   , 0.00741905]), 0.7854, 1.0]
[1, array([0.4773, 0.01  ]), array([0.47510238, 0.00741905]), 0.7854, 1.0]
[1, array([0.4773, 0.01  ]), array([0.47525476, 0.00741905]), 0.7854, 1.0]
[1, array([0.4773, 0.01  ]), array([0.47540714, 0.00741905]), 0.7854, 1.0]
[1, array([0.4773, 0.01  ]), array([0.47555952, 0.00741905]), 0.7854, 1.0]
[1, array([0.4773, 0.01  ]), array([0.4757119 , 0.00741905]), 0.7854, 1.0]
[1, array([0.4773, 0.01  ]), array([0.47586429, 0.00741905]), 0.7854, 1.0]
[1, array([0.4773, 0.01  ]), array([0.47601667, 0.00741905]), 0.7854, 1.0]
[1, array([0.4773, 0.01  ]), array([0.47616905, 0.00741905]), 0.7854, 1.0]
[1, array([0.4773, 0.01  ]), array([0.47632143, 0.00741905]), 0.7854, 1.0]
[1, array([0.4773, 0.01  ]), array([0.47647381, 0.00741905]), 0.7854, 1.0]
[1, array([0.4773, 0.01  ]), array([0.47662619, 0.00741905]), 0.7854, 1.0]
[1, array([0.4773, 0.01  ]), array([0.47677857, 0.00741905]), 0.7854, 1.0]
[1, array([0.4773, 0.01  ]), array([0.47693095, 0.00741905]), 0.7854, 1.0]
[1, array([0.4773, 0.01  ]), array([0.47708333, 0.00741905]), 0.7854, 1.0]
[1, array([0.4773, 0.01  ]), array([0.47723571, 0.00741905]), 0.7854, 1.0]
[1, array([0.4773, 0.01  ]), array([0.4773881 , 0.00741905]), 0.7854, 1.0]
[1, array([0.4773, 0.01  ]), array([0.47754048, 0.00741905]), 0.7854, 1.0]
[1, array([0.4773, 0.01  ]), array([0.47769286, 0.00741905]), 0.7854, 1.0]
[1, array([0.4773, 0.01  ]), array([0.47784524, 0.00741905]), 0.7854, 1.0]
[1, array([0.4773, 0.01  ]), array([0.47799762, 0.00741905]), 0.7854, 1.0]
[1, array([0.4773, 0.01  ]), array([0.47815   , 0.00741905]), 0.7854, 1.0]
[1, array([0.4773, 0.01  ]), array([0.47495   , 0.00757143]), 0.7854, 1.0]
[1, array([0.4773, 0.01  ]), array([0.47510238, 0.00757143]), 0.7854, 1.0]
[1, array([0.4773, 0.01  ]), array([0.47525476, 0.00757143]), 0.7854, 1.0]
[1, array([0.4773, 0.01  ]), array([0.47540714, 0.00757143]), 0.7854, 1.0]
[1, array([0.4773, 0.01  ]), array([0.47555952, 0.00757143]), 0.7854, 1.0]
[1, array([0.4773, 0.01  ]), array([0.4757119 , 0.00757143]), 0.7854, 1.0]
[1, array([0.4773, 0.01  ]), array([0.47586429, 0.00757143]), 0.7854, 1.0]
[1, array([0.4773, 0.01  ]), array([0.47601667, 0.00757143]), 0.7854, 1.0]
[1, array([0.4773, 0.01  ]), array([0.47616905, 0.00757143]), 0.7854, 1.0]
[1, array([0.4773, 0.01  ]), array([0.47632143, 0.00757143]), 0.7854, 1.0]
[1, array([0.4773, 0.01  ]), array([0.47647381, 0.00757143]), 0.7854, 1.0]
[1, array([0.4773, 0.01  ]), array([0.47662619, 0.00757143]), 0.7854, 1.0]
[1, array([0.4773, 0.01  ]), array([0.47677857, 0.00757143]), 0.7854, 1.0]
[1, array([0.4773, 0.01  ]), array([0.47693095, 0.00757143]), 0.7854, 1.0]
[1, array([0.4773, 0.01  ]), array([0.47708333, 0.00757143]), 0.7854, 1.0]
[1, array([0.4773, 0.01  ]), array([0.47723571, 0.00757143]), 0.7854, 1.0]
[1, array([0.4773, 0.01  ]), array([0.4773881 , 0.00757143]), 0.7854, 1.0]
[1, array([0.4773, 0.01  ]), array([0.47754048, 0.00757143]), 0.7854, 1.0]
[1, array([0.4773, 0.01  ]), array([0.47769286, 0.00757143]), 0.7854, 1.0]
[1, array([0.4773, 0.01  ]), array([0.47784524, 0.00757143]), 0.7854, 1.0]
[1, array([0.4773, 0.01  ]), array([0.47799762, 0.00757143]), 0.7854, 1.0]
[1, array([0.4773, 0.01  ]), array([0.47815   , 0.00757143]), 0.7854, 1.0]
[1, array([0.4773, 0.01  ]), array([0.47495   , 0.00772381]), 0.7854, 1.0]
[1, array([0.4773, 0.01  ]), array([0.47510238, 0.00772381]), 0.7854, 1.0]
[1, array([0.4773, 0.01  ]), array([0.47525476, 0.00772381]), 0.7854, 1.0]
[1, array([0.4773, 0.01  ]), array([0.47540714, 0.00772381]), 0.7854, 1.0]
[1, array([0.4773, 0.01  ]), array([0.47555952, 0.00772381]), 0.7854, 1.0]
[1, array([0.4773, 0.01  ]), array([0.4757119 , 0.00772381]), 0.7854, 1.0]
[1, array([0.4773, 0.01  ]), array([0.47586429, 0.00772381]), 0.7854, 1.0]
[1, array([0.4773, 0.01  ]), array([0.47601667, 0.00772381]), 0.7854, 1.0]
[1, array([0.4773, 0.01  ]), array([0.47616905, 0.00772381]), 0.7854, 1.0]
[1, array([0.4773, 0.01  ]), array([0.47632143, 0.00772381]), 0.7854, 1.0]
[1, array([0.4773, 0.01  ]), array([0.47647381, 0.00772381]), 0.7854, 1.0]
[1, array([0.4773, 0.01  ]), array([0.47662619, 0.00772381]), 0.7854, 1.0]
[1, array([0.4773, 0.01  ]), array([0.47677857, 0.00772381]), 0.7854, 1.0]
[1, array([0.4773, 0.01  ]), array([0.47693095, 0.00772381]), 0.7854, 1.0]
[1, array([0.4773, 0.01  ]), array([0.47708333, 0.00772381]), 0.7854, 1.0]
[1, array([0.4773, 0.01  ]), array([0.47723571, 0.00772381]), 0.7854, 1.0]
[1, array([0.4773, 0.01  ]), array([0.4773881 , 0.00772381]), 0.7854, 1.0]
[1, array([0.4773, 0.01  ]), array([0.47754048, 0.00772381]), 0.7854, 1.0]
[1, array([0.4773, 0.01  ]), array([0.47769286, 0.00772381]), 0.7854, 1.0]
[1, array([0.4773, 0.01  ]), array([0.47784524, 0.00772381]), 0.7854, 1.0]
[1, array([0.4773, 0.01  ]), array([0.47799762, 0.00772381]), 0.7854, 1.0]
[1, array([0.4773, 0.01  ]), array([0.47815   , 0.00772381]), 0.7854, 1.0]
[1, array([0.4773, 0.01  ]), array([0.47495   , 0.00787619]), 0.7854, 1.0]
[1, array([0.4773, 0.01  ]), array([0.47510238, 0.00787619]), 0.7854, 1.0]
[1, array([0.4773, 0.01  ]), array([0.47525476, 0.00787619]), 0.7854, 1.0]
[1, array([0.4773, 0.01  ]), array([0.47540714, 0.00787619]), 0.7854, 1.0]
[1, array([0.4773, 0.01  ]), array([0.47555952, 0.00787619]), 0.7854, 1.0]
[1, array([0.4773, 0.01  ]), array([0.4757119 , 0.00787619]), 0.7854, 1.0]
[1, array([0.4773, 0.01  ]), array([0.47586429, 0.00787619]), 0.7854, 1.0]
[1, array([0.4773, 0.01  ]), array([0.47601667, 0.00787619]), 0.7854, 1.0]
[1, array([0.4773, 0.01  ]), array([0.47616905, 0.00787619]), 0.7854, 1.0]
[1, array([0.4773, 0.01  ]), array([0.47632143, 0.00787619]), 0.7854, 1.0]
[1, array([0.4773, 0.01  ]), array([0.47647381, 0.00787619]), 0.7854, 1.0]
[1, array([0.4773, 0.01  ]), array([0.47662619, 0.00787619]), 0.7854, 1.0]
[1, array([0.4773, 0.01  ]), array([0.47677857, 0.00787619]), 0.7854, 1.0]
[1, array([0.4773, 0.01  ]), array([0.47693095, 0.00787619]), 0.7854, 1.0]
[1, array([0.4773, 0.01  ]), array([0.47708333, 0.00787619]), 0.7854, 1.0]
[1, array([0.4773, 0.01  ]), array([0.47723571, 0.00787619]), 0.7854, 1.0]
[1, array([0.4773, 0.01  ]), array([0.4773881 , 0.00787619]), 0.7854, 1.0]
[1, array([0.4773, 0.01  ]), array([0.47754048, 0.00787619]), 0.7854, 1.0]
[1, array([0.4773, 0.01  ]), array([0.47769286, 0.00787619]), 0.7854, 1.0]
[1, array([0.4773, 0.01  ]), array([0.47784524, 0.00787619]), 0.7854, 1.0]
[1, array([0.4773, 0.01  ]), array([0.47799762, 0.00787619]), 0.7854, 1.0]
[1, array([0.4773, 0.01  ]), array([0.47815   , 0.00787619]), 0.7854, 1.0]
[1, array([0.4773, 0.01  ]), array([0.47495   , 0.00802857]), 0.7854, 1.0]
[1, array([0.4773, 0.01  ]), array([0.47510238, 0.00802857]), 0.7854, 1.0]
[1, array([0.4773, 0.01  ]), array([0.47525476, 0.00802857]), 0.7854, 1.0]
[1, array([0.4773, 0.01  ]), array([0.47540714, 0.00802857]), 0.7854, 1.0]
[1, array([0.4773, 0.01  ]), array([0.47555952, 0.00802857]), 0.7854, 1.0]
[1, array([0.4773, 0.01  ]), array([0.4757119 , 0.00802857]), 0.7854, 1.0]
[1, array([0.4773, 0.01  ]), array([0.47586429, 0.00802857]), 0.7854, 1.0]
[1, array([0.4773, 0.01  ]), array([0.47601667, 0.00802857]), 0.7854, 1.0]
[1, array([0.4773, 0.01  ]), array([0.47616905, 0.00802857]), 0.7854, 1.0]
[1, array([0.4773, 0.01  ]), array([0.47632143, 0.00802857]), 0.7854, 1.0]
[1, array([0.4773, 0.01  ]), array([0.47647381, 0.00802857]), 0.7854, 1.0]
[1, array([0.4773, 0.01  ]), array([0.47662619, 0.00802857]), 0.7854, 1.0]
[1, array([0.4773, 0.01  ]), array([0.47677857, 0.00802857]), 0.7854, 1.0]
[1, array([0.4773, 0.01  ]), array([0.47693095, 0.00802857]), 0.7854, 1.0]
[1, array([0.4773, 0.01  ]), array([0.47708333, 0.00802857]), 0.7854, 1.0]
[1, array([0.4773, 0.01  ]), array([0.47723571, 0.00802857]), 0.7854, 1.0]
[1, array([0.4773, 0.01  ]), array([0.4773881 , 0.00802857]), 0.7854, 1.0]
[1, array([0.4773, 0.01  ]), array([0.47754048, 0.00802857]), 0.7854, 1.0]
[1, array([0.4773, 0.01  ]), array([0.47769286, 0.00802857]), 0.7854, 1.0]
[1, array([0.4773, 0.01  ]), array([0.47784524, 0.00802857]), 0.7854, 1.0]
[1, array([0.4773, 0.01  ]), array([0.47799762, 0.00802857]), 0.7854, 1.0]
[1, array([0.4773, 0.01  ]), array([0.47815   , 0.00802857]), 0.7854, 1.0]
[1, array([0.4773, 0.01  ]), array([0.47495   , 0.00818095]), 0.7854, 1.0]
[1, array([0.4773, 0.01  ]), array([0.47510238, 0.00818095]), 0.7854, 1.0]
[1, array([0.4773, 0.01  ]), array([0.47525476, 0.00818095]), 0.7854, 1.0]
[1, array([0.4773, 0.01  ]), array([0.47540714, 0.00818095]), 0.7854, 1.0]
[1, array([0.4773, 0.01  ]), array([0.47555952, 0.00818095]), 0.7854, 1.0]
[1, array([0.4773, 0.01  ]), array([0.4757119 , 0.00818095]), 0.7854, 1.0]
[1, array([0.4773, 0.01  ]), array([0.47586429, 0.00818095]), 0.7854, 1.0]
[1, array([0.4773, 0.01  ]), array([0.47601667, 0.00818095]), 0.7854, 1.0]
[1, array([0.4773, 0.01  ]), array([0.47616905, 0.00818095]), 0.7854, 1.0]
[1, array([0.4773, 0.01  ]), array([0.47632143, 0.00818095]), 0.7854, 1.0]
[1, array([0.4773, 0.01  ]), array([0.47647381, 0.00818095]), 0.7854, 1.0]
[1, array([0.4773, 0.01  ]), array([0.47662619, 0.00818095]), 0.7854, 1.0]
[1, array([0.4773, 0.01  ]), array([0.47677857, 0.00818095]), 0.7854, 1.0]
[1, array([0.4773, 0.01  ]), array([0.47693095, 0.00818095]), 0.7854, 1.0]
[1, array([0.4773, 0.01  ]), array([0.47708333, 0.00818095]), 0.7854, 1.0]
[1, array([0.4773, 0.01  ]), array([0.47723571, 0.00818095]), 0.7854, 1.0]
[1, array([0.4773, 0.01  ]), array([0.4773881 , 0.00818095]), 0.7854, 1.0]
[1, array([0.4773, 0.01  ]), array([0.47754048, 0.00818095]), 0.7854, 1.0]
[1, array([0.4773, 0.01  ]), array([0.47769286, 0.00818095]), 0.7854, 1.0]
[1, array([0.4773, 0.01  ]), array([0.47784524, 0.00818095]), 0.7854, 1.0]
[1, array([0.4773, 0.01  ]), array([0.47799762, 0.00818095]), 0.7854, 1.0]
[1, array([0.4773, 0.01  ]), array([0.47815   , 0.00818095]), 0.7854, 1.0]
[1, array([0.4773, 0.01  ]), array([0.47495   , 0.00833333]), 0.7854, 1.0]
[1, array([0.4773, 0.01  ]), array([0.47510238, 0.00833333]), 0.7854, 1.0]
[1, array([0.4773, 0.01  ]), array([0.47525476, 0.00833333]), 0.7854, 1.0]
[1, array([0.4773, 0.01  ]), array([0.47540714, 0.00833333]), 0.7854, 1.0]
[1, array([0.4773, 0.01  ]), array([0.47555952, 0.00833333]), 0.7854, 1.0]
[1, array([0.4773, 0.01  ]), array([0.4757119 , 0.00833333]), 0.7854, 1.0]
[1, array([0.4773, 0.01  ]), array([0.47586429, 0.00833333]), 0.7854, 1.0]
[1, array([0.4773, 0.01  ]), array([0.47601667, 0.00833333]), 0.7854, 1.0]
[1, array([0.4773, 0.01  ]), array([0.47616905, 0.00833333]), 0.7854, 1.0]
[1, array([0.4773, 0.01  ]), array([0.47632143, 0.00833333]), 0.7854, 1.0]
[1, array([0.4773, 0.01  ]), array([0.47647381, 0.00833333]), 0.7854, 1.0]
[1, array([0.4773, 0.01  ]), array([0.47662619, 0.00833333]), 0.7854, 1.0]
[1, array([0.4773, 0.01  ]), array([0.47677857, 0.00833333]), 0.7854, 1.0]
[1, array([0.4773, 0.01  ]), array([0.47693095, 0.00833333]), 0.7854, 1.0]
[1, array([0.4773, 0.01  ]), array([0.47708333, 0.00833333]), 0.7854, 1.0]
[1, array([0.4773, 0.01  ]), array([0.47723571, 0.00833333]), 0.7854, 1.0]
[1, array([0.4773, 0.01  ]), array([0.4773881 , 0.00833333]), 0.7854, 1.0]
[1, array([0.4773, 0.01  ]), array([0.47754048, 0.00833333]), 0.7854, 1.0]
[1, array([0.4773, 0.01  ]), array([0.47769286, 0.00833333]), 0.7854, 1.0]
[1, array([0.4773, 0.01  ]), array([0.47784524, 0.00833333]), 0.7854, 1.0]
[1, array([0.4773, 0.01  ]), array([0.47799762, 0.00833333]), 0.7854, 1.0]
[1, array([0.4773, 0.01  ]), array([0.47815   , 0.00833333]), 0.7854, 1.0]
[1, array([0.4773, 0.01  ]), array([0.47495   , 0.00848571]), 0.7854, 1.0]
[1, array([0.4773, 0.01  ]), array([0.47510238, 0.00848571]), 0.7854, 1.0]
[1, array([0.4773, 0.01  ]), array([0.47525476, 0.00848571]), 0.7854, 1.0]
[1, array([0.4773, 0.01  ]), array([0.47540714, 0.00848571]), 0.7854, 1.0]
[1, array([0.4773, 0.01  ]), array([0.47555952, 0.00848571]), 0.7854, 1.0]
[1, array([0.4773, 0.01  ]), array([0.4757119 , 0.00848571]), 0.7854, 1.0]
[1, array([0.4773, 0.01  ]), array([0.47586429, 0.00848571]), 0.7854, 1.0]
[1, array([0.4773, 0.01  ]), array([0.47601667, 0.00848571]), 0.7854, 1.0]
[1, array([0.4773, 0.01  ]), array([0.47616905, 0.00848571]), 0.7854, 1.0]
[1, array([0.4773, 0.01  ]), array([0.47632143, 0.00848571]), 0.7854, 1.0]
[1, array([0.4773, 0.01  ]), array([0.47647381, 0.00848571]), 0.7854, 1.0]
[1, array([0.4773, 0.01  ]), array([0.47662619, 0.00848571]), 0.7854, 1.0]
[1, array([0.4773, 0.01  ]), array([0.47677857, 0.00848571]), 0.7854, 1.0]
[1, array([0.4773, 0.01  ]), array([0.47693095, 0.00848571]), 0.7854, 1.0]
[1, array([0.4773, 0.01  ]), array([0.47708333, 0.00848571]), 0.7854, 1.0]
[1, array([0.4773, 0.01  ]), array([0.47723571, 0.00848571]), 0.7854, 1.0]
[1, array([0.4773, 0.01  ]), array([0.4773881 , 0.00848571]), 0.7854, 1.0]
[1, array([0.4773, 0.01  ]), array([0.47754048, 0.00848571]), 0.7854, 1.0]
[1, array([0.4773, 0.01  ]), array([0.47769286, 0.00848571]), 0.7854, 1.0]
[1, array([0.4773, 0.01  ]), array([0.47784524, 0.00848571]), 0.7854, 1.0]
[1, array([0.4773, 0.01  ]), array([0.47799762, 0.00848571]), 0.7854, 1.0]
[1, array([0.4773, 0.01  ]), array([0.47815   , 0.00848571]), 0.7854, 1.0]
[1, array([0.4773, 0.01  ]), array([0.47495  , 0.0086381]), 0.7854, 1.0]
[1, array([0.4773, 0.01  ]), array([0.47510238, 0.0086381 ]), 0.7854, 1.0]
[1, array([0.4773, 0.01  ]), array([0.47525476, 0.0086381 ]), 0.7854, 1.0]
[1, array([0.4773, 0.01  ]), array([0.47540714, 0.0086381 ]), 0.7854, 1.0]
[1, array([0.4773, 0.01  ]), array([0.47555952, 0.0086381 ]), 0.7854, 1.0]
[1, array([0.4773, 0.01  ]), array([0.4757119, 0.0086381]), 0.7854, 1.0]
[1, array([0.4773, 0.01  ]), array([0.47586429, 0.0086381 ]), 0.7854, 1.0]
[1, array([0.4773, 0.01  ]), array([0.47601667, 0.0086381 ]), 0.7854, 1.0]
[1, array([0.4773, 0.01  ]), array([0.47616905, 0.0086381 ]), 0.7854, 1.0]
[1, array([0.4773, 0.01  ]), array([0.47632143, 0.0086381 ]), 0.7854, 1.0]
[1, array([0.4773, 0.01  ]), array([0.47647381, 0.0086381 ]), 0.7854, 1.0]
[1, array([0.4773, 0.01  ]), array([0.47662619, 0.0086381 ]), 0.7854, 1.0]
[1, array([0.4773, 0.01  ]), array([0.47677857, 0.0086381 ]), 0.7854, 1.0]
[1, array([0.4773, 0.01  ]), array([0.47693095, 0.0086381 ]), 0.7854, 1.0]
[1, array([0.4773, 0.01  ]), array([0.47708333, 0.0086381 ]), 0.7854, 1.0]
[1, array([0.4773, 0.01  ]), array([0.47723571, 0.0086381 ]), 0.7854, 1.0]
[1, array([0.4773, 0.01  ]), array([0.4773881, 0.0086381]), 0.7854, 1.0]
[1, array([0.4773, 0.01  ]), array([0.47754048, 0.0086381 ]), 0.7854, 1.0]
[1, array([0.4773, 0.01  ]), array([0.47769286, 0.0086381 ]), 0.7854, 1.0]
[1, array([0.4773, 0.01  ]), array([0.47784524, 0.0086381 ]), 0.7854, 1.0]
[1, array([0.4773, 0.01  ]), array([0.47799762, 0.0086381 ]), 0.7854, 1.0]
[1, array([0.4773, 0.01  ]), array([0.47815  , 0.0086381]), 0.7854, 1.0]
[1, array([0.4773, 0.01  ]), array([0.47495   , 0.00879048]), 0.7854, 1.0]
[1, array([0.4773, 0.01  ]), array([0.47510238, 0.00879048]), 0.7854, 1.0]
[1, array([0.4773, 0.01  ]), array([0.47525476, 0.00879048]), 0.7854, 1.0]
[1, array([0.4773, 0.01  ]), array([0.47540714, 0.00879048]), 0.7854, 1.0]
[1, array([0.4773, 0.01  ]), array([0.47555952, 0.00879048]), 0.7854, 1.0]
[1, array([0.4773, 0.01  ]), array([0.4757119 , 0.00879048]), 0.7854, 1.0]
[1, array([0.4773, 0.01  ]), array([0.47586429, 0.00879048]), 0.7854, 1.0]
[1, array([0.4773, 0.01  ]), array([0.47601667, 0.00879048]), 0.7854, 1.0]
[1, array([0.4773, 0.01  ]), array([0.47616905, 0.00879048]), 0.7854, 1.0]
[1, array([0.4773, 0.01  ]), array([0.47632143, 0.00879048]), 0.7854, 1.0]
[1, array([0.4773, 0.01  ]), array([0.47647381, 0.00879048]), 0.7854, 1.0]
[1, array([0.4773, 0.01  ]), array([0.47662619, 0.00879048]), 0.7854, 1.0]
[1, array([0.4773, 0.01  ]), array([0.47677857, 0.00879048]), 0.7854, 1.0]
[1, array([0.4773, 0.01  ]), array([0.47693095, 0.00879048]), 0.7854, 1.0]
[1, array([0.4773, 0.01  ]), array([0.47708333, 0.00879048]), 0.7854, 1.0]
[1, array([0.4773, 0.01  ]), array([0.47723571, 0.00879048]), 0.7854, 1.0]
[1, array([0.4773, 0.01  ]), array([0.4773881 , 0.00879048]), 0.7854, 1.0]
[1, array([0.4773, 0.01  ]), array([0.47754048, 0.00879048]), 0.7854, 1.0]
[1, array([0.4773, 0.01  ]), array([0.47769286, 0.00879048]), 0.7854, 1.0]
[1, array([0.4773, 0.01  ]), array([0.47784524, 0.00879048]), 0.7854, 1.0]
[1, array([0.4773, 0.01  ]), array([0.47799762, 0.00879048]), 0.7854, 1.0]
[1, array([0.4773, 0.01  ]), array([0.47815   , 0.00879048]), 0.7854, 1.0]
[1, array([0.4773, 0.01  ]), array([0.47495   , 0.00894286]), 0.7854, 1.0]
[1, array([0.4773, 0.01  ]), array([0.47510238, 0.00894286]), 0.7854, 1.0]
[1, array([0.4773, 0.01  ]), array([0.47525476, 0.00894286]), 0.7854, 1.0]
[1, array([0.4773, 0.01  ]), array([0.47540714, 0.00894286]), 0.7854, 1.0]
[1, array([0.4773, 0.01  ]), array([0.47555952, 0.00894286]), 0.7854, 1.0]
[1, array([0.4773, 0.01  ]), array([0.4757119 , 0.00894286]), 0.7854, 1.0]
[1, array([0.4773, 0.01  ]), array([0.47586429, 0.00894286]), 0.7854, 1.0]
[1, array([0.4773, 0.01  ]), array([0.47601667, 0.00894286]), 0.7854, 1.0]
[1, array([0.4773, 0.01  ]), array([0.47616905, 0.00894286]), 0.7854, 1.0]
[1, array([0.4773, 0.01  ]), array([0.47632143, 0.00894286]), 0.7854, 1.0]
[1, array([0.4773, 0.01  ]), array([0.47647381, 0.00894286]), 0.7854, 1.0]
[1, array([0.4773, 0.01  ]), array([0.47662619, 0.00894286]), 0.7854, 1.0]
[1, array([0.4773, 0.01  ]), array([0.47677857, 0.00894286]), 0.7854, 1.0]
[1, array([0.4773, 0.01  ]), array([0.47693095, 0.00894286]), 0.7854, 1.0]
[1, array([0.4773, 0.01  ]), array([0.47708333, 0.00894286]), 0.7854, 1.0]
[1, array([0.4773, 0.01  ]), array([0.47723571, 0.00894286]), 0.7854, 1.0]
[1, array([0.4773, 0.01  ]), array([0.4773881 , 0.00894286]), 0.7854, 1.0]
[1, array([0.4773, 0.01  ]), array([0.47754048, 0.00894286]), 0.7854, 1.0]
[1, array([0.4773, 0.01  ]), array([0.47769286, 0.00894286]), 0.7854, 1.0]
[1, array([0.4773, 0.01  ]), array([0.47784524, 0.00894286]), 0.7854, 1.0]
[1, array([0.4773, 0.01  ]), array([0.47799762, 0.00894286]), 0.7854, 1.0]
[1, array([0.4773, 0.01  ]), array([0.47815   , 0.00894286]), 0.7854, 1.0]
[1, array([0.4773, 0.01  ]), array([0.47495   , 0.00909524]), 0.7854, 1.0]
[1, array([0.4773, 0.01  ]), array([0.47510238, 0.00909524]), 0.7854, 1.0]
[1, array([0.4773, 0.01  ]), array([0.47525476, 0.00909524]), 0.7854, 1.0]
[1, array([0.4773, 0.01  ]), array([0.47540714, 0.00909524]), 0.7854, 1.0]
[1, array([0.4773, 0.01  ]), array([0.47555952, 0.00909524]), 0.7854, 1.0]
[1, array([0.4773, 0.01  ]), array([0.4757119 , 0.00909524]), 0.7854, 1.0]
[1, array([0.4773, 0.01  ]), array([0.47586429, 0.00909524]), 0.7854, 1.0]
[1, array([0.4773, 0.01  ]), array([0.47601667, 0.00909524]), 0.7854, 1.0]
[1, array([0.4773, 0.01  ]), array([0.47616905, 0.00909524]), 0.7854, 1.0]
[1, array([0.4773, 0.01  ]), array([0.47632143, 0.00909524]), 0.7854, 1.0]
[1, array([0.4773, 0.01  ]), array([0.47647381, 0.00909524]), 0.7854, 1.0]
[1, array([0.4773, 0.01  ]), array([0.47662619, 0.00909524]), 0.7854, 1.0]
[1, array([0.4773, 0.01  ]), array([0.47677857, 0.00909524]), 0.7854, 1.0]
[1, array([0.4773, 0.01  ]), array([0.47693095, 0.00909524]), 0.7854, 1.0]
[1, array([0.4773, 0.01  ]), array([0.47708333, 0.00909524]), 0.7854, 1.0]
[1, array([0.4773, 0.01  ]), array([0.47723571, 0.00909524]), 0.7854, 1.0]
[1, array([0.4773, 0.01  ]), array([0.4773881 , 0.00909524]), 0.7854, 1.0]
[1, array([0.4773, 0.01  ]), array([0.47754048, 0.00909524]), 0.7854, 1.0]
[1, array([0.4773, 0.01  ]), array([0.47769286, 0.00909524]), 0.7854, 1.0]
[1, array([0.4773, 0.01  ]), array([0.47784524, 0.00909524]), 0.7854, 1.0]
[1, array([0.4773, 0.01  ]), array([0.47799762, 0.00909524]), 0.7854, 1.0]
[1, array([0.4773, 0.01  ]), array([0.47815   , 0.00909524]), 0.7854, 1.0]
[1, array([0.4773, 0.01  ]), array([0.47495   , 0.00924762]), 0.7854, 1.0]
[1, array([0.4773, 0.01  ]), array([0.47510238, 0.00924762]), 0.7854, 1.0]
[1, array([0.4773, 0.01  ]), array([0.47525476, 0.00924762]), 0.7854, 1.0]
[1, array([0.4773, 0.01  ]), array([0.47540714, 0.00924762]), 0.7854, 1.0]
[1, array([0.4773, 0.01  ]), array([0.47555952, 0.00924762]), 0.7854, 1.0]
[1, array([0.4773, 0.01  ]), array([0.4757119 , 0.00924762]), 0.7854, 1.0]
[1, array([0.4773, 0.01  ]), array([0.47586429, 0.00924762]), 0.7854, 1.0]
[1, array([0.4773, 0.01  ]), array([0.47601667, 0.00924762]), 0.7854, 1.0]
[1, array([0.4773, 0.01  ]), array([0.47616905, 0.00924762]), 0.7854, 1.0]
[1, array([0.4773, 0.01  ]), array([0.47632143, 0.00924762]), 0.7854, 1.0]
[1, array([0.4773, 0.01  ]), array([0.47647381, 0.00924762]), 0.7854, 1.0]
[1, array([0.4773, 0.01  ]), array([0.47662619, 0.00924762]), 0.7854, 1.0]
[1, array([0.4773, 0.01  ]), array([0.47677857, 0.00924762]), 0.7854, 1.0]
[1, array([0.4773, 0.01  ]), array([0.47693095, 0.00924762]), 0.7854, 1.0]
[1, array([0.4773, 0.01  ]), array([0.47708333, 0.00924762]), 0.7854, 1.0]
[1, array([0.4773, 0.01  ]), array([0.47723571, 0.00924762]), 0.7854, 1.0]
[1, array([0.4773, 0.01  ]), array([0.4773881 , 0.00924762]), 0.7854, 1.0]
[1, array([0.4773, 0.01  ]), array([0.47754048, 0.00924762]), 0.7854, 1.0]
[1, array([0.4773, 0.01  ]), array([0.47769286, 0.00924762]), 0.7854, 1.0]
[1, array([0.4773, 0.01  ]), array([0.47784524, 0.00924762]), 0.7854, 1.0]
[1, array([0.4773, 0.01  ]), array([0.47799762, 0.00924762]), 0.7854, 1.0]
[1, array([0.4773, 0.01  ]), array([0.47815   , 0.00924762]), 0.7854, 1.0]
[1, array([0.4773, 0.01  ]), array([0.47495, 0.0094 ]), 0.7854, 1.0]
[1, array([0.4773, 0.01  ]), array([0.47510238, 0.0094    ]), 0.7854, 1.0]
[1, array([0.4773, 0.01  ]), array([0.47525476, 0.0094    ]), 0.7854, 1.0]
[1, array([0.4773, 0.01  ]), array([0.47540714, 0.0094    ]), 0.7854, 1.0]
[1, array([0.4773, 0.01  ]), array([0.47555952, 0.0094    ]), 0.7854, 1.0]
[1, array([0.4773, 0.01  ]), array([0.4757119, 0.0094   ]), 0.7854, 1.0]
[1, array([0.4773, 0.01  ]), array([0.47586429, 0.0094    ]), 0.7854, 1.0]
[1, array([0.4773, 0.01  ]), array([0.47601667, 0.0094    ]), 0.7854, 1.0]
[1, array([0.4773, 0.01  ]), array([0.47616905, 0.0094    ]), 0.7854, 1.0]
[1, array([0.4773, 0.01  ]), array([0.47632143, 0.0094    ]), 0.7854, 1.0]
[1, array([0.4773, 0.01  ]), array([0.47647381, 0.0094    ]), 0.7854, 1.0]
[1, array([0.4773, 0.01  ]), array([0.47662619, 0.0094    ]), 0.7854, 1.0]
[1, array([0.4773, 0.01  ]), array([0.47677857, 0.0094    ]), 0.7854, 1.0]
[1, array([0.4773, 0.01  ]), array([0.47693095, 0.0094    ]), 0.7854, 1.0]
[1, array([0.4773, 0.01  ]), array([0.47708333, 0.0094    ]), 0.7854, 1.0]
[1, array([0.4773, 0.01  ]), array([0.47723571, 0.0094    ]), 0.7854, 1.0]
[1, array([0.4773, 0.01  ]), array([0.4773881, 0.0094   ]), 0.7854, 1.0]
[1, array([0.4773, 0.01  ]), array([0.47754048, 0.0094    ]), 0.7854, 1.0]
[1, array([0.4773, 0.01  ]), array([0.47769286, 0.0094    ]), 0.7854, 1.0]
[1, array([0.4773, 0.01  ]), array([0.47784524, 0.0094    ]), 0.7854, 1.0]
[1, array([0.4773, 0.01  ]), array([0.47799762, 0.0094    ]), 0.7854, 1.0]
[1, array([0.4773, 0.01  ]), array([0.47815, 0.0094 ]), 0.7854, 1.0]
