[84, array([ 0.4723, -0.0136]), array([ 0.4719, -0.0156]), 0.7854, 0.0]
[84, array([ 0.4723, -0.0136]), array([ 0.47204762, -0.0156    ]), 0.7854, 0.0]
[84, array([ 0.4723, -0.0136]), array([ 0.47219524, -0.0156    ]), 0.7854, 0.0]
[84, array([ 0.4723, -0.0136]), array([ 0.47234286, -0.0156    ]), 0.7854, 0.0]
[84, array([ 0.4723, -0.0136]), array([ 0.47249048, -0.0156    ]), 0.7854, 0.0]
[84, array([ 0.4723, -0.0136]), array([ 0.4726381, -0.0156   ]), 0.7854, 0.0]
[84, array([ 0.4723, -0.0136]), array([ 0.47278571, -0.0156    ]), 0.7854, 0.0]
[84, array([ 0.4723, -0.0136]), array([ 0.47293333, -0.0156    ]), 0.7854, 0.0]
[84, array([ 0.4723, -0.0136]), array([ 0.47308095, -0.0156    ]), 0.7854, 0.0]
[84, array([ 0.4723, -0.0136]), array([ 0.47322857, -0.0156    ]), 0.7854, 0.0]
[84, array([ 0.4723, -0.0136]), array([ 0.47337619, -0.0156    ]), 0.7854, 0.0]
[84, array([ 0.4723, -0.0136]), array([ 0.47352381, -0.0156    ]), 0.7854, 0.0]
[84, array([ 0.4723, -0.0136]), array([ 0.47367143, -0.0156    ]), 0.7854, 0.0]
[84, array([ 0.4723, -0.0136]), array([ 0.47381905, -0.0156    ]), 0.7854, 0.0]
[84, array([ 0.4723, -0.0136]), array([ 0.47396667, -0.0156    ]), 0.7854, 0.0]
[84, array([ 0.4723, -0.0136]), array([ 0.47411429, -0.0156    ]), 0.7854, 0.0]
[84, array([ 0.4723, -0.0136]), array([ 0.4742619, -0.0156   ]), 0.7854, 0.0]
[84, array([ 0.4723, -0.0136]), array([ 0.47440952, -0.0156    ]), 0.7854, 0.0]
[84, array([ 0.4723, -0.0136]), array([ 0.47455714, -0.0156    ]), 0.7854, 1.0]
[84, array([ 0.4723, -0.0136]), array([ 0.47470476, -0.0156    ]), 0.7854, 1.0]
[84, array([ 0.4723, -0.0136]), array([ 0.47485238, -0.0156    ]), 0.7854, 1.0]
[84, array([ 0.4723, -0.0136]), array([ 0.475 , -0.0156]), 0.7854, 1.0]
[84, array([ 0.4723, -0.0136]), array([ 0.4719    , -0.01545238]), 0.7854, 0.0]
[84, array([ 0.4723, -0.0136]), array([ 0.47204762, -0.01545238]), 0.7854, 0.0]
[84, array([ 0.4723, -0.0136]), array([ 0.47219524, -0.01545238]), 0.7854, 0.0]
[84, array([ 0.4723, -0.0136]), array([ 0.47234286, -0.01545238]), 0.7854, 0.0]
[84, array([ 0.4723, -0.0136]), array([ 0.47249048, -0.01545238]), 0.7854, 0.0]
[84, array([ 0.4723, -0.0136]), array([ 0.4726381 , -0.01545238]), 0.7854, 0.0]
[84, array([ 0.4723, -0.0136]), array([ 0.47278571, -0.01545238]), 0.7854, 0.0]
[84, array([ 0.4723, -0.0136]), array([ 0.47293333, -0.01545238]), 0.7854, 0.0]
[84, array([ 0.4723, -0.0136]), array([ 0.47308095, -0.01545238]), 0.7854, 0.0]
[84, array([ 0.4723, -0.0136]), array([ 0.47322857, -0.01545238]), 0.7854, 0.0]
[84, array([ 0.4723, -0.0136]), array([ 0.47337619, -0.01545238]), 0.7854, 0.0]
[84, array([ 0.4723, -0.0136]), array([ 0.47352381, -0.01545238]), 0.7854, 0.0]
[84, array([ 0.4723, -0.0136]), array([ 0.47367143, -0.01545238]), 0.7854, 0.0]
[84, array([ 0.4723, -0.0136]), array([ 0.47381905, -0.01545238]), 0.7854, 0.0]
[84, array([ 0.4723, -0.0136]), array([ 0.47396667, -0.01545238]), 0.7854, 0.0]
[84, array([ 0.4723, -0.0136]), array([ 0.47411429, -0.01545238]), 0.7854, 0.0]
[84, array([ 0.4723, -0.0136]), array([ 0.4742619 , -0.01545238]), 0.7854, 0.0]
[84, array([ 0.4723, -0.0136]), array([ 0.47440952, -0.01545238]), 0.7854, 1.0]
[84, array([ 0.4723, -0.0136]), array([ 0.47455714, -0.01545238]), 0.7854, 1.0]
[84, array([ 0.4723, -0.0136]), array([ 0.47470476, -0.01545238]), 0.7854, 1.0]
[84, array([ 0.4723, -0.0136]), array([ 0.47485238, -0.01545238]), 0.7854, 1.0]
[84, array([ 0.4723, -0.0136]), array([ 0.475     , -0.01545238]), 0.7854, 1.0]
[84, array([ 0.4723, -0.0136]), array([ 0.4719    , -0.01530476]), 0.7854, 0.0]
[84, array([ 0.4723, -0.0136]), array([ 0.47204762, -0.01530476]), 0.7854, 0.0]
[84, array([ 0.4723, -0.0136]), array([ 0.47219524, -0.01530476]), 0.7854, 0.0]
[84, array([ 0.4723, -0.0136]), array([ 0.47234286, -0.01530476]), 0.7854, 0.0]
[84, array([ 0.4723, -0.0136]), array([ 0.47249048, -0.01530476]), 0.7854, 0.0]
[84, array([ 0.4723, -0.0136]), array([ 0.4726381 , -0.01530476]), 0.7854, 0.0]
[84, array([ 0.4723, -0.0136]), array([ 0.47278571, -0.01530476]), 0.7854, 0.0]
[84, array([ 0.4723, -0.0136]), array([ 0.47293333, -0.01530476]), 0.7854, 0.0]
[84, array([ 0.4723, -0.0136]), array([ 0.47308095, -0.01530476]), 0.7854, 0.0]
[84, array([ 0.4723, -0.0136]), array([ 0.47322857, -0.01530476]), 0.7854, 0.0]
[84, array([ 0.4723, -0.0136]), array([ 0.47337619, -0.01530476]), 0.7854, 0.0]
[84, array([ 0.4723, -0.0136]), array([ 0.47352381, -0.01530476]), 0.7854, 0.0]
[84, array([ 0.4723, -0.0136]), array([ 0.47367143, -0.01530476]), 0.7854, 0.0]
[84, array([ 0.4723, -0.0136]), array([ 0.47381905, -0.01530476]), 0.7854, 0.0]
[84, array([ 0.4723, -0.0136]), array([ 0.47396667, -0.01530476]), 0.7854, 0.0]
[84, array([ 0.4723, -0.0136]), array([ 0.47411429, -0.01530476]), 0.7854, 0.0]
[84, array([ 0.4723, -0.0136]), array([ 0.4742619 , -0.01530476]), 0.7854, 1.0]
[84, array([ 0.4723, -0.0136]), array([ 0.47440952, -0.01530476]), 0.7854, 1.0]
[84, array([ 0.4723, -0.0136]), array([ 0.47455714, -0.01530476]), 0.7854, 1.0]
[84, array([ 0.4723, -0.0136]), array([ 0.47470476, -0.01530476]), 0.7854, 1.0]
[84, array([ 0.4723, -0.0136]), array([ 0.47485238, -0.01530476]), 0.7854, 1.0]
[84, array([ 0.4723, -0.0136]), array([ 0.475     , -0.01530476]), 0.7854, 1.0]
[84, array([ 0.4723, -0.0136]), array([ 0.4719    , -0.01515714]), 0.7854, 0.0]
[84, array([ 0.4723, -0.0136]), array([ 0.47204762, -0.01515714]), 0.7854, 0.0]
[84, array([ 0.4723, -0.0136]), array([ 0.47219524, -0.01515714]), 0.7854, 0.0]
[84, array([ 0.4723, -0.0136]), array([ 0.47234286, -0.01515714]), 0.7854, 0.0]
[84, array([ 0.4723, -0.0136]), array([ 0.47249048, -0.01515714]), 0.7854, 0.0]
[84, array([ 0.4723, -0.0136]), array([ 0.4726381 , -0.01515714]), 0.7854, 0.0]
[84, array([ 0.4723, -0.0136]), array([ 0.47278571, -0.01515714]), 0.7854, 0.0]
[84, array([ 0.4723, -0.0136]), array([ 0.47293333, -0.01515714]), 0.7854, 0.0]
[84, array([ 0.4723, -0.0136]), array([ 0.47308095, -0.01515714]), 0.7854, 0.0]
[84, array([ 0.4723, -0.0136]), array([ 0.47322857, -0.01515714]), 0.7854, 0.0]
[84, array([ 0.4723, -0.0136]), array([ 0.47337619, -0.01515714]), 0.7854, 0.0]
[84, array([ 0.4723, -0.0136]), array([ 0.47352381, -0.01515714]), 0.7854, 0.0]
[84, array([ 0.4723, -0.0136]), array([ 0.47367143, -0.01515714]), 0.7854, 0.0]
[84, array([ 0.4723, -0.0136]), array([ 0.47381905, -0.01515714]), 0.7854, 0.0]
[84, array([ 0.4723, -0.0136]), array([ 0.47396667, -0.01515714]), 0.7854, 0.0]
[84, array([ 0.4723, -0.0136]), array([ 0.47411429, -0.01515714]), 0.7854, 1.0]
[84, array([ 0.4723, -0.0136]), array([ 0.4742619 , -0.01515714]), 0.7854, 1.0]
[84, array([ 0.4723, -0.0136]), array([ 0.47440952, -0.01515714]), 0.7854, 1.0]
[84, array([ 0.4723, -0.0136]), array([ 0.47455714, -0.01515714]), 0.7854, 1.0]
[84, array([ 0.4723, -0.0136]), array([ 0.47470476, -0.01515714]), 0.7854, 1.0]
[84, array([ 0.4723, -0.0136]), array([ 0.47485238, -0.01515714]), 0.7854, 1.0]
[84, array([ 0.4723, -0.0136]), array([ 0.475     , -0.01515714]), 0.7854, 1.0]
[84, array([ 0.4723, -0.0136]), array([ 0.4719    , -0.01500952]), 0.7854, 0.0]
[84, array([ 0.4723, -0.0136]), array([ 0.47204762, -0.01500952]), 0.7854, 0.0]
[84, array([ 0.4723, -0.0136]), array([ 0.47219524, -0.01500952]), 0.7854, 0.0]
[84, array([ 0.4723, -0.0136]), array([ 0.47234286, -0.01500952]), 0.7854, 0.0]
[84, array([ 0.4723, -0.0136]), array([ 0.47249048, -0.01500952]), 0.7854, 0.0]
[84, array([ 0.4723, -0.0136]), array([ 0.4726381 , -0.01500952]), 0.7854, 0.0]
[84, array([ 0.4723, -0.0136]), array([ 0.47278571, -0.01500952]), 0.7854, 0.0]
[84, array([ 0.4723, -0.0136]), array([ 0.47293333, -0.01500952]), 0.7854, 0.0]
[84, array([ 0.4723, -0.0136]), array([ 0.47308095, -0.01500952]), 0.7854, 0.0]
[84, array([ 0.4723, -0.0136]), array([ 0.47322857, -0.01500952]), 0.7854, 0.0]
[84, array([ 0.4723, -0.0136]), array([ 0.47337619, -0.01500952]), 0.7854, 0.0]
[84, array([ 0.4723, -0.0136]), array([ 0.47352381, -0.01500952]), 0.7854, 0.0]
[84, array([ 0.4723, -0.0136]), array([ 0.47367143, -0.01500952]), 0.7854, 0.0]
[84, array([ 0.4723, -0.0136]), array([ 0.47381905, -0.01500952]), 0.7854, 0.0]
[84, array([ 0.4723, -0.0136]), array([ 0.47396667, -0.01500952]), 0.7854, 1.0]
[84, array([ 0.4723, -0.0136]), array([ 0.47411429, -0.01500952]), 0.7854, 1.0]
[84, array([ 0.4723, -0.0136]), array([ 0.4742619 , -0.01500952]), 0.7854, 1.0]
[84, array([ 0.4723, -0.0136]), array([ 0.47440952, -0.01500952]), 0.7854, 1.0]
[84, array([ 0.4723, -0.0136]), array([ 0.47455714, -0.01500952]), 0.7854, 1.0]
[84, array([ 0.4723, -0.0136]), array([ 0.47470476, -0.01500952]), 0.7854, 1.0]
[84, array([ 0.4723, -0.0136]), array([ 0.47485238, -0.01500952]), 0.7854, 1.0]
[84, array([ 0.4723, -0.0136]), array([ 0.475     , -0.01500952]), 0.7854, 1.0]
[84, array([ 0.4723, -0.0136]), array([ 0.4719   , -0.0148619]), 0.7854, 0.0]
[84, array([ 0.4723, -0.0136]), array([ 0.47204762, -0.0148619 ]), 0.7854, 0.0]
[84, array([ 0.4723, -0.0136]), array([ 0.47219524, -0.0148619 ]), 0.7854, 0.0]
[84, array([ 0.4723, -0.0136]), array([ 0.47234286, -0.0148619 ]), 0.7854, 0.0]
[84, array([ 0.4723, -0.0136]), array([ 0.47249048, -0.0148619 ]), 0.7854, 0.0]
[84, array([ 0.4723, -0.0136]), array([ 0.4726381, -0.0148619]), 0.7854, 0.0]
[84, array([ 0.4723, -0.0136]), array([ 0.47278571, -0.0148619 ]), 0.7854, 0.0]
[84, array([ 0.4723, -0.0136]), array([ 0.47293333, -0.0148619 ]), 0.7854, 0.0]
[84, array([ 0.4723, -0.0136]), array([ 0.47308095, -0.0148619 ]), 0.7854, 0.0]
[84, array([ 0.4723, -0.0136]), array([ 0.47322857, -0.0148619 ]), 0.7854, 0.0]
[84, array([ 0.4723, -0.0136]), array([ 0.47337619, -0.0148619 ]), 0.7854, 0.0]
[84, array([ 0.4723, -0.0136]), array([ 0.47352381, -0.0148619 ]), 0.7854, 0.0]
[84, array([ 0.4723, -0.0136]), array([ 0.47367143, -0.0148619 ]), 0.7854, 0.0]
[84, array([ 0.4723, -0.0136]), array([ 0.47381905, -0.0148619 ]), 0.7854, 1.0]
[84, array([ 0.4723, -0.0136]), array([ 0.47396667, -0.0148619 ]), 0.7854, 1.0]
[84, array([ 0.4723, -0.0136]), array([ 0.47411429, -0.0148619 ]), 0.7854, 1.0]
[84, array([ 0.4723, -0.0136]), array([ 0.4742619, -0.0148619]), 0.7854, 1.0]
[84, array([ 0.4723, -0.0136]), array([ 0.47440952, -0.0148619 ]), 0.7854, 1.0]
[84, array([ 0.4723, -0.0136]), array([ 0.47455714, -0.0148619 ]), 0.7854, 1.0]
[84, array([ 0.4723, -0.0136]), array([ 0.47470476, -0.0148619 ]), 0.7854, 1.0]
[84, array([ 0.4723, -0.0136]), array([ 0.47485238, -0.0148619 ]), 0.7854, 1.0]
[84, array([ 0.4723, -0.0136]), array([ 0.475    , -0.0148619]), 0.7854, 1.0]
[84, array([ 0.4723, -0.0136]), array([ 0.4719    , -0.01471429]), 0.7854, 0.0]
[84, array([ 0.4723, -0.0136]), array([ 0.47204762, -0.01471429]), 0.7854, 0.0]
[84, array([ 0.4723, -0.0136]), array([ 0.47219524, -0.01471429]), 0.7854, 0.0]
[84, array([ 0.4723, -0.0136]), array([ 0.47234286, -0.01471429]), 0.7854, 0.0]
[84, array([ 0.4723, -0.0136]), array([ 0.47249048, -0.01471429]), 0.7854, 0.0]
[84, array([ 0.4723, -0.0136]), array([ 0.4726381 , -0.01471429]), 0.7854, 0.0]
[84, array([ 0.4723, -0.0136]), array([ 0.47278571, -0.01471429]), 0.7854, 0.0]
[84, array([ 0.4723, -0.0136]), array([ 0.47293333, -0.01471429]), 0.7854, 0.0]
[84, array([ 0.4723, -0.0136]), array([ 0.47308095, -0.01471429]), 0.7854, 0.0]
[84, array([ 0.4723, -0.0136]), array([ 0.47322857, -0.01471429]), 0.7854, 0.0]
[84, array([ 0.4723, -0.0136]), array([ 0.47337619, -0.01471429]), 0.7854, 0.0]
[84, array([ 0.4723, -0.0136]), array([ 0.47352381, -0.01471429]), 0.7854, 0.0]
[84, array([ 0.4723, -0.0136]), array([ 0.47367143, -0.01471429]), 0.7854, 1.0]
[84, array([ 0.4723, -0.0136]), array([ 0.47381905, -0.01471429]), 0.7854, 1.0]
[84, array([ 0.4723, -0.0136]), array([ 0.47396667, -0.01471429]), 0.7854, 1.0]
[84, array([ 0.4723, -0.0136]), array([ 0.47411429, -0.01471429]), 0.7854, 1.0]
[84, array([ 0.4723, -0.0136]), array([ 0.4742619 , -0.01471429]), 0.7854, 1.0]
[84, array([ 0.4723, -0.0136]), array([ 0.47440952, -0.01471429]), 0.7854, 1.0]
[84, array([ 0.4723, -0.0136]), array([ 0.47455714, -0.01471429]), 0.7854, 1.0]
[84, array([ 0.4723, -0.0136]), array([ 0.47470476, -0.01471429]), 0.7854, 1.0]
[84, array([ 0.4723, -0.0136]), array([ 0.47485238, -0.01471429]), 0.7854, 1.0]
[84, array([ 0.4723, -0.0136]), array([ 0.475     , -0.01471429]), 0.7854, 1.0]
[84, array([ 0.4723, -0.0136]), array([ 0.4719    , -0.01456667]), 0.7854, 0.0]
[84, array([ 0.4723, -0.0136]), array([ 0.47204762, -0.01456667]), 0.7854, 0.0]
[84, array([ 0.4723, -0.0136]), array([ 0.47219524, -0.01456667]), 0.7854, 0.0]
[84, array([ 0.4723, -0.0136]), array([ 0.47234286, -0.01456667]), 0.7854, 0.0]
[84, array([ 0.4723, -0.0136]), array([ 0.47249048, -0.01456667]), 0.7854, 0.0]
[84, array([ 0.4723, -0.0136]), array([ 0.4726381 , -0.01456667]), 0.7854, 0.0]
[84, array([ 0.4723, -0.0136]), array([ 0.47278571, -0.01456667]), 0.7854, 0.0]
[84, array([ 0.4723, -0.0136]), array([ 0.47293333, -0.01456667]), 0.7854, 0.0]
[84, array([ 0.4723, -0.0136]), array([ 0.47308095, -0.01456667]), 0.7854, 0.0]
[84, array([ 0.4723, -0.0136]), array([ 0.47322857, -0.01456667]), 0.7854, 0.0]
[84, array([ 0.4723, -0.0136]), array([ 0.47337619, -0.01456667]), 0.7854, 0.0]
[84, array([ 0.4723, -0.0136]), array([ 0.47352381, -0.01456667]), 0.7854, 1.0]
[84, array([ 0.4723, -0.0136]), array([ 0.47367143, -0.01456667]), 0.7854, 1.0]
[84, array([ 0.4723, -0.0136]), array([ 0.47381905, -0.01456667]), 0.7854, 1.0]
[84, array([ 0.4723, -0.0136]), array([ 0.47396667, -0.01456667]), 0.7854, 1.0]
[84, array([ 0.4723, -0.0136]), array([ 0.47411429, -0.01456667]), 0.7854, 1.0]
[84, array([ 0.4723, -0.0136]), array([ 0.4742619 , -0.01456667]), 0.7854, 1.0]
[84, array([ 0.4723, -0.0136]), array([ 0.47440952, -0.01456667]), 0.7854, 1.0]
[84, array([ 0.4723, -0.0136]), array([ 0.47455714, -0.01456667]), 0.7854, 1.0]
[84, array([ 0.4723, -0.0136]), array([ 0.47470476, -0.01456667]), 0.7854, 1.0]
[84, array([ 0.4723, -0.0136]), array([ 0.47485238, -0.01456667]), 0.7854, 1.0]
[84, array([ 0.4723, -0.0136]), array([ 0.475     , -0.01456667]), 0.7854, 1.0]
[84, array([ 0.4723, -0.0136]), array([ 0.4719    , -0.01441905]), 0.7854, 0.0]
[84, array([ 0.4723, -0.0136]), array([ 0.47204762, -0.01441905]), 0.7854, 0.0]
[84, array([ 0.4723, -0.0136]), array([ 0.47219524, -0.01441905]), 0.7854, 0.0]
[84, array([ 0.4723, -0.0136]), array([ 0.47234286, -0.01441905]), 0.7854, 0.0]
[84, array([ 0.4723, -0.0136]), array([ 0.47249048, -0.01441905]), 0.7854, 0.0]
[84, array([ 0.4723, -0.0136]), array([ 0.4726381 , -0.01441905]), 0.7854, 0.0]
[84, array([ 0.4723, -0.0136]), array([ 0.47278571, -0.01441905]), 0.7854, 0.0]
[84, array([ 0.4723, -0.0136]), array([ 0.47293333, -0.01441905]), 0.7854, 0.0]
[84, array([ 0.4723, -0.0136]), array([ 0.47308095, -0.01441905]), 0.7854, 0.0]
[84, array([ 0.4723, -0.0136]), array([ 0.47322857, -0.01441905]), 0.7854, 0.0]
[84, array([ 0.4723, -0.0136]), array([ 0.47337619, -0.01441905]), 0.7854, 1.0]
[84, array([ 0.4723, -0.0136]), array([ 0.47352381, -0.01441905]), 0.7854, 1.0]
[84, array([ 0.4723, -0.0136]), array([ 0.47367143, -0.01441905]), 0.7854, 1.0]
[84, array([ 0.4723, -0.0136]), array([ 0.47381905, -0.01441905]), 0.7854, 1.0]
[84, array([ 0.4723, -0.0136]), array([ 0.47396667, -0.01441905]), 0.7854, 1.0]
[84, array([ 0.4723, -0.0136]), array([ 0.47411429, -0.01441905]), 0.7854, 1.0]
[84, array([ 0.4723, -0.0136]), array([ 0.4742619 , -0.01441905]), 0.7854, 1.0]
[84, array([ 0.4723, -0.0136]), array([ 0.47440952, -0.01441905]), 0.7854, 1.0]
[84, array([ 0.4723, -0.0136]), array([ 0.47455714, -0.01441905]), 0.7854, 1.0]
[84, array([ 0.4723, -0.0136]), array([ 0.47470476, -0.01441905]), 0.7854, 1.0]
[84, array([ 0.4723, -0.0136]), array([ 0.47485238, -0.01441905]), 0.7854, 0.0]
[84, array([ 0.4723, -0.0136]), array([ 0.475     , -0.01441905]), 0.7854, 1.0]
[84, array([ 0.4723, -0.0136]), array([ 0.4719    , -0.01427143]), 0.7854, 1.0]
[84, array([ 0.4723, -0.0136]), array([ 0.47204762, -0.01427143]), 0.7854, 0.0]
[84, array([ 0.4723, -0.0136]), array([ 0.47219524, -0.01427143]), 0.7854, 0.0]
[84, array([ 0.4723, -0.0136]), array([ 0.47234286, -0.01427143]), 0.7854, 0.0]
[84, array([ 0.4723, -0.0136]), array([ 0.47249048, -0.01427143]), 0.7854, 0.0]
[84, array([ 0.4723, -0.0136]), array([ 0.4726381 , -0.01427143]), 0.7854, 0.0]
[84, array([ 0.4723, -0.0136]), array([ 0.47278571, -0.01427143]), 0.7854, 0.0]
[84, array([ 0.4723, -0.0136]), array([ 0.47293333, -0.01427143]), 0.7854, 0.0]
[84, array([ 0.4723, -0.0136]), array([ 0.47308095, -0.01427143]), 0.7854, 0.0]
[84, array([ 0.4723, -0.0136]), array([ 0.47322857, -0.01427143]), 0.7854, 1.0]
[84, array([ 0.4723, -0.0136]), array([ 0.47337619, -0.01427143]), 0.7854, 1.0]
[84, array([ 0.4723, -0.0136]), array([ 0.47352381, -0.01427143]), 0.7854, 1.0]
[84, array([ 0.4723, -0.0136]), array([ 0.47367143, -0.01427143]), 0.7854, 1.0]
[84, array([ 0.4723, -0.0136]), array([ 0.47381905, -0.01427143]), 0.7854, 1.0]
[84, array([ 0.4723, -0.0136]), array([ 0.47396667, -0.01427143]), 0.7854, 1.0]
[84, array([ 0.4723, -0.0136]), array([ 0.47411429, -0.01427143]), 0.7854, 1.0]
[84, array([ 0.4723, -0.0136]), array([ 0.4742619 , -0.01427143]), 0.7854, 1.0]
[84, array([ 0.4723, -0.0136]), array([ 0.47440952, -0.01427143]), 0.7854, 1.0]
[84, array([ 0.4723, -0.0136]), array([ 0.47455714, -0.01427143]), 0.7854, 0.0]
[84, array([ 0.4723, -0.0136]), array([ 0.47470476, -0.01427143]), 0.7854, 1.0]
[84, array([ 0.4723, -0.0136]), array([ 0.47485238, -0.01427143]), 0.7854, 1.0]
[84, array([ 0.4723, -0.0136]), array([ 0.475     , -0.01427143]), 0.7854, 1.0]
[84, array([ 0.4723, -0.0136]), array([ 0.4719    , -0.01412381]), 0.7854, 1.0]
[84, array([ 0.4723, -0.0136]), array([ 0.47204762, -0.01412381]), 0.7854, 0.0]
[84, array([ 0.4723, -0.0136]), array([ 0.47219524, -0.01412381]), 0.7854, 0.0]
[84, array([ 0.4723, -0.0136]), array([ 0.47234286, -0.01412381]), 0.7854, 0.0]
[84, array([ 0.4723, -0.0136]), array([ 0.47249048, -0.01412381]), 0.7854, 0.0]
[84, array([ 0.4723, -0.0136]), array([ 0.4726381 , -0.01412381]), 0.7854, 0.0]
[84, array([ 0.4723, -0.0136]), array([ 0.47278571, -0.01412381]), 0.7854, 0.0]
[84, array([ 0.4723, -0.0136]), array([ 0.47293333, -0.01412381]), 0.7854, 0.0]
[84, array([ 0.4723, -0.0136]), array([ 0.47308095, -0.01412381]), 0.7854, 1.0]
[84, array([ 0.4723, -0.0136]), array([ 0.47322857, -0.01412381]), 0.7854, 1.0]
[84, array([ 0.4723, -0.0136]), array([ 0.47337619, -0.01412381]), 0.7854, 1.0]
[84, array([ 0.4723, -0.0136]), array([ 0.47352381, -0.01412381]), 0.7854, 1.0]
[84, array([ 0.4723, -0.0136]), array([ 0.47367143, -0.01412381]), 0.7854, 1.0]
[84, array([ 0.4723, -0.0136]), array([ 0.47381905, -0.01412381]), 0.7854, 1.0]
[84, array([ 0.4723, -0.0136]), array([ 0.47396667, -0.01412381]), 0.7854, 1.0]
[84, array([ 0.4723, -0.0136]), array([ 0.47411429, -0.01412381]), 0.7854, 1.0]
[84, array([ 0.4723, -0.0136]), array([ 0.4742619 , -0.01412381]), 0.7854, 1.0]
[84, array([ 0.4723, -0.0136]), array([ 0.47440952, -0.01412381]), 0.7854, 1.0]
[84, array([ 0.4723, -0.0136]), array([ 0.47455714, -0.01412381]), 0.7854, 1.0]
[84, array([ 0.4723, -0.0136]), array([ 0.47470476, -0.01412381]), 0.7854, 1.0]
[84, array([ 0.4723, -0.0136]), array([ 0.47485238, -0.01412381]), 0.7854, 1.0]
[84, array([ 0.4723, -0.0136]), array([ 0.475     , -0.01412381]), 0.7854, 1.0]
[84, array([ 0.4723, -0.0136]), array([ 0.4719    , -0.01397619]), 0.7854, 0.0]
[84, array([ 0.4723, -0.0136]), array([ 0.47204762, -0.01397619]), 0.7854, 0.0]
[84, array([ 0.4723, -0.0136]), array([ 0.47219524, -0.01397619]), 0.7854, 0.0]
[84, array([ 0.4723, -0.0136]), array([ 0.47234286, -0.01397619]), 0.7854, 0.0]
[84, array([ 0.4723, -0.0136]), array([ 0.47249048, -0.01397619]), 0.7854, 0.0]
[84, array([ 0.4723, -0.0136]), array([ 0.4726381 , -0.01397619]), 0.7854, 0.0]
[84, array([ 0.4723, -0.0136]), array([ 0.47278571, -0.01397619]), 0.7854, 0.0]
[84, array([ 0.4723, -0.0136]), array([ 0.47293333, -0.01397619]), 0.7854, 1.0]
[84, array([ 0.4723, -0.0136]), array([ 0.47308095, -0.01397619]), 0.7854, 1.0]
[84, array([ 0.4723, -0.0136]), array([ 0.47322857, -0.01397619]), 0.7854, 1.0]
[84, array([ 0.4723, -0.0136]), array([ 0.47337619, -0.01397619]), 0.7854, 1.0]
[84, array([ 0.4723, -0.0136]), array([ 0.47352381, -0.01397619]), 0.7854, 1.0]
[84, array([ 0.4723, -0.0136]), array([ 0.47367143, -0.01397619]), 0.7854, 1.0]
[84, array([ 0.4723, -0.0136]), array([ 0.47381905, -0.01397619]), 0.7854, 1.0]
[84, array([ 0.4723, -0.0136]), array([ 0.47396667, -0.01397619]), 0.7854, 1.0]
[84, array([ 0.4723, -0.0136]), array([ 0.47411429, -0.01397619]), 0.7854, 1.0]
[84, array([ 0.4723, -0.0136]), array([ 0.4742619 , -0.01397619]), 0.7854, 1.0]
[84, array([ 0.4723, -0.0136]), array([ 0.47440952, -0.01397619]), 0.7854, 1.0]
[84, array([ 0.4723, -0.0136]), array([ 0.47455714, -0.01397619]), 0.7854, 1.0]
[84, array([ 0.4723, -0.0136]), array([ 0.47470476, -0.01397619]), 0.7854, 1.0]
[84, array([ 0.4723, -0.0136]), array([ 0.47485238, -0.01397619]), 0.7854, 1.0]
[84, array([ 0.4723, -0.0136]), array([ 0.475     , -0.01397619]), 0.7854, 0.0]
[84, array([ 0.4723, -0.0136]), array([ 0.4719    , -0.01382857]), 0.7854, 0.0]
[84, array([ 0.4723, -0.0136]), array([ 0.47204762, -0.01382857]), 0.7854, 0.0]
[84, array([ 0.4723, -0.0136]), array([ 0.47219524, -0.01382857]), 0.7854, 0.0]
[84, array([ 0.4723, -0.0136]), array([ 0.47234286, -0.01382857]), 0.7854, 0.0]
[84, array([ 0.4723, -0.0136]), array([ 0.47249048, -0.01382857]), 0.7854, 0.0]
[84, array([ 0.4723, -0.0136]), array([ 0.4726381 , -0.01382857]), 0.7854, 0.0]
[84, array([ 0.4723, -0.0136]), array([ 0.47278571, -0.01382857]), 0.7854, 1.0]
[84, array([ 0.4723, -0.0136]), array([ 0.47293333, -0.01382857]), 0.7854, 1.0]
[84, array([ 0.4723, -0.0136]), array([ 0.47308095, -0.01382857]), 0.7854, 1.0]
[84, array([ 0.4723, -0.0136]), array([ 0.47322857, -0.01382857]), 0.7854, 1.0]
[84, array([ 0.4723, -0.0136]), array([ 0.47337619, -0.01382857]), 0.7854, 1.0]
[84, array([ 0.4723, -0.0136]), array([ 0.47352381, -0.01382857]), 0.7854, 1.0]
[84, array([ 0.4723, -0.0136]), array([ 0.47367143, -0.01382857]), 0.7854, 1.0]
[84, array([ 0.4723, -0.0136]), array([ 0.47381905, -0.01382857]), 0.7854, 0.0]
[84, array([ 0.4723, -0.0136]), array([ 0.47396667, -0.01382857]), 0.7854, 0.0]
[84, array([ 0.4723, -0.0136]), array([ 0.47411429, -0.01382857]), 0.7854, 1.0]
[84, array([ 0.4723, -0.0136]), array([ 0.4742619 , -0.01382857]), 0.7854, 1.0]
[84, array([ 0.4723, -0.0136]), array([ 0.47440952, -0.01382857]), 0.7854, 1.0]
[84, array([ 0.4723, -0.0136]), array([ 0.47455714, -0.01382857]), 0.7854, 1.0]
[84, array([ 0.4723, -0.0136]), array([ 0.47470476, -0.01382857]), 0.7854, 1.0]
[84, array([ 0.4723, -0.0136]), array([ 0.47485238, -0.01382857]), 0.7854, 1.0]
[84, array([ 0.4723, -0.0136]), array([ 0.475     , -0.01382857]), 0.7854, 0.0]
[84, array([ 0.4723, -0.0136]), array([ 0.4719    , -0.01368095]), 0.7854, 0.0]
[84, array([ 0.4723, -0.0136]), array([ 0.47204762, -0.01368095]), 0.7854, 1.0]
[84, array([ 0.4723, -0.0136]), array([ 0.47219524, -0.01368095]), 0.7854, 0.0]
[84, array([ 0.4723, -0.0136]), array([ 0.47234286, -0.01368095]), 0.7854, 0.0]
[84, array([ 0.4723, -0.0136]), array([ 0.47249048, -0.01368095]), 0.7854, 0.0]
[84, array([ 0.4723, -0.0136]), array([ 0.4726381 , -0.01368095]), 0.7854, 1.0]
[84, array([ 0.4723, -0.0136]), array([ 0.47278571, -0.01368095]), 0.7854, 1.0]
[84, array([ 0.4723, -0.0136]), array([ 0.47293333, -0.01368095]), 0.7854, 1.0]
[84, array([ 0.4723, -0.0136]), array([ 0.47308095, -0.01368095]), 0.7854, 1.0]
[84, array([ 0.4723, -0.0136]), array([ 0.47322857, -0.01368095]), 0.7854, 1.0]
[84, array([ 0.4723, -0.0136]), array([ 0.47337619, -0.01368095]), 0.7854, 1.0]
[84, array([ 0.4723, -0.0136]), array([ 0.47352381, -0.01368095]), 0.7854, 0.0]
[84, array([ 0.4723, -0.0136]), array([ 0.47367143, -0.01368095]), 0.7854, 0.0]
[84, array([ 0.4723, -0.0136]), array([ 0.47381905, -0.01368095]), 0.7854, 0.0]
[84, array([ 0.4723, -0.0136]), array([ 0.47396667, -0.01368095]), 0.7854, 0.0]
[84, array([ 0.4723, -0.0136]), array([ 0.47411429, -0.01368095]), 0.7854, 1.0]
[84, array([ 0.4723, -0.0136]), array([ 0.4742619 , -0.01368095]), 0.7854, 1.0]
[84, array([ 0.4723, -0.0136]), array([ 0.47440952, -0.01368095]), 0.7854, 1.0]
[84, array([ 0.4723, -0.0136]), array([ 0.47455714, -0.01368095]), 0.7854, 1.0]
[84, array([ 0.4723, -0.0136]), array([ 0.47470476, -0.01368095]), 0.7854, 0.0]
[84, array([ 0.4723, -0.0136]), array([ 0.47485238, -0.01368095]), 0.7854, 0.0]
[84, array([ 0.4723, -0.0136]), array([ 0.475     , -0.01368095]), 0.7854, 0.0]
[84, array([ 0.4723, -0.0136]), array([ 0.4719    , -0.01353333]), 0.7854, 1.0]
[84, array([ 0.4723, -0.0136]), array([ 0.47204762, -0.01353333]), 0.7854, 1.0]
[84, array([ 0.4723, -0.0136]), array([ 0.47219524, -0.01353333]), 0.7854, 1.0]
[84, array([ 0.4723, -0.0136]), array([ 0.47234286, -0.01353333]), 0.7854, 0.0]
[84, array([ 0.4723, -0.0136]), array([ 0.47249048, -0.01353333]), 0.7854, 1.0]
[84, array([ 0.4723, -0.0136]), array([ 0.4726381 , -0.01353333]), 0.7854, 1.0]
[84, array([ 0.4723, -0.0136]), array([ 0.47278571, -0.01353333]), 0.7854, 1.0]
[84, array([ 0.4723, -0.0136]), array([ 0.47293333, -0.01353333]), 0.7854, 1.0]
[84, array([ 0.4723, -0.0136]), array([ 0.47308095, -0.01353333]), 0.7854, 1.0]
[84, array([ 0.4723, -0.0136]), array([ 0.47322857, -0.01353333]), 0.7854, 1.0]
[84, array([ 0.4723, -0.0136]), array([ 0.47337619, -0.01353333]), 0.7854, 0.0]
[84, array([ 0.4723, -0.0136]), array([ 0.47352381, -0.01353333]), 0.7854, 0.0]
[84, array([ 0.4723, -0.0136]), array([ 0.47367143, -0.01353333]), 0.7854, 0.0]
[84, array([ 0.4723, -0.0136]), array([ 0.47381905, -0.01353333]), 0.7854, 0.0]
[84, array([ 0.4723, -0.0136]), array([ 0.47396667, -0.01353333]), 0.7854, 1.0]
[84, array([ 0.4723, -0.0136]), array([ 0.47411429, -0.01353333]), 0.7854, 1.0]
[84, array([ 0.4723, -0.0136]), array([ 0.4742619 , -0.01353333]), 0.7854, 1.0]
[84, array([ 0.4723, -0.0136]), array([ 0.47440952, -0.01353333]), 0.7854, 1.0]
[84, array([ 0.4723, -0.0136]), array([ 0.47455714, -0.01353333]), 0.7854, 0.0]
[84, array([ 0.4723, -0.0136]), array([ 0.47470476, -0.01353333]), 0.7854, 0.0]
[84, array([ 0.4723, -0.0136]), array([ 0.47485238, -0.01353333]), 0.7854, 0.0]
[84, array([ 0.4723, -0.0136]), array([ 0.475     , -0.01353333]), 0.7854, 1.0]
[84, array([ 0.4723, -0.0136]), array([ 0.4719    , -0.01338571]), 0.7854, 1.0]
[84, array([ 0.4723, -0.0136]), array([ 0.47204762, -0.01338571]), 0.7854, 1.0]
[84, array([ 0.4723, -0.0136]), array([ 0.47219524, -0.01338571]), 0.7854, 1.0]
[84, array([ 0.4723, -0.0136]), array([ 0.47234286, -0.01338571]), 0.7854, 1.0]
[84, array([ 0.4723, -0.0136]), array([ 0.47249048, -0.01338571]), 0.7854, 1.0]
[84, array([ 0.4723, -0.0136]), array([ 0.4726381 , -0.01338571]), 0.7854, 1.0]
[84, array([ 0.4723, -0.0136]), array([ 0.47278571, -0.01338571]), 0.7854, 1.0]
[84, array([ 0.4723, -0.0136]), array([ 0.47293333, -0.01338571]), 0.7854, 1.0]
[84, array([ 0.4723, -0.0136]), array([ 0.47308095, -0.01338571]), 0.7854, 1.0]
[84, array([ 0.4723, -0.0136]), array([ 0.47322857, -0.01338571]), 0.7854, 0.0]
[84, array([ 0.4723, -0.0136]), array([ 0.47337619, -0.01338571]), 0.7854, 0.0]
[84, array([ 0.4723, -0.0136]), array([ 0.47352381, -0.01338571]), 0.7854, 0.0]
[84, array([ 0.4723, -0.0136]), array([ 0.47367143, -0.01338571]), 0.7854, 1.0]
[84, array([ 0.4723, -0.0136]), array([ 0.47381905, -0.01338571]), 0.7854, 1.0]
[84, array([ 0.4723, -0.0136]), array([ 0.47396667, -0.01338571]), 0.7854, 1.0]
[84, array([ 0.4723, -0.0136]), array([ 0.47411429, -0.01338571]), 0.7854, 1.0]
[84, array([ 0.4723, -0.0136]), array([ 0.4742619 , -0.01338571]), 0.7854, 1.0]
[84, array([ 0.4723, -0.0136]), array([ 0.47440952, -0.01338571]), 0.7854, 1.0]
[84, array([ 0.4723, -0.0136]), array([ 0.47455714, -0.01338571]), 0.7854, 0.0]
[84, array([ 0.4723, -0.0136]), array([ 0.47470476, -0.01338571]), 0.7854, 1.0]
[84, array([ 0.4723, -0.0136]), array([ 0.47485238, -0.01338571]), 0.7854, 0.0]
[84, array([ 0.4723, -0.0136]), array([ 0.475     , -0.01338571]), 0.7854, 0.0]
[84, array([ 0.4723, -0.0136]), array([ 0.4719   , -0.0132381]), 0.7854, 1.0]
[84, array([ 0.4723, -0.0136]), array([ 0.47204762, -0.0132381 ]), 0.7854, 1.0]
[84, array([ 0.4723, -0.0136]), array([ 0.47219524, -0.0132381 ]), 0.7854, 0.0]
[84, array([ 0.4723, -0.0136]), array([ 0.47234286, -0.0132381 ]), 0.7854, 0.0]
[84, array([ 0.4723, -0.0136]), array([ 0.47249048, -0.0132381 ]), 0.7854, 1.0]
[84, array([ 0.4723, -0.0136]), array([ 0.4726381, -0.0132381]), 0.7854, 1.0]
[84, array([ 0.4723, -0.0136]), array([ 0.47278571, -0.0132381 ]), 0.7854, 1.0]
[84, array([ 0.4723, -0.0136]), array([ 0.47293333, -0.0132381 ]), 0.7854, 1.0]
[84, array([ 0.4723, -0.0136]), array([ 0.47308095, -0.0132381 ]), 0.7854, 1.0]
[84, array([ 0.4723, -0.0136]), array([ 0.47322857, -0.0132381 ]), 0.7854, 1.0]
[84, array([ 0.4723, -0.0136]), array([ 0.47337619, -0.0132381 ]), 0.7854, 0.0]
[84, array([ 0.4723, -0.0136]), array([ 0.47352381, -0.0132381 ]), 0.7854, 0.0]
[84, array([ 0.4723, -0.0136]), array([ 0.47367143, -0.0132381 ]), 0.7854, 1.0]
[84, array([ 0.4723, -0.0136]), array([ 0.47381905, -0.0132381 ]), 0.7854, 1.0]
[84, array([ 0.4723, -0.0136]), array([ 0.47396667, -0.0132381 ]), 0.7854, 1.0]
[84, array([ 0.4723, -0.0136]), array([ 0.47411429, -0.0132381 ]), 0.7854, 1.0]
[84, array([ 0.4723, -0.0136]), array([ 0.4742619, -0.0132381]), 0.7854, 0.0]
[84, array([ 0.4723, -0.0136]), array([ 0.47440952, -0.0132381 ]), 0.7854, 0.0]
[84, array([ 0.4723, -0.0136]), array([ 0.47455714, -0.0132381 ]), 0.7854, 0.0]
[84, array([ 0.4723, -0.0136]), array([ 0.47470476, -0.0132381 ]), 0.7854, 0.0]
[84, array([ 0.4723, -0.0136]), array([ 0.47485238, -0.0132381 ]), 0.7854, 1.0]
[84, array([ 0.4723, -0.0136]), array([ 0.475    , -0.0132381]), 0.7854, 1.0]
[84, array([ 0.4723, -0.0136]), array([ 0.4719    , -0.01309048]), 0.7854, 1.0]
[84, array([ 0.4723, -0.0136]), array([ 0.47204762, -0.01309048]), 0.7854, 0.0]
[84, array([ 0.4723, -0.0136]), array([ 0.47219524, -0.01309048]), 0.7854, 0.0]
[84, array([ 0.4723, -0.0136]), array([ 0.47234286, -0.01309048]), 0.7854, 0.0]
[84, array([ 0.4723, -0.0136]), array([ 0.47249048, -0.01309048]), 0.7854, 0.0]
[84, array([ 0.4723, -0.0136]), array([ 0.4726381 , -0.01309048]), 0.7854, 1.0]
[84, array([ 0.4723, -0.0136]), array([ 0.47278571, -0.01309048]), 0.7854, 0.0]
[84, array([ 0.4723, -0.0136]), array([ 0.47293333, -0.01309048]), 0.7854, 1.0]
[84, array([ 0.4723, -0.0136]), array([ 0.47308095, -0.01309048]), 0.7854, 1.0]
[84, array([ 0.4723, -0.0136]), array([ 0.47322857, -0.01309048]), 0.7854, 1.0]
[84, array([ 0.4723, -0.0136]), array([ 0.47337619, -0.01309048]), 0.7854, 1.0]
[84, array([ 0.4723, -0.0136]), array([ 0.47352381, -0.01309048]), 0.7854, 1.0]
[84, array([ 0.4723, -0.0136]), array([ 0.47367143, -0.01309048]), 0.7854, 1.0]
[84, array([ 0.4723, -0.0136]), array([ 0.47381905, -0.01309048]), 0.7854, 1.0]
[84, array([ 0.4723, -0.0136]), array([ 0.47396667, -0.01309048]), 0.7854, 1.0]
[84, array([ 0.4723, -0.0136]), array([ 0.47411429, -0.01309048]), 0.7854, 0.0]
[84, array([ 0.4723, -0.0136]), array([ 0.4742619 , -0.01309048]), 0.7854, 0.0]
[84, array([ 0.4723, -0.0136]), array([ 0.47440952, -0.01309048]), 0.7854, 0.0]
[84, array([ 0.4723, -0.0136]), array([ 0.47455714, -0.01309048]), 0.7854, 0.0]
[84, array([ 0.4723, -0.0136]), array([ 0.47470476, -0.01309048]), 0.7854, 0.0]
[84, array([ 0.4723, -0.0136]), array([ 0.47485238, -0.01309048]), 0.7854, 0.0]
[84, array([ 0.4723, -0.0136]), array([ 0.475     , -0.01309048]), 0.7854, 1.0]
[84, array([ 0.4723, -0.0136]), array([ 0.4719    , -0.01294286]), 0.7854, 0.0]
[84, array([ 0.4723, -0.0136]), array([ 0.47204762, -0.01294286]), 0.7854, 0.0]
[84, array([ 0.4723, -0.0136]), array([ 0.47219524, -0.01294286]), 0.7854, 0.0]
[84, array([ 0.4723, -0.0136]), array([ 0.47234286, -0.01294286]), 0.7854, 0.0]
[84, array([ 0.4723, -0.0136]), array([ 0.47249048, -0.01294286]), 0.7854, 0.0]
[84, array([ 0.4723, -0.0136]), array([ 0.4726381 , -0.01294286]), 0.7854, 0.0]
[84, array([ 0.4723, -0.0136]), array([ 0.47278571, -0.01294286]), 0.7854, 1.0]
[84, array([ 0.4723, -0.0136]), array([ 0.47293333, -0.01294286]), 0.7854, 1.0]
[84, array([ 0.4723, -0.0136]), array([ 0.47308095, -0.01294286]), 0.7854, 0.0]
[84, array([ 0.4723, -0.0136]), array([ 0.47322857, -0.01294286]), 0.7854, 1.0]
[84, array([ 0.4723, -0.0136]), array([ 0.47337619, -0.01294286]), 0.7854, 1.0]
[84, array([ 0.4723, -0.0136]), array([ 0.47352381, -0.01294286]), 0.7854, 1.0]
[84, array([ 0.4723, -0.0136]), array([ 0.47367143, -0.01294286]), 0.7854, 1.0]
[84, array([ 0.4723, -0.0136]), array([ 0.47381905, -0.01294286]), 0.7854, 1.0]
[84, array([ 0.4723, -0.0136]), array([ 0.47396667, -0.01294286]), 0.7854, 0.0]
[84, array([ 0.4723, -0.0136]), array([ 0.47411429, -0.01294286]), 0.7854, 0.0]
[84, array([ 0.4723, -0.0136]), array([ 0.4742619 , -0.01294286]), 0.7854, 0.0]
[84, array([ 0.4723, -0.0136]), array([ 0.47440952, -0.01294286]), 0.7854, 0.0]
[84, array([ 0.4723, -0.0136]), array([ 0.47455714, -0.01294286]), 0.7854, 0.0]
[84, array([ 0.4723, -0.0136]), array([ 0.47470476, -0.01294286]), 0.7854, 0.0]
[84, array([ 0.4723, -0.0136]), array([ 0.47485238, -0.01294286]), 0.7854, 1.0]
[84, array([ 0.4723, -0.0136]), array([ 0.475     , -0.01294286]), 0.7854, 1.0]
[84, array([ 0.4723, -0.0136]), array([ 0.4719    , -0.01279524]), 0.7854, 1.0]
[84, array([ 0.4723, -0.0136]), array([ 0.47204762, -0.01279524]), 0.7854, 1.0]
[84, array([ 0.4723, -0.0136]), array([ 0.47219524, -0.01279524]), 0.7854, 0.0]
[84, array([ 0.4723, -0.0136]), array([ 0.47234286, -0.01279524]), 0.7854, 0.0]
[84, array([ 0.4723, -0.0136]), array([ 0.47249048, -0.01279524]), 0.7854, 0.0]
[84, array([ 0.4723, -0.0136]), array([ 0.4726381 , -0.01279524]), 0.7854, 1.0]
[84, array([ 0.4723, -0.0136]), array([ 0.47278571, -0.01279524]), 0.7854, 1.0]
[84, array([ 0.4723, -0.0136]), array([ 0.47293333, -0.01279524]), 0.7854, 1.0]
[84, array([ 0.4723, -0.0136]), array([ 0.47308095, -0.01279524]), 0.7854, 1.0]
[84, array([ 0.4723, -0.0136]), array([ 0.47322857, -0.01279524]), 0.7854, 1.0]
[84, array([ 0.4723, -0.0136]), array([ 0.47337619, -0.01279524]), 0.7854, 1.0]
[84, array([ 0.4723, -0.0136]), array([ 0.47352381, -0.01279524]), 0.7854, 1.0]
[84, array([ 0.4723, -0.0136]), array([ 0.47367143, -0.01279524]), 0.7854, 0.0]
[84, array([ 0.4723, -0.0136]), array([ 0.47381905, -0.01279524]), 0.7854, 1.0]
[84, array([ 0.4723, -0.0136]), array([ 0.47396667, -0.01279524]), 0.7854, 0.0]
[84, array([ 0.4723, -0.0136]), array([ 0.47411429, -0.01279524]), 0.7854, 0.0]
[84, array([ 0.4723, -0.0136]), array([ 0.4742619 , -0.01279524]), 0.7854, 0.0]
[84, array([ 0.4723, -0.0136]), array([ 0.47440952, -0.01279524]), 0.7854, 0.0]
[84, array([ 0.4723, -0.0136]), array([ 0.47455714, -0.01279524]), 0.7854, 0.0]
[84, array([ 0.4723, -0.0136]), array([ 0.47470476, -0.01279524]), 0.7854, 0.0]
[84, array([ 0.4723, -0.0136]), array([ 0.47485238, -0.01279524]), 0.7854, 1.0]
[84, array([ 0.4723, -0.0136]), array([ 0.475     , -0.01279524]), 0.7854, 1.0]
[84, array([ 0.4723, -0.0136]), array([ 0.4719    , -0.01264762]), 0.7854, 0.0]
[84, array([ 0.4723, -0.0136]), array([ 0.47204762, -0.01264762]), 0.7854, 1.0]
[84, array([ 0.4723, -0.0136]), array([ 0.47219524, -0.01264762]), 0.7854, 0.0]
[84, array([ 0.4723, -0.0136]), array([ 0.47234286, -0.01264762]), 0.7854, 1.0]
[84, array([ 0.4723, -0.0136]), array([ 0.47249048, -0.01264762]), 0.7854, 1.0]
[84, array([ 0.4723, -0.0136]), array([ 0.4726381 , -0.01264762]), 0.7854, 1.0]
[84, array([ 0.4723, -0.0136]), array([ 0.47278571, -0.01264762]), 0.7854, 1.0]
[84, array([ 0.4723, -0.0136]), array([ 0.47293333, -0.01264762]), 0.7854, 1.0]
[84, array([ 0.4723, -0.0136]), array([ 0.47308095, -0.01264762]), 0.7854, 1.0]
[84, array([ 0.4723, -0.0136]), array([ 0.47322857, -0.01264762]), 0.7854, 1.0]
[84, array([ 0.4723, -0.0136]), array([ 0.47337619, -0.01264762]), 0.7854, 1.0]
[84, array([ 0.4723, -0.0136]), array([ 0.47352381, -0.01264762]), 0.7854, 1.0]
[84, array([ 0.4723, -0.0136]), array([ 0.47367143, -0.01264762]), 0.7854, 0.0]
[84, array([ 0.4723, -0.0136]), array([ 0.47381905, -0.01264762]), 0.7854, 0.0]
[84, array([ 0.4723, -0.0136]), array([ 0.47396667, -0.01264762]), 0.7854, 0.0]
[84, array([ 0.4723, -0.0136]), array([ 0.47411429, -0.01264762]), 0.7854, 0.0]
[84, array([ 0.4723, -0.0136]), array([ 0.4742619 , -0.01264762]), 0.7854, 0.0]
[84, array([ 0.4723, -0.0136]), array([ 0.47440952, -0.01264762]), 0.7854, 0.0]
[84, array([ 0.4723, -0.0136]), array([ 0.47455714, -0.01264762]), 0.7854, 0.0]
[84, array([ 0.4723, -0.0136]), array([ 0.47470476, -0.01264762]), 0.7854, 0.0]
[84, array([ 0.4723, -0.0136]), array([ 0.47485238, -0.01264762]), 0.7854, 1.0]
[84, array([ 0.4723, -0.0136]), array([ 0.475     , -0.01264762]), 0.7854, 1.0]
[84, array([ 0.4723, -0.0136]), array([ 0.4719, -0.0125]), 0.7854, 0.0]
[84, array([ 0.4723, -0.0136]), array([ 0.47204762, -0.0125    ]), 0.7854, 1.0]
[84, array([ 0.4723, -0.0136]), array([ 0.47219524, -0.0125    ]), 0.7854, 1.0]
[84, array([ 0.4723, -0.0136]), array([ 0.47234286, -0.0125    ]), 0.7854, 0.0]
[84, array([ 0.4723, -0.0136]), array([ 0.47249048, -0.0125    ]), 0.7854, 1.0]
[84, array([ 0.4723, -0.0136]), array([ 0.4726381, -0.0125   ]), 0.7854, 1.0]
[84, array([ 0.4723, -0.0136]), array([ 0.47278571, -0.0125    ]), 0.7854, 1.0]
[84, array([ 0.4723, -0.0136]), array([ 0.47293333, -0.0125    ]), 0.7854, 1.0]
[84, array([ 0.4723, -0.0136]), array([ 0.47308095, -0.0125    ]), 0.7854, 0.0]
[84, array([ 0.4723, -0.0136]), array([ 0.47322857, -0.0125    ]), 0.7854, 0.0]
[84, array([ 0.4723, -0.0136]), array([ 0.47337619, -0.0125    ]), 0.7854, 1.0]
[84, array([ 0.4723, -0.0136]), array([ 0.47352381, -0.0125    ]), 0.7854, 1.0]
[84, array([ 0.4723, -0.0136]), array([ 0.47367143, -0.0125    ]), 0.7854, 0.0]
[84, array([ 0.4723, -0.0136]), array([ 0.47381905, -0.0125    ]), 0.7854, 0.0]
[84, array([ 0.4723, -0.0136]), array([ 0.47396667, -0.0125    ]), 0.7854, 0.0]
[84, array([ 0.4723, -0.0136]), array([ 0.47411429, -0.0125    ]), 0.7854, 0.0]
[84, array([ 0.4723, -0.0136]), array([ 0.4742619, -0.0125   ]), 0.7854, 0.0]
[84, array([ 0.4723, -0.0136]), array([ 0.47440952, -0.0125    ]), 0.7854, 1.0]
[84, array([ 0.4723, -0.0136]), array([ 0.47455714, -0.0125    ]), 0.7854, 1.0]
[84, array([ 0.4723, -0.0136]), array([ 0.47470476, -0.0125    ]), 0.7854, 1.0]
[84, array([ 0.4723, -0.0136]), array([ 0.47485238, -0.0125    ]), 0.7854, 1.0]
[84, array([ 0.4723, -0.0136]), array([ 0.475 , -0.0125]), 0.7854, 1.0]
[77, array([0.5442, 0.0117]), array([0.5438, 0.0031]), 0.7854, 0.0]
[77, array([0.5442, 0.0117]), array([0.54394762, 0.0031    ]), 0.7854, 0.0]
[77, array([0.5442, 0.0117]), array([0.54409524, 0.0031    ]), 0.7854, 0.0]
[77, array([0.5442, 0.0117]), array([0.54424286, 0.0031    ]), 0.7854, 0.0]
[77, array([0.5442, 0.0117]), array([0.54439048, 0.0031    ]), 0.7854, 0.0]
[77, array([0.5442, 0.0117]), array([0.5445381, 0.0031   ]), 0.7854, 0.0]
[77, array([0.5442, 0.0117]), array([0.54468571, 0.0031    ]), 0.7854, 0.0]
[77, array([0.5442, 0.0117]), array([0.54483333, 0.0031    ]), 0.7854, 0.0]
[77, array([0.5442, 0.0117]), array([0.54498095, 0.0031    ]), 0.7854, 0.0]
[77, array([0.5442, 0.0117]), array([0.54512857, 0.0031    ]), 0.7854, 0.0]
[77, array([0.5442, 0.0117]), array([0.54527619, 0.0031    ]), 0.7854, 0.0]
[77, array([0.5442, 0.0117]), array([0.54542381, 0.0031    ]), 0.7854, 0.0]
[77, array([0.5442, 0.0117]), array([0.54557143, 0.0031    ]), 0.7854, 0.0]
[77, array([0.5442, 0.0117]), array([0.54571905, 0.0031    ]), 0.7854, 0.0]
[77, array([0.5442, 0.0117]), array([0.54586667, 0.0031    ]), 0.7854, 0.0]
[77, array([0.5442, 0.0117]), array([0.54601429, 0.0031    ]), 0.7854, 0.0]
[77, array([0.5442, 0.0117]), array([0.5461619, 0.0031   ]), 0.7854, 0.0]
[77, array([0.5442, 0.0117]), array([0.54630952, 0.0031    ]), 0.7854, 0.0]
[77, array([0.5442, 0.0117]), array([0.54645714, 0.0031    ]), 0.7854, 0.0]
[77, array([0.5442, 0.0117]), array([0.54660476, 0.0031    ]), 0.7854, 0.0]
[77, array([0.5442, 0.0117]), array([0.54675238, 0.0031    ]), 0.7854, 0.0]
[77, array([0.5442, 0.0117]), array([0.5469, 0.0031]), 0.7854, 0.0]
[77, array([0.5442, 0.0117]), array([0.5438    , 0.00324762]), 0.7854, 0.0]
[77, array([0.5442, 0.0117]), array([0.54394762, 0.00324762]), 0.7854, 0.0]
[77, array([0.5442, 0.0117]), array([0.54409524, 0.00324762]), 0.7854, 0.0]
[77, array([0.5442, 0.0117]), array([0.54424286, 0.00324762]), 0.7854, 0.0]
[77, array([0.5442, 0.0117]), array([0.54439048, 0.00324762]), 0.7854, 0.0]
[77, array([0.5442, 0.0117]), array([0.5445381 , 0.00324762]), 0.7854, 0.0]
[77, array([0.5442, 0.0117]), array([0.54468571, 0.00324762]), 0.7854, 0.0]
[77, array([0.5442, 0.0117]), array([0.54483333, 0.00324762]), 0.7854, 0.0]
[77, array([0.5442, 0.0117]), array([0.54498095, 0.00324762]), 0.7854, 0.0]
[77, array([0.5442, 0.0117]), array([0.54512857, 0.00324762]), 0.7854, 0.0]
[77, array([0.5442, 0.0117]), array([0.54527619, 0.00324762]), 0.7854, 0.0]
[77, array([0.5442, 0.0117]), array([0.54542381, 0.00324762]), 0.7854, 0.0]
[77, array([0.5442, 0.0117]), array([0.54557143, 0.00324762]), 0.7854, 0.0]
[77, array([0.5442, 0.0117]), array([0.54571905, 0.00324762]), 0.7854, 0.0]
[77, array([0.5442, 0.0117]), array([0.54586667, 0.00324762]), 0.7854, 0.0]
[77, array([0.5442, 0.0117]), array([0.54601429, 0.00324762]), 0.7854, 0.0]
[77, array([0.5442, 0.0117]), array([0.5461619 , 0.00324762]), 0.7854, 0.0]
[77, array([0.5442, 0.0117]), array([0.54630952, 0.00324762]), 0.7854, 0.0]
[77, array([0.5442, 0.0117]), array([0.54645714, 0.00324762]), 0.7854, 0.0]
[77, array([0.5442, 0.0117]), array([0.54660476, 0.00324762]), 0.7854, 0.0]
[77, array([0.5442, 0.0117]), array([0.54675238, 0.00324762]), 0.7854, 0.0]
[77, array([0.5442, 0.0117]), array([0.5469    , 0.00324762]), 0.7854, 0.0]
[77, array([0.5442, 0.0117]), array([0.5438    , 0.00339524]), 0.7854, 0.0]
[77, array([0.5442, 0.0117]), array([0.54394762, 0.00339524]), 0.7854, 0.0]
[77, array([0.5442, 0.0117]), array([0.54409524, 0.00339524]), 0.7854, 0.0]
[77, array([0.5442, 0.0117]), array([0.54424286, 0.00339524]), 0.7854, 0.0]
[77, array([0.5442, 0.0117]), array([0.54439048, 0.00339524]), 0.7854, 0.0]
[77, array([0.5442, 0.0117]), array([0.5445381 , 0.00339524]), 0.7854, 0.0]
[77, array([0.5442, 0.0117]), array([0.54468571, 0.00339524]), 0.7854, 0.0]
[77, array([0.5442, 0.0117]), array([0.54483333, 0.00339524]), 0.7854, 0.0]
[77, array([0.5442, 0.0117]), array([0.54498095, 0.00339524]), 0.7854, 0.0]
[77, array([0.5442, 0.0117]), array([0.54512857, 0.00339524]), 0.7854, 0.0]
[77, array([0.5442, 0.0117]), array([0.54527619, 0.00339524]), 0.7854, 0.0]
[77, array([0.5442, 0.0117]), array([0.54542381, 0.00339524]), 0.7854, 0.0]
[77, array([0.5442, 0.0117]), array([0.54557143, 0.00339524]), 0.7854, 0.0]
[77, array([0.5442, 0.0117]), array([0.54571905, 0.00339524]), 0.7854, 0.0]
[77, array([0.5442, 0.0117]), array([0.54586667, 0.00339524]), 0.7854, 0.0]
[77, array([0.5442, 0.0117]), array([0.54601429, 0.00339524]), 0.7854, 0.0]
[77, array([0.5442, 0.0117]), array([0.5461619 , 0.00339524]), 0.7854, 0.0]
[77, array([0.5442, 0.0117]), array([0.54630952, 0.00339524]), 0.7854, 0.0]
[77, array([0.5442, 0.0117]), array([0.54645714, 0.00339524]), 0.7854, 0.0]
[77, array([0.5442, 0.0117]), array([0.54660476, 0.00339524]), 0.7854, 0.0]
[77, array([0.5442, 0.0117]), array([0.54675238, 0.00339524]), 0.7854, 0.0]
[77, array([0.5442, 0.0117]), array([0.5469    , 0.00339524]), 0.7854, 0.0]
[77, array([0.5442, 0.0117]), array([0.5438    , 0.00354286]), 0.7854, 0.0]
[77, array([0.5442, 0.0117]), array([0.54394762, 0.00354286]), 0.7854, 0.0]
[77, array([0.5442, 0.0117]), array([0.54409524, 0.00354286]), 0.7854, 0.0]
[77, array([0.5442, 0.0117]), array([0.54424286, 0.00354286]), 0.7854, 0.0]
[77, array([0.5442, 0.0117]), array([0.54439048, 0.00354286]), 0.7854, 0.0]
[77, array([0.5442, 0.0117]), array([0.5445381 , 0.00354286]), 0.7854, 0.0]
[77, array([0.5442, 0.0117]), array([0.54468571, 0.00354286]), 0.7854, 0.0]
[77, array([0.5442, 0.0117]), array([0.54483333, 0.00354286]), 0.7854, 0.0]
[77, array([0.5442, 0.0117]), array([0.54498095, 0.00354286]), 0.7854, 0.0]
[77, array([0.5442, 0.0117]), array([0.54512857, 0.00354286]), 0.7854, 0.0]
[77, array([0.5442, 0.0117]), array([0.54527619, 0.00354286]), 0.7854, 0.0]
[77, array([0.5442, 0.0117]), array([0.54542381, 0.00354286]), 0.7854, 0.0]
[77, array([0.5442, 0.0117]), array([0.54557143, 0.00354286]), 0.7854, 0.0]
[77, array([0.5442, 0.0117]), array([0.54571905, 0.00354286]), 0.7854, 0.0]
[77, array([0.5442, 0.0117]), array([0.54586667, 0.00354286]), 0.7854, 0.0]
[77, array([0.5442, 0.0117]), array([0.54601429, 0.00354286]), 0.7854, 0.0]
[77, array([0.5442, 0.0117]), array([0.5461619 , 0.00354286]), 0.7854, 0.0]
[77, array([0.5442, 0.0117]), array([0.54630952, 0.00354286]), 0.7854, 0.0]
[77, array([0.5442, 0.0117]), array([0.54645714, 0.00354286]), 0.7854, 0.0]
[77, array([0.5442, 0.0117]), array([0.54660476, 0.00354286]), 0.7854, 0.0]
[77, array([0.5442, 0.0117]), array([0.54675238, 0.00354286]), 0.7854, 0.0]
[77, array([0.5442, 0.0117]), array([0.5469    , 0.00354286]), 0.7854, 0.0]
[77, array([0.5442, 0.0117]), array([0.5438    , 0.00369048]), 0.7854, 0.0]
[77, array([0.5442, 0.0117]), array([0.54394762, 0.00369048]), 0.7854, 0.0]
[77, array([0.5442, 0.0117]), array([0.54409524, 0.00369048]), 0.7854, 0.0]
[77, array([0.5442, 0.0117]), array([0.54424286, 0.00369048]), 0.7854, 0.0]
[77, array([0.5442, 0.0117]), array([0.54439048, 0.00369048]), 0.7854, 0.0]
[77, array([0.5442, 0.0117]), array([0.5445381 , 0.00369048]), 0.7854, 0.0]
[77, array([0.5442, 0.0117]), array([0.54468571, 0.00369048]), 0.7854, 0.0]
[77, array([0.5442, 0.0117]), array([0.54483333, 0.00369048]), 0.7854, 0.0]
[77, array([0.5442, 0.0117]), array([0.54498095, 0.00369048]), 0.7854, 0.0]
[77, array([0.5442, 0.0117]), array([0.54512857, 0.00369048]), 0.7854, 0.0]
[77, array([0.5442, 0.0117]), array([0.54527619, 0.00369048]), 0.7854, 0.0]
[77, array([0.5442, 0.0117]), array([0.54542381, 0.00369048]), 0.7854, 0.0]
[77, array([0.5442, 0.0117]), array([0.54557143, 0.00369048]), 0.7854, 0.0]
[77, array([0.5442, 0.0117]), array([0.54571905, 0.00369048]), 0.7854, 0.0]
[77, array([0.5442, 0.0117]), array([0.54586667, 0.00369048]), 0.7854, 0.0]
[77, array([0.5442, 0.0117]), array([0.54601429, 0.00369048]), 0.7854, 0.0]
[77, array([0.5442, 0.0117]), array([0.5461619 , 0.00369048]), 0.7854, 0.0]
[77, array([0.5442, 0.0117]), array([0.54630952, 0.00369048]), 0.7854, 0.0]
[77, array([0.5442, 0.0117]), array([0.54645714, 0.00369048]), 0.7854, 0.0]
[77, array([0.5442, 0.0117]), array([0.54660476, 0.00369048]), 0.7854, 0.0]
[77, array([0.5442, 0.0117]), array([0.54675238, 0.00369048]), 0.7854, 0.0]
[77, array([0.5442, 0.0117]), array([0.5469    , 0.00369048]), 0.7854, 0.0]
[77, array([0.5442, 0.0117]), array([0.5438   , 0.0038381]), 0.7854, 0.0]
[77, array([0.5442, 0.0117]), array([0.54394762, 0.0038381 ]), 0.7854, 0.0]
[77, array([0.5442, 0.0117]), array([0.54409524, 0.0038381 ]), 0.7854, 0.0]
[77, array([0.5442, 0.0117]), array([0.54424286, 0.0038381 ]), 0.7854, 0.0]
[77, array([0.5442, 0.0117]), array([0.54439048, 0.0038381 ]), 0.7854, 0.0]
[77, array([0.5442, 0.0117]), array([0.5445381, 0.0038381]), 0.7854, 0.0]
[77, array([0.5442, 0.0117]), array([0.54468571, 0.0038381 ]), 0.7854, 0.0]
[77, array([0.5442, 0.0117]), array([0.54483333, 0.0038381 ]), 0.7854, 0.0]
[77, array([0.5442, 0.0117]), array([0.54498095, 0.0038381 ]), 0.7854, 0.0]
[77, array([0.5442, 0.0117]), array([0.54512857, 0.0038381 ]), 0.7854, 0.0]
[77, array([0.5442, 0.0117]), array([0.54527619, 0.0038381 ]), 0.7854, 0.0]
[77, array([0.5442, 0.0117]), array([0.54542381, 0.0038381 ]), 0.7854, 0.0]
[77, array([0.5442, 0.0117]), array([0.54557143, 0.0038381 ]), 0.7854, 0.0]
[77, array([0.5442, 0.0117]), array([0.54571905, 0.0038381 ]), 0.7854, 0.0]
[77, array([0.5442, 0.0117]), array([0.54586667, 0.0038381 ]), 0.7854, 0.0]
[77, array([0.5442, 0.0117]), array([0.54601429, 0.0038381 ]), 0.7854, 0.0]
[77, array([0.5442, 0.0117]), array([0.5461619, 0.0038381]), 0.7854, 0.0]
[77, array([0.5442, 0.0117]), array([0.54630952, 0.0038381 ]), 0.7854, 0.0]
[77, array([0.5442, 0.0117]), array([0.54645714, 0.0038381 ]), 0.7854, 0.0]
[77, array([0.5442, 0.0117]), array([0.54660476, 0.0038381 ]), 0.7854, 0.0]
[77, array([0.5442, 0.0117]), array([0.54675238, 0.0038381 ]), 0.7854, 0.0]
[77, array([0.5442, 0.0117]), array([0.5469   , 0.0038381]), 0.7854, 0.0]
[77, array([0.5442, 0.0117]), array([0.5438    , 0.00398571]), 0.7854, 0.0]
[77, array([0.5442, 0.0117]), array([0.54394762, 0.00398571]), 0.7854, 0.0]
[77, array([0.5442, 0.0117]), array([0.54409524, 0.00398571]), 0.7854, 0.0]
[77, array([0.5442, 0.0117]), array([0.54424286, 0.00398571]), 0.7854, 0.0]
[77, array([0.5442, 0.0117]), array([0.54439048, 0.00398571]), 0.7854, 0.0]
[77, array([0.5442, 0.0117]), array([0.5445381 , 0.00398571]), 0.7854, 0.0]
[77, array([0.5442, 0.0117]), array([0.54468571, 0.00398571]), 0.7854, 0.0]
[77, array([0.5442, 0.0117]), array([0.54483333, 0.00398571]), 0.7854, 0.0]
[77, array([0.5442, 0.0117]), array([0.54498095, 0.00398571]), 0.7854, 0.0]
[77, array([0.5442, 0.0117]), array([0.54512857, 0.00398571]), 0.7854, 0.0]
[77, array([0.5442, 0.0117]), array([0.54527619, 0.00398571]), 0.7854, 0.0]
[77, array([0.5442, 0.0117]), array([0.54542381, 0.00398571]), 0.7854, 0.0]
[77, array([0.5442, 0.0117]), array([0.54557143, 0.00398571]), 0.7854, 0.0]
[77, array([0.5442, 0.0117]), array([0.54571905, 0.00398571]), 0.7854, 0.0]
[77, array([0.5442, 0.0117]), array([0.54586667, 0.00398571]), 0.7854, 0.0]
[77, array([0.5442, 0.0117]), array([0.54601429, 0.00398571]), 0.7854, 0.0]
[77, array([0.5442, 0.0117]), array([0.5461619 , 0.00398571]), 0.7854, 0.0]
[77, array([0.5442, 0.0117]), array([0.54630952, 0.00398571]), 0.7854, 0.0]
[77, array([0.5442, 0.0117]), array([0.54645714, 0.00398571]), 0.7854, 0.0]
[77, array([0.5442, 0.0117]), array([0.54660476, 0.00398571]), 0.7854, 0.0]
[77, array([0.5442, 0.0117]), array([0.54675238, 0.00398571]), 0.7854, 0.0]
[77, array([0.5442, 0.0117]), array([0.5469    , 0.00398571]), 0.7854, 0.0]
[77, array([0.5442, 0.0117]), array([0.5438    , 0.00413333]), 0.7854, 0.0]
[77, array([0.5442, 0.0117]), array([0.54394762, 0.00413333]), 0.7854, 0.0]
[77, array([0.5442, 0.0117]), array([0.54409524, 0.00413333]), 0.7854, 0.0]
[77, array([0.5442, 0.0117]), array([0.54424286, 0.00413333]), 0.7854, 0.0]
[77, array([0.5442, 0.0117]), array([0.54439048, 0.00413333]), 0.7854, 0.0]
[77, array([0.5442, 0.0117]), array([0.5445381 , 0.00413333]), 0.7854, 0.0]
[77, array([0.5442, 0.0117]), array([0.54468571, 0.00413333]), 0.7854, 0.0]
[77, array([0.5442, 0.0117]), array([0.54483333, 0.00413333]), 0.7854, 0.0]
[77, array([0.5442, 0.0117]), array([0.54498095, 0.00413333]), 0.7854, 0.0]
[77, array([0.5442, 0.0117]), array([0.54512857, 0.00413333]), 0.7854, 0.0]
[77, array([0.5442, 0.0117]), array([0.54527619, 0.00413333]), 0.7854, 0.0]
[77, array([0.5442, 0.0117]), array([0.54542381, 0.00413333]), 0.7854, 0.0]
[77, array([0.5442, 0.0117]), array([0.54557143, 0.00413333]), 0.7854, 0.0]
[77, array([0.5442, 0.0117]), array([0.54571905, 0.00413333]), 0.7854, 0.0]
[77, array([0.5442, 0.0117]), array([0.54586667, 0.00413333]), 0.7854, 0.0]
[77, array([0.5442, 0.0117]), array([0.54601429, 0.00413333]), 0.7854, 0.0]
[77, array([0.5442, 0.0117]), array([0.5461619 , 0.00413333]), 0.7854, 0.0]
[77, array([0.5442, 0.0117]), array([0.54630952, 0.00413333]), 0.7854, 0.0]
[77, array([0.5442, 0.0117]), array([0.54645714, 0.00413333]), 0.7854, 0.0]
[77, array([0.5442, 0.0117]), array([0.54660476, 0.00413333]), 0.7854, 0.0]
[77, array([0.5442, 0.0117]), array([0.54675238, 0.00413333]), 0.7854, 0.0]
[77, array([0.5442, 0.0117]), array([0.5469    , 0.00413333]), 0.7854, 0.0]
[77, array([0.5442, 0.0117]), array([0.5438    , 0.00428095]), 0.7854, 0.0]
[77, array([0.5442, 0.0117]), array([0.54394762, 0.00428095]), 0.7854, 0.0]
[77, array([0.5442, 0.0117]), array([0.54409524, 0.00428095]), 0.7854, 0.0]
[77, array([0.5442, 0.0117]), array([0.54424286, 0.00428095]), 0.7854, 0.0]
[77, array([0.5442, 0.0117]), array([0.54439048, 0.00428095]), 0.7854, 0.0]
[77, array([0.5442, 0.0117]), array([0.5445381 , 0.00428095]), 0.7854, 0.0]
[77, array([0.5442, 0.0117]), array([0.54468571, 0.00428095]), 0.7854, 0.0]
[77, array([0.5442, 0.0117]), array([0.54483333, 0.00428095]), 0.7854, 0.0]
[77, array([0.5442, 0.0117]), array([0.54498095, 0.00428095]), 0.7854, 0.0]
[77, array([0.5442, 0.0117]), array([0.54512857, 0.00428095]), 0.7854, 0.0]
[77, array([0.5442, 0.0117]), array([0.54527619, 0.00428095]), 0.7854, 0.0]
[77, array([0.5442, 0.0117]), array([0.54542381, 0.00428095]), 0.7854, 0.0]
[77, array([0.5442, 0.0117]), array([0.54557143, 0.00428095]), 0.7854, 0.0]
[77, array([0.5442, 0.0117]), array([0.54571905, 0.00428095]), 0.7854, 0.0]
[77, array([0.5442, 0.0117]), array([0.54586667, 0.00428095]), 0.7854, 0.0]
[77, array([0.5442, 0.0117]), array([0.54601429, 0.00428095]), 0.7854, 0.0]
[77, array([0.5442, 0.0117]), array([0.5461619 , 0.00428095]), 0.7854, 0.0]
[77, array([0.5442, 0.0117]), array([0.54630952, 0.00428095]), 0.7854, 0.0]
[77, array([0.5442, 0.0117]), array([0.54645714, 0.00428095]), 0.7854, 0.0]
[77, array([0.5442, 0.0117]), array([0.54660476, 0.00428095]), 0.7854, 0.0]
[77, array([0.5442, 0.0117]), array([0.54675238, 0.00428095]), 0.7854, 0.0]
[77, array([0.5442, 0.0117]), array([0.5469    , 0.00428095]), 0.7854, 0.0]
[77, array([0.5442, 0.0117]), array([0.5438    , 0.00442857]), 0.7854, 0.0]
[77, array([0.5442, 0.0117]), array([0.54394762, 0.00442857]), 0.7854, 0.0]
[77, array([0.5442, 0.0117]), array([0.54409524, 0.00442857]), 0.7854, 0.0]
[77, array([0.5442, 0.0117]), array([0.54424286, 0.00442857]), 0.7854, 0.0]
[77, array([0.5442, 0.0117]), array([0.54439048, 0.00442857]), 0.7854, 0.0]
[77, array([0.5442, 0.0117]), array([0.5445381 , 0.00442857]), 0.7854, 0.0]
[77, array([0.5442, 0.0117]), array([0.54468571, 0.00442857]), 0.7854, 0.0]
[77, array([0.5442, 0.0117]), array([0.54483333, 0.00442857]), 0.7854, 0.0]
[77, array([0.5442, 0.0117]), array([0.54498095, 0.00442857]), 0.7854, 0.0]
[77, array([0.5442, 0.0117]), array([0.54512857, 0.00442857]), 0.7854, 0.0]
[77, array([0.5442, 0.0117]), array([0.54527619, 0.00442857]), 0.7854, 0.0]
[77, array([0.5442, 0.0117]), array([0.54542381, 0.00442857]), 0.7854, 0.0]
[77, array([0.5442, 0.0117]), array([0.54557143, 0.00442857]), 0.7854, 0.0]
[77, array([0.5442, 0.0117]), array([0.54571905, 0.00442857]), 0.7854, 0.0]
[77, array([0.5442, 0.0117]), array([0.54586667, 0.00442857]), 0.7854, 0.0]
[77, array([0.5442, 0.0117]), array([0.54601429, 0.00442857]), 0.7854, 0.0]
[77, array([0.5442, 0.0117]), array([0.5461619 , 0.00442857]), 0.7854, 0.0]
[77, array([0.5442, 0.0117]), array([0.54630952, 0.00442857]), 0.7854, 0.0]
[77, array([0.5442, 0.0117]), array([0.54645714, 0.00442857]), 0.7854, 0.0]
[77, array([0.5442, 0.0117]), array([0.54660476, 0.00442857]), 0.7854, 0.0]
[77, array([0.5442, 0.0117]), array([0.54675238, 0.00442857]), 0.7854, 0.0]
[77, array([0.5442, 0.0117]), array([0.5469    , 0.00442857]), 0.7854, 0.0]
[77, array([0.5442, 0.0117]), array([0.5438    , 0.00457619]), 0.7854, 0.0]
[77, array([0.5442, 0.0117]), array([0.54394762, 0.00457619]), 0.7854, 0.0]
[77, array([0.5442, 0.0117]), array([0.54409524, 0.00457619]), 0.7854, 0.0]
[77, array([0.5442, 0.0117]), array([0.54424286, 0.00457619]), 0.7854, 0.0]
[77, array([0.5442, 0.0117]), array([0.54439048, 0.00457619]), 0.7854, 0.0]
[77, array([0.5442, 0.0117]), array([0.5445381 , 0.00457619]), 0.7854, 0.0]
[77, array([0.5442, 0.0117]), array([0.54468571, 0.00457619]), 0.7854, 0.0]
[77, array([0.5442, 0.0117]), array([0.54483333, 0.00457619]), 0.7854, 0.0]
[77, array([0.5442, 0.0117]), array([0.54498095, 0.00457619]), 0.7854, 0.0]
[77, array([0.5442, 0.0117]), array([0.54512857, 0.00457619]), 0.7854, 0.0]
[77, array([0.5442, 0.0117]), array([0.54527619, 0.00457619]), 0.7854, 0.0]
[77, array([0.5442, 0.0117]), array([0.54542381, 0.00457619]), 0.7854, 0.0]
[77, array([0.5442, 0.0117]), array([0.54557143, 0.00457619]), 0.7854, 0.0]
[77, array([0.5442, 0.0117]), array([0.54571905, 0.00457619]), 0.7854, 0.0]
[77, array([0.5442, 0.0117]), array([0.54586667, 0.00457619]), 0.7854, 0.0]
[77, array([0.5442, 0.0117]), array([0.54601429, 0.00457619]), 0.7854, 0.0]
[77, array([0.5442, 0.0117]), array([0.5461619 , 0.00457619]), 0.7854, 0.0]
[77, array([0.5442, 0.0117]), array([0.54630952, 0.00457619]), 0.7854, 0.0]
[77, array([0.5442, 0.0117]), array([0.54645714, 0.00457619]), 0.7854, 0.0]
[77, array([0.5442, 0.0117]), array([0.54660476, 0.00457619]), 0.7854, 0.0]
[77, array([0.5442, 0.0117]), array([0.54675238, 0.00457619]), 0.7854, 0.0]
[77, array([0.5442, 0.0117]), array([0.5469    , 0.00457619]), 0.7854, 0.0]
[77, array([0.5442, 0.0117]), array([0.5438    , 0.00472381]), 0.7854, 0.0]
[77, array([0.5442, 0.0117]), array([0.54394762, 0.00472381]), 0.7854, 0.0]
[77, array([0.5442, 0.0117]), array([0.54409524, 0.00472381]), 0.7854, 0.0]
[77, array([0.5442, 0.0117]), array([0.54424286, 0.00472381]), 0.7854, 0.0]
[77, array([0.5442, 0.0117]), array([0.54439048, 0.00472381]), 0.7854, 0.0]
[77, array([0.5442, 0.0117]), array([0.5445381 , 0.00472381]), 0.7854, 0.0]
[77, array([0.5442, 0.0117]), array([0.54468571, 0.00472381]), 0.7854, 0.0]
[77, array([0.5442, 0.0117]), array([0.54483333, 0.00472381]), 0.7854, 0.0]
[77, array([0.5442, 0.0117]), array([0.54498095, 0.00472381]), 0.7854, 0.0]
[77, array([0.5442, 0.0117]), array([0.54512857, 0.00472381]), 0.7854, 0.0]
[77, array([0.5442, 0.0117]), array([0.54527619, 0.00472381]), 0.7854, 0.0]
[77, array([0.5442, 0.0117]), array([0.54542381, 0.00472381]), 0.7854, 0.0]
[77, array([0.5442, 0.0117]), array([0.54557143, 0.00472381]), 0.7854, 0.0]
[77, array([0.5442, 0.0117]), array([0.54571905, 0.00472381]), 0.7854, 0.0]
[77, array([0.5442, 0.0117]), array([0.54586667, 0.00472381]), 0.7854, 0.0]
[77, array([0.5442, 0.0117]), array([0.54601429, 0.00472381]), 0.7854, 0.0]
[77, array([0.5442, 0.0117]), array([0.5461619 , 0.00472381]), 0.7854, 0.0]
[77, array([0.5442, 0.0117]), array([0.54630952, 0.00472381]), 0.7854, 0.0]
[77, array([0.5442, 0.0117]), array([0.54645714, 0.00472381]), 0.7854, 0.0]
[77, array([0.5442, 0.0117]), array([0.54660476, 0.00472381]), 0.7854, 0.0]
[77, array([0.5442, 0.0117]), array([0.54675238, 0.00472381]), 0.7854, 0.0]
[77, array([0.5442, 0.0117]), array([0.5469    , 0.00472381]), 0.7854, 0.0]
[77, array([0.5442, 0.0117]), array([0.5438    , 0.00487143]), 0.7854, 0.0]
[77, array([0.5442, 0.0117]), array([0.54394762, 0.00487143]), 0.7854, 0.0]
[77, array([0.5442, 0.0117]), array([0.54409524, 0.00487143]), 0.7854, 0.0]
[77, array([0.5442, 0.0117]), array([0.54424286, 0.00487143]), 0.7854, 0.0]
[77, array([0.5442, 0.0117]), array([0.54439048, 0.00487143]), 0.7854, 0.0]
[77, array([0.5442, 0.0117]), array([0.5445381 , 0.00487143]), 0.7854, 0.0]
[77, array([0.5442, 0.0117]), array([0.54468571, 0.00487143]), 0.7854, 0.0]
[77, array([0.5442, 0.0117]), array([0.54483333, 0.00487143]), 0.7854, 0.0]
[77, array([0.5442, 0.0117]), array([0.54498095, 0.00487143]), 0.7854, 0.0]
[77, array([0.5442, 0.0117]), array([0.54512857, 0.00487143]), 0.7854, 0.0]
[77, array([0.5442, 0.0117]), array([0.54527619, 0.00487143]), 0.7854, 0.0]
[77, array([0.5442, 0.0117]), array([0.54542381, 0.00487143]), 0.7854, 0.0]
[77, array([0.5442, 0.0117]), array([0.54557143, 0.00487143]), 0.7854, 0.0]
[77, array([0.5442, 0.0117]), array([0.54571905, 0.00487143]), 0.7854, 0.0]
[77, array([0.5442, 0.0117]), array([0.54586667, 0.00487143]), 0.7854, 0.0]
[77, array([0.5442, 0.0117]), array([0.54601429, 0.00487143]), 0.7854, 0.0]
[77, array([0.5442, 0.0117]), array([0.5461619 , 0.00487143]), 0.7854, 0.0]
[77, array([0.5442, 0.0117]), array([0.54630952, 0.00487143]), 0.7854, 0.0]
[77, array([0.5442, 0.0117]), array([0.54645714, 0.00487143]), 0.7854, 0.0]
[77, array([0.5442, 0.0117]), array([0.54660476, 0.00487143]), 0.7854, 0.0]
[77, array([0.5442, 0.0117]), array([0.54675238, 0.00487143]), 0.7854, 0.0]
[77, array([0.5442, 0.0117]), array([0.5469    , 0.00487143]), 0.7854, 0.0]
[77, array([0.5442, 0.0117]), array([0.5438    , 0.00501905]), 0.7854, 0.0]
[77, array([0.5442, 0.0117]), array([0.54394762, 0.00501905]), 0.7854, 0.0]
[77, array([0.5442, 0.0117]), array([0.54409524, 0.00501905]), 0.7854, 0.0]
[77, array([0.5442, 0.0117]), array([0.54424286, 0.00501905]), 0.7854, 0.0]
[77, array([0.5442, 0.0117]), array([0.54439048, 0.00501905]), 0.7854, 0.0]
[77, array([0.5442, 0.0117]), array([0.5445381 , 0.00501905]), 0.7854, 0.0]
[77, array([0.5442, 0.0117]), array([0.54468571, 0.00501905]), 0.7854, 0.0]
[77, array([0.5442, 0.0117]), array([0.54483333, 0.00501905]), 0.7854, 0.0]
[77, array([0.5442, 0.0117]), array([0.54498095, 0.00501905]), 0.7854, 0.0]
[77, array([0.5442, 0.0117]), array([0.54512857, 0.00501905]), 0.7854, 0.0]
[77, array([0.5442, 0.0117]), array([0.54527619, 0.00501905]), 0.7854, 0.0]
[77, array([0.5442, 0.0117]), array([0.54542381, 0.00501905]), 0.7854, 0.0]
[77, array([0.5442, 0.0117]), array([0.54557143, 0.00501905]), 0.7854, 0.0]
[77, array([0.5442, 0.0117]), array([0.54571905, 0.00501905]), 0.7854, 0.0]
[77, array([0.5442, 0.0117]), array([0.54586667, 0.00501905]), 0.7854, 0.0]
[77, array([0.5442, 0.0117]), array([0.54601429, 0.00501905]), 0.7854, 0.0]
[77, array([0.5442, 0.0117]), array([0.5461619 , 0.00501905]), 0.7854, 0.0]
[77, array([0.5442, 0.0117]), array([0.54630952, 0.00501905]), 0.7854, 0.0]
[77, array([0.5442, 0.0117]), array([0.54645714, 0.00501905]), 0.7854, 0.0]
[77, array([0.5442, 0.0117]), array([0.54660476, 0.00501905]), 0.7854, 0.0]
[77, array([0.5442, 0.0117]), array([0.54675238, 0.00501905]), 0.7854, 0.0]
[77, array([0.5442, 0.0117]), array([0.5469    , 0.00501905]), 0.7854, 0.0]
[77, array([0.5442, 0.0117]), array([0.5438    , 0.00516667]), 0.7854, 0.0]
[77, array([0.5442, 0.0117]), array([0.54394762, 0.00516667]), 0.7854, 0.0]
[77, array([0.5442, 0.0117]), array([0.54409524, 0.00516667]), 0.7854, 0.0]
[77, array([0.5442, 0.0117]), array([0.54424286, 0.00516667]), 0.7854, 0.0]
[77, array([0.5442, 0.0117]), array([0.54439048, 0.00516667]), 0.7854, 0.0]
[77, array([0.5442, 0.0117]), array([0.5445381 , 0.00516667]), 0.7854, 0.0]
[77, array([0.5442, 0.0117]), array([0.54468571, 0.00516667]), 0.7854, 0.0]
[77, array([0.5442, 0.0117]), array([0.54483333, 0.00516667]), 0.7854, 0.0]
[77, array([0.5442, 0.0117]), array([0.54498095, 0.00516667]), 0.7854, 0.0]
[77, array([0.5442, 0.0117]), array([0.54512857, 0.00516667]), 0.7854, 0.0]
[77, array([0.5442, 0.0117]), array([0.54527619, 0.00516667]), 0.7854, 0.0]
[77, array([0.5442, 0.0117]), array([0.54542381, 0.00516667]), 0.7854, 0.0]
[77, array([0.5442, 0.0117]), array([0.54557143, 0.00516667]), 0.7854, 0.0]
[77, array([0.5442, 0.0117]), array([0.54571905, 0.00516667]), 0.7854, 0.0]
[77, array([0.5442, 0.0117]), array([0.54586667, 0.00516667]), 0.7854, 0.0]
[77, array([0.5442, 0.0117]), array([0.54601429, 0.00516667]), 0.7854, 0.0]
[77, array([0.5442, 0.0117]), array([0.5461619 , 0.00516667]), 0.7854, 0.0]
[77, array([0.5442, 0.0117]), array([0.54630952, 0.00516667]), 0.7854, 0.0]
[77, array([0.5442, 0.0117]), array([0.54645714, 0.00516667]), 0.7854, 0.0]
[77, array([0.5442, 0.0117]), array([0.54660476, 0.00516667]), 0.7854, 0.0]
[77, array([0.5442, 0.0117]), array([0.54675238, 0.00516667]), 0.7854, 0.0]
[77, array([0.5442, 0.0117]), array([0.5469    , 0.00516667]), 0.7854, 0.0]
[77, array([0.5442, 0.0117]), array([0.5438    , 0.00531429]), 0.7854, 0.0]
[77, array([0.5442, 0.0117]), array([0.54394762, 0.00531429]), 0.7854, 0.0]
[77, array([0.5442, 0.0117]), array([0.54409524, 0.00531429]), 0.7854, 0.0]
[77, array([0.5442, 0.0117]), array([0.54424286, 0.00531429]), 0.7854, 0.0]
[77, array([0.5442, 0.0117]), array([0.54439048, 0.00531429]), 0.7854, 0.0]
[77, array([0.5442, 0.0117]), array([0.5445381 , 0.00531429]), 0.7854, 0.0]
[77, array([0.5442, 0.0117]), array([0.54468571, 0.00531429]), 0.7854, 0.0]
[77, array([0.5442, 0.0117]), array([0.54483333, 0.00531429]), 0.7854, 0.0]
[77, array([0.5442, 0.0117]), array([0.54498095, 0.00531429]), 0.7854, 0.0]
[77, array([0.5442, 0.0117]), array([0.54512857, 0.00531429]), 0.7854, 0.0]
[77, array([0.5442, 0.0117]), array([0.54527619, 0.00531429]), 0.7854, 0.0]
[77, array([0.5442, 0.0117]), array([0.54542381, 0.00531429]), 0.7854, 0.0]
[77, array([0.5442, 0.0117]), array([0.54557143, 0.00531429]), 0.7854, 0.0]
[77, array([0.5442, 0.0117]), array([0.54571905, 0.00531429]), 0.7854, 0.0]
[77, array([0.5442, 0.0117]), array([0.54586667, 0.00531429]), 0.7854, 0.0]
[77, array([0.5442, 0.0117]), array([0.54601429, 0.00531429]), 0.7854, 0.0]
[77, array([0.5442, 0.0117]), array([0.5461619 , 0.00531429]), 0.7854, 0.0]
[77, array([0.5442, 0.0117]), array([0.54630952, 0.00531429]), 0.7854, 0.0]
[77, array([0.5442, 0.0117]), array([0.54645714, 0.00531429]), 0.7854, 0.0]
[77, array([0.5442, 0.0117]), array([0.54660476, 0.00531429]), 0.7854, 0.0]
[77, array([0.5442, 0.0117]), array([0.54675238, 0.00531429]), 0.7854, 0.0]
[77, array([0.5442, 0.0117]), array([0.5469    , 0.00531429]), 0.7854, 0.0]
[77, array([0.5442, 0.0117]), array([0.5438   , 0.0054619]), 0.7854, 0.0]
[77, array([0.5442, 0.0117]), array([0.54394762, 0.0054619 ]), 0.7854, 0.0]
[77, array([0.5442, 0.0117]), array([0.54409524, 0.0054619 ]), 0.7854, 0.0]
[77, array([0.5442, 0.0117]), array([0.54424286, 0.0054619 ]), 0.7854, 0.0]
[77, array([0.5442, 0.0117]), array([0.54439048, 0.0054619 ]), 0.7854, 0.0]
[77, array([0.5442, 0.0117]), array([0.5445381, 0.0054619]), 0.7854, 0.0]
[77, array([0.5442, 0.0117]), array([0.54468571, 0.0054619 ]), 0.7854, 0.0]
[77, array([0.5442, 0.0117]), array([0.54483333, 0.0054619 ]), 0.7854, 0.0]
[77, array([0.5442, 0.0117]), array([0.54498095, 0.0054619 ]), 0.7854, 0.0]
[77, array([0.5442, 0.0117]), array([0.54512857, 0.0054619 ]), 0.7854, 0.0]
[77, array([0.5442, 0.0117]), array([0.54527619, 0.0054619 ]), 0.7854, 0.0]
[77, array([0.5442, 0.0117]), array([0.54542381, 0.0054619 ]), 0.7854, 0.0]
[77, array([0.5442, 0.0117]), array([0.54557143, 0.0054619 ]), 0.7854, 0.0]
[77, array([0.5442, 0.0117]), array([0.54571905, 0.0054619 ]), 0.7854, 0.0]
[77, array([0.5442, 0.0117]), array([0.54586667, 0.0054619 ]), 0.7854, 0.0]
[77, array([0.5442, 0.0117]), array([0.54601429, 0.0054619 ]), 0.7854, 0.0]
[77, array([0.5442, 0.0117]), array([0.5461619, 0.0054619]), 0.7854, 0.0]
[77, array([0.5442, 0.0117]), array([0.54630952, 0.0054619 ]), 0.7854, 0.0]
[77, array([0.5442, 0.0117]), array([0.54645714, 0.0054619 ]), 0.7854, 0.0]
[77, array([0.5442, 0.0117]), array([0.54660476, 0.0054619 ]), 0.7854, 0.0]
[77, array([0.5442, 0.0117]), array([0.54675238, 0.0054619 ]), 0.7854, 0.0]
[77, array([0.5442, 0.0117]), array([0.5469   , 0.0054619]), 0.7854, 0.0]
[77, array([0.5442, 0.0117]), array([0.5438    , 0.00560952]), 0.7854, 0.0]
[77, array([0.5442, 0.0117]), array([0.54394762, 0.00560952]), 0.7854, 0.0]
[77, array([0.5442, 0.0117]), array([0.54409524, 0.00560952]), 0.7854, 0.0]
[77, array([0.5442, 0.0117]), array([0.54424286, 0.00560952]), 0.7854, 0.0]
[77, array([0.5442, 0.0117]), array([0.54439048, 0.00560952]), 0.7854, 0.0]
[77, array([0.5442, 0.0117]), array([0.5445381 , 0.00560952]), 0.7854, 0.0]
[77, array([0.5442, 0.0117]), array([0.54468571, 0.00560952]), 0.7854, 0.0]
[77, array([0.5442, 0.0117]), array([0.54483333, 0.00560952]), 0.7854, 0.0]
[77, array([0.5442, 0.0117]), array([0.54498095, 0.00560952]), 0.7854, 0.0]
[77, array([0.5442, 0.0117]), array([0.54512857, 0.00560952]), 0.7854, 0.0]
[77, array([0.5442, 0.0117]), array([0.54527619, 0.00560952]), 0.7854, 0.0]
[77, array([0.5442, 0.0117]), array([0.54542381, 0.00560952]), 0.7854, 0.0]
[77, array([0.5442, 0.0117]), array([0.54557143, 0.00560952]), 0.7854, 0.0]
[77, array([0.5442, 0.0117]), array([0.54571905, 0.00560952]), 0.7854, 0.0]
[77, array([0.5442, 0.0117]), array([0.54586667, 0.00560952]), 0.7854, 0.0]
[77, array([0.5442, 0.0117]), array([0.54601429, 0.00560952]), 0.7854, 0.0]
[77, array([0.5442, 0.0117]), array([0.5461619 , 0.00560952]), 0.7854, 0.0]
[77, array([0.5442, 0.0117]), array([0.54630952, 0.00560952]), 0.7854, 0.0]
[77, array([0.5442, 0.0117]), array([0.54645714, 0.00560952]), 0.7854, 0.0]
[77, array([0.5442, 0.0117]), array([0.54660476, 0.00560952]), 0.7854, 0.0]
[77, array([0.5442, 0.0117]), array([0.54675238, 0.00560952]), 0.7854, 0.0]
[77, array([0.5442, 0.0117]), array([0.5469    , 0.00560952]), 0.7854, 0.0]
[77, array([0.5442, 0.0117]), array([0.5438    , 0.00575714]), 0.7854, 0.0]
[77, array([0.5442, 0.0117]), array([0.54394762, 0.00575714]), 0.7854, 0.0]
[77, array([0.5442, 0.0117]), array([0.54409524, 0.00575714]), 0.7854, 0.0]
[77, array([0.5442, 0.0117]), array([0.54424286, 0.00575714]), 0.7854, 0.0]
[77, array([0.5442, 0.0117]), array([0.54439048, 0.00575714]), 0.7854, 0.0]
[77, array([0.5442, 0.0117]), array([0.5445381 , 0.00575714]), 0.7854, 0.0]
[77, array([0.5442, 0.0117]), array([0.54468571, 0.00575714]), 0.7854, 0.0]
[77, array([0.5442, 0.0117]), array([0.54483333, 0.00575714]), 0.7854, 0.0]
[77, array([0.5442, 0.0117]), array([0.54498095, 0.00575714]), 0.7854, 0.0]
[77, array([0.5442, 0.0117]), array([0.54512857, 0.00575714]), 0.7854, 0.0]
[77, array([0.5442, 0.0117]), array([0.54527619, 0.00575714]), 0.7854, 0.0]
[77, array([0.5442, 0.0117]), array([0.54542381, 0.00575714]), 0.7854, 0.0]
[77, array([0.5442, 0.0117]), array([0.54557143, 0.00575714]), 0.7854, 0.0]
[77, array([0.5442, 0.0117]), array([0.54571905, 0.00575714]), 0.7854, 0.0]
[77, array([0.5442, 0.0117]), array([0.54586667, 0.00575714]), 0.7854, 0.0]
[77, array([0.5442, 0.0117]), array([0.54601429, 0.00575714]), 0.7854, 0.0]
[77, array([0.5442, 0.0117]), array([0.5461619 , 0.00575714]), 0.7854, 0.0]
[77, array([0.5442, 0.0117]), array([0.54630952, 0.00575714]), 0.7854, 0.0]
[77, array([0.5442, 0.0117]), array([0.54645714, 0.00575714]), 0.7854, 0.0]
[77, array([0.5442, 0.0117]), array([0.54660476, 0.00575714]), 0.7854, 0.0]
[77, array([0.5442, 0.0117]), array([0.54675238, 0.00575714]), 0.7854, 0.0]
[77, array([0.5442, 0.0117]), array([0.5469    , 0.00575714]), 0.7854, 0.0]
[77, array([0.5442, 0.0117]), array([0.5438    , 0.00590476]), 0.7854, 0.0]
[77, array([0.5442, 0.0117]), array([0.54394762, 0.00590476]), 0.7854, 0.0]
[77, array([0.5442, 0.0117]), array([0.54409524, 0.00590476]), 0.7854, 0.0]
[77, array([0.5442, 0.0117]), array([0.54424286, 0.00590476]), 0.7854, 0.0]
[77, array([0.5442, 0.0117]), array([0.54439048, 0.00590476]), 0.7854, 0.0]
[77, array([0.5442, 0.0117]), array([0.5445381 , 0.00590476]), 0.7854, 0.0]
[77, array([0.5442, 0.0117]), array([0.54468571, 0.00590476]), 0.7854, 0.0]
[77, array([0.5442, 0.0117]), array([0.54483333, 0.00590476]), 0.7854, 0.0]
[77, array([0.5442, 0.0117]), array([0.54498095, 0.00590476]), 0.7854, 0.0]
[77, array([0.5442, 0.0117]), array([0.54512857, 0.00590476]), 0.7854, 0.0]
[77, array([0.5442, 0.0117]), array([0.54527619, 0.00590476]), 0.7854, 0.0]
[77, array([0.5442, 0.0117]), array([0.54542381, 0.00590476]), 0.7854, 0.0]
[77, array([0.5442, 0.0117]), array([0.54557143, 0.00590476]), 0.7854, 0.0]
[77, array([0.5442, 0.0117]), array([0.54571905, 0.00590476]), 0.7854, 0.0]
[77, array([0.5442, 0.0117]), array([0.54586667, 0.00590476]), 0.7854, 0.0]
[77, array([0.5442, 0.0117]), array([0.54601429, 0.00590476]), 0.7854, 0.0]
[77, array([0.5442, 0.0117]), array([0.5461619 , 0.00590476]), 0.7854, 0.0]
[77, array([0.5442, 0.0117]), array([0.54630952, 0.00590476]), 0.7854, 0.0]
[77, array([0.5442, 0.0117]), array([0.54645714, 0.00590476]), 0.7854, 0.0]
[77, array([0.5442, 0.0117]), array([0.54660476, 0.00590476]), 0.7854, 0.0]
[77, array([0.5442, 0.0117]), array([0.54675238, 0.00590476]), 0.7854, 0.0]
[77, array([0.5442, 0.0117]), array([0.5469    , 0.00590476]), 0.7854, 0.0]
[77, array([0.5442, 0.0117]), array([0.5438    , 0.00605238]), 0.7854, 0.0]
[77, array([0.5442, 0.0117]), array([0.54394762, 0.00605238]), 0.7854, 0.0]
[77, array([0.5442, 0.0117]), array([0.54409524, 0.00605238]), 0.7854, 0.0]
[77, array([0.5442, 0.0117]), array([0.54424286, 0.00605238]), 0.7854, 0.0]
[77, array([0.5442, 0.0117]), array([0.54439048, 0.00605238]), 0.7854, 0.0]
[77, array([0.5442, 0.0117]), array([0.5445381 , 0.00605238]), 0.7854, 0.0]
[77, array([0.5442, 0.0117]), array([0.54468571, 0.00605238]), 0.7854, 0.0]
[77, array([0.5442, 0.0117]), array([0.54483333, 0.00605238]), 0.7854, 0.0]
[77, array([0.5442, 0.0117]), array([0.54498095, 0.00605238]), 0.7854, 0.0]
[77, array([0.5442, 0.0117]), array([0.54512857, 0.00605238]), 0.7854, 0.0]
[77, array([0.5442, 0.0117]), array([0.54527619, 0.00605238]), 0.7854, 0.0]
[77, array([0.5442, 0.0117]), array([0.54542381, 0.00605238]), 0.7854, 0.0]
[77, array([0.5442, 0.0117]), array([0.54557143, 0.00605238]), 0.7854, 0.0]
[77, array([0.5442, 0.0117]), array([0.54571905, 0.00605238]), 0.7854, 0.0]
[77, array([0.5442, 0.0117]), array([0.54586667, 0.00605238]), 0.7854, 0.0]
[77, array([0.5442, 0.0117]), array([0.54601429, 0.00605238]), 0.7854, 0.0]
[77, array([0.5442, 0.0117]), array([0.5461619 , 0.00605238]), 0.7854, 0.0]
[77, array([0.5442, 0.0117]), array([0.54630952, 0.00605238]), 0.7854, 0.0]
[77, array([0.5442, 0.0117]), array([0.54645714, 0.00605238]), 0.7854, 0.0]
[77, array([0.5442, 0.0117]), array([0.54660476, 0.00605238]), 0.7854, 0.0]
[77, array([0.5442, 0.0117]), array([0.54675238, 0.00605238]), 0.7854, 0.0]
[77, array([0.5442, 0.0117]), array([0.5469    , 0.00605238]), 0.7854, 0.0]
[77, array([0.5442, 0.0117]), array([0.5438, 0.0062]), 0.7854, 0.0]
[77, array([0.5442, 0.0117]), array([0.54394762, 0.0062    ]), 0.7854, 0.0]
[77, array([0.5442, 0.0117]), array([0.54409524, 0.0062    ]), 0.7854, 0.0]
[77, array([0.5442, 0.0117]), array([0.54424286, 0.0062    ]), 0.7854, 0.0]
[77, array([0.5442, 0.0117]), array([0.54439048, 0.0062    ]), 0.7854, 0.0]
[77, array([0.5442, 0.0117]), array([0.5445381, 0.0062   ]), 0.7854, 0.0]
[77, array([0.5442, 0.0117]), array([0.54468571, 0.0062    ]), 0.7854, 0.0]
[77, array([0.5442, 0.0117]), array([0.54483333, 0.0062    ]), 0.7854, 0.0]
[77, array([0.5442, 0.0117]), array([0.54498095, 0.0062    ]), 0.7854, 0.0]
[77, array([0.5442, 0.0117]), array([0.54512857, 0.0062    ]), 0.7854, 0.0]
[77, array([0.5442, 0.0117]), array([0.54527619, 0.0062    ]), 0.7854, 0.0]
[77, array([0.5442, 0.0117]), array([0.54542381, 0.0062    ]), 0.7854, 0.0]
[77, array([0.5442, 0.0117]), array([0.54557143, 0.0062    ]), 0.7854, 0.0]
[77, array([0.5442, 0.0117]), array([0.54571905, 0.0062    ]), 0.7854, 0.0]
[77, array([0.5442, 0.0117]), array([0.54586667, 0.0062    ]), 0.7854, 0.0]
[77, array([0.5442, 0.0117]), array([0.54601429, 0.0062    ]), 0.7854, 0.0]
[77, array([0.5442, 0.0117]), array([0.5461619, 0.0062   ]), 0.7854, 0.0]
[77, array([0.5442, 0.0117]), array([0.54630952, 0.0062    ]), 0.7854, 0.0]
[77, array([0.5442, 0.0117]), array([0.54645714, 0.0062    ]), 0.7854, 0.0]
[77, array([0.5442, 0.0117]), array([0.54660476, 0.0062    ]), 0.7854, 0.0]
[77, array([0.5442, 0.0117]), array([0.54675238, 0.0062    ]), 0.7854, 0.0]
[77, array([0.5442, 0.0117]), array([0.5469, 0.0062]), 0.7854, 0.0]
[56, array([ 0.476 , -0.0053]), array([ 0.4781 , -0.00315]), 0.7854, 1.0]
[56, array([ 0.476 , -0.0053]), array([ 0.47825238, -0.00315   ]), 0.7854, 1.0]
[56, array([ 0.476 , -0.0053]), array([ 0.47840476, -0.00315   ]), 0.7854, 0.0]
[56, array([ 0.476 , -0.0053]), array([ 0.47855714, -0.00315   ]), 0.7854, 0.0]
[56, array([ 0.476 , -0.0053]), array([ 0.47870952, -0.00315   ]), 0.7854, 1.0]
[56, array([ 0.476 , -0.0053]), array([ 0.4788619, -0.00315  ]), 0.7854, 0.0]
[56, array([ 0.476 , -0.0053]), array([ 0.47901429, -0.00315   ]), 0.7854, 0.0]
[56, array([ 0.476 , -0.0053]), array([ 0.47916667, -0.00315   ]), 0.7854, 0.0]
[56, array([ 0.476 , -0.0053]), array([ 0.47931905, -0.00315   ]), 0.7854, 1.0]
[56, array([ 0.476 , -0.0053]), array([ 0.47947143, -0.00315   ]), 0.7854, 1.0]
[56, array([ 0.476 , -0.0053]), array([ 0.47962381, -0.00315   ]), 0.7854, 1.0]
[56, array([ 0.476 , -0.0053]), array([ 0.47977619, -0.00315   ]), 0.7854, 1.0]
[56, array([ 0.476 , -0.0053]), array([ 0.47992857, -0.00315   ]), 0.7854, 1.0]
[56, array([ 0.476 , -0.0053]), array([ 0.48008095, -0.00315   ]), 0.7854, 1.0]
[56, array([ 0.476 , -0.0053]), array([ 0.48023333, -0.00315   ]), 0.7854, 1.0]
[56, array([ 0.476 , -0.0053]), array([ 0.48038571, -0.00315   ]), 0.7854, 1.0]
[56, array([ 0.476 , -0.0053]), array([ 0.4805381, -0.00315  ]), 0.7854, 1.0]
[56, array([ 0.476 , -0.0053]), array([ 0.48069048, -0.00315   ]), 0.7854, 1.0]
[56, array([ 0.476 , -0.0053]), array([ 0.48084286, -0.00315   ]), 0.7854, 0.0]
[56, array([ 0.476 , -0.0053]), array([ 0.48099524, -0.00315   ]), 0.7854, 0.0]
[56, array([ 0.476 , -0.0053]), array([ 0.48114762, -0.00315   ]), 0.7854, 0.0]
[56, array([ 0.476 , -0.0053]), array([ 0.4813 , -0.00315]), 0.7854, 0.0]
[56, array([ 0.476 , -0.0053]), array([ 0.4781    , -0.00299762]), 0.7854, 1.0]
[56, array([ 0.476 , -0.0053]), array([ 0.47825238, -0.00299762]), 0.7854, 1.0]
[56, array([ 0.476 , -0.0053]), array([ 0.47840476, -0.00299762]), 0.7854, 1.0]
[56, array([ 0.476 , -0.0053]), array([ 0.47855714, -0.00299762]), 0.7854, 1.0]
[56, array([ 0.476 , -0.0053]), array([ 0.47870952, -0.00299762]), 0.7854, 0.0]
[56, array([ 0.476 , -0.0053]), array([ 0.4788619 , -0.00299762]), 0.7854, 0.0]
[56, array([ 0.476 , -0.0053]), array([ 0.47901429, -0.00299762]), 0.7854, 0.0]
[56, array([ 0.476 , -0.0053]), array([ 0.47916667, -0.00299762]), 0.7854, 1.0]
[56, array([ 0.476 , -0.0053]), array([ 0.47931905, -0.00299762]), 0.7854, 1.0]
[56, array([ 0.476 , -0.0053]), array([ 0.47947143, -0.00299762]), 0.7854, 1.0]
[56, array([ 0.476 , -0.0053]), array([ 0.47962381, -0.00299762]), 0.7854, 1.0]
[56, array([ 0.476 , -0.0053]), array([ 0.47977619, -0.00299762]), 0.7854, 1.0]
[56, array([ 0.476 , -0.0053]), array([ 0.47992857, -0.00299762]), 0.7854, 1.0]
[56, array([ 0.476 , -0.0053]), array([ 0.48008095, -0.00299762]), 0.7854, 1.0]
[56, array([ 0.476 , -0.0053]), array([ 0.48023333, -0.00299762]), 0.7854, 1.0]
[56, array([ 0.476 , -0.0053]), array([ 0.48038571, -0.00299762]), 0.7854, 1.0]
[56, array([ 0.476 , -0.0053]), array([ 0.4805381 , -0.00299762]), 0.7854, 1.0]
[56, array([ 0.476 , -0.0053]), array([ 0.48069048, -0.00299762]), 0.7854, 0.0]
[56, array([ 0.476 , -0.0053]), array([ 0.48084286, -0.00299762]), 0.7854, 0.0]
[56, array([ 0.476 , -0.0053]), array([ 0.48099524, -0.00299762]), 0.7854, 0.0]
[56, array([ 0.476 , -0.0053]), array([ 0.48114762, -0.00299762]), 0.7854, 0.0]
[56, array([ 0.476 , -0.0053]), array([ 0.4813    , -0.00299762]), 0.7854, 1.0]
[56, array([ 0.476 , -0.0053]), array([ 0.4781    , -0.00284524]), 0.7854, 0.0]
[56, array([ 0.476 , -0.0053]), array([ 0.47825238, -0.00284524]), 0.7854, 1.0]
[56, array([ 0.476 , -0.0053]), array([ 0.47840476, -0.00284524]), 0.7854, 0.0]
[56, array([ 0.476 , -0.0053]), array([ 0.47855714, -0.00284524]), 0.7854, 0.0]
[56, array([ 0.476 , -0.0053]), array([ 0.47870952, -0.00284524]), 0.7854, 0.0]
[56, array([ 0.476 , -0.0053]), array([ 0.4788619 , -0.00284524]), 0.7854, 0.0]
[56, array([ 0.476 , -0.0053]), array([ 0.47901429, -0.00284524]), 0.7854, 0.0]
[56, array([ 0.476 , -0.0053]), array([ 0.47916667, -0.00284524]), 0.7854, 0.0]
[56, array([ 0.476 , -0.0053]), array([ 0.47931905, -0.00284524]), 0.7854, 0.0]
[56, array([ 0.476 , -0.0053]), array([ 0.47947143, -0.00284524]), 0.7854, 1.0]
[56, array([ 0.476 , -0.0053]), array([ 0.47962381, -0.00284524]), 0.7854, 1.0]
[56, array([ 0.476 , -0.0053]), array([ 0.47977619, -0.00284524]), 0.7854, 1.0]
[56, array([ 0.476 , -0.0053]), array([ 0.47992857, -0.00284524]), 0.7854, 1.0]
[56, array([ 0.476 , -0.0053]), array([ 0.48008095, -0.00284524]), 0.7854, 1.0]
[56, array([ 0.476 , -0.0053]), array([ 0.48023333, -0.00284524]), 0.7854, 1.0]
[56, array([ 0.476 , -0.0053]), array([ 0.48038571, -0.00284524]), 0.7854, 1.0]
[56, array([ 0.476 , -0.0053]), array([ 0.4805381 , -0.00284524]), 0.7854, 0.0]
[56, array([ 0.476 , -0.0053]), array([ 0.48069048, -0.00284524]), 0.7854, 1.0]
[56, array([ 0.476 , -0.0053]), array([ 0.48084286, -0.00284524]), 0.7854, 1.0]
[56, array([ 0.476 , -0.0053]), array([ 0.48099524, -0.00284524]), 0.7854, 1.0]
[56, array([ 0.476 , -0.0053]), array([ 0.48114762, -0.00284524]), 0.7854, 1.0]
[56, array([ 0.476 , -0.0053]), array([ 0.4813    , -0.00284524]), 0.7854, 0.0]
[56, array([ 0.476 , -0.0053]), array([ 0.4781    , -0.00269286]), 0.7854, 0.0]
[56, array([ 0.476 , -0.0053]), array([ 0.47825238, -0.00269286]), 0.7854, 0.0]
[56, array([ 0.476 , -0.0053]), array([ 0.47840476, -0.00269286]), 0.7854, 1.0]
[56, array([ 0.476 , -0.0053]), array([ 0.47855714, -0.00269286]), 0.7854, 0.0]
[56, array([ 0.476 , -0.0053]), array([ 0.47870952, -0.00269286]), 0.7854, 0.0]
[56, array([ 0.476 , -0.0053]), array([ 0.4788619 , -0.00269286]), 0.7854, 1.0]
[56, array([ 0.476 , -0.0053]), array([ 0.47901429, -0.00269286]), 0.7854, 1.0]
[56, array([ 0.476 , -0.0053]), array([ 0.47916667, -0.00269286]), 0.7854, 0.0]
[56, array([ 0.476 , -0.0053]), array([ 0.47931905, -0.00269286]), 0.7854, 0.0]
[56, array([ 0.476 , -0.0053]), array([ 0.47947143, -0.00269286]), 0.7854, 1.0]
[56, array([ 0.476 , -0.0053]), array([ 0.47962381, -0.00269286]), 0.7854, 0.0]
[56, array([ 0.476 , -0.0053]), array([ 0.47977619, -0.00269286]), 0.7854, 1.0]
[56, array([ 0.476 , -0.0053]), array([ 0.47992857, -0.00269286]), 0.7854, 1.0]
[56, array([ 0.476 , -0.0053]), array([ 0.48008095, -0.00269286]), 0.7854, 1.0]
[56, array([ 0.476 , -0.0053]), array([ 0.48023333, -0.00269286]), 0.7854, 1.0]
[56, array([ 0.476 , -0.0053]), array([ 0.48038571, -0.00269286]), 0.7854, 0.0]
[56, array([ 0.476 , -0.0053]), array([ 0.4805381 , -0.00269286]), 0.7854, 1.0]
[56, array([ 0.476 , -0.0053]), array([ 0.48069048, -0.00269286]), 0.7854, 1.0]
[56, array([ 0.476 , -0.0053]), array([ 0.48084286, -0.00269286]), 0.7854, 1.0]
[56, array([ 0.476 , -0.0053]), array([ 0.48099524, -0.00269286]), 0.7854, 1.0]
[56, array([ 0.476 , -0.0053]), array([ 0.48114762, -0.00269286]), 0.7854, 0.0]
[56, array([ 0.476 , -0.0053]), array([ 0.4813    , -0.00269286]), 0.7854, 1.0]
[56, array([ 0.476 , -0.0053]), array([ 0.4781    , -0.00254048]), 0.7854, 0.0]
[56, array([ 0.476 , -0.0053]), array([ 0.47825238, -0.00254048]), 0.7854, 0.0]
[56, array([ 0.476 , -0.0053]), array([ 0.47840476, -0.00254048]), 0.7854, 1.0]
[56, array([ 0.476 , -0.0053]), array([ 0.47855714, -0.00254048]), 0.7854, 0.0]
[56, array([ 0.476 , -0.0053]), array([ 0.47870952, -0.00254048]), 0.7854, 0.0]
[56, array([ 0.476 , -0.0053]), array([ 0.4788619 , -0.00254048]), 0.7854, 1.0]
[56, array([ 0.476 , -0.0053]), array([ 0.47901429, -0.00254048]), 0.7854, 0.0]
[56, array([ 0.476 , -0.0053]), array([ 0.47916667, -0.00254048]), 0.7854, 0.0]
[56, array([ 0.476 , -0.0053]), array([ 0.47931905, -0.00254048]), 0.7854, 1.0]
[56, array([ 0.476 , -0.0053]), array([ 0.47947143, -0.00254048]), 0.7854, 1.0]
[56, array([ 0.476 , -0.0053]), array([ 0.47962381, -0.00254048]), 0.7854, 1.0]
[56, array([ 0.476 , -0.0053]), array([ 0.47977619, -0.00254048]), 0.7854, 1.0]
[56, array([ 0.476 , -0.0053]), array([ 0.47992857, -0.00254048]), 0.7854, 1.0]
[56, array([ 0.476 , -0.0053]), array([ 0.48008095, -0.00254048]), 0.7854, 1.0]
[56, array([ 0.476 , -0.0053]), array([ 0.48023333, -0.00254048]), 0.7854, 1.0]
[56, array([ 0.476 , -0.0053]), array([ 0.48038571, -0.00254048]), 0.7854, 1.0]
[56, array([ 0.476 , -0.0053]), array([ 0.4805381 , -0.00254048]), 0.7854, 0.0]
[56, array([ 0.476 , -0.0053]), array([ 0.48069048, -0.00254048]), 0.7854, 0.0]
[56, array([ 0.476 , -0.0053]), array([ 0.48084286, -0.00254048]), 0.7854, 1.0]
[56, array([ 0.476 , -0.0053]), array([ 0.48099524, -0.00254048]), 0.7854, 1.0]
[56, array([ 0.476 , -0.0053]), array([ 0.48114762, -0.00254048]), 0.7854, 1.0]
[56, array([ 0.476 , -0.0053]), array([ 0.4813    , -0.00254048]), 0.7854, 1.0]
[56, array([ 0.476 , -0.0053]), array([ 0.4781   , -0.0023881]), 0.7854, 0.0]
[56, array([ 0.476 , -0.0053]), array([ 0.47825238, -0.0023881 ]), 0.7854, 0.0]
[56, array([ 0.476 , -0.0053]), array([ 0.47840476, -0.0023881 ]), 0.7854, 0.0]
[56, array([ 0.476 , -0.0053]), array([ 0.47855714, -0.0023881 ]), 0.7854, 0.0]
[56, array([ 0.476 , -0.0053]), array([ 0.47870952, -0.0023881 ]), 0.7854, 0.0]
[56, array([ 0.476 , -0.0053]), array([ 0.4788619, -0.0023881]), 0.7854, 0.0]
[56, array([ 0.476 , -0.0053]), array([ 0.47901429, -0.0023881 ]), 0.7854, 1.0]
[56, array([ 0.476 , -0.0053]), array([ 0.47916667, -0.0023881 ]), 0.7854, 0.0]
[56, array([ 0.476 , -0.0053]), array([ 0.47931905, -0.0023881 ]), 0.7854, 0.0]
[56, array([ 0.476 , -0.0053]), array([ 0.47947143, -0.0023881 ]), 0.7854, 1.0]
[56, array([ 0.476 , -0.0053]), array([ 0.47962381, -0.0023881 ]), 0.7854, 1.0]
[56, array([ 0.476 , -0.0053]), array([ 0.47977619, -0.0023881 ]), 0.7854, 0.0]
[56, array([ 0.476 , -0.0053]), array([ 0.47992857, -0.0023881 ]), 0.7854, 1.0]
[56, array([ 0.476 , -0.0053]), array([ 0.48008095, -0.0023881 ]), 0.7854, 0.0]
[56, array([ 0.476 , -0.0053]), array([ 0.48023333, -0.0023881 ]), 0.7854, 0.0]
[56, array([ 0.476 , -0.0053]), array([ 0.48038571, -0.0023881 ]), 0.7854, 0.0]
[56, array([ 0.476 , -0.0053]), array([ 0.4805381, -0.0023881]), 0.7854, 1.0]
[56, array([ 0.476 , -0.0053]), array([ 0.48069048, -0.0023881 ]), 0.7854, 1.0]
[56, array([ 0.476 , -0.0053]), array([ 0.48084286, -0.0023881 ]), 0.7854, 1.0]
[56, array([ 0.476 , -0.0053]), array([ 0.48099524, -0.0023881 ]), 0.7854, 1.0]
[56, array([ 0.476 , -0.0053]), array([ 0.48114762, -0.0023881 ]), 0.7854, 1.0]
[56, array([ 0.476 , -0.0053]), array([ 0.4813   , -0.0023881]), 0.7854, 1.0]
[56, array([ 0.476 , -0.0053]), array([ 0.4781    , -0.00223571]), 0.7854, 0.0]
[56, array([ 0.476 , -0.0053]), array([ 0.47825238, -0.00223571]), 0.7854, 0.0]
[56, array([ 0.476 , -0.0053]), array([ 0.47840476, -0.00223571]), 0.7854, 0.0]
[56, array([ 0.476 , -0.0053]), array([ 0.47855714, -0.00223571]), 0.7854, 0.0]
[56, array([ 0.476 , -0.0053]), array([ 0.47870952, -0.00223571]), 0.7854, 0.0]
[56, array([ 0.476 , -0.0053]), array([ 0.4788619 , -0.00223571]), 0.7854, 0.0]
[56, array([ 0.476 , -0.0053]), array([ 0.47901429, -0.00223571]), 0.7854, 0.0]
[56, array([ 0.476 , -0.0053]), array([ 0.47916667, -0.00223571]), 0.7854, 0.0]
[56, array([ 0.476 , -0.0053]), array([ 0.47931905, -0.00223571]), 0.7854, 0.0]
[56, array([ 0.476 , -0.0053]), array([ 0.47947143, -0.00223571]), 0.7854, 0.0]
[56, array([ 0.476 , -0.0053]), array([ 0.47962381, -0.00223571]), 0.7854, 0.0]
[56, array([ 0.476 , -0.0053]), array([ 0.47977619, -0.00223571]), 0.7854, 1.0]
[56, array([ 0.476 , -0.0053]), array([ 0.47992857, -0.00223571]), 0.7854, 1.0]
[56, array([ 0.476 , -0.0053]), array([ 0.48008095, -0.00223571]), 0.7854, 1.0]
[56, array([ 0.476 , -0.0053]), array([ 0.48023333, -0.00223571]), 0.7854, 1.0]
[56, array([ 0.476 , -0.0053]), array([ 0.48038571, -0.00223571]), 0.7854, 1.0]
[56, array([ 0.476 , -0.0053]), array([ 0.4805381 , -0.00223571]), 0.7854, 1.0]
[56, array([ 0.476 , -0.0053]), array([ 0.48069048, -0.00223571]), 0.7854, 1.0]
[56, array([ 0.476 , -0.0053]), array([ 0.48084286, -0.00223571]), 0.7854, 1.0]
[56, array([ 0.476 , -0.0053]), array([ 0.48099524, -0.00223571]), 0.7854, 1.0]
[56, array([ 0.476 , -0.0053]), array([ 0.48114762, -0.00223571]), 0.7854, 1.0]
[56, array([ 0.476 , -0.0053]), array([ 0.4813    , -0.00223571]), 0.7854, 1.0]
[56, array([ 0.476 , -0.0053]), array([ 0.4781    , -0.00208333]), 0.7854, 0.0]
[56, array([ 0.476 , -0.0053]), array([ 0.47825238, -0.00208333]), 0.7854, 0.0]
[56, array([ 0.476 , -0.0053]), array([ 0.47840476, -0.00208333]), 0.7854, 0.0]
[56, array([ 0.476 , -0.0053]), array([ 0.47855714, -0.00208333]), 0.7854, 0.0]
[56, array([ 0.476 , -0.0053]), array([ 0.47870952, -0.00208333]), 0.7854, 0.0]
[56, array([ 0.476 , -0.0053]), array([ 0.4788619 , -0.00208333]), 0.7854, 0.0]
[56, array([ 0.476 , -0.0053]), array([ 0.47901429, -0.00208333]), 0.7854, 0.0]
[56, array([ 0.476 , -0.0053]), array([ 0.47916667, -0.00208333]), 0.7854, 0.0]
[56, array([ 0.476 , -0.0053]), array([ 0.47931905, -0.00208333]), 0.7854, 0.0]
[56, array([ 0.476 , -0.0053]), array([ 0.47947143, -0.00208333]), 0.7854, 1.0]
[56, array([ 0.476 , -0.0053]), array([ 0.47962381, -0.00208333]), 0.7854, 1.0]
[56, array([ 0.476 , -0.0053]), array([ 0.47977619, -0.00208333]), 0.7854, 1.0]
[56, array([ 0.476 , -0.0053]), array([ 0.47992857, -0.00208333]), 0.7854, 1.0]
[56, array([ 0.476 , -0.0053]), array([ 0.48008095, -0.00208333]), 0.7854, 1.0]
[56, array([ 0.476 , -0.0053]), array([ 0.48023333, -0.00208333]), 0.7854, 1.0]
[56, array([ 0.476 , -0.0053]), array([ 0.48038571, -0.00208333]), 0.7854, 1.0]
[56, array([ 0.476 , -0.0053]), array([ 0.4805381 , -0.00208333]), 0.7854, 1.0]
[56, array([ 0.476 , -0.0053]), array([ 0.48069048, -0.00208333]), 0.7854, 0.0]
[56, array([ 0.476 , -0.0053]), array([ 0.48084286, -0.00208333]), 0.7854, 1.0]
[56, array([ 0.476 , -0.0053]), array([ 0.48099524, -0.00208333]), 0.7854, 1.0]
[56, array([ 0.476 , -0.0053]), array([ 0.48114762, -0.00208333]), 0.7854, 1.0]
[56, array([ 0.476 , -0.0053]), array([ 0.4813    , -0.00208333]), 0.7854, 1.0]
[56, array([ 0.476 , -0.0053]), array([ 0.4781    , -0.00193095]), 0.7854, 0.0]
[56, array([ 0.476 , -0.0053]), array([ 0.47825238, -0.00193095]), 0.7854, 0.0]
[56, array([ 0.476 , -0.0053]), array([ 0.47840476, -0.00193095]), 0.7854, 0.0]
[56, array([ 0.476 , -0.0053]), array([ 0.47855714, -0.00193095]), 0.7854, 0.0]
[56, array([ 0.476 , -0.0053]), array([ 0.47870952, -0.00193095]), 0.7854, 0.0]
[56, array([ 0.476 , -0.0053]), array([ 0.4788619 , -0.00193095]), 0.7854, 1.0]
[56, array([ 0.476 , -0.0053]), array([ 0.47901429, -0.00193095]), 0.7854, 0.0]
[56, array([ 0.476 , -0.0053]), array([ 0.47916667, -0.00193095]), 0.7854, 1.0]
[56, array([ 0.476 , -0.0053]), array([ 0.47931905, -0.00193095]), 0.7854, 0.0]
[56, array([ 0.476 , -0.0053]), array([ 0.47947143, -0.00193095]), 0.7854, 0.0]
[56, array([ 0.476 , -0.0053]), array([ 0.47962381, -0.00193095]), 0.7854, 0.0]
[56, array([ 0.476 , -0.0053]), array([ 0.47977619, -0.00193095]), 0.7854, 1.0]
[56, array([ 0.476 , -0.0053]), array([ 0.47992857, -0.00193095]), 0.7854, 1.0]
[56, array([ 0.476 , -0.0053]), array([ 0.48008095, -0.00193095]), 0.7854, 1.0]
[56, array([ 0.476 , -0.0053]), array([ 0.48023333, -0.00193095]), 0.7854, 0.0]
[56, array([ 0.476 , -0.0053]), array([ 0.48038571, -0.00193095]), 0.7854, 1.0]
[56, array([ 0.476 , -0.0053]), array([ 0.4805381 , -0.00193095]), 0.7854, 1.0]
[56, array([ 0.476 , -0.0053]), array([ 0.48069048, -0.00193095]), 0.7854, 1.0]
[56, array([ 0.476 , -0.0053]), array([ 0.48084286, -0.00193095]), 0.7854, 1.0]
[56, array([ 0.476 , -0.0053]), array([ 0.48099524, -0.00193095]), 0.7854, 1.0]
[56, array([ 0.476 , -0.0053]), array([ 0.48114762, -0.00193095]), 0.7854, 1.0]
[56, array([ 0.476 , -0.0053]), array([ 0.4813    , -0.00193095]), 0.7854, 1.0]
[56, array([ 0.476 , -0.0053]), array([ 0.4781    , -0.00177857]), 0.7854, 0.0]
[56, array([ 0.476 , -0.0053]), array([ 0.47825238, -0.00177857]), 0.7854, 0.0]
[56, array([ 0.476 , -0.0053]), array([ 0.47840476, -0.00177857]), 0.7854, 0.0]
[56, array([ 0.476 , -0.0053]), array([ 0.47855714, -0.00177857]), 0.7854, 0.0]
[56, array([ 0.476 , -0.0053]), array([ 0.47870952, -0.00177857]), 0.7854, 0.0]
[56, array([ 0.476 , -0.0053]), array([ 0.4788619 , -0.00177857]), 0.7854, 0.0]
[56, array([ 0.476 , -0.0053]), array([ 0.47901429, -0.00177857]), 0.7854, 0.0]
[56, array([ 0.476 , -0.0053]), array([ 0.47916667, -0.00177857]), 0.7854, 0.0]
[56, array([ 0.476 , -0.0053]), array([ 0.47931905, -0.00177857]), 0.7854, 0.0]
[56, array([ 0.476 , -0.0053]), array([ 0.47947143, -0.00177857]), 0.7854, 0.0]
[56, array([ 0.476 , -0.0053]), array([ 0.47962381, -0.00177857]), 0.7854, 0.0]
[56, array([ 0.476 , -0.0053]), array([ 0.47977619, -0.00177857]), 0.7854, 0.0]
[56, array([ 0.476 , -0.0053]), array([ 0.47992857, -0.00177857]), 0.7854, 1.0]
[56, array([ 0.476 , -0.0053]), array([ 0.48008095, -0.00177857]), 0.7854, 0.0]
[56, array([ 0.476 , -0.0053]), array([ 0.48023333, -0.00177857]), 0.7854, 1.0]
[56, array([ 0.476 , -0.0053]), array([ 0.48038571, -0.00177857]), 0.7854, 1.0]
[56, array([ 0.476 , -0.0053]), array([ 0.4805381 , -0.00177857]), 0.7854, 1.0]
[56, array([ 0.476 , -0.0053]), array([ 0.48069048, -0.00177857]), 0.7854, 1.0]
[56, array([ 0.476 , -0.0053]), array([ 0.48084286, -0.00177857]), 0.7854, 1.0]
[56, array([ 0.476 , -0.0053]), array([ 0.48099524, -0.00177857]), 0.7854, 1.0]
[56, array([ 0.476 , -0.0053]), array([ 0.48114762, -0.00177857]), 0.7854, 1.0]
[56, array([ 0.476 , -0.0053]), array([ 0.4813    , -0.00177857]), 0.7854, 1.0]
[56, array([ 0.476 , -0.0053]), array([ 0.4781    , -0.00162619]), 0.7854, 0.0]
[56, array([ 0.476 , -0.0053]), array([ 0.47825238, -0.00162619]), 0.7854, 0.0]
[56, array([ 0.476 , -0.0053]), array([ 0.47840476, -0.00162619]), 0.7854, 0.0]
[56, array([ 0.476 , -0.0053]), array([ 0.47855714, -0.00162619]), 0.7854, 0.0]
[56, array([ 0.476 , -0.0053]), array([ 0.47870952, -0.00162619]), 0.7854, 0.0]
[56, array([ 0.476 , -0.0053]), array([ 0.4788619 , -0.00162619]), 0.7854, 1.0]
[56, array([ 0.476 , -0.0053]), array([ 0.47901429, -0.00162619]), 0.7854, 0.0]
[56, array([ 0.476 , -0.0053]), array([ 0.47916667, -0.00162619]), 0.7854, 0.0]
[56, array([ 0.476 , -0.0053]), array([ 0.47931905, -0.00162619]), 0.7854, 0.0]
[56, array([ 0.476 , -0.0053]), array([ 0.47947143, -0.00162619]), 0.7854, 0.0]
[56, array([ 0.476 , -0.0053]), array([ 0.47962381, -0.00162619]), 0.7854, 0.0]
[56, array([ 0.476 , -0.0053]), array([ 0.47977619, -0.00162619]), 0.7854, 0.0]
[56, array([ 0.476 , -0.0053]), array([ 0.47992857, -0.00162619]), 0.7854, 0.0]
[56, array([ 0.476 , -0.0053]), array([ 0.48008095, -0.00162619]), 0.7854, 1.0]
[56, array([ 0.476 , -0.0053]), array([ 0.48023333, -0.00162619]), 0.7854, 1.0]
[56, array([ 0.476 , -0.0053]), array([ 0.48038571, -0.00162619]), 0.7854, 1.0]
[56, array([ 0.476 , -0.0053]), array([ 0.4805381 , -0.00162619]), 0.7854, 1.0]
[56, array([ 0.476 , -0.0053]), array([ 0.48069048, -0.00162619]), 0.7854, 1.0]
[56, array([ 0.476 , -0.0053]), array([ 0.48084286, -0.00162619]), 0.7854, 1.0]
[56, array([ 0.476 , -0.0053]), array([ 0.48099524, -0.00162619]), 0.7854, 1.0]
[56, array([ 0.476 , -0.0053]), array([ 0.48114762, -0.00162619]), 0.7854, 1.0]
[56, array([ 0.476 , -0.0053]), array([ 0.4813    , -0.00162619]), 0.7854, 1.0]
[56, array([ 0.476 , -0.0053]), array([ 0.4781    , -0.00147381]), 0.7854, 0.0]
[56, array([ 0.476 , -0.0053]), array([ 0.47825238, -0.00147381]), 0.7854, 0.0]
[56, array([ 0.476 , -0.0053]), array([ 0.47840476, -0.00147381]), 0.7854, 0.0]
[56, array([ 0.476 , -0.0053]), array([ 0.47855714, -0.00147381]), 0.7854, 1.0]
[56, array([ 0.476 , -0.0053]), array([ 0.47870952, -0.00147381]), 0.7854, 1.0]
[56, array([ 0.476 , -0.0053]), array([ 0.4788619 , -0.00147381]), 0.7854, 1.0]
[56, array([ 0.476 , -0.0053]), array([ 0.47901429, -0.00147381]), 0.7854, 0.0]
[56, array([ 0.476 , -0.0053]), array([ 0.47916667, -0.00147381]), 0.7854, 1.0]
[56, array([ 0.476 , -0.0053]), array([ 0.47931905, -0.00147381]), 0.7854, 0.0]
[56, array([ 0.476 , -0.0053]), array([ 0.47947143, -0.00147381]), 0.7854, 0.0]
[56, array([ 0.476 , -0.0053]), array([ 0.47962381, -0.00147381]), 0.7854, 0.0]
[56, array([ 0.476 , -0.0053]), array([ 0.47977619, -0.00147381]), 0.7854, 1.0]
[56, array([ 0.476 , -0.0053]), array([ 0.47992857, -0.00147381]), 0.7854, 1.0]
[56, array([ 0.476 , -0.0053]), array([ 0.48008095, -0.00147381]), 0.7854, 1.0]
[56, array([ 0.476 , -0.0053]), array([ 0.48023333, -0.00147381]), 0.7854, 1.0]
[56, array([ 0.476 , -0.0053]), array([ 0.48038571, -0.00147381]), 0.7854, 1.0]
[56, array([ 0.476 , -0.0053]), array([ 0.4805381 , -0.00147381]), 0.7854, 1.0]
[56, array([ 0.476 , -0.0053]), array([ 0.48069048, -0.00147381]), 0.7854, 1.0]
[56, array([ 0.476 , -0.0053]), array([ 0.48084286, -0.00147381]), 0.7854, 1.0]
[56, array([ 0.476 , -0.0053]), array([ 0.48099524, -0.00147381]), 0.7854, 1.0]
[56, array([ 0.476 , -0.0053]), array([ 0.48114762, -0.00147381]), 0.7854, 1.0]
[56, array([ 0.476 , -0.0053]), array([ 0.4813    , -0.00147381]), 0.7854, 1.0]
[56, array([ 0.476 , -0.0053]), array([ 0.4781    , -0.00132143]), 0.7854, 0.0]
[56, array([ 0.476 , -0.0053]), array([ 0.47825238, -0.00132143]), 0.7854, 0.0]
[56, array([ 0.476 , -0.0053]), array([ 0.47840476, -0.00132143]), 0.7854, 1.0]
[56, array([ 0.476 , -0.0053]), array([ 0.47855714, -0.00132143]), 0.7854, 1.0]
[56, array([ 0.476 , -0.0053]), array([ 0.47870952, -0.00132143]), 0.7854, 1.0]
[56, array([ 0.476 , -0.0053]), array([ 0.4788619 , -0.00132143]), 0.7854, 0.0]
[56, array([ 0.476 , -0.0053]), array([ 0.47901429, -0.00132143]), 0.7854, 0.0]
[56, array([ 0.476 , -0.0053]), array([ 0.47916667, -0.00132143]), 0.7854, 0.0]
[56, array([ 0.476 , -0.0053]), array([ 0.47931905, -0.00132143]), 0.7854, 0.0]
[56, array([ 0.476 , -0.0053]), array([ 0.47947143, -0.00132143]), 0.7854, 1.0]
[56, array([ 0.476 , -0.0053]), array([ 0.47962381, -0.00132143]), 0.7854, 0.0]
[56, array([ 0.476 , -0.0053]), array([ 0.47977619, -0.00132143]), 0.7854, 1.0]
[56, array([ 0.476 , -0.0053]), array([ 0.47992857, -0.00132143]), 0.7854, 0.0]
[56, array([ 0.476 , -0.0053]), array([ 0.48008095, -0.00132143]), 0.7854, 0.0]
[56, array([ 0.476 , -0.0053]), array([ 0.48023333, -0.00132143]), 0.7854, 1.0]
[56, array([ 0.476 , -0.0053]), array([ 0.48038571, -0.00132143]), 0.7854, 1.0]
[56, array([ 0.476 , -0.0053]), array([ 0.4805381 , -0.00132143]), 0.7854, 0.0]
[56, array([ 0.476 , -0.0053]), array([ 0.48069048, -0.00132143]), 0.7854, 1.0]
[56, array([ 0.476 , -0.0053]), array([ 0.48084286, -0.00132143]), 0.7854, 1.0]
[56, array([ 0.476 , -0.0053]), array([ 0.48099524, -0.00132143]), 0.7854, 1.0]
[56, array([ 0.476 , -0.0053]), array([ 0.48114762, -0.00132143]), 0.7854, 1.0]
[56, array([ 0.476 , -0.0053]), array([ 0.4813    , -0.00132143]), 0.7854, 1.0]
[56, array([ 0.476 , -0.0053]), array([ 0.4781    , -0.00116905]), 0.7854, 1.0]
[56, array([ 0.476 , -0.0053]), array([ 0.47825238, -0.00116905]), 0.7854, 1.0]
[56, array([ 0.476 , -0.0053]), array([ 0.47840476, -0.00116905]), 0.7854, 1.0]
[56, array([ 0.476 , -0.0053]), array([ 0.47855714, -0.00116905]), 0.7854, 1.0]
[56, array([ 0.476 , -0.0053]), array([ 0.47870952, -0.00116905]), 0.7854, 0.0]
[56, array([ 0.476 , -0.0053]), array([ 0.4788619 , -0.00116905]), 0.7854, 0.0]
[56, array([ 0.476 , -0.0053]), array([ 0.47901429, -0.00116905]), 0.7854, 0.0]
[56, array([ 0.476 , -0.0053]), array([ 0.47916667, -0.00116905]), 0.7854, 0.0]
[56, array([ 0.476 , -0.0053]), array([ 0.47931905, -0.00116905]), 0.7854, 0.0]
[56, array([ 0.476 , -0.0053]), array([ 0.47947143, -0.00116905]), 0.7854, 0.0]
[56, array([ 0.476 , -0.0053]), array([ 0.47962381, -0.00116905]), 0.7854, 0.0]
[56, array([ 0.476 , -0.0053]), array([ 0.47977619, -0.00116905]), 0.7854, 0.0]
[56, array([ 0.476 , -0.0053]), array([ 0.47992857, -0.00116905]), 0.7854, 0.0]
[56, array([ 0.476 , -0.0053]), array([ 0.48008095, -0.00116905]), 0.7854, 1.0]
[56, array([ 0.476 , -0.0053]), array([ 0.48023333, -0.00116905]), 0.7854, 0.0]
[56, array([ 0.476 , -0.0053]), array([ 0.48038571, -0.00116905]), 0.7854, 1.0]
[56, array([ 0.476 , -0.0053]), array([ 0.4805381 , -0.00116905]), 0.7854, 1.0]
[56, array([ 0.476 , -0.0053]), array([ 0.48069048, -0.00116905]), 0.7854, 1.0]
[56, array([ 0.476 , -0.0053]), array([ 0.48084286, -0.00116905]), 0.7854, 1.0]
[56, array([ 0.476 , -0.0053]), array([ 0.48099524, -0.00116905]), 0.7854, 1.0]
[56, array([ 0.476 , -0.0053]), array([ 0.48114762, -0.00116905]), 0.7854, 1.0]
[56, array([ 0.476 , -0.0053]), array([ 0.4813    , -0.00116905]), 0.7854, 1.0]
[56, array([ 0.476 , -0.0053]), array([ 0.4781    , -0.00101667]), 0.7854, 1.0]
[56, array([ 0.476 , -0.0053]), array([ 0.47825238, -0.00101667]), 0.7854, 1.0]
[56, array([ 0.476 , -0.0053]), array([ 0.47840476, -0.00101667]), 0.7854, 1.0]
[56, array([ 0.476 , -0.0053]), array([ 0.47855714, -0.00101667]), 0.7854, 0.0]
[56, array([ 0.476 , -0.0053]), array([ 0.47870952, -0.00101667]), 0.7854, 0.0]
[56, array([ 0.476 , -0.0053]), array([ 0.4788619 , -0.00101667]), 0.7854, 0.0]
[56, array([ 0.476 , -0.0053]), array([ 0.47901429, -0.00101667]), 0.7854, 0.0]
[56, array([ 0.476 , -0.0053]), array([ 0.47916667, -0.00101667]), 0.7854, 0.0]
[56, array([ 0.476 , -0.0053]), array([ 0.47931905, -0.00101667]), 0.7854, 0.0]
[56, array([ 0.476 , -0.0053]), array([ 0.47947143, -0.00101667]), 0.7854, 0.0]
[56, array([ 0.476 , -0.0053]), array([ 0.47962381, -0.00101667]), 0.7854, 0.0]
[56, array([ 0.476 , -0.0053]), array([ 0.47977619, -0.00101667]), 0.7854, 0.0]
[56, array([ 0.476 , -0.0053]), array([ 0.47992857, -0.00101667]), 0.7854, 0.0]
[56, array([ 0.476 , -0.0053]), array([ 0.48008095, -0.00101667]), 0.7854, 0.0]
[56, array([ 0.476 , -0.0053]), array([ 0.48023333, -0.00101667]), 0.7854, 0.0]
[56, array([ 0.476 , -0.0053]), array([ 0.48038571, -0.00101667]), 0.7854, 1.0]
[56, array([ 0.476 , -0.0053]), array([ 0.4805381 , -0.00101667]), 0.7854, 1.0]
[56, array([ 0.476 , -0.0053]), array([ 0.48069048, -0.00101667]), 0.7854, 1.0]
[56, array([ 0.476 , -0.0053]), array([ 0.48084286, -0.00101667]), 0.7854, 1.0]
[56, array([ 0.476 , -0.0053]), array([ 0.48099524, -0.00101667]), 0.7854, 1.0]
[56, array([ 0.476 , -0.0053]), array([ 0.48114762, -0.00101667]), 0.7854, 1.0]
[56, array([ 0.476 , -0.0053]), array([ 0.4813    , -0.00101667]), 0.7854, 1.0]
[56, array([ 0.476 , -0.0053]), array([ 0.4781    , -0.00086429]), 0.7854, 1.0]
[56, array([ 0.476 , -0.0053]), array([ 0.47825238, -0.00086429]), 0.7854, 1.0]
[56, array([ 0.476 , -0.0053]), array([ 0.47840476, -0.00086429]), 0.7854, 0.0]
[56, array([ 0.476 , -0.0053]), array([ 0.47855714, -0.00086429]), 0.7854, 0.0]
[56, array([ 0.476 , -0.0053]), array([ 0.47870952, -0.00086429]), 0.7854, 0.0]
[56, array([ 0.476 , -0.0053]), array([ 0.4788619 , -0.00086429]), 0.7854, 0.0]
[56, array([ 0.476 , -0.0053]), array([ 0.47901429, -0.00086429]), 0.7854, 0.0]
[56, array([ 0.476 , -0.0053]), array([ 0.47916667, -0.00086429]), 0.7854, 0.0]
[56, array([ 0.476 , -0.0053]), array([ 0.47931905, -0.00086429]), 0.7854, 0.0]
[56, array([ 0.476 , -0.0053]), array([ 0.47947143, -0.00086429]), 0.7854, 0.0]
[56, array([ 0.476 , -0.0053]), array([ 0.47962381, -0.00086429]), 0.7854, 0.0]
[56, array([ 0.476 , -0.0053]), array([ 0.47977619, -0.00086429]), 0.7854, 0.0]
[56, array([ 0.476 , -0.0053]), array([ 0.47992857, -0.00086429]), 0.7854, 0.0]
[56, array([ 0.476 , -0.0053]), array([ 0.48008095, -0.00086429]), 0.7854, 0.0]
[56, array([ 0.476 , -0.0053]), array([ 0.48023333, -0.00086429]), 0.7854, 1.0]
[56, array([ 0.476 , -0.0053]), array([ 0.48038571, -0.00086429]), 0.7854, 1.0]
[56, array([ 0.476 , -0.0053]), array([ 0.4805381 , -0.00086429]), 0.7854, 1.0]
[56, array([ 0.476 , -0.0053]), array([ 0.48069048, -0.00086429]), 0.7854, 1.0]
[56, array([ 0.476 , -0.0053]), array([ 0.48084286, -0.00086429]), 0.7854, 1.0]
[56, array([ 0.476 , -0.0053]), array([ 0.48099524, -0.00086429]), 0.7854, 1.0]
[56, array([ 0.476 , -0.0053]), array([ 0.48114762, -0.00086429]), 0.7854, 1.0]
[56, array([ 0.476 , -0.0053]), array([ 0.4813    , -0.00086429]), 0.7854, 1.0]
[56, array([ 0.476 , -0.0053]), array([ 0.4781   , -0.0007119]), 0.7854, 1.0]
[56, array([ 0.476 , -0.0053]), array([ 0.47825238, -0.0007119 ]), 0.7854, 0.0]
[56, array([ 0.476 , -0.0053]), array([ 0.47840476, -0.0007119 ]), 0.7854, 1.0]
[56, array([ 0.476 , -0.0053]), array([ 0.47855714, -0.0007119 ]), 0.7854, 1.0]
[56, array([ 0.476 , -0.0053]), array([ 0.47870952, -0.0007119 ]), 0.7854, 0.0]
[56, array([ 0.476 , -0.0053]), array([ 0.4788619, -0.0007119]), 0.7854, 0.0]
[56, array([ 0.476 , -0.0053]), array([ 0.47901429, -0.0007119 ]), 0.7854, 0.0]
[56, array([ 0.476 , -0.0053]), array([ 0.47916667, -0.0007119 ]), 0.7854, 0.0]
[56, array([ 0.476 , -0.0053]), array([ 0.47931905, -0.0007119 ]), 0.7854, 0.0]
[56, array([ 0.476 , -0.0053]), array([ 0.47947143, -0.0007119 ]), 0.7854, 1.0]
[56, array([ 0.476 , -0.0053]), array([ 0.47962381, -0.0007119 ]), 0.7854, 1.0]
[56, array([ 0.476 , -0.0053]), array([ 0.47977619, -0.0007119 ]), 0.7854, 1.0]
[56, array([ 0.476 , -0.0053]), array([ 0.47992857, -0.0007119 ]), 0.7854, 0.0]
[56, array([ 0.476 , -0.0053]), array([ 0.48008095, -0.0007119 ]), 0.7854, 0.0]
[56, array([ 0.476 , -0.0053]), array([ 0.48023333, -0.0007119 ]), 0.7854, 1.0]
[56, array([ 0.476 , -0.0053]), array([ 0.48038571, -0.0007119 ]), 0.7854, 1.0]
[56, array([ 0.476 , -0.0053]), array([ 0.4805381, -0.0007119]), 0.7854, 1.0]
[56, array([ 0.476 , -0.0053]), array([ 0.48069048, -0.0007119 ]), 0.7854, 1.0]
[56, array([ 0.476 , -0.0053]), array([ 0.48084286, -0.0007119 ]), 0.7854, 1.0]
[56, array([ 0.476 , -0.0053]), array([ 0.48099524, -0.0007119 ]), 0.7854, 1.0]
[56, array([ 0.476 , -0.0053]), array([ 0.48114762, -0.0007119 ]), 0.7854, 1.0]
[56, array([ 0.476 , -0.0053]), array([ 0.4813   , -0.0007119]), 0.7854, 1.0]
[56, array([ 0.476 , -0.0053]), array([ 0.4781    , -0.00055952]), 0.7854, 0.0]
[56, array([ 0.476 , -0.0053]), array([ 0.47825238, -0.00055952]), 0.7854, 1.0]
[56, array([ 0.476 , -0.0053]), array([ 0.47840476, -0.00055952]), 0.7854, 0.0]
[56, array([ 0.476 , -0.0053]), array([ 0.47855714, -0.00055952]), 0.7854, 1.0]
[56, array([ 0.476 , -0.0053]), array([ 0.47870952, -0.00055952]), 0.7854, 0.0]
[56, array([ 0.476 , -0.0053]), array([ 0.4788619 , -0.00055952]), 0.7854, 0.0]
[56, array([ 0.476 , -0.0053]), array([ 0.47901429, -0.00055952]), 0.7854, 0.0]
[56, array([ 0.476 , -0.0053]), array([ 0.47916667, -0.00055952]), 0.7854, 0.0]
[56, array([ 0.476 , -0.0053]), array([ 0.47931905, -0.00055952]), 0.7854, 1.0]
[56, array([ 0.476 , -0.0053]), array([ 0.47947143, -0.00055952]), 0.7854, 1.0]
[56, array([ 0.476 , -0.0053]), array([ 0.47962381, -0.00055952]), 0.7854, 1.0]
[56, array([ 0.476 , -0.0053]), array([ 0.47977619, -0.00055952]), 0.7854, 1.0]
[56, array([ 0.476 , -0.0053]), array([ 0.47992857, -0.00055952]), 0.7854, 1.0]
[56, array([ 0.476 , -0.0053]), array([ 0.48008095, -0.00055952]), 0.7854, 0.0]
[56, array([ 0.476 , -0.0053]), array([ 0.48023333, -0.00055952]), 0.7854, 0.0]
[56, array([ 0.476 , -0.0053]), array([ 0.48038571, -0.00055952]), 0.7854, 1.0]
[56, array([ 0.476 , -0.0053]), array([ 0.4805381 , -0.00055952]), 0.7854, 1.0]
[56, array([ 0.476 , -0.0053]), array([ 0.48069048, -0.00055952]), 0.7854, 1.0]
[56, array([ 0.476 , -0.0053]), array([ 0.48084286, -0.00055952]), 0.7854, 1.0]
[56, array([ 0.476 , -0.0053]), array([ 0.48099524, -0.00055952]), 0.7854, 1.0]
[56, array([ 0.476 , -0.0053]), array([ 0.48114762, -0.00055952]), 0.7854, 1.0]
[56, array([ 0.476 , -0.0053]), array([ 0.4813    , -0.00055952]), 0.7854, 1.0]
[56, array([ 0.476 , -0.0053]), array([ 4.78100000e-01, -4.07142857e-04]), 0.7854, 1.0]
[56, array([ 0.476 , -0.0053]), array([ 4.78252381e-01, -4.07142857e-04]), 0.7854, 1.0]
[56, array([ 0.476 , -0.0053]), array([ 4.78404762e-01, -4.07142857e-04]), 0.7854, 1.0]
[56, array([ 0.476 , -0.0053]), array([ 4.78557143e-01, -4.07142857e-04]), 0.7854, 0.0]
[56, array([ 0.476 , -0.0053]), array([ 4.78709524e-01, -4.07142857e-04]), 0.7854, 1.0]
[56, array([ 0.476 , -0.0053]), array([ 4.78861905e-01, -4.07142857e-04]), 0.7854, 0.0]
[56, array([ 0.476 , -0.0053]), array([ 4.79014286e-01, -4.07142857e-04]), 0.7854, 0.0]
[56, array([ 0.476 , -0.0053]), array([ 4.79166667e-01, -4.07142857e-04]), 0.7854, 1.0]
[56, array([ 0.476 , -0.0053]), array([ 4.79319048e-01, -4.07142857e-04]), 0.7854, 0.0]
[56, array([ 0.476 , -0.0053]), array([ 4.79471429e-01, -4.07142857e-04]), 0.7854, 0.0]
[56, array([ 0.476 , -0.0053]), array([ 4.79623810e-01, -4.07142857e-04]), 0.7854, 1.0]
[56, array([ 0.476 , -0.0053]), array([ 4.79776190e-01, -4.07142857e-04]), 0.7854, 1.0]
[56, array([ 0.476 , -0.0053]), array([ 4.79928571e-01, -4.07142857e-04]), 0.7854, 1.0]
[56, array([ 0.476 , -0.0053]), array([ 4.80080952e-01, -4.07142857e-04]), 0.7854, 0.0]
[56, array([ 0.476 , -0.0053]), array([ 4.80233333e-01, -4.07142857e-04]), 0.7854, 1.0]
[56, array([ 0.476 , -0.0053]), array([ 4.80385714e-01, -4.07142857e-04]), 0.7854, 1.0]
[56, array([ 0.476 , -0.0053]), array([ 4.80538095e-01, -4.07142857e-04]), 0.7854, 1.0]
[56, array([ 0.476 , -0.0053]), array([ 4.80690476e-01, -4.07142857e-04]), 0.7854, 1.0]
[56, array([ 0.476 , -0.0053]), array([ 4.80842857e-01, -4.07142857e-04]), 0.7854, 1.0]
[56, array([ 0.476 , -0.0053]), array([ 4.80995238e-01, -4.07142857e-04]), 0.7854, 1.0]
[56, array([ 0.476 , -0.0053]), array([ 4.81147619e-01, -4.07142857e-04]), 0.7854, 1.0]
[56, array([ 0.476 , -0.0053]), array([ 4.81300000e-01, -4.07142857e-04]), 0.7854, 1.0]
[56, array([ 0.476 , -0.0053]), array([ 4.78100000e-01, -2.54761905e-04]), 0.7854, 1.0]
[56, array([ 0.476 , -0.0053]), array([ 4.78252381e-01, -2.54761905e-04]), 0.7854, 1.0]
[56, array([ 0.476 , -0.0053]), array([ 4.78404762e-01, -2.54761905e-04]), 0.7854, 1.0]
[56, array([ 0.476 , -0.0053]), array([ 4.78557143e-01, -2.54761905e-04]), 0.7854, 1.0]
[56, array([ 0.476 , -0.0053]), array([ 4.78709524e-01, -2.54761905e-04]), 0.7854, 0.0]
[56, array([ 0.476 , -0.0053]), array([ 4.78861905e-01, -2.54761905e-04]), 0.7854, 0.0]
[56, array([ 0.476 , -0.0053]), array([ 4.79014286e-01, -2.54761905e-04]), 0.7854, 0.0]
[56, array([ 0.476 , -0.0053]), array([ 4.79166667e-01, -2.54761905e-04]), 0.7854, 1.0]
[56, array([ 0.476 , -0.0053]), array([ 4.79319048e-01, -2.54761905e-04]), 0.7854, 0.0]
[56, array([ 0.476 , -0.0053]), array([ 4.79471429e-01, -2.54761905e-04]), 0.7854, 0.0]
[56, array([ 0.476 , -0.0053]), array([ 4.79623810e-01, -2.54761905e-04]), 0.7854, 1.0]
[56, array([ 0.476 , -0.0053]), array([ 4.79776190e-01, -2.54761905e-04]), 0.7854, 1.0]
[56, array([ 0.476 , -0.0053]), array([ 4.79928571e-01, -2.54761905e-04]), 0.7854, 1.0]
[56, array([ 0.476 , -0.0053]), array([ 4.80080952e-01, -2.54761905e-04]), 0.7854, 1.0]
[56, array([ 0.476 , -0.0053]), array([ 4.80233333e-01, -2.54761905e-04]), 0.7854, 1.0]
[56, array([ 0.476 , -0.0053]), array([ 4.80385714e-01, -2.54761905e-04]), 0.7854, 0.0]
[56, array([ 0.476 , -0.0053]), array([ 4.80538095e-01, -2.54761905e-04]), 0.7854, 0.0]
[56, array([ 0.476 , -0.0053]), array([ 4.80690476e-01, -2.54761905e-04]), 0.7854, 1.0]
[56, array([ 0.476 , -0.0053]), array([ 4.80842857e-01, -2.54761905e-04]), 0.7854, 1.0]
[56, array([ 0.476 , -0.0053]), array([ 4.80995238e-01, -2.54761905e-04]), 0.7854, 1.0]
[56, array([ 0.476 , -0.0053]), array([ 4.81147619e-01, -2.54761905e-04]), 0.7854, 1.0]
[56, array([ 0.476 , -0.0053]), array([ 4.81300000e-01, -2.54761905e-04]), 0.7854, 1.0]
[56, array([ 0.476 , -0.0053]), array([ 4.78100000e-01, -1.02380952e-04]), 0.7854, 1.0]
[56, array([ 0.476 , -0.0053]), array([ 4.78252381e-01, -1.02380952e-04]), 0.7854, 1.0]
[56, array([ 0.476 , -0.0053]), array([ 4.78404762e-01, -1.02380952e-04]), 0.7854, 1.0]
[56, array([ 0.476 , -0.0053]), array([ 4.78557143e-01, -1.02380952e-04]), 0.7854, 0.0]
[56, array([ 0.476 , -0.0053]), array([ 4.78709524e-01, -1.02380952e-04]), 0.7854, 0.0]
[56, array([ 0.476 , -0.0053]), array([ 4.78861905e-01, -1.02380952e-04]), 0.7854, 0.0]
[56, array([ 0.476 , -0.0053]), array([ 4.79014286e-01, -1.02380952e-04]), 0.7854, 0.0]
[56, array([ 0.476 , -0.0053]), array([ 4.79166667e-01, -1.02380952e-04]), 0.7854, 1.0]
[56, array([ 0.476 , -0.0053]), array([ 4.79319048e-01, -1.02380952e-04]), 0.7854, 0.0]
[56, array([ 0.476 , -0.0053]), array([ 4.79471429e-01, -1.02380952e-04]), 0.7854, 1.0]
[56, array([ 0.476 , -0.0053]), array([ 4.79623810e-01, -1.02380952e-04]), 0.7854, 1.0]
[56, array([ 0.476 , -0.0053]), array([ 4.79776190e-01, -1.02380952e-04]), 0.7854, 1.0]
[56, array([ 0.476 , -0.0053]), array([ 4.79928571e-01, -1.02380952e-04]), 0.7854, 1.0]
[56, array([ 0.476 , -0.0053]), array([ 4.80080952e-01, -1.02380952e-04]), 0.7854, 1.0]
[56, array([ 0.476 , -0.0053]), array([ 4.80233333e-01, -1.02380952e-04]), 0.7854, 1.0]
[56, array([ 0.476 , -0.0053]), array([ 4.80385714e-01, -1.02380952e-04]), 0.7854, 1.0]
[56, array([ 0.476 , -0.0053]), array([ 4.80538095e-01, -1.02380952e-04]), 0.7854, 0.0]
[56, array([ 0.476 , -0.0053]), array([ 4.80690476e-01, -1.02380952e-04]), 0.7854, 0.0]
[56, array([ 0.476 , -0.0053]), array([ 4.80842857e-01, -1.02380952e-04]), 0.7854, 0.0]
[56, array([ 0.476 , -0.0053]), array([ 4.80995238e-01, -1.02380952e-04]), 0.7854, 1.0]
[56, array([ 0.476 , -0.0053]), array([ 4.81147619e-01, -1.02380952e-04]), 0.7854, 1.0]
[56, array([ 0.476 , -0.0053]), array([ 4.81300000e-01, -1.02380952e-04]), 0.7854, 1.0]
[56, array([ 0.476 , -0.0053]), array([4.781e-01, 5.000e-05]), 0.7854, 1.0]
[56, array([ 0.476 , -0.0053]), array([4.78252381e-01, 5.00000000e-05]), 0.7854, 1.0]
[56, array([ 0.476 , -0.0053]), array([4.78404762e-01, 5.00000000e-05]), 0.7854, 0.0]
[56, array([ 0.476 , -0.0053]), array([4.78557143e-01, 5.00000000e-05]), 0.7854, 0.0]
[56, array([ 0.476 , -0.0053]), array([4.78709524e-01, 5.00000000e-05]), 0.7854, 0.0]
[56, array([ 0.476 , -0.0053]), array([4.78861905e-01, 5.00000000e-05]), 0.7854, 0.0]
[56, array([ 0.476 , -0.0053]), array([4.79014286e-01, 5.00000000e-05]), 0.7854, 0.0]
[56, array([ 0.476 , -0.0053]), array([4.79166667e-01, 5.00000000e-05]), 0.7854, 0.0]
[56, array([ 0.476 , -0.0053]), array([4.79319048e-01, 5.00000000e-05]), 0.7854, 1.0]
[56, array([ 0.476 , -0.0053]), array([4.79471429e-01, 5.00000000e-05]), 0.7854, 1.0]
[56, array([ 0.476 , -0.0053]), array([4.7962381e-01, 5.0000000e-05]), 0.7854, 1.0]
[56, array([ 0.476 , -0.0053]), array([4.7977619e-01, 5.0000000e-05]), 0.7854, 1.0]
[56, array([ 0.476 , -0.0053]), array([4.79928571e-01, 5.00000000e-05]), 0.7854, 1.0]
[56, array([ 0.476 , -0.0053]), array([4.80080952e-01, 5.00000000e-05]), 0.7854, 1.0]
[56, array([ 0.476 , -0.0053]), array([4.80233333e-01, 5.00000000e-05]), 0.7854, 1.0]
[56, array([ 0.476 , -0.0053]), array([4.80385714e-01, 5.00000000e-05]), 0.7854, 1.0]
[56, array([ 0.476 , -0.0053]), array([4.80538095e-01, 5.00000000e-05]), 0.7854, 1.0]
[56, array([ 0.476 , -0.0053]), array([4.80690476e-01, 5.00000000e-05]), 0.7854, 1.0]
[56, array([ 0.476 , -0.0053]), array([4.80842857e-01, 5.00000000e-05]), 0.7854, 1.0]
[56, array([ 0.476 , -0.0053]), array([4.80995238e-01, 5.00000000e-05]), 0.7854, 1.0]
[56, array([ 0.476 , -0.0053]), array([4.81147619e-01, 5.00000000e-05]), 0.7854, 1.0]
[56, array([ 0.476 , -0.0053]), array([4.813e-01, 5.000e-05]), 0.7854, 1.0]
[20, array([0.54  , 0.0382]), array([0.5344, 0.0344]), 0.7854, 1.0]
[20, array([0.54  , 0.0382]), array([0.53454762, 0.0344    ]), 0.7854, 1.0]
[20, array([0.54  , 0.0382]), array([0.53469524, 0.0344    ]), 0.7854, 1.0]
[20, array([0.54  , 0.0382]), array([0.53484286, 0.0344    ]), 0.7854, 1.0]
[20, array([0.54  , 0.0382]), array([0.53499048, 0.0344    ]), 0.7854, 1.0]
[20, array([0.54  , 0.0382]), array([0.5351381, 0.0344   ]), 0.7854, 1.0]
[20, array([0.54  , 0.0382]), array([0.53528571, 0.0344    ]), 0.7854, 1.0]
[20, array([0.54  , 0.0382]), array([0.53543333, 0.0344    ]), 0.7854, 1.0]
[20, array([0.54  , 0.0382]), array([0.53558095, 0.0344    ]), 0.7854, 1.0]
[20, array([0.54  , 0.0382]), array([0.53572857, 0.0344    ]), 0.7854, 1.0]
[20, array([0.54  , 0.0382]), array([0.53587619, 0.0344    ]), 0.7854, 1.0]
[20, array([0.54  , 0.0382]), array([0.53602381, 0.0344    ]), 0.7854, 1.0]
[20, array([0.54  , 0.0382]), array([0.53617143, 0.0344    ]), 0.7854, 1.0]
[20, array([0.54  , 0.0382]), array([0.53631905, 0.0344    ]), 0.7854, 1.0]
[20, array([0.54  , 0.0382]), array([0.53646667, 0.0344    ]), 0.7854, 1.0]
[20, array([0.54  , 0.0382]), array([0.53661429, 0.0344    ]), 0.7854, 1.0]
[20, array([0.54  , 0.0382]), array([0.5367619, 0.0344   ]), 0.7854, 1.0]
[20, array([0.54  , 0.0382]), array([0.53690952, 0.0344    ]), 0.7854, 1.0]
[20, array([0.54  , 0.0382]), array([0.53705714, 0.0344    ]), 0.7854, 1.0]
[20, array([0.54  , 0.0382]), array([0.53720476, 0.0344    ]), 0.7854, 1.0]
[20, array([0.54  , 0.0382]), array([0.53735238, 0.0344    ]), 0.7854, 1.0]
[20, array([0.54  , 0.0382]), array([0.5375, 0.0344]), 0.7854, 1.0]
[20, array([0.54  , 0.0382]), array([0.5344    , 0.03454762]), 0.7854, 1.0]
[20, array([0.54  , 0.0382]), array([0.53454762, 0.03454762]), 0.7854, 1.0]
[20, array([0.54  , 0.0382]), array([0.53469524, 0.03454762]), 0.7854, 1.0]
[20, array([0.54  , 0.0382]), array([0.53484286, 0.03454762]), 0.7854, 1.0]
[20, array([0.54  , 0.0382]), array([0.53499048, 0.03454762]), 0.7854, 1.0]
[20, array([0.54  , 0.0382]), array([0.5351381 , 0.03454762]), 0.7854, 1.0]
[20, array([0.54  , 0.0382]), array([0.53528571, 0.03454762]), 0.7854, 1.0]
[20, array([0.54  , 0.0382]), array([0.53543333, 0.03454762]), 0.7854, 1.0]
[20, array([0.54  , 0.0382]), array([0.53558095, 0.03454762]), 0.7854, 1.0]
[20, array([0.54  , 0.0382]), array([0.53572857, 0.03454762]), 0.7854, 1.0]
[20, array([0.54  , 0.0382]), array([0.53587619, 0.03454762]), 0.7854, 1.0]
[20, array([0.54  , 0.0382]), array([0.53602381, 0.03454762]), 0.7854, 1.0]
[20, array([0.54  , 0.0382]), array([0.53617143, 0.03454762]), 0.7854, 1.0]
[20, array([0.54  , 0.0382]), array([0.53631905, 0.03454762]), 0.7854, 1.0]
[20, array([0.54  , 0.0382]), array([0.53646667, 0.03454762]), 0.7854, 1.0]
[20, array([0.54  , 0.0382]), array([0.53661429, 0.03454762]), 0.7854, 1.0]
[20, array([0.54  , 0.0382]), array([0.5367619 , 0.03454762]), 0.7854, 1.0]
[20, array([0.54  , 0.0382]), array([0.53690952, 0.03454762]), 0.7854, 1.0]
[20, array([0.54  , 0.0382]), array([0.53705714, 0.03454762]), 0.7854, 1.0]
[20, array([0.54  , 0.0382]), array([0.53720476, 0.03454762]), 0.7854, 1.0]
[20, array([0.54  , 0.0382]), array([0.53735238, 0.03454762]), 0.7854, 1.0]
[20, array([0.54  , 0.0382]), array([0.5375    , 0.03454762]), 0.7854, 1.0]
[20, array([0.54  , 0.0382]), array([0.5344    , 0.03469524]), 0.7854, 1.0]
[20, array([0.54  , 0.0382]), array([0.53454762, 0.03469524]), 0.7854, 1.0]
[20, array([0.54  , 0.0382]), array([0.53469524, 0.03469524]), 0.7854, 1.0]
[20, array([0.54  , 0.0382]), array([0.53484286, 0.03469524]), 0.7854, 1.0]
[20, array([0.54  , 0.0382]), array([0.53499048, 0.03469524]), 0.7854, 1.0]
[20, array([0.54  , 0.0382]), array([0.5351381 , 0.03469524]), 0.7854, 1.0]
[20, array([0.54  , 0.0382]), array([0.53528571, 0.03469524]), 0.7854, 1.0]
[20, array([0.54  , 0.0382]), array([0.53543333, 0.03469524]), 0.7854, 1.0]
[20, array([0.54  , 0.0382]), array([0.53558095, 0.03469524]), 0.7854, 1.0]
[20, array([0.54  , 0.0382]), array([0.53572857, 0.03469524]), 0.7854, 1.0]
[20, array([0.54  , 0.0382]), array([0.53587619, 0.03469524]), 0.7854, 1.0]
[20, array([0.54  , 0.0382]), array([0.53602381, 0.03469524]), 0.7854, 1.0]
[20, array([0.54  , 0.0382]), array([0.53617143, 0.03469524]), 0.7854, 1.0]
[20, array([0.54  , 0.0382]), array([0.53631905, 0.03469524]), 0.7854, 1.0]
[20, array([0.54  , 0.0382]), array([0.53646667, 0.03469524]), 0.7854, 1.0]
[20, array([0.54  , 0.0382]), array([0.53661429, 0.03469524]), 0.7854, 1.0]
[20, array([0.54  , 0.0382]), array([0.5367619 , 0.03469524]), 0.7854, 1.0]
[20, array([0.54  , 0.0382]), array([0.53690952, 0.03469524]), 0.7854, 1.0]
[20, array([0.54  , 0.0382]), array([0.53705714, 0.03469524]), 0.7854, 1.0]
[20, array([0.54  , 0.0382]), array([0.53720476, 0.03469524]), 0.7854, 1.0]
[20, array([0.54  , 0.0382]), array([0.53735238, 0.03469524]), 0.7854, 1.0]
[20, array([0.54  , 0.0382]), array([0.5375    , 0.03469524]), 0.7854, 1.0]
[20, array([0.54  , 0.0382]), array([0.5344    , 0.03484286]), 0.7854, 1.0]
[20, array([0.54  , 0.0382]), array([0.53454762, 0.03484286]), 0.7854, 1.0]
[20, array([0.54  , 0.0382]), array([0.53469524, 0.03484286]), 0.7854, 1.0]
[20, array([0.54  , 0.0382]), array([0.53484286, 0.03484286]), 0.7854, 1.0]
[20, array([0.54  , 0.0382]), array([0.53499048, 0.03484286]), 0.7854, 1.0]
[20, array([0.54  , 0.0382]), array([0.5351381 , 0.03484286]), 0.7854, 1.0]
[20, array([0.54  , 0.0382]), array([0.53528571, 0.03484286]), 0.7854, 1.0]
[20, array([0.54  , 0.0382]), array([0.53543333, 0.03484286]), 0.7854, 1.0]
[20, array([0.54  , 0.0382]), array([0.53558095, 0.03484286]), 0.7854, 1.0]
[20, array([0.54  , 0.0382]), array([0.53572857, 0.03484286]), 0.7854, 1.0]
[20, array([0.54  , 0.0382]), array([0.53587619, 0.03484286]), 0.7854, 1.0]
[20, array([0.54  , 0.0382]), array([0.53602381, 0.03484286]), 0.7854, 1.0]
[20, array([0.54  , 0.0382]), array([0.53617143, 0.03484286]), 0.7854, 1.0]
[20, array([0.54  , 0.0382]), array([0.53631905, 0.03484286]), 0.7854, 1.0]
[20, array([0.54  , 0.0382]), array([0.53646667, 0.03484286]), 0.7854, 1.0]
[20, array([0.54  , 0.0382]), array([0.53661429, 0.03484286]), 0.7854, 1.0]
[20, array([0.54  , 0.0382]), array([0.5367619 , 0.03484286]), 0.7854, 1.0]
[20, array([0.54  , 0.0382]), array([0.53690952, 0.03484286]), 0.7854, 1.0]
[20, array([0.54  , 0.0382]), array([0.53705714, 0.03484286]), 0.7854, 1.0]
[20, array([0.54  , 0.0382]), array([0.53720476, 0.03484286]), 0.7854, 1.0]
[20, array([0.54  , 0.0382]), array([0.53735238, 0.03484286]), 0.7854, 1.0]
[20, array([0.54  , 0.0382]), array([0.5375    , 0.03484286]), 0.7854, 1.0]
[20, array([0.54  , 0.0382]), array([0.5344    , 0.03499048]), 0.7854, 1.0]
[20, array([0.54  , 0.0382]), array([0.53454762, 0.03499048]), 0.7854, 1.0]
[20, array([0.54  , 0.0382]), array([0.53469524, 0.03499048]), 0.7854, 1.0]
[20, array([0.54  , 0.0382]), array([0.53484286, 0.03499048]), 0.7854, 1.0]
[20, array([0.54  , 0.0382]), array([0.53499048, 0.03499048]), 0.7854, 1.0]
[20, array([0.54  , 0.0382]), array([0.5351381 , 0.03499048]), 0.7854, 1.0]
[20, array([0.54  , 0.0382]), array([0.53528571, 0.03499048]), 0.7854, 1.0]
[20, array([0.54  , 0.0382]), array([0.53543333, 0.03499048]), 0.7854, 1.0]
[20, array([0.54  , 0.0382]), array([0.53558095, 0.03499048]), 0.7854, 1.0]
[20, array([0.54  , 0.0382]), array([0.53572857, 0.03499048]), 0.7854, 1.0]
[20, array([0.54  , 0.0382]), array([0.53587619, 0.03499048]), 0.7854, 1.0]
[20, array([0.54  , 0.0382]), array([0.53602381, 0.03499048]), 0.7854, 1.0]
[20, array([0.54  , 0.0382]), array([0.53617143, 0.03499048]), 0.7854, 1.0]
[20, array([0.54  , 0.0382]), array([0.53631905, 0.03499048]), 0.7854, 1.0]
[20, array([0.54  , 0.0382]), array([0.53646667, 0.03499048]), 0.7854, 1.0]
[20, array([0.54  , 0.0382]), array([0.53661429, 0.03499048]), 0.7854, 1.0]
[20, array([0.54  , 0.0382]), array([0.5367619 , 0.03499048]), 0.7854, 1.0]
[20, array([0.54  , 0.0382]), array([0.53690952, 0.03499048]), 0.7854, 1.0]
[20, array([0.54  , 0.0382]), array([0.53705714, 0.03499048]), 0.7854, 1.0]
[20, array([0.54  , 0.0382]), array([0.53720476, 0.03499048]), 0.7854, 1.0]
[20, array([0.54  , 0.0382]), array([0.53735238, 0.03499048]), 0.7854, 1.0]
[20, array([0.54  , 0.0382]), array([0.5375    , 0.03499048]), 0.7854, 1.0]
[20, array([0.54  , 0.0382]), array([0.5344   , 0.0351381]), 0.7854, 1.0]
[20, array([0.54  , 0.0382]), array([0.53454762, 0.0351381 ]), 0.7854, 1.0]
[20, array([0.54  , 0.0382]), array([0.53469524, 0.0351381 ]), 0.7854, 1.0]
[20, array([0.54  , 0.0382]), array([0.53484286, 0.0351381 ]), 0.7854, 1.0]
[20, array([0.54  , 0.0382]), array([0.53499048, 0.0351381 ]), 0.7854, 1.0]
[20, array([0.54  , 0.0382]), array([0.5351381, 0.0351381]), 0.7854, 1.0]
[20, array([0.54  , 0.0382]), array([0.53528571, 0.0351381 ]), 0.7854, 1.0]
[20, array([0.54  , 0.0382]), array([0.53543333, 0.0351381 ]), 0.7854, 1.0]
[20, array([0.54  , 0.0382]), array([0.53558095, 0.0351381 ]), 0.7854, 1.0]
[20, array([0.54  , 0.0382]), array([0.53572857, 0.0351381 ]), 0.7854, 1.0]
[20, array([0.54  , 0.0382]), array([0.53587619, 0.0351381 ]), 0.7854, 1.0]
[20, array([0.54  , 0.0382]), array([0.53602381, 0.0351381 ]), 0.7854, 1.0]
[20, array([0.54  , 0.0382]), array([0.53617143, 0.0351381 ]), 0.7854, 1.0]
[20, array([0.54  , 0.0382]), array([0.53631905, 0.0351381 ]), 0.7854, 1.0]
[20, array([0.54  , 0.0382]), array([0.53646667, 0.0351381 ]), 0.7854, 1.0]
[20, array([0.54  , 0.0382]), array([0.53661429, 0.0351381 ]), 0.7854, 1.0]
[20, array([0.54  , 0.0382]), array([0.5367619, 0.0351381]), 0.7854, 1.0]
[20, array([0.54  , 0.0382]), array([0.53690952, 0.0351381 ]), 0.7854, 1.0]
[20, array([0.54  , 0.0382]), array([0.53705714, 0.0351381 ]), 0.7854, 1.0]
[20, array([0.54  , 0.0382]), array([0.53720476, 0.0351381 ]), 0.7854, 1.0]
[20, array([0.54  , 0.0382]), array([0.53735238, 0.0351381 ]), 0.7854, 1.0]
[20, array([0.54  , 0.0382]), array([0.5375   , 0.0351381]), 0.7854, 1.0]
[20, array([0.54  , 0.0382]), array([0.5344    , 0.03528571]), 0.7854, 1.0]
[20, array([0.54  , 0.0382]), array([0.53454762, 0.03528571]), 0.7854, 1.0]
[20, array([0.54  , 0.0382]), array([0.53469524, 0.03528571]), 0.7854, 1.0]
[20, array([0.54  , 0.0382]), array([0.53484286, 0.03528571]), 0.7854, 1.0]
[20, array([0.54  , 0.0382]), array([0.53499048, 0.03528571]), 0.7854, 1.0]
[20, array([0.54  , 0.0382]), array([0.5351381 , 0.03528571]), 0.7854, 1.0]
[20, array([0.54  , 0.0382]), array([0.53528571, 0.03528571]), 0.7854, 1.0]
[20, array([0.54  , 0.0382]), array([0.53543333, 0.03528571]), 0.7854, 1.0]
[20, array([0.54  , 0.0382]), array([0.53558095, 0.03528571]), 0.7854, 1.0]
[20, array([0.54  , 0.0382]), array([0.53572857, 0.03528571]), 0.7854, 1.0]
[20, array([0.54  , 0.0382]), array([0.53587619, 0.03528571]), 0.7854, 1.0]
[20, array([0.54  , 0.0382]), array([0.53602381, 0.03528571]), 0.7854, 1.0]
[20, array([0.54  , 0.0382]), array([0.53617143, 0.03528571]), 0.7854, 1.0]
[20, array([0.54  , 0.0382]), array([0.53631905, 0.03528571]), 0.7854, 1.0]
[20, array([0.54  , 0.0382]), array([0.53646667, 0.03528571]), 0.7854, 1.0]
[20, array([0.54  , 0.0382]), array([0.53661429, 0.03528571]), 0.7854, 1.0]
[20, array([0.54  , 0.0382]), array([0.5367619 , 0.03528571]), 0.7854, 1.0]
[20, array([0.54  , 0.0382]), array([0.53690952, 0.03528571]), 0.7854, 1.0]
[20, array([0.54  , 0.0382]), array([0.53705714, 0.03528571]), 0.7854, 1.0]
[20, array([0.54  , 0.0382]), array([0.53720476, 0.03528571]), 0.7854, 1.0]
[20, array([0.54  , 0.0382]), array([0.53735238, 0.03528571]), 0.7854, 1.0]
[20, array([0.54  , 0.0382]), array([0.5375    , 0.03528571]), 0.7854, 1.0]
[20, array([0.54  , 0.0382]), array([0.5344    , 0.03543333]), 0.7854, 1.0]
[20, array([0.54  , 0.0382]), array([0.53454762, 0.03543333]), 0.7854, 1.0]
[20, array([0.54  , 0.0382]), array([0.53469524, 0.03543333]), 0.7854, 1.0]
[20, array([0.54  , 0.0382]), array([0.53484286, 0.03543333]), 0.7854, 1.0]
[20, array([0.54  , 0.0382]), array([0.53499048, 0.03543333]), 0.7854, 1.0]
[20, array([0.54  , 0.0382]), array([0.5351381 , 0.03543333]), 0.7854, 1.0]
[20, array([0.54  , 0.0382]), array([0.53528571, 0.03543333]), 0.7854, 1.0]
[20, array([0.54  , 0.0382]), array([0.53543333, 0.03543333]), 0.7854, 1.0]
[20, array([0.54  , 0.0382]), array([0.53558095, 0.03543333]), 0.7854, 1.0]
[20, array([0.54  , 0.0382]), array([0.53572857, 0.03543333]), 0.7854, 1.0]
[20, array([0.54  , 0.0382]), array([0.53587619, 0.03543333]), 0.7854, 1.0]
[20, array([0.54  , 0.0382]), array([0.53602381, 0.03543333]), 0.7854, 1.0]
[20, array([0.54  , 0.0382]), array([0.53617143, 0.03543333]), 0.7854, 1.0]
[20, array([0.54  , 0.0382]), array([0.53631905, 0.03543333]), 0.7854, 1.0]
[20, array([0.54  , 0.0382]), array([0.53646667, 0.03543333]), 0.7854, 1.0]
[20, array([0.54  , 0.0382]), array([0.53661429, 0.03543333]), 0.7854, 1.0]
[20, array([0.54  , 0.0382]), array([0.5367619 , 0.03543333]), 0.7854, 1.0]
[20, array([0.54  , 0.0382]), array([0.53690952, 0.03543333]), 0.7854, 1.0]
[20, array([0.54  , 0.0382]), array([0.53705714, 0.03543333]), 0.7854, 1.0]
[20, array([0.54  , 0.0382]), array([0.53720476, 0.03543333]), 0.7854, 1.0]
[20, array([0.54  , 0.0382]), array([0.53735238, 0.03543333]), 0.7854, 1.0]
[20, array([0.54  , 0.0382]), array([0.5375    , 0.03543333]), 0.7854, 1.0]
[20, array([0.54  , 0.0382]), array([0.5344    , 0.03558095]), 0.7854, 1.0]
[20, array([0.54  , 0.0382]), array([0.53454762, 0.03558095]), 0.7854, 1.0]
[20, array([0.54  , 0.0382]), array([0.53469524, 0.03558095]), 0.7854, 1.0]
[20, array([0.54  , 0.0382]), array([0.53484286, 0.03558095]), 0.7854, 1.0]
[20, array([0.54  , 0.0382]), array([0.53499048, 0.03558095]), 0.7854, 1.0]
[20, array([0.54  , 0.0382]), array([0.5351381 , 0.03558095]), 0.7854, 1.0]
[20, array([0.54  , 0.0382]), array([0.53528571, 0.03558095]), 0.7854, 1.0]
[20, array([0.54  , 0.0382]), array([0.53543333, 0.03558095]), 0.7854, 1.0]
[20, array([0.54  , 0.0382]), array([0.53558095, 0.03558095]), 0.7854, 1.0]
[20, array([0.54  , 0.0382]), array([0.53572857, 0.03558095]), 0.7854, 1.0]
[20, array([0.54  , 0.0382]), array([0.53587619, 0.03558095]), 0.7854, 1.0]
[20, array([0.54  , 0.0382]), array([0.53602381, 0.03558095]), 0.7854, 1.0]
[20, array([0.54  , 0.0382]), array([0.53617143, 0.03558095]), 0.7854, 1.0]
[20, array([0.54  , 0.0382]), array([0.53631905, 0.03558095]), 0.7854, 1.0]
[20, array([0.54  , 0.0382]), array([0.53646667, 0.03558095]), 0.7854, 1.0]
[20, array([0.54  , 0.0382]), array([0.53661429, 0.03558095]), 0.7854, 1.0]
[20, array([0.54  , 0.0382]), array([0.5367619 , 0.03558095]), 0.7854, 1.0]
[20, array([0.54  , 0.0382]), array([0.53690952, 0.03558095]), 0.7854, 1.0]
[20, array([0.54  , 0.0382]), array([0.53705714, 0.03558095]), 0.7854, 1.0]
[20, array([0.54  , 0.0382]), array([0.53720476, 0.03558095]), 0.7854, 1.0]
[20, array([0.54  , 0.0382]), array([0.53735238, 0.03558095]), 0.7854, 1.0]
[20, array([0.54  , 0.0382]), array([0.5375    , 0.03558095]), 0.7854, 1.0]
[20, array([0.54  , 0.0382]), array([0.5344    , 0.03572857]), 0.7854, 1.0]
[20, array([0.54  , 0.0382]), array([0.53454762, 0.03572857]), 0.7854, 1.0]
[20, array([0.54  , 0.0382]), array([0.53469524, 0.03572857]), 0.7854, 1.0]
[20, array([0.54  , 0.0382]), array([0.53484286, 0.03572857]), 0.7854, 1.0]
[20, array([0.54  , 0.0382]), array([0.53499048, 0.03572857]), 0.7854, 1.0]
[20, array([0.54  , 0.0382]), array([0.5351381 , 0.03572857]), 0.7854, 1.0]
[20, array([0.54  , 0.0382]), array([0.53528571, 0.03572857]), 0.7854, 1.0]
[20, array([0.54  , 0.0382]), array([0.53543333, 0.03572857]), 0.7854, 1.0]
[20, array([0.54  , 0.0382]), array([0.53558095, 0.03572857]), 0.7854, 1.0]
[20, array([0.54  , 0.0382]), array([0.53572857, 0.03572857]), 0.7854, 1.0]
[20, array([0.54  , 0.0382]), array([0.53587619, 0.03572857]), 0.7854, 1.0]
[20, array([0.54  , 0.0382]), array([0.53602381, 0.03572857]), 0.7854, 1.0]
[20, array([0.54  , 0.0382]), array([0.53617143, 0.03572857]), 0.7854, 1.0]
[20, array([0.54  , 0.0382]), array([0.53631905, 0.03572857]), 0.7854, 1.0]
[20, array([0.54  , 0.0382]), array([0.53646667, 0.03572857]), 0.7854, 1.0]
[20, array([0.54  , 0.0382]), array([0.53661429, 0.03572857]), 0.7854, 1.0]
[20, array([0.54  , 0.0382]), array([0.5367619 , 0.03572857]), 0.7854, 1.0]
[20, array([0.54  , 0.0382]), array([0.53690952, 0.03572857]), 0.7854, 1.0]
[20, array([0.54  , 0.0382]), array([0.53705714, 0.03572857]), 0.7854, 1.0]
[20, array([0.54  , 0.0382]), array([0.53720476, 0.03572857]), 0.7854, 1.0]
[20, array([0.54  , 0.0382]), array([0.53735238, 0.03572857]), 0.7854, 1.0]
[20, array([0.54  , 0.0382]), array([0.5375    , 0.03572857]), 0.7854, 1.0]
[20, array([0.54  , 0.0382]), array([0.5344    , 0.03587619]), 0.7854, 1.0]
[20, array([0.54  , 0.0382]), array([0.53454762, 0.03587619]), 0.7854, 1.0]
[20, array([0.54  , 0.0382]), array([0.53469524, 0.03587619]), 0.7854, 1.0]
[20, array([0.54  , 0.0382]), array([0.53484286, 0.03587619]), 0.7854, 1.0]
[20, array([0.54  , 0.0382]), array([0.53499048, 0.03587619]), 0.7854, 1.0]
[20, array([0.54  , 0.0382]), array([0.5351381 , 0.03587619]), 0.7854, 1.0]
[20, array([0.54  , 0.0382]), array([0.53528571, 0.03587619]), 0.7854, 1.0]
[20, array([0.54  , 0.0382]), array([0.53543333, 0.03587619]), 0.7854, 1.0]
[20, array([0.54  , 0.0382]), array([0.53558095, 0.03587619]), 0.7854, 1.0]
[20, array([0.54  , 0.0382]), array([0.53572857, 0.03587619]), 0.7854, 1.0]
[20, array([0.54  , 0.0382]), array([0.53587619, 0.03587619]), 0.7854, 1.0]
[20, array([0.54  , 0.0382]), array([0.53602381, 0.03587619]), 0.7854, 1.0]
[20, array([0.54  , 0.0382]), array([0.53617143, 0.03587619]), 0.7854, 1.0]
[20, array([0.54  , 0.0382]), array([0.53631905, 0.03587619]), 0.7854, 1.0]
[20, array([0.54  , 0.0382]), array([0.53646667, 0.03587619]), 0.7854, 1.0]
[20, array([0.54  , 0.0382]), array([0.53661429, 0.03587619]), 0.7854, 1.0]
[20, array([0.54  , 0.0382]), array([0.5367619 , 0.03587619]), 0.7854, 1.0]
[20, array([0.54  , 0.0382]), array([0.53690952, 0.03587619]), 0.7854, 1.0]
[20, array([0.54  , 0.0382]), array([0.53705714, 0.03587619]), 0.7854, 1.0]
[20, array([0.54  , 0.0382]), array([0.53720476, 0.03587619]), 0.7854, 1.0]
[20, array([0.54  , 0.0382]), array([0.53735238, 0.03587619]), 0.7854, 1.0]
[20, array([0.54  , 0.0382]), array([0.5375    , 0.03587619]), 0.7854, 1.0]
[20, array([0.54  , 0.0382]), array([0.5344    , 0.03602381]), 0.7854, 1.0]
[20, array([0.54  , 0.0382]), array([0.53454762, 0.03602381]), 0.7854, 1.0]
[20, array([0.54  , 0.0382]), array([0.53469524, 0.03602381]), 0.7854, 1.0]
[20, array([0.54  , 0.0382]), array([0.53484286, 0.03602381]), 0.7854, 1.0]
[20, array([0.54  , 0.0382]), array([0.53499048, 0.03602381]), 0.7854, 1.0]
[20, array([0.54  , 0.0382]), array([0.5351381 , 0.03602381]), 0.7854, 1.0]
[20, array([0.54  , 0.0382]), array([0.53528571, 0.03602381]), 0.7854, 1.0]
[20, array([0.54  , 0.0382]), array([0.53543333, 0.03602381]), 0.7854, 1.0]
[20, array([0.54  , 0.0382]), array([0.53558095, 0.03602381]), 0.7854, 1.0]
[20, array([0.54  , 0.0382]), array([0.53572857, 0.03602381]), 0.7854, 1.0]
[20, array([0.54  , 0.0382]), array([0.53587619, 0.03602381]), 0.7854, 1.0]
[20, array([0.54  , 0.0382]), array([0.53602381, 0.03602381]), 0.7854, 1.0]
[20, array([0.54  , 0.0382]), array([0.53617143, 0.03602381]), 0.7854, 1.0]
[20, array([0.54  , 0.0382]), array([0.53631905, 0.03602381]), 0.7854, 1.0]
[20, array([0.54  , 0.0382]), array([0.53646667, 0.03602381]), 0.7854, 1.0]
[20, array([0.54  , 0.0382]), array([0.53661429, 0.03602381]), 0.7854, 1.0]
[20, array([0.54  , 0.0382]), array([0.5367619 , 0.03602381]), 0.7854, 1.0]
[20, array([0.54  , 0.0382]), array([0.53690952, 0.03602381]), 0.7854, 1.0]
[20, array([0.54  , 0.0382]), array([0.53705714, 0.03602381]), 0.7854, 1.0]
[20, array([0.54  , 0.0382]), array([0.53720476, 0.03602381]), 0.7854, 1.0]
[20, array([0.54  , 0.0382]), array([0.53735238, 0.03602381]), 0.7854, 1.0]
[20, array([0.54  , 0.0382]), array([0.5375    , 0.03602381]), 0.7854, 1.0]
[20, array([0.54  , 0.0382]), array([0.5344    , 0.03617143]), 0.7854, 1.0]
[20, array([0.54  , 0.0382]), array([0.53454762, 0.03617143]), 0.7854, 1.0]
[20, array([0.54  , 0.0382]), array([0.53469524, 0.03617143]), 0.7854, 1.0]
[20, array([0.54  , 0.0382]), array([0.53484286, 0.03617143]), 0.7854, 1.0]
[20, array([0.54  , 0.0382]), array([0.53499048, 0.03617143]), 0.7854, 1.0]
[20, array([0.54  , 0.0382]), array([0.5351381 , 0.03617143]), 0.7854, 1.0]
[20, array([0.54  , 0.0382]), array([0.53528571, 0.03617143]), 0.7854, 1.0]
[20, array([0.54  , 0.0382]), array([0.53543333, 0.03617143]), 0.7854, 1.0]
[20, array([0.54  , 0.0382]), array([0.53558095, 0.03617143]), 0.7854, 1.0]
[20, array([0.54  , 0.0382]), array([0.53572857, 0.03617143]), 0.7854, 1.0]
[20, array([0.54  , 0.0382]), array([0.53587619, 0.03617143]), 0.7854, 1.0]
[20, array([0.54  , 0.0382]), array([0.53602381, 0.03617143]), 0.7854, 1.0]
[20, array([0.54  , 0.0382]), array([0.53617143, 0.03617143]), 0.7854, 1.0]
[20, array([0.54  , 0.0382]), array([0.53631905, 0.03617143]), 0.7854, 1.0]
[20, array([0.54  , 0.0382]), array([0.53646667, 0.03617143]), 0.7854, 1.0]
[20, array([0.54  , 0.0382]), array([0.53661429, 0.03617143]), 0.7854, 1.0]
[20, array([0.54  , 0.0382]), array([0.5367619 , 0.03617143]), 0.7854, 1.0]
[20, array([0.54  , 0.0382]), array([0.53690952, 0.03617143]), 0.7854, 1.0]
[20, array([0.54  , 0.0382]), array([0.53705714, 0.03617143]), 0.7854, 1.0]
[20, array([0.54  , 0.0382]), array([0.53720476, 0.03617143]), 0.7854, 1.0]
[20, array([0.54  , 0.0382]), array([0.53735238, 0.03617143]), 0.7854, 1.0]
[20, array([0.54  , 0.0382]), array([0.5375    , 0.03617143]), 0.7854, 1.0]
[20, array([0.54  , 0.0382]), array([0.5344    , 0.03631905]), 0.7854, 1.0]
[20, array([0.54  , 0.0382]), array([0.53454762, 0.03631905]), 0.7854, 1.0]
[20, array([0.54  , 0.0382]), array([0.53469524, 0.03631905]), 0.7854, 1.0]
[20, array([0.54  , 0.0382]), array([0.53484286, 0.03631905]), 0.7854, 1.0]
[20, array([0.54  , 0.0382]), array([0.53499048, 0.03631905]), 0.7854, 1.0]
[20, array([0.54  , 0.0382]), array([0.5351381 , 0.03631905]), 0.7854, 1.0]
[20, array([0.54  , 0.0382]), array([0.53528571, 0.03631905]), 0.7854, 1.0]
[20, array([0.54  , 0.0382]), array([0.53543333, 0.03631905]), 0.7854, 1.0]
[20, array([0.54  , 0.0382]), array([0.53558095, 0.03631905]), 0.7854, 1.0]
[20, array([0.54  , 0.0382]), array([0.53572857, 0.03631905]), 0.7854, 1.0]
[20, array([0.54  , 0.0382]), array([0.53587619, 0.03631905]), 0.7854, 1.0]
[20, array([0.54  , 0.0382]), array([0.53602381, 0.03631905]), 0.7854, 1.0]
[20, array([0.54  , 0.0382]), array([0.53617143, 0.03631905]), 0.7854, 1.0]
[20, array([0.54  , 0.0382]), array([0.53631905, 0.03631905]), 0.7854, 1.0]
[20, array([0.54  , 0.0382]), array([0.53646667, 0.03631905]), 0.7854, 1.0]
[20, array([0.54  , 0.0382]), array([0.53661429, 0.03631905]), 0.7854, 1.0]
[20, array([0.54  , 0.0382]), array([0.5367619 , 0.03631905]), 0.7854, 1.0]
[20, array([0.54  , 0.0382]), array([0.53690952, 0.03631905]), 0.7854, 1.0]
[20, array([0.54  , 0.0382]), array([0.53705714, 0.03631905]), 0.7854, 1.0]
[20, array([0.54  , 0.0382]), array([0.53720476, 0.03631905]), 0.7854, 1.0]
[20, array([0.54  , 0.0382]), array([0.53735238, 0.03631905]), 0.7854, 1.0]
[20, array([0.54  , 0.0382]), array([0.5375    , 0.03631905]), 0.7854, 1.0]
[20, array([0.54  , 0.0382]), array([0.5344    , 0.03646667]), 0.7854, 1.0]
[20, array([0.54  , 0.0382]), array([0.53454762, 0.03646667]), 0.7854, 1.0]
[20, array([0.54  , 0.0382]), array([0.53469524, 0.03646667]), 0.7854, 1.0]
[20, array([0.54  , 0.0382]), array([0.53484286, 0.03646667]), 0.7854, 1.0]
[20, array([0.54  , 0.0382]), array([0.53499048, 0.03646667]), 0.7854, 1.0]
[20, array([0.54  , 0.0382]), array([0.5351381 , 0.03646667]), 0.7854, 1.0]
[20, array([0.54  , 0.0382]), array([0.53528571, 0.03646667]), 0.7854, 1.0]
[20, array([0.54  , 0.0382]), array([0.53543333, 0.03646667]), 0.7854, 1.0]
[20, array([0.54  , 0.0382]), array([0.53558095, 0.03646667]), 0.7854, 1.0]
[20, array([0.54  , 0.0382]), array([0.53572857, 0.03646667]), 0.7854, 1.0]
[20, array([0.54  , 0.0382]), array([0.53587619, 0.03646667]), 0.7854, 1.0]
[20, array([0.54  , 0.0382]), array([0.53602381, 0.03646667]), 0.7854, 1.0]
[20, array([0.54  , 0.0382]), array([0.53617143, 0.03646667]), 0.7854, 1.0]
[20, array([0.54  , 0.0382]), array([0.53631905, 0.03646667]), 0.7854, 1.0]
[20, array([0.54  , 0.0382]), array([0.53646667, 0.03646667]), 0.7854, 1.0]
[20, array([0.54  , 0.0382]), array([0.53661429, 0.03646667]), 0.7854, 1.0]
[20, array([0.54  , 0.0382]), array([0.5367619 , 0.03646667]), 0.7854, 1.0]
[20, array([0.54  , 0.0382]), array([0.53690952, 0.03646667]), 0.7854, 1.0]
[20, array([0.54  , 0.0382]), array([0.53705714, 0.03646667]), 0.7854, 1.0]
[20, array([0.54  , 0.0382]), array([0.53720476, 0.03646667]), 0.7854, 1.0]
[20, array([0.54  , 0.0382]), array([0.53735238, 0.03646667]), 0.7854, 1.0]
[20, array([0.54  , 0.0382]), array([0.5375    , 0.03646667]), 0.7854, 1.0]
[20, array([0.54  , 0.0382]), array([0.5344    , 0.03661429]), 0.7854, 1.0]
[20, array([0.54  , 0.0382]), array([0.53454762, 0.03661429]), 0.7854, 1.0]
[20, array([0.54  , 0.0382]), array([0.53469524, 0.03661429]), 0.7854, 1.0]
[20, array([0.54  , 0.0382]), array([0.53484286, 0.03661429]), 0.7854, 1.0]
[20, array([0.54  , 0.0382]), array([0.53499048, 0.03661429]), 0.7854, 1.0]
[20, array([0.54  , 0.0382]), array([0.5351381 , 0.03661429]), 0.7854, 1.0]
[20, array([0.54  , 0.0382]), array([0.53528571, 0.03661429]), 0.7854, 1.0]
[20, array([0.54  , 0.0382]), array([0.53543333, 0.03661429]), 0.7854, 1.0]
[20, array([0.54  , 0.0382]), array([0.53558095, 0.03661429]), 0.7854, 1.0]
[20, array([0.54  , 0.0382]), array([0.53572857, 0.03661429]), 0.7854, 1.0]
[20, array([0.54  , 0.0382]), array([0.53587619, 0.03661429]), 0.7854, 1.0]
[20, array([0.54  , 0.0382]), array([0.53602381, 0.03661429]), 0.7854, 1.0]
[20, array([0.54  , 0.0382]), array([0.53617143, 0.03661429]), 0.7854, 1.0]
[20, array([0.54  , 0.0382]), array([0.53631905, 0.03661429]), 0.7854, 1.0]
[20, array([0.54  , 0.0382]), array([0.53646667, 0.03661429]), 0.7854, 1.0]
[20, array([0.54  , 0.0382]), array([0.53661429, 0.03661429]), 0.7854, 1.0]
[20, array([0.54  , 0.0382]), array([0.5367619 , 0.03661429]), 0.7854, 1.0]
[20, array([0.54  , 0.0382]), array([0.53690952, 0.03661429]), 0.7854, 1.0]
[20, array([0.54  , 0.0382]), array([0.53705714, 0.03661429]), 0.7854, 1.0]
[20, array([0.54  , 0.0382]), array([0.53720476, 0.03661429]), 0.7854, 1.0]
[20, array([0.54  , 0.0382]), array([0.53735238, 0.03661429]), 0.7854, 1.0]
[20, array([0.54  , 0.0382]), array([0.5375    , 0.03661429]), 0.7854, 1.0]
[20, array([0.54  , 0.0382]), array([0.5344   , 0.0367619]), 0.7854, 1.0]
[20, array([0.54  , 0.0382]), array([0.53454762, 0.0367619 ]), 0.7854, 1.0]
[20, array([0.54  , 0.0382]), array([0.53469524, 0.0367619 ]), 0.7854, 1.0]
[20, array([0.54  , 0.0382]), array([0.53484286, 0.0367619 ]), 0.7854, 1.0]
[20, array([0.54  , 0.0382]), array([0.53499048, 0.0367619 ]), 0.7854, 1.0]
[20, array([0.54  , 0.0382]), array([0.5351381, 0.0367619]), 0.7854, 1.0]
[20, array([0.54  , 0.0382]), array([0.53528571, 0.0367619 ]), 0.7854, 1.0]
[20, array([0.54  , 0.0382]), array([0.53543333, 0.0367619 ]), 0.7854, 1.0]
[20, array([0.54  , 0.0382]), array([0.53558095, 0.0367619 ]), 0.7854, 1.0]
[20, array([0.54  , 0.0382]), array([0.53572857, 0.0367619 ]), 0.7854, 1.0]
[20, array([0.54  , 0.0382]), array([0.53587619, 0.0367619 ]), 0.7854, 1.0]
[20, array([0.54  , 0.0382]), array([0.53602381, 0.0367619 ]), 0.7854, 1.0]
[20, array([0.54  , 0.0382]), array([0.53617143, 0.0367619 ]), 0.7854, 1.0]
[20, array([0.54  , 0.0382]), array([0.53631905, 0.0367619 ]), 0.7854, 1.0]
[20, array([0.54  , 0.0382]), array([0.53646667, 0.0367619 ]), 0.7854, 1.0]
[20, array([0.54  , 0.0382]), array([0.53661429, 0.0367619 ]), 0.7854, 1.0]
[20, array([0.54  , 0.0382]), array([0.5367619, 0.0367619]), 0.7854, 1.0]
[20, array([0.54  , 0.0382]), array([0.53690952, 0.0367619 ]), 0.7854, 1.0]
[20, array([0.54  , 0.0382]), array([0.53705714, 0.0367619 ]), 0.7854, 1.0]
[20, array([0.54  , 0.0382]), array([0.53720476, 0.0367619 ]), 0.7854, 1.0]
[20, array([0.54  , 0.0382]), array([0.53735238, 0.0367619 ]), 0.7854, 0.0]
[20, array([0.54  , 0.0382]), array([0.5375   , 0.0367619]), 0.7854, 1.0]
[20, array([0.54  , 0.0382]), array([0.5344    , 0.03690952]), 0.7854, 1.0]
[20, array([0.54  , 0.0382]), array([0.53454762, 0.03690952]), 0.7854, 1.0]
[20, array([0.54  , 0.0382]), array([0.53469524, 0.03690952]), 0.7854, 1.0]
[20, array([0.54  , 0.0382]), array([0.53484286, 0.03690952]), 0.7854, 1.0]
[20, array([0.54  , 0.0382]), array([0.53499048, 0.03690952]), 0.7854, 1.0]
[20, array([0.54  , 0.0382]), array([0.5351381 , 0.03690952]), 0.7854, 1.0]
[20, array([0.54  , 0.0382]), array([0.53528571, 0.03690952]), 0.7854, 1.0]
[20, array([0.54  , 0.0382]), array([0.53543333, 0.03690952]), 0.7854, 1.0]
[20, array([0.54  , 0.0382]), array([0.53558095, 0.03690952]), 0.7854, 1.0]
[20, array([0.54  , 0.0382]), array([0.53572857, 0.03690952]), 0.7854, 1.0]
[20, array([0.54  , 0.0382]), array([0.53587619, 0.03690952]), 0.7854, 1.0]
[20, array([0.54  , 0.0382]), array([0.53602381, 0.03690952]), 0.7854, 1.0]
[20, array([0.54  , 0.0382]), array([0.53617143, 0.03690952]), 0.7854, 1.0]
[20, array([0.54  , 0.0382]), array([0.53631905, 0.03690952]), 0.7854, 1.0]
[20, array([0.54  , 0.0382]), array([0.53646667, 0.03690952]), 0.7854, 1.0]
[20, array([0.54  , 0.0382]), array([0.53661429, 0.03690952]), 0.7854, 1.0]
[20, array([0.54  , 0.0382]), array([0.5367619 , 0.03690952]), 0.7854, 1.0]
[20, array([0.54  , 0.0382]), array([0.53690952, 0.03690952]), 0.7854, 0.0]
[20, array([0.54  , 0.0382]), array([0.53705714, 0.03690952]), 0.7854, 1.0]
[20, array([0.54  , 0.0382]), array([0.53720476, 0.03690952]), 0.7854, 1.0]
[20, array([0.54  , 0.0382]), array([0.53735238, 0.03690952]), 0.7854, 1.0]
[20, array([0.54  , 0.0382]), array([0.5375    , 0.03690952]), 0.7854, 1.0]
[20, array([0.54  , 0.0382]), array([0.5344    , 0.03705714]), 0.7854, 1.0]
[20, array([0.54  , 0.0382]), array([0.53454762, 0.03705714]), 0.7854, 1.0]
[20, array([0.54  , 0.0382]), array([0.53469524, 0.03705714]), 0.7854, 1.0]
[20, array([0.54  , 0.0382]), array([0.53484286, 0.03705714]), 0.7854, 1.0]
[20, array([0.54  , 0.0382]), array([0.53499048, 0.03705714]), 0.7854, 1.0]
[20, array([0.54  , 0.0382]), array([0.5351381 , 0.03705714]), 0.7854, 1.0]
[20, array([0.54  , 0.0382]), array([0.53528571, 0.03705714]), 0.7854, 1.0]
[20, array([0.54  , 0.0382]), array([0.53543333, 0.03705714]), 0.7854, 1.0]
[20, array([0.54  , 0.0382]), array([0.53558095, 0.03705714]), 0.7854, 1.0]
[20, array([0.54  , 0.0382]), array([0.53572857, 0.03705714]), 0.7854, 1.0]
[20, array([0.54  , 0.0382]), array([0.53587619, 0.03705714]), 0.7854, 1.0]
[20, array([0.54  , 0.0382]), array([0.53602381, 0.03705714]), 0.7854, 1.0]
[20, array([0.54  , 0.0382]), array([0.53617143, 0.03705714]), 0.7854, 1.0]
[20, array([0.54  , 0.0382]), array([0.53631905, 0.03705714]), 0.7854, 1.0]
[20, array([0.54  , 0.0382]), array([0.53646667, 0.03705714]), 0.7854, 1.0]
[20, array([0.54  , 0.0382]), array([0.53661429, 0.03705714]), 0.7854, 1.0]
[20, array([0.54  , 0.0382]), array([0.5367619 , 0.03705714]), 0.7854, 1.0]
[20, array([0.54  , 0.0382]), array([0.53690952, 0.03705714]), 0.7854, 1.0]
[20, array([0.54  , 0.0382]), array([0.53705714, 0.03705714]), 0.7854, 1.0]
[20, array([0.54  , 0.0382]), array([0.53720476, 0.03705714]), 0.7854, 1.0]
[20, array([0.54  , 0.0382]), array([0.53735238, 0.03705714]), 0.7854, 1.0]
[20, array([0.54  , 0.0382]), array([0.5375    , 0.03705714]), 0.7854, 1.0]
[20, array([0.54  , 0.0382]), array([0.5344    , 0.03720476]), 0.7854, 1.0]
[20, array([0.54  , 0.0382]), array([0.53454762, 0.03720476]), 0.7854, 1.0]
[20, array([0.54  , 0.0382]), array([0.53469524, 0.03720476]), 0.7854, 0.0]
[20, array([0.54  , 0.0382]), array([0.53484286, 0.03720476]), 0.7854, 1.0]
[20, array([0.54  , 0.0382]), array([0.53499048, 0.03720476]), 0.7854, 1.0]
[20, array([0.54  , 0.0382]), array([0.5351381 , 0.03720476]), 0.7854, 1.0]
[20, array([0.54  , 0.0382]), array([0.53528571, 0.03720476]), 0.7854, 1.0]
[20, array([0.54  , 0.0382]), array([0.53543333, 0.03720476]), 0.7854, 1.0]
[20, array([0.54  , 0.0382]), array([0.53558095, 0.03720476]), 0.7854, 1.0]
[20, array([0.54  , 0.0382]), array([0.53572857, 0.03720476]), 0.7854, 1.0]
[20, array([0.54  , 0.0382]), array([0.53587619, 0.03720476]), 0.7854, 1.0]
[20, array([0.54  , 0.0382]), array([0.53602381, 0.03720476]), 0.7854, 1.0]
[20, array([0.54  , 0.0382]), array([0.53617143, 0.03720476]), 0.7854, 0.0]
[20, array([0.54  , 0.0382]), array([0.53631905, 0.03720476]), 0.7854, 1.0]
[20, array([0.54  , 0.0382]), array([0.53646667, 0.03720476]), 0.7854, 1.0]
[20, array([0.54  , 0.0382]), array([0.53661429, 0.03720476]), 0.7854, 1.0]
[20, array([0.54  , 0.0382]), array([0.5367619 , 0.03720476]), 0.7854, 1.0]
[20, array([0.54  , 0.0382]), array([0.53690952, 0.03720476]), 0.7854, 0.0]
[20, array([0.54  , 0.0382]), array([0.53705714, 0.03720476]), 0.7854, 1.0]
[20, array([0.54  , 0.0382]), array([0.53720476, 0.03720476]), 0.7854, 1.0]
[20, array([0.54  , 0.0382]), array([0.53735238, 0.03720476]), 0.7854, 1.0]
[20, array([0.54  , 0.0382]), array([0.5375    , 0.03720476]), 0.7854, 0.0]
[20, array([0.54  , 0.0382]), array([0.5344    , 0.03735238]), 0.7854, 1.0]
[20, array([0.54  , 0.0382]), array([0.53454762, 0.03735238]), 0.7854, 0.0]
[20, array([0.54  , 0.0382]), array([0.53469524, 0.03735238]), 0.7854, 0.0]
[20, array([0.54  , 0.0382]), array([0.53484286, 0.03735238]), 0.7854, 0.0]
[20, array([0.54  , 0.0382]), array([0.53499048, 0.03735238]), 0.7854, 0.0]
[20, array([0.54  , 0.0382]), array([0.5351381 , 0.03735238]), 0.7854, 1.0]
[20, array([0.54  , 0.0382]), array([0.53528571, 0.03735238]), 0.7854, 1.0]
[20, array([0.54  , 0.0382]), array([0.53543333, 0.03735238]), 0.7854, 1.0]
[20, array([0.54  , 0.0382]), array([0.53558095, 0.03735238]), 0.7854, 1.0]
[20, array([0.54  , 0.0382]), array([0.53572857, 0.03735238]), 0.7854, 1.0]
[20, array([0.54  , 0.0382]), array([0.53587619, 0.03735238]), 0.7854, 1.0]
[20, array([0.54  , 0.0382]), array([0.53602381, 0.03735238]), 0.7854, 1.0]
[20, array([0.54  , 0.0382]), array([0.53617143, 0.03735238]), 0.7854, 1.0]
[20, array([0.54  , 0.0382]), array([0.53631905, 0.03735238]), 0.7854, 1.0]
[20, array([0.54  , 0.0382]), array([0.53646667, 0.03735238]), 0.7854, 1.0]
[20, array([0.54  , 0.0382]), array([0.53661429, 0.03735238]), 0.7854, 0.0]
[20, array([0.54  , 0.0382]), array([0.5367619 , 0.03735238]), 0.7854, 1.0]
[20, array([0.54  , 0.0382]), array([0.53690952, 0.03735238]), 0.7854, 1.0]
[20, array([0.54  , 0.0382]), array([0.53705714, 0.03735238]), 0.7854, 1.0]
[20, array([0.54  , 0.0382]), array([0.53720476, 0.03735238]), 0.7854, 0.0]
[20, array([0.54  , 0.0382]), array([0.53735238, 0.03735238]), 0.7854, 1.0]
[20, array([0.54  , 0.0382]), array([0.5375    , 0.03735238]), 0.7854, 1.0]
[20, array([0.54  , 0.0382]), array([0.5344, 0.0375]), 0.7854, 0.0]
[20, array([0.54  , 0.0382]), array([0.53454762, 0.0375    ]), 0.7854, 0.0]
[20, array([0.54  , 0.0382]), array([0.53469524, 0.0375    ]), 0.7854, 0.0]
[20, array([0.54  , 0.0382]), array([0.53484286, 0.0375    ]), 0.7854, 0.0]
[20, array([0.54  , 0.0382]), array([0.53499048, 0.0375    ]), 0.7854, 0.0]
[20, array([0.54  , 0.0382]), array([0.5351381, 0.0375   ]), 0.7854, 0.0]
[20, array([0.54  , 0.0382]), array([0.53528571, 0.0375    ]), 0.7854, 1.0]
[20, array([0.54  , 0.0382]), array([0.53543333, 0.0375    ]), 0.7854, 1.0]
[20, array([0.54  , 0.0382]), array([0.53558095, 0.0375    ]), 0.7854, 1.0]
[20, array([0.54  , 0.0382]), array([0.53572857, 0.0375    ]), 0.7854, 1.0]
[20, array([0.54  , 0.0382]), array([0.53587619, 0.0375    ]), 0.7854, 1.0]
[20, array([0.54  , 0.0382]), array([0.53602381, 0.0375    ]), 0.7854, 1.0]
[20, array([0.54  , 0.0382]), array([0.53617143, 0.0375    ]), 0.7854, 1.0]
[20, array([0.54  , 0.0382]), array([0.53631905, 0.0375    ]), 0.7854, 1.0]
[20, array([0.54  , 0.0382]), array([0.53646667, 0.0375    ]), 0.7854, 1.0]
[20, array([0.54  , 0.0382]), array([0.53661429, 0.0375    ]), 0.7854, 1.0]
[20, array([0.54  , 0.0382]), array([0.5367619, 0.0375   ]), 0.7854, 1.0]
[20, array([0.54  , 0.0382]), array([0.53690952, 0.0375    ]), 0.7854, 1.0]
[20, array([0.54  , 0.0382]), array([0.53705714, 0.0375    ]), 0.7854, 1.0]
[20, array([0.54  , 0.0382]), array([0.53720476, 0.0375    ]), 0.7854, 1.0]
[20, array([0.54  , 0.0382]), array([0.53735238, 0.0375    ]), 0.7854, 0.0]
[20, array([0.54  , 0.0382]), array([0.5375, 0.0375]), 0.7854, 0.0]
[20, array([ 5.0653e-01, -4.2140e-04]), array([ 0.4969, -0.0062]), 0.7854, 1.0]
[20, array([ 5.0653e-01, -4.2140e-04]), array([ 0.49719524, -0.0062    ]), 0.7854, 1.0]
[20, array([ 5.0653e-01, -4.2140e-04]), array([ 0.49749048, -0.0062    ]), 0.7854, 1.0]
[20, array([ 5.0653e-01, -4.2140e-04]), array([ 0.49778571, -0.0062    ]), 0.7854, 1.0]
[20, array([ 5.0653e-01, -4.2140e-04]), array([ 0.49808095, -0.0062    ]), 0.7854, 1.0]
[20, array([ 5.0653e-01, -4.2140e-04]), array([ 0.49837619, -0.0062    ]), 0.7854, 1.0]
[20, array([ 5.0653e-01, -4.2140e-04]), array([ 0.49867143, -0.0062    ]), 0.7854, 1.0]
[20, array([ 5.0653e-01, -4.2140e-04]), array([ 0.49896667, -0.0062    ]), 0.7854, 1.0]
[20, array([ 5.0653e-01, -4.2140e-04]), array([ 0.4992619, -0.0062   ]), 0.7854, 1.0]
[20, array([ 5.0653e-01, -4.2140e-04]), array([ 0.49955714, -0.0062    ]), 0.7854, 1.0]
[20, array([ 5.0653e-01, -4.2140e-04]), array([ 0.49985238, -0.0062    ]), 0.7854, 1.0]
[20, array([ 5.0653e-01, -4.2140e-04]), array([ 0.50014762, -0.0062    ]), 0.7854, 1.0]
[20, array([ 5.0653e-01, -4.2140e-04]), array([ 0.50044286, -0.0062    ]), 0.7854, 1.0]
[20, array([ 5.0653e-01, -4.2140e-04]), array([ 0.5007381, -0.0062   ]), 0.7854, 0.0]
[20, array([ 5.0653e-01, -4.2140e-04]), array([ 0.50103333, -0.0062    ]), 0.7854, 0.0]
[20, array([ 5.0653e-01, -4.2140e-04]), array([ 0.50132857, -0.0062    ]), 0.7854, 1.0]
[20, array([ 5.0653e-01, -4.2140e-04]), array([ 0.50162381, -0.0062    ]), 0.7854, 0.0]
[20, array([ 5.0653e-01, -4.2140e-04]), array([ 0.50191905, -0.0062    ]), 0.7854, 1.0]
[20, array([ 5.0653e-01, -4.2140e-04]), array([ 0.50221429, -0.0062    ]), 0.7854, 0.0]
[20, array([ 5.0653e-01, -4.2140e-04]), array([ 0.50250952, -0.0062    ]), 0.7854, 0.0]
[20, array([ 5.0653e-01, -4.2140e-04]), array([ 0.50280476, -0.0062    ]), 0.7854, 1.0]
[20, array([ 5.0653e-01, -4.2140e-04]), array([ 0.5031, -0.0062]), 0.7854, 0.0]
[20, array([ 5.0653e-01, -4.2140e-04]), array([ 0.4969    , -0.00590476]), 0.7854, 1.0]
[20, array([ 5.0653e-01, -4.2140e-04]), array([ 0.49719524, -0.00590476]), 0.7854, 1.0]
[20, array([ 5.0653e-01, -4.2140e-04]), array([ 0.49749048, -0.00590476]), 0.7854, 1.0]
[20, array([ 5.0653e-01, -4.2140e-04]), array([ 0.49778571, -0.00590476]), 0.7854, 1.0]
[20, array([ 5.0653e-01, -4.2140e-04]), array([ 0.49808095, -0.00590476]), 0.7854, 1.0]
[20, array([ 5.0653e-01, -4.2140e-04]), array([ 0.49837619, -0.00590476]), 0.7854, 1.0]
[20, array([ 5.0653e-01, -4.2140e-04]), array([ 0.49867143, -0.00590476]), 0.7854, 1.0]
[20, array([ 5.0653e-01, -4.2140e-04]), array([ 0.49896667, -0.00590476]), 0.7854, 1.0]
[20, array([ 5.0653e-01, -4.2140e-04]), array([ 0.4992619 , -0.00590476]), 0.7854, 1.0]
[20, array([ 5.0653e-01, -4.2140e-04]), array([ 0.49955714, -0.00590476]), 0.7854, 1.0]
[20, array([ 5.0653e-01, -4.2140e-04]), array([ 0.49985238, -0.00590476]), 0.7854, 1.0]
[20, array([ 5.0653e-01, -4.2140e-04]), array([ 0.50014762, -0.00590476]), 0.7854, 1.0]
[20, array([ 5.0653e-01, -4.2140e-04]), array([ 0.50044286, -0.00590476]), 0.7854, 1.0]
[20, array([ 5.0653e-01, -4.2140e-04]), array([ 0.5007381 , -0.00590476]), 0.7854, 1.0]
[20, array([ 5.0653e-01, -4.2140e-04]), array([ 0.50103333, -0.00590476]), 0.7854, 1.0]
[20, array([ 5.0653e-01, -4.2140e-04]), array([ 0.50132857, -0.00590476]), 0.7854, 0.0]
[20, array([ 5.0653e-01, -4.2140e-04]), array([ 0.50162381, -0.00590476]), 0.7854, 0.0]
[20, array([ 5.0653e-01, -4.2140e-04]), array([ 0.50191905, -0.00590476]), 0.7854, 0.0]
[20, array([ 5.0653e-01, -4.2140e-04]), array([ 0.50221429, -0.00590476]), 0.7854, 0.0]
[20, array([ 5.0653e-01, -4.2140e-04]), array([ 0.50250952, -0.00590476]), 0.7854, 0.0]
[20, array([ 5.0653e-01, -4.2140e-04]), array([ 0.50280476, -0.00590476]), 0.7854, 0.0]
[20, array([ 5.0653e-01, -4.2140e-04]), array([ 0.5031    , -0.00590476]), 0.7854, 0.0]
[20, array([ 5.0653e-01, -4.2140e-04]), array([ 0.4969    , -0.00560952]), 0.7854, 1.0]
[20, array([ 5.0653e-01, -4.2140e-04]), array([ 0.49719524, -0.00560952]), 0.7854, 1.0]
[20, array([ 5.0653e-01, -4.2140e-04]), array([ 0.49749048, -0.00560952]), 0.7854, 1.0]
[20, array([ 5.0653e-01, -4.2140e-04]), array([ 0.49778571, -0.00560952]), 0.7854, 1.0]
[20, array([ 5.0653e-01, -4.2140e-04]), array([ 0.49808095, -0.00560952]), 0.7854, 1.0]
[20, array([ 5.0653e-01, -4.2140e-04]), array([ 0.49837619, -0.00560952]), 0.7854, 1.0]
[20, array([ 5.0653e-01, -4.2140e-04]), array([ 0.49867143, -0.00560952]), 0.7854, 1.0]
[20, array([ 5.0653e-01, -4.2140e-04]), array([ 0.49896667, -0.00560952]), 0.7854, 1.0]
[20, array([ 5.0653e-01, -4.2140e-04]), array([ 0.4992619 , -0.00560952]), 0.7854, 1.0]
[20, array([ 5.0653e-01, -4.2140e-04]), array([ 0.49955714, -0.00560952]), 0.7854, 1.0]
[20, array([ 5.0653e-01, -4.2140e-04]), array([ 0.49985238, -0.00560952]), 0.7854, 1.0]
[20, array([ 5.0653e-01, -4.2140e-04]), array([ 0.50014762, -0.00560952]), 0.7854, 1.0]
[20, array([ 5.0653e-01, -4.2140e-04]), array([ 0.50044286, -0.00560952]), 0.7854, 1.0]
[20, array([ 5.0653e-01, -4.2140e-04]), array([ 0.5007381 , -0.00560952]), 0.7854, 1.0]
[20, array([ 5.0653e-01, -4.2140e-04]), array([ 0.50103333, -0.00560952]), 0.7854, 1.0]
[20, array([ 5.0653e-01, -4.2140e-04]), array([ 0.50132857, -0.00560952]), 0.7854, 1.0]
[20, array([ 5.0653e-01, -4.2140e-04]), array([ 0.50162381, -0.00560952]), 0.7854, 1.0]
[20, array([ 5.0653e-01, -4.2140e-04]), array([ 0.50191905, -0.00560952]), 0.7854, 1.0]
[20, array([ 5.0653e-01, -4.2140e-04]), array([ 0.50221429, -0.00560952]), 0.7854, 1.0]
[20, array([ 5.0653e-01, -4.2140e-04]), array([ 0.50250952, -0.00560952]), 0.7854, 1.0]
[20, array([ 5.0653e-01, -4.2140e-04]), array([ 0.50280476, -0.00560952]), 0.7854, 1.0]
[20, array([ 5.0653e-01, -4.2140e-04]), array([ 0.5031    , -0.00560952]), 0.7854, 1.0]
[20, array([ 5.0653e-01, -4.2140e-04]), array([ 0.4969    , -0.00531429]), 0.7854, 1.0]
[20, array([ 5.0653e-01, -4.2140e-04]), array([ 0.49719524, -0.00531429]), 0.7854, 1.0]
[20, array([ 5.0653e-01, -4.2140e-04]), array([ 0.49749048, -0.00531429]), 0.7854, 1.0]
[20, array([ 5.0653e-01, -4.2140e-04]), array([ 0.49778571, -0.00531429]), 0.7854, 1.0]
[20, array([ 5.0653e-01, -4.2140e-04]), array([ 0.49808095, -0.00531429]), 0.7854, 1.0]
[20, array([ 5.0653e-01, -4.2140e-04]), array([ 0.49837619, -0.00531429]), 0.7854, 1.0]
[20, array([ 5.0653e-01, -4.2140e-04]), array([ 0.49867143, -0.00531429]), 0.7854, 1.0]
[20, array([ 5.0653e-01, -4.2140e-04]), array([ 0.49896667, -0.00531429]), 0.7854, 1.0]
[20, array([ 5.0653e-01, -4.2140e-04]), array([ 0.4992619 , -0.00531429]), 0.7854, 1.0]
[20, array([ 5.0653e-01, -4.2140e-04]), array([ 0.49955714, -0.00531429]), 0.7854, 1.0]
[20, array([ 5.0653e-01, -4.2140e-04]), array([ 0.49985238, -0.00531429]), 0.7854, 1.0]
[20, array([ 5.0653e-01, -4.2140e-04]), array([ 0.50014762, -0.00531429]), 0.7854, 1.0]
[20, array([ 5.0653e-01, -4.2140e-04]), array([ 0.50044286, -0.00531429]), 0.7854, 1.0]
[20, array([ 5.0653e-01, -4.2140e-04]), array([ 0.5007381 , -0.00531429]), 0.7854, 1.0]
[20, array([ 5.0653e-01, -4.2140e-04]), array([ 0.50103333, -0.00531429]), 0.7854, 1.0]
[20, array([ 5.0653e-01, -4.2140e-04]), array([ 0.50132857, -0.00531429]), 0.7854, 1.0]
[20, array([ 5.0653e-01, -4.2140e-04]), array([ 0.50162381, -0.00531429]), 0.7854, 1.0]
[20, array([ 5.0653e-01, -4.2140e-04]), array([ 0.50191905, -0.00531429]), 0.7854, 1.0]
[20, array([ 5.0653e-01, -4.2140e-04]), array([ 0.50221429, -0.00531429]), 0.7854, 1.0]
[20, array([ 5.0653e-01, -4.2140e-04]), array([ 0.50250952, -0.00531429]), 0.7854, 1.0]
[20, array([ 5.0653e-01, -4.2140e-04]), array([ 0.50280476, -0.00531429]), 0.7854, 0.0]
[20, array([ 5.0653e-01, -4.2140e-04]), array([ 0.5031    , -0.00531429]), 0.7854, 0.0]
[20, array([ 5.0653e-01, -4.2140e-04]), array([ 0.4969    , -0.00501905]), 0.7854, 0.0]
[20, array([ 5.0653e-01, -4.2140e-04]), array([ 0.49719524, -0.00501905]), 0.7854, 1.0]
[20, array([ 5.0653e-01, -4.2140e-04]), array([ 0.49749048, -0.00501905]), 0.7854, 1.0]
[20, array([ 5.0653e-01, -4.2140e-04]), array([ 0.49778571, -0.00501905]), 0.7854, 1.0]
[20, array([ 5.0653e-01, -4.2140e-04]), array([ 0.49808095, -0.00501905]), 0.7854, 1.0]
[20, array([ 5.0653e-01, -4.2140e-04]), array([ 0.49837619, -0.00501905]), 0.7854, 1.0]
[20, array([ 5.0653e-01, -4.2140e-04]), array([ 0.49867143, -0.00501905]), 0.7854, 1.0]
[20, array([ 5.0653e-01, -4.2140e-04]), array([ 0.49896667, -0.00501905]), 0.7854, 1.0]
[20, array([ 5.0653e-01, -4.2140e-04]), array([ 0.4992619 , -0.00501905]), 0.7854, 1.0]
[20, array([ 5.0653e-01, -4.2140e-04]), array([ 0.49955714, -0.00501905]), 0.7854, 1.0]
[20, array([ 5.0653e-01, -4.2140e-04]), array([ 0.49985238, -0.00501905]), 0.7854, 1.0]
[20, array([ 5.0653e-01, -4.2140e-04]), array([ 0.50014762, -0.00501905]), 0.7854, 1.0]
[20, array([ 5.0653e-01, -4.2140e-04]), array([ 0.50044286, -0.00501905]), 0.7854, 1.0]
[20, array([ 5.0653e-01, -4.2140e-04]), array([ 0.5007381 , -0.00501905]), 0.7854, 1.0]
[20, array([ 5.0653e-01, -4.2140e-04]), array([ 0.50103333, -0.00501905]), 0.7854, 1.0]
[20, array([ 5.0653e-01, -4.2140e-04]), array([ 0.50132857, -0.00501905]), 0.7854, 1.0]
[20, array([ 5.0653e-01, -4.2140e-04]), array([ 0.50162381, -0.00501905]), 0.7854, 1.0]
[20, array([ 5.0653e-01, -4.2140e-04]), array([ 0.50191905, -0.00501905]), 0.7854, 1.0]
[20, array([ 5.0653e-01, -4.2140e-04]), array([ 0.50221429, -0.00501905]), 0.7854, 1.0]
[20, array([ 5.0653e-01, -4.2140e-04]), array([ 0.50250952, -0.00501905]), 0.7854, 1.0]
[20, array([ 5.0653e-01, -4.2140e-04]), array([ 0.50280476, -0.00501905]), 0.7854, 1.0]
[20, array([ 5.0653e-01, -4.2140e-04]), array([ 0.5031    , -0.00501905]), 0.7854, 1.0]
[20, array([ 5.0653e-01, -4.2140e-04]), array([ 0.4969    , -0.00472381]), 0.7854, 1.0]
[20, array([ 5.0653e-01, -4.2140e-04]), array([ 0.49719524, -0.00472381]), 0.7854, 1.0]
[20, array([ 5.0653e-01, -4.2140e-04]), array([ 0.49749048, -0.00472381]), 0.7854, 1.0]
[20, array([ 5.0653e-01, -4.2140e-04]), array([ 0.49778571, -0.00472381]), 0.7854, 1.0]
[20, array([ 5.0653e-01, -4.2140e-04]), array([ 0.49808095, -0.00472381]), 0.7854, 1.0]
[20, array([ 5.0653e-01, -4.2140e-04]), array([ 0.49837619, -0.00472381]), 0.7854, 1.0]
[20, array([ 5.0653e-01, -4.2140e-04]), array([ 0.49867143, -0.00472381]), 0.7854, 1.0]
[20, array([ 5.0653e-01, -4.2140e-04]), array([ 0.49896667, -0.00472381]), 0.7854, 1.0]
[20, array([ 5.0653e-01, -4.2140e-04]), array([ 0.4992619 , -0.00472381]), 0.7854, 1.0]
[20, array([ 5.0653e-01, -4.2140e-04]), array([ 0.49955714, -0.00472381]), 0.7854, 1.0]
[20, array([ 5.0653e-01, -4.2140e-04]), array([ 0.49985238, -0.00472381]), 0.7854, 1.0]
[20, array([ 5.0653e-01, -4.2140e-04]), array([ 0.50014762, -0.00472381]), 0.7854, 1.0]
[20, array([ 5.0653e-01, -4.2140e-04]), array([ 0.50044286, -0.00472381]), 0.7854, 1.0]
[20, array([ 5.0653e-01, -4.2140e-04]), array([ 0.5007381 , -0.00472381]), 0.7854, 1.0]
[20, array([ 5.0653e-01, -4.2140e-04]), array([ 0.50103333, -0.00472381]), 0.7854, 1.0]
[20, array([ 5.0653e-01, -4.2140e-04]), array([ 0.50132857, -0.00472381]), 0.7854, 1.0]
[20, array([ 5.0653e-01, -4.2140e-04]), array([ 0.50162381, -0.00472381]), 0.7854, 1.0]
[20, array([ 5.0653e-01, -4.2140e-04]), array([ 0.50191905, -0.00472381]), 0.7854, 1.0]
[20, array([ 5.0653e-01, -4.2140e-04]), array([ 0.50221429, -0.00472381]), 0.7854, 1.0]
[20, array([ 5.0653e-01, -4.2140e-04]), array([ 0.50250952, -0.00472381]), 0.7854, 1.0]
[20, array([ 5.0653e-01, -4.2140e-04]), array([ 0.50280476, -0.00472381]), 0.7854, 1.0]
[20, array([ 5.0653e-01, -4.2140e-04]), array([ 0.5031    , -0.00472381]), 0.7854, 1.0]
[20, array([ 5.0653e-01, -4.2140e-04]), array([ 0.4969    , -0.00442857]), 0.7854, 1.0]
[20, array([ 5.0653e-01, -4.2140e-04]), array([ 0.49719524, -0.00442857]), 0.7854, 1.0]
[20, array([ 5.0653e-01, -4.2140e-04]), array([ 0.49749048, -0.00442857]), 0.7854, 1.0]
[20, array([ 5.0653e-01, -4.2140e-04]), array([ 0.49778571, -0.00442857]), 0.7854, 1.0]
[20, array([ 5.0653e-01, -4.2140e-04]), array([ 0.49808095, -0.00442857]), 0.7854, 1.0]
[20, array([ 5.0653e-01, -4.2140e-04]), array([ 0.49837619, -0.00442857]), 0.7854, 1.0]
[20, array([ 5.0653e-01, -4.2140e-04]), array([ 0.49867143, -0.00442857]), 0.7854, 1.0]
[20, array([ 5.0653e-01, -4.2140e-04]), array([ 0.49896667, -0.00442857]), 0.7854, 1.0]
[20, array([ 5.0653e-01, -4.2140e-04]), array([ 0.4992619 , -0.00442857]), 0.7854, 1.0]
[20, array([ 5.0653e-01, -4.2140e-04]), array([ 0.49955714, -0.00442857]), 0.7854, 1.0]
[20, array([ 5.0653e-01, -4.2140e-04]), array([ 0.49985238, -0.00442857]), 0.7854, 1.0]
[20, array([ 5.0653e-01, -4.2140e-04]), array([ 0.50014762, -0.00442857]), 0.7854, 1.0]
[20, array([ 5.0653e-01, -4.2140e-04]), array([ 0.50044286, -0.00442857]), 0.7854, 1.0]
[20, array([ 5.0653e-01, -4.2140e-04]), array([ 0.5007381 , -0.00442857]), 0.7854, 1.0]
[20, array([ 5.0653e-01, -4.2140e-04]), array([ 0.50103333, -0.00442857]), 0.7854, 1.0]
[20, array([ 5.0653e-01, -4.2140e-04]), array([ 0.50132857, -0.00442857]), 0.7854, 1.0]
[20, array([ 5.0653e-01, -4.2140e-04]), array([ 0.50162381, -0.00442857]), 0.7854, 1.0]
[20, array([ 5.0653e-01, -4.2140e-04]), array([ 0.50191905, -0.00442857]), 0.7854, 1.0]
[20, array([ 5.0653e-01, -4.2140e-04]), array([ 0.50221429, -0.00442857]), 0.7854, 1.0]
[20, array([ 5.0653e-01, -4.2140e-04]), array([ 0.50250952, -0.00442857]), 0.7854, 1.0]
[20, array([ 5.0653e-01, -4.2140e-04]), array([ 0.50280476, -0.00442857]), 0.7854, 1.0]
[20, array([ 5.0653e-01, -4.2140e-04]), array([ 0.5031    , -0.00442857]), 0.7854, 1.0]
[20, array([ 5.0653e-01, -4.2140e-04]), array([ 0.4969    , -0.00413333]), 0.7854, 0.0]
[20, array([ 5.0653e-01, -4.2140e-04]), array([ 0.49719524, -0.00413333]), 0.7854, 1.0]
[20, array([ 5.0653e-01, -4.2140e-04]), array([ 0.49749048, -0.00413333]), 0.7854, 1.0]
[20, array([ 5.0653e-01, -4.2140e-04]), array([ 0.49778571, -0.00413333]), 0.7854, 0.0]
[20, array([ 5.0653e-01, -4.2140e-04]), array([ 0.49808095, -0.00413333]), 0.7854, 1.0]
[20, array([ 5.0653e-01, -4.2140e-04]), array([ 0.49837619, -0.00413333]), 0.7854, 1.0]
[20, array([ 5.0653e-01, -4.2140e-04]), array([ 0.49867143, -0.00413333]), 0.7854, 1.0]
[20, array([ 5.0653e-01, -4.2140e-04]), array([ 0.49896667, -0.00413333]), 0.7854, 1.0]
[20, array([ 5.0653e-01, -4.2140e-04]), array([ 0.4992619 , -0.00413333]), 0.7854, 1.0]
[20, array([ 5.0653e-01, -4.2140e-04]), array([ 0.49955714, -0.00413333]), 0.7854, 1.0]
[20, array([ 5.0653e-01, -4.2140e-04]), array([ 0.49985238, -0.00413333]), 0.7854, 1.0]
[20, array([ 5.0653e-01, -4.2140e-04]), array([ 0.50014762, -0.00413333]), 0.7854, 1.0]
[20, array([ 5.0653e-01, -4.2140e-04]), array([ 0.50044286, -0.00413333]), 0.7854, 1.0]
[20, array([ 5.0653e-01, -4.2140e-04]), array([ 0.5007381 , -0.00413333]), 0.7854, 1.0]
[20, array([ 5.0653e-01, -4.2140e-04]), array([ 0.50103333, -0.00413333]), 0.7854, 1.0]
[20, array([ 5.0653e-01, -4.2140e-04]), array([ 0.50132857, -0.00413333]), 0.7854, 1.0]
[20, array([ 5.0653e-01, -4.2140e-04]), array([ 0.50162381, -0.00413333]), 0.7854, 1.0]
[20, array([ 5.0653e-01, -4.2140e-04]), array([ 0.50191905, -0.00413333]), 0.7854, 1.0]
[20, array([ 5.0653e-01, -4.2140e-04]), array([ 0.50221429, -0.00413333]), 0.7854, 1.0]
[20, array([ 5.0653e-01, -4.2140e-04]), array([ 0.50250952, -0.00413333]), 0.7854, 1.0]
[20, array([ 5.0653e-01, -4.2140e-04]), array([ 0.50280476, -0.00413333]), 0.7854, 1.0]
[20, array([ 5.0653e-01, -4.2140e-04]), array([ 0.5031    , -0.00413333]), 0.7854, 1.0]
[20, array([ 5.0653e-01, -4.2140e-04]), array([ 0.4969   , -0.0038381]), 0.7854, 0.0]
[20, array([ 5.0653e-01, -4.2140e-04]), array([ 0.49719524, -0.0038381 ]), 0.7854, 1.0]
[20, array([ 5.0653e-01, -4.2140e-04]), array([ 0.49749048, -0.0038381 ]), 0.7854, 1.0]
[20, array([ 5.0653e-01, -4.2140e-04]), array([ 0.49778571, -0.0038381 ]), 0.7854, 0.0]
[20, array([ 5.0653e-01, -4.2140e-04]), array([ 0.49808095, -0.0038381 ]), 0.7854, 1.0]
[20, array([ 5.0653e-01, -4.2140e-04]), array([ 0.49837619, -0.0038381 ]), 0.7854, 1.0]
[20, array([ 5.0653e-01, -4.2140e-04]), array([ 0.49867143, -0.0038381 ]), 0.7854, 1.0]
[20, array([ 5.0653e-01, -4.2140e-04]), array([ 0.49896667, -0.0038381 ]), 0.7854, 1.0]
[20, array([ 5.0653e-01, -4.2140e-04]), array([ 0.4992619, -0.0038381]), 0.7854, 1.0]
[20, array([ 5.0653e-01, -4.2140e-04]), array([ 0.49955714, -0.0038381 ]), 0.7854, 1.0]
[20, array([ 5.0653e-01, -4.2140e-04]), array([ 0.49985238, -0.0038381 ]), 0.7854, 1.0]
[20, array([ 5.0653e-01, -4.2140e-04]), array([ 0.50014762, -0.0038381 ]), 0.7854, 1.0]
[20, array([ 5.0653e-01, -4.2140e-04]), array([ 0.50044286, -0.0038381 ]), 0.7854, 1.0]
[20, array([ 5.0653e-01, -4.2140e-04]), array([ 0.5007381, -0.0038381]), 0.7854, 1.0]
[20, array([ 5.0653e-01, -4.2140e-04]), array([ 0.50103333, -0.0038381 ]), 0.7854, 1.0]
[20, array([ 5.0653e-01, -4.2140e-04]), array([ 0.50132857, -0.0038381 ]), 0.7854, 1.0]
[20, array([ 5.0653e-01, -4.2140e-04]), array([ 0.50162381, -0.0038381 ]), 0.7854, 1.0]
[20, array([ 5.0653e-01, -4.2140e-04]), array([ 0.50191905, -0.0038381 ]), 0.7854, 1.0]
[20, array([ 5.0653e-01, -4.2140e-04]), array([ 0.50221429, -0.0038381 ]), 0.7854, 1.0]
[20, array([ 5.0653e-01, -4.2140e-04]), array([ 0.50250952, -0.0038381 ]), 0.7854, 1.0]
[20, array([ 5.0653e-01, -4.2140e-04]), array([ 0.50280476, -0.0038381 ]), 0.7854, 1.0]
[20, array([ 5.0653e-01, -4.2140e-04]), array([ 0.5031   , -0.0038381]), 0.7854, 1.0]
[20, array([ 5.0653e-01, -4.2140e-04]), array([ 0.4969    , -0.00354286]), 0.7854, 0.0]
[20, array([ 5.0653e-01, -4.2140e-04]), array([ 0.49719524, -0.00354286]), 0.7854, 0.0]
[20, array([ 5.0653e-01, -4.2140e-04]), array([ 0.49749048, -0.00354286]), 0.7854, 1.0]
[20, array([ 5.0653e-01, -4.2140e-04]), array([ 0.49778571, -0.00354286]), 0.7854, 0.0]
[20, array([ 5.0653e-01, -4.2140e-04]), array([ 0.49808095, -0.00354286]), 0.7854, 1.0]
[20, array([ 5.0653e-01, -4.2140e-04]), array([ 0.49837619, -0.00354286]), 0.7854, 1.0]
[20, array([ 5.0653e-01, -4.2140e-04]), array([ 0.49867143, -0.00354286]), 0.7854, 1.0]
[20, array([ 5.0653e-01, -4.2140e-04]), array([ 0.49896667, -0.00354286]), 0.7854, 1.0]
[20, array([ 5.0653e-01, -4.2140e-04]), array([ 0.4992619 , -0.00354286]), 0.7854, 1.0]
[20, array([ 5.0653e-01, -4.2140e-04]), array([ 0.49955714, -0.00354286]), 0.7854, 1.0]
[20, array([ 5.0653e-01, -4.2140e-04]), array([ 0.49985238, -0.00354286]), 0.7854, 1.0]
[20, array([ 5.0653e-01, -4.2140e-04]), array([ 0.50014762, -0.00354286]), 0.7854, 1.0]
[20, array([ 5.0653e-01, -4.2140e-04]), array([ 0.50044286, -0.00354286]), 0.7854, 1.0]
[20, array([ 5.0653e-01, -4.2140e-04]), array([ 0.5007381 , -0.00354286]), 0.7854, 1.0]
[20, array([ 5.0653e-01, -4.2140e-04]), array([ 0.50103333, -0.00354286]), 0.7854, 1.0]
[20, array([ 5.0653e-01, -4.2140e-04]), array([ 0.50132857, -0.00354286]), 0.7854, 1.0]
[20, array([ 5.0653e-01, -4.2140e-04]), array([ 0.50162381, -0.00354286]), 0.7854, 1.0]
[20, array([ 5.0653e-01, -4.2140e-04]), array([ 0.50191905, -0.00354286]), 0.7854, 1.0]
[20, array([ 5.0653e-01, -4.2140e-04]), array([ 0.50221429, -0.00354286]), 0.7854, 1.0]
[20, array([ 5.0653e-01, -4.2140e-04]), array([ 0.50250952, -0.00354286]), 0.7854, 1.0]
[20, array([ 5.0653e-01, -4.2140e-04]), array([ 0.50280476, -0.00354286]), 0.7854, 1.0]
[20, array([ 5.0653e-01, -4.2140e-04]), array([ 0.5031    , -0.00354286]), 0.7854, 1.0]
[20, array([ 5.0653e-01, -4.2140e-04]), array([ 0.4969    , -0.00324762]), 0.7854, 0.0]
[20, array([ 5.0653e-01, -4.2140e-04]), array([ 0.49719524, -0.00324762]), 0.7854, 0.0]
[20, array([ 5.0653e-01, -4.2140e-04]), array([ 0.49749048, -0.00324762]), 0.7854, 0.0]
[20, array([ 5.0653e-01, -4.2140e-04]), array([ 0.49778571, -0.00324762]), 0.7854, 1.0]
[20, array([ 5.0653e-01, -4.2140e-04]), array([ 0.49808095, -0.00324762]), 0.7854, 0.0]
[20, array([ 5.0653e-01, -4.2140e-04]), array([ 0.49837619, -0.00324762]), 0.7854, 1.0]
[20, array([ 5.0653e-01, -4.2140e-04]), array([ 0.49867143, -0.00324762]), 0.7854, 1.0]
[20, array([ 5.0653e-01, -4.2140e-04]), array([ 0.49896667, -0.00324762]), 0.7854, 1.0]
[20, array([ 5.0653e-01, -4.2140e-04]), array([ 0.4992619 , -0.00324762]), 0.7854, 1.0]
[20, array([ 5.0653e-01, -4.2140e-04]), array([ 0.49955714, -0.00324762]), 0.7854, 1.0]
[20, array([ 5.0653e-01, -4.2140e-04]), array([ 0.49985238, -0.00324762]), 0.7854, 1.0]
[20, array([ 5.0653e-01, -4.2140e-04]), array([ 0.50014762, -0.00324762]), 0.7854, 1.0]
[20, array([ 5.0653e-01, -4.2140e-04]), array([ 0.50044286, -0.00324762]), 0.7854, 1.0]
[20, array([ 5.0653e-01, -4.2140e-04]), array([ 0.5007381 , -0.00324762]), 0.7854, 1.0]
[20, array([ 5.0653e-01, -4.2140e-04]), array([ 0.50103333, -0.00324762]), 0.7854, 1.0]
[20, array([ 5.0653e-01, -4.2140e-04]), array([ 0.50132857, -0.00324762]), 0.7854, 1.0]
[20, array([ 5.0653e-01, -4.2140e-04]), array([ 0.50162381, -0.00324762]), 0.7854, 1.0]
[20, array([ 5.0653e-01, -4.2140e-04]), array([ 0.50191905, -0.00324762]), 0.7854, 1.0]
[20, array([ 5.0653e-01, -4.2140e-04]), array([ 0.50221429, -0.00324762]), 0.7854, 1.0]
[20, array([ 5.0653e-01, -4.2140e-04]), array([ 0.50250952, -0.00324762]), 0.7854, 1.0]
[20, array([ 5.0653e-01, -4.2140e-04]), array([ 0.50280476, -0.00324762]), 0.7854, 1.0]
[20, array([ 5.0653e-01, -4.2140e-04]), array([ 0.5031    , -0.00324762]), 0.7854, 1.0]
[20, array([ 5.0653e-01, -4.2140e-04]), array([ 0.4969    , -0.00295238]), 0.7854, 0.0]
[20, array([ 5.0653e-01, -4.2140e-04]), array([ 0.49719524, -0.00295238]), 0.7854, 0.0]
[20, array([ 5.0653e-01, -4.2140e-04]), array([ 0.49749048, -0.00295238]), 0.7854, 0.0]
[20, array([ 5.0653e-01, -4.2140e-04]), array([ 0.49778571, -0.00295238]), 0.7854, 0.0]
[20, array([ 5.0653e-01, -4.2140e-04]), array([ 0.49808095, -0.00295238]), 0.7854, 1.0]
[20, array([ 5.0653e-01, -4.2140e-04]), array([ 0.49837619, -0.00295238]), 0.7854, 0.0]
[20, array([ 5.0653e-01, -4.2140e-04]), array([ 0.49867143, -0.00295238]), 0.7854, 0.0]
[20, array([ 5.0653e-01, -4.2140e-04]), array([ 0.49896667, -0.00295238]), 0.7854, 0.0]
[20, array([ 5.0653e-01, -4.2140e-04]), array([ 0.4992619 , -0.00295238]), 0.7854, 1.0]
[20, array([ 5.0653e-01, -4.2140e-04]), array([ 0.49955714, -0.00295238]), 0.7854, 1.0]
[20, array([ 5.0653e-01, -4.2140e-04]), array([ 0.49985238, -0.00295238]), 0.7854, 1.0]
[20, array([ 5.0653e-01, -4.2140e-04]), array([ 0.50014762, -0.00295238]), 0.7854, 1.0]
[20, array([ 5.0653e-01, -4.2140e-04]), array([ 0.50044286, -0.00295238]), 0.7854, 1.0]
[20, array([ 5.0653e-01, -4.2140e-04]), array([ 0.5007381 , -0.00295238]), 0.7854, 1.0]
[20, array([ 5.0653e-01, -4.2140e-04]), array([ 0.50103333, -0.00295238]), 0.7854, 1.0]
[20, array([ 5.0653e-01, -4.2140e-04]), array([ 0.50132857, -0.00295238]), 0.7854, 1.0]
[20, array([ 5.0653e-01, -4.2140e-04]), array([ 0.50162381, -0.00295238]), 0.7854, 1.0]
[20, array([ 5.0653e-01, -4.2140e-04]), array([ 0.50191905, -0.00295238]), 0.7854, 1.0]
[20, array([ 5.0653e-01, -4.2140e-04]), array([ 0.50221429, -0.00295238]), 0.7854, 1.0]
[20, array([ 5.0653e-01, -4.2140e-04]), array([ 0.50250952, -0.00295238]), 0.7854, 1.0]
[20, array([ 5.0653e-01, -4.2140e-04]), array([ 0.50280476, -0.00295238]), 0.7854, 1.0]
[20, array([ 5.0653e-01, -4.2140e-04]), array([ 0.5031    , -0.00295238]), 0.7854, 1.0]
[20, array([ 5.0653e-01, -4.2140e-04]), array([ 0.4969    , -0.00265714]), 0.7854, 0.0]
[20, array([ 5.0653e-01, -4.2140e-04]), array([ 0.49719524, -0.00265714]), 0.7854, 0.0]
[20, array([ 5.0653e-01, -4.2140e-04]), array([ 0.49749048, -0.00265714]), 0.7854, 0.0]
[20, array([ 5.0653e-01, -4.2140e-04]), array([ 0.49778571, -0.00265714]), 0.7854, 0.0]
[20, array([ 5.0653e-01, -4.2140e-04]), array([ 0.49808095, -0.00265714]), 0.7854, 1.0]
[20, array([ 5.0653e-01, -4.2140e-04]), array([ 0.49837619, -0.00265714]), 0.7854, 0.0]
[20, array([ 5.0653e-01, -4.2140e-04]), array([ 0.49867143, -0.00265714]), 0.7854, 0.0]
[20, array([ 5.0653e-01, -4.2140e-04]), array([ 0.49896667, -0.00265714]), 0.7854, 0.0]
[20, array([ 5.0653e-01, -4.2140e-04]), array([ 0.4992619 , -0.00265714]), 0.7854, 1.0]
[20, array([ 5.0653e-01, -4.2140e-04]), array([ 0.49955714, -0.00265714]), 0.7854, 1.0]
[20, array([ 5.0653e-01, -4.2140e-04]), array([ 0.49985238, -0.00265714]), 0.7854, 1.0]
[20, array([ 5.0653e-01, -4.2140e-04]), array([ 0.50014762, -0.00265714]), 0.7854, 1.0]
[20, array([ 5.0653e-01, -4.2140e-04]), array([ 0.50044286, -0.00265714]), 0.7854, 1.0]
[20, array([ 5.0653e-01, -4.2140e-04]), array([ 0.5007381 , -0.00265714]), 0.7854, 1.0]
[20, array([ 5.0653e-01, -4.2140e-04]), array([ 0.50103333, -0.00265714]), 0.7854, 1.0]
[20, array([ 5.0653e-01, -4.2140e-04]), array([ 0.50132857, -0.00265714]), 0.7854, 1.0]
[20, array([ 5.0653e-01, -4.2140e-04]), array([ 0.50162381, -0.00265714]), 0.7854, 1.0]
[20, array([ 5.0653e-01, -4.2140e-04]), array([ 0.50191905, -0.00265714]), 0.7854, 1.0]
[20, array([ 5.0653e-01, -4.2140e-04]), array([ 0.50221429, -0.00265714]), 0.7854, 1.0]
[20, array([ 5.0653e-01, -4.2140e-04]), array([ 0.50250952, -0.00265714]), 0.7854, 1.0]
[20, array([ 5.0653e-01, -4.2140e-04]), array([ 0.50280476, -0.00265714]), 0.7854, 1.0]
[20, array([ 5.0653e-01, -4.2140e-04]), array([ 0.5031    , -0.00265714]), 0.7854, 1.0]
[20, array([ 5.0653e-01, -4.2140e-04]), array([ 0.4969   , -0.0023619]), 0.7854, 0.0]
[20, array([ 5.0653e-01, -4.2140e-04]), array([ 0.49719524, -0.0023619 ]), 0.7854, 0.0]
[20, array([ 5.0653e-01, -4.2140e-04]), array([ 0.49749048, -0.0023619 ]), 0.7854, 0.0]
[20, array([ 5.0653e-01, -4.2140e-04]), array([ 0.49778571, -0.0023619 ]), 0.7854, 0.0]
[20, array([ 5.0653e-01, -4.2140e-04]), array([ 0.49808095, -0.0023619 ]), 0.7854, 0.0]
[20, array([ 5.0653e-01, -4.2140e-04]), array([ 0.49837619, -0.0023619 ]), 0.7854, 1.0]
[20, array([ 5.0653e-01, -4.2140e-04]), array([ 0.49867143, -0.0023619 ]), 0.7854, 0.0]
[20, array([ 5.0653e-01, -4.2140e-04]), array([ 0.49896667, -0.0023619 ]), 0.7854, 0.0]
[20, array([ 5.0653e-01, -4.2140e-04]), array([ 0.4992619, -0.0023619]), 0.7854, 0.0]
[20, array([ 5.0653e-01, -4.2140e-04]), array([ 0.49955714, -0.0023619 ]), 0.7854, 1.0]
[20, array([ 5.0653e-01, -4.2140e-04]), array([ 0.49985238, -0.0023619 ]), 0.7854, 1.0]
[20, array([ 5.0653e-01, -4.2140e-04]), array([ 0.50014762, -0.0023619 ]), 0.7854, 1.0]
[20, array([ 5.0653e-01, -4.2140e-04]), array([ 0.50044286, -0.0023619 ]), 0.7854, 1.0]
[20, array([ 5.0653e-01, -4.2140e-04]), array([ 0.5007381, -0.0023619]), 0.7854, 1.0]
[20, array([ 5.0653e-01, -4.2140e-04]), array([ 0.50103333, -0.0023619 ]), 0.7854, 1.0]
[20, array([ 5.0653e-01, -4.2140e-04]), array([ 0.50132857, -0.0023619 ]), 0.7854, 1.0]
[20, array([ 5.0653e-01, -4.2140e-04]), array([ 0.50162381, -0.0023619 ]), 0.7854, 1.0]
[20, array([ 5.0653e-01, -4.2140e-04]), array([ 0.50191905, -0.0023619 ]), 0.7854, 1.0]
[20, array([ 5.0653e-01, -4.2140e-04]), array([ 0.50221429, -0.0023619 ]), 0.7854, 1.0]
[20, array([ 5.0653e-01, -4.2140e-04]), array([ 0.50250952, -0.0023619 ]), 0.7854, 1.0]
[20, array([ 5.0653e-01, -4.2140e-04]), array([ 0.50280476, -0.0023619 ]), 0.7854, 1.0]
[20, array([ 5.0653e-01, -4.2140e-04]), array([ 0.5031   , -0.0023619]), 0.7854, 1.0]
[20, array([ 5.0653e-01, -4.2140e-04]), array([ 0.4969    , -0.00206667]), 0.7854, 0.0]
[20, array([ 5.0653e-01, -4.2140e-04]), array([ 0.49719524, -0.00206667]), 0.7854, 0.0]
[20, array([ 5.0653e-01, -4.2140e-04]), array([ 0.49749048, -0.00206667]), 0.7854, 0.0]
[20, array([ 5.0653e-01, -4.2140e-04]), array([ 0.49778571, -0.00206667]), 0.7854, 0.0]
[20, array([ 5.0653e-01, -4.2140e-04]), array([ 0.49808095, -0.00206667]), 0.7854, 0.0]
[20, array([ 5.0653e-01, -4.2140e-04]), array([ 0.49837619, -0.00206667]), 0.7854, 0.0]
[20, array([ 5.0653e-01, -4.2140e-04]), array([ 0.49867143, -0.00206667]), 0.7854, 0.0]
[20, array([ 5.0653e-01, -4.2140e-04]), array([ 0.49896667, -0.00206667]), 0.7854, 0.0]
[20, array([ 5.0653e-01, -4.2140e-04]), array([ 0.4992619 , -0.00206667]), 0.7854, 0.0]
[20, array([ 5.0653e-01, -4.2140e-04]), array([ 0.49955714, -0.00206667]), 0.7854, 0.0]
[20, array([ 5.0653e-01, -4.2140e-04]), array([ 0.49985238, -0.00206667]), 0.7854, 1.0]
[20, array([ 5.0653e-01, -4.2140e-04]), array([ 0.50014762, -0.00206667]), 0.7854, 1.0]
[20, array([ 5.0653e-01, -4.2140e-04]), array([ 0.50044286, -0.00206667]), 0.7854, 1.0]
[20, array([ 5.0653e-01, -4.2140e-04]), array([ 0.5007381 , -0.00206667]), 0.7854, 1.0]
[20, array([ 5.0653e-01, -4.2140e-04]), array([ 0.50103333, -0.00206667]), 0.7854, 1.0]
[20, array([ 5.0653e-01, -4.2140e-04]), array([ 0.50132857, -0.00206667]), 0.7854, 1.0]
[20, array([ 5.0653e-01, -4.2140e-04]), array([ 0.50162381, -0.00206667]), 0.7854, 1.0]
[20, array([ 5.0653e-01, -4.2140e-04]), array([ 0.50191905, -0.00206667]), 0.7854, 1.0]
[20, array([ 5.0653e-01, -4.2140e-04]), array([ 0.50221429, -0.00206667]), 0.7854, 1.0]
[20, array([ 5.0653e-01, -4.2140e-04]), array([ 0.50250952, -0.00206667]), 0.7854, 1.0]
[20, array([ 5.0653e-01, -4.2140e-04]), array([ 0.50280476, -0.00206667]), 0.7854, 0.0]
[20, array([ 5.0653e-01, -4.2140e-04]), array([ 0.5031    , -0.00206667]), 0.7854, 1.0]
[20, array([ 5.0653e-01, -4.2140e-04]), array([ 0.4969    , -0.00177143]), 0.7854, 0.0]
[20, array([ 5.0653e-01, -4.2140e-04]), array([ 0.49719524, -0.00177143]), 0.7854, 0.0]
[20, array([ 5.0653e-01, -4.2140e-04]), array([ 0.49749048, -0.00177143]), 0.7854, 0.0]
[20, array([ 5.0653e-01, -4.2140e-04]), array([ 0.49778571, -0.00177143]), 0.7854, 0.0]
[20, array([ 5.0653e-01, -4.2140e-04]), array([ 0.49808095, -0.00177143]), 0.7854, 0.0]
[20, array([ 5.0653e-01, -4.2140e-04]), array([ 0.49837619, -0.00177143]), 0.7854, 0.0]
[20, array([ 5.0653e-01, -4.2140e-04]), array([ 0.49867143, -0.00177143]), 0.7854, 0.0]
[20, array([ 5.0653e-01, -4.2140e-04]), array([ 0.49896667, -0.00177143]), 0.7854, 0.0]
[20, array([ 5.0653e-01, -4.2140e-04]), array([ 0.4992619 , -0.00177143]), 0.7854, 0.0]
[20, array([ 5.0653e-01, -4.2140e-04]), array([ 0.49955714, -0.00177143]), 0.7854, 0.0]
[20, array([ 5.0653e-01, -4.2140e-04]), array([ 0.49985238, -0.00177143]), 0.7854, 0.0]
[20, array([ 5.0653e-01, -4.2140e-04]), array([ 0.50014762, -0.00177143]), 0.7854, 1.0]
[20, array([ 5.0653e-01, -4.2140e-04]), array([ 0.50044286, -0.00177143]), 0.7854, 1.0]
[20, array([ 5.0653e-01, -4.2140e-04]), array([ 0.5007381 , -0.00177143]), 0.7854, 1.0]
[20, array([ 5.0653e-01, -4.2140e-04]), array([ 0.50103333, -0.00177143]), 0.7854, 1.0]
[20, array([ 5.0653e-01, -4.2140e-04]), array([ 0.50132857, -0.00177143]), 0.7854, 1.0]
[20, array([ 5.0653e-01, -4.2140e-04]), array([ 0.50162381, -0.00177143]), 0.7854, 1.0]
[20, array([ 5.0653e-01, -4.2140e-04]), array([ 0.50191905, -0.00177143]), 0.7854, 0.0]
[20, array([ 5.0653e-01, -4.2140e-04]), array([ 0.50221429, -0.00177143]), 0.7854, 1.0]
[20, array([ 5.0653e-01, -4.2140e-04]), array([ 0.50250952, -0.00177143]), 0.7854, 1.0]
[20, array([ 5.0653e-01, -4.2140e-04]), array([ 0.50280476, -0.00177143]), 0.7854, 1.0]
[20, array([ 5.0653e-01, -4.2140e-04]), array([ 0.5031    , -0.00177143]), 0.7854, 1.0]
[20, array([ 5.0653e-01, -4.2140e-04]), array([ 0.4969    , -0.00147619]), 0.7854, 0.0]
[20, array([ 5.0653e-01, -4.2140e-04]), array([ 0.49719524, -0.00147619]), 0.7854, 0.0]
[20, array([ 5.0653e-01, -4.2140e-04]), array([ 0.49749048, -0.00147619]), 0.7854, 0.0]
[20, array([ 5.0653e-01, -4.2140e-04]), array([ 0.49778571, -0.00147619]), 0.7854, 0.0]
[20, array([ 5.0653e-01, -4.2140e-04]), array([ 0.49808095, -0.00147619]), 0.7854, 0.0]
[20, array([ 5.0653e-01, -4.2140e-04]), array([ 0.49837619, -0.00147619]), 0.7854, 0.0]
[20, array([ 5.0653e-01, -4.2140e-04]), array([ 0.49867143, -0.00147619]), 0.7854, 0.0]
[20, array([ 5.0653e-01, -4.2140e-04]), array([ 0.49896667, -0.00147619]), 0.7854, 0.0]
[20, array([ 5.0653e-01, -4.2140e-04]), array([ 0.4992619 , -0.00147619]), 0.7854, 0.0]
[20, array([ 5.0653e-01, -4.2140e-04]), array([ 0.49955714, -0.00147619]), 0.7854, 0.0]
[20, array([ 5.0653e-01, -4.2140e-04]), array([ 0.49985238, -0.00147619]), 0.7854, 0.0]
[20, array([ 5.0653e-01, -4.2140e-04]), array([ 0.50014762, -0.00147619]), 0.7854, 0.0]
[20, array([ 5.0653e-01, -4.2140e-04]), array([ 0.50044286, -0.00147619]), 0.7854, 1.0]
[20, array([ 5.0653e-01, -4.2140e-04]), array([ 0.5007381 , -0.00147619]), 0.7854, 1.0]
[20, array([ 5.0653e-01, -4.2140e-04]), array([ 0.50103333, -0.00147619]), 0.7854, 1.0]
[20, array([ 5.0653e-01, -4.2140e-04]), array([ 0.50132857, -0.00147619]), 0.7854, 1.0]
[20, array([ 5.0653e-01, -4.2140e-04]), array([ 0.50162381, -0.00147619]), 0.7854, 1.0]
[20, array([ 5.0653e-01, -4.2140e-04]), array([ 0.50191905, -0.00147619]), 0.7854, 1.0]
[20, array([ 5.0653e-01, -4.2140e-04]), array([ 0.50221429, -0.00147619]), 0.7854, 0.0]
[20, array([ 5.0653e-01, -4.2140e-04]), array([ 0.50250952, -0.00147619]), 0.7854, 1.0]
[20, array([ 5.0653e-01, -4.2140e-04]), array([ 0.50280476, -0.00147619]), 0.7854, 0.0]
[20, array([ 5.0653e-01, -4.2140e-04]), array([ 0.5031    , -0.00147619]), 0.7854, 0.0]
[20, array([ 5.0653e-01, -4.2140e-04]), array([ 0.4969    , -0.00118095]), 0.7854, 0.0]
[20, array([ 5.0653e-01, -4.2140e-04]), array([ 0.49719524, -0.00118095]), 0.7854, 0.0]
[20, array([ 5.0653e-01, -4.2140e-04]), array([ 0.49749048, -0.00118095]), 0.7854, 0.0]
[20, array([ 5.0653e-01, -4.2140e-04]), array([ 0.49778571, -0.00118095]), 0.7854, 0.0]
[20, array([ 5.0653e-01, -4.2140e-04]), array([ 0.49808095, -0.00118095]), 0.7854, 0.0]
[20, array([ 5.0653e-01, -4.2140e-04]), array([ 0.49837619, -0.00118095]), 0.7854, 0.0]
[20, array([ 5.0653e-01, -4.2140e-04]), array([ 0.49867143, -0.00118095]), 0.7854, 0.0]
[20, array([ 5.0653e-01, -4.2140e-04]), array([ 0.49896667, -0.00118095]), 0.7854, 0.0]
[20, array([ 5.0653e-01, -4.2140e-04]), array([ 0.4992619 , -0.00118095]), 0.7854, 0.0]
[20, array([ 5.0653e-01, -4.2140e-04]), array([ 0.49955714, -0.00118095]), 0.7854, 0.0]
[20, array([ 5.0653e-01, -4.2140e-04]), array([ 0.49985238, -0.00118095]), 0.7854, 0.0]
[20, array([ 5.0653e-01, -4.2140e-04]), array([ 0.50014762, -0.00118095]), 0.7854, 0.0]
[20, array([ 5.0653e-01, -4.2140e-04]), array([ 0.50044286, -0.00118095]), 0.7854, 0.0]
[20, array([ 5.0653e-01, -4.2140e-04]), array([ 0.5007381 , -0.00118095]), 0.7854, 0.0]
[20, array([ 5.0653e-01, -4.2140e-04]), array([ 0.50103333, -0.00118095]), 0.7854, 1.0]
[20, array([ 5.0653e-01, -4.2140e-04]), array([ 0.50132857, -0.00118095]), 0.7854, 1.0]
[20, array([ 5.0653e-01, -4.2140e-04]), array([ 0.50162381, -0.00118095]), 0.7854, 0.0]
[20, array([ 5.0653e-01, -4.2140e-04]), array([ 0.50191905, -0.00118095]), 0.7854, 1.0]
[20, array([ 5.0653e-01, -4.2140e-04]), array([ 0.50221429, -0.00118095]), 0.7854, 1.0]
[20, array([ 5.0653e-01, -4.2140e-04]), array([ 0.50250952, -0.00118095]), 0.7854, 1.0]
[20, array([ 5.0653e-01, -4.2140e-04]), array([ 0.50280476, -0.00118095]), 0.7854, 0.0]
[20, array([ 5.0653e-01, -4.2140e-04]), array([ 0.5031    , -0.00118095]), 0.7854, 0.0]
[20, array([ 5.0653e-01, -4.2140e-04]), array([ 0.4969    , -0.00088571]), 0.7854, 1.0]
[20, array([ 5.0653e-01, -4.2140e-04]), array([ 0.49719524, -0.00088571]), 0.7854, 0.0]
[20, array([ 5.0653e-01, -4.2140e-04]), array([ 0.49749048, -0.00088571]), 0.7854, 0.0]
[20, array([ 5.0653e-01, -4.2140e-04]), array([ 0.49778571, -0.00088571]), 0.7854, 0.0]
[20, array([ 5.0653e-01, -4.2140e-04]), array([ 0.49808095, -0.00088571]), 0.7854, 0.0]
[20, array([ 5.0653e-01, -4.2140e-04]), array([ 0.49837619, -0.00088571]), 0.7854, 0.0]
[20, array([ 5.0653e-01, -4.2140e-04]), array([ 0.49867143, -0.00088571]), 0.7854, 0.0]
[20, array([ 5.0653e-01, -4.2140e-04]), array([ 0.49896667, -0.00088571]), 0.7854, 0.0]
[20, array([ 5.0653e-01, -4.2140e-04]), array([ 0.4992619 , -0.00088571]), 0.7854, 0.0]
[20, array([ 5.0653e-01, -4.2140e-04]), array([ 0.49955714, -0.00088571]), 0.7854, 0.0]
[20, array([ 5.0653e-01, -4.2140e-04]), array([ 0.49985238, -0.00088571]), 0.7854, 0.0]
[20, array([ 5.0653e-01, -4.2140e-04]), array([ 0.50014762, -0.00088571]), 0.7854, 0.0]
[20, array([ 5.0653e-01, -4.2140e-04]), array([ 0.50044286, -0.00088571]), 0.7854, 0.0]
[20, array([ 5.0653e-01, -4.2140e-04]), array([ 0.5007381 , -0.00088571]), 0.7854, 0.0]
[20, array([ 5.0653e-01, -4.2140e-04]), array([ 0.50103333, -0.00088571]), 0.7854, 1.0]
[20, array([ 5.0653e-01, -4.2140e-04]), array([ 0.50132857, -0.00088571]), 0.7854, 1.0]
[20, array([ 5.0653e-01, -4.2140e-04]), array([ 0.50162381, -0.00088571]), 0.7854, 1.0]
[20, array([ 5.0653e-01, -4.2140e-04]), array([ 0.50191905, -0.00088571]), 0.7854, 1.0]
[20, array([ 5.0653e-01, -4.2140e-04]), array([ 0.50221429, -0.00088571]), 0.7854, 0.0]
[20, array([ 5.0653e-01, -4.2140e-04]), array([ 0.50250952, -0.00088571]), 0.7854, 0.0]
[20, array([ 5.0653e-01, -4.2140e-04]), array([ 0.50280476, -0.00088571]), 0.7854, 0.0]
[20, array([ 5.0653e-01, -4.2140e-04]), array([ 0.5031    , -0.00088571]), 0.7854, 1.0]
[20, array([ 5.0653e-01, -4.2140e-04]), array([ 0.4969    , -0.00059048]), 0.7854, 1.0]
[20, array([ 5.0653e-01, -4.2140e-04]), array([ 0.49719524, -0.00059048]), 0.7854, 0.0]
[20, array([ 5.0653e-01, -4.2140e-04]), array([ 0.49749048, -0.00059048]), 0.7854, 0.0]
[20, array([ 5.0653e-01, -4.2140e-04]), array([ 0.49778571, -0.00059048]), 0.7854, 0.0]
[20, array([ 5.0653e-01, -4.2140e-04]), array([ 0.49808095, -0.00059048]), 0.7854, 0.0]
[20, array([ 5.0653e-01, -4.2140e-04]), array([ 0.49837619, -0.00059048]), 0.7854, 0.0]
[20, array([ 5.0653e-01, -4.2140e-04]), array([ 0.49867143, -0.00059048]), 0.7854, 0.0]
[20, array([ 5.0653e-01, -4.2140e-04]), array([ 0.49896667, -0.00059048]), 0.7854, 0.0]
[20, array([ 5.0653e-01, -4.2140e-04]), array([ 0.4992619 , -0.00059048]), 0.7854, 0.0]
[20, array([ 5.0653e-01, -4.2140e-04]), array([ 0.49955714, -0.00059048]), 0.7854, 0.0]
[20, array([ 5.0653e-01, -4.2140e-04]), array([ 0.49985238, -0.00059048]), 0.7854, 0.0]
[20, array([ 5.0653e-01, -4.2140e-04]), array([ 0.50014762, -0.00059048]), 0.7854, 0.0]
[20, array([ 5.0653e-01, -4.2140e-04]), array([ 0.50044286, -0.00059048]), 0.7854, 0.0]
[20, array([ 5.0653e-01, -4.2140e-04]), array([ 0.5007381 , -0.00059048]), 0.7854, 0.0]
[20, array([ 5.0653e-01, -4.2140e-04]), array([ 0.50103333, -0.00059048]), 0.7854, 0.0]
[20, array([ 5.0653e-01, -4.2140e-04]), array([ 0.50132857, -0.00059048]), 0.7854, 1.0]
[20, array([ 5.0653e-01, -4.2140e-04]), array([ 0.50162381, -0.00059048]), 0.7854, 0.0]
[20, array([ 5.0653e-01, -4.2140e-04]), array([ 0.50191905, -0.00059048]), 0.7854, 1.0]
[20, array([ 5.0653e-01, -4.2140e-04]), array([ 0.50221429, -0.00059048]), 0.7854, 0.0]
[20, array([ 5.0653e-01, -4.2140e-04]), array([ 0.50250952, -0.00059048]), 0.7854, 0.0]
[20, array([ 5.0653e-01, -4.2140e-04]), array([ 0.50280476, -0.00059048]), 0.7854, 0.0]
[20, array([ 5.0653e-01, -4.2140e-04]), array([ 0.5031    , -0.00059048]), 0.7854, 0.0]
[20, array([ 5.0653e-01, -4.2140e-04]), array([ 4.96900000e-01, -2.95238095e-04]), 0.7854, 1.0]
[20, array([ 5.0653e-01, -4.2140e-04]), array([ 4.97195238e-01, -2.95238095e-04]), 0.7854, 1.0]
[20, array([ 5.0653e-01, -4.2140e-04]), array([ 4.97490476e-01, -2.95238095e-04]), 0.7854, 0.0]
[20, array([ 5.0653e-01, -4.2140e-04]), array([ 4.97785714e-01, -2.95238095e-04]), 0.7854, 0.0]
[20, array([ 5.0653e-01, -4.2140e-04]), array([ 4.98080952e-01, -2.95238095e-04]), 0.7854, 0.0]
[20, array([ 5.0653e-01, -4.2140e-04]), array([ 4.98376190e-01, -2.95238095e-04]), 0.7854, 0.0]
[20, array([ 5.0653e-01, -4.2140e-04]), array([ 4.98671429e-01, -2.95238095e-04]), 0.7854, 0.0]
[20, array([ 5.0653e-01, -4.2140e-04]), array([ 4.98966667e-01, -2.95238095e-04]), 0.7854, 0.0]
[20, array([ 5.0653e-01, -4.2140e-04]), array([ 4.99261905e-01, -2.95238095e-04]), 0.7854, 0.0]
[20, array([ 5.0653e-01, -4.2140e-04]), array([ 4.99557143e-01, -2.95238095e-04]), 0.7854, 0.0]
[20, array([ 5.0653e-01, -4.2140e-04]), array([ 4.99852381e-01, -2.95238095e-04]), 0.7854, 0.0]
[20, array([ 5.0653e-01, -4.2140e-04]), array([ 5.00147619e-01, -2.95238095e-04]), 0.7854, 0.0]
[20, array([ 5.0653e-01, -4.2140e-04]), array([ 5.00442857e-01, -2.95238095e-04]), 0.7854, 0.0]
[20, array([ 5.0653e-01, -4.2140e-04]), array([ 5.00738095e-01, -2.95238095e-04]), 0.7854, 0.0]
[20, array([ 5.0653e-01, -4.2140e-04]), array([ 5.01033333e-01, -2.95238095e-04]), 0.7854, 1.0]
[20, array([ 5.0653e-01, -4.2140e-04]), array([ 5.01328571e-01, -2.95238095e-04]), 0.7854, 1.0]
[20, array([ 5.0653e-01, -4.2140e-04]), array([ 5.01623810e-01, -2.95238095e-04]), 0.7854, 1.0]
[20, array([ 5.0653e-01, -4.2140e-04]), array([ 5.01919048e-01, -2.95238095e-04]), 0.7854, 1.0]
[20, array([ 5.0653e-01, -4.2140e-04]), array([ 5.02214286e-01, -2.95238095e-04]), 0.7854, 0.0]
[20, array([ 5.0653e-01, -4.2140e-04]), array([ 5.02509524e-01, -2.95238095e-04]), 0.7854, 0.0]
[20, array([ 5.0653e-01, -4.2140e-04]), array([ 5.02804762e-01, -2.95238095e-04]), 0.7854, 0.0]
[20, array([ 5.0653e-01, -4.2140e-04]), array([ 5.03100000e-01, -2.95238095e-04]), 0.7854, 0.0]
[20, array([ 5.0653e-01, -4.2140e-04]), array([0.4969, 0.    ]), 0.7854, 1.0]
[20, array([ 5.0653e-01, -4.2140e-04]), array([0.49719524, 0.        ]), 0.7854, 1.0]
[20, array([ 5.0653e-01, -4.2140e-04]), array([0.49749048, 0.        ]), 0.7854, 1.0]
[20, array([ 5.0653e-01, -4.2140e-04]), array([0.49778571, 0.        ]), 0.7854, 0.0]
[20, array([ 5.0653e-01, -4.2140e-04]), array([0.49808095, 0.        ]), 0.7854, 0.0]
[20, array([ 5.0653e-01, -4.2140e-04]), array([0.49837619, 0.        ]), 0.7854, 0.0]
[20, array([ 5.0653e-01, -4.2140e-04]), array([0.49867143, 0.        ]), 0.7854, 0.0]
[20, array([ 5.0653e-01, -4.2140e-04]), array([0.49896667, 0.        ]), 0.7854, 0.0]
[20, array([ 5.0653e-01, -4.2140e-04]), array([0.4992619, 0.       ]), 0.7854, 0.0]
[20, array([ 5.0653e-01, -4.2140e-04]), array([0.49955714, 0.        ]), 0.7854, 0.0]
[20, array([ 5.0653e-01, -4.2140e-04]), array([0.49985238, 0.        ]), 0.7854, 0.0]
[20, array([ 5.0653e-01, -4.2140e-04]), array([0.50014762, 0.        ]), 0.7854, 0.0]
[20, array([ 5.0653e-01, -4.2140e-04]), array([0.50044286, 0.        ]), 0.7854, 0.0]
[20, array([ 5.0653e-01, -4.2140e-04]), array([0.5007381, 0.       ]), 0.7854, 1.0]
[20, array([ 5.0653e-01, -4.2140e-04]), array([0.50103333, 0.        ]), 0.7854, 0.0]
[20, array([ 5.0653e-01, -4.2140e-04]), array([0.50132857, 0.        ]), 0.7854, 1.0]
[20, array([ 5.0653e-01, -4.2140e-04]), array([0.50162381, 0.        ]), 0.7854, 1.0]
[20, array([ 5.0653e-01, -4.2140e-04]), array([0.50191905, 0.        ]), 0.7854, 1.0]
[20, array([ 5.0653e-01, -4.2140e-04]), array([0.50221429, 0.        ]), 0.7854, 1.0]
[20, array([ 5.0653e-01, -4.2140e-04]), array([0.50250952, 0.        ]), 0.7854, 0.0]
[20, array([ 5.0653e-01, -4.2140e-04]), array([0.50280476, 0.        ]), 0.7854, 0.0]
[20, array([ 5.0653e-01, -4.2140e-04]), array([0.5031, 0.    ]), 0.7854, 0.0]
[19, array([ 0.4768, -0.0383]), array([ 0.4688, -0.0484]), 0.7854, 0.0]
[19, array([ 0.4768, -0.0383]), array([ 0.46924286, -0.0484    ]), 0.7854, 0.0]
[19, array([ 0.4768, -0.0383]), array([ 0.46968571, -0.0484    ]), 0.7854, 0.0]
[19, array([ 0.4768, -0.0383]), array([ 0.47012857, -0.0484    ]), 0.7854, 0.0]
[19, array([ 0.4768, -0.0383]), array([ 0.47057143, -0.0484    ]), 0.7854, 0.0]
[19, array([ 0.4768, -0.0383]), array([ 0.47101429, -0.0484    ]), 0.7854, 0.0]
[19, array([ 0.4768, -0.0383]), array([ 0.47145714, -0.0484    ]), 0.7854, 0.0]
[19, array([ 0.4768, -0.0383]), array([ 0.4719, -0.0484]), 0.7854, 0.0]
[19, array([ 0.4768, -0.0383]), array([ 0.47234286, -0.0484    ]), 0.7854, 0.0]
[19, array([ 0.4768, -0.0383]), array([ 0.47278571, -0.0484    ]), 0.7854, 0.0]
[19, array([ 0.4768, -0.0383]), array([ 0.47322857, -0.0484    ]), 0.7854, 0.0]
[19, array([ 0.4768, -0.0383]), array([ 0.47367143, -0.0484    ]), 0.7854, 0.0]
[19, array([ 0.4768, -0.0383]), array([ 0.47411429, -0.0484    ]), 0.7854, 0.0]
[19, array([ 0.4768, -0.0383]), array([ 0.47455714, -0.0484    ]), 0.7854, 0.0]
[19, array([ 0.4768, -0.0383]), array([ 0.475 , -0.0484]), 0.7854, 0.0]
[19, array([ 0.4768, -0.0383]), array([ 0.47544286, -0.0484    ]), 0.7854, 0.0]
[19, array([ 0.4768, -0.0383]), array([ 0.47588571, -0.0484    ]), 0.7854, 0.0]
[19, array([ 0.4768, -0.0383]), array([ 0.47632857, -0.0484    ]), 0.7854, 0.0]
[19, array([ 0.4768, -0.0383]), array([ 0.47677143, -0.0484    ]), 0.7854, 0.0]
[19, array([ 0.4768, -0.0383]), array([ 0.47721429, -0.0484    ]), 0.7854, 0.0]
[19, array([ 0.4768, -0.0383]), array([ 0.47765714, -0.0484    ]), 0.7854, 0.0]
[19, array([ 0.4768, -0.0383]), array([ 0.4781, -0.0484]), 0.7854, 0.0]
[19, array([ 0.4768, -0.0383]), array([ 0.4688    , -0.04795714]), 0.7854, 0.0]
[19, array([ 0.4768, -0.0383]), array([ 0.46924286, -0.04795714]), 0.7854, 0.0]
[19, array([ 0.4768, -0.0383]), array([ 0.46968571, -0.04795714]), 0.7854, 0.0]
[19, array([ 0.4768, -0.0383]), array([ 0.47012857, -0.04795714]), 0.7854, 0.0]
[19, array([ 0.4768, -0.0383]), array([ 0.47057143, -0.04795714]), 0.7854, 0.0]
[19, array([ 0.4768, -0.0383]), array([ 0.47101429, -0.04795714]), 0.7854, 0.0]
[19, array([ 0.4768, -0.0383]), array([ 0.47145714, -0.04795714]), 0.7854, 0.0]
[19, array([ 0.4768, -0.0383]), array([ 0.4719    , -0.04795714]), 0.7854, 0.0]
[19, array([ 0.4768, -0.0383]), array([ 0.47234286, -0.04795714]), 0.7854, 0.0]
[19, array([ 0.4768, -0.0383]), array([ 0.47278571, -0.04795714]), 0.7854, 0.0]
[19, array([ 0.4768, -0.0383]), array([ 0.47322857, -0.04795714]), 0.7854, 0.0]
[19, array([ 0.4768, -0.0383]), array([ 0.47367143, -0.04795714]), 0.7854, 0.0]
[19, array([ 0.4768, -0.0383]), array([ 0.47411429, -0.04795714]), 0.7854, 0.0]
[19, array([ 0.4768, -0.0383]), array([ 0.47455714, -0.04795714]), 0.7854, 0.0]
[19, array([ 0.4768, -0.0383]), array([ 0.475     , -0.04795714]), 0.7854, 0.0]
[19, array([ 0.4768, -0.0383]), array([ 0.47544286, -0.04795714]), 0.7854, 0.0]
[19, array([ 0.4768, -0.0383]), array([ 0.47588571, -0.04795714]), 0.7854, 0.0]
[19, array([ 0.4768, -0.0383]), array([ 0.47632857, -0.04795714]), 0.7854, 0.0]
[19, array([ 0.4768, -0.0383]), array([ 0.47677143, -0.04795714]), 0.7854, 0.0]
[19, array([ 0.4768, -0.0383]), array([ 0.47721429, -0.04795714]), 0.7854, 0.0]
[19, array([ 0.4768, -0.0383]), array([ 0.47765714, -0.04795714]), 0.7854, 0.0]
[19, array([ 0.4768, -0.0383]), array([ 0.4781    , -0.04795714]), 0.7854, 0.0]
[19, array([ 0.4768, -0.0383]), array([ 0.4688    , -0.04751429]), 0.7854, 0.0]
[19, array([ 0.4768, -0.0383]), array([ 0.46924286, -0.04751429]), 0.7854, 0.0]
[19, array([ 0.4768, -0.0383]), array([ 0.46968571, -0.04751429]), 0.7854, 0.0]
[19, array([ 0.4768, -0.0383]), array([ 0.47012857, -0.04751429]), 0.7854, 0.0]
[19, array([ 0.4768, -0.0383]), array([ 0.47057143, -0.04751429]), 0.7854, 0.0]
[19, array([ 0.4768, -0.0383]), array([ 0.47101429, -0.04751429]), 0.7854, 0.0]
[19, array([ 0.4768, -0.0383]), array([ 0.47145714, -0.04751429]), 0.7854, 0.0]
[19, array([ 0.4768, -0.0383]), array([ 0.4719    , -0.04751429]), 0.7854, 0.0]
[19, array([ 0.4768, -0.0383]), array([ 0.47234286, -0.04751429]), 0.7854, 0.0]
[19, array([ 0.4768, -0.0383]), array([ 0.47278571, -0.04751429]), 0.7854, 0.0]
[19, array([ 0.4768, -0.0383]), array([ 0.47322857, -0.04751429]), 0.7854, 0.0]
[19, array([ 0.4768, -0.0383]), array([ 0.47367143, -0.04751429]), 0.7854, 0.0]
[19, array([ 0.4768, -0.0383]), array([ 0.47411429, -0.04751429]), 0.7854, 0.0]
[19, array([ 0.4768, -0.0383]), array([ 0.47455714, -0.04751429]), 0.7854, 0.0]
[19, array([ 0.4768, -0.0383]), array([ 0.475     , -0.04751429]), 0.7854, 0.0]
[19, array([ 0.4768, -0.0383]), array([ 0.47544286, -0.04751429]), 0.7854, 0.0]
[19, array([ 0.4768, -0.0383]), array([ 0.47588571, -0.04751429]), 0.7854, 0.0]
[19, array([ 0.4768, -0.0383]), array([ 0.47632857, -0.04751429]), 0.7854, 0.0]
[19, array([ 0.4768, -0.0383]), array([ 0.47677143, -0.04751429]), 0.7854, 0.0]
[19, array([ 0.4768, -0.0383]), array([ 0.47721429, -0.04751429]), 0.7854, 0.0]
[19, array([ 0.4768, -0.0383]), array([ 0.47765714, -0.04751429]), 0.7854, 0.0]
[19, array([ 0.4768, -0.0383]), array([ 0.4781    , -0.04751429]), 0.7854, 0.0]
[19, array([ 0.4768, -0.0383]), array([ 0.4688    , -0.04707143]), 0.7854, 0.0]
[19, array([ 0.4768, -0.0383]), array([ 0.46924286, -0.04707143]), 0.7854, 0.0]
[19, array([ 0.4768, -0.0383]), array([ 0.46968571, -0.04707143]), 0.7854, 0.0]
[19, array([ 0.4768, -0.0383]), array([ 0.47012857, -0.04707143]), 0.7854, 0.0]
[19, array([ 0.4768, -0.0383]), array([ 0.47057143, -0.04707143]), 0.7854, 0.0]
[19, array([ 0.4768, -0.0383]), array([ 0.47101429, -0.04707143]), 0.7854, 0.0]
[19, array([ 0.4768, -0.0383]), array([ 0.47145714, -0.04707143]), 0.7854, 0.0]
[19, array([ 0.4768, -0.0383]), array([ 0.4719    , -0.04707143]), 0.7854, 0.0]
[19, array([ 0.4768, -0.0383]), array([ 0.47234286, -0.04707143]), 0.7854, 0.0]
[19, array([ 0.4768, -0.0383]), array([ 0.47278571, -0.04707143]), 0.7854, 0.0]
[19, array([ 0.4768, -0.0383]), array([ 0.47322857, -0.04707143]), 0.7854, 0.0]
[19, array([ 0.4768, -0.0383]), array([ 0.47367143, -0.04707143]), 0.7854, 0.0]
[19, array([ 0.4768, -0.0383]), array([ 0.47411429, -0.04707143]), 0.7854, 0.0]
[19, array([ 0.4768, -0.0383]), array([ 0.47455714, -0.04707143]), 0.7854, 0.0]
[19, array([ 0.4768, -0.0383]), array([ 0.475     , -0.04707143]), 0.7854, 0.0]
[19, array([ 0.4768, -0.0383]), array([ 0.47544286, -0.04707143]), 0.7854, 0.0]
[19, array([ 0.4768, -0.0383]), array([ 0.47588571, -0.04707143]), 0.7854, 0.0]
[19, array([ 0.4768, -0.0383]), array([ 0.47632857, -0.04707143]), 0.7854, 0.0]
[19, array([ 0.4768, -0.0383]), array([ 0.47677143, -0.04707143]), 0.7854, 0.0]
[19, array([ 0.4768, -0.0383]), array([ 0.47721429, -0.04707143]), 0.7854, 0.0]
[19, array([ 0.4768, -0.0383]), array([ 0.47765714, -0.04707143]), 0.7854, 0.0]
[19, array([ 0.4768, -0.0383]), array([ 0.4781    , -0.04707143]), 0.7854, 0.0]
[19, array([ 0.4768, -0.0383]), array([ 0.4688    , -0.04662857]), 0.7854, 0.0]
[19, array([ 0.4768, -0.0383]), array([ 0.46924286, -0.04662857]), 0.7854, 0.0]
[19, array([ 0.4768, -0.0383]), array([ 0.46968571, -0.04662857]), 0.7854, 0.0]
[19, array([ 0.4768, -0.0383]), array([ 0.47012857, -0.04662857]), 0.7854, 0.0]
[19, array([ 0.4768, -0.0383]), array([ 0.47057143, -0.04662857]), 0.7854, 0.0]
[19, array([ 0.4768, -0.0383]), array([ 0.47101429, -0.04662857]), 0.7854, 0.0]
[19, array([ 0.4768, -0.0383]), array([ 0.47145714, -0.04662857]), 0.7854, 0.0]
[19, array([ 0.4768, -0.0383]), array([ 0.4719    , -0.04662857]), 0.7854, 0.0]
[19, array([ 0.4768, -0.0383]), array([ 0.47234286, -0.04662857]), 0.7854, 0.0]
[19, array([ 0.4768, -0.0383]), array([ 0.47278571, -0.04662857]), 0.7854, 0.0]
[19, array([ 0.4768, -0.0383]), array([ 0.47322857, -0.04662857]), 0.7854, 0.0]
[19, array([ 0.4768, -0.0383]), array([ 0.47367143, -0.04662857]), 0.7854, 0.0]
[19, array([ 0.4768, -0.0383]), array([ 0.47411429, -0.04662857]), 0.7854, 0.0]
[19, array([ 0.4768, -0.0383]), array([ 0.47455714, -0.04662857]), 0.7854, 0.0]
[19, array([ 0.4768, -0.0383]), array([ 0.475     , -0.04662857]), 0.7854, 0.0]
[19, array([ 0.4768, -0.0383]), array([ 0.47544286, -0.04662857]), 0.7854, 0.0]
[19, array([ 0.4768, -0.0383]), array([ 0.47588571, -0.04662857]), 0.7854, 0.0]
[19, array([ 0.4768, -0.0383]), array([ 0.47632857, -0.04662857]), 0.7854, 0.0]
[19, array([ 0.4768, -0.0383]), array([ 0.47677143, -0.04662857]), 0.7854, 0.0]
[19, array([ 0.4768, -0.0383]), array([ 0.47721429, -0.04662857]), 0.7854, 0.0]
[19, array([ 0.4768, -0.0383]), array([ 0.47765714, -0.04662857]), 0.7854, 0.0]
[19, array([ 0.4768, -0.0383]), array([ 0.4781    , -0.04662857]), 0.7854, 0.0]
[19, array([ 0.4768, -0.0383]), array([ 0.4688    , -0.04618571]), 0.7854, 0.0]
[19, array([ 0.4768, -0.0383]), array([ 0.46924286, -0.04618571]), 0.7854, 0.0]
[19, array([ 0.4768, -0.0383]), array([ 0.46968571, -0.04618571]), 0.7854, 0.0]
[19, array([ 0.4768, -0.0383]), array([ 0.47012857, -0.04618571]), 0.7854, 0.0]
[19, array([ 0.4768, -0.0383]), array([ 0.47057143, -0.04618571]), 0.7854, 0.0]
[19, array([ 0.4768, -0.0383]), array([ 0.47101429, -0.04618571]), 0.7854, 0.0]
[19, array([ 0.4768, -0.0383]), array([ 0.47145714, -0.04618571]), 0.7854, 0.0]
[19, array([ 0.4768, -0.0383]), array([ 0.4719    , -0.04618571]), 0.7854, 0.0]
[19, array([ 0.4768, -0.0383]), array([ 0.47234286, -0.04618571]), 0.7854, 0.0]
[19, array([ 0.4768, -0.0383]), array([ 0.47278571, -0.04618571]), 0.7854, 0.0]
[19, array([ 0.4768, -0.0383]), array([ 0.47322857, -0.04618571]), 0.7854, 0.0]
[19, array([ 0.4768, -0.0383]), array([ 0.47367143, -0.04618571]), 0.7854, 0.0]
[19, array([ 0.4768, -0.0383]), array([ 0.47411429, -0.04618571]), 0.7854, 0.0]
[19, array([ 0.4768, -0.0383]), array([ 0.47455714, -0.04618571]), 0.7854, 0.0]
[19, array([ 0.4768, -0.0383]), array([ 0.475     , -0.04618571]), 0.7854, 0.0]
[19, array([ 0.4768, -0.0383]), array([ 0.47544286, -0.04618571]), 0.7854, 0.0]
[19, array([ 0.4768, -0.0383]), array([ 0.47588571, -0.04618571]), 0.7854, 0.0]
[19, array([ 0.4768, -0.0383]), array([ 0.47632857, -0.04618571]), 0.7854, 0.0]
[19, array([ 0.4768, -0.0383]), array([ 0.47677143, -0.04618571]), 0.7854, 0.0]
[19, array([ 0.4768, -0.0383]), array([ 0.47721429, -0.04618571]), 0.7854, 0.0]
[19, array([ 0.4768, -0.0383]), array([ 0.47765714, -0.04618571]), 0.7854, 0.0]
[19, array([ 0.4768, -0.0383]), array([ 0.4781    , -0.04618571]), 0.7854, 0.0]
[19, array([ 0.4768, -0.0383]), array([ 0.4688    , -0.04574286]), 0.7854, 0.0]
[19, array([ 0.4768, -0.0383]), array([ 0.46924286, -0.04574286]), 0.7854, 0.0]
[19, array([ 0.4768, -0.0383]), array([ 0.46968571, -0.04574286]), 0.7854, 0.0]
[19, array([ 0.4768, -0.0383]), array([ 0.47012857, -0.04574286]), 0.7854, 0.0]
[19, array([ 0.4768, -0.0383]), array([ 0.47057143, -0.04574286]), 0.7854, 0.0]
[19, array([ 0.4768, -0.0383]), array([ 0.47101429, -0.04574286]), 0.7854, 0.0]
[19, array([ 0.4768, -0.0383]), array([ 0.47145714, -0.04574286]), 0.7854, 0.0]
[19, array([ 0.4768, -0.0383]), array([ 0.4719    , -0.04574286]), 0.7854, 0.0]
[19, array([ 0.4768, -0.0383]), array([ 0.47234286, -0.04574286]), 0.7854, 0.0]
[19, array([ 0.4768, -0.0383]), array([ 0.47278571, -0.04574286]), 0.7854, 0.0]
[19, array([ 0.4768, -0.0383]), array([ 0.47322857, -0.04574286]), 0.7854, 0.0]
[19, array([ 0.4768, -0.0383]), array([ 0.47367143, -0.04574286]), 0.7854, 0.0]
[19, array([ 0.4768, -0.0383]), array([ 0.47411429, -0.04574286]), 0.7854, 0.0]
[19, array([ 0.4768, -0.0383]), array([ 0.47455714, -0.04574286]), 0.7854, 0.0]
[19, array([ 0.4768, -0.0383]), array([ 0.475     , -0.04574286]), 0.7854, 0.0]
[19, array([ 0.4768, -0.0383]), array([ 0.47544286, -0.04574286]), 0.7854, 0.0]
[19, array([ 0.4768, -0.0383]), array([ 0.47588571, -0.04574286]), 0.7854, 0.0]
[19, array([ 0.4768, -0.0383]), array([ 0.47632857, -0.04574286]), 0.7854, 0.0]
[19, array([ 0.4768, -0.0383]), array([ 0.47677143, -0.04574286]), 0.7854, 0.0]
[19, array([ 0.4768, -0.0383]), array([ 0.47721429, -0.04574286]), 0.7854, 0.0]
[19, array([ 0.4768, -0.0383]), array([ 0.47765714, -0.04574286]), 0.7854, 0.0]
[19, array([ 0.4768, -0.0383]), array([ 0.4781    , -0.04574286]), 0.7854, 0.0]
[19, array([ 0.4768, -0.0383]), array([ 0.4688, -0.0453]), 0.7854, 0.0]
[19, array([ 0.4768, -0.0383]), array([ 0.46924286, -0.0453    ]), 0.7854, 0.0]
[19, array([ 0.4768, -0.0383]), array([ 0.46968571, -0.0453    ]), 0.7854, 0.0]
[19, array([ 0.4768, -0.0383]), array([ 0.47012857, -0.0453    ]), 0.7854, 0.0]
[19, array([ 0.4768, -0.0383]), array([ 0.47057143, -0.0453    ]), 0.7854, 0.0]
[19, array([ 0.4768, -0.0383]), array([ 0.47101429, -0.0453    ]), 0.7854, 0.0]
[19, array([ 0.4768, -0.0383]), array([ 0.47145714, -0.0453    ]), 0.7854, 0.0]
[19, array([ 0.4768, -0.0383]), array([ 0.4719, -0.0453]), 0.7854, 0.0]
[19, array([ 0.4768, -0.0383]), array([ 0.47234286, -0.0453    ]), 0.7854, 0.0]
[19, array([ 0.4768, -0.0383]), array([ 0.47278571, -0.0453    ]), 0.7854, 0.0]
[19, array([ 0.4768, -0.0383]), array([ 0.47322857, -0.0453    ]), 0.7854, 0.0]
[19, array([ 0.4768, -0.0383]), array([ 0.47367143, -0.0453    ]), 0.7854, 0.0]
[19, array([ 0.4768, -0.0383]), array([ 0.47411429, -0.0453    ]), 0.7854, 0.0]
[19, array([ 0.4768, -0.0383]), array([ 0.47455714, -0.0453    ]), 0.7854, 0.0]
[19, array([ 0.4768, -0.0383]), array([ 0.475 , -0.0453]), 0.7854, 0.0]
[19, array([ 0.4768, -0.0383]), array([ 0.47544286, -0.0453    ]), 0.7854, 0.0]
[19, array([ 0.4768, -0.0383]), array([ 0.47588571, -0.0453    ]), 0.7854, 0.0]
[19, array([ 0.4768, -0.0383]), array([ 0.47632857, -0.0453    ]), 0.7854, 0.0]
[19, array([ 0.4768, -0.0383]), array([ 0.47677143, -0.0453    ]), 0.7854, 0.0]
[19, array([ 0.4768, -0.0383]), array([ 0.47721429, -0.0453    ]), 0.7854, 0.0]
[19, array([ 0.4768, -0.0383]), array([ 0.47765714, -0.0453    ]), 0.7854, 0.0]
[19, array([ 0.4768, -0.0383]), array([ 0.4781, -0.0453]), 0.7854, 0.0]
[19, array([ 0.4768, -0.0383]), array([ 0.4688    , -0.04485714]), 0.7854, 0.0]
[19, array([ 0.4768, -0.0383]), array([ 0.46924286, -0.04485714]), 0.7854, 0.0]
[19, array([ 0.4768, -0.0383]), array([ 0.46968571, -0.04485714]), 0.7854, 0.0]
[19, array([ 0.4768, -0.0383]), array([ 0.47012857, -0.04485714]), 0.7854, 0.0]
[19, array([ 0.4768, -0.0383]), array([ 0.47057143, -0.04485714]), 0.7854, 0.0]
[19, array([ 0.4768, -0.0383]), array([ 0.47101429, -0.04485714]), 0.7854, 0.0]
[19, array([ 0.4768, -0.0383]), array([ 0.47145714, -0.04485714]), 0.7854, 0.0]
[19, array([ 0.4768, -0.0383]), array([ 0.4719    , -0.04485714]), 0.7854, 0.0]
[19, array([ 0.4768, -0.0383]), array([ 0.47234286, -0.04485714]), 0.7854, 0.0]
[19, array([ 0.4768, -0.0383]), array([ 0.47278571, -0.04485714]), 0.7854, 0.0]
[19, array([ 0.4768, -0.0383]), array([ 0.47322857, -0.04485714]), 0.7854, 0.0]
[19, array([ 0.4768, -0.0383]), array([ 0.47367143, -0.04485714]), 0.7854, 0.0]
[19, array([ 0.4768, -0.0383]), array([ 0.47411429, -0.04485714]), 0.7854, 0.0]
[19, array([ 0.4768, -0.0383]), array([ 0.47455714, -0.04485714]), 0.7854, 0.0]
[19, array([ 0.4768, -0.0383]), array([ 0.475     , -0.04485714]), 0.7854, 0.0]
[19, array([ 0.4768, -0.0383]), array([ 0.47544286, -0.04485714]), 0.7854, 0.0]
[19, array([ 0.4768, -0.0383]), array([ 0.47588571, -0.04485714]), 0.7854, 0.0]
[19, array([ 0.4768, -0.0383]), array([ 0.47632857, -0.04485714]), 0.7854, 0.0]
[19, array([ 0.4768, -0.0383]), array([ 0.47677143, -0.04485714]), 0.7854, 0.0]
[19, array([ 0.4768, -0.0383]), array([ 0.47721429, -0.04485714]), 0.7854, 0.0]
[19, array([ 0.4768, -0.0383]), array([ 0.47765714, -0.04485714]), 0.7854, 0.0]
[19, array([ 0.4768, -0.0383]), array([ 0.4781    , -0.04485714]), 0.7854, 0.0]
[19, array([ 0.4768, -0.0383]), array([ 0.4688    , -0.04441429]), 0.7854, 0.0]
[19, array([ 0.4768, -0.0383]), array([ 0.46924286, -0.04441429]), 0.7854, 0.0]
[19, array([ 0.4768, -0.0383]), array([ 0.46968571, -0.04441429]), 0.7854, 0.0]
[19, array([ 0.4768, -0.0383]), array([ 0.47012857, -0.04441429]), 0.7854, 0.0]
[19, array([ 0.4768, -0.0383]), array([ 0.47057143, -0.04441429]), 0.7854, 0.0]
[19, array([ 0.4768, -0.0383]), array([ 0.47101429, -0.04441429]), 0.7854, 0.0]
[19, array([ 0.4768, -0.0383]), array([ 0.47145714, -0.04441429]), 0.7854, 0.0]
[19, array([ 0.4768, -0.0383]), array([ 0.4719    , -0.04441429]), 0.7854, 0.0]
[19, array([ 0.4768, -0.0383]), array([ 0.47234286, -0.04441429]), 0.7854, 0.0]
[19, array([ 0.4768, -0.0383]), array([ 0.47278571, -0.04441429]), 0.7854, 0.0]
[19, array([ 0.4768, -0.0383]), array([ 0.47322857, -0.04441429]), 0.7854, 0.0]
[19, array([ 0.4768, -0.0383]), array([ 0.47367143, -0.04441429]), 0.7854, 0.0]
[19, array([ 0.4768, -0.0383]), array([ 0.47411429, -0.04441429]), 0.7854, 0.0]
[19, array([ 0.4768, -0.0383]), array([ 0.47455714, -0.04441429]), 0.7854, 0.0]
[19, array([ 0.4768, -0.0383]), array([ 0.475     , -0.04441429]), 0.7854, 0.0]
[19, array([ 0.4768, -0.0383]), array([ 0.47544286, -0.04441429]), 0.7854, 0.0]
[19, array([ 0.4768, -0.0383]), array([ 0.47588571, -0.04441429]), 0.7854, 0.0]
[19, array([ 0.4768, -0.0383]), array([ 0.47632857, -0.04441429]), 0.7854, 0.0]
[19, array([ 0.4768, -0.0383]), array([ 0.47677143, -0.04441429]), 0.7854, 0.0]
[19, array([ 0.4768, -0.0383]), array([ 0.47721429, -0.04441429]), 0.7854, 0.0]
[19, array([ 0.4768, -0.0383]), array([ 0.47765714, -0.04441429]), 0.7854, 0.0]
[19, array([ 0.4768, -0.0383]), array([ 0.4781    , -0.04441429]), 0.7854, 0.0]
[19, array([ 0.4768, -0.0383]), array([ 0.4688    , -0.04397143]), 0.7854, 0.0]
[19, array([ 0.4768, -0.0383]), array([ 0.46924286, -0.04397143]), 0.7854, 0.0]
[19, array([ 0.4768, -0.0383]), array([ 0.46968571, -0.04397143]), 0.7854, 0.0]
[19, array([ 0.4768, -0.0383]), array([ 0.47012857, -0.04397143]), 0.7854, 0.0]
[19, array([ 0.4768, -0.0383]), array([ 0.47057143, -0.04397143]), 0.7854, 0.0]
[19, array([ 0.4768, -0.0383]), array([ 0.47101429, -0.04397143]), 0.7854, 0.0]
[19, array([ 0.4768, -0.0383]), array([ 0.47145714, -0.04397143]), 0.7854, 0.0]
[19, array([ 0.4768, -0.0383]), array([ 0.4719    , -0.04397143]), 0.7854, 0.0]
[19, array([ 0.4768, -0.0383]), array([ 0.47234286, -0.04397143]), 0.7854, 0.0]
[19, array([ 0.4768, -0.0383]), array([ 0.47278571, -0.04397143]), 0.7854, 0.0]
[19, array([ 0.4768, -0.0383]), array([ 0.47322857, -0.04397143]), 0.7854, 0.0]
[19, array([ 0.4768, -0.0383]), array([ 0.47367143, -0.04397143]), 0.7854, 0.0]
[19, array([ 0.4768, -0.0383]), array([ 0.47411429, -0.04397143]), 0.7854, 0.0]
[19, array([ 0.4768, -0.0383]), array([ 0.47455714, -0.04397143]), 0.7854, 0.0]
[19, array([ 0.4768, -0.0383]), array([ 0.475     , -0.04397143]), 0.7854, 1.0]
[19, array([ 0.4768, -0.0383]), array([ 0.47544286, -0.04397143]), 0.7854, 0.0]
[19, array([ 0.4768, -0.0383]), array([ 0.47588571, -0.04397143]), 0.7854, 0.0]
[19, array([ 0.4768, -0.0383]), array([ 0.47632857, -0.04397143]), 0.7854, 0.0]
[19, array([ 0.4768, -0.0383]), array([ 0.47677143, -0.04397143]), 0.7854, 0.0]
[19, array([ 0.4768, -0.0383]), array([ 0.47721429, -0.04397143]), 0.7854, 0.0]
[19, array([ 0.4768, -0.0383]), array([ 0.47765714, -0.04397143]), 0.7854, 0.0]
[19, array([ 0.4768, -0.0383]), array([ 0.4781    , -0.04397143]), 0.7854, 0.0]
[19, array([ 0.4768, -0.0383]), array([ 0.4688    , -0.04352857]), 0.7854, 0.0]
[19, array([ 0.4768, -0.0383]), array([ 0.46924286, -0.04352857]), 0.7854, 0.0]
[19, array([ 0.4768, -0.0383]), array([ 0.46968571, -0.04352857]), 0.7854, 0.0]
[19, array([ 0.4768, -0.0383]), array([ 0.47012857, -0.04352857]), 0.7854, 1.0]
[19, array([ 0.4768, -0.0383]), array([ 0.47057143, -0.04352857]), 0.7854, 0.0]
[19, array([ 0.4768, -0.0383]), array([ 0.47101429, -0.04352857]), 0.7854, 0.0]
[19, array([ 0.4768, -0.0383]), array([ 0.47145714, -0.04352857]), 0.7854, 0.0]
[19, array([ 0.4768, -0.0383]), array([ 0.4719    , -0.04352857]), 0.7854, 0.0]
[19, array([ 0.4768, -0.0383]), array([ 0.47234286, -0.04352857]), 0.7854, 0.0]
[19, array([ 0.4768, -0.0383]), array([ 0.47278571, -0.04352857]), 0.7854, 0.0]
[19, array([ 0.4768, -0.0383]), array([ 0.47322857, -0.04352857]), 0.7854, 0.0]
[19, array([ 0.4768, -0.0383]), array([ 0.47367143, -0.04352857]), 0.7854, 0.0]
[19, array([ 0.4768, -0.0383]), array([ 0.47411429, -0.04352857]), 0.7854, 0.0]
[19, array([ 0.4768, -0.0383]), array([ 0.47455714, -0.04352857]), 0.7854, 0.0]
[19, array([ 0.4768, -0.0383]), array([ 0.475     , -0.04352857]), 0.7854, 0.0]
[19, array([ 0.4768, -0.0383]), array([ 0.47544286, -0.04352857]), 0.7854, 0.0]
[19, array([ 0.4768, -0.0383]), array([ 0.47588571, -0.04352857]), 0.7854, 1.0]
[19, array([ 0.4768, -0.0383]), array([ 0.47632857, -0.04352857]), 0.7854, 0.0]
[19, array([ 0.4768, -0.0383]), array([ 0.47677143, -0.04352857]), 0.7854, 0.0]
[19, array([ 0.4768, -0.0383]), array([ 0.47721429, -0.04352857]), 0.7854, 0.0]
[19, array([ 0.4768, -0.0383]), array([ 0.47765714, -0.04352857]), 0.7854, 0.0]
[19, array([ 0.4768, -0.0383]), array([ 0.4781    , -0.04352857]), 0.7854, 0.0]
[19, array([ 0.4768, -0.0383]), array([ 0.4688    , -0.04308571]), 0.7854, 0.0]
[19, array([ 0.4768, -0.0383]), array([ 0.46924286, -0.04308571]), 0.7854, 0.0]
[19, array([ 0.4768, -0.0383]), array([ 0.46968571, -0.04308571]), 0.7854, 0.0]
[19, array([ 0.4768, -0.0383]), array([ 0.47012857, -0.04308571]), 0.7854, 0.0]
[19, array([ 0.4768, -0.0383]), array([ 0.47057143, -0.04308571]), 0.7854, 0.0]
[19, array([ 0.4768, -0.0383]), array([ 0.47101429, -0.04308571]), 0.7854, 0.0]
[19, array([ 0.4768, -0.0383]), array([ 0.47145714, -0.04308571]), 0.7854, 0.0]
[19, array([ 0.4768, -0.0383]), array([ 0.4719    , -0.04308571]), 0.7854, 0.0]
[19, array([ 0.4768, -0.0383]), array([ 0.47234286, -0.04308571]), 0.7854, 0.0]
[19, array([ 0.4768, -0.0383]), array([ 0.47278571, -0.04308571]), 0.7854, 0.0]
[19, array([ 0.4768, -0.0383]), array([ 0.47322857, -0.04308571]), 0.7854, 0.0]
[19, array([ 0.4768, -0.0383]), array([ 0.47367143, -0.04308571]), 0.7854, 0.0]
[19, array([ 0.4768, -0.0383]), array([ 0.47411429, -0.04308571]), 0.7854, 0.0]
[19, array([ 0.4768, -0.0383]), array([ 0.47455714, -0.04308571]), 0.7854, 0.0]
[19, array([ 0.4768, -0.0383]), array([ 0.475     , -0.04308571]), 0.7854, 0.0]
[19, array([ 0.4768, -0.0383]), array([ 0.47544286, -0.04308571]), 0.7854, 0.0]
[19, array([ 0.4768, -0.0383]), array([ 0.47588571, -0.04308571]), 0.7854, 0.0]
[19, array([ 0.4768, -0.0383]), array([ 0.47632857, -0.04308571]), 0.7854, 0.0]
[19, array([ 0.4768, -0.0383]), array([ 0.47677143, -0.04308571]), 0.7854, 0.0]
[19, array([ 0.4768, -0.0383]), array([ 0.47721429, -0.04308571]), 0.7854, 0.0]
[19, array([ 0.4768, -0.0383]), array([ 0.47765714, -0.04308571]), 0.7854, 0.0]
[19, array([ 0.4768, -0.0383]), array([ 0.4781    , -0.04308571]), 0.7854, 0.0]
[19, array([ 0.4768, -0.0383]), array([ 0.4688    , -0.04264286]), 0.7854, 0.0]
[19, array([ 0.4768, -0.0383]), array([ 0.46924286, -0.04264286]), 0.7854, 0.0]
[19, array([ 0.4768, -0.0383]), array([ 0.46968571, -0.04264286]), 0.7854, 0.0]
[19, array([ 0.4768, -0.0383]), array([ 0.47012857, -0.04264286]), 0.7854, 0.0]
[19, array([ 0.4768, -0.0383]), array([ 0.47057143, -0.04264286]), 0.7854, 0.0]
[19, array([ 0.4768, -0.0383]), array([ 0.47101429, -0.04264286]), 0.7854, 0.0]
[19, array([ 0.4768, -0.0383]), array([ 0.47145714, -0.04264286]), 0.7854, 0.0]
[19, array([ 0.4768, -0.0383]), array([ 0.4719    , -0.04264286]), 0.7854, 0.0]
[19, array([ 0.4768, -0.0383]), array([ 0.47234286, -0.04264286]), 0.7854, 0.0]
[19, array([ 0.4768, -0.0383]), array([ 0.47278571, -0.04264286]), 0.7854, 0.0]
[19, array([ 0.4768, -0.0383]), array([ 0.47322857, -0.04264286]), 0.7854, 0.0]
[19, array([ 0.4768, -0.0383]), array([ 0.47367143, -0.04264286]), 0.7854, 0.0]
[19, array([ 0.4768, -0.0383]), array([ 0.47411429, -0.04264286]), 0.7854, 0.0]
[19, array([ 0.4768, -0.0383]), array([ 0.47455714, -0.04264286]), 0.7854, 0.0]
[19, array([ 0.4768, -0.0383]), array([ 0.475     , -0.04264286]), 0.7854, 0.0]
[19, array([ 0.4768, -0.0383]), array([ 0.47544286, -0.04264286]), 0.7854, 0.0]
[19, array([ 0.4768, -0.0383]), array([ 0.47588571, -0.04264286]), 0.7854, 0.0]
[19, array([ 0.4768, -0.0383]), array([ 0.47632857, -0.04264286]), 0.7854, 0.0]
[19, array([ 0.4768, -0.0383]), array([ 0.47677143, -0.04264286]), 0.7854, 0.0]
[19, array([ 0.4768, -0.0383]), array([ 0.47721429, -0.04264286]), 0.7854, 0.0]
[19, array([ 0.4768, -0.0383]), array([ 0.47765714, -0.04264286]), 0.7854, 0.0]
[19, array([ 0.4768, -0.0383]), array([ 0.4781    , -0.04264286]), 0.7854, 0.0]
[19, array([ 0.4768, -0.0383]), array([ 0.4688, -0.0422]), 0.7854, 0.0]
[19, array([ 0.4768, -0.0383]), array([ 0.46924286, -0.0422    ]), 0.7854, 0.0]
[19, array([ 0.4768, -0.0383]), array([ 0.46968571, -0.0422    ]), 0.7854, 0.0]
[19, array([ 0.4768, -0.0383]), array([ 0.47012857, -0.0422    ]), 0.7854, 0.0]
[19, array([ 0.4768, -0.0383]), array([ 0.47057143, -0.0422    ]), 0.7854, 0.0]
[19, array([ 0.4768, -0.0383]), array([ 0.47101429, -0.0422    ]), 0.7854, 0.0]
[19, array([ 0.4768, -0.0383]), array([ 0.47145714, -0.0422    ]), 0.7854, 0.0]
[19, array([ 0.4768, -0.0383]), array([ 0.4719, -0.0422]), 0.7854, 0.0]
[19, array([ 0.4768, -0.0383]), array([ 0.47234286, -0.0422    ]), 0.7854, 0.0]
[19, array([ 0.4768, -0.0383]), array([ 0.47278571, -0.0422    ]), 0.7854, 0.0]
[19, array([ 0.4768, -0.0383]), array([ 0.47322857, -0.0422    ]), 0.7854, 0.0]
[19, array([ 0.4768, -0.0383]), array([ 0.47367143, -0.0422    ]), 0.7854, 0.0]
[19, array([ 0.4768, -0.0383]), array([ 0.47411429, -0.0422    ]), 0.7854, 0.0]
[19, array([ 0.4768, -0.0383]), array([ 0.47455714, -0.0422    ]), 0.7854, 0.0]
[19, array([ 0.4768, -0.0383]), array([ 0.475 , -0.0422]), 0.7854, 0.0]
[19, array([ 0.4768, -0.0383]), array([ 0.47544286, -0.0422    ]), 0.7854, 0.0]
[19, array([ 0.4768, -0.0383]), array([ 0.47588571, -0.0422    ]), 0.7854, 0.0]
[19, array([ 0.4768, -0.0383]), array([ 0.47632857, -0.0422    ]), 0.7854, 0.0]
[19, array([ 0.4768, -0.0383]), array([ 0.47677143, -0.0422    ]), 0.7854, 0.0]
[19, array([ 0.4768, -0.0383]), array([ 0.47721429, -0.0422    ]), 0.7854, 1.0]
[19, array([ 0.4768, -0.0383]), array([ 0.47765714, -0.0422    ]), 0.7854, 0.0]
[19, array([ 0.4768, -0.0383]), array([ 0.4781, -0.0422]), 0.7854, 0.0]
[19, array([ 0.4768, -0.0383]), array([ 0.4688    , -0.04175714]), 0.7854, 1.0]
[19, array([ 0.4768, -0.0383]), array([ 0.46924286, -0.04175714]), 0.7854, 0.0]
[19, array([ 0.4768, -0.0383]), array([ 0.46968571, -0.04175714]), 0.7854, 0.0]
[19, array([ 0.4768, -0.0383]), array([ 0.47012857, -0.04175714]), 0.7854, 0.0]
[19, array([ 0.4768, -0.0383]), array([ 0.47057143, -0.04175714]), 0.7854, 0.0]
[19, array([ 0.4768, -0.0383]), array([ 0.47101429, -0.04175714]), 0.7854, 0.0]
[19, array([ 0.4768, -0.0383]), array([ 0.47145714, -0.04175714]), 0.7854, 0.0]
[19, array([ 0.4768, -0.0383]), array([ 0.4719    , -0.04175714]), 0.7854, 0.0]
[19, array([ 0.4768, -0.0383]), array([ 0.47234286, -0.04175714]), 0.7854, 0.0]
[19, array([ 0.4768, -0.0383]), array([ 0.47278571, -0.04175714]), 0.7854, 0.0]
[19, array([ 0.4768, -0.0383]), array([ 0.47322857, -0.04175714]), 0.7854, 0.0]
[19, array([ 0.4768, -0.0383]), array([ 0.47367143, -0.04175714]), 0.7854, 0.0]
[19, array([ 0.4768, -0.0383]), array([ 0.47411429, -0.04175714]), 0.7854, 0.0]
[19, array([ 0.4768, -0.0383]), array([ 0.47455714, -0.04175714]), 0.7854, 0.0]
[19, array([ 0.4768, -0.0383]), array([ 0.475     , -0.04175714]), 0.7854, 0.0]
[19, array([ 0.4768, -0.0383]), array([ 0.47544286, -0.04175714]), 0.7854, 0.0]
[19, array([ 0.4768, -0.0383]), array([ 0.47588571, -0.04175714]), 0.7854, 0.0]
[19, array([ 0.4768, -0.0383]), array([ 0.47632857, -0.04175714]), 0.7854, 0.0]
[19, array([ 0.4768, -0.0383]), array([ 0.47677143, -0.04175714]), 0.7854, 0.0]
[19, array([ 0.4768, -0.0383]), array([ 0.47721429, -0.04175714]), 0.7854, 0.0]
[19, array([ 0.4768, -0.0383]), array([ 0.47765714, -0.04175714]), 0.7854, 0.0]
[19, array([ 0.4768, -0.0383]), array([ 0.4781    , -0.04175714]), 0.7854, 0.0]
[19, array([ 0.4768, -0.0383]), array([ 0.4688    , -0.04131429]), 0.7854, 0.0]
[19, array([ 0.4768, -0.0383]), array([ 0.46924286, -0.04131429]), 0.7854, 0.0]
[19, array([ 0.4768, -0.0383]), array([ 0.46968571, -0.04131429]), 0.7854, 1.0]
[19, array([ 0.4768, -0.0383]), array([ 0.47012857, -0.04131429]), 0.7854, 0.0]
[19, array([ 0.4768, -0.0383]), array([ 0.47057143, -0.04131429]), 0.7854, 0.0]
[19, array([ 0.4768, -0.0383]), array([ 0.47101429, -0.04131429]), 0.7854, 0.0]
[19, array([ 0.4768, -0.0383]), array([ 0.47145714, -0.04131429]), 0.7854, 0.0]
[19, array([ 0.4768, -0.0383]), array([ 0.4719    , -0.04131429]), 0.7854, 0.0]
[19, array([ 0.4768, -0.0383]), array([ 0.47234286, -0.04131429]), 0.7854, 0.0]
[19, array([ 0.4768, -0.0383]), array([ 0.47278571, -0.04131429]), 0.7854, 0.0]
[19, array([ 0.4768, -0.0383]), array([ 0.47322857, -0.04131429]), 0.7854, 0.0]
[19, array([ 0.4768, -0.0383]), array([ 0.47367143, -0.04131429]), 0.7854, 0.0]
[19, array([ 0.4768, -0.0383]), array([ 0.47411429, -0.04131429]), 0.7854, 0.0]
[19, array([ 0.4768, -0.0383]), array([ 0.47455714, -0.04131429]), 0.7854, 0.0]
[19, array([ 0.4768, -0.0383]), array([ 0.475     , -0.04131429]), 0.7854, 0.0]
[19, array([ 0.4768, -0.0383]), array([ 0.47544286, -0.04131429]), 0.7854, 0.0]
[19, array([ 0.4768, -0.0383]), array([ 0.47588571, -0.04131429]), 0.7854, 0.0]
[19, array([ 0.4768, -0.0383]), array([ 0.47632857, -0.04131429]), 0.7854, 0.0]
[19, array([ 0.4768, -0.0383]), array([ 0.47677143, -0.04131429]), 0.7854, 0.0]
[19, array([ 0.4768, -0.0383]), array([ 0.47721429, -0.04131429]), 0.7854, 0.0]
[19, array([ 0.4768, -0.0383]), array([ 0.47765714, -0.04131429]), 0.7854, 0.0]
[19, array([ 0.4768, -0.0383]), array([ 0.4781    , -0.04131429]), 0.7854, 0.0]
[19, array([ 0.4768, -0.0383]), array([ 0.4688    , -0.04087143]), 0.7854, 0.0]
[19, array([ 0.4768, -0.0383]), array([ 0.46924286, -0.04087143]), 0.7854, 1.0]
[19, array([ 0.4768, -0.0383]), array([ 0.46968571, -0.04087143]), 0.7854, 0.0]
[19, array([ 0.4768, -0.0383]), array([ 0.47012857, -0.04087143]), 0.7854, 0.0]
[19, array([ 0.4768, -0.0383]), array([ 0.47057143, -0.04087143]), 0.7854, 0.0]
[19, array([ 0.4768, -0.0383]), array([ 0.47101429, -0.04087143]), 0.7854, 0.0]
[19, array([ 0.4768, -0.0383]), array([ 0.47145714, -0.04087143]), 0.7854, 0.0]
[19, array([ 0.4768, -0.0383]), array([ 0.4719    , -0.04087143]), 0.7854, 0.0]
[19, array([ 0.4768, -0.0383]), array([ 0.47234286, -0.04087143]), 0.7854, 0.0]
[19, array([ 0.4768, -0.0383]), array([ 0.47278571, -0.04087143]), 0.7854, 0.0]
[19, array([ 0.4768, -0.0383]), array([ 0.47322857, -0.04087143]), 0.7854, 0.0]
[19, array([ 0.4768, -0.0383]), array([ 0.47367143, -0.04087143]), 0.7854, 0.0]
[19, array([ 0.4768, -0.0383]), array([ 0.47411429, -0.04087143]), 0.7854, 1.0]
[19, array([ 0.4768, -0.0383]), array([ 0.47455714, -0.04087143]), 0.7854, 0.0]
[19, array([ 0.4768, -0.0383]), array([ 0.475     , -0.04087143]), 0.7854, 0.0]
[19, array([ 0.4768, -0.0383]), array([ 0.47544286, -0.04087143]), 0.7854, 1.0]
[19, array([ 0.4768, -0.0383]), array([ 0.47588571, -0.04087143]), 0.7854, 0.0]
[19, array([ 0.4768, -0.0383]), array([ 0.47632857, -0.04087143]), 0.7854, 1.0]
[19, array([ 0.4768, -0.0383]), array([ 0.47677143, -0.04087143]), 0.7854, 1.0]
[19, array([ 0.4768, -0.0383]), array([ 0.47721429, -0.04087143]), 0.7854, 1.0]
[19, array([ 0.4768, -0.0383]), array([ 0.47765714, -0.04087143]), 0.7854, 0.0]
[19, array([ 0.4768, -0.0383]), array([ 0.4781    , -0.04087143]), 0.7854, 0.0]
[19, array([ 0.4768, -0.0383]), array([ 0.4688    , -0.04042857]), 0.7854, 0.0]
[19, array([ 0.4768, -0.0383]), array([ 0.46924286, -0.04042857]), 0.7854, 0.0]
[19, array([ 0.4768, -0.0383]), array([ 0.46968571, -0.04042857]), 0.7854, 1.0]
[19, array([ 0.4768, -0.0383]), array([ 0.47012857, -0.04042857]), 0.7854, 1.0]
[19, array([ 0.4768, -0.0383]), array([ 0.47057143, -0.04042857]), 0.7854, 0.0]
[19, array([ 0.4768, -0.0383]), array([ 0.47101429, -0.04042857]), 0.7854, 1.0]
[19, array([ 0.4768, -0.0383]), array([ 0.47145714, -0.04042857]), 0.7854, 1.0]
[19, array([ 0.4768, -0.0383]), array([ 0.4719    , -0.04042857]), 0.7854, 0.0]
[19, array([ 0.4768, -0.0383]), array([ 0.47234286, -0.04042857]), 0.7854, 0.0]
[19, array([ 0.4768, -0.0383]), array([ 0.47278571, -0.04042857]), 0.7854, 0.0]
[19, array([ 0.4768, -0.0383]), array([ 0.47322857, -0.04042857]), 0.7854, 0.0]
[19, array([ 0.4768, -0.0383]), array([ 0.47367143, -0.04042857]), 0.7854, 0.0]
[19, array([ 0.4768, -0.0383]), array([ 0.47411429, -0.04042857]), 0.7854, 0.0]
[19, array([ 0.4768, -0.0383]), array([ 0.47455714, -0.04042857]), 0.7854, 0.0]
[19, array([ 0.4768, -0.0383]), array([ 0.475     , -0.04042857]), 0.7854, 0.0]
[19, array([ 0.4768, -0.0383]), array([ 0.47544286, -0.04042857]), 0.7854, 0.0]
[19, array([ 0.4768, -0.0383]), array([ 0.47588571, -0.04042857]), 0.7854, 0.0]
[19, array([ 0.4768, -0.0383]), array([ 0.47632857, -0.04042857]), 0.7854, 0.0]
[19, array([ 0.4768, -0.0383]), array([ 0.47677143, -0.04042857]), 0.7854, 1.0]
[19, array([ 0.4768, -0.0383]), array([ 0.47721429, -0.04042857]), 0.7854, 0.0]
[19, array([ 0.4768, -0.0383]), array([ 0.47765714, -0.04042857]), 0.7854, 1.0]
[19, array([ 0.4768, -0.0383]), array([ 0.4781    , -0.04042857]), 0.7854, 0.0]
[19, array([ 0.4768, -0.0383]), array([ 0.4688    , -0.03998571]), 0.7854, 0.0]
[19, array([ 0.4768, -0.0383]), array([ 0.46924286, -0.03998571]), 0.7854, 0.0]
[19, array([ 0.4768, -0.0383]), array([ 0.46968571, -0.03998571]), 0.7854, 0.0]
[19, array([ 0.4768, -0.0383]), array([ 0.47012857, -0.03998571]), 0.7854, 0.0]
[19, array([ 0.4768, -0.0383]), array([ 0.47057143, -0.03998571]), 0.7854, 1.0]
[19, array([ 0.4768, -0.0383]), array([ 0.47101429, -0.03998571]), 0.7854, 1.0]
[19, array([ 0.4768, -0.0383]), array([ 0.47145714, -0.03998571]), 0.7854, 1.0]
[19, array([ 0.4768, -0.0383]), array([ 0.4719    , -0.03998571]), 0.7854, 0.0]
[19, array([ 0.4768, -0.0383]), array([ 0.47234286, -0.03998571]), 0.7854, 0.0]
[19, array([ 0.4768, -0.0383]), array([ 0.47278571, -0.03998571]), 0.7854, 0.0]
[19, array([ 0.4768, -0.0383]), array([ 0.47322857, -0.03998571]), 0.7854, 0.0]
[19, array([ 0.4768, -0.0383]), array([ 0.47367143, -0.03998571]), 0.7854, 1.0]
[19, array([ 0.4768, -0.0383]), array([ 0.47411429, -0.03998571]), 0.7854, 0.0]
[19, array([ 0.4768, -0.0383]), array([ 0.47455714, -0.03998571]), 0.7854, 0.0]
[19, array([ 0.4768, -0.0383]), array([ 0.475     , -0.03998571]), 0.7854, 0.0]
[19, array([ 0.4768, -0.0383]), array([ 0.47544286, -0.03998571]), 0.7854, 0.0]
[19, array([ 0.4768, -0.0383]), array([ 0.47588571, -0.03998571]), 0.7854, 1.0]
[19, array([ 0.4768, -0.0383]), array([ 0.47632857, -0.03998571]), 0.7854, 1.0]
[19, array([ 0.4768, -0.0383]), array([ 0.47677143, -0.03998571]), 0.7854, 1.0]
[19, array([ 0.4768, -0.0383]), array([ 0.47721429, -0.03998571]), 0.7854, 0.0]
[19, array([ 0.4768, -0.0383]), array([ 0.47765714, -0.03998571]), 0.7854, 1.0]
[19, array([ 0.4768, -0.0383]), array([ 0.4781    , -0.03998571]), 0.7854, 1.0]
[19, array([ 0.4768, -0.0383]), array([ 0.4688    , -0.03954286]), 0.7854, 0.0]
[19, array([ 0.4768, -0.0383]), array([ 0.46924286, -0.03954286]), 0.7854, 0.0]
[19, array([ 0.4768, -0.0383]), array([ 0.46968571, -0.03954286]), 0.7854, 0.0]
[19, array([ 0.4768, -0.0383]), array([ 0.47012857, -0.03954286]), 0.7854, 1.0]
[19, array([ 0.4768, -0.0383]), array([ 0.47057143, -0.03954286]), 0.7854, 0.0]
[19, array([ 0.4768, -0.0383]), array([ 0.47101429, -0.03954286]), 0.7854, 1.0]
[19, array([ 0.4768, -0.0383]), array([ 0.47145714, -0.03954286]), 0.7854, 0.0]
[19, array([ 0.4768, -0.0383]), array([ 0.4719    , -0.03954286]), 0.7854, 1.0]
[19, array([ 0.4768, -0.0383]), array([ 0.47234286, -0.03954286]), 0.7854, 0.0]
[19, array([ 0.4768, -0.0383]), array([ 0.47278571, -0.03954286]), 0.7854, 0.0]
[19, array([ 0.4768, -0.0383]), array([ 0.47322857, -0.03954286]), 0.7854, 0.0]
[19, array([ 0.4768, -0.0383]), array([ 0.47367143, -0.03954286]), 0.7854, 0.0]
[19, array([ 0.4768, -0.0383]), array([ 0.47411429, -0.03954286]), 0.7854, 1.0]
[19, array([ 0.4768, -0.0383]), array([ 0.47455714, -0.03954286]), 0.7854, 1.0]
[19, array([ 0.4768, -0.0383]), array([ 0.475     , -0.03954286]), 0.7854, 1.0]
[19, array([ 0.4768, -0.0383]), array([ 0.47544286, -0.03954286]), 0.7854, 0.0]
[19, array([ 0.4768, -0.0383]), array([ 0.47588571, -0.03954286]), 0.7854, 0.0]
[19, array([ 0.4768, -0.0383]), array([ 0.47632857, -0.03954286]), 0.7854, 0.0]
[19, array([ 0.4768, -0.0383]), array([ 0.47677143, -0.03954286]), 0.7854, 1.0]
[19, array([ 0.4768, -0.0383]), array([ 0.47721429, -0.03954286]), 0.7854, 1.0]
[19, array([ 0.4768, -0.0383]), array([ 0.47765714, -0.03954286]), 0.7854, 1.0]
[19, array([ 0.4768, -0.0383]), array([ 0.4781    , -0.03954286]), 0.7854, 1.0]
[19, array([ 0.4768, -0.0383]), array([ 0.4688, -0.0391]), 0.7854, 0.0]
[19, array([ 0.4768, -0.0383]), array([ 0.46924286, -0.0391    ]), 0.7854, 0.0]
[19, array([ 0.4768, -0.0383]), array([ 0.46968571, -0.0391    ]), 0.7854, 0.0]
[19, array([ 0.4768, -0.0383]), array([ 0.47012857, -0.0391    ]), 0.7854, 0.0]
[19, array([ 0.4768, -0.0383]), array([ 0.47057143, -0.0391    ]), 0.7854, 1.0]
[19, array([ 0.4768, -0.0383]), array([ 0.47101429, -0.0391    ]), 0.7854, 0.0]
[19, array([ 0.4768, -0.0383]), array([ 0.47145714, -0.0391    ]), 0.7854, 1.0]
[19, array([ 0.4768, -0.0383]), array([ 0.4719, -0.0391]), 0.7854, 0.0]
[19, array([ 0.4768, -0.0383]), array([ 0.47234286, -0.0391    ]), 0.7854, 1.0]
[19, array([ 0.4768, -0.0383]), array([ 0.47278571, -0.0391    ]), 0.7854, 1.0]
[19, array([ 0.4768, -0.0383]), array([ 0.47322857, -0.0391    ]), 0.7854, 1.0]
[19, array([ 0.4768, -0.0383]), array([ 0.47367143, -0.0391    ]), 0.7854, 0.0]
[19, array([ 0.4768, -0.0383]), array([ 0.47411429, -0.0391    ]), 0.7854, 0.0]
[19, array([ 0.4768, -0.0383]), array([ 0.47455714, -0.0391    ]), 0.7854, 0.0]
[19, array([ 0.4768, -0.0383]), array([ 0.475 , -0.0391]), 0.7854, 0.0]
[19, array([ 0.4768, -0.0383]), array([ 0.47544286, -0.0391    ]), 0.7854, 0.0]
[19, array([ 0.4768, -0.0383]), array([ 0.47588571, -0.0391    ]), 0.7854, 0.0]
[19, array([ 0.4768, -0.0383]), array([ 0.47632857, -0.0391    ]), 0.7854, 0.0]
[19, array([ 0.4768, -0.0383]), array([ 0.47677143, -0.0391    ]), 0.7854, 1.0]
[19, array([ 0.4768, -0.0383]), array([ 0.47721429, -0.0391    ]), 0.7854, 1.0]
[19, array([ 0.4768, -0.0383]), array([ 0.47765714, -0.0391    ]), 0.7854, 1.0]
[19, array([ 0.4768, -0.0383]), array([ 0.4781, -0.0391]), 0.7854, 1.0]
[6, array([ 0.5104, -0.0156]), array([ 0.5  , -0.025]), 0.7854, 0.0]
[6, array([ 0.5104, -0.0156]), array([ 0.50044762, -0.025     ]), 0.7854, 0.0]
[6, array([ 0.5104, -0.0156]), array([ 0.50089524, -0.025     ]), 0.7854, 0.0]
[6, array([ 0.5104, -0.0156]), array([ 0.50134286, -0.025     ]), 0.7854, 0.0]
[6, array([ 0.5104, -0.0156]), array([ 0.50179048, -0.025     ]), 0.7854, 0.0]
[6, array([ 0.5104, -0.0156]), array([ 0.5022381, -0.025    ]), 0.7854, 0.0]
[6, array([ 0.5104, -0.0156]), array([ 0.50268571, -0.025     ]), 0.7854, 0.0]
[6, array([ 0.5104, -0.0156]), array([ 0.50313333, -0.025     ]), 0.7854, 0.0]
[6, array([ 0.5104, -0.0156]), array([ 0.50358095, -0.025     ]), 0.7854, 0.0]
[6, array([ 0.5104, -0.0156]), array([ 0.50402857, -0.025     ]), 0.7854, 0.0]
[6, array([ 0.5104, -0.0156]), array([ 0.50447619, -0.025     ]), 0.7854, 0.0]
[6, array([ 0.5104, -0.0156]), array([ 0.50492381, -0.025     ]), 0.7854, 0.0]
[6, array([ 0.5104, -0.0156]), array([ 0.50537143, -0.025     ]), 0.7854, 0.0]
[6, array([ 0.5104, -0.0156]), array([ 0.50581905, -0.025     ]), 0.7854, 0.0]
[6, array([ 0.5104, -0.0156]), array([ 0.50626667, -0.025     ]), 0.7854, 0.0]
[6, array([ 0.5104, -0.0156]), array([ 0.50671429, -0.025     ]), 0.7854, 0.0]
[6, array([ 0.5104, -0.0156]), array([ 0.5071619, -0.025    ]), 0.7854, 0.0]
[6, array([ 0.5104, -0.0156]), array([ 0.50760952, -0.025     ]), 0.7854, 0.0]
[6, array([ 0.5104, -0.0156]), array([ 0.50805714, -0.025     ]), 0.7854, 0.0]
[6, array([ 0.5104, -0.0156]), array([ 0.50850476, -0.025     ]), 0.7854, 0.0]
[6, array([ 0.5104, -0.0156]), array([ 0.50895238, -0.025     ]), 0.7854, 0.0]
[6, array([ 0.5104, -0.0156]), array([ 0.5094, -0.025 ]), 0.7854, 0.0]
[6, array([ 0.5104, -0.0156]), array([ 0.5       , -0.02455238]), 0.7854, 0.0]
[6, array([ 0.5104, -0.0156]), array([ 0.50044762, -0.02455238]), 0.7854, 0.0]
[6, array([ 0.5104, -0.0156]), array([ 0.50089524, -0.02455238]), 0.7854, 0.0]
[6, array([ 0.5104, -0.0156]), array([ 0.50134286, -0.02455238]), 0.7854, 0.0]
[6, array([ 0.5104, -0.0156]), array([ 0.50179048, -0.02455238]), 0.7854, 0.0]
[6, array([ 0.5104, -0.0156]), array([ 0.5022381 , -0.02455238]), 0.7854, 0.0]
[6, array([ 0.5104, -0.0156]), array([ 0.50268571, -0.02455238]), 0.7854, 0.0]
[6, array([ 0.5104, -0.0156]), array([ 0.50313333, -0.02455238]), 0.7854, 0.0]
[6, array([ 0.5104, -0.0156]), array([ 0.50358095, -0.02455238]), 0.7854, 0.0]
[6, array([ 0.5104, -0.0156]), array([ 0.50402857, -0.02455238]), 0.7854, 0.0]
[6, array([ 0.5104, -0.0156]), array([ 0.50447619, -0.02455238]), 0.7854, 0.0]
[6, array([ 0.5104, -0.0156]), array([ 0.50492381, -0.02455238]), 0.7854, 0.0]
[6, array([ 0.5104, -0.0156]), array([ 0.50537143, -0.02455238]), 0.7854, 0.0]
[6, array([ 0.5104, -0.0156]), array([ 0.50581905, -0.02455238]), 0.7854, 0.0]
[6, array([ 0.5104, -0.0156]), array([ 0.50626667, -0.02455238]), 0.7854, 0.0]
[6, array([ 0.5104, -0.0156]), array([ 0.50671429, -0.02455238]), 0.7854, 0.0]
[6, array([ 0.5104, -0.0156]), array([ 0.5071619 , -0.02455238]), 0.7854, 0.0]
[6, array([ 0.5104, -0.0156]), array([ 0.50760952, -0.02455238]), 0.7854, 0.0]
[6, array([ 0.5104, -0.0156]), array([ 0.50805714, -0.02455238]), 0.7854, 0.0]
[6, array([ 0.5104, -0.0156]), array([ 0.50850476, -0.02455238]), 0.7854, 0.0]
[6, array([ 0.5104, -0.0156]), array([ 0.50895238, -0.02455238]), 0.7854, 0.0]
[6, array([ 0.5104, -0.0156]), array([ 0.5094    , -0.02455238]), 0.7854, 0.0]
[6, array([ 0.5104, -0.0156]), array([ 0.5       , -0.02410476]), 0.7854, 0.0]
[6, array([ 0.5104, -0.0156]), array([ 0.50044762, -0.02410476]), 0.7854, 0.0]
[6, array([ 0.5104, -0.0156]), array([ 0.50089524, -0.02410476]), 0.7854, 0.0]
[6, array([ 0.5104, -0.0156]), array([ 0.50134286, -0.02410476]), 0.7854, 0.0]
[6, array([ 0.5104, -0.0156]), array([ 0.50179048, -0.02410476]), 0.7854, 0.0]
[6, array([ 0.5104, -0.0156]), array([ 0.5022381 , -0.02410476]), 0.7854, 0.0]
[6, array([ 0.5104, -0.0156]), array([ 0.50268571, -0.02410476]), 0.7854, 0.0]
[6, array([ 0.5104, -0.0156]), array([ 0.50313333, -0.02410476]), 0.7854, 0.0]
[6, array([ 0.5104, -0.0156]), array([ 0.50358095, -0.02410476]), 0.7854, 0.0]
[6, array([ 0.5104, -0.0156]), array([ 0.50402857, -0.02410476]), 0.7854, 0.0]
[6, array([ 0.5104, -0.0156]), array([ 0.50447619, -0.02410476]), 0.7854, 0.0]
[6, array([ 0.5104, -0.0156]), array([ 0.50492381, -0.02410476]), 0.7854, 0.0]
[6, array([ 0.5104, -0.0156]), array([ 0.50537143, -0.02410476]), 0.7854, 0.0]
[6, array([ 0.5104, -0.0156]), array([ 0.50581905, -0.02410476]), 0.7854, 0.0]
[6, array([ 0.5104, -0.0156]), array([ 0.50626667, -0.02410476]), 0.7854, 0.0]
[6, array([ 0.5104, -0.0156]), array([ 0.50671429, -0.02410476]), 0.7854, 0.0]
[6, array([ 0.5104, -0.0156]), array([ 0.5071619 , -0.02410476]), 0.7854, 0.0]
[6, array([ 0.5104, -0.0156]), array([ 0.50760952, -0.02410476]), 0.7854, 0.0]
[6, array([ 0.5104, -0.0156]), array([ 0.50805714, -0.02410476]), 0.7854, 0.0]
[6, array([ 0.5104, -0.0156]), array([ 0.50850476, -0.02410476]), 0.7854, 0.0]
[6, array([ 0.5104, -0.0156]), array([ 0.50895238, -0.02410476]), 0.7854, 0.0]
[6, array([ 0.5104, -0.0156]), array([ 0.5094    , -0.02410476]), 0.7854, 0.0]
[6, array([ 0.5104, -0.0156]), array([ 0.5       , -0.02365714]), 0.7854, 0.0]
[6, array([ 0.5104, -0.0156]), array([ 0.50044762, -0.02365714]), 0.7854, 0.0]
[6, array([ 0.5104, -0.0156]), array([ 0.50089524, -0.02365714]), 0.7854, 0.0]
[6, array([ 0.5104, -0.0156]), array([ 0.50134286, -0.02365714]), 0.7854, 0.0]
[6, array([ 0.5104, -0.0156]), array([ 0.50179048, -0.02365714]), 0.7854, 0.0]
[6, array([ 0.5104, -0.0156]), array([ 0.5022381 , -0.02365714]), 0.7854, 0.0]
[6, array([ 0.5104, -0.0156]), array([ 0.50268571, -0.02365714]), 0.7854, 0.0]
[6, array([ 0.5104, -0.0156]), array([ 0.50313333, -0.02365714]), 0.7854, 0.0]
[6, array([ 0.5104, -0.0156]), array([ 0.50358095, -0.02365714]), 0.7854, 0.0]
[6, array([ 0.5104, -0.0156]), array([ 0.50402857, -0.02365714]), 0.7854, 0.0]
[6, array([ 0.5104, -0.0156]), array([ 0.50447619, -0.02365714]), 0.7854, 0.0]
[6, array([ 0.5104, -0.0156]), array([ 0.50492381, -0.02365714]), 0.7854, 0.0]
[6, array([ 0.5104, -0.0156]), array([ 0.50537143, -0.02365714]), 0.7854, 0.0]
[6, array([ 0.5104, -0.0156]), array([ 0.50581905, -0.02365714]), 0.7854, 0.0]
[6, array([ 0.5104, -0.0156]), array([ 0.50626667, -0.02365714]), 0.7854, 0.0]
[6, array([ 0.5104, -0.0156]), array([ 0.50671429, -0.02365714]), 0.7854, 0.0]
[6, array([ 0.5104, -0.0156]), array([ 0.5071619 , -0.02365714]), 0.7854, 0.0]
[6, array([ 0.5104, -0.0156]), array([ 0.50760952, -0.02365714]), 0.7854, 0.0]
[6, array([ 0.5104, -0.0156]), array([ 0.50805714, -0.02365714]), 0.7854, 0.0]
[6, array([ 0.5104, -0.0156]), array([ 0.50850476, -0.02365714]), 0.7854, 0.0]
[6, array([ 0.5104, -0.0156]), array([ 0.50895238, -0.02365714]), 0.7854, 0.0]
[6, array([ 0.5104, -0.0156]), array([ 0.5094    , -0.02365714]), 0.7854, 0.0]
[6, array([ 0.5104, -0.0156]), array([ 0.5       , -0.02320952]), 0.7854, 0.0]
[6, array([ 0.5104, -0.0156]), array([ 0.50044762, -0.02320952]), 0.7854, 0.0]
[6, array([ 0.5104, -0.0156]), array([ 0.50089524, -0.02320952]), 0.7854, 0.0]
[6, array([ 0.5104, -0.0156]), array([ 0.50134286, -0.02320952]), 0.7854, 0.0]
[6, array([ 0.5104, -0.0156]), array([ 0.50179048, -0.02320952]), 0.7854, 0.0]
[6, array([ 0.5104, -0.0156]), array([ 0.5022381 , -0.02320952]), 0.7854, 0.0]
[6, array([ 0.5104, -0.0156]), array([ 0.50268571, -0.02320952]), 0.7854, 0.0]
[6, array([ 0.5104, -0.0156]), array([ 0.50313333, -0.02320952]), 0.7854, 0.0]
[6, array([ 0.5104, -0.0156]), array([ 0.50358095, -0.02320952]), 0.7854, 0.0]
[6, array([ 0.5104, -0.0156]), array([ 0.50402857, -0.02320952]), 0.7854, 0.0]
[6, array([ 0.5104, -0.0156]), array([ 0.50447619, -0.02320952]), 0.7854, 0.0]
[6, array([ 0.5104, -0.0156]), array([ 0.50492381, -0.02320952]), 0.7854, 0.0]
[6, array([ 0.5104, -0.0156]), array([ 0.50537143, -0.02320952]), 0.7854, 0.0]
[6, array([ 0.5104, -0.0156]), array([ 0.50581905, -0.02320952]), 0.7854, 0.0]
[6, array([ 0.5104, -0.0156]), array([ 0.50626667, -0.02320952]), 0.7854, 0.0]
[6, array([ 0.5104, -0.0156]), array([ 0.50671429, -0.02320952]), 0.7854, 0.0]
[6, array([ 0.5104, -0.0156]), array([ 0.5071619 , -0.02320952]), 0.7854, 0.0]
[6, array([ 0.5104, -0.0156]), array([ 0.50760952, -0.02320952]), 0.7854, 0.0]
[6, array([ 0.5104, -0.0156]), array([ 0.50805714, -0.02320952]), 0.7854, 0.0]
[6, array([ 0.5104, -0.0156]), array([ 0.50850476, -0.02320952]), 0.7854, 0.0]
[6, array([ 0.5104, -0.0156]), array([ 0.50895238, -0.02320952]), 0.7854, 0.0]
[6, array([ 0.5104, -0.0156]), array([ 0.5094    , -0.02320952]), 0.7854, 0.0]
[6, array([ 0.5104, -0.0156]), array([ 0.5      , -0.0227619]), 0.7854, 0.0]
[6, array([ 0.5104, -0.0156]), array([ 0.50044762, -0.0227619 ]), 0.7854, 0.0]
[6, array([ 0.5104, -0.0156]), array([ 0.50089524, -0.0227619 ]), 0.7854, 0.0]
[6, array([ 0.5104, -0.0156]), array([ 0.50134286, -0.0227619 ]), 0.7854, 0.0]
[6, array([ 0.5104, -0.0156]), array([ 0.50179048, -0.0227619 ]), 0.7854, 0.0]
[6, array([ 0.5104, -0.0156]), array([ 0.5022381, -0.0227619]), 0.7854, 0.0]
[6, array([ 0.5104, -0.0156]), array([ 0.50268571, -0.0227619 ]), 0.7854, 0.0]
[6, array([ 0.5104, -0.0156]), array([ 0.50313333, -0.0227619 ]), 0.7854, 0.0]
[6, array([ 0.5104, -0.0156]), array([ 0.50358095, -0.0227619 ]), 0.7854, 0.0]
[6, array([ 0.5104, -0.0156]), array([ 0.50402857, -0.0227619 ]), 0.7854, 0.0]
[6, array([ 0.5104, -0.0156]), array([ 0.50447619, -0.0227619 ]), 0.7854, 0.0]
[6, array([ 0.5104, -0.0156]), array([ 0.50492381, -0.0227619 ]), 0.7854, 0.0]
[6, array([ 0.5104, -0.0156]), array([ 0.50537143, -0.0227619 ]), 0.7854, 0.0]
[6, array([ 0.5104, -0.0156]), array([ 0.50581905, -0.0227619 ]), 0.7854, 0.0]
[6, array([ 0.5104, -0.0156]), array([ 0.50626667, -0.0227619 ]), 0.7854, 0.0]
[6, array([ 0.5104, -0.0156]), array([ 0.50671429, -0.0227619 ]), 0.7854, 0.0]
[6, array([ 0.5104, -0.0156]), array([ 0.5071619, -0.0227619]), 0.7854, 0.0]
[6, array([ 0.5104, -0.0156]), array([ 0.50760952, -0.0227619 ]), 0.7854, 0.0]
[6, array([ 0.5104, -0.0156]), array([ 0.50805714, -0.0227619 ]), 0.7854, 0.0]
[6, array([ 0.5104, -0.0156]), array([ 0.50850476, -0.0227619 ]), 0.7854, 0.0]
[6, array([ 0.5104, -0.0156]), array([ 0.50895238, -0.0227619 ]), 0.7854, 0.0]
[6, array([ 0.5104, -0.0156]), array([ 0.5094   , -0.0227619]), 0.7854, 0.0]
[6, array([ 0.5104, -0.0156]), array([ 0.5       , -0.02231429]), 0.7854, 0.0]
[6, array([ 0.5104, -0.0156]), array([ 0.50044762, -0.02231429]), 0.7854, 0.0]
[6, array([ 0.5104, -0.0156]), array([ 0.50089524, -0.02231429]), 0.7854, 0.0]
[6, array([ 0.5104, -0.0156]), array([ 0.50134286, -0.02231429]), 0.7854, 0.0]
[6, array([ 0.5104, -0.0156]), array([ 0.50179048, -0.02231429]), 0.7854, 0.0]
[6, array([ 0.5104, -0.0156]), array([ 0.5022381 , -0.02231429]), 0.7854, 0.0]
[6, array([ 0.5104, -0.0156]), array([ 0.50268571, -0.02231429]), 0.7854, 0.0]
[6, array([ 0.5104, -0.0156]), array([ 0.50313333, -0.02231429]), 0.7854, 0.0]
[6, array([ 0.5104, -0.0156]), array([ 0.50358095, -0.02231429]), 0.7854, 0.0]
[6, array([ 0.5104, -0.0156]), array([ 0.50402857, -0.02231429]), 0.7854, 0.0]
[6, array([ 0.5104, -0.0156]), array([ 0.50447619, -0.02231429]), 0.7854, 0.0]
[6, array([ 0.5104, -0.0156]), array([ 0.50492381, -0.02231429]), 0.7854, 0.0]
[6, array([ 0.5104, -0.0156]), array([ 0.50537143, -0.02231429]), 0.7854, 0.0]
[6, array([ 0.5104, -0.0156]), array([ 0.50581905, -0.02231429]), 0.7854, 0.0]
[6, array([ 0.5104, -0.0156]), array([ 0.50626667, -0.02231429]), 0.7854, 0.0]
[6, array([ 0.5104, -0.0156]), array([ 0.50671429, -0.02231429]), 0.7854, 0.0]
[6, array([ 0.5104, -0.0156]), array([ 0.5071619 , -0.02231429]), 0.7854, 0.0]
[6, array([ 0.5104, -0.0156]), array([ 0.50760952, -0.02231429]), 0.7854, 0.0]
[6, array([ 0.5104, -0.0156]), array([ 0.50805714, -0.02231429]), 0.7854, 0.0]
[6, array([ 0.5104, -0.0156]), array([ 0.50850476, -0.02231429]), 0.7854, 0.0]
[6, array([ 0.5104, -0.0156]), array([ 0.50895238, -0.02231429]), 0.7854, 0.0]
[6, array([ 0.5104, -0.0156]), array([ 0.5094    , -0.02231429]), 0.7854, 0.0]
[6, array([ 0.5104, -0.0156]), array([ 0.5       , -0.02186667]), 0.7854, 0.0]
[6, array([ 0.5104, -0.0156]), array([ 0.50044762, -0.02186667]), 0.7854, 0.0]
[6, array([ 0.5104, -0.0156]), array([ 0.50089524, -0.02186667]), 0.7854, 0.0]
[6, array([ 0.5104, -0.0156]), array([ 0.50134286, -0.02186667]), 0.7854, 0.0]
[6, array([ 0.5104, -0.0156]), array([ 0.50179048, -0.02186667]), 0.7854, 0.0]
[6, array([ 0.5104, -0.0156]), array([ 0.5022381 , -0.02186667]), 0.7854, 0.0]
[6, array([ 0.5104, -0.0156]), array([ 0.50268571, -0.02186667]), 0.7854, 0.0]
[6, array([ 0.5104, -0.0156]), array([ 0.50313333, -0.02186667]), 0.7854, 0.0]
[6, array([ 0.5104, -0.0156]), array([ 0.50358095, -0.02186667]), 0.7854, 0.0]
[6, array([ 0.5104, -0.0156]), array([ 0.50402857, -0.02186667]), 0.7854, 0.0]
[6, array([ 0.5104, -0.0156]), array([ 0.50447619, -0.02186667]), 0.7854, 0.0]
[6, array([ 0.5104, -0.0156]), array([ 0.50492381, -0.02186667]), 0.7854, 0.0]
[6, array([ 0.5104, -0.0156]), array([ 0.50537143, -0.02186667]), 0.7854, 0.0]
[6, array([ 0.5104, -0.0156]), array([ 0.50581905, -0.02186667]), 0.7854, 0.0]
[6, array([ 0.5104, -0.0156]), array([ 0.50626667, -0.02186667]), 0.7854, 0.0]
[6, array([ 0.5104, -0.0156]), array([ 0.50671429, -0.02186667]), 0.7854, 0.0]
[6, array([ 0.5104, -0.0156]), array([ 0.5071619 , -0.02186667]), 0.7854, 0.0]
[6, array([ 0.5104, -0.0156]), array([ 0.50760952, -0.02186667]), 0.7854, 0.0]
[6, array([ 0.5104, -0.0156]), array([ 0.50805714, -0.02186667]), 0.7854, 0.0]
[6, array([ 0.5104, -0.0156]), array([ 0.50850476, -0.02186667]), 0.7854, 0.0]
[6, array([ 0.5104, -0.0156]), array([ 0.50895238, -0.02186667]), 0.7854, 0.0]
[6, array([ 0.5104, -0.0156]), array([ 0.5094    , -0.02186667]), 0.7854, 0.0]
[6, array([ 0.5104, -0.0156]), array([ 0.5       , -0.02141905]), 0.7854, 0.0]
[6, array([ 0.5104, -0.0156]), array([ 0.50044762, -0.02141905]), 0.7854, 0.0]
[6, array([ 0.5104, -0.0156]), array([ 0.50089524, -0.02141905]), 0.7854, 0.0]
[6, array([ 0.5104, -0.0156]), array([ 0.50134286, -0.02141905]), 0.7854, 0.0]
[6, array([ 0.5104, -0.0156]), array([ 0.50179048, -0.02141905]), 0.7854, 0.0]
[6, array([ 0.5104, -0.0156]), array([ 0.5022381 , -0.02141905]), 0.7854, 0.0]
[6, array([ 0.5104, -0.0156]), array([ 0.50268571, -0.02141905]), 0.7854, 0.0]
[6, array([ 0.5104, -0.0156]), array([ 0.50313333, -0.02141905]), 0.7854, 0.0]
[6, array([ 0.5104, -0.0156]), array([ 0.50358095, -0.02141905]), 0.7854, 0.0]
[6, array([ 0.5104, -0.0156]), array([ 0.50402857, -0.02141905]), 0.7854, 0.0]
[6, array([ 0.5104, -0.0156]), array([ 0.50447619, -0.02141905]), 0.7854, 0.0]
[6, array([ 0.5104, -0.0156]), array([ 0.50492381, -0.02141905]), 0.7854, 0.0]
[6, array([ 0.5104, -0.0156]), array([ 0.50537143, -0.02141905]), 0.7854, 0.0]
[6, array([ 0.5104, -0.0156]), array([ 0.50581905, -0.02141905]), 0.7854, 0.0]
[6, array([ 0.5104, -0.0156]), array([ 0.50626667, -0.02141905]), 0.7854, 0.0]
[6, array([ 0.5104, -0.0156]), array([ 0.50671429, -0.02141905]), 0.7854, 0.0]
[6, array([ 0.5104, -0.0156]), array([ 0.5071619 , -0.02141905]), 0.7854, 0.0]
[6, array([ 0.5104, -0.0156]), array([ 0.50760952, -0.02141905]), 0.7854, 0.0]
[6, array([ 0.5104, -0.0156]), array([ 0.50805714, -0.02141905]), 0.7854, 0.0]
[6, array([ 0.5104, -0.0156]), array([ 0.50850476, -0.02141905]), 0.7854, 0.0]
[6, array([ 0.5104, -0.0156]), array([ 0.50895238, -0.02141905]), 0.7854, 0.0]
[6, array([ 0.5104, -0.0156]), array([ 0.5094    , -0.02141905]), 0.7854, 0.0]
[6, array([ 0.5104, -0.0156]), array([ 0.5       , -0.02097143]), 0.7854, 0.0]
[6, array([ 0.5104, -0.0156]), array([ 0.50044762, -0.02097143]), 0.7854, 0.0]
[6, array([ 0.5104, -0.0156]), array([ 0.50089524, -0.02097143]), 0.7854, 0.0]
[6, array([ 0.5104, -0.0156]), array([ 0.50134286, -0.02097143]), 0.7854, 0.0]
[6, array([ 0.5104, -0.0156]), array([ 0.50179048, -0.02097143]), 0.7854, 0.0]
[6, array([ 0.5104, -0.0156]), array([ 0.5022381 , -0.02097143]), 0.7854, 0.0]
[6, array([ 0.5104, -0.0156]), array([ 0.50268571, -0.02097143]), 0.7854, 0.0]
[6, array([ 0.5104, -0.0156]), array([ 0.50313333, -0.02097143]), 0.7854, 0.0]
[6, array([ 0.5104, -0.0156]), array([ 0.50358095, -0.02097143]), 0.7854, 0.0]
[6, array([ 0.5104, -0.0156]), array([ 0.50402857, -0.02097143]), 0.7854, 0.0]
[6, array([ 0.5104, -0.0156]), array([ 0.50447619, -0.02097143]), 0.7854, 0.0]
[6, array([ 0.5104, -0.0156]), array([ 0.50492381, -0.02097143]), 0.7854, 0.0]
[6, array([ 0.5104, -0.0156]), array([ 0.50537143, -0.02097143]), 0.7854, 0.0]
[6, array([ 0.5104, -0.0156]), array([ 0.50581905, -0.02097143]), 0.7854, 0.0]
[6, array([ 0.5104, -0.0156]), array([ 0.50626667, -0.02097143]), 0.7854, 0.0]
[6, array([ 0.5104, -0.0156]), array([ 0.50671429, -0.02097143]), 0.7854, 0.0]
[6, array([ 0.5104, -0.0156]), array([ 0.5071619 , -0.02097143]), 0.7854, 0.0]
[6, array([ 0.5104, -0.0156]), array([ 0.50760952, -0.02097143]), 0.7854, 0.0]
[6, array([ 0.5104, -0.0156]), array([ 0.50805714, -0.02097143]), 0.7854, 0.0]
[6, array([ 0.5104, -0.0156]), array([ 0.50850476, -0.02097143]), 0.7854, 0.0]
[6, array([ 0.5104, -0.0156]), array([ 0.50895238, -0.02097143]), 0.7854, 0.0]
[6, array([ 0.5104, -0.0156]), array([ 0.5094    , -0.02097143]), 0.7854, 0.0]
[6, array([ 0.5104, -0.0156]), array([ 0.5       , -0.02052381]), 0.7854, 0.0]
[6, array([ 0.5104, -0.0156]), array([ 0.50044762, -0.02052381]), 0.7854, 0.0]
[6, array([ 0.5104, -0.0156]), array([ 0.50089524, -0.02052381]), 0.7854, 0.0]
[6, array([ 0.5104, -0.0156]), array([ 0.50134286, -0.02052381]), 0.7854, 0.0]
[6, array([ 0.5104, -0.0156]), array([ 0.50179048, -0.02052381]), 0.7854, 0.0]
[6, array([ 0.5104, -0.0156]), array([ 0.5022381 , -0.02052381]), 0.7854, 0.0]
[6, array([ 0.5104, -0.0156]), array([ 0.50268571, -0.02052381]), 0.7854, 0.0]
[6, array([ 0.5104, -0.0156]), array([ 0.50313333, -0.02052381]), 0.7854, 0.0]
[6, array([ 0.5104, -0.0156]), array([ 0.50358095, -0.02052381]), 0.7854, 0.0]
[6, array([ 0.5104, -0.0156]), array([ 0.50402857, -0.02052381]), 0.7854, 0.0]
[6, array([ 0.5104, -0.0156]), array([ 0.50447619, -0.02052381]), 0.7854, 0.0]
[6, array([ 0.5104, -0.0156]), array([ 0.50492381, -0.02052381]), 0.7854, 0.0]
[6, array([ 0.5104, -0.0156]), array([ 0.50537143, -0.02052381]), 0.7854, 0.0]
[6, array([ 0.5104, -0.0156]), array([ 0.50581905, -0.02052381]), 0.7854, 0.0]
[6, array([ 0.5104, -0.0156]), array([ 0.50626667, -0.02052381]), 0.7854, 0.0]
[6, array([ 0.5104, -0.0156]), array([ 0.50671429, -0.02052381]), 0.7854, 0.0]
[6, array([ 0.5104, -0.0156]), array([ 0.5071619 , -0.02052381]), 0.7854, 0.0]
[6, array([ 0.5104, -0.0156]), array([ 0.50760952, -0.02052381]), 0.7854, 0.0]
[6, array([ 0.5104, -0.0156]), array([ 0.50805714, -0.02052381]), 0.7854, 0.0]
[6, array([ 0.5104, -0.0156]), array([ 0.50850476, -0.02052381]), 0.7854, 0.0]
[6, array([ 0.5104, -0.0156]), array([ 0.50895238, -0.02052381]), 0.7854, 0.0]
[6, array([ 0.5104, -0.0156]), array([ 0.5094    , -0.02052381]), 0.7854, 0.0]
[6, array([ 0.5104, -0.0156]), array([ 0.5       , -0.02007619]), 0.7854, 0.0]
[6, array([ 0.5104, -0.0156]), array([ 0.50044762, -0.02007619]), 0.7854, 0.0]
[6, array([ 0.5104, -0.0156]), array([ 0.50089524, -0.02007619]), 0.7854, 0.0]
[6, array([ 0.5104, -0.0156]), array([ 0.50134286, -0.02007619]), 0.7854, 0.0]
[6, array([ 0.5104, -0.0156]), array([ 0.50179048, -0.02007619]), 0.7854, 0.0]
[6, array([ 0.5104, -0.0156]), array([ 0.5022381 , -0.02007619]), 0.7854, 0.0]
[6, array([ 0.5104, -0.0156]), array([ 0.50268571, -0.02007619]), 0.7854, 0.0]
[6, array([ 0.5104, -0.0156]), array([ 0.50313333, -0.02007619]), 0.7854, 0.0]
[6, array([ 0.5104, -0.0156]), array([ 0.50358095, -0.02007619]), 0.7854, 0.0]
[6, array([ 0.5104, -0.0156]), array([ 0.50402857, -0.02007619]), 0.7854, 0.0]
[6, array([ 0.5104, -0.0156]), array([ 0.50447619, -0.02007619]), 0.7854, 0.0]
[6, array([ 0.5104, -0.0156]), array([ 0.50492381, -0.02007619]), 0.7854, 0.0]
[6, array([ 0.5104, -0.0156]), array([ 0.50537143, -0.02007619]), 0.7854, 0.0]
[6, array([ 0.5104, -0.0156]), array([ 0.50581905, -0.02007619]), 0.7854, 0.0]
[6, array([ 0.5104, -0.0156]), array([ 0.50626667, -0.02007619]), 0.7854, 0.0]
[6, array([ 0.5104, -0.0156]), array([ 0.50671429, -0.02007619]), 0.7854, 0.0]
[6, array([ 0.5104, -0.0156]), array([ 0.5071619 , -0.02007619]), 0.7854, 0.0]
[6, array([ 0.5104, -0.0156]), array([ 0.50760952, -0.02007619]), 0.7854, 0.0]
[6, array([ 0.5104, -0.0156]), array([ 0.50805714, -0.02007619]), 0.7854, 0.0]
[6, array([ 0.5104, -0.0156]), array([ 0.50850476, -0.02007619]), 0.7854, 0.0]
[6, array([ 0.5104, -0.0156]), array([ 0.50895238, -0.02007619]), 0.7854, 0.0]
[6, array([ 0.5104, -0.0156]), array([ 0.5094    , -0.02007619]), 0.7854, 0.0]
[6, array([ 0.5104, -0.0156]), array([ 0.5       , -0.01962857]), 0.7854, 0.0]
[6, array([ 0.5104, -0.0156]), array([ 0.50044762, -0.01962857]), 0.7854, 0.0]
[6, array([ 0.5104, -0.0156]), array([ 0.50089524, -0.01962857]), 0.7854, 0.0]
[6, array([ 0.5104, -0.0156]), array([ 0.50134286, -0.01962857]), 0.7854, 0.0]
[6, array([ 0.5104, -0.0156]), array([ 0.50179048, -0.01962857]), 0.7854, 0.0]
[6, array([ 0.5104, -0.0156]), array([ 0.5022381 , -0.01962857]), 0.7854, 0.0]
[6, array([ 0.5104, -0.0156]), array([ 0.50268571, -0.01962857]), 0.7854, 0.0]
[6, array([ 0.5104, -0.0156]), array([ 0.50313333, -0.01962857]), 0.7854, 0.0]
[6, array([ 0.5104, -0.0156]), array([ 0.50358095, -0.01962857]), 0.7854, 0.0]
[6, array([ 0.5104, -0.0156]), array([ 0.50402857, -0.01962857]), 0.7854, 0.0]
[6, array([ 0.5104, -0.0156]), array([ 0.50447619, -0.01962857]), 0.7854, 0.0]
[6, array([ 0.5104, -0.0156]), array([ 0.50492381, -0.01962857]), 0.7854, 0.0]
[6, array([ 0.5104, -0.0156]), array([ 0.50537143, -0.01962857]), 0.7854, 0.0]
[6, array([ 0.5104, -0.0156]), array([ 0.50581905, -0.01962857]), 0.7854, 0.0]
[6, array([ 0.5104, -0.0156]), array([ 0.50626667, -0.01962857]), 0.7854, 0.0]
[6, array([ 0.5104, -0.0156]), array([ 0.50671429, -0.01962857]), 0.7854, 0.0]
[6, array([ 0.5104, -0.0156]), array([ 0.5071619 , -0.01962857]), 0.7854, 0.0]
[6, array([ 0.5104, -0.0156]), array([ 0.50760952, -0.01962857]), 0.7854, 0.0]
[6, array([ 0.5104, -0.0156]), array([ 0.50805714, -0.01962857]), 0.7854, 0.0]
[6, array([ 0.5104, -0.0156]), array([ 0.50850476, -0.01962857]), 0.7854, 0.0]
[6, array([ 0.5104, -0.0156]), array([ 0.50895238, -0.01962857]), 0.7854, 0.0]
[6, array([ 0.5104, -0.0156]), array([ 0.5094    , -0.01962857]), 0.7854, 0.0]
[6, array([ 0.5104, -0.0156]), array([ 0.5       , -0.01918095]), 0.7854, 0.0]
[6, array([ 0.5104, -0.0156]), array([ 0.50044762, -0.01918095]), 0.7854, 0.0]
[6, array([ 0.5104, -0.0156]), array([ 0.50089524, -0.01918095]), 0.7854, 0.0]
[6, array([ 0.5104, -0.0156]), array([ 0.50134286, -0.01918095]), 0.7854, 0.0]
[6, array([ 0.5104, -0.0156]), array([ 0.50179048, -0.01918095]), 0.7854, 0.0]
[6, array([ 0.5104, -0.0156]), array([ 0.5022381 , -0.01918095]), 0.7854, 0.0]
[6, array([ 0.5104, -0.0156]), array([ 0.50268571, -0.01918095]), 0.7854, 0.0]
[6, array([ 0.5104, -0.0156]), array([ 0.50313333, -0.01918095]), 0.7854, 0.0]
[6, array([ 0.5104, -0.0156]), array([ 0.50358095, -0.01918095]), 0.7854, 0.0]
[6, array([ 0.5104, -0.0156]), array([ 0.50402857, -0.01918095]), 0.7854, 0.0]
[6, array([ 0.5104, -0.0156]), array([ 0.50447619, -0.01918095]), 0.7854, 0.0]
[6, array([ 0.5104, -0.0156]), array([ 0.50492381, -0.01918095]), 0.7854, 0.0]
[6, array([ 0.5104, -0.0156]), array([ 0.50537143, -0.01918095]), 0.7854, 0.0]
[6, array([ 0.5104, -0.0156]), array([ 0.50581905, -0.01918095]), 0.7854, 0.0]
[6, array([ 0.5104, -0.0156]), array([ 0.50626667, -0.01918095]), 0.7854, 0.0]
[6, array([ 0.5104, -0.0156]), array([ 0.50671429, -0.01918095]), 0.7854, 0.0]
[6, array([ 0.5104, -0.0156]), array([ 0.5071619 , -0.01918095]), 0.7854, 0.0]
[6, array([ 0.5104, -0.0156]), array([ 0.50760952, -0.01918095]), 0.7854, 0.0]
[6, array([ 0.5104, -0.0156]), array([ 0.50805714, -0.01918095]), 0.7854, 0.0]
[6, array([ 0.5104, -0.0156]), array([ 0.50850476, -0.01918095]), 0.7854, 0.0]
[6, array([ 0.5104, -0.0156]), array([ 0.50895238, -0.01918095]), 0.7854, 0.0]
[6, array([ 0.5104, -0.0156]), array([ 0.5094    , -0.01918095]), 0.7854, 0.0]
[6, array([ 0.5104, -0.0156]), array([ 0.5       , -0.01873333]), 0.7854, 0.0]
[6, array([ 0.5104, -0.0156]), array([ 0.50044762, -0.01873333]), 0.7854, 0.0]
[6, array([ 0.5104, -0.0156]), array([ 0.50089524, -0.01873333]), 0.7854, 0.0]
[6, array([ 0.5104, -0.0156]), array([ 0.50134286, -0.01873333]), 0.7854, 0.0]
[6, array([ 0.5104, -0.0156]), array([ 0.50179048, -0.01873333]), 0.7854, 0.0]
[6, array([ 0.5104, -0.0156]), array([ 0.5022381 , -0.01873333]), 0.7854, 0.0]
[6, array([ 0.5104, -0.0156]), array([ 0.50268571, -0.01873333]), 0.7854, 0.0]
[6, array([ 0.5104, -0.0156]), array([ 0.50313333, -0.01873333]), 0.7854, 0.0]
[6, array([ 0.5104, -0.0156]), array([ 0.50358095, -0.01873333]), 0.7854, 0.0]
[6, array([ 0.5104, -0.0156]), array([ 0.50402857, -0.01873333]), 0.7854, 0.0]
[6, array([ 0.5104, -0.0156]), array([ 0.50447619, -0.01873333]), 0.7854, 0.0]
[6, array([ 0.5104, -0.0156]), array([ 0.50492381, -0.01873333]), 0.7854, 0.0]
[6, array([ 0.5104, -0.0156]), array([ 0.50537143, -0.01873333]), 0.7854, 0.0]
[6, array([ 0.5104, -0.0156]), array([ 0.50581905, -0.01873333]), 0.7854, 0.0]
[6, array([ 0.5104, -0.0156]), array([ 0.50626667, -0.01873333]), 0.7854, 0.0]
[6, array([ 0.5104, -0.0156]), array([ 0.50671429, -0.01873333]), 0.7854, 0.0]
[6, array([ 0.5104, -0.0156]), array([ 0.5071619 , -0.01873333]), 0.7854, 0.0]
[6, array([ 0.5104, -0.0156]), array([ 0.50760952, -0.01873333]), 0.7854, 0.0]
[6, array([ 0.5104, -0.0156]), array([ 0.50805714, -0.01873333]), 0.7854, 0.0]
[6, array([ 0.5104, -0.0156]), array([ 0.50850476, -0.01873333]), 0.7854, 0.0]
[6, array([ 0.5104, -0.0156]), array([ 0.50895238, -0.01873333]), 0.7854, 0.0]
[6, array([ 0.5104, -0.0156]), array([ 0.5094    , -0.01873333]), 0.7854, 0.0]
[6, array([ 0.5104, -0.0156]), array([ 0.5       , -0.01828571]), 0.7854, 0.0]
[6, array([ 0.5104, -0.0156]), array([ 0.50044762, -0.01828571]), 0.7854, 0.0]
[6, array([ 0.5104, -0.0156]), array([ 0.50089524, -0.01828571]), 0.7854, 0.0]
[6, array([ 0.5104, -0.0156]), array([ 0.50134286, -0.01828571]), 0.7854, 0.0]
[6, array([ 0.5104, -0.0156]), array([ 0.50179048, -0.01828571]), 0.7854, 0.0]
[6, array([ 0.5104, -0.0156]), array([ 0.5022381 , -0.01828571]), 0.7854, 0.0]
[6, array([ 0.5104, -0.0156]), array([ 0.50268571, -0.01828571]), 0.7854, 0.0]
[6, array([ 0.5104, -0.0156]), array([ 0.50313333, -0.01828571]), 0.7854, 0.0]
[6, array([ 0.5104, -0.0156]), array([ 0.50358095, -0.01828571]), 0.7854, 0.0]
[6, array([ 0.5104, -0.0156]), array([ 0.50402857, -0.01828571]), 0.7854, 0.0]
[6, array([ 0.5104, -0.0156]), array([ 0.50447619, -0.01828571]), 0.7854, 0.0]
[6, array([ 0.5104, -0.0156]), array([ 0.50492381, -0.01828571]), 0.7854, 0.0]
[6, array([ 0.5104, -0.0156]), array([ 0.50537143, -0.01828571]), 0.7854, 0.0]
[6, array([ 0.5104, -0.0156]), array([ 0.50581905, -0.01828571]), 0.7854, 0.0]
[6, array([ 0.5104, -0.0156]), array([ 0.50626667, -0.01828571]), 0.7854, 0.0]
[6, array([ 0.5104, -0.0156]), array([ 0.50671429, -0.01828571]), 0.7854, 0.0]
[6, array([ 0.5104, -0.0156]), array([ 0.5071619 , -0.01828571]), 0.7854, 0.0]
[6, array([ 0.5104, -0.0156]), array([ 0.50760952, -0.01828571]), 0.7854, 0.0]
[6, array([ 0.5104, -0.0156]), array([ 0.50805714, -0.01828571]), 0.7854, 0.0]
[6, array([ 0.5104, -0.0156]), array([ 0.50850476, -0.01828571]), 0.7854, 0.0]
[6, array([ 0.5104, -0.0156]), array([ 0.50895238, -0.01828571]), 0.7854, 0.0]
[6, array([ 0.5104, -0.0156]), array([ 0.5094    , -0.01828571]), 0.7854, 0.0]
[6, array([ 0.5104, -0.0156]), array([ 0.5      , -0.0178381]), 0.7854, 0.0]
[6, array([ 0.5104, -0.0156]), array([ 0.50044762, -0.0178381 ]), 0.7854, 0.0]
[6, array([ 0.5104, -0.0156]), array([ 0.50089524, -0.0178381 ]), 0.7854, 0.0]
[6, array([ 0.5104, -0.0156]), array([ 0.50134286, -0.0178381 ]), 0.7854, 0.0]
[6, array([ 0.5104, -0.0156]), array([ 0.50179048, -0.0178381 ]), 0.7854, 0.0]
[6, array([ 0.5104, -0.0156]), array([ 0.5022381, -0.0178381]), 0.7854, 0.0]
[6, array([ 0.5104, -0.0156]), array([ 0.50268571, -0.0178381 ]), 0.7854, 0.0]
[6, array([ 0.5104, -0.0156]), array([ 0.50313333, -0.0178381 ]), 0.7854, 0.0]
[6, array([ 0.5104, -0.0156]), array([ 0.50358095, -0.0178381 ]), 0.7854, 0.0]
[6, array([ 0.5104, -0.0156]), array([ 0.50402857, -0.0178381 ]), 0.7854, 0.0]
[6, array([ 0.5104, -0.0156]), array([ 0.50447619, -0.0178381 ]), 0.7854, 0.0]
[6, array([ 0.5104, -0.0156]), array([ 0.50492381, -0.0178381 ]), 0.7854, 0.0]
[6, array([ 0.5104, -0.0156]), array([ 0.50537143, -0.0178381 ]), 0.7854, 0.0]
[6, array([ 0.5104, -0.0156]), array([ 0.50581905, -0.0178381 ]), 0.7854, 0.0]
[6, array([ 0.5104, -0.0156]), array([ 0.50626667, -0.0178381 ]), 0.7854, 0.0]
[6, array([ 0.5104, -0.0156]), array([ 0.50671429, -0.0178381 ]), 0.7854, 0.0]
[6, array([ 0.5104, -0.0156]), array([ 0.5071619, -0.0178381]), 0.7854, 0.0]
[6, array([ 0.5104, -0.0156]), array([ 0.50760952, -0.0178381 ]), 0.7854, 0.0]
[6, array([ 0.5104, -0.0156]), array([ 0.50805714, -0.0178381 ]), 0.7854, 0.0]
[6, array([ 0.5104, -0.0156]), array([ 0.50850476, -0.0178381 ]), 0.7854, 0.0]
[6, array([ 0.5104, -0.0156]), array([ 0.50895238, -0.0178381 ]), 0.7854, 0.0]
[6, array([ 0.5104, -0.0156]), array([ 0.5094   , -0.0178381]), 0.7854, 0.0]
[6, array([ 0.5104, -0.0156]), array([ 0.5       , -0.01739048]), 0.7854, 0.0]
[6, array([ 0.5104, -0.0156]), array([ 0.50044762, -0.01739048]), 0.7854, 0.0]
[6, array([ 0.5104, -0.0156]), array([ 0.50089524, -0.01739048]), 0.7854, 0.0]
[6, array([ 0.5104, -0.0156]), array([ 0.50134286, -0.01739048]), 0.7854, 0.0]
[6, array([ 0.5104, -0.0156]), array([ 0.50179048, -0.01739048]), 0.7854, 0.0]
[6, array([ 0.5104, -0.0156]), array([ 0.5022381 , -0.01739048]), 0.7854, 0.0]
[6, array([ 0.5104, -0.0156]), array([ 0.50268571, -0.01739048]), 0.7854, 0.0]
[6, array([ 0.5104, -0.0156]), array([ 0.50313333, -0.01739048]), 0.7854, 0.0]
[6, array([ 0.5104, -0.0156]), array([ 0.50358095, -0.01739048]), 0.7854, 0.0]
[6, array([ 0.5104, -0.0156]), array([ 0.50402857, -0.01739048]), 0.7854, 0.0]
[6, array([ 0.5104, -0.0156]), array([ 0.50447619, -0.01739048]), 0.7854, 0.0]
[6, array([ 0.5104, -0.0156]), array([ 0.50492381, -0.01739048]), 0.7854, 0.0]
[6, array([ 0.5104, -0.0156]), array([ 0.50537143, -0.01739048]), 0.7854, 0.0]
[6, array([ 0.5104, -0.0156]), array([ 0.50581905, -0.01739048]), 0.7854, 0.0]
[6, array([ 0.5104, -0.0156]), array([ 0.50626667, -0.01739048]), 0.7854, 0.0]
[6, array([ 0.5104, -0.0156]), array([ 0.50671429, -0.01739048]), 0.7854, 0.0]
[6, array([ 0.5104, -0.0156]), array([ 0.5071619 , -0.01739048]), 0.7854, 0.0]
[6, array([ 0.5104, -0.0156]), array([ 0.50760952, -0.01739048]), 0.7854, 0.0]
[6, array([ 0.5104, -0.0156]), array([ 0.50805714, -0.01739048]), 0.7854, 0.0]
[6, array([ 0.5104, -0.0156]), array([ 0.50850476, -0.01739048]), 0.7854, 0.0]
[6, array([ 0.5104, -0.0156]), array([ 0.50895238, -0.01739048]), 0.7854, 0.0]
[6, array([ 0.5104, -0.0156]), array([ 0.5094    , -0.01739048]), 0.7854, 0.0]
[6, array([ 0.5104, -0.0156]), array([ 0.5       , -0.01694286]), 0.7854, 0.0]
[6, array([ 0.5104, -0.0156]), array([ 0.50044762, -0.01694286]), 0.7854, 0.0]
[6, array([ 0.5104, -0.0156]), array([ 0.50089524, -0.01694286]), 0.7854, 0.0]
[6, array([ 0.5104, -0.0156]), array([ 0.50134286, -0.01694286]), 0.7854, 0.0]
[6, array([ 0.5104, -0.0156]), array([ 0.50179048, -0.01694286]), 0.7854, 0.0]
[6, array([ 0.5104, -0.0156]), array([ 0.5022381 , -0.01694286]), 0.7854, 0.0]
[6, array([ 0.5104, -0.0156]), array([ 0.50268571, -0.01694286]), 0.7854, 0.0]
[6, array([ 0.5104, -0.0156]), array([ 0.50313333, -0.01694286]), 0.7854, 0.0]
[6, array([ 0.5104, -0.0156]), array([ 0.50358095, -0.01694286]), 0.7854, 0.0]
[6, array([ 0.5104, -0.0156]), array([ 0.50402857, -0.01694286]), 0.7854, 0.0]
[6, array([ 0.5104, -0.0156]), array([ 0.50447619, -0.01694286]), 0.7854, 0.0]
[6, array([ 0.5104, -0.0156]), array([ 0.50492381, -0.01694286]), 0.7854, 0.0]
[6, array([ 0.5104, -0.0156]), array([ 0.50537143, -0.01694286]), 0.7854, 0.0]
[6, array([ 0.5104, -0.0156]), array([ 0.50581905, -0.01694286]), 0.7854, 0.0]
[6, array([ 0.5104, -0.0156]), array([ 0.50626667, -0.01694286]), 0.7854, 0.0]
[6, array([ 0.5104, -0.0156]), array([ 0.50671429, -0.01694286]), 0.7854, 0.0]
[6, array([ 0.5104, -0.0156]), array([ 0.5071619 , -0.01694286]), 0.7854, 0.0]
[6, array([ 0.5104, -0.0156]), array([ 0.50760952, -0.01694286]), 0.7854, 0.0]
[6, array([ 0.5104, -0.0156]), array([ 0.50805714, -0.01694286]), 0.7854, 0.0]
[6, array([ 0.5104, -0.0156]), array([ 0.50850476, -0.01694286]), 0.7854, 0.0]
[6, array([ 0.5104, -0.0156]), array([ 0.50895238, -0.01694286]), 0.7854, 0.0]
[6, array([ 0.5104, -0.0156]), array([ 0.5094    , -0.01694286]), 0.7854, 0.0]
[6, array([ 0.5104, -0.0156]), array([ 0.5       , -0.01649524]), 0.7854, 0.0]
[6, array([ 0.5104, -0.0156]), array([ 0.50044762, -0.01649524]), 0.7854, 0.0]
[6, array([ 0.5104, -0.0156]), array([ 0.50089524, -0.01649524]), 0.7854, 0.0]
[6, array([ 0.5104, -0.0156]), array([ 0.50134286, -0.01649524]), 0.7854, 0.0]
[6, array([ 0.5104, -0.0156]), array([ 0.50179048, -0.01649524]), 0.7854, 0.0]
[6, array([ 0.5104, -0.0156]), array([ 0.5022381 , -0.01649524]), 0.7854, 0.0]
[6, array([ 0.5104, -0.0156]), array([ 0.50268571, -0.01649524]), 0.7854, 0.0]
[6, array([ 0.5104, -0.0156]), array([ 0.50313333, -0.01649524]), 0.7854, 0.0]
[6, array([ 0.5104, -0.0156]), array([ 0.50358095, -0.01649524]), 0.7854, 0.0]
[6, array([ 0.5104, -0.0156]), array([ 0.50402857, -0.01649524]), 0.7854, 0.0]
[6, array([ 0.5104, -0.0156]), array([ 0.50447619, -0.01649524]), 0.7854, 0.0]
[6, array([ 0.5104, -0.0156]), array([ 0.50492381, -0.01649524]), 0.7854, 0.0]
[6, array([ 0.5104, -0.0156]), array([ 0.50537143, -0.01649524]), 0.7854, 0.0]
[6, array([ 0.5104, -0.0156]), array([ 0.50581905, -0.01649524]), 0.7854, 0.0]
[6, array([ 0.5104, -0.0156]), array([ 0.50626667, -0.01649524]), 0.7854, 0.0]
[6, array([ 0.5104, -0.0156]), array([ 0.50671429, -0.01649524]), 0.7854, 0.0]
[6, array([ 0.5104, -0.0156]), array([ 0.5071619 , -0.01649524]), 0.7854, 0.0]
[6, array([ 0.5104, -0.0156]), array([ 0.50760952, -0.01649524]), 0.7854, 0.0]
[6, array([ 0.5104, -0.0156]), array([ 0.50805714, -0.01649524]), 0.7854, 0.0]
[6, array([ 0.5104, -0.0156]), array([ 0.50850476, -0.01649524]), 0.7854, 0.0]
[6, array([ 0.5104, -0.0156]), array([ 0.50895238, -0.01649524]), 0.7854, 0.0]
[6, array([ 0.5104, -0.0156]), array([ 0.5094    , -0.01649524]), 0.7854, 0.0]
[6, array([ 0.5104, -0.0156]), array([ 0.5       , -0.01604762]), 0.7854, 0.0]
[6, array([ 0.5104, -0.0156]), array([ 0.50044762, -0.01604762]), 0.7854, 0.0]
[6, array([ 0.5104, -0.0156]), array([ 0.50089524, -0.01604762]), 0.7854, 0.0]
[6, array([ 0.5104, -0.0156]), array([ 0.50134286, -0.01604762]), 0.7854, 0.0]
[6, array([ 0.5104, -0.0156]), array([ 0.50179048, -0.01604762]), 0.7854, 0.0]
[6, array([ 0.5104, -0.0156]), array([ 0.5022381 , -0.01604762]), 0.7854, 0.0]
[6, array([ 0.5104, -0.0156]), array([ 0.50268571, -0.01604762]), 0.7854, 0.0]
[6, array([ 0.5104, -0.0156]), array([ 0.50313333, -0.01604762]), 0.7854, 0.0]
[6, array([ 0.5104, -0.0156]), array([ 0.50358095, -0.01604762]), 0.7854, 0.0]
[6, array([ 0.5104, -0.0156]), array([ 0.50402857, -0.01604762]), 0.7854, 0.0]
[6, array([ 0.5104, -0.0156]), array([ 0.50447619, -0.01604762]), 0.7854, 0.0]
[6, array([ 0.5104, -0.0156]), array([ 0.50492381, -0.01604762]), 0.7854, 0.0]
[6, array([ 0.5104, -0.0156]), array([ 0.50537143, -0.01604762]), 0.7854, 0.0]
[6, array([ 0.5104, -0.0156]), array([ 0.50581905, -0.01604762]), 0.7854, 0.0]
[6, array([ 0.5104, -0.0156]), array([ 0.50626667, -0.01604762]), 0.7854, 0.0]
[6, array([ 0.5104, -0.0156]), array([ 0.50671429, -0.01604762]), 0.7854, 0.0]
[6, array([ 0.5104, -0.0156]), array([ 0.5071619 , -0.01604762]), 0.7854, 0.0]
[6, array([ 0.5104, -0.0156]), array([ 0.50760952, -0.01604762]), 0.7854, 0.0]
[6, array([ 0.5104, -0.0156]), array([ 0.50805714, -0.01604762]), 0.7854, 0.0]
[6, array([ 0.5104, -0.0156]), array([ 0.50850476, -0.01604762]), 0.7854, 0.0]
[6, array([ 0.5104, -0.0156]), array([ 0.50895238, -0.01604762]), 0.7854, 0.0]
[6, array([ 0.5104, -0.0156]), array([ 0.5094    , -0.01604762]), 0.7854, 0.0]
[6, array([ 0.5104, -0.0156]), array([ 0.5   , -0.0156]), 0.7854, 0.0]
[6, array([ 0.5104, -0.0156]), array([ 0.50044762, -0.0156    ]), 0.7854, 0.0]
[6, array([ 0.5104, -0.0156]), array([ 0.50089524, -0.0156    ]), 0.7854, 0.0]
[6, array([ 0.5104, -0.0156]), array([ 0.50134286, -0.0156    ]), 0.7854, 0.0]
[6, array([ 0.5104, -0.0156]), array([ 0.50179048, -0.0156    ]), 0.7854, 0.0]
[6, array([ 0.5104, -0.0156]), array([ 0.5022381, -0.0156   ]), 0.7854, 0.0]
[6, array([ 0.5104, -0.0156]), array([ 0.50268571, -0.0156    ]), 0.7854, 0.0]
[6, array([ 0.5104, -0.0156]), array([ 0.50313333, -0.0156    ]), 0.7854, 0.0]
[6, array([ 0.5104, -0.0156]), array([ 0.50358095, -0.0156    ]), 0.7854, 0.0]
[6, array([ 0.5104, -0.0156]), array([ 0.50402857, -0.0156    ]), 0.7854, 0.0]
[6, array([ 0.5104, -0.0156]), array([ 0.50447619, -0.0156    ]), 0.7854, 0.0]
[6, array([ 0.5104, -0.0156]), array([ 0.50492381, -0.0156    ]), 0.7854, 0.0]
[6, array([ 0.5104, -0.0156]), array([ 0.50537143, -0.0156    ]), 0.7854, 0.0]
[6, array([ 0.5104, -0.0156]), array([ 0.50581905, -0.0156    ]), 0.7854, 0.0]
[6, array([ 0.5104, -0.0156]), array([ 0.50626667, -0.0156    ]), 0.7854, 0.0]
[6, array([ 0.5104, -0.0156]), array([ 0.50671429, -0.0156    ]), 0.7854, 0.0]
[6, array([ 0.5104, -0.0156]), array([ 0.5071619, -0.0156   ]), 0.7854, 0.0]
[6, array([ 0.5104, -0.0156]), array([ 0.50760952, -0.0156    ]), 0.7854, 0.0]
[6, array([ 0.5104, -0.0156]), array([ 0.50805714, -0.0156    ]), 0.7854, 0.0]
[6, array([ 0.5104, -0.0156]), array([ 0.50850476, -0.0156    ]), 0.7854, 0.0]
[6, array([ 0.5104, -0.0156]), array([ 0.50895238, -0.0156    ]), 0.7854, 0.0]
[6, array([ 0.5104, -0.0156]), array([ 0.5094, -0.0156]), 0.7854, 0.0]
[6, array([0.4655, 0.0287]), array([0.4594, 0.0203]), 0.7854, 1.0]
[6, array([0.4655, 0.0287]), array([0.45984762, 0.0203    ]), 0.7854, 1.0]
[6, array([0.4655, 0.0287]), array([0.46029524, 0.0203    ]), 0.7854, 1.0]
[6, array([0.4655, 0.0287]), array([0.46074286, 0.0203    ]), 0.7854, 1.0]
[6, array([0.4655, 0.0287]), array([0.46119048, 0.0203    ]), 0.7854, 1.0]
[6, array([0.4655, 0.0287]), array([0.4616381, 0.0203   ]), 0.7854, 1.0]
[6, array([0.4655, 0.0287]), array([0.46208571, 0.0203    ]), 0.7854, 1.0]
[6, array([0.4655, 0.0287]), array([0.46253333, 0.0203    ]), 0.7854, 1.0]
[6, array([0.4655, 0.0287]), array([0.46298095, 0.0203    ]), 0.7854, 1.0]
[6, array([0.4655, 0.0287]), array([0.46342857, 0.0203    ]), 0.7854, 1.0]
[6, array([0.4655, 0.0287]), array([0.46387619, 0.0203    ]), 0.7854, 1.0]
[6, array([0.4655, 0.0287]), array([0.46432381, 0.0203    ]), 0.7854, 1.0]
[6, array([0.4655, 0.0287]), array([0.46477143, 0.0203    ]), 0.7854, 1.0]
[6, array([0.4655, 0.0287]), array([0.46521905, 0.0203    ]), 0.7854, 1.0]
[6, array([0.4655, 0.0287]), array([0.46566667, 0.0203    ]), 0.7854, 1.0]
[6, array([0.4655, 0.0287]), array([0.46611429, 0.0203    ]), 0.7854, 1.0]
[6, array([0.4655, 0.0287]), array([0.4665619, 0.0203   ]), 0.7854, 1.0]
[6, array([0.4655, 0.0287]), array([0.46700952, 0.0203    ]), 0.7854, 1.0]
[6, array([0.4655, 0.0287]), array([0.46745714, 0.0203    ]), 0.7854, 1.0]
[6, array([0.4655, 0.0287]), array([0.46790476, 0.0203    ]), 0.7854, 1.0]
[6, array([0.4655, 0.0287]), array([0.46835238, 0.0203    ]), 0.7854, 1.0]
[6, array([0.4655, 0.0287]), array([0.4688, 0.0203]), 0.7854, 1.0]
[6, array([0.4655, 0.0287]), array([0.4594    , 0.02074762]), 0.7854, 1.0]
[6, array([0.4655, 0.0287]), array([0.45984762, 0.02074762]), 0.7854, 1.0]
[6, array([0.4655, 0.0287]), array([0.46029524, 0.02074762]), 0.7854, 1.0]
[6, array([0.4655, 0.0287]), array([0.46074286, 0.02074762]), 0.7854, 1.0]
[6, array([0.4655, 0.0287]), array([0.46119048, 0.02074762]), 0.7854, 1.0]
[6, array([0.4655, 0.0287]), array([0.4616381 , 0.02074762]), 0.7854, 1.0]
[6, array([0.4655, 0.0287]), array([0.46208571, 0.02074762]), 0.7854, 1.0]
[6, array([0.4655, 0.0287]), array([0.46253333, 0.02074762]), 0.7854, 1.0]
[6, array([0.4655, 0.0287]), array([0.46298095, 0.02074762]), 0.7854, 1.0]
[6, array([0.4655, 0.0287]), array([0.46342857, 0.02074762]), 0.7854, 1.0]
[6, array([0.4655, 0.0287]), array([0.46387619, 0.02074762]), 0.7854, 1.0]
[6, array([0.4655, 0.0287]), array([0.46432381, 0.02074762]), 0.7854, 1.0]
[6, array([0.4655, 0.0287]), array([0.46477143, 0.02074762]), 0.7854, 1.0]
[6, array([0.4655, 0.0287]), array([0.46521905, 0.02074762]), 0.7854, 1.0]
[6, array([0.4655, 0.0287]), array([0.46566667, 0.02074762]), 0.7854, 1.0]
[6, array([0.4655, 0.0287]), array([0.46611429, 0.02074762]), 0.7854, 1.0]
[6, array([0.4655, 0.0287]), array([0.4665619 , 0.02074762]), 0.7854, 1.0]
[6, array([0.4655, 0.0287]), array([0.46700952, 0.02074762]), 0.7854, 1.0]
[6, array([0.4655, 0.0287]), array([0.46745714, 0.02074762]), 0.7854, 1.0]
[6, array([0.4655, 0.0287]), array([0.46790476, 0.02074762]), 0.7854, 1.0]
[6, array([0.4655, 0.0287]), array([0.46835238, 0.02074762]), 0.7854, 1.0]
[6, array([0.4655, 0.0287]), array([0.4688    , 0.02074762]), 0.7854, 1.0]
[6, array([0.4655, 0.0287]), array([0.4594    , 0.02119524]), 0.7854, 1.0]
[6, array([0.4655, 0.0287]), array([0.45984762, 0.02119524]), 0.7854, 1.0]
[6, array([0.4655, 0.0287]), array([0.46029524, 0.02119524]), 0.7854, 1.0]
[6, array([0.4655, 0.0287]), array([0.46074286, 0.02119524]), 0.7854, 1.0]
[6, array([0.4655, 0.0287]), array([0.46119048, 0.02119524]), 0.7854, 1.0]
[6, array([0.4655, 0.0287]), array([0.4616381 , 0.02119524]), 0.7854, 1.0]
[6, array([0.4655, 0.0287]), array([0.46208571, 0.02119524]), 0.7854, 1.0]
[6, array([0.4655, 0.0287]), array([0.46253333, 0.02119524]), 0.7854, 1.0]
[6, array([0.4655, 0.0287]), array([0.46298095, 0.02119524]), 0.7854, 1.0]
[6, array([0.4655, 0.0287]), array([0.46342857, 0.02119524]), 0.7854, 1.0]
[6, array([0.4655, 0.0287]), array([0.46387619, 0.02119524]), 0.7854, 1.0]
[6, array([0.4655, 0.0287]), array([0.46432381, 0.02119524]), 0.7854, 1.0]
[6, array([0.4655, 0.0287]), array([0.46477143, 0.02119524]), 0.7854, 1.0]
[6, array([0.4655, 0.0287]), array([0.46521905, 0.02119524]), 0.7854, 1.0]
[6, array([0.4655, 0.0287]), array([0.46566667, 0.02119524]), 0.7854, 1.0]
[6, array([0.4655, 0.0287]), array([0.46611429, 0.02119524]), 0.7854, 1.0]
[6, array([0.4655, 0.0287]), array([0.4665619 , 0.02119524]), 0.7854, 1.0]
[6, array([0.4655, 0.0287]), array([0.46700952, 0.02119524]), 0.7854, 1.0]
[6, array([0.4655, 0.0287]), array([0.46745714, 0.02119524]), 0.7854, 1.0]
[6, array([0.4655, 0.0287]), array([0.46790476, 0.02119524]), 0.7854, 1.0]
[6, array([0.4655, 0.0287]), array([0.46835238, 0.02119524]), 0.7854, 1.0]
[6, array([0.4655, 0.0287]), array([0.4688    , 0.02119524]), 0.7854, 1.0]
[6, array([0.4655, 0.0287]), array([0.4594    , 0.02164286]), 0.7854, 1.0]
[6, array([0.4655, 0.0287]), array([0.45984762, 0.02164286]), 0.7854, 1.0]
[6, array([0.4655, 0.0287]), array([0.46029524, 0.02164286]), 0.7854, 1.0]
[6, array([0.4655, 0.0287]), array([0.46074286, 0.02164286]), 0.7854, 1.0]
[6, array([0.4655, 0.0287]), array([0.46119048, 0.02164286]), 0.7854, 1.0]
[6, array([0.4655, 0.0287]), array([0.4616381 , 0.02164286]), 0.7854, 1.0]
[6, array([0.4655, 0.0287]), array([0.46208571, 0.02164286]), 0.7854, 1.0]
[6, array([0.4655, 0.0287]), array([0.46253333, 0.02164286]), 0.7854, 1.0]
[6, array([0.4655, 0.0287]), array([0.46298095, 0.02164286]), 0.7854, 1.0]
[6, array([0.4655, 0.0287]), array([0.46342857, 0.02164286]), 0.7854, 1.0]
[6, array([0.4655, 0.0287]), array([0.46387619, 0.02164286]), 0.7854, 1.0]
[6, array([0.4655, 0.0287]), array([0.46432381, 0.02164286]), 0.7854, 1.0]
[6, array([0.4655, 0.0287]), array([0.46477143, 0.02164286]), 0.7854, 1.0]
[6, array([0.4655, 0.0287]), array([0.46521905, 0.02164286]), 0.7854, 1.0]
[6, array([0.4655, 0.0287]), array([0.46566667, 0.02164286]), 0.7854, 1.0]
[6, array([0.4655, 0.0287]), array([0.46611429, 0.02164286]), 0.7854, 1.0]
[6, array([0.4655, 0.0287]), array([0.4665619 , 0.02164286]), 0.7854, 1.0]
[6, array([0.4655, 0.0287]), array([0.46700952, 0.02164286]), 0.7854, 1.0]
[6, array([0.4655, 0.0287]), array([0.46745714, 0.02164286]), 0.7854, 1.0]
[6, array([0.4655, 0.0287]), array([0.46790476, 0.02164286]), 0.7854, 1.0]
[6, array([0.4655, 0.0287]), array([0.46835238, 0.02164286]), 0.7854, 1.0]
[6, array([0.4655, 0.0287]), array([0.4688    , 0.02164286]), 0.7854, 1.0]
[6, array([0.4655, 0.0287]), array([0.4594    , 0.02209048]), 0.7854, 1.0]
[6, array([0.4655, 0.0287]), array([0.45984762, 0.02209048]), 0.7854, 1.0]
[6, array([0.4655, 0.0287]), array([0.46029524, 0.02209048]), 0.7854, 1.0]
[6, array([0.4655, 0.0287]), array([0.46074286, 0.02209048]), 0.7854, 1.0]
[6, array([0.4655, 0.0287]), array([0.46119048, 0.02209048]), 0.7854, 1.0]
[6, array([0.4655, 0.0287]), array([0.4616381 , 0.02209048]), 0.7854, 1.0]
[6, array([0.4655, 0.0287]), array([0.46208571, 0.02209048]), 0.7854, 1.0]
[6, array([0.4655, 0.0287]), array([0.46253333, 0.02209048]), 0.7854, 1.0]
[6, array([0.4655, 0.0287]), array([0.46298095, 0.02209048]), 0.7854, 1.0]
[6, array([0.4655, 0.0287]), array([0.46342857, 0.02209048]), 0.7854, 1.0]
[6, array([0.4655, 0.0287]), array([0.46387619, 0.02209048]), 0.7854, 1.0]
[6, array([0.4655, 0.0287]), array([0.46432381, 0.02209048]), 0.7854, 1.0]
[6, array([0.4655, 0.0287]), array([0.46477143, 0.02209048]), 0.7854, 1.0]
[6, array([0.4655, 0.0287]), array([0.46521905, 0.02209048]), 0.7854, 1.0]
[6, array([0.4655, 0.0287]), array([0.46566667, 0.02209048]), 0.7854, 1.0]
[6, array([0.4655, 0.0287]), array([0.46611429, 0.02209048]), 0.7854, 1.0]
[6, array([0.4655, 0.0287]), array([0.4665619 , 0.02209048]), 0.7854, 1.0]
[6, array([0.4655, 0.0287]), array([0.46700952, 0.02209048]), 0.7854, 1.0]
[6, array([0.4655, 0.0287]), array([0.46745714, 0.02209048]), 0.7854, 1.0]
[6, array([0.4655, 0.0287]), array([0.46790476, 0.02209048]), 0.7854, 1.0]
[6, array([0.4655, 0.0287]), array([0.46835238, 0.02209048]), 0.7854, 1.0]
[6, array([0.4655, 0.0287]), array([0.4688    , 0.02209048]), 0.7854, 1.0]
[6, array([0.4655, 0.0287]), array([0.4594   , 0.0225381]), 0.7854, 1.0]
[6, array([0.4655, 0.0287]), array([0.45984762, 0.0225381 ]), 0.7854, 1.0]
[6, array([0.4655, 0.0287]), array([0.46029524, 0.0225381 ]), 0.7854, 1.0]
[6, array([0.4655, 0.0287]), array([0.46074286, 0.0225381 ]), 0.7854, 1.0]
[6, array([0.4655, 0.0287]), array([0.46119048, 0.0225381 ]), 0.7854, 1.0]
[6, array([0.4655, 0.0287]), array([0.4616381, 0.0225381]), 0.7854, 1.0]
[6, array([0.4655, 0.0287]), array([0.46208571, 0.0225381 ]), 0.7854, 1.0]
[6, array([0.4655, 0.0287]), array([0.46253333, 0.0225381 ]), 0.7854, 1.0]
[6, array([0.4655, 0.0287]), array([0.46298095, 0.0225381 ]), 0.7854, 1.0]
[6, array([0.4655, 0.0287]), array([0.46342857, 0.0225381 ]), 0.7854, 1.0]
[6, array([0.4655, 0.0287]), array([0.46387619, 0.0225381 ]), 0.7854, 1.0]
[6, array([0.4655, 0.0287]), array([0.46432381, 0.0225381 ]), 0.7854, 1.0]
[6, array([0.4655, 0.0287]), array([0.46477143, 0.0225381 ]), 0.7854, 1.0]
[6, array([0.4655, 0.0287]), array([0.46521905, 0.0225381 ]), 0.7854, 1.0]
[6, array([0.4655, 0.0287]), array([0.46566667, 0.0225381 ]), 0.7854, 1.0]
[6, array([0.4655, 0.0287]), array([0.46611429, 0.0225381 ]), 0.7854, 1.0]
[6, array([0.4655, 0.0287]), array([0.4665619, 0.0225381]), 0.7854, 1.0]
[6, array([0.4655, 0.0287]), array([0.46700952, 0.0225381 ]), 0.7854, 1.0]
[6, array([0.4655, 0.0287]), array([0.46745714, 0.0225381 ]), 0.7854, 1.0]
[6, array([0.4655, 0.0287]), array([0.46790476, 0.0225381 ]), 0.7854, 1.0]
[6, array([0.4655, 0.0287]), array([0.46835238, 0.0225381 ]), 0.7854, 1.0]
[6, array([0.4655, 0.0287]), array([0.4688   , 0.0225381]), 0.7854, 1.0]
[6, array([0.4655, 0.0287]), array([0.4594    , 0.02298571]), 0.7854, 1.0]
[6, array([0.4655, 0.0287]), array([0.45984762, 0.02298571]), 0.7854, 1.0]
[6, array([0.4655, 0.0287]), array([0.46029524, 0.02298571]), 0.7854, 1.0]
[6, array([0.4655, 0.0287]), array([0.46074286, 0.02298571]), 0.7854, 1.0]
[6, array([0.4655, 0.0287]), array([0.46119048, 0.02298571]), 0.7854, 1.0]
[6, array([0.4655, 0.0287]), array([0.4616381 , 0.02298571]), 0.7854, 1.0]
[6, array([0.4655, 0.0287]), array([0.46208571, 0.02298571]), 0.7854, 1.0]
[6, array([0.4655, 0.0287]), array([0.46253333, 0.02298571]), 0.7854, 1.0]
[6, array([0.4655, 0.0287]), array([0.46298095, 0.02298571]), 0.7854, 1.0]
[6, array([0.4655, 0.0287]), array([0.46342857, 0.02298571]), 0.7854, 1.0]
[6, array([0.4655, 0.0287]), array([0.46387619, 0.02298571]), 0.7854, 1.0]
[6, array([0.4655, 0.0287]), array([0.46432381, 0.02298571]), 0.7854, 1.0]
[6, array([0.4655, 0.0287]), array([0.46477143, 0.02298571]), 0.7854, 1.0]
[6, array([0.4655, 0.0287]), array([0.46521905, 0.02298571]), 0.7854, 1.0]
[6, array([0.4655, 0.0287]), array([0.46566667, 0.02298571]), 0.7854, 1.0]
[6, array([0.4655, 0.0287]), array([0.46611429, 0.02298571]), 0.7854, 1.0]
[6, array([0.4655, 0.0287]), array([0.4665619 , 0.02298571]), 0.7854, 1.0]
[6, array([0.4655, 0.0287]), array([0.46700952, 0.02298571]), 0.7854, 1.0]
[6, array([0.4655, 0.0287]), array([0.46745714, 0.02298571]), 0.7854, 1.0]
[6, array([0.4655, 0.0287]), array([0.46790476, 0.02298571]), 0.7854, 1.0]
[6, array([0.4655, 0.0287]), array([0.46835238, 0.02298571]), 0.7854, 1.0]
[6, array([0.4655, 0.0287]), array([0.4688    , 0.02298571]), 0.7854, 1.0]
[6, array([0.4655, 0.0287]), array([0.4594    , 0.02343333]), 0.7854, 1.0]
[6, array([0.4655, 0.0287]), array([0.45984762, 0.02343333]), 0.7854, 1.0]
[6, array([0.4655, 0.0287]), array([0.46029524, 0.02343333]), 0.7854, 1.0]
[6, array([0.4655, 0.0287]), array([0.46074286, 0.02343333]), 0.7854, 1.0]
[6, array([0.4655, 0.0287]), array([0.46119048, 0.02343333]), 0.7854, 1.0]
[6, array([0.4655, 0.0287]), array([0.4616381 , 0.02343333]), 0.7854, 1.0]
[6, array([0.4655, 0.0287]), array([0.46208571, 0.02343333]), 0.7854, 1.0]
[6, array([0.4655, 0.0287]), array([0.46253333, 0.02343333]), 0.7854, 1.0]
[6, array([0.4655, 0.0287]), array([0.46298095, 0.02343333]), 0.7854, 1.0]
[6, array([0.4655, 0.0287]), array([0.46342857, 0.02343333]), 0.7854, 1.0]
[6, array([0.4655, 0.0287]), array([0.46387619, 0.02343333]), 0.7854, 1.0]
[6, array([0.4655, 0.0287]), array([0.46432381, 0.02343333]), 0.7854, 1.0]
[6, array([0.4655, 0.0287]), array([0.46477143, 0.02343333]), 0.7854, 1.0]
[6, array([0.4655, 0.0287]), array([0.46521905, 0.02343333]), 0.7854, 1.0]
[6, array([0.4655, 0.0287]), array([0.46566667, 0.02343333]), 0.7854, 1.0]
[6, array([0.4655, 0.0287]), array([0.46611429, 0.02343333]), 0.7854, 1.0]
[6, array([0.4655, 0.0287]), array([0.4665619 , 0.02343333]), 0.7854, 1.0]
[6, array([0.4655, 0.0287]), array([0.46700952, 0.02343333]), 0.7854, 1.0]
[6, array([0.4655, 0.0287]), array([0.46745714, 0.02343333]), 0.7854, 1.0]
[6, array([0.4655, 0.0287]), array([0.46790476, 0.02343333]), 0.7854, 1.0]
[6, array([0.4655, 0.0287]), array([0.46835238, 0.02343333]), 0.7854, 1.0]
[6, array([0.4655, 0.0287]), array([0.4688    , 0.02343333]), 0.7854, 1.0]
[6, array([0.4655, 0.0287]), array([0.4594    , 0.02388095]), 0.7854, 1.0]
[6, array([0.4655, 0.0287]), array([0.45984762, 0.02388095]), 0.7854, 1.0]
[6, array([0.4655, 0.0287]), array([0.46029524, 0.02388095]), 0.7854, 1.0]
[6, array([0.4655, 0.0287]), array([0.46074286, 0.02388095]), 0.7854, 1.0]
[6, array([0.4655, 0.0287]), array([0.46119048, 0.02388095]), 0.7854, 1.0]
[6, array([0.4655, 0.0287]), array([0.4616381 , 0.02388095]), 0.7854, 1.0]
[6, array([0.4655, 0.0287]), array([0.46208571, 0.02388095]), 0.7854, 1.0]
[6, array([0.4655, 0.0287]), array([0.46253333, 0.02388095]), 0.7854, 1.0]
[6, array([0.4655, 0.0287]), array([0.46298095, 0.02388095]), 0.7854, 1.0]
[6, array([0.4655, 0.0287]), array([0.46342857, 0.02388095]), 0.7854, 1.0]
[6, array([0.4655, 0.0287]), array([0.46387619, 0.02388095]), 0.7854, 1.0]
[6, array([0.4655, 0.0287]), array([0.46432381, 0.02388095]), 0.7854, 1.0]
[6, array([0.4655, 0.0287]), array([0.46477143, 0.02388095]), 0.7854, 1.0]
[6, array([0.4655, 0.0287]), array([0.46521905, 0.02388095]), 0.7854, 1.0]
[6, array([0.4655, 0.0287]), array([0.46566667, 0.02388095]), 0.7854, 1.0]
[6, array([0.4655, 0.0287]), array([0.46611429, 0.02388095]), 0.7854, 1.0]
[6, array([0.4655, 0.0287]), array([0.4665619 , 0.02388095]), 0.7854, 1.0]
[6, array([0.4655, 0.0287]), array([0.46700952, 0.02388095]), 0.7854, 1.0]
[6, array([0.4655, 0.0287]), array([0.46745714, 0.02388095]), 0.7854, 1.0]
[6, array([0.4655, 0.0287]), array([0.46790476, 0.02388095]), 0.7854, 1.0]
[6, array([0.4655, 0.0287]), array([0.46835238, 0.02388095]), 0.7854, 1.0]
[6, array([0.4655, 0.0287]), array([0.4688    , 0.02388095]), 0.7854, 1.0]
[6, array([0.4655, 0.0287]), array([0.4594    , 0.02432857]), 0.7854, 1.0]
[6, array([0.4655, 0.0287]), array([0.45984762, 0.02432857]), 0.7854, 1.0]
[6, array([0.4655, 0.0287]), array([0.46029524, 0.02432857]), 0.7854, 1.0]
[6, array([0.4655, 0.0287]), array([0.46074286, 0.02432857]), 0.7854, 1.0]
[6, array([0.4655, 0.0287]), array([0.46119048, 0.02432857]), 0.7854, 1.0]
[6, array([0.4655, 0.0287]), array([0.4616381 , 0.02432857]), 0.7854, 1.0]
[6, array([0.4655, 0.0287]), array([0.46208571, 0.02432857]), 0.7854, 1.0]
[6, array([0.4655, 0.0287]), array([0.46253333, 0.02432857]), 0.7854, 1.0]
[6, array([0.4655, 0.0287]), array([0.46298095, 0.02432857]), 0.7854, 1.0]
[6, array([0.4655, 0.0287]), array([0.46342857, 0.02432857]), 0.7854, 1.0]
[6, array([0.4655, 0.0287]), array([0.46387619, 0.02432857]), 0.7854, 1.0]
[6, array([0.4655, 0.0287]), array([0.46432381, 0.02432857]), 0.7854, 1.0]
[6, array([0.4655, 0.0287]), array([0.46477143, 0.02432857]), 0.7854, 1.0]
[6, array([0.4655, 0.0287]), array([0.46521905, 0.02432857]), 0.7854, 1.0]
[6, array([0.4655, 0.0287]), array([0.46566667, 0.02432857]), 0.7854, 1.0]
[6, array([0.4655, 0.0287]), array([0.46611429, 0.02432857]), 0.7854, 1.0]
[6, array([0.4655, 0.0287]), array([0.4665619 , 0.02432857]), 0.7854, 1.0]
[6, array([0.4655, 0.0287]), array([0.46700952, 0.02432857]), 0.7854, 1.0]
[6, array([0.4655, 0.0287]), array([0.46745714, 0.02432857]), 0.7854, 1.0]
[6, array([0.4655, 0.0287]), array([0.46790476, 0.02432857]), 0.7854, 1.0]
[6, array([0.4655, 0.0287]), array([0.46835238, 0.02432857]), 0.7854, 1.0]
[6, array([0.4655, 0.0287]), array([0.4688    , 0.02432857]), 0.7854, 1.0]
[6, array([0.4655, 0.0287]), array([0.4594    , 0.02477619]), 0.7854, 1.0]
[6, array([0.4655, 0.0287]), array([0.45984762, 0.02477619]), 0.7854, 1.0]
[6, array([0.4655, 0.0287]), array([0.46029524, 0.02477619]), 0.7854, 1.0]
[6, array([0.4655, 0.0287]), array([0.46074286, 0.02477619]), 0.7854, 1.0]
[6, array([0.4655, 0.0287]), array([0.46119048, 0.02477619]), 0.7854, 1.0]
[6, array([0.4655, 0.0287]), array([0.4616381 , 0.02477619]), 0.7854, 1.0]
[6, array([0.4655, 0.0287]), array([0.46208571, 0.02477619]), 0.7854, 1.0]
[6, array([0.4655, 0.0287]), array([0.46253333, 0.02477619]), 0.7854, 1.0]
[6, array([0.4655, 0.0287]), array([0.46298095, 0.02477619]), 0.7854, 1.0]
[6, array([0.4655, 0.0287]), array([0.46342857, 0.02477619]), 0.7854, 1.0]
[6, array([0.4655, 0.0287]), array([0.46387619, 0.02477619]), 0.7854, 1.0]
[6, array([0.4655, 0.0287]), array([0.46432381, 0.02477619]), 0.7854, 1.0]
[6, array([0.4655, 0.0287]), array([0.46477143, 0.02477619]), 0.7854, 1.0]
[6, array([0.4655, 0.0287]), array([0.46521905, 0.02477619]), 0.7854, 1.0]
[6, array([0.4655, 0.0287]), array([0.46566667, 0.02477619]), 0.7854, 1.0]
[6, array([0.4655, 0.0287]), array([0.46611429, 0.02477619]), 0.7854, 1.0]
[6, array([0.4655, 0.0287]), array([0.4665619 , 0.02477619]), 0.7854, 1.0]
[6, array([0.4655, 0.0287]), array([0.46700952, 0.02477619]), 0.7854, 1.0]
[6, array([0.4655, 0.0287]), array([0.46745714, 0.02477619]), 0.7854, 1.0]
[6, array([0.4655, 0.0287]), array([0.46790476, 0.02477619]), 0.7854, 1.0]
[6, array([0.4655, 0.0287]), array([0.46835238, 0.02477619]), 0.7854, 1.0]
[6, array([0.4655, 0.0287]), array([0.4688    , 0.02477619]), 0.7854, 1.0]
[6, array([0.4655, 0.0287]), array([0.4594    , 0.02522381]), 0.7854, 1.0]
[6, array([0.4655, 0.0287]), array([0.45984762, 0.02522381]), 0.7854, 1.0]
[6, array([0.4655, 0.0287]), array([0.46029524, 0.02522381]), 0.7854, 1.0]
[6, array([0.4655, 0.0287]), array([0.46074286, 0.02522381]), 0.7854, 1.0]
[6, array([0.4655, 0.0287]), array([0.46119048, 0.02522381]), 0.7854, 1.0]
[6, array([0.4655, 0.0287]), array([0.4616381 , 0.02522381]), 0.7854, 1.0]
[6, array([0.4655, 0.0287]), array([0.46208571, 0.02522381]), 0.7854, 1.0]
[6, array([0.4655, 0.0287]), array([0.46253333, 0.02522381]), 0.7854, 1.0]
[6, array([0.4655, 0.0287]), array([0.46298095, 0.02522381]), 0.7854, 1.0]
[6, array([0.4655, 0.0287]), array([0.46342857, 0.02522381]), 0.7854, 1.0]
[6, array([0.4655, 0.0287]), array([0.46387619, 0.02522381]), 0.7854, 1.0]
[6, array([0.4655, 0.0287]), array([0.46432381, 0.02522381]), 0.7854, 1.0]
[6, array([0.4655, 0.0287]), array([0.46477143, 0.02522381]), 0.7854, 1.0]
[6, array([0.4655, 0.0287]), array([0.46521905, 0.02522381]), 0.7854, 1.0]
[6, array([0.4655, 0.0287]), array([0.46566667, 0.02522381]), 0.7854, 1.0]
[6, array([0.4655, 0.0287]), array([0.46611429, 0.02522381]), 0.7854, 1.0]
[6, array([0.4655, 0.0287]), array([0.4665619 , 0.02522381]), 0.7854, 1.0]
[6, array([0.4655, 0.0287]), array([0.46700952, 0.02522381]), 0.7854, 1.0]
[6, array([0.4655, 0.0287]), array([0.46745714, 0.02522381]), 0.7854, 1.0]
[6, array([0.4655, 0.0287]), array([0.46790476, 0.02522381]), 0.7854, 1.0]
[6, array([0.4655, 0.0287]), array([0.46835238, 0.02522381]), 0.7854, 1.0]
[6, array([0.4655, 0.0287]), array([0.4688    , 0.02522381]), 0.7854, 1.0]
[6, array([0.4655, 0.0287]), array([0.4594    , 0.02567143]), 0.7854, 1.0]
[6, array([0.4655, 0.0287]), array([0.45984762, 0.02567143]), 0.7854, 1.0]
[6, array([0.4655, 0.0287]), array([0.46029524, 0.02567143]), 0.7854, 1.0]
[6, array([0.4655, 0.0287]), array([0.46074286, 0.02567143]), 0.7854, 1.0]
[6, array([0.4655, 0.0287]), array([0.46119048, 0.02567143]), 0.7854, 1.0]
[6, array([0.4655, 0.0287]), array([0.4616381 , 0.02567143]), 0.7854, 1.0]
[6, array([0.4655, 0.0287]), array([0.46208571, 0.02567143]), 0.7854, 1.0]
[6, array([0.4655, 0.0287]), array([0.46253333, 0.02567143]), 0.7854, 1.0]
[6, array([0.4655, 0.0287]), array([0.46298095, 0.02567143]), 0.7854, 1.0]
[6, array([0.4655, 0.0287]), array([0.46342857, 0.02567143]), 0.7854, 1.0]
[6, array([0.4655, 0.0287]), array([0.46387619, 0.02567143]), 0.7854, 1.0]
[6, array([0.4655, 0.0287]), array([0.46432381, 0.02567143]), 0.7854, 1.0]
[6, array([0.4655, 0.0287]), array([0.46477143, 0.02567143]), 0.7854, 1.0]
[6, array([0.4655, 0.0287]), array([0.46521905, 0.02567143]), 0.7854, 1.0]
[6, array([0.4655, 0.0287]), array([0.46566667, 0.02567143]), 0.7854, 1.0]
[6, array([0.4655, 0.0287]), array([0.46611429, 0.02567143]), 0.7854, 1.0]
[6, array([0.4655, 0.0287]), array([0.4665619 , 0.02567143]), 0.7854, 1.0]
[6, array([0.4655, 0.0287]), array([0.46700952, 0.02567143]), 0.7854, 1.0]
[6, array([0.4655, 0.0287]), array([0.46745714, 0.02567143]), 0.7854, 1.0]
[6, array([0.4655, 0.0287]), array([0.46790476, 0.02567143]), 0.7854, 1.0]
[6, array([0.4655, 0.0287]), array([0.46835238, 0.02567143]), 0.7854, 1.0]
[6, array([0.4655, 0.0287]), array([0.4688    , 0.02567143]), 0.7854, 1.0]
[6, array([0.4655, 0.0287]), array([0.4594    , 0.02611905]), 0.7854, 1.0]
[6, array([0.4655, 0.0287]), array([0.45984762, 0.02611905]), 0.7854, 1.0]
[6, array([0.4655, 0.0287]), array([0.46029524, 0.02611905]), 0.7854, 1.0]
[6, array([0.4655, 0.0287]), array([0.46074286, 0.02611905]), 0.7854, 1.0]
[6, array([0.4655, 0.0287]), array([0.46119048, 0.02611905]), 0.7854, 1.0]
[6, array([0.4655, 0.0287]), array([0.4616381 , 0.02611905]), 0.7854, 1.0]
[6, array([0.4655, 0.0287]), array([0.46208571, 0.02611905]), 0.7854, 1.0]
[6, array([0.4655, 0.0287]), array([0.46253333, 0.02611905]), 0.7854, 1.0]
[6, array([0.4655, 0.0287]), array([0.46298095, 0.02611905]), 0.7854, 1.0]
[6, array([0.4655, 0.0287]), array([0.46342857, 0.02611905]), 0.7854, 1.0]
[6, array([0.4655, 0.0287]), array([0.46387619, 0.02611905]), 0.7854, 1.0]
[6, array([0.4655, 0.0287]), array([0.46432381, 0.02611905]), 0.7854, 1.0]
[6, array([0.4655, 0.0287]), array([0.46477143, 0.02611905]), 0.7854, 1.0]
[6, array([0.4655, 0.0287]), array([0.46521905, 0.02611905]), 0.7854, 1.0]
[6, array([0.4655, 0.0287]), array([0.46566667, 0.02611905]), 0.7854, 1.0]
[6, array([0.4655, 0.0287]), array([0.46611429, 0.02611905]), 0.7854, 1.0]
[6, array([0.4655, 0.0287]), array([0.4665619 , 0.02611905]), 0.7854, 1.0]
[6, array([0.4655, 0.0287]), array([0.46700952, 0.02611905]), 0.7854, 1.0]
[6, array([0.4655, 0.0287]), array([0.46745714, 0.02611905]), 0.7854, 1.0]
[6, array([0.4655, 0.0287]), array([0.46790476, 0.02611905]), 0.7854, 1.0]
[6, array([0.4655, 0.0287]), array([0.46835238, 0.02611905]), 0.7854, 1.0]
[6, array([0.4655, 0.0287]), array([0.4688    , 0.02611905]), 0.7854, 1.0]
[6, array([0.4655, 0.0287]), array([0.4594    , 0.02656667]), 0.7854, 1.0]
[6, array([0.4655, 0.0287]), array([0.45984762, 0.02656667]), 0.7854, 1.0]
[6, array([0.4655, 0.0287]), array([0.46029524, 0.02656667]), 0.7854, 1.0]
[6, array([0.4655, 0.0287]), array([0.46074286, 0.02656667]), 0.7854, 1.0]
[6, array([0.4655, 0.0287]), array([0.46119048, 0.02656667]), 0.7854, 1.0]
[6, array([0.4655, 0.0287]), array([0.4616381 , 0.02656667]), 0.7854, 1.0]
[6, array([0.4655, 0.0287]), array([0.46208571, 0.02656667]), 0.7854, 1.0]
[6, array([0.4655, 0.0287]), array([0.46253333, 0.02656667]), 0.7854, 1.0]
[6, array([0.4655, 0.0287]), array([0.46298095, 0.02656667]), 0.7854, 1.0]
[6, array([0.4655, 0.0287]), array([0.46342857, 0.02656667]), 0.7854, 1.0]
[6, array([0.4655, 0.0287]), array([0.46387619, 0.02656667]), 0.7854, 1.0]
[6, array([0.4655, 0.0287]), array([0.46432381, 0.02656667]), 0.7854, 1.0]
[6, array([0.4655, 0.0287]), array([0.46477143, 0.02656667]), 0.7854, 1.0]
[6, array([0.4655, 0.0287]), array([0.46521905, 0.02656667]), 0.7854, 1.0]
[6, array([0.4655, 0.0287]), array([0.46566667, 0.02656667]), 0.7854, 1.0]
[6, array([0.4655, 0.0287]), array([0.46611429, 0.02656667]), 0.7854, 1.0]
[6, array([0.4655, 0.0287]), array([0.4665619 , 0.02656667]), 0.7854, 1.0]
[6, array([0.4655, 0.0287]), array([0.46700952, 0.02656667]), 0.7854, 1.0]
[6, array([0.4655, 0.0287]), array([0.46745714, 0.02656667]), 0.7854, 1.0]
[6, array([0.4655, 0.0287]), array([0.46790476, 0.02656667]), 0.7854, 1.0]
[6, array([0.4655, 0.0287]), array([0.46835238, 0.02656667]), 0.7854, 1.0]
[6, array([0.4655, 0.0287]), array([0.4688    , 0.02656667]), 0.7854, 1.0]
[6, array([0.4655, 0.0287]), array([0.4594    , 0.02701429]), 0.7854, 1.0]
[6, array([0.4655, 0.0287]), array([0.45984762, 0.02701429]), 0.7854, 1.0]
[6, array([0.4655, 0.0287]), array([0.46029524, 0.02701429]), 0.7854, 1.0]
[6, array([0.4655, 0.0287]), array([0.46074286, 0.02701429]), 0.7854, 1.0]
[6, array([0.4655, 0.0287]), array([0.46119048, 0.02701429]), 0.7854, 1.0]
[6, array([0.4655, 0.0287]), array([0.4616381 , 0.02701429]), 0.7854, 1.0]
[6, array([0.4655, 0.0287]), array([0.46208571, 0.02701429]), 0.7854, 1.0]
[6, array([0.4655, 0.0287]), array([0.46253333, 0.02701429]), 0.7854, 1.0]
[6, array([0.4655, 0.0287]), array([0.46298095, 0.02701429]), 0.7854, 1.0]
[6, array([0.4655, 0.0287]), array([0.46342857, 0.02701429]), 0.7854, 1.0]
[6, array([0.4655, 0.0287]), array([0.46387619, 0.02701429]), 0.7854, 1.0]
[6, array([0.4655, 0.0287]), array([0.46432381, 0.02701429]), 0.7854, 1.0]
[6, array([0.4655, 0.0287]), array([0.46477143, 0.02701429]), 0.7854, 1.0]
[6, array([0.4655, 0.0287]), array([0.46521905, 0.02701429]), 0.7854, 1.0]
[6, array([0.4655, 0.0287]), array([0.46566667, 0.02701429]), 0.7854, 1.0]
[6, array([0.4655, 0.0287]), array([0.46611429, 0.02701429]), 0.7854, 1.0]
[6, array([0.4655, 0.0287]), array([0.4665619 , 0.02701429]), 0.7854, 1.0]
[6, array([0.4655, 0.0287]), array([0.46700952, 0.02701429]), 0.7854, 1.0]
[6, array([0.4655, 0.0287]), array([0.46745714, 0.02701429]), 0.7854, 1.0]
[6, array([0.4655, 0.0287]), array([0.46790476, 0.02701429]), 0.7854, 1.0]
[6, array([0.4655, 0.0287]), array([0.46835238, 0.02701429]), 0.7854, 1.0]
[6, array([0.4655, 0.0287]), array([0.4688    , 0.02701429]), 0.7854, 1.0]
[6, array([0.4655, 0.0287]), array([0.4594   , 0.0274619]), 0.7854, 1.0]
[6, array([0.4655, 0.0287]), array([0.45984762, 0.0274619 ]), 0.7854, 1.0]
[6, array([0.4655, 0.0287]), array([0.46029524, 0.0274619 ]), 0.7854, 1.0]
[6, array([0.4655, 0.0287]), array([0.46074286, 0.0274619 ]), 0.7854, 1.0]
[6, array([0.4655, 0.0287]), array([0.46119048, 0.0274619 ]), 0.7854, 1.0]
[6, array([0.4655, 0.0287]), array([0.4616381, 0.0274619]), 0.7854, 1.0]
[6, array([0.4655, 0.0287]), array([0.46208571, 0.0274619 ]), 0.7854, 1.0]
[6, array([0.4655, 0.0287]), array([0.46253333, 0.0274619 ]), 0.7854, 1.0]
[6, array([0.4655, 0.0287]), array([0.46298095, 0.0274619 ]), 0.7854, 1.0]
[6, array([0.4655, 0.0287]), array([0.46342857, 0.0274619 ]), 0.7854, 1.0]
[6, array([0.4655, 0.0287]), array([0.46387619, 0.0274619 ]), 0.7854, 1.0]
[6, array([0.4655, 0.0287]), array([0.46432381, 0.0274619 ]), 0.7854, 1.0]
[6, array([0.4655, 0.0287]), array([0.46477143, 0.0274619 ]), 0.7854, 1.0]
[6, array([0.4655, 0.0287]), array([0.46521905, 0.0274619 ]), 0.7854, 1.0]
[6, array([0.4655, 0.0287]), array([0.46566667, 0.0274619 ]), 0.7854, 1.0]
[6, array([0.4655, 0.0287]), array([0.46611429, 0.0274619 ]), 0.7854, 1.0]
[6, array([0.4655, 0.0287]), array([0.4665619, 0.0274619]), 0.7854, 1.0]
[6, array([0.4655, 0.0287]), array([0.46700952, 0.0274619 ]), 0.7854, 1.0]
[6, array([0.4655, 0.0287]), array([0.46745714, 0.0274619 ]), 0.7854, 1.0]
[6, array([0.4655, 0.0287]), array([0.46790476, 0.0274619 ]), 0.7854, 1.0]
[6, array([0.4655, 0.0287]), array([0.46835238, 0.0274619 ]), 0.7854, 1.0]
[6, array([0.4655, 0.0287]), array([0.4688   , 0.0274619]), 0.7854, 1.0]
[6, array([0.4655, 0.0287]), array([0.4594    , 0.02790952]), 0.7854, 1.0]
[6, array([0.4655, 0.0287]), array([0.45984762, 0.02790952]), 0.7854, 1.0]
[6, array([0.4655, 0.0287]), array([0.46029524, 0.02790952]), 0.7854, 1.0]
[6, array([0.4655, 0.0287]), array([0.46074286, 0.02790952]), 0.7854, 1.0]
[6, array([0.4655, 0.0287]), array([0.46119048, 0.02790952]), 0.7854, 1.0]
[6, array([0.4655, 0.0287]), array([0.4616381 , 0.02790952]), 0.7854, 1.0]
[6, array([0.4655, 0.0287]), array([0.46208571, 0.02790952]), 0.7854, 1.0]
[6, array([0.4655, 0.0287]), array([0.46253333, 0.02790952]), 0.7854, 1.0]
[6, array([0.4655, 0.0287]), array([0.46298095, 0.02790952]), 0.7854, 1.0]
[6, array([0.4655, 0.0287]), array([0.46342857, 0.02790952]), 0.7854, 1.0]
[6, array([0.4655, 0.0287]), array([0.46387619, 0.02790952]), 0.7854, 1.0]
[6, array([0.4655, 0.0287]), array([0.46432381, 0.02790952]), 0.7854, 1.0]
[6, array([0.4655, 0.0287]), array([0.46477143, 0.02790952]), 0.7854, 1.0]
[6, array([0.4655, 0.0287]), array([0.46521905, 0.02790952]), 0.7854, 1.0]
[6, array([0.4655, 0.0287]), array([0.46566667, 0.02790952]), 0.7854, 1.0]
[6, array([0.4655, 0.0287]), array([0.46611429, 0.02790952]), 0.7854, 1.0]
[6, array([0.4655, 0.0287]), array([0.4665619 , 0.02790952]), 0.7854, 1.0]
[6, array([0.4655, 0.0287]), array([0.46700952, 0.02790952]), 0.7854, 1.0]
[6, array([0.4655, 0.0287]), array([0.46745714, 0.02790952]), 0.7854, 1.0]
[6, array([0.4655, 0.0287]), array([0.46790476, 0.02790952]), 0.7854, 1.0]
[6, array([0.4655, 0.0287]), array([0.46835238, 0.02790952]), 0.7854, 1.0]
[6, array([0.4655, 0.0287]), array([0.4688    , 0.02790952]), 0.7854, 1.0]
[6, array([0.4655, 0.0287]), array([0.4594    , 0.02835714]), 0.7854, 1.0]
[6, array([0.4655, 0.0287]), array([0.45984762, 0.02835714]), 0.7854, 1.0]
[6, array([0.4655, 0.0287]), array([0.46029524, 0.02835714]), 0.7854, 1.0]
[6, array([0.4655, 0.0287]), array([0.46074286, 0.02835714]), 0.7854, 1.0]
[6, array([0.4655, 0.0287]), array([0.46119048, 0.02835714]), 0.7854, 1.0]
[6, array([0.4655, 0.0287]), array([0.4616381 , 0.02835714]), 0.7854, 1.0]
[6, array([0.4655, 0.0287]), array([0.46208571, 0.02835714]), 0.7854, 1.0]
[6, array([0.4655, 0.0287]), array([0.46253333, 0.02835714]), 0.7854, 1.0]
[6, array([0.4655, 0.0287]), array([0.46298095, 0.02835714]), 0.7854, 1.0]
[6, array([0.4655, 0.0287]), array([0.46342857, 0.02835714]), 0.7854, 1.0]
[6, array([0.4655, 0.0287]), array([0.46387619, 0.02835714]), 0.7854, 1.0]
[6, array([0.4655, 0.0287]), array([0.46432381, 0.02835714]), 0.7854, 1.0]
[6, array([0.4655, 0.0287]), array([0.46477143, 0.02835714]), 0.7854, 1.0]
[6, array([0.4655, 0.0287]), array([0.46521905, 0.02835714]), 0.7854, 1.0]
[6, array([0.4655, 0.0287]), array([0.46566667, 0.02835714]), 0.7854, 1.0]
[6, array([0.4655, 0.0287]), array([0.46611429, 0.02835714]), 0.7854, 1.0]
[6, array([0.4655, 0.0287]), array([0.4665619 , 0.02835714]), 0.7854, 1.0]
[6, array([0.4655, 0.0287]), array([0.46700952, 0.02835714]), 0.7854, 1.0]
[6, array([0.4655, 0.0287]), array([0.46745714, 0.02835714]), 0.7854, 1.0]
[6, array([0.4655, 0.0287]), array([0.46790476, 0.02835714]), 0.7854, 1.0]
[6, array([0.4655, 0.0287]), array([0.46835238, 0.02835714]), 0.7854, 1.0]
[6, array([0.4655, 0.0287]), array([0.4688    , 0.02835714]), 0.7854, 1.0]
[6, array([0.4655, 0.0287]), array([0.4594    , 0.02880476]), 0.7854, 1.0]
[6, array([0.4655, 0.0287]), array([0.45984762, 0.02880476]), 0.7854, 1.0]
[6, array([0.4655, 0.0287]), array([0.46029524, 0.02880476]), 0.7854, 1.0]
[6, array([0.4655, 0.0287]), array([0.46074286, 0.02880476]), 0.7854, 1.0]
[6, array([0.4655, 0.0287]), array([0.46119048, 0.02880476]), 0.7854, 1.0]
[6, array([0.4655, 0.0287]), array([0.4616381 , 0.02880476]), 0.7854, 1.0]
[6, array([0.4655, 0.0287]), array([0.46208571, 0.02880476]), 0.7854, 1.0]
[6, array([0.4655, 0.0287]), array([0.46253333, 0.02880476]), 0.7854, 1.0]
[6, array([0.4655, 0.0287]), array([0.46298095, 0.02880476]), 0.7854, 1.0]
[6, array([0.4655, 0.0287]), array([0.46342857, 0.02880476]), 0.7854, 1.0]
[6, array([0.4655, 0.0287]), array([0.46387619, 0.02880476]), 0.7854, 1.0]
[6, array([0.4655, 0.0287]), array([0.46432381, 0.02880476]), 0.7854, 1.0]
[6, array([0.4655, 0.0287]), array([0.46477143, 0.02880476]), 0.7854, 1.0]
[6, array([0.4655, 0.0287]), array([0.46521905, 0.02880476]), 0.7854, 1.0]
[6, array([0.4655, 0.0287]), array([0.46566667, 0.02880476]), 0.7854, 1.0]
[6, array([0.4655, 0.0287]), array([0.46611429, 0.02880476]), 0.7854, 1.0]
[6, array([0.4655, 0.0287]), array([0.4665619 , 0.02880476]), 0.7854, 1.0]
[6, array([0.4655, 0.0287]), array([0.46700952, 0.02880476]), 0.7854, 1.0]
[6, array([0.4655, 0.0287]), array([0.46745714, 0.02880476]), 0.7854, 1.0]
[6, array([0.4655, 0.0287]), array([0.46790476, 0.02880476]), 0.7854, 1.0]
[6, array([0.4655, 0.0287]), array([0.46835238, 0.02880476]), 0.7854, 1.0]
[6, array([0.4655, 0.0287]), array([0.4688    , 0.02880476]), 0.7854, 1.0]
[6, array([0.4655, 0.0287]), array([0.4594    , 0.02925238]), 0.7854, 1.0]
[6, array([0.4655, 0.0287]), array([0.45984762, 0.02925238]), 0.7854, 1.0]
[6, array([0.4655, 0.0287]), array([0.46029524, 0.02925238]), 0.7854, 1.0]
[6, array([0.4655, 0.0287]), array([0.46074286, 0.02925238]), 0.7854, 1.0]
[6, array([0.4655, 0.0287]), array([0.46119048, 0.02925238]), 0.7854, 1.0]
[6, array([0.4655, 0.0287]), array([0.4616381 , 0.02925238]), 0.7854, 1.0]
[6, array([0.4655, 0.0287]), array([0.46208571, 0.02925238]), 0.7854, 1.0]
[6, array([0.4655, 0.0287]), array([0.46253333, 0.02925238]), 0.7854, 1.0]
[6, array([0.4655, 0.0287]), array([0.46298095, 0.02925238]), 0.7854, 1.0]
[6, array([0.4655, 0.0287]), array([0.46342857, 0.02925238]), 0.7854, 1.0]
[6, array([0.4655, 0.0287]), array([0.46387619, 0.02925238]), 0.7854, 1.0]
[6, array([0.4655, 0.0287]), array([0.46432381, 0.02925238]), 0.7854, 1.0]
[6, array([0.4655, 0.0287]), array([0.46477143, 0.02925238]), 0.7854, 1.0]
[6, array([0.4655, 0.0287]), array([0.46521905, 0.02925238]), 0.7854, 1.0]
[6, array([0.4655, 0.0287]), array([0.46566667, 0.02925238]), 0.7854, 1.0]
[6, array([0.4655, 0.0287]), array([0.46611429, 0.02925238]), 0.7854, 1.0]
[6, array([0.4655, 0.0287]), array([0.4665619 , 0.02925238]), 0.7854, 1.0]
[6, array([0.4655, 0.0287]), array([0.46700952, 0.02925238]), 0.7854, 1.0]
[6, array([0.4655, 0.0287]), array([0.46745714, 0.02925238]), 0.7854, 1.0]
[6, array([0.4655, 0.0287]), array([0.46790476, 0.02925238]), 0.7854, 1.0]
[6, array([0.4655, 0.0287]), array([0.46835238, 0.02925238]), 0.7854, 1.0]
[6, array([0.4655, 0.0287]), array([0.4688    , 0.02925238]), 0.7854, 1.0]
[6, array([0.4655, 0.0287]), array([0.4594, 0.0297]), 0.7854, 1.0]
[6, array([0.4655, 0.0287]), array([0.45984762, 0.0297    ]), 0.7854, 1.0]
[6, array([0.4655, 0.0287]), array([0.46029524, 0.0297    ]), 0.7854, 1.0]
[6, array([0.4655, 0.0287]), array([0.46074286, 0.0297    ]), 0.7854, 1.0]
[6, array([0.4655, 0.0287]), array([0.46119048, 0.0297    ]), 0.7854, 1.0]
[6, array([0.4655, 0.0287]), array([0.4616381, 0.0297   ]), 0.7854, 1.0]
[6, array([0.4655, 0.0287]), array([0.46208571, 0.0297    ]), 0.7854, 1.0]
[6, array([0.4655, 0.0287]), array([0.46253333, 0.0297    ]), 0.7854, 1.0]
[6, array([0.4655, 0.0287]), array([0.46298095, 0.0297    ]), 0.7854, 1.0]
[6, array([0.4655, 0.0287]), array([0.46342857, 0.0297    ]), 0.7854, 1.0]
[6, array([0.4655, 0.0287]), array([0.46387619, 0.0297    ]), 0.7854, 1.0]
[6, array([0.4655, 0.0287]), array([0.46432381, 0.0297    ]), 0.7854, 1.0]
[6, array([0.4655, 0.0287]), array([0.46477143, 0.0297    ]), 0.7854, 1.0]
[6, array([0.4655, 0.0287]), array([0.46521905, 0.0297    ]), 0.7854, 1.0]
[6, array([0.4655, 0.0287]), array([0.46566667, 0.0297    ]), 0.7854, 1.0]
[6, array([0.4655, 0.0287]), array([0.46611429, 0.0297    ]), 0.7854, 1.0]
[6, array([0.4655, 0.0287]), array([0.4665619, 0.0297   ]), 0.7854, 1.0]
[6, array([0.4655, 0.0287]), array([0.46700952, 0.0297    ]), 0.7854, 1.0]
[6, array([0.4655, 0.0287]), array([0.46745714, 0.0297    ]), 0.7854, 1.0]
[6, array([0.4655, 0.0287]), array([0.46790476, 0.0297    ]), 0.7854, 1.0]
[6, array([0.4655, 0.0287]), array([0.46835238, 0.0297    ]), 0.7854, 1.0]
[6, array([0.4655, 0.0287]), array([0.4688, 0.0297]), 0.7854, 1.0]
[3, array([0.5258, 0.0218]), array([0.52185, 0.0187 ]), 0.7854, 0.0]
[3, array([0.5258, 0.0218]), array([0.52200238, 0.0187    ]), 0.7854, 0.0]
[3, array([0.5258, 0.0218]), array([0.52215476, 0.0187    ]), 0.7854, 0.0]
[3, array([0.5258, 0.0218]), array([0.52230714, 0.0187    ]), 0.7854, 0.0]
[3, array([0.5258, 0.0218]), array([0.52245952, 0.0187    ]), 0.7854, 0.0]
[3, array([0.5258, 0.0218]), array([0.5226119, 0.0187   ]), 0.7854, 0.0]
[3, array([0.5258, 0.0218]), array([0.52276429, 0.0187    ]), 0.7854, 0.0]
[3, array([0.5258, 0.0218]), array([0.52291667, 0.0187    ]), 0.7854, 0.0]
[3, array([0.5258, 0.0218]), array([0.52306905, 0.0187    ]), 0.7854, 0.0]
[3, array([0.5258, 0.0218]), array([0.52322143, 0.0187    ]), 0.7854, 0.0]
[3, array([0.5258, 0.0218]), array([0.52337381, 0.0187    ]), 0.7854, 0.0]
[3, array([0.5258, 0.0218]), array([0.52352619, 0.0187    ]), 0.7854, 0.0]
[3, array([0.5258, 0.0218]), array([0.52367857, 0.0187    ]), 0.7854, 0.0]
[3, array([0.5258, 0.0218]), array([0.52383095, 0.0187    ]), 0.7854, 0.0]
[3, array([0.5258, 0.0218]), array([0.52398333, 0.0187    ]), 0.7854, 0.0]
[3, array([0.5258, 0.0218]), array([0.52413571, 0.0187    ]), 0.7854, 0.0]
[3, array([0.5258, 0.0218]), array([0.5242881, 0.0187   ]), 0.7854, 0.0]
[3, array([0.5258, 0.0218]), array([0.52444048, 0.0187    ]), 0.7854, 0.0]
[3, array([0.5258, 0.0218]), array([0.52459286, 0.0187    ]), 0.7854, 0.0]
[3, array([0.5258, 0.0218]), array([0.52474524, 0.0187    ]), 0.7854, 0.0]
[3, array([0.5258, 0.0218]), array([0.52489762, 0.0187    ]), 0.7854, 0.0]
[3, array([0.5258, 0.0218]), array([0.52505, 0.0187 ]), 0.7854, 0.0]
[3, array([0.5258, 0.0218]), array([0.52185   , 0.01885238]), 0.7854, 0.0]
[3, array([0.5258, 0.0218]), array([0.52200238, 0.01885238]), 0.7854, 0.0]
[3, array([0.5258, 0.0218]), array([0.52215476, 0.01885238]), 0.7854, 0.0]
[3, array([0.5258, 0.0218]), array([0.52230714, 0.01885238]), 0.7854, 0.0]
[3, array([0.5258, 0.0218]), array([0.52245952, 0.01885238]), 0.7854, 0.0]
[3, array([0.5258, 0.0218]), array([0.5226119 , 0.01885238]), 0.7854, 0.0]
[3, array([0.5258, 0.0218]), array([0.52276429, 0.01885238]), 0.7854, 0.0]
[3, array([0.5258, 0.0218]), array([0.52291667, 0.01885238]), 0.7854, 0.0]
[3, array([0.5258, 0.0218]), array([0.52306905, 0.01885238]), 0.7854, 0.0]
[3, array([0.5258, 0.0218]), array([0.52322143, 0.01885238]), 0.7854, 0.0]
[3, array([0.5258, 0.0218]), array([0.52337381, 0.01885238]), 0.7854, 0.0]
[3, array([0.5258, 0.0218]), array([0.52352619, 0.01885238]), 0.7854, 0.0]
[3, array([0.5258, 0.0218]), array([0.52367857, 0.01885238]), 0.7854, 0.0]
[3, array([0.5258, 0.0218]), array([0.52383095, 0.01885238]), 0.7854, 0.0]
[3, array([0.5258, 0.0218]), array([0.52398333, 0.01885238]), 0.7854, 0.0]
[3, array([0.5258, 0.0218]), array([0.52413571, 0.01885238]), 0.7854, 0.0]
[3, array([0.5258, 0.0218]), array([0.5242881 , 0.01885238]), 0.7854, 0.0]
[3, array([0.5258, 0.0218]), array([0.52444048, 0.01885238]), 0.7854, 0.0]
[3, array([0.5258, 0.0218]), array([0.52459286, 0.01885238]), 0.7854, 0.0]
[3, array([0.5258, 0.0218]), array([0.52474524, 0.01885238]), 0.7854, 0.0]
[3, array([0.5258, 0.0218]), array([0.52489762, 0.01885238]), 0.7854, 0.0]
[3, array([0.5258, 0.0218]), array([0.52505   , 0.01885238]), 0.7854, 0.0]
[3, array([0.5258, 0.0218]), array([0.52185   , 0.01900476]), 0.7854, 0.0]
[3, array([0.5258, 0.0218]), array([0.52200238, 0.01900476]), 0.7854, 0.0]
[3, array([0.5258, 0.0218]), array([0.52215476, 0.01900476]), 0.7854, 0.0]
[3, array([0.5258, 0.0218]), array([0.52230714, 0.01900476]), 0.7854, 0.0]
[3, array([0.5258, 0.0218]), array([0.52245952, 0.01900476]), 0.7854, 0.0]
[3, array([0.5258, 0.0218]), array([0.5226119 , 0.01900476]), 0.7854, 0.0]
[3, array([0.5258, 0.0218]), array([0.52276429, 0.01900476]), 0.7854, 0.0]
[3, array([0.5258, 0.0218]), array([0.52291667, 0.01900476]), 0.7854, 0.0]
[3, array([0.5258, 0.0218]), array([0.52306905, 0.01900476]), 0.7854, 0.0]
[3, array([0.5258, 0.0218]), array([0.52322143, 0.01900476]), 0.7854, 0.0]
[3, array([0.5258, 0.0218]), array([0.52337381, 0.01900476]), 0.7854, 0.0]
[3, array([0.5258, 0.0218]), array([0.52352619, 0.01900476]), 0.7854, 0.0]
[3, array([0.5258, 0.0218]), array([0.52367857, 0.01900476]), 0.7854, 0.0]
[3, array([0.5258, 0.0218]), array([0.52383095, 0.01900476]), 0.7854, 0.0]
[3, array([0.5258, 0.0218]), array([0.52398333, 0.01900476]), 0.7854, 0.0]
[3, array([0.5258, 0.0218]), array([0.52413571, 0.01900476]), 0.7854, 0.0]
[3, array([0.5258, 0.0218]), array([0.5242881 , 0.01900476]), 0.7854, 0.0]
[3, array([0.5258, 0.0218]), array([0.52444048, 0.01900476]), 0.7854, 0.0]
[3, array([0.5258, 0.0218]), array([0.52459286, 0.01900476]), 0.7854, 0.0]
[3, array([0.5258, 0.0218]), array([0.52474524, 0.01900476]), 0.7854, 0.0]
[3, array([0.5258, 0.0218]), array([0.52489762, 0.01900476]), 0.7854, 0.0]
[3, array([0.5258, 0.0218]), array([0.52505   , 0.01900476]), 0.7854, 0.0]
[3, array([0.5258, 0.0218]), array([0.52185   , 0.01915714]), 0.7854, 0.0]
[3, array([0.5258, 0.0218]), array([0.52200238, 0.01915714]), 0.7854, 0.0]
[3, array([0.5258, 0.0218]), array([0.52215476, 0.01915714]), 0.7854, 0.0]
[3, array([0.5258, 0.0218]), array([0.52230714, 0.01915714]), 0.7854, 0.0]
[3, array([0.5258, 0.0218]), array([0.52245952, 0.01915714]), 0.7854, 0.0]
[3, array([0.5258, 0.0218]), array([0.5226119 , 0.01915714]), 0.7854, 0.0]
[3, array([0.5258, 0.0218]), array([0.52276429, 0.01915714]), 0.7854, 0.0]
[3, array([0.5258, 0.0218]), array([0.52291667, 0.01915714]), 0.7854, 0.0]
[3, array([0.5258, 0.0218]), array([0.52306905, 0.01915714]), 0.7854, 0.0]
[3, array([0.5258, 0.0218]), array([0.52322143, 0.01915714]), 0.7854, 0.0]
[3, array([0.5258, 0.0218]), array([0.52337381, 0.01915714]), 0.7854, 0.0]
[3, array([0.5258, 0.0218]), array([0.52352619, 0.01915714]), 0.7854, 0.0]
[3, array([0.5258, 0.0218]), array([0.52367857, 0.01915714]), 0.7854, 0.0]
[3, array([0.5258, 0.0218]), array([0.52383095, 0.01915714]), 0.7854, 0.0]
[3, array([0.5258, 0.0218]), array([0.52398333, 0.01915714]), 0.7854, 0.0]
[3, array([0.5258, 0.0218]), array([0.52413571, 0.01915714]), 0.7854, 0.0]
[3, array([0.5258, 0.0218]), array([0.5242881 , 0.01915714]), 0.7854, 0.0]
[3, array([0.5258, 0.0218]), array([0.52444048, 0.01915714]), 0.7854, 0.0]
[3, array([0.5258, 0.0218]), array([0.52459286, 0.01915714]), 0.7854, 0.0]
[3, array([0.5258, 0.0218]), array([0.52474524, 0.01915714]), 0.7854, 0.0]
[3, array([0.5258, 0.0218]), array([0.52489762, 0.01915714]), 0.7854, 0.0]
[3, array([0.5258, 0.0218]), array([0.52505   , 0.01915714]), 0.7854, 0.0]
[3, array([0.5258, 0.0218]), array([0.52185   , 0.01930952]), 0.7854, 0.0]
[3, array([0.5258, 0.0218]), array([0.52200238, 0.01930952]), 0.7854, 0.0]
[3, array([0.5258, 0.0218]), array([0.52215476, 0.01930952]), 0.7854, 0.0]
[3, array([0.5258, 0.0218]), array([0.52230714, 0.01930952]), 0.7854, 0.0]
[3, array([0.5258, 0.0218]), array([0.52245952, 0.01930952]), 0.7854, 0.0]
[3, array([0.5258, 0.0218]), array([0.5226119 , 0.01930952]), 0.7854, 0.0]
[3, array([0.5258, 0.0218]), array([0.52276429, 0.01930952]), 0.7854, 0.0]
[3, array([0.5258, 0.0218]), array([0.52291667, 0.01930952]), 0.7854, 0.0]
[3, array([0.5258, 0.0218]), array([0.52306905, 0.01930952]), 0.7854, 0.0]
[3, array([0.5258, 0.0218]), array([0.52322143, 0.01930952]), 0.7854, 0.0]
[3, array([0.5258, 0.0218]), array([0.52337381, 0.01930952]), 0.7854, 0.0]
[3, array([0.5258, 0.0218]), array([0.52352619, 0.01930952]), 0.7854, 0.0]
[3, array([0.5258, 0.0218]), array([0.52367857, 0.01930952]), 0.7854, 0.0]
[3, array([0.5258, 0.0218]), array([0.52383095, 0.01930952]), 0.7854, 0.0]
[3, array([0.5258, 0.0218]), array([0.52398333, 0.01930952]), 0.7854, 0.0]
[3, array([0.5258, 0.0218]), array([0.52413571, 0.01930952]), 0.7854, 0.0]
[3, array([0.5258, 0.0218]), array([0.5242881 , 0.01930952]), 0.7854, 0.0]
[3, array([0.5258, 0.0218]), array([0.52444048, 0.01930952]), 0.7854, 0.0]
[3, array([0.5258, 0.0218]), array([0.52459286, 0.01930952]), 0.7854, 0.0]
[3, array([0.5258, 0.0218]), array([0.52474524, 0.01930952]), 0.7854, 0.0]
[3, array([0.5258, 0.0218]), array([0.52489762, 0.01930952]), 0.7854, 0.0]
[3, array([0.5258, 0.0218]), array([0.52505   , 0.01930952]), 0.7854, 0.0]
[3, array([0.5258, 0.0218]), array([0.52185  , 0.0194619]), 0.7854, 0.0]
[3, array([0.5258, 0.0218]), array([0.52200238, 0.0194619 ]), 0.7854, 0.0]
[3, array([0.5258, 0.0218]), array([0.52215476, 0.0194619 ]), 0.7854, 0.0]
[3, array([0.5258, 0.0218]), array([0.52230714, 0.0194619 ]), 0.7854, 0.0]
[3, array([0.5258, 0.0218]), array([0.52245952, 0.0194619 ]), 0.7854, 0.0]
[3, array([0.5258, 0.0218]), array([0.5226119, 0.0194619]), 0.7854, 0.0]
[3, array([0.5258, 0.0218]), array([0.52276429, 0.0194619 ]), 0.7854, 0.0]
[3, array([0.5258, 0.0218]), array([0.52291667, 0.0194619 ]), 0.7854, 0.0]
[3, array([0.5258, 0.0218]), array([0.52306905, 0.0194619 ]), 0.7854, 0.0]
[3, array([0.5258, 0.0218]), array([0.52322143, 0.0194619 ]), 0.7854, 0.0]
[3, array([0.5258, 0.0218]), array([0.52337381, 0.0194619 ]), 0.7854, 0.0]
[3, array([0.5258, 0.0218]), array([0.52352619, 0.0194619 ]), 0.7854, 0.0]
[3, array([0.5258, 0.0218]), array([0.52367857, 0.0194619 ]), 0.7854, 0.0]
[3, array([0.5258, 0.0218]), array([0.52383095, 0.0194619 ]), 0.7854, 0.0]
[3, array([0.5258, 0.0218]), array([0.52398333, 0.0194619 ]), 0.7854, 0.0]
[3, array([0.5258, 0.0218]), array([0.52413571, 0.0194619 ]), 0.7854, 0.0]
[3, array([0.5258, 0.0218]), array([0.5242881, 0.0194619]), 0.7854, 0.0]
[3, array([0.5258, 0.0218]), array([0.52444048, 0.0194619 ]), 0.7854, 0.0]
[3, array([0.5258, 0.0218]), array([0.52459286, 0.0194619 ]), 0.7854, 0.0]
[3, array([0.5258, 0.0218]), array([0.52474524, 0.0194619 ]), 0.7854, 0.0]
[3, array([0.5258, 0.0218]), array([0.52489762, 0.0194619 ]), 0.7854, 0.0]
[3, array([0.5258, 0.0218]), array([0.52505  , 0.0194619]), 0.7854, 0.0]
[3, array([0.5258, 0.0218]), array([0.52185   , 0.01961429]), 0.7854, 0.0]
[3, array([0.5258, 0.0218]), array([0.52200238, 0.01961429]), 0.7854, 0.0]
[3, array([0.5258, 0.0218]), array([0.52215476, 0.01961429]), 0.7854, 0.0]
[3, array([0.5258, 0.0218]), array([0.52230714, 0.01961429]), 0.7854, 0.0]
[3, array([0.5258, 0.0218]), array([0.52245952, 0.01961429]), 0.7854, 0.0]
[3, array([0.5258, 0.0218]), array([0.5226119 , 0.01961429]), 0.7854, 0.0]
[3, array([0.5258, 0.0218]), array([0.52276429, 0.01961429]), 0.7854, 0.0]
[3, array([0.5258, 0.0218]), array([0.52291667, 0.01961429]), 0.7854, 0.0]
[3, array([0.5258, 0.0218]), array([0.52306905, 0.01961429]), 0.7854, 0.0]
[3, array([0.5258, 0.0218]), array([0.52322143, 0.01961429]), 0.7854, 0.0]
[3, array([0.5258, 0.0218]), array([0.52337381, 0.01961429]), 0.7854, 0.0]
[3, array([0.5258, 0.0218]), array([0.52352619, 0.01961429]), 0.7854, 0.0]
[3, array([0.5258, 0.0218]), array([0.52367857, 0.01961429]), 0.7854, 0.0]
[3, array([0.5258, 0.0218]), array([0.52383095, 0.01961429]), 0.7854, 0.0]
[3, array([0.5258, 0.0218]), array([0.52398333, 0.01961429]), 0.7854, 0.0]
[3, array([0.5258, 0.0218]), array([0.52413571, 0.01961429]), 0.7854, 0.0]
[3, array([0.5258, 0.0218]), array([0.5242881 , 0.01961429]), 0.7854, 0.0]
[3, array([0.5258, 0.0218]), array([0.52444048, 0.01961429]), 0.7854, 0.0]
[3, array([0.5258, 0.0218]), array([0.52459286, 0.01961429]), 0.7854, 1.0]
[3, array([0.5258, 0.0218]), array([0.52474524, 0.01961429]), 0.7854, 0.0]
[3, array([0.5258, 0.0218]), array([0.52489762, 0.01961429]), 0.7854, 0.0]
[3, array([0.5258, 0.0218]), array([0.52505   , 0.01961429]), 0.7854, 0.0]
[3, array([0.5258, 0.0218]), array([0.52185   , 0.01976667]), 0.7854, 0.0]
[3, array([0.5258, 0.0218]), array([0.52200238, 0.01976667]), 0.7854, 0.0]
[3, array([0.5258, 0.0218]), array([0.52215476, 0.01976667]), 0.7854, 0.0]
[3, array([0.5258, 0.0218]), array([0.52230714, 0.01976667]), 0.7854, 0.0]
[3, array([0.5258, 0.0218]), array([0.52245952, 0.01976667]), 0.7854, 0.0]
[3, array([0.5258, 0.0218]), array([0.5226119 , 0.01976667]), 0.7854, 0.0]
[3, array([0.5258, 0.0218]), array([0.52276429, 0.01976667]), 0.7854, 0.0]
[3, array([0.5258, 0.0218]), array([0.52291667, 0.01976667]), 0.7854, 0.0]
[3, array([0.5258, 0.0218]), array([0.52306905, 0.01976667]), 0.7854, 0.0]
[3, array([0.5258, 0.0218]), array([0.52322143, 0.01976667]), 0.7854, 0.0]
[3, array([0.5258, 0.0218]), array([0.52337381, 0.01976667]), 0.7854, 0.0]
[3, array([0.5258, 0.0218]), array([0.52352619, 0.01976667]), 0.7854, 0.0]
[3, array([0.5258, 0.0218]), array([0.52367857, 0.01976667]), 0.7854, 0.0]
[3, array([0.5258, 0.0218]), array([0.52383095, 0.01976667]), 0.7854, 0.0]
[3, array([0.5258, 0.0218]), array([0.52398333, 0.01976667]), 0.7854, 0.0]
[3, array([0.5258, 0.0218]), array([0.52413571, 0.01976667]), 0.7854, 0.0]
[3, array([0.5258, 0.0218]), array([0.5242881 , 0.01976667]), 0.7854, 0.0]
[3, array([0.5258, 0.0218]), array([0.52444048, 0.01976667]), 0.7854, 0.0]
[3, array([0.5258, 0.0218]), array([0.52459286, 0.01976667]), 0.7854, 1.0]
[3, array([0.5258, 0.0218]), array([0.52474524, 0.01976667]), 0.7854, 0.0]
[3, array([0.5258, 0.0218]), array([0.52489762, 0.01976667]), 0.7854, 0.0]
[3, array([0.5258, 0.0218]), array([0.52505   , 0.01976667]), 0.7854, 0.0]
[3, array([0.5258, 0.0218]), array([0.52185   , 0.01991905]), 0.7854, 0.0]
[3, array([0.5258, 0.0218]), array([0.52200238, 0.01991905]), 0.7854, 0.0]
[3, array([0.5258, 0.0218]), array([0.52215476, 0.01991905]), 0.7854, 0.0]
[3, array([0.5258, 0.0218]), array([0.52230714, 0.01991905]), 0.7854, 0.0]
[3, array([0.5258, 0.0218]), array([0.52245952, 0.01991905]), 0.7854, 0.0]
[3, array([0.5258, 0.0218]), array([0.5226119 , 0.01991905]), 0.7854, 0.0]
[3, array([0.5258, 0.0218]), array([0.52276429, 0.01991905]), 0.7854, 0.0]
[3, array([0.5258, 0.0218]), array([0.52291667, 0.01991905]), 0.7854, 0.0]
[3, array([0.5258, 0.0218]), array([0.52306905, 0.01991905]), 0.7854, 0.0]
[3, array([0.5258, 0.0218]), array([0.52322143, 0.01991905]), 0.7854, 0.0]
[3, array([0.5258, 0.0218]), array([0.52337381, 0.01991905]), 0.7854, 0.0]
[3, array([0.5258, 0.0218]), array([0.52352619, 0.01991905]), 0.7854, 0.0]
[3, array([0.5258, 0.0218]), array([0.52367857, 0.01991905]), 0.7854, 0.0]
[3, array([0.5258, 0.0218]), array([0.52383095, 0.01991905]), 0.7854, 0.0]
[3, array([0.5258, 0.0218]), array([0.52398333, 0.01991905]), 0.7854, 0.0]
[3, array([0.5258, 0.0218]), array([0.52413571, 0.01991905]), 0.7854, 1.0]
[3, array([0.5258, 0.0218]), array([0.5242881 , 0.01991905]), 0.7854, 0.0]
[3, array([0.5258, 0.0218]), array([0.52444048, 0.01991905]), 0.7854, 0.0]
[3, array([0.5258, 0.0218]), array([0.52459286, 0.01991905]), 0.7854, 0.0]
[3, array([0.5258, 0.0218]), array([0.52474524, 0.01991905]), 0.7854, 0.0]
[3, array([0.5258, 0.0218]), array([0.52489762, 0.01991905]), 0.7854, 0.0]
[3, array([0.5258, 0.0218]), array([0.52505   , 0.01991905]), 0.7854, 0.0]
[3, array([0.5258, 0.0218]), array([0.52185   , 0.02007143]), 0.7854, 0.0]
[3, array([0.5258, 0.0218]), array([0.52200238, 0.02007143]), 0.7854, 0.0]
[3, array([0.5258, 0.0218]), array([0.52215476, 0.02007143]), 0.7854, 0.0]
[3, array([0.5258, 0.0218]), array([0.52230714, 0.02007143]), 0.7854, 0.0]
[3, array([0.5258, 0.0218]), array([0.52245952, 0.02007143]), 0.7854, 0.0]
[3, array([0.5258, 0.0218]), array([0.5226119 , 0.02007143]), 0.7854, 0.0]
[3, array([0.5258, 0.0218]), array([0.52276429, 0.02007143]), 0.7854, 0.0]
[3, array([0.5258, 0.0218]), array([0.52291667, 0.02007143]), 0.7854, 0.0]
[3, array([0.5258, 0.0218]), array([0.52306905, 0.02007143]), 0.7854, 0.0]
[3, array([0.5258, 0.0218]), array([0.52322143, 0.02007143]), 0.7854, 0.0]
[3, array([0.5258, 0.0218]), array([0.52337381, 0.02007143]), 0.7854, 0.0]
[3, array([0.5258, 0.0218]), array([0.52352619, 0.02007143]), 0.7854, 0.0]
[3, array([0.5258, 0.0218]), array([0.52367857, 0.02007143]), 0.7854, 0.0]
[3, array([0.5258, 0.0218]), array([0.52383095, 0.02007143]), 0.7854, 0.0]
[3, array([0.5258, 0.0218]), array([0.52398333, 0.02007143]), 0.7854, 1.0]
[3, array([0.5258, 0.0218]), array([0.52413571, 0.02007143]), 0.7854, 0.0]
[3, array([0.5258, 0.0218]), array([0.5242881 , 0.02007143]), 0.7854, 0.0]
[3, array([0.5258, 0.0218]), array([0.52444048, 0.02007143]), 0.7854, 0.0]
[3, array([0.5258, 0.0218]), array([0.52459286, 0.02007143]), 0.7854, 0.0]
[3, array([0.5258, 0.0218]), array([0.52474524, 0.02007143]), 0.7854, 0.0]
[3, array([0.5258, 0.0218]), array([0.52489762, 0.02007143]), 0.7854, 0.0]
[3, array([0.5258, 0.0218]), array([0.52505   , 0.02007143]), 0.7854, 0.0]
[3, array([0.5258, 0.0218]), array([0.52185   , 0.02022381]), 0.7854, 0.0]
[3, array([0.5258, 0.0218]), array([0.52200238, 0.02022381]), 0.7854, 0.0]
[3, array([0.5258, 0.0218]), array([0.52215476, 0.02022381]), 0.7854, 0.0]
[3, array([0.5258, 0.0218]), array([0.52230714, 0.02022381]), 0.7854, 0.0]
[3, array([0.5258, 0.0218]), array([0.52245952, 0.02022381]), 0.7854, 0.0]
[3, array([0.5258, 0.0218]), array([0.5226119 , 0.02022381]), 0.7854, 0.0]
[3, array([0.5258, 0.0218]), array([0.52276429, 0.02022381]), 0.7854, 0.0]
[3, array([0.5258, 0.0218]), array([0.52291667, 0.02022381]), 0.7854, 0.0]
[3, array([0.5258, 0.0218]), array([0.52306905, 0.02022381]), 0.7854, 0.0]
[3, array([0.5258, 0.0218]), array([0.52322143, 0.02022381]), 0.7854, 0.0]
[3, array([0.5258, 0.0218]), array([0.52337381, 0.02022381]), 0.7854, 0.0]
[3, array([0.5258, 0.0218]), array([0.52352619, 0.02022381]), 0.7854, 0.0]
[3, array([0.5258, 0.0218]), array([0.52367857, 0.02022381]), 0.7854, 0.0]
[3, array([0.5258, 0.0218]), array([0.52383095, 0.02022381]), 0.7854, 1.0]
[3, array([0.5258, 0.0218]), array([0.52398333, 0.02022381]), 0.7854, 0.0]
[3, array([0.5258, 0.0218]), array([0.52413571, 0.02022381]), 0.7854, 0.0]
[3, array([0.5258, 0.0218]), array([0.5242881 , 0.02022381]), 0.7854, 0.0]
[3, array([0.5258, 0.0218]), array([0.52444048, 0.02022381]), 0.7854, 0.0]
[3, array([0.5258, 0.0218]), array([0.52459286, 0.02022381]), 0.7854, 0.0]
[3, array([0.5258, 0.0218]), array([0.52474524, 0.02022381]), 0.7854, 0.0]
[3, array([0.5258, 0.0218]), array([0.52489762, 0.02022381]), 0.7854, 0.0]
[3, array([0.5258, 0.0218]), array([0.52505   , 0.02022381]), 0.7854, 0.0]
[3, array([0.5258, 0.0218]), array([0.52185   , 0.02037619]), 0.7854, 0.0]
[3, array([0.5258, 0.0218]), array([0.52200238, 0.02037619]), 0.7854, 0.0]
[3, array([0.5258, 0.0218]), array([0.52215476, 0.02037619]), 0.7854, 0.0]
[3, array([0.5258, 0.0218]), array([0.52230714, 0.02037619]), 0.7854, 0.0]
[3, array([0.5258, 0.0218]), array([0.52245952, 0.02037619]), 0.7854, 0.0]
[3, array([0.5258, 0.0218]), array([0.5226119 , 0.02037619]), 0.7854, 0.0]
[3, array([0.5258, 0.0218]), array([0.52276429, 0.02037619]), 0.7854, 0.0]
[3, array([0.5258, 0.0218]), array([0.52291667, 0.02037619]), 0.7854, 0.0]
[3, array([0.5258, 0.0218]), array([0.52306905, 0.02037619]), 0.7854, 0.0]
[3, array([0.5258, 0.0218]), array([0.52322143, 0.02037619]), 0.7854, 0.0]
[3, array([0.5258, 0.0218]), array([0.52337381, 0.02037619]), 0.7854, 0.0]
[3, array([0.5258, 0.0218]), array([0.52352619, 0.02037619]), 0.7854, 0.0]
[3, array([0.5258, 0.0218]), array([0.52367857, 0.02037619]), 0.7854, 1.0]
[3, array([0.5258, 0.0218]), array([0.52383095, 0.02037619]), 0.7854, 0.0]
[3, array([0.5258, 0.0218]), array([0.52398333, 0.02037619]), 0.7854, 0.0]
[3, array([0.5258, 0.0218]), array([0.52413571, 0.02037619]), 0.7854, 0.0]
[3, array([0.5258, 0.0218]), array([0.5242881 , 0.02037619]), 0.7854, 0.0]
[3, array([0.5258, 0.0218]), array([0.52444048, 0.02037619]), 0.7854, 0.0]
[3, array([0.5258, 0.0218]), array([0.52459286, 0.02037619]), 0.7854, 0.0]
[3, array([0.5258, 0.0218]), array([0.52474524, 0.02037619]), 0.7854, 0.0]
[3, array([0.5258, 0.0218]), array([0.52489762, 0.02037619]), 0.7854, 0.0]
[3, array([0.5258, 0.0218]), array([0.52505   , 0.02037619]), 0.7854, 0.0]
[3, array([0.5258, 0.0218]), array([0.52185   , 0.02052857]), 0.7854, 0.0]
[3, array([0.5258, 0.0218]), array([0.52200238, 0.02052857]), 0.7854, 0.0]
[3, array([0.5258, 0.0218]), array([0.52215476, 0.02052857]), 0.7854, 0.0]
[3, array([0.5258, 0.0218]), array([0.52230714, 0.02052857]), 0.7854, 0.0]
[3, array([0.5258, 0.0218]), array([0.52245952, 0.02052857]), 0.7854, 0.0]
[3, array([0.5258, 0.0218]), array([0.5226119 , 0.02052857]), 0.7854, 0.0]
[3, array([0.5258, 0.0218]), array([0.52276429, 0.02052857]), 0.7854, 0.0]
[3, array([0.5258, 0.0218]), array([0.52291667, 0.02052857]), 0.7854, 0.0]
[3, array([0.5258, 0.0218]), array([0.52306905, 0.02052857]), 0.7854, 0.0]
[3, array([0.5258, 0.0218]), array([0.52322143, 0.02052857]), 0.7854, 0.0]
[3, array([0.5258, 0.0218]), array([0.52337381, 0.02052857]), 0.7854, 0.0]
[3, array([0.5258, 0.0218]), array([0.52352619, 0.02052857]), 0.7854, 1.0]
[3, array([0.5258, 0.0218]), array([0.52367857, 0.02052857]), 0.7854, 0.0]
[3, array([0.5258, 0.0218]), array([0.52383095, 0.02052857]), 0.7854, 0.0]
[3, array([0.5258, 0.0218]), array([0.52398333, 0.02052857]), 0.7854, 0.0]
[3, array([0.5258, 0.0218]), array([0.52413571, 0.02052857]), 0.7854, 0.0]
[3, array([0.5258, 0.0218]), array([0.5242881 , 0.02052857]), 0.7854, 0.0]
[3, array([0.5258, 0.0218]), array([0.52444048, 0.02052857]), 0.7854, 0.0]
[3, array([0.5258, 0.0218]), array([0.52459286, 0.02052857]), 0.7854, 0.0]
[3, array([0.5258, 0.0218]), array([0.52474524, 0.02052857]), 0.7854, 0.0]
[3, array([0.5258, 0.0218]), array([0.52489762, 0.02052857]), 0.7854, 0.0]
[3, array([0.5258, 0.0218]), array([0.52505   , 0.02052857]), 0.7854, 0.0]
[3, array([0.5258, 0.0218]), array([0.52185   , 0.02068095]), 0.7854, 0.0]
[3, array([0.5258, 0.0218]), array([0.52200238, 0.02068095]), 0.7854, 0.0]
[3, array([0.5258, 0.0218]), array([0.52215476, 0.02068095]), 0.7854, 0.0]
[3, array([0.5258, 0.0218]), array([0.52230714, 0.02068095]), 0.7854, 0.0]
[3, array([0.5258, 0.0218]), array([0.52245952, 0.02068095]), 0.7854, 0.0]
[3, array([0.5258, 0.0218]), array([0.5226119 , 0.02068095]), 0.7854, 0.0]
[3, array([0.5258, 0.0218]), array([0.52276429, 0.02068095]), 0.7854, 0.0]
[3, array([0.5258, 0.0218]), array([0.52291667, 0.02068095]), 0.7854, 0.0]
[3, array([0.5258, 0.0218]), array([0.52306905, 0.02068095]), 0.7854, 0.0]
[3, array([0.5258, 0.0218]), array([0.52322143, 0.02068095]), 0.7854, 0.0]
[3, array([0.5258, 0.0218]), array([0.52337381, 0.02068095]), 0.7854, 1.0]
[3, array([0.5258, 0.0218]), array([0.52352619, 0.02068095]), 0.7854, 0.0]
[3, array([0.5258, 0.0218]), array([0.52367857, 0.02068095]), 0.7854, 0.0]
[3, array([0.5258, 0.0218]), array([0.52383095, 0.02068095]), 0.7854, 0.0]
[3, array([0.5258, 0.0218]), array([0.52398333, 0.02068095]), 0.7854, 0.0]
[3, array([0.5258, 0.0218]), array([0.52413571, 0.02068095]), 0.7854, 0.0]
[3, array([0.5258, 0.0218]), array([0.5242881 , 0.02068095]), 0.7854, 0.0]
[3, array([0.5258, 0.0218]), array([0.52444048, 0.02068095]), 0.7854, 0.0]
[3, array([0.5258, 0.0218]), array([0.52459286, 0.02068095]), 0.7854, 0.0]
[3, array([0.5258, 0.0218]), array([0.52474524, 0.02068095]), 0.7854, 1.0]
[3, array([0.5258, 0.0218]), array([0.52489762, 0.02068095]), 0.7854, 1.0]
[3, array([0.5258, 0.0218]), array([0.52505   , 0.02068095]), 0.7854, 0.0]
[3, array([0.5258, 0.0218]), array([0.52185   , 0.02083333]), 0.7854, 0.0]
[3, array([0.5258, 0.0218]), array([0.52200238, 0.02083333]), 0.7854, 0.0]
[3, array([0.5258, 0.0218]), array([0.52215476, 0.02083333]), 0.7854, 0.0]
[3, array([0.5258, 0.0218]), array([0.52230714, 0.02083333]), 0.7854, 0.0]
[3, array([0.5258, 0.0218]), array([0.52245952, 0.02083333]), 0.7854, 0.0]
[3, array([0.5258, 0.0218]), array([0.5226119 , 0.02083333]), 0.7854, 0.0]
[3, array([0.5258, 0.0218]), array([0.52276429, 0.02083333]), 0.7854, 0.0]
[3, array([0.5258, 0.0218]), array([0.52291667, 0.02083333]), 0.7854, 0.0]
[3, array([0.5258, 0.0218]), array([0.52306905, 0.02083333]), 0.7854, 0.0]
[3, array([0.5258, 0.0218]), array([0.52322143, 0.02083333]), 0.7854, 1.0]
[3, array([0.5258, 0.0218]), array([0.52337381, 0.02083333]), 0.7854, 0.0]
[3, array([0.5258, 0.0218]), array([0.52352619, 0.02083333]), 0.7854, 0.0]
[3, array([0.5258, 0.0218]), array([0.52367857, 0.02083333]), 0.7854, 0.0]
[3, array([0.5258, 0.0218]), array([0.52383095, 0.02083333]), 0.7854, 0.0]
[3, array([0.5258, 0.0218]), array([0.52398333, 0.02083333]), 0.7854, 0.0]
[3, array([0.5258, 0.0218]), array([0.52413571, 0.02083333]), 0.7854, 0.0]
[3, array([0.5258, 0.0218]), array([0.5242881 , 0.02083333]), 0.7854, 0.0]
[3, array([0.5258, 0.0218]), array([0.52444048, 0.02083333]), 0.7854, 0.0]
[3, array([0.5258, 0.0218]), array([0.52459286, 0.02083333]), 0.7854, 0.0]
[3, array([0.5258, 0.0218]), array([0.52474524, 0.02083333]), 0.7854, 1.0]
[3, array([0.5258, 0.0218]), array([0.52489762, 0.02083333]), 0.7854, 1.0]
[3, array([0.5258, 0.0218]), array([0.52505   , 0.02083333]), 0.7854, 1.0]
[3, array([0.5258, 0.0218]), array([0.52185   , 0.02098571]), 0.7854, 0.0]
[3, array([0.5258, 0.0218]), array([0.52200238, 0.02098571]), 0.7854, 0.0]
[3, array([0.5258, 0.0218]), array([0.52215476, 0.02098571]), 0.7854, 0.0]
[3, array([0.5258, 0.0218]), array([0.52230714, 0.02098571]), 0.7854, 0.0]
[3, array([0.5258, 0.0218]), array([0.52245952, 0.02098571]), 0.7854, 0.0]
[3, array([0.5258, 0.0218]), array([0.5226119 , 0.02098571]), 0.7854, 0.0]
[3, array([0.5258, 0.0218]), array([0.52276429, 0.02098571]), 0.7854, 0.0]
[3, array([0.5258, 0.0218]), array([0.52291667, 0.02098571]), 0.7854, 0.0]
[3, array([0.5258, 0.0218]), array([0.52306905, 0.02098571]), 0.7854, 0.0]
[3, array([0.5258, 0.0218]), array([0.52322143, 0.02098571]), 0.7854, 0.0]
[3, array([0.5258, 0.0218]), array([0.52337381, 0.02098571]), 0.7854, 0.0]
[3, array([0.5258, 0.0218]), array([0.52352619, 0.02098571]), 0.7854, 0.0]
[3, array([0.5258, 0.0218]), array([0.52367857, 0.02098571]), 0.7854, 0.0]
[3, array([0.5258, 0.0218]), array([0.52383095, 0.02098571]), 0.7854, 0.0]
[3, array([0.5258, 0.0218]), array([0.52398333, 0.02098571]), 0.7854, 0.0]
[3, array([0.5258, 0.0218]), array([0.52413571, 0.02098571]), 0.7854, 0.0]
[3, array([0.5258, 0.0218]), array([0.5242881 , 0.02098571]), 0.7854, 0.0]
[3, array([0.5258, 0.0218]), array([0.52444048, 0.02098571]), 0.7854, 0.0]
[3, array([0.5258, 0.0218]), array([0.52459286, 0.02098571]), 0.7854, 1.0]
[3, array([0.5258, 0.0218]), array([0.52474524, 0.02098571]), 0.7854, 1.0]
[3, array([0.5258, 0.0218]), array([0.52489762, 0.02098571]), 0.7854, 1.0]
[3, array([0.5258, 0.0218]), array([0.52505   , 0.02098571]), 0.7854, 1.0]
[3, array([0.5258, 0.0218]), array([0.52185  , 0.0211381]), 0.7854, 0.0]
[3, array([0.5258, 0.0218]), array([0.52200238, 0.0211381 ]), 0.7854, 0.0]
[3, array([0.5258, 0.0218]), array([0.52215476, 0.0211381 ]), 0.7854, 0.0]
[3, array([0.5258, 0.0218]), array([0.52230714, 0.0211381 ]), 0.7854, 0.0]
[3, array([0.5258, 0.0218]), array([0.52245952, 0.0211381 ]), 0.7854, 0.0]
[3, array([0.5258, 0.0218]), array([0.5226119, 0.0211381]), 0.7854, 0.0]
[3, array([0.5258, 0.0218]), array([0.52276429, 0.0211381 ]), 0.7854, 0.0]
[3, array([0.5258, 0.0218]), array([0.52291667, 0.0211381 ]), 0.7854, 0.0]
[3, array([0.5258, 0.0218]), array([0.52306905, 0.0211381 ]), 0.7854, 0.0]
[3, array([0.5258, 0.0218]), array([0.52322143, 0.0211381 ]), 0.7854, 0.0]
[3, array([0.5258, 0.0218]), array([0.52337381, 0.0211381 ]), 0.7854, 0.0]
[3, array([0.5258, 0.0218]), array([0.52352619, 0.0211381 ]), 0.7854, 0.0]
[3, array([0.5258, 0.0218]), array([0.52367857, 0.0211381 ]), 0.7854, 0.0]
[3, array([0.5258, 0.0218]), array([0.52383095, 0.0211381 ]), 0.7854, 0.0]
[3, array([0.5258, 0.0218]), array([0.52398333, 0.0211381 ]), 0.7854, 0.0]
[3, array([0.5258, 0.0218]), array([0.52413571, 0.0211381 ]), 0.7854, 0.0]
[3, array([0.5258, 0.0218]), array([0.5242881, 0.0211381]), 0.7854, 0.0]
[3, array([0.5258, 0.0218]), array([0.52444048, 0.0211381 ]), 0.7854, 0.0]
[3, array([0.5258, 0.0218]), array([0.52459286, 0.0211381 ]), 0.7854, 1.0]
[3, array([0.5258, 0.0218]), array([0.52474524, 0.0211381 ]), 0.7854, 1.0]
[3, array([0.5258, 0.0218]), array([0.52489762, 0.0211381 ]), 0.7854, 1.0]
[3, array([0.5258, 0.0218]), array([0.52505  , 0.0211381]), 0.7854, 1.0]
[3, array([0.5258, 0.0218]), array([0.52185   , 0.02129048]), 0.7854, 0.0]
[3, array([0.5258, 0.0218]), array([0.52200238, 0.02129048]), 0.7854, 0.0]
[3, array([0.5258, 0.0218]), array([0.52215476, 0.02129048]), 0.7854, 0.0]
[3, array([0.5258, 0.0218]), array([0.52230714, 0.02129048]), 0.7854, 0.0]
[3, array([0.5258, 0.0218]), array([0.52245952, 0.02129048]), 0.7854, 0.0]
[3, array([0.5258, 0.0218]), array([0.5226119 , 0.02129048]), 0.7854, 0.0]
[3, array([0.5258, 0.0218]), array([0.52276429, 0.02129048]), 0.7854, 0.0]
[3, array([0.5258, 0.0218]), array([0.52291667, 0.02129048]), 0.7854, 0.0]
[3, array([0.5258, 0.0218]), array([0.52306905, 0.02129048]), 0.7854, 0.0]
[3, array([0.5258, 0.0218]), array([0.52322143, 0.02129048]), 0.7854, 0.0]
[3, array([0.5258, 0.0218]), array([0.52337381, 0.02129048]), 0.7854, 0.0]
[3, array([0.5258, 0.0218]), array([0.52352619, 0.02129048]), 0.7854, 0.0]
[3, array([0.5258, 0.0218]), array([0.52367857, 0.02129048]), 0.7854, 0.0]
[3, array([0.5258, 0.0218]), array([0.52383095, 0.02129048]), 0.7854, 0.0]
[3, array([0.5258, 0.0218]), array([0.52398333, 0.02129048]), 0.7854, 0.0]
[3, array([0.5258, 0.0218]), array([0.52413571, 0.02129048]), 0.7854, 0.0]
[3, array([0.5258, 0.0218]), array([0.5242881 , 0.02129048]), 0.7854, 0.0]
[3, array([0.5258, 0.0218]), array([0.52444048, 0.02129048]), 0.7854, 1.0]
[3, array([0.5258, 0.0218]), array([0.52459286, 0.02129048]), 0.7854, 1.0]
[3, array([0.5258, 0.0218]), array([0.52474524, 0.02129048]), 0.7854, 1.0]
[3, array([0.5258, 0.0218]), array([0.52489762, 0.02129048]), 0.7854, 1.0]
[3, array([0.5258, 0.0218]), array([0.52505   , 0.02129048]), 0.7854, 1.0]
[3, array([0.5258, 0.0218]), array([0.52185   , 0.02144286]), 0.7854, 0.0]
[3, array([0.5258, 0.0218]), array([0.52200238, 0.02144286]), 0.7854, 0.0]
[3, array([0.5258, 0.0218]), array([0.52215476, 0.02144286]), 0.7854, 0.0]
[3, array([0.5258, 0.0218]), array([0.52230714, 0.02144286]), 0.7854, 0.0]
[3, array([0.5258, 0.0218]), array([0.52245952, 0.02144286]), 0.7854, 0.0]
[3, array([0.5258, 0.0218]), array([0.5226119 , 0.02144286]), 0.7854, 0.0]
[3, array([0.5258, 0.0218]), array([0.52276429, 0.02144286]), 0.7854, 0.0]
[3, array([0.5258, 0.0218]), array([0.52291667, 0.02144286]), 0.7854, 0.0]
[3, array([0.5258, 0.0218]), array([0.52306905, 0.02144286]), 0.7854, 0.0]
[3, array([0.5258, 0.0218]), array([0.52322143, 0.02144286]), 0.7854, 0.0]
[3, array([0.5258, 0.0218]), array([0.52337381, 0.02144286]), 0.7854, 0.0]
[3, array([0.5258, 0.0218]), array([0.52352619, 0.02144286]), 0.7854, 0.0]
[3, array([0.5258, 0.0218]), array([0.52367857, 0.02144286]), 0.7854, 0.0]
[3, array([0.5258, 0.0218]), array([0.52383095, 0.02144286]), 0.7854, 0.0]
[3, array([0.5258, 0.0218]), array([0.52398333, 0.02144286]), 0.7854, 0.0]
[3, array([0.5258, 0.0218]), array([0.52413571, 0.02144286]), 0.7854, 0.0]
[3, array([0.5258, 0.0218]), array([0.5242881 , 0.02144286]), 0.7854, 0.0]
[3, array([0.5258, 0.0218]), array([0.52444048, 0.02144286]), 0.7854, 0.0]
[3, array([0.5258, 0.0218]), array([0.52459286, 0.02144286]), 0.7854, 0.0]
[3, array([0.5258, 0.0218]), array([0.52474524, 0.02144286]), 0.7854, 1.0]
[3, array([0.5258, 0.0218]), array([0.52489762, 0.02144286]), 0.7854, 1.0]
[3, array([0.5258, 0.0218]), array([0.52505   , 0.02144286]), 0.7854, 1.0]
[3, array([0.5258, 0.0218]), array([0.52185   , 0.02159524]), 0.7854, 0.0]
[3, array([0.5258, 0.0218]), array([0.52200238, 0.02159524]), 0.7854, 0.0]
[3, array([0.5258, 0.0218]), array([0.52215476, 0.02159524]), 0.7854, 0.0]
[3, array([0.5258, 0.0218]), array([0.52230714, 0.02159524]), 0.7854, 0.0]
[3, array([0.5258, 0.0218]), array([0.52245952, 0.02159524]), 0.7854, 0.0]
[3, array([0.5258, 0.0218]), array([0.5226119 , 0.02159524]), 0.7854, 0.0]
[3, array([0.5258, 0.0218]), array([0.52276429, 0.02159524]), 0.7854, 0.0]
[3, array([0.5258, 0.0218]), array([0.52291667, 0.02159524]), 0.7854, 0.0]
[3, array([0.5258, 0.0218]), array([0.52306905, 0.02159524]), 0.7854, 0.0]
[3, array([0.5258, 0.0218]), array([0.52322143, 0.02159524]), 0.7854, 0.0]
[3, array([0.5258, 0.0218]), array([0.52337381, 0.02159524]), 0.7854, 0.0]
[3, array([0.5258, 0.0218]), array([0.52352619, 0.02159524]), 0.7854, 0.0]
[3, array([0.5258, 0.0218]), array([0.52367857, 0.02159524]), 0.7854, 0.0]
[3, array([0.5258, 0.0218]), array([0.52383095, 0.02159524]), 0.7854, 0.0]
[3, array([0.5258, 0.0218]), array([0.52398333, 0.02159524]), 0.7854, 0.0]
[3, array([0.5258, 0.0218]), array([0.52413571, 0.02159524]), 0.7854, 0.0]
[3, array([0.5258, 0.0218]), array([0.5242881 , 0.02159524]), 0.7854, 1.0]
[3, array([0.5258, 0.0218]), array([0.52444048, 0.02159524]), 0.7854, 1.0]
[3, array([0.5258, 0.0218]), array([0.52459286, 0.02159524]), 0.7854, 1.0]
[3, array([0.5258, 0.0218]), array([0.52474524, 0.02159524]), 0.7854, 0.0]
[3, array([0.5258, 0.0218]), array([0.52489762, 0.02159524]), 0.7854, 1.0]
[3, array([0.5258, 0.0218]), array([0.52505   , 0.02159524]), 0.7854, 1.0]
[3, array([0.5258, 0.0218]), array([0.52185   , 0.02174762]), 0.7854, 0.0]
[3, array([0.5258, 0.0218]), array([0.52200238, 0.02174762]), 0.7854, 0.0]
[3, array([0.5258, 0.0218]), array([0.52215476, 0.02174762]), 0.7854, 0.0]
[3, array([0.5258, 0.0218]), array([0.52230714, 0.02174762]), 0.7854, 0.0]
[3, array([0.5258, 0.0218]), array([0.52245952, 0.02174762]), 0.7854, 0.0]
[3, array([0.5258, 0.0218]), array([0.5226119 , 0.02174762]), 0.7854, 0.0]
[3, array([0.5258, 0.0218]), array([0.52276429, 0.02174762]), 0.7854, 0.0]
[3, array([0.5258, 0.0218]), array([0.52291667, 0.02174762]), 0.7854, 0.0]
[3, array([0.5258, 0.0218]), array([0.52306905, 0.02174762]), 0.7854, 0.0]
[3, array([0.5258, 0.0218]), array([0.52322143, 0.02174762]), 0.7854, 0.0]
[3, array([0.5258, 0.0218]), array([0.52337381, 0.02174762]), 0.7854, 0.0]
[3, array([0.5258, 0.0218]), array([0.52352619, 0.02174762]), 0.7854, 0.0]
[3, array([0.5258, 0.0218]), array([0.52367857, 0.02174762]), 0.7854, 0.0]
[3, array([0.5258, 0.0218]), array([0.52383095, 0.02174762]), 0.7854, 0.0]
[3, array([0.5258, 0.0218]), array([0.52398333, 0.02174762]), 0.7854, 0.0]
[3, array([0.5258, 0.0218]), array([0.52413571, 0.02174762]), 0.7854, 0.0]
[3, array([0.5258, 0.0218]), array([0.5242881 , 0.02174762]), 0.7854, 1.0]
[3, array([0.5258, 0.0218]), array([0.52444048, 0.02174762]), 0.7854, 1.0]
[3, array([0.5258, 0.0218]), array([0.52459286, 0.02174762]), 0.7854, 0.0]
[3, array([0.5258, 0.0218]), array([0.52474524, 0.02174762]), 0.7854, 1.0]
[3, array([0.5258, 0.0218]), array([0.52489762, 0.02174762]), 0.7854, 1.0]
[3, array([0.5258, 0.0218]), array([0.52505   , 0.02174762]), 0.7854, 1.0]
[3, array([0.5258, 0.0218]), array([0.52185, 0.0219 ]), 0.7854, 0.0]
[3, array([0.5258, 0.0218]), array([0.52200238, 0.0219    ]), 0.7854, 0.0]
[3, array([0.5258, 0.0218]), array([0.52215476, 0.0219    ]), 0.7854, 0.0]
[3, array([0.5258, 0.0218]), array([0.52230714, 0.0219    ]), 0.7854, 0.0]
[3, array([0.5258, 0.0218]), array([0.52245952, 0.0219    ]), 0.7854, 0.0]
[3, array([0.5258, 0.0218]), array([0.5226119, 0.0219   ]), 0.7854, 0.0]
[3, array([0.5258, 0.0218]), array([0.52276429, 0.0219    ]), 0.7854, 0.0]
[3, array([0.5258, 0.0218]), array([0.52291667, 0.0219    ]), 0.7854, 0.0]
[3, array([0.5258, 0.0218]), array([0.52306905, 0.0219    ]), 0.7854, 0.0]
[3, array([0.5258, 0.0218]), array([0.52322143, 0.0219    ]), 0.7854, 0.0]
[3, array([0.5258, 0.0218]), array([0.52337381, 0.0219    ]), 0.7854, 0.0]
[3, array([0.5258, 0.0218]), array([0.52352619, 0.0219    ]), 0.7854, 0.0]
[3, array([0.5258, 0.0218]), array([0.52367857, 0.0219    ]), 0.7854, 0.0]
[3, array([0.5258, 0.0218]), array([0.52383095, 0.0219    ]), 0.7854, 0.0]
[3, array([0.5258, 0.0218]), array([0.52398333, 0.0219    ]), 0.7854, 0.0]
[3, array([0.5258, 0.0218]), array([0.52413571, 0.0219    ]), 0.7854, 0.0]
[3, array([0.5258, 0.0218]), array([0.5242881, 0.0219   ]), 0.7854, 1.0]
[3, array([0.5258, 0.0218]), array([0.52444048, 0.0219    ]), 0.7854, 0.0]
[3, array([0.5258, 0.0218]), array([0.52459286, 0.0219    ]), 0.7854, 1.0]
[3, array([0.5258, 0.0218]), array([0.52474524, 0.0219    ]), 0.7854, 1.0]
[3, array([0.5258, 0.0218]), array([0.52489762, 0.0219    ]), 0.7854, 1.0]
[3, array([0.5258, 0.0218]), array([0.52505, 0.0219 ]), 0.7854, 1.0]
[3, array([0.5497, 0.0092]), array([0.5469, 0.0031]), 0.7854, 1.0]
[3, array([0.5497, 0.0092]), array([0.54704762, 0.0031    ]), 0.7854, 0.0]
[3, array([0.5497, 0.0092]), array([0.54719524, 0.0031    ]), 0.7854, 0.0]
[3, array([0.5497, 0.0092]), array([0.54734286, 0.0031    ]), 0.7854, 0.0]
[3, array([0.5497, 0.0092]), array([0.54749048, 0.0031    ]), 0.7854, 0.0]
[3, array([0.5497, 0.0092]), array([0.5476381, 0.0031   ]), 0.7854, 0.0]
[3, array([0.5497, 0.0092]), array([0.54778571, 0.0031    ]), 0.7854, 0.0]
[3, array([0.5497, 0.0092]), array([0.54793333, 0.0031    ]), 0.7854, 0.0]
[3, array([0.5497, 0.0092]), array([0.54808095, 0.0031    ]), 0.7854, 0.0]
[3, array([0.5497, 0.0092]), array([0.54822857, 0.0031    ]), 0.7854, 0.0]
[3, array([0.5497, 0.0092]), array([0.54837619, 0.0031    ]), 0.7854, 0.0]
[3, array([0.5497, 0.0092]), array([0.54852381, 0.0031    ]), 0.7854, 0.0]
[3, array([0.5497, 0.0092]), array([0.54867143, 0.0031    ]), 0.7854, 0.0]
[3, array([0.5497, 0.0092]), array([0.54881905, 0.0031    ]), 0.7854, 1.0]
[3, array([0.5497, 0.0092]), array([0.54896667, 0.0031    ]), 0.7854, 1.0]
[3, array([0.5497, 0.0092]), array([0.54911429, 0.0031    ]), 0.7854, 1.0]
[3, array([0.5497, 0.0092]), array([0.5492619, 0.0031   ]), 0.7854, 1.0]
[3, array([0.5497, 0.0092]), array([0.54940952, 0.0031    ]), 0.7854, 1.0]
[3, array([0.5497, 0.0092]), array([0.54955714, 0.0031    ]), 0.7854, 1.0]
[3, array([0.5497, 0.0092]), array([0.54970476, 0.0031    ]), 0.7854, 1.0]
[3, array([0.5497, 0.0092]), array([0.54985238, 0.0031    ]), 0.7854, 1.0]
[3, array([0.5497, 0.0092]), array([0.55  , 0.0031]), 0.7854, 1.0]
[3, array([0.5497, 0.0092]), array([0.5469    , 0.00324762]), 0.7854, 0.0]
[3, array([0.5497, 0.0092]), array([0.54704762, 0.00324762]), 0.7854, 0.0]
[3, array([0.5497, 0.0092]), array([0.54719524, 0.00324762]), 0.7854, 0.0]
[3, array([0.5497, 0.0092]), array([0.54734286, 0.00324762]), 0.7854, 0.0]
[3, array([0.5497, 0.0092]), array([0.54749048, 0.00324762]), 0.7854, 0.0]
[3, array([0.5497, 0.0092]), array([0.5476381 , 0.00324762]), 0.7854, 0.0]
[3, array([0.5497, 0.0092]), array([0.54778571, 0.00324762]), 0.7854, 0.0]
[3, array([0.5497, 0.0092]), array([0.54793333, 0.00324762]), 0.7854, 0.0]
[3, array([0.5497, 0.0092]), array([0.54808095, 0.00324762]), 0.7854, 0.0]
[3, array([0.5497, 0.0092]), array([0.54822857, 0.00324762]), 0.7854, 0.0]
[3, array([0.5497, 0.0092]), array([0.54837619, 0.00324762]), 0.7854, 0.0]
[3, array([0.5497, 0.0092]), array([0.54852381, 0.00324762]), 0.7854, 0.0]
[3, array([0.5497, 0.0092]), array([0.54867143, 0.00324762]), 0.7854, 0.0]
[3, array([0.5497, 0.0092]), array([0.54881905, 0.00324762]), 0.7854, 1.0]
[3, array([0.5497, 0.0092]), array([0.54896667, 0.00324762]), 0.7854, 1.0]
[3, array([0.5497, 0.0092]), array([0.54911429, 0.00324762]), 0.7854, 1.0]
[3, array([0.5497, 0.0092]), array([0.5492619 , 0.00324762]), 0.7854, 1.0]
[3, array([0.5497, 0.0092]), array([0.54940952, 0.00324762]), 0.7854, 1.0]
[3, array([0.5497, 0.0092]), array([0.54955714, 0.00324762]), 0.7854, 1.0]
[3, array([0.5497, 0.0092]), array([0.54970476, 0.00324762]), 0.7854, 1.0]
[3, array([0.5497, 0.0092]), array([0.54985238, 0.00324762]), 0.7854, 1.0]
[3, array([0.5497, 0.0092]), array([0.55      , 0.00324762]), 0.7854, 1.0]
[3, array([0.5497, 0.0092]), array([0.5469    , 0.00339524]), 0.7854, 0.0]
[3, array([0.5497, 0.0092]), array([0.54704762, 0.00339524]), 0.7854, 0.0]
[3, array([0.5497, 0.0092]), array([0.54719524, 0.00339524]), 0.7854, 0.0]
[3, array([0.5497, 0.0092]), array([0.54734286, 0.00339524]), 0.7854, 0.0]
[3, array([0.5497, 0.0092]), array([0.54749048, 0.00339524]), 0.7854, 0.0]
[3, array([0.5497, 0.0092]), array([0.5476381 , 0.00339524]), 0.7854, 0.0]
[3, array([0.5497, 0.0092]), array([0.54778571, 0.00339524]), 0.7854, 0.0]
[3, array([0.5497, 0.0092]), array([0.54793333, 0.00339524]), 0.7854, 0.0]
[3, array([0.5497, 0.0092]), array([0.54808095, 0.00339524]), 0.7854, 0.0]
[3, array([0.5497, 0.0092]), array([0.54822857, 0.00339524]), 0.7854, 0.0]
[3, array([0.5497, 0.0092]), array([0.54837619, 0.00339524]), 0.7854, 0.0]
[3, array([0.5497, 0.0092]), array([0.54852381, 0.00339524]), 0.7854, 0.0]
[3, array([0.5497, 0.0092]), array([0.54867143, 0.00339524]), 0.7854, 1.0]
[3, array([0.5497, 0.0092]), array([0.54881905, 0.00339524]), 0.7854, 1.0]
[3, array([0.5497, 0.0092]), array([0.54896667, 0.00339524]), 0.7854, 0.0]
[3, array([0.5497, 0.0092]), array([0.54911429, 0.00339524]), 0.7854, 1.0]
[3, array([0.5497, 0.0092]), array([0.5492619 , 0.00339524]), 0.7854, 1.0]
[3, array([0.5497, 0.0092]), array([0.54940952, 0.00339524]), 0.7854, 1.0]
[3, array([0.5497, 0.0092]), array([0.54955714, 0.00339524]), 0.7854, 1.0]
[3, array([0.5497, 0.0092]), array([0.54970476, 0.00339524]), 0.7854, 1.0]
[3, array([0.5497, 0.0092]), array([0.54985238, 0.00339524]), 0.7854, 1.0]
[3, array([0.5497, 0.0092]), array([0.55      , 0.00339524]), 0.7854, 1.0]
[3, array([0.5497, 0.0092]), array([0.5469    , 0.00354286]), 0.7854, 0.0]
[3, array([0.5497, 0.0092]), array([0.54704762, 0.00354286]), 0.7854, 0.0]
[3, array([0.5497, 0.0092]), array([0.54719524, 0.00354286]), 0.7854, 0.0]
[3, array([0.5497, 0.0092]), array([0.54734286, 0.00354286]), 0.7854, 0.0]
[3, array([0.5497, 0.0092]), array([0.54749048, 0.00354286]), 0.7854, 0.0]
[3, array([0.5497, 0.0092]), array([0.5476381 , 0.00354286]), 0.7854, 0.0]
[3, array([0.5497, 0.0092]), array([0.54778571, 0.00354286]), 0.7854, 0.0]
[3, array([0.5497, 0.0092]), array([0.54793333, 0.00354286]), 0.7854, 0.0]
[3, array([0.5497, 0.0092]), array([0.54808095, 0.00354286]), 0.7854, 0.0]
[3, array([0.5497, 0.0092]), array([0.54822857, 0.00354286]), 0.7854, 0.0]
[3, array([0.5497, 0.0092]), array([0.54837619, 0.00354286]), 0.7854, 0.0]
[3, array([0.5497, 0.0092]), array([0.54852381, 0.00354286]), 0.7854, 0.0]
[3, array([0.5497, 0.0092]), array([0.54867143, 0.00354286]), 0.7854, 1.0]
[3, array([0.5497, 0.0092]), array([0.54881905, 0.00354286]), 0.7854, 1.0]
[3, array([0.5497, 0.0092]), array([0.54896667, 0.00354286]), 0.7854, 0.0]
[3, array([0.5497, 0.0092]), array([0.54911429, 0.00354286]), 0.7854, 1.0]
[3, array([0.5497, 0.0092]), array([0.5492619 , 0.00354286]), 0.7854, 1.0]
[3, array([0.5497, 0.0092]), array([0.54940952, 0.00354286]), 0.7854, 1.0]
[3, array([0.5497, 0.0092]), array([0.54955714, 0.00354286]), 0.7854, 1.0]
[3, array([0.5497, 0.0092]), array([0.54970476, 0.00354286]), 0.7854, 1.0]
[3, array([0.5497, 0.0092]), array([0.54985238, 0.00354286]), 0.7854, 1.0]
[3, array([0.5497, 0.0092]), array([0.55      , 0.00354286]), 0.7854, 1.0]
[3, array([0.5497, 0.0092]), array([0.5469    , 0.00369048]), 0.7854, 0.0]
[3, array([0.5497, 0.0092]), array([0.54704762, 0.00369048]), 0.7854, 0.0]
[3, array([0.5497, 0.0092]), array([0.54719524, 0.00369048]), 0.7854, 0.0]
[3, array([0.5497, 0.0092]), array([0.54734286, 0.00369048]), 0.7854, 0.0]
[3, array([0.5497, 0.0092]), array([0.54749048, 0.00369048]), 0.7854, 0.0]
[3, array([0.5497, 0.0092]), array([0.5476381 , 0.00369048]), 0.7854, 0.0]
[3, array([0.5497, 0.0092]), array([0.54778571, 0.00369048]), 0.7854, 0.0]
[3, array([0.5497, 0.0092]), array([0.54793333, 0.00369048]), 0.7854, 0.0]
[3, array([0.5497, 0.0092]), array([0.54808095, 0.00369048]), 0.7854, 0.0]
[3, array([0.5497, 0.0092]), array([0.54822857, 0.00369048]), 0.7854, 0.0]
[3, array([0.5497, 0.0092]), array([0.54837619, 0.00369048]), 0.7854, 0.0]
[3, array([0.5497, 0.0092]), array([0.54852381, 0.00369048]), 0.7854, 0.0]
[3, array([0.5497, 0.0092]), array([0.54867143, 0.00369048]), 0.7854, 0.0]
[3, array([0.5497, 0.0092]), array([0.54881905, 0.00369048]), 0.7854, 1.0]
[3, array([0.5497, 0.0092]), array([0.54896667, 0.00369048]), 0.7854, 1.0]
[3, array([0.5497, 0.0092]), array([0.54911429, 0.00369048]), 0.7854, 0.0]
[3, array([0.5497, 0.0092]), array([0.5492619 , 0.00369048]), 0.7854, 0.0]
[3, array([0.5497, 0.0092]), array([0.54940952, 0.00369048]), 0.7854, 0.0]
[3, array([0.5497, 0.0092]), array([0.54955714, 0.00369048]), 0.7854, 1.0]
[3, array([0.5497, 0.0092]), array([0.54970476, 0.00369048]), 0.7854, 1.0]
[3, array([0.5497, 0.0092]), array([0.54985238, 0.00369048]), 0.7854, 1.0]
[3, array([0.5497, 0.0092]), array([0.55      , 0.00369048]), 0.7854, 1.0]
[3, array([0.5497, 0.0092]), array([0.5469   , 0.0038381]), 0.7854, 0.0]
[3, array([0.5497, 0.0092]), array([0.54704762, 0.0038381 ]), 0.7854, 0.0]
[3, array([0.5497, 0.0092]), array([0.54719524, 0.0038381 ]), 0.7854, 0.0]
[3, array([0.5497, 0.0092]), array([0.54734286, 0.0038381 ]), 0.7854, 0.0]
[3, array([0.5497, 0.0092]), array([0.54749048, 0.0038381 ]), 0.7854, 0.0]
[3, array([0.5497, 0.0092]), array([0.5476381, 0.0038381]), 0.7854, 0.0]
[3, array([0.5497, 0.0092]), array([0.54778571, 0.0038381 ]), 0.7854, 0.0]
[3, array([0.5497, 0.0092]), array([0.54793333, 0.0038381 ]), 0.7854, 0.0]
[3, array([0.5497, 0.0092]), array([0.54808095, 0.0038381 ]), 0.7854, 0.0]
[3, array([0.5497, 0.0092]), array([0.54822857, 0.0038381 ]), 0.7854, 0.0]
[3, array([0.5497, 0.0092]), array([0.54837619, 0.0038381 ]), 0.7854, 0.0]
[3, array([0.5497, 0.0092]), array([0.54852381, 0.0038381 ]), 0.7854, 0.0]
[3, array([0.5497, 0.0092]), array([0.54867143, 0.0038381 ]), 0.7854, 1.0]
[3, array([0.5497, 0.0092]), array([0.54881905, 0.0038381 ]), 0.7854, 1.0]
[3, array([0.5497, 0.0092]), array([0.54896667, 0.0038381 ]), 0.7854, 0.0]
[3, array([0.5497, 0.0092]), array([0.54911429, 0.0038381 ]), 0.7854, 0.0]
[3, array([0.5497, 0.0092]), array([0.5492619, 0.0038381]), 0.7854, 0.0]
[3, array([0.5497, 0.0092]), array([0.54940952, 0.0038381 ]), 0.7854, 0.0]
[3, array([0.5497, 0.0092]), array([0.54955714, 0.0038381 ]), 0.7854, 1.0]
[3, array([0.5497, 0.0092]), array([0.54970476, 0.0038381 ]), 0.7854, 1.0]
[3, array([0.5497, 0.0092]), array([0.54985238, 0.0038381 ]), 0.7854, 1.0]
[3, array([0.5497, 0.0092]), array([0.55     , 0.0038381]), 0.7854, 1.0]
[3, array([0.5497, 0.0092]), array([0.5469    , 0.00398571]), 0.7854, 0.0]
[3, array([0.5497, 0.0092]), array([0.54704762, 0.00398571]), 0.7854, 0.0]
[3, array([0.5497, 0.0092]), array([0.54719524, 0.00398571]), 0.7854, 0.0]
[3, array([0.5497, 0.0092]), array([0.54734286, 0.00398571]), 0.7854, 0.0]
[3, array([0.5497, 0.0092]), array([0.54749048, 0.00398571]), 0.7854, 0.0]
[3, array([0.5497, 0.0092]), array([0.5476381 , 0.00398571]), 0.7854, 0.0]
[3, array([0.5497, 0.0092]), array([0.54778571, 0.00398571]), 0.7854, 0.0]
[3, array([0.5497, 0.0092]), array([0.54793333, 0.00398571]), 0.7854, 0.0]
[3, array([0.5497, 0.0092]), array([0.54808095, 0.00398571]), 0.7854, 0.0]
[3, array([0.5497, 0.0092]), array([0.54822857, 0.00398571]), 0.7854, 0.0]
[3, array([0.5497, 0.0092]), array([0.54837619, 0.00398571]), 0.7854, 0.0]
[3, array([0.5497, 0.0092]), array([0.54852381, 0.00398571]), 0.7854, 0.0]
[3, array([0.5497, 0.0092]), array([0.54867143, 0.00398571]), 0.7854, 0.0]
[3, array([0.5497, 0.0092]), array([0.54881905, 0.00398571]), 0.7854, 0.0]
[3, array([0.5497, 0.0092]), array([0.54896667, 0.00398571]), 0.7854, 0.0]
[3, array([0.5497, 0.0092]), array([0.54911429, 0.00398571]), 0.7854, 0.0]
[3, array([0.5497, 0.0092]), array([0.5492619 , 0.00398571]), 0.7854, 0.0]
[3, array([0.5497, 0.0092]), array([0.54940952, 0.00398571]), 0.7854, 0.0]
[3, array([0.5497, 0.0092]), array([0.54955714, 0.00398571]), 0.7854, 1.0]
[3, array([0.5497, 0.0092]), array([0.54970476, 0.00398571]), 0.7854, 0.0]
[3, array([0.5497, 0.0092]), array([0.54985238, 0.00398571]), 0.7854, 1.0]
[3, array([0.5497, 0.0092]), array([0.55      , 0.00398571]), 0.7854, 1.0]
[3, array([0.5497, 0.0092]), array([0.5469    , 0.00413333]), 0.7854, 0.0]
[3, array([0.5497, 0.0092]), array([0.54704762, 0.00413333]), 0.7854, 0.0]
[3, array([0.5497, 0.0092]), array([0.54719524, 0.00413333]), 0.7854, 0.0]
[3, array([0.5497, 0.0092]), array([0.54734286, 0.00413333]), 0.7854, 0.0]
[3, array([0.5497, 0.0092]), array([0.54749048, 0.00413333]), 0.7854, 0.0]
[3, array([0.5497, 0.0092]), array([0.5476381 , 0.00413333]), 0.7854, 0.0]
[3, array([0.5497, 0.0092]), array([0.54778571, 0.00413333]), 0.7854, 0.0]
[3, array([0.5497, 0.0092]), array([0.54793333, 0.00413333]), 0.7854, 0.0]
[3, array([0.5497, 0.0092]), array([0.54808095, 0.00413333]), 0.7854, 0.0]
[3, array([0.5497, 0.0092]), array([0.54822857, 0.00413333]), 0.7854, 0.0]
[3, array([0.5497, 0.0092]), array([0.54837619, 0.00413333]), 0.7854, 0.0]
[3, array([0.5497, 0.0092]), array([0.54852381, 0.00413333]), 0.7854, 1.0]
[3, array([0.5497, 0.0092]), array([0.54867143, 0.00413333]), 0.7854, 0.0]
[3, array([0.5497, 0.0092]), array([0.54881905, 0.00413333]), 0.7854, 0.0]
[3, array([0.5497, 0.0092]), array([0.54896667, 0.00413333]), 0.7854, 0.0]
[3, array([0.5497, 0.0092]), array([0.54911429, 0.00413333]), 0.7854, 0.0]
[3, array([0.5497, 0.0092]), array([0.5492619 , 0.00413333]), 0.7854, 0.0]
[3, array([0.5497, 0.0092]), array([0.54940952, 0.00413333]), 0.7854, 0.0]
[3, array([0.5497, 0.0092]), array([0.54955714, 0.00413333]), 0.7854, 0.0]
[3, array([0.5497, 0.0092]), array([0.54970476, 0.00413333]), 0.7854, 0.0]
[3, array([0.5497, 0.0092]), array([0.54985238, 0.00413333]), 0.7854, 1.0]
[3, array([0.5497, 0.0092]), array([0.55      , 0.00413333]), 0.7854, 1.0]
[3, array([0.5497, 0.0092]), array([0.5469    , 0.00428095]), 0.7854, 0.0]
[3, array([0.5497, 0.0092]), array([0.54704762, 0.00428095]), 0.7854, 0.0]
[3, array([0.5497, 0.0092]), array([0.54719524, 0.00428095]), 0.7854, 0.0]
[3, array([0.5497, 0.0092]), array([0.54734286, 0.00428095]), 0.7854, 0.0]
[3, array([0.5497, 0.0092]), array([0.54749048, 0.00428095]), 0.7854, 0.0]
[3, array([0.5497, 0.0092]), array([0.5476381 , 0.00428095]), 0.7854, 0.0]
[3, array([0.5497, 0.0092]), array([0.54778571, 0.00428095]), 0.7854, 0.0]
[3, array([0.5497, 0.0092]), array([0.54793333, 0.00428095]), 0.7854, 0.0]
[3, array([0.5497, 0.0092]), array([0.54808095, 0.00428095]), 0.7854, 0.0]
[3, array([0.5497, 0.0092]), array([0.54822857, 0.00428095]), 0.7854, 0.0]
[3, array([0.5497, 0.0092]), array([0.54837619, 0.00428095]), 0.7854, 1.0]
[3, array([0.5497, 0.0092]), array([0.54852381, 0.00428095]), 0.7854, 0.0]
[3, array([0.5497, 0.0092]), array([0.54867143, 0.00428095]), 0.7854, 0.0]
[3, array([0.5497, 0.0092]), array([0.54881905, 0.00428095]), 0.7854, 0.0]
[3, array([0.5497, 0.0092]), array([0.54896667, 0.00428095]), 0.7854, 0.0]
[3, array([0.5497, 0.0092]), array([0.54911429, 0.00428095]), 0.7854, 0.0]
[3, array([0.5497, 0.0092]), array([0.5492619 , 0.00428095]), 0.7854, 0.0]
[3, array([0.5497, 0.0092]), array([0.54940952, 0.00428095]), 0.7854, 0.0]
[3, array([0.5497, 0.0092]), array([0.54955714, 0.00428095]), 0.7854, 1.0]
[3, array([0.5497, 0.0092]), array([0.54970476, 0.00428095]), 0.7854, 1.0]
[3, array([0.5497, 0.0092]), array([0.54985238, 0.00428095]), 0.7854, 1.0]
[3, array([0.5497, 0.0092]), array([0.55      , 0.00428095]), 0.7854, 1.0]
[3, array([0.5497, 0.0092]), array([0.5469    , 0.00442857]), 0.7854, 0.0]
[3, array([0.5497, 0.0092]), array([0.54704762, 0.00442857]), 0.7854, 0.0]
[3, array([0.5497, 0.0092]), array([0.54719524, 0.00442857]), 0.7854, 0.0]
[3, array([0.5497, 0.0092]), array([0.54734286, 0.00442857]), 0.7854, 0.0]
[3, array([0.5497, 0.0092]), array([0.54749048, 0.00442857]), 0.7854, 0.0]
[3, array([0.5497, 0.0092]), array([0.5476381 , 0.00442857]), 0.7854, 0.0]
[3, array([0.5497, 0.0092]), array([0.54778571, 0.00442857]), 0.7854, 0.0]
[3, array([0.5497, 0.0092]), array([0.54793333, 0.00442857]), 0.7854, 0.0]
[3, array([0.5497, 0.0092]), array([0.54808095, 0.00442857]), 0.7854, 0.0]
[3, array([0.5497, 0.0092]), array([0.54822857, 0.00442857]), 0.7854, 1.0]
[3, array([0.5497, 0.0092]), array([0.54837619, 0.00442857]), 0.7854, 0.0]
[3, array([0.5497, 0.0092]), array([0.54852381, 0.00442857]), 0.7854, 0.0]
[3, array([0.5497, 0.0092]), array([0.54867143, 0.00442857]), 0.7854, 0.0]
[3, array([0.5497, 0.0092]), array([0.54881905, 0.00442857]), 0.7854, 0.0]
[3, array([0.5497, 0.0092]), array([0.54896667, 0.00442857]), 0.7854, 0.0]
[3, array([0.5497, 0.0092]), array([0.54911429, 0.00442857]), 0.7854, 0.0]
[3, array([0.5497, 0.0092]), array([0.5492619 , 0.00442857]), 0.7854, 0.0]
[3, array([0.5497, 0.0092]), array([0.54940952, 0.00442857]), 0.7854, 0.0]
[3, array([0.5497, 0.0092]), array([0.54955714, 0.00442857]), 0.7854, 0.0]
[3, array([0.5497, 0.0092]), array([0.54970476, 0.00442857]), 0.7854, 0.0]
[3, array([0.5497, 0.0092]), array([0.54985238, 0.00442857]), 0.7854, 1.0]
[3, array([0.5497, 0.0092]), array([0.55      , 0.00442857]), 0.7854, 1.0]
[3, array([0.5497, 0.0092]), array([0.5469    , 0.00457619]), 0.7854, 0.0]
[3, array([0.5497, 0.0092]), array([0.54704762, 0.00457619]), 0.7854, 0.0]
[3, array([0.5497, 0.0092]), array([0.54719524, 0.00457619]), 0.7854, 0.0]
[3, array([0.5497, 0.0092]), array([0.54734286, 0.00457619]), 0.7854, 0.0]
[3, array([0.5497, 0.0092]), array([0.54749048, 0.00457619]), 0.7854, 0.0]
[3, array([0.5497, 0.0092]), array([0.5476381 , 0.00457619]), 0.7854, 0.0]
[3, array([0.5497, 0.0092]), array([0.54778571, 0.00457619]), 0.7854, 0.0]
[3, array([0.5497, 0.0092]), array([0.54793333, 0.00457619]), 0.7854, 0.0]
[3, array([0.5497, 0.0092]), array([0.54808095, 0.00457619]), 0.7854, 0.0]
[3, array([0.5497, 0.0092]), array([0.54822857, 0.00457619]), 0.7854, 0.0]
[3, array([0.5497, 0.0092]), array([0.54837619, 0.00457619]), 0.7854, 0.0]
[3, array([0.5497, 0.0092]), array([0.54852381, 0.00457619]), 0.7854, 0.0]
[3, array([0.5497, 0.0092]), array([0.54867143, 0.00457619]), 0.7854, 0.0]
[3, array([0.5497, 0.0092]), array([0.54881905, 0.00457619]), 0.7854, 0.0]
[3, array([0.5497, 0.0092]), array([0.54896667, 0.00457619]), 0.7854, 0.0]
[3, array([0.5497, 0.0092]), array([0.54911429, 0.00457619]), 0.7854, 0.0]
[3, array([0.5497, 0.0092]), array([0.5492619 , 0.00457619]), 0.7854, 0.0]
[3, array([0.5497, 0.0092]), array([0.54940952, 0.00457619]), 0.7854, 0.0]
[3, array([0.5497, 0.0092]), array([0.54955714, 0.00457619]), 0.7854, 0.0]
[3, array([0.5497, 0.0092]), array([0.54970476, 0.00457619]), 0.7854, 0.0]
[3, array([0.5497, 0.0092]), array([0.54985238, 0.00457619]), 0.7854, 1.0]
[3, array([0.5497, 0.0092]), array([0.55      , 0.00457619]), 0.7854, 1.0]
[3, array([0.5497, 0.0092]), array([0.5469    , 0.00472381]), 0.7854, 0.0]
[3, array([0.5497, 0.0092]), array([0.54704762, 0.00472381]), 0.7854, 0.0]
[3, array([0.5497, 0.0092]), array([0.54719524, 0.00472381]), 0.7854, 0.0]
[3, array([0.5497, 0.0092]), array([0.54734286, 0.00472381]), 0.7854, 0.0]
[3, array([0.5497, 0.0092]), array([0.54749048, 0.00472381]), 0.7854, 0.0]
[3, array([0.5497, 0.0092]), array([0.5476381 , 0.00472381]), 0.7854, 0.0]
[3, array([0.5497, 0.0092]), array([0.54778571, 0.00472381]), 0.7854, 0.0]
[3, array([0.5497, 0.0092]), array([0.54793333, 0.00472381]), 0.7854, 0.0]
[3, array([0.5497, 0.0092]), array([0.54808095, 0.00472381]), 0.7854, 0.0]
[3, array([0.5497, 0.0092]), array([0.54822857, 0.00472381]), 0.7854, 0.0]
[3, array([0.5497, 0.0092]), array([0.54837619, 0.00472381]), 0.7854, 0.0]
[3, array([0.5497, 0.0092]), array([0.54852381, 0.00472381]), 0.7854, 0.0]
[3, array([0.5497, 0.0092]), array([0.54867143, 0.00472381]), 0.7854, 0.0]
[3, array([0.5497, 0.0092]), array([0.54881905, 0.00472381]), 0.7854, 0.0]
[3, array([0.5497, 0.0092]), array([0.54896667, 0.00472381]), 0.7854, 0.0]
[3, array([0.5497, 0.0092]), array([0.54911429, 0.00472381]), 0.7854, 0.0]
[3, array([0.5497, 0.0092]), array([0.5492619 , 0.00472381]), 0.7854, 0.0]
[3, array([0.5497, 0.0092]), array([0.54940952, 0.00472381]), 0.7854, 0.0]
[3, array([0.5497, 0.0092]), array([0.54955714, 0.00472381]), 0.7854, 0.0]
[3, array([0.5497, 0.0092]), array([0.54970476, 0.00472381]), 0.7854, 0.0]
[3, array([0.5497, 0.0092]), array([0.54985238, 0.00472381]), 0.7854, 0.0]
[3, array([0.5497, 0.0092]), array([0.55      , 0.00472381]), 0.7854, 0.0]
[3, array([0.5497, 0.0092]), array([0.5469    , 0.00487143]), 0.7854, 0.0]
[3, array([0.5497, 0.0092]), array([0.54704762, 0.00487143]), 0.7854, 0.0]
[3, array([0.5497, 0.0092]), array([0.54719524, 0.00487143]), 0.7854, 0.0]
[3, array([0.5497, 0.0092]), array([0.54734286, 0.00487143]), 0.7854, 0.0]
[3, array([0.5497, 0.0092]), array([0.54749048, 0.00487143]), 0.7854, 0.0]
[3, array([0.5497, 0.0092]), array([0.5476381 , 0.00487143]), 0.7854, 0.0]
[3, array([0.5497, 0.0092]), array([0.54778571, 0.00487143]), 0.7854, 0.0]
[3, array([0.5497, 0.0092]), array([0.54793333, 0.00487143]), 0.7854, 0.0]
[3, array([0.5497, 0.0092]), array([0.54808095, 0.00487143]), 0.7854, 0.0]
[3, array([0.5497, 0.0092]), array([0.54822857, 0.00487143]), 0.7854, 0.0]
[3, array([0.5497, 0.0092]), array([0.54837619, 0.00487143]), 0.7854, 0.0]
[3, array([0.5497, 0.0092]), array([0.54852381, 0.00487143]), 0.7854, 0.0]
[3, array([0.5497, 0.0092]), array([0.54867143, 0.00487143]), 0.7854, 0.0]
[3, array([0.5497, 0.0092]), array([0.54881905, 0.00487143]), 0.7854, 0.0]
[3, array([0.5497, 0.0092]), array([0.54896667, 0.00487143]), 0.7854, 0.0]
[3, array([0.5497, 0.0092]), array([0.54911429, 0.00487143]), 0.7854, 0.0]
[3, array([0.5497, 0.0092]), array([0.5492619 , 0.00487143]), 0.7854, 0.0]
[3, array([0.5497, 0.0092]), array([0.54940952, 0.00487143]), 0.7854, 0.0]
[3, array([0.5497, 0.0092]), array([0.54955714, 0.00487143]), 0.7854, 0.0]
[3, array([0.5497, 0.0092]), array([0.54970476, 0.00487143]), 0.7854, 1.0]
[3, array([0.5497, 0.0092]), array([0.54985238, 0.00487143]), 0.7854, 0.0]
[3, array([0.5497, 0.0092]), array([0.55      , 0.00487143]), 0.7854, 0.0]
[3, array([0.5497, 0.0092]), array([0.5469    , 0.00501905]), 0.7854, 0.0]
[3, array([0.5497, 0.0092]), array([0.54704762, 0.00501905]), 0.7854, 0.0]
[3, array([0.5497, 0.0092]), array([0.54719524, 0.00501905]), 0.7854, 0.0]
[3, array([0.5497, 0.0092]), array([0.54734286, 0.00501905]), 0.7854, 0.0]
[3, array([0.5497, 0.0092]), array([0.54749048, 0.00501905]), 0.7854, 0.0]
[3, array([0.5497, 0.0092]), array([0.5476381 , 0.00501905]), 0.7854, 0.0]
[3, array([0.5497, 0.0092]), array([0.54778571, 0.00501905]), 0.7854, 0.0]
[3, array([0.5497, 0.0092]), array([0.54793333, 0.00501905]), 0.7854, 0.0]
[3, array([0.5497, 0.0092]), array([0.54808095, 0.00501905]), 0.7854, 0.0]
[3, array([0.5497, 0.0092]), array([0.54822857, 0.00501905]), 0.7854, 0.0]
[3, array([0.5497, 0.0092]), array([0.54837619, 0.00501905]), 0.7854, 0.0]
[3, array([0.5497, 0.0092]), array([0.54852381, 0.00501905]), 0.7854, 0.0]
[3, array([0.5497, 0.0092]), array([0.54867143, 0.00501905]), 0.7854, 0.0]
[3, array([0.5497, 0.0092]), array([0.54881905, 0.00501905]), 0.7854, 0.0]
[3, array([0.5497, 0.0092]), array([0.54896667, 0.00501905]), 0.7854, 0.0]
[3, array([0.5497, 0.0092]), array([0.54911429, 0.00501905]), 0.7854, 0.0]
[3, array([0.5497, 0.0092]), array([0.5492619 , 0.00501905]), 0.7854, 0.0]
[3, array([0.5497, 0.0092]), array([0.54940952, 0.00501905]), 0.7854, 0.0]
[3, array([0.5497, 0.0092]), array([0.54955714, 0.00501905]), 0.7854, 0.0]
[3, array([0.5497, 0.0092]), array([0.54970476, 0.00501905]), 0.7854, 0.0]
[3, array([0.5497, 0.0092]), array([0.54985238, 0.00501905]), 0.7854, 1.0]
[3, array([0.5497, 0.0092]), array([0.55      , 0.00501905]), 0.7854, 0.0]
[3, array([0.5497, 0.0092]), array([0.5469    , 0.00516667]), 0.7854, 0.0]
[3, array([0.5497, 0.0092]), array([0.54704762, 0.00516667]), 0.7854, 0.0]
[3, array([0.5497, 0.0092]), array([0.54719524, 0.00516667]), 0.7854, 0.0]
[3, array([0.5497, 0.0092]), array([0.54734286, 0.00516667]), 0.7854, 0.0]
[3, array([0.5497, 0.0092]), array([0.54749048, 0.00516667]), 0.7854, 0.0]
[3, array([0.5497, 0.0092]), array([0.5476381 , 0.00516667]), 0.7854, 0.0]
[3, array([0.5497, 0.0092]), array([0.54778571, 0.00516667]), 0.7854, 0.0]
[3, array([0.5497, 0.0092]), array([0.54793333, 0.00516667]), 0.7854, 0.0]
[3, array([0.5497, 0.0092]), array([0.54808095, 0.00516667]), 0.7854, 0.0]
[3, array([0.5497, 0.0092]), array([0.54822857, 0.00516667]), 0.7854, 0.0]
[3, array([0.5497, 0.0092]), array([0.54837619, 0.00516667]), 0.7854, 0.0]
[3, array([0.5497, 0.0092]), array([0.54852381, 0.00516667]), 0.7854, 0.0]
[3, array([0.5497, 0.0092]), array([0.54867143, 0.00516667]), 0.7854, 0.0]
[3, array([0.5497, 0.0092]), array([0.54881905, 0.00516667]), 0.7854, 0.0]
[3, array([0.5497, 0.0092]), array([0.54896667, 0.00516667]), 0.7854, 0.0]
[3, array([0.5497, 0.0092]), array([0.54911429, 0.00516667]), 0.7854, 0.0]
[3, array([0.5497, 0.0092]), array([0.5492619 , 0.00516667]), 0.7854, 0.0]
[3, array([0.5497, 0.0092]), array([0.54940952, 0.00516667]), 0.7854, 0.0]
[3, array([0.5497, 0.0092]), array([0.54955714, 0.00516667]), 0.7854, 0.0]
[3, array([0.5497, 0.0092]), array([0.54970476, 0.00516667]), 0.7854, 1.0]
[3, array([0.5497, 0.0092]), array([0.54985238, 0.00516667]), 0.7854, 0.0]
[3, array([0.5497, 0.0092]), array([0.55      , 0.00516667]), 0.7854, 0.0]
[3, array([0.5497, 0.0092]), array([0.5469    , 0.00531429]), 0.7854, 0.0]
[3, array([0.5497, 0.0092]), array([0.54704762, 0.00531429]), 0.7854, 0.0]
[3, array([0.5497, 0.0092]), array([0.54719524, 0.00531429]), 0.7854, 0.0]
[3, array([0.5497, 0.0092]), array([0.54734286, 0.00531429]), 0.7854, 0.0]
[3, array([0.5497, 0.0092]), array([0.54749048, 0.00531429]), 0.7854, 0.0]
[3, array([0.5497, 0.0092]), array([0.5476381 , 0.00531429]), 0.7854, 0.0]
[3, array([0.5497, 0.0092]), array([0.54778571, 0.00531429]), 0.7854, 0.0]
[3, array([0.5497, 0.0092]), array([0.54793333, 0.00531429]), 0.7854, 0.0]
[3, array([0.5497, 0.0092]), array([0.54808095, 0.00531429]), 0.7854, 0.0]
[3, array([0.5497, 0.0092]), array([0.54822857, 0.00531429]), 0.7854, 0.0]
[3, array([0.5497, 0.0092]), array([0.54837619, 0.00531429]), 0.7854, 0.0]
[3, array([0.5497, 0.0092]), array([0.54852381, 0.00531429]), 0.7854, 0.0]
[3, array([0.5497, 0.0092]), array([0.54867143, 0.00531429]), 0.7854, 0.0]
[3, array([0.5497, 0.0092]), array([0.54881905, 0.00531429]), 0.7854, 0.0]
[3, array([0.5497, 0.0092]), array([0.54896667, 0.00531429]), 0.7854, 0.0]
[3, array([0.5497, 0.0092]), array([0.54911429, 0.00531429]), 0.7854, 0.0]
[3, array([0.5497, 0.0092]), array([0.5492619 , 0.00531429]), 0.7854, 0.0]
[3, array([0.5497, 0.0092]), array([0.54940952, 0.00531429]), 0.7854, 0.0]
[3, array([0.5497, 0.0092]), array([0.54955714, 0.00531429]), 0.7854, 0.0]
[3, array([0.5497, 0.0092]), array([0.54970476, 0.00531429]), 0.7854, 0.0]
[3, array([0.5497, 0.0092]), array([0.54985238, 0.00531429]), 0.7854, 0.0]
[3, array([0.5497, 0.0092]), array([0.55      , 0.00531429]), 0.7854, 0.0]
[3, array([0.5497, 0.0092]), array([0.5469   , 0.0054619]), 0.7854, 0.0]
[3, array([0.5497, 0.0092]), array([0.54704762, 0.0054619 ]), 0.7854, 0.0]
[3, array([0.5497, 0.0092]), array([0.54719524, 0.0054619 ]), 0.7854, 0.0]
[3, array([0.5497, 0.0092]), array([0.54734286, 0.0054619 ]), 0.7854, 0.0]
[3, array([0.5497, 0.0092]), array([0.54749048, 0.0054619 ]), 0.7854, 0.0]
[3, array([0.5497, 0.0092]), array([0.5476381, 0.0054619]), 0.7854, 0.0]
[3, array([0.5497, 0.0092]), array([0.54778571, 0.0054619 ]), 0.7854, 0.0]
[3, array([0.5497, 0.0092]), array([0.54793333, 0.0054619 ]), 0.7854, 0.0]
[3, array([0.5497, 0.0092]), array([0.54808095, 0.0054619 ]), 0.7854, 0.0]
[3, array([0.5497, 0.0092]), array([0.54822857, 0.0054619 ]), 0.7854, 0.0]
[3, array([0.5497, 0.0092]), array([0.54837619, 0.0054619 ]), 0.7854, 0.0]
[3, array([0.5497, 0.0092]), array([0.54852381, 0.0054619 ]), 0.7854, 0.0]
[3, array([0.5497, 0.0092]), array([0.54867143, 0.0054619 ]), 0.7854, 0.0]
[3, array([0.5497, 0.0092]), array([0.54881905, 0.0054619 ]), 0.7854, 0.0]
[3, array([0.5497, 0.0092]), array([0.54896667, 0.0054619 ]), 0.7854, 0.0]
[3, array([0.5497, 0.0092]), array([0.54911429, 0.0054619 ]), 0.7854, 0.0]
[3, array([0.5497, 0.0092]), array([0.5492619, 0.0054619]), 0.7854, 0.0]
[3, array([0.5497, 0.0092]), array([0.54940952, 0.0054619 ]), 0.7854, 0.0]
[3, array([0.5497, 0.0092]), array([0.54955714, 0.0054619 ]), 0.7854, 0.0]
[3, array([0.5497, 0.0092]), array([0.54970476, 0.0054619 ]), 0.7854, 0.0]
[3, array([0.5497, 0.0092]), array([0.54985238, 0.0054619 ]), 0.7854, 0.0]
[3, array([0.5497, 0.0092]), array([0.55     , 0.0054619]), 0.7854, 0.0]
[3, array([0.5497, 0.0092]), array([0.5469    , 0.00560952]), 0.7854, 0.0]
[3, array([0.5497, 0.0092]), array([0.54704762, 0.00560952]), 0.7854, 0.0]
[3, array([0.5497, 0.0092]), array([0.54719524, 0.00560952]), 0.7854, 0.0]
[3, array([0.5497, 0.0092]), array([0.54734286, 0.00560952]), 0.7854, 0.0]
[3, array([0.5497, 0.0092]), array([0.54749048, 0.00560952]), 0.7854, 0.0]
[3, array([0.5497, 0.0092]), array([0.5476381 , 0.00560952]), 0.7854, 0.0]
[3, array([0.5497, 0.0092]), array([0.54778571, 0.00560952]), 0.7854, 0.0]
[3, array([0.5497, 0.0092]), array([0.54793333, 0.00560952]), 0.7854, 0.0]
[3, array([0.5497, 0.0092]), array([0.54808095, 0.00560952]), 0.7854, 0.0]
[3, array([0.5497, 0.0092]), array([0.54822857, 0.00560952]), 0.7854, 0.0]
[3, array([0.5497, 0.0092]), array([0.54837619, 0.00560952]), 0.7854, 0.0]
[3, array([0.5497, 0.0092]), array([0.54852381, 0.00560952]), 0.7854, 0.0]
[3, array([0.5497, 0.0092]), array([0.54867143, 0.00560952]), 0.7854, 0.0]
[3, array([0.5497, 0.0092]), array([0.54881905, 0.00560952]), 0.7854, 0.0]
[3, array([0.5497, 0.0092]), array([0.54896667, 0.00560952]), 0.7854, 0.0]
[3, array([0.5497, 0.0092]), array([0.54911429, 0.00560952]), 0.7854, 0.0]
[3, array([0.5497, 0.0092]), array([0.5492619 , 0.00560952]), 0.7854, 0.0]
[3, array([0.5497, 0.0092]), array([0.54940952, 0.00560952]), 0.7854, 1.0]
[3, array([0.5497, 0.0092]), array([0.54955714, 0.00560952]), 0.7854, 1.0]
[3, array([0.5497, 0.0092]), array([0.54970476, 0.00560952]), 0.7854, 1.0]
[3, array([0.5497, 0.0092]), array([0.54985238, 0.00560952]), 0.7854, 0.0]
[3, array([0.5497, 0.0092]), array([0.55      , 0.00560952]), 0.7854, 0.0]
[3, array([0.5497, 0.0092]), array([0.5469    , 0.00575714]), 0.7854, 0.0]
[3, array([0.5497, 0.0092]), array([0.54704762, 0.00575714]), 0.7854, 0.0]
[3, array([0.5497, 0.0092]), array([0.54719524, 0.00575714]), 0.7854, 0.0]
[3, array([0.5497, 0.0092]), array([0.54734286, 0.00575714]), 0.7854, 0.0]
[3, array([0.5497, 0.0092]), array([0.54749048, 0.00575714]), 0.7854, 0.0]
[3, array([0.5497, 0.0092]), array([0.5476381 , 0.00575714]), 0.7854, 0.0]
[3, array([0.5497, 0.0092]), array([0.54778571, 0.00575714]), 0.7854, 0.0]
[3, array([0.5497, 0.0092]), array([0.54793333, 0.00575714]), 0.7854, 0.0]
[3, array([0.5497, 0.0092]), array([0.54808095, 0.00575714]), 0.7854, 0.0]
[3, array([0.5497, 0.0092]), array([0.54822857, 0.00575714]), 0.7854, 0.0]
[3, array([0.5497, 0.0092]), array([0.54837619, 0.00575714]), 0.7854, 0.0]
[3, array([0.5497, 0.0092]), array([0.54852381, 0.00575714]), 0.7854, 0.0]
[3, array([0.5497, 0.0092]), array([0.54867143, 0.00575714]), 0.7854, 0.0]
[3, array([0.5497, 0.0092]), array([0.54881905, 0.00575714]), 0.7854, 0.0]
[3, array([0.5497, 0.0092]), array([0.54896667, 0.00575714]), 0.7854, 0.0]
[3, array([0.5497, 0.0092]), array([0.54911429, 0.00575714]), 0.7854, 0.0]
[3, array([0.5497, 0.0092]), array([0.5492619 , 0.00575714]), 0.7854, 0.0]
[3, array([0.5497, 0.0092]), array([0.54940952, 0.00575714]), 0.7854, 0.0]
[3, array([0.5497, 0.0092]), array([0.54955714, 0.00575714]), 0.7854, 1.0]
[3, array([0.5497, 0.0092]), array([0.54970476, 0.00575714]), 0.7854, 0.0]
[3, array([0.5497, 0.0092]), array([0.54985238, 0.00575714]), 0.7854, 0.0]
[3, array([0.5497, 0.0092]), array([0.55      , 0.00575714]), 0.7854, 0.0]
[3, array([0.5497, 0.0092]), array([0.5469    , 0.00590476]), 0.7854, 0.0]
[3, array([0.5497, 0.0092]), array([0.54704762, 0.00590476]), 0.7854, 0.0]
[3, array([0.5497, 0.0092]), array([0.54719524, 0.00590476]), 0.7854, 0.0]
[3, array([0.5497, 0.0092]), array([0.54734286, 0.00590476]), 0.7854, 0.0]
[3, array([0.5497, 0.0092]), array([0.54749048, 0.00590476]), 0.7854, 0.0]
[3, array([0.5497, 0.0092]), array([0.5476381 , 0.00590476]), 0.7854, 0.0]
[3, array([0.5497, 0.0092]), array([0.54778571, 0.00590476]), 0.7854, 0.0]
[3, array([0.5497, 0.0092]), array([0.54793333, 0.00590476]), 0.7854, 0.0]
[3, array([0.5497, 0.0092]), array([0.54808095, 0.00590476]), 0.7854, 0.0]
[3, array([0.5497, 0.0092]), array([0.54822857, 0.00590476]), 0.7854, 0.0]
[3, array([0.5497, 0.0092]), array([0.54837619, 0.00590476]), 0.7854, 0.0]
[3, array([0.5497, 0.0092]), array([0.54852381, 0.00590476]), 0.7854, 0.0]
[3, array([0.5497, 0.0092]), array([0.54867143, 0.00590476]), 0.7854, 0.0]
[3, array([0.5497, 0.0092]), array([0.54881905, 0.00590476]), 0.7854, 0.0]
[3, array([0.5497, 0.0092]), array([0.54896667, 0.00590476]), 0.7854, 0.0]
[3, array([0.5497, 0.0092]), array([0.54911429, 0.00590476]), 0.7854, 0.0]
[3, array([0.5497, 0.0092]), array([0.5492619 , 0.00590476]), 0.7854, 0.0]
[3, array([0.5497, 0.0092]), array([0.54940952, 0.00590476]), 0.7854, 0.0]
[3, array([0.5497, 0.0092]), array([0.54955714, 0.00590476]), 0.7854, 0.0]
[3, array([0.5497, 0.0092]), array([0.54970476, 0.00590476]), 0.7854, 0.0]
[3, array([0.5497, 0.0092]), array([0.54985238, 0.00590476]), 0.7854, 0.0]
[3, array([0.5497, 0.0092]), array([0.55      , 0.00590476]), 0.7854, 0.0]
[3, array([0.5497, 0.0092]), array([0.5469    , 0.00605238]), 0.7854, 0.0]
[3, array([0.5497, 0.0092]), array([0.54704762, 0.00605238]), 0.7854, 0.0]
[3, array([0.5497, 0.0092]), array([0.54719524, 0.00605238]), 0.7854, 0.0]
[3, array([0.5497, 0.0092]), array([0.54734286, 0.00605238]), 0.7854, 0.0]
[3, array([0.5497, 0.0092]), array([0.54749048, 0.00605238]), 0.7854, 0.0]
[3, array([0.5497, 0.0092]), array([0.5476381 , 0.00605238]), 0.7854, 0.0]
[3, array([0.5497, 0.0092]), array([0.54778571, 0.00605238]), 0.7854, 0.0]
[3, array([0.5497, 0.0092]), array([0.54793333, 0.00605238]), 0.7854, 0.0]
[3, array([0.5497, 0.0092]), array([0.54808095, 0.00605238]), 0.7854, 0.0]
[3, array([0.5497, 0.0092]), array([0.54822857, 0.00605238]), 0.7854, 0.0]
[3, array([0.5497, 0.0092]), array([0.54837619, 0.00605238]), 0.7854, 0.0]
[3, array([0.5497, 0.0092]), array([0.54852381, 0.00605238]), 0.7854, 0.0]
[3, array([0.5497, 0.0092]), array([0.54867143, 0.00605238]), 0.7854, 0.0]
[3, array([0.5497, 0.0092]), array([0.54881905, 0.00605238]), 0.7854, 0.0]
[3, array([0.5497, 0.0092]), array([0.54896667, 0.00605238]), 0.7854, 0.0]
[3, array([0.5497, 0.0092]), array([0.54911429, 0.00605238]), 0.7854, 0.0]
[3, array([0.5497, 0.0092]), array([0.5492619 , 0.00605238]), 0.7854, 0.0]
[3, array([0.5497, 0.0092]), array([0.54940952, 0.00605238]), 0.7854, 0.0]
[3, array([0.5497, 0.0092]), array([0.54955714, 0.00605238]), 0.7854, 0.0]
[3, array([0.5497, 0.0092]), array([0.54970476, 0.00605238]), 0.7854, 0.0]
[3, array([0.5497, 0.0092]), array([0.54985238, 0.00605238]), 0.7854, 0.0]
[3, array([0.5497, 0.0092]), array([0.55      , 0.00605238]), 0.7854, 0.0]
[3, array([0.5497, 0.0092]), array([0.5469, 0.0062]), 0.7854, 0.0]
[3, array([0.5497, 0.0092]), array([0.54704762, 0.0062    ]), 0.7854, 0.0]
[3, array([0.5497, 0.0092]), array([0.54719524, 0.0062    ]), 0.7854, 0.0]
[3, array([0.5497, 0.0092]), array([0.54734286, 0.0062    ]), 0.7854, 0.0]
[3, array([0.5497, 0.0092]), array([0.54749048, 0.0062    ]), 0.7854, 0.0]
[3, array([0.5497, 0.0092]), array([0.5476381, 0.0062   ]), 0.7854, 0.0]
[3, array([0.5497, 0.0092]), array([0.54778571, 0.0062    ]), 0.7854, 0.0]
[3, array([0.5497, 0.0092]), array([0.54793333, 0.0062    ]), 0.7854, 0.0]
[3, array([0.5497, 0.0092]), array([0.54808095, 0.0062    ]), 0.7854, 0.0]
[3, array([0.5497, 0.0092]), array([0.54822857, 0.0062    ]), 0.7854, 0.0]
[3, array([0.5497, 0.0092]), array([0.54837619, 0.0062    ]), 0.7854, 0.0]
[3, array([0.5497, 0.0092]), array([0.54852381, 0.0062    ]), 0.7854, 0.0]
[3, array([0.5497, 0.0092]), array([0.54867143, 0.0062    ]), 0.7854, 0.0]
[3, array([0.5497, 0.0092]), array([0.54881905, 0.0062    ]), 0.7854, 0.0]
[3, array([0.5497, 0.0092]), array([0.54896667, 0.0062    ]), 0.7854, 0.0]
[3, array([0.5497, 0.0092]), array([0.54911429, 0.0062    ]), 0.7854, 0.0]
[3, array([0.5497, 0.0092]), array([0.5492619, 0.0062   ]), 0.7854, 0.0]
[3, array([0.5497, 0.0092]), array([0.54940952, 0.0062    ]), 0.7854, 0.0]
[3, array([0.5497, 0.0092]), array([0.54955714, 0.0062    ]), 0.7854, 0.0]
[3, array([0.5497, 0.0092]), array([0.54970476, 0.0062    ]), 0.7854, 0.0]
[3, array([0.5497, 0.0092]), array([0.54985238, 0.0062    ]), 0.7854, 0.0]
[3, array([0.5497, 0.0092]), array([0.55  , 0.0062]), 0.7854, 0.0]
[1, array([0.4686, 0.0338]), array([0.4609, 0.0281]), 0.7854, 1.0]
[1, array([0.4686, 0.0338]), array([0.4612, 0.0281]), 0.7854, 1.0]
[1, array([0.4686, 0.0338]), array([0.4615, 0.0281]), 0.7854, 1.0]
[1, array([0.4686, 0.0338]), array([0.4618, 0.0281]), 0.7854, 1.0]
[1, array([0.4686, 0.0338]), array([0.4621, 0.0281]), 0.7854, 1.0]
[1, array([0.4686, 0.0338]), array([0.4624, 0.0281]), 0.7854, 1.0]
[1, array([0.4686, 0.0338]), array([0.4627, 0.0281]), 0.7854, 1.0]
[1, array([0.4686, 0.0338]), array([0.463 , 0.0281]), 0.7854, 1.0]
[1, array([0.4686, 0.0338]), array([0.4633, 0.0281]), 0.7854, 1.0]
[1, array([0.4686, 0.0338]), array([0.4636, 0.0281]), 0.7854, 1.0]
[1, array([0.4686, 0.0338]), array([0.4639, 0.0281]), 0.7854, 1.0]
[1, array([0.4686, 0.0338]), array([0.4642, 0.0281]), 0.7854, 1.0]
[1, array([0.4686, 0.0338]), array([0.4645, 0.0281]), 0.7854, 1.0]
[1, array([0.4686, 0.0338]), array([0.4648, 0.0281]), 0.7854, 1.0]
[1, array([0.4686, 0.0338]), array([0.4651, 0.0281]), 0.7854, 1.0]
[1, array([0.4686, 0.0338]), array([0.4654, 0.0281]), 0.7854, 1.0]
[1, array([0.4686, 0.0338]), array([0.4657, 0.0281]), 0.7854, 1.0]
[1, array([0.4686, 0.0338]), array([0.466 , 0.0281]), 0.7854, 1.0]
[1, array([0.4686, 0.0338]), array([0.4663, 0.0281]), 0.7854, 1.0]
[1, array([0.4686, 0.0338]), array([0.4666, 0.0281]), 0.7854, 1.0]
[1, array([0.4686, 0.0338]), array([0.4669, 0.0281]), 0.7854, 1.0]
[1, array([0.4686, 0.0338]), array([0.4672, 0.0281]), 0.7854, 1.0]
[1, array([0.4686, 0.0338]), array([0.4609, 0.0284]), 0.7854, 1.0]
[1, array([0.4686, 0.0338]), array([0.4612, 0.0284]), 0.7854, 1.0]
[1, array([0.4686, 0.0338]), array([0.4615, 0.0284]), 0.7854, 1.0]
[1, array([0.4686, 0.0338]), array([0.4618, 0.0284]), 0.7854, 1.0]
[1, array([0.4686, 0.0338]), array([0.4621, 0.0284]), 0.7854, 1.0]
[1, array([0.4686, 0.0338]), array([0.4624, 0.0284]), 0.7854, 1.0]
[1, array([0.4686, 0.0338]), array([0.4627, 0.0284]), 0.7854, 1.0]
[1, array([0.4686, 0.0338]), array([0.463 , 0.0284]), 0.7854, 1.0]
[1, array([0.4686, 0.0338]), array([0.4633, 0.0284]), 0.7854, 1.0]
[1, array([0.4686, 0.0338]), array([0.4636, 0.0284]), 0.7854, 1.0]
[1, array([0.4686, 0.0338]), array([0.4639, 0.0284]), 0.7854, 1.0]
[1, array([0.4686, 0.0338]), array([0.4642, 0.0284]), 0.7854, 1.0]
[1, array([0.4686, 0.0338]), array([0.4645, 0.0284]), 0.7854, 1.0]
[1, array([0.4686, 0.0338]), array([0.4648, 0.0284]), 0.7854, 1.0]
[1, array([0.4686, 0.0338]), array([0.4651, 0.0284]), 0.7854, 1.0]
[1, array([0.4686, 0.0338]), array([0.4654, 0.0284]), 0.7854, 1.0]
[1, array([0.4686, 0.0338]), array([0.4657, 0.0284]), 0.7854, 1.0]
[1, array([0.4686, 0.0338]), array([0.466 , 0.0284]), 0.7854, 1.0]
[1, array([0.4686, 0.0338]), array([0.4663, 0.0284]), 0.7854, 1.0]
[1, array([0.4686, 0.0338]), array([0.4666, 0.0284]), 0.7854, 1.0]
[1, array([0.4686, 0.0338]), array([0.4669, 0.0284]), 0.7854, 1.0]
[1, array([0.4686, 0.0338]), array([0.4672, 0.0284]), 0.7854, 1.0]
[1, array([0.4686, 0.0338]), array([0.4609, 0.0287]), 0.7854, 1.0]
[1, array([0.4686, 0.0338]), array([0.4612, 0.0287]), 0.7854, 1.0]
[1, array([0.4686, 0.0338]), array([0.4615, 0.0287]), 0.7854, 1.0]
[1, array([0.4686, 0.0338]), array([0.4618, 0.0287]), 0.7854, 1.0]
[1, array([0.4686, 0.0338]), array([0.4621, 0.0287]), 0.7854, 1.0]
[1, array([0.4686, 0.0338]), array([0.4624, 0.0287]), 0.7854, 1.0]
[1, array([0.4686, 0.0338]), array([0.4627, 0.0287]), 0.7854, 1.0]
[1, array([0.4686, 0.0338]), array([0.463 , 0.0287]), 0.7854, 1.0]
[1, array([0.4686, 0.0338]), array([0.4633, 0.0287]), 0.7854, 1.0]
[1, array([0.4686, 0.0338]), array([0.4636, 0.0287]), 0.7854, 1.0]
[1, array([0.4686, 0.0338]), array([0.4639, 0.0287]), 0.7854, 1.0]
[1, array([0.4686, 0.0338]), array([0.4642, 0.0287]), 0.7854, 1.0]
[1, array([0.4686, 0.0338]), array([0.4645, 0.0287]), 0.7854, 1.0]
[1, array([0.4686, 0.0338]), array([0.4648, 0.0287]), 0.7854, 1.0]
[1, array([0.4686, 0.0338]), array([0.4651, 0.0287]), 0.7854, 1.0]
[1, array([0.4686, 0.0338]), array([0.4654, 0.0287]), 0.7854, 1.0]
[1, array([0.4686, 0.0338]), array([0.4657, 0.0287]), 0.7854, 1.0]
[1, array([0.4686, 0.0338]), array([0.466 , 0.0287]), 0.7854, 1.0]
[1, array([0.4686, 0.0338]), array([0.4663, 0.0287]), 0.7854, 1.0]
[1, array([0.4686, 0.0338]), array([0.4666, 0.0287]), 0.7854, 1.0]
[1, array([0.4686, 0.0338]), array([0.4669, 0.0287]), 0.7854, 1.0]
[1, array([0.4686, 0.0338]), array([0.4672, 0.0287]), 0.7854, 1.0]
[1, array([0.4686, 0.0338]), array([0.4609, 0.029 ]), 0.7854, 1.0]
[1, array([0.4686, 0.0338]), array([0.4612, 0.029 ]), 0.7854, 1.0]
[1, array([0.4686, 0.0338]), array([0.4615, 0.029 ]), 0.7854, 1.0]
[1, array([0.4686, 0.0338]), array([0.4618, 0.029 ]), 0.7854, 1.0]
[1, array([0.4686, 0.0338]), array([0.4621, 0.029 ]), 0.7854, 1.0]
[1, array([0.4686, 0.0338]), array([0.4624, 0.029 ]), 0.7854, 1.0]
[1, array([0.4686, 0.0338]), array([0.4627, 0.029 ]), 0.7854, 1.0]
[1, array([0.4686, 0.0338]), array([0.463, 0.029]), 0.7854, 1.0]
[1, array([0.4686, 0.0338]), array([0.4633, 0.029 ]), 0.7854, 1.0]
[1, array([0.4686, 0.0338]), array([0.4636, 0.029 ]), 0.7854, 1.0]
[1, array([0.4686, 0.0338]), array([0.4639, 0.029 ]), 0.7854, 1.0]
[1, array([0.4686, 0.0338]), array([0.4642, 0.029 ]), 0.7854, 1.0]
[1, array([0.4686, 0.0338]), array([0.4645, 0.029 ]), 0.7854, 1.0]
[1, array([0.4686, 0.0338]), array([0.4648, 0.029 ]), 0.7854, 1.0]
[1, array([0.4686, 0.0338]), array([0.4651, 0.029 ]), 0.7854, 1.0]
[1, array([0.4686, 0.0338]), array([0.4654, 0.029 ]), 0.7854, 1.0]
[1, array([0.4686, 0.0338]), array([0.4657, 0.029 ]), 0.7854, 1.0]
[1, array([0.4686, 0.0338]), array([0.466, 0.029]), 0.7854, 1.0]
[1, array([0.4686, 0.0338]), array([0.4663, 0.029 ]), 0.7854, 1.0]
[1, array([0.4686, 0.0338]), array([0.4666, 0.029 ]), 0.7854, 1.0]
[1, array([0.4686, 0.0338]), array([0.4669, 0.029 ]), 0.7854, 1.0]
[1, array([0.4686, 0.0338]), array([0.4672, 0.029 ]), 0.7854, 1.0]
[1, array([0.4686, 0.0338]), array([0.4609, 0.0293]), 0.7854, 1.0]
[1, array([0.4686, 0.0338]), array([0.4612, 0.0293]), 0.7854, 1.0]
[1, array([0.4686, 0.0338]), array([0.4615, 0.0293]), 0.7854, 1.0]
[1, array([0.4686, 0.0338]), array([0.4618, 0.0293]), 0.7854, 1.0]
[1, array([0.4686, 0.0338]), array([0.4621, 0.0293]), 0.7854, 1.0]
[1, array([0.4686, 0.0338]), array([0.4624, 0.0293]), 0.7854, 1.0]
[1, array([0.4686, 0.0338]), array([0.4627, 0.0293]), 0.7854, 1.0]
[1, array([0.4686, 0.0338]), array([0.463 , 0.0293]), 0.7854, 1.0]
[1, array([0.4686, 0.0338]), array([0.4633, 0.0293]), 0.7854, 1.0]
[1, array([0.4686, 0.0338]), array([0.4636, 0.0293]), 0.7854, 1.0]
[1, array([0.4686, 0.0338]), array([0.4639, 0.0293]), 0.7854, 1.0]
[1, array([0.4686, 0.0338]), array([0.4642, 0.0293]), 0.7854, 1.0]
[1, array([0.4686, 0.0338]), array([0.4645, 0.0293]), 0.7854, 1.0]
[1, array([0.4686, 0.0338]), array([0.4648, 0.0293]), 0.7854, 1.0]
[1, array([0.4686, 0.0338]), array([0.4651, 0.0293]), 0.7854, 1.0]
[1, array([0.4686, 0.0338]), array([0.4654, 0.0293]), 0.7854, 1.0]
[1, array([0.4686, 0.0338]), array([0.4657, 0.0293]), 0.7854, 1.0]
[1, array([0.4686, 0.0338]), array([0.466 , 0.0293]), 0.7854, 1.0]
[1, array([0.4686, 0.0338]), array([0.4663, 0.0293]), 0.7854, 1.0]
[1, array([0.4686, 0.0338]), array([0.4666, 0.0293]), 0.7854, 1.0]
[1, array([0.4686, 0.0338]), array([0.4669, 0.0293]), 0.7854, 1.0]
[1, array([0.4686, 0.0338]), array([0.4672, 0.0293]), 0.7854, 1.0]
[1, array([0.4686, 0.0338]), array([0.4609, 0.0296]), 0.7854, 1.0]
[1, array([0.4686, 0.0338]), array([0.4612, 0.0296]), 0.7854, 1.0]
[1, array([0.4686, 0.0338]), array([0.4615, 0.0296]), 0.7854, 1.0]
[1, array([0.4686, 0.0338]), array([0.4618, 0.0296]), 0.7854, 1.0]
[1, array([0.4686, 0.0338]), array([0.4621, 0.0296]), 0.7854, 1.0]
[1, array([0.4686, 0.0338]), array([0.4624, 0.0296]), 0.7854, 1.0]
[1, array([0.4686, 0.0338]), array([0.4627, 0.0296]), 0.7854, 1.0]
[1, array([0.4686, 0.0338]), array([0.463 , 0.0296]), 0.7854, 1.0]
[1, array([0.4686, 0.0338]), array([0.4633, 0.0296]), 0.7854, 1.0]
[1, array([0.4686, 0.0338]), array([0.4636, 0.0296]), 0.7854, 1.0]
[1, array([0.4686, 0.0338]), array([0.4639, 0.0296]), 0.7854, 1.0]
[1, array([0.4686, 0.0338]), array([0.4642, 0.0296]), 0.7854, 1.0]
[1, array([0.4686, 0.0338]), array([0.4645, 0.0296]), 0.7854, 1.0]
[1, array([0.4686, 0.0338]), array([0.4648, 0.0296]), 0.7854, 1.0]
[1, array([0.4686, 0.0338]), array([0.4651, 0.0296]), 0.7854, 1.0]
[1, array([0.4686, 0.0338]), array([0.4654, 0.0296]), 0.7854, 1.0]
[1, array([0.4686, 0.0338]), array([0.4657, 0.0296]), 0.7854, 1.0]
[1, array([0.4686, 0.0338]), array([0.466 , 0.0296]), 0.7854, 1.0]
[1, array([0.4686, 0.0338]), array([0.4663, 0.0296]), 0.7854, 1.0]
[1, array([0.4686, 0.0338]), array([0.4666, 0.0296]), 0.7854, 1.0]
[1, array([0.4686, 0.0338]), array([0.4669, 0.0296]), 0.7854, 1.0]
[1, array([0.4686, 0.0338]), array([0.4672, 0.0296]), 0.7854, 1.0]
[1, array([0.4686, 0.0338]), array([0.4609, 0.0299]), 0.7854, 1.0]
[1, array([0.4686, 0.0338]), array([0.4612, 0.0299]), 0.7854, 1.0]
[1, array([0.4686, 0.0338]), array([0.4615, 0.0299]), 0.7854, 1.0]
[1, array([0.4686, 0.0338]), array([0.4618, 0.0299]), 0.7854, 1.0]
[1, array([0.4686, 0.0338]), array([0.4621, 0.0299]), 0.7854, 1.0]
[1, array([0.4686, 0.0338]), array([0.4624, 0.0299]), 0.7854, 1.0]
[1, array([0.4686, 0.0338]), array([0.4627, 0.0299]), 0.7854, 1.0]
[1, array([0.4686, 0.0338]), array([0.463 , 0.0299]), 0.7854, 1.0]
[1, array([0.4686, 0.0338]), array([0.4633, 0.0299]), 0.7854, 1.0]
[1, array([0.4686, 0.0338]), array([0.4636, 0.0299]), 0.7854, 1.0]
[1, array([0.4686, 0.0338]), array([0.4639, 0.0299]), 0.7854, 1.0]
[1, array([0.4686, 0.0338]), array([0.4642, 0.0299]), 0.7854, 1.0]
[1, array([0.4686, 0.0338]), array([0.4645, 0.0299]), 0.7854, 1.0]
[1, array([0.4686, 0.0338]), array([0.4648, 0.0299]), 0.7854, 1.0]
[1, array([0.4686, 0.0338]), array([0.4651, 0.0299]), 0.7854, 1.0]
[1, array([0.4686, 0.0338]), array([0.4654, 0.0299]), 0.7854, 1.0]
[1, array([0.4686, 0.0338]), array([0.4657, 0.0299]), 0.7854, 1.0]
[1, array([0.4686, 0.0338]), array([0.466 , 0.0299]), 0.7854, 1.0]
[1, array([0.4686, 0.0338]), array([0.4663, 0.0299]), 0.7854, 1.0]
[1, array([0.4686, 0.0338]), array([0.4666, 0.0299]), 0.7854, 1.0]
[1, array([0.4686, 0.0338]), array([0.4669, 0.0299]), 0.7854, 1.0]
[1, array([0.4686, 0.0338]), array([0.4672, 0.0299]), 0.7854, 1.0]
[1, array([0.4686, 0.0338]), array([0.4609, 0.0302]), 0.7854, 1.0]
[1, array([0.4686, 0.0338]), array([0.4612, 0.0302]), 0.7854, 1.0]
[1, array([0.4686, 0.0338]), array([0.4615, 0.0302]), 0.7854, 1.0]
[1, array([0.4686, 0.0338]), array([0.4618, 0.0302]), 0.7854, 1.0]
[1, array([0.4686, 0.0338]), array([0.4621, 0.0302]), 0.7854, 1.0]
[1, array([0.4686, 0.0338]), array([0.4624, 0.0302]), 0.7854, 1.0]
[1, array([0.4686, 0.0338]), array([0.4627, 0.0302]), 0.7854, 1.0]
[1, array([0.4686, 0.0338]), array([0.463 , 0.0302]), 0.7854, 1.0]
[1, array([0.4686, 0.0338]), array([0.4633, 0.0302]), 0.7854, 1.0]
[1, array([0.4686, 0.0338]), array([0.4636, 0.0302]), 0.7854, 1.0]
[1, array([0.4686, 0.0338]), array([0.4639, 0.0302]), 0.7854, 1.0]
[1, array([0.4686, 0.0338]), array([0.4642, 0.0302]), 0.7854, 1.0]
[1, array([0.4686, 0.0338]), array([0.4645, 0.0302]), 0.7854, 1.0]
[1, array([0.4686, 0.0338]), array([0.4648, 0.0302]), 0.7854, 1.0]
[1, array([0.4686, 0.0338]), array([0.4651, 0.0302]), 0.7854, 1.0]
[1, array([0.4686, 0.0338]), array([0.4654, 0.0302]), 0.7854, 1.0]
[1, array([0.4686, 0.0338]), array([0.4657, 0.0302]), 0.7854, 1.0]
[1, array([0.4686, 0.0338]), array([0.466 , 0.0302]), 0.7854, 1.0]
[1, array([0.4686, 0.0338]), array([0.4663, 0.0302]), 0.7854, 1.0]
[1, array([0.4686, 0.0338]), array([0.4666, 0.0302]), 0.7854, 1.0]
[1, array([0.4686, 0.0338]), array([0.4669, 0.0302]), 0.7854, 1.0]
[1, array([0.4686, 0.0338]), array([0.4672, 0.0302]), 0.7854, 1.0]
[1, array([0.4686, 0.0338]), array([0.4609, 0.0305]), 0.7854, 1.0]
[1, array([0.4686, 0.0338]), array([0.4612, 0.0305]), 0.7854, 1.0]
[1, array([0.4686, 0.0338]), array([0.4615, 0.0305]), 0.7854, 1.0]
[1, array([0.4686, 0.0338]), array([0.4618, 0.0305]), 0.7854, 1.0]
[1, array([0.4686, 0.0338]), array([0.4621, 0.0305]), 0.7854, 1.0]
[1, array([0.4686, 0.0338]), array([0.4624, 0.0305]), 0.7854, 1.0]
[1, array([0.4686, 0.0338]), array([0.4627, 0.0305]), 0.7854, 1.0]
[1, array([0.4686, 0.0338]), array([0.463 , 0.0305]), 0.7854, 1.0]
[1, array([0.4686, 0.0338]), array([0.4633, 0.0305]), 0.7854, 1.0]
[1, array([0.4686, 0.0338]), array([0.4636, 0.0305]), 0.7854, 1.0]
[1, array([0.4686, 0.0338]), array([0.4639, 0.0305]), 0.7854, 1.0]
[1, array([0.4686, 0.0338]), array([0.4642, 0.0305]), 0.7854, 1.0]
[1, array([0.4686, 0.0338]), array([0.4645, 0.0305]), 0.7854, 1.0]
[1, array([0.4686, 0.0338]), array([0.4648, 0.0305]), 0.7854, 1.0]
[1, array([0.4686, 0.0338]), array([0.4651, 0.0305]), 0.7854, 1.0]
[1, array([0.4686, 0.0338]), array([0.4654, 0.0305]), 0.7854, 1.0]
[1, array([0.4686, 0.0338]), array([0.4657, 0.0305]), 0.7854, 1.0]
[1, array([0.4686, 0.0338]), array([0.466 , 0.0305]), 0.7854, 1.0]
[1, array([0.4686, 0.0338]), array([0.4663, 0.0305]), 0.7854, 1.0]
[1, array([0.4686, 0.0338]), array([0.4666, 0.0305]), 0.7854, 1.0]
[1, array([0.4686, 0.0338]), array([0.4669, 0.0305]), 0.7854, 1.0]
[1, array([0.4686, 0.0338]), array([0.4672, 0.0305]), 0.7854, 1.0]
[1, array([0.4686, 0.0338]), array([0.4609, 0.0308]), 0.7854, 1.0]
[1, array([0.4686, 0.0338]), array([0.4612, 0.0308]), 0.7854, 1.0]
[1, array([0.4686, 0.0338]), array([0.4615, 0.0308]), 0.7854, 1.0]
[1, array([0.4686, 0.0338]), array([0.4618, 0.0308]), 0.7854, 1.0]
[1, array([0.4686, 0.0338]), array([0.4621, 0.0308]), 0.7854, 1.0]
[1, array([0.4686, 0.0338]), array([0.4624, 0.0308]), 0.7854, 1.0]
[1, array([0.4686, 0.0338]), array([0.4627, 0.0308]), 0.7854, 1.0]
[1, array([0.4686, 0.0338]), array([0.463 , 0.0308]), 0.7854, 1.0]
[1, array([0.4686, 0.0338]), array([0.4633, 0.0308]), 0.7854, 1.0]
[1, array([0.4686, 0.0338]), array([0.4636, 0.0308]), 0.7854, 1.0]
[1, array([0.4686, 0.0338]), array([0.4639, 0.0308]), 0.7854, 1.0]
[1, array([0.4686, 0.0338]), array([0.4642, 0.0308]), 0.7854, 1.0]
[1, array([0.4686, 0.0338]), array([0.4645, 0.0308]), 0.7854, 1.0]
[1, array([0.4686, 0.0338]), array([0.4648, 0.0308]), 0.7854, 1.0]
[1, array([0.4686, 0.0338]), array([0.4651, 0.0308]), 0.7854, 1.0]
[1, array([0.4686, 0.0338]), array([0.4654, 0.0308]), 0.7854, 1.0]
[1, array([0.4686, 0.0338]), array([0.4657, 0.0308]), 0.7854, 1.0]
[1, array([0.4686, 0.0338]), array([0.466 , 0.0308]), 0.7854, 1.0]
[1, array([0.4686, 0.0338]), array([0.4663, 0.0308]), 0.7854, 1.0]
[1, array([0.4686, 0.0338]), array([0.4666, 0.0308]), 0.7854, 1.0]
[1, array([0.4686, 0.0338]), array([0.4669, 0.0308]), 0.7854, 1.0]
[1, array([0.4686, 0.0338]), array([0.4672, 0.0308]), 0.7854, 1.0]
[1, array([0.4686, 0.0338]), array([0.4609, 0.0311]), 0.7854, 1.0]
[1, array([0.4686, 0.0338]), array([0.4612, 0.0311]), 0.7854, 1.0]
[1, array([0.4686, 0.0338]), array([0.4615, 0.0311]), 0.7854, 1.0]
[1, array([0.4686, 0.0338]), array([0.4618, 0.0311]), 0.7854, 1.0]
[1, array([0.4686, 0.0338]), array([0.4621, 0.0311]), 0.7854, 1.0]
[1, array([0.4686, 0.0338]), array([0.4624, 0.0311]), 0.7854, 1.0]
[1, array([0.4686, 0.0338]), array([0.4627, 0.0311]), 0.7854, 1.0]
[1, array([0.4686, 0.0338]), array([0.463 , 0.0311]), 0.7854, 1.0]
[1, array([0.4686, 0.0338]), array([0.4633, 0.0311]), 0.7854, 1.0]
[1, array([0.4686, 0.0338]), array([0.4636, 0.0311]), 0.7854, 1.0]
[1, array([0.4686, 0.0338]), array([0.4639, 0.0311]), 0.7854, 1.0]
[1, array([0.4686, 0.0338]), array([0.4642, 0.0311]), 0.7854, 1.0]
[1, array([0.4686, 0.0338]), array([0.4645, 0.0311]), 0.7854, 1.0]
[1, array([0.4686, 0.0338]), array([0.4648, 0.0311]), 0.7854, 1.0]
[1, array([0.4686, 0.0338]), array([0.4651, 0.0311]), 0.7854, 1.0]
[1, array([0.4686, 0.0338]), array([0.4654, 0.0311]), 0.7854, 1.0]
[1, array([0.4686, 0.0338]), array([0.4657, 0.0311]), 0.7854, 1.0]
[1, array([0.4686, 0.0338]), array([0.466 , 0.0311]), 0.7854, 1.0]
[1, array([0.4686, 0.0338]), array([0.4663, 0.0311]), 0.7854, 1.0]
[1, array([0.4686, 0.0338]), array([0.4666, 0.0311]), 0.7854, 1.0]
[1, array([0.4686, 0.0338]), array([0.4669, 0.0311]), 0.7854, 1.0]
[1, array([0.4686, 0.0338]), array([0.4672, 0.0311]), 0.7854, 1.0]
[1, array([0.4686, 0.0338]), array([0.4609, 0.0314]), 0.7854, 1.0]
[1, array([0.4686, 0.0338]), array([0.4612, 0.0314]), 0.7854, 1.0]
[1, array([0.4686, 0.0338]), array([0.4615, 0.0314]), 0.7854, 1.0]
[1, array([0.4686, 0.0338]), array([0.4618, 0.0314]), 0.7854, 1.0]
[1, array([0.4686, 0.0338]), array([0.4621, 0.0314]), 0.7854, 1.0]
[1, array([0.4686, 0.0338]), array([0.4624, 0.0314]), 0.7854, 1.0]
[1, array([0.4686, 0.0338]), array([0.4627, 0.0314]), 0.7854, 1.0]
[1, array([0.4686, 0.0338]), array([0.463 , 0.0314]), 0.7854, 1.0]
[1, array([0.4686, 0.0338]), array([0.4633, 0.0314]), 0.7854, 1.0]
[1, array([0.4686, 0.0338]), array([0.4636, 0.0314]), 0.7854, 1.0]
[1, array([0.4686, 0.0338]), array([0.4639, 0.0314]), 0.7854, 1.0]
[1, array([0.4686, 0.0338]), array([0.4642, 0.0314]), 0.7854, 1.0]
[1, array([0.4686, 0.0338]), array([0.4645, 0.0314]), 0.7854, 1.0]
[1, array([0.4686, 0.0338]), array([0.4648, 0.0314]), 0.7854, 1.0]
[1, array([0.4686, 0.0338]), array([0.4651, 0.0314]), 0.7854, 1.0]
[1, array([0.4686, 0.0338]), array([0.4654, 0.0314]), 0.7854, 1.0]
[1, array([0.4686, 0.0338]), array([0.4657, 0.0314]), 0.7854, 1.0]
[1, array([0.4686, 0.0338]), array([0.466 , 0.0314]), 0.7854, 1.0]
[1, array([0.4686, 0.0338]), array([0.4663, 0.0314]), 0.7854, 1.0]
[1, array([0.4686, 0.0338]), array([0.4666, 0.0314]), 0.7854, 1.0]
[1, array([0.4686, 0.0338]), array([0.4669, 0.0314]), 0.7854, 1.0]
[1, array([0.4686, 0.0338]), array([0.4672, 0.0314]), 0.7854, 1.0]
[1, array([0.4686, 0.0338]), array([0.4609, 0.0317]), 0.7854, 1.0]
[1, array([0.4686, 0.0338]), array([0.4612, 0.0317]), 0.7854, 1.0]
[1, array([0.4686, 0.0338]), array([0.4615, 0.0317]), 0.7854, 1.0]
[1, array([0.4686, 0.0338]), array([0.4618, 0.0317]), 0.7854, 1.0]
[1, array([0.4686, 0.0338]), array([0.4621, 0.0317]), 0.7854, 1.0]
[1, array([0.4686, 0.0338]), array([0.4624, 0.0317]), 0.7854, 1.0]
[1, array([0.4686, 0.0338]), array([0.4627, 0.0317]), 0.7854, 1.0]
[1, array([0.4686, 0.0338]), array([0.463 , 0.0317]), 0.7854, 1.0]
[1, array([0.4686, 0.0338]), array([0.4633, 0.0317]), 0.7854, 1.0]
[1, array([0.4686, 0.0338]), array([0.4636, 0.0317]), 0.7854, 1.0]
[1, array([0.4686, 0.0338]), array([0.4639, 0.0317]), 0.7854, 1.0]
[1, array([0.4686, 0.0338]), array([0.4642, 0.0317]), 0.7854, 1.0]
[1, array([0.4686, 0.0338]), array([0.4645, 0.0317]), 0.7854, 1.0]
[1, array([0.4686, 0.0338]), array([0.4648, 0.0317]), 0.7854, 1.0]
[1, array([0.4686, 0.0338]), array([0.4651, 0.0317]), 0.7854, 1.0]
[1, array([0.4686, 0.0338]), array([0.4654, 0.0317]), 0.7854, 1.0]
[1, array([0.4686, 0.0338]), array([0.4657, 0.0317]), 0.7854, 1.0]
[1, array([0.4686, 0.0338]), array([0.466 , 0.0317]), 0.7854, 1.0]
[1, array([0.4686, 0.0338]), array([0.4663, 0.0317]), 0.7854, 1.0]
[1, array([0.4686, 0.0338]), array([0.4666, 0.0317]), 0.7854, 1.0]
[1, array([0.4686, 0.0338]), array([0.4669, 0.0317]), 0.7854, 1.0]
[1, array([0.4686, 0.0338]), array([0.4672, 0.0317]), 0.7854, 1.0]
[1, array([0.4686, 0.0338]), array([0.4609, 0.032 ]), 0.7854, 1.0]
[1, array([0.4686, 0.0338]), array([0.4612, 0.032 ]), 0.7854, 1.0]
[1, array([0.4686, 0.0338]), array([0.4615, 0.032 ]), 0.7854, 1.0]
[1, array([0.4686, 0.0338]), array([0.4618, 0.032 ]), 0.7854, 1.0]
[1, array([0.4686, 0.0338]), array([0.4621, 0.032 ]), 0.7854, 1.0]
[1, array([0.4686, 0.0338]), array([0.4624, 0.032 ]), 0.7854, 1.0]
[1, array([0.4686, 0.0338]), array([0.4627, 0.032 ]), 0.7854, 1.0]
[1, array([0.4686, 0.0338]), array([0.463, 0.032]), 0.7854, 1.0]
[1, array([0.4686, 0.0338]), array([0.4633, 0.032 ]), 0.7854, 1.0]
[1, array([0.4686, 0.0338]), array([0.4636, 0.032 ]), 0.7854, 1.0]
[1, array([0.4686, 0.0338]), array([0.4639, 0.032 ]), 0.7854, 1.0]
[1, array([0.4686, 0.0338]), array([0.4642, 0.032 ]), 0.7854, 1.0]
[1, array([0.4686, 0.0338]), array([0.4645, 0.032 ]), 0.7854, 1.0]
[1, array([0.4686, 0.0338]), array([0.4648, 0.032 ]), 0.7854, 1.0]
[1, array([0.4686, 0.0338]), array([0.4651, 0.032 ]), 0.7854, 1.0]
[1, array([0.4686, 0.0338]), array([0.4654, 0.032 ]), 0.7854, 1.0]
[1, array([0.4686, 0.0338]), array([0.4657, 0.032 ]), 0.7854, 1.0]
[1, array([0.4686, 0.0338]), array([0.466, 0.032]), 0.7854, 1.0]
[1, array([0.4686, 0.0338]), array([0.4663, 0.032 ]), 0.7854, 1.0]
[1, array([0.4686, 0.0338]), array([0.4666, 0.032 ]), 0.7854, 1.0]
[1, array([0.4686, 0.0338]), array([0.4669, 0.032 ]), 0.7854, 1.0]
[1, array([0.4686, 0.0338]), array([0.4672, 0.032 ]), 0.7854, 1.0]
[1, array([0.4686, 0.0338]), array([0.4609, 0.0323]), 0.7854, 1.0]
[1, array([0.4686, 0.0338]), array([0.4612, 0.0323]), 0.7854, 1.0]
[1, array([0.4686, 0.0338]), array([0.4615, 0.0323]), 0.7854, 1.0]
[1, array([0.4686, 0.0338]), array([0.4618, 0.0323]), 0.7854, 1.0]
[1, array([0.4686, 0.0338]), array([0.4621, 0.0323]), 0.7854, 1.0]
[1, array([0.4686, 0.0338]), array([0.4624, 0.0323]), 0.7854, 1.0]
[1, array([0.4686, 0.0338]), array([0.4627, 0.0323]), 0.7854, 1.0]
[1, array([0.4686, 0.0338]), array([0.463 , 0.0323]), 0.7854, 1.0]
[1, array([0.4686, 0.0338]), array([0.4633, 0.0323]), 0.7854, 1.0]
[1, array([0.4686, 0.0338]), array([0.4636, 0.0323]), 0.7854, 1.0]
[1, array([0.4686, 0.0338]), array([0.4639, 0.0323]), 0.7854, 1.0]
[1, array([0.4686, 0.0338]), array([0.4642, 0.0323]), 0.7854, 1.0]
[1, array([0.4686, 0.0338]), array([0.4645, 0.0323]), 0.7854, 1.0]
[1, array([0.4686, 0.0338]), array([0.4648, 0.0323]), 0.7854, 1.0]
[1, array([0.4686, 0.0338]), array([0.4651, 0.0323]), 0.7854, 1.0]
[1, array([0.4686, 0.0338]), array([0.4654, 0.0323]), 0.7854, 1.0]
[1, array([0.4686, 0.0338]), array([0.4657, 0.0323]), 0.7854, 1.0]
[1, array([0.4686, 0.0338]), array([0.466 , 0.0323]), 0.7854, 1.0]
[1, array([0.4686, 0.0338]), array([0.4663, 0.0323]), 0.7854, 1.0]
[1, array([0.4686, 0.0338]), array([0.4666, 0.0323]), 0.7854, 1.0]
[1, array([0.4686, 0.0338]), array([0.4669, 0.0323]), 0.7854, 1.0]
[1, array([0.4686, 0.0338]), array([0.4672, 0.0323]), 0.7854, 1.0]
[1, array([0.4686, 0.0338]), array([0.4609, 0.0326]), 0.7854, 1.0]
[1, array([0.4686, 0.0338]), array([0.4612, 0.0326]), 0.7854, 1.0]
[1, array([0.4686, 0.0338]), array([0.4615, 0.0326]), 0.7854, 1.0]
[1, array([0.4686, 0.0338]), array([0.4618, 0.0326]), 0.7854, 1.0]
[1, array([0.4686, 0.0338]), array([0.4621, 0.0326]), 0.7854, 1.0]
[1, array([0.4686, 0.0338]), array([0.4624, 0.0326]), 0.7854, 1.0]
[1, array([0.4686, 0.0338]), array([0.4627, 0.0326]), 0.7854, 1.0]
[1, array([0.4686, 0.0338]), array([0.463 , 0.0326]), 0.7854, 1.0]
[1, array([0.4686, 0.0338]), array([0.4633, 0.0326]), 0.7854, 1.0]
[1, array([0.4686, 0.0338]), array([0.4636, 0.0326]), 0.7854, 1.0]
[1, array([0.4686, 0.0338]), array([0.4639, 0.0326]), 0.7854, 1.0]
[1, array([0.4686, 0.0338]), array([0.4642, 0.0326]), 0.7854, 1.0]
[1, array([0.4686, 0.0338]), array([0.4645, 0.0326]), 0.7854, 1.0]
[1, array([0.4686, 0.0338]), array([0.4648, 0.0326]), 0.7854, 1.0]
[1, array([0.4686, 0.0338]), array([0.4651, 0.0326]), 0.7854, 1.0]
[1, array([0.4686, 0.0338]), array([0.4654, 0.0326]), 0.7854, 1.0]
[1, array([0.4686, 0.0338]), array([0.4657, 0.0326]), 0.7854, 1.0]
[1, array([0.4686, 0.0338]), array([0.466 , 0.0326]), 0.7854, 1.0]
[1, array([0.4686, 0.0338]), array([0.4663, 0.0326]), 0.7854, 1.0]
[1, array([0.4686, 0.0338]), array([0.4666, 0.0326]), 0.7854, 1.0]
[1, array([0.4686, 0.0338]), array([0.4669, 0.0326]), 0.7854, 1.0]
[1, array([0.4686, 0.0338]), array([0.4672, 0.0326]), 0.7854, 1.0]
[1, array([0.4686, 0.0338]), array([0.4609, 0.0329]), 0.7854, 1.0]
[1, array([0.4686, 0.0338]), array([0.4612, 0.0329]), 0.7854, 1.0]
[1, array([0.4686, 0.0338]), array([0.4615, 0.0329]), 0.7854, 1.0]
[1, array([0.4686, 0.0338]), array([0.4618, 0.0329]), 0.7854, 1.0]
[1, array([0.4686, 0.0338]), array([0.4621, 0.0329]), 0.7854, 1.0]
[1, array([0.4686, 0.0338]), array([0.4624, 0.0329]), 0.7854, 1.0]
[1, array([0.4686, 0.0338]), array([0.4627, 0.0329]), 0.7854, 1.0]
[1, array([0.4686, 0.0338]), array([0.463 , 0.0329]), 0.7854, 1.0]
[1, array([0.4686, 0.0338]), array([0.4633, 0.0329]), 0.7854, 1.0]
[1, array([0.4686, 0.0338]), array([0.4636, 0.0329]), 0.7854, 1.0]
[1, array([0.4686, 0.0338]), array([0.4639, 0.0329]), 0.7854, 1.0]
[1, array([0.4686, 0.0338]), array([0.4642, 0.0329]), 0.7854, 1.0]
[1, array([0.4686, 0.0338]), array([0.4645, 0.0329]), 0.7854, 1.0]
[1, array([0.4686, 0.0338]), array([0.4648, 0.0329]), 0.7854, 1.0]
[1, array([0.4686, 0.0338]), array([0.4651, 0.0329]), 0.7854, 1.0]
[1, array([0.4686, 0.0338]), array([0.4654, 0.0329]), 0.7854, 1.0]
[1, array([0.4686, 0.0338]), array([0.4657, 0.0329]), 0.7854, 1.0]
[1, array([0.4686, 0.0338]), array([0.466 , 0.0329]), 0.7854, 1.0]
[1, array([0.4686, 0.0338]), array([0.4663, 0.0329]), 0.7854, 1.0]
[1, array([0.4686, 0.0338]), array([0.4666, 0.0329]), 0.7854, 1.0]
[1, array([0.4686, 0.0338]), array([0.4669, 0.0329]), 0.7854, 1.0]
[1, array([0.4686, 0.0338]), array([0.4672, 0.0329]), 0.7854, 1.0]
[1, array([0.4686, 0.0338]), array([0.4609, 0.0332]), 0.7854, 1.0]
[1, array([0.4686, 0.0338]), array([0.4612, 0.0332]), 0.7854, 1.0]
[1, array([0.4686, 0.0338]), array([0.4615, 0.0332]), 0.7854, 1.0]
[1, array([0.4686, 0.0338]), array([0.4618, 0.0332]), 0.7854, 1.0]
[1, array([0.4686, 0.0338]), array([0.4621, 0.0332]), 0.7854, 1.0]
[1, array([0.4686, 0.0338]), array([0.4624, 0.0332]), 0.7854, 1.0]
[1, array([0.4686, 0.0338]), array([0.4627, 0.0332]), 0.7854, 1.0]
[1, array([0.4686, 0.0338]), array([0.463 , 0.0332]), 0.7854, 1.0]
[1, array([0.4686, 0.0338]), array([0.4633, 0.0332]), 0.7854, 1.0]
[1, array([0.4686, 0.0338]), array([0.4636, 0.0332]), 0.7854, 1.0]
[1, array([0.4686, 0.0338]), array([0.4639, 0.0332]), 0.7854, 1.0]
[1, array([0.4686, 0.0338]), array([0.4642, 0.0332]), 0.7854, 1.0]
[1, array([0.4686, 0.0338]), array([0.4645, 0.0332]), 0.7854, 1.0]
[1, array([0.4686, 0.0338]), array([0.4648, 0.0332]), 0.7854, 1.0]
[1, array([0.4686, 0.0338]), array([0.4651, 0.0332]), 0.7854, 1.0]
[1, array([0.4686, 0.0338]), array([0.4654, 0.0332]), 0.7854, 1.0]
[1, array([0.4686, 0.0338]), array([0.4657, 0.0332]), 0.7854, 1.0]
[1, array([0.4686, 0.0338]), array([0.466 , 0.0332]), 0.7854, 1.0]
[1, array([0.4686, 0.0338]), array([0.4663, 0.0332]), 0.7854, 1.0]
[1, array([0.4686, 0.0338]), array([0.4666, 0.0332]), 0.7854, 1.0]
[1, array([0.4686, 0.0338]), array([0.4669, 0.0332]), 0.7854, 1.0]
[1, array([0.4686, 0.0338]), array([0.4672, 0.0332]), 0.7854, 1.0]
[1, array([0.4686, 0.0338]), array([0.4609, 0.0335]), 0.7854, 1.0]
[1, array([0.4686, 0.0338]), array([0.4612, 0.0335]), 0.7854, 1.0]
[1, array([0.4686, 0.0338]), array([0.4615, 0.0335]), 0.7854, 1.0]
[1, array([0.4686, 0.0338]), array([0.4618, 0.0335]), 0.7854, 1.0]
[1, array([0.4686, 0.0338]), array([0.4621, 0.0335]), 0.7854, 1.0]
[1, array([0.4686, 0.0338]), array([0.4624, 0.0335]), 0.7854, 1.0]
[1, array([0.4686, 0.0338]), array([0.4627, 0.0335]), 0.7854, 1.0]
[1, array([0.4686, 0.0338]), array([0.463 , 0.0335]), 0.7854, 1.0]
[1, array([0.4686, 0.0338]), array([0.4633, 0.0335]), 0.7854, 1.0]
[1, array([0.4686, 0.0338]), array([0.4636, 0.0335]), 0.7854, 1.0]
[1, array([0.4686, 0.0338]), array([0.4639, 0.0335]), 0.7854, 1.0]
[1, array([0.4686, 0.0338]), array([0.4642, 0.0335]), 0.7854, 1.0]
[1, array([0.4686, 0.0338]), array([0.4645, 0.0335]), 0.7854, 1.0]
[1, array([0.4686, 0.0338]), array([0.4648, 0.0335]), 0.7854, 1.0]
[1, array([0.4686, 0.0338]), array([0.4651, 0.0335]), 0.7854, 1.0]
[1, array([0.4686, 0.0338]), array([0.4654, 0.0335]), 0.7854, 1.0]
[1, array([0.4686, 0.0338]), array([0.4657, 0.0335]), 0.7854, 1.0]
[1, array([0.4686, 0.0338]), array([0.466 , 0.0335]), 0.7854, 1.0]
[1, array([0.4686, 0.0338]), array([0.4663, 0.0335]), 0.7854, 1.0]
[1, array([0.4686, 0.0338]), array([0.4666, 0.0335]), 0.7854, 1.0]
[1, array([0.4686, 0.0338]), array([0.4669, 0.0335]), 0.7854, 1.0]
[1, array([0.4686, 0.0338]), array([0.4672, 0.0335]), 0.7854, 1.0]
[1, array([0.4686, 0.0338]), array([0.4609, 0.0338]), 0.7854, 1.0]
[1, array([0.4686, 0.0338]), array([0.4612, 0.0338]), 0.7854, 1.0]
[1, array([0.4686, 0.0338]), array([0.4615, 0.0338]), 0.7854, 1.0]
[1, array([0.4686, 0.0338]), array([0.4618, 0.0338]), 0.7854, 1.0]
[1, array([0.4686, 0.0338]), array([0.4621, 0.0338]), 0.7854, 1.0]
[1, array([0.4686, 0.0338]), array([0.4624, 0.0338]), 0.7854, 1.0]
[1, array([0.4686, 0.0338]), array([0.4627, 0.0338]), 0.7854, 1.0]
[1, array([0.4686, 0.0338]), array([0.463 , 0.0338]), 0.7854, 1.0]
[1, array([0.4686, 0.0338]), array([0.4633, 0.0338]), 0.7854, 1.0]
[1, array([0.4686, 0.0338]), array([0.4636, 0.0338]), 0.7854, 1.0]
[1, array([0.4686, 0.0338]), array([0.4639, 0.0338]), 0.7854, 1.0]
[1, array([0.4686, 0.0338]), array([0.4642, 0.0338]), 0.7854, 1.0]
[1, array([0.4686, 0.0338]), array([0.4645, 0.0338]), 0.7854, 1.0]
[1, array([0.4686, 0.0338]), array([0.4648, 0.0338]), 0.7854, 1.0]
[1, array([0.4686, 0.0338]), array([0.4651, 0.0338]), 0.7854, 1.0]
[1, array([0.4686, 0.0338]), array([0.4654, 0.0338]), 0.7854, 1.0]
[1, array([0.4686, 0.0338]), array([0.4657, 0.0338]), 0.7854, 1.0]
[1, array([0.4686, 0.0338]), array([0.466 , 0.0338]), 0.7854, 1.0]
[1, array([0.4686, 0.0338]), array([0.4663, 0.0338]), 0.7854, 1.0]
[1, array([0.4686, 0.0338]), array([0.4666, 0.0338]), 0.7854, 1.0]
[1, array([0.4686, 0.0338]), array([0.4669, 0.0338]), 0.7854, 1.0]
[1, array([0.4686, 0.0338]), array([0.4672, 0.0338]), 0.7854, 1.0]
[1, array([0.4686, 0.0338]), array([0.4609, 0.0341]), 0.7854, 1.0]
[1, array([0.4686, 0.0338]), array([0.4612, 0.0341]), 0.7854, 1.0]
[1, array([0.4686, 0.0338]), array([0.4615, 0.0341]), 0.7854, 1.0]
[1, array([0.4686, 0.0338]), array([0.4618, 0.0341]), 0.7854, 1.0]
[1, array([0.4686, 0.0338]), array([0.4621, 0.0341]), 0.7854, 1.0]
[1, array([0.4686, 0.0338]), array([0.4624, 0.0341]), 0.7854, 1.0]
[1, array([0.4686, 0.0338]), array([0.4627, 0.0341]), 0.7854, 1.0]
[1, array([0.4686, 0.0338]), array([0.463 , 0.0341]), 0.7854, 1.0]
[1, array([0.4686, 0.0338]), array([0.4633, 0.0341]), 0.7854, 1.0]
[1, array([0.4686, 0.0338]), array([0.4636, 0.0341]), 0.7854, 1.0]
[1, array([0.4686, 0.0338]), array([0.4639, 0.0341]), 0.7854, 1.0]
[1, array([0.4686, 0.0338]), array([0.4642, 0.0341]), 0.7854, 1.0]
[1, array([0.4686, 0.0338]), array([0.4645, 0.0341]), 0.7854, 1.0]
[1, array([0.4686, 0.0338]), array([0.4648, 0.0341]), 0.7854, 1.0]
[1, array([0.4686, 0.0338]), array([0.4651, 0.0341]), 0.7854, 1.0]
[1, array([0.4686, 0.0338]), array([0.4654, 0.0341]), 0.7854, 1.0]
[1, array([0.4686, 0.0338]), array([0.4657, 0.0341]), 0.7854, 1.0]
[1, array([0.4686, 0.0338]), array([0.466 , 0.0341]), 0.7854, 1.0]
[1, array([0.4686, 0.0338]), array([0.4663, 0.0341]), 0.7854, 1.0]
[1, array([0.4686, 0.0338]), array([0.4666, 0.0341]), 0.7854, 1.0]
[1, array([0.4686, 0.0338]), array([0.4669, 0.0341]), 0.7854, 1.0]
[1, array([0.4686, 0.0338]), array([0.4672, 0.0341]), 0.7854, 1.0]
[1, array([0.4686, 0.0338]), array([0.4609, 0.0344]), 0.7854, 1.0]
[1, array([0.4686, 0.0338]), array([0.4612, 0.0344]), 0.7854, 1.0]
[1, array([0.4686, 0.0338]), array([0.4615, 0.0344]), 0.7854, 1.0]
[1, array([0.4686, 0.0338]), array([0.4618, 0.0344]), 0.7854, 1.0]
[1, array([0.4686, 0.0338]), array([0.4621, 0.0344]), 0.7854, 1.0]
[1, array([0.4686, 0.0338]), array([0.4624, 0.0344]), 0.7854, 1.0]
[1, array([0.4686, 0.0338]), array([0.4627, 0.0344]), 0.7854, 1.0]
[1, array([0.4686, 0.0338]), array([0.463 , 0.0344]), 0.7854, 1.0]
[1, array([0.4686, 0.0338]), array([0.4633, 0.0344]), 0.7854, 1.0]
[1, array([0.4686, 0.0338]), array([0.4636, 0.0344]), 0.7854, 1.0]
[1, array([0.4686, 0.0338]), array([0.4639, 0.0344]), 0.7854, 1.0]
[1, array([0.4686, 0.0338]), array([0.4642, 0.0344]), 0.7854, 1.0]
[1, array([0.4686, 0.0338]), array([0.4645, 0.0344]), 0.7854, 1.0]
[1, array([0.4686, 0.0338]), array([0.4648, 0.0344]), 0.7854, 1.0]
[1, array([0.4686, 0.0338]), array([0.4651, 0.0344]), 0.7854, 1.0]
[1, array([0.4686, 0.0338]), array([0.4654, 0.0344]), 0.7854, 1.0]
[1, array([0.4686, 0.0338]), array([0.4657, 0.0344]), 0.7854, 1.0]
[1, array([0.4686, 0.0338]), array([0.466 , 0.0344]), 0.7854, 1.0]
[1, array([0.4686, 0.0338]), array([0.4663, 0.0344]), 0.7854, 1.0]
[1, array([0.4686, 0.0338]), array([0.4666, 0.0344]), 0.7854, 1.0]
[1, array([0.4686, 0.0338]), array([0.4669, 0.0344]), 0.7854, 1.0]
[1, array([0.4686, 0.0338]), array([0.4672, 0.0344]), 0.7854, 1.0]
[1, array([0.5131, 0.0472]), array([0.5063 , 0.04535]), 0.7854, 1.0]
[1, array([0.5131, 0.0472]), array([0.50659524, 0.04535   ]), 0.7854, 1.0]
[1, array([0.5131, 0.0472]), array([0.50689048, 0.04535   ]), 0.7854, 1.0]
[1, array([0.5131, 0.0472]), array([0.50718571, 0.04535   ]), 0.7854, 1.0]
[1, array([0.5131, 0.0472]), array([0.50748095, 0.04535   ]), 0.7854, 1.0]
[1, array([0.5131, 0.0472]), array([0.50777619, 0.04535   ]), 0.7854, 1.0]
[1, array([0.5131, 0.0472]), array([0.50807143, 0.04535   ]), 0.7854, 1.0]
[1, array([0.5131, 0.0472]), array([0.50836667, 0.04535   ]), 0.7854, 1.0]
[1, array([0.5131, 0.0472]), array([0.5086619, 0.04535  ]), 0.7854, 1.0]
[1, array([0.5131, 0.0472]), array([0.50895714, 0.04535   ]), 0.7854, 1.0]
[1, array([0.5131, 0.0472]), array([0.50925238, 0.04535   ]), 0.7854, 1.0]
[1, array([0.5131, 0.0472]), array([0.50954762, 0.04535   ]), 0.7854, 1.0]
[1, array([0.5131, 0.0472]), array([0.50984286, 0.04535   ]), 0.7854, 1.0]
[1, array([0.5131, 0.0472]), array([0.5101381, 0.04535  ]), 0.7854, 1.0]
[1, array([0.5131, 0.0472]), array([0.51043333, 0.04535   ]), 0.7854, 1.0]
[1, array([0.5131, 0.0472]), array([0.51072857, 0.04535   ]), 0.7854, 1.0]
[1, array([0.5131, 0.0472]), array([0.51102381, 0.04535   ]), 0.7854, 1.0]
[1, array([0.5131, 0.0472]), array([0.51131905, 0.04535   ]), 0.7854, 1.0]
[1, array([0.5131, 0.0472]), array([0.51161429, 0.04535   ]), 0.7854, 1.0]
[1, array([0.5131, 0.0472]), array([0.51190952, 0.04535   ]), 0.7854, 1.0]
[1, array([0.5131, 0.0472]), array([0.51220476, 0.04535   ]), 0.7854, 1.0]
[1, array([0.5131, 0.0472]), array([0.5125 , 0.04535]), 0.7854, 1.0]
[1, array([0.5131, 0.0472]), array([0.5063    , 0.04564524]), 0.7854, 1.0]
[1, array([0.5131, 0.0472]), array([0.50659524, 0.04564524]), 0.7854, 1.0]
[1, array([0.5131, 0.0472]), array([0.50689048, 0.04564524]), 0.7854, 1.0]
[1, array([0.5131, 0.0472]), array([0.50718571, 0.04564524]), 0.7854, 1.0]
[1, array([0.5131, 0.0472]), array([0.50748095, 0.04564524]), 0.7854, 1.0]
[1, array([0.5131, 0.0472]), array([0.50777619, 0.04564524]), 0.7854, 1.0]
[1, array([0.5131, 0.0472]), array([0.50807143, 0.04564524]), 0.7854, 1.0]
[1, array([0.5131, 0.0472]), array([0.50836667, 0.04564524]), 0.7854, 1.0]
[1, array([0.5131, 0.0472]), array([0.5086619 , 0.04564524]), 0.7854, 1.0]
[1, array([0.5131, 0.0472]), array([0.50895714, 0.04564524]), 0.7854, 1.0]
[1, array([0.5131, 0.0472]), array([0.50925238, 0.04564524]), 0.7854, 1.0]
[1, array([0.5131, 0.0472]), array([0.50954762, 0.04564524]), 0.7854, 1.0]
[1, array([0.5131, 0.0472]), array([0.50984286, 0.04564524]), 0.7854, 1.0]
[1, array([0.5131, 0.0472]), array([0.5101381 , 0.04564524]), 0.7854, 1.0]
[1, array([0.5131, 0.0472]), array([0.51043333, 0.04564524]), 0.7854, 1.0]
[1, array([0.5131, 0.0472]), array([0.51072857, 0.04564524]), 0.7854, 1.0]
[1, array([0.5131, 0.0472]), array([0.51102381, 0.04564524]), 0.7854, 1.0]
[1, array([0.5131, 0.0472]), array([0.51131905, 0.04564524]), 0.7854, 1.0]
[1, array([0.5131, 0.0472]), array([0.51161429, 0.04564524]), 0.7854, 1.0]
[1, array([0.5131, 0.0472]), array([0.51190952, 0.04564524]), 0.7854, 1.0]
[1, array([0.5131, 0.0472]), array([0.51220476, 0.04564524]), 0.7854, 1.0]
[1, array([0.5131, 0.0472]), array([0.5125    , 0.04564524]), 0.7854, 1.0]
[1, array([0.5131, 0.0472]), array([0.5063    , 0.04594048]), 0.7854, 1.0]
[1, array([0.5131, 0.0472]), array([0.50659524, 0.04594048]), 0.7854, 1.0]
[1, array([0.5131, 0.0472]), array([0.50689048, 0.04594048]), 0.7854, 1.0]
[1, array([0.5131, 0.0472]), array([0.50718571, 0.04594048]), 0.7854, 1.0]
[1, array([0.5131, 0.0472]), array([0.50748095, 0.04594048]), 0.7854, 1.0]
[1, array([0.5131, 0.0472]), array([0.50777619, 0.04594048]), 0.7854, 1.0]
[1, array([0.5131, 0.0472]), array([0.50807143, 0.04594048]), 0.7854, 1.0]
[1, array([0.5131, 0.0472]), array([0.50836667, 0.04594048]), 0.7854, 1.0]
[1, array([0.5131, 0.0472]), array([0.5086619 , 0.04594048]), 0.7854, 1.0]
[1, array([0.5131, 0.0472]), array([0.50895714, 0.04594048]), 0.7854, 1.0]
[1, array([0.5131, 0.0472]), array([0.50925238, 0.04594048]), 0.7854, 1.0]
[1, array([0.5131, 0.0472]), array([0.50954762, 0.04594048]), 0.7854, 1.0]
[1, array([0.5131, 0.0472]), array([0.50984286, 0.04594048]), 0.7854, 1.0]
[1, array([0.5131, 0.0472]), array([0.5101381 , 0.04594048]), 0.7854, 1.0]
[1, array([0.5131, 0.0472]), array([0.51043333, 0.04594048]), 0.7854, 1.0]
[1, array([0.5131, 0.0472]), array([0.51072857, 0.04594048]), 0.7854, 1.0]
[1, array([0.5131, 0.0472]), array([0.51102381, 0.04594048]), 0.7854, 1.0]
[1, array([0.5131, 0.0472]), array([0.51131905, 0.04594048]), 0.7854, 1.0]
[1, array([0.5131, 0.0472]), array([0.51161429, 0.04594048]), 0.7854, 1.0]
[1, array([0.5131, 0.0472]), array([0.51190952, 0.04594048]), 0.7854, 1.0]
[1, array([0.5131, 0.0472]), array([0.51220476, 0.04594048]), 0.7854, 1.0]
[1, array([0.5131, 0.0472]), array([0.5125    , 0.04594048]), 0.7854, 1.0]
[1, array([0.5131, 0.0472]), array([0.5063    , 0.04623571]), 0.7854, 1.0]
[1, array([0.5131, 0.0472]), array([0.50659524, 0.04623571]), 0.7854, 1.0]
[1, array([0.5131, 0.0472]), array([0.50689048, 0.04623571]), 0.7854, 1.0]
[1, array([0.5131, 0.0472]), array([0.50718571, 0.04623571]), 0.7854, 1.0]
[1, array([0.5131, 0.0472]), array([0.50748095, 0.04623571]), 0.7854, 1.0]
[1, array([0.5131, 0.0472]), array([0.50777619, 0.04623571]), 0.7854, 1.0]
[1, array([0.5131, 0.0472]), array([0.50807143, 0.04623571]), 0.7854, 1.0]
[1, array([0.5131, 0.0472]), array([0.50836667, 0.04623571]), 0.7854, 1.0]
[1, array([0.5131, 0.0472]), array([0.5086619 , 0.04623571]), 0.7854, 1.0]
[1, array([0.5131, 0.0472]), array([0.50895714, 0.04623571]), 0.7854, 1.0]
[1, array([0.5131, 0.0472]), array([0.50925238, 0.04623571]), 0.7854, 1.0]
[1, array([0.5131, 0.0472]), array([0.50954762, 0.04623571]), 0.7854, 1.0]
[1, array([0.5131, 0.0472]), array([0.50984286, 0.04623571]), 0.7854, 1.0]
[1, array([0.5131, 0.0472]), array([0.5101381 , 0.04623571]), 0.7854, 1.0]
[1, array([0.5131, 0.0472]), array([0.51043333, 0.04623571]), 0.7854, 1.0]
[1, array([0.5131, 0.0472]), array([0.51072857, 0.04623571]), 0.7854, 1.0]
[1, array([0.5131, 0.0472]), array([0.51102381, 0.04623571]), 0.7854, 1.0]
[1, array([0.5131, 0.0472]), array([0.51131905, 0.04623571]), 0.7854, 1.0]
[1, array([0.5131, 0.0472]), array([0.51161429, 0.04623571]), 0.7854, 1.0]
[1, array([0.5131, 0.0472]), array([0.51190952, 0.04623571]), 0.7854, 1.0]
[1, array([0.5131, 0.0472]), array([0.51220476, 0.04623571]), 0.7854, 1.0]
[1, array([0.5131, 0.0472]), array([0.5125    , 0.04623571]), 0.7854, 1.0]
[1, array([0.5131, 0.0472]), array([0.5063    , 0.04653095]), 0.7854, 1.0]
[1, array([0.5131, 0.0472]), array([0.50659524, 0.04653095]), 0.7854, 1.0]
[1, array([0.5131, 0.0472]), array([0.50689048, 0.04653095]), 0.7854, 1.0]
[1, array([0.5131, 0.0472]), array([0.50718571, 0.04653095]), 0.7854, 1.0]
[1, array([0.5131, 0.0472]), array([0.50748095, 0.04653095]), 0.7854, 1.0]
[1, array([0.5131, 0.0472]), array([0.50777619, 0.04653095]), 0.7854, 1.0]
[1, array([0.5131, 0.0472]), array([0.50807143, 0.04653095]), 0.7854, 1.0]
[1, array([0.5131, 0.0472]), array([0.50836667, 0.04653095]), 0.7854, 1.0]
[1, array([0.5131, 0.0472]), array([0.5086619 , 0.04653095]), 0.7854, 1.0]
[1, array([0.5131, 0.0472]), array([0.50895714, 0.04653095]), 0.7854, 1.0]
[1, array([0.5131, 0.0472]), array([0.50925238, 0.04653095]), 0.7854, 1.0]
[1, array([0.5131, 0.0472]), array([0.50954762, 0.04653095]), 0.7854, 1.0]
[1, array([0.5131, 0.0472]), array([0.50984286, 0.04653095]), 0.7854, 1.0]
[1, array([0.5131, 0.0472]), array([0.5101381 , 0.04653095]), 0.7854, 1.0]
[1, array([0.5131, 0.0472]), array([0.51043333, 0.04653095]), 0.7854, 1.0]
[1, array([0.5131, 0.0472]), array([0.51072857, 0.04653095]), 0.7854, 1.0]
[1, array([0.5131, 0.0472]), array([0.51102381, 0.04653095]), 0.7854, 1.0]
[1, array([0.5131, 0.0472]), array([0.51131905, 0.04653095]), 0.7854, 1.0]
[1, array([0.5131, 0.0472]), array([0.51161429, 0.04653095]), 0.7854, 1.0]
[1, array([0.5131, 0.0472]), array([0.51190952, 0.04653095]), 0.7854, 1.0]
[1, array([0.5131, 0.0472]), array([0.51220476, 0.04653095]), 0.7854, 1.0]
[1, array([0.5131, 0.0472]), array([0.5125    , 0.04653095]), 0.7854, 1.0]
[1, array([0.5131, 0.0472]), array([0.5063    , 0.04682619]), 0.7854, 1.0]
[1, array([0.5131, 0.0472]), array([0.50659524, 0.04682619]), 0.7854, 1.0]
[1, array([0.5131, 0.0472]), array([0.50689048, 0.04682619]), 0.7854, 1.0]
[1, array([0.5131, 0.0472]), array([0.50718571, 0.04682619]), 0.7854, 1.0]
[1, array([0.5131, 0.0472]), array([0.50748095, 0.04682619]), 0.7854, 1.0]
[1, array([0.5131, 0.0472]), array([0.50777619, 0.04682619]), 0.7854, 1.0]
[1, array([0.5131, 0.0472]), array([0.50807143, 0.04682619]), 0.7854, 1.0]
[1, array([0.5131, 0.0472]), array([0.50836667, 0.04682619]), 0.7854, 1.0]
[1, array([0.5131, 0.0472]), array([0.5086619 , 0.04682619]), 0.7854, 1.0]
[1, array([0.5131, 0.0472]), array([0.50895714, 0.04682619]), 0.7854, 1.0]
[1, array([0.5131, 0.0472]), array([0.50925238, 0.04682619]), 0.7854, 1.0]
[1, array([0.5131, 0.0472]), array([0.50954762, 0.04682619]), 0.7854, 1.0]
[1, array([0.5131, 0.0472]), array([0.50984286, 0.04682619]), 0.7854, 1.0]
[1, array([0.5131, 0.0472]), array([0.5101381 , 0.04682619]), 0.7854, 1.0]
[1, array([0.5131, 0.0472]), array([0.51043333, 0.04682619]), 0.7854, 1.0]
[1, array([0.5131, 0.0472]), array([0.51072857, 0.04682619]), 0.7854, 1.0]
[1, array([0.5131, 0.0472]), array([0.51102381, 0.04682619]), 0.7854, 1.0]
[1, array([0.5131, 0.0472]), array([0.51131905, 0.04682619]), 0.7854, 1.0]
[1, array([0.5131, 0.0472]), array([0.51161429, 0.04682619]), 0.7854, 1.0]
[1, array([0.5131, 0.0472]), array([0.51190952, 0.04682619]), 0.7854, 1.0]
[1, array([0.5131, 0.0472]), array([0.51220476, 0.04682619]), 0.7854, 1.0]
[1, array([0.5131, 0.0472]), array([0.5125    , 0.04682619]), 0.7854, 1.0]
[1, array([0.5131, 0.0472]), array([0.5063    , 0.04712143]), 0.7854, 1.0]
[1, array([0.5131, 0.0472]), array([0.50659524, 0.04712143]), 0.7854, 1.0]
[1, array([0.5131, 0.0472]), array([0.50689048, 0.04712143]), 0.7854, 1.0]
[1, array([0.5131, 0.0472]), array([0.50718571, 0.04712143]), 0.7854, 1.0]
[1, array([0.5131, 0.0472]), array([0.50748095, 0.04712143]), 0.7854, 1.0]
[1, array([0.5131, 0.0472]), array([0.50777619, 0.04712143]), 0.7854, 1.0]
[1, array([0.5131, 0.0472]), array([0.50807143, 0.04712143]), 0.7854, 1.0]
[1, array([0.5131, 0.0472]), array([0.50836667, 0.04712143]), 0.7854, 1.0]
[1, array([0.5131, 0.0472]), array([0.5086619 , 0.04712143]), 0.7854, 1.0]
[1, array([0.5131, 0.0472]), array([0.50895714, 0.04712143]), 0.7854, 1.0]
[1, array([0.5131, 0.0472]), array([0.50925238, 0.04712143]), 0.7854, 1.0]
[1, array([0.5131, 0.0472]), array([0.50954762, 0.04712143]), 0.7854, 1.0]
[1, array([0.5131, 0.0472]), array([0.50984286, 0.04712143]), 0.7854, 1.0]
[1, array([0.5131, 0.0472]), array([0.5101381 , 0.04712143]), 0.7854, 1.0]
[1, array([0.5131, 0.0472]), array([0.51043333, 0.04712143]), 0.7854, 1.0]
[1, array([0.5131, 0.0472]), array([0.51072857, 0.04712143]), 0.7854, 1.0]
[1, array([0.5131, 0.0472]), array([0.51102381, 0.04712143]), 0.7854, 1.0]
[1, array([0.5131, 0.0472]), array([0.51131905, 0.04712143]), 0.7854, 1.0]
[1, array([0.5131, 0.0472]), array([0.51161429, 0.04712143]), 0.7854, 1.0]
[1, array([0.5131, 0.0472]), array([0.51190952, 0.04712143]), 0.7854, 1.0]
[1, array([0.5131, 0.0472]), array([0.51220476, 0.04712143]), 0.7854, 1.0]
[1, array([0.5131, 0.0472]), array([0.5125    , 0.04712143]), 0.7854, 1.0]
[1, array([0.5131, 0.0472]), array([0.5063    , 0.04741667]), 0.7854, 1.0]
[1, array([0.5131, 0.0472]), array([0.50659524, 0.04741667]), 0.7854, 1.0]
[1, array([0.5131, 0.0472]), array([0.50689048, 0.04741667]), 0.7854, 1.0]
[1, array([0.5131, 0.0472]), array([0.50718571, 0.04741667]), 0.7854, 1.0]
[1, array([0.5131, 0.0472]), array([0.50748095, 0.04741667]), 0.7854, 1.0]
[1, array([0.5131, 0.0472]), array([0.50777619, 0.04741667]), 0.7854, 1.0]
[1, array([0.5131, 0.0472]), array([0.50807143, 0.04741667]), 0.7854, 1.0]
[1, array([0.5131, 0.0472]), array([0.50836667, 0.04741667]), 0.7854, 1.0]
[1, array([0.5131, 0.0472]), array([0.5086619 , 0.04741667]), 0.7854, 1.0]
[1, array([0.5131, 0.0472]), array([0.50895714, 0.04741667]), 0.7854, 1.0]
[1, array([0.5131, 0.0472]), array([0.50925238, 0.04741667]), 0.7854, 1.0]
[1, array([0.5131, 0.0472]), array([0.50954762, 0.04741667]), 0.7854, 1.0]
[1, array([0.5131, 0.0472]), array([0.50984286, 0.04741667]), 0.7854, 1.0]
[1, array([0.5131, 0.0472]), array([0.5101381 , 0.04741667]), 0.7854, 1.0]
[1, array([0.5131, 0.0472]), array([0.51043333, 0.04741667]), 0.7854, 1.0]
[1, array([0.5131, 0.0472]), array([0.51072857, 0.04741667]), 0.7854, 1.0]
[1, array([0.5131, 0.0472]), array([0.51102381, 0.04741667]), 0.7854, 1.0]
[1, array([0.5131, 0.0472]), array([0.51131905, 0.04741667]), 0.7854, 1.0]
[1, array([0.5131, 0.0472]), array([0.51161429, 0.04741667]), 0.7854, 1.0]
[1, array([0.5131, 0.0472]), array([0.51190952, 0.04741667]), 0.7854, 1.0]
[1, array([0.5131, 0.0472]), array([0.51220476, 0.04741667]), 0.7854, 1.0]
[1, array([0.5131, 0.0472]), array([0.5125    , 0.04741667]), 0.7854, 1.0]
[1, array([0.5131, 0.0472]), array([0.5063   , 0.0477119]), 0.7854, 1.0]
[1, array([0.5131, 0.0472]), array([0.50659524, 0.0477119 ]), 0.7854, 1.0]
[1, array([0.5131, 0.0472]), array([0.50689048, 0.0477119 ]), 0.7854, 1.0]
[1, array([0.5131, 0.0472]), array([0.50718571, 0.0477119 ]), 0.7854, 1.0]
[1, array([0.5131, 0.0472]), array([0.50748095, 0.0477119 ]), 0.7854, 1.0]
[1, array([0.5131, 0.0472]), array([0.50777619, 0.0477119 ]), 0.7854, 1.0]
[1, array([0.5131, 0.0472]), array([0.50807143, 0.0477119 ]), 0.7854, 1.0]
[1, array([0.5131, 0.0472]), array([0.50836667, 0.0477119 ]), 0.7854, 1.0]
[1, array([0.5131, 0.0472]), array([0.5086619, 0.0477119]), 0.7854, 1.0]
[1, array([0.5131, 0.0472]), array([0.50895714, 0.0477119 ]), 0.7854, 1.0]
[1, array([0.5131, 0.0472]), array([0.50925238, 0.0477119 ]), 0.7854, 1.0]
[1, array([0.5131, 0.0472]), array([0.50954762, 0.0477119 ]), 0.7854, 1.0]
[1, array([0.5131, 0.0472]), array([0.50984286, 0.0477119 ]), 0.7854, 1.0]
[1, array([0.5131, 0.0472]), array([0.5101381, 0.0477119]), 0.7854, 1.0]
[1, array([0.5131, 0.0472]), array([0.51043333, 0.0477119 ]), 0.7854, 1.0]
[1, array([0.5131, 0.0472]), array([0.51072857, 0.0477119 ]), 0.7854, 1.0]
[1, array([0.5131, 0.0472]), array([0.51102381, 0.0477119 ]), 0.7854, 1.0]
[1, array([0.5131, 0.0472]), array([0.51131905, 0.0477119 ]), 0.7854, 1.0]
[1, array([0.5131, 0.0472]), array([0.51161429, 0.0477119 ]), 0.7854, 1.0]
[1, array([0.5131, 0.0472]), array([0.51190952, 0.0477119 ]), 0.7854, 1.0]
[1, array([0.5131, 0.0472]), array([0.51220476, 0.0477119 ]), 0.7854, 1.0]
[1, array([0.5131, 0.0472]), array([0.5125   , 0.0477119]), 0.7854, 1.0]
[1, array([0.5131, 0.0472]), array([0.5063    , 0.04800714]), 0.7854, 1.0]
[1, array([0.5131, 0.0472]), array([0.50659524, 0.04800714]), 0.7854, 1.0]
[1, array([0.5131, 0.0472]), array([0.50689048, 0.04800714]), 0.7854, 1.0]
[1, array([0.5131, 0.0472]), array([0.50718571, 0.04800714]), 0.7854, 1.0]
[1, array([0.5131, 0.0472]), array([0.50748095, 0.04800714]), 0.7854, 1.0]
[1, array([0.5131, 0.0472]), array([0.50777619, 0.04800714]), 0.7854, 1.0]
[1, array([0.5131, 0.0472]), array([0.50807143, 0.04800714]), 0.7854, 1.0]
[1, array([0.5131, 0.0472]), array([0.50836667, 0.04800714]), 0.7854, 1.0]
[1, array([0.5131, 0.0472]), array([0.5086619 , 0.04800714]), 0.7854, 1.0]
[1, array([0.5131, 0.0472]), array([0.50895714, 0.04800714]), 0.7854, 1.0]
[1, array([0.5131, 0.0472]), array([0.50925238, 0.04800714]), 0.7854, 1.0]
[1, array([0.5131, 0.0472]), array([0.50954762, 0.04800714]), 0.7854, 1.0]
[1, array([0.5131, 0.0472]), array([0.50984286, 0.04800714]), 0.7854, 1.0]
[1, array([0.5131, 0.0472]), array([0.5101381 , 0.04800714]), 0.7854, 1.0]
[1, array([0.5131, 0.0472]), array([0.51043333, 0.04800714]), 0.7854, 1.0]
[1, array([0.5131, 0.0472]), array([0.51072857, 0.04800714]), 0.7854, 1.0]
[1, array([0.5131, 0.0472]), array([0.51102381, 0.04800714]), 0.7854, 1.0]
[1, array([0.5131, 0.0472]), array([0.51131905, 0.04800714]), 0.7854, 1.0]
[1, array([0.5131, 0.0472]), array([0.51161429, 0.04800714]), 0.7854, 1.0]
[1, array([0.5131, 0.0472]), array([0.51190952, 0.04800714]), 0.7854, 1.0]
[1, array([0.5131, 0.0472]), array([0.51220476, 0.04800714]), 0.7854, 1.0]
[1, array([0.5131, 0.0472]), array([0.5125    , 0.04800714]), 0.7854, 1.0]
[1, array([0.5131, 0.0472]), array([0.5063    , 0.04830238]), 0.7854, 1.0]
[1, array([0.5131, 0.0472]), array([0.50659524, 0.04830238]), 0.7854, 1.0]
[1, array([0.5131, 0.0472]), array([0.50689048, 0.04830238]), 0.7854, 1.0]
[1, array([0.5131, 0.0472]), array([0.50718571, 0.04830238]), 0.7854, 1.0]
[1, array([0.5131, 0.0472]), array([0.50748095, 0.04830238]), 0.7854, 1.0]
[1, array([0.5131, 0.0472]), array([0.50777619, 0.04830238]), 0.7854, 1.0]
[1, array([0.5131, 0.0472]), array([0.50807143, 0.04830238]), 0.7854, 1.0]
[1, array([0.5131, 0.0472]), array([0.50836667, 0.04830238]), 0.7854, 1.0]
[1, array([0.5131, 0.0472]), array([0.5086619 , 0.04830238]), 0.7854, 1.0]
[1, array([0.5131, 0.0472]), array([0.50895714, 0.04830238]), 0.7854, 1.0]
[1, array([0.5131, 0.0472]), array([0.50925238, 0.04830238]), 0.7854, 1.0]
[1, array([0.5131, 0.0472]), array([0.50954762, 0.04830238]), 0.7854, 1.0]
[1, array([0.5131, 0.0472]), array([0.50984286, 0.04830238]), 0.7854, 1.0]
[1, array([0.5131, 0.0472]), array([0.5101381 , 0.04830238]), 0.7854, 1.0]
[1, array([0.5131, 0.0472]), array([0.51043333, 0.04830238]), 0.7854, 1.0]
[1, array([0.5131, 0.0472]), array([0.51072857, 0.04830238]), 0.7854, 1.0]
[1, array([0.5131, 0.0472]), array([0.51102381, 0.04830238]), 0.7854, 1.0]
[1, array([0.5131, 0.0472]), array([0.51131905, 0.04830238]), 0.7854, 1.0]
[1, array([0.5131, 0.0472]), array([0.51161429, 0.04830238]), 0.7854, 1.0]
[1, array([0.5131, 0.0472]), array([0.51190952, 0.04830238]), 0.7854, 1.0]
[1, array([0.5131, 0.0472]), array([0.51220476, 0.04830238]), 0.7854, 1.0]
[1, array([0.5131, 0.0472]), array([0.5125    , 0.04830238]), 0.7854, 1.0]
[1, array([0.5131, 0.0472]), array([0.5063    , 0.04859762]), 0.7854, 1.0]
[1, array([0.5131, 0.0472]), array([0.50659524, 0.04859762]), 0.7854, 1.0]
[1, array([0.5131, 0.0472]), array([0.50689048, 0.04859762]), 0.7854, 1.0]
[1, array([0.5131, 0.0472]), array([0.50718571, 0.04859762]), 0.7854, 1.0]
[1, array([0.5131, 0.0472]), array([0.50748095, 0.04859762]), 0.7854, 1.0]
[1, array([0.5131, 0.0472]), array([0.50777619, 0.04859762]), 0.7854, 1.0]
[1, array([0.5131, 0.0472]), array([0.50807143, 0.04859762]), 0.7854, 1.0]
[1, array([0.5131, 0.0472]), array([0.50836667, 0.04859762]), 0.7854, 1.0]
[1, array([0.5131, 0.0472]), array([0.5086619 , 0.04859762]), 0.7854, 1.0]
[1, array([0.5131, 0.0472]), array([0.50895714, 0.04859762]), 0.7854, 1.0]
[1, array([0.5131, 0.0472]), array([0.50925238, 0.04859762]), 0.7854, 1.0]
[1, array([0.5131, 0.0472]), array([0.50954762, 0.04859762]), 0.7854, 1.0]
[1, array([0.5131, 0.0472]), array([0.50984286, 0.04859762]), 0.7854, 1.0]
[1, array([0.5131, 0.0472]), array([0.5101381 , 0.04859762]), 0.7854, 1.0]
[1, array([0.5131, 0.0472]), array([0.51043333, 0.04859762]), 0.7854, 1.0]
[1, array([0.5131, 0.0472]), array([0.51072857, 0.04859762]), 0.7854, 1.0]
[1, array([0.5131, 0.0472]), array([0.51102381, 0.04859762]), 0.7854, 1.0]
[1, array([0.5131, 0.0472]), array([0.51131905, 0.04859762]), 0.7854, 1.0]
[1, array([0.5131, 0.0472]), array([0.51161429, 0.04859762]), 0.7854, 1.0]
[1, array([0.5131, 0.0472]), array([0.51190952, 0.04859762]), 0.7854, 1.0]
[1, array([0.5131, 0.0472]), array([0.51220476, 0.04859762]), 0.7854, 1.0]
[1, array([0.5131, 0.0472]), array([0.5125    , 0.04859762]), 0.7854, 1.0]
[1, array([0.5131, 0.0472]), array([0.5063    , 0.04889286]), 0.7854, 1.0]
[1, array([0.5131, 0.0472]), array([0.50659524, 0.04889286]), 0.7854, 1.0]
[1, array([0.5131, 0.0472]), array([0.50689048, 0.04889286]), 0.7854, 1.0]
[1, array([0.5131, 0.0472]), array([0.50718571, 0.04889286]), 0.7854, 1.0]
[1, array([0.5131, 0.0472]), array([0.50748095, 0.04889286]), 0.7854, 1.0]
[1, array([0.5131, 0.0472]), array([0.50777619, 0.04889286]), 0.7854, 1.0]
[1, array([0.5131, 0.0472]), array([0.50807143, 0.04889286]), 0.7854, 1.0]
[1, array([0.5131, 0.0472]), array([0.50836667, 0.04889286]), 0.7854, 1.0]
[1, array([0.5131, 0.0472]), array([0.5086619 , 0.04889286]), 0.7854, 1.0]
[1, array([0.5131, 0.0472]), array([0.50895714, 0.04889286]), 0.7854, 1.0]
[1, array([0.5131, 0.0472]), array([0.50925238, 0.04889286]), 0.7854, 1.0]
[1, array([0.5131, 0.0472]), array([0.50954762, 0.04889286]), 0.7854, 1.0]
[1, array([0.5131, 0.0472]), array([0.50984286, 0.04889286]), 0.7854, 1.0]
[1, array([0.5131, 0.0472]), array([0.5101381 , 0.04889286]), 0.7854, 1.0]
[1, array([0.5131, 0.0472]), array([0.51043333, 0.04889286]), 0.7854, 1.0]
[1, array([0.5131, 0.0472]), array([0.51072857, 0.04889286]), 0.7854, 1.0]
[1, array([0.5131, 0.0472]), array([0.51102381, 0.04889286]), 0.7854, 1.0]
[1, array([0.5131, 0.0472]), array([0.51131905, 0.04889286]), 0.7854, 1.0]
[1, array([0.5131, 0.0472]), array([0.51161429, 0.04889286]), 0.7854, 1.0]
[1, array([0.5131, 0.0472]), array([0.51190952, 0.04889286]), 0.7854, 1.0]
[1, array([0.5131, 0.0472]), array([0.51220476, 0.04889286]), 0.7854, 1.0]
[1, array([0.5131, 0.0472]), array([0.5125    , 0.04889286]), 0.7854, 1.0]
[1, array([0.5131, 0.0472]), array([0.5063   , 0.0491881]), 0.7854, 1.0]
[1, array([0.5131, 0.0472]), array([0.50659524, 0.0491881 ]), 0.7854, 1.0]
[1, array([0.5131, 0.0472]), array([0.50689048, 0.0491881 ]), 0.7854, 1.0]
[1, array([0.5131, 0.0472]), array([0.50718571, 0.0491881 ]), 0.7854, 1.0]
[1, array([0.5131, 0.0472]), array([0.50748095, 0.0491881 ]), 0.7854, 1.0]
[1, array([0.5131, 0.0472]), array([0.50777619, 0.0491881 ]), 0.7854, 1.0]
[1, array([0.5131, 0.0472]), array([0.50807143, 0.0491881 ]), 0.7854, 1.0]
[1, array([0.5131, 0.0472]), array([0.50836667, 0.0491881 ]), 0.7854, 1.0]
[1, array([0.5131, 0.0472]), array([0.5086619, 0.0491881]), 0.7854, 1.0]
[1, array([0.5131, 0.0472]), array([0.50895714, 0.0491881 ]), 0.7854, 1.0]
[1, array([0.5131, 0.0472]), array([0.50925238, 0.0491881 ]), 0.7854, 1.0]
[1, array([0.5131, 0.0472]), array([0.50954762, 0.0491881 ]), 0.7854, 1.0]
[1, array([0.5131, 0.0472]), array([0.50984286, 0.0491881 ]), 0.7854, 1.0]
[1, array([0.5131, 0.0472]), array([0.5101381, 0.0491881]), 0.7854, 1.0]
[1, array([0.5131, 0.0472]), array([0.51043333, 0.0491881 ]), 0.7854, 1.0]
[1, array([0.5131, 0.0472]), array([0.51072857, 0.0491881 ]), 0.7854, 1.0]
[1, array([0.5131, 0.0472]), array([0.51102381, 0.0491881 ]), 0.7854, 1.0]
[1, array([0.5131, 0.0472]), array([0.51131905, 0.0491881 ]), 0.7854, 1.0]
[1, array([0.5131, 0.0472]), array([0.51161429, 0.0491881 ]), 0.7854, 1.0]
[1, array([0.5131, 0.0472]), array([0.51190952, 0.0491881 ]), 0.7854, 1.0]
[1, array([0.5131, 0.0472]), array([0.51220476, 0.0491881 ]), 0.7854, 1.0]
[1, array([0.5131, 0.0472]), array([0.5125   , 0.0491881]), 0.7854, 1.0]
[1, array([0.5131, 0.0472]), array([0.5063    , 0.04948333]), 0.7854, 1.0]
[1, array([0.5131, 0.0472]), array([0.50659524, 0.04948333]), 0.7854, 1.0]
[1, array([0.5131, 0.0472]), array([0.50689048, 0.04948333]), 0.7854, 1.0]
[1, array([0.5131, 0.0472]), array([0.50718571, 0.04948333]), 0.7854, 1.0]
[1, array([0.5131, 0.0472]), array([0.50748095, 0.04948333]), 0.7854, 1.0]
[1, array([0.5131, 0.0472]), array([0.50777619, 0.04948333]), 0.7854, 1.0]
[1, array([0.5131, 0.0472]), array([0.50807143, 0.04948333]), 0.7854, 1.0]
[1, array([0.5131, 0.0472]), array([0.50836667, 0.04948333]), 0.7854, 1.0]
[1, array([0.5131, 0.0472]), array([0.5086619 , 0.04948333]), 0.7854, 1.0]
[1, array([0.5131, 0.0472]), array([0.50895714, 0.04948333]), 0.7854, 1.0]
[1, array([0.5131, 0.0472]), array([0.50925238, 0.04948333]), 0.7854, 1.0]
[1, array([0.5131, 0.0472]), array([0.50954762, 0.04948333]), 0.7854, 1.0]
[1, array([0.5131, 0.0472]), array([0.50984286, 0.04948333]), 0.7854, 1.0]
[1, array([0.5131, 0.0472]), array([0.5101381 , 0.04948333]), 0.7854, 1.0]
[1, array([0.5131, 0.0472]), array([0.51043333, 0.04948333]), 0.7854, 1.0]
[1, array([0.5131, 0.0472]), array([0.51072857, 0.04948333]), 0.7854, 1.0]
[1, array([0.5131, 0.0472]), array([0.51102381, 0.04948333]), 0.7854, 1.0]
[1, array([0.5131, 0.0472]), array([0.51131905, 0.04948333]), 0.7854, 1.0]
[1, array([0.5131, 0.0472]), array([0.51161429, 0.04948333]), 0.7854, 1.0]
[1, array([0.5131, 0.0472]), array([0.51190952, 0.04948333]), 0.7854, 1.0]
[1, array([0.5131, 0.0472]), array([0.51220476, 0.04948333]), 0.7854, 1.0]
[1, array([0.5131, 0.0472]), array([0.5125    , 0.04948333]), 0.7854, 1.0]
[1, array([0.5131, 0.0472]), array([0.5063    , 0.04977857]), 0.7854, 1.0]
[1, array([0.5131, 0.0472]), array([0.50659524, 0.04977857]), 0.7854, 1.0]
[1, array([0.5131, 0.0472]), array([0.50689048, 0.04977857]), 0.7854, 1.0]
[1, array([0.5131, 0.0472]), array([0.50718571, 0.04977857]), 0.7854, 1.0]
[1, array([0.5131, 0.0472]), array([0.50748095, 0.04977857]), 0.7854, 1.0]
[1, array([0.5131, 0.0472]), array([0.50777619, 0.04977857]), 0.7854, 1.0]
[1, array([0.5131, 0.0472]), array([0.50807143, 0.04977857]), 0.7854, 1.0]
[1, array([0.5131, 0.0472]), array([0.50836667, 0.04977857]), 0.7854, 1.0]
[1, array([0.5131, 0.0472]), array([0.5086619 , 0.04977857]), 0.7854, 1.0]
[1, array([0.5131, 0.0472]), array([0.50895714, 0.04977857]), 0.7854, 1.0]
[1, array([0.5131, 0.0472]), array([0.50925238, 0.04977857]), 0.7854, 1.0]
[1, array([0.5131, 0.0472]), array([0.50954762, 0.04977857]), 0.7854, 1.0]
[1, array([0.5131, 0.0472]), array([0.50984286, 0.04977857]), 0.7854, 1.0]
[1, array([0.5131, 0.0472]), array([0.5101381 , 0.04977857]), 0.7854, 1.0]
[1, array([0.5131, 0.0472]), array([0.51043333, 0.04977857]), 0.7854, 1.0]
[1, array([0.5131, 0.0472]), array([0.51072857, 0.04977857]), 0.7854, 1.0]
[1, array([0.5131, 0.0472]), array([0.51102381, 0.04977857]), 0.7854, 1.0]
[1, array([0.5131, 0.0472]), array([0.51131905, 0.04977857]), 0.7854, 1.0]
[1, array([0.5131, 0.0472]), array([0.51161429, 0.04977857]), 0.7854, 1.0]
[1, array([0.5131, 0.0472]), array([0.51190952, 0.04977857]), 0.7854, 1.0]
[1, array([0.5131, 0.0472]), array([0.51220476, 0.04977857]), 0.7854, 1.0]
[1, array([0.5131, 0.0472]), array([0.5125    , 0.04977857]), 0.7854, 1.0]
[1, array([0.5131, 0.0472]), array([0.5063    , 0.05007381]), 0.7854, 1.0]
[1, array([0.5131, 0.0472]), array([0.50659524, 0.05007381]), 0.7854, 1.0]
[1, array([0.5131, 0.0472]), array([0.50689048, 0.05007381]), 0.7854, 1.0]
[1, array([0.5131, 0.0472]), array([0.50718571, 0.05007381]), 0.7854, 1.0]
[1, array([0.5131, 0.0472]), array([0.50748095, 0.05007381]), 0.7854, 1.0]
[1, array([0.5131, 0.0472]), array([0.50777619, 0.05007381]), 0.7854, 1.0]
[1, array([0.5131, 0.0472]), array([0.50807143, 0.05007381]), 0.7854, 1.0]
[1, array([0.5131, 0.0472]), array([0.50836667, 0.05007381]), 0.7854, 1.0]
[1, array([0.5131, 0.0472]), array([0.5086619 , 0.05007381]), 0.7854, 1.0]
[1, array([0.5131, 0.0472]), array([0.50895714, 0.05007381]), 0.7854, 1.0]
[1, array([0.5131, 0.0472]), array([0.50925238, 0.05007381]), 0.7854, 1.0]
[1, array([0.5131, 0.0472]), array([0.50954762, 0.05007381]), 0.7854, 1.0]
[1, array([0.5131, 0.0472]), array([0.50984286, 0.05007381]), 0.7854, 1.0]
[1, array([0.5131, 0.0472]), array([0.5101381 , 0.05007381]), 0.7854, 1.0]
[1, array([0.5131, 0.0472]), array([0.51043333, 0.05007381]), 0.7854, 1.0]
[1, array([0.5131, 0.0472]), array([0.51072857, 0.05007381]), 0.7854, 1.0]
[1, array([0.5131, 0.0472]), array([0.51102381, 0.05007381]), 0.7854, 1.0]
[1, array([0.5131, 0.0472]), array([0.51131905, 0.05007381]), 0.7854, 1.0]
[1, array([0.5131, 0.0472]), array([0.51161429, 0.05007381]), 0.7854, 1.0]
[1, array([0.5131, 0.0472]), array([0.51190952, 0.05007381]), 0.7854, 1.0]
[1, array([0.5131, 0.0472]), array([0.51220476, 0.05007381]), 0.7854, 1.0]
[1, array([0.5131, 0.0472]), array([0.5125    , 0.05007381]), 0.7854, 1.0]
[1, array([0.5131, 0.0472]), array([0.5063    , 0.05036905]), 0.7854, 1.0]
[1, array([0.5131, 0.0472]), array([0.50659524, 0.05036905]), 0.7854, 1.0]
[1, array([0.5131, 0.0472]), array([0.50689048, 0.05036905]), 0.7854, 1.0]
[1, array([0.5131, 0.0472]), array([0.50718571, 0.05036905]), 0.7854, 1.0]
[1, array([0.5131, 0.0472]), array([0.50748095, 0.05036905]), 0.7854, 1.0]
[1, array([0.5131, 0.0472]), array([0.50777619, 0.05036905]), 0.7854, 1.0]
[1, array([0.5131, 0.0472]), array([0.50807143, 0.05036905]), 0.7854, 1.0]
[1, array([0.5131, 0.0472]), array([0.50836667, 0.05036905]), 0.7854, 1.0]
[1, array([0.5131, 0.0472]), array([0.5086619 , 0.05036905]), 0.7854, 1.0]
[1, array([0.5131, 0.0472]), array([0.50895714, 0.05036905]), 0.7854, 1.0]
[1, array([0.5131, 0.0472]), array([0.50925238, 0.05036905]), 0.7854, 1.0]
[1, array([0.5131, 0.0472]), array([0.50954762, 0.05036905]), 0.7854, 1.0]
[1, array([0.5131, 0.0472]), array([0.50984286, 0.05036905]), 0.7854, 1.0]
[1, array([0.5131, 0.0472]), array([0.5101381 , 0.05036905]), 0.7854, 1.0]
[1, array([0.5131, 0.0472]), array([0.51043333, 0.05036905]), 0.7854, 1.0]
[1, array([0.5131, 0.0472]), array([0.51072857, 0.05036905]), 0.7854, 1.0]
[1, array([0.5131, 0.0472]), array([0.51102381, 0.05036905]), 0.7854, 1.0]
[1, array([0.5131, 0.0472]), array([0.51131905, 0.05036905]), 0.7854, 1.0]
[1, array([0.5131, 0.0472]), array([0.51161429, 0.05036905]), 0.7854, 1.0]
[1, array([0.5131, 0.0472]), array([0.51190952, 0.05036905]), 0.7854, 1.0]
[1, array([0.5131, 0.0472]), array([0.51220476, 0.05036905]), 0.7854, 1.0]
[1, array([0.5131, 0.0472]), array([0.5125    , 0.05036905]), 0.7854, 1.0]
[1, array([0.5131, 0.0472]), array([0.5063    , 0.05066429]), 0.7854, 1.0]
[1, array([0.5131, 0.0472]), array([0.50659524, 0.05066429]), 0.7854, 1.0]
[1, array([0.5131, 0.0472]), array([0.50689048, 0.05066429]), 0.7854, 1.0]
[1, array([0.5131, 0.0472]), array([0.50718571, 0.05066429]), 0.7854, 1.0]
[1, array([0.5131, 0.0472]), array([0.50748095, 0.05066429]), 0.7854, 1.0]
[1, array([0.5131, 0.0472]), array([0.50777619, 0.05066429]), 0.7854, 1.0]
[1, array([0.5131, 0.0472]), array([0.50807143, 0.05066429]), 0.7854, 1.0]
[1, array([0.5131, 0.0472]), array([0.50836667, 0.05066429]), 0.7854, 1.0]
[1, array([0.5131, 0.0472]), array([0.5086619 , 0.05066429]), 0.7854, 1.0]
[1, array([0.5131, 0.0472]), array([0.50895714, 0.05066429]), 0.7854, 1.0]
[1, array([0.5131, 0.0472]), array([0.50925238, 0.05066429]), 0.7854, 1.0]
[1, array([0.5131, 0.0472]), array([0.50954762, 0.05066429]), 0.7854, 1.0]
[1, array([0.5131, 0.0472]), array([0.50984286, 0.05066429]), 0.7854, 1.0]
[1, array([0.5131, 0.0472]), array([0.5101381 , 0.05066429]), 0.7854, 1.0]
[1, array([0.5131, 0.0472]), array([0.51043333, 0.05066429]), 0.7854, 1.0]
[1, array([0.5131, 0.0472]), array([0.51072857, 0.05066429]), 0.7854, 1.0]
[1, array([0.5131, 0.0472]), array([0.51102381, 0.05066429]), 0.7854, 1.0]
[1, array([0.5131, 0.0472]), array([0.51131905, 0.05066429]), 0.7854, 1.0]
[1, array([0.5131, 0.0472]), array([0.51161429, 0.05066429]), 0.7854, 1.0]
[1, array([0.5131, 0.0472]), array([0.51190952, 0.05066429]), 0.7854, 1.0]
[1, array([0.5131, 0.0472]), array([0.51220476, 0.05066429]), 0.7854, 1.0]
[1, array([0.5131, 0.0472]), array([0.5125    , 0.05066429]), 0.7854, 1.0]
[1, array([0.5131, 0.0472]), array([0.5063    , 0.05095952]), 0.7854, 1.0]
[1, array([0.5131, 0.0472]), array([0.50659524, 0.05095952]), 0.7854, 1.0]
[1, array([0.5131, 0.0472]), array([0.50689048, 0.05095952]), 0.7854, 1.0]
[1, array([0.5131, 0.0472]), array([0.50718571, 0.05095952]), 0.7854, 1.0]
[1, array([0.5131, 0.0472]), array([0.50748095, 0.05095952]), 0.7854, 1.0]
[1, array([0.5131, 0.0472]), array([0.50777619, 0.05095952]), 0.7854, 1.0]
[1, array([0.5131, 0.0472]), array([0.50807143, 0.05095952]), 0.7854, 1.0]
[1, array([0.5131, 0.0472]), array([0.50836667, 0.05095952]), 0.7854, 1.0]
[1, array([0.5131, 0.0472]), array([0.5086619 , 0.05095952]), 0.7854, 1.0]
[1, array([0.5131, 0.0472]), array([0.50895714, 0.05095952]), 0.7854, 1.0]
[1, array([0.5131, 0.0472]), array([0.50925238, 0.05095952]), 0.7854, 1.0]
[1, array([0.5131, 0.0472]), array([0.50954762, 0.05095952]), 0.7854, 1.0]
[1, array([0.5131, 0.0472]), array([0.50984286, 0.05095952]), 0.7854, 1.0]
[1, array([0.5131, 0.0472]), array([0.5101381 , 0.05095952]), 0.7854, 1.0]
[1, array([0.5131, 0.0472]), array([0.51043333, 0.05095952]), 0.7854, 1.0]
[1, array([0.5131, 0.0472]), array([0.51072857, 0.05095952]), 0.7854, 1.0]
[1, array([0.5131, 0.0472]), array([0.51102381, 0.05095952]), 0.7854, 1.0]
[1, array([0.5131, 0.0472]), array([0.51131905, 0.05095952]), 0.7854, 1.0]
[1, array([0.5131, 0.0472]), array([0.51161429, 0.05095952]), 0.7854, 1.0]
[1, array([0.5131, 0.0472]), array([0.51190952, 0.05095952]), 0.7854, 1.0]
[1, array([0.5131, 0.0472]), array([0.51220476, 0.05095952]), 0.7854, 1.0]
[1, array([0.5131, 0.0472]), array([0.5125    , 0.05095952]), 0.7854, 1.0]
[1, array([0.5131, 0.0472]), array([0.5063    , 0.05125476]), 0.7854, 1.0]
[1, array([0.5131, 0.0472]), array([0.50659524, 0.05125476]), 0.7854, 1.0]
[1, array([0.5131, 0.0472]), array([0.50689048, 0.05125476]), 0.7854, 1.0]
[1, array([0.5131, 0.0472]), array([0.50718571, 0.05125476]), 0.7854, 1.0]
[1, array([0.5131, 0.0472]), array([0.50748095, 0.05125476]), 0.7854, 1.0]
[1, array([0.5131, 0.0472]), array([0.50777619, 0.05125476]), 0.7854, 1.0]
[1, array([0.5131, 0.0472]), array([0.50807143, 0.05125476]), 0.7854, 1.0]
[1, array([0.5131, 0.0472]), array([0.50836667, 0.05125476]), 0.7854, 1.0]
[1, array([0.5131, 0.0472]), array([0.5086619 , 0.05125476]), 0.7854, 1.0]
[1, array([0.5131, 0.0472]), array([0.50895714, 0.05125476]), 0.7854, 1.0]
[1, array([0.5131, 0.0472]), array([0.50925238, 0.05125476]), 0.7854, 1.0]
[1, array([0.5131, 0.0472]), array([0.50954762, 0.05125476]), 0.7854, 1.0]
[1, array([0.5131, 0.0472]), array([0.50984286, 0.05125476]), 0.7854, 1.0]
[1, array([0.5131, 0.0472]), array([0.5101381 , 0.05125476]), 0.7854, 1.0]
[1, array([0.5131, 0.0472]), array([0.51043333, 0.05125476]), 0.7854, 1.0]
[1, array([0.5131, 0.0472]), array([0.51072857, 0.05125476]), 0.7854, 1.0]
[1, array([0.5131, 0.0472]), array([0.51102381, 0.05125476]), 0.7854, 1.0]
[1, array([0.5131, 0.0472]), array([0.51131905, 0.05125476]), 0.7854, 1.0]
[1, array([0.5131, 0.0472]), array([0.51161429, 0.05125476]), 0.7854, 1.0]
[1, array([0.5131, 0.0472]), array([0.51190952, 0.05125476]), 0.7854, 1.0]
[1, array([0.5131, 0.0472]), array([0.51220476, 0.05125476]), 0.7854, 1.0]
[1, array([0.5131, 0.0472]), array([0.5125    , 0.05125476]), 0.7854, 1.0]
[1, array([0.5131, 0.0472]), array([0.5063 , 0.05155]), 0.7854, 1.0]
[1, array([0.5131, 0.0472]), array([0.50659524, 0.05155   ]), 0.7854, 1.0]
[1, array([0.5131, 0.0472]), array([0.50689048, 0.05155   ]), 0.7854, 1.0]
[1, array([0.5131, 0.0472]), array([0.50718571, 0.05155   ]), 0.7854, 1.0]
[1, array([0.5131, 0.0472]), array([0.50748095, 0.05155   ]), 0.7854, 1.0]
[1, array([0.5131, 0.0472]), array([0.50777619, 0.05155   ]), 0.7854, 1.0]
[1, array([0.5131, 0.0472]), array([0.50807143, 0.05155   ]), 0.7854, 1.0]
[1, array([0.5131, 0.0472]), array([0.50836667, 0.05155   ]), 0.7854, 1.0]
[1, array([0.5131, 0.0472]), array([0.5086619, 0.05155  ]), 0.7854, 1.0]
[1, array([0.5131, 0.0472]), array([0.50895714, 0.05155   ]), 0.7854, 1.0]
[1, array([0.5131, 0.0472]), array([0.50925238, 0.05155   ]), 0.7854, 1.0]
[1, array([0.5131, 0.0472]), array([0.50954762, 0.05155   ]), 0.7854, 1.0]
[1, array([0.5131, 0.0472]), array([0.50984286, 0.05155   ]), 0.7854, 1.0]
[1, array([0.5131, 0.0472]), array([0.5101381, 0.05155  ]), 0.7854, 1.0]
[1, array([0.5131, 0.0472]), array([0.51043333, 0.05155   ]), 0.7854, 1.0]
[1, array([0.5131, 0.0472]), array([0.51072857, 0.05155   ]), 0.7854, 1.0]
[1, array([0.5131, 0.0472]), array([0.51102381, 0.05155   ]), 0.7854, 1.0]
[1, array([0.5131, 0.0472]), array([0.51131905, 0.05155   ]), 0.7854, 1.0]
[1, array([0.5131, 0.0472]), array([0.51161429, 0.05155   ]), 0.7854, 1.0]
[1, array([0.5131, 0.0472]), array([0.51190952, 0.05155   ]), 0.7854, 1.0]
[1, array([0.5131, 0.0472]), array([0.51220476, 0.05155   ]), 0.7854, 1.0]
[1, array([0.5131, 0.0472]), array([0.5125 , 0.05155]), 0.7854, 1.0]
[0, array([ 0.512 , -0.0271]), array([ 0.5063, -0.025 ]), 0.7854, 1.0]
[0, array([ 0.512 , -0.0271]), array([ 0.50644762, -0.025     ]), 0.7854, 1.0]
[0, array([ 0.512 , -0.0271]), array([ 0.50659524, -0.025     ]), 0.7854, 1.0]
[0, array([ 0.512 , -0.0271]), array([ 0.50674286, -0.025     ]), 0.7854, 1.0]
[0, array([ 0.512 , -0.0271]), array([ 0.50689048, -0.025     ]), 0.7854, 1.0]
[0, array([ 0.512 , -0.0271]), array([ 0.5070381, -0.025    ]), 0.7854, 1.0]
[0, array([ 0.512 , -0.0271]), array([ 0.50718571, -0.025     ]), 0.7854, 1.0]
[0, array([ 0.512 , -0.0271]), array([ 0.50733333, -0.025     ]), 0.7854, 1.0]
[0, array([ 0.512 , -0.0271]), array([ 0.50748095, -0.025     ]), 0.7854, 1.0]
[0, array([ 0.512 , -0.0271]), array([ 0.50762857, -0.025     ]), 0.7854, 1.0]
[0, array([ 0.512 , -0.0271]), array([ 0.50777619, -0.025     ]), 0.7854, 1.0]
[0, array([ 0.512 , -0.0271]), array([ 0.50792381, -0.025     ]), 0.7854, 1.0]
[0, array([ 0.512 , -0.0271]), array([ 0.50807143, -0.025     ]), 0.7854, 1.0]
[0, array([ 0.512 , -0.0271]), array([ 0.50821905, -0.025     ]), 0.7854, 1.0]
[0, array([ 0.512 , -0.0271]), array([ 0.50836667, -0.025     ]), 0.7854, 1.0]
[0, array([ 0.512 , -0.0271]), array([ 0.50851429, -0.025     ]), 0.7854, 1.0]
[0, array([ 0.512 , -0.0271]), array([ 0.5086619, -0.025    ]), 0.7854, 1.0]
[0, array([ 0.512 , -0.0271]), array([ 0.50880952, -0.025     ]), 0.7854, 1.0]
[0, array([ 0.512 , -0.0271]), array([ 0.50895714, -0.025     ]), 0.7854, 1.0]
[0, array([ 0.512 , -0.0271]), array([ 0.50910476, -0.025     ]), 0.7854, 1.0]
[0, array([ 0.512 , -0.0271]), array([ 0.50925238, -0.025     ]), 0.7854, 1.0]
[0, array([ 0.512 , -0.0271]), array([ 0.5094, -0.025 ]), 0.7854, 1.0]
[0, array([ 0.512 , -0.0271]), array([ 0.5063    , -0.02485238]), 0.7854, 1.0]
[0, array([ 0.512 , -0.0271]), array([ 0.50644762, -0.02485238]), 0.7854, 1.0]
[0, array([ 0.512 , -0.0271]), array([ 0.50659524, -0.02485238]), 0.7854, 1.0]
[0, array([ 0.512 , -0.0271]), array([ 0.50674286, -0.02485238]), 0.7854, 1.0]
[0, array([ 0.512 , -0.0271]), array([ 0.50689048, -0.02485238]), 0.7854, 1.0]
[0, array([ 0.512 , -0.0271]), array([ 0.5070381 , -0.02485238]), 0.7854, 1.0]
[0, array([ 0.512 , -0.0271]), array([ 0.50718571, -0.02485238]), 0.7854, 1.0]
[0, array([ 0.512 , -0.0271]), array([ 0.50733333, -0.02485238]), 0.7854, 1.0]
[0, array([ 0.512 , -0.0271]), array([ 0.50748095, -0.02485238]), 0.7854, 1.0]
[0, array([ 0.512 , -0.0271]), array([ 0.50762857, -0.02485238]), 0.7854, 1.0]
[0, array([ 0.512 , -0.0271]), array([ 0.50777619, -0.02485238]), 0.7854, 1.0]
[0, array([ 0.512 , -0.0271]), array([ 0.50792381, -0.02485238]), 0.7854, 1.0]
[0, array([ 0.512 , -0.0271]), array([ 0.50807143, -0.02485238]), 0.7854, 1.0]
[0, array([ 0.512 , -0.0271]), array([ 0.50821905, -0.02485238]), 0.7854, 1.0]
[0, array([ 0.512 , -0.0271]), array([ 0.50836667, -0.02485238]), 0.7854, 1.0]
[0, array([ 0.512 , -0.0271]), array([ 0.50851429, -0.02485238]), 0.7854, 1.0]
[0, array([ 0.512 , -0.0271]), array([ 0.5086619 , -0.02485238]), 0.7854, 1.0]
[0, array([ 0.512 , -0.0271]), array([ 0.50880952, -0.02485238]), 0.7854, 1.0]
[0, array([ 0.512 , -0.0271]), array([ 0.50895714, -0.02485238]), 0.7854, 1.0]
[0, array([ 0.512 , -0.0271]), array([ 0.50910476, -0.02485238]), 0.7854, 1.0]
[0, array([ 0.512 , -0.0271]), array([ 0.50925238, -0.02485238]), 0.7854, 1.0]
[0, array([ 0.512 , -0.0271]), array([ 0.5094    , -0.02485238]), 0.7854, 1.0]
[0, array([ 0.512 , -0.0271]), array([ 0.5063    , -0.02470476]), 0.7854, 1.0]
[0, array([ 0.512 , -0.0271]), array([ 0.50644762, -0.02470476]), 0.7854, 1.0]
[0, array([ 0.512 , -0.0271]), array([ 0.50659524, -0.02470476]), 0.7854, 1.0]
[0, array([ 0.512 , -0.0271]), array([ 0.50674286, -0.02470476]), 0.7854, 1.0]
[0, array([ 0.512 , -0.0271]), array([ 0.50689048, -0.02470476]), 0.7854, 1.0]
[0, array([ 0.512 , -0.0271]), array([ 0.5070381 , -0.02470476]), 0.7854, 1.0]
[0, array([ 0.512 , -0.0271]), array([ 0.50718571, -0.02470476]), 0.7854, 1.0]
[0, array([ 0.512 , -0.0271]), array([ 0.50733333, -0.02470476]), 0.7854, 1.0]
[0, array([ 0.512 , -0.0271]), array([ 0.50748095, -0.02470476]), 0.7854, 1.0]
[0, array([ 0.512 , -0.0271]), array([ 0.50762857, -0.02470476]), 0.7854, 1.0]
[0, array([ 0.512 , -0.0271]), array([ 0.50777619, -0.02470476]), 0.7854, 1.0]
[0, array([ 0.512 , -0.0271]), array([ 0.50792381, -0.02470476]), 0.7854, 1.0]
[0, array([ 0.512 , -0.0271]), array([ 0.50807143, -0.02470476]), 0.7854, 1.0]
[0, array([ 0.512 , -0.0271]), array([ 0.50821905, -0.02470476]), 0.7854, 1.0]
[0, array([ 0.512 , -0.0271]), array([ 0.50836667, -0.02470476]), 0.7854, 1.0]
[0, array([ 0.512 , -0.0271]), array([ 0.50851429, -0.02470476]), 0.7854, 1.0]
[0, array([ 0.512 , -0.0271]), array([ 0.5086619 , -0.02470476]), 0.7854, 1.0]
[0, array([ 0.512 , -0.0271]), array([ 0.50880952, -0.02470476]), 0.7854, 1.0]
[0, array([ 0.512 , -0.0271]), array([ 0.50895714, -0.02470476]), 0.7854, 1.0]
[0, array([ 0.512 , -0.0271]), array([ 0.50910476, -0.02470476]), 0.7854, 1.0]
[0, array([ 0.512 , -0.0271]), array([ 0.50925238, -0.02470476]), 0.7854, 1.0]
[0, array([ 0.512 , -0.0271]), array([ 0.5094    , -0.02470476]), 0.7854, 1.0]
[0, array([ 0.512 , -0.0271]), array([ 0.5063    , -0.02455714]), 0.7854, 1.0]
[0, array([ 0.512 , -0.0271]), array([ 0.50644762, -0.02455714]), 0.7854, 1.0]
[0, array([ 0.512 , -0.0271]), array([ 0.50659524, -0.02455714]), 0.7854, 1.0]
[0, array([ 0.512 , -0.0271]), array([ 0.50674286, -0.02455714]), 0.7854, 1.0]
[0, array([ 0.512 , -0.0271]), array([ 0.50689048, -0.02455714]), 0.7854, 1.0]
[0, array([ 0.512 , -0.0271]), array([ 0.5070381 , -0.02455714]), 0.7854, 1.0]
[0, array([ 0.512 , -0.0271]), array([ 0.50718571, -0.02455714]), 0.7854, 1.0]
[0, array([ 0.512 , -0.0271]), array([ 0.50733333, -0.02455714]), 0.7854, 1.0]
[0, array([ 0.512 , -0.0271]), array([ 0.50748095, -0.02455714]), 0.7854, 1.0]
[0, array([ 0.512 , -0.0271]), array([ 0.50762857, -0.02455714]), 0.7854, 1.0]
[0, array([ 0.512 , -0.0271]), array([ 0.50777619, -0.02455714]), 0.7854, 1.0]
[0, array([ 0.512 , -0.0271]), array([ 0.50792381, -0.02455714]), 0.7854, 1.0]
[0, array([ 0.512 , -0.0271]), array([ 0.50807143, -0.02455714]), 0.7854, 1.0]
[0, array([ 0.512 , -0.0271]), array([ 0.50821905, -0.02455714]), 0.7854, 1.0]
[0, array([ 0.512 , -0.0271]), array([ 0.50836667, -0.02455714]), 0.7854, 1.0]
[0, array([ 0.512 , -0.0271]), array([ 0.50851429, -0.02455714]), 0.7854, 1.0]
[0, array([ 0.512 , -0.0271]), array([ 0.5086619 , -0.02455714]), 0.7854, 1.0]
[0, array([ 0.512 , -0.0271]), array([ 0.50880952, -0.02455714]), 0.7854, 1.0]
[0, array([ 0.512 , -0.0271]), array([ 0.50895714, -0.02455714]), 0.7854, 1.0]
[0, array([ 0.512 , -0.0271]), array([ 0.50910476, -0.02455714]), 0.7854, 1.0]
[0, array([ 0.512 , -0.0271]), array([ 0.50925238, -0.02455714]), 0.7854, 1.0]
[0, array([ 0.512 , -0.0271]), array([ 0.5094    , -0.02455714]), 0.7854, 1.0]
[0, array([ 0.512 , -0.0271]), array([ 0.5063    , -0.02440952]), 0.7854, 1.0]
[0, array([ 0.512 , -0.0271]), array([ 0.50644762, -0.02440952]), 0.7854, 1.0]
[0, array([ 0.512 , -0.0271]), array([ 0.50659524, -0.02440952]), 0.7854, 1.0]
[0, array([ 0.512 , -0.0271]), array([ 0.50674286, -0.02440952]), 0.7854, 1.0]
[0, array([ 0.512 , -0.0271]), array([ 0.50689048, -0.02440952]), 0.7854, 1.0]
[0, array([ 0.512 , -0.0271]), array([ 0.5070381 , -0.02440952]), 0.7854, 1.0]
[0, array([ 0.512 , -0.0271]), array([ 0.50718571, -0.02440952]), 0.7854, 1.0]
[0, array([ 0.512 , -0.0271]), array([ 0.50733333, -0.02440952]), 0.7854, 1.0]
[0, array([ 0.512 , -0.0271]), array([ 0.50748095, -0.02440952]), 0.7854, 1.0]
[0, array([ 0.512 , -0.0271]), array([ 0.50762857, -0.02440952]), 0.7854, 1.0]
[0, array([ 0.512 , -0.0271]), array([ 0.50777619, -0.02440952]), 0.7854, 1.0]
[0, array([ 0.512 , -0.0271]), array([ 0.50792381, -0.02440952]), 0.7854, 1.0]
[0, array([ 0.512 , -0.0271]), array([ 0.50807143, -0.02440952]), 0.7854, 1.0]
[0, array([ 0.512 , -0.0271]), array([ 0.50821905, -0.02440952]), 0.7854, 1.0]
[0, array([ 0.512 , -0.0271]), array([ 0.50836667, -0.02440952]), 0.7854, 1.0]
[0, array([ 0.512 , -0.0271]), array([ 0.50851429, -0.02440952]), 0.7854, 1.0]
[0, array([ 0.512 , -0.0271]), array([ 0.5086619 , -0.02440952]), 0.7854, 1.0]
[0, array([ 0.512 , -0.0271]), array([ 0.50880952, -0.02440952]), 0.7854, 1.0]
[0, array([ 0.512 , -0.0271]), array([ 0.50895714, -0.02440952]), 0.7854, 1.0]
[0, array([ 0.512 , -0.0271]), array([ 0.50910476, -0.02440952]), 0.7854, 1.0]
[0, array([ 0.512 , -0.0271]), array([ 0.50925238, -0.02440952]), 0.7854, 1.0]
[0, array([ 0.512 , -0.0271]), array([ 0.5094    , -0.02440952]), 0.7854, 1.0]
[0, array([ 0.512 , -0.0271]), array([ 0.5063   , -0.0242619]), 0.7854, 1.0]
[0, array([ 0.512 , -0.0271]), array([ 0.50644762, -0.0242619 ]), 0.7854, 1.0]
[0, array([ 0.512 , -0.0271]), array([ 0.50659524, -0.0242619 ]), 0.7854, 1.0]
[0, array([ 0.512 , -0.0271]), array([ 0.50674286, -0.0242619 ]), 0.7854, 1.0]
[0, array([ 0.512 , -0.0271]), array([ 0.50689048, -0.0242619 ]), 0.7854, 1.0]
[0, array([ 0.512 , -0.0271]), array([ 0.5070381, -0.0242619]), 0.7854, 1.0]
[0, array([ 0.512 , -0.0271]), array([ 0.50718571, -0.0242619 ]), 0.7854, 1.0]
[0, array([ 0.512 , -0.0271]), array([ 0.50733333, -0.0242619 ]), 0.7854, 1.0]
[0, array([ 0.512 , -0.0271]), array([ 0.50748095, -0.0242619 ]), 0.7854, 1.0]
[0, array([ 0.512 , -0.0271]), array([ 0.50762857, -0.0242619 ]), 0.7854, 1.0]
[0, array([ 0.512 , -0.0271]), array([ 0.50777619, -0.0242619 ]), 0.7854, 1.0]
[0, array([ 0.512 , -0.0271]), array([ 0.50792381, -0.0242619 ]), 0.7854, 1.0]
[0, array([ 0.512 , -0.0271]), array([ 0.50807143, -0.0242619 ]), 0.7854, 1.0]
[0, array([ 0.512 , -0.0271]), array([ 0.50821905, -0.0242619 ]), 0.7854, 1.0]
[0, array([ 0.512 , -0.0271]), array([ 0.50836667, -0.0242619 ]), 0.7854, 1.0]
[0, array([ 0.512 , -0.0271]), array([ 0.50851429, -0.0242619 ]), 0.7854, 1.0]
[0, array([ 0.512 , -0.0271]), array([ 0.5086619, -0.0242619]), 0.7854, 1.0]
[0, array([ 0.512 , -0.0271]), array([ 0.50880952, -0.0242619 ]), 0.7854, 1.0]
[0, array([ 0.512 , -0.0271]), array([ 0.50895714, -0.0242619 ]), 0.7854, 1.0]
[0, array([ 0.512 , -0.0271]), array([ 0.50910476, -0.0242619 ]), 0.7854, 1.0]
[0, array([ 0.512 , -0.0271]), array([ 0.50925238, -0.0242619 ]), 0.7854, 1.0]
[0, array([ 0.512 , -0.0271]), array([ 0.5094   , -0.0242619]), 0.7854, 1.0]
[0, array([ 0.512 , -0.0271]), array([ 0.5063    , -0.02411429]), 0.7854, 1.0]
[0, array([ 0.512 , -0.0271]), array([ 0.50644762, -0.02411429]), 0.7854, 1.0]
[0, array([ 0.512 , -0.0271]), array([ 0.50659524, -0.02411429]), 0.7854, 1.0]
[0, array([ 0.512 , -0.0271]), array([ 0.50674286, -0.02411429]), 0.7854, 1.0]
[0, array([ 0.512 , -0.0271]), array([ 0.50689048, -0.02411429]), 0.7854, 1.0]
[0, array([ 0.512 , -0.0271]), array([ 0.5070381 , -0.02411429]), 0.7854, 1.0]
[0, array([ 0.512 , -0.0271]), array([ 0.50718571, -0.02411429]), 0.7854, 1.0]
[0, array([ 0.512 , -0.0271]), array([ 0.50733333, -0.02411429]), 0.7854, 1.0]
[0, array([ 0.512 , -0.0271]), array([ 0.50748095, -0.02411429]), 0.7854, 1.0]
[0, array([ 0.512 , -0.0271]), array([ 0.50762857, -0.02411429]), 0.7854, 1.0]
[0, array([ 0.512 , -0.0271]), array([ 0.50777619, -0.02411429]), 0.7854, 1.0]
[0, array([ 0.512 , -0.0271]), array([ 0.50792381, -0.02411429]), 0.7854, 1.0]
[0, array([ 0.512 , -0.0271]), array([ 0.50807143, -0.02411429]), 0.7854, 1.0]
[0, array([ 0.512 , -0.0271]), array([ 0.50821905, -0.02411429]), 0.7854, 1.0]
[0, array([ 0.512 , -0.0271]), array([ 0.50836667, -0.02411429]), 0.7854, 1.0]
[0, array([ 0.512 , -0.0271]), array([ 0.50851429, -0.02411429]), 0.7854, 1.0]
[0, array([ 0.512 , -0.0271]), array([ 0.5086619 , -0.02411429]), 0.7854, 1.0]
[0, array([ 0.512 , -0.0271]), array([ 0.50880952, -0.02411429]), 0.7854, 1.0]
[0, array([ 0.512 , -0.0271]), array([ 0.50895714, -0.02411429]), 0.7854, 1.0]
[0, array([ 0.512 , -0.0271]), array([ 0.50910476, -0.02411429]), 0.7854, 1.0]
[0, array([ 0.512 , -0.0271]), array([ 0.50925238, -0.02411429]), 0.7854, 1.0]
[0, array([ 0.512 , -0.0271]), array([ 0.5094    , -0.02411429]), 0.7854, 1.0]
[0, array([ 0.512 , -0.0271]), array([ 0.5063    , -0.02396667]), 0.7854, 1.0]
[0, array([ 0.512 , -0.0271]), array([ 0.50644762, -0.02396667]), 0.7854, 1.0]
[0, array([ 0.512 , -0.0271]), array([ 0.50659524, -0.02396667]), 0.7854, 1.0]
[0, array([ 0.512 , -0.0271]), array([ 0.50674286, -0.02396667]), 0.7854, 1.0]
[0, array([ 0.512 , -0.0271]), array([ 0.50689048, -0.02396667]), 0.7854, 1.0]
[0, array([ 0.512 , -0.0271]), array([ 0.5070381 , -0.02396667]), 0.7854, 1.0]
[0, array([ 0.512 , -0.0271]), array([ 0.50718571, -0.02396667]), 0.7854, 1.0]
[0, array([ 0.512 , -0.0271]), array([ 0.50733333, -0.02396667]), 0.7854, 1.0]
[0, array([ 0.512 , -0.0271]), array([ 0.50748095, -0.02396667]), 0.7854, 1.0]
[0, array([ 0.512 , -0.0271]), array([ 0.50762857, -0.02396667]), 0.7854, 1.0]
[0, array([ 0.512 , -0.0271]), array([ 0.50777619, -0.02396667]), 0.7854, 1.0]
[0, array([ 0.512 , -0.0271]), array([ 0.50792381, -0.02396667]), 0.7854, 1.0]
[0, array([ 0.512 , -0.0271]), array([ 0.50807143, -0.02396667]), 0.7854, 1.0]
[0, array([ 0.512 , -0.0271]), array([ 0.50821905, -0.02396667]), 0.7854, 1.0]
[0, array([ 0.512 , -0.0271]), array([ 0.50836667, -0.02396667]), 0.7854, 1.0]
[0, array([ 0.512 , -0.0271]), array([ 0.50851429, -0.02396667]), 0.7854, 1.0]
[0, array([ 0.512 , -0.0271]), array([ 0.5086619 , -0.02396667]), 0.7854, 1.0]
[0, array([ 0.512 , -0.0271]), array([ 0.50880952, -0.02396667]), 0.7854, 1.0]
[0, array([ 0.512 , -0.0271]), array([ 0.50895714, -0.02396667]), 0.7854, 1.0]
[0, array([ 0.512 , -0.0271]), array([ 0.50910476, -0.02396667]), 0.7854, 1.0]
[0, array([ 0.512 , -0.0271]), array([ 0.50925238, -0.02396667]), 0.7854, 1.0]
[0, array([ 0.512 , -0.0271]), array([ 0.5094    , -0.02396667]), 0.7854, 1.0]
[0, array([ 0.512 , -0.0271]), array([ 0.5063    , -0.02381905]), 0.7854, 1.0]
[0, array([ 0.512 , -0.0271]), array([ 0.50644762, -0.02381905]), 0.7854, 1.0]
[0, array([ 0.512 , -0.0271]), array([ 0.50659524, -0.02381905]), 0.7854, 1.0]
[0, array([ 0.512 , -0.0271]), array([ 0.50674286, -0.02381905]), 0.7854, 1.0]
[0, array([ 0.512 , -0.0271]), array([ 0.50689048, -0.02381905]), 0.7854, 1.0]
[0, array([ 0.512 , -0.0271]), array([ 0.5070381 , -0.02381905]), 0.7854, 1.0]
[0, array([ 0.512 , -0.0271]), array([ 0.50718571, -0.02381905]), 0.7854, 1.0]
[0, array([ 0.512 , -0.0271]), array([ 0.50733333, -0.02381905]), 0.7854, 1.0]
[0, array([ 0.512 , -0.0271]), array([ 0.50748095, -0.02381905]), 0.7854, 1.0]
[0, array([ 0.512 , -0.0271]), array([ 0.50762857, -0.02381905]), 0.7854, 1.0]
[0, array([ 0.512 , -0.0271]), array([ 0.50777619, -0.02381905]), 0.7854, 1.0]
[0, array([ 0.512 , -0.0271]), array([ 0.50792381, -0.02381905]), 0.7854, 1.0]
[0, array([ 0.512 , -0.0271]), array([ 0.50807143, -0.02381905]), 0.7854, 1.0]
[0, array([ 0.512 , -0.0271]), array([ 0.50821905, -0.02381905]), 0.7854, 1.0]
[0, array([ 0.512 , -0.0271]), array([ 0.50836667, -0.02381905]), 0.7854, 1.0]
[0, array([ 0.512 , -0.0271]), array([ 0.50851429, -0.02381905]), 0.7854, 1.0]
[0, array([ 0.512 , -0.0271]), array([ 0.5086619 , -0.02381905]), 0.7854, 1.0]
[0, array([ 0.512 , -0.0271]), array([ 0.50880952, -0.02381905]), 0.7854, 1.0]
[0, array([ 0.512 , -0.0271]), array([ 0.50895714, -0.02381905]), 0.7854, 1.0]
[0, array([ 0.512 , -0.0271]), array([ 0.50910476, -0.02381905]), 0.7854, 1.0]
[0, array([ 0.512 , -0.0271]), array([ 0.50925238, -0.02381905]), 0.7854, 1.0]
[0, array([ 0.512 , -0.0271]), array([ 0.5094    , -0.02381905]), 0.7854, 1.0]
[0, array([ 0.512 , -0.0271]), array([ 0.5063    , -0.02367143]), 0.7854, 1.0]
[0, array([ 0.512 , -0.0271]), array([ 0.50644762, -0.02367143]), 0.7854, 1.0]
[0, array([ 0.512 , -0.0271]), array([ 0.50659524, -0.02367143]), 0.7854, 1.0]
[0, array([ 0.512 , -0.0271]), array([ 0.50674286, -0.02367143]), 0.7854, 1.0]
[0, array([ 0.512 , -0.0271]), array([ 0.50689048, -0.02367143]), 0.7854, 1.0]
[0, array([ 0.512 , -0.0271]), array([ 0.5070381 , -0.02367143]), 0.7854, 1.0]
[0, array([ 0.512 , -0.0271]), array([ 0.50718571, -0.02367143]), 0.7854, 1.0]
[0, array([ 0.512 , -0.0271]), array([ 0.50733333, -0.02367143]), 0.7854, 1.0]
[0, array([ 0.512 , -0.0271]), array([ 0.50748095, -0.02367143]), 0.7854, 1.0]
[0, array([ 0.512 , -0.0271]), array([ 0.50762857, -0.02367143]), 0.7854, 1.0]
[0, array([ 0.512 , -0.0271]), array([ 0.50777619, -0.02367143]), 0.7854, 1.0]
[0, array([ 0.512 , -0.0271]), array([ 0.50792381, -0.02367143]), 0.7854, 1.0]
[0, array([ 0.512 , -0.0271]), array([ 0.50807143, -0.02367143]), 0.7854, 1.0]
[0, array([ 0.512 , -0.0271]), array([ 0.50821905, -0.02367143]), 0.7854, 1.0]
[0, array([ 0.512 , -0.0271]), array([ 0.50836667, -0.02367143]), 0.7854, 1.0]
[0, array([ 0.512 , -0.0271]), array([ 0.50851429, -0.02367143]), 0.7854, 1.0]
[0, array([ 0.512 , -0.0271]), array([ 0.5086619 , -0.02367143]), 0.7854, 1.0]
[0, array([ 0.512 , -0.0271]), array([ 0.50880952, -0.02367143]), 0.7854, 1.0]
[0, array([ 0.512 , -0.0271]), array([ 0.50895714, -0.02367143]), 0.7854, 1.0]
[0, array([ 0.512 , -0.0271]), array([ 0.50910476, -0.02367143]), 0.7854, 1.0]
[0, array([ 0.512 , -0.0271]), array([ 0.50925238, -0.02367143]), 0.7854, 1.0]
[0, array([ 0.512 , -0.0271]), array([ 0.5094    , -0.02367143]), 0.7854, 1.0]
[0, array([ 0.512 , -0.0271]), array([ 0.5063    , -0.02352381]), 0.7854, 1.0]
[0, array([ 0.512 , -0.0271]), array([ 0.50644762, -0.02352381]), 0.7854, 1.0]
[0, array([ 0.512 , -0.0271]), array([ 0.50659524, -0.02352381]), 0.7854, 1.0]
[0, array([ 0.512 , -0.0271]), array([ 0.50674286, -0.02352381]), 0.7854, 1.0]
[0, array([ 0.512 , -0.0271]), array([ 0.50689048, -0.02352381]), 0.7854, 1.0]
[0, array([ 0.512 , -0.0271]), array([ 0.5070381 , -0.02352381]), 0.7854, 1.0]
[0, array([ 0.512 , -0.0271]), array([ 0.50718571, -0.02352381]), 0.7854, 1.0]
[0, array([ 0.512 , -0.0271]), array([ 0.50733333, -0.02352381]), 0.7854, 1.0]
[0, array([ 0.512 , -0.0271]), array([ 0.50748095, -0.02352381]), 0.7854, 1.0]
[0, array([ 0.512 , -0.0271]), array([ 0.50762857, -0.02352381]), 0.7854, 1.0]
[0, array([ 0.512 , -0.0271]), array([ 0.50777619, -0.02352381]), 0.7854, 1.0]
[0, array([ 0.512 , -0.0271]), array([ 0.50792381, -0.02352381]), 0.7854, 1.0]
[0, array([ 0.512 , -0.0271]), array([ 0.50807143, -0.02352381]), 0.7854, 1.0]
[0, array([ 0.512 , -0.0271]), array([ 0.50821905, -0.02352381]), 0.7854, 1.0]
[0, array([ 0.512 , -0.0271]), array([ 0.50836667, -0.02352381]), 0.7854, 1.0]
[0, array([ 0.512 , -0.0271]), array([ 0.50851429, -0.02352381]), 0.7854, 1.0]
[0, array([ 0.512 , -0.0271]), array([ 0.5086619 , -0.02352381]), 0.7854, 1.0]
[0, array([ 0.512 , -0.0271]), array([ 0.50880952, -0.02352381]), 0.7854, 1.0]
[0, array([ 0.512 , -0.0271]), array([ 0.50895714, -0.02352381]), 0.7854, 1.0]
[0, array([ 0.512 , -0.0271]), array([ 0.50910476, -0.02352381]), 0.7854, 1.0]
[0, array([ 0.512 , -0.0271]), array([ 0.50925238, -0.02352381]), 0.7854, 1.0]
[0, array([ 0.512 , -0.0271]), array([ 0.5094    , -0.02352381]), 0.7854, 1.0]
[0, array([ 0.512 , -0.0271]), array([ 0.5063    , -0.02337619]), 0.7854, 1.0]
[0, array([ 0.512 , -0.0271]), array([ 0.50644762, -0.02337619]), 0.7854, 1.0]
[0, array([ 0.512 , -0.0271]), array([ 0.50659524, -0.02337619]), 0.7854, 1.0]
[0, array([ 0.512 , -0.0271]), array([ 0.50674286, -0.02337619]), 0.7854, 1.0]
[0, array([ 0.512 , -0.0271]), array([ 0.50689048, -0.02337619]), 0.7854, 1.0]
[0, array([ 0.512 , -0.0271]), array([ 0.5070381 , -0.02337619]), 0.7854, 1.0]
[0, array([ 0.512 , -0.0271]), array([ 0.50718571, -0.02337619]), 0.7854, 1.0]
[0, array([ 0.512 , -0.0271]), array([ 0.50733333, -0.02337619]), 0.7854, 1.0]
[0, array([ 0.512 , -0.0271]), array([ 0.50748095, -0.02337619]), 0.7854, 1.0]
[0, array([ 0.512 , -0.0271]), array([ 0.50762857, -0.02337619]), 0.7854, 1.0]
[0, array([ 0.512 , -0.0271]), array([ 0.50777619, -0.02337619]), 0.7854, 1.0]
[0, array([ 0.512 , -0.0271]), array([ 0.50792381, -0.02337619]), 0.7854, 1.0]
[0, array([ 0.512 , -0.0271]), array([ 0.50807143, -0.02337619]), 0.7854, 1.0]
[0, array([ 0.512 , -0.0271]), array([ 0.50821905, -0.02337619]), 0.7854, 1.0]
[0, array([ 0.512 , -0.0271]), array([ 0.50836667, -0.02337619]), 0.7854, 1.0]
[0, array([ 0.512 , -0.0271]), array([ 0.50851429, -0.02337619]), 0.7854, 1.0]
[0, array([ 0.512 , -0.0271]), array([ 0.5086619 , -0.02337619]), 0.7854, 1.0]
[0, array([ 0.512 , -0.0271]), array([ 0.50880952, -0.02337619]), 0.7854, 1.0]
[0, array([ 0.512 , -0.0271]), array([ 0.50895714, -0.02337619]), 0.7854, 1.0]
[0, array([ 0.512 , -0.0271]), array([ 0.50910476, -0.02337619]), 0.7854, 1.0]
[0, array([ 0.512 , -0.0271]), array([ 0.50925238, -0.02337619]), 0.7854, 1.0]
[0, array([ 0.512 , -0.0271]), array([ 0.5094    , -0.02337619]), 0.7854, 1.0]
[0, array([ 0.512 , -0.0271]), array([ 0.5063    , -0.02322857]), 0.7854, 1.0]
[0, array([ 0.512 , -0.0271]), array([ 0.50644762, -0.02322857]), 0.7854, 1.0]
[0, array([ 0.512 , -0.0271]), array([ 0.50659524, -0.02322857]), 0.7854, 1.0]
[0, array([ 0.512 , -0.0271]), array([ 0.50674286, -0.02322857]), 0.7854, 1.0]
[0, array([ 0.512 , -0.0271]), array([ 0.50689048, -0.02322857]), 0.7854, 1.0]
[0, array([ 0.512 , -0.0271]), array([ 0.5070381 , -0.02322857]), 0.7854, 1.0]
[0, array([ 0.512 , -0.0271]), array([ 0.50718571, -0.02322857]), 0.7854, 1.0]
[0, array([ 0.512 , -0.0271]), array([ 0.50733333, -0.02322857]), 0.7854, 1.0]
[0, array([ 0.512 , -0.0271]), array([ 0.50748095, -0.02322857]), 0.7854, 1.0]
[0, array([ 0.512 , -0.0271]), array([ 0.50762857, -0.02322857]), 0.7854, 1.0]
[0, array([ 0.512 , -0.0271]), array([ 0.50777619, -0.02322857]), 0.7854, 1.0]
[0, array([ 0.512 , -0.0271]), array([ 0.50792381, -0.02322857]), 0.7854, 1.0]
[0, array([ 0.512 , -0.0271]), array([ 0.50807143, -0.02322857]), 0.7854, 1.0]
[0, array([ 0.512 , -0.0271]), array([ 0.50821905, -0.02322857]), 0.7854, 1.0]
[0, array([ 0.512 , -0.0271]), array([ 0.50836667, -0.02322857]), 0.7854, 1.0]
[0, array([ 0.512 , -0.0271]), array([ 0.50851429, -0.02322857]), 0.7854, 1.0]
[0, array([ 0.512 , -0.0271]), array([ 0.5086619 , -0.02322857]), 0.7854, 1.0]
[0, array([ 0.512 , -0.0271]), array([ 0.50880952, -0.02322857]), 0.7854, 1.0]
[0, array([ 0.512 , -0.0271]), array([ 0.50895714, -0.02322857]), 0.7854, 1.0]
[0, array([ 0.512 , -0.0271]), array([ 0.50910476, -0.02322857]), 0.7854, 1.0]
[0, array([ 0.512 , -0.0271]), array([ 0.50925238, -0.02322857]), 0.7854, 1.0]
[0, array([ 0.512 , -0.0271]), array([ 0.5094    , -0.02322857]), 0.7854, 1.0]
[0, array([ 0.512 , -0.0271]), array([ 0.5063    , -0.02308095]), 0.7854, 1.0]
[0, array([ 0.512 , -0.0271]), array([ 0.50644762, -0.02308095]), 0.7854, 1.0]
[0, array([ 0.512 , -0.0271]), array([ 0.50659524, -0.02308095]), 0.7854, 1.0]
[0, array([ 0.512 , -0.0271]), array([ 0.50674286, -0.02308095]), 0.7854, 1.0]
[0, array([ 0.512 , -0.0271]), array([ 0.50689048, -0.02308095]), 0.7854, 1.0]
[0, array([ 0.512 , -0.0271]), array([ 0.5070381 , -0.02308095]), 0.7854, 1.0]
[0, array([ 0.512 , -0.0271]), array([ 0.50718571, -0.02308095]), 0.7854, 1.0]
[0, array([ 0.512 , -0.0271]), array([ 0.50733333, -0.02308095]), 0.7854, 1.0]
[0, array([ 0.512 , -0.0271]), array([ 0.50748095, -0.02308095]), 0.7854, 1.0]
[0, array([ 0.512 , -0.0271]), array([ 0.50762857, -0.02308095]), 0.7854, 1.0]
[0, array([ 0.512 , -0.0271]), array([ 0.50777619, -0.02308095]), 0.7854, 1.0]
[0, array([ 0.512 , -0.0271]), array([ 0.50792381, -0.02308095]), 0.7854, 1.0]
[0, array([ 0.512 , -0.0271]), array([ 0.50807143, -0.02308095]), 0.7854, 1.0]
[0, array([ 0.512 , -0.0271]), array([ 0.50821905, -0.02308095]), 0.7854, 1.0]
[0, array([ 0.512 , -0.0271]), array([ 0.50836667, -0.02308095]), 0.7854, 1.0]
[0, array([ 0.512 , -0.0271]), array([ 0.50851429, -0.02308095]), 0.7854, 1.0]
[0, array([ 0.512 , -0.0271]), array([ 0.5086619 , -0.02308095]), 0.7854, 1.0]
[0, array([ 0.512 , -0.0271]), array([ 0.50880952, -0.02308095]), 0.7854, 1.0]
[0, array([ 0.512 , -0.0271]), array([ 0.50895714, -0.02308095]), 0.7854, 1.0]
[0, array([ 0.512 , -0.0271]), array([ 0.50910476, -0.02308095]), 0.7854, 1.0]
[0, array([ 0.512 , -0.0271]), array([ 0.50925238, -0.02308095]), 0.7854, 1.0]
[0, array([ 0.512 , -0.0271]), array([ 0.5094    , -0.02308095]), 0.7854, 1.0]
[0, array([ 0.512 , -0.0271]), array([ 0.5063    , -0.02293333]), 0.7854, 1.0]
[0, array([ 0.512 , -0.0271]), array([ 0.50644762, -0.02293333]), 0.7854, 1.0]
[0, array([ 0.512 , -0.0271]), array([ 0.50659524, -0.02293333]), 0.7854, 1.0]
[0, array([ 0.512 , -0.0271]), array([ 0.50674286, -0.02293333]), 0.7854, 1.0]
[0, array([ 0.512 , -0.0271]), array([ 0.50689048, -0.02293333]), 0.7854, 1.0]
[0, array([ 0.512 , -0.0271]), array([ 0.5070381 , -0.02293333]), 0.7854, 1.0]
[0, array([ 0.512 , -0.0271]), array([ 0.50718571, -0.02293333]), 0.7854, 1.0]
[0, array([ 0.512 , -0.0271]), array([ 0.50733333, -0.02293333]), 0.7854, 1.0]
[0, array([ 0.512 , -0.0271]), array([ 0.50748095, -0.02293333]), 0.7854, 1.0]
[0, array([ 0.512 , -0.0271]), array([ 0.50762857, -0.02293333]), 0.7854, 1.0]
[0, array([ 0.512 , -0.0271]), array([ 0.50777619, -0.02293333]), 0.7854, 1.0]
[0, array([ 0.512 , -0.0271]), array([ 0.50792381, -0.02293333]), 0.7854, 1.0]
[0, array([ 0.512 , -0.0271]), array([ 0.50807143, -0.02293333]), 0.7854, 1.0]
[0, array([ 0.512 , -0.0271]), array([ 0.50821905, -0.02293333]), 0.7854, 1.0]
[0, array([ 0.512 , -0.0271]), array([ 0.50836667, -0.02293333]), 0.7854, 1.0]
[0, array([ 0.512 , -0.0271]), array([ 0.50851429, -0.02293333]), 0.7854, 1.0]
[0, array([ 0.512 , -0.0271]), array([ 0.5086619 , -0.02293333]), 0.7854, 1.0]
[0, array([ 0.512 , -0.0271]), array([ 0.50880952, -0.02293333]), 0.7854, 1.0]
[0, array([ 0.512 , -0.0271]), array([ 0.50895714, -0.02293333]), 0.7854, 1.0]
[0, array([ 0.512 , -0.0271]), array([ 0.50910476, -0.02293333]), 0.7854, 1.0]
[0, array([ 0.512 , -0.0271]), array([ 0.50925238, -0.02293333]), 0.7854, 1.0]
[0, array([ 0.512 , -0.0271]), array([ 0.5094    , -0.02293333]), 0.7854, 1.0]
[0, array([ 0.512 , -0.0271]), array([ 0.5063    , -0.02278571]), 0.7854, 1.0]
[0, array([ 0.512 , -0.0271]), array([ 0.50644762, -0.02278571]), 0.7854, 1.0]
[0, array([ 0.512 , -0.0271]), array([ 0.50659524, -0.02278571]), 0.7854, 1.0]
[0, array([ 0.512 , -0.0271]), array([ 0.50674286, -0.02278571]), 0.7854, 1.0]
[0, array([ 0.512 , -0.0271]), array([ 0.50689048, -0.02278571]), 0.7854, 1.0]
[0, array([ 0.512 , -0.0271]), array([ 0.5070381 , -0.02278571]), 0.7854, 1.0]
[0, array([ 0.512 , -0.0271]), array([ 0.50718571, -0.02278571]), 0.7854, 1.0]
[0, array([ 0.512 , -0.0271]), array([ 0.50733333, -0.02278571]), 0.7854, 1.0]
[0, array([ 0.512 , -0.0271]), array([ 0.50748095, -0.02278571]), 0.7854, 1.0]
[0, array([ 0.512 , -0.0271]), array([ 0.50762857, -0.02278571]), 0.7854, 1.0]
[0, array([ 0.512 , -0.0271]), array([ 0.50777619, -0.02278571]), 0.7854, 1.0]
[0, array([ 0.512 , -0.0271]), array([ 0.50792381, -0.02278571]), 0.7854, 1.0]
[0, array([ 0.512 , -0.0271]), array([ 0.50807143, -0.02278571]), 0.7854, 1.0]
[0, array([ 0.512 , -0.0271]), array([ 0.50821905, -0.02278571]), 0.7854, 1.0]
[0, array([ 0.512 , -0.0271]), array([ 0.50836667, -0.02278571]), 0.7854, 1.0]
[0, array([ 0.512 , -0.0271]), array([ 0.50851429, -0.02278571]), 0.7854, 1.0]
[0, array([ 0.512 , -0.0271]), array([ 0.5086619 , -0.02278571]), 0.7854, 1.0]
[0, array([ 0.512 , -0.0271]), array([ 0.50880952, -0.02278571]), 0.7854, 1.0]
[0, array([ 0.512 , -0.0271]), array([ 0.50895714, -0.02278571]), 0.7854, 1.0]
[0, array([ 0.512 , -0.0271]), array([ 0.50910476, -0.02278571]), 0.7854, 1.0]
[0, array([ 0.512 , -0.0271]), array([ 0.50925238, -0.02278571]), 0.7854, 1.0]
[0, array([ 0.512 , -0.0271]), array([ 0.5094    , -0.02278571]), 0.7854, 1.0]
[0, array([ 0.512 , -0.0271]), array([ 0.5063   , -0.0226381]), 0.7854, 1.0]
[0, array([ 0.512 , -0.0271]), array([ 0.50644762, -0.0226381 ]), 0.7854, 1.0]
[0, array([ 0.512 , -0.0271]), array([ 0.50659524, -0.0226381 ]), 0.7854, 1.0]
[0, array([ 0.512 , -0.0271]), array([ 0.50674286, -0.0226381 ]), 0.7854, 1.0]
[0, array([ 0.512 , -0.0271]), array([ 0.50689048, -0.0226381 ]), 0.7854, 1.0]
[0, array([ 0.512 , -0.0271]), array([ 0.5070381, -0.0226381]), 0.7854, 1.0]
[0, array([ 0.512 , -0.0271]), array([ 0.50718571, -0.0226381 ]), 0.7854, 1.0]
[0, array([ 0.512 , -0.0271]), array([ 0.50733333, -0.0226381 ]), 0.7854, 1.0]
[0, array([ 0.512 , -0.0271]), array([ 0.50748095, -0.0226381 ]), 0.7854, 1.0]
[0, array([ 0.512 , -0.0271]), array([ 0.50762857, -0.0226381 ]), 0.7854, 1.0]
[0, array([ 0.512 , -0.0271]), array([ 0.50777619, -0.0226381 ]), 0.7854, 1.0]
[0, array([ 0.512 , -0.0271]), array([ 0.50792381, -0.0226381 ]), 0.7854, 1.0]
[0, array([ 0.512 , -0.0271]), array([ 0.50807143, -0.0226381 ]), 0.7854, 1.0]
[0, array([ 0.512 , -0.0271]), array([ 0.50821905, -0.0226381 ]), 0.7854, 1.0]
[0, array([ 0.512 , -0.0271]), array([ 0.50836667, -0.0226381 ]), 0.7854, 1.0]
[0, array([ 0.512 , -0.0271]), array([ 0.50851429, -0.0226381 ]), 0.7854, 1.0]
[0, array([ 0.512 , -0.0271]), array([ 0.5086619, -0.0226381]), 0.7854, 1.0]
[0, array([ 0.512 , -0.0271]), array([ 0.50880952, -0.0226381 ]), 0.7854, 1.0]
[0, array([ 0.512 , -0.0271]), array([ 0.50895714, -0.0226381 ]), 0.7854, 1.0]
[0, array([ 0.512 , -0.0271]), array([ 0.50910476, -0.0226381 ]), 0.7854, 1.0]
[0, array([ 0.512 , -0.0271]), array([ 0.50925238, -0.0226381 ]), 0.7854, 1.0]
[0, array([ 0.512 , -0.0271]), array([ 0.5094   , -0.0226381]), 0.7854, 1.0]
[0, array([ 0.512 , -0.0271]), array([ 0.5063    , -0.02249048]), 0.7854, 1.0]
[0, array([ 0.512 , -0.0271]), array([ 0.50644762, -0.02249048]), 0.7854, 1.0]
[0, array([ 0.512 , -0.0271]), array([ 0.50659524, -0.02249048]), 0.7854, 1.0]
[0, array([ 0.512 , -0.0271]), array([ 0.50674286, -0.02249048]), 0.7854, 1.0]
[0, array([ 0.512 , -0.0271]), array([ 0.50689048, -0.02249048]), 0.7854, 1.0]
[0, array([ 0.512 , -0.0271]), array([ 0.5070381 , -0.02249048]), 0.7854, 1.0]
[0, array([ 0.512 , -0.0271]), array([ 0.50718571, -0.02249048]), 0.7854, 1.0]
[0, array([ 0.512 , -0.0271]), array([ 0.50733333, -0.02249048]), 0.7854, 1.0]
[0, array([ 0.512 , -0.0271]), array([ 0.50748095, -0.02249048]), 0.7854, 1.0]
[0, array([ 0.512 , -0.0271]), array([ 0.50762857, -0.02249048]), 0.7854, 1.0]
[0, array([ 0.512 , -0.0271]), array([ 0.50777619, -0.02249048]), 0.7854, 1.0]
[0, array([ 0.512 , -0.0271]), array([ 0.50792381, -0.02249048]), 0.7854, 1.0]
[0, array([ 0.512 , -0.0271]), array([ 0.50807143, -0.02249048]), 0.7854, 1.0]
[0, array([ 0.512 , -0.0271]), array([ 0.50821905, -0.02249048]), 0.7854, 1.0]
[0, array([ 0.512 , -0.0271]), array([ 0.50836667, -0.02249048]), 0.7854, 1.0]
[0, array([ 0.512 , -0.0271]), array([ 0.50851429, -0.02249048]), 0.7854, 1.0]
[0, array([ 0.512 , -0.0271]), array([ 0.5086619 , -0.02249048]), 0.7854, 1.0]
[0, array([ 0.512 , -0.0271]), array([ 0.50880952, -0.02249048]), 0.7854, 1.0]
[0, array([ 0.512 , -0.0271]), array([ 0.50895714, -0.02249048]), 0.7854, 1.0]
[0, array([ 0.512 , -0.0271]), array([ 0.50910476, -0.02249048]), 0.7854, 1.0]
[0, array([ 0.512 , -0.0271]), array([ 0.50925238, -0.02249048]), 0.7854, 1.0]
[0, array([ 0.512 , -0.0271]), array([ 0.5094    , -0.02249048]), 0.7854, 1.0]
[0, array([ 0.512 , -0.0271]), array([ 0.5063    , -0.02234286]), 0.7854, 1.0]
[0, array([ 0.512 , -0.0271]), array([ 0.50644762, -0.02234286]), 0.7854, 1.0]
[0, array([ 0.512 , -0.0271]), array([ 0.50659524, -0.02234286]), 0.7854, 1.0]
[0, array([ 0.512 , -0.0271]), array([ 0.50674286, -0.02234286]), 0.7854, 1.0]
[0, array([ 0.512 , -0.0271]), array([ 0.50689048, -0.02234286]), 0.7854, 1.0]
[0, array([ 0.512 , -0.0271]), array([ 0.5070381 , -0.02234286]), 0.7854, 1.0]
[0, array([ 0.512 , -0.0271]), array([ 0.50718571, -0.02234286]), 0.7854, 1.0]
[0, array([ 0.512 , -0.0271]), array([ 0.50733333, -0.02234286]), 0.7854, 1.0]
[0, array([ 0.512 , -0.0271]), array([ 0.50748095, -0.02234286]), 0.7854, 1.0]
[0, array([ 0.512 , -0.0271]), array([ 0.50762857, -0.02234286]), 0.7854, 1.0]
[0, array([ 0.512 , -0.0271]), array([ 0.50777619, -0.02234286]), 0.7854, 1.0]
[0, array([ 0.512 , -0.0271]), array([ 0.50792381, -0.02234286]), 0.7854, 1.0]
[0, array([ 0.512 , -0.0271]), array([ 0.50807143, -0.02234286]), 0.7854, 1.0]
[0, array([ 0.512 , -0.0271]), array([ 0.50821905, -0.02234286]), 0.7854, 1.0]
[0, array([ 0.512 , -0.0271]), array([ 0.50836667, -0.02234286]), 0.7854, 1.0]
[0, array([ 0.512 , -0.0271]), array([ 0.50851429, -0.02234286]), 0.7854, 1.0]
[0, array([ 0.512 , -0.0271]), array([ 0.5086619 , -0.02234286]), 0.7854, 1.0]
[0, array([ 0.512 , -0.0271]), array([ 0.50880952, -0.02234286]), 0.7854, 1.0]
[0, array([ 0.512 , -0.0271]), array([ 0.50895714, -0.02234286]), 0.7854, 1.0]
[0, array([ 0.512 , -0.0271]), array([ 0.50910476, -0.02234286]), 0.7854, 1.0]
[0, array([ 0.512 , -0.0271]), array([ 0.50925238, -0.02234286]), 0.7854, 1.0]
[0, array([ 0.512 , -0.0271]), array([ 0.5094    , -0.02234286]), 0.7854, 1.0]
[0, array([ 0.512 , -0.0271]), array([ 0.5063    , -0.02219524]), 0.7854, 1.0]
[0, array([ 0.512 , -0.0271]), array([ 0.50644762, -0.02219524]), 0.7854, 1.0]
[0, array([ 0.512 , -0.0271]), array([ 0.50659524, -0.02219524]), 0.7854, 1.0]
[0, array([ 0.512 , -0.0271]), array([ 0.50674286, -0.02219524]), 0.7854, 1.0]
[0, array([ 0.512 , -0.0271]), array([ 0.50689048, -0.02219524]), 0.7854, 1.0]
[0, array([ 0.512 , -0.0271]), array([ 0.5070381 , -0.02219524]), 0.7854, 1.0]
[0, array([ 0.512 , -0.0271]), array([ 0.50718571, -0.02219524]), 0.7854, 1.0]
[0, array([ 0.512 , -0.0271]), array([ 0.50733333, -0.02219524]), 0.7854, 1.0]
[0, array([ 0.512 , -0.0271]), array([ 0.50748095, -0.02219524]), 0.7854, 1.0]
[0, array([ 0.512 , -0.0271]), array([ 0.50762857, -0.02219524]), 0.7854, 1.0]
[0, array([ 0.512 , -0.0271]), array([ 0.50777619, -0.02219524]), 0.7854, 1.0]
[0, array([ 0.512 , -0.0271]), array([ 0.50792381, -0.02219524]), 0.7854, 1.0]
[0, array([ 0.512 , -0.0271]), array([ 0.50807143, -0.02219524]), 0.7854, 1.0]
[0, array([ 0.512 , -0.0271]), array([ 0.50821905, -0.02219524]), 0.7854, 1.0]
[0, array([ 0.512 , -0.0271]), array([ 0.50836667, -0.02219524]), 0.7854, 1.0]
[0, array([ 0.512 , -0.0271]), array([ 0.50851429, -0.02219524]), 0.7854, 1.0]
[0, array([ 0.512 , -0.0271]), array([ 0.5086619 , -0.02219524]), 0.7854, 1.0]
[0, array([ 0.512 , -0.0271]), array([ 0.50880952, -0.02219524]), 0.7854, 1.0]
[0, array([ 0.512 , -0.0271]), array([ 0.50895714, -0.02219524]), 0.7854, 1.0]
[0, array([ 0.512 , -0.0271]), array([ 0.50910476, -0.02219524]), 0.7854, 1.0]
[0, array([ 0.512 , -0.0271]), array([ 0.50925238, -0.02219524]), 0.7854, 1.0]
[0, array([ 0.512 , -0.0271]), array([ 0.5094    , -0.02219524]), 0.7854, 1.0]
[0, array([ 0.512 , -0.0271]), array([ 0.5063    , -0.02204762]), 0.7854, 1.0]
[0, array([ 0.512 , -0.0271]), array([ 0.50644762, -0.02204762]), 0.7854, 1.0]
[0, array([ 0.512 , -0.0271]), array([ 0.50659524, -0.02204762]), 0.7854, 1.0]
[0, array([ 0.512 , -0.0271]), array([ 0.50674286, -0.02204762]), 0.7854, 1.0]
[0, array([ 0.512 , -0.0271]), array([ 0.50689048, -0.02204762]), 0.7854, 1.0]
[0, array([ 0.512 , -0.0271]), array([ 0.5070381 , -0.02204762]), 0.7854, 1.0]
[0, array([ 0.512 , -0.0271]), array([ 0.50718571, -0.02204762]), 0.7854, 1.0]
[0, array([ 0.512 , -0.0271]), array([ 0.50733333, -0.02204762]), 0.7854, 1.0]
[0, array([ 0.512 , -0.0271]), array([ 0.50748095, -0.02204762]), 0.7854, 1.0]
[0, array([ 0.512 , -0.0271]), array([ 0.50762857, -0.02204762]), 0.7854, 1.0]
[0, array([ 0.512 , -0.0271]), array([ 0.50777619, -0.02204762]), 0.7854, 1.0]
[0, array([ 0.512 , -0.0271]), array([ 0.50792381, -0.02204762]), 0.7854, 1.0]
[0, array([ 0.512 , -0.0271]), array([ 0.50807143, -0.02204762]), 0.7854, 1.0]
[0, array([ 0.512 , -0.0271]), array([ 0.50821905, -0.02204762]), 0.7854, 1.0]
[0, array([ 0.512 , -0.0271]), array([ 0.50836667, -0.02204762]), 0.7854, 1.0]
[0, array([ 0.512 , -0.0271]), array([ 0.50851429, -0.02204762]), 0.7854, 1.0]
[0, array([ 0.512 , -0.0271]), array([ 0.5086619 , -0.02204762]), 0.7854, 1.0]
[0, array([ 0.512 , -0.0271]), array([ 0.50880952, -0.02204762]), 0.7854, 1.0]
[0, array([ 0.512 , -0.0271]), array([ 0.50895714, -0.02204762]), 0.7854, 1.0]
[0, array([ 0.512 , -0.0271]), array([ 0.50910476, -0.02204762]), 0.7854, 1.0]
[0, array([ 0.512 , -0.0271]), array([ 0.50925238, -0.02204762]), 0.7854, 1.0]
[0, array([ 0.512 , -0.0271]), array([ 0.5094    , -0.02204762]), 0.7854, 1.0]
[0, array([ 0.512 , -0.0271]), array([ 0.5063, -0.0219]), 0.7854, 1.0]
[0, array([ 0.512 , -0.0271]), array([ 0.50644762, -0.0219    ]), 0.7854, 1.0]
[0, array([ 0.512 , -0.0271]), array([ 0.50659524, -0.0219    ]), 0.7854, 1.0]
[0, array([ 0.512 , -0.0271]), array([ 0.50674286, -0.0219    ]), 0.7854, 1.0]
[0, array([ 0.512 , -0.0271]), array([ 0.50689048, -0.0219    ]), 0.7854, 1.0]
[0, array([ 0.512 , -0.0271]), array([ 0.5070381, -0.0219   ]), 0.7854, 1.0]
[0, array([ 0.512 , -0.0271]), array([ 0.50718571, -0.0219    ]), 0.7854, 1.0]
[0, array([ 0.512 , -0.0271]), array([ 0.50733333, -0.0219    ]), 0.7854, 1.0]
[0, array([ 0.512 , -0.0271]), array([ 0.50748095, -0.0219    ]), 0.7854, 1.0]
[0, array([ 0.512 , -0.0271]), array([ 0.50762857, -0.0219    ]), 0.7854, 1.0]
[0, array([ 0.512 , -0.0271]), array([ 0.50777619, -0.0219    ]), 0.7854, 1.0]
[0, array([ 0.512 , -0.0271]), array([ 0.50792381, -0.0219    ]), 0.7854, 1.0]
[0, array([ 0.512 , -0.0271]), array([ 0.50807143, -0.0219    ]), 0.7854, 1.0]
[0, array([ 0.512 , -0.0271]), array([ 0.50821905, -0.0219    ]), 0.7854, 1.0]
[0, array([ 0.512 , -0.0271]), array([ 0.50836667, -0.0219    ]), 0.7854, 1.0]
[0, array([ 0.512 , -0.0271]), array([ 0.50851429, -0.0219    ]), 0.7854, 1.0]
[0, array([ 0.512 , -0.0271]), array([ 0.5086619, -0.0219   ]), 0.7854, 1.0]
[0, array([ 0.512 , -0.0271]), array([ 0.50880952, -0.0219    ]), 0.7854, 1.0]
[0, array([ 0.512 , -0.0271]), array([ 0.50895714, -0.0219    ]), 0.7854, 1.0]
[0, array([ 0.512 , -0.0271]), array([ 0.50910476, -0.0219    ]), 0.7854, 1.0]
[0, array([ 0.512 , -0.0271]), array([ 0.50925238, -0.0219    ]), 0.7854, 1.0]
[0, array([ 0.512 , -0.0271]), array([ 0.5094, -0.0219]), 0.7854, 1.0]
