[84, array([0.5152, 0.035 ]), array([0.5125, 0.0344]), 0.7854, 0.0]
[84, array([0.5152, 0.035 ]), array([0.51264762, 0.0344    ]), 0.7854, 0.0]
[84, array([0.5152, 0.035 ]), array([0.51279524, 0.0344    ]), 0.7854, 0.0]
[84, array([0.5152, 0.035 ]), array([0.51294286, 0.0344    ]), 0.7854, 1.0]
[84, array([0.5152, 0.035 ]), array([0.51309048, 0.0344    ]), 0.7854, 0.0]
[84, array([0.5152, 0.035 ]), array([0.5132381, 0.0344   ]), 0.7854, 0.0]
[84, array([0.5152, 0.035 ]), array([0.51338571, 0.0344    ]), 0.7854, 0.0]
[84, array([0.5152, 0.035 ]), array([0.51353333, 0.0344    ]), 0.7854, 0.0]
[84, array([0.5152, 0.035 ]), array([0.51368095, 0.0344    ]), 0.7854, 0.0]
[84, array([0.5152, 0.035 ]), array([0.51382857, 0.0344    ]), 0.7854, 1.0]
[84, array([0.5152, 0.035 ]), array([0.51397619, 0.0344    ]), 0.7854, 1.0]
[84, array([0.5152, 0.035 ]), array([0.51412381, 0.0344    ]), 0.7854, 1.0]
[84, array([0.5152, 0.035 ]), array([0.51427143, 0.0344    ]), 0.7854, 1.0]
[84, array([0.5152, 0.035 ]), array([0.51441905, 0.0344    ]), 0.7854, 1.0]
[84, array([0.5152, 0.035 ]), array([0.51456667, 0.0344    ]), 0.7854, 1.0]
[84, array([0.5152, 0.035 ]), array([0.51471429, 0.0344    ]), 0.7854, 1.0]
[84, array([0.5152, 0.035 ]), array([0.5148619, 0.0344   ]), 0.7854, 1.0]
[84, array([0.5152, 0.035 ]), array([0.51500952, 0.0344    ]), 0.7854, 0.0]
[84, array([0.5152, 0.035 ]), array([0.51515714, 0.0344    ]), 0.7854, 0.0]
[84, array([0.5152, 0.035 ]), array([0.51530476, 0.0344    ]), 0.7854, 0.0]
[84, array([0.5152, 0.035 ]), array([0.51545238, 0.0344    ]), 0.7854, 0.0]
[84, array([0.5152, 0.035 ]), array([0.5156, 0.0344]), 0.7854, 0.0]
[84, array([0.5152, 0.035 ]), array([0.5125    , 0.03454762]), 0.7854, 0.0]
[84, array([0.5152, 0.035 ]), array([0.51264762, 0.03454762]), 0.7854, 0.0]
[84, array([0.5152, 0.035 ]), array([0.51279524, 0.03454762]), 0.7854, 0.0]
[84, array([0.5152, 0.035 ]), array([0.51294286, 0.03454762]), 0.7854, 0.0]
[84, array([0.5152, 0.035 ]), array([0.51309048, 0.03454762]), 0.7854, 0.0]
[84, array([0.5152, 0.035 ]), array([0.5132381 , 0.03454762]), 0.7854, 1.0]
[84, array([0.5152, 0.035 ]), array([0.51338571, 0.03454762]), 0.7854, 0.0]
[84, array([0.5152, 0.035 ]), array([0.51353333, 0.03454762]), 0.7854, 1.0]
[84, array([0.5152, 0.035 ]), array([0.51368095, 0.03454762]), 0.7854, 1.0]
[84, array([0.5152, 0.035 ]), array([0.51382857, 0.03454762]), 0.7854, 1.0]
[84, array([0.5152, 0.035 ]), array([0.51397619, 0.03454762]), 0.7854, 1.0]
[84, array([0.5152, 0.035 ]), array([0.51412381, 0.03454762]), 0.7854, 1.0]
[84, array([0.5152, 0.035 ]), array([0.51427143, 0.03454762]), 0.7854, 1.0]
[84, array([0.5152, 0.035 ]), array([0.51441905, 0.03454762]), 0.7854, 1.0]
[84, array([0.5152, 0.035 ]), array([0.51456667, 0.03454762]), 0.7854, 1.0]
[84, array([0.5152, 0.035 ]), array([0.51471429, 0.03454762]), 0.7854, 0.0]
[84, array([0.5152, 0.035 ]), array([0.5148619 , 0.03454762]), 0.7854, 0.0]
[84, array([0.5152, 0.035 ]), array([0.51500952, 0.03454762]), 0.7854, 0.0]
[84, array([0.5152, 0.035 ]), array([0.51515714, 0.03454762]), 0.7854, 0.0]
[84, array([0.5152, 0.035 ]), array([0.51530476, 0.03454762]), 0.7854, 0.0]
[84, array([0.5152, 0.035 ]), array([0.51545238, 0.03454762]), 0.7854, 1.0]
[84, array([0.5152, 0.035 ]), array([0.5156    , 0.03454762]), 0.7854, 0.0]
[84, array([0.5152, 0.035 ]), array([0.5125    , 0.03469524]), 0.7854, 0.0]
[84, array([0.5152, 0.035 ]), array([0.51264762, 0.03469524]), 0.7854, 0.0]
[84, array([0.5152, 0.035 ]), array([0.51279524, 0.03469524]), 0.7854, 0.0]
[84, array([0.5152, 0.035 ]), array([0.51294286, 0.03469524]), 0.7854, 0.0]
[84, array([0.5152, 0.035 ]), array([0.51309048, 0.03469524]), 0.7854, 0.0]
[84, array([0.5152, 0.035 ]), array([0.5132381 , 0.03469524]), 0.7854, 1.0]
[84, array([0.5152, 0.035 ]), array([0.51338571, 0.03469524]), 0.7854, 0.0]
[84, array([0.5152, 0.035 ]), array([0.51353333, 0.03469524]), 0.7854, 1.0]
[84, array([0.5152, 0.035 ]), array([0.51368095, 0.03469524]), 0.7854, 1.0]
[84, array([0.5152, 0.035 ]), array([0.51382857, 0.03469524]), 0.7854, 1.0]
[84, array([0.5152, 0.035 ]), array([0.51397619, 0.03469524]), 0.7854, 1.0]
[84, array([0.5152, 0.035 ]), array([0.51412381, 0.03469524]), 0.7854, 1.0]
[84, array([0.5152, 0.035 ]), array([0.51427143, 0.03469524]), 0.7854, 1.0]
[84, array([0.5152, 0.035 ]), array([0.51441905, 0.03469524]), 0.7854, 1.0]
[84, array([0.5152, 0.035 ]), array([0.51456667, 0.03469524]), 0.7854, 0.0]
[84, array([0.5152, 0.035 ]), array([0.51471429, 0.03469524]), 0.7854, 0.0]
[84, array([0.5152, 0.035 ]), array([0.5148619 , 0.03469524]), 0.7854, 0.0]
[84, array([0.5152, 0.035 ]), array([0.51500952, 0.03469524]), 0.7854, 0.0]
[84, array([0.5152, 0.035 ]), array([0.51515714, 0.03469524]), 0.7854, 0.0]
[84, array([0.5152, 0.035 ]), array([0.51530476, 0.03469524]), 0.7854, 1.0]
[84, array([0.5152, 0.035 ]), array([0.51545238, 0.03469524]), 0.7854, 1.0]
[84, array([0.5152, 0.035 ]), array([0.5156    , 0.03469524]), 0.7854, 1.0]
[84, array([0.5152, 0.035 ]), array([0.5125    , 0.03484286]), 0.7854, 0.0]
[84, array([0.5152, 0.035 ]), array([0.51264762, 0.03484286]), 0.7854, 0.0]
[84, array([0.5152, 0.035 ]), array([0.51279524, 0.03484286]), 0.7854, 0.0]
[84, array([0.5152, 0.035 ]), array([0.51294286, 0.03484286]), 0.7854, 0.0]
[84, array([0.5152, 0.035 ]), array([0.51309048, 0.03484286]), 0.7854, 0.0]
[84, array([0.5152, 0.035 ]), array([0.5132381 , 0.03484286]), 0.7854, 1.0]
[84, array([0.5152, 0.035 ]), array([0.51338571, 0.03484286]), 0.7854, 1.0]
[84, array([0.5152, 0.035 ]), array([0.51353333, 0.03484286]), 0.7854, 0.0]
[84, array([0.5152, 0.035 ]), array([0.51368095, 0.03484286]), 0.7854, 0.0]
[84, array([0.5152, 0.035 ]), array([0.51382857, 0.03484286]), 0.7854, 1.0]
[84, array([0.5152, 0.035 ]), array([0.51397619, 0.03484286]), 0.7854, 1.0]
[84, array([0.5152, 0.035 ]), array([0.51412381, 0.03484286]), 0.7854, 1.0]
[84, array([0.5152, 0.035 ]), array([0.51427143, 0.03484286]), 0.7854, 0.0]
[84, array([0.5152, 0.035 ]), array([0.51441905, 0.03484286]), 0.7854, 0.0]
[84, array([0.5152, 0.035 ]), array([0.51456667, 0.03484286]), 0.7854, 0.0]
[84, array([0.5152, 0.035 ]), array([0.51471429, 0.03484286]), 0.7854, 0.0]
[84, array([0.5152, 0.035 ]), array([0.5148619 , 0.03484286]), 0.7854, 0.0]
[84, array([0.5152, 0.035 ]), array([0.51500952, 0.03484286]), 0.7854, 1.0]
[84, array([0.5152, 0.035 ]), array([0.51515714, 0.03484286]), 0.7854, 1.0]
[84, array([0.5152, 0.035 ]), array([0.51530476, 0.03484286]), 0.7854, 1.0]
[84, array([0.5152, 0.035 ]), array([0.51545238, 0.03484286]), 0.7854, 1.0]
[84, array([0.5152, 0.035 ]), array([0.5156    , 0.03484286]), 0.7854, 1.0]
[84, array([0.5152, 0.035 ]), array([0.5125    , 0.03499048]), 0.7854, 0.0]
[84, array([0.5152, 0.035 ]), array([0.51264762, 0.03499048]), 0.7854, 0.0]
[84, array([0.5152, 0.035 ]), array([0.51279524, 0.03499048]), 0.7854, 0.0]
[84, array([0.5152, 0.035 ]), array([0.51294286, 0.03499048]), 0.7854, 0.0]
[84, array([0.5152, 0.035 ]), array([0.51309048, 0.03499048]), 0.7854, 1.0]
[84, array([0.5152, 0.035 ]), array([0.5132381 , 0.03499048]), 0.7854, 1.0]
[84, array([0.5152, 0.035 ]), array([0.51338571, 0.03499048]), 0.7854, 0.0]
[84, array([0.5152, 0.035 ]), array([0.51353333, 0.03499048]), 0.7854, 0.0]
[84, array([0.5152, 0.035 ]), array([0.51368095, 0.03499048]), 0.7854, 0.0]
[84, array([0.5152, 0.035 ]), array([0.51382857, 0.03499048]), 0.7854, 0.0]
[84, array([0.5152, 0.035 ]), array([0.51397619, 0.03499048]), 0.7854, 0.0]
[84, array([0.5152, 0.035 ]), array([0.51412381, 0.03499048]), 0.7854, 0.0]
[84, array([0.5152, 0.035 ]), array([0.51427143, 0.03499048]), 0.7854, 0.0]
[84, array([0.5152, 0.035 ]), array([0.51441905, 0.03499048]), 0.7854, 0.0]
[84, array([0.5152, 0.035 ]), array([0.51456667, 0.03499048]), 0.7854, 0.0]
[84, array([0.5152, 0.035 ]), array([0.51471429, 0.03499048]), 0.7854, 0.0]
[84, array([0.5152, 0.035 ]), array([0.5148619 , 0.03499048]), 0.7854, 1.0]
[84, array([0.5152, 0.035 ]), array([0.51500952, 0.03499048]), 0.7854, 1.0]
[84, array([0.5152, 0.035 ]), array([0.51515714, 0.03499048]), 0.7854, 1.0]
[84, array([0.5152, 0.035 ]), array([0.51530476, 0.03499048]), 0.7854, 1.0]
[84, array([0.5152, 0.035 ]), array([0.51545238, 0.03499048]), 0.7854, 1.0]
[84, array([0.5152, 0.035 ]), array([0.5156    , 0.03499048]), 0.7854, 1.0]
[84, array([0.5152, 0.035 ]), array([0.5125   , 0.0351381]), 0.7854, 0.0]
[84, array([0.5152, 0.035 ]), array([0.51264762, 0.0351381 ]), 0.7854, 0.0]
[84, array([0.5152, 0.035 ]), array([0.51279524, 0.0351381 ]), 0.7854, 1.0]
[84, array([0.5152, 0.035 ]), array([0.51294286, 0.0351381 ]), 0.7854, 1.0]
[84, array([0.5152, 0.035 ]), array([0.51309048, 0.0351381 ]), 0.7854, 1.0]
[84, array([0.5152, 0.035 ]), array([0.5132381, 0.0351381]), 0.7854, 0.0]
[84, array([0.5152, 0.035 ]), array([0.51338571, 0.0351381 ]), 0.7854, 0.0]
[84, array([0.5152, 0.035 ]), array([0.51353333, 0.0351381 ]), 0.7854, 0.0]
[84, array([0.5152, 0.035 ]), array([0.51368095, 0.0351381 ]), 0.7854, 0.0]
[84, array([0.5152, 0.035 ]), array([0.51382857, 0.0351381 ]), 0.7854, 0.0]
[84, array([0.5152, 0.035 ]), array([0.51397619, 0.0351381 ]), 0.7854, 0.0]
[84, array([0.5152, 0.035 ]), array([0.51412381, 0.0351381 ]), 0.7854, 0.0]
[84, array([0.5152, 0.035 ]), array([0.51427143, 0.0351381 ]), 0.7854, 0.0]
[84, array([0.5152, 0.035 ]), array([0.51441905, 0.0351381 ]), 0.7854, 0.0]
[84, array([0.5152, 0.035 ]), array([0.51456667, 0.0351381 ]), 0.7854, 1.0]
[84, array([0.5152, 0.035 ]), array([0.51471429, 0.0351381 ]), 0.7854, 1.0]
[84, array([0.5152, 0.035 ]), array([0.5148619, 0.0351381]), 0.7854, 1.0]
[84, array([0.5152, 0.035 ]), array([0.51500952, 0.0351381 ]), 0.7854, 1.0]
[84, array([0.5152, 0.035 ]), array([0.51515714, 0.0351381 ]), 0.7854, 1.0]
[84, array([0.5152, 0.035 ]), array([0.51530476, 0.0351381 ]), 0.7854, 1.0]
[84, array([0.5152, 0.035 ]), array([0.51545238, 0.0351381 ]), 0.7854, 1.0]
[84, array([0.5152, 0.035 ]), array([0.5156   , 0.0351381]), 0.7854, 1.0]
[84, array([0.5152, 0.035 ]), array([0.5125    , 0.03528571]), 0.7854, 0.0]
[84, array([0.5152, 0.035 ]), array([0.51264762, 0.03528571]), 0.7854, 1.0]
[84, array([0.5152, 0.035 ]), array([0.51279524, 0.03528571]), 0.7854, 1.0]
[84, array([0.5152, 0.035 ]), array([0.51294286, 0.03528571]), 0.7854, 1.0]
[84, array([0.5152, 0.035 ]), array([0.51309048, 0.03528571]), 0.7854, 0.0]
[84, array([0.5152, 0.035 ]), array([0.5132381 , 0.03528571]), 0.7854, 0.0]
[84, array([0.5152, 0.035 ]), array([0.51338571, 0.03528571]), 0.7854, 0.0]
[84, array([0.5152, 0.035 ]), array([0.51353333, 0.03528571]), 0.7854, 0.0]
[84, array([0.5152, 0.035 ]), array([0.51368095, 0.03528571]), 0.7854, 0.0]
[84, array([0.5152, 0.035 ]), array([0.51382857, 0.03528571]), 0.7854, 0.0]
[84, array([0.5152, 0.035 ]), array([0.51397619, 0.03528571]), 0.7854, 0.0]
[84, array([0.5152, 0.035 ]), array([0.51412381, 0.03528571]), 0.7854, 0.0]
[84, array([0.5152, 0.035 ]), array([0.51427143, 0.03528571]), 0.7854, 0.0]
[84, array([0.5152, 0.035 ]), array([0.51441905, 0.03528571]), 0.7854, 0.0]
[84, array([0.5152, 0.035 ]), array([0.51456667, 0.03528571]), 0.7854, 1.0]
[84, array([0.5152, 0.035 ]), array([0.51471429, 0.03528571]), 0.7854, 1.0]
[84, array([0.5152, 0.035 ]), array([0.5148619 , 0.03528571]), 0.7854, 1.0]
[84, array([0.5152, 0.035 ]), array([0.51500952, 0.03528571]), 0.7854, 1.0]
[84, array([0.5152, 0.035 ]), array([0.51515714, 0.03528571]), 0.7854, 1.0]
[84, array([0.5152, 0.035 ]), array([0.51530476, 0.03528571]), 0.7854, 0.0]
[84, array([0.5152, 0.035 ]), array([0.51545238, 0.03528571]), 0.7854, 1.0]
[84, array([0.5152, 0.035 ]), array([0.5156    , 0.03528571]), 0.7854, 1.0]
[84, array([0.5152, 0.035 ]), array([0.5125    , 0.03543333]), 0.7854, 1.0]
[84, array([0.5152, 0.035 ]), array([0.51264762, 0.03543333]), 0.7854, 1.0]
[84, array([0.5152, 0.035 ]), array([0.51279524, 0.03543333]), 0.7854, 1.0]
[84, array([0.5152, 0.035 ]), array([0.51294286, 0.03543333]), 0.7854, 0.0]
[84, array([0.5152, 0.035 ]), array([0.51309048, 0.03543333]), 0.7854, 0.0]
[84, array([0.5152, 0.035 ]), array([0.5132381 , 0.03543333]), 0.7854, 0.0]
[84, array([0.5152, 0.035 ]), array([0.51338571, 0.03543333]), 0.7854, 0.0]
[84, array([0.5152, 0.035 ]), array([0.51353333, 0.03543333]), 0.7854, 0.0]
[84, array([0.5152, 0.035 ]), array([0.51368095, 0.03543333]), 0.7854, 0.0]
[84, array([0.5152, 0.035 ]), array([0.51382857, 0.03543333]), 0.7854, 0.0]
[84, array([0.5152, 0.035 ]), array([0.51397619, 0.03543333]), 0.7854, 0.0]
[84, array([0.5152, 0.035 ]), array([0.51412381, 0.03543333]), 0.7854, 0.0]
[84, array([0.5152, 0.035 ]), array([0.51427143, 0.03543333]), 0.7854, 0.0]
[84, array([0.5152, 0.035 ]), array([0.51441905, 0.03543333]), 0.7854, 1.0]
[84, array([0.5152, 0.035 ]), array([0.51456667, 0.03543333]), 0.7854, 1.0]
[84, array([0.5152, 0.035 ]), array([0.51471429, 0.03543333]), 0.7854, 1.0]
[84, array([0.5152, 0.035 ]), array([0.5148619 , 0.03543333]), 0.7854, 1.0]
[84, array([0.5152, 0.035 ]), array([0.51500952, 0.03543333]), 0.7854, 1.0]
[84, array([0.5152, 0.035 ]), array([0.51515714, 0.03543333]), 0.7854, 0.0]
[84, array([0.5152, 0.035 ]), array([0.51530476, 0.03543333]), 0.7854, 0.0]
[84, array([0.5152, 0.035 ]), array([0.51545238, 0.03543333]), 0.7854, 0.0]
[84, array([0.5152, 0.035 ]), array([0.5156    , 0.03543333]), 0.7854, 1.0]
[84, array([0.5152, 0.035 ]), array([0.5125    , 0.03558095]), 0.7854, 1.0]
[84, array([0.5152, 0.035 ]), array([0.51264762, 0.03558095]), 0.7854, 1.0]
[84, array([0.5152, 0.035 ]), array([0.51279524, 0.03558095]), 0.7854, 0.0]
[84, array([0.5152, 0.035 ]), array([0.51294286, 0.03558095]), 0.7854, 0.0]
[84, array([0.5152, 0.035 ]), array([0.51309048, 0.03558095]), 0.7854, 0.0]
[84, array([0.5152, 0.035 ]), array([0.5132381 , 0.03558095]), 0.7854, 0.0]
[84, array([0.5152, 0.035 ]), array([0.51338571, 0.03558095]), 0.7854, 0.0]
[84, array([0.5152, 0.035 ]), array([0.51353333, 0.03558095]), 0.7854, 1.0]
[84, array([0.5152, 0.035 ]), array([0.51368095, 0.03558095]), 0.7854, 1.0]
[84, array([0.5152, 0.035 ]), array([0.51382857, 0.03558095]), 0.7854, 0.0]
[84, array([0.5152, 0.035 ]), array([0.51397619, 0.03558095]), 0.7854, 0.0]
[84, array([0.5152, 0.035 ]), array([0.51412381, 0.03558095]), 0.7854, 1.0]
[84, array([0.5152, 0.035 ]), array([0.51427143, 0.03558095]), 0.7854, 1.0]
[84, array([0.5152, 0.035 ]), array([0.51441905, 0.03558095]), 0.7854, 1.0]
[84, array([0.5152, 0.035 ]), array([0.51456667, 0.03558095]), 0.7854, 1.0]
[84, array([0.5152, 0.035 ]), array([0.51471429, 0.03558095]), 0.7854, 1.0]
[84, array([0.5152, 0.035 ]), array([0.5148619 , 0.03558095]), 0.7854, 1.0]
[84, array([0.5152, 0.035 ]), array([0.51500952, 0.03558095]), 0.7854, 0.0]
[84, array([0.5152, 0.035 ]), array([0.51515714, 0.03558095]), 0.7854, 0.0]
[84, array([0.5152, 0.035 ]), array([0.51530476, 0.03558095]), 0.7854, 0.0]
[84, array([0.5152, 0.035 ]), array([0.51545238, 0.03558095]), 0.7854, 0.0]
[84, array([0.5152, 0.035 ]), array([0.5156    , 0.03558095]), 0.7854, 0.0]
[84, array([0.5152, 0.035 ]), array([0.5125    , 0.03572857]), 0.7854, 1.0]
[84, array([0.5152, 0.035 ]), array([0.51264762, 0.03572857]), 0.7854, 0.0]
[84, array([0.5152, 0.035 ]), array([0.51279524, 0.03572857]), 0.7854, 0.0]
[84, array([0.5152, 0.035 ]), array([0.51294286, 0.03572857]), 0.7854, 0.0]
[84, array([0.5152, 0.035 ]), array([0.51309048, 0.03572857]), 0.7854, 0.0]
[84, array([0.5152, 0.035 ]), array([0.5132381 , 0.03572857]), 0.7854, 1.0]
[84, array([0.5152, 0.035 ]), array([0.51338571, 0.03572857]), 0.7854, 1.0]
[84, array([0.5152, 0.035 ]), array([0.51353333, 0.03572857]), 0.7854, 1.0]
[84, array([0.5152, 0.035 ]), array([0.51368095, 0.03572857]), 0.7854, 1.0]
[84, array([0.5152, 0.035 ]), array([0.51382857, 0.03572857]), 0.7854, 1.0]
[84, array([0.5152, 0.035 ]), array([0.51397619, 0.03572857]), 0.7854, 1.0]
[84, array([0.5152, 0.035 ]), array([0.51412381, 0.03572857]), 0.7854, 1.0]
[84, array([0.5152, 0.035 ]), array([0.51427143, 0.03572857]), 0.7854, 1.0]
[84, array([0.5152, 0.035 ]), array([0.51441905, 0.03572857]), 0.7854, 1.0]
[84, array([0.5152, 0.035 ]), array([0.51456667, 0.03572857]), 0.7854, 1.0]
[84, array([0.5152, 0.035 ]), array([0.51471429, 0.03572857]), 0.7854, 1.0]
[84, array([0.5152, 0.035 ]), array([0.5148619 , 0.03572857]), 0.7854, 1.0]
[84, array([0.5152, 0.035 ]), array([0.51500952, 0.03572857]), 0.7854, 1.0]
[84, array([0.5152, 0.035 ]), array([0.51515714, 0.03572857]), 0.7854, 1.0]
[84, array([0.5152, 0.035 ]), array([0.51530476, 0.03572857]), 0.7854, 0.0]
[84, array([0.5152, 0.035 ]), array([0.51545238, 0.03572857]), 0.7854, 0.0]
[84, array([0.5152, 0.035 ]), array([0.5156    , 0.03572857]), 0.7854, 1.0]
[84, array([0.5152, 0.035 ]), array([0.5125    , 0.03587619]), 0.7854, 0.0]
[84, array([0.5152, 0.035 ]), array([0.51264762, 0.03587619]), 0.7854, 0.0]
[84, array([0.5152, 0.035 ]), array([0.51279524, 0.03587619]), 0.7854, 0.0]
[84, array([0.5152, 0.035 ]), array([0.51294286, 0.03587619]), 0.7854, 0.0]
[84, array([0.5152, 0.035 ]), array([0.51309048, 0.03587619]), 0.7854, 0.0]
[84, array([0.5152, 0.035 ]), array([0.5132381 , 0.03587619]), 0.7854, 0.0]
[84, array([0.5152, 0.035 ]), array([0.51338571, 0.03587619]), 0.7854, 1.0]
[84, array([0.5152, 0.035 ]), array([0.51353333, 0.03587619]), 0.7854, 1.0]
[84, array([0.5152, 0.035 ]), array([0.51368095, 0.03587619]), 0.7854, 1.0]
[84, array([0.5152, 0.035 ]), array([0.51382857, 0.03587619]), 0.7854, 1.0]
[84, array([0.5152, 0.035 ]), array([0.51397619, 0.03587619]), 0.7854, 1.0]
[84, array([0.5152, 0.035 ]), array([0.51412381, 0.03587619]), 0.7854, 1.0]
[84, array([0.5152, 0.035 ]), array([0.51427143, 0.03587619]), 0.7854, 1.0]
[84, array([0.5152, 0.035 ]), array([0.51441905, 0.03587619]), 0.7854, 1.0]
[84, array([0.5152, 0.035 ]), array([0.51456667, 0.03587619]), 0.7854, 1.0]
[84, array([0.5152, 0.035 ]), array([0.51471429, 0.03587619]), 0.7854, 1.0]
[84, array([0.5152, 0.035 ]), array([0.5148619 , 0.03587619]), 0.7854, 0.0]
[84, array([0.5152, 0.035 ]), array([0.51500952, 0.03587619]), 0.7854, 1.0]
[84, array([0.5152, 0.035 ]), array([0.51515714, 0.03587619]), 0.7854, 0.0]
[84, array([0.5152, 0.035 ]), array([0.51530476, 0.03587619]), 0.7854, 1.0]
[84, array([0.5152, 0.035 ]), array([0.51545238, 0.03587619]), 0.7854, 0.0]
[84, array([0.5152, 0.035 ]), array([0.5156    , 0.03587619]), 0.7854, 1.0]
[84, array([0.5152, 0.035 ]), array([0.5125    , 0.03602381]), 0.7854, 0.0]
[84, array([0.5152, 0.035 ]), array([0.51264762, 0.03602381]), 0.7854, 0.0]
[84, array([0.5152, 0.035 ]), array([0.51279524, 0.03602381]), 0.7854, 0.0]
[84, array([0.5152, 0.035 ]), array([0.51294286, 0.03602381]), 0.7854, 0.0]
[84, array([0.5152, 0.035 ]), array([0.51309048, 0.03602381]), 0.7854, 1.0]
[84, array([0.5152, 0.035 ]), array([0.5132381 , 0.03602381]), 0.7854, 0.0]
[84, array([0.5152, 0.035 ]), array([0.51338571, 0.03602381]), 0.7854, 1.0]
[84, array([0.5152, 0.035 ]), array([0.51353333, 0.03602381]), 0.7854, 1.0]
[84, array([0.5152, 0.035 ]), array([0.51368095, 0.03602381]), 0.7854, 1.0]
[84, array([0.5152, 0.035 ]), array([0.51382857, 0.03602381]), 0.7854, 1.0]
[84, array([0.5152, 0.035 ]), array([0.51397619, 0.03602381]), 0.7854, 1.0]
[84, array([0.5152, 0.035 ]), array([0.51412381, 0.03602381]), 0.7854, 1.0]
[84, array([0.5152, 0.035 ]), array([0.51427143, 0.03602381]), 0.7854, 1.0]
[84, array([0.5152, 0.035 ]), array([0.51441905, 0.03602381]), 0.7854, 1.0]
[84, array([0.5152, 0.035 ]), array([0.51456667, 0.03602381]), 0.7854, 1.0]
[84, array([0.5152, 0.035 ]), array([0.51471429, 0.03602381]), 0.7854, 1.0]
[84, array([0.5152, 0.035 ]), array([0.5148619 , 0.03602381]), 0.7854, 1.0]
[84, array([0.5152, 0.035 ]), array([0.51500952, 0.03602381]), 0.7854, 0.0]
[84, array([0.5152, 0.035 ]), array([0.51515714, 0.03602381]), 0.7854, 1.0]
[84, array([0.5152, 0.035 ]), array([0.51530476, 0.03602381]), 0.7854, 0.0]
[84, array([0.5152, 0.035 ]), array([0.51545238, 0.03602381]), 0.7854, 0.0]
[84, array([0.5152, 0.035 ]), array([0.5156    , 0.03602381]), 0.7854, 1.0]
[84, array([0.5152, 0.035 ]), array([0.5125    , 0.03617143]), 0.7854, 0.0]
[84, array([0.5152, 0.035 ]), array([0.51264762, 0.03617143]), 0.7854, 1.0]
[84, array([0.5152, 0.035 ]), array([0.51279524, 0.03617143]), 0.7854, 1.0]
[84, array([0.5152, 0.035 ]), array([0.51294286, 0.03617143]), 0.7854, 1.0]
[84, array([0.5152, 0.035 ]), array([0.51309048, 0.03617143]), 0.7854, 0.0]
[84, array([0.5152, 0.035 ]), array([0.5132381 , 0.03617143]), 0.7854, 1.0]
[84, array([0.5152, 0.035 ]), array([0.51338571, 0.03617143]), 0.7854, 1.0]
[84, array([0.5152, 0.035 ]), array([0.51353333, 0.03617143]), 0.7854, 1.0]
[84, array([0.5152, 0.035 ]), array([0.51368095, 0.03617143]), 0.7854, 1.0]
[84, array([0.5152, 0.035 ]), array([0.51382857, 0.03617143]), 0.7854, 1.0]
[84, array([0.5152, 0.035 ]), array([0.51397619, 0.03617143]), 0.7854, 1.0]
[84, array([0.5152, 0.035 ]), array([0.51412381, 0.03617143]), 0.7854, 1.0]
[84, array([0.5152, 0.035 ]), array([0.51427143, 0.03617143]), 0.7854, 1.0]
[84, array([0.5152, 0.035 ]), array([0.51441905, 0.03617143]), 0.7854, 1.0]
[84, array([0.5152, 0.035 ]), array([0.51456667, 0.03617143]), 0.7854, 1.0]
[84, array([0.5152, 0.035 ]), array([0.51471429, 0.03617143]), 0.7854, 1.0]
[84, array([0.5152, 0.035 ]), array([0.5148619 , 0.03617143]), 0.7854, 1.0]
[84, array([0.5152, 0.035 ]), array([0.51500952, 0.03617143]), 0.7854, 1.0]
[84, array([0.5152, 0.035 ]), array([0.51515714, 0.03617143]), 0.7854, 0.0]
[84, array([0.5152, 0.035 ]), array([0.51530476, 0.03617143]), 0.7854, 0.0]
[84, array([0.5152, 0.035 ]), array([0.51545238, 0.03617143]), 0.7854, 0.0]
[84, array([0.5152, 0.035 ]), array([0.5156    , 0.03617143]), 0.7854, 1.0]
[84, array([0.5152, 0.035 ]), array([0.5125    , 0.03631905]), 0.7854, 1.0]
[84, array([0.5152, 0.035 ]), array([0.51264762, 0.03631905]), 0.7854, 1.0]
[84, array([0.5152, 0.035 ]), array([0.51279524, 0.03631905]), 0.7854, 1.0]
[84, array([0.5152, 0.035 ]), array([0.51294286, 0.03631905]), 0.7854, 1.0]
[84, array([0.5152, 0.035 ]), array([0.51309048, 0.03631905]), 0.7854, 1.0]
[84, array([0.5152, 0.035 ]), array([0.5132381 , 0.03631905]), 0.7854, 1.0]
[84, array([0.5152, 0.035 ]), array([0.51338571, 0.03631905]), 0.7854, 1.0]
[84, array([0.5152, 0.035 ]), array([0.51353333, 0.03631905]), 0.7854, 1.0]
[84, array([0.5152, 0.035 ]), array([0.51368095, 0.03631905]), 0.7854, 1.0]
[84, array([0.5152, 0.035 ]), array([0.51382857, 0.03631905]), 0.7854, 1.0]
[84, array([0.5152, 0.035 ]), array([0.51397619, 0.03631905]), 0.7854, 1.0]
[84, array([0.5152, 0.035 ]), array([0.51412381, 0.03631905]), 0.7854, 1.0]
[84, array([0.5152, 0.035 ]), array([0.51427143, 0.03631905]), 0.7854, 1.0]
[84, array([0.5152, 0.035 ]), array([0.51441905, 0.03631905]), 0.7854, 1.0]
[84, array([0.5152, 0.035 ]), array([0.51456667, 0.03631905]), 0.7854, 1.0]
[84, array([0.5152, 0.035 ]), array([0.51471429, 0.03631905]), 0.7854, 1.0]
[84, array([0.5152, 0.035 ]), array([0.5148619 , 0.03631905]), 0.7854, 1.0]
[84, array([0.5152, 0.035 ]), array([0.51500952, 0.03631905]), 0.7854, 0.0]
[84, array([0.5152, 0.035 ]), array([0.51515714, 0.03631905]), 0.7854, 0.0]
[84, array([0.5152, 0.035 ]), array([0.51530476, 0.03631905]), 0.7854, 0.0]
[84, array([0.5152, 0.035 ]), array([0.51545238, 0.03631905]), 0.7854, 1.0]
[84, array([0.5152, 0.035 ]), array([0.5156    , 0.03631905]), 0.7854, 1.0]
[84, array([0.5152, 0.035 ]), array([0.5125    , 0.03646667]), 0.7854, 1.0]
[84, array([0.5152, 0.035 ]), array([0.51264762, 0.03646667]), 0.7854, 1.0]
[84, array([0.5152, 0.035 ]), array([0.51279524, 0.03646667]), 0.7854, 1.0]
[84, array([0.5152, 0.035 ]), array([0.51294286, 0.03646667]), 0.7854, 1.0]
[84, array([0.5152, 0.035 ]), array([0.51309048, 0.03646667]), 0.7854, 1.0]
[84, array([0.5152, 0.035 ]), array([0.5132381 , 0.03646667]), 0.7854, 1.0]
[84, array([0.5152, 0.035 ]), array([0.51338571, 0.03646667]), 0.7854, 1.0]
[84, array([0.5152, 0.035 ]), array([0.51353333, 0.03646667]), 0.7854, 1.0]
[84, array([0.5152, 0.035 ]), array([0.51368095, 0.03646667]), 0.7854, 1.0]
[84, array([0.5152, 0.035 ]), array([0.51382857, 0.03646667]), 0.7854, 1.0]
[84, array([0.5152, 0.035 ]), array([0.51397619, 0.03646667]), 0.7854, 1.0]
[84, array([0.5152, 0.035 ]), array([0.51412381, 0.03646667]), 0.7854, 1.0]
[84, array([0.5152, 0.035 ]), array([0.51427143, 0.03646667]), 0.7854, 1.0]
[84, array([0.5152, 0.035 ]), array([0.51441905, 0.03646667]), 0.7854, 1.0]
[84, array([0.5152, 0.035 ]), array([0.51456667, 0.03646667]), 0.7854, 1.0]
[84, array([0.5152, 0.035 ]), array([0.51471429, 0.03646667]), 0.7854, 0.0]
[84, array([0.5152, 0.035 ]), array([0.5148619 , 0.03646667]), 0.7854, 0.0]
[84, array([0.5152, 0.035 ]), array([0.51500952, 0.03646667]), 0.7854, 0.0]
[84, array([0.5152, 0.035 ]), array([0.51515714, 0.03646667]), 0.7854, 0.0]
[84, array([0.5152, 0.035 ]), array([0.51530476, 0.03646667]), 0.7854, 1.0]
[84, array([0.5152, 0.035 ]), array([0.51545238, 0.03646667]), 0.7854, 1.0]
[84, array([0.5152, 0.035 ]), array([0.5156    , 0.03646667]), 0.7854, 1.0]
[84, array([0.5152, 0.035 ]), array([0.5125    , 0.03661429]), 0.7854, 1.0]
[84, array([0.5152, 0.035 ]), array([0.51264762, 0.03661429]), 0.7854, 1.0]
[84, array([0.5152, 0.035 ]), array([0.51279524, 0.03661429]), 0.7854, 1.0]
[84, array([0.5152, 0.035 ]), array([0.51294286, 0.03661429]), 0.7854, 1.0]
[84, array([0.5152, 0.035 ]), array([0.51309048, 0.03661429]), 0.7854, 1.0]
[84, array([0.5152, 0.035 ]), array([0.5132381 , 0.03661429]), 0.7854, 1.0]
[84, array([0.5152, 0.035 ]), array([0.51338571, 0.03661429]), 0.7854, 1.0]
[84, array([0.5152, 0.035 ]), array([0.51353333, 0.03661429]), 0.7854, 1.0]
[84, array([0.5152, 0.035 ]), array([0.51368095, 0.03661429]), 0.7854, 1.0]
[84, array([0.5152, 0.035 ]), array([0.51382857, 0.03661429]), 0.7854, 1.0]
[84, array([0.5152, 0.035 ]), array([0.51397619, 0.03661429]), 0.7854, 1.0]
[84, array([0.5152, 0.035 ]), array([0.51412381, 0.03661429]), 0.7854, 1.0]
[84, array([0.5152, 0.035 ]), array([0.51427143, 0.03661429]), 0.7854, 1.0]
[84, array([0.5152, 0.035 ]), array([0.51441905, 0.03661429]), 0.7854, 1.0]
[84, array([0.5152, 0.035 ]), array([0.51456667, 0.03661429]), 0.7854, 0.0]
[84, array([0.5152, 0.035 ]), array([0.51471429, 0.03661429]), 0.7854, 1.0]
[84, array([0.5152, 0.035 ]), array([0.5148619 , 0.03661429]), 0.7854, 0.0]
[84, array([0.5152, 0.035 ]), array([0.51500952, 0.03661429]), 0.7854, 1.0]
[84, array([0.5152, 0.035 ]), array([0.51515714, 0.03661429]), 0.7854, 1.0]
[84, array([0.5152, 0.035 ]), array([0.51530476, 0.03661429]), 0.7854, 1.0]
[84, array([0.5152, 0.035 ]), array([0.51545238, 0.03661429]), 0.7854, 1.0]
[84, array([0.5152, 0.035 ]), array([0.5156    , 0.03661429]), 0.7854, 1.0]
[84, array([0.5152, 0.035 ]), array([0.5125   , 0.0367619]), 0.7854, 1.0]
[84, array([0.5152, 0.035 ]), array([0.51264762, 0.0367619 ]), 0.7854, 1.0]
[84, array([0.5152, 0.035 ]), array([0.51279524, 0.0367619 ]), 0.7854, 1.0]
[84, array([0.5152, 0.035 ]), array([0.51294286, 0.0367619 ]), 0.7854, 1.0]
[84, array([0.5152, 0.035 ]), array([0.51309048, 0.0367619 ]), 0.7854, 1.0]
[84, array([0.5152, 0.035 ]), array([0.5132381, 0.0367619]), 0.7854, 1.0]
[84, array([0.5152, 0.035 ]), array([0.51338571, 0.0367619 ]), 0.7854, 1.0]
[84, array([0.5152, 0.035 ]), array([0.51353333, 0.0367619 ]), 0.7854, 1.0]
[84, array([0.5152, 0.035 ]), array([0.51368095, 0.0367619 ]), 0.7854, 1.0]
[84, array([0.5152, 0.035 ]), array([0.51382857, 0.0367619 ]), 0.7854, 1.0]
[84, array([0.5152, 0.035 ]), array([0.51397619, 0.0367619 ]), 0.7854, 1.0]
[84, array([0.5152, 0.035 ]), array([0.51412381, 0.0367619 ]), 0.7854, 1.0]
[84, array([0.5152, 0.035 ]), array([0.51427143, 0.0367619 ]), 0.7854, 1.0]
[84, array([0.5152, 0.035 ]), array([0.51441905, 0.0367619 ]), 0.7854, 0.0]
[84, array([0.5152, 0.035 ]), array([0.51456667, 0.0367619 ]), 0.7854, 0.0]
[84, array([0.5152, 0.035 ]), array([0.51471429, 0.0367619 ]), 0.7854, 0.0]
[84, array([0.5152, 0.035 ]), array([0.5148619, 0.0367619]), 0.7854, 1.0]
[84, array([0.5152, 0.035 ]), array([0.51500952, 0.0367619 ]), 0.7854, 1.0]
[84, array([0.5152, 0.035 ]), array([0.51515714, 0.0367619 ]), 0.7854, 1.0]
[84, array([0.5152, 0.035 ]), array([0.51530476, 0.0367619 ]), 0.7854, 1.0]
[84, array([0.5152, 0.035 ]), array([0.51545238, 0.0367619 ]), 0.7854, 1.0]
[84, array([0.5152, 0.035 ]), array([0.5156   , 0.0367619]), 0.7854, 1.0]
[84, array([0.5152, 0.035 ]), array([0.5125    , 0.03690952]), 0.7854, 1.0]
[84, array([0.5152, 0.035 ]), array([0.51264762, 0.03690952]), 0.7854, 1.0]
[84, array([0.5152, 0.035 ]), array([0.51279524, 0.03690952]), 0.7854, 1.0]
[84, array([0.5152, 0.035 ]), array([0.51294286, 0.03690952]), 0.7854, 1.0]
[84, array([0.5152, 0.035 ]), array([0.51309048, 0.03690952]), 0.7854, 1.0]
[84, array([0.5152, 0.035 ]), array([0.5132381 , 0.03690952]), 0.7854, 1.0]
[84, array([0.5152, 0.035 ]), array([0.51338571, 0.03690952]), 0.7854, 1.0]
[84, array([0.5152, 0.035 ]), array([0.51353333, 0.03690952]), 0.7854, 1.0]
[84, array([0.5152, 0.035 ]), array([0.51368095, 0.03690952]), 0.7854, 1.0]
[84, array([0.5152, 0.035 ]), array([0.51382857, 0.03690952]), 0.7854, 1.0]
[84, array([0.5152, 0.035 ]), array([0.51397619, 0.03690952]), 0.7854, 1.0]
[84, array([0.5152, 0.035 ]), array([0.51412381, 0.03690952]), 0.7854, 1.0]
[84, array([0.5152, 0.035 ]), array([0.51427143, 0.03690952]), 0.7854, 0.0]
[84, array([0.5152, 0.035 ]), array([0.51441905, 0.03690952]), 0.7854, 0.0]
[84, array([0.5152, 0.035 ]), array([0.51456667, 0.03690952]), 0.7854, 0.0]
[84, array([0.5152, 0.035 ]), array([0.51471429, 0.03690952]), 0.7854, 1.0]
[84, array([0.5152, 0.035 ]), array([0.5148619 , 0.03690952]), 0.7854, 1.0]
[84, array([0.5152, 0.035 ]), array([0.51500952, 0.03690952]), 0.7854, 1.0]
[84, array([0.5152, 0.035 ]), array([0.51515714, 0.03690952]), 0.7854, 1.0]
[84, array([0.5152, 0.035 ]), array([0.51530476, 0.03690952]), 0.7854, 1.0]
[84, array([0.5152, 0.035 ]), array([0.51545238, 0.03690952]), 0.7854, 1.0]
[84, array([0.5152, 0.035 ]), array([0.5156    , 0.03690952]), 0.7854, 1.0]
[84, array([0.5152, 0.035 ]), array([0.5125    , 0.03705714]), 0.7854, 1.0]
[84, array([0.5152, 0.035 ]), array([0.51264762, 0.03705714]), 0.7854, 1.0]
[84, array([0.5152, 0.035 ]), array([0.51279524, 0.03705714]), 0.7854, 1.0]
[84, array([0.5152, 0.035 ]), array([0.51294286, 0.03705714]), 0.7854, 1.0]
[84, array([0.5152, 0.035 ]), array([0.51309048, 0.03705714]), 0.7854, 1.0]
[84, array([0.5152, 0.035 ]), array([0.5132381 , 0.03705714]), 0.7854, 1.0]
[84, array([0.5152, 0.035 ]), array([0.51338571, 0.03705714]), 0.7854, 1.0]
[84, array([0.5152, 0.035 ]), array([0.51353333, 0.03705714]), 0.7854, 0.0]
[84, array([0.5152, 0.035 ]), array([0.51368095, 0.03705714]), 0.7854, 0.0]
[84, array([0.5152, 0.035 ]), array([0.51382857, 0.03705714]), 0.7854, 1.0]
[84, array([0.5152, 0.035 ]), array([0.51397619, 0.03705714]), 0.7854, 1.0]
[84, array([0.5152, 0.035 ]), array([0.51412381, 0.03705714]), 0.7854, 0.0]
[84, array([0.5152, 0.035 ]), array([0.51427143, 0.03705714]), 0.7854, 0.0]
[84, array([0.5152, 0.035 ]), array([0.51441905, 0.03705714]), 0.7854, 0.0]
[84, array([0.5152, 0.035 ]), array([0.51456667, 0.03705714]), 0.7854, 1.0]
[84, array([0.5152, 0.035 ]), array([0.51471429, 0.03705714]), 0.7854, 1.0]
[84, array([0.5152, 0.035 ]), array([0.5148619 , 0.03705714]), 0.7854, 1.0]
[84, array([0.5152, 0.035 ]), array([0.51500952, 0.03705714]), 0.7854, 1.0]
[84, array([0.5152, 0.035 ]), array([0.51515714, 0.03705714]), 0.7854, 1.0]
[84, array([0.5152, 0.035 ]), array([0.51530476, 0.03705714]), 0.7854, 1.0]
[84, array([0.5152, 0.035 ]), array([0.51545238, 0.03705714]), 0.7854, 1.0]
[84, array([0.5152, 0.035 ]), array([0.5156    , 0.03705714]), 0.7854, 1.0]
[84, array([0.5152, 0.035 ]), array([0.5125    , 0.03720476]), 0.7854, 1.0]
[84, array([0.5152, 0.035 ]), array([0.51264762, 0.03720476]), 0.7854, 1.0]
[84, array([0.5152, 0.035 ]), array([0.51279524, 0.03720476]), 0.7854, 1.0]
[84, array([0.5152, 0.035 ]), array([0.51294286, 0.03720476]), 0.7854, 1.0]
[84, array([0.5152, 0.035 ]), array([0.51309048, 0.03720476]), 0.7854, 1.0]
[84, array([0.5152, 0.035 ]), array([0.5132381 , 0.03720476]), 0.7854, 1.0]
[84, array([0.5152, 0.035 ]), array([0.51338571, 0.03720476]), 0.7854, 1.0]
[84, array([0.5152, 0.035 ]), array([0.51353333, 0.03720476]), 0.7854, 1.0]
[84, array([0.5152, 0.035 ]), array([0.51368095, 0.03720476]), 0.7854, 1.0]
[84, array([0.5152, 0.035 ]), array([0.51382857, 0.03720476]), 0.7854, 1.0]
[84, array([0.5152, 0.035 ]), array([0.51397619, 0.03720476]), 0.7854, 1.0]
[84, array([0.5152, 0.035 ]), array([0.51412381, 0.03720476]), 0.7854, 1.0]
[84, array([0.5152, 0.035 ]), array([0.51427143, 0.03720476]), 0.7854, 0.0]
[84, array([0.5152, 0.035 ]), array([0.51441905, 0.03720476]), 0.7854, 0.0]
[84, array([0.5152, 0.035 ]), array([0.51456667, 0.03720476]), 0.7854, 1.0]
[84, array([0.5152, 0.035 ]), array([0.51471429, 0.03720476]), 0.7854, 1.0]
[84, array([0.5152, 0.035 ]), array([0.5148619 , 0.03720476]), 0.7854, 1.0]
[84, array([0.5152, 0.035 ]), array([0.51500952, 0.03720476]), 0.7854, 1.0]
[84, array([0.5152, 0.035 ]), array([0.51515714, 0.03720476]), 0.7854, 1.0]
[84, array([0.5152, 0.035 ]), array([0.51530476, 0.03720476]), 0.7854, 1.0]
[84, array([0.5152, 0.035 ]), array([0.51545238, 0.03720476]), 0.7854, 1.0]
[84, array([0.5152, 0.035 ]), array([0.5156    , 0.03720476]), 0.7854, 1.0]
[84, array([0.5152, 0.035 ]), array([0.5125    , 0.03735238]), 0.7854, 1.0]
[84, array([0.5152, 0.035 ]), array([0.51264762, 0.03735238]), 0.7854, 1.0]
[84, array([0.5152, 0.035 ]), array([0.51279524, 0.03735238]), 0.7854, 1.0]
[84, array([0.5152, 0.035 ]), array([0.51294286, 0.03735238]), 0.7854, 1.0]
[84, array([0.5152, 0.035 ]), array([0.51309048, 0.03735238]), 0.7854, 1.0]
[84, array([0.5152, 0.035 ]), array([0.5132381 , 0.03735238]), 0.7854, 1.0]
[84, array([0.5152, 0.035 ]), array([0.51338571, 0.03735238]), 0.7854, 0.0]
[84, array([0.5152, 0.035 ]), array([0.51353333, 0.03735238]), 0.7854, 0.0]
[84, array([0.5152, 0.035 ]), array([0.51368095, 0.03735238]), 0.7854, 1.0]
[84, array([0.5152, 0.035 ]), array([0.51382857, 0.03735238]), 0.7854, 0.0]
[84, array([0.5152, 0.035 ]), array([0.51397619, 0.03735238]), 0.7854, 0.0]
[84, array([0.5152, 0.035 ]), array([0.51412381, 0.03735238]), 0.7854, 1.0]
[84, array([0.5152, 0.035 ]), array([0.51427143, 0.03735238]), 0.7854, 1.0]
[84, array([0.5152, 0.035 ]), array([0.51441905, 0.03735238]), 0.7854, 1.0]
[84, array([0.5152, 0.035 ]), array([0.51456667, 0.03735238]), 0.7854, 1.0]
[84, array([0.5152, 0.035 ]), array([0.51471429, 0.03735238]), 0.7854, 1.0]
[84, array([0.5152, 0.035 ]), array([0.5148619 , 0.03735238]), 0.7854, 1.0]
[84, array([0.5152, 0.035 ]), array([0.51500952, 0.03735238]), 0.7854, 1.0]
[84, array([0.5152, 0.035 ]), array([0.51515714, 0.03735238]), 0.7854, 1.0]
[84, array([0.5152, 0.035 ]), array([0.51530476, 0.03735238]), 0.7854, 1.0]
[84, array([0.5152, 0.035 ]), array([0.51545238, 0.03735238]), 0.7854, 1.0]
[84, array([0.5152, 0.035 ]), array([0.5156    , 0.03735238]), 0.7854, 1.0]
[84, array([0.5152, 0.035 ]), array([0.5125, 0.0375]), 0.7854, 1.0]
[84, array([0.5152, 0.035 ]), array([0.51264762, 0.0375    ]), 0.7854, 1.0]
[84, array([0.5152, 0.035 ]), array([0.51279524, 0.0375    ]), 0.7854, 1.0]
[84, array([0.5152, 0.035 ]), array([0.51294286, 0.0375    ]), 0.7854, 1.0]
[84, array([0.5152, 0.035 ]), array([0.51309048, 0.0375    ]), 0.7854, 1.0]
[84, array([0.5152, 0.035 ]), array([0.5132381, 0.0375   ]), 0.7854, 0.0]
[84, array([0.5152, 0.035 ]), array([0.51338571, 0.0375    ]), 0.7854, 0.0]
[84, array([0.5152, 0.035 ]), array([0.51353333, 0.0375    ]), 0.7854, 0.0]
[84, array([0.5152, 0.035 ]), array([0.51368095, 0.0375    ]), 0.7854, 0.0]
[84, array([0.5152, 0.035 ]), array([0.51382857, 0.0375    ]), 0.7854, 0.0]
[84, array([0.5152, 0.035 ]), array([0.51397619, 0.0375    ]), 0.7854, 0.0]
[84, array([0.5152, 0.035 ]), array([0.51412381, 0.0375    ]), 0.7854, 0.0]
[84, array([0.5152, 0.035 ]), array([0.51427143, 0.0375    ]), 0.7854, 1.0]
[84, array([0.5152, 0.035 ]), array([0.51441905, 0.0375    ]), 0.7854, 0.0]
[84, array([0.5152, 0.035 ]), array([0.51456667, 0.0375    ]), 0.7854, 1.0]
[84, array([0.5152, 0.035 ]), array([0.51471429, 0.0375    ]), 0.7854, 1.0]
[84, array([0.5152, 0.035 ]), array([0.5148619, 0.0375   ]), 0.7854, 1.0]
[84, array([0.5152, 0.035 ]), array([0.51500952, 0.0375    ]), 0.7854, 1.0]
[84, array([0.5152, 0.035 ]), array([0.51515714, 0.0375    ]), 0.7854, 1.0]
[84, array([0.5152, 0.035 ]), array([0.51530476, 0.0375    ]), 0.7854, 0.0]
[84, array([0.5152, 0.035 ]), array([0.51545238, 0.0375    ]), 0.7854, 1.0]
[84, array([0.5152, 0.035 ]), array([0.5156, 0.0375]), 0.7854, 0.0]
[82, array([ 0.4526, -0.0074]), array([ 0.44995, -0.0094 ]), 0.7854, 1.0]
[82, array([ 0.4526, -0.0074]), array([ 0.45010238, -0.0094    ]), 0.7854, 1.0]
[82, array([ 0.4526, -0.0074]), array([ 0.45025476, -0.0094    ]), 0.7854, 1.0]
[82, array([ 0.4526, -0.0074]), array([ 0.45040714, -0.0094    ]), 0.7854, 1.0]
[82, array([ 0.4526, -0.0074]), array([ 0.45055952, -0.0094    ]), 0.7854, 1.0]
[82, array([ 0.4526, -0.0074]), array([ 0.4507119, -0.0094   ]), 0.7854, 1.0]
[82, array([ 0.4526, -0.0074]), array([ 0.45086429, -0.0094    ]), 0.7854, 1.0]
[82, array([ 0.4526, -0.0074]), array([ 0.45101667, -0.0094    ]), 0.7854, 1.0]
[82, array([ 0.4526, -0.0074]), array([ 0.45116905, -0.0094    ]), 0.7854, 1.0]
[82, array([ 0.4526, -0.0074]), array([ 0.45132143, -0.0094    ]), 0.7854, 1.0]
[82, array([ 0.4526, -0.0074]), array([ 0.45147381, -0.0094    ]), 0.7854, 1.0]
[82, array([ 0.4526, -0.0074]), array([ 0.45162619, -0.0094    ]), 0.7854, 1.0]
[82, array([ 0.4526, -0.0074]), array([ 0.45177857, -0.0094    ]), 0.7854, 1.0]
[82, array([ 0.4526, -0.0074]), array([ 0.45193095, -0.0094    ]), 0.7854, 1.0]
[82, array([ 0.4526, -0.0074]), array([ 0.45208333, -0.0094    ]), 0.7854, 1.0]
[82, array([ 0.4526, -0.0074]), array([ 0.45223571, -0.0094    ]), 0.7854, 1.0]
[82, array([ 0.4526, -0.0074]), array([ 0.4523881, -0.0094   ]), 0.7854, 1.0]
[82, array([ 0.4526, -0.0074]), array([ 0.45254048, -0.0094    ]), 0.7854, 1.0]
[82, array([ 0.4526, -0.0074]), array([ 0.45269286, -0.0094    ]), 0.7854, 1.0]
[82, array([ 0.4526, -0.0074]), array([ 0.45284524, -0.0094    ]), 0.7854, 1.0]
[82, array([ 0.4526, -0.0074]), array([ 0.45299762, -0.0094    ]), 0.7854, 1.0]
[82, array([ 0.4526, -0.0074]), array([ 0.45315, -0.0094 ]), 0.7854, 1.0]
[82, array([ 0.4526, -0.0074]), array([ 0.44995   , -0.00924762]), 0.7854, 1.0]
[82, array([ 0.4526, -0.0074]), array([ 0.45010238, -0.00924762]), 0.7854, 1.0]
[82, array([ 0.4526, -0.0074]), array([ 0.45025476, -0.00924762]), 0.7854, 1.0]
[82, array([ 0.4526, -0.0074]), array([ 0.45040714, -0.00924762]), 0.7854, 1.0]
[82, array([ 0.4526, -0.0074]), array([ 0.45055952, -0.00924762]), 0.7854, 1.0]
[82, array([ 0.4526, -0.0074]), array([ 0.4507119 , -0.00924762]), 0.7854, 1.0]
[82, array([ 0.4526, -0.0074]), array([ 0.45086429, -0.00924762]), 0.7854, 1.0]
[82, array([ 0.4526, -0.0074]), array([ 0.45101667, -0.00924762]), 0.7854, 1.0]
[82, array([ 0.4526, -0.0074]), array([ 0.45116905, -0.00924762]), 0.7854, 1.0]
[82, array([ 0.4526, -0.0074]), array([ 0.45132143, -0.00924762]), 0.7854, 1.0]
[82, array([ 0.4526, -0.0074]), array([ 0.45147381, -0.00924762]), 0.7854, 1.0]
[82, array([ 0.4526, -0.0074]), array([ 0.45162619, -0.00924762]), 0.7854, 1.0]
[82, array([ 0.4526, -0.0074]), array([ 0.45177857, -0.00924762]), 0.7854, 1.0]
[82, array([ 0.4526, -0.0074]), array([ 0.45193095, -0.00924762]), 0.7854, 1.0]
[82, array([ 0.4526, -0.0074]), array([ 0.45208333, -0.00924762]), 0.7854, 1.0]
[82, array([ 0.4526, -0.0074]), array([ 0.45223571, -0.00924762]), 0.7854, 1.0]
[82, array([ 0.4526, -0.0074]), array([ 0.4523881 , -0.00924762]), 0.7854, 1.0]
[82, array([ 0.4526, -0.0074]), array([ 0.45254048, -0.00924762]), 0.7854, 1.0]
[82, array([ 0.4526, -0.0074]), array([ 0.45269286, -0.00924762]), 0.7854, 1.0]
[82, array([ 0.4526, -0.0074]), array([ 0.45284524, -0.00924762]), 0.7854, 1.0]
[82, array([ 0.4526, -0.0074]), array([ 0.45299762, -0.00924762]), 0.7854, 1.0]
[82, array([ 0.4526, -0.0074]), array([ 0.45315   , -0.00924762]), 0.7854, 1.0]
[82, array([ 0.4526, -0.0074]), array([ 0.44995   , -0.00909524]), 0.7854, 1.0]
[82, array([ 0.4526, -0.0074]), array([ 0.45010238, -0.00909524]), 0.7854, 1.0]
[82, array([ 0.4526, -0.0074]), array([ 0.45025476, -0.00909524]), 0.7854, 1.0]
[82, array([ 0.4526, -0.0074]), array([ 0.45040714, -0.00909524]), 0.7854, 1.0]
[82, array([ 0.4526, -0.0074]), array([ 0.45055952, -0.00909524]), 0.7854, 1.0]
[82, array([ 0.4526, -0.0074]), array([ 0.4507119 , -0.00909524]), 0.7854, 1.0]
[82, array([ 0.4526, -0.0074]), array([ 0.45086429, -0.00909524]), 0.7854, 1.0]
[82, array([ 0.4526, -0.0074]), array([ 0.45101667, -0.00909524]), 0.7854, 1.0]
[82, array([ 0.4526, -0.0074]), array([ 0.45116905, -0.00909524]), 0.7854, 1.0]
[82, array([ 0.4526, -0.0074]), array([ 0.45132143, -0.00909524]), 0.7854, 1.0]
[82, array([ 0.4526, -0.0074]), array([ 0.45147381, -0.00909524]), 0.7854, 1.0]
[82, array([ 0.4526, -0.0074]), array([ 0.45162619, -0.00909524]), 0.7854, 1.0]
[82, array([ 0.4526, -0.0074]), array([ 0.45177857, -0.00909524]), 0.7854, 1.0]
[82, array([ 0.4526, -0.0074]), array([ 0.45193095, -0.00909524]), 0.7854, 1.0]
[82, array([ 0.4526, -0.0074]), array([ 0.45208333, -0.00909524]), 0.7854, 1.0]
[82, array([ 0.4526, -0.0074]), array([ 0.45223571, -0.00909524]), 0.7854, 1.0]
[82, array([ 0.4526, -0.0074]), array([ 0.4523881 , -0.00909524]), 0.7854, 1.0]
[82, array([ 0.4526, -0.0074]), array([ 0.45254048, -0.00909524]), 0.7854, 1.0]
[82, array([ 0.4526, -0.0074]), array([ 0.45269286, -0.00909524]), 0.7854, 1.0]
[82, array([ 0.4526, -0.0074]), array([ 0.45284524, -0.00909524]), 0.7854, 1.0]
[82, array([ 0.4526, -0.0074]), array([ 0.45299762, -0.00909524]), 0.7854, 1.0]
[82, array([ 0.4526, -0.0074]), array([ 0.45315   , -0.00909524]), 0.7854, 1.0]
[82, array([ 0.4526, -0.0074]), array([ 0.44995   , -0.00894286]), 0.7854, 1.0]
[82, array([ 0.4526, -0.0074]), array([ 0.45010238, -0.00894286]), 0.7854, 1.0]
[82, array([ 0.4526, -0.0074]), array([ 0.45025476, -0.00894286]), 0.7854, 1.0]
[82, array([ 0.4526, -0.0074]), array([ 0.45040714, -0.00894286]), 0.7854, 1.0]
[82, array([ 0.4526, -0.0074]), array([ 0.45055952, -0.00894286]), 0.7854, 1.0]
[82, array([ 0.4526, -0.0074]), array([ 0.4507119 , -0.00894286]), 0.7854, 1.0]
[82, array([ 0.4526, -0.0074]), array([ 0.45086429, -0.00894286]), 0.7854, 1.0]
[82, array([ 0.4526, -0.0074]), array([ 0.45101667, -0.00894286]), 0.7854, 1.0]
[82, array([ 0.4526, -0.0074]), array([ 0.45116905, -0.00894286]), 0.7854, 1.0]
[82, array([ 0.4526, -0.0074]), array([ 0.45132143, -0.00894286]), 0.7854, 1.0]
[82, array([ 0.4526, -0.0074]), array([ 0.45147381, -0.00894286]), 0.7854, 1.0]
[82, array([ 0.4526, -0.0074]), array([ 0.45162619, -0.00894286]), 0.7854, 1.0]
[82, array([ 0.4526, -0.0074]), array([ 0.45177857, -0.00894286]), 0.7854, 1.0]
[82, array([ 0.4526, -0.0074]), array([ 0.45193095, -0.00894286]), 0.7854, 1.0]
[82, array([ 0.4526, -0.0074]), array([ 0.45208333, -0.00894286]), 0.7854, 1.0]
[82, array([ 0.4526, -0.0074]), array([ 0.45223571, -0.00894286]), 0.7854, 1.0]
[82, array([ 0.4526, -0.0074]), array([ 0.4523881 , -0.00894286]), 0.7854, 1.0]
[82, array([ 0.4526, -0.0074]), array([ 0.45254048, -0.00894286]), 0.7854, 1.0]
[82, array([ 0.4526, -0.0074]), array([ 0.45269286, -0.00894286]), 0.7854, 1.0]
[82, array([ 0.4526, -0.0074]), array([ 0.45284524, -0.00894286]), 0.7854, 1.0]
[82, array([ 0.4526, -0.0074]), array([ 0.45299762, -0.00894286]), 0.7854, 1.0]
[82, array([ 0.4526, -0.0074]), array([ 0.45315   , -0.00894286]), 0.7854, 1.0]
[82, array([ 0.4526, -0.0074]), array([ 0.44995   , -0.00879048]), 0.7854, 1.0]
[82, array([ 0.4526, -0.0074]), array([ 0.45010238, -0.00879048]), 0.7854, 1.0]
[82, array([ 0.4526, -0.0074]), array([ 0.45025476, -0.00879048]), 0.7854, 1.0]
[82, array([ 0.4526, -0.0074]), array([ 0.45040714, -0.00879048]), 0.7854, 1.0]
[82, array([ 0.4526, -0.0074]), array([ 0.45055952, -0.00879048]), 0.7854, 1.0]
[82, array([ 0.4526, -0.0074]), array([ 0.4507119 , -0.00879048]), 0.7854, 1.0]
[82, array([ 0.4526, -0.0074]), array([ 0.45086429, -0.00879048]), 0.7854, 1.0]
[82, array([ 0.4526, -0.0074]), array([ 0.45101667, -0.00879048]), 0.7854, 1.0]
[82, array([ 0.4526, -0.0074]), array([ 0.45116905, -0.00879048]), 0.7854, 1.0]
[82, array([ 0.4526, -0.0074]), array([ 0.45132143, -0.00879048]), 0.7854, 1.0]
[82, array([ 0.4526, -0.0074]), array([ 0.45147381, -0.00879048]), 0.7854, 1.0]
[82, array([ 0.4526, -0.0074]), array([ 0.45162619, -0.00879048]), 0.7854, 1.0]
[82, array([ 0.4526, -0.0074]), array([ 0.45177857, -0.00879048]), 0.7854, 1.0]
[82, array([ 0.4526, -0.0074]), array([ 0.45193095, -0.00879048]), 0.7854, 1.0]
[82, array([ 0.4526, -0.0074]), array([ 0.45208333, -0.00879048]), 0.7854, 1.0]
[82, array([ 0.4526, -0.0074]), array([ 0.45223571, -0.00879048]), 0.7854, 1.0]
[82, array([ 0.4526, -0.0074]), array([ 0.4523881 , -0.00879048]), 0.7854, 1.0]
[82, array([ 0.4526, -0.0074]), array([ 0.45254048, -0.00879048]), 0.7854, 1.0]
[82, array([ 0.4526, -0.0074]), array([ 0.45269286, -0.00879048]), 0.7854, 1.0]
[82, array([ 0.4526, -0.0074]), array([ 0.45284524, -0.00879048]), 0.7854, 1.0]
[82, array([ 0.4526, -0.0074]), array([ 0.45299762, -0.00879048]), 0.7854, 1.0]
[82, array([ 0.4526, -0.0074]), array([ 0.45315   , -0.00879048]), 0.7854, 1.0]
[82, array([ 0.4526, -0.0074]), array([ 0.44995  , -0.0086381]), 0.7854, 1.0]
[82, array([ 0.4526, -0.0074]), array([ 0.45010238, -0.0086381 ]), 0.7854, 1.0]
[82, array([ 0.4526, -0.0074]), array([ 0.45025476, -0.0086381 ]), 0.7854, 1.0]
[82, array([ 0.4526, -0.0074]), array([ 0.45040714, -0.0086381 ]), 0.7854, 1.0]
[82, array([ 0.4526, -0.0074]), array([ 0.45055952, -0.0086381 ]), 0.7854, 1.0]
[82, array([ 0.4526, -0.0074]), array([ 0.4507119, -0.0086381]), 0.7854, 1.0]
[82, array([ 0.4526, -0.0074]), array([ 0.45086429, -0.0086381 ]), 0.7854, 1.0]
[82, array([ 0.4526, -0.0074]), array([ 0.45101667, -0.0086381 ]), 0.7854, 1.0]
[82, array([ 0.4526, -0.0074]), array([ 0.45116905, -0.0086381 ]), 0.7854, 1.0]
[82, array([ 0.4526, -0.0074]), array([ 0.45132143, -0.0086381 ]), 0.7854, 1.0]
[82, array([ 0.4526, -0.0074]), array([ 0.45147381, -0.0086381 ]), 0.7854, 1.0]
[82, array([ 0.4526, -0.0074]), array([ 0.45162619, -0.0086381 ]), 0.7854, 1.0]
[82, array([ 0.4526, -0.0074]), array([ 0.45177857, -0.0086381 ]), 0.7854, 1.0]
[82, array([ 0.4526, -0.0074]), array([ 0.45193095, -0.0086381 ]), 0.7854, 1.0]
[82, array([ 0.4526, -0.0074]), array([ 0.45208333, -0.0086381 ]), 0.7854, 1.0]
[82, array([ 0.4526, -0.0074]), array([ 0.45223571, -0.0086381 ]), 0.7854, 1.0]
[82, array([ 0.4526, -0.0074]), array([ 0.4523881, -0.0086381]), 0.7854, 1.0]
[82, array([ 0.4526, -0.0074]), array([ 0.45254048, -0.0086381 ]), 0.7854, 1.0]
[82, array([ 0.4526, -0.0074]), array([ 0.45269286, -0.0086381 ]), 0.7854, 1.0]
[82, array([ 0.4526, -0.0074]), array([ 0.45284524, -0.0086381 ]), 0.7854, 1.0]
[82, array([ 0.4526, -0.0074]), array([ 0.45299762, -0.0086381 ]), 0.7854, 1.0]
[82, array([ 0.4526, -0.0074]), array([ 0.45315  , -0.0086381]), 0.7854, 1.0]
[82, array([ 0.4526, -0.0074]), array([ 0.44995   , -0.00848571]), 0.7854, 1.0]
[82, array([ 0.4526, -0.0074]), array([ 0.45010238, -0.00848571]), 0.7854, 1.0]
[82, array([ 0.4526, -0.0074]), array([ 0.45025476, -0.00848571]), 0.7854, 1.0]
[82, array([ 0.4526, -0.0074]), array([ 0.45040714, -0.00848571]), 0.7854, 1.0]
[82, array([ 0.4526, -0.0074]), array([ 0.45055952, -0.00848571]), 0.7854, 1.0]
[82, array([ 0.4526, -0.0074]), array([ 0.4507119 , -0.00848571]), 0.7854, 1.0]
[82, array([ 0.4526, -0.0074]), array([ 0.45086429, -0.00848571]), 0.7854, 1.0]
[82, array([ 0.4526, -0.0074]), array([ 0.45101667, -0.00848571]), 0.7854, 1.0]
[82, array([ 0.4526, -0.0074]), array([ 0.45116905, -0.00848571]), 0.7854, 1.0]
[82, array([ 0.4526, -0.0074]), array([ 0.45132143, -0.00848571]), 0.7854, 1.0]
[82, array([ 0.4526, -0.0074]), array([ 0.45147381, -0.00848571]), 0.7854, 1.0]
[82, array([ 0.4526, -0.0074]), array([ 0.45162619, -0.00848571]), 0.7854, 1.0]
[82, array([ 0.4526, -0.0074]), array([ 0.45177857, -0.00848571]), 0.7854, 1.0]
[82, array([ 0.4526, -0.0074]), array([ 0.45193095, -0.00848571]), 0.7854, 1.0]
[82, array([ 0.4526, -0.0074]), array([ 0.45208333, -0.00848571]), 0.7854, 1.0]
[82, array([ 0.4526, -0.0074]), array([ 0.45223571, -0.00848571]), 0.7854, 1.0]
[82, array([ 0.4526, -0.0074]), array([ 0.4523881 , -0.00848571]), 0.7854, 1.0]
[82, array([ 0.4526, -0.0074]), array([ 0.45254048, -0.00848571]), 0.7854, 1.0]
[82, array([ 0.4526, -0.0074]), array([ 0.45269286, -0.00848571]), 0.7854, 1.0]
[82, array([ 0.4526, -0.0074]), array([ 0.45284524, -0.00848571]), 0.7854, 1.0]
[82, array([ 0.4526, -0.0074]), array([ 0.45299762, -0.00848571]), 0.7854, 1.0]
[82, array([ 0.4526, -0.0074]), array([ 0.45315   , -0.00848571]), 0.7854, 1.0]
[82, array([ 0.4526, -0.0074]), array([ 0.44995   , -0.00833333]), 0.7854, 1.0]
[82, array([ 0.4526, -0.0074]), array([ 0.45010238, -0.00833333]), 0.7854, 1.0]
[82, array([ 0.4526, -0.0074]), array([ 0.45025476, -0.00833333]), 0.7854, 1.0]
[82, array([ 0.4526, -0.0074]), array([ 0.45040714, -0.00833333]), 0.7854, 1.0]
[82, array([ 0.4526, -0.0074]), array([ 0.45055952, -0.00833333]), 0.7854, 1.0]
[82, array([ 0.4526, -0.0074]), array([ 0.4507119 , -0.00833333]), 0.7854, 1.0]
[82, array([ 0.4526, -0.0074]), array([ 0.45086429, -0.00833333]), 0.7854, 1.0]
[82, array([ 0.4526, -0.0074]), array([ 0.45101667, -0.00833333]), 0.7854, 1.0]
[82, array([ 0.4526, -0.0074]), array([ 0.45116905, -0.00833333]), 0.7854, 1.0]
[82, array([ 0.4526, -0.0074]), array([ 0.45132143, -0.00833333]), 0.7854, 1.0]
[82, array([ 0.4526, -0.0074]), array([ 0.45147381, -0.00833333]), 0.7854, 1.0]
[82, array([ 0.4526, -0.0074]), array([ 0.45162619, -0.00833333]), 0.7854, 1.0]
[82, array([ 0.4526, -0.0074]), array([ 0.45177857, -0.00833333]), 0.7854, 1.0]
[82, array([ 0.4526, -0.0074]), array([ 0.45193095, -0.00833333]), 0.7854, 1.0]
[82, array([ 0.4526, -0.0074]), array([ 0.45208333, -0.00833333]), 0.7854, 1.0]
[82, array([ 0.4526, -0.0074]), array([ 0.45223571, -0.00833333]), 0.7854, 1.0]
[82, array([ 0.4526, -0.0074]), array([ 0.4523881 , -0.00833333]), 0.7854, 1.0]
[82, array([ 0.4526, -0.0074]), array([ 0.45254048, -0.00833333]), 0.7854, 1.0]
[82, array([ 0.4526, -0.0074]), array([ 0.45269286, -0.00833333]), 0.7854, 1.0]
[82, array([ 0.4526, -0.0074]), array([ 0.45284524, -0.00833333]), 0.7854, 1.0]
[82, array([ 0.4526, -0.0074]), array([ 0.45299762, -0.00833333]), 0.7854, 1.0]
[82, array([ 0.4526, -0.0074]), array([ 0.45315   , -0.00833333]), 0.7854, 1.0]
[82, array([ 0.4526, -0.0074]), array([ 0.44995   , -0.00818095]), 0.7854, 1.0]
[82, array([ 0.4526, -0.0074]), array([ 0.45010238, -0.00818095]), 0.7854, 1.0]
[82, array([ 0.4526, -0.0074]), array([ 0.45025476, -0.00818095]), 0.7854, 1.0]
[82, array([ 0.4526, -0.0074]), array([ 0.45040714, -0.00818095]), 0.7854, 1.0]
[82, array([ 0.4526, -0.0074]), array([ 0.45055952, -0.00818095]), 0.7854, 1.0]
[82, array([ 0.4526, -0.0074]), array([ 0.4507119 , -0.00818095]), 0.7854, 1.0]
[82, array([ 0.4526, -0.0074]), array([ 0.45086429, -0.00818095]), 0.7854, 1.0]
[82, array([ 0.4526, -0.0074]), array([ 0.45101667, -0.00818095]), 0.7854, 1.0]
[82, array([ 0.4526, -0.0074]), array([ 0.45116905, -0.00818095]), 0.7854, 1.0]
[82, array([ 0.4526, -0.0074]), array([ 0.45132143, -0.00818095]), 0.7854, 1.0]
[82, array([ 0.4526, -0.0074]), array([ 0.45147381, -0.00818095]), 0.7854, 1.0]
[82, array([ 0.4526, -0.0074]), array([ 0.45162619, -0.00818095]), 0.7854, 1.0]
[82, array([ 0.4526, -0.0074]), array([ 0.45177857, -0.00818095]), 0.7854, 1.0]
[82, array([ 0.4526, -0.0074]), array([ 0.45193095, -0.00818095]), 0.7854, 1.0]
[82, array([ 0.4526, -0.0074]), array([ 0.45208333, -0.00818095]), 0.7854, 1.0]
[82, array([ 0.4526, -0.0074]), array([ 0.45223571, -0.00818095]), 0.7854, 1.0]
[82, array([ 0.4526, -0.0074]), array([ 0.4523881 , -0.00818095]), 0.7854, 1.0]
[82, array([ 0.4526, -0.0074]), array([ 0.45254048, -0.00818095]), 0.7854, 1.0]
[82, array([ 0.4526, -0.0074]), array([ 0.45269286, -0.00818095]), 0.7854, 1.0]
[82, array([ 0.4526, -0.0074]), array([ 0.45284524, -0.00818095]), 0.7854, 1.0]
[82, array([ 0.4526, -0.0074]), array([ 0.45299762, -0.00818095]), 0.7854, 1.0]
[82, array([ 0.4526, -0.0074]), array([ 0.45315   , -0.00818095]), 0.7854, 1.0]
[82, array([ 0.4526, -0.0074]), array([ 0.44995   , -0.00802857]), 0.7854, 1.0]
[82, array([ 0.4526, -0.0074]), array([ 0.45010238, -0.00802857]), 0.7854, 1.0]
[82, array([ 0.4526, -0.0074]), array([ 0.45025476, -0.00802857]), 0.7854, 1.0]
[82, array([ 0.4526, -0.0074]), array([ 0.45040714, -0.00802857]), 0.7854, 1.0]
[82, array([ 0.4526, -0.0074]), array([ 0.45055952, -0.00802857]), 0.7854, 1.0]
[82, array([ 0.4526, -0.0074]), array([ 0.4507119 , -0.00802857]), 0.7854, 1.0]
[82, array([ 0.4526, -0.0074]), array([ 0.45086429, -0.00802857]), 0.7854, 1.0]
[82, array([ 0.4526, -0.0074]), array([ 0.45101667, -0.00802857]), 0.7854, 1.0]
[82, array([ 0.4526, -0.0074]), array([ 0.45116905, -0.00802857]), 0.7854, 1.0]
[82, array([ 0.4526, -0.0074]), array([ 0.45132143, -0.00802857]), 0.7854, 1.0]
[82, array([ 0.4526, -0.0074]), array([ 0.45147381, -0.00802857]), 0.7854, 1.0]
[82, array([ 0.4526, -0.0074]), array([ 0.45162619, -0.00802857]), 0.7854, 1.0]
[82, array([ 0.4526, -0.0074]), array([ 0.45177857, -0.00802857]), 0.7854, 1.0]
[82, array([ 0.4526, -0.0074]), array([ 0.45193095, -0.00802857]), 0.7854, 1.0]
[82, array([ 0.4526, -0.0074]), array([ 0.45208333, -0.00802857]), 0.7854, 1.0]
[82, array([ 0.4526, -0.0074]), array([ 0.45223571, -0.00802857]), 0.7854, 1.0]
[82, array([ 0.4526, -0.0074]), array([ 0.4523881 , -0.00802857]), 0.7854, 1.0]
[82, array([ 0.4526, -0.0074]), array([ 0.45254048, -0.00802857]), 0.7854, 1.0]
[82, array([ 0.4526, -0.0074]), array([ 0.45269286, -0.00802857]), 0.7854, 1.0]
[82, array([ 0.4526, -0.0074]), array([ 0.45284524, -0.00802857]), 0.7854, 1.0]
[82, array([ 0.4526, -0.0074]), array([ 0.45299762, -0.00802857]), 0.7854, 1.0]
[82, array([ 0.4526, -0.0074]), array([ 0.45315   , -0.00802857]), 0.7854, 1.0]
[82, array([ 0.4526, -0.0074]), array([ 0.44995   , -0.00787619]), 0.7854, 1.0]
[82, array([ 0.4526, -0.0074]), array([ 0.45010238, -0.00787619]), 0.7854, 1.0]
[82, array([ 0.4526, -0.0074]), array([ 0.45025476, -0.00787619]), 0.7854, 1.0]
[82, array([ 0.4526, -0.0074]), array([ 0.45040714, -0.00787619]), 0.7854, 1.0]
[82, array([ 0.4526, -0.0074]), array([ 0.45055952, -0.00787619]), 0.7854, 1.0]
[82, array([ 0.4526, -0.0074]), array([ 0.4507119 , -0.00787619]), 0.7854, 1.0]
[82, array([ 0.4526, -0.0074]), array([ 0.45086429, -0.00787619]), 0.7854, 1.0]
[82, array([ 0.4526, -0.0074]), array([ 0.45101667, -0.00787619]), 0.7854, 1.0]
[82, array([ 0.4526, -0.0074]), array([ 0.45116905, -0.00787619]), 0.7854, 1.0]
[82, array([ 0.4526, -0.0074]), array([ 0.45132143, -0.00787619]), 0.7854, 1.0]
[82, array([ 0.4526, -0.0074]), array([ 0.45147381, -0.00787619]), 0.7854, 1.0]
[82, array([ 0.4526, -0.0074]), array([ 0.45162619, -0.00787619]), 0.7854, 1.0]
[82, array([ 0.4526, -0.0074]), array([ 0.45177857, -0.00787619]), 0.7854, 1.0]
[82, array([ 0.4526, -0.0074]), array([ 0.45193095, -0.00787619]), 0.7854, 1.0]
[82, array([ 0.4526, -0.0074]), array([ 0.45208333, -0.00787619]), 0.7854, 1.0]
[82, array([ 0.4526, -0.0074]), array([ 0.45223571, -0.00787619]), 0.7854, 1.0]
[82, array([ 0.4526, -0.0074]), array([ 0.4523881 , -0.00787619]), 0.7854, 1.0]
[82, array([ 0.4526, -0.0074]), array([ 0.45254048, -0.00787619]), 0.7854, 1.0]
[82, array([ 0.4526, -0.0074]), array([ 0.45269286, -0.00787619]), 0.7854, 1.0]
[82, array([ 0.4526, -0.0074]), array([ 0.45284524, -0.00787619]), 0.7854, 1.0]
[82, array([ 0.4526, -0.0074]), array([ 0.45299762, -0.00787619]), 0.7854, 1.0]
[82, array([ 0.4526, -0.0074]), array([ 0.45315   , -0.00787619]), 0.7854, 1.0]
[82, array([ 0.4526, -0.0074]), array([ 0.44995   , -0.00772381]), 0.7854, 1.0]
[82, array([ 0.4526, -0.0074]), array([ 0.45010238, -0.00772381]), 0.7854, 1.0]
[82, array([ 0.4526, -0.0074]), array([ 0.45025476, -0.00772381]), 0.7854, 1.0]
[82, array([ 0.4526, -0.0074]), array([ 0.45040714, -0.00772381]), 0.7854, 1.0]
[82, array([ 0.4526, -0.0074]), array([ 0.45055952, -0.00772381]), 0.7854, 1.0]
[82, array([ 0.4526, -0.0074]), array([ 0.4507119 , -0.00772381]), 0.7854, 1.0]
[82, array([ 0.4526, -0.0074]), array([ 0.45086429, -0.00772381]), 0.7854, 1.0]
[82, array([ 0.4526, -0.0074]), array([ 0.45101667, -0.00772381]), 0.7854, 1.0]
[82, array([ 0.4526, -0.0074]), array([ 0.45116905, -0.00772381]), 0.7854, 1.0]
[82, array([ 0.4526, -0.0074]), array([ 0.45132143, -0.00772381]), 0.7854, 1.0]
[82, array([ 0.4526, -0.0074]), array([ 0.45147381, -0.00772381]), 0.7854, 1.0]
[82, array([ 0.4526, -0.0074]), array([ 0.45162619, -0.00772381]), 0.7854, 1.0]
[82, array([ 0.4526, -0.0074]), array([ 0.45177857, -0.00772381]), 0.7854, 1.0]
[82, array([ 0.4526, -0.0074]), array([ 0.45193095, -0.00772381]), 0.7854, 1.0]
[82, array([ 0.4526, -0.0074]), array([ 0.45208333, -0.00772381]), 0.7854, 1.0]
[82, array([ 0.4526, -0.0074]), array([ 0.45223571, -0.00772381]), 0.7854, 1.0]
[82, array([ 0.4526, -0.0074]), array([ 0.4523881 , -0.00772381]), 0.7854, 1.0]
[82, array([ 0.4526, -0.0074]), array([ 0.45254048, -0.00772381]), 0.7854, 1.0]
[82, array([ 0.4526, -0.0074]), array([ 0.45269286, -0.00772381]), 0.7854, 1.0]
[82, array([ 0.4526, -0.0074]), array([ 0.45284524, -0.00772381]), 0.7854, 1.0]
[82, array([ 0.4526, -0.0074]), array([ 0.45299762, -0.00772381]), 0.7854, 1.0]
[82, array([ 0.4526, -0.0074]), array([ 0.45315   , -0.00772381]), 0.7854, 1.0]
[82, array([ 0.4526, -0.0074]), array([ 0.44995   , -0.00757143]), 0.7854, 1.0]
[82, array([ 0.4526, -0.0074]), array([ 0.45010238, -0.00757143]), 0.7854, 1.0]
[82, array([ 0.4526, -0.0074]), array([ 0.45025476, -0.00757143]), 0.7854, 1.0]
[82, array([ 0.4526, -0.0074]), array([ 0.45040714, -0.00757143]), 0.7854, 1.0]
[82, array([ 0.4526, -0.0074]), array([ 0.45055952, -0.00757143]), 0.7854, 1.0]
[82, array([ 0.4526, -0.0074]), array([ 0.4507119 , -0.00757143]), 0.7854, 1.0]
[82, array([ 0.4526, -0.0074]), array([ 0.45086429, -0.00757143]), 0.7854, 1.0]
[82, array([ 0.4526, -0.0074]), array([ 0.45101667, -0.00757143]), 0.7854, 1.0]
[82, array([ 0.4526, -0.0074]), array([ 0.45116905, -0.00757143]), 0.7854, 1.0]
[82, array([ 0.4526, -0.0074]), array([ 0.45132143, -0.00757143]), 0.7854, 1.0]
[82, array([ 0.4526, -0.0074]), array([ 0.45147381, -0.00757143]), 0.7854, 1.0]
[82, array([ 0.4526, -0.0074]), array([ 0.45162619, -0.00757143]), 0.7854, 1.0]
[82, array([ 0.4526, -0.0074]), array([ 0.45177857, -0.00757143]), 0.7854, 1.0]
[82, array([ 0.4526, -0.0074]), array([ 0.45193095, -0.00757143]), 0.7854, 1.0]
[82, array([ 0.4526, -0.0074]), array([ 0.45208333, -0.00757143]), 0.7854, 1.0]
[82, array([ 0.4526, -0.0074]), array([ 0.45223571, -0.00757143]), 0.7854, 1.0]
[82, array([ 0.4526, -0.0074]), array([ 0.4523881 , -0.00757143]), 0.7854, 1.0]
[82, array([ 0.4526, -0.0074]), array([ 0.45254048, -0.00757143]), 0.7854, 1.0]
[82, array([ 0.4526, -0.0074]), array([ 0.45269286, -0.00757143]), 0.7854, 1.0]
[82, array([ 0.4526, -0.0074]), array([ 0.45284524, -0.00757143]), 0.7854, 1.0]
[82, array([ 0.4526, -0.0074]), array([ 0.45299762, -0.00757143]), 0.7854, 1.0]
[82, array([ 0.4526, -0.0074]), array([ 0.45315   , -0.00757143]), 0.7854, 1.0]
[82, array([ 0.4526, -0.0074]), array([ 0.44995   , -0.00741905]), 0.7854, 1.0]
[82, array([ 0.4526, -0.0074]), array([ 0.45010238, -0.00741905]), 0.7854, 1.0]
[82, array([ 0.4526, -0.0074]), array([ 0.45025476, -0.00741905]), 0.7854, 1.0]
[82, array([ 0.4526, -0.0074]), array([ 0.45040714, -0.00741905]), 0.7854, 1.0]
[82, array([ 0.4526, -0.0074]), array([ 0.45055952, -0.00741905]), 0.7854, 1.0]
[82, array([ 0.4526, -0.0074]), array([ 0.4507119 , -0.00741905]), 0.7854, 1.0]
[82, array([ 0.4526, -0.0074]), array([ 0.45086429, -0.00741905]), 0.7854, 1.0]
[82, array([ 0.4526, -0.0074]), array([ 0.45101667, -0.00741905]), 0.7854, 1.0]
[82, array([ 0.4526, -0.0074]), array([ 0.45116905, -0.00741905]), 0.7854, 1.0]
[82, array([ 0.4526, -0.0074]), array([ 0.45132143, -0.00741905]), 0.7854, 1.0]
[82, array([ 0.4526, -0.0074]), array([ 0.45147381, -0.00741905]), 0.7854, 1.0]
[82, array([ 0.4526, -0.0074]), array([ 0.45162619, -0.00741905]), 0.7854, 1.0]
[82, array([ 0.4526, -0.0074]), array([ 0.45177857, -0.00741905]), 0.7854, 1.0]
[82, array([ 0.4526, -0.0074]), array([ 0.45193095, -0.00741905]), 0.7854, 1.0]
[82, array([ 0.4526, -0.0074]), array([ 0.45208333, -0.00741905]), 0.7854, 1.0]
[82, array([ 0.4526, -0.0074]), array([ 0.45223571, -0.00741905]), 0.7854, 1.0]
[82, array([ 0.4526, -0.0074]), array([ 0.4523881 , -0.00741905]), 0.7854, 1.0]
[82, array([ 0.4526, -0.0074]), array([ 0.45254048, -0.00741905]), 0.7854, 1.0]
[82, array([ 0.4526, -0.0074]), array([ 0.45269286, -0.00741905]), 0.7854, 1.0]
[82, array([ 0.4526, -0.0074]), array([ 0.45284524, -0.00741905]), 0.7854, 1.0]
[82, array([ 0.4526, -0.0074]), array([ 0.45299762, -0.00741905]), 0.7854, 1.0]
[82, array([ 0.4526, -0.0074]), array([ 0.45315   , -0.00741905]), 0.7854, 1.0]
[82, array([ 0.4526, -0.0074]), array([ 0.44995   , -0.00726667]), 0.7854, 1.0]
[82, array([ 0.4526, -0.0074]), array([ 0.45010238, -0.00726667]), 0.7854, 1.0]
[82, array([ 0.4526, -0.0074]), array([ 0.45025476, -0.00726667]), 0.7854, 1.0]
[82, array([ 0.4526, -0.0074]), array([ 0.45040714, -0.00726667]), 0.7854, 1.0]
[82, array([ 0.4526, -0.0074]), array([ 0.45055952, -0.00726667]), 0.7854, 1.0]
[82, array([ 0.4526, -0.0074]), array([ 0.4507119 , -0.00726667]), 0.7854, 1.0]
[82, array([ 0.4526, -0.0074]), array([ 0.45086429, -0.00726667]), 0.7854, 1.0]
[82, array([ 0.4526, -0.0074]), array([ 0.45101667, -0.00726667]), 0.7854, 1.0]
[82, array([ 0.4526, -0.0074]), array([ 0.45116905, -0.00726667]), 0.7854, 1.0]
[82, array([ 0.4526, -0.0074]), array([ 0.45132143, -0.00726667]), 0.7854, 1.0]
[82, array([ 0.4526, -0.0074]), array([ 0.45147381, -0.00726667]), 0.7854, 1.0]
[82, array([ 0.4526, -0.0074]), array([ 0.45162619, -0.00726667]), 0.7854, 1.0]
[82, array([ 0.4526, -0.0074]), array([ 0.45177857, -0.00726667]), 0.7854, 1.0]
[82, array([ 0.4526, -0.0074]), array([ 0.45193095, -0.00726667]), 0.7854, 1.0]
[82, array([ 0.4526, -0.0074]), array([ 0.45208333, -0.00726667]), 0.7854, 1.0]
[82, array([ 0.4526, -0.0074]), array([ 0.45223571, -0.00726667]), 0.7854, 1.0]
[82, array([ 0.4526, -0.0074]), array([ 0.4523881 , -0.00726667]), 0.7854, 1.0]
[82, array([ 0.4526, -0.0074]), array([ 0.45254048, -0.00726667]), 0.7854, 1.0]
[82, array([ 0.4526, -0.0074]), array([ 0.45269286, -0.00726667]), 0.7854, 1.0]
[82, array([ 0.4526, -0.0074]), array([ 0.45284524, -0.00726667]), 0.7854, 1.0]
[82, array([ 0.4526, -0.0074]), array([ 0.45299762, -0.00726667]), 0.7854, 1.0]
[82, array([ 0.4526, -0.0074]), array([ 0.45315   , -0.00726667]), 0.7854, 1.0]
[82, array([ 0.4526, -0.0074]), array([ 0.44995   , -0.00711429]), 0.7854, 1.0]
[82, array([ 0.4526, -0.0074]), array([ 0.45010238, -0.00711429]), 0.7854, 1.0]
[82, array([ 0.4526, -0.0074]), array([ 0.45025476, -0.00711429]), 0.7854, 1.0]
[82, array([ 0.4526, -0.0074]), array([ 0.45040714, -0.00711429]), 0.7854, 1.0]
[82, array([ 0.4526, -0.0074]), array([ 0.45055952, -0.00711429]), 0.7854, 1.0]
[82, array([ 0.4526, -0.0074]), array([ 0.4507119 , -0.00711429]), 0.7854, 1.0]
[82, array([ 0.4526, -0.0074]), array([ 0.45086429, -0.00711429]), 0.7854, 1.0]
[82, array([ 0.4526, -0.0074]), array([ 0.45101667, -0.00711429]), 0.7854, 1.0]
[82, array([ 0.4526, -0.0074]), array([ 0.45116905, -0.00711429]), 0.7854, 1.0]
[82, array([ 0.4526, -0.0074]), array([ 0.45132143, -0.00711429]), 0.7854, 1.0]
[82, array([ 0.4526, -0.0074]), array([ 0.45147381, -0.00711429]), 0.7854, 1.0]
[82, array([ 0.4526, -0.0074]), array([ 0.45162619, -0.00711429]), 0.7854, 1.0]
[82, array([ 0.4526, -0.0074]), array([ 0.45177857, -0.00711429]), 0.7854, 1.0]
[82, array([ 0.4526, -0.0074]), array([ 0.45193095, -0.00711429]), 0.7854, 1.0]
[82, array([ 0.4526, -0.0074]), array([ 0.45208333, -0.00711429]), 0.7854, 1.0]
[82, array([ 0.4526, -0.0074]), array([ 0.45223571, -0.00711429]), 0.7854, 1.0]
[82, array([ 0.4526, -0.0074]), array([ 0.4523881 , -0.00711429]), 0.7854, 1.0]
[82, array([ 0.4526, -0.0074]), array([ 0.45254048, -0.00711429]), 0.7854, 1.0]
[82, array([ 0.4526, -0.0074]), array([ 0.45269286, -0.00711429]), 0.7854, 1.0]
[82, array([ 0.4526, -0.0074]), array([ 0.45284524, -0.00711429]), 0.7854, 1.0]
[82, array([ 0.4526, -0.0074]), array([ 0.45299762, -0.00711429]), 0.7854, 1.0]
[82, array([ 0.4526, -0.0074]), array([ 0.45315   , -0.00711429]), 0.7854, 1.0]
[82, array([ 0.4526, -0.0074]), array([ 0.44995  , -0.0069619]), 0.7854, 1.0]
[82, array([ 0.4526, -0.0074]), array([ 0.45010238, -0.0069619 ]), 0.7854, 1.0]
[82, array([ 0.4526, -0.0074]), array([ 0.45025476, -0.0069619 ]), 0.7854, 1.0]
[82, array([ 0.4526, -0.0074]), array([ 0.45040714, -0.0069619 ]), 0.7854, 1.0]
[82, array([ 0.4526, -0.0074]), array([ 0.45055952, -0.0069619 ]), 0.7854, 1.0]
[82, array([ 0.4526, -0.0074]), array([ 0.4507119, -0.0069619]), 0.7854, 1.0]
[82, array([ 0.4526, -0.0074]), array([ 0.45086429, -0.0069619 ]), 0.7854, 1.0]
[82, array([ 0.4526, -0.0074]), array([ 0.45101667, -0.0069619 ]), 0.7854, 1.0]
[82, array([ 0.4526, -0.0074]), array([ 0.45116905, -0.0069619 ]), 0.7854, 1.0]
[82, array([ 0.4526, -0.0074]), array([ 0.45132143, -0.0069619 ]), 0.7854, 1.0]
[82, array([ 0.4526, -0.0074]), array([ 0.45147381, -0.0069619 ]), 0.7854, 1.0]
[82, array([ 0.4526, -0.0074]), array([ 0.45162619, -0.0069619 ]), 0.7854, 1.0]
[82, array([ 0.4526, -0.0074]), array([ 0.45177857, -0.0069619 ]), 0.7854, 1.0]
[82, array([ 0.4526, -0.0074]), array([ 0.45193095, -0.0069619 ]), 0.7854, 1.0]
[82, array([ 0.4526, -0.0074]), array([ 0.45208333, -0.0069619 ]), 0.7854, 1.0]
[82, array([ 0.4526, -0.0074]), array([ 0.45223571, -0.0069619 ]), 0.7854, 1.0]
[82, array([ 0.4526, -0.0074]), array([ 0.4523881, -0.0069619]), 0.7854, 1.0]
[82, array([ 0.4526, -0.0074]), array([ 0.45254048, -0.0069619 ]), 0.7854, 1.0]
[82, array([ 0.4526, -0.0074]), array([ 0.45269286, -0.0069619 ]), 0.7854, 1.0]
[82, array([ 0.4526, -0.0074]), array([ 0.45284524, -0.0069619 ]), 0.7854, 1.0]
[82, array([ 0.4526, -0.0074]), array([ 0.45299762, -0.0069619 ]), 0.7854, 1.0]
[82, array([ 0.4526, -0.0074]), array([ 0.45315  , -0.0069619]), 0.7854, 1.0]
[82, array([ 0.4526, -0.0074]), array([ 0.44995   , -0.00680952]), 0.7854, 1.0]
[82, array([ 0.4526, -0.0074]), array([ 0.45010238, -0.00680952]), 0.7854, 1.0]
[82, array([ 0.4526, -0.0074]), array([ 0.45025476, -0.00680952]), 0.7854, 1.0]
[82, array([ 0.4526, -0.0074]), array([ 0.45040714, -0.00680952]), 0.7854, 1.0]
[82, array([ 0.4526, -0.0074]), array([ 0.45055952, -0.00680952]), 0.7854, 1.0]
[82, array([ 0.4526, -0.0074]), array([ 0.4507119 , -0.00680952]), 0.7854, 1.0]
[82, array([ 0.4526, -0.0074]), array([ 0.45086429, -0.00680952]), 0.7854, 1.0]
[82, array([ 0.4526, -0.0074]), array([ 0.45101667, -0.00680952]), 0.7854, 1.0]
[82, array([ 0.4526, -0.0074]), array([ 0.45116905, -0.00680952]), 0.7854, 1.0]
[82, array([ 0.4526, -0.0074]), array([ 0.45132143, -0.00680952]), 0.7854, 1.0]
[82, array([ 0.4526, -0.0074]), array([ 0.45147381, -0.00680952]), 0.7854, 1.0]
[82, array([ 0.4526, -0.0074]), array([ 0.45162619, -0.00680952]), 0.7854, 1.0]
[82, array([ 0.4526, -0.0074]), array([ 0.45177857, -0.00680952]), 0.7854, 1.0]
[82, array([ 0.4526, -0.0074]), array([ 0.45193095, -0.00680952]), 0.7854, 1.0]
[82, array([ 0.4526, -0.0074]), array([ 0.45208333, -0.00680952]), 0.7854, 1.0]
[82, array([ 0.4526, -0.0074]), array([ 0.45223571, -0.00680952]), 0.7854, 1.0]
[82, array([ 0.4526, -0.0074]), array([ 0.4523881 , -0.00680952]), 0.7854, 1.0]
[82, array([ 0.4526, -0.0074]), array([ 0.45254048, -0.00680952]), 0.7854, 1.0]
[82, array([ 0.4526, -0.0074]), array([ 0.45269286, -0.00680952]), 0.7854, 1.0]
[82, array([ 0.4526, -0.0074]), array([ 0.45284524, -0.00680952]), 0.7854, 1.0]
[82, array([ 0.4526, -0.0074]), array([ 0.45299762, -0.00680952]), 0.7854, 1.0]
[82, array([ 0.4526, -0.0074]), array([ 0.45315   , -0.00680952]), 0.7854, 1.0]
[82, array([ 0.4526, -0.0074]), array([ 0.44995   , -0.00665714]), 0.7854, 1.0]
[82, array([ 0.4526, -0.0074]), array([ 0.45010238, -0.00665714]), 0.7854, 1.0]
[82, array([ 0.4526, -0.0074]), array([ 0.45025476, -0.00665714]), 0.7854, 1.0]
[82, array([ 0.4526, -0.0074]), array([ 0.45040714, -0.00665714]), 0.7854, 1.0]
[82, array([ 0.4526, -0.0074]), array([ 0.45055952, -0.00665714]), 0.7854, 1.0]
[82, array([ 0.4526, -0.0074]), array([ 0.4507119 , -0.00665714]), 0.7854, 1.0]
[82, array([ 0.4526, -0.0074]), array([ 0.45086429, -0.00665714]), 0.7854, 1.0]
[82, array([ 0.4526, -0.0074]), array([ 0.45101667, -0.00665714]), 0.7854, 1.0]
[82, array([ 0.4526, -0.0074]), array([ 0.45116905, -0.00665714]), 0.7854, 1.0]
[82, array([ 0.4526, -0.0074]), array([ 0.45132143, -0.00665714]), 0.7854, 1.0]
[82, array([ 0.4526, -0.0074]), array([ 0.45147381, -0.00665714]), 0.7854, 1.0]
[82, array([ 0.4526, -0.0074]), array([ 0.45162619, -0.00665714]), 0.7854, 1.0]
[82, array([ 0.4526, -0.0074]), array([ 0.45177857, -0.00665714]), 0.7854, 1.0]
[82, array([ 0.4526, -0.0074]), array([ 0.45193095, -0.00665714]), 0.7854, 1.0]
[82, array([ 0.4526, -0.0074]), array([ 0.45208333, -0.00665714]), 0.7854, 1.0]
[82, array([ 0.4526, -0.0074]), array([ 0.45223571, -0.00665714]), 0.7854, 1.0]
[82, array([ 0.4526, -0.0074]), array([ 0.4523881 , -0.00665714]), 0.7854, 1.0]
[82, array([ 0.4526, -0.0074]), array([ 0.45254048, -0.00665714]), 0.7854, 1.0]
[82, array([ 0.4526, -0.0074]), array([ 0.45269286, -0.00665714]), 0.7854, 1.0]
[82, array([ 0.4526, -0.0074]), array([ 0.45284524, -0.00665714]), 0.7854, 1.0]
[82, array([ 0.4526, -0.0074]), array([ 0.45299762, -0.00665714]), 0.7854, 1.0]
[82, array([ 0.4526, -0.0074]), array([ 0.45315   , -0.00665714]), 0.7854, 1.0]
[82, array([ 0.4526, -0.0074]), array([ 0.44995   , -0.00650476]), 0.7854, 1.0]
[82, array([ 0.4526, -0.0074]), array([ 0.45010238, -0.00650476]), 0.7854, 1.0]
[82, array([ 0.4526, -0.0074]), array([ 0.45025476, -0.00650476]), 0.7854, 1.0]
[82, array([ 0.4526, -0.0074]), array([ 0.45040714, -0.00650476]), 0.7854, 1.0]
[82, array([ 0.4526, -0.0074]), array([ 0.45055952, -0.00650476]), 0.7854, 1.0]
[82, array([ 0.4526, -0.0074]), array([ 0.4507119 , -0.00650476]), 0.7854, 1.0]
[82, array([ 0.4526, -0.0074]), array([ 0.45086429, -0.00650476]), 0.7854, 1.0]
[82, array([ 0.4526, -0.0074]), array([ 0.45101667, -0.00650476]), 0.7854, 1.0]
[82, array([ 0.4526, -0.0074]), array([ 0.45116905, -0.00650476]), 0.7854, 1.0]
[82, array([ 0.4526, -0.0074]), array([ 0.45132143, -0.00650476]), 0.7854, 1.0]
[82, array([ 0.4526, -0.0074]), array([ 0.45147381, -0.00650476]), 0.7854, 1.0]
[82, array([ 0.4526, -0.0074]), array([ 0.45162619, -0.00650476]), 0.7854, 1.0]
[82, array([ 0.4526, -0.0074]), array([ 0.45177857, -0.00650476]), 0.7854, 1.0]
[82, array([ 0.4526, -0.0074]), array([ 0.45193095, -0.00650476]), 0.7854, 1.0]
[82, array([ 0.4526, -0.0074]), array([ 0.45208333, -0.00650476]), 0.7854, 1.0]
[82, array([ 0.4526, -0.0074]), array([ 0.45223571, -0.00650476]), 0.7854, 1.0]
[82, array([ 0.4526, -0.0074]), array([ 0.4523881 , -0.00650476]), 0.7854, 1.0]
[82, array([ 0.4526, -0.0074]), array([ 0.45254048, -0.00650476]), 0.7854, 1.0]
[82, array([ 0.4526, -0.0074]), array([ 0.45269286, -0.00650476]), 0.7854, 1.0]
[82, array([ 0.4526, -0.0074]), array([ 0.45284524, -0.00650476]), 0.7854, 1.0]
[82, array([ 0.4526, -0.0074]), array([ 0.45299762, -0.00650476]), 0.7854, 1.0]
[82, array([ 0.4526, -0.0074]), array([ 0.45315   , -0.00650476]), 0.7854, 1.0]
[82, array([ 0.4526, -0.0074]), array([ 0.44995   , -0.00635238]), 0.7854, 1.0]
[82, array([ 0.4526, -0.0074]), array([ 0.45010238, -0.00635238]), 0.7854, 1.0]
[82, array([ 0.4526, -0.0074]), array([ 0.45025476, -0.00635238]), 0.7854, 1.0]
[82, array([ 0.4526, -0.0074]), array([ 0.45040714, -0.00635238]), 0.7854, 1.0]
[82, array([ 0.4526, -0.0074]), array([ 0.45055952, -0.00635238]), 0.7854, 1.0]
[82, array([ 0.4526, -0.0074]), array([ 0.4507119 , -0.00635238]), 0.7854, 1.0]
[82, array([ 0.4526, -0.0074]), array([ 0.45086429, -0.00635238]), 0.7854, 1.0]
[82, array([ 0.4526, -0.0074]), array([ 0.45101667, -0.00635238]), 0.7854, 1.0]
[82, array([ 0.4526, -0.0074]), array([ 0.45116905, -0.00635238]), 0.7854, 1.0]
[82, array([ 0.4526, -0.0074]), array([ 0.45132143, -0.00635238]), 0.7854, 1.0]
[82, array([ 0.4526, -0.0074]), array([ 0.45147381, -0.00635238]), 0.7854, 1.0]
[82, array([ 0.4526, -0.0074]), array([ 0.45162619, -0.00635238]), 0.7854, 1.0]
[82, array([ 0.4526, -0.0074]), array([ 0.45177857, -0.00635238]), 0.7854, 1.0]
[82, array([ 0.4526, -0.0074]), array([ 0.45193095, -0.00635238]), 0.7854, 1.0]
[82, array([ 0.4526, -0.0074]), array([ 0.45208333, -0.00635238]), 0.7854, 1.0]
[82, array([ 0.4526, -0.0074]), array([ 0.45223571, -0.00635238]), 0.7854, 1.0]
[82, array([ 0.4526, -0.0074]), array([ 0.4523881 , -0.00635238]), 0.7854, 1.0]
[82, array([ 0.4526, -0.0074]), array([ 0.45254048, -0.00635238]), 0.7854, 1.0]
[82, array([ 0.4526, -0.0074]), array([ 0.45269286, -0.00635238]), 0.7854, 1.0]
[82, array([ 0.4526, -0.0074]), array([ 0.45284524, -0.00635238]), 0.7854, 1.0]
[82, array([ 0.4526, -0.0074]), array([ 0.45299762, -0.00635238]), 0.7854, 1.0]
[82, array([ 0.4526, -0.0074]), array([ 0.45315   , -0.00635238]), 0.7854, 1.0]
[82, array([ 0.4526, -0.0074]), array([ 0.44995, -0.0062 ]), 0.7854, 1.0]
[82, array([ 0.4526, -0.0074]), array([ 0.45010238, -0.0062    ]), 0.7854, 1.0]
[82, array([ 0.4526, -0.0074]), array([ 0.45025476, -0.0062    ]), 0.7854, 1.0]
[82, array([ 0.4526, -0.0074]), array([ 0.45040714, -0.0062    ]), 0.7854, 1.0]
[82, array([ 0.4526, -0.0074]), array([ 0.45055952, -0.0062    ]), 0.7854, 1.0]
[82, array([ 0.4526, -0.0074]), array([ 0.4507119, -0.0062   ]), 0.7854, 1.0]
[82, array([ 0.4526, -0.0074]), array([ 0.45086429, -0.0062    ]), 0.7854, 1.0]
[82, array([ 0.4526, -0.0074]), array([ 0.45101667, -0.0062    ]), 0.7854, 1.0]
[82, array([ 0.4526, -0.0074]), array([ 0.45116905, -0.0062    ]), 0.7854, 1.0]
[82, array([ 0.4526, -0.0074]), array([ 0.45132143, -0.0062    ]), 0.7854, 1.0]
[82, array([ 0.4526, -0.0074]), array([ 0.45147381, -0.0062    ]), 0.7854, 1.0]
[82, array([ 0.4526, -0.0074]), array([ 0.45162619, -0.0062    ]), 0.7854, 1.0]
[82, array([ 0.4526, -0.0074]), array([ 0.45177857, -0.0062    ]), 0.7854, 1.0]
[82, array([ 0.4526, -0.0074]), array([ 0.45193095, -0.0062    ]), 0.7854, 1.0]
[82, array([ 0.4526, -0.0074]), array([ 0.45208333, -0.0062    ]), 0.7854, 1.0]
[82, array([ 0.4526, -0.0074]), array([ 0.45223571, -0.0062    ]), 0.7854, 1.0]
[82, array([ 0.4526, -0.0074]), array([ 0.4523881, -0.0062   ]), 0.7854, 1.0]
[82, array([ 0.4526, -0.0074]), array([ 0.45254048, -0.0062    ]), 0.7854, 1.0]
[82, array([ 0.4526, -0.0074]), array([ 0.45269286, -0.0062    ]), 0.7854, 1.0]
[82, array([ 0.4526, -0.0074]), array([ 0.45284524, -0.0062    ]), 0.7854, 1.0]
[82, array([ 0.4526, -0.0074]), array([ 0.45299762, -0.0062    ]), 0.7854, 1.0]
[82, array([ 0.4526, -0.0074]), array([ 0.45315, -0.0062 ]), 0.7854, 1.0]
[73, array([0.4515, 0.0127]), array([0.45785, 0.     ]), 0.7854, 0.0]
[73, array([0.4515, 0.0127]), array([0.45799762, 0.        ]), 0.7854, 0.0]
[73, array([0.4515, 0.0127]), array([0.45814524, 0.        ]), 0.7854, 0.0]
[73, array([0.4515, 0.0127]), array([0.45829286, 0.        ]), 0.7854, 0.0]
[73, array([0.4515, 0.0127]), array([0.45844048, 0.        ]), 0.7854, 0.0]
[73, array([0.4515, 0.0127]), array([0.4585881, 0.       ]), 0.7854, 0.0]
[73, array([0.4515, 0.0127]), array([0.45873571, 0.        ]), 0.7854, 0.0]
[73, array([0.4515, 0.0127]), array([0.45888333, 0.        ]), 0.7854, 0.0]
[73, array([0.4515, 0.0127]), array([0.45903095, 0.        ]), 0.7854, 0.0]
[73, array([0.4515, 0.0127]), array([0.45917857, 0.        ]), 0.7854, 0.0]
[73, array([0.4515, 0.0127]), array([0.45932619, 0.        ]), 0.7854, 0.0]
[73, array([0.4515, 0.0127]), array([0.45947381, 0.        ]), 0.7854, 0.0]
[73, array([0.4515, 0.0127]), array([0.45962143, 0.        ]), 0.7854, 0.0]
[73, array([0.4515, 0.0127]), array([0.45976905, 0.        ]), 0.7854, 0.0]
[73, array([0.4515, 0.0127]), array([0.45991667, 0.        ]), 0.7854, 0.0]
[73, array([0.4515, 0.0127]), array([0.46006429, 0.        ]), 0.7854, 0.0]
[73, array([0.4515, 0.0127]), array([0.4602119, 0.       ]), 0.7854, 0.0]
[73, array([0.4515, 0.0127]), array([0.46035952, 0.        ]), 0.7854, 0.0]
[73, array([0.4515, 0.0127]), array([0.46050714, 0.        ]), 0.7854, 0.0]
[73, array([0.4515, 0.0127]), array([0.46065476, 0.        ]), 0.7854, 0.0]
[73, array([0.4515, 0.0127]), array([0.46080238, 0.        ]), 0.7854, 0.0]
[73, array([0.4515, 0.0127]), array([0.46095, 0.     ]), 0.7854, 0.0]
[73, array([0.4515, 0.0127]), array([4.57850000e-01, 1.47619048e-04]), 0.7854, 0.0]
[73, array([0.4515, 0.0127]), array([4.57997619e-01, 1.47619048e-04]), 0.7854, 0.0]
[73, array([0.4515, 0.0127]), array([4.58145238e-01, 1.47619048e-04]), 0.7854, 0.0]
[73, array([0.4515, 0.0127]), array([4.58292857e-01, 1.47619048e-04]), 0.7854, 0.0]
[73, array([0.4515, 0.0127]), array([4.58440476e-01, 1.47619048e-04]), 0.7854, 0.0]
[73, array([0.4515, 0.0127]), array([4.58588095e-01, 1.47619048e-04]), 0.7854, 0.0]
[73, array([0.4515, 0.0127]), array([4.58735714e-01, 1.47619048e-04]), 0.7854, 0.0]
[73, array([0.4515, 0.0127]), array([4.58883333e-01, 1.47619048e-04]), 0.7854, 0.0]
[73, array([0.4515, 0.0127]), array([4.59030952e-01, 1.47619048e-04]), 0.7854, 0.0]
[73, array([0.4515, 0.0127]), array([4.59178571e-01, 1.47619048e-04]), 0.7854, 0.0]
[73, array([0.4515, 0.0127]), array([4.59326190e-01, 1.47619048e-04]), 0.7854, 0.0]
[73, array([0.4515, 0.0127]), array([4.59473810e-01, 1.47619048e-04]), 0.7854, 0.0]
[73, array([0.4515, 0.0127]), array([4.59621429e-01, 1.47619048e-04]), 0.7854, 0.0]
[73, array([0.4515, 0.0127]), array([4.59769048e-01, 1.47619048e-04]), 0.7854, 0.0]
[73, array([0.4515, 0.0127]), array([4.59916667e-01, 1.47619048e-04]), 0.7854, 0.0]
[73, array([0.4515, 0.0127]), array([4.60064286e-01, 1.47619048e-04]), 0.7854, 0.0]
[73, array([0.4515, 0.0127]), array([4.60211905e-01, 1.47619048e-04]), 0.7854, 0.0]
[73, array([0.4515, 0.0127]), array([4.60359524e-01, 1.47619048e-04]), 0.7854, 0.0]
[73, array([0.4515, 0.0127]), array([4.60507143e-01, 1.47619048e-04]), 0.7854, 0.0]
[73, array([0.4515, 0.0127]), array([4.60654762e-01, 1.47619048e-04]), 0.7854, 0.0]
[73, array([0.4515, 0.0127]), array([4.60802381e-01, 1.47619048e-04]), 0.7854, 0.0]
[73, array([0.4515, 0.0127]), array([4.60950000e-01, 1.47619048e-04]), 0.7854, 0.0]
[73, array([0.4515, 0.0127]), array([4.57850000e-01, 2.95238095e-04]), 0.7854, 0.0]
[73, array([0.4515, 0.0127]), array([4.57997619e-01, 2.95238095e-04]), 0.7854, 0.0]
[73, array([0.4515, 0.0127]), array([4.58145238e-01, 2.95238095e-04]), 0.7854, 0.0]
[73, array([0.4515, 0.0127]), array([4.58292857e-01, 2.95238095e-04]), 0.7854, 0.0]
[73, array([0.4515, 0.0127]), array([4.58440476e-01, 2.95238095e-04]), 0.7854, 0.0]
[73, array([0.4515, 0.0127]), array([4.58588095e-01, 2.95238095e-04]), 0.7854, 0.0]
[73, array([0.4515, 0.0127]), array([4.58735714e-01, 2.95238095e-04]), 0.7854, 0.0]
[73, array([0.4515, 0.0127]), array([4.58883333e-01, 2.95238095e-04]), 0.7854, 0.0]
[73, array([0.4515, 0.0127]), array([4.59030952e-01, 2.95238095e-04]), 0.7854, 0.0]
[73, array([0.4515, 0.0127]), array([4.59178571e-01, 2.95238095e-04]), 0.7854, 0.0]
[73, array([0.4515, 0.0127]), array([4.59326190e-01, 2.95238095e-04]), 0.7854, 0.0]
[73, array([0.4515, 0.0127]), array([4.59473810e-01, 2.95238095e-04]), 0.7854, 0.0]
[73, array([0.4515, 0.0127]), array([4.59621429e-01, 2.95238095e-04]), 0.7854, 0.0]
[73, array([0.4515, 0.0127]), array([4.59769048e-01, 2.95238095e-04]), 0.7854, 0.0]
[73, array([0.4515, 0.0127]), array([4.59916667e-01, 2.95238095e-04]), 0.7854, 0.0]
[73, array([0.4515, 0.0127]), array([4.60064286e-01, 2.95238095e-04]), 0.7854, 0.0]
[73, array([0.4515, 0.0127]), array([4.60211905e-01, 2.95238095e-04]), 0.7854, 0.0]
[73, array([0.4515, 0.0127]), array([4.60359524e-01, 2.95238095e-04]), 0.7854, 0.0]
[73, array([0.4515, 0.0127]), array([4.60507143e-01, 2.95238095e-04]), 0.7854, 0.0]
[73, array([0.4515, 0.0127]), array([4.60654762e-01, 2.95238095e-04]), 0.7854, 0.0]
[73, array([0.4515, 0.0127]), array([4.60802381e-01, 2.95238095e-04]), 0.7854, 0.0]
[73, array([0.4515, 0.0127]), array([4.60950000e-01, 2.95238095e-04]), 0.7854, 0.0]
[73, array([0.4515, 0.0127]), array([4.57850000e-01, 4.42857143e-04]), 0.7854, 0.0]
[73, array([0.4515, 0.0127]), array([4.57997619e-01, 4.42857143e-04]), 0.7854, 0.0]
[73, array([0.4515, 0.0127]), array([4.58145238e-01, 4.42857143e-04]), 0.7854, 0.0]
[73, array([0.4515, 0.0127]), array([4.58292857e-01, 4.42857143e-04]), 0.7854, 0.0]
[73, array([0.4515, 0.0127]), array([4.58440476e-01, 4.42857143e-04]), 0.7854, 0.0]
[73, array([0.4515, 0.0127]), array([4.58588095e-01, 4.42857143e-04]), 0.7854, 0.0]
[73, array([0.4515, 0.0127]), array([4.58735714e-01, 4.42857143e-04]), 0.7854, 0.0]
[73, array([0.4515, 0.0127]), array([4.58883333e-01, 4.42857143e-04]), 0.7854, 0.0]
[73, array([0.4515, 0.0127]), array([4.59030952e-01, 4.42857143e-04]), 0.7854, 0.0]
[73, array([0.4515, 0.0127]), array([4.59178571e-01, 4.42857143e-04]), 0.7854, 0.0]
[73, array([0.4515, 0.0127]), array([4.59326190e-01, 4.42857143e-04]), 0.7854, 0.0]
[73, array([0.4515, 0.0127]), array([4.59473810e-01, 4.42857143e-04]), 0.7854, 0.0]
[73, array([0.4515, 0.0127]), array([4.59621429e-01, 4.42857143e-04]), 0.7854, 0.0]
[73, array([0.4515, 0.0127]), array([4.59769048e-01, 4.42857143e-04]), 0.7854, 0.0]
[73, array([0.4515, 0.0127]), array([4.59916667e-01, 4.42857143e-04]), 0.7854, 0.0]
[73, array([0.4515, 0.0127]), array([4.60064286e-01, 4.42857143e-04]), 0.7854, 0.0]
[73, array([0.4515, 0.0127]), array([4.60211905e-01, 4.42857143e-04]), 0.7854, 0.0]
[73, array([0.4515, 0.0127]), array([4.60359524e-01, 4.42857143e-04]), 0.7854, 0.0]
[73, array([0.4515, 0.0127]), array([4.60507143e-01, 4.42857143e-04]), 0.7854, 0.0]
[73, array([0.4515, 0.0127]), array([4.60654762e-01, 4.42857143e-04]), 0.7854, 0.0]
[73, array([0.4515, 0.0127]), array([4.60802381e-01, 4.42857143e-04]), 0.7854, 0.0]
[73, array([0.4515, 0.0127]), array([4.60950000e-01, 4.42857143e-04]), 0.7854, 0.0]
[73, array([0.4515, 0.0127]), array([0.45785   , 0.00059048]), 0.7854, 1.0]
[73, array([0.4515, 0.0127]), array([0.45799762, 0.00059048]), 0.7854, 1.0]
[73, array([0.4515, 0.0127]), array([0.45814524, 0.00059048]), 0.7854, 0.0]
[73, array([0.4515, 0.0127]), array([0.45829286, 0.00059048]), 0.7854, 0.0]
[73, array([0.4515, 0.0127]), array([0.45844048, 0.00059048]), 0.7854, 0.0]
[73, array([0.4515, 0.0127]), array([0.4585881 , 0.00059048]), 0.7854, 0.0]
[73, array([0.4515, 0.0127]), array([0.45873571, 0.00059048]), 0.7854, 0.0]
[73, array([0.4515, 0.0127]), array([0.45888333, 0.00059048]), 0.7854, 0.0]
[73, array([0.4515, 0.0127]), array([0.45903095, 0.00059048]), 0.7854, 0.0]
[73, array([0.4515, 0.0127]), array([0.45917857, 0.00059048]), 0.7854, 0.0]
[73, array([0.4515, 0.0127]), array([0.45932619, 0.00059048]), 0.7854, 0.0]
[73, array([0.4515, 0.0127]), array([0.45947381, 0.00059048]), 0.7854, 0.0]
[73, array([0.4515, 0.0127]), array([0.45962143, 0.00059048]), 0.7854, 0.0]
[73, array([0.4515, 0.0127]), array([0.45976905, 0.00059048]), 0.7854, 0.0]
[73, array([0.4515, 0.0127]), array([0.45991667, 0.00059048]), 0.7854, 0.0]
[73, array([0.4515, 0.0127]), array([0.46006429, 0.00059048]), 0.7854, 0.0]
[73, array([0.4515, 0.0127]), array([0.4602119 , 0.00059048]), 0.7854, 0.0]
[73, array([0.4515, 0.0127]), array([0.46035952, 0.00059048]), 0.7854, 0.0]
[73, array([0.4515, 0.0127]), array([0.46050714, 0.00059048]), 0.7854, 0.0]
[73, array([0.4515, 0.0127]), array([0.46065476, 0.00059048]), 0.7854, 0.0]
[73, array([0.4515, 0.0127]), array([0.46080238, 0.00059048]), 0.7854, 0.0]
[73, array([0.4515, 0.0127]), array([0.46095   , 0.00059048]), 0.7854, 0.0]
[73, array([0.4515, 0.0127]), array([0.45785  , 0.0007381]), 0.7854, 1.0]
[73, array([0.4515, 0.0127]), array([0.45799762, 0.0007381 ]), 0.7854, 0.0]
[73, array([0.4515, 0.0127]), array([0.45814524, 0.0007381 ]), 0.7854, 0.0]
[73, array([0.4515, 0.0127]), array([0.45829286, 0.0007381 ]), 0.7854, 0.0]
[73, array([0.4515, 0.0127]), array([0.45844048, 0.0007381 ]), 0.7854, 0.0]
[73, array([0.4515, 0.0127]), array([0.4585881, 0.0007381]), 0.7854, 0.0]
[73, array([0.4515, 0.0127]), array([0.45873571, 0.0007381 ]), 0.7854, 0.0]
[73, array([0.4515, 0.0127]), array([0.45888333, 0.0007381 ]), 0.7854, 0.0]
[73, array([0.4515, 0.0127]), array([0.45903095, 0.0007381 ]), 0.7854, 0.0]
[73, array([0.4515, 0.0127]), array([0.45917857, 0.0007381 ]), 0.7854, 0.0]
[73, array([0.4515, 0.0127]), array([0.45932619, 0.0007381 ]), 0.7854, 0.0]
[73, array([0.4515, 0.0127]), array([0.45947381, 0.0007381 ]), 0.7854, 0.0]
[73, array([0.4515, 0.0127]), array([0.45962143, 0.0007381 ]), 0.7854, 0.0]
[73, array([0.4515, 0.0127]), array([0.45976905, 0.0007381 ]), 0.7854, 0.0]
[73, array([0.4515, 0.0127]), array([0.45991667, 0.0007381 ]), 0.7854, 0.0]
[73, array([0.4515, 0.0127]), array([0.46006429, 0.0007381 ]), 0.7854, 0.0]
[73, array([0.4515, 0.0127]), array([0.4602119, 0.0007381]), 0.7854, 0.0]
[73, array([0.4515, 0.0127]), array([0.46035952, 0.0007381 ]), 0.7854, 0.0]
[73, array([0.4515, 0.0127]), array([0.46050714, 0.0007381 ]), 0.7854, 0.0]
[73, array([0.4515, 0.0127]), array([0.46065476, 0.0007381 ]), 0.7854, 0.0]
[73, array([0.4515, 0.0127]), array([0.46080238, 0.0007381 ]), 0.7854, 0.0]
[73, array([0.4515, 0.0127]), array([0.46095  , 0.0007381]), 0.7854, 0.0]
[73, array([0.4515, 0.0127]), array([0.45785   , 0.00088571]), 0.7854, 1.0]
[73, array([0.4515, 0.0127]), array([0.45799762, 0.00088571]), 0.7854, 0.0]
[73, array([0.4515, 0.0127]), array([0.45814524, 0.00088571]), 0.7854, 0.0]
[73, array([0.4515, 0.0127]), array([0.45829286, 0.00088571]), 0.7854, 0.0]
[73, array([0.4515, 0.0127]), array([0.45844048, 0.00088571]), 0.7854, 0.0]
[73, array([0.4515, 0.0127]), array([0.4585881 , 0.00088571]), 0.7854, 0.0]
[73, array([0.4515, 0.0127]), array([0.45873571, 0.00088571]), 0.7854, 0.0]
[73, array([0.4515, 0.0127]), array([0.45888333, 0.00088571]), 0.7854, 0.0]
[73, array([0.4515, 0.0127]), array([0.45903095, 0.00088571]), 0.7854, 0.0]
[73, array([0.4515, 0.0127]), array([0.45917857, 0.00088571]), 0.7854, 0.0]
[73, array([0.4515, 0.0127]), array([0.45932619, 0.00088571]), 0.7854, 0.0]
[73, array([0.4515, 0.0127]), array([0.45947381, 0.00088571]), 0.7854, 0.0]
[73, array([0.4515, 0.0127]), array([0.45962143, 0.00088571]), 0.7854, 0.0]
[73, array([0.4515, 0.0127]), array([0.45976905, 0.00088571]), 0.7854, 0.0]
[73, array([0.4515, 0.0127]), array([0.45991667, 0.00088571]), 0.7854, 0.0]
[73, array([0.4515, 0.0127]), array([0.46006429, 0.00088571]), 0.7854, 0.0]
[73, array([0.4515, 0.0127]), array([0.4602119 , 0.00088571]), 0.7854, 0.0]
[73, array([0.4515, 0.0127]), array([0.46035952, 0.00088571]), 0.7854, 0.0]
[73, array([0.4515, 0.0127]), array([0.46050714, 0.00088571]), 0.7854, 0.0]
[73, array([0.4515, 0.0127]), array([0.46065476, 0.00088571]), 0.7854, 0.0]
[73, array([0.4515, 0.0127]), array([0.46080238, 0.00088571]), 0.7854, 0.0]
[73, array([0.4515, 0.0127]), array([0.46095   , 0.00088571]), 0.7854, 0.0]
[73, array([0.4515, 0.0127]), array([0.45785   , 0.00103333]), 0.7854, 1.0]
[73, array([0.4515, 0.0127]), array([0.45799762, 0.00103333]), 0.7854, 0.0]
[73, array([0.4515, 0.0127]), array([0.45814524, 0.00103333]), 0.7854, 0.0]
[73, array([0.4515, 0.0127]), array([0.45829286, 0.00103333]), 0.7854, 1.0]
[73, array([0.4515, 0.0127]), array([0.45844048, 0.00103333]), 0.7854, 0.0]
[73, array([0.4515, 0.0127]), array([0.4585881 , 0.00103333]), 0.7854, 0.0]
[73, array([0.4515, 0.0127]), array([0.45873571, 0.00103333]), 0.7854, 0.0]
[73, array([0.4515, 0.0127]), array([0.45888333, 0.00103333]), 0.7854, 0.0]
[73, array([0.4515, 0.0127]), array([0.45903095, 0.00103333]), 0.7854, 0.0]
[73, array([0.4515, 0.0127]), array([0.45917857, 0.00103333]), 0.7854, 0.0]
[73, array([0.4515, 0.0127]), array([0.45932619, 0.00103333]), 0.7854, 0.0]
[73, array([0.4515, 0.0127]), array([0.45947381, 0.00103333]), 0.7854, 0.0]
[73, array([0.4515, 0.0127]), array([0.45962143, 0.00103333]), 0.7854, 0.0]
[73, array([0.4515, 0.0127]), array([0.45976905, 0.00103333]), 0.7854, 0.0]
[73, array([0.4515, 0.0127]), array([0.45991667, 0.00103333]), 0.7854, 0.0]
[73, array([0.4515, 0.0127]), array([0.46006429, 0.00103333]), 0.7854, 0.0]
[73, array([0.4515, 0.0127]), array([0.4602119 , 0.00103333]), 0.7854, 0.0]
[73, array([0.4515, 0.0127]), array([0.46035952, 0.00103333]), 0.7854, 0.0]
[73, array([0.4515, 0.0127]), array([0.46050714, 0.00103333]), 0.7854, 0.0]
[73, array([0.4515, 0.0127]), array([0.46065476, 0.00103333]), 0.7854, 0.0]
[73, array([0.4515, 0.0127]), array([0.46080238, 0.00103333]), 0.7854, 0.0]
[73, array([0.4515, 0.0127]), array([0.46095   , 0.00103333]), 0.7854, 0.0]
[73, array([0.4515, 0.0127]), array([0.45785   , 0.00118095]), 0.7854, 1.0]
[73, array([0.4515, 0.0127]), array([0.45799762, 0.00118095]), 0.7854, 1.0]
[73, array([0.4515, 0.0127]), array([0.45814524, 0.00118095]), 0.7854, 1.0]
[73, array([0.4515, 0.0127]), array([0.45829286, 0.00118095]), 0.7854, 0.0]
[73, array([0.4515, 0.0127]), array([0.45844048, 0.00118095]), 0.7854, 0.0]
[73, array([0.4515, 0.0127]), array([0.4585881 , 0.00118095]), 0.7854, 0.0]
[73, array([0.4515, 0.0127]), array([0.45873571, 0.00118095]), 0.7854, 0.0]
[73, array([0.4515, 0.0127]), array([0.45888333, 0.00118095]), 0.7854, 0.0]
[73, array([0.4515, 0.0127]), array([0.45903095, 0.00118095]), 0.7854, 0.0]
[73, array([0.4515, 0.0127]), array([0.45917857, 0.00118095]), 0.7854, 0.0]
[73, array([0.4515, 0.0127]), array([0.45932619, 0.00118095]), 0.7854, 0.0]
[73, array([0.4515, 0.0127]), array([0.45947381, 0.00118095]), 0.7854, 0.0]
[73, array([0.4515, 0.0127]), array([0.45962143, 0.00118095]), 0.7854, 0.0]
[73, array([0.4515, 0.0127]), array([0.45976905, 0.00118095]), 0.7854, 0.0]
[73, array([0.4515, 0.0127]), array([0.45991667, 0.00118095]), 0.7854, 0.0]
[73, array([0.4515, 0.0127]), array([0.46006429, 0.00118095]), 0.7854, 0.0]
[73, array([0.4515, 0.0127]), array([0.4602119 , 0.00118095]), 0.7854, 0.0]
[73, array([0.4515, 0.0127]), array([0.46035952, 0.00118095]), 0.7854, 0.0]
[73, array([0.4515, 0.0127]), array([0.46050714, 0.00118095]), 0.7854, 0.0]
[73, array([0.4515, 0.0127]), array([0.46065476, 0.00118095]), 0.7854, 0.0]
[73, array([0.4515, 0.0127]), array([0.46080238, 0.00118095]), 0.7854, 0.0]
[73, array([0.4515, 0.0127]), array([0.46095   , 0.00118095]), 0.7854, 0.0]
[73, array([0.4515, 0.0127]), array([0.45785   , 0.00132857]), 0.7854, 1.0]
[73, array([0.4515, 0.0127]), array([0.45799762, 0.00132857]), 0.7854, 1.0]
[73, array([0.4515, 0.0127]), array([0.45814524, 0.00132857]), 0.7854, 0.0]
[73, array([0.4515, 0.0127]), array([0.45829286, 0.00132857]), 0.7854, 0.0]
[73, array([0.4515, 0.0127]), array([0.45844048, 0.00132857]), 0.7854, 0.0]
[73, array([0.4515, 0.0127]), array([0.4585881 , 0.00132857]), 0.7854, 0.0]
[73, array([0.4515, 0.0127]), array([0.45873571, 0.00132857]), 0.7854, 0.0]
[73, array([0.4515, 0.0127]), array([0.45888333, 0.00132857]), 0.7854, 0.0]
[73, array([0.4515, 0.0127]), array([0.45903095, 0.00132857]), 0.7854, 0.0]
[73, array([0.4515, 0.0127]), array([0.45917857, 0.00132857]), 0.7854, 0.0]
[73, array([0.4515, 0.0127]), array([0.45932619, 0.00132857]), 0.7854, 0.0]
[73, array([0.4515, 0.0127]), array([0.45947381, 0.00132857]), 0.7854, 0.0]
[73, array([0.4515, 0.0127]), array([0.45962143, 0.00132857]), 0.7854, 0.0]
[73, array([0.4515, 0.0127]), array([0.45976905, 0.00132857]), 0.7854, 0.0]
[73, array([0.4515, 0.0127]), array([0.45991667, 0.00132857]), 0.7854, 0.0]
[73, array([0.4515, 0.0127]), array([0.46006429, 0.00132857]), 0.7854, 0.0]
[73, array([0.4515, 0.0127]), array([0.4602119 , 0.00132857]), 0.7854, 0.0]
[73, array([0.4515, 0.0127]), array([0.46035952, 0.00132857]), 0.7854, 0.0]
[73, array([0.4515, 0.0127]), array([0.46050714, 0.00132857]), 0.7854, 0.0]
[73, array([0.4515, 0.0127]), array([0.46065476, 0.00132857]), 0.7854, 0.0]
[73, array([0.4515, 0.0127]), array([0.46080238, 0.00132857]), 0.7854, 0.0]
[73, array([0.4515, 0.0127]), array([0.46095   , 0.00132857]), 0.7854, 0.0]
[73, array([0.4515, 0.0127]), array([0.45785   , 0.00147619]), 0.7854, 1.0]
[73, array([0.4515, 0.0127]), array([0.45799762, 0.00147619]), 0.7854, 1.0]
[73, array([0.4515, 0.0127]), array([0.45814524, 0.00147619]), 0.7854, 0.0]
[73, array([0.4515, 0.0127]), array([0.45829286, 0.00147619]), 0.7854, 0.0]
[73, array([0.4515, 0.0127]), array([0.45844048, 0.00147619]), 0.7854, 0.0]
[73, array([0.4515, 0.0127]), array([0.4585881 , 0.00147619]), 0.7854, 0.0]
[73, array([0.4515, 0.0127]), array([0.45873571, 0.00147619]), 0.7854, 0.0]
[73, array([0.4515, 0.0127]), array([0.45888333, 0.00147619]), 0.7854, 0.0]
[73, array([0.4515, 0.0127]), array([0.45903095, 0.00147619]), 0.7854, 0.0]
[73, array([0.4515, 0.0127]), array([0.45917857, 0.00147619]), 0.7854, 0.0]
[73, array([0.4515, 0.0127]), array([0.45932619, 0.00147619]), 0.7854, 0.0]
[73, array([0.4515, 0.0127]), array([0.45947381, 0.00147619]), 0.7854, 0.0]
[73, array([0.4515, 0.0127]), array([0.45962143, 0.00147619]), 0.7854, 0.0]
[73, array([0.4515, 0.0127]), array([0.45976905, 0.00147619]), 0.7854, 0.0]
[73, array([0.4515, 0.0127]), array([0.45991667, 0.00147619]), 0.7854, 0.0]
[73, array([0.4515, 0.0127]), array([0.46006429, 0.00147619]), 0.7854, 0.0]
[73, array([0.4515, 0.0127]), array([0.4602119 , 0.00147619]), 0.7854, 0.0]
[73, array([0.4515, 0.0127]), array([0.46035952, 0.00147619]), 0.7854, 0.0]
[73, array([0.4515, 0.0127]), array([0.46050714, 0.00147619]), 0.7854, 0.0]
[73, array([0.4515, 0.0127]), array([0.46065476, 0.00147619]), 0.7854, 0.0]
[73, array([0.4515, 0.0127]), array([0.46080238, 0.00147619]), 0.7854, 0.0]
[73, array([0.4515, 0.0127]), array([0.46095   , 0.00147619]), 0.7854, 0.0]
[73, array([0.4515, 0.0127]), array([0.45785   , 0.00162381]), 0.7854, 1.0]
[73, array([0.4515, 0.0127]), array([0.45799762, 0.00162381]), 0.7854, 1.0]
[73, array([0.4515, 0.0127]), array([0.45814524, 0.00162381]), 0.7854, 1.0]
[73, array([0.4515, 0.0127]), array([0.45829286, 0.00162381]), 0.7854, 0.0]
[73, array([0.4515, 0.0127]), array([0.45844048, 0.00162381]), 0.7854, 0.0]
[73, array([0.4515, 0.0127]), array([0.4585881 , 0.00162381]), 0.7854, 0.0]
[73, array([0.4515, 0.0127]), array([0.45873571, 0.00162381]), 0.7854, 0.0]
[73, array([0.4515, 0.0127]), array([0.45888333, 0.00162381]), 0.7854, 0.0]
[73, array([0.4515, 0.0127]), array([0.45903095, 0.00162381]), 0.7854, 0.0]
[73, array([0.4515, 0.0127]), array([0.45917857, 0.00162381]), 0.7854, 0.0]
[73, array([0.4515, 0.0127]), array([0.45932619, 0.00162381]), 0.7854, 0.0]
[73, array([0.4515, 0.0127]), array([0.45947381, 0.00162381]), 0.7854, 0.0]
[73, array([0.4515, 0.0127]), array([0.45962143, 0.00162381]), 0.7854, 0.0]
[73, array([0.4515, 0.0127]), array([0.45976905, 0.00162381]), 0.7854, 0.0]
[73, array([0.4515, 0.0127]), array([0.45991667, 0.00162381]), 0.7854, 0.0]
[73, array([0.4515, 0.0127]), array([0.46006429, 0.00162381]), 0.7854, 0.0]
[73, array([0.4515, 0.0127]), array([0.4602119 , 0.00162381]), 0.7854, 0.0]
[73, array([0.4515, 0.0127]), array([0.46035952, 0.00162381]), 0.7854, 0.0]
[73, array([0.4515, 0.0127]), array([0.46050714, 0.00162381]), 0.7854, 0.0]
[73, array([0.4515, 0.0127]), array([0.46065476, 0.00162381]), 0.7854, 0.0]
[73, array([0.4515, 0.0127]), array([0.46080238, 0.00162381]), 0.7854, 0.0]
[73, array([0.4515, 0.0127]), array([0.46095   , 0.00162381]), 0.7854, 0.0]
[73, array([0.4515, 0.0127]), array([0.45785   , 0.00177143]), 0.7854, 1.0]
[73, array([0.4515, 0.0127]), array([0.45799762, 0.00177143]), 0.7854, 1.0]
[73, array([0.4515, 0.0127]), array([0.45814524, 0.00177143]), 0.7854, 1.0]
[73, array([0.4515, 0.0127]), array([0.45829286, 0.00177143]), 0.7854, 0.0]
[73, array([0.4515, 0.0127]), array([0.45844048, 0.00177143]), 0.7854, 0.0]
[73, array([0.4515, 0.0127]), array([0.4585881 , 0.00177143]), 0.7854, 0.0]
[73, array([0.4515, 0.0127]), array([0.45873571, 0.00177143]), 0.7854, 0.0]
[73, array([0.4515, 0.0127]), array([0.45888333, 0.00177143]), 0.7854, 0.0]
[73, array([0.4515, 0.0127]), array([0.45903095, 0.00177143]), 0.7854, 0.0]
[73, array([0.4515, 0.0127]), array([0.45917857, 0.00177143]), 0.7854, 0.0]
[73, array([0.4515, 0.0127]), array([0.45932619, 0.00177143]), 0.7854, 0.0]
[73, array([0.4515, 0.0127]), array([0.45947381, 0.00177143]), 0.7854, 0.0]
[73, array([0.4515, 0.0127]), array([0.45962143, 0.00177143]), 0.7854, 0.0]
[73, array([0.4515, 0.0127]), array([0.45976905, 0.00177143]), 0.7854, 0.0]
[73, array([0.4515, 0.0127]), array([0.45991667, 0.00177143]), 0.7854, 0.0]
[73, array([0.4515, 0.0127]), array([0.46006429, 0.00177143]), 0.7854, 0.0]
[73, array([0.4515, 0.0127]), array([0.4602119 , 0.00177143]), 0.7854, 0.0]
[73, array([0.4515, 0.0127]), array([0.46035952, 0.00177143]), 0.7854, 0.0]
[73, array([0.4515, 0.0127]), array([0.46050714, 0.00177143]), 0.7854, 0.0]
[73, array([0.4515, 0.0127]), array([0.46065476, 0.00177143]), 0.7854, 0.0]
[73, array([0.4515, 0.0127]), array([0.46080238, 0.00177143]), 0.7854, 0.0]
[73, array([0.4515, 0.0127]), array([0.46095   , 0.00177143]), 0.7854, 0.0]
[73, array([0.4515, 0.0127]), array([0.45785   , 0.00191905]), 0.7854, 1.0]
[73, array([0.4515, 0.0127]), array([0.45799762, 0.00191905]), 0.7854, 1.0]
[73, array([0.4515, 0.0127]), array([0.45814524, 0.00191905]), 0.7854, 1.0]
[73, array([0.4515, 0.0127]), array([0.45829286, 0.00191905]), 0.7854, 1.0]
[73, array([0.4515, 0.0127]), array([0.45844048, 0.00191905]), 0.7854, 0.0]
[73, array([0.4515, 0.0127]), array([0.4585881 , 0.00191905]), 0.7854, 0.0]
[73, array([0.4515, 0.0127]), array([0.45873571, 0.00191905]), 0.7854, 0.0]
[73, array([0.4515, 0.0127]), array([0.45888333, 0.00191905]), 0.7854, 0.0]
[73, array([0.4515, 0.0127]), array([0.45903095, 0.00191905]), 0.7854, 0.0]
[73, array([0.4515, 0.0127]), array([0.45917857, 0.00191905]), 0.7854, 0.0]
[73, array([0.4515, 0.0127]), array([0.45932619, 0.00191905]), 0.7854, 0.0]
[73, array([0.4515, 0.0127]), array([0.45947381, 0.00191905]), 0.7854, 0.0]
[73, array([0.4515, 0.0127]), array([0.45962143, 0.00191905]), 0.7854, 0.0]
[73, array([0.4515, 0.0127]), array([0.45976905, 0.00191905]), 0.7854, 0.0]
[73, array([0.4515, 0.0127]), array([0.45991667, 0.00191905]), 0.7854, 0.0]
[73, array([0.4515, 0.0127]), array([0.46006429, 0.00191905]), 0.7854, 0.0]
[73, array([0.4515, 0.0127]), array([0.4602119 , 0.00191905]), 0.7854, 0.0]
[73, array([0.4515, 0.0127]), array([0.46035952, 0.00191905]), 0.7854, 0.0]
[73, array([0.4515, 0.0127]), array([0.46050714, 0.00191905]), 0.7854, 0.0]
[73, array([0.4515, 0.0127]), array([0.46065476, 0.00191905]), 0.7854, 0.0]
[73, array([0.4515, 0.0127]), array([0.46080238, 0.00191905]), 0.7854, 0.0]
[73, array([0.4515, 0.0127]), array([0.46095   , 0.00191905]), 0.7854, 0.0]
[73, array([0.4515, 0.0127]), array([0.45785   , 0.00206667]), 0.7854, 1.0]
[73, array([0.4515, 0.0127]), array([0.45799762, 0.00206667]), 0.7854, 1.0]
[73, array([0.4515, 0.0127]), array([0.45814524, 0.00206667]), 0.7854, 1.0]
[73, array([0.4515, 0.0127]), array([0.45829286, 0.00206667]), 0.7854, 1.0]
[73, array([0.4515, 0.0127]), array([0.45844048, 0.00206667]), 0.7854, 0.0]
[73, array([0.4515, 0.0127]), array([0.4585881 , 0.00206667]), 0.7854, 0.0]
[73, array([0.4515, 0.0127]), array([0.45873571, 0.00206667]), 0.7854, 0.0]
[73, array([0.4515, 0.0127]), array([0.45888333, 0.00206667]), 0.7854, 0.0]
[73, array([0.4515, 0.0127]), array([0.45903095, 0.00206667]), 0.7854, 0.0]
[73, array([0.4515, 0.0127]), array([0.45917857, 0.00206667]), 0.7854, 0.0]
[73, array([0.4515, 0.0127]), array([0.45932619, 0.00206667]), 0.7854, 1.0]
[73, array([0.4515, 0.0127]), array([0.45947381, 0.00206667]), 0.7854, 0.0]
[73, array([0.4515, 0.0127]), array([0.45962143, 0.00206667]), 0.7854, 0.0]
[73, array([0.4515, 0.0127]), array([0.45976905, 0.00206667]), 0.7854, 0.0]
[73, array([0.4515, 0.0127]), array([0.45991667, 0.00206667]), 0.7854, 0.0]
[73, array([0.4515, 0.0127]), array([0.46006429, 0.00206667]), 0.7854, 0.0]
[73, array([0.4515, 0.0127]), array([0.4602119 , 0.00206667]), 0.7854, 0.0]
[73, array([0.4515, 0.0127]), array([0.46035952, 0.00206667]), 0.7854, 0.0]
[73, array([0.4515, 0.0127]), array([0.46050714, 0.00206667]), 0.7854, 0.0]
[73, array([0.4515, 0.0127]), array([0.46065476, 0.00206667]), 0.7854, 0.0]
[73, array([0.4515, 0.0127]), array([0.46080238, 0.00206667]), 0.7854, 0.0]
[73, array([0.4515, 0.0127]), array([0.46095   , 0.00206667]), 0.7854, 0.0]
[73, array([0.4515, 0.0127]), array([0.45785   , 0.00221429]), 0.7854, 1.0]
[73, array([0.4515, 0.0127]), array([0.45799762, 0.00221429]), 0.7854, 1.0]
[73, array([0.4515, 0.0127]), array([0.45814524, 0.00221429]), 0.7854, 1.0]
[73, array([0.4515, 0.0127]), array([0.45829286, 0.00221429]), 0.7854, 1.0]
[73, array([0.4515, 0.0127]), array([0.45844048, 0.00221429]), 0.7854, 1.0]
[73, array([0.4515, 0.0127]), array([0.4585881 , 0.00221429]), 0.7854, 0.0]
[73, array([0.4515, 0.0127]), array([0.45873571, 0.00221429]), 0.7854, 0.0]
[73, array([0.4515, 0.0127]), array([0.45888333, 0.00221429]), 0.7854, 0.0]
[73, array([0.4515, 0.0127]), array([0.45903095, 0.00221429]), 0.7854, 0.0]
[73, array([0.4515, 0.0127]), array([0.45917857, 0.00221429]), 0.7854, 1.0]
[73, array([0.4515, 0.0127]), array([0.45932619, 0.00221429]), 0.7854, 1.0]
[73, array([0.4515, 0.0127]), array([0.45947381, 0.00221429]), 0.7854, 0.0]
[73, array([0.4515, 0.0127]), array([0.45962143, 0.00221429]), 0.7854, 0.0]
[73, array([0.4515, 0.0127]), array([0.45976905, 0.00221429]), 0.7854, 0.0]
[73, array([0.4515, 0.0127]), array([0.45991667, 0.00221429]), 0.7854, 0.0]
[73, array([0.4515, 0.0127]), array([0.46006429, 0.00221429]), 0.7854, 0.0]
[73, array([0.4515, 0.0127]), array([0.4602119 , 0.00221429]), 0.7854, 0.0]
[73, array([0.4515, 0.0127]), array([0.46035952, 0.00221429]), 0.7854, 0.0]
[73, array([0.4515, 0.0127]), array([0.46050714, 0.00221429]), 0.7854, 0.0]
[73, array([0.4515, 0.0127]), array([0.46065476, 0.00221429]), 0.7854, 0.0]
[73, array([0.4515, 0.0127]), array([0.46080238, 0.00221429]), 0.7854, 0.0]
[73, array([0.4515, 0.0127]), array([0.46095   , 0.00221429]), 0.7854, 0.0]
[73, array([0.4515, 0.0127]), array([0.45785  , 0.0023619]), 0.7854, 1.0]
[73, array([0.4515, 0.0127]), array([0.45799762, 0.0023619 ]), 0.7854, 1.0]
[73, array([0.4515, 0.0127]), array([0.45814524, 0.0023619 ]), 0.7854, 1.0]
[73, array([0.4515, 0.0127]), array([0.45829286, 0.0023619 ]), 0.7854, 1.0]
[73, array([0.4515, 0.0127]), array([0.45844048, 0.0023619 ]), 0.7854, 1.0]
[73, array([0.4515, 0.0127]), array([0.4585881, 0.0023619]), 0.7854, 1.0]
[73, array([0.4515, 0.0127]), array([0.45873571, 0.0023619 ]), 0.7854, 0.0]
[73, array([0.4515, 0.0127]), array([0.45888333, 0.0023619 ]), 0.7854, 0.0]
[73, array([0.4515, 0.0127]), array([0.45903095, 0.0023619 ]), 0.7854, 1.0]
[73, array([0.4515, 0.0127]), array([0.45917857, 0.0023619 ]), 0.7854, 1.0]
[73, array([0.4515, 0.0127]), array([0.45932619, 0.0023619 ]), 0.7854, 0.0]
[73, array([0.4515, 0.0127]), array([0.45947381, 0.0023619 ]), 0.7854, 0.0]
[73, array([0.4515, 0.0127]), array([0.45962143, 0.0023619 ]), 0.7854, 1.0]
[73, array([0.4515, 0.0127]), array([0.45976905, 0.0023619 ]), 0.7854, 0.0]
[73, array([0.4515, 0.0127]), array([0.45991667, 0.0023619 ]), 0.7854, 0.0]
[73, array([0.4515, 0.0127]), array([0.46006429, 0.0023619 ]), 0.7854, 0.0]
[73, array([0.4515, 0.0127]), array([0.4602119, 0.0023619]), 0.7854, 0.0]
[73, array([0.4515, 0.0127]), array([0.46035952, 0.0023619 ]), 0.7854, 0.0]
[73, array([0.4515, 0.0127]), array([0.46050714, 0.0023619 ]), 0.7854, 0.0]
[73, array([0.4515, 0.0127]), array([0.46065476, 0.0023619 ]), 0.7854, 0.0]
[73, array([0.4515, 0.0127]), array([0.46080238, 0.0023619 ]), 0.7854, 0.0]
[73, array([0.4515, 0.0127]), array([0.46095  , 0.0023619]), 0.7854, 0.0]
[73, array([0.4515, 0.0127]), array([0.45785   , 0.00250952]), 0.7854, 1.0]
[73, array([0.4515, 0.0127]), array([0.45799762, 0.00250952]), 0.7854, 1.0]
[73, array([0.4515, 0.0127]), array([0.45814524, 0.00250952]), 0.7854, 1.0]
[73, array([0.4515, 0.0127]), array([0.45829286, 0.00250952]), 0.7854, 1.0]
[73, array([0.4515, 0.0127]), array([0.45844048, 0.00250952]), 0.7854, 1.0]
[73, array([0.4515, 0.0127]), array([0.4585881 , 0.00250952]), 0.7854, 1.0]
[73, array([0.4515, 0.0127]), array([0.45873571, 0.00250952]), 0.7854, 1.0]
[73, array([0.4515, 0.0127]), array([0.45888333, 0.00250952]), 0.7854, 1.0]
[73, array([0.4515, 0.0127]), array([0.45903095, 0.00250952]), 0.7854, 1.0]
[73, array([0.4515, 0.0127]), array([0.45917857, 0.00250952]), 0.7854, 1.0]
[73, array([0.4515, 0.0127]), array([0.45932619, 0.00250952]), 0.7854, 1.0]
[73, array([0.4515, 0.0127]), array([0.45947381, 0.00250952]), 0.7854, 1.0]
[73, array([0.4515, 0.0127]), array([0.45962143, 0.00250952]), 0.7854, 1.0]
[73, array([0.4515, 0.0127]), array([0.45976905, 0.00250952]), 0.7854, 1.0]
[73, array([0.4515, 0.0127]), array([0.45991667, 0.00250952]), 0.7854, 0.0]
[73, array([0.4515, 0.0127]), array([0.46006429, 0.00250952]), 0.7854, 0.0]
[73, array([0.4515, 0.0127]), array([0.4602119 , 0.00250952]), 0.7854, 0.0]
[73, array([0.4515, 0.0127]), array([0.46035952, 0.00250952]), 0.7854, 0.0]
[73, array([0.4515, 0.0127]), array([0.46050714, 0.00250952]), 0.7854, 0.0]
[73, array([0.4515, 0.0127]), array([0.46065476, 0.00250952]), 0.7854, 0.0]
[73, array([0.4515, 0.0127]), array([0.46080238, 0.00250952]), 0.7854, 0.0]
[73, array([0.4515, 0.0127]), array([0.46095   , 0.00250952]), 0.7854, 0.0]
[73, array([0.4515, 0.0127]), array([0.45785   , 0.00265714]), 0.7854, 1.0]
[73, array([0.4515, 0.0127]), array([0.45799762, 0.00265714]), 0.7854, 1.0]
[73, array([0.4515, 0.0127]), array([0.45814524, 0.00265714]), 0.7854, 1.0]
[73, array([0.4515, 0.0127]), array([0.45829286, 0.00265714]), 0.7854, 1.0]
[73, array([0.4515, 0.0127]), array([0.45844048, 0.00265714]), 0.7854, 1.0]
[73, array([0.4515, 0.0127]), array([0.4585881 , 0.00265714]), 0.7854, 1.0]
[73, array([0.4515, 0.0127]), array([0.45873571, 0.00265714]), 0.7854, 1.0]
[73, array([0.4515, 0.0127]), array([0.45888333, 0.00265714]), 0.7854, 1.0]
[73, array([0.4515, 0.0127]), array([0.45903095, 0.00265714]), 0.7854, 1.0]
[73, array([0.4515, 0.0127]), array([0.45917857, 0.00265714]), 0.7854, 1.0]
[73, array([0.4515, 0.0127]), array([0.45932619, 0.00265714]), 0.7854, 1.0]
[73, array([0.4515, 0.0127]), array([0.45947381, 0.00265714]), 0.7854, 1.0]
[73, array([0.4515, 0.0127]), array([0.45962143, 0.00265714]), 0.7854, 1.0]
[73, array([0.4515, 0.0127]), array([0.45976905, 0.00265714]), 0.7854, 1.0]
[73, array([0.4515, 0.0127]), array([0.45991667, 0.00265714]), 0.7854, 1.0]
[73, array([0.4515, 0.0127]), array([0.46006429, 0.00265714]), 0.7854, 0.0]
[73, array([0.4515, 0.0127]), array([0.4602119 , 0.00265714]), 0.7854, 0.0]
[73, array([0.4515, 0.0127]), array([0.46035952, 0.00265714]), 0.7854, 0.0]
[73, array([0.4515, 0.0127]), array([0.46050714, 0.00265714]), 0.7854, 0.0]
[73, array([0.4515, 0.0127]), array([0.46065476, 0.00265714]), 0.7854, 0.0]
[73, array([0.4515, 0.0127]), array([0.46080238, 0.00265714]), 0.7854, 0.0]
[73, array([0.4515, 0.0127]), array([0.46095   , 0.00265714]), 0.7854, 0.0]
[73, array([0.4515, 0.0127]), array([0.45785   , 0.00280476]), 0.7854, 1.0]
[73, array([0.4515, 0.0127]), array([0.45799762, 0.00280476]), 0.7854, 1.0]
[73, array([0.4515, 0.0127]), array([0.45814524, 0.00280476]), 0.7854, 1.0]
[73, array([0.4515, 0.0127]), array([0.45829286, 0.00280476]), 0.7854, 1.0]
[73, array([0.4515, 0.0127]), array([0.45844048, 0.00280476]), 0.7854, 1.0]
[73, array([0.4515, 0.0127]), array([0.4585881 , 0.00280476]), 0.7854, 1.0]
[73, array([0.4515, 0.0127]), array([0.45873571, 0.00280476]), 0.7854, 1.0]
[73, array([0.4515, 0.0127]), array([0.45888333, 0.00280476]), 0.7854, 1.0]
[73, array([0.4515, 0.0127]), array([0.45903095, 0.00280476]), 0.7854, 1.0]
[73, array([0.4515, 0.0127]), array([0.45917857, 0.00280476]), 0.7854, 1.0]
[73, array([0.4515, 0.0127]), array([0.45932619, 0.00280476]), 0.7854, 1.0]
[73, array([0.4515, 0.0127]), array([0.45947381, 0.00280476]), 0.7854, 1.0]
[73, array([0.4515, 0.0127]), array([0.45962143, 0.00280476]), 0.7854, 1.0]
[73, array([0.4515, 0.0127]), array([0.45976905, 0.00280476]), 0.7854, 1.0]
[73, array([0.4515, 0.0127]), array([0.45991667, 0.00280476]), 0.7854, 1.0]
[73, array([0.4515, 0.0127]), array([0.46006429, 0.00280476]), 0.7854, 0.0]
[73, array([0.4515, 0.0127]), array([0.4602119 , 0.00280476]), 0.7854, 0.0]
[73, array([0.4515, 0.0127]), array([0.46035952, 0.00280476]), 0.7854, 0.0]
[73, array([0.4515, 0.0127]), array([0.46050714, 0.00280476]), 0.7854, 0.0]
[73, array([0.4515, 0.0127]), array([0.46065476, 0.00280476]), 0.7854, 0.0]
[73, array([0.4515, 0.0127]), array([0.46080238, 0.00280476]), 0.7854, 0.0]
[73, array([0.4515, 0.0127]), array([0.46095   , 0.00280476]), 0.7854, 0.0]
[73, array([0.4515, 0.0127]), array([0.45785   , 0.00295238]), 0.7854, 1.0]
[73, array([0.4515, 0.0127]), array([0.45799762, 0.00295238]), 0.7854, 1.0]
[73, array([0.4515, 0.0127]), array([0.45814524, 0.00295238]), 0.7854, 1.0]
[73, array([0.4515, 0.0127]), array([0.45829286, 0.00295238]), 0.7854, 1.0]
[73, array([0.4515, 0.0127]), array([0.45844048, 0.00295238]), 0.7854, 1.0]
[73, array([0.4515, 0.0127]), array([0.4585881 , 0.00295238]), 0.7854, 1.0]
[73, array([0.4515, 0.0127]), array([0.45873571, 0.00295238]), 0.7854, 1.0]
[73, array([0.4515, 0.0127]), array([0.45888333, 0.00295238]), 0.7854, 1.0]
[73, array([0.4515, 0.0127]), array([0.45903095, 0.00295238]), 0.7854, 1.0]
[73, array([0.4515, 0.0127]), array([0.45917857, 0.00295238]), 0.7854, 1.0]
[73, array([0.4515, 0.0127]), array([0.45932619, 0.00295238]), 0.7854, 1.0]
[73, array([0.4515, 0.0127]), array([0.45947381, 0.00295238]), 0.7854, 1.0]
[73, array([0.4515, 0.0127]), array([0.45962143, 0.00295238]), 0.7854, 1.0]
[73, array([0.4515, 0.0127]), array([0.45976905, 0.00295238]), 0.7854, 1.0]
[73, array([0.4515, 0.0127]), array([0.45991667, 0.00295238]), 0.7854, 1.0]
[73, array([0.4515, 0.0127]), array([0.46006429, 0.00295238]), 0.7854, 1.0]
[73, array([0.4515, 0.0127]), array([0.4602119 , 0.00295238]), 0.7854, 0.0]
[73, array([0.4515, 0.0127]), array([0.46035952, 0.00295238]), 0.7854, 0.0]
[73, array([0.4515, 0.0127]), array([0.46050714, 0.00295238]), 0.7854, 0.0]
[73, array([0.4515, 0.0127]), array([0.46065476, 0.00295238]), 0.7854, 0.0]
[73, array([0.4515, 0.0127]), array([0.46080238, 0.00295238]), 0.7854, 0.0]
[73, array([0.4515, 0.0127]), array([0.46095   , 0.00295238]), 0.7854, 0.0]
[73, array([0.4515, 0.0127]), array([0.45785, 0.0031 ]), 0.7854, 1.0]
[73, array([0.4515, 0.0127]), array([0.45799762, 0.0031    ]), 0.7854, 1.0]
[73, array([0.4515, 0.0127]), array([0.45814524, 0.0031    ]), 0.7854, 1.0]
[73, array([0.4515, 0.0127]), array([0.45829286, 0.0031    ]), 0.7854, 1.0]
[73, array([0.4515, 0.0127]), array([0.45844048, 0.0031    ]), 0.7854, 1.0]
[73, array([0.4515, 0.0127]), array([0.4585881, 0.0031   ]), 0.7854, 1.0]
[73, array([0.4515, 0.0127]), array([0.45873571, 0.0031    ]), 0.7854, 1.0]
[73, array([0.4515, 0.0127]), array([0.45888333, 0.0031    ]), 0.7854, 1.0]
[73, array([0.4515, 0.0127]), array([0.45903095, 0.0031    ]), 0.7854, 1.0]
[73, array([0.4515, 0.0127]), array([0.45917857, 0.0031    ]), 0.7854, 1.0]
[73, array([0.4515, 0.0127]), array([0.45932619, 0.0031    ]), 0.7854, 1.0]
[73, array([0.4515, 0.0127]), array([0.45947381, 0.0031    ]), 0.7854, 1.0]
[73, array([0.4515, 0.0127]), array([0.45962143, 0.0031    ]), 0.7854, 1.0]
[73, array([0.4515, 0.0127]), array([0.45976905, 0.0031    ]), 0.7854, 1.0]
[73, array([0.4515, 0.0127]), array([0.45991667, 0.0031    ]), 0.7854, 1.0]
[73, array([0.4515, 0.0127]), array([0.46006429, 0.0031    ]), 0.7854, 1.0]
[73, array([0.4515, 0.0127]), array([0.4602119, 0.0031   ]), 0.7854, 1.0]
[73, array([0.4515, 0.0127]), array([0.46035952, 0.0031    ]), 0.7854, 0.0]
[73, array([0.4515, 0.0127]), array([0.46050714, 0.0031    ]), 0.7854, 0.0]
[73, array([0.4515, 0.0127]), array([0.46065476, 0.0031    ]), 0.7854, 0.0]
[73, array([0.4515, 0.0127]), array([0.46080238, 0.0031    ]), 0.7854, 0.0]
[73, array([0.4515, 0.0127]), array([0.46095, 0.0031 ]), 0.7854, 0.0]
[20, array([0.528 , 0.0279]), array([0.5156, 0.0234]), 0.7854, 0.0]
[20, array([0.528 , 0.0279]), array([0.5159, 0.0234]), 0.7854, 1.0]
[20, array([0.528 , 0.0279]), array([0.5162, 0.0234]), 0.7854, 1.0]
[20, array([0.528 , 0.0279]), array([0.5165, 0.0234]), 0.7854, 1.0]
[20, array([0.528 , 0.0279]), array([0.5168, 0.0234]), 0.7854, 0.0]
[20, array([0.528 , 0.0279]), array([0.5171, 0.0234]), 0.7854, 0.0]
[20, array([0.528 , 0.0279]), array([0.5174, 0.0234]), 0.7854, 0.0]
[20, array([0.528 , 0.0279]), array([0.5177, 0.0234]), 0.7854, 0.0]
[20, array([0.528 , 0.0279]), array([0.518 , 0.0234]), 0.7854, 0.0]
[20, array([0.528 , 0.0279]), array([0.5183, 0.0234]), 0.7854, 1.0]
[20, array([0.528 , 0.0279]), array([0.5186, 0.0234]), 0.7854, 0.0]
[20, array([0.528 , 0.0279]), array([0.5189, 0.0234]), 0.7854, 1.0]
[20, array([0.528 , 0.0279]), array([0.5192, 0.0234]), 0.7854, 1.0]
[20, array([0.528 , 0.0279]), array([0.5195, 0.0234]), 0.7854, 1.0]
[20, array([0.528 , 0.0279]), array([0.5198, 0.0234]), 0.7854, 1.0]
[20, array([0.528 , 0.0279]), array([0.5201, 0.0234]), 0.7854, 1.0]
[20, array([0.528 , 0.0279]), array([0.5204, 0.0234]), 0.7854, 1.0]
[20, array([0.528 , 0.0279]), array([0.5207, 0.0234]), 0.7854, 1.0]
[20, array([0.528 , 0.0279]), array([0.521 , 0.0234]), 0.7854, 1.0]
[20, array([0.528 , 0.0279]), array([0.5213, 0.0234]), 0.7854, 1.0]
[20, array([0.528 , 0.0279]), array([0.5216, 0.0234]), 0.7854, 1.0]
[20, array([0.528 , 0.0279]), array([0.5219, 0.0234]), 0.7854, 1.0]
[20, array([0.528 , 0.0279]), array([0.5156, 0.0237]), 0.7854, 0.0]
[20, array([0.528 , 0.0279]), array([0.5159, 0.0237]), 0.7854, 1.0]
[20, array([0.528 , 0.0279]), array([0.5162, 0.0237]), 0.7854, 1.0]
[20, array([0.528 , 0.0279]), array([0.5165, 0.0237]), 0.7854, 1.0]
[20, array([0.528 , 0.0279]), array([0.5168, 0.0237]), 0.7854, 1.0]
[20, array([0.528 , 0.0279]), array([0.5171, 0.0237]), 0.7854, 0.0]
[20, array([0.528 , 0.0279]), array([0.5174, 0.0237]), 0.7854, 0.0]
[20, array([0.528 , 0.0279]), array([0.5177, 0.0237]), 0.7854, 0.0]
[20, array([0.528 , 0.0279]), array([0.518 , 0.0237]), 0.7854, 0.0]
[20, array([0.528 , 0.0279]), array([0.5183, 0.0237]), 0.7854, 1.0]
[20, array([0.528 , 0.0279]), array([0.5186, 0.0237]), 0.7854, 0.0]
[20, array([0.528 , 0.0279]), array([0.5189, 0.0237]), 0.7854, 0.0]
[20, array([0.528 , 0.0279]), array([0.5192, 0.0237]), 0.7854, 1.0]
[20, array([0.528 , 0.0279]), array([0.5195, 0.0237]), 0.7854, 1.0]
[20, array([0.528 , 0.0279]), array([0.5198, 0.0237]), 0.7854, 1.0]
[20, array([0.528 , 0.0279]), array([0.5201, 0.0237]), 0.7854, 1.0]
[20, array([0.528 , 0.0279]), array([0.5204, 0.0237]), 0.7854, 1.0]
[20, array([0.528 , 0.0279]), array([0.5207, 0.0237]), 0.7854, 1.0]
[20, array([0.528 , 0.0279]), array([0.521 , 0.0237]), 0.7854, 1.0]
[20, array([0.528 , 0.0279]), array([0.5213, 0.0237]), 0.7854, 1.0]
[20, array([0.528 , 0.0279]), array([0.5216, 0.0237]), 0.7854, 1.0]
[20, array([0.528 , 0.0279]), array([0.5219, 0.0237]), 0.7854, 1.0]
[20, array([0.528 , 0.0279]), array([0.5156, 0.024 ]), 0.7854, 1.0]
[20, array([0.528 , 0.0279]), array([0.5159, 0.024 ]), 0.7854, 0.0]
[20, array([0.528 , 0.0279]), array([0.5162, 0.024 ]), 0.7854, 1.0]
[20, array([0.528 , 0.0279]), array([0.5165, 0.024 ]), 0.7854, 1.0]
[20, array([0.528 , 0.0279]), array([0.5168, 0.024 ]), 0.7854, 0.0]
[20, array([0.528 , 0.0279]), array([0.5171, 0.024 ]), 0.7854, 0.0]
[20, array([0.528 , 0.0279]), array([0.5174, 0.024 ]), 0.7854, 0.0]
[20, array([0.528 , 0.0279]), array([0.5177, 0.024 ]), 0.7854, 0.0]
[20, array([0.528 , 0.0279]), array([0.518, 0.024]), 0.7854, 0.0]
[20, array([0.528 , 0.0279]), array([0.5183, 0.024 ]), 0.7854, 0.0]
[20, array([0.528 , 0.0279]), array([0.5186, 0.024 ]), 0.7854, 1.0]
[20, array([0.528 , 0.0279]), array([0.5189, 0.024 ]), 0.7854, 0.0]
[20, array([0.528 , 0.0279]), array([0.5192, 0.024 ]), 0.7854, 1.0]
[20, array([0.528 , 0.0279]), array([0.5195, 0.024 ]), 0.7854, 1.0]
[20, array([0.528 , 0.0279]), array([0.5198, 0.024 ]), 0.7854, 1.0]
[20, array([0.528 , 0.0279]), array([0.5201, 0.024 ]), 0.7854, 1.0]
[20, array([0.528 , 0.0279]), array([0.5204, 0.024 ]), 0.7854, 1.0]
[20, array([0.528 , 0.0279]), array([0.5207, 0.024 ]), 0.7854, 1.0]
[20, array([0.528 , 0.0279]), array([0.521, 0.024]), 0.7854, 1.0]
[20, array([0.528 , 0.0279]), array([0.5213, 0.024 ]), 0.7854, 1.0]
[20, array([0.528 , 0.0279]), array([0.5216, 0.024 ]), 0.7854, 1.0]
[20, array([0.528 , 0.0279]), array([0.5219, 0.024 ]), 0.7854, 1.0]
[20, array([0.528 , 0.0279]), array([0.5156, 0.0243]), 0.7854, 0.0]
[20, array([0.528 , 0.0279]), array([0.5159, 0.0243]), 0.7854, 1.0]
[20, array([0.528 , 0.0279]), array([0.5162, 0.0243]), 0.7854, 1.0]
[20, array([0.528 , 0.0279]), array([0.5165, 0.0243]), 0.7854, 1.0]
[20, array([0.528 , 0.0279]), array([0.5168, 0.0243]), 0.7854, 1.0]
[20, array([0.528 , 0.0279]), array([0.5171, 0.0243]), 0.7854, 0.0]
[20, array([0.528 , 0.0279]), array([0.5174, 0.0243]), 0.7854, 0.0]
[20, array([0.528 , 0.0279]), array([0.5177, 0.0243]), 0.7854, 0.0]
[20, array([0.528 , 0.0279]), array([0.518 , 0.0243]), 0.7854, 0.0]
[20, array([0.528 , 0.0279]), array([0.5183, 0.0243]), 0.7854, 0.0]
[20, array([0.528 , 0.0279]), array([0.5186, 0.0243]), 0.7854, 1.0]
[20, array([0.528 , 0.0279]), array([0.5189, 0.0243]), 0.7854, 0.0]
[20, array([0.528 , 0.0279]), array([0.5192, 0.0243]), 0.7854, 0.0]
[20, array([0.528 , 0.0279]), array([0.5195, 0.0243]), 0.7854, 0.0]
[20, array([0.528 , 0.0279]), array([0.5198, 0.0243]), 0.7854, 1.0]
[20, array([0.528 , 0.0279]), array([0.5201, 0.0243]), 0.7854, 1.0]
[20, array([0.528 , 0.0279]), array([0.5204, 0.0243]), 0.7854, 1.0]
[20, array([0.528 , 0.0279]), array([0.5207, 0.0243]), 0.7854, 1.0]
[20, array([0.528 , 0.0279]), array([0.521 , 0.0243]), 0.7854, 1.0]
[20, array([0.528 , 0.0279]), array([0.5213, 0.0243]), 0.7854, 1.0]
[20, array([0.528 , 0.0279]), array([0.5216, 0.0243]), 0.7854, 1.0]
[20, array([0.528 , 0.0279]), array([0.5219, 0.0243]), 0.7854, 1.0]
[20, array([0.528 , 0.0279]), array([0.5156, 0.0246]), 0.7854, 0.0]
[20, array([0.528 , 0.0279]), array([0.5159, 0.0246]), 0.7854, 0.0]
[20, array([0.528 , 0.0279]), array([0.5162, 0.0246]), 0.7854, 1.0]
[20, array([0.528 , 0.0279]), array([0.5165, 0.0246]), 0.7854, 1.0]
[20, array([0.528 , 0.0279]), array([0.5168, 0.0246]), 0.7854, 1.0]
[20, array([0.528 , 0.0279]), array([0.5171, 0.0246]), 0.7854, 0.0]
[20, array([0.528 , 0.0279]), array([0.5174, 0.0246]), 0.7854, 0.0]
[20, array([0.528 , 0.0279]), array([0.5177, 0.0246]), 0.7854, 0.0]
[20, array([0.528 , 0.0279]), array([0.518 , 0.0246]), 0.7854, 0.0]
[20, array([0.528 , 0.0279]), array([0.5183, 0.0246]), 0.7854, 0.0]
[20, array([0.528 , 0.0279]), array([0.5186, 0.0246]), 0.7854, 0.0]
[20, array([0.528 , 0.0279]), array([0.5189, 0.0246]), 0.7854, 1.0]
[20, array([0.528 , 0.0279]), array([0.5192, 0.0246]), 0.7854, 0.0]
[20, array([0.528 , 0.0279]), array([0.5195, 0.0246]), 0.7854, 0.0]
[20, array([0.528 , 0.0279]), array([0.5198, 0.0246]), 0.7854, 1.0]
[20, array([0.528 , 0.0279]), array([0.5201, 0.0246]), 0.7854, 1.0]
[20, array([0.528 , 0.0279]), array([0.5204, 0.0246]), 0.7854, 1.0]
[20, array([0.528 , 0.0279]), array([0.5207, 0.0246]), 0.7854, 1.0]
[20, array([0.528 , 0.0279]), array([0.521 , 0.0246]), 0.7854, 1.0]
[20, array([0.528 , 0.0279]), array([0.5213, 0.0246]), 0.7854, 1.0]
[20, array([0.528 , 0.0279]), array([0.5216, 0.0246]), 0.7854, 1.0]
[20, array([0.528 , 0.0279]), array([0.5219, 0.0246]), 0.7854, 1.0]
[20, array([0.528 , 0.0279]), array([0.5156, 0.0249]), 0.7854, 0.0]
[20, array([0.528 , 0.0279]), array([0.5159, 0.0249]), 0.7854, 0.0]
[20, array([0.528 , 0.0279]), array([0.5162, 0.0249]), 0.7854, 1.0]
[20, array([0.528 , 0.0279]), array([0.5165, 0.0249]), 0.7854, 0.0]
[20, array([0.528 , 0.0279]), array([0.5168, 0.0249]), 0.7854, 1.0]
[20, array([0.528 , 0.0279]), array([0.5171, 0.0249]), 0.7854, 1.0]
[20, array([0.528 , 0.0279]), array([0.5174, 0.0249]), 0.7854, 0.0]
[20, array([0.528 , 0.0279]), array([0.5177, 0.0249]), 0.7854, 0.0]
[20, array([0.528 , 0.0279]), array([0.518 , 0.0249]), 0.7854, 0.0]
[20, array([0.528 , 0.0279]), array([0.5183, 0.0249]), 0.7854, 0.0]
[20, array([0.528 , 0.0279]), array([0.5186, 0.0249]), 0.7854, 0.0]
[20, array([0.528 , 0.0279]), array([0.5189, 0.0249]), 0.7854, 0.0]
[20, array([0.528 , 0.0279]), array([0.5192, 0.0249]), 0.7854, 1.0]
[20, array([0.528 , 0.0279]), array([0.5195, 0.0249]), 0.7854, 0.0]
[20, array([0.528 , 0.0279]), array([0.5198, 0.0249]), 0.7854, 0.0]
[20, array([0.528 , 0.0279]), array([0.5201, 0.0249]), 0.7854, 1.0]
[20, array([0.528 , 0.0279]), array([0.5204, 0.0249]), 0.7854, 1.0]
[20, array([0.528 , 0.0279]), array([0.5207, 0.0249]), 0.7854, 1.0]
[20, array([0.528 , 0.0279]), array([0.521 , 0.0249]), 0.7854, 1.0]
[20, array([0.528 , 0.0279]), array([0.5213, 0.0249]), 0.7854, 1.0]
[20, array([0.528 , 0.0279]), array([0.5216, 0.0249]), 0.7854, 1.0]
[20, array([0.528 , 0.0279]), array([0.5219, 0.0249]), 0.7854, 1.0]
[20, array([0.528 , 0.0279]), array([0.5156, 0.0252]), 0.7854, 0.0]
[20, array([0.528 , 0.0279]), array([0.5159, 0.0252]), 0.7854, 0.0]
[20, array([0.528 , 0.0279]), array([0.5162, 0.0252]), 0.7854, 0.0]
[20, array([0.528 , 0.0279]), array([0.5165, 0.0252]), 0.7854, 1.0]
[20, array([0.528 , 0.0279]), array([0.5168, 0.0252]), 0.7854, 1.0]
[20, array([0.528 , 0.0279]), array([0.5171, 0.0252]), 0.7854, 1.0]
[20, array([0.528 , 0.0279]), array([0.5174, 0.0252]), 0.7854, 0.0]
[20, array([0.528 , 0.0279]), array([0.5177, 0.0252]), 0.7854, 0.0]
[20, array([0.528 , 0.0279]), array([0.518 , 0.0252]), 0.7854, 0.0]
[20, array([0.528 , 0.0279]), array([0.5183, 0.0252]), 0.7854, 0.0]
[20, array([0.528 , 0.0279]), array([0.5186, 0.0252]), 0.7854, 0.0]
[20, array([0.528 , 0.0279]), array([0.5189, 0.0252]), 0.7854, 0.0]
[20, array([0.528 , 0.0279]), array([0.5192, 0.0252]), 0.7854, 1.0]
[20, array([0.528 , 0.0279]), array([0.5195, 0.0252]), 0.7854, 0.0]
[20, array([0.528 , 0.0279]), array([0.5198, 0.0252]), 0.7854, 0.0]
[20, array([0.528 , 0.0279]), array([0.5201, 0.0252]), 0.7854, 1.0]
[20, array([0.528 , 0.0279]), array([0.5204, 0.0252]), 0.7854, 1.0]
[20, array([0.528 , 0.0279]), array([0.5207, 0.0252]), 0.7854, 1.0]
[20, array([0.528 , 0.0279]), array([0.521 , 0.0252]), 0.7854, 1.0]
[20, array([0.528 , 0.0279]), array([0.5213, 0.0252]), 0.7854, 1.0]
[20, array([0.528 , 0.0279]), array([0.5216, 0.0252]), 0.7854, 1.0]
[20, array([0.528 , 0.0279]), array([0.5219, 0.0252]), 0.7854, 1.0]
[20, array([0.528 , 0.0279]), array([0.5156, 0.0255]), 0.7854, 0.0]
[20, array([0.528 , 0.0279]), array([0.5159, 0.0255]), 0.7854, 0.0]
[20, array([0.528 , 0.0279]), array([0.5162, 0.0255]), 0.7854, 0.0]
[20, array([0.528 , 0.0279]), array([0.5165, 0.0255]), 0.7854, 0.0]
[20, array([0.528 , 0.0279]), array([0.5168, 0.0255]), 0.7854, 0.0]
[20, array([0.528 , 0.0279]), array([0.5171, 0.0255]), 0.7854, 1.0]
[20, array([0.528 , 0.0279]), array([0.5174, 0.0255]), 0.7854, 1.0]
[20, array([0.528 , 0.0279]), array([0.5177, 0.0255]), 0.7854, 0.0]
[20, array([0.528 , 0.0279]), array([0.518 , 0.0255]), 0.7854, 0.0]
[20, array([0.528 , 0.0279]), array([0.5183, 0.0255]), 0.7854, 0.0]
[20, array([0.528 , 0.0279]), array([0.5186, 0.0255]), 0.7854, 0.0]
[20, array([0.528 , 0.0279]), array([0.5189, 0.0255]), 0.7854, 0.0]
[20, array([0.528 , 0.0279]), array([0.5192, 0.0255]), 0.7854, 0.0]
[20, array([0.528 , 0.0279]), array([0.5195, 0.0255]), 0.7854, 1.0]
[20, array([0.528 , 0.0279]), array([0.5198, 0.0255]), 0.7854, 0.0]
[20, array([0.528 , 0.0279]), array([0.5201, 0.0255]), 0.7854, 0.0]
[20, array([0.528 , 0.0279]), array([0.5204, 0.0255]), 0.7854, 0.0]
[20, array([0.528 , 0.0279]), array([0.5207, 0.0255]), 0.7854, 1.0]
[20, array([0.528 , 0.0279]), array([0.521 , 0.0255]), 0.7854, 1.0]
[20, array([0.528 , 0.0279]), array([0.5213, 0.0255]), 0.7854, 1.0]
[20, array([0.528 , 0.0279]), array([0.5216, 0.0255]), 0.7854, 1.0]
[20, array([0.528 , 0.0279]), array([0.5219, 0.0255]), 0.7854, 1.0]
[20, array([0.528 , 0.0279]), array([0.5156, 0.0258]), 0.7854, 0.0]
[20, array([0.528 , 0.0279]), array([0.5159, 0.0258]), 0.7854, 0.0]
[20, array([0.528 , 0.0279]), array([0.5162, 0.0258]), 0.7854, 0.0]
[20, array([0.528 , 0.0279]), array([0.5165, 0.0258]), 0.7854, 0.0]
[20, array([0.528 , 0.0279]), array([0.5168, 0.0258]), 0.7854, 1.0]
[20, array([0.528 , 0.0279]), array([0.5171, 0.0258]), 0.7854, 1.0]
[20, array([0.528 , 0.0279]), array([0.5174, 0.0258]), 0.7854, 1.0]
[20, array([0.528 , 0.0279]), array([0.5177, 0.0258]), 0.7854, 1.0]
[20, array([0.528 , 0.0279]), array([0.518 , 0.0258]), 0.7854, 0.0]
[20, array([0.528 , 0.0279]), array([0.5183, 0.0258]), 0.7854, 0.0]
[20, array([0.528 , 0.0279]), array([0.5186, 0.0258]), 0.7854, 0.0]
[20, array([0.528 , 0.0279]), array([0.5189, 0.0258]), 0.7854, 0.0]
[20, array([0.528 , 0.0279]), array([0.5192, 0.0258]), 0.7854, 0.0]
[20, array([0.528 , 0.0279]), array([0.5195, 0.0258]), 0.7854, 0.0]
[20, array([0.528 , 0.0279]), array([0.5198, 0.0258]), 0.7854, 0.0]
[20, array([0.528 , 0.0279]), array([0.5201, 0.0258]), 0.7854, 0.0]
[20, array([0.528 , 0.0279]), array([0.5204, 0.0258]), 0.7854, 0.0]
[20, array([0.528 , 0.0279]), array([0.5207, 0.0258]), 0.7854, 0.0]
[20, array([0.528 , 0.0279]), array([0.521 , 0.0258]), 0.7854, 1.0]
[20, array([0.528 , 0.0279]), array([0.5213, 0.0258]), 0.7854, 1.0]
[20, array([0.528 , 0.0279]), array([0.5216, 0.0258]), 0.7854, 1.0]
[20, array([0.528 , 0.0279]), array([0.5219, 0.0258]), 0.7854, 1.0]
[20, array([0.528 , 0.0279]), array([0.5156, 0.0261]), 0.7854, 0.0]
[20, array([0.528 , 0.0279]), array([0.5159, 0.0261]), 0.7854, 0.0]
[20, array([0.528 , 0.0279]), array([0.5162, 0.0261]), 0.7854, 0.0]
[20, array([0.528 , 0.0279]), array([0.5165, 0.0261]), 0.7854, 0.0]
[20, array([0.528 , 0.0279]), array([0.5168, 0.0261]), 0.7854, 1.0]
[20, array([0.528 , 0.0279]), array([0.5171, 0.0261]), 0.7854, 1.0]
[20, array([0.528 , 0.0279]), array([0.5174, 0.0261]), 0.7854, 1.0]
[20, array([0.528 , 0.0279]), array([0.5177, 0.0261]), 0.7854, 1.0]
[20, array([0.528 , 0.0279]), array([0.518 , 0.0261]), 0.7854, 0.0]
[20, array([0.528 , 0.0279]), array([0.5183, 0.0261]), 0.7854, 0.0]
[20, array([0.528 , 0.0279]), array([0.5186, 0.0261]), 0.7854, 0.0]
[20, array([0.528 , 0.0279]), array([0.5189, 0.0261]), 0.7854, 0.0]
[20, array([0.528 , 0.0279]), array([0.5192, 0.0261]), 0.7854, 0.0]
[20, array([0.528 , 0.0279]), array([0.5195, 0.0261]), 0.7854, 0.0]
[20, array([0.528 , 0.0279]), array([0.5198, 0.0261]), 0.7854, 0.0]
[20, array([0.528 , 0.0279]), array([0.5201, 0.0261]), 0.7854, 0.0]
[20, array([0.528 , 0.0279]), array([0.5204, 0.0261]), 0.7854, 0.0]
[20, array([0.528 , 0.0279]), array([0.5207, 0.0261]), 0.7854, 0.0]
[20, array([0.528 , 0.0279]), array([0.521 , 0.0261]), 0.7854, 0.0]
[20, array([0.528 , 0.0279]), array([0.5213, 0.0261]), 0.7854, 1.0]
[20, array([0.528 , 0.0279]), array([0.5216, 0.0261]), 0.7854, 1.0]
[20, array([0.528 , 0.0279]), array([0.5219, 0.0261]), 0.7854, 1.0]
[20, array([0.528 , 0.0279]), array([0.5156, 0.0264]), 0.7854, 0.0]
[20, array([0.528 , 0.0279]), array([0.5159, 0.0264]), 0.7854, 0.0]
[20, array([0.528 , 0.0279]), array([0.5162, 0.0264]), 0.7854, 0.0]
[20, array([0.528 , 0.0279]), array([0.5165, 0.0264]), 0.7854, 0.0]
[20, array([0.528 , 0.0279]), array([0.5168, 0.0264]), 0.7854, 0.0]
[20, array([0.528 , 0.0279]), array([0.5171, 0.0264]), 0.7854, 1.0]
[20, array([0.528 , 0.0279]), array([0.5174, 0.0264]), 0.7854, 0.0]
[20, array([0.528 , 0.0279]), array([0.5177, 0.0264]), 0.7854, 1.0]
[20, array([0.528 , 0.0279]), array([0.518 , 0.0264]), 0.7854, 1.0]
[20, array([0.528 , 0.0279]), array([0.5183, 0.0264]), 0.7854, 0.0]
[20, array([0.528 , 0.0279]), array([0.5186, 0.0264]), 0.7854, 0.0]
[20, array([0.528 , 0.0279]), array([0.5189, 0.0264]), 0.7854, 0.0]
[20, array([0.528 , 0.0279]), array([0.5192, 0.0264]), 0.7854, 0.0]
[20, array([0.528 , 0.0279]), array([0.5195, 0.0264]), 0.7854, 0.0]
[20, array([0.528 , 0.0279]), array([0.5198, 0.0264]), 0.7854, 0.0]
[20, array([0.528 , 0.0279]), array([0.5201, 0.0264]), 0.7854, 0.0]
[20, array([0.528 , 0.0279]), array([0.5204, 0.0264]), 0.7854, 0.0]
[20, array([0.528 , 0.0279]), array([0.5207, 0.0264]), 0.7854, 0.0]
[20, array([0.528 , 0.0279]), array([0.521 , 0.0264]), 0.7854, 0.0]
[20, array([0.528 , 0.0279]), array([0.5213, 0.0264]), 0.7854, 0.0]
[20, array([0.528 , 0.0279]), array([0.5216, 0.0264]), 0.7854, 1.0]
[20, array([0.528 , 0.0279]), array([0.5219, 0.0264]), 0.7854, 1.0]
[20, array([0.528 , 0.0279]), array([0.5156, 0.0267]), 0.7854, 0.0]
[20, array([0.528 , 0.0279]), array([0.5159, 0.0267]), 0.7854, 0.0]
[20, array([0.528 , 0.0279]), array([0.5162, 0.0267]), 0.7854, 0.0]
[20, array([0.528 , 0.0279]), array([0.5165, 0.0267]), 0.7854, 0.0]
[20, array([0.528 , 0.0279]), array([0.5168, 0.0267]), 0.7854, 0.0]
[20, array([0.528 , 0.0279]), array([0.5171, 0.0267]), 0.7854, 1.0]
[20, array([0.528 , 0.0279]), array([0.5174, 0.0267]), 0.7854, 0.0]
[20, array([0.528 , 0.0279]), array([0.5177, 0.0267]), 0.7854, 1.0]
[20, array([0.528 , 0.0279]), array([0.518 , 0.0267]), 0.7854, 1.0]
[20, array([0.528 , 0.0279]), array([0.5183, 0.0267]), 0.7854, 0.0]
[20, array([0.528 , 0.0279]), array([0.5186, 0.0267]), 0.7854, 0.0]
[20, array([0.528 , 0.0279]), array([0.5189, 0.0267]), 0.7854, 0.0]
[20, array([0.528 , 0.0279]), array([0.5192, 0.0267]), 0.7854, 0.0]
[20, array([0.528 , 0.0279]), array([0.5195, 0.0267]), 0.7854, 0.0]
[20, array([0.528 , 0.0279]), array([0.5198, 0.0267]), 0.7854, 0.0]
[20, array([0.528 , 0.0279]), array([0.5201, 0.0267]), 0.7854, 0.0]
[20, array([0.528 , 0.0279]), array([0.5204, 0.0267]), 0.7854, 0.0]
[20, array([0.528 , 0.0279]), array([0.5207, 0.0267]), 0.7854, 0.0]
[20, array([0.528 , 0.0279]), array([0.521 , 0.0267]), 0.7854, 0.0]
[20, array([0.528 , 0.0279]), array([0.5213, 0.0267]), 0.7854, 0.0]
[20, array([0.528 , 0.0279]), array([0.5216, 0.0267]), 0.7854, 0.0]
[20, array([0.528 , 0.0279]), array([0.5219, 0.0267]), 0.7854, 1.0]
[20, array([0.528 , 0.0279]), array([0.5156, 0.027 ]), 0.7854, 0.0]
[20, array([0.528 , 0.0279]), array([0.5159, 0.027 ]), 0.7854, 0.0]
[20, array([0.528 , 0.0279]), array([0.5162, 0.027 ]), 0.7854, 0.0]
[20, array([0.528 , 0.0279]), array([0.5165, 0.027 ]), 0.7854, 0.0]
[20, array([0.528 , 0.0279]), array([0.5168, 0.027 ]), 0.7854, 0.0]
[20, array([0.528 , 0.0279]), array([0.5171, 0.027 ]), 0.7854, 0.0]
[20, array([0.528 , 0.0279]), array([0.5174, 0.027 ]), 0.7854, 1.0]
[20, array([0.528 , 0.0279]), array([0.5177, 0.027 ]), 0.7854, 0.0]
[20, array([0.528 , 0.0279]), array([0.518, 0.027]), 0.7854, 1.0]
[20, array([0.528 , 0.0279]), array([0.5183, 0.027 ]), 0.7854, 1.0]
[20, array([0.528 , 0.0279]), array([0.5186, 0.027 ]), 0.7854, 0.0]
[20, array([0.528 , 0.0279]), array([0.5189, 0.027 ]), 0.7854, 0.0]
[20, array([0.528 , 0.0279]), array([0.5192, 0.027 ]), 0.7854, 0.0]
[20, array([0.528 , 0.0279]), array([0.5195, 0.027 ]), 0.7854, 0.0]
[20, array([0.528 , 0.0279]), array([0.5198, 0.027 ]), 0.7854, 0.0]
[20, array([0.528 , 0.0279]), array([0.5201, 0.027 ]), 0.7854, 0.0]
[20, array([0.528 , 0.0279]), array([0.5204, 0.027 ]), 0.7854, 0.0]
[20, array([0.528 , 0.0279]), array([0.5207, 0.027 ]), 0.7854, 0.0]
[20, array([0.528 , 0.0279]), array([0.521, 0.027]), 0.7854, 0.0]
[20, array([0.528 , 0.0279]), array([0.5213, 0.027 ]), 0.7854, 0.0]
[20, array([0.528 , 0.0279]), array([0.5216, 0.027 ]), 0.7854, 0.0]
[20, array([0.528 , 0.0279]), array([0.5219, 0.027 ]), 0.7854, 0.0]
[20, array([0.528 , 0.0279]), array([0.5156, 0.0273]), 0.7854, 0.0]
[20, array([0.528 , 0.0279]), array([0.5159, 0.0273]), 0.7854, 0.0]
[20, array([0.528 , 0.0279]), array([0.5162, 0.0273]), 0.7854, 0.0]
[20, array([0.528 , 0.0279]), array([0.5165, 0.0273]), 0.7854, 0.0]
[20, array([0.528 , 0.0279]), array([0.5168, 0.0273]), 0.7854, 0.0]
[20, array([0.528 , 0.0279]), array([0.5171, 0.0273]), 0.7854, 0.0]
[20, array([0.528 , 0.0279]), array([0.5174, 0.0273]), 0.7854, 1.0]
[20, array([0.528 , 0.0279]), array([0.5177, 0.0273]), 0.7854, 1.0]
[20, array([0.528 , 0.0279]), array([0.518 , 0.0273]), 0.7854, 1.0]
[20, array([0.528 , 0.0279]), array([0.5183, 0.0273]), 0.7854, 1.0]
[20, array([0.528 , 0.0279]), array([0.5186, 0.0273]), 0.7854, 0.0]
[20, array([0.528 , 0.0279]), array([0.5189, 0.0273]), 0.7854, 0.0]
[20, array([0.528 , 0.0279]), array([0.5192, 0.0273]), 0.7854, 0.0]
[20, array([0.528 , 0.0279]), array([0.5195, 0.0273]), 0.7854, 0.0]
[20, array([0.528 , 0.0279]), array([0.5198, 0.0273]), 0.7854, 0.0]
[20, array([0.528 , 0.0279]), array([0.5201, 0.0273]), 0.7854, 0.0]
[20, array([0.528 , 0.0279]), array([0.5204, 0.0273]), 0.7854, 0.0]
[20, array([0.528 , 0.0279]), array([0.5207, 0.0273]), 0.7854, 0.0]
[20, array([0.528 , 0.0279]), array([0.521 , 0.0273]), 0.7854, 0.0]
[20, array([0.528 , 0.0279]), array([0.5213, 0.0273]), 0.7854, 0.0]
[20, array([0.528 , 0.0279]), array([0.5216, 0.0273]), 0.7854, 0.0]
[20, array([0.528 , 0.0279]), array([0.5219, 0.0273]), 0.7854, 0.0]
[20, array([0.528 , 0.0279]), array([0.5156, 0.0276]), 0.7854, 0.0]
[20, array([0.528 , 0.0279]), array([0.5159, 0.0276]), 0.7854, 1.0]
[20, array([0.528 , 0.0279]), array([0.5162, 0.0276]), 0.7854, 0.0]
[20, array([0.528 , 0.0279]), array([0.5165, 0.0276]), 0.7854, 0.0]
[20, array([0.528 , 0.0279]), array([0.5168, 0.0276]), 0.7854, 0.0]
[20, array([0.528 , 0.0279]), array([0.5171, 0.0276]), 0.7854, 0.0]
[20, array([0.528 , 0.0279]), array([0.5174, 0.0276]), 0.7854, 0.0]
[20, array([0.528 , 0.0279]), array([0.5177, 0.0276]), 0.7854, 1.0]
[20, array([0.528 , 0.0279]), array([0.518 , 0.0276]), 0.7854, 1.0]
[20, array([0.528 , 0.0279]), array([0.5183, 0.0276]), 0.7854, 1.0]
[20, array([0.528 , 0.0279]), array([0.5186, 0.0276]), 0.7854, 1.0]
[20, array([0.528 , 0.0279]), array([0.5189, 0.0276]), 0.7854, 0.0]
[20, array([0.528 , 0.0279]), array([0.5192, 0.0276]), 0.7854, 0.0]
[20, array([0.528 , 0.0279]), array([0.5195, 0.0276]), 0.7854, 0.0]
[20, array([0.528 , 0.0279]), array([0.5198, 0.0276]), 0.7854, 0.0]
[20, array([0.528 , 0.0279]), array([0.5201, 0.0276]), 0.7854, 0.0]
[20, array([0.528 , 0.0279]), array([0.5204, 0.0276]), 0.7854, 0.0]
[20, array([0.528 , 0.0279]), array([0.5207, 0.0276]), 0.7854, 0.0]
[20, array([0.528 , 0.0279]), array([0.521 , 0.0276]), 0.7854, 0.0]
[20, array([0.528 , 0.0279]), array([0.5213, 0.0276]), 0.7854, 0.0]
[20, array([0.528 , 0.0279]), array([0.5216, 0.0276]), 0.7854, 0.0]
[20, array([0.528 , 0.0279]), array([0.5219, 0.0276]), 0.7854, 0.0]
[20, array([0.528 , 0.0279]), array([0.5156, 0.0279]), 0.7854, 0.0]
[20, array([0.528 , 0.0279]), array([0.5159, 0.0279]), 0.7854, 0.0]
[20, array([0.528 , 0.0279]), array([0.5162, 0.0279]), 0.7854, 1.0]
[20, array([0.528 , 0.0279]), array([0.5165, 0.0279]), 0.7854, 0.0]
[20, array([0.528 , 0.0279]), array([0.5168, 0.0279]), 0.7854, 0.0]
[20, array([0.528 , 0.0279]), array([0.5171, 0.0279]), 0.7854, 0.0]
[20, array([0.528 , 0.0279]), array([0.5174, 0.0279]), 0.7854, 0.0]
[20, array([0.528 , 0.0279]), array([0.5177, 0.0279]), 0.7854, 1.0]
[20, array([0.528 , 0.0279]), array([0.518 , 0.0279]), 0.7854, 1.0]
[20, array([0.528 , 0.0279]), array([0.5183, 0.0279]), 0.7854, 0.0]
[20, array([0.528 , 0.0279]), array([0.5186, 0.0279]), 0.7854, 1.0]
[20, array([0.528 , 0.0279]), array([0.5189, 0.0279]), 0.7854, 1.0]
[20, array([0.528 , 0.0279]), array([0.5192, 0.0279]), 0.7854, 0.0]
[20, array([0.528 , 0.0279]), array([0.5195, 0.0279]), 0.7854, 0.0]
[20, array([0.528 , 0.0279]), array([0.5198, 0.0279]), 0.7854, 0.0]
[20, array([0.528 , 0.0279]), array([0.5201, 0.0279]), 0.7854, 0.0]
[20, array([0.528 , 0.0279]), array([0.5204, 0.0279]), 0.7854, 0.0]
[20, array([0.528 , 0.0279]), array([0.5207, 0.0279]), 0.7854, 0.0]
[20, array([0.528 , 0.0279]), array([0.521 , 0.0279]), 0.7854, 0.0]
[20, array([0.528 , 0.0279]), array([0.5213, 0.0279]), 0.7854, 0.0]
[20, array([0.528 , 0.0279]), array([0.5216, 0.0279]), 0.7854, 0.0]
[20, array([0.528 , 0.0279]), array([0.5219, 0.0279]), 0.7854, 0.0]
[20, array([0.528 , 0.0279]), array([0.5156, 0.0282]), 0.7854, 0.0]
[20, array([0.528 , 0.0279]), array([0.5159, 0.0282]), 0.7854, 0.0]
[20, array([0.528 , 0.0279]), array([0.5162, 0.0282]), 0.7854, 1.0]
[20, array([0.528 , 0.0279]), array([0.5165, 0.0282]), 0.7854, 0.0]
[20, array([0.528 , 0.0279]), array([0.5168, 0.0282]), 0.7854, 0.0]
[20, array([0.528 , 0.0279]), array([0.5171, 0.0282]), 0.7854, 0.0]
[20, array([0.528 , 0.0279]), array([0.5174, 0.0282]), 0.7854, 0.0]
[20, array([0.528 , 0.0279]), array([0.5177, 0.0282]), 0.7854, 0.0]
[20, array([0.528 , 0.0279]), array([0.518 , 0.0282]), 0.7854, 1.0]
[20, array([0.528 , 0.0279]), array([0.5183, 0.0282]), 0.7854, 0.0]
[20, array([0.528 , 0.0279]), array([0.5186, 0.0282]), 0.7854, 1.0]
[20, array([0.528 , 0.0279]), array([0.5189, 0.0282]), 0.7854, 1.0]
[20, array([0.528 , 0.0279]), array([0.5192, 0.0282]), 0.7854, 1.0]
[20, array([0.528 , 0.0279]), array([0.5195, 0.0282]), 0.7854, 0.0]
[20, array([0.528 , 0.0279]), array([0.5198, 0.0282]), 0.7854, 0.0]
[20, array([0.528 , 0.0279]), array([0.5201, 0.0282]), 0.7854, 0.0]
[20, array([0.528 , 0.0279]), array([0.5204, 0.0282]), 0.7854, 0.0]
[20, array([0.528 , 0.0279]), array([0.5207, 0.0282]), 0.7854, 0.0]
[20, array([0.528 , 0.0279]), array([0.521 , 0.0282]), 0.7854, 0.0]
[20, array([0.528 , 0.0279]), array([0.5213, 0.0282]), 0.7854, 0.0]
[20, array([0.528 , 0.0279]), array([0.5216, 0.0282]), 0.7854, 0.0]
[20, array([0.528 , 0.0279]), array([0.5219, 0.0282]), 0.7854, 0.0]
[20, array([0.528 , 0.0279]), array([0.5156, 0.0285]), 0.7854, 0.0]
[20, array([0.528 , 0.0279]), array([0.5159, 0.0285]), 0.7854, 0.0]
[20, array([0.528 , 0.0279]), array([0.5162, 0.0285]), 0.7854, 0.0]
[20, array([0.528 , 0.0279]), array([0.5165, 0.0285]), 0.7854, 1.0]
[20, array([0.528 , 0.0279]), array([0.5168, 0.0285]), 0.7854, 0.0]
[20, array([0.528 , 0.0279]), array([0.5171, 0.0285]), 0.7854, 0.0]
[20, array([0.528 , 0.0279]), array([0.5174, 0.0285]), 0.7854, 0.0]
[20, array([0.528 , 0.0279]), array([0.5177, 0.0285]), 0.7854, 0.0]
[20, array([0.528 , 0.0279]), array([0.518 , 0.0285]), 0.7854, 0.0]
[20, array([0.528 , 0.0279]), array([0.5183, 0.0285]), 0.7854, 1.0]
[20, array([0.528 , 0.0279]), array([0.5186, 0.0285]), 0.7854, 0.0]
[20, array([0.528 , 0.0279]), array([0.5189, 0.0285]), 0.7854, 1.0]
[20, array([0.528 , 0.0279]), array([0.5192, 0.0285]), 0.7854, 1.0]
[20, array([0.528 , 0.0279]), array([0.5195, 0.0285]), 0.7854, 0.0]
[20, array([0.528 , 0.0279]), array([0.5198, 0.0285]), 0.7854, 0.0]
[20, array([0.528 , 0.0279]), array([0.5201, 0.0285]), 0.7854, 0.0]
[20, array([0.528 , 0.0279]), array([0.5204, 0.0285]), 0.7854, 0.0]
[20, array([0.528 , 0.0279]), array([0.5207, 0.0285]), 0.7854, 0.0]
[20, array([0.528 , 0.0279]), array([0.521 , 0.0285]), 0.7854, 0.0]
[20, array([0.528 , 0.0279]), array([0.5213, 0.0285]), 0.7854, 0.0]
[20, array([0.528 , 0.0279]), array([0.5216, 0.0285]), 0.7854, 0.0]
[20, array([0.528 , 0.0279]), array([0.5219, 0.0285]), 0.7854, 0.0]
[20, array([0.528 , 0.0279]), array([0.5156, 0.0288]), 0.7854, 0.0]
[20, array([0.528 , 0.0279]), array([0.5159, 0.0288]), 0.7854, 0.0]
[20, array([0.528 , 0.0279]), array([0.5162, 0.0288]), 0.7854, 0.0]
[20, array([0.528 , 0.0279]), array([0.5165, 0.0288]), 0.7854, 0.0]
[20, array([0.528 , 0.0279]), array([0.5168, 0.0288]), 0.7854, 0.0]
[20, array([0.528 , 0.0279]), array([0.5171, 0.0288]), 0.7854, 0.0]
[20, array([0.528 , 0.0279]), array([0.5174, 0.0288]), 0.7854, 0.0]
[20, array([0.528 , 0.0279]), array([0.5177, 0.0288]), 0.7854, 0.0]
[20, array([0.528 , 0.0279]), array([0.518 , 0.0288]), 0.7854, 0.0]
[20, array([0.528 , 0.0279]), array([0.5183, 0.0288]), 0.7854, 1.0]
[20, array([0.528 , 0.0279]), array([0.5186, 0.0288]), 0.7854, 1.0]
[20, array([0.528 , 0.0279]), array([0.5189, 0.0288]), 0.7854, 0.0]
[20, array([0.528 , 0.0279]), array([0.5192, 0.0288]), 0.7854, 1.0]
[20, array([0.528 , 0.0279]), array([0.5195, 0.0288]), 0.7854, 1.0]
[20, array([0.528 , 0.0279]), array([0.5198, 0.0288]), 0.7854, 0.0]
[20, array([0.528 , 0.0279]), array([0.5201, 0.0288]), 0.7854, 0.0]
[20, array([0.528 , 0.0279]), array([0.5204, 0.0288]), 0.7854, 0.0]
[20, array([0.528 , 0.0279]), array([0.5207, 0.0288]), 0.7854, 0.0]
[20, array([0.528 , 0.0279]), array([0.521 , 0.0288]), 0.7854, 1.0]
[20, array([0.528 , 0.0279]), array([0.5213, 0.0288]), 0.7854, 1.0]
[20, array([0.528 , 0.0279]), array([0.5216, 0.0288]), 0.7854, 0.0]
[20, array([0.528 , 0.0279]), array([0.5219, 0.0288]), 0.7854, 0.0]
[20, array([0.528 , 0.0279]), array([0.5156, 0.0291]), 0.7854, 0.0]
[20, array([0.528 , 0.0279]), array([0.5159, 0.0291]), 0.7854, 0.0]
[20, array([0.528 , 0.0279]), array([0.5162, 0.0291]), 0.7854, 0.0]
[20, array([0.528 , 0.0279]), array([0.5165, 0.0291]), 0.7854, 0.0]
[20, array([0.528 , 0.0279]), array([0.5168, 0.0291]), 0.7854, 1.0]
[20, array([0.528 , 0.0279]), array([0.5171, 0.0291]), 0.7854, 0.0]
[20, array([0.528 , 0.0279]), array([0.5174, 0.0291]), 0.7854, 0.0]
[20, array([0.528 , 0.0279]), array([0.5177, 0.0291]), 0.7854, 0.0]
[20, array([0.528 , 0.0279]), array([0.518 , 0.0291]), 0.7854, 0.0]
[20, array([0.528 , 0.0279]), array([0.5183, 0.0291]), 0.7854, 0.0]
[20, array([0.528 , 0.0279]), array([0.5186, 0.0291]), 0.7854, 1.0]
[20, array([0.528 , 0.0279]), array([0.5189, 0.0291]), 0.7854, 1.0]
[20, array([0.528 , 0.0279]), array([0.5192, 0.0291]), 0.7854, 1.0]
[20, array([0.528 , 0.0279]), array([0.5195, 0.0291]), 0.7854, 0.0]
[20, array([0.528 , 0.0279]), array([0.5198, 0.0291]), 0.7854, 1.0]
[20, array([0.528 , 0.0279]), array([0.5201, 0.0291]), 0.7854, 0.0]
[20, array([0.528 , 0.0279]), array([0.5204, 0.0291]), 0.7854, 0.0]
[20, array([0.528 , 0.0279]), array([0.5207, 0.0291]), 0.7854, 0.0]
[20, array([0.528 , 0.0279]), array([0.521 , 0.0291]), 0.7854, 1.0]
[20, array([0.528 , 0.0279]), array([0.5213, 0.0291]), 0.7854, 1.0]
[20, array([0.528 , 0.0279]), array([0.5216, 0.0291]), 0.7854, 1.0]
[20, array([0.528 , 0.0279]), array([0.5219, 0.0291]), 0.7854, 0.0]
[20, array([0.528 , 0.0279]), array([0.5156, 0.0294]), 0.7854, 0.0]
[20, array([0.528 , 0.0279]), array([0.5159, 0.0294]), 0.7854, 0.0]
[20, array([0.528 , 0.0279]), array([0.5162, 0.0294]), 0.7854, 0.0]
[20, array([0.528 , 0.0279]), array([0.5165, 0.0294]), 0.7854, 0.0]
[20, array([0.528 , 0.0279]), array([0.5168, 0.0294]), 0.7854, 1.0]
[20, array([0.528 , 0.0279]), array([0.5171, 0.0294]), 0.7854, 1.0]
[20, array([0.528 , 0.0279]), array([0.5174, 0.0294]), 0.7854, 0.0]
[20, array([0.528 , 0.0279]), array([0.5177, 0.0294]), 0.7854, 0.0]
[20, array([0.528 , 0.0279]), array([0.518 , 0.0294]), 0.7854, 0.0]
[20, array([0.528 , 0.0279]), array([0.5183, 0.0294]), 0.7854, 0.0]
[20, array([0.528 , 0.0279]), array([0.5186, 0.0294]), 0.7854, 0.0]
[20, array([0.528 , 0.0279]), array([0.5189, 0.0294]), 0.7854, 1.0]
[20, array([0.528 , 0.0279]), array([0.5192, 0.0294]), 0.7854, 0.0]
[20, array([0.528 , 0.0279]), array([0.5195, 0.0294]), 0.7854, 1.0]
[20, array([0.528 , 0.0279]), array([0.5198, 0.0294]), 0.7854, 1.0]
[20, array([0.528 , 0.0279]), array([0.5201, 0.0294]), 0.7854, 1.0]
[20, array([0.528 , 0.0279]), array([0.5204, 0.0294]), 0.7854, 1.0]
[20, array([0.528 , 0.0279]), array([0.5207, 0.0294]), 0.7854, 1.0]
[20, array([0.528 , 0.0279]), array([0.521 , 0.0294]), 0.7854, 1.0]
[20, array([0.528 , 0.0279]), array([0.5213, 0.0294]), 0.7854, 1.0]
[20, array([0.528 , 0.0279]), array([0.5216, 0.0294]), 0.7854, 1.0]
[20, array([0.528 , 0.0279]), array([0.5219, 0.0294]), 0.7854, 0.0]
[20, array([0.528 , 0.0279]), array([0.5156, 0.0297]), 0.7854, 0.0]
[20, array([0.528 , 0.0279]), array([0.5159, 0.0297]), 0.7854, 0.0]
[20, array([0.528 , 0.0279]), array([0.5162, 0.0297]), 0.7854, 0.0]
[20, array([0.528 , 0.0279]), array([0.5165, 0.0297]), 0.7854, 0.0]
[20, array([0.528 , 0.0279]), array([0.5168, 0.0297]), 0.7854, 0.0]
[20, array([0.528 , 0.0279]), array([0.5171, 0.0297]), 0.7854, 1.0]
[20, array([0.528 , 0.0279]), array([0.5174, 0.0297]), 0.7854, 0.0]
[20, array([0.528 , 0.0279]), array([0.5177, 0.0297]), 0.7854, 1.0]
[20, array([0.528 , 0.0279]), array([0.518 , 0.0297]), 0.7854, 0.0]
[20, array([0.528 , 0.0279]), array([0.5183, 0.0297]), 0.7854, 0.0]
[20, array([0.528 , 0.0279]), array([0.5186, 0.0297]), 0.7854, 0.0]
[20, array([0.528 , 0.0279]), array([0.5189, 0.0297]), 0.7854, 1.0]
[20, array([0.528 , 0.0279]), array([0.5192, 0.0297]), 0.7854, 1.0]
[20, array([0.528 , 0.0279]), array([0.5195, 0.0297]), 0.7854, 0.0]
[20, array([0.528 , 0.0279]), array([0.5198, 0.0297]), 0.7854, 0.0]
[20, array([0.528 , 0.0279]), array([0.5201, 0.0297]), 0.7854, 1.0]
[20, array([0.528 , 0.0279]), array([0.5204, 0.0297]), 0.7854, 1.0]
[20, array([0.528 , 0.0279]), array([0.5207, 0.0297]), 0.7854, 1.0]
[20, array([0.528 , 0.0279]), array([0.521 , 0.0297]), 0.7854, 1.0]
[20, array([0.528 , 0.0279]), array([0.5213, 0.0297]), 0.7854, 1.0]
[20, array([0.528 , 0.0279]), array([0.5216, 0.0297]), 0.7854, 1.0]
[20, array([0.528 , 0.0279]), array([0.5219, 0.0297]), 0.7854, 1.0]
[20, array([0.5027, 0.0448]), array([0.4922, 0.0375]), 0.7854, 0.0]
[20, array([0.5027, 0.0448]), array([0.4925, 0.0375]), 0.7854, 0.0]
[20, array([0.5027, 0.0448]), array([0.4928, 0.0375]), 0.7854, 1.0]
[20, array([0.5027, 0.0448]), array([0.4931, 0.0375]), 0.7854, 1.0]
[20, array([0.5027, 0.0448]), array([0.4934, 0.0375]), 0.7854, 1.0]
[20, array([0.5027, 0.0448]), array([0.4937, 0.0375]), 0.7854, 1.0]
[20, array([0.5027, 0.0448]), array([0.494 , 0.0375]), 0.7854, 1.0]
[20, array([0.5027, 0.0448]), array([0.4943, 0.0375]), 0.7854, 1.0]
[20, array([0.5027, 0.0448]), array([0.4946, 0.0375]), 0.7854, 1.0]
[20, array([0.5027, 0.0448]), array([0.4949, 0.0375]), 0.7854, 1.0]
[20, array([0.5027, 0.0448]), array([0.4952, 0.0375]), 0.7854, 1.0]
[20, array([0.5027, 0.0448]), array([0.4955, 0.0375]), 0.7854, 1.0]
[20, array([0.5027, 0.0448]), array([0.4958, 0.0375]), 0.7854, 1.0]
[20, array([0.5027, 0.0448]), array([0.4961, 0.0375]), 0.7854, 0.0]
[20, array([0.5027, 0.0448]), array([0.4964, 0.0375]), 0.7854, 0.0]
[20, array([0.5027, 0.0448]), array([0.4967, 0.0375]), 0.7854, 0.0]
[20, array([0.5027, 0.0448]), array([0.497 , 0.0375]), 0.7854, 0.0]
[20, array([0.5027, 0.0448]), array([0.4973, 0.0375]), 0.7854, 1.0]
[20, array([0.5027, 0.0448]), array([0.4976, 0.0375]), 0.7854, 0.0]
[20, array([0.5027, 0.0448]), array([0.4979, 0.0375]), 0.7854, 0.0]
[20, array([0.5027, 0.0448]), array([0.4982, 0.0375]), 0.7854, 0.0]
[20, array([0.5027, 0.0448]), array([0.4985, 0.0375]), 0.7854, 0.0]
[20, array([0.5027, 0.0448]), array([0.4922, 0.0378]), 0.7854, 1.0]
[20, array([0.5027, 0.0448]), array([0.4925, 0.0378]), 0.7854, 1.0]
[20, array([0.5027, 0.0448]), array([0.4928, 0.0378]), 0.7854, 1.0]
[20, array([0.5027, 0.0448]), array([0.4931, 0.0378]), 0.7854, 1.0]
[20, array([0.5027, 0.0448]), array([0.4934, 0.0378]), 0.7854, 1.0]
[20, array([0.5027, 0.0448]), array([0.4937, 0.0378]), 0.7854, 1.0]
[20, array([0.5027, 0.0448]), array([0.494 , 0.0378]), 0.7854, 1.0]
[20, array([0.5027, 0.0448]), array([0.4943, 0.0378]), 0.7854, 1.0]
[20, array([0.5027, 0.0448]), array([0.4946, 0.0378]), 0.7854, 1.0]
[20, array([0.5027, 0.0448]), array([0.4949, 0.0378]), 0.7854, 1.0]
[20, array([0.5027, 0.0448]), array([0.4952, 0.0378]), 0.7854, 1.0]
[20, array([0.5027, 0.0448]), array([0.4955, 0.0378]), 0.7854, 1.0]
[20, array([0.5027, 0.0448]), array([0.4958, 0.0378]), 0.7854, 1.0]
[20, array([0.5027, 0.0448]), array([0.4961, 0.0378]), 0.7854, 0.0]
[20, array([0.5027, 0.0448]), array([0.4964, 0.0378]), 0.7854, 0.0]
[20, array([0.5027, 0.0448]), array([0.4967, 0.0378]), 0.7854, 1.0]
[20, array([0.5027, 0.0448]), array([0.497 , 0.0378]), 0.7854, 0.0]
[20, array([0.5027, 0.0448]), array([0.4973, 0.0378]), 0.7854, 0.0]
[20, array([0.5027, 0.0448]), array([0.4976, 0.0378]), 0.7854, 0.0]
[20, array([0.5027, 0.0448]), array([0.4979, 0.0378]), 0.7854, 0.0]
[20, array([0.5027, 0.0448]), array([0.4982, 0.0378]), 0.7854, 0.0]
[20, array([0.5027, 0.0448]), array([0.4985, 0.0378]), 0.7854, 0.0]
[20, array([0.5027, 0.0448]), array([0.4922, 0.0381]), 0.7854, 0.0]
[20, array([0.5027, 0.0448]), array([0.4925, 0.0381]), 0.7854, 1.0]
[20, array([0.5027, 0.0448]), array([0.4928, 0.0381]), 0.7854, 1.0]
[20, array([0.5027, 0.0448]), array([0.4931, 0.0381]), 0.7854, 1.0]
[20, array([0.5027, 0.0448]), array([0.4934, 0.0381]), 0.7854, 1.0]
[20, array([0.5027, 0.0448]), array([0.4937, 0.0381]), 0.7854, 1.0]
[20, array([0.5027, 0.0448]), array([0.494 , 0.0381]), 0.7854, 1.0]
[20, array([0.5027, 0.0448]), array([0.4943, 0.0381]), 0.7854, 1.0]
[20, array([0.5027, 0.0448]), array([0.4946, 0.0381]), 0.7854, 1.0]
[20, array([0.5027, 0.0448]), array([0.4949, 0.0381]), 0.7854, 1.0]
[20, array([0.5027, 0.0448]), array([0.4952, 0.0381]), 0.7854, 1.0]
[20, array([0.5027, 0.0448]), array([0.4955, 0.0381]), 0.7854, 1.0]
[20, array([0.5027, 0.0448]), array([0.4958, 0.0381]), 0.7854, 1.0]
[20, array([0.5027, 0.0448]), array([0.4961, 0.0381]), 0.7854, 1.0]
[20, array([0.5027, 0.0448]), array([0.4964, 0.0381]), 0.7854, 1.0]
[20, array([0.5027, 0.0448]), array([0.4967, 0.0381]), 0.7854, 0.0]
[20, array([0.5027, 0.0448]), array([0.497 , 0.0381]), 0.7854, 0.0]
[20, array([0.5027, 0.0448]), array([0.4973, 0.0381]), 0.7854, 0.0]
[20, array([0.5027, 0.0448]), array([0.4976, 0.0381]), 0.7854, 0.0]
[20, array([0.5027, 0.0448]), array([0.4979, 0.0381]), 0.7854, 0.0]
[20, array([0.5027, 0.0448]), array([0.4982, 0.0381]), 0.7854, 0.0]
[20, array([0.5027, 0.0448]), array([0.4985, 0.0381]), 0.7854, 0.0]
[20, array([0.5027, 0.0448]), array([0.4922, 0.0384]), 0.7854, 1.0]
[20, array([0.5027, 0.0448]), array([0.4925, 0.0384]), 0.7854, 1.0]
[20, array([0.5027, 0.0448]), array([0.4928, 0.0384]), 0.7854, 1.0]
[20, array([0.5027, 0.0448]), array([0.4931, 0.0384]), 0.7854, 1.0]
[20, array([0.5027, 0.0448]), array([0.4934, 0.0384]), 0.7854, 1.0]
[20, array([0.5027, 0.0448]), array([0.4937, 0.0384]), 0.7854, 1.0]
[20, array([0.5027, 0.0448]), array([0.494 , 0.0384]), 0.7854, 1.0]
[20, array([0.5027, 0.0448]), array([0.4943, 0.0384]), 0.7854, 1.0]
[20, array([0.5027, 0.0448]), array([0.4946, 0.0384]), 0.7854, 1.0]
[20, array([0.5027, 0.0448]), array([0.4949, 0.0384]), 0.7854, 1.0]
[20, array([0.5027, 0.0448]), array([0.4952, 0.0384]), 0.7854, 1.0]
[20, array([0.5027, 0.0448]), array([0.4955, 0.0384]), 0.7854, 1.0]
[20, array([0.5027, 0.0448]), array([0.4958, 0.0384]), 0.7854, 1.0]
[20, array([0.5027, 0.0448]), array([0.4961, 0.0384]), 0.7854, 1.0]
[20, array([0.5027, 0.0448]), array([0.4964, 0.0384]), 0.7854, 0.0]
[20, array([0.5027, 0.0448]), array([0.4967, 0.0384]), 0.7854, 1.0]
[20, array([0.5027, 0.0448]), array([0.497 , 0.0384]), 0.7854, 1.0]
[20, array([0.5027, 0.0448]), array([0.4973, 0.0384]), 0.7854, 0.0]
[20, array([0.5027, 0.0448]), array([0.4976, 0.0384]), 0.7854, 1.0]
[20, array([0.5027, 0.0448]), array([0.4979, 0.0384]), 0.7854, 0.0]
[20, array([0.5027, 0.0448]), array([0.4982, 0.0384]), 0.7854, 0.0]
[20, array([0.5027, 0.0448]), array([0.4985, 0.0384]), 0.7854, 0.0]
[20, array([0.5027, 0.0448]), array([0.4922, 0.0387]), 0.7854, 1.0]
[20, array([0.5027, 0.0448]), array([0.4925, 0.0387]), 0.7854, 1.0]
[20, array([0.5027, 0.0448]), array([0.4928, 0.0387]), 0.7854, 0.0]
[20, array([0.5027, 0.0448]), array([0.4931, 0.0387]), 0.7854, 1.0]
[20, array([0.5027, 0.0448]), array([0.4934, 0.0387]), 0.7854, 1.0]
[20, array([0.5027, 0.0448]), array([0.4937, 0.0387]), 0.7854, 1.0]
[20, array([0.5027, 0.0448]), array([0.494 , 0.0387]), 0.7854, 1.0]
[20, array([0.5027, 0.0448]), array([0.4943, 0.0387]), 0.7854, 1.0]
[20, array([0.5027, 0.0448]), array([0.4946, 0.0387]), 0.7854, 1.0]
[20, array([0.5027, 0.0448]), array([0.4949, 0.0387]), 0.7854, 1.0]
[20, array([0.5027, 0.0448]), array([0.4952, 0.0387]), 0.7854, 1.0]
[20, array([0.5027, 0.0448]), array([0.4955, 0.0387]), 0.7854, 1.0]
[20, array([0.5027, 0.0448]), array([0.4958, 0.0387]), 0.7854, 1.0]
[20, array([0.5027, 0.0448]), array([0.4961, 0.0387]), 0.7854, 1.0]
[20, array([0.5027, 0.0448]), array([0.4964, 0.0387]), 0.7854, 0.0]
[20, array([0.5027, 0.0448]), array([0.4967, 0.0387]), 0.7854, 0.0]
[20, array([0.5027, 0.0448]), array([0.497 , 0.0387]), 0.7854, 0.0]
[20, array([0.5027, 0.0448]), array([0.4973, 0.0387]), 0.7854, 0.0]
[20, array([0.5027, 0.0448]), array([0.4976, 0.0387]), 0.7854, 0.0]
[20, array([0.5027, 0.0448]), array([0.4979, 0.0387]), 0.7854, 0.0]
[20, array([0.5027, 0.0448]), array([0.4982, 0.0387]), 0.7854, 0.0]
[20, array([0.5027, 0.0448]), array([0.4985, 0.0387]), 0.7854, 0.0]
[20, array([0.5027, 0.0448]), array([0.4922, 0.039 ]), 0.7854, 0.0]
[20, array([0.5027, 0.0448]), array([0.4925, 0.039 ]), 0.7854, 0.0]
[20, array([0.5027, 0.0448]), array([0.4928, 0.039 ]), 0.7854, 0.0]
[20, array([0.5027, 0.0448]), array([0.4931, 0.039 ]), 0.7854, 1.0]
[20, array([0.5027, 0.0448]), array([0.4934, 0.039 ]), 0.7854, 1.0]
[20, array([0.5027, 0.0448]), array([0.4937, 0.039 ]), 0.7854, 1.0]
[20, array([0.5027, 0.0448]), array([0.494, 0.039]), 0.7854, 1.0]
[20, array([0.5027, 0.0448]), array([0.4943, 0.039 ]), 0.7854, 1.0]
[20, array([0.5027, 0.0448]), array([0.4946, 0.039 ]), 0.7854, 1.0]
[20, array([0.5027, 0.0448]), array([0.4949, 0.039 ]), 0.7854, 1.0]
[20, array([0.5027, 0.0448]), array([0.4952, 0.039 ]), 0.7854, 1.0]
[20, array([0.5027, 0.0448]), array([0.4955, 0.039 ]), 0.7854, 1.0]
[20, array([0.5027, 0.0448]), array([0.4958, 0.039 ]), 0.7854, 1.0]
[20, array([0.5027, 0.0448]), array([0.4961, 0.039 ]), 0.7854, 1.0]
[20, array([0.5027, 0.0448]), array([0.4964, 0.039 ]), 0.7854, 1.0]
[20, array([0.5027, 0.0448]), array([0.4967, 0.039 ]), 0.7854, 1.0]
[20, array([0.5027, 0.0448]), array([0.497, 0.039]), 0.7854, 0.0]
[20, array([0.5027, 0.0448]), array([0.4973, 0.039 ]), 0.7854, 0.0]
[20, array([0.5027, 0.0448]), array([0.4976, 0.039 ]), 0.7854, 1.0]
[20, array([0.5027, 0.0448]), array([0.4979, 0.039 ]), 0.7854, 1.0]
[20, array([0.5027, 0.0448]), array([0.4982, 0.039 ]), 0.7854, 0.0]
[20, array([0.5027, 0.0448]), array([0.4985, 0.039 ]), 0.7854, 0.0]
[20, array([0.5027, 0.0448]), array([0.4922, 0.0393]), 0.7854, 0.0]
[20, array([0.5027, 0.0448]), array([0.4925, 0.0393]), 0.7854, 0.0]
[20, array([0.5027, 0.0448]), array([0.4928, 0.0393]), 0.7854, 0.0]
[20, array([0.5027, 0.0448]), array([0.4931, 0.0393]), 0.7854, 1.0]
[20, array([0.5027, 0.0448]), array([0.4934, 0.0393]), 0.7854, 1.0]
[20, array([0.5027, 0.0448]), array([0.4937, 0.0393]), 0.7854, 1.0]
[20, array([0.5027, 0.0448]), array([0.494 , 0.0393]), 0.7854, 1.0]
[20, array([0.5027, 0.0448]), array([0.4943, 0.0393]), 0.7854, 1.0]
[20, array([0.5027, 0.0448]), array([0.4946, 0.0393]), 0.7854, 1.0]
[20, array([0.5027, 0.0448]), array([0.4949, 0.0393]), 0.7854, 1.0]
[20, array([0.5027, 0.0448]), array([0.4952, 0.0393]), 0.7854, 1.0]
[20, array([0.5027, 0.0448]), array([0.4955, 0.0393]), 0.7854, 1.0]
[20, array([0.5027, 0.0448]), array([0.4958, 0.0393]), 0.7854, 1.0]
[20, array([0.5027, 0.0448]), array([0.4961, 0.0393]), 0.7854, 1.0]
[20, array([0.5027, 0.0448]), array([0.4964, 0.0393]), 0.7854, 1.0]
[20, array([0.5027, 0.0448]), array([0.4967, 0.0393]), 0.7854, 1.0]
[20, array([0.5027, 0.0448]), array([0.497 , 0.0393]), 0.7854, 1.0]
[20, array([0.5027, 0.0448]), array([0.4973, 0.0393]), 0.7854, 1.0]
[20, array([0.5027, 0.0448]), array([0.4976, 0.0393]), 0.7854, 0.0]
[20, array([0.5027, 0.0448]), array([0.4979, 0.0393]), 0.7854, 0.0]
[20, array([0.5027, 0.0448]), array([0.4982, 0.0393]), 0.7854, 0.0]
[20, array([0.5027, 0.0448]), array([0.4985, 0.0393]), 0.7854, 0.0]
[20, array([0.5027, 0.0448]), array([0.4922, 0.0396]), 0.7854, 0.0]
[20, array([0.5027, 0.0448]), array([0.4925, 0.0396]), 0.7854, 1.0]
[20, array([0.5027, 0.0448]), array([0.4928, 0.0396]), 0.7854, 0.0]
[20, array([0.5027, 0.0448]), array([0.4931, 0.0396]), 0.7854, 1.0]
[20, array([0.5027, 0.0448]), array([0.4934, 0.0396]), 0.7854, 1.0]
[20, array([0.5027, 0.0448]), array([0.4937, 0.0396]), 0.7854, 1.0]
[20, array([0.5027, 0.0448]), array([0.494 , 0.0396]), 0.7854, 1.0]
[20, array([0.5027, 0.0448]), array([0.4943, 0.0396]), 0.7854, 1.0]
[20, array([0.5027, 0.0448]), array([0.4946, 0.0396]), 0.7854, 1.0]
[20, array([0.5027, 0.0448]), array([0.4949, 0.0396]), 0.7854, 1.0]
[20, array([0.5027, 0.0448]), array([0.4952, 0.0396]), 0.7854, 1.0]
[20, array([0.5027, 0.0448]), array([0.4955, 0.0396]), 0.7854, 1.0]
[20, array([0.5027, 0.0448]), array([0.4958, 0.0396]), 0.7854, 1.0]
[20, array([0.5027, 0.0448]), array([0.4961, 0.0396]), 0.7854, 1.0]
[20, array([0.5027, 0.0448]), array([0.4964, 0.0396]), 0.7854, 1.0]
[20, array([0.5027, 0.0448]), array([0.4967, 0.0396]), 0.7854, 1.0]
[20, array([0.5027, 0.0448]), array([0.497 , 0.0396]), 0.7854, 1.0]
[20, array([0.5027, 0.0448]), array([0.4973, 0.0396]), 0.7854, 1.0]
[20, array([0.5027, 0.0448]), array([0.4976, 0.0396]), 0.7854, 1.0]
[20, array([0.5027, 0.0448]), array([0.4979, 0.0396]), 0.7854, 1.0]
[20, array([0.5027, 0.0448]), array([0.4982, 0.0396]), 0.7854, 1.0]
[20, array([0.5027, 0.0448]), array([0.4985, 0.0396]), 0.7854, 1.0]
[20, array([0.5027, 0.0448]), array([0.4922, 0.0399]), 0.7854, 0.0]
[20, array([0.5027, 0.0448]), array([0.4925, 0.0399]), 0.7854, 0.0]
[20, array([0.5027, 0.0448]), array([0.4928, 0.0399]), 0.7854, 1.0]
[20, array([0.5027, 0.0448]), array([0.4931, 0.0399]), 0.7854, 1.0]
[20, array([0.5027, 0.0448]), array([0.4934, 0.0399]), 0.7854, 1.0]
[20, array([0.5027, 0.0448]), array([0.4937, 0.0399]), 0.7854, 1.0]
[20, array([0.5027, 0.0448]), array([0.494 , 0.0399]), 0.7854, 1.0]
[20, array([0.5027, 0.0448]), array([0.4943, 0.0399]), 0.7854, 1.0]
[20, array([0.5027, 0.0448]), array([0.4946, 0.0399]), 0.7854, 1.0]
[20, array([0.5027, 0.0448]), array([0.4949, 0.0399]), 0.7854, 1.0]
[20, array([0.5027, 0.0448]), array([0.4952, 0.0399]), 0.7854, 1.0]
[20, array([0.5027, 0.0448]), array([0.4955, 0.0399]), 0.7854, 1.0]
[20, array([0.5027, 0.0448]), array([0.4958, 0.0399]), 0.7854, 1.0]
[20, array([0.5027, 0.0448]), array([0.4961, 0.0399]), 0.7854, 1.0]
[20, array([0.5027, 0.0448]), array([0.4964, 0.0399]), 0.7854, 1.0]
[20, array([0.5027, 0.0448]), array([0.4967, 0.0399]), 0.7854, 1.0]
[20, array([0.5027, 0.0448]), array([0.497 , 0.0399]), 0.7854, 1.0]
[20, array([0.5027, 0.0448]), array([0.4973, 0.0399]), 0.7854, 1.0]
[20, array([0.5027, 0.0448]), array([0.4976, 0.0399]), 0.7854, 1.0]
[20, array([0.5027, 0.0448]), array([0.4979, 0.0399]), 0.7854, 1.0]
[20, array([0.5027, 0.0448]), array([0.4982, 0.0399]), 0.7854, 1.0]
[20, array([0.5027, 0.0448]), array([0.4985, 0.0399]), 0.7854, 1.0]
[20, array([0.5027, 0.0448]), array([0.4922, 0.0402]), 0.7854, 0.0]
[20, array([0.5027, 0.0448]), array([0.4925, 0.0402]), 0.7854, 0.0]
[20, array([0.5027, 0.0448]), array([0.4928, 0.0402]), 0.7854, 1.0]
[20, array([0.5027, 0.0448]), array([0.4931, 0.0402]), 0.7854, 0.0]
[20, array([0.5027, 0.0448]), array([0.4934, 0.0402]), 0.7854, 1.0]
[20, array([0.5027, 0.0448]), array([0.4937, 0.0402]), 0.7854, 1.0]
[20, array([0.5027, 0.0448]), array([0.494 , 0.0402]), 0.7854, 1.0]
[20, array([0.5027, 0.0448]), array([0.4943, 0.0402]), 0.7854, 1.0]
[20, array([0.5027, 0.0448]), array([0.4946, 0.0402]), 0.7854, 1.0]
[20, array([0.5027, 0.0448]), array([0.4949, 0.0402]), 0.7854, 1.0]
[20, array([0.5027, 0.0448]), array([0.4952, 0.0402]), 0.7854, 1.0]
[20, array([0.5027, 0.0448]), array([0.4955, 0.0402]), 0.7854, 1.0]
[20, array([0.5027, 0.0448]), array([0.4958, 0.0402]), 0.7854, 1.0]
[20, array([0.5027, 0.0448]), array([0.4961, 0.0402]), 0.7854, 1.0]
[20, array([0.5027, 0.0448]), array([0.4964, 0.0402]), 0.7854, 1.0]
[20, array([0.5027, 0.0448]), array([0.4967, 0.0402]), 0.7854, 1.0]
[20, array([0.5027, 0.0448]), array([0.497 , 0.0402]), 0.7854, 1.0]
[20, array([0.5027, 0.0448]), array([0.4973, 0.0402]), 0.7854, 1.0]
[20, array([0.5027, 0.0448]), array([0.4976, 0.0402]), 0.7854, 1.0]
[20, array([0.5027, 0.0448]), array([0.4979, 0.0402]), 0.7854, 1.0]
[20, array([0.5027, 0.0448]), array([0.4982, 0.0402]), 0.7854, 1.0]
[20, array([0.5027, 0.0448]), array([0.4985, 0.0402]), 0.7854, 1.0]
[20, array([0.5027, 0.0448]), array([0.4922, 0.0405]), 0.7854, 0.0]
[20, array([0.5027, 0.0448]), array([0.4925, 0.0405]), 0.7854, 0.0]
[20, array([0.5027, 0.0448]), array([0.4928, 0.0405]), 0.7854, 1.0]
[20, array([0.5027, 0.0448]), array([0.4931, 0.0405]), 0.7854, 1.0]
[20, array([0.5027, 0.0448]), array([0.4934, 0.0405]), 0.7854, 1.0]
[20, array([0.5027, 0.0448]), array([0.4937, 0.0405]), 0.7854, 1.0]
[20, array([0.5027, 0.0448]), array([0.494 , 0.0405]), 0.7854, 1.0]
[20, array([0.5027, 0.0448]), array([0.4943, 0.0405]), 0.7854, 1.0]
[20, array([0.5027, 0.0448]), array([0.4946, 0.0405]), 0.7854, 1.0]
[20, array([0.5027, 0.0448]), array([0.4949, 0.0405]), 0.7854, 1.0]
[20, array([0.5027, 0.0448]), array([0.4952, 0.0405]), 0.7854, 1.0]
[20, array([0.5027, 0.0448]), array([0.4955, 0.0405]), 0.7854, 1.0]
[20, array([0.5027, 0.0448]), array([0.4958, 0.0405]), 0.7854, 1.0]
[20, array([0.5027, 0.0448]), array([0.4961, 0.0405]), 0.7854, 1.0]
[20, array([0.5027, 0.0448]), array([0.4964, 0.0405]), 0.7854, 1.0]
[20, array([0.5027, 0.0448]), array([0.4967, 0.0405]), 0.7854, 1.0]
[20, array([0.5027, 0.0448]), array([0.497 , 0.0405]), 0.7854, 1.0]
[20, array([0.5027, 0.0448]), array([0.4973, 0.0405]), 0.7854, 1.0]
[20, array([0.5027, 0.0448]), array([0.4976, 0.0405]), 0.7854, 1.0]
[20, array([0.5027, 0.0448]), array([0.4979, 0.0405]), 0.7854, 1.0]
[20, array([0.5027, 0.0448]), array([0.4982, 0.0405]), 0.7854, 1.0]
[20, array([0.5027, 0.0448]), array([0.4985, 0.0405]), 0.7854, 1.0]
[20, array([0.5027, 0.0448]), array([0.4922, 0.0408]), 0.7854, 0.0]
[20, array([0.5027, 0.0448]), array([0.4925, 0.0408]), 0.7854, 0.0]
[20, array([0.5027, 0.0448]), array([0.4928, 0.0408]), 0.7854, 0.0]
[20, array([0.5027, 0.0448]), array([0.4931, 0.0408]), 0.7854, 1.0]
[20, array([0.5027, 0.0448]), array([0.4934, 0.0408]), 0.7854, 1.0]
[20, array([0.5027, 0.0448]), array([0.4937, 0.0408]), 0.7854, 1.0]
[20, array([0.5027, 0.0448]), array([0.494 , 0.0408]), 0.7854, 1.0]
[20, array([0.5027, 0.0448]), array([0.4943, 0.0408]), 0.7854, 1.0]
[20, array([0.5027, 0.0448]), array([0.4946, 0.0408]), 0.7854, 1.0]
[20, array([0.5027, 0.0448]), array([0.4949, 0.0408]), 0.7854, 1.0]
[20, array([0.5027, 0.0448]), array([0.4952, 0.0408]), 0.7854, 1.0]
[20, array([0.5027, 0.0448]), array([0.4955, 0.0408]), 0.7854, 1.0]
[20, array([0.5027, 0.0448]), array([0.4958, 0.0408]), 0.7854, 1.0]
[20, array([0.5027, 0.0448]), array([0.4961, 0.0408]), 0.7854, 1.0]
[20, array([0.5027, 0.0448]), array([0.4964, 0.0408]), 0.7854, 1.0]
[20, array([0.5027, 0.0448]), array([0.4967, 0.0408]), 0.7854, 1.0]
[20, array([0.5027, 0.0448]), array([0.497 , 0.0408]), 0.7854, 1.0]
[20, array([0.5027, 0.0448]), array([0.4973, 0.0408]), 0.7854, 1.0]
[20, array([0.5027, 0.0448]), array([0.4976, 0.0408]), 0.7854, 1.0]
[20, array([0.5027, 0.0448]), array([0.4979, 0.0408]), 0.7854, 1.0]
[20, array([0.5027, 0.0448]), array([0.4982, 0.0408]), 0.7854, 1.0]
[20, array([0.5027, 0.0448]), array([0.4985, 0.0408]), 0.7854, 1.0]
[20, array([0.5027, 0.0448]), array([0.4922, 0.0411]), 0.7854, 0.0]
[20, array([0.5027, 0.0448]), array([0.4925, 0.0411]), 0.7854, 0.0]
[20, array([0.5027, 0.0448]), array([0.4928, 0.0411]), 0.7854, 0.0]
[20, array([0.5027, 0.0448]), array([0.4931, 0.0411]), 0.7854, 0.0]
[20, array([0.5027, 0.0448]), array([0.4934, 0.0411]), 0.7854, 1.0]
[20, array([0.5027, 0.0448]), array([0.4937, 0.0411]), 0.7854, 1.0]
[20, array([0.5027, 0.0448]), array([0.494 , 0.0411]), 0.7854, 1.0]
[20, array([0.5027, 0.0448]), array([0.4943, 0.0411]), 0.7854, 1.0]
[20, array([0.5027, 0.0448]), array([0.4946, 0.0411]), 0.7854, 1.0]
[20, array([0.5027, 0.0448]), array([0.4949, 0.0411]), 0.7854, 1.0]
[20, array([0.5027, 0.0448]), array([0.4952, 0.0411]), 0.7854, 1.0]
[20, array([0.5027, 0.0448]), array([0.4955, 0.0411]), 0.7854, 1.0]
[20, array([0.5027, 0.0448]), array([0.4958, 0.0411]), 0.7854, 1.0]
[20, array([0.5027, 0.0448]), array([0.4961, 0.0411]), 0.7854, 1.0]
[20, array([0.5027, 0.0448]), array([0.4964, 0.0411]), 0.7854, 1.0]
[20, array([0.5027, 0.0448]), array([0.4967, 0.0411]), 0.7854, 1.0]
[20, array([0.5027, 0.0448]), array([0.497 , 0.0411]), 0.7854, 1.0]
[20, array([0.5027, 0.0448]), array([0.4973, 0.0411]), 0.7854, 1.0]
[20, array([0.5027, 0.0448]), array([0.4976, 0.0411]), 0.7854, 1.0]
[20, array([0.5027, 0.0448]), array([0.4979, 0.0411]), 0.7854, 1.0]
[20, array([0.5027, 0.0448]), array([0.4982, 0.0411]), 0.7854, 1.0]
[20, array([0.5027, 0.0448]), array([0.4985, 0.0411]), 0.7854, 1.0]
[20, array([0.5027, 0.0448]), array([0.4922, 0.0414]), 0.7854, 0.0]
[20, array([0.5027, 0.0448]), array([0.4925, 0.0414]), 0.7854, 0.0]
[20, array([0.5027, 0.0448]), array([0.4928, 0.0414]), 0.7854, 0.0]
[20, array([0.5027, 0.0448]), array([0.4931, 0.0414]), 0.7854, 0.0]
[20, array([0.5027, 0.0448]), array([0.4934, 0.0414]), 0.7854, 1.0]
[20, array([0.5027, 0.0448]), array([0.4937, 0.0414]), 0.7854, 1.0]
[20, array([0.5027, 0.0448]), array([0.494 , 0.0414]), 0.7854, 0.0]
[20, array([0.5027, 0.0448]), array([0.4943, 0.0414]), 0.7854, 1.0]
[20, array([0.5027, 0.0448]), array([0.4946, 0.0414]), 0.7854, 1.0]
[20, array([0.5027, 0.0448]), array([0.4949, 0.0414]), 0.7854, 1.0]
[20, array([0.5027, 0.0448]), array([0.4952, 0.0414]), 0.7854, 1.0]
[20, array([0.5027, 0.0448]), array([0.4955, 0.0414]), 0.7854, 1.0]
[20, array([0.5027, 0.0448]), array([0.4958, 0.0414]), 0.7854, 1.0]
[20, array([0.5027, 0.0448]), array([0.4961, 0.0414]), 0.7854, 1.0]
[20, array([0.5027, 0.0448]), array([0.4964, 0.0414]), 0.7854, 1.0]
[20, array([0.5027, 0.0448]), array([0.4967, 0.0414]), 0.7854, 1.0]
[20, array([0.5027, 0.0448]), array([0.497 , 0.0414]), 0.7854, 1.0]
[20, array([0.5027, 0.0448]), array([0.4973, 0.0414]), 0.7854, 1.0]
[20, array([0.5027, 0.0448]), array([0.4976, 0.0414]), 0.7854, 1.0]
[20, array([0.5027, 0.0448]), array([0.4979, 0.0414]), 0.7854, 1.0]
[20, array([0.5027, 0.0448]), array([0.4982, 0.0414]), 0.7854, 1.0]
[20, array([0.5027, 0.0448]), array([0.4985, 0.0414]), 0.7854, 1.0]
[20, array([0.5027, 0.0448]), array([0.4922, 0.0417]), 0.7854, 0.0]
[20, array([0.5027, 0.0448]), array([0.4925, 0.0417]), 0.7854, 0.0]
[20, array([0.5027, 0.0448]), array([0.4928, 0.0417]), 0.7854, 0.0]
[20, array([0.5027, 0.0448]), array([0.4931, 0.0417]), 0.7854, 0.0]
[20, array([0.5027, 0.0448]), array([0.4934, 0.0417]), 0.7854, 0.0]
[20, array([0.5027, 0.0448]), array([0.4937, 0.0417]), 0.7854, 1.0]
[20, array([0.5027, 0.0448]), array([0.494 , 0.0417]), 0.7854, 0.0]
[20, array([0.5027, 0.0448]), array([0.4943, 0.0417]), 0.7854, 1.0]
[20, array([0.5027, 0.0448]), array([0.4946, 0.0417]), 0.7854, 1.0]
[20, array([0.5027, 0.0448]), array([0.4949, 0.0417]), 0.7854, 1.0]
[20, array([0.5027, 0.0448]), array([0.4952, 0.0417]), 0.7854, 1.0]
[20, array([0.5027, 0.0448]), array([0.4955, 0.0417]), 0.7854, 1.0]
[20, array([0.5027, 0.0448]), array([0.4958, 0.0417]), 0.7854, 1.0]
[20, array([0.5027, 0.0448]), array([0.4961, 0.0417]), 0.7854, 1.0]
[20, array([0.5027, 0.0448]), array([0.4964, 0.0417]), 0.7854, 1.0]
[20, array([0.5027, 0.0448]), array([0.4967, 0.0417]), 0.7854, 1.0]
[20, array([0.5027, 0.0448]), array([0.497 , 0.0417]), 0.7854, 1.0]
[20, array([0.5027, 0.0448]), array([0.4973, 0.0417]), 0.7854, 1.0]
[20, array([0.5027, 0.0448]), array([0.4976, 0.0417]), 0.7854, 1.0]
[20, array([0.5027, 0.0448]), array([0.4979, 0.0417]), 0.7854, 1.0]
[20, array([0.5027, 0.0448]), array([0.4982, 0.0417]), 0.7854, 1.0]
[20, array([0.5027, 0.0448]), array([0.4985, 0.0417]), 0.7854, 1.0]
[20, array([0.5027, 0.0448]), array([0.4922, 0.042 ]), 0.7854, 0.0]
[20, array([0.5027, 0.0448]), array([0.4925, 0.042 ]), 0.7854, 0.0]
[20, array([0.5027, 0.0448]), array([0.4928, 0.042 ]), 0.7854, 0.0]
[20, array([0.5027, 0.0448]), array([0.4931, 0.042 ]), 0.7854, 0.0]
[20, array([0.5027, 0.0448]), array([0.4934, 0.042 ]), 0.7854, 0.0]
[20, array([0.5027, 0.0448]), array([0.4937, 0.042 ]), 0.7854, 0.0]
[20, array([0.5027, 0.0448]), array([0.494, 0.042]), 0.7854, 1.0]
[20, array([0.5027, 0.0448]), array([0.4943, 0.042 ]), 0.7854, 0.0]
[20, array([0.5027, 0.0448]), array([0.4946, 0.042 ]), 0.7854, 1.0]
[20, array([0.5027, 0.0448]), array([0.4949, 0.042 ]), 0.7854, 1.0]
[20, array([0.5027, 0.0448]), array([0.4952, 0.042 ]), 0.7854, 1.0]
[20, array([0.5027, 0.0448]), array([0.4955, 0.042 ]), 0.7854, 1.0]
[20, array([0.5027, 0.0448]), array([0.4958, 0.042 ]), 0.7854, 1.0]
[20, array([0.5027, 0.0448]), array([0.4961, 0.042 ]), 0.7854, 1.0]
[20, array([0.5027, 0.0448]), array([0.4964, 0.042 ]), 0.7854, 1.0]
[20, array([0.5027, 0.0448]), array([0.4967, 0.042 ]), 0.7854, 1.0]
[20, array([0.5027, 0.0448]), array([0.497, 0.042]), 0.7854, 1.0]
[20, array([0.5027, 0.0448]), array([0.4973, 0.042 ]), 0.7854, 1.0]
[20, array([0.5027, 0.0448]), array([0.4976, 0.042 ]), 0.7854, 1.0]
[20, array([0.5027, 0.0448]), array([0.4979, 0.042 ]), 0.7854, 1.0]
[20, array([0.5027, 0.0448]), array([0.4982, 0.042 ]), 0.7854, 1.0]
[20, array([0.5027, 0.0448]), array([0.4985, 0.042 ]), 0.7854, 1.0]
[20, array([0.5027, 0.0448]), array([0.4922, 0.0423]), 0.7854, 0.0]
[20, array([0.5027, 0.0448]), array([0.4925, 0.0423]), 0.7854, 0.0]
[20, array([0.5027, 0.0448]), array([0.4928, 0.0423]), 0.7854, 0.0]
[20, array([0.5027, 0.0448]), array([0.4931, 0.0423]), 0.7854, 0.0]
[20, array([0.5027, 0.0448]), array([0.4934, 0.0423]), 0.7854, 0.0]
[20, array([0.5027, 0.0448]), array([0.4937, 0.0423]), 0.7854, 0.0]
[20, array([0.5027, 0.0448]), array([0.494 , 0.0423]), 0.7854, 1.0]
[20, array([0.5027, 0.0448]), array([0.4943, 0.0423]), 0.7854, 1.0]
[20, array([0.5027, 0.0448]), array([0.4946, 0.0423]), 0.7854, 0.0]
[20, array([0.5027, 0.0448]), array([0.4949, 0.0423]), 0.7854, 1.0]
[20, array([0.5027, 0.0448]), array([0.4952, 0.0423]), 0.7854, 0.0]
[20, array([0.5027, 0.0448]), array([0.4955, 0.0423]), 0.7854, 1.0]
[20, array([0.5027, 0.0448]), array([0.4958, 0.0423]), 0.7854, 1.0]
[20, array([0.5027, 0.0448]), array([0.4961, 0.0423]), 0.7854, 1.0]
[20, array([0.5027, 0.0448]), array([0.4964, 0.0423]), 0.7854, 1.0]
[20, array([0.5027, 0.0448]), array([0.4967, 0.0423]), 0.7854, 1.0]
[20, array([0.5027, 0.0448]), array([0.497 , 0.0423]), 0.7854, 1.0]
[20, array([0.5027, 0.0448]), array([0.4973, 0.0423]), 0.7854, 1.0]
[20, array([0.5027, 0.0448]), array([0.4976, 0.0423]), 0.7854, 1.0]
[20, array([0.5027, 0.0448]), array([0.4979, 0.0423]), 0.7854, 1.0]
[20, array([0.5027, 0.0448]), array([0.4982, 0.0423]), 0.7854, 1.0]
[20, array([0.5027, 0.0448]), array([0.4985, 0.0423]), 0.7854, 1.0]
[20, array([0.5027, 0.0448]), array([0.4922, 0.0426]), 0.7854, 1.0]
[20, array([0.5027, 0.0448]), array([0.4925, 0.0426]), 0.7854, 0.0]
[20, array([0.5027, 0.0448]), array([0.4928, 0.0426]), 0.7854, 0.0]
[20, array([0.5027, 0.0448]), array([0.4931, 0.0426]), 0.7854, 0.0]
[20, array([0.5027, 0.0448]), array([0.4934, 0.0426]), 0.7854, 0.0]
[20, array([0.5027, 0.0448]), array([0.4937, 0.0426]), 0.7854, 0.0]
[20, array([0.5027, 0.0448]), array([0.494 , 0.0426]), 0.7854, 0.0]
[20, array([0.5027, 0.0448]), array([0.4943, 0.0426]), 0.7854, 1.0]
[20, array([0.5027, 0.0448]), array([0.4946, 0.0426]), 0.7854, 0.0]
[20, array([0.5027, 0.0448]), array([0.4949, 0.0426]), 0.7854, 0.0]
[20, array([0.5027, 0.0448]), array([0.4952, 0.0426]), 0.7854, 0.0]
[20, array([0.5027, 0.0448]), array([0.4955, 0.0426]), 0.7854, 1.0]
[20, array([0.5027, 0.0448]), array([0.4958, 0.0426]), 0.7854, 1.0]
[20, array([0.5027, 0.0448]), array([0.4961, 0.0426]), 0.7854, 1.0]
[20, array([0.5027, 0.0448]), array([0.4964, 0.0426]), 0.7854, 1.0]
[20, array([0.5027, 0.0448]), array([0.4967, 0.0426]), 0.7854, 1.0]
[20, array([0.5027, 0.0448]), array([0.497 , 0.0426]), 0.7854, 1.0]
[20, array([0.5027, 0.0448]), array([0.4973, 0.0426]), 0.7854, 1.0]
[20, array([0.5027, 0.0448]), array([0.4976, 0.0426]), 0.7854, 1.0]
[20, array([0.5027, 0.0448]), array([0.4979, 0.0426]), 0.7854, 1.0]
[20, array([0.5027, 0.0448]), array([0.4982, 0.0426]), 0.7854, 1.0]
[20, array([0.5027, 0.0448]), array([0.4985, 0.0426]), 0.7854, 1.0]
[20, array([0.5027, 0.0448]), array([0.4922, 0.0429]), 0.7854, 1.0]
[20, array([0.5027, 0.0448]), array([0.4925, 0.0429]), 0.7854, 0.0]
[20, array([0.5027, 0.0448]), array([0.4928, 0.0429]), 0.7854, 0.0]
[20, array([0.5027, 0.0448]), array([0.4931, 0.0429]), 0.7854, 0.0]
[20, array([0.5027, 0.0448]), array([0.4934, 0.0429]), 0.7854, 0.0]
[20, array([0.5027, 0.0448]), array([0.4937, 0.0429]), 0.7854, 0.0]
[20, array([0.5027, 0.0448]), array([0.494 , 0.0429]), 0.7854, 0.0]
[20, array([0.5027, 0.0448]), array([0.4943, 0.0429]), 0.7854, 0.0]
[20, array([0.5027, 0.0448]), array([0.4946, 0.0429]), 0.7854, 1.0]
[20, array([0.5027, 0.0448]), array([0.4949, 0.0429]), 0.7854, 0.0]
[20, array([0.5027, 0.0448]), array([0.4952, 0.0429]), 0.7854, 0.0]
[20, array([0.5027, 0.0448]), array([0.4955, 0.0429]), 0.7854, 0.0]
[20, array([0.5027, 0.0448]), array([0.4958, 0.0429]), 0.7854, 1.0]
[20, array([0.5027, 0.0448]), array([0.4961, 0.0429]), 0.7854, 1.0]
[20, array([0.5027, 0.0448]), array([0.4964, 0.0429]), 0.7854, 1.0]
[20, array([0.5027, 0.0448]), array([0.4967, 0.0429]), 0.7854, 1.0]
[20, array([0.5027, 0.0448]), array([0.497 , 0.0429]), 0.7854, 1.0]
[20, array([0.5027, 0.0448]), array([0.4973, 0.0429]), 0.7854, 1.0]
[20, array([0.5027, 0.0448]), array([0.4976, 0.0429]), 0.7854, 1.0]
[20, array([0.5027, 0.0448]), array([0.4979, 0.0429]), 0.7854, 1.0]
[20, array([0.5027, 0.0448]), array([0.4982, 0.0429]), 0.7854, 1.0]
[20, array([0.5027, 0.0448]), array([0.4985, 0.0429]), 0.7854, 1.0]
[20, array([0.5027, 0.0448]), array([0.4922, 0.0432]), 0.7854, 1.0]
[20, array([0.5027, 0.0448]), array([0.4925, 0.0432]), 0.7854, 1.0]
[20, array([0.5027, 0.0448]), array([0.4928, 0.0432]), 0.7854, 0.0]
[20, array([0.5027, 0.0448]), array([0.4931, 0.0432]), 0.7854, 0.0]
[20, array([0.5027, 0.0448]), array([0.4934, 0.0432]), 0.7854, 0.0]
[20, array([0.5027, 0.0448]), array([0.4937, 0.0432]), 0.7854, 0.0]
[20, array([0.5027, 0.0448]), array([0.494 , 0.0432]), 0.7854, 0.0]
[20, array([0.5027, 0.0448]), array([0.4943, 0.0432]), 0.7854, 0.0]
[20, array([0.5027, 0.0448]), array([0.4946, 0.0432]), 0.7854, 0.0]
[20, array([0.5027, 0.0448]), array([0.4949, 0.0432]), 0.7854, 0.0]
[20, array([0.5027, 0.0448]), array([0.4952, 0.0432]), 0.7854, 0.0]
[20, array([0.5027, 0.0448]), array([0.4955, 0.0432]), 0.7854, 0.0]
[20, array([0.5027, 0.0448]), array([0.4958, 0.0432]), 0.7854, 0.0]
[20, array([0.5027, 0.0448]), array([0.4961, 0.0432]), 0.7854, 1.0]
[20, array([0.5027, 0.0448]), array([0.4964, 0.0432]), 0.7854, 1.0]
[20, array([0.5027, 0.0448]), array([0.4967, 0.0432]), 0.7854, 1.0]
[20, array([0.5027, 0.0448]), array([0.497 , 0.0432]), 0.7854, 1.0]
[20, array([0.5027, 0.0448]), array([0.4973, 0.0432]), 0.7854, 1.0]
[20, array([0.5027, 0.0448]), array([0.4976, 0.0432]), 0.7854, 1.0]
[20, array([0.5027, 0.0448]), array([0.4979, 0.0432]), 0.7854, 1.0]
[20, array([0.5027, 0.0448]), array([0.4982, 0.0432]), 0.7854, 1.0]
[20, array([0.5027, 0.0448]), array([0.4985, 0.0432]), 0.7854, 1.0]
[20, array([0.5027, 0.0448]), array([0.4922, 0.0435]), 0.7854, 1.0]
[20, array([0.5027, 0.0448]), array([0.4925, 0.0435]), 0.7854, 1.0]
[20, array([0.5027, 0.0448]), array([0.4928, 0.0435]), 0.7854, 0.0]
[20, array([0.5027, 0.0448]), array([0.4931, 0.0435]), 0.7854, 0.0]
[20, array([0.5027, 0.0448]), array([0.4934, 0.0435]), 0.7854, 0.0]
[20, array([0.5027, 0.0448]), array([0.4937, 0.0435]), 0.7854, 0.0]
[20, array([0.5027, 0.0448]), array([0.494 , 0.0435]), 0.7854, 0.0]
[20, array([0.5027, 0.0448]), array([0.4943, 0.0435]), 0.7854, 0.0]
[20, array([0.5027, 0.0448]), array([0.4946, 0.0435]), 0.7854, 0.0]
[20, array([0.5027, 0.0448]), array([0.4949, 0.0435]), 0.7854, 0.0]
[20, array([0.5027, 0.0448]), array([0.4952, 0.0435]), 0.7854, 0.0]
[20, array([0.5027, 0.0448]), array([0.4955, 0.0435]), 0.7854, 0.0]
[20, array([0.5027, 0.0448]), array([0.4958, 0.0435]), 0.7854, 0.0]
[20, array([0.5027, 0.0448]), array([0.4961, 0.0435]), 0.7854, 0.0]
[20, array([0.5027, 0.0448]), array([0.4964, 0.0435]), 0.7854, 1.0]
[20, array([0.5027, 0.0448]), array([0.4967, 0.0435]), 0.7854, 1.0]
[20, array([0.5027, 0.0448]), array([0.497 , 0.0435]), 0.7854, 1.0]
[20, array([0.5027, 0.0448]), array([0.4973, 0.0435]), 0.7854, 1.0]
[20, array([0.5027, 0.0448]), array([0.4976, 0.0435]), 0.7854, 1.0]
[20, array([0.5027, 0.0448]), array([0.4979, 0.0435]), 0.7854, 1.0]
[20, array([0.5027, 0.0448]), array([0.4982, 0.0435]), 0.7854, 0.0]
[20, array([0.5027, 0.0448]), array([0.4985, 0.0435]), 0.7854, 1.0]
[20, array([0.5027, 0.0448]), array([0.4922, 0.0438]), 0.7854, 1.0]
[20, array([0.5027, 0.0448]), array([0.4925, 0.0438]), 0.7854, 1.0]
[20, array([0.5027, 0.0448]), array([0.4928, 0.0438]), 0.7854, 1.0]
[20, array([0.5027, 0.0448]), array([0.4931, 0.0438]), 0.7854, 0.0]
[20, array([0.5027, 0.0448]), array([0.4934, 0.0438]), 0.7854, 0.0]
[20, array([0.5027, 0.0448]), array([0.4937, 0.0438]), 0.7854, 0.0]
[20, array([0.5027, 0.0448]), array([0.494 , 0.0438]), 0.7854, 0.0]
[20, array([0.5027, 0.0448]), array([0.4943, 0.0438]), 0.7854, 0.0]
[20, array([0.5027, 0.0448]), array([0.4946, 0.0438]), 0.7854, 0.0]
[20, array([0.5027, 0.0448]), array([0.4949, 0.0438]), 0.7854, 0.0]
[20, array([0.5027, 0.0448]), array([0.4952, 0.0438]), 0.7854, 0.0]
[20, array([0.5027, 0.0448]), array([0.4955, 0.0438]), 0.7854, 0.0]
[20, array([0.5027, 0.0448]), array([0.4958, 0.0438]), 0.7854, 0.0]
[20, array([0.5027, 0.0448]), array([0.4961, 0.0438]), 0.7854, 0.0]
[20, array([0.5027, 0.0448]), array([0.4964, 0.0438]), 0.7854, 0.0]
[20, array([0.5027, 0.0448]), array([0.4967, 0.0438]), 0.7854, 1.0]
[20, array([0.5027, 0.0448]), array([0.497 , 0.0438]), 0.7854, 1.0]
[20, array([0.5027, 0.0448]), array([0.4973, 0.0438]), 0.7854, 1.0]
[20, array([0.5027, 0.0448]), array([0.4976, 0.0438]), 0.7854, 1.0]
[20, array([0.5027, 0.0448]), array([0.4979, 0.0438]), 0.7854, 1.0]
[20, array([0.5027, 0.0448]), array([0.4982, 0.0438]), 0.7854, 0.0]
[20, array([0.5027, 0.0448]), array([0.4985, 0.0438]), 0.7854, 1.0]
[19, array([ 0.5361, -0.0308]), array([ 0.5312 , -0.04065]), 0.7854, 0.0]
[19, array([ 0.5361, -0.0308]), array([ 0.5315 , -0.04065]), 0.7854, 0.0]
[19, array([ 0.5361, -0.0308]), array([ 0.5318 , -0.04065]), 0.7854, 0.0]
[19, array([ 0.5361, -0.0308]), array([ 0.5321 , -0.04065]), 0.7854, 0.0]
[19, array([ 0.5361, -0.0308]), array([ 0.5324 , -0.04065]), 0.7854, 0.0]
[19, array([ 0.5361, -0.0308]), array([ 0.5327 , -0.04065]), 0.7854, 0.0]
[19, array([ 0.5361, -0.0308]), array([ 0.533  , -0.04065]), 0.7854, 0.0]
[19, array([ 0.5361, -0.0308]), array([ 0.5333 , -0.04065]), 0.7854, 0.0]
[19, array([ 0.5361, -0.0308]), array([ 0.5336 , -0.04065]), 0.7854, 0.0]
[19, array([ 0.5361, -0.0308]), array([ 0.5339 , -0.04065]), 0.7854, 0.0]
[19, array([ 0.5361, -0.0308]), array([ 0.5342 , -0.04065]), 0.7854, 0.0]
[19, array([ 0.5361, -0.0308]), array([ 0.5345 , -0.04065]), 0.7854, 0.0]
[19, array([ 0.5361, -0.0308]), array([ 0.5348 , -0.04065]), 0.7854, 0.0]
[19, array([ 0.5361, -0.0308]), array([ 0.5351 , -0.04065]), 0.7854, 0.0]
[19, array([ 0.5361, -0.0308]), array([ 0.5354 , -0.04065]), 0.7854, 0.0]
[19, array([ 0.5361, -0.0308]), array([ 0.5357 , -0.04065]), 0.7854, 0.0]
[19, array([ 0.5361, -0.0308]), array([ 0.536  , -0.04065]), 0.7854, 0.0]
[19, array([ 0.5361, -0.0308]), array([ 0.5363 , -0.04065]), 0.7854, 0.0]
[19, array([ 0.5361, -0.0308]), array([ 0.5366 , -0.04065]), 0.7854, 0.0]
[19, array([ 0.5361, -0.0308]), array([ 0.5369 , -0.04065]), 0.7854, 0.0]
[19, array([ 0.5361, -0.0308]), array([ 0.5372 , -0.04065]), 0.7854, 0.0]
[19, array([ 0.5361, -0.0308]), array([ 0.5375 , -0.04065]), 0.7854, 0.0]
[19, array([ 0.5361, -0.0308]), array([ 0.5312 , -0.04035]), 0.7854, 0.0]
[19, array([ 0.5361, -0.0308]), array([ 0.5315 , -0.04035]), 0.7854, 0.0]
[19, array([ 0.5361, -0.0308]), array([ 0.5318 , -0.04035]), 0.7854, 0.0]
[19, array([ 0.5361, -0.0308]), array([ 0.5321 , -0.04035]), 0.7854, 0.0]
[19, array([ 0.5361, -0.0308]), array([ 0.5324 , -0.04035]), 0.7854, 0.0]
[19, array([ 0.5361, -0.0308]), array([ 0.5327 , -0.04035]), 0.7854, 0.0]
[19, array([ 0.5361, -0.0308]), array([ 0.533  , -0.04035]), 0.7854, 0.0]
[19, array([ 0.5361, -0.0308]), array([ 0.5333 , -0.04035]), 0.7854, 0.0]
[19, array([ 0.5361, -0.0308]), array([ 0.5336 , -0.04035]), 0.7854, 0.0]
[19, array([ 0.5361, -0.0308]), array([ 0.5339 , -0.04035]), 0.7854, 0.0]
[19, array([ 0.5361, -0.0308]), array([ 0.5342 , -0.04035]), 0.7854, 0.0]
[19, array([ 0.5361, -0.0308]), array([ 0.5345 , -0.04035]), 0.7854, 0.0]
[19, array([ 0.5361, -0.0308]), array([ 0.5348 , -0.04035]), 0.7854, 0.0]
[19, array([ 0.5361, -0.0308]), array([ 0.5351 , -0.04035]), 0.7854, 0.0]
[19, array([ 0.5361, -0.0308]), array([ 0.5354 , -0.04035]), 0.7854, 0.0]
[19, array([ 0.5361, -0.0308]), array([ 0.5357 , -0.04035]), 0.7854, 0.0]
[19, array([ 0.5361, -0.0308]), array([ 0.536  , -0.04035]), 0.7854, 0.0]
[19, array([ 0.5361, -0.0308]), array([ 0.5363 , -0.04035]), 0.7854, 0.0]
[19, array([ 0.5361, -0.0308]), array([ 0.5366 , -0.04035]), 0.7854, 0.0]
[19, array([ 0.5361, -0.0308]), array([ 0.5369 , -0.04035]), 0.7854, 0.0]
[19, array([ 0.5361, -0.0308]), array([ 0.5372 , -0.04035]), 0.7854, 0.0]
[19, array([ 0.5361, -0.0308]), array([ 0.5375 , -0.04035]), 0.7854, 0.0]
[19, array([ 0.5361, -0.0308]), array([ 0.5312 , -0.04005]), 0.7854, 0.0]
[19, array([ 0.5361, -0.0308]), array([ 0.5315 , -0.04005]), 0.7854, 0.0]
[19, array([ 0.5361, -0.0308]), array([ 0.5318 , -0.04005]), 0.7854, 0.0]
[19, array([ 0.5361, -0.0308]), array([ 0.5321 , -0.04005]), 0.7854, 0.0]
[19, array([ 0.5361, -0.0308]), array([ 0.5324 , -0.04005]), 0.7854, 0.0]
[19, array([ 0.5361, -0.0308]), array([ 0.5327 , -0.04005]), 0.7854, 0.0]
[19, array([ 0.5361, -0.0308]), array([ 0.533  , -0.04005]), 0.7854, 0.0]
[19, array([ 0.5361, -0.0308]), array([ 0.5333 , -0.04005]), 0.7854, 0.0]
[19, array([ 0.5361, -0.0308]), array([ 0.5336 , -0.04005]), 0.7854, 0.0]
[19, array([ 0.5361, -0.0308]), array([ 0.5339 , -0.04005]), 0.7854, 0.0]
[19, array([ 0.5361, -0.0308]), array([ 0.5342 , -0.04005]), 0.7854, 0.0]
[19, array([ 0.5361, -0.0308]), array([ 0.5345 , -0.04005]), 0.7854, 0.0]
[19, array([ 0.5361, -0.0308]), array([ 0.5348 , -0.04005]), 0.7854, 0.0]
[19, array([ 0.5361, -0.0308]), array([ 0.5351 , -0.04005]), 0.7854, 0.0]
[19, array([ 0.5361, -0.0308]), array([ 0.5354 , -0.04005]), 0.7854, 0.0]
[19, array([ 0.5361, -0.0308]), array([ 0.5357 , -0.04005]), 0.7854, 0.0]
[19, array([ 0.5361, -0.0308]), array([ 0.536  , -0.04005]), 0.7854, 0.0]
[19, array([ 0.5361, -0.0308]), array([ 0.5363 , -0.04005]), 0.7854, 0.0]
[19, array([ 0.5361, -0.0308]), array([ 0.5366 , -0.04005]), 0.7854, 0.0]
[19, array([ 0.5361, -0.0308]), array([ 0.5369 , -0.04005]), 0.7854, 0.0]
[19, array([ 0.5361, -0.0308]), array([ 0.5372 , -0.04005]), 0.7854, 0.0]
[19, array([ 0.5361, -0.0308]), array([ 0.5375 , -0.04005]), 0.7854, 0.0]
[19, array([ 0.5361, -0.0308]), array([ 0.5312 , -0.03975]), 0.7854, 0.0]
[19, array([ 0.5361, -0.0308]), array([ 0.5315 , -0.03975]), 0.7854, 0.0]
[19, array([ 0.5361, -0.0308]), array([ 0.5318 , -0.03975]), 0.7854, 1.0]
[19, array([ 0.5361, -0.0308]), array([ 0.5321 , -0.03975]), 0.7854, 0.0]
[19, array([ 0.5361, -0.0308]), array([ 0.5324 , -0.03975]), 0.7854, 0.0]
[19, array([ 0.5361, -0.0308]), array([ 0.5327 , -0.03975]), 0.7854, 0.0]
[19, array([ 0.5361, -0.0308]), array([ 0.533  , -0.03975]), 0.7854, 0.0]
[19, array([ 0.5361, -0.0308]), array([ 0.5333 , -0.03975]), 0.7854, 0.0]
[19, array([ 0.5361, -0.0308]), array([ 0.5336 , -0.03975]), 0.7854, 0.0]
[19, array([ 0.5361, -0.0308]), array([ 0.5339 , -0.03975]), 0.7854, 0.0]
[19, array([ 0.5361, -0.0308]), array([ 0.5342 , -0.03975]), 0.7854, 0.0]
[19, array([ 0.5361, -0.0308]), array([ 0.5345 , -0.03975]), 0.7854, 0.0]
[19, array([ 0.5361, -0.0308]), array([ 0.5348 , -0.03975]), 0.7854, 0.0]
[19, array([ 0.5361, -0.0308]), array([ 0.5351 , -0.03975]), 0.7854, 0.0]
[19, array([ 0.5361, -0.0308]), array([ 0.5354 , -0.03975]), 0.7854, 0.0]
[19, array([ 0.5361, -0.0308]), array([ 0.5357 , -0.03975]), 0.7854, 0.0]
[19, array([ 0.5361, -0.0308]), array([ 0.536  , -0.03975]), 0.7854, 0.0]
[19, array([ 0.5361, -0.0308]), array([ 0.5363 , -0.03975]), 0.7854, 0.0]
[19, array([ 0.5361, -0.0308]), array([ 0.5366 , -0.03975]), 0.7854, 0.0]
[19, array([ 0.5361, -0.0308]), array([ 0.5369 , -0.03975]), 0.7854, 0.0]
[19, array([ 0.5361, -0.0308]), array([ 0.5372 , -0.03975]), 0.7854, 0.0]
[19, array([ 0.5361, -0.0308]), array([ 0.5375 , -0.03975]), 0.7854, 0.0]
[19, array([ 0.5361, -0.0308]), array([ 0.5312 , -0.03945]), 0.7854, 0.0]
[19, array([ 0.5361, -0.0308]), array([ 0.5315 , -0.03945]), 0.7854, 0.0]
[19, array([ 0.5361, -0.0308]), array([ 0.5318 , -0.03945]), 0.7854, 0.0]
[19, array([ 0.5361, -0.0308]), array([ 0.5321 , -0.03945]), 0.7854, 0.0]
[19, array([ 0.5361, -0.0308]), array([ 0.5324 , -0.03945]), 0.7854, 1.0]
[19, array([ 0.5361, -0.0308]), array([ 0.5327 , -0.03945]), 0.7854, 0.0]
[19, array([ 0.5361, -0.0308]), array([ 0.533  , -0.03945]), 0.7854, 0.0]
[19, array([ 0.5361, -0.0308]), array([ 0.5333 , -0.03945]), 0.7854, 0.0]
[19, array([ 0.5361, -0.0308]), array([ 0.5336 , -0.03945]), 0.7854, 0.0]
[19, array([ 0.5361, -0.0308]), array([ 0.5339 , -0.03945]), 0.7854, 0.0]
[19, array([ 0.5361, -0.0308]), array([ 0.5342 , -0.03945]), 0.7854, 0.0]
[19, array([ 0.5361, -0.0308]), array([ 0.5345 , -0.03945]), 0.7854, 0.0]
[19, array([ 0.5361, -0.0308]), array([ 0.5348 , -0.03945]), 0.7854, 0.0]
[19, array([ 0.5361, -0.0308]), array([ 0.5351 , -0.03945]), 0.7854, 0.0]
[19, array([ 0.5361, -0.0308]), array([ 0.5354 , -0.03945]), 0.7854, 0.0]
[19, array([ 0.5361, -0.0308]), array([ 0.5357 , -0.03945]), 0.7854, 0.0]
[19, array([ 0.5361, -0.0308]), array([ 0.536  , -0.03945]), 0.7854, 0.0]
[19, array([ 0.5361, -0.0308]), array([ 0.5363 , -0.03945]), 0.7854, 0.0]
[19, array([ 0.5361, -0.0308]), array([ 0.5366 , -0.03945]), 0.7854, 0.0]
[19, array([ 0.5361, -0.0308]), array([ 0.5369 , -0.03945]), 0.7854, 0.0]
[19, array([ 0.5361, -0.0308]), array([ 0.5372 , -0.03945]), 0.7854, 0.0]
[19, array([ 0.5361, -0.0308]), array([ 0.5375 , -0.03945]), 0.7854, 0.0]
[19, array([ 0.5361, -0.0308]), array([ 0.5312 , -0.03915]), 0.7854, 0.0]
[19, array([ 0.5361, -0.0308]), array([ 0.5315 , -0.03915]), 0.7854, 0.0]
[19, array([ 0.5361, -0.0308]), array([ 0.5318 , -0.03915]), 0.7854, 0.0]
[19, array([ 0.5361, -0.0308]), array([ 0.5321 , -0.03915]), 0.7854, 0.0]
[19, array([ 0.5361, -0.0308]), array([ 0.5324 , -0.03915]), 0.7854, 0.0]
[19, array([ 0.5361, -0.0308]), array([ 0.5327 , -0.03915]), 0.7854, 0.0]
[19, array([ 0.5361, -0.0308]), array([ 0.533  , -0.03915]), 0.7854, 0.0]
[19, array([ 0.5361, -0.0308]), array([ 0.5333 , -0.03915]), 0.7854, 0.0]
[19, array([ 0.5361, -0.0308]), array([ 0.5336 , -0.03915]), 0.7854, 0.0]
[19, array([ 0.5361, -0.0308]), array([ 0.5339 , -0.03915]), 0.7854, 0.0]
[19, array([ 0.5361, -0.0308]), array([ 0.5342 , -0.03915]), 0.7854, 0.0]
[19, array([ 0.5361, -0.0308]), array([ 0.5345 , -0.03915]), 0.7854, 0.0]
[19, array([ 0.5361, -0.0308]), array([ 0.5348 , -0.03915]), 0.7854, 0.0]
[19, array([ 0.5361, -0.0308]), array([ 0.5351 , -0.03915]), 0.7854, 0.0]
[19, array([ 0.5361, -0.0308]), array([ 0.5354 , -0.03915]), 0.7854, 0.0]
[19, array([ 0.5361, -0.0308]), array([ 0.5357 , -0.03915]), 0.7854, 0.0]
[19, array([ 0.5361, -0.0308]), array([ 0.536  , -0.03915]), 0.7854, 0.0]
[19, array([ 0.5361, -0.0308]), array([ 0.5363 , -0.03915]), 0.7854, 0.0]
[19, array([ 0.5361, -0.0308]), array([ 0.5366 , -0.03915]), 0.7854, 0.0]
[19, array([ 0.5361, -0.0308]), array([ 0.5369 , -0.03915]), 0.7854, 0.0]
[19, array([ 0.5361, -0.0308]), array([ 0.5372 , -0.03915]), 0.7854, 0.0]
[19, array([ 0.5361, -0.0308]), array([ 0.5375 , -0.03915]), 0.7854, 0.0]
[19, array([ 0.5361, -0.0308]), array([ 0.5312 , -0.03885]), 0.7854, 0.0]
[19, array([ 0.5361, -0.0308]), array([ 0.5315 , -0.03885]), 0.7854, 0.0]
[19, array([ 0.5361, -0.0308]), array([ 0.5318 , -0.03885]), 0.7854, 0.0]
[19, array([ 0.5361, -0.0308]), array([ 0.5321 , -0.03885]), 0.7854, 0.0]
[19, array([ 0.5361, -0.0308]), array([ 0.5324 , -0.03885]), 0.7854, 0.0]
[19, array([ 0.5361, -0.0308]), array([ 0.5327 , -0.03885]), 0.7854, 0.0]
[19, array([ 0.5361, -0.0308]), array([ 0.533  , -0.03885]), 0.7854, 0.0]
[19, array([ 0.5361, -0.0308]), array([ 0.5333 , -0.03885]), 0.7854, 0.0]
[19, array([ 0.5361, -0.0308]), array([ 0.5336 , -0.03885]), 0.7854, 0.0]
[19, array([ 0.5361, -0.0308]), array([ 0.5339 , -0.03885]), 0.7854, 0.0]
[19, array([ 0.5361, -0.0308]), array([ 0.5342 , -0.03885]), 0.7854, 0.0]
[19, array([ 0.5361, -0.0308]), array([ 0.5345 , -0.03885]), 0.7854, 0.0]
[19, array([ 0.5361, -0.0308]), array([ 0.5348 , -0.03885]), 0.7854, 0.0]
[19, array([ 0.5361, -0.0308]), array([ 0.5351 , -0.03885]), 0.7854, 0.0]
[19, array([ 0.5361, -0.0308]), array([ 0.5354 , -0.03885]), 0.7854, 0.0]
[19, array([ 0.5361, -0.0308]), array([ 0.5357 , -0.03885]), 0.7854, 0.0]
[19, array([ 0.5361, -0.0308]), array([ 0.536  , -0.03885]), 0.7854, 0.0]
[19, array([ 0.5361, -0.0308]), array([ 0.5363 , -0.03885]), 0.7854, 0.0]
[19, array([ 0.5361, -0.0308]), array([ 0.5366 , -0.03885]), 0.7854, 0.0]
[19, array([ 0.5361, -0.0308]), array([ 0.5369 , -0.03885]), 0.7854, 0.0]
[19, array([ 0.5361, -0.0308]), array([ 0.5372 , -0.03885]), 0.7854, 0.0]
[19, array([ 0.5361, -0.0308]), array([ 0.5375 , -0.03885]), 0.7854, 0.0]
[19, array([ 0.5361, -0.0308]), array([ 0.5312 , -0.03855]), 0.7854, 0.0]
[19, array([ 0.5361, -0.0308]), array([ 0.5315 , -0.03855]), 0.7854, 0.0]
[19, array([ 0.5361, -0.0308]), array([ 0.5318 , -0.03855]), 0.7854, 0.0]
[19, array([ 0.5361, -0.0308]), array([ 0.5321 , -0.03855]), 0.7854, 0.0]
[19, array([ 0.5361, -0.0308]), array([ 0.5324 , -0.03855]), 0.7854, 0.0]
[19, array([ 0.5361, -0.0308]), array([ 0.5327 , -0.03855]), 0.7854, 0.0]
[19, array([ 0.5361, -0.0308]), array([ 0.533  , -0.03855]), 0.7854, 0.0]
[19, array([ 0.5361, -0.0308]), array([ 0.5333 , -0.03855]), 0.7854, 1.0]
[19, array([ 0.5361, -0.0308]), array([ 0.5336 , -0.03855]), 0.7854, 0.0]
[19, array([ 0.5361, -0.0308]), array([ 0.5339 , -0.03855]), 0.7854, 0.0]
[19, array([ 0.5361, -0.0308]), array([ 0.5342 , -0.03855]), 0.7854, 0.0]
[19, array([ 0.5361, -0.0308]), array([ 0.5345 , -0.03855]), 0.7854, 0.0]
[19, array([ 0.5361, -0.0308]), array([ 0.5348 , -0.03855]), 0.7854, 0.0]
[19, array([ 0.5361, -0.0308]), array([ 0.5351 , -0.03855]), 0.7854, 0.0]
[19, array([ 0.5361, -0.0308]), array([ 0.5354 , -0.03855]), 0.7854, 0.0]
[19, array([ 0.5361, -0.0308]), array([ 0.5357 , -0.03855]), 0.7854, 0.0]
[19, array([ 0.5361, -0.0308]), array([ 0.536  , -0.03855]), 0.7854, 0.0]
[19, array([ 0.5361, -0.0308]), array([ 0.5363 , -0.03855]), 0.7854, 0.0]
[19, array([ 0.5361, -0.0308]), array([ 0.5366 , -0.03855]), 0.7854, 0.0]
[19, array([ 0.5361, -0.0308]), array([ 0.5369 , -0.03855]), 0.7854, 0.0]
[19, array([ 0.5361, -0.0308]), array([ 0.5372 , -0.03855]), 0.7854, 0.0]
[19, array([ 0.5361, -0.0308]), array([ 0.5375 , -0.03855]), 0.7854, 0.0]
[19, array([ 0.5361, -0.0308]), array([ 0.5312 , -0.03825]), 0.7854, 0.0]
[19, array([ 0.5361, -0.0308]), array([ 0.5315 , -0.03825]), 0.7854, 0.0]
[19, array([ 0.5361, -0.0308]), array([ 0.5318 , -0.03825]), 0.7854, 0.0]
[19, array([ 0.5361, -0.0308]), array([ 0.5321 , -0.03825]), 0.7854, 1.0]
[19, array([ 0.5361, -0.0308]), array([ 0.5324 , -0.03825]), 0.7854, 0.0]
[19, array([ 0.5361, -0.0308]), array([ 0.5327 , -0.03825]), 0.7854, 0.0]
[19, array([ 0.5361, -0.0308]), array([ 0.533  , -0.03825]), 0.7854, 0.0]
[19, array([ 0.5361, -0.0308]), array([ 0.5333 , -0.03825]), 0.7854, 0.0]
[19, array([ 0.5361, -0.0308]), array([ 0.5336 , -0.03825]), 0.7854, 0.0]
[19, array([ 0.5361, -0.0308]), array([ 0.5339 , -0.03825]), 0.7854, 0.0]
[19, array([ 0.5361, -0.0308]), array([ 0.5342 , -0.03825]), 0.7854, 0.0]
[19, array([ 0.5361, -0.0308]), array([ 0.5345 , -0.03825]), 0.7854, 0.0]
[19, array([ 0.5361, -0.0308]), array([ 0.5348 , -0.03825]), 0.7854, 0.0]
[19, array([ 0.5361, -0.0308]), array([ 0.5351 , -0.03825]), 0.7854, 0.0]
[19, array([ 0.5361, -0.0308]), array([ 0.5354 , -0.03825]), 0.7854, 0.0]
[19, array([ 0.5361, -0.0308]), array([ 0.5357 , -0.03825]), 0.7854, 0.0]
[19, array([ 0.5361, -0.0308]), array([ 0.536  , -0.03825]), 0.7854, 0.0]
[19, array([ 0.5361, -0.0308]), array([ 0.5363 , -0.03825]), 0.7854, 0.0]
[19, array([ 0.5361, -0.0308]), array([ 0.5366 , -0.03825]), 0.7854, 0.0]
[19, array([ 0.5361, -0.0308]), array([ 0.5369 , -0.03825]), 0.7854, 0.0]
[19, array([ 0.5361, -0.0308]), array([ 0.5372 , -0.03825]), 0.7854, 0.0]
[19, array([ 0.5361, -0.0308]), array([ 0.5375 , -0.03825]), 0.7854, 0.0]
[19, array([ 0.5361, -0.0308]), array([ 0.5312 , -0.03795]), 0.7854, 0.0]
[19, array([ 0.5361, -0.0308]), array([ 0.5315 , -0.03795]), 0.7854, 0.0]
[19, array([ 0.5361, -0.0308]), array([ 0.5318 , -0.03795]), 0.7854, 0.0]
[19, array([ 0.5361, -0.0308]), array([ 0.5321 , -0.03795]), 0.7854, 0.0]
[19, array([ 0.5361, -0.0308]), array([ 0.5324 , -0.03795]), 0.7854, 0.0]
[19, array([ 0.5361, -0.0308]), array([ 0.5327 , -0.03795]), 0.7854, 0.0]
[19, array([ 0.5361, -0.0308]), array([ 0.533  , -0.03795]), 0.7854, 0.0]
[19, array([ 0.5361, -0.0308]), array([ 0.5333 , -0.03795]), 0.7854, 0.0]
[19, array([ 0.5361, -0.0308]), array([ 0.5336 , -0.03795]), 0.7854, 0.0]
[19, array([ 0.5361, -0.0308]), array([ 0.5339 , -0.03795]), 0.7854, 0.0]
[19, array([ 0.5361, -0.0308]), array([ 0.5342 , -0.03795]), 0.7854, 0.0]
[19, array([ 0.5361, -0.0308]), array([ 0.5345 , -0.03795]), 0.7854, 0.0]
[19, array([ 0.5361, -0.0308]), array([ 0.5348 , -0.03795]), 0.7854, 0.0]
[19, array([ 0.5361, -0.0308]), array([ 0.5351 , -0.03795]), 0.7854, 0.0]
[19, array([ 0.5361, -0.0308]), array([ 0.5354 , -0.03795]), 0.7854, 0.0]
[19, array([ 0.5361, -0.0308]), array([ 0.5357 , -0.03795]), 0.7854, 0.0]
[19, array([ 0.5361, -0.0308]), array([ 0.536  , -0.03795]), 0.7854, 0.0]
[19, array([ 0.5361, -0.0308]), array([ 0.5363 , -0.03795]), 0.7854, 0.0]
[19, array([ 0.5361, -0.0308]), array([ 0.5366 , -0.03795]), 0.7854, 0.0]
[19, array([ 0.5361, -0.0308]), array([ 0.5369 , -0.03795]), 0.7854, 0.0]
[19, array([ 0.5361, -0.0308]), array([ 0.5372 , -0.03795]), 0.7854, 0.0]
[19, array([ 0.5361, -0.0308]), array([ 0.5375 , -0.03795]), 0.7854, 0.0]
[19, array([ 0.5361, -0.0308]), array([ 0.5312 , -0.03765]), 0.7854, 0.0]
[19, array([ 0.5361, -0.0308]), array([ 0.5315 , -0.03765]), 0.7854, 0.0]
[19, array([ 0.5361, -0.0308]), array([ 0.5318 , -0.03765]), 0.7854, 0.0]
[19, array([ 0.5361, -0.0308]), array([ 0.5321 , -0.03765]), 0.7854, 0.0]
[19, array([ 0.5361, -0.0308]), array([ 0.5324 , -0.03765]), 0.7854, 0.0]
[19, array([ 0.5361, -0.0308]), array([ 0.5327 , -0.03765]), 0.7854, 0.0]
[19, array([ 0.5361, -0.0308]), array([ 0.533  , -0.03765]), 0.7854, 0.0]
[19, array([ 0.5361, -0.0308]), array([ 0.5333 , -0.03765]), 0.7854, 0.0]
[19, array([ 0.5361, -0.0308]), array([ 0.5336 , -0.03765]), 0.7854, 0.0]
[19, array([ 0.5361, -0.0308]), array([ 0.5339 , -0.03765]), 0.7854, 0.0]
[19, array([ 0.5361, -0.0308]), array([ 0.5342 , -0.03765]), 0.7854, 0.0]
[19, array([ 0.5361, -0.0308]), array([ 0.5345 , -0.03765]), 0.7854, 0.0]
[19, array([ 0.5361, -0.0308]), array([ 0.5348 , -0.03765]), 0.7854, 0.0]
[19, array([ 0.5361, -0.0308]), array([ 0.5351 , -0.03765]), 0.7854, 0.0]
[19, array([ 0.5361, -0.0308]), array([ 0.5354 , -0.03765]), 0.7854, 0.0]
[19, array([ 0.5361, -0.0308]), array([ 0.5357 , -0.03765]), 0.7854, 0.0]
[19, array([ 0.5361, -0.0308]), array([ 0.536  , -0.03765]), 0.7854, 0.0]
[19, array([ 0.5361, -0.0308]), array([ 0.5363 , -0.03765]), 0.7854, 0.0]
[19, array([ 0.5361, -0.0308]), array([ 0.5366 , -0.03765]), 0.7854, 0.0]
[19, array([ 0.5361, -0.0308]), array([ 0.5369 , -0.03765]), 0.7854, 0.0]
[19, array([ 0.5361, -0.0308]), array([ 0.5372 , -0.03765]), 0.7854, 0.0]
[19, array([ 0.5361, -0.0308]), array([ 0.5375 , -0.03765]), 0.7854, 0.0]
[19, array([ 0.5361, -0.0308]), array([ 0.5312 , -0.03735]), 0.7854, 0.0]
[19, array([ 0.5361, -0.0308]), array([ 0.5315 , -0.03735]), 0.7854, 0.0]
[19, array([ 0.5361, -0.0308]), array([ 0.5318 , -0.03735]), 0.7854, 0.0]
[19, array([ 0.5361, -0.0308]), array([ 0.5321 , -0.03735]), 0.7854, 0.0]
[19, array([ 0.5361, -0.0308]), array([ 0.5324 , -0.03735]), 0.7854, 0.0]
[19, array([ 0.5361, -0.0308]), array([ 0.5327 , -0.03735]), 0.7854, 0.0]
[19, array([ 0.5361, -0.0308]), array([ 0.533  , -0.03735]), 0.7854, 0.0]
[19, array([ 0.5361, -0.0308]), array([ 0.5333 , -0.03735]), 0.7854, 0.0]
[19, array([ 0.5361, -0.0308]), array([ 0.5336 , -0.03735]), 0.7854, 0.0]
[19, array([ 0.5361, -0.0308]), array([ 0.5339 , -0.03735]), 0.7854, 0.0]
[19, array([ 0.5361, -0.0308]), array([ 0.5342 , -0.03735]), 0.7854, 0.0]
[19, array([ 0.5361, -0.0308]), array([ 0.5345 , -0.03735]), 0.7854, 0.0]
[19, array([ 0.5361, -0.0308]), array([ 0.5348 , -0.03735]), 0.7854, 0.0]
[19, array([ 0.5361, -0.0308]), array([ 0.5351 , -0.03735]), 0.7854, 0.0]
[19, array([ 0.5361, -0.0308]), array([ 0.5354 , -0.03735]), 0.7854, 0.0]
[19, array([ 0.5361, -0.0308]), array([ 0.5357 , -0.03735]), 0.7854, 0.0]
[19, array([ 0.5361, -0.0308]), array([ 0.536  , -0.03735]), 0.7854, 0.0]
[19, array([ 0.5361, -0.0308]), array([ 0.5363 , -0.03735]), 0.7854, 0.0]
[19, array([ 0.5361, -0.0308]), array([ 0.5366 , -0.03735]), 0.7854, 0.0]
[19, array([ 0.5361, -0.0308]), array([ 0.5369 , -0.03735]), 0.7854, 0.0]
[19, array([ 0.5361, -0.0308]), array([ 0.5372 , -0.03735]), 0.7854, 0.0]
[19, array([ 0.5361, -0.0308]), array([ 0.5375 , -0.03735]), 0.7854, 0.0]
[19, array([ 0.5361, -0.0308]), array([ 0.5312 , -0.03705]), 0.7854, 0.0]
[19, array([ 0.5361, -0.0308]), array([ 0.5315 , -0.03705]), 0.7854, 0.0]
[19, array([ 0.5361, -0.0308]), array([ 0.5318 , -0.03705]), 0.7854, 0.0]
[19, array([ 0.5361, -0.0308]), array([ 0.5321 , -0.03705]), 0.7854, 0.0]
[19, array([ 0.5361, -0.0308]), array([ 0.5324 , -0.03705]), 0.7854, 0.0]
[19, array([ 0.5361, -0.0308]), array([ 0.5327 , -0.03705]), 0.7854, 0.0]
[19, array([ 0.5361, -0.0308]), array([ 0.533  , -0.03705]), 0.7854, 0.0]
[19, array([ 0.5361, -0.0308]), array([ 0.5333 , -0.03705]), 0.7854, 0.0]
[19, array([ 0.5361, -0.0308]), array([ 0.5336 , -0.03705]), 0.7854, 0.0]
[19, array([ 0.5361, -0.0308]), array([ 0.5339 , -0.03705]), 0.7854, 0.0]
[19, array([ 0.5361, -0.0308]), array([ 0.5342 , -0.03705]), 0.7854, 0.0]
[19, array([ 0.5361, -0.0308]), array([ 0.5345 , -0.03705]), 0.7854, 0.0]
[19, array([ 0.5361, -0.0308]), array([ 0.5348 , -0.03705]), 0.7854, 0.0]
[19, array([ 0.5361, -0.0308]), array([ 0.5351 , -0.03705]), 0.7854, 0.0]
[19, array([ 0.5361, -0.0308]), array([ 0.5354 , -0.03705]), 0.7854, 0.0]
[19, array([ 0.5361, -0.0308]), array([ 0.5357 , -0.03705]), 0.7854, 0.0]
[19, array([ 0.5361, -0.0308]), array([ 0.536  , -0.03705]), 0.7854, 0.0]
[19, array([ 0.5361, -0.0308]), array([ 0.5363 , -0.03705]), 0.7854, 0.0]
[19, array([ 0.5361, -0.0308]), array([ 0.5366 , -0.03705]), 0.7854, 0.0]
[19, array([ 0.5361, -0.0308]), array([ 0.5369 , -0.03705]), 0.7854, 0.0]
[19, array([ 0.5361, -0.0308]), array([ 0.5372 , -0.03705]), 0.7854, 0.0]
[19, array([ 0.5361, -0.0308]), array([ 0.5375 , -0.03705]), 0.7854, 0.0]
[19, array([ 0.5361, -0.0308]), array([ 0.5312 , -0.03675]), 0.7854, 0.0]
[19, array([ 0.5361, -0.0308]), array([ 0.5315 , -0.03675]), 0.7854, 0.0]
[19, array([ 0.5361, -0.0308]), array([ 0.5318 , -0.03675]), 0.7854, 0.0]
[19, array([ 0.5361, -0.0308]), array([ 0.5321 , -0.03675]), 0.7854, 0.0]
[19, array([ 0.5361, -0.0308]), array([ 0.5324 , -0.03675]), 0.7854, 0.0]
[19, array([ 0.5361, -0.0308]), array([ 0.5327 , -0.03675]), 0.7854, 0.0]
[19, array([ 0.5361, -0.0308]), array([ 0.533  , -0.03675]), 0.7854, 0.0]
[19, array([ 0.5361, -0.0308]), array([ 0.5333 , -0.03675]), 0.7854, 0.0]
[19, array([ 0.5361, -0.0308]), array([ 0.5336 , -0.03675]), 0.7854, 0.0]
[19, array([ 0.5361, -0.0308]), array([ 0.5339 , -0.03675]), 0.7854, 0.0]
[19, array([ 0.5361, -0.0308]), array([ 0.5342 , -0.03675]), 0.7854, 0.0]
[19, array([ 0.5361, -0.0308]), array([ 0.5345 , -0.03675]), 0.7854, 0.0]
[19, array([ 0.5361, -0.0308]), array([ 0.5348 , -0.03675]), 0.7854, 0.0]
[19, array([ 0.5361, -0.0308]), array([ 0.5351 , -0.03675]), 0.7854, 0.0]
[19, array([ 0.5361, -0.0308]), array([ 0.5354 , -0.03675]), 0.7854, 0.0]
[19, array([ 0.5361, -0.0308]), array([ 0.5357 , -0.03675]), 0.7854, 0.0]
[19, array([ 0.5361, -0.0308]), array([ 0.536  , -0.03675]), 0.7854, 0.0]
[19, array([ 0.5361, -0.0308]), array([ 0.5363 , -0.03675]), 0.7854, 0.0]
[19, array([ 0.5361, -0.0308]), array([ 0.5366 , -0.03675]), 0.7854, 0.0]
[19, array([ 0.5361, -0.0308]), array([ 0.5369 , -0.03675]), 0.7854, 0.0]
[19, array([ 0.5361, -0.0308]), array([ 0.5372 , -0.03675]), 0.7854, 0.0]
[19, array([ 0.5361, -0.0308]), array([ 0.5375 , -0.03675]), 0.7854, 0.0]
[19, array([ 0.5361, -0.0308]), array([ 0.5312 , -0.03645]), 0.7854, 0.0]
[19, array([ 0.5361, -0.0308]), array([ 0.5315 , -0.03645]), 0.7854, 0.0]
[19, array([ 0.5361, -0.0308]), array([ 0.5318 , -0.03645]), 0.7854, 0.0]
[19, array([ 0.5361, -0.0308]), array([ 0.5321 , -0.03645]), 0.7854, 0.0]
[19, array([ 0.5361, -0.0308]), array([ 0.5324 , -0.03645]), 0.7854, 0.0]
[19, array([ 0.5361, -0.0308]), array([ 0.5327 , -0.03645]), 0.7854, 0.0]
[19, array([ 0.5361, -0.0308]), array([ 0.533  , -0.03645]), 0.7854, 0.0]
[19, array([ 0.5361, -0.0308]), array([ 0.5333 , -0.03645]), 0.7854, 0.0]
[19, array([ 0.5361, -0.0308]), array([ 0.5336 , -0.03645]), 0.7854, 0.0]
[19, array([ 0.5361, -0.0308]), array([ 0.5339 , -0.03645]), 0.7854, 0.0]
[19, array([ 0.5361, -0.0308]), array([ 0.5342 , -0.03645]), 0.7854, 0.0]
[19, array([ 0.5361, -0.0308]), array([ 0.5345 , -0.03645]), 0.7854, 0.0]
[19, array([ 0.5361, -0.0308]), array([ 0.5348 , -0.03645]), 0.7854, 0.0]
[19, array([ 0.5361, -0.0308]), array([ 0.5351 , -0.03645]), 0.7854, 0.0]
[19, array([ 0.5361, -0.0308]), array([ 0.5354 , -0.03645]), 0.7854, 0.0]
[19, array([ 0.5361, -0.0308]), array([ 0.5357 , -0.03645]), 0.7854, 0.0]
[19, array([ 0.5361, -0.0308]), array([ 0.536  , -0.03645]), 0.7854, 0.0]
[19, array([ 0.5361, -0.0308]), array([ 0.5363 , -0.03645]), 0.7854, 0.0]
[19, array([ 0.5361, -0.0308]), array([ 0.5366 , -0.03645]), 0.7854, 0.0]
[19, array([ 0.5361, -0.0308]), array([ 0.5369 , -0.03645]), 0.7854, 0.0]
[19, array([ 0.5361, -0.0308]), array([ 0.5372 , -0.03645]), 0.7854, 0.0]
[19, array([ 0.5361, -0.0308]), array([ 0.5375 , -0.03645]), 0.7854, 0.0]
[19, array([ 0.5361, -0.0308]), array([ 0.5312 , -0.03615]), 0.7854, 0.0]
[19, array([ 0.5361, -0.0308]), array([ 0.5315 , -0.03615]), 0.7854, 0.0]
[19, array([ 0.5361, -0.0308]), array([ 0.5318 , -0.03615]), 0.7854, 0.0]
[19, array([ 0.5361, -0.0308]), array([ 0.5321 , -0.03615]), 0.7854, 0.0]
[19, array([ 0.5361, -0.0308]), array([ 0.5324 , -0.03615]), 0.7854, 1.0]
[19, array([ 0.5361, -0.0308]), array([ 0.5327 , -0.03615]), 0.7854, 0.0]
[19, array([ 0.5361, -0.0308]), array([ 0.533  , -0.03615]), 0.7854, 0.0]
[19, array([ 0.5361, -0.0308]), array([ 0.5333 , -0.03615]), 0.7854, 0.0]
[19, array([ 0.5361, -0.0308]), array([ 0.5336 , -0.03615]), 0.7854, 0.0]
[19, array([ 0.5361, -0.0308]), array([ 0.5339 , -0.03615]), 0.7854, 0.0]
[19, array([ 0.5361, -0.0308]), array([ 0.5342 , -0.03615]), 0.7854, 0.0]
[19, array([ 0.5361, -0.0308]), array([ 0.5345 , -0.03615]), 0.7854, 0.0]
[19, array([ 0.5361, -0.0308]), array([ 0.5348 , -0.03615]), 0.7854, 0.0]
[19, array([ 0.5361, -0.0308]), array([ 0.5351 , -0.03615]), 0.7854, 0.0]
[19, array([ 0.5361, -0.0308]), array([ 0.5354 , -0.03615]), 0.7854, 0.0]
[19, array([ 0.5361, -0.0308]), array([ 0.5357 , -0.03615]), 0.7854, 0.0]
[19, array([ 0.5361, -0.0308]), array([ 0.536  , -0.03615]), 0.7854, 0.0]
[19, array([ 0.5361, -0.0308]), array([ 0.5363 , -0.03615]), 0.7854, 0.0]
[19, array([ 0.5361, -0.0308]), array([ 0.5366 , -0.03615]), 0.7854, 0.0]
[19, array([ 0.5361, -0.0308]), array([ 0.5369 , -0.03615]), 0.7854, 0.0]
[19, array([ 0.5361, -0.0308]), array([ 0.5372 , -0.03615]), 0.7854, 0.0]
[19, array([ 0.5361, -0.0308]), array([ 0.5375 , -0.03615]), 0.7854, 0.0]
[19, array([ 0.5361, -0.0308]), array([ 0.5312 , -0.03585]), 0.7854, 0.0]
[19, array([ 0.5361, -0.0308]), array([ 0.5315 , -0.03585]), 0.7854, 0.0]
[19, array([ 0.5361, -0.0308]), array([ 0.5318 , -0.03585]), 0.7854, 0.0]
[19, array([ 0.5361, -0.0308]), array([ 0.5321 , -0.03585]), 0.7854, 0.0]
[19, array([ 0.5361, -0.0308]), array([ 0.5324 , -0.03585]), 0.7854, 0.0]
[19, array([ 0.5361, -0.0308]), array([ 0.5327 , -0.03585]), 0.7854, 0.0]
[19, array([ 0.5361, -0.0308]), array([ 0.533  , -0.03585]), 0.7854, 0.0]
[19, array([ 0.5361, -0.0308]), array([ 0.5333 , -0.03585]), 0.7854, 0.0]
[19, array([ 0.5361, -0.0308]), array([ 0.5336 , -0.03585]), 0.7854, 0.0]
[19, array([ 0.5361, -0.0308]), array([ 0.5339 , -0.03585]), 0.7854, 0.0]
[19, array([ 0.5361, -0.0308]), array([ 0.5342 , -0.03585]), 0.7854, 0.0]
[19, array([ 0.5361, -0.0308]), array([ 0.5345 , -0.03585]), 0.7854, 0.0]
[19, array([ 0.5361, -0.0308]), array([ 0.5348 , -0.03585]), 0.7854, 0.0]
[19, array([ 0.5361, -0.0308]), array([ 0.5351 , -0.03585]), 0.7854, 0.0]
[19, array([ 0.5361, -0.0308]), array([ 0.5354 , -0.03585]), 0.7854, 0.0]
[19, array([ 0.5361, -0.0308]), array([ 0.5357 , -0.03585]), 0.7854, 0.0]
[19, array([ 0.5361, -0.0308]), array([ 0.536  , -0.03585]), 0.7854, 0.0]
[19, array([ 0.5361, -0.0308]), array([ 0.5363 , -0.03585]), 0.7854, 0.0]
[19, array([ 0.5361, -0.0308]), array([ 0.5366 , -0.03585]), 0.7854, 0.0]
[19, array([ 0.5361, -0.0308]), array([ 0.5369 , -0.03585]), 0.7854, 0.0]
[19, array([ 0.5361, -0.0308]), array([ 0.5372 , -0.03585]), 0.7854, 0.0]
[19, array([ 0.5361, -0.0308]), array([ 0.5375 , -0.03585]), 0.7854, 0.0]
[19, array([ 0.5361, -0.0308]), array([ 0.5312 , -0.03555]), 0.7854, 0.0]
[19, array([ 0.5361, -0.0308]), array([ 0.5315 , -0.03555]), 0.7854, 0.0]
[19, array([ 0.5361, -0.0308]), array([ 0.5318 , -0.03555]), 0.7854, 0.0]
[19, array([ 0.5361, -0.0308]), array([ 0.5321 , -0.03555]), 0.7854, 0.0]
[19, array([ 0.5361, -0.0308]), array([ 0.5324 , -0.03555]), 0.7854, 0.0]
[19, array([ 0.5361, -0.0308]), array([ 0.5327 , -0.03555]), 0.7854, 0.0]
[19, array([ 0.5361, -0.0308]), array([ 0.533  , -0.03555]), 0.7854, 0.0]
[19, array([ 0.5361, -0.0308]), array([ 0.5333 , -0.03555]), 0.7854, 0.0]
[19, array([ 0.5361, -0.0308]), array([ 0.5336 , -0.03555]), 0.7854, 0.0]
[19, array([ 0.5361, -0.0308]), array([ 0.5339 , -0.03555]), 0.7854, 0.0]
[19, array([ 0.5361, -0.0308]), array([ 0.5342 , -0.03555]), 0.7854, 0.0]
[19, array([ 0.5361, -0.0308]), array([ 0.5345 , -0.03555]), 0.7854, 0.0]
[19, array([ 0.5361, -0.0308]), array([ 0.5348 , -0.03555]), 0.7854, 0.0]
[19, array([ 0.5361, -0.0308]), array([ 0.5351 , -0.03555]), 0.7854, 0.0]
[19, array([ 0.5361, -0.0308]), array([ 0.5354 , -0.03555]), 0.7854, 0.0]
[19, array([ 0.5361, -0.0308]), array([ 0.5357 , -0.03555]), 0.7854, 0.0]
[19, array([ 0.5361, -0.0308]), array([ 0.536  , -0.03555]), 0.7854, 0.0]
[19, array([ 0.5361, -0.0308]), array([ 0.5363 , -0.03555]), 0.7854, 0.0]
[19, array([ 0.5361, -0.0308]), array([ 0.5366 , -0.03555]), 0.7854, 0.0]
[19, array([ 0.5361, -0.0308]), array([ 0.5369 , -0.03555]), 0.7854, 0.0]
[19, array([ 0.5361, -0.0308]), array([ 0.5372 , -0.03555]), 0.7854, 0.0]
[19, array([ 0.5361, -0.0308]), array([ 0.5375 , -0.03555]), 0.7854, 0.0]
[19, array([ 0.5361, -0.0308]), array([ 0.5312 , -0.03525]), 0.7854, 0.0]
[19, array([ 0.5361, -0.0308]), array([ 0.5315 , -0.03525]), 0.7854, 0.0]
[19, array([ 0.5361, -0.0308]), array([ 0.5318 , -0.03525]), 0.7854, 0.0]
[19, array([ 0.5361, -0.0308]), array([ 0.5321 , -0.03525]), 0.7854, 0.0]
[19, array([ 0.5361, -0.0308]), array([ 0.5324 , -0.03525]), 0.7854, 0.0]
[19, array([ 0.5361, -0.0308]), array([ 0.5327 , -0.03525]), 0.7854, 0.0]
[19, array([ 0.5361, -0.0308]), array([ 0.533  , -0.03525]), 0.7854, 0.0]
[19, array([ 0.5361, -0.0308]), array([ 0.5333 , -0.03525]), 0.7854, 0.0]
[19, array([ 0.5361, -0.0308]), array([ 0.5336 , -0.03525]), 0.7854, 0.0]
[19, array([ 0.5361, -0.0308]), array([ 0.5339 , -0.03525]), 0.7854, 0.0]
[19, array([ 0.5361, -0.0308]), array([ 0.5342 , -0.03525]), 0.7854, 0.0]
[19, array([ 0.5361, -0.0308]), array([ 0.5345 , -0.03525]), 0.7854, 0.0]
[19, array([ 0.5361, -0.0308]), array([ 0.5348 , -0.03525]), 0.7854, 0.0]
[19, array([ 0.5361, -0.0308]), array([ 0.5351 , -0.03525]), 0.7854, 0.0]
[19, array([ 0.5361, -0.0308]), array([ 0.5354 , -0.03525]), 0.7854, 0.0]
[19, array([ 0.5361, -0.0308]), array([ 0.5357 , -0.03525]), 0.7854, 0.0]
[19, array([ 0.5361, -0.0308]), array([ 0.536  , -0.03525]), 0.7854, 0.0]
[19, array([ 0.5361, -0.0308]), array([ 0.5363 , -0.03525]), 0.7854, 0.0]
[19, array([ 0.5361, -0.0308]), array([ 0.5366 , -0.03525]), 0.7854, 0.0]
[19, array([ 0.5361, -0.0308]), array([ 0.5369 , -0.03525]), 0.7854, 0.0]
[19, array([ 0.5361, -0.0308]), array([ 0.5372 , -0.03525]), 0.7854, 0.0]
[19, array([ 0.5361, -0.0308]), array([ 0.5375 , -0.03525]), 0.7854, 0.0]
[19, array([ 0.5361, -0.0308]), array([ 0.5312 , -0.03495]), 0.7854, 0.0]
[19, array([ 0.5361, -0.0308]), array([ 0.5315 , -0.03495]), 0.7854, 0.0]
[19, array([ 0.5361, -0.0308]), array([ 0.5318 , -0.03495]), 0.7854, 0.0]
[19, array([ 0.5361, -0.0308]), array([ 0.5321 , -0.03495]), 0.7854, 0.0]
[19, array([ 0.5361, -0.0308]), array([ 0.5324 , -0.03495]), 0.7854, 0.0]
[19, array([ 0.5361, -0.0308]), array([ 0.5327 , -0.03495]), 0.7854, 0.0]
[19, array([ 0.5361, -0.0308]), array([ 0.533  , -0.03495]), 0.7854, 0.0]
[19, array([ 0.5361, -0.0308]), array([ 0.5333 , -0.03495]), 0.7854, 0.0]
[19, array([ 0.5361, -0.0308]), array([ 0.5336 , -0.03495]), 0.7854, 0.0]
[19, array([ 0.5361, -0.0308]), array([ 0.5339 , -0.03495]), 0.7854, 0.0]
[19, array([ 0.5361, -0.0308]), array([ 0.5342 , -0.03495]), 0.7854, 0.0]
[19, array([ 0.5361, -0.0308]), array([ 0.5345 , -0.03495]), 0.7854, 0.0]
[19, array([ 0.5361, -0.0308]), array([ 0.5348 , -0.03495]), 0.7854, 0.0]
[19, array([ 0.5361, -0.0308]), array([ 0.5351 , -0.03495]), 0.7854, 0.0]
[19, array([ 0.5361, -0.0308]), array([ 0.5354 , -0.03495]), 0.7854, 0.0]
[19, array([ 0.5361, -0.0308]), array([ 0.5357 , -0.03495]), 0.7854, 0.0]
[19, array([ 0.5361, -0.0308]), array([ 0.536  , -0.03495]), 0.7854, 0.0]
[19, array([ 0.5361, -0.0308]), array([ 0.5363 , -0.03495]), 0.7854, 0.0]
[19, array([ 0.5361, -0.0308]), array([ 0.5366 , -0.03495]), 0.7854, 0.0]
[19, array([ 0.5361, -0.0308]), array([ 0.5369 , -0.03495]), 0.7854, 0.0]
[19, array([ 0.5361, -0.0308]), array([ 0.5372 , -0.03495]), 0.7854, 0.0]
[19, array([ 0.5361, -0.0308]), array([ 0.5375 , -0.03495]), 0.7854, 0.0]
[19, array([ 0.5361, -0.0308]), array([ 0.5312 , -0.03465]), 0.7854, 0.0]
[19, array([ 0.5361, -0.0308]), array([ 0.5315 , -0.03465]), 0.7854, 0.0]
[19, array([ 0.5361, -0.0308]), array([ 0.5318 , -0.03465]), 0.7854, 0.0]
[19, array([ 0.5361, -0.0308]), array([ 0.5321 , -0.03465]), 0.7854, 0.0]
[19, array([ 0.5361, -0.0308]), array([ 0.5324 , -0.03465]), 0.7854, 0.0]
[19, array([ 0.5361, -0.0308]), array([ 0.5327 , -0.03465]), 0.7854, 0.0]
[19, array([ 0.5361, -0.0308]), array([ 0.533  , -0.03465]), 0.7854, 0.0]
[19, array([ 0.5361, -0.0308]), array([ 0.5333 , -0.03465]), 0.7854, 0.0]
[19, array([ 0.5361, -0.0308]), array([ 0.5336 , -0.03465]), 0.7854, 0.0]
[19, array([ 0.5361, -0.0308]), array([ 0.5339 , -0.03465]), 0.7854, 0.0]
[19, array([ 0.5361, -0.0308]), array([ 0.5342 , -0.03465]), 0.7854, 0.0]
[19, array([ 0.5361, -0.0308]), array([ 0.5345 , -0.03465]), 0.7854, 0.0]
[19, array([ 0.5361, -0.0308]), array([ 0.5348 , -0.03465]), 0.7854, 0.0]
[19, array([ 0.5361, -0.0308]), array([ 0.5351 , -0.03465]), 0.7854, 0.0]
[19, array([ 0.5361, -0.0308]), array([ 0.5354 , -0.03465]), 0.7854, 0.0]
[19, array([ 0.5361, -0.0308]), array([ 0.5357 , -0.03465]), 0.7854, 0.0]
[19, array([ 0.5361, -0.0308]), array([ 0.536  , -0.03465]), 0.7854, 0.0]
[19, array([ 0.5361, -0.0308]), array([ 0.5363 , -0.03465]), 0.7854, 0.0]
[19, array([ 0.5361, -0.0308]), array([ 0.5366 , -0.03465]), 0.7854, 0.0]
[19, array([ 0.5361, -0.0308]), array([ 0.5369 , -0.03465]), 0.7854, 0.0]
[19, array([ 0.5361, -0.0308]), array([ 0.5372 , -0.03465]), 0.7854, 0.0]
[19, array([ 0.5361, -0.0308]), array([ 0.5375 , -0.03465]), 0.7854, 0.0]
[19, array([ 0.5361, -0.0308]), array([ 0.5312 , -0.03435]), 0.7854, 0.0]
[19, array([ 0.5361, -0.0308]), array([ 0.5315 , -0.03435]), 0.7854, 0.0]
[19, array([ 0.5361, -0.0308]), array([ 0.5318 , -0.03435]), 0.7854, 0.0]
[19, array([ 0.5361, -0.0308]), array([ 0.5321 , -0.03435]), 0.7854, 0.0]
[19, array([ 0.5361, -0.0308]), array([ 0.5324 , -0.03435]), 0.7854, 0.0]
[19, array([ 0.5361, -0.0308]), array([ 0.5327 , -0.03435]), 0.7854, 0.0]
[19, array([ 0.5361, -0.0308]), array([ 0.533  , -0.03435]), 0.7854, 0.0]
[19, array([ 0.5361, -0.0308]), array([ 0.5333 , -0.03435]), 0.7854, 0.0]
[19, array([ 0.5361, -0.0308]), array([ 0.5336 , -0.03435]), 0.7854, 0.0]
[19, array([ 0.5361, -0.0308]), array([ 0.5339 , -0.03435]), 0.7854, 0.0]
[19, array([ 0.5361, -0.0308]), array([ 0.5342 , -0.03435]), 0.7854, 0.0]
[19, array([ 0.5361, -0.0308]), array([ 0.5345 , -0.03435]), 0.7854, 0.0]
[19, array([ 0.5361, -0.0308]), array([ 0.5348 , -0.03435]), 0.7854, 0.0]
[19, array([ 0.5361, -0.0308]), array([ 0.5351 , -0.03435]), 0.7854, 0.0]
[19, array([ 0.5361, -0.0308]), array([ 0.5354 , -0.03435]), 0.7854, 0.0]
[19, array([ 0.5361, -0.0308]), array([ 0.5357 , -0.03435]), 0.7854, 0.0]
[19, array([ 0.5361, -0.0308]), array([ 0.536  , -0.03435]), 0.7854, 0.0]
[19, array([ 0.5361, -0.0308]), array([ 0.5363 , -0.03435]), 0.7854, 0.0]
[19, array([ 0.5361, -0.0308]), array([ 0.5366 , -0.03435]), 0.7854, 0.0]
[19, array([ 0.5361, -0.0308]), array([ 0.5369 , -0.03435]), 0.7854, 0.0]
[19, array([ 0.5361, -0.0308]), array([ 0.5372 , -0.03435]), 0.7854, 0.0]
[19, array([ 0.5361, -0.0308]), array([ 0.5375 , -0.03435]), 0.7854, 0.0]
[6, array([ 0.5102, -0.0422]), array([ 0.5063, -0.05  ]), 0.7854, 1.0]
[6, array([ 0.5102, -0.0422]), array([ 0.50644762, -0.05      ]), 0.7854, 1.0]
[6, array([ 0.5102, -0.0422]), array([ 0.50659524, -0.05      ]), 0.7854, 1.0]
[6, array([ 0.5102, -0.0422]), array([ 0.50674286, -0.05      ]), 0.7854, 1.0]
[6, array([ 0.5102, -0.0422]), array([ 0.50689048, -0.05      ]), 0.7854, 1.0]
[6, array([ 0.5102, -0.0422]), array([ 0.5070381, -0.05     ]), 0.7854, 1.0]
[6, array([ 0.5102, -0.0422]), array([ 0.50718571, -0.05      ]), 0.7854, 1.0]
[6, array([ 0.5102, -0.0422]), array([ 0.50733333, -0.05      ]), 0.7854, 1.0]
[6, array([ 0.5102, -0.0422]), array([ 0.50748095, -0.05      ]), 0.7854, 1.0]
[6, array([ 0.5102, -0.0422]), array([ 0.50762857, -0.05      ]), 0.7854, 1.0]
[6, array([ 0.5102, -0.0422]), array([ 0.50777619, -0.05      ]), 0.7854, 1.0]
[6, array([ 0.5102, -0.0422]), array([ 0.50792381, -0.05      ]), 0.7854, 1.0]
[6, array([ 0.5102, -0.0422]), array([ 0.50807143, -0.05      ]), 0.7854, 1.0]
[6, array([ 0.5102, -0.0422]), array([ 0.50821905, -0.05      ]), 0.7854, 1.0]
[6, array([ 0.5102, -0.0422]), array([ 0.50836667, -0.05      ]), 0.7854, 1.0]
[6, array([ 0.5102, -0.0422]), array([ 0.50851429, -0.05      ]), 0.7854, 1.0]
[6, array([ 0.5102, -0.0422]), array([ 0.5086619, -0.05     ]), 0.7854, 1.0]
[6, array([ 0.5102, -0.0422]), array([ 0.50880952, -0.05      ]), 0.7854, 1.0]
[6, array([ 0.5102, -0.0422]), array([ 0.50895714, -0.05      ]), 0.7854, 1.0]
[6, array([ 0.5102, -0.0422]), array([ 0.50910476, -0.05      ]), 0.7854, 1.0]
[6, array([ 0.5102, -0.0422]), array([ 0.50925238, -0.05      ]), 0.7854, 1.0]
[6, array([ 0.5102, -0.0422]), array([ 0.5094, -0.05  ]), 0.7854, 1.0]
[6, array([ 0.5102, -0.0422]), array([ 0.5063    , -0.04985238]), 0.7854, 1.0]
[6, array([ 0.5102, -0.0422]), array([ 0.50644762, -0.04985238]), 0.7854, 1.0]
[6, array([ 0.5102, -0.0422]), array([ 0.50659524, -0.04985238]), 0.7854, 1.0]
[6, array([ 0.5102, -0.0422]), array([ 0.50674286, -0.04985238]), 0.7854, 1.0]
[6, array([ 0.5102, -0.0422]), array([ 0.50689048, -0.04985238]), 0.7854, 1.0]
[6, array([ 0.5102, -0.0422]), array([ 0.5070381 , -0.04985238]), 0.7854, 1.0]
[6, array([ 0.5102, -0.0422]), array([ 0.50718571, -0.04985238]), 0.7854, 1.0]
[6, array([ 0.5102, -0.0422]), array([ 0.50733333, -0.04985238]), 0.7854, 1.0]
[6, array([ 0.5102, -0.0422]), array([ 0.50748095, -0.04985238]), 0.7854, 1.0]
[6, array([ 0.5102, -0.0422]), array([ 0.50762857, -0.04985238]), 0.7854, 1.0]
[6, array([ 0.5102, -0.0422]), array([ 0.50777619, -0.04985238]), 0.7854, 1.0]
[6, array([ 0.5102, -0.0422]), array([ 0.50792381, -0.04985238]), 0.7854, 1.0]
[6, array([ 0.5102, -0.0422]), array([ 0.50807143, -0.04985238]), 0.7854, 1.0]
[6, array([ 0.5102, -0.0422]), array([ 0.50821905, -0.04985238]), 0.7854, 1.0]
[6, array([ 0.5102, -0.0422]), array([ 0.50836667, -0.04985238]), 0.7854, 1.0]
[6, array([ 0.5102, -0.0422]), array([ 0.50851429, -0.04985238]), 0.7854, 1.0]
[6, array([ 0.5102, -0.0422]), array([ 0.5086619 , -0.04985238]), 0.7854, 1.0]
[6, array([ 0.5102, -0.0422]), array([ 0.50880952, -0.04985238]), 0.7854, 1.0]
[6, array([ 0.5102, -0.0422]), array([ 0.50895714, -0.04985238]), 0.7854, 1.0]
[6, array([ 0.5102, -0.0422]), array([ 0.50910476, -0.04985238]), 0.7854, 1.0]
[6, array([ 0.5102, -0.0422]), array([ 0.50925238, -0.04985238]), 0.7854, 1.0]
[6, array([ 0.5102, -0.0422]), array([ 0.5094    , -0.04985238]), 0.7854, 1.0]
[6, array([ 0.5102, -0.0422]), array([ 0.5063    , -0.04970476]), 0.7854, 1.0]
[6, array([ 0.5102, -0.0422]), array([ 0.50644762, -0.04970476]), 0.7854, 1.0]
[6, array([ 0.5102, -0.0422]), array([ 0.50659524, -0.04970476]), 0.7854, 1.0]
[6, array([ 0.5102, -0.0422]), array([ 0.50674286, -0.04970476]), 0.7854, 1.0]
[6, array([ 0.5102, -0.0422]), array([ 0.50689048, -0.04970476]), 0.7854, 1.0]
[6, array([ 0.5102, -0.0422]), array([ 0.5070381 , -0.04970476]), 0.7854, 1.0]
[6, array([ 0.5102, -0.0422]), array([ 0.50718571, -0.04970476]), 0.7854, 1.0]
[6, array([ 0.5102, -0.0422]), array([ 0.50733333, -0.04970476]), 0.7854, 1.0]
[6, array([ 0.5102, -0.0422]), array([ 0.50748095, -0.04970476]), 0.7854, 1.0]
[6, array([ 0.5102, -0.0422]), array([ 0.50762857, -0.04970476]), 0.7854, 1.0]
[6, array([ 0.5102, -0.0422]), array([ 0.50777619, -0.04970476]), 0.7854, 1.0]
[6, array([ 0.5102, -0.0422]), array([ 0.50792381, -0.04970476]), 0.7854, 1.0]
[6, array([ 0.5102, -0.0422]), array([ 0.50807143, -0.04970476]), 0.7854, 1.0]
[6, array([ 0.5102, -0.0422]), array([ 0.50821905, -0.04970476]), 0.7854, 1.0]
[6, array([ 0.5102, -0.0422]), array([ 0.50836667, -0.04970476]), 0.7854, 1.0]
[6, array([ 0.5102, -0.0422]), array([ 0.50851429, -0.04970476]), 0.7854, 1.0]
[6, array([ 0.5102, -0.0422]), array([ 0.5086619 , -0.04970476]), 0.7854, 1.0]
[6, array([ 0.5102, -0.0422]), array([ 0.50880952, -0.04970476]), 0.7854, 1.0]
[6, array([ 0.5102, -0.0422]), array([ 0.50895714, -0.04970476]), 0.7854, 1.0]
[6, array([ 0.5102, -0.0422]), array([ 0.50910476, -0.04970476]), 0.7854, 1.0]
[6, array([ 0.5102, -0.0422]), array([ 0.50925238, -0.04970476]), 0.7854, 1.0]
[6, array([ 0.5102, -0.0422]), array([ 0.5094    , -0.04970476]), 0.7854, 1.0]
[6, array([ 0.5102, -0.0422]), array([ 0.5063    , -0.04955714]), 0.7854, 1.0]
[6, array([ 0.5102, -0.0422]), array([ 0.50644762, -0.04955714]), 0.7854, 1.0]
[6, array([ 0.5102, -0.0422]), array([ 0.50659524, -0.04955714]), 0.7854, 1.0]
[6, array([ 0.5102, -0.0422]), array([ 0.50674286, -0.04955714]), 0.7854, 1.0]
[6, array([ 0.5102, -0.0422]), array([ 0.50689048, -0.04955714]), 0.7854, 1.0]
[6, array([ 0.5102, -0.0422]), array([ 0.5070381 , -0.04955714]), 0.7854, 1.0]
[6, array([ 0.5102, -0.0422]), array([ 0.50718571, -0.04955714]), 0.7854, 1.0]
[6, array([ 0.5102, -0.0422]), array([ 0.50733333, -0.04955714]), 0.7854, 1.0]
[6, array([ 0.5102, -0.0422]), array([ 0.50748095, -0.04955714]), 0.7854, 1.0]
[6, array([ 0.5102, -0.0422]), array([ 0.50762857, -0.04955714]), 0.7854, 1.0]
[6, array([ 0.5102, -0.0422]), array([ 0.50777619, -0.04955714]), 0.7854, 1.0]
[6, array([ 0.5102, -0.0422]), array([ 0.50792381, -0.04955714]), 0.7854, 1.0]
[6, array([ 0.5102, -0.0422]), array([ 0.50807143, -0.04955714]), 0.7854, 1.0]
[6, array([ 0.5102, -0.0422]), array([ 0.50821905, -0.04955714]), 0.7854, 1.0]
[6, array([ 0.5102, -0.0422]), array([ 0.50836667, -0.04955714]), 0.7854, 1.0]
[6, array([ 0.5102, -0.0422]), array([ 0.50851429, -0.04955714]), 0.7854, 1.0]
[6, array([ 0.5102, -0.0422]), array([ 0.5086619 , -0.04955714]), 0.7854, 1.0]
[6, array([ 0.5102, -0.0422]), array([ 0.50880952, -0.04955714]), 0.7854, 1.0]
[6, array([ 0.5102, -0.0422]), array([ 0.50895714, -0.04955714]), 0.7854, 1.0]
[6, array([ 0.5102, -0.0422]), array([ 0.50910476, -0.04955714]), 0.7854, 1.0]
[6, array([ 0.5102, -0.0422]), array([ 0.50925238, -0.04955714]), 0.7854, 1.0]
[6, array([ 0.5102, -0.0422]), array([ 0.5094    , -0.04955714]), 0.7854, 1.0]
[6, array([ 0.5102, -0.0422]), array([ 0.5063    , -0.04940952]), 0.7854, 1.0]
[6, array([ 0.5102, -0.0422]), array([ 0.50644762, -0.04940952]), 0.7854, 1.0]
[6, array([ 0.5102, -0.0422]), array([ 0.50659524, -0.04940952]), 0.7854, 1.0]
[6, array([ 0.5102, -0.0422]), array([ 0.50674286, -0.04940952]), 0.7854, 1.0]
[6, array([ 0.5102, -0.0422]), array([ 0.50689048, -0.04940952]), 0.7854, 1.0]
[6, array([ 0.5102, -0.0422]), array([ 0.5070381 , -0.04940952]), 0.7854, 1.0]
[6, array([ 0.5102, -0.0422]), array([ 0.50718571, -0.04940952]), 0.7854, 1.0]
[6, array([ 0.5102, -0.0422]), array([ 0.50733333, -0.04940952]), 0.7854, 1.0]
[6, array([ 0.5102, -0.0422]), array([ 0.50748095, -0.04940952]), 0.7854, 1.0]
[6, array([ 0.5102, -0.0422]), array([ 0.50762857, -0.04940952]), 0.7854, 1.0]
[6, array([ 0.5102, -0.0422]), array([ 0.50777619, -0.04940952]), 0.7854, 1.0]
[6, array([ 0.5102, -0.0422]), array([ 0.50792381, -0.04940952]), 0.7854, 1.0]
[6, array([ 0.5102, -0.0422]), array([ 0.50807143, -0.04940952]), 0.7854, 1.0]
[6, array([ 0.5102, -0.0422]), array([ 0.50821905, -0.04940952]), 0.7854, 1.0]
[6, array([ 0.5102, -0.0422]), array([ 0.50836667, -0.04940952]), 0.7854, 1.0]
[6, array([ 0.5102, -0.0422]), array([ 0.50851429, -0.04940952]), 0.7854, 1.0]
[6, array([ 0.5102, -0.0422]), array([ 0.5086619 , -0.04940952]), 0.7854, 1.0]
[6, array([ 0.5102, -0.0422]), array([ 0.50880952, -0.04940952]), 0.7854, 1.0]
[6, array([ 0.5102, -0.0422]), array([ 0.50895714, -0.04940952]), 0.7854, 1.0]
[6, array([ 0.5102, -0.0422]), array([ 0.50910476, -0.04940952]), 0.7854, 1.0]
[6, array([ 0.5102, -0.0422]), array([ 0.50925238, -0.04940952]), 0.7854, 1.0]
[6, array([ 0.5102, -0.0422]), array([ 0.5094    , -0.04940952]), 0.7854, 1.0]
[6, array([ 0.5102, -0.0422]), array([ 0.5063   , -0.0492619]), 0.7854, 1.0]
[6, array([ 0.5102, -0.0422]), array([ 0.50644762, -0.0492619 ]), 0.7854, 1.0]
[6, array([ 0.5102, -0.0422]), array([ 0.50659524, -0.0492619 ]), 0.7854, 1.0]
[6, array([ 0.5102, -0.0422]), array([ 0.50674286, -0.0492619 ]), 0.7854, 1.0]
[6, array([ 0.5102, -0.0422]), array([ 0.50689048, -0.0492619 ]), 0.7854, 1.0]
[6, array([ 0.5102, -0.0422]), array([ 0.5070381, -0.0492619]), 0.7854, 1.0]
[6, array([ 0.5102, -0.0422]), array([ 0.50718571, -0.0492619 ]), 0.7854, 1.0]
[6, array([ 0.5102, -0.0422]), array([ 0.50733333, -0.0492619 ]), 0.7854, 1.0]
[6, array([ 0.5102, -0.0422]), array([ 0.50748095, -0.0492619 ]), 0.7854, 1.0]
[6, array([ 0.5102, -0.0422]), array([ 0.50762857, -0.0492619 ]), 0.7854, 1.0]
[6, array([ 0.5102, -0.0422]), array([ 0.50777619, -0.0492619 ]), 0.7854, 1.0]
[6, array([ 0.5102, -0.0422]), array([ 0.50792381, -0.0492619 ]), 0.7854, 1.0]
[6, array([ 0.5102, -0.0422]), array([ 0.50807143, -0.0492619 ]), 0.7854, 1.0]
[6, array([ 0.5102, -0.0422]), array([ 0.50821905, -0.0492619 ]), 0.7854, 1.0]
[6, array([ 0.5102, -0.0422]), array([ 0.50836667, -0.0492619 ]), 0.7854, 1.0]
[6, array([ 0.5102, -0.0422]), array([ 0.50851429, -0.0492619 ]), 0.7854, 1.0]
[6, array([ 0.5102, -0.0422]), array([ 0.5086619, -0.0492619]), 0.7854, 1.0]
[6, array([ 0.5102, -0.0422]), array([ 0.50880952, -0.0492619 ]), 0.7854, 1.0]
[6, array([ 0.5102, -0.0422]), array([ 0.50895714, -0.0492619 ]), 0.7854, 1.0]
[6, array([ 0.5102, -0.0422]), array([ 0.50910476, -0.0492619 ]), 0.7854, 1.0]
[6, array([ 0.5102, -0.0422]), array([ 0.50925238, -0.0492619 ]), 0.7854, 1.0]
[6, array([ 0.5102, -0.0422]), array([ 0.5094   , -0.0492619]), 0.7854, 1.0]
[6, array([ 0.5102, -0.0422]), array([ 0.5063    , -0.04911429]), 0.7854, 1.0]
[6, array([ 0.5102, -0.0422]), array([ 0.50644762, -0.04911429]), 0.7854, 1.0]
[6, array([ 0.5102, -0.0422]), array([ 0.50659524, -0.04911429]), 0.7854, 1.0]
[6, array([ 0.5102, -0.0422]), array([ 0.50674286, -0.04911429]), 0.7854, 1.0]
[6, array([ 0.5102, -0.0422]), array([ 0.50689048, -0.04911429]), 0.7854, 1.0]
[6, array([ 0.5102, -0.0422]), array([ 0.5070381 , -0.04911429]), 0.7854, 1.0]
[6, array([ 0.5102, -0.0422]), array([ 0.50718571, -0.04911429]), 0.7854, 1.0]
[6, array([ 0.5102, -0.0422]), array([ 0.50733333, -0.04911429]), 0.7854, 1.0]
[6, array([ 0.5102, -0.0422]), array([ 0.50748095, -0.04911429]), 0.7854, 1.0]
[6, array([ 0.5102, -0.0422]), array([ 0.50762857, -0.04911429]), 0.7854, 1.0]
[6, array([ 0.5102, -0.0422]), array([ 0.50777619, -0.04911429]), 0.7854, 1.0]
[6, array([ 0.5102, -0.0422]), array([ 0.50792381, -0.04911429]), 0.7854, 1.0]
[6, array([ 0.5102, -0.0422]), array([ 0.50807143, -0.04911429]), 0.7854, 1.0]
[6, array([ 0.5102, -0.0422]), array([ 0.50821905, -0.04911429]), 0.7854, 1.0]
[6, array([ 0.5102, -0.0422]), array([ 0.50836667, -0.04911429]), 0.7854, 1.0]
[6, array([ 0.5102, -0.0422]), array([ 0.50851429, -0.04911429]), 0.7854, 1.0]
[6, array([ 0.5102, -0.0422]), array([ 0.5086619 , -0.04911429]), 0.7854, 1.0]
[6, array([ 0.5102, -0.0422]), array([ 0.50880952, -0.04911429]), 0.7854, 1.0]
[6, array([ 0.5102, -0.0422]), array([ 0.50895714, -0.04911429]), 0.7854, 1.0]
[6, array([ 0.5102, -0.0422]), array([ 0.50910476, -0.04911429]), 0.7854, 1.0]
[6, array([ 0.5102, -0.0422]), array([ 0.50925238, -0.04911429]), 0.7854, 1.0]
[6, array([ 0.5102, -0.0422]), array([ 0.5094    , -0.04911429]), 0.7854, 1.0]
[6, array([ 0.5102, -0.0422]), array([ 0.5063    , -0.04896667]), 0.7854, 1.0]
[6, array([ 0.5102, -0.0422]), array([ 0.50644762, -0.04896667]), 0.7854, 1.0]
[6, array([ 0.5102, -0.0422]), array([ 0.50659524, -0.04896667]), 0.7854, 1.0]
[6, array([ 0.5102, -0.0422]), array([ 0.50674286, -0.04896667]), 0.7854, 1.0]
[6, array([ 0.5102, -0.0422]), array([ 0.50689048, -0.04896667]), 0.7854, 1.0]
[6, array([ 0.5102, -0.0422]), array([ 0.5070381 , -0.04896667]), 0.7854, 1.0]
[6, array([ 0.5102, -0.0422]), array([ 0.50718571, -0.04896667]), 0.7854, 1.0]
[6, array([ 0.5102, -0.0422]), array([ 0.50733333, -0.04896667]), 0.7854, 1.0]
[6, array([ 0.5102, -0.0422]), array([ 0.50748095, -0.04896667]), 0.7854, 1.0]
[6, array([ 0.5102, -0.0422]), array([ 0.50762857, -0.04896667]), 0.7854, 1.0]
[6, array([ 0.5102, -0.0422]), array([ 0.50777619, -0.04896667]), 0.7854, 1.0]
[6, array([ 0.5102, -0.0422]), array([ 0.50792381, -0.04896667]), 0.7854, 1.0]
[6, array([ 0.5102, -0.0422]), array([ 0.50807143, -0.04896667]), 0.7854, 1.0]
[6, array([ 0.5102, -0.0422]), array([ 0.50821905, -0.04896667]), 0.7854, 1.0]
[6, array([ 0.5102, -0.0422]), array([ 0.50836667, -0.04896667]), 0.7854, 1.0]
[6, array([ 0.5102, -0.0422]), array([ 0.50851429, -0.04896667]), 0.7854, 1.0]
[6, array([ 0.5102, -0.0422]), array([ 0.5086619 , -0.04896667]), 0.7854, 1.0]
[6, array([ 0.5102, -0.0422]), array([ 0.50880952, -0.04896667]), 0.7854, 1.0]
[6, array([ 0.5102, -0.0422]), array([ 0.50895714, -0.04896667]), 0.7854, 1.0]
[6, array([ 0.5102, -0.0422]), array([ 0.50910476, -0.04896667]), 0.7854, 1.0]
[6, array([ 0.5102, -0.0422]), array([ 0.50925238, -0.04896667]), 0.7854, 1.0]
[6, array([ 0.5102, -0.0422]), array([ 0.5094    , -0.04896667]), 0.7854, 1.0]
[6, array([ 0.5102, -0.0422]), array([ 0.5063    , -0.04881905]), 0.7854, 1.0]
[6, array([ 0.5102, -0.0422]), array([ 0.50644762, -0.04881905]), 0.7854, 1.0]
[6, array([ 0.5102, -0.0422]), array([ 0.50659524, -0.04881905]), 0.7854, 1.0]
[6, array([ 0.5102, -0.0422]), array([ 0.50674286, -0.04881905]), 0.7854, 1.0]
[6, array([ 0.5102, -0.0422]), array([ 0.50689048, -0.04881905]), 0.7854, 1.0]
[6, array([ 0.5102, -0.0422]), array([ 0.5070381 , -0.04881905]), 0.7854, 1.0]
[6, array([ 0.5102, -0.0422]), array([ 0.50718571, -0.04881905]), 0.7854, 1.0]
[6, array([ 0.5102, -0.0422]), array([ 0.50733333, -0.04881905]), 0.7854, 1.0]
[6, array([ 0.5102, -0.0422]), array([ 0.50748095, -0.04881905]), 0.7854, 1.0]
[6, array([ 0.5102, -0.0422]), array([ 0.50762857, -0.04881905]), 0.7854, 1.0]
[6, array([ 0.5102, -0.0422]), array([ 0.50777619, -0.04881905]), 0.7854, 1.0]
[6, array([ 0.5102, -0.0422]), array([ 0.50792381, -0.04881905]), 0.7854, 1.0]
[6, array([ 0.5102, -0.0422]), array([ 0.50807143, -0.04881905]), 0.7854, 1.0]
[6, array([ 0.5102, -0.0422]), array([ 0.50821905, -0.04881905]), 0.7854, 1.0]
[6, array([ 0.5102, -0.0422]), array([ 0.50836667, -0.04881905]), 0.7854, 1.0]
[6, array([ 0.5102, -0.0422]), array([ 0.50851429, -0.04881905]), 0.7854, 1.0]
[6, array([ 0.5102, -0.0422]), array([ 0.5086619 , -0.04881905]), 0.7854, 1.0]
[6, array([ 0.5102, -0.0422]), array([ 0.50880952, -0.04881905]), 0.7854, 1.0]
[6, array([ 0.5102, -0.0422]), array([ 0.50895714, -0.04881905]), 0.7854, 1.0]
[6, array([ 0.5102, -0.0422]), array([ 0.50910476, -0.04881905]), 0.7854, 1.0]
[6, array([ 0.5102, -0.0422]), array([ 0.50925238, -0.04881905]), 0.7854, 1.0]
[6, array([ 0.5102, -0.0422]), array([ 0.5094    , -0.04881905]), 0.7854, 1.0]
[6, array([ 0.5102, -0.0422]), array([ 0.5063    , -0.04867143]), 0.7854, 1.0]
[6, array([ 0.5102, -0.0422]), array([ 0.50644762, -0.04867143]), 0.7854, 1.0]
[6, array([ 0.5102, -0.0422]), array([ 0.50659524, -0.04867143]), 0.7854, 1.0]
[6, array([ 0.5102, -0.0422]), array([ 0.50674286, -0.04867143]), 0.7854, 1.0]
[6, array([ 0.5102, -0.0422]), array([ 0.50689048, -0.04867143]), 0.7854, 1.0]
[6, array([ 0.5102, -0.0422]), array([ 0.5070381 , -0.04867143]), 0.7854, 1.0]
[6, array([ 0.5102, -0.0422]), array([ 0.50718571, -0.04867143]), 0.7854, 1.0]
[6, array([ 0.5102, -0.0422]), array([ 0.50733333, -0.04867143]), 0.7854, 1.0]
[6, array([ 0.5102, -0.0422]), array([ 0.50748095, -0.04867143]), 0.7854, 1.0]
[6, array([ 0.5102, -0.0422]), array([ 0.50762857, -0.04867143]), 0.7854, 1.0]
[6, array([ 0.5102, -0.0422]), array([ 0.50777619, -0.04867143]), 0.7854, 1.0]
[6, array([ 0.5102, -0.0422]), array([ 0.50792381, -0.04867143]), 0.7854, 1.0]
[6, array([ 0.5102, -0.0422]), array([ 0.50807143, -0.04867143]), 0.7854, 1.0]
[6, array([ 0.5102, -0.0422]), array([ 0.50821905, -0.04867143]), 0.7854, 1.0]
[6, array([ 0.5102, -0.0422]), array([ 0.50836667, -0.04867143]), 0.7854, 1.0]
[6, array([ 0.5102, -0.0422]), array([ 0.50851429, -0.04867143]), 0.7854, 1.0]
[6, array([ 0.5102, -0.0422]), array([ 0.5086619 , -0.04867143]), 0.7854, 1.0]
[6, array([ 0.5102, -0.0422]), array([ 0.50880952, -0.04867143]), 0.7854, 1.0]
[6, array([ 0.5102, -0.0422]), array([ 0.50895714, -0.04867143]), 0.7854, 1.0]
[6, array([ 0.5102, -0.0422]), array([ 0.50910476, -0.04867143]), 0.7854, 1.0]
[6, array([ 0.5102, -0.0422]), array([ 0.50925238, -0.04867143]), 0.7854, 1.0]
[6, array([ 0.5102, -0.0422]), array([ 0.5094    , -0.04867143]), 0.7854, 1.0]
[6, array([ 0.5102, -0.0422]), array([ 0.5063    , -0.04852381]), 0.7854, 1.0]
[6, array([ 0.5102, -0.0422]), array([ 0.50644762, -0.04852381]), 0.7854, 1.0]
[6, array([ 0.5102, -0.0422]), array([ 0.50659524, -0.04852381]), 0.7854, 1.0]
[6, array([ 0.5102, -0.0422]), array([ 0.50674286, -0.04852381]), 0.7854, 1.0]
[6, array([ 0.5102, -0.0422]), array([ 0.50689048, -0.04852381]), 0.7854, 1.0]
[6, array([ 0.5102, -0.0422]), array([ 0.5070381 , -0.04852381]), 0.7854, 1.0]
[6, array([ 0.5102, -0.0422]), array([ 0.50718571, -0.04852381]), 0.7854, 1.0]
[6, array([ 0.5102, -0.0422]), array([ 0.50733333, -0.04852381]), 0.7854, 1.0]
[6, array([ 0.5102, -0.0422]), array([ 0.50748095, -0.04852381]), 0.7854, 1.0]
[6, array([ 0.5102, -0.0422]), array([ 0.50762857, -0.04852381]), 0.7854, 1.0]
[6, array([ 0.5102, -0.0422]), array([ 0.50777619, -0.04852381]), 0.7854, 1.0]
[6, array([ 0.5102, -0.0422]), array([ 0.50792381, -0.04852381]), 0.7854, 1.0]
[6, array([ 0.5102, -0.0422]), array([ 0.50807143, -0.04852381]), 0.7854, 1.0]
[6, array([ 0.5102, -0.0422]), array([ 0.50821905, -0.04852381]), 0.7854, 1.0]
[6, array([ 0.5102, -0.0422]), array([ 0.50836667, -0.04852381]), 0.7854, 1.0]
[6, array([ 0.5102, -0.0422]), array([ 0.50851429, -0.04852381]), 0.7854, 1.0]
[6, array([ 0.5102, -0.0422]), array([ 0.5086619 , -0.04852381]), 0.7854, 1.0]
[6, array([ 0.5102, -0.0422]), array([ 0.50880952, -0.04852381]), 0.7854, 1.0]
[6, array([ 0.5102, -0.0422]), array([ 0.50895714, -0.04852381]), 0.7854, 1.0]
[6, array([ 0.5102, -0.0422]), array([ 0.50910476, -0.04852381]), 0.7854, 1.0]
[6, array([ 0.5102, -0.0422]), array([ 0.50925238, -0.04852381]), 0.7854, 1.0]
[6, array([ 0.5102, -0.0422]), array([ 0.5094    , -0.04852381]), 0.7854, 1.0]
[6, array([ 0.5102, -0.0422]), array([ 0.5063    , -0.04837619]), 0.7854, 1.0]
[6, array([ 0.5102, -0.0422]), array([ 0.50644762, -0.04837619]), 0.7854, 1.0]
[6, array([ 0.5102, -0.0422]), array([ 0.50659524, -0.04837619]), 0.7854, 1.0]
[6, array([ 0.5102, -0.0422]), array([ 0.50674286, -0.04837619]), 0.7854, 1.0]
[6, array([ 0.5102, -0.0422]), array([ 0.50689048, -0.04837619]), 0.7854, 1.0]
[6, array([ 0.5102, -0.0422]), array([ 0.5070381 , -0.04837619]), 0.7854, 1.0]
[6, array([ 0.5102, -0.0422]), array([ 0.50718571, -0.04837619]), 0.7854, 1.0]
[6, array([ 0.5102, -0.0422]), array([ 0.50733333, -0.04837619]), 0.7854, 1.0]
[6, array([ 0.5102, -0.0422]), array([ 0.50748095, -0.04837619]), 0.7854, 1.0]
[6, array([ 0.5102, -0.0422]), array([ 0.50762857, -0.04837619]), 0.7854, 1.0]
[6, array([ 0.5102, -0.0422]), array([ 0.50777619, -0.04837619]), 0.7854, 1.0]
[6, array([ 0.5102, -0.0422]), array([ 0.50792381, -0.04837619]), 0.7854, 1.0]
[6, array([ 0.5102, -0.0422]), array([ 0.50807143, -0.04837619]), 0.7854, 1.0]
[6, array([ 0.5102, -0.0422]), array([ 0.50821905, -0.04837619]), 0.7854, 1.0]
[6, array([ 0.5102, -0.0422]), array([ 0.50836667, -0.04837619]), 0.7854, 1.0]
[6, array([ 0.5102, -0.0422]), array([ 0.50851429, -0.04837619]), 0.7854, 1.0]
[6, array([ 0.5102, -0.0422]), array([ 0.5086619 , -0.04837619]), 0.7854, 1.0]
[6, array([ 0.5102, -0.0422]), array([ 0.50880952, -0.04837619]), 0.7854, 1.0]
[6, array([ 0.5102, -0.0422]), array([ 0.50895714, -0.04837619]), 0.7854, 1.0]
[6, array([ 0.5102, -0.0422]), array([ 0.50910476, -0.04837619]), 0.7854, 1.0]
[6, array([ 0.5102, -0.0422]), array([ 0.50925238, -0.04837619]), 0.7854, 1.0]
[6, array([ 0.5102, -0.0422]), array([ 0.5094    , -0.04837619]), 0.7854, 1.0]
[6, array([ 0.5102, -0.0422]), array([ 0.5063    , -0.04822857]), 0.7854, 1.0]
[6, array([ 0.5102, -0.0422]), array([ 0.50644762, -0.04822857]), 0.7854, 1.0]
[6, array([ 0.5102, -0.0422]), array([ 0.50659524, -0.04822857]), 0.7854, 1.0]
[6, array([ 0.5102, -0.0422]), array([ 0.50674286, -0.04822857]), 0.7854, 1.0]
[6, array([ 0.5102, -0.0422]), array([ 0.50689048, -0.04822857]), 0.7854, 1.0]
[6, array([ 0.5102, -0.0422]), array([ 0.5070381 , -0.04822857]), 0.7854, 1.0]
[6, array([ 0.5102, -0.0422]), array([ 0.50718571, -0.04822857]), 0.7854, 1.0]
[6, array([ 0.5102, -0.0422]), array([ 0.50733333, -0.04822857]), 0.7854, 1.0]
[6, array([ 0.5102, -0.0422]), array([ 0.50748095, -0.04822857]), 0.7854, 1.0]
[6, array([ 0.5102, -0.0422]), array([ 0.50762857, -0.04822857]), 0.7854, 1.0]
[6, array([ 0.5102, -0.0422]), array([ 0.50777619, -0.04822857]), 0.7854, 1.0]
[6, array([ 0.5102, -0.0422]), array([ 0.50792381, -0.04822857]), 0.7854, 1.0]
[6, array([ 0.5102, -0.0422]), array([ 0.50807143, -0.04822857]), 0.7854, 1.0]
[6, array([ 0.5102, -0.0422]), array([ 0.50821905, -0.04822857]), 0.7854, 1.0]
[6, array([ 0.5102, -0.0422]), array([ 0.50836667, -0.04822857]), 0.7854, 1.0]
[6, array([ 0.5102, -0.0422]), array([ 0.50851429, -0.04822857]), 0.7854, 1.0]
[6, array([ 0.5102, -0.0422]), array([ 0.5086619 , -0.04822857]), 0.7854, 1.0]
[6, array([ 0.5102, -0.0422]), array([ 0.50880952, -0.04822857]), 0.7854, 1.0]
[6, array([ 0.5102, -0.0422]), array([ 0.50895714, -0.04822857]), 0.7854, 1.0]
[6, array([ 0.5102, -0.0422]), array([ 0.50910476, -0.04822857]), 0.7854, 1.0]
[6, array([ 0.5102, -0.0422]), array([ 0.50925238, -0.04822857]), 0.7854, 1.0]
[6, array([ 0.5102, -0.0422]), array([ 0.5094    , -0.04822857]), 0.7854, 1.0]
[6, array([ 0.5102, -0.0422]), array([ 0.5063    , -0.04808095]), 0.7854, 1.0]
[6, array([ 0.5102, -0.0422]), array([ 0.50644762, -0.04808095]), 0.7854, 1.0]
[6, array([ 0.5102, -0.0422]), array([ 0.50659524, -0.04808095]), 0.7854, 1.0]
[6, array([ 0.5102, -0.0422]), array([ 0.50674286, -0.04808095]), 0.7854, 1.0]
[6, array([ 0.5102, -0.0422]), array([ 0.50689048, -0.04808095]), 0.7854, 1.0]
[6, array([ 0.5102, -0.0422]), array([ 0.5070381 , -0.04808095]), 0.7854, 1.0]
[6, array([ 0.5102, -0.0422]), array([ 0.50718571, -0.04808095]), 0.7854, 1.0]
[6, array([ 0.5102, -0.0422]), array([ 0.50733333, -0.04808095]), 0.7854, 1.0]
[6, array([ 0.5102, -0.0422]), array([ 0.50748095, -0.04808095]), 0.7854, 1.0]
[6, array([ 0.5102, -0.0422]), array([ 0.50762857, -0.04808095]), 0.7854, 1.0]
[6, array([ 0.5102, -0.0422]), array([ 0.50777619, -0.04808095]), 0.7854, 1.0]
[6, array([ 0.5102, -0.0422]), array([ 0.50792381, -0.04808095]), 0.7854, 1.0]
[6, array([ 0.5102, -0.0422]), array([ 0.50807143, -0.04808095]), 0.7854, 1.0]
[6, array([ 0.5102, -0.0422]), array([ 0.50821905, -0.04808095]), 0.7854, 1.0]
[6, array([ 0.5102, -0.0422]), array([ 0.50836667, -0.04808095]), 0.7854, 1.0]
[6, array([ 0.5102, -0.0422]), array([ 0.50851429, -0.04808095]), 0.7854, 1.0]
[6, array([ 0.5102, -0.0422]), array([ 0.5086619 , -0.04808095]), 0.7854, 1.0]
[6, array([ 0.5102, -0.0422]), array([ 0.50880952, -0.04808095]), 0.7854, 1.0]
[6, array([ 0.5102, -0.0422]), array([ 0.50895714, -0.04808095]), 0.7854, 1.0]
[6, array([ 0.5102, -0.0422]), array([ 0.50910476, -0.04808095]), 0.7854, 1.0]
[6, array([ 0.5102, -0.0422]), array([ 0.50925238, -0.04808095]), 0.7854, 1.0]
[6, array([ 0.5102, -0.0422]), array([ 0.5094    , -0.04808095]), 0.7854, 1.0]
[6, array([ 0.5102, -0.0422]), array([ 0.5063    , -0.04793333]), 0.7854, 1.0]
[6, array([ 0.5102, -0.0422]), array([ 0.50644762, -0.04793333]), 0.7854, 1.0]
[6, array([ 0.5102, -0.0422]), array([ 0.50659524, -0.04793333]), 0.7854, 1.0]
[6, array([ 0.5102, -0.0422]), array([ 0.50674286, -0.04793333]), 0.7854, 1.0]
[6, array([ 0.5102, -0.0422]), array([ 0.50689048, -0.04793333]), 0.7854, 1.0]
[6, array([ 0.5102, -0.0422]), array([ 0.5070381 , -0.04793333]), 0.7854, 1.0]
[6, array([ 0.5102, -0.0422]), array([ 0.50718571, -0.04793333]), 0.7854, 1.0]
[6, array([ 0.5102, -0.0422]), array([ 0.50733333, -0.04793333]), 0.7854, 1.0]
[6, array([ 0.5102, -0.0422]), array([ 0.50748095, -0.04793333]), 0.7854, 1.0]
[6, array([ 0.5102, -0.0422]), array([ 0.50762857, -0.04793333]), 0.7854, 1.0]
[6, array([ 0.5102, -0.0422]), array([ 0.50777619, -0.04793333]), 0.7854, 1.0]
[6, array([ 0.5102, -0.0422]), array([ 0.50792381, -0.04793333]), 0.7854, 1.0]
[6, array([ 0.5102, -0.0422]), array([ 0.50807143, -0.04793333]), 0.7854, 1.0]
[6, array([ 0.5102, -0.0422]), array([ 0.50821905, -0.04793333]), 0.7854, 1.0]
[6, array([ 0.5102, -0.0422]), array([ 0.50836667, -0.04793333]), 0.7854, 1.0]
[6, array([ 0.5102, -0.0422]), array([ 0.50851429, -0.04793333]), 0.7854, 1.0]
[6, array([ 0.5102, -0.0422]), array([ 0.5086619 , -0.04793333]), 0.7854, 1.0]
[6, array([ 0.5102, -0.0422]), array([ 0.50880952, -0.04793333]), 0.7854, 1.0]
[6, array([ 0.5102, -0.0422]), array([ 0.50895714, -0.04793333]), 0.7854, 1.0]
[6, array([ 0.5102, -0.0422]), array([ 0.50910476, -0.04793333]), 0.7854, 1.0]
[6, array([ 0.5102, -0.0422]), array([ 0.50925238, -0.04793333]), 0.7854, 1.0]
[6, array([ 0.5102, -0.0422]), array([ 0.5094    , -0.04793333]), 0.7854, 1.0]
[6, array([ 0.5102, -0.0422]), array([ 0.5063    , -0.04778571]), 0.7854, 1.0]
[6, array([ 0.5102, -0.0422]), array([ 0.50644762, -0.04778571]), 0.7854, 1.0]
[6, array([ 0.5102, -0.0422]), array([ 0.50659524, -0.04778571]), 0.7854, 1.0]
[6, array([ 0.5102, -0.0422]), array([ 0.50674286, -0.04778571]), 0.7854, 1.0]
[6, array([ 0.5102, -0.0422]), array([ 0.50689048, -0.04778571]), 0.7854, 1.0]
[6, array([ 0.5102, -0.0422]), array([ 0.5070381 , -0.04778571]), 0.7854, 1.0]
[6, array([ 0.5102, -0.0422]), array([ 0.50718571, -0.04778571]), 0.7854, 1.0]
[6, array([ 0.5102, -0.0422]), array([ 0.50733333, -0.04778571]), 0.7854, 1.0]
[6, array([ 0.5102, -0.0422]), array([ 0.50748095, -0.04778571]), 0.7854, 1.0]
[6, array([ 0.5102, -0.0422]), array([ 0.50762857, -0.04778571]), 0.7854, 1.0]
[6, array([ 0.5102, -0.0422]), array([ 0.50777619, -0.04778571]), 0.7854, 1.0]
[6, array([ 0.5102, -0.0422]), array([ 0.50792381, -0.04778571]), 0.7854, 1.0]
[6, array([ 0.5102, -0.0422]), array([ 0.50807143, -0.04778571]), 0.7854, 1.0]
[6, array([ 0.5102, -0.0422]), array([ 0.50821905, -0.04778571]), 0.7854, 1.0]
[6, array([ 0.5102, -0.0422]), array([ 0.50836667, -0.04778571]), 0.7854, 1.0]
[6, array([ 0.5102, -0.0422]), array([ 0.50851429, -0.04778571]), 0.7854, 1.0]
[6, array([ 0.5102, -0.0422]), array([ 0.5086619 , -0.04778571]), 0.7854, 1.0]
[6, array([ 0.5102, -0.0422]), array([ 0.50880952, -0.04778571]), 0.7854, 1.0]
[6, array([ 0.5102, -0.0422]), array([ 0.50895714, -0.04778571]), 0.7854, 1.0]
[6, array([ 0.5102, -0.0422]), array([ 0.50910476, -0.04778571]), 0.7854, 1.0]
[6, array([ 0.5102, -0.0422]), array([ 0.50925238, -0.04778571]), 0.7854, 1.0]
[6, array([ 0.5102, -0.0422]), array([ 0.5094    , -0.04778571]), 0.7854, 1.0]
[6, array([ 0.5102, -0.0422]), array([ 0.5063   , -0.0476381]), 0.7854, 1.0]
[6, array([ 0.5102, -0.0422]), array([ 0.50644762, -0.0476381 ]), 0.7854, 1.0]
[6, array([ 0.5102, -0.0422]), array([ 0.50659524, -0.0476381 ]), 0.7854, 1.0]
[6, array([ 0.5102, -0.0422]), array([ 0.50674286, -0.0476381 ]), 0.7854, 1.0]
[6, array([ 0.5102, -0.0422]), array([ 0.50689048, -0.0476381 ]), 0.7854, 1.0]
[6, array([ 0.5102, -0.0422]), array([ 0.5070381, -0.0476381]), 0.7854, 1.0]
[6, array([ 0.5102, -0.0422]), array([ 0.50718571, -0.0476381 ]), 0.7854, 1.0]
[6, array([ 0.5102, -0.0422]), array([ 0.50733333, -0.0476381 ]), 0.7854, 1.0]
[6, array([ 0.5102, -0.0422]), array([ 0.50748095, -0.0476381 ]), 0.7854, 1.0]
[6, array([ 0.5102, -0.0422]), array([ 0.50762857, -0.0476381 ]), 0.7854, 1.0]
[6, array([ 0.5102, -0.0422]), array([ 0.50777619, -0.0476381 ]), 0.7854, 1.0]
[6, array([ 0.5102, -0.0422]), array([ 0.50792381, -0.0476381 ]), 0.7854, 1.0]
[6, array([ 0.5102, -0.0422]), array([ 0.50807143, -0.0476381 ]), 0.7854, 1.0]
[6, array([ 0.5102, -0.0422]), array([ 0.50821905, -0.0476381 ]), 0.7854, 1.0]
[6, array([ 0.5102, -0.0422]), array([ 0.50836667, -0.0476381 ]), 0.7854, 1.0]
[6, array([ 0.5102, -0.0422]), array([ 0.50851429, -0.0476381 ]), 0.7854, 1.0]
[6, array([ 0.5102, -0.0422]), array([ 0.5086619, -0.0476381]), 0.7854, 1.0]
[6, array([ 0.5102, -0.0422]), array([ 0.50880952, -0.0476381 ]), 0.7854, 1.0]
[6, array([ 0.5102, -0.0422]), array([ 0.50895714, -0.0476381 ]), 0.7854, 1.0]
[6, array([ 0.5102, -0.0422]), array([ 0.50910476, -0.0476381 ]), 0.7854, 1.0]
[6, array([ 0.5102, -0.0422]), array([ 0.50925238, -0.0476381 ]), 0.7854, 1.0]
[6, array([ 0.5102, -0.0422]), array([ 0.5094   , -0.0476381]), 0.7854, 1.0]
[6, array([ 0.5102, -0.0422]), array([ 0.5063    , -0.04749048]), 0.7854, 1.0]
[6, array([ 0.5102, -0.0422]), array([ 0.50644762, -0.04749048]), 0.7854, 1.0]
[6, array([ 0.5102, -0.0422]), array([ 0.50659524, -0.04749048]), 0.7854, 1.0]
[6, array([ 0.5102, -0.0422]), array([ 0.50674286, -0.04749048]), 0.7854, 1.0]
[6, array([ 0.5102, -0.0422]), array([ 0.50689048, -0.04749048]), 0.7854, 1.0]
[6, array([ 0.5102, -0.0422]), array([ 0.5070381 , -0.04749048]), 0.7854, 1.0]
[6, array([ 0.5102, -0.0422]), array([ 0.50718571, -0.04749048]), 0.7854, 1.0]
[6, array([ 0.5102, -0.0422]), array([ 0.50733333, -0.04749048]), 0.7854, 1.0]
[6, array([ 0.5102, -0.0422]), array([ 0.50748095, -0.04749048]), 0.7854, 1.0]
[6, array([ 0.5102, -0.0422]), array([ 0.50762857, -0.04749048]), 0.7854, 1.0]
[6, array([ 0.5102, -0.0422]), array([ 0.50777619, -0.04749048]), 0.7854, 1.0]
[6, array([ 0.5102, -0.0422]), array([ 0.50792381, -0.04749048]), 0.7854, 1.0]
[6, array([ 0.5102, -0.0422]), array([ 0.50807143, -0.04749048]), 0.7854, 1.0]
[6, array([ 0.5102, -0.0422]), array([ 0.50821905, -0.04749048]), 0.7854, 1.0]
[6, array([ 0.5102, -0.0422]), array([ 0.50836667, -0.04749048]), 0.7854, 1.0]
[6, array([ 0.5102, -0.0422]), array([ 0.50851429, -0.04749048]), 0.7854, 1.0]
[6, array([ 0.5102, -0.0422]), array([ 0.5086619 , -0.04749048]), 0.7854, 1.0]
[6, array([ 0.5102, -0.0422]), array([ 0.50880952, -0.04749048]), 0.7854, 1.0]
[6, array([ 0.5102, -0.0422]), array([ 0.50895714, -0.04749048]), 0.7854, 1.0]
[6, array([ 0.5102, -0.0422]), array([ 0.50910476, -0.04749048]), 0.7854, 1.0]
[6, array([ 0.5102, -0.0422]), array([ 0.50925238, -0.04749048]), 0.7854, 1.0]
[6, array([ 0.5102, -0.0422]), array([ 0.5094    , -0.04749048]), 0.7854, 1.0]
[6, array([ 0.5102, -0.0422]), array([ 0.5063    , -0.04734286]), 0.7854, 1.0]
[6, array([ 0.5102, -0.0422]), array([ 0.50644762, -0.04734286]), 0.7854, 1.0]
[6, array([ 0.5102, -0.0422]), array([ 0.50659524, -0.04734286]), 0.7854, 1.0]
[6, array([ 0.5102, -0.0422]), array([ 0.50674286, -0.04734286]), 0.7854, 1.0]
[6, array([ 0.5102, -0.0422]), array([ 0.50689048, -0.04734286]), 0.7854, 1.0]
[6, array([ 0.5102, -0.0422]), array([ 0.5070381 , -0.04734286]), 0.7854, 1.0]
[6, array([ 0.5102, -0.0422]), array([ 0.50718571, -0.04734286]), 0.7854, 1.0]
[6, array([ 0.5102, -0.0422]), array([ 0.50733333, -0.04734286]), 0.7854, 1.0]
[6, array([ 0.5102, -0.0422]), array([ 0.50748095, -0.04734286]), 0.7854, 1.0]
[6, array([ 0.5102, -0.0422]), array([ 0.50762857, -0.04734286]), 0.7854, 1.0]
[6, array([ 0.5102, -0.0422]), array([ 0.50777619, -0.04734286]), 0.7854, 1.0]
[6, array([ 0.5102, -0.0422]), array([ 0.50792381, -0.04734286]), 0.7854, 1.0]
[6, array([ 0.5102, -0.0422]), array([ 0.50807143, -0.04734286]), 0.7854, 1.0]
[6, array([ 0.5102, -0.0422]), array([ 0.50821905, -0.04734286]), 0.7854, 1.0]
[6, array([ 0.5102, -0.0422]), array([ 0.50836667, -0.04734286]), 0.7854, 1.0]
[6, array([ 0.5102, -0.0422]), array([ 0.50851429, -0.04734286]), 0.7854, 1.0]
[6, array([ 0.5102, -0.0422]), array([ 0.5086619 , -0.04734286]), 0.7854, 1.0]
[6, array([ 0.5102, -0.0422]), array([ 0.50880952, -0.04734286]), 0.7854, 1.0]
[6, array([ 0.5102, -0.0422]), array([ 0.50895714, -0.04734286]), 0.7854, 1.0]
[6, array([ 0.5102, -0.0422]), array([ 0.50910476, -0.04734286]), 0.7854, 1.0]
[6, array([ 0.5102, -0.0422]), array([ 0.50925238, -0.04734286]), 0.7854, 1.0]
[6, array([ 0.5102, -0.0422]), array([ 0.5094    , -0.04734286]), 0.7854, 1.0]
[6, array([ 0.5102, -0.0422]), array([ 0.5063    , -0.04719524]), 0.7854, 1.0]
[6, array([ 0.5102, -0.0422]), array([ 0.50644762, -0.04719524]), 0.7854, 1.0]
[6, array([ 0.5102, -0.0422]), array([ 0.50659524, -0.04719524]), 0.7854, 1.0]
[6, array([ 0.5102, -0.0422]), array([ 0.50674286, -0.04719524]), 0.7854, 1.0]
[6, array([ 0.5102, -0.0422]), array([ 0.50689048, -0.04719524]), 0.7854, 1.0]
[6, array([ 0.5102, -0.0422]), array([ 0.5070381 , -0.04719524]), 0.7854, 1.0]
[6, array([ 0.5102, -0.0422]), array([ 0.50718571, -0.04719524]), 0.7854, 1.0]
[6, array([ 0.5102, -0.0422]), array([ 0.50733333, -0.04719524]), 0.7854, 1.0]
[6, array([ 0.5102, -0.0422]), array([ 0.50748095, -0.04719524]), 0.7854, 1.0]
[6, array([ 0.5102, -0.0422]), array([ 0.50762857, -0.04719524]), 0.7854, 1.0]
[6, array([ 0.5102, -0.0422]), array([ 0.50777619, -0.04719524]), 0.7854, 1.0]
[6, array([ 0.5102, -0.0422]), array([ 0.50792381, -0.04719524]), 0.7854, 1.0]
[6, array([ 0.5102, -0.0422]), array([ 0.50807143, -0.04719524]), 0.7854, 1.0]
[6, array([ 0.5102, -0.0422]), array([ 0.50821905, -0.04719524]), 0.7854, 1.0]
[6, array([ 0.5102, -0.0422]), array([ 0.50836667, -0.04719524]), 0.7854, 1.0]
[6, array([ 0.5102, -0.0422]), array([ 0.50851429, -0.04719524]), 0.7854, 1.0]
[6, array([ 0.5102, -0.0422]), array([ 0.5086619 , -0.04719524]), 0.7854, 1.0]
[6, array([ 0.5102, -0.0422]), array([ 0.50880952, -0.04719524]), 0.7854, 1.0]
[6, array([ 0.5102, -0.0422]), array([ 0.50895714, -0.04719524]), 0.7854, 1.0]
[6, array([ 0.5102, -0.0422]), array([ 0.50910476, -0.04719524]), 0.7854, 1.0]
[6, array([ 0.5102, -0.0422]), array([ 0.50925238, -0.04719524]), 0.7854, 1.0]
[6, array([ 0.5102, -0.0422]), array([ 0.5094    , -0.04719524]), 0.7854, 1.0]
[6, array([ 0.5102, -0.0422]), array([ 0.5063    , -0.04704762]), 0.7854, 1.0]
[6, array([ 0.5102, -0.0422]), array([ 0.50644762, -0.04704762]), 0.7854, 1.0]
[6, array([ 0.5102, -0.0422]), array([ 0.50659524, -0.04704762]), 0.7854, 1.0]
[6, array([ 0.5102, -0.0422]), array([ 0.50674286, -0.04704762]), 0.7854, 1.0]
[6, array([ 0.5102, -0.0422]), array([ 0.50689048, -0.04704762]), 0.7854, 1.0]
[6, array([ 0.5102, -0.0422]), array([ 0.5070381 , -0.04704762]), 0.7854, 1.0]
[6, array([ 0.5102, -0.0422]), array([ 0.50718571, -0.04704762]), 0.7854, 1.0]
[6, array([ 0.5102, -0.0422]), array([ 0.50733333, -0.04704762]), 0.7854, 1.0]
[6, array([ 0.5102, -0.0422]), array([ 0.50748095, -0.04704762]), 0.7854, 1.0]
[6, array([ 0.5102, -0.0422]), array([ 0.50762857, -0.04704762]), 0.7854, 1.0]
[6, array([ 0.5102, -0.0422]), array([ 0.50777619, -0.04704762]), 0.7854, 1.0]
[6, array([ 0.5102, -0.0422]), array([ 0.50792381, -0.04704762]), 0.7854, 1.0]
[6, array([ 0.5102, -0.0422]), array([ 0.50807143, -0.04704762]), 0.7854, 1.0]
[6, array([ 0.5102, -0.0422]), array([ 0.50821905, -0.04704762]), 0.7854, 1.0]
[6, array([ 0.5102, -0.0422]), array([ 0.50836667, -0.04704762]), 0.7854, 1.0]
[6, array([ 0.5102, -0.0422]), array([ 0.50851429, -0.04704762]), 0.7854, 1.0]
[6, array([ 0.5102, -0.0422]), array([ 0.5086619 , -0.04704762]), 0.7854, 1.0]
[6, array([ 0.5102, -0.0422]), array([ 0.50880952, -0.04704762]), 0.7854, 1.0]
[6, array([ 0.5102, -0.0422]), array([ 0.50895714, -0.04704762]), 0.7854, 1.0]
[6, array([ 0.5102, -0.0422]), array([ 0.50910476, -0.04704762]), 0.7854, 1.0]
[6, array([ 0.5102, -0.0422]), array([ 0.50925238, -0.04704762]), 0.7854, 1.0]
[6, array([ 0.5102, -0.0422]), array([ 0.5094    , -0.04704762]), 0.7854, 1.0]
[6, array([ 0.5102, -0.0422]), array([ 0.5063, -0.0469]), 0.7854, 1.0]
[6, array([ 0.5102, -0.0422]), array([ 0.50644762, -0.0469    ]), 0.7854, 1.0]
[6, array([ 0.5102, -0.0422]), array([ 0.50659524, -0.0469    ]), 0.7854, 1.0]
[6, array([ 0.5102, -0.0422]), array([ 0.50674286, -0.0469    ]), 0.7854, 1.0]
[6, array([ 0.5102, -0.0422]), array([ 0.50689048, -0.0469    ]), 0.7854, 1.0]
[6, array([ 0.5102, -0.0422]), array([ 0.5070381, -0.0469   ]), 0.7854, 1.0]
[6, array([ 0.5102, -0.0422]), array([ 0.50718571, -0.0469    ]), 0.7854, 1.0]
[6, array([ 0.5102, -0.0422]), array([ 0.50733333, -0.0469    ]), 0.7854, 1.0]
[6, array([ 0.5102, -0.0422]), array([ 0.50748095, -0.0469    ]), 0.7854, 1.0]
[6, array([ 0.5102, -0.0422]), array([ 0.50762857, -0.0469    ]), 0.7854, 1.0]
[6, array([ 0.5102, -0.0422]), array([ 0.50777619, -0.0469    ]), 0.7854, 1.0]
[6, array([ 0.5102, -0.0422]), array([ 0.50792381, -0.0469    ]), 0.7854, 1.0]
[6, array([ 0.5102, -0.0422]), array([ 0.50807143, -0.0469    ]), 0.7854, 1.0]
[6, array([ 0.5102, -0.0422]), array([ 0.50821905, -0.0469    ]), 0.7854, 1.0]
[6, array([ 0.5102, -0.0422]), array([ 0.50836667, -0.0469    ]), 0.7854, 1.0]
[6, array([ 0.5102, -0.0422]), array([ 0.50851429, -0.0469    ]), 0.7854, 1.0]
[6, array([ 0.5102, -0.0422]), array([ 0.5086619, -0.0469   ]), 0.7854, 1.0]
[6, array([ 0.5102, -0.0422]), array([ 0.50880952, -0.0469    ]), 0.7854, 1.0]
[6, array([ 0.5102, -0.0422]), array([ 0.50895714, -0.0469    ]), 0.7854, 1.0]
[6, array([ 0.5102, -0.0422]), array([ 0.50910476, -0.0469    ]), 0.7854, 1.0]
[6, array([ 0.5102, -0.0422]), array([ 0.50925238, -0.0469    ]), 0.7854, 1.0]
[6, array([ 0.5102, -0.0422]), array([ 0.5094, -0.0469]), 0.7854, 1.0]
[6, array([ 0.4617, -0.0104]), array([ 0.4531 , -0.01565]), 0.7854, 1.0]
[6, array([ 0.4617, -0.0104]), array([ 0.45325238, -0.01565   ]), 0.7854, 1.0]
[6, array([ 0.4617, -0.0104]), array([ 0.45340476, -0.01565   ]), 0.7854, 1.0]
[6, array([ 0.4617, -0.0104]), array([ 0.45355714, -0.01565   ]), 0.7854, 1.0]
[6, array([ 0.4617, -0.0104]), array([ 0.45370952, -0.01565   ]), 0.7854, 1.0]
[6, array([ 0.4617, -0.0104]), array([ 0.4538619, -0.01565  ]), 0.7854, 1.0]
[6, array([ 0.4617, -0.0104]), array([ 0.45401429, -0.01565   ]), 0.7854, 1.0]
[6, array([ 0.4617, -0.0104]), array([ 0.45416667, -0.01565   ]), 0.7854, 1.0]
[6, array([ 0.4617, -0.0104]), array([ 0.45431905, -0.01565   ]), 0.7854, 1.0]
[6, array([ 0.4617, -0.0104]), array([ 0.45447143, -0.01565   ]), 0.7854, 1.0]
[6, array([ 0.4617, -0.0104]), array([ 0.45462381, -0.01565   ]), 0.7854, 1.0]
[6, array([ 0.4617, -0.0104]), array([ 0.45477619, -0.01565   ]), 0.7854, 1.0]
[6, array([ 0.4617, -0.0104]), array([ 0.45492857, -0.01565   ]), 0.7854, 1.0]
[6, array([ 0.4617, -0.0104]), array([ 0.45508095, -0.01565   ]), 0.7854, 1.0]
[6, array([ 0.4617, -0.0104]), array([ 0.45523333, -0.01565   ]), 0.7854, 1.0]
[6, array([ 0.4617, -0.0104]), array([ 0.45538571, -0.01565   ]), 0.7854, 1.0]
[6, array([ 0.4617, -0.0104]), array([ 0.4555381, -0.01565  ]), 0.7854, 1.0]
[6, array([ 0.4617, -0.0104]), array([ 0.45569048, -0.01565   ]), 0.7854, 1.0]
[6, array([ 0.4617, -0.0104]), array([ 0.45584286, -0.01565   ]), 0.7854, 1.0]
[6, array([ 0.4617, -0.0104]), array([ 0.45599524, -0.01565   ]), 0.7854, 1.0]
[6, array([ 0.4617, -0.0104]), array([ 0.45614762, -0.01565   ]), 0.7854, 1.0]
[6, array([ 0.4617, -0.0104]), array([ 0.4563 , -0.01565]), 0.7854, 1.0]
[6, array([ 0.4617, -0.0104]), array([ 0.4531    , -0.01549762]), 0.7854, 1.0]
[6, array([ 0.4617, -0.0104]), array([ 0.45325238, -0.01549762]), 0.7854, 1.0]
[6, array([ 0.4617, -0.0104]), array([ 0.45340476, -0.01549762]), 0.7854, 1.0]
[6, array([ 0.4617, -0.0104]), array([ 0.45355714, -0.01549762]), 0.7854, 1.0]
[6, array([ 0.4617, -0.0104]), array([ 0.45370952, -0.01549762]), 0.7854, 1.0]
[6, array([ 0.4617, -0.0104]), array([ 0.4538619 , -0.01549762]), 0.7854, 1.0]
[6, array([ 0.4617, -0.0104]), array([ 0.45401429, -0.01549762]), 0.7854, 1.0]
[6, array([ 0.4617, -0.0104]), array([ 0.45416667, -0.01549762]), 0.7854, 1.0]
[6, array([ 0.4617, -0.0104]), array([ 0.45431905, -0.01549762]), 0.7854, 1.0]
[6, array([ 0.4617, -0.0104]), array([ 0.45447143, -0.01549762]), 0.7854, 1.0]
[6, array([ 0.4617, -0.0104]), array([ 0.45462381, -0.01549762]), 0.7854, 1.0]
[6, array([ 0.4617, -0.0104]), array([ 0.45477619, -0.01549762]), 0.7854, 1.0]
[6, array([ 0.4617, -0.0104]), array([ 0.45492857, -0.01549762]), 0.7854, 1.0]
[6, array([ 0.4617, -0.0104]), array([ 0.45508095, -0.01549762]), 0.7854, 1.0]
[6, array([ 0.4617, -0.0104]), array([ 0.45523333, -0.01549762]), 0.7854, 1.0]
[6, array([ 0.4617, -0.0104]), array([ 0.45538571, -0.01549762]), 0.7854, 1.0]
[6, array([ 0.4617, -0.0104]), array([ 0.4555381 , -0.01549762]), 0.7854, 1.0]
[6, array([ 0.4617, -0.0104]), array([ 0.45569048, -0.01549762]), 0.7854, 1.0]
[6, array([ 0.4617, -0.0104]), array([ 0.45584286, -0.01549762]), 0.7854, 1.0]
[6, array([ 0.4617, -0.0104]), array([ 0.45599524, -0.01549762]), 0.7854, 1.0]
[6, array([ 0.4617, -0.0104]), array([ 0.45614762, -0.01549762]), 0.7854, 1.0]
[6, array([ 0.4617, -0.0104]), array([ 0.4563    , -0.01549762]), 0.7854, 1.0]
[6, array([ 0.4617, -0.0104]), array([ 0.4531    , -0.01534524]), 0.7854, 1.0]
[6, array([ 0.4617, -0.0104]), array([ 0.45325238, -0.01534524]), 0.7854, 1.0]
[6, array([ 0.4617, -0.0104]), array([ 0.45340476, -0.01534524]), 0.7854, 1.0]
[6, array([ 0.4617, -0.0104]), array([ 0.45355714, -0.01534524]), 0.7854, 1.0]
[6, array([ 0.4617, -0.0104]), array([ 0.45370952, -0.01534524]), 0.7854, 1.0]
[6, array([ 0.4617, -0.0104]), array([ 0.4538619 , -0.01534524]), 0.7854, 1.0]
[6, array([ 0.4617, -0.0104]), array([ 0.45401429, -0.01534524]), 0.7854, 1.0]
[6, array([ 0.4617, -0.0104]), array([ 0.45416667, -0.01534524]), 0.7854, 1.0]
[6, array([ 0.4617, -0.0104]), array([ 0.45431905, -0.01534524]), 0.7854, 1.0]
[6, array([ 0.4617, -0.0104]), array([ 0.45447143, -0.01534524]), 0.7854, 1.0]
[6, array([ 0.4617, -0.0104]), array([ 0.45462381, -0.01534524]), 0.7854, 1.0]
[6, array([ 0.4617, -0.0104]), array([ 0.45477619, -0.01534524]), 0.7854, 1.0]
[6, array([ 0.4617, -0.0104]), array([ 0.45492857, -0.01534524]), 0.7854, 1.0]
[6, array([ 0.4617, -0.0104]), array([ 0.45508095, -0.01534524]), 0.7854, 1.0]
[6, array([ 0.4617, -0.0104]), array([ 0.45523333, -0.01534524]), 0.7854, 1.0]
[6, array([ 0.4617, -0.0104]), array([ 0.45538571, -0.01534524]), 0.7854, 1.0]
[6, array([ 0.4617, -0.0104]), array([ 0.4555381 , -0.01534524]), 0.7854, 1.0]
[6, array([ 0.4617, -0.0104]), array([ 0.45569048, -0.01534524]), 0.7854, 1.0]
[6, array([ 0.4617, -0.0104]), array([ 0.45584286, -0.01534524]), 0.7854, 1.0]
[6, array([ 0.4617, -0.0104]), array([ 0.45599524, -0.01534524]), 0.7854, 1.0]
[6, array([ 0.4617, -0.0104]), array([ 0.45614762, -0.01534524]), 0.7854, 1.0]
[6, array([ 0.4617, -0.0104]), array([ 0.4563    , -0.01534524]), 0.7854, 1.0]
[6, array([ 0.4617, -0.0104]), array([ 0.4531    , -0.01519286]), 0.7854, 1.0]
[6, array([ 0.4617, -0.0104]), array([ 0.45325238, -0.01519286]), 0.7854, 1.0]
[6, array([ 0.4617, -0.0104]), array([ 0.45340476, -0.01519286]), 0.7854, 1.0]
[6, array([ 0.4617, -0.0104]), array([ 0.45355714, -0.01519286]), 0.7854, 1.0]
[6, array([ 0.4617, -0.0104]), array([ 0.45370952, -0.01519286]), 0.7854, 1.0]
[6, array([ 0.4617, -0.0104]), array([ 0.4538619 , -0.01519286]), 0.7854, 1.0]
[6, array([ 0.4617, -0.0104]), array([ 0.45401429, -0.01519286]), 0.7854, 1.0]
[6, array([ 0.4617, -0.0104]), array([ 0.45416667, -0.01519286]), 0.7854, 1.0]
[6, array([ 0.4617, -0.0104]), array([ 0.45431905, -0.01519286]), 0.7854, 1.0]
[6, array([ 0.4617, -0.0104]), array([ 0.45447143, -0.01519286]), 0.7854, 1.0]
[6, array([ 0.4617, -0.0104]), array([ 0.45462381, -0.01519286]), 0.7854, 1.0]
[6, array([ 0.4617, -0.0104]), array([ 0.45477619, -0.01519286]), 0.7854, 1.0]
[6, array([ 0.4617, -0.0104]), array([ 0.45492857, -0.01519286]), 0.7854, 1.0]
[6, array([ 0.4617, -0.0104]), array([ 0.45508095, -0.01519286]), 0.7854, 1.0]
[6, array([ 0.4617, -0.0104]), array([ 0.45523333, -0.01519286]), 0.7854, 1.0]
[6, array([ 0.4617, -0.0104]), array([ 0.45538571, -0.01519286]), 0.7854, 1.0]
[6, array([ 0.4617, -0.0104]), array([ 0.4555381 , -0.01519286]), 0.7854, 1.0]
[6, array([ 0.4617, -0.0104]), array([ 0.45569048, -0.01519286]), 0.7854, 1.0]
[6, array([ 0.4617, -0.0104]), array([ 0.45584286, -0.01519286]), 0.7854, 1.0]
[6, array([ 0.4617, -0.0104]), array([ 0.45599524, -0.01519286]), 0.7854, 1.0]
[6, array([ 0.4617, -0.0104]), array([ 0.45614762, -0.01519286]), 0.7854, 1.0]
[6, array([ 0.4617, -0.0104]), array([ 0.4563    , -0.01519286]), 0.7854, 1.0]
[6, array([ 0.4617, -0.0104]), array([ 0.4531    , -0.01504048]), 0.7854, 1.0]
[6, array([ 0.4617, -0.0104]), array([ 0.45325238, -0.01504048]), 0.7854, 1.0]
[6, array([ 0.4617, -0.0104]), array([ 0.45340476, -0.01504048]), 0.7854, 1.0]
[6, array([ 0.4617, -0.0104]), array([ 0.45355714, -0.01504048]), 0.7854, 1.0]
[6, array([ 0.4617, -0.0104]), array([ 0.45370952, -0.01504048]), 0.7854, 1.0]
[6, array([ 0.4617, -0.0104]), array([ 0.4538619 , -0.01504048]), 0.7854, 1.0]
[6, array([ 0.4617, -0.0104]), array([ 0.45401429, -0.01504048]), 0.7854, 1.0]
[6, array([ 0.4617, -0.0104]), array([ 0.45416667, -0.01504048]), 0.7854, 1.0]
[6, array([ 0.4617, -0.0104]), array([ 0.45431905, -0.01504048]), 0.7854, 1.0]
[6, array([ 0.4617, -0.0104]), array([ 0.45447143, -0.01504048]), 0.7854, 1.0]
[6, array([ 0.4617, -0.0104]), array([ 0.45462381, -0.01504048]), 0.7854, 1.0]
[6, array([ 0.4617, -0.0104]), array([ 0.45477619, -0.01504048]), 0.7854, 1.0]
[6, array([ 0.4617, -0.0104]), array([ 0.45492857, -0.01504048]), 0.7854, 1.0]
[6, array([ 0.4617, -0.0104]), array([ 0.45508095, -0.01504048]), 0.7854, 1.0]
[6, array([ 0.4617, -0.0104]), array([ 0.45523333, -0.01504048]), 0.7854, 1.0]
[6, array([ 0.4617, -0.0104]), array([ 0.45538571, -0.01504048]), 0.7854, 1.0]
[6, array([ 0.4617, -0.0104]), array([ 0.4555381 , -0.01504048]), 0.7854, 1.0]
[6, array([ 0.4617, -0.0104]), array([ 0.45569048, -0.01504048]), 0.7854, 1.0]
[6, array([ 0.4617, -0.0104]), array([ 0.45584286, -0.01504048]), 0.7854, 1.0]
[6, array([ 0.4617, -0.0104]), array([ 0.45599524, -0.01504048]), 0.7854, 1.0]
[6, array([ 0.4617, -0.0104]), array([ 0.45614762, -0.01504048]), 0.7854, 1.0]
[6, array([ 0.4617, -0.0104]), array([ 0.4563    , -0.01504048]), 0.7854, 1.0]
[6, array([ 0.4617, -0.0104]), array([ 0.4531   , -0.0148881]), 0.7854, 1.0]
[6, array([ 0.4617, -0.0104]), array([ 0.45325238, -0.0148881 ]), 0.7854, 1.0]
[6, array([ 0.4617, -0.0104]), array([ 0.45340476, -0.0148881 ]), 0.7854, 1.0]
[6, array([ 0.4617, -0.0104]), array([ 0.45355714, -0.0148881 ]), 0.7854, 1.0]
[6, array([ 0.4617, -0.0104]), array([ 0.45370952, -0.0148881 ]), 0.7854, 1.0]
[6, array([ 0.4617, -0.0104]), array([ 0.4538619, -0.0148881]), 0.7854, 1.0]
[6, array([ 0.4617, -0.0104]), array([ 0.45401429, -0.0148881 ]), 0.7854, 1.0]
[6, array([ 0.4617, -0.0104]), array([ 0.45416667, -0.0148881 ]), 0.7854, 1.0]
[6, array([ 0.4617, -0.0104]), array([ 0.45431905, -0.0148881 ]), 0.7854, 1.0]
[6, array([ 0.4617, -0.0104]), array([ 0.45447143, -0.0148881 ]), 0.7854, 1.0]
[6, array([ 0.4617, -0.0104]), array([ 0.45462381, -0.0148881 ]), 0.7854, 1.0]
[6, array([ 0.4617, -0.0104]), array([ 0.45477619, -0.0148881 ]), 0.7854, 1.0]
[6, array([ 0.4617, -0.0104]), array([ 0.45492857, -0.0148881 ]), 0.7854, 1.0]
[6, array([ 0.4617, -0.0104]), array([ 0.45508095, -0.0148881 ]), 0.7854, 1.0]
[6, array([ 0.4617, -0.0104]), array([ 0.45523333, -0.0148881 ]), 0.7854, 1.0]
[6, array([ 0.4617, -0.0104]), array([ 0.45538571, -0.0148881 ]), 0.7854, 1.0]
[6, array([ 0.4617, -0.0104]), array([ 0.4555381, -0.0148881]), 0.7854, 1.0]
[6, array([ 0.4617, -0.0104]), array([ 0.45569048, -0.0148881 ]), 0.7854, 1.0]
[6, array([ 0.4617, -0.0104]), array([ 0.45584286, -0.0148881 ]), 0.7854, 1.0]
[6, array([ 0.4617, -0.0104]), array([ 0.45599524, -0.0148881 ]), 0.7854, 1.0]
[6, array([ 0.4617, -0.0104]), array([ 0.45614762, -0.0148881 ]), 0.7854, 1.0]
[6, array([ 0.4617, -0.0104]), array([ 0.4563   , -0.0148881]), 0.7854, 1.0]
[6, array([ 0.4617, -0.0104]), array([ 0.4531    , -0.01473571]), 0.7854, 1.0]
[6, array([ 0.4617, -0.0104]), array([ 0.45325238, -0.01473571]), 0.7854, 1.0]
[6, array([ 0.4617, -0.0104]), array([ 0.45340476, -0.01473571]), 0.7854, 1.0]
[6, array([ 0.4617, -0.0104]), array([ 0.45355714, -0.01473571]), 0.7854, 1.0]
[6, array([ 0.4617, -0.0104]), array([ 0.45370952, -0.01473571]), 0.7854, 1.0]
[6, array([ 0.4617, -0.0104]), array([ 0.4538619 , -0.01473571]), 0.7854, 1.0]
[6, array([ 0.4617, -0.0104]), array([ 0.45401429, -0.01473571]), 0.7854, 1.0]
[6, array([ 0.4617, -0.0104]), array([ 0.45416667, -0.01473571]), 0.7854, 1.0]
[6, array([ 0.4617, -0.0104]), array([ 0.45431905, -0.01473571]), 0.7854, 1.0]
[6, array([ 0.4617, -0.0104]), array([ 0.45447143, -0.01473571]), 0.7854, 1.0]
[6, array([ 0.4617, -0.0104]), array([ 0.45462381, -0.01473571]), 0.7854, 1.0]
[6, array([ 0.4617, -0.0104]), array([ 0.45477619, -0.01473571]), 0.7854, 1.0]
[6, array([ 0.4617, -0.0104]), array([ 0.45492857, -0.01473571]), 0.7854, 1.0]
[6, array([ 0.4617, -0.0104]), array([ 0.45508095, -0.01473571]), 0.7854, 1.0]
[6, array([ 0.4617, -0.0104]), array([ 0.45523333, -0.01473571]), 0.7854, 1.0]
[6, array([ 0.4617, -0.0104]), array([ 0.45538571, -0.01473571]), 0.7854, 1.0]
[6, array([ 0.4617, -0.0104]), array([ 0.4555381 , -0.01473571]), 0.7854, 1.0]
[6, array([ 0.4617, -0.0104]), array([ 0.45569048, -0.01473571]), 0.7854, 1.0]
[6, array([ 0.4617, -0.0104]), array([ 0.45584286, -0.01473571]), 0.7854, 1.0]
[6, array([ 0.4617, -0.0104]), array([ 0.45599524, -0.01473571]), 0.7854, 1.0]
[6, array([ 0.4617, -0.0104]), array([ 0.45614762, -0.01473571]), 0.7854, 1.0]
[6, array([ 0.4617, -0.0104]), array([ 0.4563    , -0.01473571]), 0.7854, 1.0]
[6, array([ 0.4617, -0.0104]), array([ 0.4531    , -0.01458333]), 0.7854, 1.0]
[6, array([ 0.4617, -0.0104]), array([ 0.45325238, -0.01458333]), 0.7854, 1.0]
[6, array([ 0.4617, -0.0104]), array([ 0.45340476, -0.01458333]), 0.7854, 1.0]
[6, array([ 0.4617, -0.0104]), array([ 0.45355714, -0.01458333]), 0.7854, 1.0]
[6, array([ 0.4617, -0.0104]), array([ 0.45370952, -0.01458333]), 0.7854, 1.0]
[6, array([ 0.4617, -0.0104]), array([ 0.4538619 , -0.01458333]), 0.7854, 1.0]
[6, array([ 0.4617, -0.0104]), array([ 0.45401429, -0.01458333]), 0.7854, 1.0]
[6, array([ 0.4617, -0.0104]), array([ 0.45416667, -0.01458333]), 0.7854, 1.0]
[6, array([ 0.4617, -0.0104]), array([ 0.45431905, -0.01458333]), 0.7854, 1.0]
[6, array([ 0.4617, -0.0104]), array([ 0.45447143, -0.01458333]), 0.7854, 1.0]
[6, array([ 0.4617, -0.0104]), array([ 0.45462381, -0.01458333]), 0.7854, 1.0]
[6, array([ 0.4617, -0.0104]), array([ 0.45477619, -0.01458333]), 0.7854, 1.0]
[6, array([ 0.4617, -0.0104]), array([ 0.45492857, -0.01458333]), 0.7854, 1.0]
[6, array([ 0.4617, -0.0104]), array([ 0.45508095, -0.01458333]), 0.7854, 1.0]
[6, array([ 0.4617, -0.0104]), array([ 0.45523333, -0.01458333]), 0.7854, 1.0]
[6, array([ 0.4617, -0.0104]), array([ 0.45538571, -0.01458333]), 0.7854, 1.0]
[6, array([ 0.4617, -0.0104]), array([ 0.4555381 , -0.01458333]), 0.7854, 1.0]
[6, array([ 0.4617, -0.0104]), array([ 0.45569048, -0.01458333]), 0.7854, 1.0]
[6, array([ 0.4617, -0.0104]), array([ 0.45584286, -0.01458333]), 0.7854, 1.0]
[6, array([ 0.4617, -0.0104]), array([ 0.45599524, -0.01458333]), 0.7854, 1.0]
[6, array([ 0.4617, -0.0104]), array([ 0.45614762, -0.01458333]), 0.7854, 1.0]
[6, array([ 0.4617, -0.0104]), array([ 0.4563    , -0.01458333]), 0.7854, 1.0]
[6, array([ 0.4617, -0.0104]), array([ 0.4531    , -0.01443095]), 0.7854, 1.0]
[6, array([ 0.4617, -0.0104]), array([ 0.45325238, -0.01443095]), 0.7854, 1.0]
[6, array([ 0.4617, -0.0104]), array([ 0.45340476, -0.01443095]), 0.7854, 1.0]
[6, array([ 0.4617, -0.0104]), array([ 0.45355714, -0.01443095]), 0.7854, 1.0]
[6, array([ 0.4617, -0.0104]), array([ 0.45370952, -0.01443095]), 0.7854, 1.0]
[6, array([ 0.4617, -0.0104]), array([ 0.4538619 , -0.01443095]), 0.7854, 1.0]
[6, array([ 0.4617, -0.0104]), array([ 0.45401429, -0.01443095]), 0.7854, 1.0]
[6, array([ 0.4617, -0.0104]), array([ 0.45416667, -0.01443095]), 0.7854, 1.0]
[6, array([ 0.4617, -0.0104]), array([ 0.45431905, -0.01443095]), 0.7854, 1.0]
[6, array([ 0.4617, -0.0104]), array([ 0.45447143, -0.01443095]), 0.7854, 1.0]
[6, array([ 0.4617, -0.0104]), array([ 0.45462381, -0.01443095]), 0.7854, 1.0]
[6, array([ 0.4617, -0.0104]), array([ 0.45477619, -0.01443095]), 0.7854, 1.0]
[6, array([ 0.4617, -0.0104]), array([ 0.45492857, -0.01443095]), 0.7854, 1.0]
[6, array([ 0.4617, -0.0104]), array([ 0.45508095, -0.01443095]), 0.7854, 1.0]
[6, array([ 0.4617, -0.0104]), array([ 0.45523333, -0.01443095]), 0.7854, 1.0]
[6, array([ 0.4617, -0.0104]), array([ 0.45538571, -0.01443095]), 0.7854, 1.0]
[6, array([ 0.4617, -0.0104]), array([ 0.4555381 , -0.01443095]), 0.7854, 1.0]
[6, array([ 0.4617, -0.0104]), array([ 0.45569048, -0.01443095]), 0.7854, 1.0]
[6, array([ 0.4617, -0.0104]), array([ 0.45584286, -0.01443095]), 0.7854, 1.0]
[6, array([ 0.4617, -0.0104]), array([ 0.45599524, -0.01443095]), 0.7854, 1.0]
[6, array([ 0.4617, -0.0104]), array([ 0.45614762, -0.01443095]), 0.7854, 1.0]
[6, array([ 0.4617, -0.0104]), array([ 0.4563    , -0.01443095]), 0.7854, 1.0]
[6, array([ 0.4617, -0.0104]), array([ 0.4531    , -0.01427857]), 0.7854, 1.0]
[6, array([ 0.4617, -0.0104]), array([ 0.45325238, -0.01427857]), 0.7854, 1.0]
[6, array([ 0.4617, -0.0104]), array([ 0.45340476, -0.01427857]), 0.7854, 1.0]
[6, array([ 0.4617, -0.0104]), array([ 0.45355714, -0.01427857]), 0.7854, 1.0]
[6, array([ 0.4617, -0.0104]), array([ 0.45370952, -0.01427857]), 0.7854, 1.0]
[6, array([ 0.4617, -0.0104]), array([ 0.4538619 , -0.01427857]), 0.7854, 1.0]
[6, array([ 0.4617, -0.0104]), array([ 0.45401429, -0.01427857]), 0.7854, 1.0]
[6, array([ 0.4617, -0.0104]), array([ 0.45416667, -0.01427857]), 0.7854, 1.0]
[6, array([ 0.4617, -0.0104]), array([ 0.45431905, -0.01427857]), 0.7854, 1.0]
[6, array([ 0.4617, -0.0104]), array([ 0.45447143, -0.01427857]), 0.7854, 1.0]
[6, array([ 0.4617, -0.0104]), array([ 0.45462381, -0.01427857]), 0.7854, 1.0]
[6, array([ 0.4617, -0.0104]), array([ 0.45477619, -0.01427857]), 0.7854, 1.0]
[6, array([ 0.4617, -0.0104]), array([ 0.45492857, -0.01427857]), 0.7854, 1.0]
[6, array([ 0.4617, -0.0104]), array([ 0.45508095, -0.01427857]), 0.7854, 1.0]
[6, array([ 0.4617, -0.0104]), array([ 0.45523333, -0.01427857]), 0.7854, 1.0]
[6, array([ 0.4617, -0.0104]), array([ 0.45538571, -0.01427857]), 0.7854, 1.0]
[6, array([ 0.4617, -0.0104]), array([ 0.4555381 , -0.01427857]), 0.7854, 1.0]
[6, array([ 0.4617, -0.0104]), array([ 0.45569048, -0.01427857]), 0.7854, 1.0]
[6, array([ 0.4617, -0.0104]), array([ 0.45584286, -0.01427857]), 0.7854, 1.0]
[6, array([ 0.4617, -0.0104]), array([ 0.45599524, -0.01427857]), 0.7854, 1.0]
[6, array([ 0.4617, -0.0104]), array([ 0.45614762, -0.01427857]), 0.7854, 1.0]
[6, array([ 0.4617, -0.0104]), array([ 0.4563    , -0.01427857]), 0.7854, 1.0]
[6, array([ 0.4617, -0.0104]), array([ 0.4531    , -0.01412619]), 0.7854, 1.0]
[6, array([ 0.4617, -0.0104]), array([ 0.45325238, -0.01412619]), 0.7854, 1.0]
[6, array([ 0.4617, -0.0104]), array([ 0.45340476, -0.01412619]), 0.7854, 1.0]
[6, array([ 0.4617, -0.0104]), array([ 0.45355714, -0.01412619]), 0.7854, 1.0]
[6, array([ 0.4617, -0.0104]), array([ 0.45370952, -0.01412619]), 0.7854, 1.0]
[6, array([ 0.4617, -0.0104]), array([ 0.4538619 , -0.01412619]), 0.7854, 1.0]
[6, array([ 0.4617, -0.0104]), array([ 0.45401429, -0.01412619]), 0.7854, 1.0]
[6, array([ 0.4617, -0.0104]), array([ 0.45416667, -0.01412619]), 0.7854, 1.0]
[6, array([ 0.4617, -0.0104]), array([ 0.45431905, -0.01412619]), 0.7854, 1.0]
[6, array([ 0.4617, -0.0104]), array([ 0.45447143, -0.01412619]), 0.7854, 1.0]
[6, array([ 0.4617, -0.0104]), array([ 0.45462381, -0.01412619]), 0.7854, 1.0]
[6, array([ 0.4617, -0.0104]), array([ 0.45477619, -0.01412619]), 0.7854, 1.0]
[6, array([ 0.4617, -0.0104]), array([ 0.45492857, -0.01412619]), 0.7854, 1.0]
[6, array([ 0.4617, -0.0104]), array([ 0.45508095, -0.01412619]), 0.7854, 1.0]
[6, array([ 0.4617, -0.0104]), array([ 0.45523333, -0.01412619]), 0.7854, 1.0]
[6, array([ 0.4617, -0.0104]), array([ 0.45538571, -0.01412619]), 0.7854, 1.0]
[6, array([ 0.4617, -0.0104]), array([ 0.4555381 , -0.01412619]), 0.7854, 1.0]
[6, array([ 0.4617, -0.0104]), array([ 0.45569048, -0.01412619]), 0.7854, 1.0]
[6, array([ 0.4617, -0.0104]), array([ 0.45584286, -0.01412619]), 0.7854, 1.0]
[6, array([ 0.4617, -0.0104]), array([ 0.45599524, -0.01412619]), 0.7854, 1.0]
[6, array([ 0.4617, -0.0104]), array([ 0.45614762, -0.01412619]), 0.7854, 1.0]
[6, array([ 0.4617, -0.0104]), array([ 0.4563    , -0.01412619]), 0.7854, 1.0]
[6, array([ 0.4617, -0.0104]), array([ 0.4531    , -0.01397381]), 0.7854, 1.0]
[6, array([ 0.4617, -0.0104]), array([ 0.45325238, -0.01397381]), 0.7854, 1.0]
[6, array([ 0.4617, -0.0104]), array([ 0.45340476, -0.01397381]), 0.7854, 1.0]
[6, array([ 0.4617, -0.0104]), array([ 0.45355714, -0.01397381]), 0.7854, 1.0]
[6, array([ 0.4617, -0.0104]), array([ 0.45370952, -0.01397381]), 0.7854, 1.0]
[6, array([ 0.4617, -0.0104]), array([ 0.4538619 , -0.01397381]), 0.7854, 1.0]
[6, array([ 0.4617, -0.0104]), array([ 0.45401429, -0.01397381]), 0.7854, 1.0]
[6, array([ 0.4617, -0.0104]), array([ 0.45416667, -0.01397381]), 0.7854, 1.0]
[6, array([ 0.4617, -0.0104]), array([ 0.45431905, -0.01397381]), 0.7854, 1.0]
[6, array([ 0.4617, -0.0104]), array([ 0.45447143, -0.01397381]), 0.7854, 1.0]
[6, array([ 0.4617, -0.0104]), array([ 0.45462381, -0.01397381]), 0.7854, 1.0]
[6, array([ 0.4617, -0.0104]), array([ 0.45477619, -0.01397381]), 0.7854, 1.0]
[6, array([ 0.4617, -0.0104]), array([ 0.45492857, -0.01397381]), 0.7854, 1.0]
[6, array([ 0.4617, -0.0104]), array([ 0.45508095, -0.01397381]), 0.7854, 1.0]
[6, array([ 0.4617, -0.0104]), array([ 0.45523333, -0.01397381]), 0.7854, 1.0]
[6, array([ 0.4617, -0.0104]), array([ 0.45538571, -0.01397381]), 0.7854, 1.0]
[6, array([ 0.4617, -0.0104]), array([ 0.4555381 , -0.01397381]), 0.7854, 1.0]
[6, array([ 0.4617, -0.0104]), array([ 0.45569048, -0.01397381]), 0.7854, 1.0]
[6, array([ 0.4617, -0.0104]), array([ 0.45584286, -0.01397381]), 0.7854, 1.0]
[6, array([ 0.4617, -0.0104]), array([ 0.45599524, -0.01397381]), 0.7854, 1.0]
[6, array([ 0.4617, -0.0104]), array([ 0.45614762, -0.01397381]), 0.7854, 1.0]
[6, array([ 0.4617, -0.0104]), array([ 0.4563    , -0.01397381]), 0.7854, 1.0]
[6, array([ 0.4617, -0.0104]), array([ 0.4531    , -0.01382143]), 0.7854, 1.0]
[6, array([ 0.4617, -0.0104]), array([ 0.45325238, -0.01382143]), 0.7854, 1.0]
[6, array([ 0.4617, -0.0104]), array([ 0.45340476, -0.01382143]), 0.7854, 1.0]
[6, array([ 0.4617, -0.0104]), array([ 0.45355714, -0.01382143]), 0.7854, 1.0]
[6, array([ 0.4617, -0.0104]), array([ 0.45370952, -0.01382143]), 0.7854, 1.0]
[6, array([ 0.4617, -0.0104]), array([ 0.4538619 , -0.01382143]), 0.7854, 1.0]
[6, array([ 0.4617, -0.0104]), array([ 0.45401429, -0.01382143]), 0.7854, 1.0]
[6, array([ 0.4617, -0.0104]), array([ 0.45416667, -0.01382143]), 0.7854, 1.0]
[6, array([ 0.4617, -0.0104]), array([ 0.45431905, -0.01382143]), 0.7854, 1.0]
[6, array([ 0.4617, -0.0104]), array([ 0.45447143, -0.01382143]), 0.7854, 1.0]
[6, array([ 0.4617, -0.0104]), array([ 0.45462381, -0.01382143]), 0.7854, 1.0]
[6, array([ 0.4617, -0.0104]), array([ 0.45477619, -0.01382143]), 0.7854, 1.0]
[6, array([ 0.4617, -0.0104]), array([ 0.45492857, -0.01382143]), 0.7854, 1.0]
[6, array([ 0.4617, -0.0104]), array([ 0.45508095, -0.01382143]), 0.7854, 1.0]
[6, array([ 0.4617, -0.0104]), array([ 0.45523333, -0.01382143]), 0.7854, 1.0]
[6, array([ 0.4617, -0.0104]), array([ 0.45538571, -0.01382143]), 0.7854, 1.0]
[6, array([ 0.4617, -0.0104]), array([ 0.4555381 , -0.01382143]), 0.7854, 1.0]
[6, array([ 0.4617, -0.0104]), array([ 0.45569048, -0.01382143]), 0.7854, 1.0]
[6, array([ 0.4617, -0.0104]), array([ 0.45584286, -0.01382143]), 0.7854, 1.0]
[6, array([ 0.4617, -0.0104]), array([ 0.45599524, -0.01382143]), 0.7854, 1.0]
[6, array([ 0.4617, -0.0104]), array([ 0.45614762, -0.01382143]), 0.7854, 1.0]
[6, array([ 0.4617, -0.0104]), array([ 0.4563    , -0.01382143]), 0.7854, 1.0]
[6, array([ 0.4617, -0.0104]), array([ 0.4531    , -0.01366905]), 0.7854, 1.0]
[6, array([ 0.4617, -0.0104]), array([ 0.45325238, -0.01366905]), 0.7854, 1.0]
[6, array([ 0.4617, -0.0104]), array([ 0.45340476, -0.01366905]), 0.7854, 1.0]
[6, array([ 0.4617, -0.0104]), array([ 0.45355714, -0.01366905]), 0.7854, 1.0]
[6, array([ 0.4617, -0.0104]), array([ 0.45370952, -0.01366905]), 0.7854, 1.0]
[6, array([ 0.4617, -0.0104]), array([ 0.4538619 , -0.01366905]), 0.7854, 1.0]
[6, array([ 0.4617, -0.0104]), array([ 0.45401429, -0.01366905]), 0.7854, 1.0]
[6, array([ 0.4617, -0.0104]), array([ 0.45416667, -0.01366905]), 0.7854, 1.0]
[6, array([ 0.4617, -0.0104]), array([ 0.45431905, -0.01366905]), 0.7854, 1.0]
[6, array([ 0.4617, -0.0104]), array([ 0.45447143, -0.01366905]), 0.7854, 1.0]
[6, array([ 0.4617, -0.0104]), array([ 0.45462381, -0.01366905]), 0.7854, 1.0]
[6, array([ 0.4617, -0.0104]), array([ 0.45477619, -0.01366905]), 0.7854, 1.0]
[6, array([ 0.4617, -0.0104]), array([ 0.45492857, -0.01366905]), 0.7854, 1.0]
[6, array([ 0.4617, -0.0104]), array([ 0.45508095, -0.01366905]), 0.7854, 1.0]
[6, array([ 0.4617, -0.0104]), array([ 0.45523333, -0.01366905]), 0.7854, 1.0]
[6, array([ 0.4617, -0.0104]), array([ 0.45538571, -0.01366905]), 0.7854, 1.0]
[6, array([ 0.4617, -0.0104]), array([ 0.4555381 , -0.01366905]), 0.7854, 1.0]
[6, array([ 0.4617, -0.0104]), array([ 0.45569048, -0.01366905]), 0.7854, 1.0]
[6, array([ 0.4617, -0.0104]), array([ 0.45584286, -0.01366905]), 0.7854, 1.0]
[6, array([ 0.4617, -0.0104]), array([ 0.45599524, -0.01366905]), 0.7854, 1.0]
[6, array([ 0.4617, -0.0104]), array([ 0.45614762, -0.01366905]), 0.7854, 1.0]
[6, array([ 0.4617, -0.0104]), array([ 0.4563    , -0.01366905]), 0.7854, 1.0]
[6, array([ 0.4617, -0.0104]), array([ 0.4531    , -0.01351667]), 0.7854, 1.0]
[6, array([ 0.4617, -0.0104]), array([ 0.45325238, -0.01351667]), 0.7854, 1.0]
[6, array([ 0.4617, -0.0104]), array([ 0.45340476, -0.01351667]), 0.7854, 1.0]
[6, array([ 0.4617, -0.0104]), array([ 0.45355714, -0.01351667]), 0.7854, 1.0]
[6, array([ 0.4617, -0.0104]), array([ 0.45370952, -0.01351667]), 0.7854, 1.0]
[6, array([ 0.4617, -0.0104]), array([ 0.4538619 , -0.01351667]), 0.7854, 1.0]
[6, array([ 0.4617, -0.0104]), array([ 0.45401429, -0.01351667]), 0.7854, 1.0]
[6, array([ 0.4617, -0.0104]), array([ 0.45416667, -0.01351667]), 0.7854, 1.0]
[6, array([ 0.4617, -0.0104]), array([ 0.45431905, -0.01351667]), 0.7854, 1.0]
[6, array([ 0.4617, -0.0104]), array([ 0.45447143, -0.01351667]), 0.7854, 1.0]
[6, array([ 0.4617, -0.0104]), array([ 0.45462381, -0.01351667]), 0.7854, 1.0]
[6, array([ 0.4617, -0.0104]), array([ 0.45477619, -0.01351667]), 0.7854, 1.0]
[6, array([ 0.4617, -0.0104]), array([ 0.45492857, -0.01351667]), 0.7854, 1.0]
[6, array([ 0.4617, -0.0104]), array([ 0.45508095, -0.01351667]), 0.7854, 1.0]
[6, array([ 0.4617, -0.0104]), array([ 0.45523333, -0.01351667]), 0.7854, 1.0]
[6, array([ 0.4617, -0.0104]), array([ 0.45538571, -0.01351667]), 0.7854, 1.0]
[6, array([ 0.4617, -0.0104]), array([ 0.4555381 , -0.01351667]), 0.7854, 1.0]
[6, array([ 0.4617, -0.0104]), array([ 0.45569048, -0.01351667]), 0.7854, 1.0]
[6, array([ 0.4617, -0.0104]), array([ 0.45584286, -0.01351667]), 0.7854, 1.0]
[6, array([ 0.4617, -0.0104]), array([ 0.45599524, -0.01351667]), 0.7854, 1.0]
[6, array([ 0.4617, -0.0104]), array([ 0.45614762, -0.01351667]), 0.7854, 1.0]
[6, array([ 0.4617, -0.0104]), array([ 0.4563    , -0.01351667]), 0.7854, 1.0]
[6, array([ 0.4617, -0.0104]), array([ 0.4531    , -0.01336429]), 0.7854, 1.0]
[6, array([ 0.4617, -0.0104]), array([ 0.45325238, -0.01336429]), 0.7854, 1.0]
[6, array([ 0.4617, -0.0104]), array([ 0.45340476, -0.01336429]), 0.7854, 1.0]
[6, array([ 0.4617, -0.0104]), array([ 0.45355714, -0.01336429]), 0.7854, 1.0]
[6, array([ 0.4617, -0.0104]), array([ 0.45370952, -0.01336429]), 0.7854, 1.0]
[6, array([ 0.4617, -0.0104]), array([ 0.4538619 , -0.01336429]), 0.7854, 1.0]
[6, array([ 0.4617, -0.0104]), array([ 0.45401429, -0.01336429]), 0.7854, 1.0]
[6, array([ 0.4617, -0.0104]), array([ 0.45416667, -0.01336429]), 0.7854, 1.0]
[6, array([ 0.4617, -0.0104]), array([ 0.45431905, -0.01336429]), 0.7854, 1.0]
[6, array([ 0.4617, -0.0104]), array([ 0.45447143, -0.01336429]), 0.7854, 1.0]
[6, array([ 0.4617, -0.0104]), array([ 0.45462381, -0.01336429]), 0.7854, 1.0]
[6, array([ 0.4617, -0.0104]), array([ 0.45477619, -0.01336429]), 0.7854, 1.0]
[6, array([ 0.4617, -0.0104]), array([ 0.45492857, -0.01336429]), 0.7854, 1.0]
[6, array([ 0.4617, -0.0104]), array([ 0.45508095, -0.01336429]), 0.7854, 1.0]
[6, array([ 0.4617, -0.0104]), array([ 0.45523333, -0.01336429]), 0.7854, 1.0]
[6, array([ 0.4617, -0.0104]), array([ 0.45538571, -0.01336429]), 0.7854, 1.0]
[6, array([ 0.4617, -0.0104]), array([ 0.4555381 , -0.01336429]), 0.7854, 1.0]
[6, array([ 0.4617, -0.0104]), array([ 0.45569048, -0.01336429]), 0.7854, 1.0]
[6, array([ 0.4617, -0.0104]), array([ 0.45584286, -0.01336429]), 0.7854, 1.0]
[6, array([ 0.4617, -0.0104]), array([ 0.45599524, -0.01336429]), 0.7854, 1.0]
[6, array([ 0.4617, -0.0104]), array([ 0.45614762, -0.01336429]), 0.7854, 1.0]
[6, array([ 0.4617, -0.0104]), array([ 0.4563    , -0.01336429]), 0.7854, 1.0]
[6, array([ 0.4617, -0.0104]), array([ 0.4531   , -0.0132119]), 0.7854, 1.0]
[6, array([ 0.4617, -0.0104]), array([ 0.45325238, -0.0132119 ]), 0.7854, 1.0]
[6, array([ 0.4617, -0.0104]), array([ 0.45340476, -0.0132119 ]), 0.7854, 1.0]
[6, array([ 0.4617, -0.0104]), array([ 0.45355714, -0.0132119 ]), 0.7854, 1.0]
[6, array([ 0.4617, -0.0104]), array([ 0.45370952, -0.0132119 ]), 0.7854, 1.0]
[6, array([ 0.4617, -0.0104]), array([ 0.4538619, -0.0132119]), 0.7854, 1.0]
[6, array([ 0.4617, -0.0104]), array([ 0.45401429, -0.0132119 ]), 0.7854, 1.0]
[6, array([ 0.4617, -0.0104]), array([ 0.45416667, -0.0132119 ]), 0.7854, 1.0]
[6, array([ 0.4617, -0.0104]), array([ 0.45431905, -0.0132119 ]), 0.7854, 1.0]
[6, array([ 0.4617, -0.0104]), array([ 0.45447143, -0.0132119 ]), 0.7854, 1.0]
[6, array([ 0.4617, -0.0104]), array([ 0.45462381, -0.0132119 ]), 0.7854, 1.0]
[6, array([ 0.4617, -0.0104]), array([ 0.45477619, -0.0132119 ]), 0.7854, 1.0]
[6, array([ 0.4617, -0.0104]), array([ 0.45492857, -0.0132119 ]), 0.7854, 1.0]
[6, array([ 0.4617, -0.0104]), array([ 0.45508095, -0.0132119 ]), 0.7854, 1.0]
[6, array([ 0.4617, -0.0104]), array([ 0.45523333, -0.0132119 ]), 0.7854, 1.0]
[6, array([ 0.4617, -0.0104]), array([ 0.45538571, -0.0132119 ]), 0.7854, 1.0]
[6, array([ 0.4617, -0.0104]), array([ 0.4555381, -0.0132119]), 0.7854, 1.0]
[6, array([ 0.4617, -0.0104]), array([ 0.45569048, -0.0132119 ]), 0.7854, 1.0]
[6, array([ 0.4617, -0.0104]), array([ 0.45584286, -0.0132119 ]), 0.7854, 1.0]
[6, array([ 0.4617, -0.0104]), array([ 0.45599524, -0.0132119 ]), 0.7854, 1.0]
[6, array([ 0.4617, -0.0104]), array([ 0.45614762, -0.0132119 ]), 0.7854, 1.0]
[6, array([ 0.4617, -0.0104]), array([ 0.4563   , -0.0132119]), 0.7854, 1.0]
[6, array([ 0.4617, -0.0104]), array([ 0.4531    , -0.01305952]), 0.7854, 1.0]
[6, array([ 0.4617, -0.0104]), array([ 0.45325238, -0.01305952]), 0.7854, 1.0]
[6, array([ 0.4617, -0.0104]), array([ 0.45340476, -0.01305952]), 0.7854, 1.0]
[6, array([ 0.4617, -0.0104]), array([ 0.45355714, -0.01305952]), 0.7854, 1.0]
[6, array([ 0.4617, -0.0104]), array([ 0.45370952, -0.01305952]), 0.7854, 1.0]
[6, array([ 0.4617, -0.0104]), array([ 0.4538619 , -0.01305952]), 0.7854, 1.0]
[6, array([ 0.4617, -0.0104]), array([ 0.45401429, -0.01305952]), 0.7854, 1.0]
[6, array([ 0.4617, -0.0104]), array([ 0.45416667, -0.01305952]), 0.7854, 1.0]
[6, array([ 0.4617, -0.0104]), array([ 0.45431905, -0.01305952]), 0.7854, 1.0]
[6, array([ 0.4617, -0.0104]), array([ 0.45447143, -0.01305952]), 0.7854, 1.0]
[6, array([ 0.4617, -0.0104]), array([ 0.45462381, -0.01305952]), 0.7854, 1.0]
[6, array([ 0.4617, -0.0104]), array([ 0.45477619, -0.01305952]), 0.7854, 1.0]
[6, array([ 0.4617, -0.0104]), array([ 0.45492857, -0.01305952]), 0.7854, 1.0]
[6, array([ 0.4617, -0.0104]), array([ 0.45508095, -0.01305952]), 0.7854, 1.0]
[6, array([ 0.4617, -0.0104]), array([ 0.45523333, -0.01305952]), 0.7854, 1.0]
[6, array([ 0.4617, -0.0104]), array([ 0.45538571, -0.01305952]), 0.7854, 1.0]
[6, array([ 0.4617, -0.0104]), array([ 0.4555381 , -0.01305952]), 0.7854, 1.0]
[6, array([ 0.4617, -0.0104]), array([ 0.45569048, -0.01305952]), 0.7854, 1.0]
[6, array([ 0.4617, -0.0104]), array([ 0.45584286, -0.01305952]), 0.7854, 1.0]
[6, array([ 0.4617, -0.0104]), array([ 0.45599524, -0.01305952]), 0.7854, 1.0]
[6, array([ 0.4617, -0.0104]), array([ 0.45614762, -0.01305952]), 0.7854, 1.0]
[6, array([ 0.4617, -0.0104]), array([ 0.4563    , -0.01305952]), 0.7854, 1.0]
[6, array([ 0.4617, -0.0104]), array([ 0.4531    , -0.01290714]), 0.7854, 1.0]
[6, array([ 0.4617, -0.0104]), array([ 0.45325238, -0.01290714]), 0.7854, 1.0]
[6, array([ 0.4617, -0.0104]), array([ 0.45340476, -0.01290714]), 0.7854, 1.0]
[6, array([ 0.4617, -0.0104]), array([ 0.45355714, -0.01290714]), 0.7854, 1.0]
[6, array([ 0.4617, -0.0104]), array([ 0.45370952, -0.01290714]), 0.7854, 1.0]
[6, array([ 0.4617, -0.0104]), array([ 0.4538619 , -0.01290714]), 0.7854, 1.0]
[6, array([ 0.4617, -0.0104]), array([ 0.45401429, -0.01290714]), 0.7854, 1.0]
[6, array([ 0.4617, -0.0104]), array([ 0.45416667, -0.01290714]), 0.7854, 1.0]
[6, array([ 0.4617, -0.0104]), array([ 0.45431905, -0.01290714]), 0.7854, 1.0]
[6, array([ 0.4617, -0.0104]), array([ 0.45447143, -0.01290714]), 0.7854, 1.0]
[6, array([ 0.4617, -0.0104]), array([ 0.45462381, -0.01290714]), 0.7854, 1.0]
[6, array([ 0.4617, -0.0104]), array([ 0.45477619, -0.01290714]), 0.7854, 1.0]
[6, array([ 0.4617, -0.0104]), array([ 0.45492857, -0.01290714]), 0.7854, 1.0]
[6, array([ 0.4617, -0.0104]), array([ 0.45508095, -0.01290714]), 0.7854, 1.0]
[6, array([ 0.4617, -0.0104]), array([ 0.45523333, -0.01290714]), 0.7854, 1.0]
[6, array([ 0.4617, -0.0104]), array([ 0.45538571, -0.01290714]), 0.7854, 1.0]
[6, array([ 0.4617, -0.0104]), array([ 0.4555381 , -0.01290714]), 0.7854, 1.0]
[6, array([ 0.4617, -0.0104]), array([ 0.45569048, -0.01290714]), 0.7854, 1.0]
[6, array([ 0.4617, -0.0104]), array([ 0.45584286, -0.01290714]), 0.7854, 1.0]
[6, array([ 0.4617, -0.0104]), array([ 0.45599524, -0.01290714]), 0.7854, 1.0]
[6, array([ 0.4617, -0.0104]), array([ 0.45614762, -0.01290714]), 0.7854, 1.0]
[6, array([ 0.4617, -0.0104]), array([ 0.4563    , -0.01290714]), 0.7854, 1.0]
[6, array([ 0.4617, -0.0104]), array([ 0.4531    , -0.01275476]), 0.7854, 1.0]
[6, array([ 0.4617, -0.0104]), array([ 0.45325238, -0.01275476]), 0.7854, 1.0]
[6, array([ 0.4617, -0.0104]), array([ 0.45340476, -0.01275476]), 0.7854, 1.0]
[6, array([ 0.4617, -0.0104]), array([ 0.45355714, -0.01275476]), 0.7854, 1.0]
[6, array([ 0.4617, -0.0104]), array([ 0.45370952, -0.01275476]), 0.7854, 1.0]
[6, array([ 0.4617, -0.0104]), array([ 0.4538619 , -0.01275476]), 0.7854, 1.0]
[6, array([ 0.4617, -0.0104]), array([ 0.45401429, -0.01275476]), 0.7854, 1.0]
[6, array([ 0.4617, -0.0104]), array([ 0.45416667, -0.01275476]), 0.7854, 1.0]
[6, array([ 0.4617, -0.0104]), array([ 0.45431905, -0.01275476]), 0.7854, 1.0]
[6, array([ 0.4617, -0.0104]), array([ 0.45447143, -0.01275476]), 0.7854, 1.0]
[6, array([ 0.4617, -0.0104]), array([ 0.45462381, -0.01275476]), 0.7854, 1.0]
[6, array([ 0.4617, -0.0104]), array([ 0.45477619, -0.01275476]), 0.7854, 1.0]
[6, array([ 0.4617, -0.0104]), array([ 0.45492857, -0.01275476]), 0.7854, 1.0]
[6, array([ 0.4617, -0.0104]), array([ 0.45508095, -0.01275476]), 0.7854, 1.0]
[6, array([ 0.4617, -0.0104]), array([ 0.45523333, -0.01275476]), 0.7854, 1.0]
[6, array([ 0.4617, -0.0104]), array([ 0.45538571, -0.01275476]), 0.7854, 1.0]
[6, array([ 0.4617, -0.0104]), array([ 0.4555381 , -0.01275476]), 0.7854, 1.0]
[6, array([ 0.4617, -0.0104]), array([ 0.45569048, -0.01275476]), 0.7854, 1.0]
[6, array([ 0.4617, -0.0104]), array([ 0.45584286, -0.01275476]), 0.7854, 1.0]
[6, array([ 0.4617, -0.0104]), array([ 0.45599524, -0.01275476]), 0.7854, 1.0]
[6, array([ 0.4617, -0.0104]), array([ 0.45614762, -0.01275476]), 0.7854, 1.0]
[6, array([ 0.4617, -0.0104]), array([ 0.4563    , -0.01275476]), 0.7854, 1.0]
[6, array([ 0.4617, -0.0104]), array([ 0.4531    , -0.01260238]), 0.7854, 1.0]
[6, array([ 0.4617, -0.0104]), array([ 0.45325238, -0.01260238]), 0.7854, 1.0]
[6, array([ 0.4617, -0.0104]), array([ 0.45340476, -0.01260238]), 0.7854, 1.0]
[6, array([ 0.4617, -0.0104]), array([ 0.45355714, -0.01260238]), 0.7854, 1.0]
[6, array([ 0.4617, -0.0104]), array([ 0.45370952, -0.01260238]), 0.7854, 1.0]
[6, array([ 0.4617, -0.0104]), array([ 0.4538619 , -0.01260238]), 0.7854, 1.0]
[6, array([ 0.4617, -0.0104]), array([ 0.45401429, -0.01260238]), 0.7854, 1.0]
[6, array([ 0.4617, -0.0104]), array([ 0.45416667, -0.01260238]), 0.7854, 1.0]
[6, array([ 0.4617, -0.0104]), array([ 0.45431905, -0.01260238]), 0.7854, 1.0]
[6, array([ 0.4617, -0.0104]), array([ 0.45447143, -0.01260238]), 0.7854, 1.0]
[6, array([ 0.4617, -0.0104]), array([ 0.45462381, -0.01260238]), 0.7854, 1.0]
[6, array([ 0.4617, -0.0104]), array([ 0.45477619, -0.01260238]), 0.7854, 1.0]
[6, array([ 0.4617, -0.0104]), array([ 0.45492857, -0.01260238]), 0.7854, 1.0]
[6, array([ 0.4617, -0.0104]), array([ 0.45508095, -0.01260238]), 0.7854, 1.0]
[6, array([ 0.4617, -0.0104]), array([ 0.45523333, -0.01260238]), 0.7854, 1.0]
[6, array([ 0.4617, -0.0104]), array([ 0.45538571, -0.01260238]), 0.7854, 1.0]
[6, array([ 0.4617, -0.0104]), array([ 0.4555381 , -0.01260238]), 0.7854, 1.0]
[6, array([ 0.4617, -0.0104]), array([ 0.45569048, -0.01260238]), 0.7854, 1.0]
[6, array([ 0.4617, -0.0104]), array([ 0.45584286, -0.01260238]), 0.7854, 1.0]
[6, array([ 0.4617, -0.0104]), array([ 0.45599524, -0.01260238]), 0.7854, 1.0]
[6, array([ 0.4617, -0.0104]), array([ 0.45614762, -0.01260238]), 0.7854, 1.0]
[6, array([ 0.4617, -0.0104]), array([ 0.4563    , -0.01260238]), 0.7854, 1.0]
[6, array([ 0.4617, -0.0104]), array([ 0.4531 , -0.01245]), 0.7854, 1.0]
[6, array([ 0.4617, -0.0104]), array([ 0.45325238, -0.01245   ]), 0.7854, 1.0]
[6, array([ 0.4617, -0.0104]), array([ 0.45340476, -0.01245   ]), 0.7854, 1.0]
[6, array([ 0.4617, -0.0104]), array([ 0.45355714, -0.01245   ]), 0.7854, 1.0]
[6, array([ 0.4617, -0.0104]), array([ 0.45370952, -0.01245   ]), 0.7854, 1.0]
[6, array([ 0.4617, -0.0104]), array([ 0.4538619, -0.01245  ]), 0.7854, 1.0]
[6, array([ 0.4617, -0.0104]), array([ 0.45401429, -0.01245   ]), 0.7854, 1.0]
[6, array([ 0.4617, -0.0104]), array([ 0.45416667, -0.01245   ]), 0.7854, 1.0]
[6, array([ 0.4617, -0.0104]), array([ 0.45431905, -0.01245   ]), 0.7854, 1.0]
[6, array([ 0.4617, -0.0104]), array([ 0.45447143, -0.01245   ]), 0.7854, 1.0]
[6, array([ 0.4617, -0.0104]), array([ 0.45462381, -0.01245   ]), 0.7854, 1.0]
[6, array([ 0.4617, -0.0104]), array([ 0.45477619, -0.01245   ]), 0.7854, 1.0]
[6, array([ 0.4617, -0.0104]), array([ 0.45492857, -0.01245   ]), 0.7854, 1.0]
[6, array([ 0.4617, -0.0104]), array([ 0.45508095, -0.01245   ]), 0.7854, 1.0]
[6, array([ 0.4617, -0.0104]), array([ 0.45523333, -0.01245   ]), 0.7854, 1.0]
[6, array([ 0.4617, -0.0104]), array([ 0.45538571, -0.01245   ]), 0.7854, 1.0]
[6, array([ 0.4617, -0.0104]), array([ 0.4555381, -0.01245  ]), 0.7854, 1.0]
[6, array([ 0.4617, -0.0104]), array([ 0.45569048, -0.01245   ]), 0.7854, 1.0]
[6, array([ 0.4617, -0.0104]), array([ 0.45584286, -0.01245   ]), 0.7854, 1.0]
[6, array([ 0.4617, -0.0104]), array([ 0.45599524, -0.01245   ]), 0.7854, 1.0]
[6, array([ 0.4617, -0.0104]), array([ 0.45614762, -0.01245   ]), 0.7854, 1.0]
[6, array([ 0.4617, -0.0104]), array([ 0.4563 , -0.01245]), 0.7854, 1.0]
[3, array([ 0.4808, -0.0039]), array([ 0.4781 , -0.00625]), 0.7854, 0.0]
[3, array([ 0.4808, -0.0039]), array([ 0.47825238, -0.00625   ]), 0.7854, 0.0]
[3, array([ 0.4808, -0.0039]), array([ 0.47840476, -0.00625   ]), 0.7854, 0.0]
[3, array([ 0.4808, -0.0039]), array([ 0.47855714, -0.00625   ]), 0.7854, 0.0]
[3, array([ 0.4808, -0.0039]), array([ 0.47870952, -0.00625   ]), 0.7854, 0.0]
[3, array([ 0.4808, -0.0039]), array([ 0.4788619, -0.00625  ]), 0.7854, 0.0]
[3, array([ 0.4808, -0.0039]), array([ 0.47901429, -0.00625   ]), 0.7854, 0.0]
[3, array([ 0.4808, -0.0039]), array([ 0.47916667, -0.00625   ]), 0.7854, 0.0]
[3, array([ 0.4808, -0.0039]), array([ 0.47931905, -0.00625   ]), 0.7854, 0.0]
[3, array([ 0.4808, -0.0039]), array([ 0.47947143, -0.00625   ]), 0.7854, 0.0]
[3, array([ 0.4808, -0.0039]), array([ 0.47962381, -0.00625   ]), 0.7854, 0.0]
[3, array([ 0.4808, -0.0039]), array([ 0.47977619, -0.00625   ]), 0.7854, 0.0]
[3, array([ 0.4808, -0.0039]), array([ 0.47992857, -0.00625   ]), 0.7854, 0.0]
[3, array([ 0.4808, -0.0039]), array([ 0.48008095, -0.00625   ]), 0.7854, 0.0]
[3, array([ 0.4808, -0.0039]), array([ 0.48023333, -0.00625   ]), 0.7854, 0.0]
[3, array([ 0.4808, -0.0039]), array([ 0.48038571, -0.00625   ]), 0.7854, 0.0]
[3, array([ 0.4808, -0.0039]), array([ 0.4805381, -0.00625  ]), 0.7854, 0.0]
[3, array([ 0.4808, -0.0039]), array([ 0.48069048, -0.00625   ]), 0.7854, 0.0]
[3, array([ 0.4808, -0.0039]), array([ 0.48084286, -0.00625   ]), 0.7854, 0.0]
[3, array([ 0.4808, -0.0039]), array([ 0.48099524, -0.00625   ]), 0.7854, 0.0]
[3, array([ 0.4808, -0.0039]), array([ 0.48114762, -0.00625   ]), 0.7854, 0.0]
[3, array([ 0.4808, -0.0039]), array([ 0.4813 , -0.00625]), 0.7854, 0.0]
[3, array([ 0.4808, -0.0039]), array([ 0.4781    , -0.00609762]), 0.7854, 0.0]
[3, array([ 0.4808, -0.0039]), array([ 0.47825238, -0.00609762]), 0.7854, 0.0]
[3, array([ 0.4808, -0.0039]), array([ 0.47840476, -0.00609762]), 0.7854, 0.0]
[3, array([ 0.4808, -0.0039]), array([ 0.47855714, -0.00609762]), 0.7854, 0.0]
[3, array([ 0.4808, -0.0039]), array([ 0.47870952, -0.00609762]), 0.7854, 0.0]
[3, array([ 0.4808, -0.0039]), array([ 0.4788619 , -0.00609762]), 0.7854, 0.0]
[3, array([ 0.4808, -0.0039]), array([ 0.47901429, -0.00609762]), 0.7854, 0.0]
[3, array([ 0.4808, -0.0039]), array([ 0.47916667, -0.00609762]), 0.7854, 0.0]
[3, array([ 0.4808, -0.0039]), array([ 0.47931905, -0.00609762]), 0.7854, 0.0]
[3, array([ 0.4808, -0.0039]), array([ 0.47947143, -0.00609762]), 0.7854, 0.0]
[3, array([ 0.4808, -0.0039]), array([ 0.47962381, -0.00609762]), 0.7854, 1.0]
[3, array([ 0.4808, -0.0039]), array([ 0.47977619, -0.00609762]), 0.7854, 0.0]
[3, array([ 0.4808, -0.0039]), array([ 0.47992857, -0.00609762]), 0.7854, 0.0]
[3, array([ 0.4808, -0.0039]), array([ 0.48008095, -0.00609762]), 0.7854, 0.0]
[3, array([ 0.4808, -0.0039]), array([ 0.48023333, -0.00609762]), 0.7854, 0.0]
[3, array([ 0.4808, -0.0039]), array([ 0.48038571, -0.00609762]), 0.7854, 0.0]
[3, array([ 0.4808, -0.0039]), array([ 0.4805381 , -0.00609762]), 0.7854, 0.0]
[3, array([ 0.4808, -0.0039]), array([ 0.48069048, -0.00609762]), 0.7854, 0.0]
[3, array([ 0.4808, -0.0039]), array([ 0.48084286, -0.00609762]), 0.7854, 0.0]
[3, array([ 0.4808, -0.0039]), array([ 0.48099524, -0.00609762]), 0.7854, 0.0]
[3, array([ 0.4808, -0.0039]), array([ 0.48114762, -0.00609762]), 0.7854, 0.0]
[3, array([ 0.4808, -0.0039]), array([ 0.4813    , -0.00609762]), 0.7854, 0.0]
[3, array([ 0.4808, -0.0039]), array([ 0.4781    , -0.00594524]), 0.7854, 0.0]
[3, array([ 0.4808, -0.0039]), array([ 0.47825238, -0.00594524]), 0.7854, 0.0]
[3, array([ 0.4808, -0.0039]), array([ 0.47840476, -0.00594524]), 0.7854, 0.0]
[3, array([ 0.4808, -0.0039]), array([ 0.47855714, -0.00594524]), 0.7854, 0.0]
[3, array([ 0.4808, -0.0039]), array([ 0.47870952, -0.00594524]), 0.7854, 0.0]
[3, array([ 0.4808, -0.0039]), array([ 0.4788619 , -0.00594524]), 0.7854, 0.0]
[3, array([ 0.4808, -0.0039]), array([ 0.47901429, -0.00594524]), 0.7854, 0.0]
[3, array([ 0.4808, -0.0039]), array([ 0.47916667, -0.00594524]), 0.7854, 0.0]
[3, array([ 0.4808, -0.0039]), array([ 0.47931905, -0.00594524]), 0.7854, 1.0]
[3, array([ 0.4808, -0.0039]), array([ 0.47947143, -0.00594524]), 0.7854, 1.0]
[3, array([ 0.4808, -0.0039]), array([ 0.47962381, -0.00594524]), 0.7854, 1.0]
[3, array([ 0.4808, -0.0039]), array([ 0.47977619, -0.00594524]), 0.7854, 1.0]
[3, array([ 0.4808, -0.0039]), array([ 0.47992857, -0.00594524]), 0.7854, 0.0]
[3, array([ 0.4808, -0.0039]), array([ 0.48008095, -0.00594524]), 0.7854, 0.0]
[3, array([ 0.4808, -0.0039]), array([ 0.48023333, -0.00594524]), 0.7854, 0.0]
[3, array([ 0.4808, -0.0039]), array([ 0.48038571, -0.00594524]), 0.7854, 0.0]
[3, array([ 0.4808, -0.0039]), array([ 0.4805381 , -0.00594524]), 0.7854, 0.0]
[3, array([ 0.4808, -0.0039]), array([ 0.48069048, -0.00594524]), 0.7854, 0.0]
[3, array([ 0.4808, -0.0039]), array([ 0.48084286, -0.00594524]), 0.7854, 0.0]
[3, array([ 0.4808, -0.0039]), array([ 0.48099524, -0.00594524]), 0.7854, 0.0]
[3, array([ 0.4808, -0.0039]), array([ 0.48114762, -0.00594524]), 0.7854, 0.0]
[3, array([ 0.4808, -0.0039]), array([ 0.4813    , -0.00594524]), 0.7854, 0.0]
[3, array([ 0.4808, -0.0039]), array([ 0.4781    , -0.00579286]), 0.7854, 0.0]
[3, array([ 0.4808, -0.0039]), array([ 0.47825238, -0.00579286]), 0.7854, 0.0]
[3, array([ 0.4808, -0.0039]), array([ 0.47840476, -0.00579286]), 0.7854, 0.0]
[3, array([ 0.4808, -0.0039]), array([ 0.47855714, -0.00579286]), 0.7854, 0.0]
[3, array([ 0.4808, -0.0039]), array([ 0.47870952, -0.00579286]), 0.7854, 0.0]
[3, array([ 0.4808, -0.0039]), array([ 0.4788619 , -0.00579286]), 0.7854, 0.0]
[3, array([ 0.4808, -0.0039]), array([ 0.47901429, -0.00579286]), 0.7854, 0.0]
[3, array([ 0.4808, -0.0039]), array([ 0.47916667, -0.00579286]), 0.7854, 0.0]
[3, array([ 0.4808, -0.0039]), array([ 0.47931905, -0.00579286]), 0.7854, 1.0]
[3, array([ 0.4808, -0.0039]), array([ 0.47947143, -0.00579286]), 0.7854, 1.0]
[3, array([ 0.4808, -0.0039]), array([ 0.47962381, -0.00579286]), 0.7854, 0.0]
[3, array([ 0.4808, -0.0039]), array([ 0.47977619, -0.00579286]), 0.7854, 0.0]
[3, array([ 0.4808, -0.0039]), array([ 0.47992857, -0.00579286]), 0.7854, 0.0]
[3, array([ 0.4808, -0.0039]), array([ 0.48008095, -0.00579286]), 0.7854, 0.0]
[3, array([ 0.4808, -0.0039]), array([ 0.48023333, -0.00579286]), 0.7854, 0.0]
[3, array([ 0.4808, -0.0039]), array([ 0.48038571, -0.00579286]), 0.7854, 0.0]
[3, array([ 0.4808, -0.0039]), array([ 0.4805381 , -0.00579286]), 0.7854, 0.0]
[3, array([ 0.4808, -0.0039]), array([ 0.48069048, -0.00579286]), 0.7854, 0.0]
[3, array([ 0.4808, -0.0039]), array([ 0.48084286, -0.00579286]), 0.7854, 0.0]
[3, array([ 0.4808, -0.0039]), array([ 0.48099524, -0.00579286]), 0.7854, 0.0]
[3, array([ 0.4808, -0.0039]), array([ 0.48114762, -0.00579286]), 0.7854, 0.0]
[3, array([ 0.4808, -0.0039]), array([ 0.4813    , -0.00579286]), 0.7854, 0.0]
[3, array([ 0.4808, -0.0039]), array([ 0.4781    , -0.00564048]), 0.7854, 0.0]
[3, array([ 0.4808, -0.0039]), array([ 0.47825238, -0.00564048]), 0.7854, 0.0]
[3, array([ 0.4808, -0.0039]), array([ 0.47840476, -0.00564048]), 0.7854, 0.0]
[3, array([ 0.4808, -0.0039]), array([ 0.47855714, -0.00564048]), 0.7854, 0.0]
[3, array([ 0.4808, -0.0039]), array([ 0.47870952, -0.00564048]), 0.7854, 0.0]
[3, array([ 0.4808, -0.0039]), array([ 0.4788619 , -0.00564048]), 0.7854, 0.0]
[3, array([ 0.4808, -0.0039]), array([ 0.47901429, -0.00564048]), 0.7854, 0.0]
[3, array([ 0.4808, -0.0039]), array([ 0.47916667, -0.00564048]), 0.7854, 0.0]
[3, array([ 0.4808, -0.0039]), array([ 0.47931905, -0.00564048]), 0.7854, 0.0]
[3, array([ 0.4808, -0.0039]), array([ 0.47947143, -0.00564048]), 0.7854, 1.0]
[3, array([ 0.4808, -0.0039]), array([ 0.47962381, -0.00564048]), 0.7854, 0.0]
[3, array([ 0.4808, -0.0039]), array([ 0.47977619, -0.00564048]), 0.7854, 0.0]
[3, array([ 0.4808, -0.0039]), array([ 0.47992857, -0.00564048]), 0.7854, 0.0]
[3, array([ 0.4808, -0.0039]), array([ 0.48008095, -0.00564048]), 0.7854, 0.0]
[3, array([ 0.4808, -0.0039]), array([ 0.48023333, -0.00564048]), 0.7854, 0.0]
[3, array([ 0.4808, -0.0039]), array([ 0.48038571, -0.00564048]), 0.7854, 0.0]
[3, array([ 0.4808, -0.0039]), array([ 0.4805381 , -0.00564048]), 0.7854, 0.0]
[3, array([ 0.4808, -0.0039]), array([ 0.48069048, -0.00564048]), 0.7854, 0.0]
[3, array([ 0.4808, -0.0039]), array([ 0.48084286, -0.00564048]), 0.7854, 0.0]
[3, array([ 0.4808, -0.0039]), array([ 0.48099524, -0.00564048]), 0.7854, 0.0]
[3, array([ 0.4808, -0.0039]), array([ 0.48114762, -0.00564048]), 0.7854, 0.0]
[3, array([ 0.4808, -0.0039]), array([ 0.4813    , -0.00564048]), 0.7854, 0.0]
[3, array([ 0.4808, -0.0039]), array([ 0.4781   , -0.0054881]), 0.7854, 0.0]
[3, array([ 0.4808, -0.0039]), array([ 0.47825238, -0.0054881 ]), 0.7854, 0.0]
[3, array([ 0.4808, -0.0039]), array([ 0.47840476, -0.0054881 ]), 0.7854, 0.0]
[3, array([ 0.4808, -0.0039]), array([ 0.47855714, -0.0054881 ]), 0.7854, 0.0]
[3, array([ 0.4808, -0.0039]), array([ 0.47870952, -0.0054881 ]), 0.7854, 0.0]
[3, array([ 0.4808, -0.0039]), array([ 0.4788619, -0.0054881]), 0.7854, 0.0]
[3, array([ 0.4808, -0.0039]), array([ 0.47901429, -0.0054881 ]), 0.7854, 0.0]
[3, array([ 0.4808, -0.0039]), array([ 0.47916667, -0.0054881 ]), 0.7854, 0.0]
[3, array([ 0.4808, -0.0039]), array([ 0.47931905, -0.0054881 ]), 0.7854, 0.0]
[3, array([ 0.4808, -0.0039]), array([ 0.47947143, -0.0054881 ]), 0.7854, 0.0]
[3, array([ 0.4808, -0.0039]), array([ 0.47962381, -0.0054881 ]), 0.7854, 0.0]
[3, array([ 0.4808, -0.0039]), array([ 0.47977619, -0.0054881 ]), 0.7854, 0.0]
[3, array([ 0.4808, -0.0039]), array([ 0.47992857, -0.0054881 ]), 0.7854, 0.0]
[3, array([ 0.4808, -0.0039]), array([ 0.48008095, -0.0054881 ]), 0.7854, 0.0]
[3, array([ 0.4808, -0.0039]), array([ 0.48023333, -0.0054881 ]), 0.7854, 0.0]
[3, array([ 0.4808, -0.0039]), array([ 0.48038571, -0.0054881 ]), 0.7854, 0.0]
[3, array([ 0.4808, -0.0039]), array([ 0.4805381, -0.0054881]), 0.7854, 0.0]
[3, array([ 0.4808, -0.0039]), array([ 0.48069048, -0.0054881 ]), 0.7854, 0.0]
[3, array([ 0.4808, -0.0039]), array([ 0.48084286, -0.0054881 ]), 0.7854, 0.0]
[3, array([ 0.4808, -0.0039]), array([ 0.48099524, -0.0054881 ]), 0.7854, 0.0]
[3, array([ 0.4808, -0.0039]), array([ 0.48114762, -0.0054881 ]), 0.7854, 0.0]
[3, array([ 0.4808, -0.0039]), array([ 0.4813   , -0.0054881]), 0.7854, 0.0]
[3, array([ 0.4808, -0.0039]), array([ 0.4781    , -0.00533571]), 0.7854, 0.0]
[3, array([ 0.4808, -0.0039]), array([ 0.47825238, -0.00533571]), 0.7854, 0.0]
[3, array([ 0.4808, -0.0039]), array([ 0.47840476, -0.00533571]), 0.7854, 0.0]
[3, array([ 0.4808, -0.0039]), array([ 0.47855714, -0.00533571]), 0.7854, 0.0]
[3, array([ 0.4808, -0.0039]), array([ 0.47870952, -0.00533571]), 0.7854, 0.0]
[3, array([ 0.4808, -0.0039]), array([ 0.4788619 , -0.00533571]), 0.7854, 0.0]
[3, array([ 0.4808, -0.0039]), array([ 0.47901429, -0.00533571]), 0.7854, 0.0]
[3, array([ 0.4808, -0.0039]), array([ 0.47916667, -0.00533571]), 0.7854, 0.0]
[3, array([ 0.4808, -0.0039]), array([ 0.47931905, -0.00533571]), 0.7854, 0.0]
[3, array([ 0.4808, -0.0039]), array([ 0.47947143, -0.00533571]), 0.7854, 0.0]
[3, array([ 0.4808, -0.0039]), array([ 0.47962381, -0.00533571]), 0.7854, 0.0]
[3, array([ 0.4808, -0.0039]), array([ 0.47977619, -0.00533571]), 0.7854, 0.0]
[3, array([ 0.4808, -0.0039]), array([ 0.47992857, -0.00533571]), 0.7854, 0.0]
[3, array([ 0.4808, -0.0039]), array([ 0.48008095, -0.00533571]), 0.7854, 0.0]
[3, array([ 0.4808, -0.0039]), array([ 0.48023333, -0.00533571]), 0.7854, 0.0]
[3, array([ 0.4808, -0.0039]), array([ 0.48038571, -0.00533571]), 0.7854, 0.0]
[3, array([ 0.4808, -0.0039]), array([ 0.4805381 , -0.00533571]), 0.7854, 0.0]
[3, array([ 0.4808, -0.0039]), array([ 0.48069048, -0.00533571]), 0.7854, 0.0]
[3, array([ 0.4808, -0.0039]), array([ 0.48084286, -0.00533571]), 0.7854, 0.0]
[3, array([ 0.4808, -0.0039]), array([ 0.48099524, -0.00533571]), 0.7854, 0.0]
[3, array([ 0.4808, -0.0039]), array([ 0.48114762, -0.00533571]), 0.7854, 0.0]
[3, array([ 0.4808, -0.0039]), array([ 0.4813    , -0.00533571]), 0.7854, 0.0]
[3, array([ 0.4808, -0.0039]), array([ 0.4781    , -0.00518333]), 0.7854, 0.0]
[3, array([ 0.4808, -0.0039]), array([ 0.47825238, -0.00518333]), 0.7854, 0.0]
[3, array([ 0.4808, -0.0039]), array([ 0.47840476, -0.00518333]), 0.7854, 0.0]
[3, array([ 0.4808, -0.0039]), array([ 0.47855714, -0.00518333]), 0.7854, 0.0]
[3, array([ 0.4808, -0.0039]), array([ 0.47870952, -0.00518333]), 0.7854, 0.0]
[3, array([ 0.4808, -0.0039]), array([ 0.4788619 , -0.00518333]), 0.7854, 0.0]
[3, array([ 0.4808, -0.0039]), array([ 0.47901429, -0.00518333]), 0.7854, 0.0]
[3, array([ 0.4808, -0.0039]), array([ 0.47916667, -0.00518333]), 0.7854, 0.0]
[3, array([ 0.4808, -0.0039]), array([ 0.47931905, -0.00518333]), 0.7854, 0.0]
[3, array([ 0.4808, -0.0039]), array([ 0.47947143, -0.00518333]), 0.7854, 0.0]
[3, array([ 0.4808, -0.0039]), array([ 0.47962381, -0.00518333]), 0.7854, 0.0]
[3, array([ 0.4808, -0.0039]), array([ 0.47977619, -0.00518333]), 0.7854, 0.0]
[3, array([ 0.4808, -0.0039]), array([ 0.47992857, -0.00518333]), 0.7854, 0.0]
[3, array([ 0.4808, -0.0039]), array([ 0.48008095, -0.00518333]), 0.7854, 0.0]
[3, array([ 0.4808, -0.0039]), array([ 0.48023333, -0.00518333]), 0.7854, 0.0]
[3, array([ 0.4808, -0.0039]), array([ 0.48038571, -0.00518333]), 0.7854, 0.0]
[3, array([ 0.4808, -0.0039]), array([ 0.4805381 , -0.00518333]), 0.7854, 0.0]
[3, array([ 0.4808, -0.0039]), array([ 0.48069048, -0.00518333]), 0.7854, 0.0]
[3, array([ 0.4808, -0.0039]), array([ 0.48084286, -0.00518333]), 0.7854, 0.0]
[3, array([ 0.4808, -0.0039]), array([ 0.48099524, -0.00518333]), 0.7854, 0.0]
[3, array([ 0.4808, -0.0039]), array([ 0.48114762, -0.00518333]), 0.7854, 0.0]
[3, array([ 0.4808, -0.0039]), array([ 0.4813    , -0.00518333]), 0.7854, 0.0]
[3, array([ 0.4808, -0.0039]), array([ 0.4781    , -0.00503095]), 0.7854, 0.0]
[3, array([ 0.4808, -0.0039]), array([ 0.47825238, -0.00503095]), 0.7854, 0.0]
[3, array([ 0.4808, -0.0039]), array([ 0.47840476, -0.00503095]), 0.7854, 0.0]
[3, array([ 0.4808, -0.0039]), array([ 0.47855714, -0.00503095]), 0.7854, 0.0]
[3, array([ 0.4808, -0.0039]), array([ 0.47870952, -0.00503095]), 0.7854, 0.0]
[3, array([ 0.4808, -0.0039]), array([ 0.4788619 , -0.00503095]), 0.7854, 0.0]
[3, array([ 0.4808, -0.0039]), array([ 0.47901429, -0.00503095]), 0.7854, 0.0]
[3, array([ 0.4808, -0.0039]), array([ 0.47916667, -0.00503095]), 0.7854, 0.0]
[3, array([ 0.4808, -0.0039]), array([ 0.47931905, -0.00503095]), 0.7854, 0.0]
[3, array([ 0.4808, -0.0039]), array([ 0.47947143, -0.00503095]), 0.7854, 0.0]
[3, array([ 0.4808, -0.0039]), array([ 0.47962381, -0.00503095]), 0.7854, 0.0]
[3, array([ 0.4808, -0.0039]), array([ 0.47977619, -0.00503095]), 0.7854, 0.0]
[3, array([ 0.4808, -0.0039]), array([ 0.47992857, -0.00503095]), 0.7854, 0.0]
[3, array([ 0.4808, -0.0039]), array([ 0.48008095, -0.00503095]), 0.7854, 0.0]
[3, array([ 0.4808, -0.0039]), array([ 0.48023333, -0.00503095]), 0.7854, 0.0]
[3, array([ 0.4808, -0.0039]), array([ 0.48038571, -0.00503095]), 0.7854, 0.0]
[3, array([ 0.4808, -0.0039]), array([ 0.4805381 , -0.00503095]), 0.7854, 0.0]
[3, array([ 0.4808, -0.0039]), array([ 0.48069048, -0.00503095]), 0.7854, 0.0]
[3, array([ 0.4808, -0.0039]), array([ 0.48084286, -0.00503095]), 0.7854, 0.0]
[3, array([ 0.4808, -0.0039]), array([ 0.48099524, -0.00503095]), 0.7854, 0.0]
[3, array([ 0.4808, -0.0039]), array([ 0.48114762, -0.00503095]), 0.7854, 0.0]
[3, array([ 0.4808, -0.0039]), array([ 0.4813    , -0.00503095]), 0.7854, 0.0]
[3, array([ 0.4808, -0.0039]), array([ 0.4781    , -0.00487857]), 0.7854, 0.0]
[3, array([ 0.4808, -0.0039]), array([ 0.47825238, -0.00487857]), 0.7854, 0.0]
[3, array([ 0.4808, -0.0039]), array([ 0.47840476, -0.00487857]), 0.7854, 0.0]
[3, array([ 0.4808, -0.0039]), array([ 0.47855714, -0.00487857]), 0.7854, 0.0]
[3, array([ 0.4808, -0.0039]), array([ 0.47870952, -0.00487857]), 0.7854, 0.0]
[3, array([ 0.4808, -0.0039]), array([ 0.4788619 , -0.00487857]), 0.7854, 0.0]
[3, array([ 0.4808, -0.0039]), array([ 0.47901429, -0.00487857]), 0.7854, 0.0]
[3, array([ 0.4808, -0.0039]), array([ 0.47916667, -0.00487857]), 0.7854, 0.0]
[3, array([ 0.4808, -0.0039]), array([ 0.47931905, -0.00487857]), 0.7854, 0.0]
[3, array([ 0.4808, -0.0039]), array([ 0.47947143, -0.00487857]), 0.7854, 0.0]
[3, array([ 0.4808, -0.0039]), array([ 0.47962381, -0.00487857]), 0.7854, 0.0]
[3, array([ 0.4808, -0.0039]), array([ 0.47977619, -0.00487857]), 0.7854, 0.0]
[3, array([ 0.4808, -0.0039]), array([ 0.47992857, -0.00487857]), 0.7854, 0.0]
[3, array([ 0.4808, -0.0039]), array([ 0.48008095, -0.00487857]), 0.7854, 0.0]
[3, array([ 0.4808, -0.0039]), array([ 0.48023333, -0.00487857]), 0.7854, 0.0]
[3, array([ 0.4808, -0.0039]), array([ 0.48038571, -0.00487857]), 0.7854, 0.0]
[3, array([ 0.4808, -0.0039]), array([ 0.4805381 , -0.00487857]), 0.7854, 0.0]
[3, array([ 0.4808, -0.0039]), array([ 0.48069048, -0.00487857]), 0.7854, 0.0]
[3, array([ 0.4808, -0.0039]), array([ 0.48084286, -0.00487857]), 0.7854, 0.0]
[3, array([ 0.4808, -0.0039]), array([ 0.48099524, -0.00487857]), 0.7854, 0.0]
[3, array([ 0.4808, -0.0039]), array([ 0.48114762, -0.00487857]), 0.7854, 0.0]
[3, array([ 0.4808, -0.0039]), array([ 0.4813    , -0.00487857]), 0.7854, 0.0]
[3, array([ 0.4808, -0.0039]), array([ 0.4781    , -0.00472619]), 0.7854, 0.0]
[3, array([ 0.4808, -0.0039]), array([ 0.47825238, -0.00472619]), 0.7854, 0.0]
[3, array([ 0.4808, -0.0039]), array([ 0.47840476, -0.00472619]), 0.7854, 0.0]
[3, array([ 0.4808, -0.0039]), array([ 0.47855714, -0.00472619]), 0.7854, 0.0]
[3, array([ 0.4808, -0.0039]), array([ 0.47870952, -0.00472619]), 0.7854, 0.0]
[3, array([ 0.4808, -0.0039]), array([ 0.4788619 , -0.00472619]), 0.7854, 0.0]
[3, array([ 0.4808, -0.0039]), array([ 0.47901429, -0.00472619]), 0.7854, 0.0]
[3, array([ 0.4808, -0.0039]), array([ 0.47916667, -0.00472619]), 0.7854, 0.0]
[3, array([ 0.4808, -0.0039]), array([ 0.47931905, -0.00472619]), 0.7854, 0.0]
[3, array([ 0.4808, -0.0039]), array([ 0.47947143, -0.00472619]), 0.7854, 0.0]
[3, array([ 0.4808, -0.0039]), array([ 0.47962381, -0.00472619]), 0.7854, 0.0]
[3, array([ 0.4808, -0.0039]), array([ 0.47977619, -0.00472619]), 0.7854, 0.0]
[3, array([ 0.4808, -0.0039]), array([ 0.47992857, -0.00472619]), 0.7854, 0.0]
[3, array([ 0.4808, -0.0039]), array([ 0.48008095, -0.00472619]), 0.7854, 0.0]
[3, array([ 0.4808, -0.0039]), array([ 0.48023333, -0.00472619]), 0.7854, 0.0]
[3, array([ 0.4808, -0.0039]), array([ 0.48038571, -0.00472619]), 0.7854, 0.0]
[3, array([ 0.4808, -0.0039]), array([ 0.4805381 , -0.00472619]), 0.7854, 0.0]
[3, array([ 0.4808, -0.0039]), array([ 0.48069048, -0.00472619]), 0.7854, 0.0]
[3, array([ 0.4808, -0.0039]), array([ 0.48084286, -0.00472619]), 0.7854, 0.0]
[3, array([ 0.4808, -0.0039]), array([ 0.48099524, -0.00472619]), 0.7854, 0.0]
[3, array([ 0.4808, -0.0039]), array([ 0.48114762, -0.00472619]), 0.7854, 0.0]
[3, array([ 0.4808, -0.0039]), array([ 0.4813    , -0.00472619]), 0.7854, 0.0]
[3, array([ 0.4808, -0.0039]), array([ 0.4781    , -0.00457381]), 0.7854, 0.0]
[3, array([ 0.4808, -0.0039]), array([ 0.47825238, -0.00457381]), 0.7854, 0.0]
[3, array([ 0.4808, -0.0039]), array([ 0.47840476, -0.00457381]), 0.7854, 0.0]
[3, array([ 0.4808, -0.0039]), array([ 0.47855714, -0.00457381]), 0.7854, 0.0]
[3, array([ 0.4808, -0.0039]), array([ 0.47870952, -0.00457381]), 0.7854, 0.0]
[3, array([ 0.4808, -0.0039]), array([ 0.4788619 , -0.00457381]), 0.7854, 0.0]
[3, array([ 0.4808, -0.0039]), array([ 0.47901429, -0.00457381]), 0.7854, 0.0]
[3, array([ 0.4808, -0.0039]), array([ 0.47916667, -0.00457381]), 0.7854, 0.0]
[3, array([ 0.4808, -0.0039]), array([ 0.47931905, -0.00457381]), 0.7854, 0.0]
[3, array([ 0.4808, -0.0039]), array([ 0.47947143, -0.00457381]), 0.7854, 0.0]
[3, array([ 0.4808, -0.0039]), array([ 0.47962381, -0.00457381]), 0.7854, 0.0]
[3, array([ 0.4808, -0.0039]), array([ 0.47977619, -0.00457381]), 0.7854, 0.0]
[3, array([ 0.4808, -0.0039]), array([ 0.47992857, -0.00457381]), 0.7854, 0.0]
[3, array([ 0.4808, -0.0039]), array([ 0.48008095, -0.00457381]), 0.7854, 1.0]
[3, array([ 0.4808, -0.0039]), array([ 0.48023333, -0.00457381]), 0.7854, 1.0]
[3, array([ 0.4808, -0.0039]), array([ 0.48038571, -0.00457381]), 0.7854, 0.0]
[3, array([ 0.4808, -0.0039]), array([ 0.4805381 , -0.00457381]), 0.7854, 0.0]
[3, array([ 0.4808, -0.0039]), array([ 0.48069048, -0.00457381]), 0.7854, 0.0]
[3, array([ 0.4808, -0.0039]), array([ 0.48084286, -0.00457381]), 0.7854, 0.0]
[3, array([ 0.4808, -0.0039]), array([ 0.48099524, -0.00457381]), 0.7854, 0.0]
[3, array([ 0.4808, -0.0039]), array([ 0.48114762, -0.00457381]), 0.7854, 0.0]
[3, array([ 0.4808, -0.0039]), array([ 0.4813    , -0.00457381]), 0.7854, 0.0]
[3, array([ 0.4808, -0.0039]), array([ 0.4781    , -0.00442143]), 0.7854, 0.0]
[3, array([ 0.4808, -0.0039]), array([ 0.47825238, -0.00442143]), 0.7854, 0.0]
[3, array([ 0.4808, -0.0039]), array([ 0.47840476, -0.00442143]), 0.7854, 0.0]
[3, array([ 0.4808, -0.0039]), array([ 0.47855714, -0.00442143]), 0.7854, 0.0]
[3, array([ 0.4808, -0.0039]), array([ 0.47870952, -0.00442143]), 0.7854, 0.0]
[3, array([ 0.4808, -0.0039]), array([ 0.4788619 , -0.00442143]), 0.7854, 0.0]
[3, array([ 0.4808, -0.0039]), array([ 0.47901429, -0.00442143]), 0.7854, 0.0]
[3, array([ 0.4808, -0.0039]), array([ 0.47916667, -0.00442143]), 0.7854, 0.0]
[3, array([ 0.4808, -0.0039]), array([ 0.47931905, -0.00442143]), 0.7854, 0.0]
[3, array([ 0.4808, -0.0039]), array([ 0.47947143, -0.00442143]), 0.7854, 0.0]
[3, array([ 0.4808, -0.0039]), array([ 0.47962381, -0.00442143]), 0.7854, 0.0]
[3, array([ 0.4808, -0.0039]), array([ 0.47977619, -0.00442143]), 0.7854, 0.0]
[3, array([ 0.4808, -0.0039]), array([ 0.47992857, -0.00442143]), 0.7854, 1.0]
[3, array([ 0.4808, -0.0039]), array([ 0.48008095, -0.00442143]), 0.7854, 1.0]
[3, array([ 0.4808, -0.0039]), array([ 0.48023333, -0.00442143]), 0.7854, 1.0]
[3, array([ 0.4808, -0.0039]), array([ 0.48038571, -0.00442143]), 0.7854, 1.0]
[3, array([ 0.4808, -0.0039]), array([ 0.4805381 , -0.00442143]), 0.7854, 1.0]
[3, array([ 0.4808, -0.0039]), array([ 0.48069048, -0.00442143]), 0.7854, 0.0]
[3, array([ 0.4808, -0.0039]), array([ 0.48084286, -0.00442143]), 0.7854, 0.0]
[3, array([ 0.4808, -0.0039]), array([ 0.48099524, -0.00442143]), 0.7854, 0.0]
[3, array([ 0.4808, -0.0039]), array([ 0.48114762, -0.00442143]), 0.7854, 0.0]
[3, array([ 0.4808, -0.0039]), array([ 0.4813    , -0.00442143]), 0.7854, 0.0]
[3, array([ 0.4808, -0.0039]), array([ 0.4781    , -0.00426905]), 0.7854, 0.0]
[3, array([ 0.4808, -0.0039]), array([ 0.47825238, -0.00426905]), 0.7854, 0.0]
[3, array([ 0.4808, -0.0039]), array([ 0.47840476, -0.00426905]), 0.7854, 0.0]
[3, array([ 0.4808, -0.0039]), array([ 0.47855714, -0.00426905]), 0.7854, 0.0]
[3, array([ 0.4808, -0.0039]), array([ 0.47870952, -0.00426905]), 0.7854, 0.0]
[3, array([ 0.4808, -0.0039]), array([ 0.4788619 , -0.00426905]), 0.7854, 0.0]
[3, array([ 0.4808, -0.0039]), array([ 0.47901429, -0.00426905]), 0.7854, 0.0]
[3, array([ 0.4808, -0.0039]), array([ 0.47916667, -0.00426905]), 0.7854, 0.0]
[3, array([ 0.4808, -0.0039]), array([ 0.47931905, -0.00426905]), 0.7854, 0.0]
[3, array([ 0.4808, -0.0039]), array([ 0.47947143, -0.00426905]), 0.7854, 0.0]
[3, array([ 0.4808, -0.0039]), array([ 0.47962381, -0.00426905]), 0.7854, 0.0]
[3, array([ 0.4808, -0.0039]), array([ 0.47977619, -0.00426905]), 0.7854, 1.0]
[3, array([ 0.4808, -0.0039]), array([ 0.47992857, -0.00426905]), 0.7854, 1.0]
[3, array([ 0.4808, -0.0039]), array([ 0.48008095, -0.00426905]), 0.7854, 1.0]
[3, array([ 0.4808, -0.0039]), array([ 0.48023333, -0.00426905]), 0.7854, 1.0]
[3, array([ 0.4808, -0.0039]), array([ 0.48038571, -0.00426905]), 0.7854, 1.0]
[3, array([ 0.4808, -0.0039]), array([ 0.4805381 , -0.00426905]), 0.7854, 1.0]
[3, array([ 0.4808, -0.0039]), array([ 0.48069048, -0.00426905]), 0.7854, 0.0]
[3, array([ 0.4808, -0.0039]), array([ 0.48084286, -0.00426905]), 0.7854, 0.0]
[3, array([ 0.4808, -0.0039]), array([ 0.48099524, -0.00426905]), 0.7854, 0.0]
[3, array([ 0.4808, -0.0039]), array([ 0.48114762, -0.00426905]), 0.7854, 0.0]
[3, array([ 0.4808, -0.0039]), array([ 0.4813    , -0.00426905]), 0.7854, 0.0]
[3, array([ 0.4808, -0.0039]), array([ 0.4781    , -0.00411667]), 0.7854, 0.0]
[3, array([ 0.4808, -0.0039]), array([ 0.47825238, -0.00411667]), 0.7854, 0.0]
[3, array([ 0.4808, -0.0039]), array([ 0.47840476, -0.00411667]), 0.7854, 0.0]
[3, array([ 0.4808, -0.0039]), array([ 0.47855714, -0.00411667]), 0.7854, 0.0]
[3, array([ 0.4808, -0.0039]), array([ 0.47870952, -0.00411667]), 0.7854, 0.0]
[3, array([ 0.4808, -0.0039]), array([ 0.4788619 , -0.00411667]), 0.7854, 0.0]
[3, array([ 0.4808, -0.0039]), array([ 0.47901429, -0.00411667]), 0.7854, 0.0]
[3, array([ 0.4808, -0.0039]), array([ 0.47916667, -0.00411667]), 0.7854, 0.0]
[3, array([ 0.4808, -0.0039]), array([ 0.47931905, -0.00411667]), 0.7854, 0.0]
[3, array([ 0.4808, -0.0039]), array([ 0.47947143, -0.00411667]), 0.7854, 0.0]
[3, array([ 0.4808, -0.0039]), array([ 0.47962381, -0.00411667]), 0.7854, 0.0]
[3, array([ 0.4808, -0.0039]), array([ 0.47977619, -0.00411667]), 0.7854, 1.0]
[3, array([ 0.4808, -0.0039]), array([ 0.47992857, -0.00411667]), 0.7854, 1.0]
[3, array([ 0.4808, -0.0039]), array([ 0.48008095, -0.00411667]), 0.7854, 1.0]
[3, array([ 0.4808, -0.0039]), array([ 0.48023333, -0.00411667]), 0.7854, 1.0]
[3, array([ 0.4808, -0.0039]), array([ 0.48038571, -0.00411667]), 0.7854, 1.0]
[3, array([ 0.4808, -0.0039]), array([ 0.4805381 , -0.00411667]), 0.7854, 1.0]
[3, array([ 0.4808, -0.0039]), array([ 0.48069048, -0.00411667]), 0.7854, 1.0]
[3, array([ 0.4808, -0.0039]), array([ 0.48084286, -0.00411667]), 0.7854, 0.0]
[3, array([ 0.4808, -0.0039]), array([ 0.48099524, -0.00411667]), 0.7854, 0.0]
[3, array([ 0.4808, -0.0039]), array([ 0.48114762, -0.00411667]), 0.7854, 0.0]
[3, array([ 0.4808, -0.0039]), array([ 0.4813    , -0.00411667]), 0.7854, 0.0]
[3, array([ 0.4808, -0.0039]), array([ 0.4781    , -0.00396429]), 0.7854, 0.0]
[3, array([ 0.4808, -0.0039]), array([ 0.47825238, -0.00396429]), 0.7854, 0.0]
[3, array([ 0.4808, -0.0039]), array([ 0.47840476, -0.00396429]), 0.7854, 0.0]
[3, array([ 0.4808, -0.0039]), array([ 0.47855714, -0.00396429]), 0.7854, 0.0]
[3, array([ 0.4808, -0.0039]), array([ 0.47870952, -0.00396429]), 0.7854, 0.0]
[3, array([ 0.4808, -0.0039]), array([ 0.4788619 , -0.00396429]), 0.7854, 0.0]
[3, array([ 0.4808, -0.0039]), array([ 0.47901429, -0.00396429]), 0.7854, 0.0]
[3, array([ 0.4808, -0.0039]), array([ 0.47916667, -0.00396429]), 0.7854, 0.0]
[3, array([ 0.4808, -0.0039]), array([ 0.47931905, -0.00396429]), 0.7854, 0.0]
[3, array([ 0.4808, -0.0039]), array([ 0.47947143, -0.00396429]), 0.7854, 0.0]
[3, array([ 0.4808, -0.0039]), array([ 0.47962381, -0.00396429]), 0.7854, 0.0]
[3, array([ 0.4808, -0.0039]), array([ 0.47977619, -0.00396429]), 0.7854, 0.0]
[3, array([ 0.4808, -0.0039]), array([ 0.47992857, -0.00396429]), 0.7854, 1.0]
[3, array([ 0.4808, -0.0039]), array([ 0.48008095, -0.00396429]), 0.7854, 1.0]
[3, array([ 0.4808, -0.0039]), array([ 0.48023333, -0.00396429]), 0.7854, 1.0]
[3, array([ 0.4808, -0.0039]), array([ 0.48038571, -0.00396429]), 0.7854, 1.0]
[3, array([ 0.4808, -0.0039]), array([ 0.4805381 , -0.00396429]), 0.7854, 1.0]
[3, array([ 0.4808, -0.0039]), array([ 0.48069048, -0.00396429]), 0.7854, 0.0]
[3, array([ 0.4808, -0.0039]), array([ 0.48084286, -0.00396429]), 0.7854, 1.0]
[3, array([ 0.4808, -0.0039]), array([ 0.48099524, -0.00396429]), 0.7854, 0.0]
[3, array([ 0.4808, -0.0039]), array([ 0.48114762, -0.00396429]), 0.7854, 0.0]
[3, array([ 0.4808, -0.0039]), array([ 0.4813    , -0.00396429]), 0.7854, 0.0]
[3, array([ 0.4808, -0.0039]), array([ 0.4781   , -0.0038119]), 0.7854, 0.0]
[3, array([ 0.4808, -0.0039]), array([ 0.47825238, -0.0038119 ]), 0.7854, 0.0]
[3, array([ 0.4808, -0.0039]), array([ 0.47840476, -0.0038119 ]), 0.7854, 0.0]
[3, array([ 0.4808, -0.0039]), array([ 0.47855714, -0.0038119 ]), 0.7854, 0.0]
[3, array([ 0.4808, -0.0039]), array([ 0.47870952, -0.0038119 ]), 0.7854, 0.0]
[3, array([ 0.4808, -0.0039]), array([ 0.4788619, -0.0038119]), 0.7854, 0.0]
[3, array([ 0.4808, -0.0039]), array([ 0.47901429, -0.0038119 ]), 0.7854, 0.0]
[3, array([ 0.4808, -0.0039]), array([ 0.47916667, -0.0038119 ]), 0.7854, 0.0]
[3, array([ 0.4808, -0.0039]), array([ 0.47931905, -0.0038119 ]), 0.7854, 0.0]
[3, array([ 0.4808, -0.0039]), array([ 0.47947143, -0.0038119 ]), 0.7854, 1.0]
[3, array([ 0.4808, -0.0039]), array([ 0.47962381, -0.0038119 ]), 0.7854, 0.0]
[3, array([ 0.4808, -0.0039]), array([ 0.47977619, -0.0038119 ]), 0.7854, 1.0]
[3, array([ 0.4808, -0.0039]), array([ 0.47992857, -0.0038119 ]), 0.7854, 1.0]
[3, array([ 0.4808, -0.0039]), array([ 0.48008095, -0.0038119 ]), 0.7854, 1.0]
[3, array([ 0.4808, -0.0039]), array([ 0.48023333, -0.0038119 ]), 0.7854, 1.0]
[3, array([ 0.4808, -0.0039]), array([ 0.48038571, -0.0038119 ]), 0.7854, 1.0]
[3, array([ 0.4808, -0.0039]), array([ 0.4805381, -0.0038119]), 0.7854, 0.0]
[3, array([ 0.4808, -0.0039]), array([ 0.48069048, -0.0038119 ]), 0.7854, 1.0]
[3, array([ 0.4808, -0.0039]), array([ 0.48084286, -0.0038119 ]), 0.7854, 1.0]
[3, array([ 0.4808, -0.0039]), array([ 0.48099524, -0.0038119 ]), 0.7854, 1.0]
[3, array([ 0.4808, -0.0039]), array([ 0.48114762, -0.0038119 ]), 0.7854, 0.0]
[3, array([ 0.4808, -0.0039]), array([ 0.4813   , -0.0038119]), 0.7854, 1.0]
[3, array([ 0.4808, -0.0039]), array([ 0.4781    , -0.00365952]), 0.7854, 0.0]
[3, array([ 0.4808, -0.0039]), array([ 0.47825238, -0.00365952]), 0.7854, 0.0]
[3, array([ 0.4808, -0.0039]), array([ 0.47840476, -0.00365952]), 0.7854, 0.0]
[3, array([ 0.4808, -0.0039]), array([ 0.47855714, -0.00365952]), 0.7854, 0.0]
[3, array([ 0.4808, -0.0039]), array([ 0.47870952, -0.00365952]), 0.7854, 0.0]
[3, array([ 0.4808, -0.0039]), array([ 0.4788619 , -0.00365952]), 0.7854, 0.0]
[3, array([ 0.4808, -0.0039]), array([ 0.47901429, -0.00365952]), 0.7854, 0.0]
[3, array([ 0.4808, -0.0039]), array([ 0.47916667, -0.00365952]), 0.7854, 0.0]
[3, array([ 0.4808, -0.0039]), array([ 0.47931905, -0.00365952]), 0.7854, 0.0]
[3, array([ 0.4808, -0.0039]), array([ 0.47947143, -0.00365952]), 0.7854, 1.0]
[3, array([ 0.4808, -0.0039]), array([ 0.47962381, -0.00365952]), 0.7854, 1.0]
[3, array([ 0.4808, -0.0039]), array([ 0.47977619, -0.00365952]), 0.7854, 1.0]
[3, array([ 0.4808, -0.0039]), array([ 0.47992857, -0.00365952]), 0.7854, 1.0]
[3, array([ 0.4808, -0.0039]), array([ 0.48008095, -0.00365952]), 0.7854, 1.0]
[3, array([ 0.4808, -0.0039]), array([ 0.48023333, -0.00365952]), 0.7854, 1.0]
[3, array([ 0.4808, -0.0039]), array([ 0.48038571, -0.00365952]), 0.7854, 0.0]
[3, array([ 0.4808, -0.0039]), array([ 0.4805381 , -0.00365952]), 0.7854, 1.0]
[3, array([ 0.4808, -0.0039]), array([ 0.48069048, -0.00365952]), 0.7854, 1.0]
[3, array([ 0.4808, -0.0039]), array([ 0.48084286, -0.00365952]), 0.7854, 1.0]
[3, array([ 0.4808, -0.0039]), array([ 0.48099524, -0.00365952]), 0.7854, 1.0]
[3, array([ 0.4808, -0.0039]), array([ 0.48114762, -0.00365952]), 0.7854, 0.0]
[3, array([ 0.4808, -0.0039]), array([ 0.4813    , -0.00365952]), 0.7854, 0.0]
[3, array([ 0.4808, -0.0039]), array([ 0.4781    , -0.00350714]), 0.7854, 0.0]
[3, array([ 0.4808, -0.0039]), array([ 0.47825238, -0.00350714]), 0.7854, 0.0]
[3, array([ 0.4808, -0.0039]), array([ 0.47840476, -0.00350714]), 0.7854, 0.0]
[3, array([ 0.4808, -0.0039]), array([ 0.47855714, -0.00350714]), 0.7854, 0.0]
[3, array([ 0.4808, -0.0039]), array([ 0.47870952, -0.00350714]), 0.7854, 0.0]
[3, array([ 0.4808, -0.0039]), array([ 0.4788619 , -0.00350714]), 0.7854, 0.0]
[3, array([ 0.4808, -0.0039]), array([ 0.47901429, -0.00350714]), 0.7854, 0.0]
[3, array([ 0.4808, -0.0039]), array([ 0.47916667, -0.00350714]), 0.7854, 0.0]
[3, array([ 0.4808, -0.0039]), array([ 0.47931905, -0.00350714]), 0.7854, 1.0]
[3, array([ 0.4808, -0.0039]), array([ 0.47947143, -0.00350714]), 0.7854, 0.0]
[3, array([ 0.4808, -0.0039]), array([ 0.47962381, -0.00350714]), 0.7854, 1.0]
[3, array([ 0.4808, -0.0039]), array([ 0.47977619, -0.00350714]), 0.7854, 1.0]
[3, array([ 0.4808, -0.0039]), array([ 0.47992857, -0.00350714]), 0.7854, 1.0]
[3, array([ 0.4808, -0.0039]), array([ 0.48008095, -0.00350714]), 0.7854, 1.0]
[3, array([ 0.4808, -0.0039]), array([ 0.48023333, -0.00350714]), 0.7854, 0.0]
[3, array([ 0.4808, -0.0039]), array([ 0.48038571, -0.00350714]), 0.7854, 0.0]
[3, array([ 0.4808, -0.0039]), array([ 0.4805381 , -0.00350714]), 0.7854, 0.0]
[3, array([ 0.4808, -0.0039]), array([ 0.48069048, -0.00350714]), 0.7854, 1.0]
[3, array([ 0.4808, -0.0039]), array([ 0.48084286, -0.00350714]), 0.7854, 1.0]
[3, array([ 0.4808, -0.0039]), array([ 0.48099524, -0.00350714]), 0.7854, 1.0]
[3, array([ 0.4808, -0.0039]), array([ 0.48114762, -0.00350714]), 0.7854, 0.0]
[3, array([ 0.4808, -0.0039]), array([ 0.4813    , -0.00350714]), 0.7854, 1.0]
[3, array([ 0.4808, -0.0039]), array([ 0.4781    , -0.00335476]), 0.7854, 0.0]
[3, array([ 0.4808, -0.0039]), array([ 0.47825238, -0.00335476]), 0.7854, 0.0]
[3, array([ 0.4808, -0.0039]), array([ 0.47840476, -0.00335476]), 0.7854, 0.0]
[3, array([ 0.4808, -0.0039]), array([ 0.47855714, -0.00335476]), 0.7854, 0.0]
[3, array([ 0.4808, -0.0039]), array([ 0.47870952, -0.00335476]), 0.7854, 0.0]
[3, array([ 0.4808, -0.0039]), array([ 0.4788619 , -0.00335476]), 0.7854, 0.0]
[3, array([ 0.4808, -0.0039]), array([ 0.47901429, -0.00335476]), 0.7854, 0.0]
[3, array([ 0.4808, -0.0039]), array([ 0.47916667, -0.00335476]), 0.7854, 0.0]
[3, array([ 0.4808, -0.0039]), array([ 0.47931905, -0.00335476]), 0.7854, 0.0]
[3, array([ 0.4808, -0.0039]), array([ 0.47947143, -0.00335476]), 0.7854, 1.0]
[3, array([ 0.4808, -0.0039]), array([ 0.47962381, -0.00335476]), 0.7854, 1.0]
[3, array([ 0.4808, -0.0039]), array([ 0.47977619, -0.00335476]), 0.7854, 1.0]
[3, array([ 0.4808, -0.0039]), array([ 0.47992857, -0.00335476]), 0.7854, 1.0]
[3, array([ 0.4808, -0.0039]), array([ 0.48008095, -0.00335476]), 0.7854, 0.0]
[3, array([ 0.4808, -0.0039]), array([ 0.48023333, -0.00335476]), 0.7854, 0.0]
[3, array([ 0.4808, -0.0039]), array([ 0.48038571, -0.00335476]), 0.7854, 0.0]
[3, array([ 0.4808, -0.0039]), array([ 0.4805381 , -0.00335476]), 0.7854, 1.0]
[3, array([ 0.4808, -0.0039]), array([ 0.48069048, -0.00335476]), 0.7854, 1.0]
[3, array([ 0.4808, -0.0039]), array([ 0.48084286, -0.00335476]), 0.7854, 1.0]
[3, array([ 0.4808, -0.0039]), array([ 0.48099524, -0.00335476]), 0.7854, 1.0]
[3, array([ 0.4808, -0.0039]), array([ 0.48114762, -0.00335476]), 0.7854, 0.0]
[3, array([ 0.4808, -0.0039]), array([ 0.4813    , -0.00335476]), 0.7854, 0.0]
[3, array([ 0.4808, -0.0039]), array([ 0.4781    , -0.00320238]), 0.7854, 0.0]
[3, array([ 0.4808, -0.0039]), array([ 0.47825238, -0.00320238]), 0.7854, 0.0]
[3, array([ 0.4808, -0.0039]), array([ 0.47840476, -0.00320238]), 0.7854, 0.0]
[3, array([ 0.4808, -0.0039]), array([ 0.47855714, -0.00320238]), 0.7854, 0.0]
[3, array([ 0.4808, -0.0039]), array([ 0.47870952, -0.00320238]), 0.7854, 0.0]
[3, array([ 0.4808, -0.0039]), array([ 0.4788619 , -0.00320238]), 0.7854, 0.0]
[3, array([ 0.4808, -0.0039]), array([ 0.47901429, -0.00320238]), 0.7854, 0.0]
[3, array([ 0.4808, -0.0039]), array([ 0.47916667, -0.00320238]), 0.7854, 0.0]
[3, array([ 0.4808, -0.0039]), array([ 0.47931905, -0.00320238]), 0.7854, 0.0]
[3, array([ 0.4808, -0.0039]), array([ 0.47947143, -0.00320238]), 0.7854, 1.0]
[3, array([ 0.4808, -0.0039]), array([ 0.47962381, -0.00320238]), 0.7854, 1.0]
[3, array([ 0.4808, -0.0039]), array([ 0.47977619, -0.00320238]), 0.7854, 0.0]
[3, array([ 0.4808, -0.0039]), array([ 0.47992857, -0.00320238]), 0.7854, 0.0]
[3, array([ 0.4808, -0.0039]), array([ 0.48008095, -0.00320238]), 0.7854, 0.0]
[3, array([ 0.4808, -0.0039]), array([ 0.48023333, -0.00320238]), 0.7854, 1.0]
[3, array([ 0.4808, -0.0039]), array([ 0.48038571, -0.00320238]), 0.7854, 0.0]
[3, array([ 0.4808, -0.0039]), array([ 0.4805381 , -0.00320238]), 0.7854, 0.0]
[3, array([ 0.4808, -0.0039]), array([ 0.48069048, -0.00320238]), 0.7854, 1.0]
[3, array([ 0.4808, -0.0039]), array([ 0.48084286, -0.00320238]), 0.7854, 0.0]
[3, array([ 0.4808, -0.0039]), array([ 0.48099524, -0.00320238]), 0.7854, 0.0]
[3, array([ 0.4808, -0.0039]), array([ 0.48114762, -0.00320238]), 0.7854, 0.0]
[3, array([ 0.4808, -0.0039]), array([ 0.4813    , -0.00320238]), 0.7854, 0.0]
[3, array([ 0.4808, -0.0039]), array([ 0.4781 , -0.00305]), 0.7854, 0.0]
[3, array([ 0.4808, -0.0039]), array([ 0.47825238, -0.00305   ]), 0.7854, 0.0]
[3, array([ 0.4808, -0.0039]), array([ 0.47840476, -0.00305   ]), 0.7854, 0.0]
[3, array([ 0.4808, -0.0039]), array([ 0.47855714, -0.00305   ]), 0.7854, 0.0]
[3, array([ 0.4808, -0.0039]), array([ 0.47870952, -0.00305   ]), 0.7854, 0.0]
[3, array([ 0.4808, -0.0039]), array([ 0.4788619, -0.00305  ]), 0.7854, 0.0]
[3, array([ 0.4808, -0.0039]), array([ 0.47901429, -0.00305   ]), 0.7854, 0.0]
[3, array([ 0.4808, -0.0039]), array([ 0.47916667, -0.00305   ]), 0.7854, 0.0]
[3, array([ 0.4808, -0.0039]), array([ 0.47931905, -0.00305   ]), 0.7854, 0.0]
[3, array([ 0.4808, -0.0039]), array([ 0.47947143, -0.00305   ]), 0.7854, 0.0]
[3, array([ 0.4808, -0.0039]), array([ 0.47962381, -0.00305   ]), 0.7854, 0.0]
[3, array([ 0.4808, -0.0039]), array([ 0.47977619, -0.00305   ]), 0.7854, 0.0]
[3, array([ 0.4808, -0.0039]), array([ 0.47992857, -0.00305   ]), 0.7854, 0.0]
[3, array([ 0.4808, -0.0039]), array([ 0.48008095, -0.00305   ]), 0.7854, 0.0]
[3, array([ 0.4808, -0.0039]), array([ 0.48023333, -0.00305   ]), 0.7854, 0.0]
[3, array([ 0.4808, -0.0039]), array([ 0.48038571, -0.00305   ]), 0.7854, 0.0]
[3, array([ 0.4808, -0.0039]), array([ 0.4805381, -0.00305  ]), 0.7854, 1.0]
[3, array([ 0.4808, -0.0039]), array([ 0.48069048, -0.00305   ]), 0.7854, 0.0]
[3, array([ 0.4808, -0.0039]), array([ 0.48084286, -0.00305   ]), 0.7854, 0.0]
[3, array([ 0.4808, -0.0039]), array([ 0.48099524, -0.00305   ]), 0.7854, 0.0]
[3, array([ 0.4808, -0.0039]), array([ 0.48114762, -0.00305   ]), 0.7854, 0.0]
[3, array([ 0.4808, -0.0039]), array([ 0.4813 , -0.00305]), 0.7854, 0.0]
[3, array([ 0.5499, -0.019 ]), array([ 0.54685, -0.0219 ]), 0.7854, 0.0]
[3, array([ 0.5499, -0.019 ]), array([ 0.54700238, -0.0219    ]), 0.7854, 0.0]
[3, array([ 0.5499, -0.019 ]), array([ 0.54715476, -0.0219    ]), 0.7854, 0.0]
[3, array([ 0.5499, -0.019 ]), array([ 0.54730714, -0.0219    ]), 0.7854, 0.0]
[3, array([ 0.5499, -0.019 ]), array([ 0.54745952, -0.0219    ]), 0.7854, 0.0]
[3, array([ 0.5499, -0.019 ]), array([ 0.5476119, -0.0219   ]), 0.7854, 0.0]
[3, array([ 0.5499, -0.019 ]), array([ 0.54776429, -0.0219    ]), 0.7854, 0.0]
[3, array([ 0.5499, -0.019 ]), array([ 0.54791667, -0.0219    ]), 0.7854, 0.0]
[3, array([ 0.5499, -0.019 ]), array([ 0.54806905, -0.0219    ]), 0.7854, 0.0]
[3, array([ 0.5499, -0.019 ]), array([ 0.54822143, -0.0219    ]), 0.7854, 0.0]
[3, array([ 0.5499, -0.019 ]), array([ 0.54837381, -0.0219    ]), 0.7854, 0.0]
[3, array([ 0.5499, -0.019 ]), array([ 0.54852619, -0.0219    ]), 0.7854, 0.0]
[3, array([ 0.5499, -0.019 ]), array([ 0.54867857, -0.0219    ]), 0.7854, 0.0]
[3, array([ 0.5499, -0.019 ]), array([ 0.54883095, -0.0219    ]), 0.7854, 0.0]
[3, array([ 0.5499, -0.019 ]), array([ 0.54898333, -0.0219    ]), 0.7854, 0.0]
[3, array([ 0.5499, -0.019 ]), array([ 0.54913571, -0.0219    ]), 0.7854, 0.0]
[3, array([ 0.5499, -0.019 ]), array([ 0.5492881, -0.0219   ]), 0.7854, 0.0]
[3, array([ 0.5499, -0.019 ]), array([ 0.54944048, -0.0219    ]), 0.7854, 0.0]
[3, array([ 0.5499, -0.019 ]), array([ 0.54959286, -0.0219    ]), 0.7854, 0.0]
[3, array([ 0.5499, -0.019 ]), array([ 0.54974524, -0.0219    ]), 0.7854, 0.0]
[3, array([ 0.5499, -0.019 ]), array([ 0.54989762, -0.0219    ]), 0.7854, 0.0]
[3, array([ 0.5499, -0.019 ]), array([ 0.55005, -0.0219 ]), 0.7854, 0.0]
[3, array([ 0.5499, -0.019 ]), array([ 0.54685   , -0.02174762]), 0.7854, 0.0]
[3, array([ 0.5499, -0.019 ]), array([ 0.54700238, -0.02174762]), 0.7854, 0.0]
[3, array([ 0.5499, -0.019 ]), array([ 0.54715476, -0.02174762]), 0.7854, 0.0]
[3, array([ 0.5499, -0.019 ]), array([ 0.54730714, -0.02174762]), 0.7854, 0.0]
[3, array([ 0.5499, -0.019 ]), array([ 0.54745952, -0.02174762]), 0.7854, 0.0]
[3, array([ 0.5499, -0.019 ]), array([ 0.5476119 , -0.02174762]), 0.7854, 0.0]
[3, array([ 0.5499, -0.019 ]), array([ 0.54776429, -0.02174762]), 0.7854, 0.0]
[3, array([ 0.5499, -0.019 ]), array([ 0.54791667, -0.02174762]), 0.7854, 0.0]
[3, array([ 0.5499, -0.019 ]), array([ 0.54806905, -0.02174762]), 0.7854, 0.0]
[3, array([ 0.5499, -0.019 ]), array([ 0.54822143, -0.02174762]), 0.7854, 0.0]
[3, array([ 0.5499, -0.019 ]), array([ 0.54837381, -0.02174762]), 0.7854, 0.0]
[3, array([ 0.5499, -0.019 ]), array([ 0.54852619, -0.02174762]), 0.7854, 0.0]
[3, array([ 0.5499, -0.019 ]), array([ 0.54867857, -0.02174762]), 0.7854, 0.0]
[3, array([ 0.5499, -0.019 ]), array([ 0.54883095, -0.02174762]), 0.7854, 0.0]
[3, array([ 0.5499, -0.019 ]), array([ 0.54898333, -0.02174762]), 0.7854, 0.0]
[3, array([ 0.5499, -0.019 ]), array([ 0.54913571, -0.02174762]), 0.7854, 0.0]
[3, array([ 0.5499, -0.019 ]), array([ 0.5492881 , -0.02174762]), 0.7854, 0.0]
[3, array([ 0.5499, -0.019 ]), array([ 0.54944048, -0.02174762]), 0.7854, 0.0]
[3, array([ 0.5499, -0.019 ]), array([ 0.54959286, -0.02174762]), 0.7854, 0.0]
[3, array([ 0.5499, -0.019 ]), array([ 0.54974524, -0.02174762]), 0.7854, 0.0]
[3, array([ 0.5499, -0.019 ]), array([ 0.54989762, -0.02174762]), 0.7854, 0.0]
[3, array([ 0.5499, -0.019 ]), array([ 0.55005   , -0.02174762]), 0.7854, 0.0]
[3, array([ 0.5499, -0.019 ]), array([ 0.54685   , -0.02159524]), 0.7854, 0.0]
[3, array([ 0.5499, -0.019 ]), array([ 0.54700238, -0.02159524]), 0.7854, 0.0]
[3, array([ 0.5499, -0.019 ]), array([ 0.54715476, -0.02159524]), 0.7854, 0.0]
[3, array([ 0.5499, -0.019 ]), array([ 0.54730714, -0.02159524]), 0.7854, 0.0]
[3, array([ 0.5499, -0.019 ]), array([ 0.54745952, -0.02159524]), 0.7854, 0.0]
[3, array([ 0.5499, -0.019 ]), array([ 0.5476119 , -0.02159524]), 0.7854, 0.0]
[3, array([ 0.5499, -0.019 ]), array([ 0.54776429, -0.02159524]), 0.7854, 0.0]
[3, array([ 0.5499, -0.019 ]), array([ 0.54791667, -0.02159524]), 0.7854, 0.0]
[3, array([ 0.5499, -0.019 ]), array([ 0.54806905, -0.02159524]), 0.7854, 0.0]
[3, array([ 0.5499, -0.019 ]), array([ 0.54822143, -0.02159524]), 0.7854, 0.0]
[3, array([ 0.5499, -0.019 ]), array([ 0.54837381, -0.02159524]), 0.7854, 0.0]
[3, array([ 0.5499, -0.019 ]), array([ 0.54852619, -0.02159524]), 0.7854, 0.0]
[3, array([ 0.5499, -0.019 ]), array([ 0.54867857, -0.02159524]), 0.7854, 0.0]
[3, array([ 0.5499, -0.019 ]), array([ 0.54883095, -0.02159524]), 0.7854, 0.0]
[3, array([ 0.5499, -0.019 ]), array([ 0.54898333, -0.02159524]), 0.7854, 0.0]
[3, array([ 0.5499, -0.019 ]), array([ 0.54913571, -0.02159524]), 0.7854, 0.0]
[3, array([ 0.5499, -0.019 ]), array([ 0.5492881 , -0.02159524]), 0.7854, 0.0]
[3, array([ 0.5499, -0.019 ]), array([ 0.54944048, -0.02159524]), 0.7854, 0.0]
[3, array([ 0.5499, -0.019 ]), array([ 0.54959286, -0.02159524]), 0.7854, 0.0]
[3, array([ 0.5499, -0.019 ]), array([ 0.54974524, -0.02159524]), 0.7854, 0.0]
[3, array([ 0.5499, -0.019 ]), array([ 0.54989762, -0.02159524]), 0.7854, 0.0]
[3, array([ 0.5499, -0.019 ]), array([ 0.55005   , -0.02159524]), 0.7854, 0.0]
[3, array([ 0.5499, -0.019 ]), array([ 0.54685   , -0.02144286]), 0.7854, 0.0]
[3, array([ 0.5499, -0.019 ]), array([ 0.54700238, -0.02144286]), 0.7854, 0.0]
[3, array([ 0.5499, -0.019 ]), array([ 0.54715476, -0.02144286]), 0.7854, 0.0]
[3, array([ 0.5499, -0.019 ]), array([ 0.54730714, -0.02144286]), 0.7854, 0.0]
[3, array([ 0.5499, -0.019 ]), array([ 0.54745952, -0.02144286]), 0.7854, 0.0]
[3, array([ 0.5499, -0.019 ]), array([ 0.5476119 , -0.02144286]), 0.7854, 0.0]
[3, array([ 0.5499, -0.019 ]), array([ 0.54776429, -0.02144286]), 0.7854, 0.0]
[3, array([ 0.5499, -0.019 ]), array([ 0.54791667, -0.02144286]), 0.7854, 0.0]
[3, array([ 0.5499, -0.019 ]), array([ 0.54806905, -0.02144286]), 0.7854, 0.0]
[3, array([ 0.5499, -0.019 ]), array([ 0.54822143, -0.02144286]), 0.7854, 0.0]
[3, array([ 0.5499, -0.019 ]), array([ 0.54837381, -0.02144286]), 0.7854, 0.0]
[3, array([ 0.5499, -0.019 ]), array([ 0.54852619, -0.02144286]), 0.7854, 0.0]
[3, array([ 0.5499, -0.019 ]), array([ 0.54867857, -0.02144286]), 0.7854, 0.0]
[3, array([ 0.5499, -0.019 ]), array([ 0.54883095, -0.02144286]), 0.7854, 0.0]
[3, array([ 0.5499, -0.019 ]), array([ 0.54898333, -0.02144286]), 0.7854, 0.0]
[3, array([ 0.5499, -0.019 ]), array([ 0.54913571, -0.02144286]), 0.7854, 0.0]
[3, array([ 0.5499, -0.019 ]), array([ 0.5492881 , -0.02144286]), 0.7854, 0.0]
[3, array([ 0.5499, -0.019 ]), array([ 0.54944048, -0.02144286]), 0.7854, 0.0]
[3, array([ 0.5499, -0.019 ]), array([ 0.54959286, -0.02144286]), 0.7854, 0.0]
[3, array([ 0.5499, -0.019 ]), array([ 0.54974524, -0.02144286]), 0.7854, 0.0]
[3, array([ 0.5499, -0.019 ]), array([ 0.54989762, -0.02144286]), 0.7854, 0.0]
[3, array([ 0.5499, -0.019 ]), array([ 0.55005   , -0.02144286]), 0.7854, 0.0]
[3, array([ 0.5499, -0.019 ]), array([ 0.54685   , -0.02129048]), 0.7854, 0.0]
[3, array([ 0.5499, -0.019 ]), array([ 0.54700238, -0.02129048]), 0.7854, 0.0]
[3, array([ 0.5499, -0.019 ]), array([ 0.54715476, -0.02129048]), 0.7854, 0.0]
[3, array([ 0.5499, -0.019 ]), array([ 0.54730714, -0.02129048]), 0.7854, 0.0]
[3, array([ 0.5499, -0.019 ]), array([ 0.54745952, -0.02129048]), 0.7854, 0.0]
[3, array([ 0.5499, -0.019 ]), array([ 0.5476119 , -0.02129048]), 0.7854, 0.0]
[3, array([ 0.5499, -0.019 ]), array([ 0.54776429, -0.02129048]), 0.7854, 0.0]
[3, array([ 0.5499, -0.019 ]), array([ 0.54791667, -0.02129048]), 0.7854, 0.0]
[3, array([ 0.5499, -0.019 ]), array([ 0.54806905, -0.02129048]), 0.7854, 0.0]
[3, array([ 0.5499, -0.019 ]), array([ 0.54822143, -0.02129048]), 0.7854, 1.0]
[3, array([ 0.5499, -0.019 ]), array([ 0.54837381, -0.02129048]), 0.7854, 0.0]
[3, array([ 0.5499, -0.019 ]), array([ 0.54852619, -0.02129048]), 0.7854, 0.0]
[3, array([ 0.5499, -0.019 ]), array([ 0.54867857, -0.02129048]), 0.7854, 0.0]
[3, array([ 0.5499, -0.019 ]), array([ 0.54883095, -0.02129048]), 0.7854, 0.0]
[3, array([ 0.5499, -0.019 ]), array([ 0.54898333, -0.02129048]), 0.7854, 0.0]
[3, array([ 0.5499, -0.019 ]), array([ 0.54913571, -0.02129048]), 0.7854, 0.0]
[3, array([ 0.5499, -0.019 ]), array([ 0.5492881 , -0.02129048]), 0.7854, 0.0]
[3, array([ 0.5499, -0.019 ]), array([ 0.54944048, -0.02129048]), 0.7854, 0.0]
[3, array([ 0.5499, -0.019 ]), array([ 0.54959286, -0.02129048]), 0.7854, 0.0]
[3, array([ 0.5499, -0.019 ]), array([ 0.54974524, -0.02129048]), 0.7854, 0.0]
[3, array([ 0.5499, -0.019 ]), array([ 0.54989762, -0.02129048]), 0.7854, 0.0]
[3, array([ 0.5499, -0.019 ]), array([ 0.55005   , -0.02129048]), 0.7854, 0.0]
[3, array([ 0.5499, -0.019 ]), array([ 0.54685  , -0.0211381]), 0.7854, 0.0]
[3, array([ 0.5499, -0.019 ]), array([ 0.54700238, -0.0211381 ]), 0.7854, 0.0]
[3, array([ 0.5499, -0.019 ]), array([ 0.54715476, -0.0211381 ]), 0.7854, 0.0]
[3, array([ 0.5499, -0.019 ]), array([ 0.54730714, -0.0211381 ]), 0.7854, 0.0]
[3, array([ 0.5499, -0.019 ]), array([ 0.54745952, -0.0211381 ]), 0.7854, 0.0]
[3, array([ 0.5499, -0.019 ]), array([ 0.5476119, -0.0211381]), 0.7854, 0.0]
[3, array([ 0.5499, -0.019 ]), array([ 0.54776429, -0.0211381 ]), 0.7854, 0.0]
[3, array([ 0.5499, -0.019 ]), array([ 0.54791667, -0.0211381 ]), 0.7854, 0.0]
[3, array([ 0.5499, -0.019 ]), array([ 0.54806905, -0.0211381 ]), 0.7854, 1.0]
[3, array([ 0.5499, -0.019 ]), array([ 0.54822143, -0.0211381 ]), 0.7854, 0.0]
[3, array([ 0.5499, -0.019 ]), array([ 0.54837381, -0.0211381 ]), 0.7854, 0.0]
[3, array([ 0.5499, -0.019 ]), array([ 0.54852619, -0.0211381 ]), 0.7854, 0.0]
[3, array([ 0.5499, -0.019 ]), array([ 0.54867857, -0.0211381 ]), 0.7854, 0.0]
[3, array([ 0.5499, -0.019 ]), array([ 0.54883095, -0.0211381 ]), 0.7854, 0.0]
[3, array([ 0.5499, -0.019 ]), array([ 0.54898333, -0.0211381 ]), 0.7854, 0.0]
[3, array([ 0.5499, -0.019 ]), array([ 0.54913571, -0.0211381 ]), 0.7854, 0.0]
[3, array([ 0.5499, -0.019 ]), array([ 0.5492881, -0.0211381]), 0.7854, 0.0]
[3, array([ 0.5499, -0.019 ]), array([ 0.54944048, -0.0211381 ]), 0.7854, 0.0]
[3, array([ 0.5499, -0.019 ]), array([ 0.54959286, -0.0211381 ]), 0.7854, 0.0]
[3, array([ 0.5499, -0.019 ]), array([ 0.54974524, -0.0211381 ]), 0.7854, 0.0]
[3, array([ 0.5499, -0.019 ]), array([ 0.54989762, -0.0211381 ]), 0.7854, 0.0]
[3, array([ 0.5499, -0.019 ]), array([ 0.55005  , -0.0211381]), 0.7854, 0.0]
[3, array([ 0.5499, -0.019 ]), array([ 0.54685   , -0.02098571]), 0.7854, 0.0]
[3, array([ 0.5499, -0.019 ]), array([ 0.54700238, -0.02098571]), 0.7854, 0.0]
[3, array([ 0.5499, -0.019 ]), array([ 0.54715476, -0.02098571]), 0.7854, 0.0]
[3, array([ 0.5499, -0.019 ]), array([ 0.54730714, -0.02098571]), 0.7854, 0.0]
[3, array([ 0.5499, -0.019 ]), array([ 0.54745952, -0.02098571]), 0.7854, 0.0]
[3, array([ 0.5499, -0.019 ]), array([ 0.5476119 , -0.02098571]), 0.7854, 0.0]
[3, array([ 0.5499, -0.019 ]), array([ 0.54776429, -0.02098571]), 0.7854, 0.0]
[3, array([ 0.5499, -0.019 ]), array([ 0.54791667, -0.02098571]), 0.7854, 0.0]
[3, array([ 0.5499, -0.019 ]), array([ 0.54806905, -0.02098571]), 0.7854, 1.0]
[3, array([ 0.5499, -0.019 ]), array([ 0.54822143, -0.02098571]), 0.7854, 0.0]
[3, array([ 0.5499, -0.019 ]), array([ 0.54837381, -0.02098571]), 0.7854, 1.0]
[3, array([ 0.5499, -0.019 ]), array([ 0.54852619, -0.02098571]), 0.7854, 0.0]
[3, array([ 0.5499, -0.019 ]), array([ 0.54867857, -0.02098571]), 0.7854, 1.0]
[3, array([ 0.5499, -0.019 ]), array([ 0.54883095, -0.02098571]), 0.7854, 1.0]
[3, array([ 0.5499, -0.019 ]), array([ 0.54898333, -0.02098571]), 0.7854, 1.0]
[3, array([ 0.5499, -0.019 ]), array([ 0.54913571, -0.02098571]), 0.7854, 0.0]
[3, array([ 0.5499, -0.019 ]), array([ 0.5492881 , -0.02098571]), 0.7854, 0.0]
[3, array([ 0.5499, -0.019 ]), array([ 0.54944048, -0.02098571]), 0.7854, 0.0]
[3, array([ 0.5499, -0.019 ]), array([ 0.54959286, -0.02098571]), 0.7854, 0.0]
[3, array([ 0.5499, -0.019 ]), array([ 0.54974524, -0.02098571]), 0.7854, 0.0]
[3, array([ 0.5499, -0.019 ]), array([ 0.54989762, -0.02098571]), 0.7854, 0.0]
[3, array([ 0.5499, -0.019 ]), array([ 0.55005   , -0.02098571]), 0.7854, 0.0]
[3, array([ 0.5499, -0.019 ]), array([ 0.54685   , -0.02083333]), 0.7854, 0.0]
[3, array([ 0.5499, -0.019 ]), array([ 0.54700238, -0.02083333]), 0.7854, 0.0]
[3, array([ 0.5499, -0.019 ]), array([ 0.54715476, -0.02083333]), 0.7854, 0.0]
[3, array([ 0.5499, -0.019 ]), array([ 0.54730714, -0.02083333]), 0.7854, 0.0]
[3, array([ 0.5499, -0.019 ]), array([ 0.54745952, -0.02083333]), 0.7854, 0.0]
[3, array([ 0.5499, -0.019 ]), array([ 0.5476119 , -0.02083333]), 0.7854, 0.0]
[3, array([ 0.5499, -0.019 ]), array([ 0.54776429, -0.02083333]), 0.7854, 0.0]
[3, array([ 0.5499, -0.019 ]), array([ 0.54791667, -0.02083333]), 0.7854, 0.0]
[3, array([ 0.5499, -0.019 ]), array([ 0.54806905, -0.02083333]), 0.7854, 1.0]
[3, array([ 0.5499, -0.019 ]), array([ 0.54822143, -0.02083333]), 0.7854, 1.0]
[3, array([ 0.5499, -0.019 ]), array([ 0.54837381, -0.02083333]), 0.7854, 0.0]
[3, array([ 0.5499, -0.019 ]), array([ 0.54852619, -0.02083333]), 0.7854, 0.0]
[3, array([ 0.5499, -0.019 ]), array([ 0.54867857, -0.02083333]), 0.7854, 1.0]
[3, array([ 0.5499, -0.019 ]), array([ 0.54883095, -0.02083333]), 0.7854, 1.0]
[3, array([ 0.5499, -0.019 ]), array([ 0.54898333, -0.02083333]), 0.7854, 0.0]
[3, array([ 0.5499, -0.019 ]), array([ 0.54913571, -0.02083333]), 0.7854, 1.0]
[3, array([ 0.5499, -0.019 ]), array([ 0.5492881 , -0.02083333]), 0.7854, 0.0]
[3, array([ 0.5499, -0.019 ]), array([ 0.54944048, -0.02083333]), 0.7854, 0.0]
[3, array([ 0.5499, -0.019 ]), array([ 0.54959286, -0.02083333]), 0.7854, 0.0]
[3, array([ 0.5499, -0.019 ]), array([ 0.54974524, -0.02083333]), 0.7854, 0.0]
[3, array([ 0.5499, -0.019 ]), array([ 0.54989762, -0.02083333]), 0.7854, 0.0]
[3, array([ 0.5499, -0.019 ]), array([ 0.55005   , -0.02083333]), 0.7854, 0.0]
[3, array([ 0.5499, -0.019 ]), array([ 0.54685   , -0.02068095]), 0.7854, 0.0]
[3, array([ 0.5499, -0.019 ]), array([ 0.54700238, -0.02068095]), 0.7854, 0.0]
[3, array([ 0.5499, -0.019 ]), array([ 0.54715476, -0.02068095]), 0.7854, 0.0]
[3, array([ 0.5499, -0.019 ]), array([ 0.54730714, -0.02068095]), 0.7854, 0.0]
[3, array([ 0.5499, -0.019 ]), array([ 0.54745952, -0.02068095]), 0.7854, 0.0]
[3, array([ 0.5499, -0.019 ]), array([ 0.5476119 , -0.02068095]), 0.7854, 0.0]
[3, array([ 0.5499, -0.019 ]), array([ 0.54776429, -0.02068095]), 0.7854, 0.0]
[3, array([ 0.5499, -0.019 ]), array([ 0.54791667, -0.02068095]), 0.7854, 1.0]
[3, array([ 0.5499, -0.019 ]), array([ 0.54806905, -0.02068095]), 0.7854, 1.0]
[3, array([ 0.5499, -0.019 ]), array([ 0.54822143, -0.02068095]), 0.7854, 0.0]
[3, array([ 0.5499, -0.019 ]), array([ 0.54837381, -0.02068095]), 0.7854, 0.0]
[3, array([ 0.5499, -0.019 ]), array([ 0.54852619, -0.02068095]), 0.7854, 0.0]
[3, array([ 0.5499, -0.019 ]), array([ 0.54867857, -0.02068095]), 0.7854, 1.0]
[3, array([ 0.5499, -0.019 ]), array([ 0.54883095, -0.02068095]), 0.7854, 1.0]
[3, array([ 0.5499, -0.019 ]), array([ 0.54898333, -0.02068095]), 0.7854, 0.0]
[3, array([ 0.5499, -0.019 ]), array([ 0.54913571, -0.02068095]), 0.7854, 0.0]
[3, array([ 0.5499, -0.019 ]), array([ 0.5492881 , -0.02068095]), 0.7854, 0.0]
[3, array([ 0.5499, -0.019 ]), array([ 0.54944048, -0.02068095]), 0.7854, 0.0]
[3, array([ 0.5499, -0.019 ]), array([ 0.54959286, -0.02068095]), 0.7854, 0.0]
[3, array([ 0.5499, -0.019 ]), array([ 0.54974524, -0.02068095]), 0.7854, 0.0]
[3, array([ 0.5499, -0.019 ]), array([ 0.54989762, -0.02068095]), 0.7854, 0.0]
[3, array([ 0.5499, -0.019 ]), array([ 0.55005   , -0.02068095]), 0.7854, 0.0]
[3, array([ 0.5499, -0.019 ]), array([ 0.54685   , -0.02052857]), 0.7854, 0.0]
[3, array([ 0.5499, -0.019 ]), array([ 0.54700238, -0.02052857]), 0.7854, 0.0]
[3, array([ 0.5499, -0.019 ]), array([ 0.54715476, -0.02052857]), 0.7854, 0.0]
[3, array([ 0.5499, -0.019 ]), array([ 0.54730714, -0.02052857]), 0.7854, 0.0]
[3, array([ 0.5499, -0.019 ]), array([ 0.54745952, -0.02052857]), 0.7854, 0.0]
[3, array([ 0.5499, -0.019 ]), array([ 0.5476119 , -0.02052857]), 0.7854, 0.0]
[3, array([ 0.5499, -0.019 ]), array([ 0.54776429, -0.02052857]), 0.7854, 0.0]
[3, array([ 0.5499, -0.019 ]), array([ 0.54791667, -0.02052857]), 0.7854, 1.0]
[3, array([ 0.5499, -0.019 ]), array([ 0.54806905, -0.02052857]), 0.7854, 0.0]
[3, array([ 0.5499, -0.019 ]), array([ 0.54822143, -0.02052857]), 0.7854, 0.0]
[3, array([ 0.5499, -0.019 ]), array([ 0.54837381, -0.02052857]), 0.7854, 0.0]
[3, array([ 0.5499, -0.019 ]), array([ 0.54852619, -0.02052857]), 0.7854, 0.0]
[3, array([ 0.5499, -0.019 ]), array([ 0.54867857, -0.02052857]), 0.7854, 0.0]
[3, array([ 0.5499, -0.019 ]), array([ 0.54883095, -0.02052857]), 0.7854, 0.0]
[3, array([ 0.5499, -0.019 ]), array([ 0.54898333, -0.02052857]), 0.7854, 0.0]
[3, array([ 0.5499, -0.019 ]), array([ 0.54913571, -0.02052857]), 0.7854, 0.0]
[3, array([ 0.5499, -0.019 ]), array([ 0.5492881 , -0.02052857]), 0.7854, 0.0]
[3, array([ 0.5499, -0.019 ]), array([ 0.54944048, -0.02052857]), 0.7854, 0.0]
[3, array([ 0.5499, -0.019 ]), array([ 0.54959286, -0.02052857]), 0.7854, 0.0]
[3, array([ 0.5499, -0.019 ]), array([ 0.54974524, -0.02052857]), 0.7854, 0.0]
[3, array([ 0.5499, -0.019 ]), array([ 0.54989762, -0.02052857]), 0.7854, 0.0]
[3, array([ 0.5499, -0.019 ]), array([ 0.55005   , -0.02052857]), 0.7854, 0.0]
[3, array([ 0.5499, -0.019 ]), array([ 0.54685   , -0.02037619]), 0.7854, 0.0]
[3, array([ 0.5499, -0.019 ]), array([ 0.54700238, -0.02037619]), 0.7854, 0.0]
[3, array([ 0.5499, -0.019 ]), array([ 0.54715476, -0.02037619]), 0.7854, 0.0]
[3, array([ 0.5499, -0.019 ]), array([ 0.54730714, -0.02037619]), 0.7854, 0.0]
[3, array([ 0.5499, -0.019 ]), array([ 0.54745952, -0.02037619]), 0.7854, 0.0]
[3, array([ 0.5499, -0.019 ]), array([ 0.5476119 , -0.02037619]), 0.7854, 0.0]
[3, array([ 0.5499, -0.019 ]), array([ 0.54776429, -0.02037619]), 0.7854, 1.0]
[3, array([ 0.5499, -0.019 ]), array([ 0.54791667, -0.02037619]), 0.7854, 0.0]
[3, array([ 0.5499, -0.019 ]), array([ 0.54806905, -0.02037619]), 0.7854, 0.0]
[3, array([ 0.5499, -0.019 ]), array([ 0.54822143, -0.02037619]), 0.7854, 0.0]
[3, array([ 0.5499, -0.019 ]), array([ 0.54837381, -0.02037619]), 0.7854, 0.0]
[3, array([ 0.5499, -0.019 ]), array([ 0.54852619, -0.02037619]), 0.7854, 0.0]
[3, array([ 0.5499, -0.019 ]), array([ 0.54867857, -0.02037619]), 0.7854, 0.0]
[3, array([ 0.5499, -0.019 ]), array([ 0.54883095, -0.02037619]), 0.7854, 0.0]
[3, array([ 0.5499, -0.019 ]), array([ 0.54898333, -0.02037619]), 0.7854, 1.0]
[3, array([ 0.5499, -0.019 ]), array([ 0.54913571, -0.02037619]), 0.7854, 0.0]
[3, array([ 0.5499, -0.019 ]), array([ 0.5492881 , -0.02037619]), 0.7854, 0.0]
[3, array([ 0.5499, -0.019 ]), array([ 0.54944048, -0.02037619]), 0.7854, 0.0]
[3, array([ 0.5499, -0.019 ]), array([ 0.54959286, -0.02037619]), 0.7854, 0.0]
[3, array([ 0.5499, -0.019 ]), array([ 0.54974524, -0.02037619]), 0.7854, 0.0]
[3, array([ 0.5499, -0.019 ]), array([ 0.54989762, -0.02037619]), 0.7854, 0.0]
[3, array([ 0.5499, -0.019 ]), array([ 0.55005   , -0.02037619]), 0.7854, 0.0]
[3, array([ 0.5499, -0.019 ]), array([ 0.54685   , -0.02022381]), 0.7854, 0.0]
[3, array([ 0.5499, -0.019 ]), array([ 0.54700238, -0.02022381]), 0.7854, 0.0]
[3, array([ 0.5499, -0.019 ]), array([ 0.54715476, -0.02022381]), 0.7854, 0.0]
[3, array([ 0.5499, -0.019 ]), array([ 0.54730714, -0.02022381]), 0.7854, 0.0]
[3, array([ 0.5499, -0.019 ]), array([ 0.54745952, -0.02022381]), 0.7854, 0.0]
[3, array([ 0.5499, -0.019 ]), array([ 0.5476119 , -0.02022381]), 0.7854, 1.0]
[3, array([ 0.5499, -0.019 ]), array([ 0.54776429, -0.02022381]), 0.7854, 0.0]
[3, array([ 0.5499, -0.019 ]), array([ 0.54791667, -0.02022381]), 0.7854, 0.0]
[3, array([ 0.5499, -0.019 ]), array([ 0.54806905, -0.02022381]), 0.7854, 0.0]
[3, array([ 0.5499, -0.019 ]), array([ 0.54822143, -0.02022381]), 0.7854, 0.0]
[3, array([ 0.5499, -0.019 ]), array([ 0.54837381, -0.02022381]), 0.7854, 0.0]
[3, array([ 0.5499, -0.019 ]), array([ 0.54852619, -0.02022381]), 0.7854, 0.0]
[3, array([ 0.5499, -0.019 ]), array([ 0.54867857, -0.02022381]), 0.7854, 0.0]
[3, array([ 0.5499, -0.019 ]), array([ 0.54883095, -0.02022381]), 0.7854, 0.0]
[3, array([ 0.5499, -0.019 ]), array([ 0.54898333, -0.02022381]), 0.7854, 0.0]
[3, array([ 0.5499, -0.019 ]), array([ 0.54913571, -0.02022381]), 0.7854, 0.0]
[3, array([ 0.5499, -0.019 ]), array([ 0.5492881 , -0.02022381]), 0.7854, 0.0]
[3, array([ 0.5499, -0.019 ]), array([ 0.54944048, -0.02022381]), 0.7854, 0.0]
[3, array([ 0.5499, -0.019 ]), array([ 0.54959286, -0.02022381]), 0.7854, 0.0]
[3, array([ 0.5499, -0.019 ]), array([ 0.54974524, -0.02022381]), 0.7854, 0.0]
[3, array([ 0.5499, -0.019 ]), array([ 0.54989762, -0.02022381]), 0.7854, 0.0]
[3, array([ 0.5499, -0.019 ]), array([ 0.55005   , -0.02022381]), 0.7854, 0.0]
[3, array([ 0.5499, -0.019 ]), array([ 0.54685   , -0.02007143]), 0.7854, 0.0]
[3, array([ 0.5499, -0.019 ]), array([ 0.54700238, -0.02007143]), 0.7854, 0.0]
[3, array([ 0.5499, -0.019 ]), array([ 0.54715476, -0.02007143]), 0.7854, 0.0]
[3, array([ 0.5499, -0.019 ]), array([ 0.54730714, -0.02007143]), 0.7854, 0.0]
[3, array([ 0.5499, -0.019 ]), array([ 0.54745952, -0.02007143]), 0.7854, 0.0]
[3, array([ 0.5499, -0.019 ]), array([ 0.5476119 , -0.02007143]), 0.7854, 0.0]
[3, array([ 0.5499, -0.019 ]), array([ 0.54776429, -0.02007143]), 0.7854, 0.0]
[3, array([ 0.5499, -0.019 ]), array([ 0.54791667, -0.02007143]), 0.7854, 0.0]
[3, array([ 0.5499, -0.019 ]), array([ 0.54806905, -0.02007143]), 0.7854, 0.0]
[3, array([ 0.5499, -0.019 ]), array([ 0.54822143, -0.02007143]), 0.7854, 0.0]
[3, array([ 0.5499, -0.019 ]), array([ 0.54837381, -0.02007143]), 0.7854, 0.0]
[3, array([ 0.5499, -0.019 ]), array([ 0.54852619, -0.02007143]), 0.7854, 0.0]
[3, array([ 0.5499, -0.019 ]), array([ 0.54867857, -0.02007143]), 0.7854, 0.0]
[3, array([ 0.5499, -0.019 ]), array([ 0.54883095, -0.02007143]), 0.7854, 0.0]
[3, array([ 0.5499, -0.019 ]), array([ 0.54898333, -0.02007143]), 0.7854, 0.0]
[3, array([ 0.5499, -0.019 ]), array([ 0.54913571, -0.02007143]), 0.7854, 0.0]
[3, array([ 0.5499, -0.019 ]), array([ 0.5492881 , -0.02007143]), 0.7854, 0.0]
[3, array([ 0.5499, -0.019 ]), array([ 0.54944048, -0.02007143]), 0.7854, 0.0]
[3, array([ 0.5499, -0.019 ]), array([ 0.54959286, -0.02007143]), 0.7854, 0.0]
[3, array([ 0.5499, -0.019 ]), array([ 0.54974524, -0.02007143]), 0.7854, 0.0]
[3, array([ 0.5499, -0.019 ]), array([ 0.54989762, -0.02007143]), 0.7854, 0.0]
[3, array([ 0.5499, -0.019 ]), array([ 0.55005   , -0.02007143]), 0.7854, 0.0]
[3, array([ 0.5499, -0.019 ]), array([ 0.54685   , -0.01991905]), 0.7854, 0.0]
[3, array([ 0.5499, -0.019 ]), array([ 0.54700238, -0.01991905]), 0.7854, 0.0]
[3, array([ 0.5499, -0.019 ]), array([ 0.54715476, -0.01991905]), 0.7854, 0.0]
[3, array([ 0.5499, -0.019 ]), array([ 0.54730714, -0.01991905]), 0.7854, 0.0]
[3, array([ 0.5499, -0.019 ]), array([ 0.54745952, -0.01991905]), 0.7854, 0.0]
[3, array([ 0.5499, -0.019 ]), array([ 0.5476119 , -0.01991905]), 0.7854, 0.0]
[3, array([ 0.5499, -0.019 ]), array([ 0.54776429, -0.01991905]), 0.7854, 0.0]
[3, array([ 0.5499, -0.019 ]), array([ 0.54791667, -0.01991905]), 0.7854, 0.0]
[3, array([ 0.5499, -0.019 ]), array([ 0.54806905, -0.01991905]), 0.7854, 0.0]
[3, array([ 0.5499, -0.019 ]), array([ 0.54822143, -0.01991905]), 0.7854, 0.0]
[3, array([ 0.5499, -0.019 ]), array([ 0.54837381, -0.01991905]), 0.7854, 0.0]
[3, array([ 0.5499, -0.019 ]), array([ 0.54852619, -0.01991905]), 0.7854, 0.0]
[3, array([ 0.5499, -0.019 ]), array([ 0.54867857, -0.01991905]), 0.7854, 0.0]
[3, array([ 0.5499, -0.019 ]), array([ 0.54883095, -0.01991905]), 0.7854, 0.0]
[3, array([ 0.5499, -0.019 ]), array([ 0.54898333, -0.01991905]), 0.7854, 0.0]
[3, array([ 0.5499, -0.019 ]), array([ 0.54913571, -0.01991905]), 0.7854, 1.0]
[3, array([ 0.5499, -0.019 ]), array([ 0.5492881 , -0.01991905]), 0.7854, 1.0]
[3, array([ 0.5499, -0.019 ]), array([ 0.54944048, -0.01991905]), 0.7854, 0.0]
[3, array([ 0.5499, -0.019 ]), array([ 0.54959286, -0.01991905]), 0.7854, 0.0]
[3, array([ 0.5499, -0.019 ]), array([ 0.54974524, -0.01991905]), 0.7854, 0.0]
[3, array([ 0.5499, -0.019 ]), array([ 0.54989762, -0.01991905]), 0.7854, 0.0]
[3, array([ 0.5499, -0.019 ]), array([ 0.55005   , -0.01991905]), 0.7854, 0.0]
[3, array([ 0.5499, -0.019 ]), array([ 0.54685   , -0.01976667]), 0.7854, 0.0]
[3, array([ 0.5499, -0.019 ]), array([ 0.54700238, -0.01976667]), 0.7854, 0.0]
[3, array([ 0.5499, -0.019 ]), array([ 0.54715476, -0.01976667]), 0.7854, 0.0]
[3, array([ 0.5499, -0.019 ]), array([ 0.54730714, -0.01976667]), 0.7854, 0.0]
[3, array([ 0.5499, -0.019 ]), array([ 0.54745952, -0.01976667]), 0.7854, 0.0]
[3, array([ 0.5499, -0.019 ]), array([ 0.5476119 , -0.01976667]), 0.7854, 0.0]
[3, array([ 0.5499, -0.019 ]), array([ 0.54776429, -0.01976667]), 0.7854, 0.0]
[3, array([ 0.5499, -0.019 ]), array([ 0.54791667, -0.01976667]), 0.7854, 0.0]
[3, array([ 0.5499, -0.019 ]), array([ 0.54806905, -0.01976667]), 0.7854, 0.0]
[3, array([ 0.5499, -0.019 ]), array([ 0.54822143, -0.01976667]), 0.7854, 0.0]
[3, array([ 0.5499, -0.019 ]), array([ 0.54837381, -0.01976667]), 0.7854, 0.0]
[3, array([ 0.5499, -0.019 ]), array([ 0.54852619, -0.01976667]), 0.7854, 0.0]
[3, array([ 0.5499, -0.019 ]), array([ 0.54867857, -0.01976667]), 0.7854, 0.0]
[3, array([ 0.5499, -0.019 ]), array([ 0.54883095, -0.01976667]), 0.7854, 0.0]
[3, array([ 0.5499, -0.019 ]), array([ 0.54898333, -0.01976667]), 0.7854, 1.0]
[3, array([ 0.5499, -0.019 ]), array([ 0.54913571, -0.01976667]), 0.7854, 1.0]
[3, array([ 0.5499, -0.019 ]), array([ 0.5492881 , -0.01976667]), 0.7854, 1.0]
[3, array([ 0.5499, -0.019 ]), array([ 0.54944048, -0.01976667]), 0.7854, 1.0]
[3, array([ 0.5499, -0.019 ]), array([ 0.54959286, -0.01976667]), 0.7854, 1.0]
[3, array([ 0.5499, -0.019 ]), array([ 0.54974524, -0.01976667]), 0.7854, 0.0]
[3, array([ 0.5499, -0.019 ]), array([ 0.54989762, -0.01976667]), 0.7854, 0.0]
[3, array([ 0.5499, -0.019 ]), array([ 0.55005   , -0.01976667]), 0.7854, 0.0]
[3, array([ 0.5499, -0.019 ]), array([ 0.54685   , -0.01961429]), 0.7854, 0.0]
[3, array([ 0.5499, -0.019 ]), array([ 0.54700238, -0.01961429]), 0.7854, 0.0]
[3, array([ 0.5499, -0.019 ]), array([ 0.54715476, -0.01961429]), 0.7854, 0.0]
[3, array([ 0.5499, -0.019 ]), array([ 0.54730714, -0.01961429]), 0.7854, 0.0]
[3, array([ 0.5499, -0.019 ]), array([ 0.54745952, -0.01961429]), 0.7854, 0.0]
[3, array([ 0.5499, -0.019 ]), array([ 0.5476119 , -0.01961429]), 0.7854, 0.0]
[3, array([ 0.5499, -0.019 ]), array([ 0.54776429, -0.01961429]), 0.7854, 0.0]
[3, array([ 0.5499, -0.019 ]), array([ 0.54791667, -0.01961429]), 0.7854, 0.0]
[3, array([ 0.5499, -0.019 ]), array([ 0.54806905, -0.01961429]), 0.7854, 0.0]
[3, array([ 0.5499, -0.019 ]), array([ 0.54822143, -0.01961429]), 0.7854, 0.0]
[3, array([ 0.5499, -0.019 ]), array([ 0.54837381, -0.01961429]), 0.7854, 0.0]
[3, array([ 0.5499, -0.019 ]), array([ 0.54852619, -0.01961429]), 0.7854, 0.0]
[3, array([ 0.5499, -0.019 ]), array([ 0.54867857, -0.01961429]), 0.7854, 0.0]
[3, array([ 0.5499, -0.019 ]), array([ 0.54883095, -0.01961429]), 0.7854, 1.0]
[3, array([ 0.5499, -0.019 ]), array([ 0.54898333, -0.01961429]), 0.7854, 1.0]
[3, array([ 0.5499, -0.019 ]), array([ 0.54913571, -0.01961429]), 0.7854, 1.0]
[3, array([ 0.5499, -0.019 ]), array([ 0.5492881 , -0.01961429]), 0.7854, 1.0]
[3, array([ 0.5499, -0.019 ]), array([ 0.54944048, -0.01961429]), 0.7854, 1.0]
[3, array([ 0.5499, -0.019 ]), array([ 0.54959286, -0.01961429]), 0.7854, 0.0]
[3, array([ 0.5499, -0.019 ]), array([ 0.54974524, -0.01961429]), 0.7854, 0.0]
[3, array([ 0.5499, -0.019 ]), array([ 0.54989762, -0.01961429]), 0.7854, 0.0]
[3, array([ 0.5499, -0.019 ]), array([ 0.55005   , -0.01961429]), 0.7854, 0.0]
[3, array([ 0.5499, -0.019 ]), array([ 0.54685  , -0.0194619]), 0.7854, 0.0]
[3, array([ 0.5499, -0.019 ]), array([ 0.54700238, -0.0194619 ]), 0.7854, 0.0]
[3, array([ 0.5499, -0.019 ]), array([ 0.54715476, -0.0194619 ]), 0.7854, 0.0]
[3, array([ 0.5499, -0.019 ]), array([ 0.54730714, -0.0194619 ]), 0.7854, 0.0]
[3, array([ 0.5499, -0.019 ]), array([ 0.54745952, -0.0194619 ]), 0.7854, 0.0]
[3, array([ 0.5499, -0.019 ]), array([ 0.5476119, -0.0194619]), 0.7854, 0.0]
[3, array([ 0.5499, -0.019 ]), array([ 0.54776429, -0.0194619 ]), 0.7854, 0.0]
[3, array([ 0.5499, -0.019 ]), array([ 0.54791667, -0.0194619 ]), 0.7854, 0.0]
[3, array([ 0.5499, -0.019 ]), array([ 0.54806905, -0.0194619 ]), 0.7854, 0.0]
[3, array([ 0.5499, -0.019 ]), array([ 0.54822143, -0.0194619 ]), 0.7854, 0.0]
[3, array([ 0.5499, -0.019 ]), array([ 0.54837381, -0.0194619 ]), 0.7854, 0.0]
[3, array([ 0.5499, -0.019 ]), array([ 0.54852619, -0.0194619 ]), 0.7854, 0.0]
[3, array([ 0.5499, -0.019 ]), array([ 0.54867857, -0.0194619 ]), 0.7854, 1.0]
[3, array([ 0.5499, -0.019 ]), array([ 0.54883095, -0.0194619 ]), 0.7854, 1.0]
[3, array([ 0.5499, -0.019 ]), array([ 0.54898333, -0.0194619 ]), 0.7854, 1.0]
[3, array([ 0.5499, -0.019 ]), array([ 0.54913571, -0.0194619 ]), 0.7854, 1.0]
[3, array([ 0.5499, -0.019 ]), array([ 0.5492881, -0.0194619]), 0.7854, 1.0]
[3, array([ 0.5499, -0.019 ]), array([ 0.54944048, -0.0194619 ]), 0.7854, 0.0]
[3, array([ 0.5499, -0.019 ]), array([ 0.54959286, -0.0194619 ]), 0.7854, 0.0]
[3, array([ 0.5499, -0.019 ]), array([ 0.54974524, -0.0194619 ]), 0.7854, 1.0]
[3, array([ 0.5499, -0.019 ]), array([ 0.54989762, -0.0194619 ]), 0.7854, 1.0]
[3, array([ 0.5499, -0.019 ]), array([ 0.55005  , -0.0194619]), 0.7854, 0.0]
[3, array([ 0.5499, -0.019 ]), array([ 0.54685   , -0.01930952]), 0.7854, 0.0]
[3, array([ 0.5499, -0.019 ]), array([ 0.54700238, -0.01930952]), 0.7854, 0.0]
[3, array([ 0.5499, -0.019 ]), array([ 0.54715476, -0.01930952]), 0.7854, 0.0]
[3, array([ 0.5499, -0.019 ]), array([ 0.54730714, -0.01930952]), 0.7854, 0.0]
[3, array([ 0.5499, -0.019 ]), array([ 0.54745952, -0.01930952]), 0.7854, 0.0]
[3, array([ 0.5499, -0.019 ]), array([ 0.5476119 , -0.01930952]), 0.7854, 0.0]
[3, array([ 0.5499, -0.019 ]), array([ 0.54776429, -0.01930952]), 0.7854, 0.0]
[3, array([ 0.5499, -0.019 ]), array([ 0.54791667, -0.01930952]), 0.7854, 0.0]
[3, array([ 0.5499, -0.019 ]), array([ 0.54806905, -0.01930952]), 0.7854, 0.0]
[3, array([ 0.5499, -0.019 ]), array([ 0.54822143, -0.01930952]), 0.7854, 0.0]
[3, array([ 0.5499, -0.019 ]), array([ 0.54837381, -0.01930952]), 0.7854, 0.0]
[3, array([ 0.5499, -0.019 ]), array([ 0.54852619, -0.01930952]), 0.7854, 0.0]
[3, array([ 0.5499, -0.019 ]), array([ 0.54867857, -0.01930952]), 0.7854, 0.0]
[3, array([ 0.5499, -0.019 ]), array([ 0.54883095, -0.01930952]), 0.7854, 1.0]
[3, array([ 0.5499, -0.019 ]), array([ 0.54898333, -0.01930952]), 0.7854, 1.0]
[3, array([ 0.5499, -0.019 ]), array([ 0.54913571, -0.01930952]), 0.7854, 1.0]
[3, array([ 0.5499, -0.019 ]), array([ 0.5492881 , -0.01930952]), 0.7854, 1.0]
[3, array([ 0.5499, -0.019 ]), array([ 0.54944048, -0.01930952]), 0.7854, 0.0]
[3, array([ 0.5499, -0.019 ]), array([ 0.54959286, -0.01930952]), 0.7854, 1.0]
[3, array([ 0.5499, -0.019 ]), array([ 0.54974524, -0.01930952]), 0.7854, 1.0]
[3, array([ 0.5499, -0.019 ]), array([ 0.54989762, -0.01930952]), 0.7854, 0.0]
[3, array([ 0.5499, -0.019 ]), array([ 0.55005   , -0.01930952]), 0.7854, 0.0]
[3, array([ 0.5499, -0.019 ]), array([ 0.54685   , -0.01915714]), 0.7854, 0.0]
[3, array([ 0.5499, -0.019 ]), array([ 0.54700238, -0.01915714]), 0.7854, 0.0]
[3, array([ 0.5499, -0.019 ]), array([ 0.54715476, -0.01915714]), 0.7854, 0.0]
[3, array([ 0.5499, -0.019 ]), array([ 0.54730714, -0.01915714]), 0.7854, 0.0]
[3, array([ 0.5499, -0.019 ]), array([ 0.54745952, -0.01915714]), 0.7854, 0.0]
[3, array([ 0.5499, -0.019 ]), array([ 0.5476119 , -0.01915714]), 0.7854, 0.0]
[3, array([ 0.5499, -0.019 ]), array([ 0.54776429, -0.01915714]), 0.7854, 0.0]
[3, array([ 0.5499, -0.019 ]), array([ 0.54791667, -0.01915714]), 0.7854, 0.0]
[3, array([ 0.5499, -0.019 ]), array([ 0.54806905, -0.01915714]), 0.7854, 0.0]
[3, array([ 0.5499, -0.019 ]), array([ 0.54822143, -0.01915714]), 0.7854, 0.0]
[3, array([ 0.5499, -0.019 ]), array([ 0.54837381, -0.01915714]), 0.7854, 0.0]
[3, array([ 0.5499, -0.019 ]), array([ 0.54852619, -0.01915714]), 0.7854, 0.0]
[3, array([ 0.5499, -0.019 ]), array([ 0.54867857, -0.01915714]), 0.7854, 0.0]
[3, array([ 0.5499, -0.019 ]), array([ 0.54883095, -0.01915714]), 0.7854, 1.0]
[3, array([ 0.5499, -0.019 ]), array([ 0.54898333, -0.01915714]), 0.7854, 1.0]
[3, array([ 0.5499, -0.019 ]), array([ 0.54913571, -0.01915714]), 0.7854, 0.0]
[3, array([ 0.5499, -0.019 ]), array([ 0.5492881 , -0.01915714]), 0.7854, 1.0]
[3, array([ 0.5499, -0.019 ]), array([ 0.54944048, -0.01915714]), 0.7854, 1.0]
[3, array([ 0.5499, -0.019 ]), array([ 0.54959286, -0.01915714]), 0.7854, 1.0]
[3, array([ 0.5499, -0.019 ]), array([ 0.54974524, -0.01915714]), 0.7854, 1.0]
[3, array([ 0.5499, -0.019 ]), array([ 0.54989762, -0.01915714]), 0.7854, 1.0]
[3, array([ 0.5499, -0.019 ]), array([ 0.55005   , -0.01915714]), 0.7854, 1.0]
[3, array([ 0.5499, -0.019 ]), array([ 0.54685   , -0.01900476]), 0.7854, 0.0]
[3, array([ 0.5499, -0.019 ]), array([ 0.54700238, -0.01900476]), 0.7854, 0.0]
[3, array([ 0.5499, -0.019 ]), array([ 0.54715476, -0.01900476]), 0.7854, 0.0]
[3, array([ 0.5499, -0.019 ]), array([ 0.54730714, -0.01900476]), 0.7854, 0.0]
[3, array([ 0.5499, -0.019 ]), array([ 0.54745952, -0.01900476]), 0.7854, 0.0]
[3, array([ 0.5499, -0.019 ]), array([ 0.5476119 , -0.01900476]), 0.7854, 0.0]
[3, array([ 0.5499, -0.019 ]), array([ 0.54776429, -0.01900476]), 0.7854, 0.0]
[3, array([ 0.5499, -0.019 ]), array([ 0.54791667, -0.01900476]), 0.7854, 0.0]
[3, array([ 0.5499, -0.019 ]), array([ 0.54806905, -0.01900476]), 0.7854, 0.0]
[3, array([ 0.5499, -0.019 ]), array([ 0.54822143, -0.01900476]), 0.7854, 0.0]
[3, array([ 0.5499, -0.019 ]), array([ 0.54837381, -0.01900476]), 0.7854, 0.0]
[3, array([ 0.5499, -0.019 ]), array([ 0.54852619, -0.01900476]), 0.7854, 1.0]
[3, array([ 0.5499, -0.019 ]), array([ 0.54867857, -0.01900476]), 0.7854, 1.0]
[3, array([ 0.5499, -0.019 ]), array([ 0.54883095, -0.01900476]), 0.7854, 1.0]
[3, array([ 0.5499, -0.019 ]), array([ 0.54898333, -0.01900476]), 0.7854, 0.0]
[3, array([ 0.5499, -0.019 ]), array([ 0.54913571, -0.01900476]), 0.7854, 1.0]
[3, array([ 0.5499, -0.019 ]), array([ 0.5492881 , -0.01900476]), 0.7854, 0.0]
[3, array([ 0.5499, -0.019 ]), array([ 0.54944048, -0.01900476]), 0.7854, 0.0]
[3, array([ 0.5499, -0.019 ]), array([ 0.54959286, -0.01900476]), 0.7854, 1.0]
[3, array([ 0.5499, -0.019 ]), array([ 0.54974524, -0.01900476]), 0.7854, 1.0]
[3, array([ 0.5499, -0.019 ]), array([ 0.54989762, -0.01900476]), 0.7854, 0.0]
[3, array([ 0.5499, -0.019 ]), array([ 0.55005   , -0.01900476]), 0.7854, 1.0]
[3, array([ 0.5499, -0.019 ]), array([ 0.54685   , -0.01885238]), 0.7854, 0.0]
[3, array([ 0.5499, -0.019 ]), array([ 0.54700238, -0.01885238]), 0.7854, 0.0]
[3, array([ 0.5499, -0.019 ]), array([ 0.54715476, -0.01885238]), 0.7854, 0.0]
[3, array([ 0.5499, -0.019 ]), array([ 0.54730714, -0.01885238]), 0.7854, 0.0]
[3, array([ 0.5499, -0.019 ]), array([ 0.54745952, -0.01885238]), 0.7854, 0.0]
[3, array([ 0.5499, -0.019 ]), array([ 0.5476119 , -0.01885238]), 0.7854, 0.0]
[3, array([ 0.5499, -0.019 ]), array([ 0.54776429, -0.01885238]), 0.7854, 0.0]
[3, array([ 0.5499, -0.019 ]), array([ 0.54791667, -0.01885238]), 0.7854, 0.0]
[3, array([ 0.5499, -0.019 ]), array([ 0.54806905, -0.01885238]), 0.7854, 0.0]
[3, array([ 0.5499, -0.019 ]), array([ 0.54822143, -0.01885238]), 0.7854, 1.0]
[3, array([ 0.5499, -0.019 ]), array([ 0.54837381, -0.01885238]), 0.7854, 1.0]
[3, array([ 0.5499, -0.019 ]), array([ 0.54852619, -0.01885238]), 0.7854, 1.0]
[3, array([ 0.5499, -0.019 ]), array([ 0.54867857, -0.01885238]), 0.7854, 1.0]
[3, array([ 0.5499, -0.019 ]), array([ 0.54883095, -0.01885238]), 0.7854, 0.0]
[3, array([ 0.5499, -0.019 ]), array([ 0.54898333, -0.01885238]), 0.7854, 1.0]
[3, array([ 0.5499, -0.019 ]), array([ 0.54913571, -0.01885238]), 0.7854, 0.0]
[3, array([ 0.5499, -0.019 ]), array([ 0.5492881 , -0.01885238]), 0.7854, 0.0]
[3, array([ 0.5499, -0.019 ]), array([ 0.54944048, -0.01885238]), 0.7854, 0.0]
[3, array([ 0.5499, -0.019 ]), array([ 0.54959286, -0.01885238]), 0.7854, 1.0]
[3, array([ 0.5499, -0.019 ]), array([ 0.54974524, -0.01885238]), 0.7854, 1.0]
[3, array([ 0.5499, -0.019 ]), array([ 0.54989762, -0.01885238]), 0.7854, 0.0]
[3, array([ 0.5499, -0.019 ]), array([ 0.55005   , -0.01885238]), 0.7854, 0.0]
[3, array([ 0.5499, -0.019 ]), array([ 0.54685, -0.0187 ]), 0.7854, 0.0]
[3, array([ 0.5499, -0.019 ]), array([ 0.54700238, -0.0187    ]), 0.7854, 0.0]
[3, array([ 0.5499, -0.019 ]), array([ 0.54715476, -0.0187    ]), 0.7854, 0.0]
[3, array([ 0.5499, -0.019 ]), array([ 0.54730714, -0.0187    ]), 0.7854, 0.0]
[3, array([ 0.5499, -0.019 ]), array([ 0.54745952, -0.0187    ]), 0.7854, 0.0]
[3, array([ 0.5499, -0.019 ]), array([ 0.5476119, -0.0187   ]), 0.7854, 0.0]
[3, array([ 0.5499, -0.019 ]), array([ 0.54776429, -0.0187    ]), 0.7854, 0.0]
[3, array([ 0.5499, -0.019 ]), array([ 0.54791667, -0.0187    ]), 0.7854, 0.0]
[3, array([ 0.5499, -0.019 ]), array([ 0.54806905, -0.0187    ]), 0.7854, 0.0]
[3, array([ 0.5499, -0.019 ]), array([ 0.54822143, -0.0187    ]), 0.7854, 1.0]
[3, array([ 0.5499, -0.019 ]), array([ 0.54837381, -0.0187    ]), 0.7854, 1.0]
[3, array([ 0.5499, -0.019 ]), array([ 0.54852619, -0.0187    ]), 0.7854, 1.0]
[3, array([ 0.5499, -0.019 ]), array([ 0.54867857, -0.0187    ]), 0.7854, 1.0]
[3, array([ 0.5499, -0.019 ]), array([ 0.54883095, -0.0187    ]), 0.7854, 1.0]
[3, array([ 0.5499, -0.019 ]), array([ 0.54898333, -0.0187    ]), 0.7854, 0.0]
[3, array([ 0.5499, -0.019 ]), array([ 0.54913571, -0.0187    ]), 0.7854, 0.0]
[3, array([ 0.5499, -0.019 ]), array([ 0.5492881, -0.0187   ]), 0.7854, 0.0]
[3, array([ 0.5499, -0.019 ]), array([ 0.54944048, -0.0187    ]), 0.7854, 1.0]
[3, array([ 0.5499, -0.019 ]), array([ 0.54959286, -0.0187    ]), 0.7854, 1.0]
[3, array([ 0.5499, -0.019 ]), array([ 0.54974524, -0.0187    ]), 0.7854, 0.0]
[3, array([ 0.5499, -0.019 ]), array([ 0.54989762, -0.0187    ]), 0.7854, 1.0]
[3, array([ 0.5499, -0.019 ]), array([ 0.55005, -0.0187 ]), 0.7854, 0.0]
[1, array([ 0.4821, -0.0293]), array([ 0.4781, -0.0344]), 0.7854, 1.0]
[1, array([ 0.4821, -0.0293]), array([ 0.47825238, -0.0344    ]), 0.7854, 1.0]
[1, array([ 0.4821, -0.0293]), array([ 0.47840476, -0.0344    ]), 0.7854, 1.0]
[1, array([ 0.4821, -0.0293]), array([ 0.47855714, -0.0344    ]), 0.7854, 1.0]
[1, array([ 0.4821, -0.0293]), array([ 0.47870952, -0.0344    ]), 0.7854, 1.0]
[1, array([ 0.4821, -0.0293]), array([ 0.4788619, -0.0344   ]), 0.7854, 1.0]
[1, array([ 0.4821, -0.0293]), array([ 0.47901429, -0.0344    ]), 0.7854, 1.0]
[1, array([ 0.4821, -0.0293]), array([ 0.47916667, -0.0344    ]), 0.7854, 1.0]
[1, array([ 0.4821, -0.0293]), array([ 0.47931905, -0.0344    ]), 0.7854, 1.0]
[1, array([ 0.4821, -0.0293]), array([ 0.47947143, -0.0344    ]), 0.7854, 1.0]
[1, array([ 0.4821, -0.0293]), array([ 0.47962381, -0.0344    ]), 0.7854, 1.0]
[1, array([ 0.4821, -0.0293]), array([ 0.47977619, -0.0344    ]), 0.7854, 1.0]
[1, array([ 0.4821, -0.0293]), array([ 0.47992857, -0.0344    ]), 0.7854, 1.0]
[1, array([ 0.4821, -0.0293]), array([ 0.48008095, -0.0344    ]), 0.7854, 1.0]
[1, array([ 0.4821, -0.0293]), array([ 0.48023333, -0.0344    ]), 0.7854, 1.0]
[1, array([ 0.4821, -0.0293]), array([ 0.48038571, -0.0344    ]), 0.7854, 1.0]
[1, array([ 0.4821, -0.0293]), array([ 0.4805381, -0.0344   ]), 0.7854, 1.0]
[1, array([ 0.4821, -0.0293]), array([ 0.48069048, -0.0344    ]), 0.7854, 1.0]
[1, array([ 0.4821, -0.0293]), array([ 0.48084286, -0.0344    ]), 0.7854, 1.0]
[1, array([ 0.4821, -0.0293]), array([ 0.48099524, -0.0344    ]), 0.7854, 1.0]
[1, array([ 0.4821, -0.0293]), array([ 0.48114762, -0.0344    ]), 0.7854, 1.0]
[1, array([ 0.4821, -0.0293]), array([ 0.4813, -0.0344]), 0.7854, 1.0]
[1, array([ 0.4821, -0.0293]), array([ 0.4781    , -0.03424762]), 0.7854, 1.0]
[1, array([ 0.4821, -0.0293]), array([ 0.47825238, -0.03424762]), 0.7854, 1.0]
[1, array([ 0.4821, -0.0293]), array([ 0.47840476, -0.03424762]), 0.7854, 1.0]
[1, array([ 0.4821, -0.0293]), array([ 0.47855714, -0.03424762]), 0.7854, 1.0]
[1, array([ 0.4821, -0.0293]), array([ 0.47870952, -0.03424762]), 0.7854, 1.0]
[1, array([ 0.4821, -0.0293]), array([ 0.4788619 , -0.03424762]), 0.7854, 1.0]
[1, array([ 0.4821, -0.0293]), array([ 0.47901429, -0.03424762]), 0.7854, 1.0]
[1, array([ 0.4821, -0.0293]), array([ 0.47916667, -0.03424762]), 0.7854, 1.0]
[1, array([ 0.4821, -0.0293]), array([ 0.47931905, -0.03424762]), 0.7854, 1.0]
[1, array([ 0.4821, -0.0293]), array([ 0.47947143, -0.03424762]), 0.7854, 1.0]
[1, array([ 0.4821, -0.0293]), array([ 0.47962381, -0.03424762]), 0.7854, 1.0]
[1, array([ 0.4821, -0.0293]), array([ 0.47977619, -0.03424762]), 0.7854, 1.0]
[1, array([ 0.4821, -0.0293]), array([ 0.47992857, -0.03424762]), 0.7854, 1.0]
[1, array([ 0.4821, -0.0293]), array([ 0.48008095, -0.03424762]), 0.7854, 1.0]
[1, array([ 0.4821, -0.0293]), array([ 0.48023333, -0.03424762]), 0.7854, 1.0]
[1, array([ 0.4821, -0.0293]), array([ 0.48038571, -0.03424762]), 0.7854, 1.0]
[1, array([ 0.4821, -0.0293]), array([ 0.4805381 , -0.03424762]), 0.7854, 1.0]
[1, array([ 0.4821, -0.0293]), array([ 0.48069048, -0.03424762]), 0.7854, 1.0]
[1, array([ 0.4821, -0.0293]), array([ 0.48084286, -0.03424762]), 0.7854, 1.0]
[1, array([ 0.4821, -0.0293]), array([ 0.48099524, -0.03424762]), 0.7854, 1.0]
[1, array([ 0.4821, -0.0293]), array([ 0.48114762, -0.03424762]), 0.7854, 1.0]
[1, array([ 0.4821, -0.0293]), array([ 0.4813    , -0.03424762]), 0.7854, 1.0]
[1, array([ 0.4821, -0.0293]), array([ 0.4781    , -0.03409524]), 0.7854, 1.0]
[1, array([ 0.4821, -0.0293]), array([ 0.47825238, -0.03409524]), 0.7854, 1.0]
[1, array([ 0.4821, -0.0293]), array([ 0.47840476, -0.03409524]), 0.7854, 1.0]
[1, array([ 0.4821, -0.0293]), array([ 0.47855714, -0.03409524]), 0.7854, 1.0]
[1, array([ 0.4821, -0.0293]), array([ 0.47870952, -0.03409524]), 0.7854, 1.0]
[1, array([ 0.4821, -0.0293]), array([ 0.4788619 , -0.03409524]), 0.7854, 1.0]
[1, array([ 0.4821, -0.0293]), array([ 0.47901429, -0.03409524]), 0.7854, 1.0]
[1, array([ 0.4821, -0.0293]), array([ 0.47916667, -0.03409524]), 0.7854, 1.0]
[1, array([ 0.4821, -0.0293]), array([ 0.47931905, -0.03409524]), 0.7854, 1.0]
[1, array([ 0.4821, -0.0293]), array([ 0.47947143, -0.03409524]), 0.7854, 1.0]
[1, array([ 0.4821, -0.0293]), array([ 0.47962381, -0.03409524]), 0.7854, 1.0]
[1, array([ 0.4821, -0.0293]), array([ 0.47977619, -0.03409524]), 0.7854, 1.0]
[1, array([ 0.4821, -0.0293]), array([ 0.47992857, -0.03409524]), 0.7854, 1.0]
[1, array([ 0.4821, -0.0293]), array([ 0.48008095, -0.03409524]), 0.7854, 1.0]
[1, array([ 0.4821, -0.0293]), array([ 0.48023333, -0.03409524]), 0.7854, 1.0]
[1, array([ 0.4821, -0.0293]), array([ 0.48038571, -0.03409524]), 0.7854, 1.0]
[1, array([ 0.4821, -0.0293]), array([ 0.4805381 , -0.03409524]), 0.7854, 1.0]
[1, array([ 0.4821, -0.0293]), array([ 0.48069048, -0.03409524]), 0.7854, 1.0]
[1, array([ 0.4821, -0.0293]), array([ 0.48084286, -0.03409524]), 0.7854, 1.0]
[1, array([ 0.4821, -0.0293]), array([ 0.48099524, -0.03409524]), 0.7854, 1.0]
[1, array([ 0.4821, -0.0293]), array([ 0.48114762, -0.03409524]), 0.7854, 1.0]
[1, array([ 0.4821, -0.0293]), array([ 0.4813    , -0.03409524]), 0.7854, 1.0]
[1, array([ 0.4821, -0.0293]), array([ 0.4781    , -0.03394286]), 0.7854, 1.0]
[1, array([ 0.4821, -0.0293]), array([ 0.47825238, -0.03394286]), 0.7854, 1.0]
[1, array([ 0.4821, -0.0293]), array([ 0.47840476, -0.03394286]), 0.7854, 1.0]
[1, array([ 0.4821, -0.0293]), array([ 0.47855714, -0.03394286]), 0.7854, 1.0]
[1, array([ 0.4821, -0.0293]), array([ 0.47870952, -0.03394286]), 0.7854, 1.0]
[1, array([ 0.4821, -0.0293]), array([ 0.4788619 , -0.03394286]), 0.7854, 1.0]
[1, array([ 0.4821, -0.0293]), array([ 0.47901429, -0.03394286]), 0.7854, 1.0]
[1, array([ 0.4821, -0.0293]), array([ 0.47916667, -0.03394286]), 0.7854, 1.0]
[1, array([ 0.4821, -0.0293]), array([ 0.47931905, -0.03394286]), 0.7854, 1.0]
[1, array([ 0.4821, -0.0293]), array([ 0.47947143, -0.03394286]), 0.7854, 1.0]
[1, array([ 0.4821, -0.0293]), array([ 0.47962381, -0.03394286]), 0.7854, 1.0]
[1, array([ 0.4821, -0.0293]), array([ 0.47977619, -0.03394286]), 0.7854, 1.0]
[1, array([ 0.4821, -0.0293]), array([ 0.47992857, -0.03394286]), 0.7854, 1.0]
[1, array([ 0.4821, -0.0293]), array([ 0.48008095, -0.03394286]), 0.7854, 1.0]
[1, array([ 0.4821, -0.0293]), array([ 0.48023333, -0.03394286]), 0.7854, 1.0]
[1, array([ 0.4821, -0.0293]), array([ 0.48038571, -0.03394286]), 0.7854, 1.0]
[1, array([ 0.4821, -0.0293]), array([ 0.4805381 , -0.03394286]), 0.7854, 1.0]
[1, array([ 0.4821, -0.0293]), array([ 0.48069048, -0.03394286]), 0.7854, 1.0]
[1, array([ 0.4821, -0.0293]), array([ 0.48084286, -0.03394286]), 0.7854, 1.0]
[1, array([ 0.4821, -0.0293]), array([ 0.48099524, -0.03394286]), 0.7854, 1.0]
[1, array([ 0.4821, -0.0293]), array([ 0.48114762, -0.03394286]), 0.7854, 1.0]
[1, array([ 0.4821, -0.0293]), array([ 0.4813    , -0.03394286]), 0.7854, 1.0]
[1, array([ 0.4821, -0.0293]), array([ 0.4781    , -0.03379048]), 0.7854, 1.0]
[1, array([ 0.4821, -0.0293]), array([ 0.47825238, -0.03379048]), 0.7854, 1.0]
[1, array([ 0.4821, -0.0293]), array([ 0.47840476, -0.03379048]), 0.7854, 1.0]
[1, array([ 0.4821, -0.0293]), array([ 0.47855714, -0.03379048]), 0.7854, 1.0]
[1, array([ 0.4821, -0.0293]), array([ 0.47870952, -0.03379048]), 0.7854, 1.0]
[1, array([ 0.4821, -0.0293]), array([ 0.4788619 , -0.03379048]), 0.7854, 1.0]
[1, array([ 0.4821, -0.0293]), array([ 0.47901429, -0.03379048]), 0.7854, 1.0]
[1, array([ 0.4821, -0.0293]), array([ 0.47916667, -0.03379048]), 0.7854, 1.0]
[1, array([ 0.4821, -0.0293]), array([ 0.47931905, -0.03379048]), 0.7854, 1.0]
[1, array([ 0.4821, -0.0293]), array([ 0.47947143, -0.03379048]), 0.7854, 1.0]
[1, array([ 0.4821, -0.0293]), array([ 0.47962381, -0.03379048]), 0.7854, 1.0]
[1, array([ 0.4821, -0.0293]), array([ 0.47977619, -0.03379048]), 0.7854, 1.0]
[1, array([ 0.4821, -0.0293]), array([ 0.47992857, -0.03379048]), 0.7854, 1.0]
[1, array([ 0.4821, -0.0293]), array([ 0.48008095, -0.03379048]), 0.7854, 1.0]
[1, array([ 0.4821, -0.0293]), array([ 0.48023333, -0.03379048]), 0.7854, 1.0]
[1, array([ 0.4821, -0.0293]), array([ 0.48038571, -0.03379048]), 0.7854, 1.0]
[1, array([ 0.4821, -0.0293]), array([ 0.4805381 , -0.03379048]), 0.7854, 1.0]
[1, array([ 0.4821, -0.0293]), array([ 0.48069048, -0.03379048]), 0.7854, 1.0]
[1, array([ 0.4821, -0.0293]), array([ 0.48084286, -0.03379048]), 0.7854, 1.0]
[1, array([ 0.4821, -0.0293]), array([ 0.48099524, -0.03379048]), 0.7854, 1.0]
[1, array([ 0.4821, -0.0293]), array([ 0.48114762, -0.03379048]), 0.7854, 1.0]
[1, array([ 0.4821, -0.0293]), array([ 0.4813    , -0.03379048]), 0.7854, 1.0]
[1, array([ 0.4821, -0.0293]), array([ 0.4781   , -0.0336381]), 0.7854, 1.0]
[1, array([ 0.4821, -0.0293]), array([ 0.47825238, -0.0336381 ]), 0.7854, 1.0]
[1, array([ 0.4821, -0.0293]), array([ 0.47840476, -0.0336381 ]), 0.7854, 1.0]
[1, array([ 0.4821, -0.0293]), array([ 0.47855714, -0.0336381 ]), 0.7854, 1.0]
[1, array([ 0.4821, -0.0293]), array([ 0.47870952, -0.0336381 ]), 0.7854, 1.0]
[1, array([ 0.4821, -0.0293]), array([ 0.4788619, -0.0336381]), 0.7854, 1.0]
[1, array([ 0.4821, -0.0293]), array([ 0.47901429, -0.0336381 ]), 0.7854, 1.0]
[1, array([ 0.4821, -0.0293]), array([ 0.47916667, -0.0336381 ]), 0.7854, 1.0]
[1, array([ 0.4821, -0.0293]), array([ 0.47931905, -0.0336381 ]), 0.7854, 1.0]
[1, array([ 0.4821, -0.0293]), array([ 0.47947143, -0.0336381 ]), 0.7854, 1.0]
[1, array([ 0.4821, -0.0293]), array([ 0.47962381, -0.0336381 ]), 0.7854, 1.0]
[1, array([ 0.4821, -0.0293]), array([ 0.47977619, -0.0336381 ]), 0.7854, 1.0]
[1, array([ 0.4821, -0.0293]), array([ 0.47992857, -0.0336381 ]), 0.7854, 1.0]
[1, array([ 0.4821, -0.0293]), array([ 0.48008095, -0.0336381 ]), 0.7854, 1.0]
[1, array([ 0.4821, -0.0293]), array([ 0.48023333, -0.0336381 ]), 0.7854, 1.0]
[1, array([ 0.4821, -0.0293]), array([ 0.48038571, -0.0336381 ]), 0.7854, 1.0]
[1, array([ 0.4821, -0.0293]), array([ 0.4805381, -0.0336381]), 0.7854, 1.0]
[1, array([ 0.4821, -0.0293]), array([ 0.48069048, -0.0336381 ]), 0.7854, 1.0]
[1, array([ 0.4821, -0.0293]), array([ 0.48084286, -0.0336381 ]), 0.7854, 1.0]
[1, array([ 0.4821, -0.0293]), array([ 0.48099524, -0.0336381 ]), 0.7854, 1.0]
[1, array([ 0.4821, -0.0293]), array([ 0.48114762, -0.0336381 ]), 0.7854, 1.0]
[1, array([ 0.4821, -0.0293]), array([ 0.4813   , -0.0336381]), 0.7854, 1.0]
[1, array([ 0.4821, -0.0293]), array([ 0.4781    , -0.03348571]), 0.7854, 1.0]
[1, array([ 0.4821, -0.0293]), array([ 0.47825238, -0.03348571]), 0.7854, 1.0]
[1, array([ 0.4821, -0.0293]), array([ 0.47840476, -0.03348571]), 0.7854, 1.0]
[1, array([ 0.4821, -0.0293]), array([ 0.47855714, -0.03348571]), 0.7854, 1.0]
[1, array([ 0.4821, -0.0293]), array([ 0.47870952, -0.03348571]), 0.7854, 1.0]
[1, array([ 0.4821, -0.0293]), array([ 0.4788619 , -0.03348571]), 0.7854, 1.0]
[1, array([ 0.4821, -0.0293]), array([ 0.47901429, -0.03348571]), 0.7854, 1.0]
[1, array([ 0.4821, -0.0293]), array([ 0.47916667, -0.03348571]), 0.7854, 1.0]
[1, array([ 0.4821, -0.0293]), array([ 0.47931905, -0.03348571]), 0.7854, 1.0]
[1, array([ 0.4821, -0.0293]), array([ 0.47947143, -0.03348571]), 0.7854, 1.0]
[1, array([ 0.4821, -0.0293]), array([ 0.47962381, -0.03348571]), 0.7854, 1.0]
[1, array([ 0.4821, -0.0293]), array([ 0.47977619, -0.03348571]), 0.7854, 1.0]
[1, array([ 0.4821, -0.0293]), array([ 0.47992857, -0.03348571]), 0.7854, 1.0]
[1, array([ 0.4821, -0.0293]), array([ 0.48008095, -0.03348571]), 0.7854, 1.0]
[1, array([ 0.4821, -0.0293]), array([ 0.48023333, -0.03348571]), 0.7854, 1.0]
[1, array([ 0.4821, -0.0293]), array([ 0.48038571, -0.03348571]), 0.7854, 1.0]
[1, array([ 0.4821, -0.0293]), array([ 0.4805381 , -0.03348571]), 0.7854, 1.0]
[1, array([ 0.4821, -0.0293]), array([ 0.48069048, -0.03348571]), 0.7854, 1.0]
[1, array([ 0.4821, -0.0293]), array([ 0.48084286, -0.03348571]), 0.7854, 1.0]
[1, array([ 0.4821, -0.0293]), array([ 0.48099524, -0.03348571]), 0.7854, 1.0]
[1, array([ 0.4821, -0.0293]), array([ 0.48114762, -0.03348571]), 0.7854, 1.0]
[1, array([ 0.4821, -0.0293]), array([ 0.4813    , -0.03348571]), 0.7854, 1.0]
[1, array([ 0.4821, -0.0293]), array([ 0.4781    , -0.03333333]), 0.7854, 1.0]
[1, array([ 0.4821, -0.0293]), array([ 0.47825238, -0.03333333]), 0.7854, 1.0]
[1, array([ 0.4821, -0.0293]), array([ 0.47840476, -0.03333333]), 0.7854, 1.0]
[1, array([ 0.4821, -0.0293]), array([ 0.47855714, -0.03333333]), 0.7854, 1.0]
[1, array([ 0.4821, -0.0293]), array([ 0.47870952, -0.03333333]), 0.7854, 1.0]
[1, array([ 0.4821, -0.0293]), array([ 0.4788619 , -0.03333333]), 0.7854, 1.0]
[1, array([ 0.4821, -0.0293]), array([ 0.47901429, -0.03333333]), 0.7854, 1.0]
[1, array([ 0.4821, -0.0293]), array([ 0.47916667, -0.03333333]), 0.7854, 1.0]
[1, array([ 0.4821, -0.0293]), array([ 0.47931905, -0.03333333]), 0.7854, 1.0]
[1, array([ 0.4821, -0.0293]), array([ 0.47947143, -0.03333333]), 0.7854, 1.0]
[1, array([ 0.4821, -0.0293]), array([ 0.47962381, -0.03333333]), 0.7854, 1.0]
[1, array([ 0.4821, -0.0293]), array([ 0.47977619, -0.03333333]), 0.7854, 1.0]
[1, array([ 0.4821, -0.0293]), array([ 0.47992857, -0.03333333]), 0.7854, 1.0]
[1, array([ 0.4821, -0.0293]), array([ 0.48008095, -0.03333333]), 0.7854, 1.0]
[1, array([ 0.4821, -0.0293]), array([ 0.48023333, -0.03333333]), 0.7854, 1.0]
[1, array([ 0.4821, -0.0293]), array([ 0.48038571, -0.03333333]), 0.7854, 1.0]
[1, array([ 0.4821, -0.0293]), array([ 0.4805381 , -0.03333333]), 0.7854, 1.0]
[1, array([ 0.4821, -0.0293]), array([ 0.48069048, -0.03333333]), 0.7854, 1.0]
[1, array([ 0.4821, -0.0293]), array([ 0.48084286, -0.03333333]), 0.7854, 1.0]
[1, array([ 0.4821, -0.0293]), array([ 0.48099524, -0.03333333]), 0.7854, 1.0]
[1, array([ 0.4821, -0.0293]), array([ 0.48114762, -0.03333333]), 0.7854, 1.0]
[1, array([ 0.4821, -0.0293]), array([ 0.4813    , -0.03333333]), 0.7854, 1.0]
[1, array([ 0.4821, -0.0293]), array([ 0.4781    , -0.03318095]), 0.7854, 1.0]
[1, array([ 0.4821, -0.0293]), array([ 0.47825238, -0.03318095]), 0.7854, 1.0]
[1, array([ 0.4821, -0.0293]), array([ 0.47840476, -0.03318095]), 0.7854, 1.0]
[1, array([ 0.4821, -0.0293]), array([ 0.47855714, -0.03318095]), 0.7854, 1.0]
[1, array([ 0.4821, -0.0293]), array([ 0.47870952, -0.03318095]), 0.7854, 1.0]
[1, array([ 0.4821, -0.0293]), array([ 0.4788619 , -0.03318095]), 0.7854, 1.0]
[1, array([ 0.4821, -0.0293]), array([ 0.47901429, -0.03318095]), 0.7854, 1.0]
[1, array([ 0.4821, -0.0293]), array([ 0.47916667, -0.03318095]), 0.7854, 1.0]
[1, array([ 0.4821, -0.0293]), array([ 0.47931905, -0.03318095]), 0.7854, 1.0]
[1, array([ 0.4821, -0.0293]), array([ 0.47947143, -0.03318095]), 0.7854, 1.0]
[1, array([ 0.4821, -0.0293]), array([ 0.47962381, -0.03318095]), 0.7854, 1.0]
[1, array([ 0.4821, -0.0293]), array([ 0.47977619, -0.03318095]), 0.7854, 1.0]
[1, array([ 0.4821, -0.0293]), array([ 0.47992857, -0.03318095]), 0.7854, 1.0]
[1, array([ 0.4821, -0.0293]), array([ 0.48008095, -0.03318095]), 0.7854, 1.0]
[1, array([ 0.4821, -0.0293]), array([ 0.48023333, -0.03318095]), 0.7854, 1.0]
[1, array([ 0.4821, -0.0293]), array([ 0.48038571, -0.03318095]), 0.7854, 1.0]
[1, array([ 0.4821, -0.0293]), array([ 0.4805381 , -0.03318095]), 0.7854, 1.0]
[1, array([ 0.4821, -0.0293]), array([ 0.48069048, -0.03318095]), 0.7854, 1.0]
[1, array([ 0.4821, -0.0293]), array([ 0.48084286, -0.03318095]), 0.7854, 1.0]
[1, array([ 0.4821, -0.0293]), array([ 0.48099524, -0.03318095]), 0.7854, 1.0]
[1, array([ 0.4821, -0.0293]), array([ 0.48114762, -0.03318095]), 0.7854, 1.0]
[1, array([ 0.4821, -0.0293]), array([ 0.4813    , -0.03318095]), 0.7854, 1.0]
[1, array([ 0.4821, -0.0293]), array([ 0.4781    , -0.03302857]), 0.7854, 1.0]
[1, array([ 0.4821, -0.0293]), array([ 0.47825238, -0.03302857]), 0.7854, 1.0]
[1, array([ 0.4821, -0.0293]), array([ 0.47840476, -0.03302857]), 0.7854, 1.0]
[1, array([ 0.4821, -0.0293]), array([ 0.47855714, -0.03302857]), 0.7854, 1.0]
[1, array([ 0.4821, -0.0293]), array([ 0.47870952, -0.03302857]), 0.7854, 1.0]
[1, array([ 0.4821, -0.0293]), array([ 0.4788619 , -0.03302857]), 0.7854, 1.0]
[1, array([ 0.4821, -0.0293]), array([ 0.47901429, -0.03302857]), 0.7854, 1.0]
[1, array([ 0.4821, -0.0293]), array([ 0.47916667, -0.03302857]), 0.7854, 1.0]
[1, array([ 0.4821, -0.0293]), array([ 0.47931905, -0.03302857]), 0.7854, 1.0]
[1, array([ 0.4821, -0.0293]), array([ 0.47947143, -0.03302857]), 0.7854, 1.0]
[1, array([ 0.4821, -0.0293]), array([ 0.47962381, -0.03302857]), 0.7854, 1.0]
[1, array([ 0.4821, -0.0293]), array([ 0.47977619, -0.03302857]), 0.7854, 1.0]
[1, array([ 0.4821, -0.0293]), array([ 0.47992857, -0.03302857]), 0.7854, 1.0]
[1, array([ 0.4821, -0.0293]), array([ 0.48008095, -0.03302857]), 0.7854, 1.0]
[1, array([ 0.4821, -0.0293]), array([ 0.48023333, -0.03302857]), 0.7854, 1.0]
[1, array([ 0.4821, -0.0293]), array([ 0.48038571, -0.03302857]), 0.7854, 1.0]
[1, array([ 0.4821, -0.0293]), array([ 0.4805381 , -0.03302857]), 0.7854, 1.0]
[1, array([ 0.4821, -0.0293]), array([ 0.48069048, -0.03302857]), 0.7854, 1.0]
[1, array([ 0.4821, -0.0293]), array([ 0.48084286, -0.03302857]), 0.7854, 1.0]
[1, array([ 0.4821, -0.0293]), array([ 0.48099524, -0.03302857]), 0.7854, 1.0]
[1, array([ 0.4821, -0.0293]), array([ 0.48114762, -0.03302857]), 0.7854, 1.0]
[1, array([ 0.4821, -0.0293]), array([ 0.4813    , -0.03302857]), 0.7854, 1.0]
[1, array([ 0.4821, -0.0293]), array([ 0.4781    , -0.03287619]), 0.7854, 1.0]
[1, array([ 0.4821, -0.0293]), array([ 0.47825238, -0.03287619]), 0.7854, 1.0]
[1, array([ 0.4821, -0.0293]), array([ 0.47840476, -0.03287619]), 0.7854, 1.0]
[1, array([ 0.4821, -0.0293]), array([ 0.47855714, -0.03287619]), 0.7854, 1.0]
[1, array([ 0.4821, -0.0293]), array([ 0.47870952, -0.03287619]), 0.7854, 1.0]
[1, array([ 0.4821, -0.0293]), array([ 0.4788619 , -0.03287619]), 0.7854, 1.0]
[1, array([ 0.4821, -0.0293]), array([ 0.47901429, -0.03287619]), 0.7854, 1.0]
[1, array([ 0.4821, -0.0293]), array([ 0.47916667, -0.03287619]), 0.7854, 1.0]
[1, array([ 0.4821, -0.0293]), array([ 0.47931905, -0.03287619]), 0.7854, 1.0]
[1, array([ 0.4821, -0.0293]), array([ 0.47947143, -0.03287619]), 0.7854, 1.0]
[1, array([ 0.4821, -0.0293]), array([ 0.47962381, -0.03287619]), 0.7854, 1.0]
[1, array([ 0.4821, -0.0293]), array([ 0.47977619, -0.03287619]), 0.7854, 1.0]
[1, array([ 0.4821, -0.0293]), array([ 0.47992857, -0.03287619]), 0.7854, 1.0]
[1, array([ 0.4821, -0.0293]), array([ 0.48008095, -0.03287619]), 0.7854, 1.0]
[1, array([ 0.4821, -0.0293]), array([ 0.48023333, -0.03287619]), 0.7854, 1.0]
[1, array([ 0.4821, -0.0293]), array([ 0.48038571, -0.03287619]), 0.7854, 1.0]
[1, array([ 0.4821, -0.0293]), array([ 0.4805381 , -0.03287619]), 0.7854, 1.0]
[1, array([ 0.4821, -0.0293]), array([ 0.48069048, -0.03287619]), 0.7854, 1.0]
[1, array([ 0.4821, -0.0293]), array([ 0.48084286, -0.03287619]), 0.7854, 1.0]
[1, array([ 0.4821, -0.0293]), array([ 0.48099524, -0.03287619]), 0.7854, 1.0]
[1, array([ 0.4821, -0.0293]), array([ 0.48114762, -0.03287619]), 0.7854, 1.0]
[1, array([ 0.4821, -0.0293]), array([ 0.4813    , -0.03287619]), 0.7854, 1.0]
[1, array([ 0.4821, -0.0293]), array([ 0.4781    , -0.03272381]), 0.7854, 1.0]
[1, array([ 0.4821, -0.0293]), array([ 0.47825238, -0.03272381]), 0.7854, 1.0]
[1, array([ 0.4821, -0.0293]), array([ 0.47840476, -0.03272381]), 0.7854, 1.0]
[1, array([ 0.4821, -0.0293]), array([ 0.47855714, -0.03272381]), 0.7854, 1.0]
[1, array([ 0.4821, -0.0293]), array([ 0.47870952, -0.03272381]), 0.7854, 1.0]
[1, array([ 0.4821, -0.0293]), array([ 0.4788619 , -0.03272381]), 0.7854, 1.0]
[1, array([ 0.4821, -0.0293]), array([ 0.47901429, -0.03272381]), 0.7854, 1.0]
[1, array([ 0.4821, -0.0293]), array([ 0.47916667, -0.03272381]), 0.7854, 1.0]
[1, array([ 0.4821, -0.0293]), array([ 0.47931905, -0.03272381]), 0.7854, 1.0]
[1, array([ 0.4821, -0.0293]), array([ 0.47947143, -0.03272381]), 0.7854, 1.0]
[1, array([ 0.4821, -0.0293]), array([ 0.47962381, -0.03272381]), 0.7854, 1.0]
[1, array([ 0.4821, -0.0293]), array([ 0.47977619, -0.03272381]), 0.7854, 1.0]
[1, array([ 0.4821, -0.0293]), array([ 0.47992857, -0.03272381]), 0.7854, 1.0]
[1, array([ 0.4821, -0.0293]), array([ 0.48008095, -0.03272381]), 0.7854, 1.0]
[1, array([ 0.4821, -0.0293]), array([ 0.48023333, -0.03272381]), 0.7854, 1.0]
[1, array([ 0.4821, -0.0293]), array([ 0.48038571, -0.03272381]), 0.7854, 1.0]
[1, array([ 0.4821, -0.0293]), array([ 0.4805381 , -0.03272381]), 0.7854, 1.0]
[1, array([ 0.4821, -0.0293]), array([ 0.48069048, -0.03272381]), 0.7854, 1.0]
[1, array([ 0.4821, -0.0293]), array([ 0.48084286, -0.03272381]), 0.7854, 1.0]
[1, array([ 0.4821, -0.0293]), array([ 0.48099524, -0.03272381]), 0.7854, 1.0]
[1, array([ 0.4821, -0.0293]), array([ 0.48114762, -0.03272381]), 0.7854, 1.0]
[1, array([ 0.4821, -0.0293]), array([ 0.4813    , -0.03272381]), 0.7854, 1.0]
[1, array([ 0.4821, -0.0293]), array([ 0.4781    , -0.03257143]), 0.7854, 1.0]
[1, array([ 0.4821, -0.0293]), array([ 0.47825238, -0.03257143]), 0.7854, 1.0]
[1, array([ 0.4821, -0.0293]), array([ 0.47840476, -0.03257143]), 0.7854, 1.0]
[1, array([ 0.4821, -0.0293]), array([ 0.47855714, -0.03257143]), 0.7854, 1.0]
[1, array([ 0.4821, -0.0293]), array([ 0.47870952, -0.03257143]), 0.7854, 1.0]
[1, array([ 0.4821, -0.0293]), array([ 0.4788619 , -0.03257143]), 0.7854, 1.0]
[1, array([ 0.4821, -0.0293]), array([ 0.47901429, -0.03257143]), 0.7854, 1.0]
[1, array([ 0.4821, -0.0293]), array([ 0.47916667, -0.03257143]), 0.7854, 1.0]
[1, array([ 0.4821, -0.0293]), array([ 0.47931905, -0.03257143]), 0.7854, 1.0]
[1, array([ 0.4821, -0.0293]), array([ 0.47947143, -0.03257143]), 0.7854, 1.0]
[1, array([ 0.4821, -0.0293]), array([ 0.47962381, -0.03257143]), 0.7854, 1.0]
[1, array([ 0.4821, -0.0293]), array([ 0.47977619, -0.03257143]), 0.7854, 1.0]
[1, array([ 0.4821, -0.0293]), array([ 0.47992857, -0.03257143]), 0.7854, 1.0]
[1, array([ 0.4821, -0.0293]), array([ 0.48008095, -0.03257143]), 0.7854, 1.0]
[1, array([ 0.4821, -0.0293]), array([ 0.48023333, -0.03257143]), 0.7854, 1.0]
[1, array([ 0.4821, -0.0293]), array([ 0.48038571, -0.03257143]), 0.7854, 1.0]
[1, array([ 0.4821, -0.0293]), array([ 0.4805381 , -0.03257143]), 0.7854, 1.0]
[1, array([ 0.4821, -0.0293]), array([ 0.48069048, -0.03257143]), 0.7854, 1.0]
[1, array([ 0.4821, -0.0293]), array([ 0.48084286, -0.03257143]), 0.7854, 1.0]
[1, array([ 0.4821, -0.0293]), array([ 0.48099524, -0.03257143]), 0.7854, 1.0]
[1, array([ 0.4821, -0.0293]), array([ 0.48114762, -0.03257143]), 0.7854, 1.0]
[1, array([ 0.4821, -0.0293]), array([ 0.4813    , -0.03257143]), 0.7854, 1.0]
[1, array([ 0.4821, -0.0293]), array([ 0.4781    , -0.03241905]), 0.7854, 1.0]
[1, array([ 0.4821, -0.0293]), array([ 0.47825238, -0.03241905]), 0.7854, 1.0]
[1, array([ 0.4821, -0.0293]), array([ 0.47840476, -0.03241905]), 0.7854, 1.0]
[1, array([ 0.4821, -0.0293]), array([ 0.47855714, -0.03241905]), 0.7854, 1.0]
[1, array([ 0.4821, -0.0293]), array([ 0.47870952, -0.03241905]), 0.7854, 1.0]
[1, array([ 0.4821, -0.0293]), array([ 0.4788619 , -0.03241905]), 0.7854, 1.0]
[1, array([ 0.4821, -0.0293]), array([ 0.47901429, -0.03241905]), 0.7854, 1.0]
[1, array([ 0.4821, -0.0293]), array([ 0.47916667, -0.03241905]), 0.7854, 1.0]
[1, array([ 0.4821, -0.0293]), array([ 0.47931905, -0.03241905]), 0.7854, 1.0]
[1, array([ 0.4821, -0.0293]), array([ 0.47947143, -0.03241905]), 0.7854, 1.0]
[1, array([ 0.4821, -0.0293]), array([ 0.47962381, -0.03241905]), 0.7854, 1.0]
[1, array([ 0.4821, -0.0293]), array([ 0.47977619, -0.03241905]), 0.7854, 1.0]
[1, array([ 0.4821, -0.0293]), array([ 0.47992857, -0.03241905]), 0.7854, 1.0]
[1, array([ 0.4821, -0.0293]), array([ 0.48008095, -0.03241905]), 0.7854, 1.0]
[1, array([ 0.4821, -0.0293]), array([ 0.48023333, -0.03241905]), 0.7854, 1.0]
[1, array([ 0.4821, -0.0293]), array([ 0.48038571, -0.03241905]), 0.7854, 1.0]
[1, array([ 0.4821, -0.0293]), array([ 0.4805381 , -0.03241905]), 0.7854, 1.0]
[1, array([ 0.4821, -0.0293]), array([ 0.48069048, -0.03241905]), 0.7854, 1.0]
[1, array([ 0.4821, -0.0293]), array([ 0.48084286, -0.03241905]), 0.7854, 1.0]
[1, array([ 0.4821, -0.0293]), array([ 0.48099524, -0.03241905]), 0.7854, 1.0]
[1, array([ 0.4821, -0.0293]), array([ 0.48114762, -0.03241905]), 0.7854, 1.0]
[1, array([ 0.4821, -0.0293]), array([ 0.4813    , -0.03241905]), 0.7854, 1.0]
[1, array([ 0.4821, -0.0293]), array([ 0.4781    , -0.03226667]), 0.7854, 1.0]
[1, array([ 0.4821, -0.0293]), array([ 0.47825238, -0.03226667]), 0.7854, 1.0]
[1, array([ 0.4821, -0.0293]), array([ 0.47840476, -0.03226667]), 0.7854, 1.0]
[1, array([ 0.4821, -0.0293]), array([ 0.47855714, -0.03226667]), 0.7854, 1.0]
[1, array([ 0.4821, -0.0293]), array([ 0.47870952, -0.03226667]), 0.7854, 1.0]
[1, array([ 0.4821, -0.0293]), array([ 0.4788619 , -0.03226667]), 0.7854, 1.0]
[1, array([ 0.4821, -0.0293]), array([ 0.47901429, -0.03226667]), 0.7854, 1.0]
[1, array([ 0.4821, -0.0293]), array([ 0.47916667, -0.03226667]), 0.7854, 1.0]
[1, array([ 0.4821, -0.0293]), array([ 0.47931905, -0.03226667]), 0.7854, 1.0]
[1, array([ 0.4821, -0.0293]), array([ 0.47947143, -0.03226667]), 0.7854, 1.0]
[1, array([ 0.4821, -0.0293]), array([ 0.47962381, -0.03226667]), 0.7854, 1.0]
[1, array([ 0.4821, -0.0293]), array([ 0.47977619, -0.03226667]), 0.7854, 1.0]
[1, array([ 0.4821, -0.0293]), array([ 0.47992857, -0.03226667]), 0.7854, 1.0]
[1, array([ 0.4821, -0.0293]), array([ 0.48008095, -0.03226667]), 0.7854, 1.0]
[1, array([ 0.4821, -0.0293]), array([ 0.48023333, -0.03226667]), 0.7854, 1.0]
[1, array([ 0.4821, -0.0293]), array([ 0.48038571, -0.03226667]), 0.7854, 1.0]
[1, array([ 0.4821, -0.0293]), array([ 0.4805381 , -0.03226667]), 0.7854, 1.0]
[1, array([ 0.4821, -0.0293]), array([ 0.48069048, -0.03226667]), 0.7854, 1.0]
[1, array([ 0.4821, -0.0293]), array([ 0.48084286, -0.03226667]), 0.7854, 1.0]
[1, array([ 0.4821, -0.0293]), array([ 0.48099524, -0.03226667]), 0.7854, 1.0]
[1, array([ 0.4821, -0.0293]), array([ 0.48114762, -0.03226667]), 0.7854, 1.0]
[1, array([ 0.4821, -0.0293]), array([ 0.4813    , -0.03226667]), 0.7854, 1.0]
[1, array([ 0.4821, -0.0293]), array([ 0.4781    , -0.03211429]), 0.7854, 1.0]
[1, array([ 0.4821, -0.0293]), array([ 0.47825238, -0.03211429]), 0.7854, 1.0]
[1, array([ 0.4821, -0.0293]), array([ 0.47840476, -0.03211429]), 0.7854, 1.0]
[1, array([ 0.4821, -0.0293]), array([ 0.47855714, -0.03211429]), 0.7854, 1.0]
[1, array([ 0.4821, -0.0293]), array([ 0.47870952, -0.03211429]), 0.7854, 1.0]
[1, array([ 0.4821, -0.0293]), array([ 0.4788619 , -0.03211429]), 0.7854, 1.0]
[1, array([ 0.4821, -0.0293]), array([ 0.47901429, -0.03211429]), 0.7854, 1.0]
[1, array([ 0.4821, -0.0293]), array([ 0.47916667, -0.03211429]), 0.7854, 1.0]
[1, array([ 0.4821, -0.0293]), array([ 0.47931905, -0.03211429]), 0.7854, 1.0]
[1, array([ 0.4821, -0.0293]), array([ 0.47947143, -0.03211429]), 0.7854, 1.0]
[1, array([ 0.4821, -0.0293]), array([ 0.47962381, -0.03211429]), 0.7854, 1.0]
[1, array([ 0.4821, -0.0293]), array([ 0.47977619, -0.03211429]), 0.7854, 1.0]
[1, array([ 0.4821, -0.0293]), array([ 0.47992857, -0.03211429]), 0.7854, 1.0]
[1, array([ 0.4821, -0.0293]), array([ 0.48008095, -0.03211429]), 0.7854, 1.0]
[1, array([ 0.4821, -0.0293]), array([ 0.48023333, -0.03211429]), 0.7854, 1.0]
[1, array([ 0.4821, -0.0293]), array([ 0.48038571, -0.03211429]), 0.7854, 1.0]
[1, array([ 0.4821, -0.0293]), array([ 0.4805381 , -0.03211429]), 0.7854, 1.0]
[1, array([ 0.4821, -0.0293]), array([ 0.48069048, -0.03211429]), 0.7854, 1.0]
[1, array([ 0.4821, -0.0293]), array([ 0.48084286, -0.03211429]), 0.7854, 1.0]
[1, array([ 0.4821, -0.0293]), array([ 0.48099524, -0.03211429]), 0.7854, 1.0]
[1, array([ 0.4821, -0.0293]), array([ 0.48114762, -0.03211429]), 0.7854, 1.0]
[1, array([ 0.4821, -0.0293]), array([ 0.4813    , -0.03211429]), 0.7854, 1.0]
[1, array([ 0.4821, -0.0293]), array([ 0.4781   , -0.0319619]), 0.7854, 1.0]
[1, array([ 0.4821, -0.0293]), array([ 0.47825238, -0.0319619 ]), 0.7854, 1.0]
[1, array([ 0.4821, -0.0293]), array([ 0.47840476, -0.0319619 ]), 0.7854, 1.0]
[1, array([ 0.4821, -0.0293]), array([ 0.47855714, -0.0319619 ]), 0.7854, 1.0]
[1, array([ 0.4821, -0.0293]), array([ 0.47870952, -0.0319619 ]), 0.7854, 1.0]
[1, array([ 0.4821, -0.0293]), array([ 0.4788619, -0.0319619]), 0.7854, 1.0]
[1, array([ 0.4821, -0.0293]), array([ 0.47901429, -0.0319619 ]), 0.7854, 1.0]
[1, array([ 0.4821, -0.0293]), array([ 0.47916667, -0.0319619 ]), 0.7854, 1.0]
[1, array([ 0.4821, -0.0293]), array([ 0.47931905, -0.0319619 ]), 0.7854, 1.0]
[1, array([ 0.4821, -0.0293]), array([ 0.47947143, -0.0319619 ]), 0.7854, 1.0]
[1, array([ 0.4821, -0.0293]), array([ 0.47962381, -0.0319619 ]), 0.7854, 1.0]
[1, array([ 0.4821, -0.0293]), array([ 0.47977619, -0.0319619 ]), 0.7854, 1.0]
[1, array([ 0.4821, -0.0293]), array([ 0.47992857, -0.0319619 ]), 0.7854, 1.0]
[1, array([ 0.4821, -0.0293]), array([ 0.48008095, -0.0319619 ]), 0.7854, 1.0]
[1, array([ 0.4821, -0.0293]), array([ 0.48023333, -0.0319619 ]), 0.7854, 1.0]
[1, array([ 0.4821, -0.0293]), array([ 0.48038571, -0.0319619 ]), 0.7854, 1.0]
[1, array([ 0.4821, -0.0293]), array([ 0.4805381, -0.0319619]), 0.7854, 1.0]
[1, array([ 0.4821, -0.0293]), array([ 0.48069048, -0.0319619 ]), 0.7854, 1.0]
[1, array([ 0.4821, -0.0293]), array([ 0.48084286, -0.0319619 ]), 0.7854, 1.0]
[1, array([ 0.4821, -0.0293]), array([ 0.48099524, -0.0319619 ]), 0.7854, 1.0]
[1, array([ 0.4821, -0.0293]), array([ 0.48114762, -0.0319619 ]), 0.7854, 1.0]
[1, array([ 0.4821, -0.0293]), array([ 0.4813   , -0.0319619]), 0.7854, 1.0]
[1, array([ 0.4821, -0.0293]), array([ 0.4781    , -0.03180952]), 0.7854, 1.0]
[1, array([ 0.4821, -0.0293]), array([ 0.47825238, -0.03180952]), 0.7854, 1.0]
[1, array([ 0.4821, -0.0293]), array([ 0.47840476, -0.03180952]), 0.7854, 1.0]
[1, array([ 0.4821, -0.0293]), array([ 0.47855714, -0.03180952]), 0.7854, 1.0]
[1, array([ 0.4821, -0.0293]), array([ 0.47870952, -0.03180952]), 0.7854, 1.0]
[1, array([ 0.4821, -0.0293]), array([ 0.4788619 , -0.03180952]), 0.7854, 1.0]
[1, array([ 0.4821, -0.0293]), array([ 0.47901429, -0.03180952]), 0.7854, 1.0]
[1, array([ 0.4821, -0.0293]), array([ 0.47916667, -0.03180952]), 0.7854, 1.0]
[1, array([ 0.4821, -0.0293]), array([ 0.47931905, -0.03180952]), 0.7854, 1.0]
[1, array([ 0.4821, -0.0293]), array([ 0.47947143, -0.03180952]), 0.7854, 1.0]
[1, array([ 0.4821, -0.0293]), array([ 0.47962381, -0.03180952]), 0.7854, 1.0]
[1, array([ 0.4821, -0.0293]), array([ 0.47977619, -0.03180952]), 0.7854, 1.0]
[1, array([ 0.4821, -0.0293]), array([ 0.47992857, -0.03180952]), 0.7854, 1.0]
[1, array([ 0.4821, -0.0293]), array([ 0.48008095, -0.03180952]), 0.7854, 1.0]
[1, array([ 0.4821, -0.0293]), array([ 0.48023333, -0.03180952]), 0.7854, 1.0]
[1, array([ 0.4821, -0.0293]), array([ 0.48038571, -0.03180952]), 0.7854, 1.0]
[1, array([ 0.4821, -0.0293]), array([ 0.4805381 , -0.03180952]), 0.7854, 1.0]
[1, array([ 0.4821, -0.0293]), array([ 0.48069048, -0.03180952]), 0.7854, 1.0]
[1, array([ 0.4821, -0.0293]), array([ 0.48084286, -0.03180952]), 0.7854, 1.0]
[1, array([ 0.4821, -0.0293]), array([ 0.48099524, -0.03180952]), 0.7854, 1.0]
[1, array([ 0.4821, -0.0293]), array([ 0.48114762, -0.03180952]), 0.7854, 1.0]
[1, array([ 0.4821, -0.0293]), array([ 0.4813    , -0.03180952]), 0.7854, 1.0]
[1, array([ 0.4821, -0.0293]), array([ 0.4781    , -0.03165714]), 0.7854, 1.0]
[1, array([ 0.4821, -0.0293]), array([ 0.47825238, -0.03165714]), 0.7854, 1.0]
[1, array([ 0.4821, -0.0293]), array([ 0.47840476, -0.03165714]), 0.7854, 1.0]
[1, array([ 0.4821, -0.0293]), array([ 0.47855714, -0.03165714]), 0.7854, 1.0]
[1, array([ 0.4821, -0.0293]), array([ 0.47870952, -0.03165714]), 0.7854, 1.0]
[1, array([ 0.4821, -0.0293]), array([ 0.4788619 , -0.03165714]), 0.7854, 1.0]
[1, array([ 0.4821, -0.0293]), array([ 0.47901429, -0.03165714]), 0.7854, 1.0]
[1, array([ 0.4821, -0.0293]), array([ 0.47916667, -0.03165714]), 0.7854, 1.0]
[1, array([ 0.4821, -0.0293]), array([ 0.47931905, -0.03165714]), 0.7854, 1.0]
[1, array([ 0.4821, -0.0293]), array([ 0.47947143, -0.03165714]), 0.7854, 1.0]
[1, array([ 0.4821, -0.0293]), array([ 0.47962381, -0.03165714]), 0.7854, 1.0]
[1, array([ 0.4821, -0.0293]), array([ 0.47977619, -0.03165714]), 0.7854, 1.0]
[1, array([ 0.4821, -0.0293]), array([ 0.47992857, -0.03165714]), 0.7854, 1.0]
[1, array([ 0.4821, -0.0293]), array([ 0.48008095, -0.03165714]), 0.7854, 1.0]
[1, array([ 0.4821, -0.0293]), array([ 0.48023333, -0.03165714]), 0.7854, 1.0]
[1, array([ 0.4821, -0.0293]), array([ 0.48038571, -0.03165714]), 0.7854, 1.0]
[1, array([ 0.4821, -0.0293]), array([ 0.4805381 , -0.03165714]), 0.7854, 1.0]
[1, array([ 0.4821, -0.0293]), array([ 0.48069048, -0.03165714]), 0.7854, 1.0]
[1, array([ 0.4821, -0.0293]), array([ 0.48084286, -0.03165714]), 0.7854, 1.0]
[1, array([ 0.4821, -0.0293]), array([ 0.48099524, -0.03165714]), 0.7854, 1.0]
[1, array([ 0.4821, -0.0293]), array([ 0.48114762, -0.03165714]), 0.7854, 1.0]
[1, array([ 0.4821, -0.0293]), array([ 0.4813    , -0.03165714]), 0.7854, 1.0]
[1, array([ 0.4821, -0.0293]), array([ 0.4781    , -0.03150476]), 0.7854, 1.0]
[1, array([ 0.4821, -0.0293]), array([ 0.47825238, -0.03150476]), 0.7854, 1.0]
[1, array([ 0.4821, -0.0293]), array([ 0.47840476, -0.03150476]), 0.7854, 1.0]
[1, array([ 0.4821, -0.0293]), array([ 0.47855714, -0.03150476]), 0.7854, 1.0]
[1, array([ 0.4821, -0.0293]), array([ 0.47870952, -0.03150476]), 0.7854, 1.0]
[1, array([ 0.4821, -0.0293]), array([ 0.4788619 , -0.03150476]), 0.7854, 1.0]
[1, array([ 0.4821, -0.0293]), array([ 0.47901429, -0.03150476]), 0.7854, 1.0]
[1, array([ 0.4821, -0.0293]), array([ 0.47916667, -0.03150476]), 0.7854, 1.0]
[1, array([ 0.4821, -0.0293]), array([ 0.47931905, -0.03150476]), 0.7854, 1.0]
[1, array([ 0.4821, -0.0293]), array([ 0.47947143, -0.03150476]), 0.7854, 1.0]
[1, array([ 0.4821, -0.0293]), array([ 0.47962381, -0.03150476]), 0.7854, 1.0]
[1, array([ 0.4821, -0.0293]), array([ 0.47977619, -0.03150476]), 0.7854, 1.0]
[1, array([ 0.4821, -0.0293]), array([ 0.47992857, -0.03150476]), 0.7854, 1.0]
[1, array([ 0.4821, -0.0293]), array([ 0.48008095, -0.03150476]), 0.7854, 1.0]
[1, array([ 0.4821, -0.0293]), array([ 0.48023333, -0.03150476]), 0.7854, 1.0]
[1, array([ 0.4821, -0.0293]), array([ 0.48038571, -0.03150476]), 0.7854, 1.0]
[1, array([ 0.4821, -0.0293]), array([ 0.4805381 , -0.03150476]), 0.7854, 1.0]
[1, array([ 0.4821, -0.0293]), array([ 0.48069048, -0.03150476]), 0.7854, 1.0]
[1, array([ 0.4821, -0.0293]), array([ 0.48084286, -0.03150476]), 0.7854, 1.0]
[1, array([ 0.4821, -0.0293]), array([ 0.48099524, -0.03150476]), 0.7854, 1.0]
[1, array([ 0.4821, -0.0293]), array([ 0.48114762, -0.03150476]), 0.7854, 1.0]
[1, array([ 0.4821, -0.0293]), array([ 0.4813    , -0.03150476]), 0.7854, 1.0]
[1, array([ 0.4821, -0.0293]), array([ 0.4781    , -0.03135238]), 0.7854, 1.0]
[1, array([ 0.4821, -0.0293]), array([ 0.47825238, -0.03135238]), 0.7854, 1.0]
[1, array([ 0.4821, -0.0293]), array([ 0.47840476, -0.03135238]), 0.7854, 1.0]
[1, array([ 0.4821, -0.0293]), array([ 0.47855714, -0.03135238]), 0.7854, 1.0]
[1, array([ 0.4821, -0.0293]), array([ 0.47870952, -0.03135238]), 0.7854, 1.0]
[1, array([ 0.4821, -0.0293]), array([ 0.4788619 , -0.03135238]), 0.7854, 1.0]
[1, array([ 0.4821, -0.0293]), array([ 0.47901429, -0.03135238]), 0.7854, 1.0]
[1, array([ 0.4821, -0.0293]), array([ 0.47916667, -0.03135238]), 0.7854, 1.0]
[1, array([ 0.4821, -0.0293]), array([ 0.47931905, -0.03135238]), 0.7854, 1.0]
[1, array([ 0.4821, -0.0293]), array([ 0.47947143, -0.03135238]), 0.7854, 1.0]
[1, array([ 0.4821, -0.0293]), array([ 0.47962381, -0.03135238]), 0.7854, 1.0]
[1, array([ 0.4821, -0.0293]), array([ 0.47977619, -0.03135238]), 0.7854, 1.0]
[1, array([ 0.4821, -0.0293]), array([ 0.47992857, -0.03135238]), 0.7854, 1.0]
[1, array([ 0.4821, -0.0293]), array([ 0.48008095, -0.03135238]), 0.7854, 1.0]
[1, array([ 0.4821, -0.0293]), array([ 0.48023333, -0.03135238]), 0.7854, 1.0]
[1, array([ 0.4821, -0.0293]), array([ 0.48038571, -0.03135238]), 0.7854, 1.0]
[1, array([ 0.4821, -0.0293]), array([ 0.4805381 , -0.03135238]), 0.7854, 1.0]
[1, array([ 0.4821, -0.0293]), array([ 0.48069048, -0.03135238]), 0.7854, 1.0]
[1, array([ 0.4821, -0.0293]), array([ 0.48084286, -0.03135238]), 0.7854, 1.0]
[1, array([ 0.4821, -0.0293]), array([ 0.48099524, -0.03135238]), 0.7854, 1.0]
[1, array([ 0.4821, -0.0293]), array([ 0.48114762, -0.03135238]), 0.7854, 1.0]
[1, array([ 0.4821, -0.0293]), array([ 0.4813    , -0.03135238]), 0.7854, 1.0]
[1, array([ 0.4821, -0.0293]), array([ 0.4781, -0.0312]), 0.7854, 1.0]
[1, array([ 0.4821, -0.0293]), array([ 0.47825238, -0.0312    ]), 0.7854, 1.0]
[1, array([ 0.4821, -0.0293]), array([ 0.47840476, -0.0312    ]), 0.7854, 1.0]
[1, array([ 0.4821, -0.0293]), array([ 0.47855714, -0.0312    ]), 0.7854, 1.0]
[1, array([ 0.4821, -0.0293]), array([ 0.47870952, -0.0312    ]), 0.7854, 1.0]
[1, array([ 0.4821, -0.0293]), array([ 0.4788619, -0.0312   ]), 0.7854, 1.0]
[1, array([ 0.4821, -0.0293]), array([ 0.47901429, -0.0312    ]), 0.7854, 1.0]
[1, array([ 0.4821, -0.0293]), array([ 0.47916667, -0.0312    ]), 0.7854, 1.0]
[1, array([ 0.4821, -0.0293]), array([ 0.47931905, -0.0312    ]), 0.7854, 1.0]
[1, array([ 0.4821, -0.0293]), array([ 0.47947143, -0.0312    ]), 0.7854, 1.0]
[1, array([ 0.4821, -0.0293]), array([ 0.47962381, -0.0312    ]), 0.7854, 1.0]
[1, array([ 0.4821, -0.0293]), array([ 0.47977619, -0.0312    ]), 0.7854, 1.0]
[1, array([ 0.4821, -0.0293]), array([ 0.47992857, -0.0312    ]), 0.7854, 1.0]
[1, array([ 0.4821, -0.0293]), array([ 0.48008095, -0.0312    ]), 0.7854, 1.0]
[1, array([ 0.4821, -0.0293]), array([ 0.48023333, -0.0312    ]), 0.7854, 1.0]
[1, array([ 0.4821, -0.0293]), array([ 0.48038571, -0.0312    ]), 0.7854, 1.0]
[1, array([ 0.4821, -0.0293]), array([ 0.4805381, -0.0312   ]), 0.7854, 1.0]
[1, array([ 0.4821, -0.0293]), array([ 0.48069048, -0.0312    ]), 0.7854, 1.0]
[1, array([ 0.4821, -0.0293]), array([ 0.48084286, -0.0312    ]), 0.7854, 1.0]
[1, array([ 0.4821, -0.0293]), array([ 0.48099524, -0.0312    ]), 0.7854, 1.0]
[1, array([ 0.4821, -0.0293]), array([ 0.48114762, -0.0312    ]), 0.7854, 1.0]
[1, array([ 0.4821, -0.0293]), array([ 0.4813, -0.0312]), 0.7854, 1.0]
[1, array([0.4902, 0.0261]), array([0.4844 , 0.02035]), 0.7854, 1.0]
[1, array([0.4902, 0.0261]), array([0.48454762, 0.02035   ]), 0.7854, 1.0]
[1, array([0.4902, 0.0261]), array([0.48469524, 0.02035   ]), 0.7854, 1.0]
[1, array([0.4902, 0.0261]), array([0.48484286, 0.02035   ]), 0.7854, 1.0]
[1, array([0.4902, 0.0261]), array([0.48499048, 0.02035   ]), 0.7854, 1.0]
[1, array([0.4902, 0.0261]), array([0.4851381, 0.02035  ]), 0.7854, 1.0]
[1, array([0.4902, 0.0261]), array([0.48528571, 0.02035   ]), 0.7854, 1.0]
[1, array([0.4902, 0.0261]), array([0.48543333, 0.02035   ]), 0.7854, 1.0]
[1, array([0.4902, 0.0261]), array([0.48558095, 0.02035   ]), 0.7854, 1.0]
[1, array([0.4902, 0.0261]), array([0.48572857, 0.02035   ]), 0.7854, 1.0]
[1, array([0.4902, 0.0261]), array([0.48587619, 0.02035   ]), 0.7854, 1.0]
[1, array([0.4902, 0.0261]), array([0.48602381, 0.02035   ]), 0.7854, 1.0]
[1, array([0.4902, 0.0261]), array([0.48617143, 0.02035   ]), 0.7854, 1.0]
[1, array([0.4902, 0.0261]), array([0.48631905, 0.02035   ]), 0.7854, 1.0]
[1, array([0.4902, 0.0261]), array([0.48646667, 0.02035   ]), 0.7854, 1.0]
[1, array([0.4902, 0.0261]), array([0.48661429, 0.02035   ]), 0.7854, 1.0]
[1, array([0.4902, 0.0261]), array([0.4867619, 0.02035  ]), 0.7854, 1.0]
[1, array([0.4902, 0.0261]), array([0.48690952, 0.02035   ]), 0.7854, 1.0]
[1, array([0.4902, 0.0261]), array([0.48705714, 0.02035   ]), 0.7854, 1.0]
[1, array([0.4902, 0.0261]), array([0.48720476, 0.02035   ]), 0.7854, 1.0]
[1, array([0.4902, 0.0261]), array([0.48735238, 0.02035   ]), 0.7854, 1.0]
[1, array([0.4902, 0.0261]), array([0.4875 , 0.02035]), 0.7854, 1.0]
[1, array([0.4902, 0.0261]), array([0.4844    , 0.02049762]), 0.7854, 1.0]
[1, array([0.4902, 0.0261]), array([0.48454762, 0.02049762]), 0.7854, 1.0]
[1, array([0.4902, 0.0261]), array([0.48469524, 0.02049762]), 0.7854, 1.0]
[1, array([0.4902, 0.0261]), array([0.48484286, 0.02049762]), 0.7854, 1.0]
[1, array([0.4902, 0.0261]), array([0.48499048, 0.02049762]), 0.7854, 1.0]
[1, array([0.4902, 0.0261]), array([0.4851381 , 0.02049762]), 0.7854, 1.0]
[1, array([0.4902, 0.0261]), array([0.48528571, 0.02049762]), 0.7854, 1.0]
[1, array([0.4902, 0.0261]), array([0.48543333, 0.02049762]), 0.7854, 1.0]
[1, array([0.4902, 0.0261]), array([0.48558095, 0.02049762]), 0.7854, 1.0]
[1, array([0.4902, 0.0261]), array([0.48572857, 0.02049762]), 0.7854, 1.0]
[1, array([0.4902, 0.0261]), array([0.48587619, 0.02049762]), 0.7854, 1.0]
[1, array([0.4902, 0.0261]), array([0.48602381, 0.02049762]), 0.7854, 1.0]
[1, array([0.4902, 0.0261]), array([0.48617143, 0.02049762]), 0.7854, 1.0]
[1, array([0.4902, 0.0261]), array([0.48631905, 0.02049762]), 0.7854, 1.0]
[1, array([0.4902, 0.0261]), array([0.48646667, 0.02049762]), 0.7854, 1.0]
[1, array([0.4902, 0.0261]), array([0.48661429, 0.02049762]), 0.7854, 1.0]
[1, array([0.4902, 0.0261]), array([0.4867619 , 0.02049762]), 0.7854, 1.0]
[1, array([0.4902, 0.0261]), array([0.48690952, 0.02049762]), 0.7854, 1.0]
[1, array([0.4902, 0.0261]), array([0.48705714, 0.02049762]), 0.7854, 1.0]
[1, array([0.4902, 0.0261]), array([0.48720476, 0.02049762]), 0.7854, 1.0]
[1, array([0.4902, 0.0261]), array([0.48735238, 0.02049762]), 0.7854, 1.0]
[1, array([0.4902, 0.0261]), array([0.4875    , 0.02049762]), 0.7854, 1.0]
[1, array([0.4902, 0.0261]), array([0.4844    , 0.02064524]), 0.7854, 1.0]
[1, array([0.4902, 0.0261]), array([0.48454762, 0.02064524]), 0.7854, 1.0]
[1, array([0.4902, 0.0261]), array([0.48469524, 0.02064524]), 0.7854, 1.0]
[1, array([0.4902, 0.0261]), array([0.48484286, 0.02064524]), 0.7854, 1.0]
[1, array([0.4902, 0.0261]), array([0.48499048, 0.02064524]), 0.7854, 1.0]
[1, array([0.4902, 0.0261]), array([0.4851381 , 0.02064524]), 0.7854, 1.0]
[1, array([0.4902, 0.0261]), array([0.48528571, 0.02064524]), 0.7854, 1.0]
[1, array([0.4902, 0.0261]), array([0.48543333, 0.02064524]), 0.7854, 1.0]
[1, array([0.4902, 0.0261]), array([0.48558095, 0.02064524]), 0.7854, 1.0]
[1, array([0.4902, 0.0261]), array([0.48572857, 0.02064524]), 0.7854, 1.0]
[1, array([0.4902, 0.0261]), array([0.48587619, 0.02064524]), 0.7854, 1.0]
[1, array([0.4902, 0.0261]), array([0.48602381, 0.02064524]), 0.7854, 1.0]
[1, array([0.4902, 0.0261]), array([0.48617143, 0.02064524]), 0.7854, 1.0]
[1, array([0.4902, 0.0261]), array([0.48631905, 0.02064524]), 0.7854, 1.0]
[1, array([0.4902, 0.0261]), array([0.48646667, 0.02064524]), 0.7854, 1.0]
[1, array([0.4902, 0.0261]), array([0.48661429, 0.02064524]), 0.7854, 1.0]
[1, array([0.4902, 0.0261]), array([0.4867619 , 0.02064524]), 0.7854, 1.0]
[1, array([0.4902, 0.0261]), array([0.48690952, 0.02064524]), 0.7854, 1.0]
[1, array([0.4902, 0.0261]), array([0.48705714, 0.02064524]), 0.7854, 1.0]
[1, array([0.4902, 0.0261]), array([0.48720476, 0.02064524]), 0.7854, 1.0]
[1, array([0.4902, 0.0261]), array([0.48735238, 0.02064524]), 0.7854, 1.0]
[1, array([0.4902, 0.0261]), array([0.4875    , 0.02064524]), 0.7854, 1.0]
[1, array([0.4902, 0.0261]), array([0.4844    , 0.02079286]), 0.7854, 1.0]
[1, array([0.4902, 0.0261]), array([0.48454762, 0.02079286]), 0.7854, 1.0]
[1, array([0.4902, 0.0261]), array([0.48469524, 0.02079286]), 0.7854, 1.0]
[1, array([0.4902, 0.0261]), array([0.48484286, 0.02079286]), 0.7854, 1.0]
[1, array([0.4902, 0.0261]), array([0.48499048, 0.02079286]), 0.7854, 1.0]
[1, array([0.4902, 0.0261]), array([0.4851381 , 0.02079286]), 0.7854, 1.0]
[1, array([0.4902, 0.0261]), array([0.48528571, 0.02079286]), 0.7854, 1.0]
[1, array([0.4902, 0.0261]), array([0.48543333, 0.02079286]), 0.7854, 1.0]
[1, array([0.4902, 0.0261]), array([0.48558095, 0.02079286]), 0.7854, 1.0]
[1, array([0.4902, 0.0261]), array([0.48572857, 0.02079286]), 0.7854, 1.0]
[1, array([0.4902, 0.0261]), array([0.48587619, 0.02079286]), 0.7854, 1.0]
[1, array([0.4902, 0.0261]), array([0.48602381, 0.02079286]), 0.7854, 1.0]
[1, array([0.4902, 0.0261]), array([0.48617143, 0.02079286]), 0.7854, 1.0]
[1, array([0.4902, 0.0261]), array([0.48631905, 0.02079286]), 0.7854, 1.0]
[1, array([0.4902, 0.0261]), array([0.48646667, 0.02079286]), 0.7854, 1.0]
[1, array([0.4902, 0.0261]), array([0.48661429, 0.02079286]), 0.7854, 1.0]
[1, array([0.4902, 0.0261]), array([0.4867619 , 0.02079286]), 0.7854, 1.0]
[1, array([0.4902, 0.0261]), array([0.48690952, 0.02079286]), 0.7854, 1.0]
[1, array([0.4902, 0.0261]), array([0.48705714, 0.02079286]), 0.7854, 1.0]
[1, array([0.4902, 0.0261]), array([0.48720476, 0.02079286]), 0.7854, 1.0]
[1, array([0.4902, 0.0261]), array([0.48735238, 0.02079286]), 0.7854, 1.0]
[1, array([0.4902, 0.0261]), array([0.4875    , 0.02079286]), 0.7854, 1.0]
[1, array([0.4902, 0.0261]), array([0.4844    , 0.02094048]), 0.7854, 1.0]
[1, array([0.4902, 0.0261]), array([0.48454762, 0.02094048]), 0.7854, 1.0]
[1, array([0.4902, 0.0261]), array([0.48469524, 0.02094048]), 0.7854, 1.0]
[1, array([0.4902, 0.0261]), array([0.48484286, 0.02094048]), 0.7854, 1.0]
[1, array([0.4902, 0.0261]), array([0.48499048, 0.02094048]), 0.7854, 1.0]
[1, array([0.4902, 0.0261]), array([0.4851381 , 0.02094048]), 0.7854, 1.0]
[1, array([0.4902, 0.0261]), array([0.48528571, 0.02094048]), 0.7854, 1.0]
[1, array([0.4902, 0.0261]), array([0.48543333, 0.02094048]), 0.7854, 1.0]
[1, array([0.4902, 0.0261]), array([0.48558095, 0.02094048]), 0.7854, 1.0]
[1, array([0.4902, 0.0261]), array([0.48572857, 0.02094048]), 0.7854, 1.0]
[1, array([0.4902, 0.0261]), array([0.48587619, 0.02094048]), 0.7854, 1.0]
[1, array([0.4902, 0.0261]), array([0.48602381, 0.02094048]), 0.7854, 1.0]
[1, array([0.4902, 0.0261]), array([0.48617143, 0.02094048]), 0.7854, 1.0]
[1, array([0.4902, 0.0261]), array([0.48631905, 0.02094048]), 0.7854, 1.0]
[1, array([0.4902, 0.0261]), array([0.48646667, 0.02094048]), 0.7854, 1.0]
[1, array([0.4902, 0.0261]), array([0.48661429, 0.02094048]), 0.7854, 1.0]
[1, array([0.4902, 0.0261]), array([0.4867619 , 0.02094048]), 0.7854, 1.0]
[1, array([0.4902, 0.0261]), array([0.48690952, 0.02094048]), 0.7854, 1.0]
[1, array([0.4902, 0.0261]), array([0.48705714, 0.02094048]), 0.7854, 1.0]
[1, array([0.4902, 0.0261]), array([0.48720476, 0.02094048]), 0.7854, 1.0]
[1, array([0.4902, 0.0261]), array([0.48735238, 0.02094048]), 0.7854, 1.0]
[1, array([0.4902, 0.0261]), array([0.4875    , 0.02094048]), 0.7854, 1.0]
[1, array([0.4902, 0.0261]), array([0.4844   , 0.0210881]), 0.7854, 1.0]
[1, array([0.4902, 0.0261]), array([0.48454762, 0.0210881 ]), 0.7854, 1.0]
[1, array([0.4902, 0.0261]), array([0.48469524, 0.0210881 ]), 0.7854, 1.0]
[1, array([0.4902, 0.0261]), array([0.48484286, 0.0210881 ]), 0.7854, 1.0]
[1, array([0.4902, 0.0261]), array([0.48499048, 0.0210881 ]), 0.7854, 1.0]
[1, array([0.4902, 0.0261]), array([0.4851381, 0.0210881]), 0.7854, 1.0]
[1, array([0.4902, 0.0261]), array([0.48528571, 0.0210881 ]), 0.7854, 1.0]
[1, array([0.4902, 0.0261]), array([0.48543333, 0.0210881 ]), 0.7854, 1.0]
[1, array([0.4902, 0.0261]), array([0.48558095, 0.0210881 ]), 0.7854, 1.0]
[1, array([0.4902, 0.0261]), array([0.48572857, 0.0210881 ]), 0.7854, 1.0]
[1, array([0.4902, 0.0261]), array([0.48587619, 0.0210881 ]), 0.7854, 1.0]
[1, array([0.4902, 0.0261]), array([0.48602381, 0.0210881 ]), 0.7854, 1.0]
[1, array([0.4902, 0.0261]), array([0.48617143, 0.0210881 ]), 0.7854, 1.0]
[1, array([0.4902, 0.0261]), array([0.48631905, 0.0210881 ]), 0.7854, 1.0]
[1, array([0.4902, 0.0261]), array([0.48646667, 0.0210881 ]), 0.7854, 1.0]
[1, array([0.4902, 0.0261]), array([0.48661429, 0.0210881 ]), 0.7854, 1.0]
[1, array([0.4902, 0.0261]), array([0.4867619, 0.0210881]), 0.7854, 1.0]
[1, array([0.4902, 0.0261]), array([0.48690952, 0.0210881 ]), 0.7854, 1.0]
[1, array([0.4902, 0.0261]), array([0.48705714, 0.0210881 ]), 0.7854, 1.0]
[1, array([0.4902, 0.0261]), array([0.48720476, 0.0210881 ]), 0.7854, 1.0]
[1, array([0.4902, 0.0261]), array([0.48735238, 0.0210881 ]), 0.7854, 1.0]
[1, array([0.4902, 0.0261]), array([0.4875   , 0.0210881]), 0.7854, 1.0]
[1, array([0.4902, 0.0261]), array([0.4844    , 0.02123571]), 0.7854, 1.0]
[1, array([0.4902, 0.0261]), array([0.48454762, 0.02123571]), 0.7854, 1.0]
[1, array([0.4902, 0.0261]), array([0.48469524, 0.02123571]), 0.7854, 1.0]
[1, array([0.4902, 0.0261]), array([0.48484286, 0.02123571]), 0.7854, 1.0]
[1, array([0.4902, 0.0261]), array([0.48499048, 0.02123571]), 0.7854, 1.0]
[1, array([0.4902, 0.0261]), array([0.4851381 , 0.02123571]), 0.7854, 1.0]
[1, array([0.4902, 0.0261]), array([0.48528571, 0.02123571]), 0.7854, 1.0]
[1, array([0.4902, 0.0261]), array([0.48543333, 0.02123571]), 0.7854, 1.0]
[1, array([0.4902, 0.0261]), array([0.48558095, 0.02123571]), 0.7854, 1.0]
[1, array([0.4902, 0.0261]), array([0.48572857, 0.02123571]), 0.7854, 1.0]
[1, array([0.4902, 0.0261]), array([0.48587619, 0.02123571]), 0.7854, 1.0]
[1, array([0.4902, 0.0261]), array([0.48602381, 0.02123571]), 0.7854, 1.0]
[1, array([0.4902, 0.0261]), array([0.48617143, 0.02123571]), 0.7854, 1.0]
[1, array([0.4902, 0.0261]), array([0.48631905, 0.02123571]), 0.7854, 1.0]
[1, array([0.4902, 0.0261]), array([0.48646667, 0.02123571]), 0.7854, 1.0]
[1, array([0.4902, 0.0261]), array([0.48661429, 0.02123571]), 0.7854, 1.0]
[1, array([0.4902, 0.0261]), array([0.4867619 , 0.02123571]), 0.7854, 1.0]
[1, array([0.4902, 0.0261]), array([0.48690952, 0.02123571]), 0.7854, 1.0]
[1, array([0.4902, 0.0261]), array([0.48705714, 0.02123571]), 0.7854, 1.0]
[1, array([0.4902, 0.0261]), array([0.48720476, 0.02123571]), 0.7854, 1.0]
[1, array([0.4902, 0.0261]), array([0.48735238, 0.02123571]), 0.7854, 1.0]
[1, array([0.4902, 0.0261]), array([0.4875    , 0.02123571]), 0.7854, 1.0]
[1, array([0.4902, 0.0261]), array([0.4844    , 0.02138333]), 0.7854, 1.0]
[1, array([0.4902, 0.0261]), array([0.48454762, 0.02138333]), 0.7854, 1.0]
[1, array([0.4902, 0.0261]), array([0.48469524, 0.02138333]), 0.7854, 1.0]
[1, array([0.4902, 0.0261]), array([0.48484286, 0.02138333]), 0.7854, 1.0]
[1, array([0.4902, 0.0261]), array([0.48499048, 0.02138333]), 0.7854, 1.0]
[1, array([0.4902, 0.0261]), array([0.4851381 , 0.02138333]), 0.7854, 1.0]
[1, array([0.4902, 0.0261]), array([0.48528571, 0.02138333]), 0.7854, 1.0]
[1, array([0.4902, 0.0261]), array([0.48543333, 0.02138333]), 0.7854, 1.0]
[1, array([0.4902, 0.0261]), array([0.48558095, 0.02138333]), 0.7854, 1.0]
[1, array([0.4902, 0.0261]), array([0.48572857, 0.02138333]), 0.7854, 1.0]
[1, array([0.4902, 0.0261]), array([0.48587619, 0.02138333]), 0.7854, 1.0]
[1, array([0.4902, 0.0261]), array([0.48602381, 0.02138333]), 0.7854, 1.0]
[1, array([0.4902, 0.0261]), array([0.48617143, 0.02138333]), 0.7854, 1.0]
[1, array([0.4902, 0.0261]), array([0.48631905, 0.02138333]), 0.7854, 1.0]
[1, array([0.4902, 0.0261]), array([0.48646667, 0.02138333]), 0.7854, 1.0]
[1, array([0.4902, 0.0261]), array([0.48661429, 0.02138333]), 0.7854, 1.0]
[1, array([0.4902, 0.0261]), array([0.4867619 , 0.02138333]), 0.7854, 1.0]
[1, array([0.4902, 0.0261]), array([0.48690952, 0.02138333]), 0.7854, 1.0]
[1, array([0.4902, 0.0261]), array([0.48705714, 0.02138333]), 0.7854, 1.0]
[1, array([0.4902, 0.0261]), array([0.48720476, 0.02138333]), 0.7854, 1.0]
[1, array([0.4902, 0.0261]), array([0.48735238, 0.02138333]), 0.7854, 1.0]
[1, array([0.4902, 0.0261]), array([0.4875    , 0.02138333]), 0.7854, 1.0]
[1, array([0.4902, 0.0261]), array([0.4844    , 0.02153095]), 0.7854, 1.0]
[1, array([0.4902, 0.0261]), array([0.48454762, 0.02153095]), 0.7854, 1.0]
[1, array([0.4902, 0.0261]), array([0.48469524, 0.02153095]), 0.7854, 1.0]
[1, array([0.4902, 0.0261]), array([0.48484286, 0.02153095]), 0.7854, 1.0]
[1, array([0.4902, 0.0261]), array([0.48499048, 0.02153095]), 0.7854, 1.0]
[1, array([0.4902, 0.0261]), array([0.4851381 , 0.02153095]), 0.7854, 1.0]
[1, array([0.4902, 0.0261]), array([0.48528571, 0.02153095]), 0.7854, 1.0]
[1, array([0.4902, 0.0261]), array([0.48543333, 0.02153095]), 0.7854, 1.0]
[1, array([0.4902, 0.0261]), array([0.48558095, 0.02153095]), 0.7854, 1.0]
[1, array([0.4902, 0.0261]), array([0.48572857, 0.02153095]), 0.7854, 1.0]
[1, array([0.4902, 0.0261]), array([0.48587619, 0.02153095]), 0.7854, 1.0]
[1, array([0.4902, 0.0261]), array([0.48602381, 0.02153095]), 0.7854, 1.0]
[1, array([0.4902, 0.0261]), array([0.48617143, 0.02153095]), 0.7854, 1.0]
[1, array([0.4902, 0.0261]), array([0.48631905, 0.02153095]), 0.7854, 1.0]
[1, array([0.4902, 0.0261]), array([0.48646667, 0.02153095]), 0.7854, 1.0]
[1, array([0.4902, 0.0261]), array([0.48661429, 0.02153095]), 0.7854, 1.0]
[1, array([0.4902, 0.0261]), array([0.4867619 , 0.02153095]), 0.7854, 1.0]
[1, array([0.4902, 0.0261]), array([0.48690952, 0.02153095]), 0.7854, 1.0]
[1, array([0.4902, 0.0261]), array([0.48705714, 0.02153095]), 0.7854, 1.0]
[1, array([0.4902, 0.0261]), array([0.48720476, 0.02153095]), 0.7854, 1.0]
[1, array([0.4902, 0.0261]), array([0.48735238, 0.02153095]), 0.7854, 1.0]
[1, array([0.4902, 0.0261]), array([0.4875    , 0.02153095]), 0.7854, 1.0]
[1, array([0.4902, 0.0261]), array([0.4844    , 0.02167857]), 0.7854, 1.0]
[1, array([0.4902, 0.0261]), array([0.48454762, 0.02167857]), 0.7854, 1.0]
[1, array([0.4902, 0.0261]), array([0.48469524, 0.02167857]), 0.7854, 1.0]
[1, array([0.4902, 0.0261]), array([0.48484286, 0.02167857]), 0.7854, 1.0]
[1, array([0.4902, 0.0261]), array([0.48499048, 0.02167857]), 0.7854, 1.0]
[1, array([0.4902, 0.0261]), array([0.4851381 , 0.02167857]), 0.7854, 1.0]
[1, array([0.4902, 0.0261]), array([0.48528571, 0.02167857]), 0.7854, 1.0]
[1, array([0.4902, 0.0261]), array([0.48543333, 0.02167857]), 0.7854, 1.0]
[1, array([0.4902, 0.0261]), array([0.48558095, 0.02167857]), 0.7854, 1.0]
[1, array([0.4902, 0.0261]), array([0.48572857, 0.02167857]), 0.7854, 1.0]
[1, array([0.4902, 0.0261]), array([0.48587619, 0.02167857]), 0.7854, 1.0]
[1, array([0.4902, 0.0261]), array([0.48602381, 0.02167857]), 0.7854, 1.0]
[1, array([0.4902, 0.0261]), array([0.48617143, 0.02167857]), 0.7854, 1.0]
[1, array([0.4902, 0.0261]), array([0.48631905, 0.02167857]), 0.7854, 1.0]
[1, array([0.4902, 0.0261]), array([0.48646667, 0.02167857]), 0.7854, 1.0]
[1, array([0.4902, 0.0261]), array([0.48661429, 0.02167857]), 0.7854, 1.0]
[1, array([0.4902, 0.0261]), array([0.4867619 , 0.02167857]), 0.7854, 1.0]
[1, array([0.4902, 0.0261]), array([0.48690952, 0.02167857]), 0.7854, 1.0]
[1, array([0.4902, 0.0261]), array([0.48705714, 0.02167857]), 0.7854, 1.0]
[1, array([0.4902, 0.0261]), array([0.48720476, 0.02167857]), 0.7854, 1.0]
[1, array([0.4902, 0.0261]), array([0.48735238, 0.02167857]), 0.7854, 1.0]
[1, array([0.4902, 0.0261]), array([0.4875    , 0.02167857]), 0.7854, 1.0]
[1, array([0.4902, 0.0261]), array([0.4844    , 0.02182619]), 0.7854, 1.0]
[1, array([0.4902, 0.0261]), array([0.48454762, 0.02182619]), 0.7854, 1.0]
[1, array([0.4902, 0.0261]), array([0.48469524, 0.02182619]), 0.7854, 1.0]
[1, array([0.4902, 0.0261]), array([0.48484286, 0.02182619]), 0.7854, 1.0]
[1, array([0.4902, 0.0261]), array([0.48499048, 0.02182619]), 0.7854, 1.0]
[1, array([0.4902, 0.0261]), array([0.4851381 , 0.02182619]), 0.7854, 1.0]
[1, array([0.4902, 0.0261]), array([0.48528571, 0.02182619]), 0.7854, 1.0]
[1, array([0.4902, 0.0261]), array([0.48543333, 0.02182619]), 0.7854, 1.0]
[1, array([0.4902, 0.0261]), array([0.48558095, 0.02182619]), 0.7854, 1.0]
[1, array([0.4902, 0.0261]), array([0.48572857, 0.02182619]), 0.7854, 1.0]
[1, array([0.4902, 0.0261]), array([0.48587619, 0.02182619]), 0.7854, 1.0]
[1, array([0.4902, 0.0261]), array([0.48602381, 0.02182619]), 0.7854, 1.0]
[1, array([0.4902, 0.0261]), array([0.48617143, 0.02182619]), 0.7854, 1.0]
[1, array([0.4902, 0.0261]), array([0.48631905, 0.02182619]), 0.7854, 1.0]
[1, array([0.4902, 0.0261]), array([0.48646667, 0.02182619]), 0.7854, 1.0]
[1, array([0.4902, 0.0261]), array([0.48661429, 0.02182619]), 0.7854, 1.0]
[1, array([0.4902, 0.0261]), array([0.4867619 , 0.02182619]), 0.7854, 1.0]
[1, array([0.4902, 0.0261]), array([0.48690952, 0.02182619]), 0.7854, 1.0]
[1, array([0.4902, 0.0261]), array([0.48705714, 0.02182619]), 0.7854, 1.0]
[1, array([0.4902, 0.0261]), array([0.48720476, 0.02182619]), 0.7854, 1.0]
[1, array([0.4902, 0.0261]), array([0.48735238, 0.02182619]), 0.7854, 1.0]
[1, array([0.4902, 0.0261]), array([0.4875    , 0.02182619]), 0.7854, 1.0]
[1, array([0.4902, 0.0261]), array([0.4844    , 0.02197381]), 0.7854, 1.0]
[1, array([0.4902, 0.0261]), array([0.48454762, 0.02197381]), 0.7854, 1.0]
[1, array([0.4902, 0.0261]), array([0.48469524, 0.02197381]), 0.7854, 1.0]
[1, array([0.4902, 0.0261]), array([0.48484286, 0.02197381]), 0.7854, 1.0]
[1, array([0.4902, 0.0261]), array([0.48499048, 0.02197381]), 0.7854, 1.0]
[1, array([0.4902, 0.0261]), array([0.4851381 , 0.02197381]), 0.7854, 1.0]
[1, array([0.4902, 0.0261]), array([0.48528571, 0.02197381]), 0.7854, 1.0]
[1, array([0.4902, 0.0261]), array([0.48543333, 0.02197381]), 0.7854, 1.0]
[1, array([0.4902, 0.0261]), array([0.48558095, 0.02197381]), 0.7854, 1.0]
[1, array([0.4902, 0.0261]), array([0.48572857, 0.02197381]), 0.7854, 1.0]
[1, array([0.4902, 0.0261]), array([0.48587619, 0.02197381]), 0.7854, 1.0]
[1, array([0.4902, 0.0261]), array([0.48602381, 0.02197381]), 0.7854, 1.0]
[1, array([0.4902, 0.0261]), array([0.48617143, 0.02197381]), 0.7854, 1.0]
[1, array([0.4902, 0.0261]), array([0.48631905, 0.02197381]), 0.7854, 1.0]
[1, array([0.4902, 0.0261]), array([0.48646667, 0.02197381]), 0.7854, 1.0]
[1, array([0.4902, 0.0261]), array([0.48661429, 0.02197381]), 0.7854, 1.0]
[1, array([0.4902, 0.0261]), array([0.4867619 , 0.02197381]), 0.7854, 1.0]
[1, array([0.4902, 0.0261]), array([0.48690952, 0.02197381]), 0.7854, 1.0]
[1, array([0.4902, 0.0261]), array([0.48705714, 0.02197381]), 0.7854, 1.0]
[1, array([0.4902, 0.0261]), array([0.48720476, 0.02197381]), 0.7854, 1.0]
[1, array([0.4902, 0.0261]), array([0.48735238, 0.02197381]), 0.7854, 1.0]
[1, array([0.4902, 0.0261]), array([0.4875    , 0.02197381]), 0.7854, 1.0]
[1, array([0.4902, 0.0261]), array([0.4844    , 0.02212143]), 0.7854, 1.0]
[1, array([0.4902, 0.0261]), array([0.48454762, 0.02212143]), 0.7854, 1.0]
[1, array([0.4902, 0.0261]), array([0.48469524, 0.02212143]), 0.7854, 1.0]
[1, array([0.4902, 0.0261]), array([0.48484286, 0.02212143]), 0.7854, 1.0]
[1, array([0.4902, 0.0261]), array([0.48499048, 0.02212143]), 0.7854, 1.0]
[1, array([0.4902, 0.0261]), array([0.4851381 , 0.02212143]), 0.7854, 1.0]
[1, array([0.4902, 0.0261]), array([0.48528571, 0.02212143]), 0.7854, 1.0]
[1, array([0.4902, 0.0261]), array([0.48543333, 0.02212143]), 0.7854, 1.0]
[1, array([0.4902, 0.0261]), array([0.48558095, 0.02212143]), 0.7854, 1.0]
[1, array([0.4902, 0.0261]), array([0.48572857, 0.02212143]), 0.7854, 1.0]
[1, array([0.4902, 0.0261]), array([0.48587619, 0.02212143]), 0.7854, 1.0]
[1, array([0.4902, 0.0261]), array([0.48602381, 0.02212143]), 0.7854, 1.0]
[1, array([0.4902, 0.0261]), array([0.48617143, 0.02212143]), 0.7854, 1.0]
[1, array([0.4902, 0.0261]), array([0.48631905, 0.02212143]), 0.7854, 1.0]
[1, array([0.4902, 0.0261]), array([0.48646667, 0.02212143]), 0.7854, 1.0]
[1, array([0.4902, 0.0261]), array([0.48661429, 0.02212143]), 0.7854, 1.0]
[1, array([0.4902, 0.0261]), array([0.4867619 , 0.02212143]), 0.7854, 1.0]
[1, array([0.4902, 0.0261]), array([0.48690952, 0.02212143]), 0.7854, 1.0]
[1, array([0.4902, 0.0261]), array([0.48705714, 0.02212143]), 0.7854, 1.0]
[1, array([0.4902, 0.0261]), array([0.48720476, 0.02212143]), 0.7854, 1.0]
[1, array([0.4902, 0.0261]), array([0.48735238, 0.02212143]), 0.7854, 1.0]
[1, array([0.4902, 0.0261]), array([0.4875    , 0.02212143]), 0.7854, 1.0]
[1, array([0.4902, 0.0261]), array([0.4844    , 0.02226905]), 0.7854, 1.0]
[1, array([0.4902, 0.0261]), array([0.48454762, 0.02226905]), 0.7854, 1.0]
[1, array([0.4902, 0.0261]), array([0.48469524, 0.02226905]), 0.7854, 1.0]
[1, array([0.4902, 0.0261]), array([0.48484286, 0.02226905]), 0.7854, 1.0]
[1, array([0.4902, 0.0261]), array([0.48499048, 0.02226905]), 0.7854, 1.0]
[1, array([0.4902, 0.0261]), array([0.4851381 , 0.02226905]), 0.7854, 1.0]
[1, array([0.4902, 0.0261]), array([0.48528571, 0.02226905]), 0.7854, 1.0]
[1, array([0.4902, 0.0261]), array([0.48543333, 0.02226905]), 0.7854, 1.0]
[1, array([0.4902, 0.0261]), array([0.48558095, 0.02226905]), 0.7854, 1.0]
[1, array([0.4902, 0.0261]), array([0.48572857, 0.02226905]), 0.7854, 1.0]
[1, array([0.4902, 0.0261]), array([0.48587619, 0.02226905]), 0.7854, 1.0]
[1, array([0.4902, 0.0261]), array([0.48602381, 0.02226905]), 0.7854, 1.0]
[1, array([0.4902, 0.0261]), array([0.48617143, 0.02226905]), 0.7854, 1.0]
[1, array([0.4902, 0.0261]), array([0.48631905, 0.02226905]), 0.7854, 1.0]
[1, array([0.4902, 0.0261]), array([0.48646667, 0.02226905]), 0.7854, 1.0]
[1, array([0.4902, 0.0261]), array([0.48661429, 0.02226905]), 0.7854, 1.0]
[1, array([0.4902, 0.0261]), array([0.4867619 , 0.02226905]), 0.7854, 1.0]
[1, array([0.4902, 0.0261]), array([0.48690952, 0.02226905]), 0.7854, 1.0]
[1, array([0.4902, 0.0261]), array([0.48705714, 0.02226905]), 0.7854, 1.0]
[1, array([0.4902, 0.0261]), array([0.48720476, 0.02226905]), 0.7854, 1.0]
[1, array([0.4902, 0.0261]), array([0.48735238, 0.02226905]), 0.7854, 1.0]
[1, array([0.4902, 0.0261]), array([0.4875    , 0.02226905]), 0.7854, 1.0]
[1, array([0.4902, 0.0261]), array([0.4844    , 0.02241667]), 0.7854, 1.0]
[1, array([0.4902, 0.0261]), array([0.48454762, 0.02241667]), 0.7854, 1.0]
[1, array([0.4902, 0.0261]), array([0.48469524, 0.02241667]), 0.7854, 1.0]
[1, array([0.4902, 0.0261]), array([0.48484286, 0.02241667]), 0.7854, 1.0]
[1, array([0.4902, 0.0261]), array([0.48499048, 0.02241667]), 0.7854, 1.0]
[1, array([0.4902, 0.0261]), array([0.4851381 , 0.02241667]), 0.7854, 1.0]
[1, array([0.4902, 0.0261]), array([0.48528571, 0.02241667]), 0.7854, 1.0]
[1, array([0.4902, 0.0261]), array([0.48543333, 0.02241667]), 0.7854, 1.0]
[1, array([0.4902, 0.0261]), array([0.48558095, 0.02241667]), 0.7854, 1.0]
[1, array([0.4902, 0.0261]), array([0.48572857, 0.02241667]), 0.7854, 1.0]
[1, array([0.4902, 0.0261]), array([0.48587619, 0.02241667]), 0.7854, 1.0]
[1, array([0.4902, 0.0261]), array([0.48602381, 0.02241667]), 0.7854, 1.0]
[1, array([0.4902, 0.0261]), array([0.48617143, 0.02241667]), 0.7854, 1.0]
[1, array([0.4902, 0.0261]), array([0.48631905, 0.02241667]), 0.7854, 1.0]
[1, array([0.4902, 0.0261]), array([0.48646667, 0.02241667]), 0.7854, 1.0]
[1, array([0.4902, 0.0261]), array([0.48661429, 0.02241667]), 0.7854, 1.0]
[1, array([0.4902, 0.0261]), array([0.4867619 , 0.02241667]), 0.7854, 1.0]
[1, array([0.4902, 0.0261]), array([0.48690952, 0.02241667]), 0.7854, 1.0]
[1, array([0.4902, 0.0261]), array([0.48705714, 0.02241667]), 0.7854, 1.0]
[1, array([0.4902, 0.0261]), array([0.48720476, 0.02241667]), 0.7854, 1.0]
[1, array([0.4902, 0.0261]), array([0.48735238, 0.02241667]), 0.7854, 1.0]
[1, array([0.4902, 0.0261]), array([0.4875    , 0.02241667]), 0.7854, 1.0]
[1, array([0.4902, 0.0261]), array([0.4844    , 0.02256429]), 0.7854, 1.0]
[1, array([0.4902, 0.0261]), array([0.48454762, 0.02256429]), 0.7854, 1.0]
[1, array([0.4902, 0.0261]), array([0.48469524, 0.02256429]), 0.7854, 1.0]
[1, array([0.4902, 0.0261]), array([0.48484286, 0.02256429]), 0.7854, 1.0]
[1, array([0.4902, 0.0261]), array([0.48499048, 0.02256429]), 0.7854, 1.0]
[1, array([0.4902, 0.0261]), array([0.4851381 , 0.02256429]), 0.7854, 1.0]
[1, array([0.4902, 0.0261]), array([0.48528571, 0.02256429]), 0.7854, 1.0]
[1, array([0.4902, 0.0261]), array([0.48543333, 0.02256429]), 0.7854, 1.0]
[1, array([0.4902, 0.0261]), array([0.48558095, 0.02256429]), 0.7854, 1.0]
[1, array([0.4902, 0.0261]), array([0.48572857, 0.02256429]), 0.7854, 1.0]
[1, array([0.4902, 0.0261]), array([0.48587619, 0.02256429]), 0.7854, 1.0]
[1, array([0.4902, 0.0261]), array([0.48602381, 0.02256429]), 0.7854, 1.0]
[1, array([0.4902, 0.0261]), array([0.48617143, 0.02256429]), 0.7854, 1.0]
[1, array([0.4902, 0.0261]), array([0.48631905, 0.02256429]), 0.7854, 1.0]
[1, array([0.4902, 0.0261]), array([0.48646667, 0.02256429]), 0.7854, 1.0]
[1, array([0.4902, 0.0261]), array([0.48661429, 0.02256429]), 0.7854, 1.0]
[1, array([0.4902, 0.0261]), array([0.4867619 , 0.02256429]), 0.7854, 1.0]
[1, array([0.4902, 0.0261]), array([0.48690952, 0.02256429]), 0.7854, 1.0]
[1, array([0.4902, 0.0261]), array([0.48705714, 0.02256429]), 0.7854, 1.0]
[1, array([0.4902, 0.0261]), array([0.48720476, 0.02256429]), 0.7854, 1.0]
[1, array([0.4902, 0.0261]), array([0.48735238, 0.02256429]), 0.7854, 1.0]
[1, array([0.4902, 0.0261]), array([0.4875    , 0.02256429]), 0.7854, 1.0]
[1, array([0.4902, 0.0261]), array([0.4844   , 0.0227119]), 0.7854, 1.0]
[1, array([0.4902, 0.0261]), array([0.48454762, 0.0227119 ]), 0.7854, 1.0]
[1, array([0.4902, 0.0261]), array([0.48469524, 0.0227119 ]), 0.7854, 1.0]
[1, array([0.4902, 0.0261]), array([0.48484286, 0.0227119 ]), 0.7854, 1.0]
[1, array([0.4902, 0.0261]), array([0.48499048, 0.0227119 ]), 0.7854, 1.0]
[1, array([0.4902, 0.0261]), array([0.4851381, 0.0227119]), 0.7854, 1.0]
[1, array([0.4902, 0.0261]), array([0.48528571, 0.0227119 ]), 0.7854, 1.0]
[1, array([0.4902, 0.0261]), array([0.48543333, 0.0227119 ]), 0.7854, 1.0]
[1, array([0.4902, 0.0261]), array([0.48558095, 0.0227119 ]), 0.7854, 1.0]
[1, array([0.4902, 0.0261]), array([0.48572857, 0.0227119 ]), 0.7854, 1.0]
[1, array([0.4902, 0.0261]), array([0.48587619, 0.0227119 ]), 0.7854, 1.0]
[1, array([0.4902, 0.0261]), array([0.48602381, 0.0227119 ]), 0.7854, 1.0]
[1, array([0.4902, 0.0261]), array([0.48617143, 0.0227119 ]), 0.7854, 1.0]
[1, array([0.4902, 0.0261]), array([0.48631905, 0.0227119 ]), 0.7854, 1.0]
[1, array([0.4902, 0.0261]), array([0.48646667, 0.0227119 ]), 0.7854, 1.0]
[1, array([0.4902, 0.0261]), array([0.48661429, 0.0227119 ]), 0.7854, 1.0]
[1, array([0.4902, 0.0261]), array([0.4867619, 0.0227119]), 0.7854, 1.0]
[1, array([0.4902, 0.0261]), array([0.48690952, 0.0227119 ]), 0.7854, 1.0]
[1, array([0.4902, 0.0261]), array([0.48705714, 0.0227119 ]), 0.7854, 1.0]
[1, array([0.4902, 0.0261]), array([0.48720476, 0.0227119 ]), 0.7854, 1.0]
[1, array([0.4902, 0.0261]), array([0.48735238, 0.0227119 ]), 0.7854, 1.0]
[1, array([0.4902, 0.0261]), array([0.4875   , 0.0227119]), 0.7854, 1.0]
[1, array([0.4902, 0.0261]), array([0.4844    , 0.02285952]), 0.7854, 1.0]
[1, array([0.4902, 0.0261]), array([0.48454762, 0.02285952]), 0.7854, 1.0]
[1, array([0.4902, 0.0261]), array([0.48469524, 0.02285952]), 0.7854, 1.0]
[1, array([0.4902, 0.0261]), array([0.48484286, 0.02285952]), 0.7854, 1.0]
[1, array([0.4902, 0.0261]), array([0.48499048, 0.02285952]), 0.7854, 1.0]
[1, array([0.4902, 0.0261]), array([0.4851381 , 0.02285952]), 0.7854, 1.0]
[1, array([0.4902, 0.0261]), array([0.48528571, 0.02285952]), 0.7854, 1.0]
[1, array([0.4902, 0.0261]), array([0.48543333, 0.02285952]), 0.7854, 1.0]
[1, array([0.4902, 0.0261]), array([0.48558095, 0.02285952]), 0.7854, 1.0]
[1, array([0.4902, 0.0261]), array([0.48572857, 0.02285952]), 0.7854, 1.0]
[1, array([0.4902, 0.0261]), array([0.48587619, 0.02285952]), 0.7854, 1.0]
[1, array([0.4902, 0.0261]), array([0.48602381, 0.02285952]), 0.7854, 1.0]
[1, array([0.4902, 0.0261]), array([0.48617143, 0.02285952]), 0.7854, 1.0]
[1, array([0.4902, 0.0261]), array([0.48631905, 0.02285952]), 0.7854, 1.0]
[1, array([0.4902, 0.0261]), array([0.48646667, 0.02285952]), 0.7854, 1.0]
[1, array([0.4902, 0.0261]), array([0.48661429, 0.02285952]), 0.7854, 1.0]
[1, array([0.4902, 0.0261]), array([0.4867619 , 0.02285952]), 0.7854, 1.0]
[1, array([0.4902, 0.0261]), array([0.48690952, 0.02285952]), 0.7854, 1.0]
[1, array([0.4902, 0.0261]), array([0.48705714, 0.02285952]), 0.7854, 1.0]
[1, array([0.4902, 0.0261]), array([0.48720476, 0.02285952]), 0.7854, 1.0]
[1, array([0.4902, 0.0261]), array([0.48735238, 0.02285952]), 0.7854, 1.0]
[1, array([0.4902, 0.0261]), array([0.4875    , 0.02285952]), 0.7854, 1.0]
[1, array([0.4902, 0.0261]), array([0.4844    , 0.02300714]), 0.7854, 1.0]
[1, array([0.4902, 0.0261]), array([0.48454762, 0.02300714]), 0.7854, 1.0]
[1, array([0.4902, 0.0261]), array([0.48469524, 0.02300714]), 0.7854, 1.0]
[1, array([0.4902, 0.0261]), array([0.48484286, 0.02300714]), 0.7854, 1.0]
[1, array([0.4902, 0.0261]), array([0.48499048, 0.02300714]), 0.7854, 1.0]
[1, array([0.4902, 0.0261]), array([0.4851381 , 0.02300714]), 0.7854, 1.0]
[1, array([0.4902, 0.0261]), array([0.48528571, 0.02300714]), 0.7854, 1.0]
[1, array([0.4902, 0.0261]), array([0.48543333, 0.02300714]), 0.7854, 1.0]
[1, array([0.4902, 0.0261]), array([0.48558095, 0.02300714]), 0.7854, 1.0]
[1, array([0.4902, 0.0261]), array([0.48572857, 0.02300714]), 0.7854, 1.0]
[1, array([0.4902, 0.0261]), array([0.48587619, 0.02300714]), 0.7854, 1.0]
[1, array([0.4902, 0.0261]), array([0.48602381, 0.02300714]), 0.7854, 1.0]
[1, array([0.4902, 0.0261]), array([0.48617143, 0.02300714]), 0.7854, 1.0]
[1, array([0.4902, 0.0261]), array([0.48631905, 0.02300714]), 0.7854, 1.0]
[1, array([0.4902, 0.0261]), array([0.48646667, 0.02300714]), 0.7854, 1.0]
[1, array([0.4902, 0.0261]), array([0.48661429, 0.02300714]), 0.7854, 1.0]
[1, array([0.4902, 0.0261]), array([0.4867619 , 0.02300714]), 0.7854, 1.0]
[1, array([0.4902, 0.0261]), array([0.48690952, 0.02300714]), 0.7854, 1.0]
[1, array([0.4902, 0.0261]), array([0.48705714, 0.02300714]), 0.7854, 1.0]
[1, array([0.4902, 0.0261]), array([0.48720476, 0.02300714]), 0.7854, 1.0]
[1, array([0.4902, 0.0261]), array([0.48735238, 0.02300714]), 0.7854, 1.0]
[1, array([0.4902, 0.0261]), array([0.4875    , 0.02300714]), 0.7854, 1.0]
[1, array([0.4902, 0.0261]), array([0.4844    , 0.02315476]), 0.7854, 1.0]
[1, array([0.4902, 0.0261]), array([0.48454762, 0.02315476]), 0.7854, 1.0]
[1, array([0.4902, 0.0261]), array([0.48469524, 0.02315476]), 0.7854, 1.0]
[1, array([0.4902, 0.0261]), array([0.48484286, 0.02315476]), 0.7854, 1.0]
[1, array([0.4902, 0.0261]), array([0.48499048, 0.02315476]), 0.7854, 1.0]
[1, array([0.4902, 0.0261]), array([0.4851381 , 0.02315476]), 0.7854, 1.0]
[1, array([0.4902, 0.0261]), array([0.48528571, 0.02315476]), 0.7854, 1.0]
[1, array([0.4902, 0.0261]), array([0.48543333, 0.02315476]), 0.7854, 1.0]
[1, array([0.4902, 0.0261]), array([0.48558095, 0.02315476]), 0.7854, 1.0]
[1, array([0.4902, 0.0261]), array([0.48572857, 0.02315476]), 0.7854, 1.0]
[1, array([0.4902, 0.0261]), array([0.48587619, 0.02315476]), 0.7854, 1.0]
[1, array([0.4902, 0.0261]), array([0.48602381, 0.02315476]), 0.7854, 1.0]
[1, array([0.4902, 0.0261]), array([0.48617143, 0.02315476]), 0.7854, 1.0]
[1, array([0.4902, 0.0261]), array([0.48631905, 0.02315476]), 0.7854, 1.0]
[1, array([0.4902, 0.0261]), array([0.48646667, 0.02315476]), 0.7854, 1.0]
[1, array([0.4902, 0.0261]), array([0.48661429, 0.02315476]), 0.7854, 1.0]
[1, array([0.4902, 0.0261]), array([0.4867619 , 0.02315476]), 0.7854, 1.0]
[1, array([0.4902, 0.0261]), array([0.48690952, 0.02315476]), 0.7854, 1.0]
[1, array([0.4902, 0.0261]), array([0.48705714, 0.02315476]), 0.7854, 1.0]
[1, array([0.4902, 0.0261]), array([0.48720476, 0.02315476]), 0.7854, 1.0]
[1, array([0.4902, 0.0261]), array([0.48735238, 0.02315476]), 0.7854, 1.0]
[1, array([0.4902, 0.0261]), array([0.4875    , 0.02315476]), 0.7854, 1.0]
[1, array([0.4902, 0.0261]), array([0.4844    , 0.02330238]), 0.7854, 1.0]
[1, array([0.4902, 0.0261]), array([0.48454762, 0.02330238]), 0.7854, 1.0]
[1, array([0.4902, 0.0261]), array([0.48469524, 0.02330238]), 0.7854, 1.0]
[1, array([0.4902, 0.0261]), array([0.48484286, 0.02330238]), 0.7854, 1.0]
[1, array([0.4902, 0.0261]), array([0.48499048, 0.02330238]), 0.7854, 1.0]
[1, array([0.4902, 0.0261]), array([0.4851381 , 0.02330238]), 0.7854, 1.0]
[1, array([0.4902, 0.0261]), array([0.48528571, 0.02330238]), 0.7854, 1.0]
[1, array([0.4902, 0.0261]), array([0.48543333, 0.02330238]), 0.7854, 1.0]
[1, array([0.4902, 0.0261]), array([0.48558095, 0.02330238]), 0.7854, 1.0]
[1, array([0.4902, 0.0261]), array([0.48572857, 0.02330238]), 0.7854, 1.0]
[1, array([0.4902, 0.0261]), array([0.48587619, 0.02330238]), 0.7854, 1.0]
[1, array([0.4902, 0.0261]), array([0.48602381, 0.02330238]), 0.7854, 1.0]
[1, array([0.4902, 0.0261]), array([0.48617143, 0.02330238]), 0.7854, 1.0]
[1, array([0.4902, 0.0261]), array([0.48631905, 0.02330238]), 0.7854, 1.0]
[1, array([0.4902, 0.0261]), array([0.48646667, 0.02330238]), 0.7854, 1.0]
[1, array([0.4902, 0.0261]), array([0.48661429, 0.02330238]), 0.7854, 1.0]
[1, array([0.4902, 0.0261]), array([0.4867619 , 0.02330238]), 0.7854, 1.0]
[1, array([0.4902, 0.0261]), array([0.48690952, 0.02330238]), 0.7854, 1.0]
[1, array([0.4902, 0.0261]), array([0.48705714, 0.02330238]), 0.7854, 1.0]
[1, array([0.4902, 0.0261]), array([0.48720476, 0.02330238]), 0.7854, 1.0]
[1, array([0.4902, 0.0261]), array([0.48735238, 0.02330238]), 0.7854, 1.0]
[1, array([0.4902, 0.0261]), array([0.4875    , 0.02330238]), 0.7854, 1.0]
[1, array([0.4902, 0.0261]), array([0.4844 , 0.02345]), 0.7854, 1.0]
[1, array([0.4902, 0.0261]), array([0.48454762, 0.02345   ]), 0.7854, 1.0]
[1, array([0.4902, 0.0261]), array([0.48469524, 0.02345   ]), 0.7854, 1.0]
[1, array([0.4902, 0.0261]), array([0.48484286, 0.02345   ]), 0.7854, 1.0]
[1, array([0.4902, 0.0261]), array([0.48499048, 0.02345   ]), 0.7854, 1.0]
[1, array([0.4902, 0.0261]), array([0.4851381, 0.02345  ]), 0.7854, 1.0]
[1, array([0.4902, 0.0261]), array([0.48528571, 0.02345   ]), 0.7854, 1.0]
[1, array([0.4902, 0.0261]), array([0.48543333, 0.02345   ]), 0.7854, 1.0]
[1, array([0.4902, 0.0261]), array([0.48558095, 0.02345   ]), 0.7854, 1.0]
[1, array([0.4902, 0.0261]), array([0.48572857, 0.02345   ]), 0.7854, 1.0]
[1, array([0.4902, 0.0261]), array([0.48587619, 0.02345   ]), 0.7854, 1.0]
[1, array([0.4902, 0.0261]), array([0.48602381, 0.02345   ]), 0.7854, 1.0]
[1, array([0.4902, 0.0261]), array([0.48617143, 0.02345   ]), 0.7854, 1.0]
[1, array([0.4902, 0.0261]), array([0.48631905, 0.02345   ]), 0.7854, 1.0]
[1, array([0.4902, 0.0261]), array([0.48646667, 0.02345   ]), 0.7854, 1.0]
[1, array([0.4902, 0.0261]), array([0.48661429, 0.02345   ]), 0.7854, 1.0]
[1, array([0.4902, 0.0261]), array([0.4867619, 0.02345  ]), 0.7854, 1.0]
[1, array([0.4902, 0.0261]), array([0.48690952, 0.02345   ]), 0.7854, 1.0]
[1, array([0.4902, 0.0261]), array([0.48705714, 0.02345   ]), 0.7854, 1.0]
[1, array([0.4902, 0.0261]), array([0.48720476, 0.02345   ]), 0.7854, 1.0]
[1, array([0.4902, 0.0261]), array([0.48735238, 0.02345   ]), 0.7854, 1.0]
[1, array([0.4902, 0.0261]), array([0.4875 , 0.02345]), 0.7854, 1.0]
