[84, array([ 0.5342, -0.0276]), array([ 0.5312 , -0.02815]), 0.7854, 0.0]
[84, array([ 0.5342, -0.0276]), array([ 0.53135238, -0.02815   ]), 0.7854, 0.0]
[84, array([ 0.5342, -0.0276]), array([ 0.53150476, -0.02815   ]), 0.7854, 0.0]
[84, array([ 0.5342, -0.0276]), array([ 0.53165714, -0.02815   ]), 0.7854, 0.0]
[84, array([ 0.5342, -0.0276]), array([ 0.53180952, -0.02815   ]), 0.7854, 0.0]
[84, array([ 0.5342, -0.0276]), array([ 0.5319619, -0.02815  ]), 0.7854, 0.0]
[84, array([ 0.5342, -0.0276]), array([ 0.53211429, -0.02815   ]), 0.7854, 0.0]
[84, array([ 0.5342, -0.0276]), array([ 0.53226667, -0.02815   ]), 0.7854, 0.0]
[84, array([ 0.5342, -0.0276]), array([ 0.53241905, -0.02815   ]), 0.7854, 0.0]
[84, array([ 0.5342, -0.0276]), array([ 0.53257143, -0.02815   ]), 0.7854, 0.0]
[84, array([ 0.5342, -0.0276]), array([ 0.53272381, -0.02815   ]), 0.7854, 0.0]
[84, array([ 0.5342, -0.0276]), array([ 0.53287619, -0.02815   ]), 0.7854, 1.0]
[84, array([ 0.5342, -0.0276]), array([ 0.53302857, -0.02815   ]), 0.7854, 1.0]
[84, array([ 0.5342, -0.0276]), array([ 0.53318095, -0.02815   ]), 0.7854, 1.0]
[84, array([ 0.5342, -0.0276]), array([ 0.53333333, -0.02815   ]), 0.7854, 1.0]
[84, array([ 0.5342, -0.0276]), array([ 0.53348571, -0.02815   ]), 0.7854, 1.0]
[84, array([ 0.5342, -0.0276]), array([ 0.5336381, -0.02815  ]), 0.7854, 1.0]
[84, array([ 0.5342, -0.0276]), array([ 0.53379048, -0.02815   ]), 0.7854, 1.0]
[84, array([ 0.5342, -0.0276]), array([ 0.53394286, -0.02815   ]), 0.7854, 0.0]
[84, array([ 0.5342, -0.0276]), array([ 0.53409524, -0.02815   ]), 0.7854, 0.0]
[84, array([ 0.5342, -0.0276]), array([ 0.53424762, -0.02815   ]), 0.7854, 0.0]
[84, array([ 0.5342, -0.0276]), array([ 0.5344 , -0.02815]), 0.7854, 0.0]
[84, array([ 0.5342, -0.0276]), array([ 0.5312    , -0.02799762]), 0.7854, 0.0]
[84, array([ 0.5342, -0.0276]), array([ 0.53135238, -0.02799762]), 0.7854, 0.0]
[84, array([ 0.5342, -0.0276]), array([ 0.53150476, -0.02799762]), 0.7854, 0.0]
[84, array([ 0.5342, -0.0276]), array([ 0.53165714, -0.02799762]), 0.7854, 0.0]
[84, array([ 0.5342, -0.0276]), array([ 0.53180952, -0.02799762]), 0.7854, 0.0]
[84, array([ 0.5342, -0.0276]), array([ 0.5319619 , -0.02799762]), 0.7854, 0.0]
[84, array([ 0.5342, -0.0276]), array([ 0.53211429, -0.02799762]), 0.7854, 0.0]
[84, array([ 0.5342, -0.0276]), array([ 0.53226667, -0.02799762]), 0.7854, 0.0]
[84, array([ 0.5342, -0.0276]), array([ 0.53241905, -0.02799762]), 0.7854, 0.0]
[84, array([ 0.5342, -0.0276]), array([ 0.53257143, -0.02799762]), 0.7854, 0.0]
[84, array([ 0.5342, -0.0276]), array([ 0.53272381, -0.02799762]), 0.7854, 1.0]
[84, array([ 0.5342, -0.0276]), array([ 0.53287619, -0.02799762]), 0.7854, 1.0]
[84, array([ 0.5342, -0.0276]), array([ 0.53302857, -0.02799762]), 0.7854, 1.0]
[84, array([ 0.5342, -0.0276]), array([ 0.53318095, -0.02799762]), 0.7854, 1.0]
[84, array([ 0.5342, -0.0276]), array([ 0.53333333, -0.02799762]), 0.7854, 1.0]
[84, array([ 0.5342, -0.0276]), array([ 0.53348571, -0.02799762]), 0.7854, 1.0]
[84, array([ 0.5342, -0.0276]), array([ 0.5336381 , -0.02799762]), 0.7854, 0.0]
[84, array([ 0.5342, -0.0276]), array([ 0.53379048, -0.02799762]), 0.7854, 0.0]
[84, array([ 0.5342, -0.0276]), array([ 0.53394286, -0.02799762]), 0.7854, 0.0]
[84, array([ 0.5342, -0.0276]), array([ 0.53409524, -0.02799762]), 0.7854, 0.0]
[84, array([ 0.5342, -0.0276]), array([ 0.53424762, -0.02799762]), 0.7854, 0.0]
[84, array([ 0.5342, -0.0276]), array([ 0.5344    , -0.02799762]), 0.7854, 1.0]
[84, array([ 0.5342, -0.0276]), array([ 0.5312    , -0.02784524]), 0.7854, 0.0]
[84, array([ 0.5342, -0.0276]), array([ 0.53135238, -0.02784524]), 0.7854, 0.0]
[84, array([ 0.5342, -0.0276]), array([ 0.53150476, -0.02784524]), 0.7854, 0.0]
[84, array([ 0.5342, -0.0276]), array([ 0.53165714, -0.02784524]), 0.7854, 0.0]
[84, array([ 0.5342, -0.0276]), array([ 0.53180952, -0.02784524]), 0.7854, 0.0]
[84, array([ 0.5342, -0.0276]), array([ 0.5319619 , -0.02784524]), 0.7854, 0.0]
[84, array([ 0.5342, -0.0276]), array([ 0.53211429, -0.02784524]), 0.7854, 0.0]
[84, array([ 0.5342, -0.0276]), array([ 0.53226667, -0.02784524]), 0.7854, 0.0]
[84, array([ 0.5342, -0.0276]), array([ 0.53241905, -0.02784524]), 0.7854, 1.0]
[84, array([ 0.5342, -0.0276]), array([ 0.53257143, -0.02784524]), 0.7854, 1.0]
[84, array([ 0.5342, -0.0276]), array([ 0.53272381, -0.02784524]), 0.7854, 1.0]
[84, array([ 0.5342, -0.0276]), array([ 0.53287619, -0.02784524]), 0.7854, 1.0]
[84, array([ 0.5342, -0.0276]), array([ 0.53302857, -0.02784524]), 0.7854, 1.0]
[84, array([ 0.5342, -0.0276]), array([ 0.53318095, -0.02784524]), 0.7854, 1.0]
[84, array([ 0.5342, -0.0276]), array([ 0.53333333, -0.02784524]), 0.7854, 1.0]
[84, array([ 0.5342, -0.0276]), array([ 0.53348571, -0.02784524]), 0.7854, 0.0]
[84, array([ 0.5342, -0.0276]), array([ 0.5336381 , -0.02784524]), 0.7854, 0.0]
[84, array([ 0.5342, -0.0276]), array([ 0.53379048, -0.02784524]), 0.7854, 0.0]
[84, array([ 0.5342, -0.0276]), array([ 0.53394286, -0.02784524]), 0.7854, 0.0]
[84, array([ 0.5342, -0.0276]), array([ 0.53409524, -0.02784524]), 0.7854, 1.0]
[84, array([ 0.5342, -0.0276]), array([ 0.53424762, -0.02784524]), 0.7854, 1.0]
[84, array([ 0.5342, -0.0276]), array([ 0.5344    , -0.02784524]), 0.7854, 1.0]
[84, array([ 0.5342, -0.0276]), array([ 0.5312    , -0.02769286]), 0.7854, 0.0]
[84, array([ 0.5342, -0.0276]), array([ 0.53135238, -0.02769286]), 0.7854, 0.0]
[84, array([ 0.5342, -0.0276]), array([ 0.53150476, -0.02769286]), 0.7854, 0.0]
[84, array([ 0.5342, -0.0276]), array([ 0.53165714, -0.02769286]), 0.7854, 0.0]
[84, array([ 0.5342, -0.0276]), array([ 0.53180952, -0.02769286]), 0.7854, 0.0]
[84, array([ 0.5342, -0.0276]), array([ 0.5319619 , -0.02769286]), 0.7854, 0.0]
[84, array([ 0.5342, -0.0276]), array([ 0.53211429, -0.02769286]), 0.7854, 0.0]
[84, array([ 0.5342, -0.0276]), array([ 0.53226667, -0.02769286]), 0.7854, 1.0]
[84, array([ 0.5342, -0.0276]), array([ 0.53241905, -0.02769286]), 0.7854, 1.0]
[84, array([ 0.5342, -0.0276]), array([ 0.53257143, -0.02769286]), 0.7854, 0.0]
[84, array([ 0.5342, -0.0276]), array([ 0.53272381, -0.02769286]), 0.7854, 0.0]
[84, array([ 0.5342, -0.0276]), array([ 0.53287619, -0.02769286]), 0.7854, 1.0]
[84, array([ 0.5342, -0.0276]), array([ 0.53302857, -0.02769286]), 0.7854, 1.0]
[84, array([ 0.5342, -0.0276]), array([ 0.53318095, -0.02769286]), 0.7854, 0.0]
[84, array([ 0.5342, -0.0276]), array([ 0.53333333, -0.02769286]), 0.7854, 0.0]
[84, array([ 0.5342, -0.0276]), array([ 0.53348571, -0.02769286]), 0.7854, 0.0]
[84, array([ 0.5342, -0.0276]), array([ 0.5336381 , -0.02769286]), 0.7854, 0.0]
[84, array([ 0.5342, -0.0276]), array([ 0.53379048, -0.02769286]), 0.7854, 0.0]
[84, array([ 0.5342, -0.0276]), array([ 0.53394286, -0.02769286]), 0.7854, 1.0]
[84, array([ 0.5342, -0.0276]), array([ 0.53409524, -0.02769286]), 0.7854, 1.0]
[84, array([ 0.5342, -0.0276]), array([ 0.53424762, -0.02769286]), 0.7854, 1.0]
[84, array([ 0.5342, -0.0276]), array([ 0.5344    , -0.02769286]), 0.7854, 1.0]
[84, array([ 0.5342, -0.0276]), array([ 0.5312    , -0.02754048]), 0.7854, 0.0]
[84, array([ 0.5342, -0.0276]), array([ 0.53135238, -0.02754048]), 0.7854, 0.0]
[84, array([ 0.5342, -0.0276]), array([ 0.53150476, -0.02754048]), 0.7854, 0.0]
[84, array([ 0.5342, -0.0276]), array([ 0.53165714, -0.02754048]), 0.7854, 0.0]
[84, array([ 0.5342, -0.0276]), array([ 0.53180952, -0.02754048]), 0.7854, 0.0]
[84, array([ 0.5342, -0.0276]), array([ 0.5319619 , -0.02754048]), 0.7854, 1.0]
[84, array([ 0.5342, -0.0276]), array([ 0.53211429, -0.02754048]), 0.7854, 1.0]
[84, array([ 0.5342, -0.0276]), array([ 0.53226667, -0.02754048]), 0.7854, 1.0]
[84, array([ 0.5342, -0.0276]), array([ 0.53241905, -0.02754048]), 0.7854, 0.0]
[84, array([ 0.5342, -0.0276]), array([ 0.53257143, -0.02754048]), 0.7854, 0.0]
[84, array([ 0.5342, -0.0276]), array([ 0.53272381, -0.02754048]), 0.7854, 0.0]
[84, array([ 0.5342, -0.0276]), array([ 0.53287619, -0.02754048]), 0.7854, 0.0]
[84, array([ 0.5342, -0.0276]), array([ 0.53302857, -0.02754048]), 0.7854, 0.0]
[84, array([ 0.5342, -0.0276]), array([ 0.53318095, -0.02754048]), 0.7854, 0.0]
[84, array([ 0.5342, -0.0276]), array([ 0.53333333, -0.02754048]), 0.7854, 0.0]
[84, array([ 0.5342, -0.0276]), array([ 0.53348571, -0.02754048]), 0.7854, 0.0]
[84, array([ 0.5342, -0.0276]), array([ 0.5336381 , -0.02754048]), 0.7854, 0.0]
[84, array([ 0.5342, -0.0276]), array([ 0.53379048, -0.02754048]), 0.7854, 1.0]
[84, array([ 0.5342, -0.0276]), array([ 0.53394286, -0.02754048]), 0.7854, 1.0]
[84, array([ 0.5342, -0.0276]), array([ 0.53409524, -0.02754048]), 0.7854, 1.0]
[84, array([ 0.5342, -0.0276]), array([ 0.53424762, -0.02754048]), 0.7854, 1.0]
[84, array([ 0.5342, -0.0276]), array([ 0.5344    , -0.02754048]), 0.7854, 1.0]
[84, array([ 0.5342, -0.0276]), array([ 0.5312   , -0.0273881]), 0.7854, 0.0]
[84, array([ 0.5342, -0.0276]), array([ 0.53135238, -0.0273881 ]), 0.7854, 0.0]
[84, array([ 0.5342, -0.0276]), array([ 0.53150476, -0.0273881 ]), 0.7854, 0.0]
[84, array([ 0.5342, -0.0276]), array([ 0.53165714, -0.0273881 ]), 0.7854, 0.0]
[84, array([ 0.5342, -0.0276]), array([ 0.53180952, -0.0273881 ]), 0.7854, 1.0]
[84, array([ 0.5342, -0.0276]), array([ 0.5319619, -0.0273881]), 0.7854, 1.0]
[84, array([ 0.5342, -0.0276]), array([ 0.53211429, -0.0273881 ]), 0.7854, 1.0]
[84, array([ 0.5342, -0.0276]), array([ 0.53226667, -0.0273881 ]), 0.7854, 0.0]
[84, array([ 0.5342, -0.0276]), array([ 0.53241905, -0.0273881 ]), 0.7854, 0.0]
[84, array([ 0.5342, -0.0276]), array([ 0.53257143, -0.0273881 ]), 0.7854, 0.0]
[84, array([ 0.5342, -0.0276]), array([ 0.53272381, -0.0273881 ]), 0.7854, 0.0]
[84, array([ 0.5342, -0.0276]), array([ 0.53287619, -0.0273881 ]), 0.7854, 0.0]
[84, array([ 0.5342, -0.0276]), array([ 0.53302857, -0.0273881 ]), 0.7854, 0.0]
[84, array([ 0.5342, -0.0276]), array([ 0.53318095, -0.0273881 ]), 0.7854, 0.0]
[84, array([ 0.5342, -0.0276]), array([ 0.53333333, -0.0273881 ]), 0.7854, 0.0]
[84, array([ 0.5342, -0.0276]), array([ 0.53348571, -0.0273881 ]), 0.7854, 0.0]
[84, array([ 0.5342, -0.0276]), array([ 0.5336381, -0.0273881]), 0.7854, 1.0]
[84, array([ 0.5342, -0.0276]), array([ 0.53379048, -0.0273881 ]), 0.7854, 1.0]
[84, array([ 0.5342, -0.0276]), array([ 0.53394286, -0.0273881 ]), 0.7854, 1.0]
[84, array([ 0.5342, -0.0276]), array([ 0.53409524, -0.0273881 ]), 0.7854, 1.0]
[84, array([ 0.5342, -0.0276]), array([ 0.53424762, -0.0273881 ]), 0.7854, 1.0]
[84, array([ 0.5342, -0.0276]), array([ 0.5344   , -0.0273881]), 0.7854, 0.0]
[84, array([ 0.5342, -0.0276]), array([ 0.5312    , -0.02723571]), 0.7854, 1.0]
[84, array([ 0.5342, -0.0276]), array([ 0.53135238, -0.02723571]), 0.7854, 0.0]
[84, array([ 0.5342, -0.0276]), array([ 0.53150476, -0.02723571]), 0.7854, 1.0]
[84, array([ 0.5342, -0.0276]), array([ 0.53165714, -0.02723571]), 0.7854, 1.0]
[84, array([ 0.5342, -0.0276]), array([ 0.53180952, -0.02723571]), 0.7854, 1.0]
[84, array([ 0.5342, -0.0276]), array([ 0.5319619 , -0.02723571]), 0.7854, 1.0]
[84, array([ 0.5342, -0.0276]), array([ 0.53211429, -0.02723571]), 0.7854, 0.0]
[84, array([ 0.5342, -0.0276]), array([ 0.53226667, -0.02723571]), 0.7854, 0.0]
[84, array([ 0.5342, -0.0276]), array([ 0.53241905, -0.02723571]), 0.7854, 0.0]
[84, array([ 0.5342, -0.0276]), array([ 0.53257143, -0.02723571]), 0.7854, 0.0]
[84, array([ 0.5342, -0.0276]), array([ 0.53272381, -0.02723571]), 0.7854, 0.0]
[84, array([ 0.5342, -0.0276]), array([ 0.53287619, -0.02723571]), 0.7854, 0.0]
[84, array([ 0.5342, -0.0276]), array([ 0.53302857, -0.02723571]), 0.7854, 0.0]
[84, array([ 0.5342, -0.0276]), array([ 0.53318095, -0.02723571]), 0.7854, 0.0]
[84, array([ 0.5342, -0.0276]), array([ 0.53333333, -0.02723571]), 0.7854, 0.0]
[84, array([ 0.5342, -0.0276]), array([ 0.53348571, -0.02723571]), 0.7854, 1.0]
[84, array([ 0.5342, -0.0276]), array([ 0.5336381 , -0.02723571]), 0.7854, 1.0]
[84, array([ 0.5342, -0.0276]), array([ 0.53379048, -0.02723571]), 0.7854, 1.0]
[84, array([ 0.5342, -0.0276]), array([ 0.53394286, -0.02723571]), 0.7854, 1.0]
[84, array([ 0.5342, -0.0276]), array([ 0.53409524, -0.02723571]), 0.7854, 1.0]
[84, array([ 0.5342, -0.0276]), array([ 0.53424762, -0.02723571]), 0.7854, 0.0]
[84, array([ 0.5342, -0.0276]), array([ 0.5344    , -0.02723571]), 0.7854, 0.0]
[84, array([ 0.5342, -0.0276]), array([ 0.5312    , -0.02708333]), 0.7854, 1.0]
[84, array([ 0.5342, -0.0276]), array([ 0.53135238, -0.02708333]), 0.7854, 1.0]
[84, array([ 0.5342, -0.0276]), array([ 0.53150476, -0.02708333]), 0.7854, 1.0]
[84, array([ 0.5342, -0.0276]), array([ 0.53165714, -0.02708333]), 0.7854, 1.0]
[84, array([ 0.5342, -0.0276]), array([ 0.53180952, -0.02708333]), 0.7854, 0.0]
[84, array([ 0.5342, -0.0276]), array([ 0.5319619 , -0.02708333]), 0.7854, 0.0]
[84, array([ 0.5342, -0.0276]), array([ 0.53211429, -0.02708333]), 0.7854, 0.0]
[84, array([ 0.5342, -0.0276]), array([ 0.53226667, -0.02708333]), 0.7854, 0.0]
[84, array([ 0.5342, -0.0276]), array([ 0.53241905, -0.02708333]), 0.7854, 0.0]
[84, array([ 0.5342, -0.0276]), array([ 0.53257143, -0.02708333]), 0.7854, 0.0]
[84, array([ 0.5342, -0.0276]), array([ 0.53272381, -0.02708333]), 0.7854, 0.0]
[84, array([ 0.5342, -0.0276]), array([ 0.53287619, -0.02708333]), 0.7854, 0.0]
[84, array([ 0.5342, -0.0276]), array([ 0.53302857, -0.02708333]), 0.7854, 0.0]
[84, array([ 0.5342, -0.0276]), array([ 0.53318095, -0.02708333]), 0.7854, 0.0]
[84, array([ 0.5342, -0.0276]), array([ 0.53333333, -0.02708333]), 0.7854, 1.0]
[84, array([ 0.5342, -0.0276]), array([ 0.53348571, -0.02708333]), 0.7854, 1.0]
[84, array([ 0.5342, -0.0276]), array([ 0.5336381 , -0.02708333]), 0.7854, 1.0]
[84, array([ 0.5342, -0.0276]), array([ 0.53379048, -0.02708333]), 0.7854, 1.0]
[84, array([ 0.5342, -0.0276]), array([ 0.53394286, -0.02708333]), 0.7854, 1.0]
[84, array([ 0.5342, -0.0276]), array([ 0.53409524, -0.02708333]), 0.7854, 1.0]
[84, array([ 0.5342, -0.0276]), array([ 0.53424762, -0.02708333]), 0.7854, 1.0]
[84, array([ 0.5342, -0.0276]), array([ 0.5344    , -0.02708333]), 0.7854, 1.0]
[84, array([ 0.5342, -0.0276]), array([ 0.5312    , -0.02693095]), 0.7854, 1.0]
[84, array([ 0.5342, -0.0276]), array([ 0.53135238, -0.02693095]), 0.7854, 1.0]
[84, array([ 0.5342, -0.0276]), array([ 0.53150476, -0.02693095]), 0.7854, 1.0]
[84, array([ 0.5342, -0.0276]), array([ 0.53165714, -0.02693095]), 0.7854, 0.0]
[84, array([ 0.5342, -0.0276]), array([ 0.53180952, -0.02693095]), 0.7854, 0.0]
[84, array([ 0.5342, -0.0276]), array([ 0.5319619 , -0.02693095]), 0.7854, 0.0]
[84, array([ 0.5342, -0.0276]), array([ 0.53211429, -0.02693095]), 0.7854, 0.0]
[84, array([ 0.5342, -0.0276]), array([ 0.53226667, -0.02693095]), 0.7854, 0.0]
[84, array([ 0.5342, -0.0276]), array([ 0.53241905, -0.02693095]), 0.7854, 0.0]
[84, array([ 0.5342, -0.0276]), array([ 0.53257143, -0.02693095]), 0.7854, 1.0]
[84, array([ 0.5342, -0.0276]), array([ 0.53272381, -0.02693095]), 0.7854, 0.0]
[84, array([ 0.5342, -0.0276]), array([ 0.53287619, -0.02693095]), 0.7854, 0.0]
[84, array([ 0.5342, -0.0276]), array([ 0.53302857, -0.02693095]), 0.7854, 1.0]
[84, array([ 0.5342, -0.0276]), array([ 0.53318095, -0.02693095]), 0.7854, 1.0]
[84, array([ 0.5342, -0.0276]), array([ 0.53333333, -0.02693095]), 0.7854, 1.0]
[84, array([ 0.5342, -0.0276]), array([ 0.53348571, -0.02693095]), 0.7854, 1.0]
[84, array([ 0.5342, -0.0276]), array([ 0.5336381 , -0.02693095]), 0.7854, 1.0]
[84, array([ 0.5342, -0.0276]), array([ 0.53379048, -0.02693095]), 0.7854, 1.0]
[84, array([ 0.5342, -0.0276]), array([ 0.53394286, -0.02693095]), 0.7854, 1.0]
[84, array([ 0.5342, -0.0276]), array([ 0.53409524, -0.02693095]), 0.7854, 1.0]
[84, array([ 0.5342, -0.0276]), array([ 0.53424762, -0.02693095]), 0.7854, 1.0]
[84, array([ 0.5342, -0.0276]), array([ 0.5344    , -0.02693095]), 0.7854, 0.0]
[84, array([ 0.5342, -0.0276]), array([ 0.5312    , -0.02677857]), 0.7854, 1.0]
[84, array([ 0.5342, -0.0276]), array([ 0.53135238, -0.02677857]), 0.7854, 1.0]
[84, array([ 0.5342, -0.0276]), array([ 0.53150476, -0.02677857]), 0.7854, 0.0]
[84, array([ 0.5342, -0.0276]), array([ 0.53165714, -0.02677857]), 0.7854, 0.0]
[84, array([ 0.5342, -0.0276]), array([ 0.53180952, -0.02677857]), 0.7854, 0.0]
[84, array([ 0.5342, -0.0276]), array([ 0.5319619 , -0.02677857]), 0.7854, 0.0]
[84, array([ 0.5342, -0.0276]), array([ 0.53211429, -0.02677857]), 0.7854, 0.0]
[84, array([ 0.5342, -0.0276]), array([ 0.53226667, -0.02677857]), 0.7854, 0.0]
[84, array([ 0.5342, -0.0276]), array([ 0.53241905, -0.02677857]), 0.7854, 1.0]
[84, array([ 0.5342, -0.0276]), array([ 0.53257143, -0.02677857]), 0.7854, 1.0]
[84, array([ 0.5342, -0.0276]), array([ 0.53272381, -0.02677857]), 0.7854, 1.0]
[84, array([ 0.5342, -0.0276]), array([ 0.53287619, -0.02677857]), 0.7854, 1.0]
[84, array([ 0.5342, -0.0276]), array([ 0.53302857, -0.02677857]), 0.7854, 1.0]
[84, array([ 0.5342, -0.0276]), array([ 0.53318095, -0.02677857]), 0.7854, 1.0]
[84, array([ 0.5342, -0.0276]), array([ 0.53333333, -0.02677857]), 0.7854, 1.0]
[84, array([ 0.5342, -0.0276]), array([ 0.53348571, -0.02677857]), 0.7854, 1.0]
[84, array([ 0.5342, -0.0276]), array([ 0.5336381 , -0.02677857]), 0.7854, 1.0]
[84, array([ 0.5342, -0.0276]), array([ 0.53379048, -0.02677857]), 0.7854, 1.0]
[84, array([ 0.5342, -0.0276]), array([ 0.53394286, -0.02677857]), 0.7854, 1.0]
[84, array([ 0.5342, -0.0276]), array([ 0.53409524, -0.02677857]), 0.7854, 1.0]
[84, array([ 0.5342, -0.0276]), array([ 0.53424762, -0.02677857]), 0.7854, 1.0]
[84, array([ 0.5342, -0.0276]), array([ 0.5344    , -0.02677857]), 0.7854, 1.0]
[84, array([ 0.5342, -0.0276]), array([ 0.5312    , -0.02662619]), 0.7854, 0.0]
[84, array([ 0.5342, -0.0276]), array([ 0.53135238, -0.02662619]), 0.7854, 0.0]
[84, array([ 0.5342, -0.0276]), array([ 0.53150476, -0.02662619]), 0.7854, 0.0]
[84, array([ 0.5342, -0.0276]), array([ 0.53165714, -0.02662619]), 0.7854, 0.0]
[84, array([ 0.5342, -0.0276]), array([ 0.53180952, -0.02662619]), 0.7854, 0.0]
[84, array([ 0.5342, -0.0276]), array([ 0.5319619 , -0.02662619]), 0.7854, 0.0]
[84, array([ 0.5342, -0.0276]), array([ 0.53211429, -0.02662619]), 0.7854, 0.0]
[84, array([ 0.5342, -0.0276]), array([ 0.53226667, -0.02662619]), 0.7854, 0.0]
[84, array([ 0.5342, -0.0276]), array([ 0.53241905, -0.02662619]), 0.7854, 1.0]
[84, array([ 0.5342, -0.0276]), array([ 0.53257143, -0.02662619]), 0.7854, 1.0]
[84, array([ 0.5342, -0.0276]), array([ 0.53272381, -0.02662619]), 0.7854, 1.0]
[84, array([ 0.5342, -0.0276]), array([ 0.53287619, -0.02662619]), 0.7854, 1.0]
[84, array([ 0.5342, -0.0276]), array([ 0.53302857, -0.02662619]), 0.7854, 1.0]
[84, array([ 0.5342, -0.0276]), array([ 0.53318095, -0.02662619]), 0.7854, 1.0]
[84, array([ 0.5342, -0.0276]), array([ 0.53333333, -0.02662619]), 0.7854, 1.0]
[84, array([ 0.5342, -0.0276]), array([ 0.53348571, -0.02662619]), 0.7854, 1.0]
[84, array([ 0.5342, -0.0276]), array([ 0.5336381 , -0.02662619]), 0.7854, 1.0]
[84, array([ 0.5342, -0.0276]), array([ 0.53379048, -0.02662619]), 0.7854, 1.0]
[84, array([ 0.5342, -0.0276]), array([ 0.53394286, -0.02662619]), 0.7854, 1.0]
[84, array([ 0.5342, -0.0276]), array([ 0.53409524, -0.02662619]), 0.7854, 1.0]
[84, array([ 0.5342, -0.0276]), array([ 0.53424762, -0.02662619]), 0.7854, 1.0]
[84, array([ 0.5342, -0.0276]), array([ 0.5344    , -0.02662619]), 0.7854, 1.0]
[84, array([ 0.5342, -0.0276]), array([ 0.5312    , -0.02647381]), 0.7854, 0.0]
[84, array([ 0.5342, -0.0276]), array([ 0.53135238, -0.02647381]), 0.7854, 0.0]
[84, array([ 0.5342, -0.0276]), array([ 0.53150476, -0.02647381]), 0.7854, 0.0]
[84, array([ 0.5342, -0.0276]), array([ 0.53165714, -0.02647381]), 0.7854, 0.0]
[84, array([ 0.5342, -0.0276]), array([ 0.53180952, -0.02647381]), 0.7854, 0.0]
[84, array([ 0.5342, -0.0276]), array([ 0.5319619 , -0.02647381]), 0.7854, 0.0]
[84, array([ 0.5342, -0.0276]), array([ 0.53211429, -0.02647381]), 0.7854, 1.0]
[84, array([ 0.5342, -0.0276]), array([ 0.53226667, -0.02647381]), 0.7854, 1.0]
[84, array([ 0.5342, -0.0276]), array([ 0.53241905, -0.02647381]), 0.7854, 1.0]
[84, array([ 0.5342, -0.0276]), array([ 0.53257143, -0.02647381]), 0.7854, 1.0]
[84, array([ 0.5342, -0.0276]), array([ 0.53272381, -0.02647381]), 0.7854, 1.0]
[84, array([ 0.5342, -0.0276]), array([ 0.53287619, -0.02647381]), 0.7854, 1.0]
[84, array([ 0.5342, -0.0276]), array([ 0.53302857, -0.02647381]), 0.7854, 1.0]
[84, array([ 0.5342, -0.0276]), array([ 0.53318095, -0.02647381]), 0.7854, 1.0]
[84, array([ 0.5342, -0.0276]), array([ 0.53333333, -0.02647381]), 0.7854, 1.0]
[84, array([ 0.5342, -0.0276]), array([ 0.53348571, -0.02647381]), 0.7854, 1.0]
[84, array([ 0.5342, -0.0276]), array([ 0.5336381 , -0.02647381]), 0.7854, 1.0]
[84, array([ 0.5342, -0.0276]), array([ 0.53379048, -0.02647381]), 0.7854, 1.0]
[84, array([ 0.5342, -0.0276]), array([ 0.53394286, -0.02647381]), 0.7854, 1.0]
[84, array([ 0.5342, -0.0276]), array([ 0.53409524, -0.02647381]), 0.7854, 1.0]
[84, array([ 0.5342, -0.0276]), array([ 0.53424762, -0.02647381]), 0.7854, 1.0]
[84, array([ 0.5342, -0.0276]), array([ 0.5344    , -0.02647381]), 0.7854, 1.0]
[84, array([ 0.5342, -0.0276]), array([ 0.5312    , -0.02632143]), 0.7854, 0.0]
[84, array([ 0.5342, -0.0276]), array([ 0.53135238, -0.02632143]), 0.7854, 0.0]
[84, array([ 0.5342, -0.0276]), array([ 0.53150476, -0.02632143]), 0.7854, 1.0]
[84, array([ 0.5342, -0.0276]), array([ 0.53165714, -0.02632143]), 0.7854, 1.0]
[84, array([ 0.5342, -0.0276]), array([ 0.53180952, -0.02632143]), 0.7854, 1.0]
[84, array([ 0.5342, -0.0276]), array([ 0.5319619 , -0.02632143]), 0.7854, 0.0]
[84, array([ 0.5342, -0.0276]), array([ 0.53211429, -0.02632143]), 0.7854, 1.0]
[84, array([ 0.5342, -0.0276]), array([ 0.53226667, -0.02632143]), 0.7854, 1.0]
[84, array([ 0.5342, -0.0276]), array([ 0.53241905, -0.02632143]), 0.7854, 1.0]
[84, array([ 0.5342, -0.0276]), array([ 0.53257143, -0.02632143]), 0.7854, 1.0]
[84, array([ 0.5342, -0.0276]), array([ 0.53272381, -0.02632143]), 0.7854, 1.0]
[84, array([ 0.5342, -0.0276]), array([ 0.53287619, -0.02632143]), 0.7854, 1.0]
[84, array([ 0.5342, -0.0276]), array([ 0.53302857, -0.02632143]), 0.7854, 1.0]
[84, array([ 0.5342, -0.0276]), array([ 0.53318095, -0.02632143]), 0.7854, 1.0]
[84, array([ 0.5342, -0.0276]), array([ 0.53333333, -0.02632143]), 0.7854, 1.0]
[84, array([ 0.5342, -0.0276]), array([ 0.53348571, -0.02632143]), 0.7854, 1.0]
[84, array([ 0.5342, -0.0276]), array([ 0.5336381 , -0.02632143]), 0.7854, 1.0]
[84, array([ 0.5342, -0.0276]), array([ 0.53379048, -0.02632143]), 0.7854, 1.0]
[84, array([ 0.5342, -0.0276]), array([ 0.53394286, -0.02632143]), 0.7854, 1.0]
[84, array([ 0.5342, -0.0276]), array([ 0.53409524, -0.02632143]), 0.7854, 1.0]
[84, array([ 0.5342, -0.0276]), array([ 0.53424762, -0.02632143]), 0.7854, 1.0]
[84, array([ 0.5342, -0.0276]), array([ 0.5344    , -0.02632143]), 0.7854, 1.0]
[84, array([ 0.5342, -0.0276]), array([ 0.5312    , -0.02616905]), 0.7854, 1.0]
[84, array([ 0.5342, -0.0276]), array([ 0.53135238, -0.02616905]), 0.7854, 1.0]
[84, array([ 0.5342, -0.0276]), array([ 0.53150476, -0.02616905]), 0.7854, 1.0]
[84, array([ 0.5342, -0.0276]), array([ 0.53165714, -0.02616905]), 0.7854, 1.0]
[84, array([ 0.5342, -0.0276]), array([ 0.53180952, -0.02616905]), 0.7854, 1.0]
[84, array([ 0.5342, -0.0276]), array([ 0.5319619 , -0.02616905]), 0.7854, 1.0]
[84, array([ 0.5342, -0.0276]), array([ 0.53211429, -0.02616905]), 0.7854, 1.0]
[84, array([ 0.5342, -0.0276]), array([ 0.53226667, -0.02616905]), 0.7854, 1.0]
[84, array([ 0.5342, -0.0276]), array([ 0.53241905, -0.02616905]), 0.7854, 1.0]
[84, array([ 0.5342, -0.0276]), array([ 0.53257143, -0.02616905]), 0.7854, 1.0]
[84, array([ 0.5342, -0.0276]), array([ 0.53272381, -0.02616905]), 0.7854, 1.0]
[84, array([ 0.5342, -0.0276]), array([ 0.53287619, -0.02616905]), 0.7854, 1.0]
[84, array([ 0.5342, -0.0276]), array([ 0.53302857, -0.02616905]), 0.7854, 1.0]
[84, array([ 0.5342, -0.0276]), array([ 0.53318095, -0.02616905]), 0.7854, 1.0]
[84, array([ 0.5342, -0.0276]), array([ 0.53333333, -0.02616905]), 0.7854, 1.0]
[84, array([ 0.5342, -0.0276]), array([ 0.53348571, -0.02616905]), 0.7854, 1.0]
[84, array([ 0.5342, -0.0276]), array([ 0.5336381 , -0.02616905]), 0.7854, 1.0]
[84, array([ 0.5342, -0.0276]), array([ 0.53379048, -0.02616905]), 0.7854, 1.0]
[84, array([ 0.5342, -0.0276]), array([ 0.53394286, -0.02616905]), 0.7854, 1.0]
[84, array([ 0.5342, -0.0276]), array([ 0.53409524, -0.02616905]), 0.7854, 1.0]
[84, array([ 0.5342, -0.0276]), array([ 0.53424762, -0.02616905]), 0.7854, 1.0]
[84, array([ 0.5342, -0.0276]), array([ 0.5344    , -0.02616905]), 0.7854, 1.0]
[84, array([ 0.5342, -0.0276]), array([ 0.5312    , -0.02601667]), 0.7854, 1.0]
[84, array([ 0.5342, -0.0276]), array([ 0.53135238, -0.02601667]), 0.7854, 1.0]
[84, array([ 0.5342, -0.0276]), array([ 0.53150476, -0.02601667]), 0.7854, 1.0]
[84, array([ 0.5342, -0.0276]), array([ 0.53165714, -0.02601667]), 0.7854, 1.0]
[84, array([ 0.5342, -0.0276]), array([ 0.53180952, -0.02601667]), 0.7854, 1.0]
[84, array([ 0.5342, -0.0276]), array([ 0.5319619 , -0.02601667]), 0.7854, 1.0]
[84, array([ 0.5342, -0.0276]), array([ 0.53211429, -0.02601667]), 0.7854, 1.0]
[84, array([ 0.5342, -0.0276]), array([ 0.53226667, -0.02601667]), 0.7854, 1.0]
[84, array([ 0.5342, -0.0276]), array([ 0.53241905, -0.02601667]), 0.7854, 1.0]
[84, array([ 0.5342, -0.0276]), array([ 0.53257143, -0.02601667]), 0.7854, 1.0]
[84, array([ 0.5342, -0.0276]), array([ 0.53272381, -0.02601667]), 0.7854, 1.0]
[84, array([ 0.5342, -0.0276]), array([ 0.53287619, -0.02601667]), 0.7854, 1.0]
[84, array([ 0.5342, -0.0276]), array([ 0.53302857, -0.02601667]), 0.7854, 1.0]
[84, array([ 0.5342, -0.0276]), array([ 0.53318095, -0.02601667]), 0.7854, 1.0]
[84, array([ 0.5342, -0.0276]), array([ 0.53333333, -0.02601667]), 0.7854, 1.0]
[84, array([ 0.5342, -0.0276]), array([ 0.53348571, -0.02601667]), 0.7854, 1.0]
[84, array([ 0.5342, -0.0276]), array([ 0.5336381 , -0.02601667]), 0.7854, 1.0]
[84, array([ 0.5342, -0.0276]), array([ 0.53379048, -0.02601667]), 0.7854, 1.0]
[84, array([ 0.5342, -0.0276]), array([ 0.53394286, -0.02601667]), 0.7854, 1.0]
[84, array([ 0.5342, -0.0276]), array([ 0.53409524, -0.02601667]), 0.7854, 1.0]
[84, array([ 0.5342, -0.0276]), array([ 0.53424762, -0.02601667]), 0.7854, 1.0]
[84, array([ 0.5342, -0.0276]), array([ 0.5344    , -0.02601667]), 0.7854, 1.0]
[84, array([ 0.5342, -0.0276]), array([ 0.5312    , -0.02586429]), 0.7854, 1.0]
[84, array([ 0.5342, -0.0276]), array([ 0.53135238, -0.02586429]), 0.7854, 1.0]
[84, array([ 0.5342, -0.0276]), array([ 0.53150476, -0.02586429]), 0.7854, 1.0]
[84, array([ 0.5342, -0.0276]), array([ 0.53165714, -0.02586429]), 0.7854, 1.0]
[84, array([ 0.5342, -0.0276]), array([ 0.53180952, -0.02586429]), 0.7854, 1.0]
[84, array([ 0.5342, -0.0276]), array([ 0.5319619 , -0.02586429]), 0.7854, 1.0]
[84, array([ 0.5342, -0.0276]), array([ 0.53211429, -0.02586429]), 0.7854, 1.0]
[84, array([ 0.5342, -0.0276]), array([ 0.53226667, -0.02586429]), 0.7854, 1.0]
[84, array([ 0.5342, -0.0276]), array([ 0.53241905, -0.02586429]), 0.7854, 1.0]
[84, array([ 0.5342, -0.0276]), array([ 0.53257143, -0.02586429]), 0.7854, 1.0]
[84, array([ 0.5342, -0.0276]), array([ 0.53272381, -0.02586429]), 0.7854, 1.0]
[84, array([ 0.5342, -0.0276]), array([ 0.53287619, -0.02586429]), 0.7854, 1.0]
[84, array([ 0.5342, -0.0276]), array([ 0.53302857, -0.02586429]), 0.7854, 1.0]
[84, array([ 0.5342, -0.0276]), array([ 0.53318095, -0.02586429]), 0.7854, 1.0]
[84, array([ 0.5342, -0.0276]), array([ 0.53333333, -0.02586429]), 0.7854, 1.0]
[84, array([ 0.5342, -0.0276]), array([ 0.53348571, -0.02586429]), 0.7854, 1.0]
[84, array([ 0.5342, -0.0276]), array([ 0.5336381 , -0.02586429]), 0.7854, 1.0]
[84, array([ 0.5342, -0.0276]), array([ 0.53379048, -0.02586429]), 0.7854, 1.0]
[84, array([ 0.5342, -0.0276]), array([ 0.53394286, -0.02586429]), 0.7854, 1.0]
[84, array([ 0.5342, -0.0276]), array([ 0.53409524, -0.02586429]), 0.7854, 1.0]
[84, array([ 0.5342, -0.0276]), array([ 0.53424762, -0.02586429]), 0.7854, 1.0]
[84, array([ 0.5342, -0.0276]), array([ 0.5344    , -0.02586429]), 0.7854, 1.0]
[84, array([ 0.5342, -0.0276]), array([ 0.5312   , -0.0257119]), 0.7854, 1.0]
[84, array([ 0.5342, -0.0276]), array([ 0.53135238, -0.0257119 ]), 0.7854, 1.0]
[84, array([ 0.5342, -0.0276]), array([ 0.53150476, -0.0257119 ]), 0.7854, 1.0]
[84, array([ 0.5342, -0.0276]), array([ 0.53165714, -0.0257119 ]), 0.7854, 1.0]
[84, array([ 0.5342, -0.0276]), array([ 0.53180952, -0.0257119 ]), 0.7854, 1.0]
[84, array([ 0.5342, -0.0276]), array([ 0.5319619, -0.0257119]), 0.7854, 1.0]
[84, array([ 0.5342, -0.0276]), array([ 0.53211429, -0.0257119 ]), 0.7854, 1.0]
[84, array([ 0.5342, -0.0276]), array([ 0.53226667, -0.0257119 ]), 0.7854, 1.0]
[84, array([ 0.5342, -0.0276]), array([ 0.53241905, -0.0257119 ]), 0.7854, 1.0]
[84, array([ 0.5342, -0.0276]), array([ 0.53257143, -0.0257119 ]), 0.7854, 1.0]
[84, array([ 0.5342, -0.0276]), array([ 0.53272381, -0.0257119 ]), 0.7854, 1.0]
[84, array([ 0.5342, -0.0276]), array([ 0.53287619, -0.0257119 ]), 0.7854, 1.0]
[84, array([ 0.5342, -0.0276]), array([ 0.53302857, -0.0257119 ]), 0.7854, 1.0]
[84, array([ 0.5342, -0.0276]), array([ 0.53318095, -0.0257119 ]), 0.7854, 1.0]
[84, array([ 0.5342, -0.0276]), array([ 0.53333333, -0.0257119 ]), 0.7854, 1.0]
[84, array([ 0.5342, -0.0276]), array([ 0.53348571, -0.0257119 ]), 0.7854, 1.0]
[84, array([ 0.5342, -0.0276]), array([ 0.5336381, -0.0257119]), 0.7854, 1.0]
[84, array([ 0.5342, -0.0276]), array([ 0.53379048, -0.0257119 ]), 0.7854, 0.0]
[84, array([ 0.5342, -0.0276]), array([ 0.53394286, -0.0257119 ]), 0.7854, 0.0]
[84, array([ 0.5342, -0.0276]), array([ 0.53409524, -0.0257119 ]), 0.7854, 1.0]
[84, array([ 0.5342, -0.0276]), array([ 0.53424762, -0.0257119 ]), 0.7854, 1.0]
[84, array([ 0.5342, -0.0276]), array([ 0.5344   , -0.0257119]), 0.7854, 1.0]
[84, array([ 0.5342, -0.0276]), array([ 0.5312    , -0.02555952]), 0.7854, 1.0]
[84, array([ 0.5342, -0.0276]), array([ 0.53135238, -0.02555952]), 0.7854, 1.0]
[84, array([ 0.5342, -0.0276]), array([ 0.53150476, -0.02555952]), 0.7854, 1.0]
[84, array([ 0.5342, -0.0276]), array([ 0.53165714, -0.02555952]), 0.7854, 1.0]
[84, array([ 0.5342, -0.0276]), array([ 0.53180952, -0.02555952]), 0.7854, 1.0]
[84, array([ 0.5342, -0.0276]), array([ 0.5319619 , -0.02555952]), 0.7854, 1.0]
[84, array([ 0.5342, -0.0276]), array([ 0.53211429, -0.02555952]), 0.7854, 1.0]
[84, array([ 0.5342, -0.0276]), array([ 0.53226667, -0.02555952]), 0.7854, 1.0]
[84, array([ 0.5342, -0.0276]), array([ 0.53241905, -0.02555952]), 0.7854, 1.0]
[84, array([ 0.5342, -0.0276]), array([ 0.53257143, -0.02555952]), 0.7854, 1.0]
[84, array([ 0.5342, -0.0276]), array([ 0.53272381, -0.02555952]), 0.7854, 1.0]
[84, array([ 0.5342, -0.0276]), array([ 0.53287619, -0.02555952]), 0.7854, 1.0]
[84, array([ 0.5342, -0.0276]), array([ 0.53302857, -0.02555952]), 0.7854, 1.0]
[84, array([ 0.5342, -0.0276]), array([ 0.53318095, -0.02555952]), 0.7854, 1.0]
[84, array([ 0.5342, -0.0276]), array([ 0.53333333, -0.02555952]), 0.7854, 1.0]
[84, array([ 0.5342, -0.0276]), array([ 0.53348571, -0.02555952]), 0.7854, 1.0]
[84, array([ 0.5342, -0.0276]), array([ 0.5336381 , -0.02555952]), 0.7854, 1.0]
[84, array([ 0.5342, -0.0276]), array([ 0.53379048, -0.02555952]), 0.7854, 1.0]
[84, array([ 0.5342, -0.0276]), array([ 0.53394286, -0.02555952]), 0.7854, 1.0]
[84, array([ 0.5342, -0.0276]), array([ 0.53409524, -0.02555952]), 0.7854, 1.0]
[84, array([ 0.5342, -0.0276]), array([ 0.53424762, -0.02555952]), 0.7854, 1.0]
[84, array([ 0.5342, -0.0276]), array([ 0.5344    , -0.02555952]), 0.7854, 1.0]
[84, array([ 0.5342, -0.0276]), array([ 0.5312    , -0.02540714]), 0.7854, 1.0]
[84, array([ 0.5342, -0.0276]), array([ 0.53135238, -0.02540714]), 0.7854, 1.0]
[84, array([ 0.5342, -0.0276]), array([ 0.53150476, -0.02540714]), 0.7854, 1.0]
[84, array([ 0.5342, -0.0276]), array([ 0.53165714, -0.02540714]), 0.7854, 1.0]
[84, array([ 0.5342, -0.0276]), array([ 0.53180952, -0.02540714]), 0.7854, 1.0]
[84, array([ 0.5342, -0.0276]), array([ 0.5319619 , -0.02540714]), 0.7854, 1.0]
[84, array([ 0.5342, -0.0276]), array([ 0.53211429, -0.02540714]), 0.7854, 1.0]
[84, array([ 0.5342, -0.0276]), array([ 0.53226667, -0.02540714]), 0.7854, 1.0]
[84, array([ 0.5342, -0.0276]), array([ 0.53241905, -0.02540714]), 0.7854, 1.0]
[84, array([ 0.5342, -0.0276]), array([ 0.53257143, -0.02540714]), 0.7854, 1.0]
[84, array([ 0.5342, -0.0276]), array([ 0.53272381, -0.02540714]), 0.7854, 1.0]
[84, array([ 0.5342, -0.0276]), array([ 0.53287619, -0.02540714]), 0.7854, 1.0]
[84, array([ 0.5342, -0.0276]), array([ 0.53302857, -0.02540714]), 0.7854, 1.0]
[84, array([ 0.5342, -0.0276]), array([ 0.53318095, -0.02540714]), 0.7854, 1.0]
[84, array([ 0.5342, -0.0276]), array([ 0.53333333, -0.02540714]), 0.7854, 1.0]
[84, array([ 0.5342, -0.0276]), array([ 0.53348571, -0.02540714]), 0.7854, 0.0]
[84, array([ 0.5342, -0.0276]), array([ 0.5336381 , -0.02540714]), 0.7854, 1.0]
[84, array([ 0.5342, -0.0276]), array([ 0.53379048, -0.02540714]), 0.7854, 1.0]
[84, array([ 0.5342, -0.0276]), array([ 0.53394286, -0.02540714]), 0.7854, 1.0]
[84, array([ 0.5342, -0.0276]), array([ 0.53409524, -0.02540714]), 0.7854, 1.0]
[84, array([ 0.5342, -0.0276]), array([ 0.53424762, -0.02540714]), 0.7854, 1.0]
[84, array([ 0.5342, -0.0276]), array([ 0.5344    , -0.02540714]), 0.7854, 0.0]
[84, array([ 0.5342, -0.0276]), array([ 0.5312    , -0.02525476]), 0.7854, 1.0]
[84, array([ 0.5342, -0.0276]), array([ 0.53135238, -0.02525476]), 0.7854, 1.0]
[84, array([ 0.5342, -0.0276]), array([ 0.53150476, -0.02525476]), 0.7854, 1.0]
[84, array([ 0.5342, -0.0276]), array([ 0.53165714, -0.02525476]), 0.7854, 1.0]
[84, array([ 0.5342, -0.0276]), array([ 0.53180952, -0.02525476]), 0.7854, 1.0]
[84, array([ 0.5342, -0.0276]), array([ 0.5319619 , -0.02525476]), 0.7854, 1.0]
[84, array([ 0.5342, -0.0276]), array([ 0.53211429, -0.02525476]), 0.7854, 1.0]
[84, array([ 0.5342, -0.0276]), array([ 0.53226667, -0.02525476]), 0.7854, 1.0]
[84, array([ 0.5342, -0.0276]), array([ 0.53241905, -0.02525476]), 0.7854, 1.0]
[84, array([ 0.5342, -0.0276]), array([ 0.53257143, -0.02525476]), 0.7854, 1.0]
[84, array([ 0.5342, -0.0276]), array([ 0.53272381, -0.02525476]), 0.7854, 0.0]
[84, array([ 0.5342, -0.0276]), array([ 0.53287619, -0.02525476]), 0.7854, 0.0]
[84, array([ 0.5342, -0.0276]), array([ 0.53302857, -0.02525476]), 0.7854, 0.0]
[84, array([ 0.5342, -0.0276]), array([ 0.53318095, -0.02525476]), 0.7854, 1.0]
[84, array([ 0.5342, -0.0276]), array([ 0.53333333, -0.02525476]), 0.7854, 0.0]
[84, array([ 0.5342, -0.0276]), array([ 0.53348571, -0.02525476]), 0.7854, 1.0]
[84, array([ 0.5342, -0.0276]), array([ 0.5336381 , -0.02525476]), 0.7854, 1.0]
[84, array([ 0.5342, -0.0276]), array([ 0.53379048, -0.02525476]), 0.7854, 1.0]
[84, array([ 0.5342, -0.0276]), array([ 0.53394286, -0.02525476]), 0.7854, 1.0]
[84, array([ 0.5342, -0.0276]), array([ 0.53409524, -0.02525476]), 0.7854, 1.0]
[84, array([ 0.5342, -0.0276]), array([ 0.53424762, -0.02525476]), 0.7854, 1.0]
[84, array([ 0.5342, -0.0276]), array([ 0.5344    , -0.02525476]), 0.7854, 0.0]
[84, array([ 0.5342, -0.0276]), array([ 0.5312    , -0.02510238]), 0.7854, 1.0]
[84, array([ 0.5342, -0.0276]), array([ 0.53135238, -0.02510238]), 0.7854, 1.0]
[84, array([ 0.5342, -0.0276]), array([ 0.53150476, -0.02510238]), 0.7854, 1.0]
[84, array([ 0.5342, -0.0276]), array([ 0.53165714, -0.02510238]), 0.7854, 1.0]
[84, array([ 0.5342, -0.0276]), array([ 0.53180952, -0.02510238]), 0.7854, 1.0]
[84, array([ 0.5342, -0.0276]), array([ 0.5319619 , -0.02510238]), 0.7854, 1.0]
[84, array([ 0.5342, -0.0276]), array([ 0.53211429, -0.02510238]), 0.7854, 1.0]
[84, array([ 0.5342, -0.0276]), array([ 0.53226667, -0.02510238]), 0.7854, 1.0]
[84, array([ 0.5342, -0.0276]), array([ 0.53241905, -0.02510238]), 0.7854, 1.0]
[84, array([ 0.5342, -0.0276]), array([ 0.53257143, -0.02510238]), 0.7854, 0.0]
[84, array([ 0.5342, -0.0276]), array([ 0.53272381, -0.02510238]), 0.7854, 0.0]
[84, array([ 0.5342, -0.0276]), array([ 0.53287619, -0.02510238]), 0.7854, 0.0]
[84, array([ 0.5342, -0.0276]), array([ 0.53302857, -0.02510238]), 0.7854, 0.0]
[84, array([ 0.5342, -0.0276]), array([ 0.53318095, -0.02510238]), 0.7854, 0.0]
[84, array([ 0.5342, -0.0276]), array([ 0.53333333, -0.02510238]), 0.7854, 1.0]
[84, array([ 0.5342, -0.0276]), array([ 0.53348571, -0.02510238]), 0.7854, 1.0]
[84, array([ 0.5342, -0.0276]), array([ 0.5336381 , -0.02510238]), 0.7854, 1.0]
[84, array([ 0.5342, -0.0276]), array([ 0.53379048, -0.02510238]), 0.7854, 1.0]
[84, array([ 0.5342, -0.0276]), array([ 0.53394286, -0.02510238]), 0.7854, 1.0]
[84, array([ 0.5342, -0.0276]), array([ 0.53409524, -0.02510238]), 0.7854, 1.0]
[84, array([ 0.5342, -0.0276]), array([ 0.53424762, -0.02510238]), 0.7854, 1.0]
[84, array([ 0.5342, -0.0276]), array([ 0.5344    , -0.02510238]), 0.7854, 1.0]
[84, array([ 0.5342, -0.0276]), array([ 0.5312 , -0.02495]), 0.7854, 1.0]
[84, array([ 0.5342, -0.0276]), array([ 0.53135238, -0.02495   ]), 0.7854, 1.0]
[84, array([ 0.5342, -0.0276]), array([ 0.53150476, -0.02495   ]), 0.7854, 1.0]
[84, array([ 0.5342, -0.0276]), array([ 0.53165714, -0.02495   ]), 0.7854, 1.0]
[84, array([ 0.5342, -0.0276]), array([ 0.53180952, -0.02495   ]), 0.7854, 1.0]
[84, array([ 0.5342, -0.0276]), array([ 0.5319619, -0.02495  ]), 0.7854, 1.0]
[84, array([ 0.5342, -0.0276]), array([ 0.53211429, -0.02495   ]), 0.7854, 1.0]
[84, array([ 0.5342, -0.0276]), array([ 0.53226667, -0.02495   ]), 0.7854, 1.0]
[84, array([ 0.5342, -0.0276]), array([ 0.53241905, -0.02495   ]), 0.7854, 0.0]
[84, array([ 0.5342, -0.0276]), array([ 0.53257143, -0.02495   ]), 0.7854, 0.0]
[84, array([ 0.5342, -0.0276]), array([ 0.53272381, -0.02495   ]), 0.7854, 0.0]
[84, array([ 0.5342, -0.0276]), array([ 0.53287619, -0.02495   ]), 0.7854, 0.0]
[84, array([ 0.5342, -0.0276]), array([ 0.53302857, -0.02495   ]), 0.7854, 0.0]
[84, array([ 0.5342, -0.0276]), array([ 0.53318095, -0.02495   ]), 0.7854, 1.0]
[84, array([ 0.5342, -0.0276]), array([ 0.53333333, -0.02495   ]), 0.7854, 1.0]
[84, array([ 0.5342, -0.0276]), array([ 0.53348571, -0.02495   ]), 0.7854, 0.0]
[84, array([ 0.5342, -0.0276]), array([ 0.5336381, -0.02495  ]), 0.7854, 0.0]
[84, array([ 0.5342, -0.0276]), array([ 0.53379048, -0.02495   ]), 0.7854, 1.0]
[84, array([ 0.5342, -0.0276]), array([ 0.53394286, -0.02495   ]), 0.7854, 0.0]
[84, array([ 0.5342, -0.0276]), array([ 0.53409524, -0.02495   ]), 0.7854, 1.0]
[84, array([ 0.5342, -0.0276]), array([ 0.53424762, -0.02495   ]), 0.7854, 0.0]
[84, array([ 0.5342, -0.0276]), array([ 0.5344 , -0.02495]), 0.7854, 0.0]
[77, array([ 0.4663, -0.0117]), array([ 0.4625 , -0.02025]), 0.7854, 0.0]
[77, array([ 0.4663, -0.0117]), array([ 0.46264762, -0.02025   ]), 0.7854, 0.0]
[77, array([ 0.4663, -0.0117]), array([ 0.46279524, -0.02025   ]), 0.7854, 0.0]
[77, array([ 0.4663, -0.0117]), array([ 0.46294286, -0.02025   ]), 0.7854, 0.0]
[77, array([ 0.4663, -0.0117]), array([ 0.46309048, -0.02025   ]), 0.7854, 0.0]
[77, array([ 0.4663, -0.0117]), array([ 0.4632381, -0.02025  ]), 0.7854, 0.0]
[77, array([ 0.4663, -0.0117]), array([ 0.46338571, -0.02025   ]), 0.7854, 0.0]
[77, array([ 0.4663, -0.0117]), array([ 0.46353333, -0.02025   ]), 0.7854, 0.0]
[77, array([ 0.4663, -0.0117]), array([ 0.46368095, -0.02025   ]), 0.7854, 0.0]
[77, array([ 0.4663, -0.0117]), array([ 0.46382857, -0.02025   ]), 0.7854, 0.0]
[77, array([ 0.4663, -0.0117]), array([ 0.46397619, -0.02025   ]), 0.7854, 0.0]
[77, array([ 0.4663, -0.0117]), array([ 0.46412381, -0.02025   ]), 0.7854, 0.0]
[77, array([ 0.4663, -0.0117]), array([ 0.46427143, -0.02025   ]), 0.7854, 0.0]
[77, array([ 0.4663, -0.0117]), array([ 0.46441905, -0.02025   ]), 0.7854, 0.0]
[77, array([ 0.4663, -0.0117]), array([ 0.46456667, -0.02025   ]), 0.7854, 0.0]
[77, array([ 0.4663, -0.0117]), array([ 0.46471429, -0.02025   ]), 0.7854, 0.0]
[77, array([ 0.4663, -0.0117]), array([ 0.4648619, -0.02025  ]), 0.7854, 0.0]
[77, array([ 0.4663, -0.0117]), array([ 0.46500952, -0.02025   ]), 0.7854, 0.0]
[77, array([ 0.4663, -0.0117]), array([ 0.46515714, -0.02025   ]), 0.7854, 0.0]
[77, array([ 0.4663, -0.0117]), array([ 0.46530476, -0.02025   ]), 0.7854, 0.0]
[77, array([ 0.4663, -0.0117]), array([ 0.46545238, -0.02025   ]), 0.7854, 0.0]
[77, array([ 0.4663, -0.0117]), array([ 0.4656 , -0.02025]), 0.7854, 0.0]
[77, array([ 0.4663, -0.0117]), array([ 0.4625    , -0.02010238]), 0.7854, 0.0]
[77, array([ 0.4663, -0.0117]), array([ 0.46264762, -0.02010238]), 0.7854, 0.0]
[77, array([ 0.4663, -0.0117]), array([ 0.46279524, -0.02010238]), 0.7854, 0.0]
[77, array([ 0.4663, -0.0117]), array([ 0.46294286, -0.02010238]), 0.7854, 0.0]
[77, array([ 0.4663, -0.0117]), array([ 0.46309048, -0.02010238]), 0.7854, 0.0]
[77, array([ 0.4663, -0.0117]), array([ 0.4632381 , -0.02010238]), 0.7854, 0.0]
[77, array([ 0.4663, -0.0117]), array([ 0.46338571, -0.02010238]), 0.7854, 0.0]
[77, array([ 0.4663, -0.0117]), array([ 0.46353333, -0.02010238]), 0.7854, 0.0]
[77, array([ 0.4663, -0.0117]), array([ 0.46368095, -0.02010238]), 0.7854, 0.0]
[77, array([ 0.4663, -0.0117]), array([ 0.46382857, -0.02010238]), 0.7854, 0.0]
[77, array([ 0.4663, -0.0117]), array([ 0.46397619, -0.02010238]), 0.7854, 0.0]
[77, array([ 0.4663, -0.0117]), array([ 0.46412381, -0.02010238]), 0.7854, 0.0]
[77, array([ 0.4663, -0.0117]), array([ 0.46427143, -0.02010238]), 0.7854, 0.0]
[77, array([ 0.4663, -0.0117]), array([ 0.46441905, -0.02010238]), 0.7854, 0.0]
[77, array([ 0.4663, -0.0117]), array([ 0.46456667, -0.02010238]), 0.7854, 0.0]
[77, array([ 0.4663, -0.0117]), array([ 0.46471429, -0.02010238]), 0.7854, 0.0]
[77, array([ 0.4663, -0.0117]), array([ 0.4648619 , -0.02010238]), 0.7854, 0.0]
[77, array([ 0.4663, -0.0117]), array([ 0.46500952, -0.02010238]), 0.7854, 0.0]
[77, array([ 0.4663, -0.0117]), array([ 0.46515714, -0.02010238]), 0.7854, 0.0]
[77, array([ 0.4663, -0.0117]), array([ 0.46530476, -0.02010238]), 0.7854, 0.0]
[77, array([ 0.4663, -0.0117]), array([ 0.46545238, -0.02010238]), 0.7854, 0.0]
[77, array([ 0.4663, -0.0117]), array([ 0.4656    , -0.02010238]), 0.7854, 0.0]
[77, array([ 0.4663, -0.0117]), array([ 0.4625    , -0.01995476]), 0.7854, 0.0]
[77, array([ 0.4663, -0.0117]), array([ 0.46264762, -0.01995476]), 0.7854, 0.0]
[77, array([ 0.4663, -0.0117]), array([ 0.46279524, -0.01995476]), 0.7854, 0.0]
[77, array([ 0.4663, -0.0117]), array([ 0.46294286, -0.01995476]), 0.7854, 0.0]
[77, array([ 0.4663, -0.0117]), array([ 0.46309048, -0.01995476]), 0.7854, 0.0]
[77, array([ 0.4663, -0.0117]), array([ 0.4632381 , -0.01995476]), 0.7854, 0.0]
[77, array([ 0.4663, -0.0117]), array([ 0.46338571, -0.01995476]), 0.7854, 0.0]
[77, array([ 0.4663, -0.0117]), array([ 0.46353333, -0.01995476]), 0.7854, 0.0]
[77, array([ 0.4663, -0.0117]), array([ 0.46368095, -0.01995476]), 0.7854, 0.0]
[77, array([ 0.4663, -0.0117]), array([ 0.46382857, -0.01995476]), 0.7854, 0.0]
[77, array([ 0.4663, -0.0117]), array([ 0.46397619, -0.01995476]), 0.7854, 0.0]
[77, array([ 0.4663, -0.0117]), array([ 0.46412381, -0.01995476]), 0.7854, 0.0]
[77, array([ 0.4663, -0.0117]), array([ 0.46427143, -0.01995476]), 0.7854, 0.0]
[77, array([ 0.4663, -0.0117]), array([ 0.46441905, -0.01995476]), 0.7854, 0.0]
[77, array([ 0.4663, -0.0117]), array([ 0.46456667, -0.01995476]), 0.7854, 0.0]
[77, array([ 0.4663, -0.0117]), array([ 0.46471429, -0.01995476]), 0.7854, 0.0]
[77, array([ 0.4663, -0.0117]), array([ 0.4648619 , -0.01995476]), 0.7854, 0.0]
[77, array([ 0.4663, -0.0117]), array([ 0.46500952, -0.01995476]), 0.7854, 0.0]
[77, array([ 0.4663, -0.0117]), array([ 0.46515714, -0.01995476]), 0.7854, 0.0]
[77, array([ 0.4663, -0.0117]), array([ 0.46530476, -0.01995476]), 0.7854, 0.0]
[77, array([ 0.4663, -0.0117]), array([ 0.46545238, -0.01995476]), 0.7854, 0.0]
[77, array([ 0.4663, -0.0117]), array([ 0.4656    , -0.01995476]), 0.7854, 0.0]
[77, array([ 0.4663, -0.0117]), array([ 0.4625    , -0.01980714]), 0.7854, 0.0]
[77, array([ 0.4663, -0.0117]), array([ 0.46264762, -0.01980714]), 0.7854, 0.0]
[77, array([ 0.4663, -0.0117]), array([ 0.46279524, -0.01980714]), 0.7854, 0.0]
[77, array([ 0.4663, -0.0117]), array([ 0.46294286, -0.01980714]), 0.7854, 0.0]
[77, array([ 0.4663, -0.0117]), array([ 0.46309048, -0.01980714]), 0.7854, 0.0]
[77, array([ 0.4663, -0.0117]), array([ 0.4632381 , -0.01980714]), 0.7854, 0.0]
[77, array([ 0.4663, -0.0117]), array([ 0.46338571, -0.01980714]), 0.7854, 0.0]
[77, array([ 0.4663, -0.0117]), array([ 0.46353333, -0.01980714]), 0.7854, 0.0]
[77, array([ 0.4663, -0.0117]), array([ 0.46368095, -0.01980714]), 0.7854, 0.0]
[77, array([ 0.4663, -0.0117]), array([ 0.46382857, -0.01980714]), 0.7854, 0.0]
[77, array([ 0.4663, -0.0117]), array([ 0.46397619, -0.01980714]), 0.7854, 0.0]
[77, array([ 0.4663, -0.0117]), array([ 0.46412381, -0.01980714]), 0.7854, 0.0]
[77, array([ 0.4663, -0.0117]), array([ 0.46427143, -0.01980714]), 0.7854, 0.0]
[77, array([ 0.4663, -0.0117]), array([ 0.46441905, -0.01980714]), 0.7854, 0.0]
[77, array([ 0.4663, -0.0117]), array([ 0.46456667, -0.01980714]), 0.7854, 0.0]
[77, array([ 0.4663, -0.0117]), array([ 0.46471429, -0.01980714]), 0.7854, 0.0]
[77, array([ 0.4663, -0.0117]), array([ 0.4648619 , -0.01980714]), 0.7854, 0.0]
[77, array([ 0.4663, -0.0117]), array([ 0.46500952, -0.01980714]), 0.7854, 0.0]
[77, array([ 0.4663, -0.0117]), array([ 0.46515714, -0.01980714]), 0.7854, 0.0]
[77, array([ 0.4663, -0.0117]), array([ 0.46530476, -0.01980714]), 0.7854, 0.0]
[77, array([ 0.4663, -0.0117]), array([ 0.46545238, -0.01980714]), 0.7854, 0.0]
[77, array([ 0.4663, -0.0117]), array([ 0.4656    , -0.01980714]), 0.7854, 0.0]
[77, array([ 0.4663, -0.0117]), array([ 0.4625    , -0.01965952]), 0.7854, 0.0]
[77, array([ 0.4663, -0.0117]), array([ 0.46264762, -0.01965952]), 0.7854, 0.0]
[77, array([ 0.4663, -0.0117]), array([ 0.46279524, -0.01965952]), 0.7854, 0.0]
[77, array([ 0.4663, -0.0117]), array([ 0.46294286, -0.01965952]), 0.7854, 0.0]
[77, array([ 0.4663, -0.0117]), array([ 0.46309048, -0.01965952]), 0.7854, 0.0]
[77, array([ 0.4663, -0.0117]), array([ 0.4632381 , -0.01965952]), 0.7854, 0.0]
[77, array([ 0.4663, -0.0117]), array([ 0.46338571, -0.01965952]), 0.7854, 0.0]
[77, array([ 0.4663, -0.0117]), array([ 0.46353333, -0.01965952]), 0.7854, 0.0]
[77, array([ 0.4663, -0.0117]), array([ 0.46368095, -0.01965952]), 0.7854, 0.0]
[77, array([ 0.4663, -0.0117]), array([ 0.46382857, -0.01965952]), 0.7854, 0.0]
[77, array([ 0.4663, -0.0117]), array([ 0.46397619, -0.01965952]), 0.7854, 0.0]
[77, array([ 0.4663, -0.0117]), array([ 0.46412381, -0.01965952]), 0.7854, 0.0]
[77, array([ 0.4663, -0.0117]), array([ 0.46427143, -0.01965952]), 0.7854, 0.0]
[77, array([ 0.4663, -0.0117]), array([ 0.46441905, -0.01965952]), 0.7854, 0.0]
[77, array([ 0.4663, -0.0117]), array([ 0.46456667, -0.01965952]), 0.7854, 0.0]
[77, array([ 0.4663, -0.0117]), array([ 0.46471429, -0.01965952]), 0.7854, 0.0]
[77, array([ 0.4663, -0.0117]), array([ 0.4648619 , -0.01965952]), 0.7854, 0.0]
[77, array([ 0.4663, -0.0117]), array([ 0.46500952, -0.01965952]), 0.7854, 0.0]
[77, array([ 0.4663, -0.0117]), array([ 0.46515714, -0.01965952]), 0.7854, 0.0]
[77, array([ 0.4663, -0.0117]), array([ 0.46530476, -0.01965952]), 0.7854, 0.0]
[77, array([ 0.4663, -0.0117]), array([ 0.46545238, -0.01965952]), 0.7854, 0.0]
[77, array([ 0.4663, -0.0117]), array([ 0.4656    , -0.01965952]), 0.7854, 0.0]
[77, array([ 0.4663, -0.0117]), array([ 0.4625   , -0.0195119]), 0.7854, 0.0]
[77, array([ 0.4663, -0.0117]), array([ 0.46264762, -0.0195119 ]), 0.7854, 0.0]
[77, array([ 0.4663, -0.0117]), array([ 0.46279524, -0.0195119 ]), 0.7854, 0.0]
[77, array([ 0.4663, -0.0117]), array([ 0.46294286, -0.0195119 ]), 0.7854, 0.0]
[77, array([ 0.4663, -0.0117]), array([ 0.46309048, -0.0195119 ]), 0.7854, 0.0]
[77, array([ 0.4663, -0.0117]), array([ 0.4632381, -0.0195119]), 0.7854, 0.0]
[77, array([ 0.4663, -0.0117]), array([ 0.46338571, -0.0195119 ]), 0.7854, 0.0]
[77, array([ 0.4663, -0.0117]), array([ 0.46353333, -0.0195119 ]), 0.7854, 0.0]
[77, array([ 0.4663, -0.0117]), array([ 0.46368095, -0.0195119 ]), 0.7854, 0.0]
[77, array([ 0.4663, -0.0117]), array([ 0.46382857, -0.0195119 ]), 0.7854, 0.0]
[77, array([ 0.4663, -0.0117]), array([ 0.46397619, -0.0195119 ]), 0.7854, 0.0]
[77, array([ 0.4663, -0.0117]), array([ 0.46412381, -0.0195119 ]), 0.7854, 0.0]
[77, array([ 0.4663, -0.0117]), array([ 0.46427143, -0.0195119 ]), 0.7854, 0.0]
[77, array([ 0.4663, -0.0117]), array([ 0.46441905, -0.0195119 ]), 0.7854, 0.0]
[77, array([ 0.4663, -0.0117]), array([ 0.46456667, -0.0195119 ]), 0.7854, 0.0]
[77, array([ 0.4663, -0.0117]), array([ 0.46471429, -0.0195119 ]), 0.7854, 0.0]
[77, array([ 0.4663, -0.0117]), array([ 0.4648619, -0.0195119]), 0.7854, 0.0]
[77, array([ 0.4663, -0.0117]), array([ 0.46500952, -0.0195119 ]), 0.7854, 0.0]
[77, array([ 0.4663, -0.0117]), array([ 0.46515714, -0.0195119 ]), 0.7854, 0.0]
[77, array([ 0.4663, -0.0117]), array([ 0.46530476, -0.0195119 ]), 0.7854, 0.0]
[77, array([ 0.4663, -0.0117]), array([ 0.46545238, -0.0195119 ]), 0.7854, 0.0]
[77, array([ 0.4663, -0.0117]), array([ 0.4656   , -0.0195119]), 0.7854, 0.0]
[77, array([ 0.4663, -0.0117]), array([ 0.4625    , -0.01936429]), 0.7854, 0.0]
[77, array([ 0.4663, -0.0117]), array([ 0.46264762, -0.01936429]), 0.7854, 0.0]
[77, array([ 0.4663, -0.0117]), array([ 0.46279524, -0.01936429]), 0.7854, 0.0]
[77, array([ 0.4663, -0.0117]), array([ 0.46294286, -0.01936429]), 0.7854, 0.0]
[77, array([ 0.4663, -0.0117]), array([ 0.46309048, -0.01936429]), 0.7854, 0.0]
[77, array([ 0.4663, -0.0117]), array([ 0.4632381 , -0.01936429]), 0.7854, 0.0]
[77, array([ 0.4663, -0.0117]), array([ 0.46338571, -0.01936429]), 0.7854, 0.0]
[77, array([ 0.4663, -0.0117]), array([ 0.46353333, -0.01936429]), 0.7854, 0.0]
[77, array([ 0.4663, -0.0117]), array([ 0.46368095, -0.01936429]), 0.7854, 0.0]
[77, array([ 0.4663, -0.0117]), array([ 0.46382857, -0.01936429]), 0.7854, 0.0]
[77, array([ 0.4663, -0.0117]), array([ 0.46397619, -0.01936429]), 0.7854, 0.0]
[77, array([ 0.4663, -0.0117]), array([ 0.46412381, -0.01936429]), 0.7854, 0.0]
[77, array([ 0.4663, -0.0117]), array([ 0.46427143, -0.01936429]), 0.7854, 0.0]
[77, array([ 0.4663, -0.0117]), array([ 0.46441905, -0.01936429]), 0.7854, 0.0]
[77, array([ 0.4663, -0.0117]), array([ 0.46456667, -0.01936429]), 0.7854, 0.0]
[77, array([ 0.4663, -0.0117]), array([ 0.46471429, -0.01936429]), 0.7854, 0.0]
[77, array([ 0.4663, -0.0117]), array([ 0.4648619 , -0.01936429]), 0.7854, 0.0]
[77, array([ 0.4663, -0.0117]), array([ 0.46500952, -0.01936429]), 0.7854, 0.0]
[77, array([ 0.4663, -0.0117]), array([ 0.46515714, -0.01936429]), 0.7854, 0.0]
[77, array([ 0.4663, -0.0117]), array([ 0.46530476, -0.01936429]), 0.7854, 0.0]
[77, array([ 0.4663, -0.0117]), array([ 0.46545238, -0.01936429]), 0.7854, 0.0]
[77, array([ 0.4663, -0.0117]), array([ 0.4656    , -0.01936429]), 0.7854, 0.0]
[77, array([ 0.4663, -0.0117]), array([ 0.4625    , -0.01921667]), 0.7854, 0.0]
[77, array([ 0.4663, -0.0117]), array([ 0.46264762, -0.01921667]), 0.7854, 0.0]
[77, array([ 0.4663, -0.0117]), array([ 0.46279524, -0.01921667]), 0.7854, 0.0]
[77, array([ 0.4663, -0.0117]), array([ 0.46294286, -0.01921667]), 0.7854, 0.0]
[77, array([ 0.4663, -0.0117]), array([ 0.46309048, -0.01921667]), 0.7854, 0.0]
[77, array([ 0.4663, -0.0117]), array([ 0.4632381 , -0.01921667]), 0.7854, 0.0]
[77, array([ 0.4663, -0.0117]), array([ 0.46338571, -0.01921667]), 0.7854, 0.0]
[77, array([ 0.4663, -0.0117]), array([ 0.46353333, -0.01921667]), 0.7854, 0.0]
[77, array([ 0.4663, -0.0117]), array([ 0.46368095, -0.01921667]), 0.7854, 0.0]
[77, array([ 0.4663, -0.0117]), array([ 0.46382857, -0.01921667]), 0.7854, 0.0]
[77, array([ 0.4663, -0.0117]), array([ 0.46397619, -0.01921667]), 0.7854, 0.0]
[77, array([ 0.4663, -0.0117]), array([ 0.46412381, -0.01921667]), 0.7854, 0.0]
[77, array([ 0.4663, -0.0117]), array([ 0.46427143, -0.01921667]), 0.7854, 0.0]
[77, array([ 0.4663, -0.0117]), array([ 0.46441905, -0.01921667]), 0.7854, 0.0]
[77, array([ 0.4663, -0.0117]), array([ 0.46456667, -0.01921667]), 0.7854, 0.0]
[77, array([ 0.4663, -0.0117]), array([ 0.46471429, -0.01921667]), 0.7854, 0.0]
[77, array([ 0.4663, -0.0117]), array([ 0.4648619 , -0.01921667]), 0.7854, 0.0]
[77, array([ 0.4663, -0.0117]), array([ 0.46500952, -0.01921667]), 0.7854, 0.0]
[77, array([ 0.4663, -0.0117]), array([ 0.46515714, -0.01921667]), 0.7854, 0.0]
[77, array([ 0.4663, -0.0117]), array([ 0.46530476, -0.01921667]), 0.7854, 0.0]
[77, array([ 0.4663, -0.0117]), array([ 0.46545238, -0.01921667]), 0.7854, 0.0]
[77, array([ 0.4663, -0.0117]), array([ 0.4656    , -0.01921667]), 0.7854, 0.0]
[77, array([ 0.4663, -0.0117]), array([ 0.4625    , -0.01906905]), 0.7854, 0.0]
[77, array([ 0.4663, -0.0117]), array([ 0.46264762, -0.01906905]), 0.7854, 0.0]
[77, array([ 0.4663, -0.0117]), array([ 0.46279524, -0.01906905]), 0.7854, 0.0]
[77, array([ 0.4663, -0.0117]), array([ 0.46294286, -0.01906905]), 0.7854, 0.0]
[77, array([ 0.4663, -0.0117]), array([ 0.46309048, -0.01906905]), 0.7854, 0.0]
[77, array([ 0.4663, -0.0117]), array([ 0.4632381 , -0.01906905]), 0.7854, 0.0]
[77, array([ 0.4663, -0.0117]), array([ 0.46338571, -0.01906905]), 0.7854, 0.0]
[77, array([ 0.4663, -0.0117]), array([ 0.46353333, -0.01906905]), 0.7854, 0.0]
[77, array([ 0.4663, -0.0117]), array([ 0.46368095, -0.01906905]), 0.7854, 0.0]
[77, array([ 0.4663, -0.0117]), array([ 0.46382857, -0.01906905]), 0.7854, 0.0]
[77, array([ 0.4663, -0.0117]), array([ 0.46397619, -0.01906905]), 0.7854, 0.0]
[77, array([ 0.4663, -0.0117]), array([ 0.46412381, -0.01906905]), 0.7854, 0.0]
[77, array([ 0.4663, -0.0117]), array([ 0.46427143, -0.01906905]), 0.7854, 0.0]
[77, array([ 0.4663, -0.0117]), array([ 0.46441905, -0.01906905]), 0.7854, 0.0]
[77, array([ 0.4663, -0.0117]), array([ 0.46456667, -0.01906905]), 0.7854, 0.0]
[77, array([ 0.4663, -0.0117]), array([ 0.46471429, -0.01906905]), 0.7854, 0.0]
[77, array([ 0.4663, -0.0117]), array([ 0.4648619 , -0.01906905]), 0.7854, 0.0]
[77, array([ 0.4663, -0.0117]), array([ 0.46500952, -0.01906905]), 0.7854, 0.0]
[77, array([ 0.4663, -0.0117]), array([ 0.46515714, -0.01906905]), 0.7854, 0.0]
[77, array([ 0.4663, -0.0117]), array([ 0.46530476, -0.01906905]), 0.7854, 0.0]
[77, array([ 0.4663, -0.0117]), array([ 0.46545238, -0.01906905]), 0.7854, 0.0]
[77, array([ 0.4663, -0.0117]), array([ 0.4656    , -0.01906905]), 0.7854, 0.0]
[77, array([ 0.4663, -0.0117]), array([ 0.4625    , -0.01892143]), 0.7854, 0.0]
[77, array([ 0.4663, -0.0117]), array([ 0.46264762, -0.01892143]), 0.7854, 0.0]
[77, array([ 0.4663, -0.0117]), array([ 0.46279524, -0.01892143]), 0.7854, 0.0]
[77, array([ 0.4663, -0.0117]), array([ 0.46294286, -0.01892143]), 0.7854, 0.0]
[77, array([ 0.4663, -0.0117]), array([ 0.46309048, -0.01892143]), 0.7854, 0.0]
[77, array([ 0.4663, -0.0117]), array([ 0.4632381 , -0.01892143]), 0.7854, 0.0]
[77, array([ 0.4663, -0.0117]), array([ 0.46338571, -0.01892143]), 0.7854, 0.0]
[77, array([ 0.4663, -0.0117]), array([ 0.46353333, -0.01892143]), 0.7854, 0.0]
[77, array([ 0.4663, -0.0117]), array([ 0.46368095, -0.01892143]), 0.7854, 0.0]
[77, array([ 0.4663, -0.0117]), array([ 0.46382857, -0.01892143]), 0.7854, 0.0]
[77, array([ 0.4663, -0.0117]), array([ 0.46397619, -0.01892143]), 0.7854, 0.0]
[77, array([ 0.4663, -0.0117]), array([ 0.46412381, -0.01892143]), 0.7854, 0.0]
[77, array([ 0.4663, -0.0117]), array([ 0.46427143, -0.01892143]), 0.7854, 0.0]
[77, array([ 0.4663, -0.0117]), array([ 0.46441905, -0.01892143]), 0.7854, 0.0]
[77, array([ 0.4663, -0.0117]), array([ 0.46456667, -0.01892143]), 0.7854, 0.0]
[77, array([ 0.4663, -0.0117]), array([ 0.46471429, -0.01892143]), 0.7854, 0.0]
[77, array([ 0.4663, -0.0117]), array([ 0.4648619 , -0.01892143]), 0.7854, 0.0]
[77, array([ 0.4663, -0.0117]), array([ 0.46500952, -0.01892143]), 0.7854, 0.0]
[77, array([ 0.4663, -0.0117]), array([ 0.46515714, -0.01892143]), 0.7854, 0.0]
[77, array([ 0.4663, -0.0117]), array([ 0.46530476, -0.01892143]), 0.7854, 0.0]
[77, array([ 0.4663, -0.0117]), array([ 0.46545238, -0.01892143]), 0.7854, 0.0]
[77, array([ 0.4663, -0.0117]), array([ 0.4656    , -0.01892143]), 0.7854, 0.0]
[77, array([ 0.4663, -0.0117]), array([ 0.4625    , -0.01877381]), 0.7854, 0.0]
[77, array([ 0.4663, -0.0117]), array([ 0.46264762, -0.01877381]), 0.7854, 0.0]
[77, array([ 0.4663, -0.0117]), array([ 0.46279524, -0.01877381]), 0.7854, 0.0]
[77, array([ 0.4663, -0.0117]), array([ 0.46294286, -0.01877381]), 0.7854, 0.0]
[77, array([ 0.4663, -0.0117]), array([ 0.46309048, -0.01877381]), 0.7854, 0.0]
[77, array([ 0.4663, -0.0117]), array([ 0.4632381 , -0.01877381]), 0.7854, 0.0]
[77, array([ 0.4663, -0.0117]), array([ 0.46338571, -0.01877381]), 0.7854, 0.0]
[77, array([ 0.4663, -0.0117]), array([ 0.46353333, -0.01877381]), 0.7854, 0.0]
[77, array([ 0.4663, -0.0117]), array([ 0.46368095, -0.01877381]), 0.7854, 0.0]
[77, array([ 0.4663, -0.0117]), array([ 0.46382857, -0.01877381]), 0.7854, 0.0]
[77, array([ 0.4663, -0.0117]), array([ 0.46397619, -0.01877381]), 0.7854, 0.0]
[77, array([ 0.4663, -0.0117]), array([ 0.46412381, -0.01877381]), 0.7854, 0.0]
[77, array([ 0.4663, -0.0117]), array([ 0.46427143, -0.01877381]), 0.7854, 0.0]
[77, array([ 0.4663, -0.0117]), array([ 0.46441905, -0.01877381]), 0.7854, 0.0]
[77, array([ 0.4663, -0.0117]), array([ 0.46456667, -0.01877381]), 0.7854, 0.0]
[77, array([ 0.4663, -0.0117]), array([ 0.46471429, -0.01877381]), 0.7854, 0.0]
[77, array([ 0.4663, -0.0117]), array([ 0.4648619 , -0.01877381]), 0.7854, 0.0]
[77, array([ 0.4663, -0.0117]), array([ 0.46500952, -0.01877381]), 0.7854, 0.0]
[77, array([ 0.4663, -0.0117]), array([ 0.46515714, -0.01877381]), 0.7854, 0.0]
[77, array([ 0.4663, -0.0117]), array([ 0.46530476, -0.01877381]), 0.7854, 0.0]
[77, array([ 0.4663, -0.0117]), array([ 0.46545238, -0.01877381]), 0.7854, 0.0]
[77, array([ 0.4663, -0.0117]), array([ 0.4656    , -0.01877381]), 0.7854, 0.0]
[77, array([ 0.4663, -0.0117]), array([ 0.4625    , -0.01862619]), 0.7854, 0.0]
[77, array([ 0.4663, -0.0117]), array([ 0.46264762, -0.01862619]), 0.7854, 0.0]
[77, array([ 0.4663, -0.0117]), array([ 0.46279524, -0.01862619]), 0.7854, 0.0]
[77, array([ 0.4663, -0.0117]), array([ 0.46294286, -0.01862619]), 0.7854, 0.0]
[77, array([ 0.4663, -0.0117]), array([ 0.46309048, -0.01862619]), 0.7854, 0.0]
[77, array([ 0.4663, -0.0117]), array([ 0.4632381 , -0.01862619]), 0.7854, 0.0]
[77, array([ 0.4663, -0.0117]), array([ 0.46338571, -0.01862619]), 0.7854, 0.0]
[77, array([ 0.4663, -0.0117]), array([ 0.46353333, -0.01862619]), 0.7854, 0.0]
[77, array([ 0.4663, -0.0117]), array([ 0.46368095, -0.01862619]), 0.7854, 0.0]
[77, array([ 0.4663, -0.0117]), array([ 0.46382857, -0.01862619]), 0.7854, 0.0]
[77, array([ 0.4663, -0.0117]), array([ 0.46397619, -0.01862619]), 0.7854, 0.0]
[77, array([ 0.4663, -0.0117]), array([ 0.46412381, -0.01862619]), 0.7854, 0.0]
[77, array([ 0.4663, -0.0117]), array([ 0.46427143, -0.01862619]), 0.7854, 0.0]
[77, array([ 0.4663, -0.0117]), array([ 0.46441905, -0.01862619]), 0.7854, 0.0]
[77, array([ 0.4663, -0.0117]), array([ 0.46456667, -0.01862619]), 0.7854, 0.0]
[77, array([ 0.4663, -0.0117]), array([ 0.46471429, -0.01862619]), 0.7854, 0.0]
[77, array([ 0.4663, -0.0117]), array([ 0.4648619 , -0.01862619]), 0.7854, 0.0]
[77, array([ 0.4663, -0.0117]), array([ 0.46500952, -0.01862619]), 0.7854, 0.0]
[77, array([ 0.4663, -0.0117]), array([ 0.46515714, -0.01862619]), 0.7854, 0.0]
[77, array([ 0.4663, -0.0117]), array([ 0.46530476, -0.01862619]), 0.7854, 0.0]
[77, array([ 0.4663, -0.0117]), array([ 0.46545238, -0.01862619]), 0.7854, 0.0]
[77, array([ 0.4663, -0.0117]), array([ 0.4656    , -0.01862619]), 0.7854, 0.0]
[77, array([ 0.4663, -0.0117]), array([ 0.4625    , -0.01847857]), 0.7854, 0.0]
[77, array([ 0.4663, -0.0117]), array([ 0.46264762, -0.01847857]), 0.7854, 0.0]
[77, array([ 0.4663, -0.0117]), array([ 0.46279524, -0.01847857]), 0.7854, 0.0]
[77, array([ 0.4663, -0.0117]), array([ 0.46294286, -0.01847857]), 0.7854, 0.0]
[77, array([ 0.4663, -0.0117]), array([ 0.46309048, -0.01847857]), 0.7854, 0.0]
[77, array([ 0.4663, -0.0117]), array([ 0.4632381 , -0.01847857]), 0.7854, 0.0]
[77, array([ 0.4663, -0.0117]), array([ 0.46338571, -0.01847857]), 0.7854, 0.0]
[77, array([ 0.4663, -0.0117]), array([ 0.46353333, -0.01847857]), 0.7854, 0.0]
[77, array([ 0.4663, -0.0117]), array([ 0.46368095, -0.01847857]), 0.7854, 0.0]
[77, array([ 0.4663, -0.0117]), array([ 0.46382857, -0.01847857]), 0.7854, 0.0]
[77, array([ 0.4663, -0.0117]), array([ 0.46397619, -0.01847857]), 0.7854, 0.0]
[77, array([ 0.4663, -0.0117]), array([ 0.46412381, -0.01847857]), 0.7854, 0.0]
[77, array([ 0.4663, -0.0117]), array([ 0.46427143, -0.01847857]), 0.7854, 0.0]
[77, array([ 0.4663, -0.0117]), array([ 0.46441905, -0.01847857]), 0.7854, 0.0]
[77, array([ 0.4663, -0.0117]), array([ 0.46456667, -0.01847857]), 0.7854, 0.0]
[77, array([ 0.4663, -0.0117]), array([ 0.46471429, -0.01847857]), 0.7854, 0.0]
[77, array([ 0.4663, -0.0117]), array([ 0.4648619 , -0.01847857]), 0.7854, 0.0]
[77, array([ 0.4663, -0.0117]), array([ 0.46500952, -0.01847857]), 0.7854, 0.0]
[77, array([ 0.4663, -0.0117]), array([ 0.46515714, -0.01847857]), 0.7854, 0.0]
[77, array([ 0.4663, -0.0117]), array([ 0.46530476, -0.01847857]), 0.7854, 0.0]
[77, array([ 0.4663, -0.0117]), array([ 0.46545238, -0.01847857]), 0.7854, 0.0]
[77, array([ 0.4663, -0.0117]), array([ 0.4656    , -0.01847857]), 0.7854, 0.0]
[77, array([ 0.4663, -0.0117]), array([ 0.4625    , -0.01833095]), 0.7854, 0.0]
[77, array([ 0.4663, -0.0117]), array([ 0.46264762, -0.01833095]), 0.7854, 0.0]
[77, array([ 0.4663, -0.0117]), array([ 0.46279524, -0.01833095]), 0.7854, 0.0]
[77, array([ 0.4663, -0.0117]), array([ 0.46294286, -0.01833095]), 0.7854, 0.0]
[77, array([ 0.4663, -0.0117]), array([ 0.46309048, -0.01833095]), 0.7854, 0.0]
[77, array([ 0.4663, -0.0117]), array([ 0.4632381 , -0.01833095]), 0.7854, 0.0]
[77, array([ 0.4663, -0.0117]), array([ 0.46338571, -0.01833095]), 0.7854, 0.0]
[77, array([ 0.4663, -0.0117]), array([ 0.46353333, -0.01833095]), 0.7854, 0.0]
[77, array([ 0.4663, -0.0117]), array([ 0.46368095, -0.01833095]), 0.7854, 0.0]
[77, array([ 0.4663, -0.0117]), array([ 0.46382857, -0.01833095]), 0.7854, 0.0]
[77, array([ 0.4663, -0.0117]), array([ 0.46397619, -0.01833095]), 0.7854, 0.0]
[77, array([ 0.4663, -0.0117]), array([ 0.46412381, -0.01833095]), 0.7854, 0.0]
[77, array([ 0.4663, -0.0117]), array([ 0.46427143, -0.01833095]), 0.7854, 0.0]
[77, array([ 0.4663, -0.0117]), array([ 0.46441905, -0.01833095]), 0.7854, 0.0]
[77, array([ 0.4663, -0.0117]), array([ 0.46456667, -0.01833095]), 0.7854, 0.0]
[77, array([ 0.4663, -0.0117]), array([ 0.46471429, -0.01833095]), 0.7854, 0.0]
[77, array([ 0.4663, -0.0117]), array([ 0.4648619 , -0.01833095]), 0.7854, 0.0]
[77, array([ 0.4663, -0.0117]), array([ 0.46500952, -0.01833095]), 0.7854, 0.0]
[77, array([ 0.4663, -0.0117]), array([ 0.46515714, -0.01833095]), 0.7854, 0.0]
[77, array([ 0.4663, -0.0117]), array([ 0.46530476, -0.01833095]), 0.7854, 0.0]
[77, array([ 0.4663, -0.0117]), array([ 0.46545238, -0.01833095]), 0.7854, 0.0]
[77, array([ 0.4663, -0.0117]), array([ 0.4656    , -0.01833095]), 0.7854, 0.0]
[77, array([ 0.4663, -0.0117]), array([ 0.4625    , -0.01818333]), 0.7854, 0.0]
[77, array([ 0.4663, -0.0117]), array([ 0.46264762, -0.01818333]), 0.7854, 0.0]
[77, array([ 0.4663, -0.0117]), array([ 0.46279524, -0.01818333]), 0.7854, 0.0]
[77, array([ 0.4663, -0.0117]), array([ 0.46294286, -0.01818333]), 0.7854, 0.0]
[77, array([ 0.4663, -0.0117]), array([ 0.46309048, -0.01818333]), 0.7854, 0.0]
[77, array([ 0.4663, -0.0117]), array([ 0.4632381 , -0.01818333]), 0.7854, 0.0]
[77, array([ 0.4663, -0.0117]), array([ 0.46338571, -0.01818333]), 0.7854, 0.0]
[77, array([ 0.4663, -0.0117]), array([ 0.46353333, -0.01818333]), 0.7854, 0.0]
[77, array([ 0.4663, -0.0117]), array([ 0.46368095, -0.01818333]), 0.7854, 0.0]
[77, array([ 0.4663, -0.0117]), array([ 0.46382857, -0.01818333]), 0.7854, 0.0]
[77, array([ 0.4663, -0.0117]), array([ 0.46397619, -0.01818333]), 0.7854, 0.0]
[77, array([ 0.4663, -0.0117]), array([ 0.46412381, -0.01818333]), 0.7854, 0.0]
[77, array([ 0.4663, -0.0117]), array([ 0.46427143, -0.01818333]), 0.7854, 0.0]
[77, array([ 0.4663, -0.0117]), array([ 0.46441905, -0.01818333]), 0.7854, 0.0]
[77, array([ 0.4663, -0.0117]), array([ 0.46456667, -0.01818333]), 0.7854, 0.0]
[77, array([ 0.4663, -0.0117]), array([ 0.46471429, -0.01818333]), 0.7854, 0.0]
[77, array([ 0.4663, -0.0117]), array([ 0.4648619 , -0.01818333]), 0.7854, 0.0]
[77, array([ 0.4663, -0.0117]), array([ 0.46500952, -0.01818333]), 0.7854, 0.0]
[77, array([ 0.4663, -0.0117]), array([ 0.46515714, -0.01818333]), 0.7854, 0.0]
[77, array([ 0.4663, -0.0117]), array([ 0.46530476, -0.01818333]), 0.7854, 0.0]
[77, array([ 0.4663, -0.0117]), array([ 0.46545238, -0.01818333]), 0.7854, 0.0]
[77, array([ 0.4663, -0.0117]), array([ 0.4656    , -0.01818333]), 0.7854, 0.0]
[77, array([ 0.4663, -0.0117]), array([ 0.4625    , -0.01803571]), 0.7854, 0.0]
[77, array([ 0.4663, -0.0117]), array([ 0.46264762, -0.01803571]), 0.7854, 0.0]
[77, array([ 0.4663, -0.0117]), array([ 0.46279524, -0.01803571]), 0.7854, 0.0]
[77, array([ 0.4663, -0.0117]), array([ 0.46294286, -0.01803571]), 0.7854, 0.0]
[77, array([ 0.4663, -0.0117]), array([ 0.46309048, -0.01803571]), 0.7854, 0.0]
[77, array([ 0.4663, -0.0117]), array([ 0.4632381 , -0.01803571]), 0.7854, 0.0]
[77, array([ 0.4663, -0.0117]), array([ 0.46338571, -0.01803571]), 0.7854, 0.0]
[77, array([ 0.4663, -0.0117]), array([ 0.46353333, -0.01803571]), 0.7854, 0.0]
[77, array([ 0.4663, -0.0117]), array([ 0.46368095, -0.01803571]), 0.7854, 0.0]
[77, array([ 0.4663, -0.0117]), array([ 0.46382857, -0.01803571]), 0.7854, 0.0]
[77, array([ 0.4663, -0.0117]), array([ 0.46397619, -0.01803571]), 0.7854, 0.0]
[77, array([ 0.4663, -0.0117]), array([ 0.46412381, -0.01803571]), 0.7854, 0.0]
[77, array([ 0.4663, -0.0117]), array([ 0.46427143, -0.01803571]), 0.7854, 0.0]
[77, array([ 0.4663, -0.0117]), array([ 0.46441905, -0.01803571]), 0.7854, 0.0]
[77, array([ 0.4663, -0.0117]), array([ 0.46456667, -0.01803571]), 0.7854, 0.0]
[77, array([ 0.4663, -0.0117]), array([ 0.46471429, -0.01803571]), 0.7854, 0.0]
[77, array([ 0.4663, -0.0117]), array([ 0.4648619 , -0.01803571]), 0.7854, 0.0]
[77, array([ 0.4663, -0.0117]), array([ 0.46500952, -0.01803571]), 0.7854, 0.0]
[77, array([ 0.4663, -0.0117]), array([ 0.46515714, -0.01803571]), 0.7854, 0.0]
[77, array([ 0.4663, -0.0117]), array([ 0.46530476, -0.01803571]), 0.7854, 0.0]
[77, array([ 0.4663, -0.0117]), array([ 0.46545238, -0.01803571]), 0.7854, 0.0]
[77, array([ 0.4663, -0.0117]), array([ 0.4656    , -0.01803571]), 0.7854, 0.0]
[77, array([ 0.4663, -0.0117]), array([ 0.4625   , -0.0178881]), 0.7854, 0.0]
[77, array([ 0.4663, -0.0117]), array([ 0.46264762, -0.0178881 ]), 0.7854, 0.0]
[77, array([ 0.4663, -0.0117]), array([ 0.46279524, -0.0178881 ]), 0.7854, 0.0]
[77, array([ 0.4663, -0.0117]), array([ 0.46294286, -0.0178881 ]), 0.7854, 0.0]
[77, array([ 0.4663, -0.0117]), array([ 0.46309048, -0.0178881 ]), 0.7854, 0.0]
[77, array([ 0.4663, -0.0117]), array([ 0.4632381, -0.0178881]), 0.7854, 0.0]
[77, array([ 0.4663, -0.0117]), array([ 0.46338571, -0.0178881 ]), 0.7854, 0.0]
[77, array([ 0.4663, -0.0117]), array([ 0.46353333, -0.0178881 ]), 0.7854, 0.0]
[77, array([ 0.4663, -0.0117]), array([ 0.46368095, -0.0178881 ]), 0.7854, 0.0]
[77, array([ 0.4663, -0.0117]), array([ 0.46382857, -0.0178881 ]), 0.7854, 0.0]
[77, array([ 0.4663, -0.0117]), array([ 0.46397619, -0.0178881 ]), 0.7854, 0.0]
[77, array([ 0.4663, -0.0117]), array([ 0.46412381, -0.0178881 ]), 0.7854, 0.0]
[77, array([ 0.4663, -0.0117]), array([ 0.46427143, -0.0178881 ]), 0.7854, 0.0]
[77, array([ 0.4663, -0.0117]), array([ 0.46441905, -0.0178881 ]), 0.7854, 0.0]
[77, array([ 0.4663, -0.0117]), array([ 0.46456667, -0.0178881 ]), 0.7854, 0.0]
[77, array([ 0.4663, -0.0117]), array([ 0.46471429, -0.0178881 ]), 0.7854, 0.0]
[77, array([ 0.4663, -0.0117]), array([ 0.4648619, -0.0178881]), 0.7854, 0.0]
[77, array([ 0.4663, -0.0117]), array([ 0.46500952, -0.0178881 ]), 0.7854, 0.0]
[77, array([ 0.4663, -0.0117]), array([ 0.46515714, -0.0178881 ]), 0.7854, 0.0]
[77, array([ 0.4663, -0.0117]), array([ 0.46530476, -0.0178881 ]), 0.7854, 0.0]
[77, array([ 0.4663, -0.0117]), array([ 0.46545238, -0.0178881 ]), 0.7854, 0.0]
[77, array([ 0.4663, -0.0117]), array([ 0.4656   , -0.0178881]), 0.7854, 0.0]
[77, array([ 0.4663, -0.0117]), array([ 0.4625    , -0.01774048]), 0.7854, 0.0]
[77, array([ 0.4663, -0.0117]), array([ 0.46264762, -0.01774048]), 0.7854, 0.0]
[77, array([ 0.4663, -0.0117]), array([ 0.46279524, -0.01774048]), 0.7854, 0.0]
[77, array([ 0.4663, -0.0117]), array([ 0.46294286, -0.01774048]), 0.7854, 0.0]
[77, array([ 0.4663, -0.0117]), array([ 0.46309048, -0.01774048]), 0.7854, 0.0]
[77, array([ 0.4663, -0.0117]), array([ 0.4632381 , -0.01774048]), 0.7854, 0.0]
[77, array([ 0.4663, -0.0117]), array([ 0.46338571, -0.01774048]), 0.7854, 0.0]
[77, array([ 0.4663, -0.0117]), array([ 0.46353333, -0.01774048]), 0.7854, 0.0]
[77, array([ 0.4663, -0.0117]), array([ 0.46368095, -0.01774048]), 0.7854, 0.0]
[77, array([ 0.4663, -0.0117]), array([ 0.46382857, -0.01774048]), 0.7854, 0.0]
[77, array([ 0.4663, -0.0117]), array([ 0.46397619, -0.01774048]), 0.7854, 0.0]
[77, array([ 0.4663, -0.0117]), array([ 0.46412381, -0.01774048]), 0.7854, 0.0]
[77, array([ 0.4663, -0.0117]), array([ 0.46427143, -0.01774048]), 0.7854, 0.0]
[77, array([ 0.4663, -0.0117]), array([ 0.46441905, -0.01774048]), 0.7854, 0.0]
[77, array([ 0.4663, -0.0117]), array([ 0.46456667, -0.01774048]), 0.7854, 0.0]
[77, array([ 0.4663, -0.0117]), array([ 0.46471429, -0.01774048]), 0.7854, 0.0]
[77, array([ 0.4663, -0.0117]), array([ 0.4648619 , -0.01774048]), 0.7854, 0.0]
[77, array([ 0.4663, -0.0117]), array([ 0.46500952, -0.01774048]), 0.7854, 0.0]
[77, array([ 0.4663, -0.0117]), array([ 0.46515714, -0.01774048]), 0.7854, 0.0]
[77, array([ 0.4663, -0.0117]), array([ 0.46530476, -0.01774048]), 0.7854, 0.0]
[77, array([ 0.4663, -0.0117]), array([ 0.46545238, -0.01774048]), 0.7854, 0.0]
[77, array([ 0.4663, -0.0117]), array([ 0.4656    , -0.01774048]), 0.7854, 0.0]
[77, array([ 0.4663, -0.0117]), array([ 0.4625    , -0.01759286]), 0.7854, 0.0]
[77, array([ 0.4663, -0.0117]), array([ 0.46264762, -0.01759286]), 0.7854, 0.0]
[77, array([ 0.4663, -0.0117]), array([ 0.46279524, -0.01759286]), 0.7854, 0.0]
[77, array([ 0.4663, -0.0117]), array([ 0.46294286, -0.01759286]), 0.7854, 0.0]
[77, array([ 0.4663, -0.0117]), array([ 0.46309048, -0.01759286]), 0.7854, 0.0]
[77, array([ 0.4663, -0.0117]), array([ 0.4632381 , -0.01759286]), 0.7854, 0.0]
[77, array([ 0.4663, -0.0117]), array([ 0.46338571, -0.01759286]), 0.7854, 0.0]
[77, array([ 0.4663, -0.0117]), array([ 0.46353333, -0.01759286]), 0.7854, 0.0]
[77, array([ 0.4663, -0.0117]), array([ 0.46368095, -0.01759286]), 0.7854, 0.0]
[77, array([ 0.4663, -0.0117]), array([ 0.46382857, -0.01759286]), 0.7854, 0.0]
[77, array([ 0.4663, -0.0117]), array([ 0.46397619, -0.01759286]), 0.7854, 0.0]
[77, array([ 0.4663, -0.0117]), array([ 0.46412381, -0.01759286]), 0.7854, 0.0]
[77, array([ 0.4663, -0.0117]), array([ 0.46427143, -0.01759286]), 0.7854, 0.0]
[77, array([ 0.4663, -0.0117]), array([ 0.46441905, -0.01759286]), 0.7854, 0.0]
[77, array([ 0.4663, -0.0117]), array([ 0.46456667, -0.01759286]), 0.7854, 0.0]
[77, array([ 0.4663, -0.0117]), array([ 0.46471429, -0.01759286]), 0.7854, 0.0]
[77, array([ 0.4663, -0.0117]), array([ 0.4648619 , -0.01759286]), 0.7854, 0.0]
[77, array([ 0.4663, -0.0117]), array([ 0.46500952, -0.01759286]), 0.7854, 0.0]
[77, array([ 0.4663, -0.0117]), array([ 0.46515714, -0.01759286]), 0.7854, 0.0]
[77, array([ 0.4663, -0.0117]), array([ 0.46530476, -0.01759286]), 0.7854, 0.0]
[77, array([ 0.4663, -0.0117]), array([ 0.46545238, -0.01759286]), 0.7854, 0.0]
[77, array([ 0.4663, -0.0117]), array([ 0.4656    , -0.01759286]), 0.7854, 0.0]
[77, array([ 0.4663, -0.0117]), array([ 0.4625    , -0.01744524]), 0.7854, 0.0]
[77, array([ 0.4663, -0.0117]), array([ 0.46264762, -0.01744524]), 0.7854, 0.0]
[77, array([ 0.4663, -0.0117]), array([ 0.46279524, -0.01744524]), 0.7854, 0.0]
[77, array([ 0.4663, -0.0117]), array([ 0.46294286, -0.01744524]), 0.7854, 0.0]
[77, array([ 0.4663, -0.0117]), array([ 0.46309048, -0.01744524]), 0.7854, 0.0]
[77, array([ 0.4663, -0.0117]), array([ 0.4632381 , -0.01744524]), 0.7854, 0.0]
[77, array([ 0.4663, -0.0117]), array([ 0.46338571, -0.01744524]), 0.7854, 0.0]
[77, array([ 0.4663, -0.0117]), array([ 0.46353333, -0.01744524]), 0.7854, 0.0]
[77, array([ 0.4663, -0.0117]), array([ 0.46368095, -0.01744524]), 0.7854, 0.0]
[77, array([ 0.4663, -0.0117]), array([ 0.46382857, -0.01744524]), 0.7854, 0.0]
[77, array([ 0.4663, -0.0117]), array([ 0.46397619, -0.01744524]), 0.7854, 0.0]
[77, array([ 0.4663, -0.0117]), array([ 0.46412381, -0.01744524]), 0.7854, 0.0]
[77, array([ 0.4663, -0.0117]), array([ 0.46427143, -0.01744524]), 0.7854, 0.0]
[77, array([ 0.4663, -0.0117]), array([ 0.46441905, -0.01744524]), 0.7854, 0.0]
[77, array([ 0.4663, -0.0117]), array([ 0.46456667, -0.01744524]), 0.7854, 0.0]
[77, array([ 0.4663, -0.0117]), array([ 0.46471429, -0.01744524]), 0.7854, 0.0]
[77, array([ 0.4663, -0.0117]), array([ 0.4648619 , -0.01744524]), 0.7854, 0.0]
[77, array([ 0.4663, -0.0117]), array([ 0.46500952, -0.01744524]), 0.7854, 0.0]
[77, array([ 0.4663, -0.0117]), array([ 0.46515714, -0.01744524]), 0.7854, 0.0]
[77, array([ 0.4663, -0.0117]), array([ 0.46530476, -0.01744524]), 0.7854, 0.0]
[77, array([ 0.4663, -0.0117]), array([ 0.46545238, -0.01744524]), 0.7854, 0.0]
[77, array([ 0.4663, -0.0117]), array([ 0.4656    , -0.01744524]), 0.7854, 0.0]
[77, array([ 0.4663, -0.0117]), array([ 0.4625    , -0.01729762]), 0.7854, 0.0]
[77, array([ 0.4663, -0.0117]), array([ 0.46264762, -0.01729762]), 0.7854, 0.0]
[77, array([ 0.4663, -0.0117]), array([ 0.46279524, -0.01729762]), 0.7854, 0.0]
[77, array([ 0.4663, -0.0117]), array([ 0.46294286, -0.01729762]), 0.7854, 0.0]
[77, array([ 0.4663, -0.0117]), array([ 0.46309048, -0.01729762]), 0.7854, 0.0]
[77, array([ 0.4663, -0.0117]), array([ 0.4632381 , -0.01729762]), 0.7854, 0.0]
[77, array([ 0.4663, -0.0117]), array([ 0.46338571, -0.01729762]), 0.7854, 0.0]
[77, array([ 0.4663, -0.0117]), array([ 0.46353333, -0.01729762]), 0.7854, 0.0]
[77, array([ 0.4663, -0.0117]), array([ 0.46368095, -0.01729762]), 0.7854, 0.0]
[77, array([ 0.4663, -0.0117]), array([ 0.46382857, -0.01729762]), 0.7854, 0.0]
[77, array([ 0.4663, -0.0117]), array([ 0.46397619, -0.01729762]), 0.7854, 0.0]
[77, array([ 0.4663, -0.0117]), array([ 0.46412381, -0.01729762]), 0.7854, 0.0]
[77, array([ 0.4663, -0.0117]), array([ 0.46427143, -0.01729762]), 0.7854, 0.0]
[77, array([ 0.4663, -0.0117]), array([ 0.46441905, -0.01729762]), 0.7854, 0.0]
[77, array([ 0.4663, -0.0117]), array([ 0.46456667, -0.01729762]), 0.7854, 0.0]
[77, array([ 0.4663, -0.0117]), array([ 0.46471429, -0.01729762]), 0.7854, 0.0]
[77, array([ 0.4663, -0.0117]), array([ 0.4648619 , -0.01729762]), 0.7854, 0.0]
[77, array([ 0.4663, -0.0117]), array([ 0.46500952, -0.01729762]), 0.7854, 0.0]
[77, array([ 0.4663, -0.0117]), array([ 0.46515714, -0.01729762]), 0.7854, 0.0]
[77, array([ 0.4663, -0.0117]), array([ 0.46530476, -0.01729762]), 0.7854, 0.0]
[77, array([ 0.4663, -0.0117]), array([ 0.46545238, -0.01729762]), 0.7854, 0.0]
[77, array([ 0.4663, -0.0117]), array([ 0.4656    , -0.01729762]), 0.7854, 0.0]
[77, array([ 0.4663, -0.0117]), array([ 0.4625 , -0.01715]), 0.7854, 0.0]
[77, array([ 0.4663, -0.0117]), array([ 0.46264762, -0.01715   ]), 0.7854, 0.0]
[77, array([ 0.4663, -0.0117]), array([ 0.46279524, -0.01715   ]), 0.7854, 0.0]
[77, array([ 0.4663, -0.0117]), array([ 0.46294286, -0.01715   ]), 0.7854, 0.0]
[77, array([ 0.4663, -0.0117]), array([ 0.46309048, -0.01715   ]), 0.7854, 0.0]
[77, array([ 0.4663, -0.0117]), array([ 0.4632381, -0.01715  ]), 0.7854, 0.0]
[77, array([ 0.4663, -0.0117]), array([ 0.46338571, -0.01715   ]), 0.7854, 0.0]
[77, array([ 0.4663, -0.0117]), array([ 0.46353333, -0.01715   ]), 0.7854, 0.0]
[77, array([ 0.4663, -0.0117]), array([ 0.46368095, -0.01715   ]), 0.7854, 0.0]
[77, array([ 0.4663, -0.0117]), array([ 0.46382857, -0.01715   ]), 0.7854, 0.0]
[77, array([ 0.4663, -0.0117]), array([ 0.46397619, -0.01715   ]), 0.7854, 0.0]
[77, array([ 0.4663, -0.0117]), array([ 0.46412381, -0.01715   ]), 0.7854, 0.0]
[77, array([ 0.4663, -0.0117]), array([ 0.46427143, -0.01715   ]), 0.7854, 0.0]
[77, array([ 0.4663, -0.0117]), array([ 0.46441905, -0.01715   ]), 0.7854, 0.0]
[77, array([ 0.4663, -0.0117]), array([ 0.46456667, -0.01715   ]), 0.7854, 0.0]
[77, array([ 0.4663, -0.0117]), array([ 0.46471429, -0.01715   ]), 0.7854, 0.0]
[77, array([ 0.4663, -0.0117]), array([ 0.4648619, -0.01715  ]), 0.7854, 0.0]
[77, array([ 0.4663, -0.0117]), array([ 0.46500952, -0.01715   ]), 0.7854, 0.0]
[77, array([ 0.4663, -0.0117]), array([ 0.46515714, -0.01715   ]), 0.7854, 0.0]
[77, array([ 0.4663, -0.0117]), array([ 0.46530476, -0.01715   ]), 0.7854, 0.0]
[77, array([ 0.4663, -0.0117]), array([ 0.46545238, -0.01715   ]), 0.7854, 0.0]
[77, array([ 0.4663, -0.0117]), array([ 0.4656 , -0.01715]), 0.7854, 0.0]
[67, array([ 0.457 , -0.0196]), array([ 0.45625, -0.0219 ]), 0.7854, 1.0]
[67, array([ 0.457 , -0.0196]), array([ 0.45640238, -0.0219    ]), 0.7854, 1.0]
[67, array([ 0.457 , -0.0196]), array([ 0.45655476, -0.0219    ]), 0.7854, 1.0]
[67, array([ 0.457 , -0.0196]), array([ 0.45670714, -0.0219    ]), 0.7854, 1.0]
[67, array([ 0.457 , -0.0196]), array([ 0.45685952, -0.0219    ]), 0.7854, 1.0]
[67, array([ 0.457 , -0.0196]), array([ 0.4570119, -0.0219   ]), 0.7854, 1.0]
[67, array([ 0.457 , -0.0196]), array([ 0.45716429, -0.0219    ]), 0.7854, 1.0]
[67, array([ 0.457 , -0.0196]), array([ 0.45731667, -0.0219    ]), 0.7854, 1.0]
[67, array([ 0.457 , -0.0196]), array([ 0.45746905, -0.0219    ]), 0.7854, 1.0]
[67, array([ 0.457 , -0.0196]), array([ 0.45762143, -0.0219    ]), 0.7854, 1.0]
[67, array([ 0.457 , -0.0196]), array([ 0.45777381, -0.0219    ]), 0.7854, 1.0]
[67, array([ 0.457 , -0.0196]), array([ 0.45792619, -0.0219    ]), 0.7854, 1.0]
[67, array([ 0.457 , -0.0196]), array([ 0.45807857, -0.0219    ]), 0.7854, 1.0]
[67, array([ 0.457 , -0.0196]), array([ 0.45823095, -0.0219    ]), 0.7854, 1.0]
[67, array([ 0.457 , -0.0196]), array([ 0.45838333, -0.0219    ]), 0.7854, 1.0]
[67, array([ 0.457 , -0.0196]), array([ 0.45853571, -0.0219    ]), 0.7854, 1.0]
[67, array([ 0.457 , -0.0196]), array([ 0.4586881, -0.0219   ]), 0.7854, 1.0]
[67, array([ 0.457 , -0.0196]), array([ 0.45884048, -0.0219    ]), 0.7854, 1.0]
[67, array([ 0.457 , -0.0196]), array([ 0.45899286, -0.0219    ]), 0.7854, 1.0]
[67, array([ 0.457 , -0.0196]), array([ 0.45914524, -0.0219    ]), 0.7854, 1.0]
[67, array([ 0.457 , -0.0196]), array([ 0.45929762, -0.0219    ]), 0.7854, 1.0]
[67, array([ 0.457 , -0.0196]), array([ 0.45945, -0.0219 ]), 0.7854, 1.0]
[67, array([ 0.457 , -0.0196]), array([ 0.45625   , -0.02174762]), 0.7854, 1.0]
[67, array([ 0.457 , -0.0196]), array([ 0.45640238, -0.02174762]), 0.7854, 1.0]
[67, array([ 0.457 , -0.0196]), array([ 0.45655476, -0.02174762]), 0.7854, 1.0]
[67, array([ 0.457 , -0.0196]), array([ 0.45670714, -0.02174762]), 0.7854, 1.0]
[67, array([ 0.457 , -0.0196]), array([ 0.45685952, -0.02174762]), 0.7854, 1.0]
[67, array([ 0.457 , -0.0196]), array([ 0.4570119 , -0.02174762]), 0.7854, 1.0]
[67, array([ 0.457 , -0.0196]), array([ 0.45716429, -0.02174762]), 0.7854, 1.0]
[67, array([ 0.457 , -0.0196]), array([ 0.45731667, -0.02174762]), 0.7854, 1.0]
[67, array([ 0.457 , -0.0196]), array([ 0.45746905, -0.02174762]), 0.7854, 1.0]
[67, array([ 0.457 , -0.0196]), array([ 0.45762143, -0.02174762]), 0.7854, 1.0]
[67, array([ 0.457 , -0.0196]), array([ 0.45777381, -0.02174762]), 0.7854, 1.0]
[67, array([ 0.457 , -0.0196]), array([ 0.45792619, -0.02174762]), 0.7854, 1.0]
[67, array([ 0.457 , -0.0196]), array([ 0.45807857, -0.02174762]), 0.7854, 1.0]
[67, array([ 0.457 , -0.0196]), array([ 0.45823095, -0.02174762]), 0.7854, 1.0]
[67, array([ 0.457 , -0.0196]), array([ 0.45838333, -0.02174762]), 0.7854, 1.0]
[67, array([ 0.457 , -0.0196]), array([ 0.45853571, -0.02174762]), 0.7854, 1.0]
[67, array([ 0.457 , -0.0196]), array([ 0.4586881 , -0.02174762]), 0.7854, 1.0]
[67, array([ 0.457 , -0.0196]), array([ 0.45884048, -0.02174762]), 0.7854, 1.0]
[67, array([ 0.457 , -0.0196]), array([ 0.45899286, -0.02174762]), 0.7854, 1.0]
[67, array([ 0.457 , -0.0196]), array([ 0.45914524, -0.02174762]), 0.7854, 1.0]
[67, array([ 0.457 , -0.0196]), array([ 0.45929762, -0.02174762]), 0.7854, 1.0]
[67, array([ 0.457 , -0.0196]), array([ 0.45945   , -0.02174762]), 0.7854, 1.0]
[67, array([ 0.457 , -0.0196]), array([ 0.45625   , -0.02159524]), 0.7854, 1.0]
[67, array([ 0.457 , -0.0196]), array([ 0.45640238, -0.02159524]), 0.7854, 1.0]
[67, array([ 0.457 , -0.0196]), array([ 0.45655476, -0.02159524]), 0.7854, 1.0]
[67, array([ 0.457 , -0.0196]), array([ 0.45670714, -0.02159524]), 0.7854, 1.0]
[67, array([ 0.457 , -0.0196]), array([ 0.45685952, -0.02159524]), 0.7854, 1.0]
[67, array([ 0.457 , -0.0196]), array([ 0.4570119 , -0.02159524]), 0.7854, 1.0]
[67, array([ 0.457 , -0.0196]), array([ 0.45716429, -0.02159524]), 0.7854, 1.0]
[67, array([ 0.457 , -0.0196]), array([ 0.45731667, -0.02159524]), 0.7854, 1.0]
[67, array([ 0.457 , -0.0196]), array([ 0.45746905, -0.02159524]), 0.7854, 1.0]
[67, array([ 0.457 , -0.0196]), array([ 0.45762143, -0.02159524]), 0.7854, 1.0]
[67, array([ 0.457 , -0.0196]), array([ 0.45777381, -0.02159524]), 0.7854, 1.0]
[67, array([ 0.457 , -0.0196]), array([ 0.45792619, -0.02159524]), 0.7854, 1.0]
[67, array([ 0.457 , -0.0196]), array([ 0.45807857, -0.02159524]), 0.7854, 1.0]
[67, array([ 0.457 , -0.0196]), array([ 0.45823095, -0.02159524]), 0.7854, 1.0]
[67, array([ 0.457 , -0.0196]), array([ 0.45838333, -0.02159524]), 0.7854, 1.0]
[67, array([ 0.457 , -0.0196]), array([ 0.45853571, -0.02159524]), 0.7854, 1.0]
[67, array([ 0.457 , -0.0196]), array([ 0.4586881 , -0.02159524]), 0.7854, 1.0]
[67, array([ 0.457 , -0.0196]), array([ 0.45884048, -0.02159524]), 0.7854, 1.0]
[67, array([ 0.457 , -0.0196]), array([ 0.45899286, -0.02159524]), 0.7854, 1.0]
[67, array([ 0.457 , -0.0196]), array([ 0.45914524, -0.02159524]), 0.7854, 1.0]
[67, array([ 0.457 , -0.0196]), array([ 0.45929762, -0.02159524]), 0.7854, 1.0]
[67, array([ 0.457 , -0.0196]), array([ 0.45945   , -0.02159524]), 0.7854, 1.0]
[67, array([ 0.457 , -0.0196]), array([ 0.45625   , -0.02144286]), 0.7854, 1.0]
[67, array([ 0.457 , -0.0196]), array([ 0.45640238, -0.02144286]), 0.7854, 1.0]
[67, array([ 0.457 , -0.0196]), array([ 0.45655476, -0.02144286]), 0.7854, 1.0]
[67, array([ 0.457 , -0.0196]), array([ 0.45670714, -0.02144286]), 0.7854, 1.0]
[67, array([ 0.457 , -0.0196]), array([ 0.45685952, -0.02144286]), 0.7854, 1.0]
[67, array([ 0.457 , -0.0196]), array([ 0.4570119 , -0.02144286]), 0.7854, 1.0]
[67, array([ 0.457 , -0.0196]), array([ 0.45716429, -0.02144286]), 0.7854, 1.0]
[67, array([ 0.457 , -0.0196]), array([ 0.45731667, -0.02144286]), 0.7854, 1.0]
[67, array([ 0.457 , -0.0196]), array([ 0.45746905, -0.02144286]), 0.7854, 1.0]
[67, array([ 0.457 , -0.0196]), array([ 0.45762143, -0.02144286]), 0.7854, 1.0]
[67, array([ 0.457 , -0.0196]), array([ 0.45777381, -0.02144286]), 0.7854, 1.0]
[67, array([ 0.457 , -0.0196]), array([ 0.45792619, -0.02144286]), 0.7854, 1.0]
[67, array([ 0.457 , -0.0196]), array([ 0.45807857, -0.02144286]), 0.7854, 1.0]
[67, array([ 0.457 , -0.0196]), array([ 0.45823095, -0.02144286]), 0.7854, 1.0]
[67, array([ 0.457 , -0.0196]), array([ 0.45838333, -0.02144286]), 0.7854, 1.0]
[67, array([ 0.457 , -0.0196]), array([ 0.45853571, -0.02144286]), 0.7854, 1.0]
[67, array([ 0.457 , -0.0196]), array([ 0.4586881 , -0.02144286]), 0.7854, 1.0]
[67, array([ 0.457 , -0.0196]), array([ 0.45884048, -0.02144286]), 0.7854, 1.0]
[67, array([ 0.457 , -0.0196]), array([ 0.45899286, -0.02144286]), 0.7854, 1.0]
[67, array([ 0.457 , -0.0196]), array([ 0.45914524, -0.02144286]), 0.7854, 1.0]
[67, array([ 0.457 , -0.0196]), array([ 0.45929762, -0.02144286]), 0.7854, 1.0]
[67, array([ 0.457 , -0.0196]), array([ 0.45945   , -0.02144286]), 0.7854, 1.0]
[67, array([ 0.457 , -0.0196]), array([ 0.45625   , -0.02129048]), 0.7854, 1.0]
[67, array([ 0.457 , -0.0196]), array([ 0.45640238, -0.02129048]), 0.7854, 1.0]
[67, array([ 0.457 , -0.0196]), array([ 0.45655476, -0.02129048]), 0.7854, 1.0]
[67, array([ 0.457 , -0.0196]), array([ 0.45670714, -0.02129048]), 0.7854, 1.0]
[67, array([ 0.457 , -0.0196]), array([ 0.45685952, -0.02129048]), 0.7854, 1.0]
[67, array([ 0.457 , -0.0196]), array([ 0.4570119 , -0.02129048]), 0.7854, 1.0]
[67, array([ 0.457 , -0.0196]), array([ 0.45716429, -0.02129048]), 0.7854, 1.0]
[67, array([ 0.457 , -0.0196]), array([ 0.45731667, -0.02129048]), 0.7854, 1.0]
[67, array([ 0.457 , -0.0196]), array([ 0.45746905, -0.02129048]), 0.7854, 1.0]
[67, array([ 0.457 , -0.0196]), array([ 0.45762143, -0.02129048]), 0.7854, 1.0]
[67, array([ 0.457 , -0.0196]), array([ 0.45777381, -0.02129048]), 0.7854, 1.0]
[67, array([ 0.457 , -0.0196]), array([ 0.45792619, -0.02129048]), 0.7854, 1.0]
[67, array([ 0.457 , -0.0196]), array([ 0.45807857, -0.02129048]), 0.7854, 1.0]
[67, array([ 0.457 , -0.0196]), array([ 0.45823095, -0.02129048]), 0.7854, 1.0]
[67, array([ 0.457 , -0.0196]), array([ 0.45838333, -0.02129048]), 0.7854, 1.0]
[67, array([ 0.457 , -0.0196]), array([ 0.45853571, -0.02129048]), 0.7854, 1.0]
[67, array([ 0.457 , -0.0196]), array([ 0.4586881 , -0.02129048]), 0.7854, 1.0]
[67, array([ 0.457 , -0.0196]), array([ 0.45884048, -0.02129048]), 0.7854, 1.0]
[67, array([ 0.457 , -0.0196]), array([ 0.45899286, -0.02129048]), 0.7854, 1.0]
[67, array([ 0.457 , -0.0196]), array([ 0.45914524, -0.02129048]), 0.7854, 1.0]
[67, array([ 0.457 , -0.0196]), array([ 0.45929762, -0.02129048]), 0.7854, 1.0]
[67, array([ 0.457 , -0.0196]), array([ 0.45945   , -0.02129048]), 0.7854, 1.0]
[67, array([ 0.457 , -0.0196]), array([ 0.45625  , -0.0211381]), 0.7854, 1.0]
[67, array([ 0.457 , -0.0196]), array([ 0.45640238, -0.0211381 ]), 0.7854, 1.0]
[67, array([ 0.457 , -0.0196]), array([ 0.45655476, -0.0211381 ]), 0.7854, 1.0]
[67, array([ 0.457 , -0.0196]), array([ 0.45670714, -0.0211381 ]), 0.7854, 1.0]
[67, array([ 0.457 , -0.0196]), array([ 0.45685952, -0.0211381 ]), 0.7854, 1.0]
[67, array([ 0.457 , -0.0196]), array([ 0.4570119, -0.0211381]), 0.7854, 1.0]
[67, array([ 0.457 , -0.0196]), array([ 0.45716429, -0.0211381 ]), 0.7854, 1.0]
[67, array([ 0.457 , -0.0196]), array([ 0.45731667, -0.0211381 ]), 0.7854, 1.0]
[67, array([ 0.457 , -0.0196]), array([ 0.45746905, -0.0211381 ]), 0.7854, 1.0]
[67, array([ 0.457 , -0.0196]), array([ 0.45762143, -0.0211381 ]), 0.7854, 1.0]
[67, array([ 0.457 , -0.0196]), array([ 0.45777381, -0.0211381 ]), 0.7854, 1.0]
[67, array([ 0.457 , -0.0196]), array([ 0.45792619, -0.0211381 ]), 0.7854, 1.0]
[67, array([ 0.457 , -0.0196]), array([ 0.45807857, -0.0211381 ]), 0.7854, 1.0]
[67, array([ 0.457 , -0.0196]), array([ 0.45823095, -0.0211381 ]), 0.7854, 1.0]
[67, array([ 0.457 , -0.0196]), array([ 0.45838333, -0.0211381 ]), 0.7854, 1.0]
[67, array([ 0.457 , -0.0196]), array([ 0.45853571, -0.0211381 ]), 0.7854, 1.0]
[67, array([ 0.457 , -0.0196]), array([ 0.4586881, -0.0211381]), 0.7854, 1.0]
[67, array([ 0.457 , -0.0196]), array([ 0.45884048, -0.0211381 ]), 0.7854, 1.0]
[67, array([ 0.457 , -0.0196]), array([ 0.45899286, -0.0211381 ]), 0.7854, 1.0]
[67, array([ 0.457 , -0.0196]), array([ 0.45914524, -0.0211381 ]), 0.7854, 1.0]
[67, array([ 0.457 , -0.0196]), array([ 0.45929762, -0.0211381 ]), 0.7854, 1.0]
[67, array([ 0.457 , -0.0196]), array([ 0.45945  , -0.0211381]), 0.7854, 1.0]
[67, array([ 0.457 , -0.0196]), array([ 0.45625   , -0.02098571]), 0.7854, 1.0]
[67, array([ 0.457 , -0.0196]), array([ 0.45640238, -0.02098571]), 0.7854, 1.0]
[67, array([ 0.457 , -0.0196]), array([ 0.45655476, -0.02098571]), 0.7854, 1.0]
[67, array([ 0.457 , -0.0196]), array([ 0.45670714, -0.02098571]), 0.7854, 1.0]
[67, array([ 0.457 , -0.0196]), array([ 0.45685952, -0.02098571]), 0.7854, 1.0]
[67, array([ 0.457 , -0.0196]), array([ 0.4570119 , -0.02098571]), 0.7854, 1.0]
[67, array([ 0.457 , -0.0196]), array([ 0.45716429, -0.02098571]), 0.7854, 1.0]
[67, array([ 0.457 , -0.0196]), array([ 0.45731667, -0.02098571]), 0.7854, 1.0]
[67, array([ 0.457 , -0.0196]), array([ 0.45746905, -0.02098571]), 0.7854, 1.0]
[67, array([ 0.457 , -0.0196]), array([ 0.45762143, -0.02098571]), 0.7854, 1.0]
[67, array([ 0.457 , -0.0196]), array([ 0.45777381, -0.02098571]), 0.7854, 1.0]
[67, array([ 0.457 , -0.0196]), array([ 0.45792619, -0.02098571]), 0.7854, 1.0]
[67, array([ 0.457 , -0.0196]), array([ 0.45807857, -0.02098571]), 0.7854, 1.0]
[67, array([ 0.457 , -0.0196]), array([ 0.45823095, -0.02098571]), 0.7854, 1.0]
[67, array([ 0.457 , -0.0196]), array([ 0.45838333, -0.02098571]), 0.7854, 1.0]
[67, array([ 0.457 , -0.0196]), array([ 0.45853571, -0.02098571]), 0.7854, 1.0]
[67, array([ 0.457 , -0.0196]), array([ 0.4586881 , -0.02098571]), 0.7854, 1.0]
[67, array([ 0.457 , -0.0196]), array([ 0.45884048, -0.02098571]), 0.7854, 1.0]
[67, array([ 0.457 , -0.0196]), array([ 0.45899286, -0.02098571]), 0.7854, 1.0]
[67, array([ 0.457 , -0.0196]), array([ 0.45914524, -0.02098571]), 0.7854, 1.0]
[67, array([ 0.457 , -0.0196]), array([ 0.45929762, -0.02098571]), 0.7854, 1.0]
[67, array([ 0.457 , -0.0196]), array([ 0.45945   , -0.02098571]), 0.7854, 1.0]
[67, array([ 0.457 , -0.0196]), array([ 0.45625   , -0.02083333]), 0.7854, 1.0]
[67, array([ 0.457 , -0.0196]), array([ 0.45640238, -0.02083333]), 0.7854, 1.0]
[67, array([ 0.457 , -0.0196]), array([ 0.45655476, -0.02083333]), 0.7854, 1.0]
[67, array([ 0.457 , -0.0196]), array([ 0.45670714, -0.02083333]), 0.7854, 1.0]
[67, array([ 0.457 , -0.0196]), array([ 0.45685952, -0.02083333]), 0.7854, 1.0]
[67, array([ 0.457 , -0.0196]), array([ 0.4570119 , -0.02083333]), 0.7854, 1.0]
[67, array([ 0.457 , -0.0196]), array([ 0.45716429, -0.02083333]), 0.7854, 1.0]
[67, array([ 0.457 , -0.0196]), array([ 0.45731667, -0.02083333]), 0.7854, 1.0]
[67, array([ 0.457 , -0.0196]), array([ 0.45746905, -0.02083333]), 0.7854, 1.0]
[67, array([ 0.457 , -0.0196]), array([ 0.45762143, -0.02083333]), 0.7854, 1.0]
[67, array([ 0.457 , -0.0196]), array([ 0.45777381, -0.02083333]), 0.7854, 1.0]
[67, array([ 0.457 , -0.0196]), array([ 0.45792619, -0.02083333]), 0.7854, 1.0]
[67, array([ 0.457 , -0.0196]), array([ 0.45807857, -0.02083333]), 0.7854, 1.0]
[67, array([ 0.457 , -0.0196]), array([ 0.45823095, -0.02083333]), 0.7854, 1.0]
[67, array([ 0.457 , -0.0196]), array([ 0.45838333, -0.02083333]), 0.7854, 1.0]
[67, array([ 0.457 , -0.0196]), array([ 0.45853571, -0.02083333]), 0.7854, 1.0]
[67, array([ 0.457 , -0.0196]), array([ 0.4586881 , -0.02083333]), 0.7854, 1.0]
[67, array([ 0.457 , -0.0196]), array([ 0.45884048, -0.02083333]), 0.7854, 1.0]
[67, array([ 0.457 , -0.0196]), array([ 0.45899286, -0.02083333]), 0.7854, 1.0]
[67, array([ 0.457 , -0.0196]), array([ 0.45914524, -0.02083333]), 0.7854, 1.0]
[67, array([ 0.457 , -0.0196]), array([ 0.45929762, -0.02083333]), 0.7854, 1.0]
[67, array([ 0.457 , -0.0196]), array([ 0.45945   , -0.02083333]), 0.7854, 1.0]
[67, array([ 0.457 , -0.0196]), array([ 0.45625   , -0.02068095]), 0.7854, 1.0]
[67, array([ 0.457 , -0.0196]), array([ 0.45640238, -0.02068095]), 0.7854, 1.0]
[67, array([ 0.457 , -0.0196]), array([ 0.45655476, -0.02068095]), 0.7854, 1.0]
[67, array([ 0.457 , -0.0196]), array([ 0.45670714, -0.02068095]), 0.7854, 1.0]
[67, array([ 0.457 , -0.0196]), array([ 0.45685952, -0.02068095]), 0.7854, 1.0]
[67, array([ 0.457 , -0.0196]), array([ 0.4570119 , -0.02068095]), 0.7854, 1.0]
[67, array([ 0.457 , -0.0196]), array([ 0.45716429, -0.02068095]), 0.7854, 1.0]
[67, array([ 0.457 , -0.0196]), array([ 0.45731667, -0.02068095]), 0.7854, 1.0]
[67, array([ 0.457 , -0.0196]), array([ 0.45746905, -0.02068095]), 0.7854, 1.0]
[67, array([ 0.457 , -0.0196]), array([ 0.45762143, -0.02068095]), 0.7854, 1.0]
[67, array([ 0.457 , -0.0196]), array([ 0.45777381, -0.02068095]), 0.7854, 1.0]
[67, array([ 0.457 , -0.0196]), array([ 0.45792619, -0.02068095]), 0.7854, 1.0]
[67, array([ 0.457 , -0.0196]), array([ 0.45807857, -0.02068095]), 0.7854, 1.0]
[67, array([ 0.457 , -0.0196]), array([ 0.45823095, -0.02068095]), 0.7854, 1.0]
[67, array([ 0.457 , -0.0196]), array([ 0.45838333, -0.02068095]), 0.7854, 1.0]
[67, array([ 0.457 , -0.0196]), array([ 0.45853571, -0.02068095]), 0.7854, 1.0]
[67, array([ 0.457 , -0.0196]), array([ 0.4586881 , -0.02068095]), 0.7854, 1.0]
[67, array([ 0.457 , -0.0196]), array([ 0.45884048, -0.02068095]), 0.7854, 1.0]
[67, array([ 0.457 , -0.0196]), array([ 0.45899286, -0.02068095]), 0.7854, 1.0]
[67, array([ 0.457 , -0.0196]), array([ 0.45914524, -0.02068095]), 0.7854, 1.0]
[67, array([ 0.457 , -0.0196]), array([ 0.45929762, -0.02068095]), 0.7854, 1.0]
[67, array([ 0.457 , -0.0196]), array([ 0.45945   , -0.02068095]), 0.7854, 1.0]
[67, array([ 0.457 , -0.0196]), array([ 0.45625   , -0.02052857]), 0.7854, 1.0]
[67, array([ 0.457 , -0.0196]), array([ 0.45640238, -0.02052857]), 0.7854, 1.0]
[67, array([ 0.457 , -0.0196]), array([ 0.45655476, -0.02052857]), 0.7854, 1.0]
[67, array([ 0.457 , -0.0196]), array([ 0.45670714, -0.02052857]), 0.7854, 1.0]
[67, array([ 0.457 , -0.0196]), array([ 0.45685952, -0.02052857]), 0.7854, 1.0]
[67, array([ 0.457 , -0.0196]), array([ 0.4570119 , -0.02052857]), 0.7854, 1.0]
[67, array([ 0.457 , -0.0196]), array([ 0.45716429, -0.02052857]), 0.7854, 1.0]
[67, array([ 0.457 , -0.0196]), array([ 0.45731667, -0.02052857]), 0.7854, 1.0]
[67, array([ 0.457 , -0.0196]), array([ 0.45746905, -0.02052857]), 0.7854, 1.0]
[67, array([ 0.457 , -0.0196]), array([ 0.45762143, -0.02052857]), 0.7854, 1.0]
[67, array([ 0.457 , -0.0196]), array([ 0.45777381, -0.02052857]), 0.7854, 1.0]
[67, array([ 0.457 , -0.0196]), array([ 0.45792619, -0.02052857]), 0.7854, 1.0]
[67, array([ 0.457 , -0.0196]), array([ 0.45807857, -0.02052857]), 0.7854, 1.0]
[67, array([ 0.457 , -0.0196]), array([ 0.45823095, -0.02052857]), 0.7854, 1.0]
[67, array([ 0.457 , -0.0196]), array([ 0.45838333, -0.02052857]), 0.7854, 1.0]
[67, array([ 0.457 , -0.0196]), array([ 0.45853571, -0.02052857]), 0.7854, 1.0]
[67, array([ 0.457 , -0.0196]), array([ 0.4586881 , -0.02052857]), 0.7854, 1.0]
[67, array([ 0.457 , -0.0196]), array([ 0.45884048, -0.02052857]), 0.7854, 1.0]
[67, array([ 0.457 , -0.0196]), array([ 0.45899286, -0.02052857]), 0.7854, 1.0]
[67, array([ 0.457 , -0.0196]), array([ 0.45914524, -0.02052857]), 0.7854, 1.0]
[67, array([ 0.457 , -0.0196]), array([ 0.45929762, -0.02052857]), 0.7854, 1.0]
[67, array([ 0.457 , -0.0196]), array([ 0.45945   , -0.02052857]), 0.7854, 1.0]
[67, array([ 0.457 , -0.0196]), array([ 0.45625   , -0.02037619]), 0.7854, 1.0]
[67, array([ 0.457 , -0.0196]), array([ 0.45640238, -0.02037619]), 0.7854, 1.0]
[67, array([ 0.457 , -0.0196]), array([ 0.45655476, -0.02037619]), 0.7854, 1.0]
[67, array([ 0.457 , -0.0196]), array([ 0.45670714, -0.02037619]), 0.7854, 1.0]
[67, array([ 0.457 , -0.0196]), array([ 0.45685952, -0.02037619]), 0.7854, 1.0]
[67, array([ 0.457 , -0.0196]), array([ 0.4570119 , -0.02037619]), 0.7854, 1.0]
[67, array([ 0.457 , -0.0196]), array([ 0.45716429, -0.02037619]), 0.7854, 1.0]
[67, array([ 0.457 , -0.0196]), array([ 0.45731667, -0.02037619]), 0.7854, 1.0]
[67, array([ 0.457 , -0.0196]), array([ 0.45746905, -0.02037619]), 0.7854, 1.0]
[67, array([ 0.457 , -0.0196]), array([ 0.45762143, -0.02037619]), 0.7854, 1.0]
[67, array([ 0.457 , -0.0196]), array([ 0.45777381, -0.02037619]), 0.7854, 1.0]
[67, array([ 0.457 , -0.0196]), array([ 0.45792619, -0.02037619]), 0.7854, 1.0]
[67, array([ 0.457 , -0.0196]), array([ 0.45807857, -0.02037619]), 0.7854, 1.0]
[67, array([ 0.457 , -0.0196]), array([ 0.45823095, -0.02037619]), 0.7854, 1.0]
[67, array([ 0.457 , -0.0196]), array([ 0.45838333, -0.02037619]), 0.7854, 1.0]
[67, array([ 0.457 , -0.0196]), array([ 0.45853571, -0.02037619]), 0.7854, 1.0]
[67, array([ 0.457 , -0.0196]), array([ 0.4586881 , -0.02037619]), 0.7854, 1.0]
[67, array([ 0.457 , -0.0196]), array([ 0.45884048, -0.02037619]), 0.7854, 1.0]
[67, array([ 0.457 , -0.0196]), array([ 0.45899286, -0.02037619]), 0.7854, 1.0]
[67, array([ 0.457 , -0.0196]), array([ 0.45914524, -0.02037619]), 0.7854, 1.0]
[67, array([ 0.457 , -0.0196]), array([ 0.45929762, -0.02037619]), 0.7854, 1.0]
[67, array([ 0.457 , -0.0196]), array([ 0.45945   , -0.02037619]), 0.7854, 1.0]
[67, array([ 0.457 , -0.0196]), array([ 0.45625   , -0.02022381]), 0.7854, 1.0]
[67, array([ 0.457 , -0.0196]), array([ 0.45640238, -0.02022381]), 0.7854, 1.0]
[67, array([ 0.457 , -0.0196]), array([ 0.45655476, -0.02022381]), 0.7854, 1.0]
[67, array([ 0.457 , -0.0196]), array([ 0.45670714, -0.02022381]), 0.7854, 1.0]
[67, array([ 0.457 , -0.0196]), array([ 0.45685952, -0.02022381]), 0.7854, 1.0]
[67, array([ 0.457 , -0.0196]), array([ 0.4570119 , -0.02022381]), 0.7854, 1.0]
[67, array([ 0.457 , -0.0196]), array([ 0.45716429, -0.02022381]), 0.7854, 1.0]
[67, array([ 0.457 , -0.0196]), array([ 0.45731667, -0.02022381]), 0.7854, 1.0]
[67, array([ 0.457 , -0.0196]), array([ 0.45746905, -0.02022381]), 0.7854, 1.0]
[67, array([ 0.457 , -0.0196]), array([ 0.45762143, -0.02022381]), 0.7854, 1.0]
[67, array([ 0.457 , -0.0196]), array([ 0.45777381, -0.02022381]), 0.7854, 1.0]
[67, array([ 0.457 , -0.0196]), array([ 0.45792619, -0.02022381]), 0.7854, 1.0]
[67, array([ 0.457 , -0.0196]), array([ 0.45807857, -0.02022381]), 0.7854, 1.0]
[67, array([ 0.457 , -0.0196]), array([ 0.45823095, -0.02022381]), 0.7854, 1.0]
[67, array([ 0.457 , -0.0196]), array([ 0.45838333, -0.02022381]), 0.7854, 1.0]
[67, array([ 0.457 , -0.0196]), array([ 0.45853571, -0.02022381]), 0.7854, 1.0]
[67, array([ 0.457 , -0.0196]), array([ 0.4586881 , -0.02022381]), 0.7854, 1.0]
[67, array([ 0.457 , -0.0196]), array([ 0.45884048, -0.02022381]), 0.7854, 1.0]
[67, array([ 0.457 , -0.0196]), array([ 0.45899286, -0.02022381]), 0.7854, 1.0]
[67, array([ 0.457 , -0.0196]), array([ 0.45914524, -0.02022381]), 0.7854, 1.0]
[67, array([ 0.457 , -0.0196]), array([ 0.45929762, -0.02022381]), 0.7854, 1.0]
[67, array([ 0.457 , -0.0196]), array([ 0.45945   , -0.02022381]), 0.7854, 1.0]
[67, array([ 0.457 , -0.0196]), array([ 0.45625   , -0.02007143]), 0.7854, 1.0]
[67, array([ 0.457 , -0.0196]), array([ 0.45640238, -0.02007143]), 0.7854, 1.0]
[67, array([ 0.457 , -0.0196]), array([ 0.45655476, -0.02007143]), 0.7854, 1.0]
[67, array([ 0.457 , -0.0196]), array([ 0.45670714, -0.02007143]), 0.7854, 1.0]
[67, array([ 0.457 , -0.0196]), array([ 0.45685952, -0.02007143]), 0.7854, 1.0]
[67, array([ 0.457 , -0.0196]), array([ 0.4570119 , -0.02007143]), 0.7854, 1.0]
[67, array([ 0.457 , -0.0196]), array([ 0.45716429, -0.02007143]), 0.7854, 1.0]
[67, array([ 0.457 , -0.0196]), array([ 0.45731667, -0.02007143]), 0.7854, 1.0]
[67, array([ 0.457 , -0.0196]), array([ 0.45746905, -0.02007143]), 0.7854, 1.0]
[67, array([ 0.457 , -0.0196]), array([ 0.45762143, -0.02007143]), 0.7854, 1.0]
[67, array([ 0.457 , -0.0196]), array([ 0.45777381, -0.02007143]), 0.7854, 1.0]
[67, array([ 0.457 , -0.0196]), array([ 0.45792619, -0.02007143]), 0.7854, 1.0]
[67, array([ 0.457 , -0.0196]), array([ 0.45807857, -0.02007143]), 0.7854, 1.0]
[67, array([ 0.457 , -0.0196]), array([ 0.45823095, -0.02007143]), 0.7854, 1.0]
[67, array([ 0.457 , -0.0196]), array([ 0.45838333, -0.02007143]), 0.7854, 1.0]
[67, array([ 0.457 , -0.0196]), array([ 0.45853571, -0.02007143]), 0.7854, 1.0]
[67, array([ 0.457 , -0.0196]), array([ 0.4586881 , -0.02007143]), 0.7854, 1.0]
[67, array([ 0.457 , -0.0196]), array([ 0.45884048, -0.02007143]), 0.7854, 1.0]
[67, array([ 0.457 , -0.0196]), array([ 0.45899286, -0.02007143]), 0.7854, 1.0]
[67, array([ 0.457 , -0.0196]), array([ 0.45914524, -0.02007143]), 0.7854, 1.0]
[67, array([ 0.457 , -0.0196]), array([ 0.45929762, -0.02007143]), 0.7854, 1.0]
[67, array([ 0.457 , -0.0196]), array([ 0.45945   , -0.02007143]), 0.7854, 1.0]
[67, array([ 0.457 , -0.0196]), array([ 0.45625   , -0.01991905]), 0.7854, 1.0]
[67, array([ 0.457 , -0.0196]), array([ 0.45640238, -0.01991905]), 0.7854, 1.0]
[67, array([ 0.457 , -0.0196]), array([ 0.45655476, -0.01991905]), 0.7854, 1.0]
[67, array([ 0.457 , -0.0196]), array([ 0.45670714, -0.01991905]), 0.7854, 1.0]
[67, array([ 0.457 , -0.0196]), array([ 0.45685952, -0.01991905]), 0.7854, 1.0]
[67, array([ 0.457 , -0.0196]), array([ 0.4570119 , -0.01991905]), 0.7854, 1.0]
[67, array([ 0.457 , -0.0196]), array([ 0.45716429, -0.01991905]), 0.7854, 1.0]
[67, array([ 0.457 , -0.0196]), array([ 0.45731667, -0.01991905]), 0.7854, 1.0]
[67, array([ 0.457 , -0.0196]), array([ 0.45746905, -0.01991905]), 0.7854, 1.0]
[67, array([ 0.457 , -0.0196]), array([ 0.45762143, -0.01991905]), 0.7854, 1.0]
[67, array([ 0.457 , -0.0196]), array([ 0.45777381, -0.01991905]), 0.7854, 1.0]
[67, array([ 0.457 , -0.0196]), array([ 0.45792619, -0.01991905]), 0.7854, 1.0]
[67, array([ 0.457 , -0.0196]), array([ 0.45807857, -0.01991905]), 0.7854, 1.0]
[67, array([ 0.457 , -0.0196]), array([ 0.45823095, -0.01991905]), 0.7854, 1.0]
[67, array([ 0.457 , -0.0196]), array([ 0.45838333, -0.01991905]), 0.7854, 1.0]
[67, array([ 0.457 , -0.0196]), array([ 0.45853571, -0.01991905]), 0.7854, 1.0]
[67, array([ 0.457 , -0.0196]), array([ 0.4586881 , -0.01991905]), 0.7854, 1.0]
[67, array([ 0.457 , -0.0196]), array([ 0.45884048, -0.01991905]), 0.7854, 1.0]
[67, array([ 0.457 , -0.0196]), array([ 0.45899286, -0.01991905]), 0.7854, 1.0]
[67, array([ 0.457 , -0.0196]), array([ 0.45914524, -0.01991905]), 0.7854, 1.0]
[67, array([ 0.457 , -0.0196]), array([ 0.45929762, -0.01991905]), 0.7854, 1.0]
[67, array([ 0.457 , -0.0196]), array([ 0.45945   , -0.01991905]), 0.7854, 1.0]
[67, array([ 0.457 , -0.0196]), array([ 0.45625   , -0.01976667]), 0.7854, 1.0]
[67, array([ 0.457 , -0.0196]), array([ 0.45640238, -0.01976667]), 0.7854, 1.0]
[67, array([ 0.457 , -0.0196]), array([ 0.45655476, -0.01976667]), 0.7854, 1.0]
[67, array([ 0.457 , -0.0196]), array([ 0.45670714, -0.01976667]), 0.7854, 1.0]
[67, array([ 0.457 , -0.0196]), array([ 0.45685952, -0.01976667]), 0.7854, 1.0]
[67, array([ 0.457 , -0.0196]), array([ 0.4570119 , -0.01976667]), 0.7854, 1.0]
[67, array([ 0.457 , -0.0196]), array([ 0.45716429, -0.01976667]), 0.7854, 1.0]
[67, array([ 0.457 , -0.0196]), array([ 0.45731667, -0.01976667]), 0.7854, 1.0]
[67, array([ 0.457 , -0.0196]), array([ 0.45746905, -0.01976667]), 0.7854, 1.0]
[67, array([ 0.457 , -0.0196]), array([ 0.45762143, -0.01976667]), 0.7854, 1.0]
[67, array([ 0.457 , -0.0196]), array([ 0.45777381, -0.01976667]), 0.7854, 1.0]
[67, array([ 0.457 , -0.0196]), array([ 0.45792619, -0.01976667]), 0.7854, 1.0]
[67, array([ 0.457 , -0.0196]), array([ 0.45807857, -0.01976667]), 0.7854, 1.0]
[67, array([ 0.457 , -0.0196]), array([ 0.45823095, -0.01976667]), 0.7854, 1.0]
[67, array([ 0.457 , -0.0196]), array([ 0.45838333, -0.01976667]), 0.7854, 1.0]
[67, array([ 0.457 , -0.0196]), array([ 0.45853571, -0.01976667]), 0.7854, 1.0]
[67, array([ 0.457 , -0.0196]), array([ 0.4586881 , -0.01976667]), 0.7854, 1.0]
[67, array([ 0.457 , -0.0196]), array([ 0.45884048, -0.01976667]), 0.7854, 1.0]
[67, array([ 0.457 , -0.0196]), array([ 0.45899286, -0.01976667]), 0.7854, 1.0]
[67, array([ 0.457 , -0.0196]), array([ 0.45914524, -0.01976667]), 0.7854, 1.0]
[67, array([ 0.457 , -0.0196]), array([ 0.45929762, -0.01976667]), 0.7854, 1.0]
[67, array([ 0.457 , -0.0196]), array([ 0.45945   , -0.01976667]), 0.7854, 1.0]
[67, array([ 0.457 , -0.0196]), array([ 0.45625   , -0.01961429]), 0.7854, 1.0]
[67, array([ 0.457 , -0.0196]), array([ 0.45640238, -0.01961429]), 0.7854, 1.0]
[67, array([ 0.457 , -0.0196]), array([ 0.45655476, -0.01961429]), 0.7854, 1.0]
[67, array([ 0.457 , -0.0196]), array([ 0.45670714, -0.01961429]), 0.7854, 1.0]
[67, array([ 0.457 , -0.0196]), array([ 0.45685952, -0.01961429]), 0.7854, 1.0]
[67, array([ 0.457 , -0.0196]), array([ 0.4570119 , -0.01961429]), 0.7854, 1.0]
[67, array([ 0.457 , -0.0196]), array([ 0.45716429, -0.01961429]), 0.7854, 1.0]
[67, array([ 0.457 , -0.0196]), array([ 0.45731667, -0.01961429]), 0.7854, 1.0]
[67, array([ 0.457 , -0.0196]), array([ 0.45746905, -0.01961429]), 0.7854, 1.0]
[67, array([ 0.457 , -0.0196]), array([ 0.45762143, -0.01961429]), 0.7854, 1.0]
[67, array([ 0.457 , -0.0196]), array([ 0.45777381, -0.01961429]), 0.7854, 1.0]
[67, array([ 0.457 , -0.0196]), array([ 0.45792619, -0.01961429]), 0.7854, 1.0]
[67, array([ 0.457 , -0.0196]), array([ 0.45807857, -0.01961429]), 0.7854, 1.0]
[67, array([ 0.457 , -0.0196]), array([ 0.45823095, -0.01961429]), 0.7854, 1.0]
[67, array([ 0.457 , -0.0196]), array([ 0.45838333, -0.01961429]), 0.7854, 1.0]
[67, array([ 0.457 , -0.0196]), array([ 0.45853571, -0.01961429]), 0.7854, 1.0]
[67, array([ 0.457 , -0.0196]), array([ 0.4586881 , -0.01961429]), 0.7854, 1.0]
[67, array([ 0.457 , -0.0196]), array([ 0.45884048, -0.01961429]), 0.7854, 1.0]
[67, array([ 0.457 , -0.0196]), array([ 0.45899286, -0.01961429]), 0.7854, 1.0]
[67, array([ 0.457 , -0.0196]), array([ 0.45914524, -0.01961429]), 0.7854, 1.0]
[67, array([ 0.457 , -0.0196]), array([ 0.45929762, -0.01961429]), 0.7854, 1.0]
[67, array([ 0.457 , -0.0196]), array([ 0.45945   , -0.01961429]), 0.7854, 1.0]
[67, array([ 0.457 , -0.0196]), array([ 0.45625  , -0.0194619]), 0.7854, 1.0]
[67, array([ 0.457 , -0.0196]), array([ 0.45640238, -0.0194619 ]), 0.7854, 1.0]
[67, array([ 0.457 , -0.0196]), array([ 0.45655476, -0.0194619 ]), 0.7854, 1.0]
[67, array([ 0.457 , -0.0196]), array([ 0.45670714, -0.0194619 ]), 0.7854, 1.0]
[67, array([ 0.457 , -0.0196]), array([ 0.45685952, -0.0194619 ]), 0.7854, 1.0]
[67, array([ 0.457 , -0.0196]), array([ 0.4570119, -0.0194619]), 0.7854, 1.0]
[67, array([ 0.457 , -0.0196]), array([ 0.45716429, -0.0194619 ]), 0.7854, 1.0]
[67, array([ 0.457 , -0.0196]), array([ 0.45731667, -0.0194619 ]), 0.7854, 1.0]
[67, array([ 0.457 , -0.0196]), array([ 0.45746905, -0.0194619 ]), 0.7854, 1.0]
[67, array([ 0.457 , -0.0196]), array([ 0.45762143, -0.0194619 ]), 0.7854, 1.0]
[67, array([ 0.457 , -0.0196]), array([ 0.45777381, -0.0194619 ]), 0.7854, 1.0]
[67, array([ 0.457 , -0.0196]), array([ 0.45792619, -0.0194619 ]), 0.7854, 1.0]
[67, array([ 0.457 , -0.0196]), array([ 0.45807857, -0.0194619 ]), 0.7854, 1.0]
[67, array([ 0.457 , -0.0196]), array([ 0.45823095, -0.0194619 ]), 0.7854, 1.0]
[67, array([ 0.457 , -0.0196]), array([ 0.45838333, -0.0194619 ]), 0.7854, 1.0]
[67, array([ 0.457 , -0.0196]), array([ 0.45853571, -0.0194619 ]), 0.7854, 1.0]
[67, array([ 0.457 , -0.0196]), array([ 0.4586881, -0.0194619]), 0.7854, 1.0]
[67, array([ 0.457 , -0.0196]), array([ 0.45884048, -0.0194619 ]), 0.7854, 1.0]
[67, array([ 0.457 , -0.0196]), array([ 0.45899286, -0.0194619 ]), 0.7854, 1.0]
[67, array([ 0.457 , -0.0196]), array([ 0.45914524, -0.0194619 ]), 0.7854, 1.0]
[67, array([ 0.457 , -0.0196]), array([ 0.45929762, -0.0194619 ]), 0.7854, 1.0]
[67, array([ 0.457 , -0.0196]), array([ 0.45945  , -0.0194619]), 0.7854, 1.0]
[67, array([ 0.457 , -0.0196]), array([ 0.45625   , -0.01930952]), 0.7854, 1.0]
[67, array([ 0.457 , -0.0196]), array([ 0.45640238, -0.01930952]), 0.7854, 1.0]
[67, array([ 0.457 , -0.0196]), array([ 0.45655476, -0.01930952]), 0.7854, 1.0]
[67, array([ 0.457 , -0.0196]), array([ 0.45670714, -0.01930952]), 0.7854, 1.0]
[67, array([ 0.457 , -0.0196]), array([ 0.45685952, -0.01930952]), 0.7854, 1.0]
[67, array([ 0.457 , -0.0196]), array([ 0.4570119 , -0.01930952]), 0.7854, 1.0]
[67, array([ 0.457 , -0.0196]), array([ 0.45716429, -0.01930952]), 0.7854, 1.0]
[67, array([ 0.457 , -0.0196]), array([ 0.45731667, -0.01930952]), 0.7854, 1.0]
[67, array([ 0.457 , -0.0196]), array([ 0.45746905, -0.01930952]), 0.7854, 1.0]
[67, array([ 0.457 , -0.0196]), array([ 0.45762143, -0.01930952]), 0.7854, 1.0]
[67, array([ 0.457 , -0.0196]), array([ 0.45777381, -0.01930952]), 0.7854, 1.0]
[67, array([ 0.457 , -0.0196]), array([ 0.45792619, -0.01930952]), 0.7854, 1.0]
[67, array([ 0.457 , -0.0196]), array([ 0.45807857, -0.01930952]), 0.7854, 1.0]
[67, array([ 0.457 , -0.0196]), array([ 0.45823095, -0.01930952]), 0.7854, 1.0]
[67, array([ 0.457 , -0.0196]), array([ 0.45838333, -0.01930952]), 0.7854, 1.0]
[67, array([ 0.457 , -0.0196]), array([ 0.45853571, -0.01930952]), 0.7854, 1.0]
[67, array([ 0.457 , -0.0196]), array([ 0.4586881 , -0.01930952]), 0.7854, 1.0]
[67, array([ 0.457 , -0.0196]), array([ 0.45884048, -0.01930952]), 0.7854, 1.0]
[67, array([ 0.457 , -0.0196]), array([ 0.45899286, -0.01930952]), 0.7854, 1.0]
[67, array([ 0.457 , -0.0196]), array([ 0.45914524, -0.01930952]), 0.7854, 1.0]
[67, array([ 0.457 , -0.0196]), array([ 0.45929762, -0.01930952]), 0.7854, 1.0]
[67, array([ 0.457 , -0.0196]), array([ 0.45945   , -0.01930952]), 0.7854, 1.0]
[67, array([ 0.457 , -0.0196]), array([ 0.45625   , -0.01915714]), 0.7854, 1.0]
[67, array([ 0.457 , -0.0196]), array([ 0.45640238, -0.01915714]), 0.7854, 1.0]
[67, array([ 0.457 , -0.0196]), array([ 0.45655476, -0.01915714]), 0.7854, 1.0]
[67, array([ 0.457 , -0.0196]), array([ 0.45670714, -0.01915714]), 0.7854, 1.0]
[67, array([ 0.457 , -0.0196]), array([ 0.45685952, -0.01915714]), 0.7854, 1.0]
[67, array([ 0.457 , -0.0196]), array([ 0.4570119 , -0.01915714]), 0.7854, 1.0]
[67, array([ 0.457 , -0.0196]), array([ 0.45716429, -0.01915714]), 0.7854, 1.0]
[67, array([ 0.457 , -0.0196]), array([ 0.45731667, -0.01915714]), 0.7854, 1.0]
[67, array([ 0.457 , -0.0196]), array([ 0.45746905, -0.01915714]), 0.7854, 1.0]
[67, array([ 0.457 , -0.0196]), array([ 0.45762143, -0.01915714]), 0.7854, 1.0]
[67, array([ 0.457 , -0.0196]), array([ 0.45777381, -0.01915714]), 0.7854, 1.0]
[67, array([ 0.457 , -0.0196]), array([ 0.45792619, -0.01915714]), 0.7854, 1.0]
[67, array([ 0.457 , -0.0196]), array([ 0.45807857, -0.01915714]), 0.7854, 1.0]
[67, array([ 0.457 , -0.0196]), array([ 0.45823095, -0.01915714]), 0.7854, 1.0]
[67, array([ 0.457 , -0.0196]), array([ 0.45838333, -0.01915714]), 0.7854, 1.0]
[67, array([ 0.457 , -0.0196]), array([ 0.45853571, -0.01915714]), 0.7854, 1.0]
[67, array([ 0.457 , -0.0196]), array([ 0.4586881 , -0.01915714]), 0.7854, 1.0]
[67, array([ 0.457 , -0.0196]), array([ 0.45884048, -0.01915714]), 0.7854, 1.0]
[67, array([ 0.457 , -0.0196]), array([ 0.45899286, -0.01915714]), 0.7854, 1.0]
[67, array([ 0.457 , -0.0196]), array([ 0.45914524, -0.01915714]), 0.7854, 1.0]
[67, array([ 0.457 , -0.0196]), array([ 0.45929762, -0.01915714]), 0.7854, 1.0]
[67, array([ 0.457 , -0.0196]), array([ 0.45945   , -0.01915714]), 0.7854, 1.0]
[67, array([ 0.457 , -0.0196]), array([ 0.45625   , -0.01900476]), 0.7854, 1.0]
[67, array([ 0.457 , -0.0196]), array([ 0.45640238, -0.01900476]), 0.7854, 1.0]
[67, array([ 0.457 , -0.0196]), array([ 0.45655476, -0.01900476]), 0.7854, 1.0]
[67, array([ 0.457 , -0.0196]), array([ 0.45670714, -0.01900476]), 0.7854, 1.0]
[67, array([ 0.457 , -0.0196]), array([ 0.45685952, -0.01900476]), 0.7854, 1.0]
[67, array([ 0.457 , -0.0196]), array([ 0.4570119 , -0.01900476]), 0.7854, 1.0]
[67, array([ 0.457 , -0.0196]), array([ 0.45716429, -0.01900476]), 0.7854, 1.0]
[67, array([ 0.457 , -0.0196]), array([ 0.45731667, -0.01900476]), 0.7854, 1.0]
[67, array([ 0.457 , -0.0196]), array([ 0.45746905, -0.01900476]), 0.7854, 1.0]
[67, array([ 0.457 , -0.0196]), array([ 0.45762143, -0.01900476]), 0.7854, 1.0]
[67, array([ 0.457 , -0.0196]), array([ 0.45777381, -0.01900476]), 0.7854, 1.0]
[67, array([ 0.457 , -0.0196]), array([ 0.45792619, -0.01900476]), 0.7854, 1.0]
[67, array([ 0.457 , -0.0196]), array([ 0.45807857, -0.01900476]), 0.7854, 1.0]
[67, array([ 0.457 , -0.0196]), array([ 0.45823095, -0.01900476]), 0.7854, 1.0]
[67, array([ 0.457 , -0.0196]), array([ 0.45838333, -0.01900476]), 0.7854, 1.0]
[67, array([ 0.457 , -0.0196]), array([ 0.45853571, -0.01900476]), 0.7854, 1.0]
[67, array([ 0.457 , -0.0196]), array([ 0.4586881 , -0.01900476]), 0.7854, 1.0]
[67, array([ 0.457 , -0.0196]), array([ 0.45884048, -0.01900476]), 0.7854, 1.0]
[67, array([ 0.457 , -0.0196]), array([ 0.45899286, -0.01900476]), 0.7854, 1.0]
[67, array([ 0.457 , -0.0196]), array([ 0.45914524, -0.01900476]), 0.7854, 1.0]
[67, array([ 0.457 , -0.0196]), array([ 0.45929762, -0.01900476]), 0.7854, 1.0]
[67, array([ 0.457 , -0.0196]), array([ 0.45945   , -0.01900476]), 0.7854, 1.0]
[67, array([ 0.457 , -0.0196]), array([ 0.45625   , -0.01885238]), 0.7854, 1.0]
[67, array([ 0.457 , -0.0196]), array([ 0.45640238, -0.01885238]), 0.7854, 1.0]
[67, array([ 0.457 , -0.0196]), array([ 0.45655476, -0.01885238]), 0.7854, 1.0]
[67, array([ 0.457 , -0.0196]), array([ 0.45670714, -0.01885238]), 0.7854, 1.0]
[67, array([ 0.457 , -0.0196]), array([ 0.45685952, -0.01885238]), 0.7854, 1.0]
[67, array([ 0.457 , -0.0196]), array([ 0.4570119 , -0.01885238]), 0.7854, 1.0]
[67, array([ 0.457 , -0.0196]), array([ 0.45716429, -0.01885238]), 0.7854, 1.0]
[67, array([ 0.457 , -0.0196]), array([ 0.45731667, -0.01885238]), 0.7854, 1.0]
[67, array([ 0.457 , -0.0196]), array([ 0.45746905, -0.01885238]), 0.7854, 1.0]
[67, array([ 0.457 , -0.0196]), array([ 0.45762143, -0.01885238]), 0.7854, 1.0]
[67, array([ 0.457 , -0.0196]), array([ 0.45777381, -0.01885238]), 0.7854, 1.0]
[67, array([ 0.457 , -0.0196]), array([ 0.45792619, -0.01885238]), 0.7854, 1.0]
[67, array([ 0.457 , -0.0196]), array([ 0.45807857, -0.01885238]), 0.7854, 1.0]
[67, array([ 0.457 , -0.0196]), array([ 0.45823095, -0.01885238]), 0.7854, 1.0]
[67, array([ 0.457 , -0.0196]), array([ 0.45838333, -0.01885238]), 0.7854, 1.0]
[67, array([ 0.457 , -0.0196]), array([ 0.45853571, -0.01885238]), 0.7854, 1.0]
[67, array([ 0.457 , -0.0196]), array([ 0.4586881 , -0.01885238]), 0.7854, 1.0]
[67, array([ 0.457 , -0.0196]), array([ 0.45884048, -0.01885238]), 0.7854, 1.0]
[67, array([ 0.457 , -0.0196]), array([ 0.45899286, -0.01885238]), 0.7854, 1.0]
[67, array([ 0.457 , -0.0196]), array([ 0.45914524, -0.01885238]), 0.7854, 1.0]
[67, array([ 0.457 , -0.0196]), array([ 0.45929762, -0.01885238]), 0.7854, 1.0]
[67, array([ 0.457 , -0.0196]), array([ 0.45945   , -0.01885238]), 0.7854, 1.0]
[67, array([ 0.457 , -0.0196]), array([ 0.45625, -0.0187 ]), 0.7854, 1.0]
[67, array([ 0.457 , -0.0196]), array([ 0.45640238, -0.0187    ]), 0.7854, 1.0]
[67, array([ 0.457 , -0.0196]), array([ 0.45655476, -0.0187    ]), 0.7854, 1.0]
[67, array([ 0.457 , -0.0196]), array([ 0.45670714, -0.0187    ]), 0.7854, 1.0]
[67, array([ 0.457 , -0.0196]), array([ 0.45685952, -0.0187    ]), 0.7854, 1.0]
[67, array([ 0.457 , -0.0196]), array([ 0.4570119, -0.0187   ]), 0.7854, 1.0]
[67, array([ 0.457 , -0.0196]), array([ 0.45716429, -0.0187    ]), 0.7854, 1.0]
[67, array([ 0.457 , -0.0196]), array([ 0.45731667, -0.0187    ]), 0.7854, 1.0]
[67, array([ 0.457 , -0.0196]), array([ 0.45746905, -0.0187    ]), 0.7854, 1.0]
[67, array([ 0.457 , -0.0196]), array([ 0.45762143, -0.0187    ]), 0.7854, 1.0]
[67, array([ 0.457 , -0.0196]), array([ 0.45777381, -0.0187    ]), 0.7854, 1.0]
[67, array([ 0.457 , -0.0196]), array([ 0.45792619, -0.0187    ]), 0.7854, 1.0]
[67, array([ 0.457 , -0.0196]), array([ 0.45807857, -0.0187    ]), 0.7854, 1.0]
[67, array([ 0.457 , -0.0196]), array([ 0.45823095, -0.0187    ]), 0.7854, 1.0]
[67, array([ 0.457 , -0.0196]), array([ 0.45838333, -0.0187    ]), 0.7854, 1.0]
[67, array([ 0.457 , -0.0196]), array([ 0.45853571, -0.0187    ]), 0.7854, 1.0]
[67, array([ 0.457 , -0.0196]), array([ 0.4586881, -0.0187   ]), 0.7854, 1.0]
[67, array([ 0.457 , -0.0196]), array([ 0.45884048, -0.0187    ]), 0.7854, 1.0]
[67, array([ 0.457 , -0.0196]), array([ 0.45899286, -0.0187    ]), 0.7854, 1.0]
[67, array([ 0.457 , -0.0196]), array([ 0.45914524, -0.0187    ]), 0.7854, 1.0]
[67, array([ 0.457 , -0.0196]), array([ 0.45929762, -0.0187    ]), 0.7854, 1.0]
[67, array([ 0.457 , -0.0196]), array([ 0.45945, -0.0187 ]), 0.7854, 1.0]
[20, array([ 0.4952, -0.0276]), array([ 0.48745, -0.0344 ]), 0.7854, 1.0]
[20, array([ 0.4952, -0.0276]), array([ 0.48760238, -0.0344    ]), 0.7854, 1.0]
[20, array([ 0.4952, -0.0276]), array([ 0.48775476, -0.0344    ]), 0.7854, 1.0]
[20, array([ 0.4952, -0.0276]), array([ 0.48790714, -0.0344    ]), 0.7854, 1.0]
[20, array([ 0.4952, -0.0276]), array([ 0.48805952, -0.0344    ]), 0.7854, 1.0]
[20, array([ 0.4952, -0.0276]), array([ 0.4882119, -0.0344   ]), 0.7854, 1.0]
[20, array([ 0.4952, -0.0276]), array([ 0.48836429, -0.0344    ]), 0.7854, 1.0]
[20, array([ 0.4952, -0.0276]), array([ 0.48851667, -0.0344    ]), 0.7854, 0.0]
[20, array([ 0.4952, -0.0276]), array([ 0.48866905, -0.0344    ]), 0.7854, 0.0]
[20, array([ 0.4952, -0.0276]), array([ 0.48882143, -0.0344    ]), 0.7854, 0.0]
[20, array([ 0.4952, -0.0276]), array([ 0.48897381, -0.0344    ]), 0.7854, 0.0]
[20, array([ 0.4952, -0.0276]), array([ 0.48912619, -0.0344    ]), 0.7854, 0.0]
[20, array([ 0.4952, -0.0276]), array([ 0.48927857, -0.0344    ]), 0.7854, 0.0]
[20, array([ 0.4952, -0.0276]), array([ 0.48943095, -0.0344    ]), 0.7854, 0.0]
[20, array([ 0.4952, -0.0276]), array([ 0.48958333, -0.0344    ]), 0.7854, 0.0]
[20, array([ 0.4952, -0.0276]), array([ 0.48973571, -0.0344    ]), 0.7854, 0.0]
[20, array([ 0.4952, -0.0276]), array([ 0.4898881, -0.0344   ]), 0.7854, 0.0]
[20, array([ 0.4952, -0.0276]), array([ 0.49004048, -0.0344    ]), 0.7854, 0.0]
[20, array([ 0.4952, -0.0276]), array([ 0.49019286, -0.0344    ]), 0.7854, 0.0]
[20, array([ 0.4952, -0.0276]), array([ 0.49034524, -0.0344    ]), 0.7854, 0.0]
[20, array([ 0.4952, -0.0276]), array([ 0.49049762, -0.0344    ]), 0.7854, 0.0]
[20, array([ 0.4952, -0.0276]), array([ 0.49065, -0.0344 ]), 0.7854, 0.0]
[20, array([ 0.4952, -0.0276]), array([ 0.48745   , -0.03424762]), 0.7854, 1.0]
[20, array([ 0.4952, -0.0276]), array([ 0.48760238, -0.03424762]), 0.7854, 1.0]
[20, array([ 0.4952, -0.0276]), array([ 0.48775476, -0.03424762]), 0.7854, 1.0]
[20, array([ 0.4952, -0.0276]), array([ 0.48790714, -0.03424762]), 0.7854, 1.0]
[20, array([ 0.4952, -0.0276]), array([ 0.48805952, -0.03424762]), 0.7854, 1.0]
[20, array([ 0.4952, -0.0276]), array([ 0.4882119 , -0.03424762]), 0.7854, 1.0]
[20, array([ 0.4952, -0.0276]), array([ 0.48836429, -0.03424762]), 0.7854, 1.0]
[20, array([ 0.4952, -0.0276]), array([ 0.48851667, -0.03424762]), 0.7854, 1.0]
[20, array([ 0.4952, -0.0276]), array([ 0.48866905, -0.03424762]), 0.7854, 0.0]
[20, array([ 0.4952, -0.0276]), array([ 0.48882143, -0.03424762]), 0.7854, 0.0]
[20, array([ 0.4952, -0.0276]), array([ 0.48897381, -0.03424762]), 0.7854, 0.0]
[20, array([ 0.4952, -0.0276]), array([ 0.48912619, -0.03424762]), 0.7854, 0.0]
[20, array([ 0.4952, -0.0276]), array([ 0.48927857, -0.03424762]), 0.7854, 0.0]
[20, array([ 0.4952, -0.0276]), array([ 0.48943095, -0.03424762]), 0.7854, 0.0]
[20, array([ 0.4952, -0.0276]), array([ 0.48958333, -0.03424762]), 0.7854, 0.0]
[20, array([ 0.4952, -0.0276]), array([ 0.48973571, -0.03424762]), 0.7854, 0.0]
[20, array([ 0.4952, -0.0276]), array([ 0.4898881 , -0.03424762]), 0.7854, 0.0]
[20, array([ 0.4952, -0.0276]), array([ 0.49004048, -0.03424762]), 0.7854, 0.0]
[20, array([ 0.4952, -0.0276]), array([ 0.49019286, -0.03424762]), 0.7854, 0.0]
[20, array([ 0.4952, -0.0276]), array([ 0.49034524, -0.03424762]), 0.7854, 0.0]
[20, array([ 0.4952, -0.0276]), array([ 0.49049762, -0.03424762]), 0.7854, 0.0]
[20, array([ 0.4952, -0.0276]), array([ 0.49065   , -0.03424762]), 0.7854, 0.0]
[20, array([ 0.4952, -0.0276]), array([ 0.48745   , -0.03409524]), 0.7854, 1.0]
[20, array([ 0.4952, -0.0276]), array([ 0.48760238, -0.03409524]), 0.7854, 1.0]
[20, array([ 0.4952, -0.0276]), array([ 0.48775476, -0.03409524]), 0.7854, 1.0]
[20, array([ 0.4952, -0.0276]), array([ 0.48790714, -0.03409524]), 0.7854, 1.0]
[20, array([ 0.4952, -0.0276]), array([ 0.48805952, -0.03409524]), 0.7854, 1.0]
[20, array([ 0.4952, -0.0276]), array([ 0.4882119 , -0.03409524]), 0.7854, 1.0]
[20, array([ 0.4952, -0.0276]), array([ 0.48836429, -0.03409524]), 0.7854, 1.0]
[20, array([ 0.4952, -0.0276]), array([ 0.48851667, -0.03409524]), 0.7854, 0.0]
[20, array([ 0.4952, -0.0276]), array([ 0.48866905, -0.03409524]), 0.7854, 1.0]
[20, array([ 0.4952, -0.0276]), array([ 0.48882143, -0.03409524]), 0.7854, 1.0]
[20, array([ 0.4952, -0.0276]), array([ 0.48897381, -0.03409524]), 0.7854, 1.0]
[20, array([ 0.4952, -0.0276]), array([ 0.48912619, -0.03409524]), 0.7854, 0.0]
[20, array([ 0.4952, -0.0276]), array([ 0.48927857, -0.03409524]), 0.7854, 0.0]
[20, array([ 0.4952, -0.0276]), array([ 0.48943095, -0.03409524]), 0.7854, 0.0]
[20, array([ 0.4952, -0.0276]), array([ 0.48958333, -0.03409524]), 0.7854, 0.0]
[20, array([ 0.4952, -0.0276]), array([ 0.48973571, -0.03409524]), 0.7854, 0.0]
[20, array([ 0.4952, -0.0276]), array([ 0.4898881 , -0.03409524]), 0.7854, 0.0]
[20, array([ 0.4952, -0.0276]), array([ 0.49004048, -0.03409524]), 0.7854, 1.0]
[20, array([ 0.4952, -0.0276]), array([ 0.49019286, -0.03409524]), 0.7854, 0.0]
[20, array([ 0.4952, -0.0276]), array([ 0.49034524, -0.03409524]), 0.7854, 0.0]
[20, array([ 0.4952, -0.0276]), array([ 0.49049762, -0.03409524]), 0.7854, 0.0]
[20, array([ 0.4952, -0.0276]), array([ 0.49065   , -0.03409524]), 0.7854, 0.0]
[20, array([ 0.4952, -0.0276]), array([ 0.48745   , -0.03394286]), 0.7854, 1.0]
[20, array([ 0.4952, -0.0276]), array([ 0.48760238, -0.03394286]), 0.7854, 1.0]
[20, array([ 0.4952, -0.0276]), array([ 0.48775476, -0.03394286]), 0.7854, 1.0]
[20, array([ 0.4952, -0.0276]), array([ 0.48790714, -0.03394286]), 0.7854, 1.0]
[20, array([ 0.4952, -0.0276]), array([ 0.48805952, -0.03394286]), 0.7854, 1.0]
[20, array([ 0.4952, -0.0276]), array([ 0.4882119 , -0.03394286]), 0.7854, 1.0]
[20, array([ 0.4952, -0.0276]), array([ 0.48836429, -0.03394286]), 0.7854, 1.0]
[20, array([ 0.4952, -0.0276]), array([ 0.48851667, -0.03394286]), 0.7854, 1.0]
[20, array([ 0.4952, -0.0276]), array([ 0.48866905, -0.03394286]), 0.7854, 0.0]
[20, array([ 0.4952, -0.0276]), array([ 0.48882143, -0.03394286]), 0.7854, 0.0]
[20, array([ 0.4952, -0.0276]), array([ 0.48897381, -0.03394286]), 0.7854, 1.0]
[20, array([ 0.4952, -0.0276]), array([ 0.48912619, -0.03394286]), 0.7854, 1.0]
[20, array([ 0.4952, -0.0276]), array([ 0.48927857, -0.03394286]), 0.7854, 1.0]
[20, array([ 0.4952, -0.0276]), array([ 0.48943095, -0.03394286]), 0.7854, 1.0]
[20, array([ 0.4952, -0.0276]), array([ 0.48958333, -0.03394286]), 0.7854, 1.0]
[20, array([ 0.4952, -0.0276]), array([ 0.48973571, -0.03394286]), 0.7854, 0.0]
[20, array([ 0.4952, -0.0276]), array([ 0.4898881 , -0.03394286]), 0.7854, 1.0]
[20, array([ 0.4952, -0.0276]), array([ 0.49004048, -0.03394286]), 0.7854, 1.0]
[20, array([ 0.4952, -0.0276]), array([ 0.49019286, -0.03394286]), 0.7854, 0.0]
[20, array([ 0.4952, -0.0276]), array([ 0.49034524, -0.03394286]), 0.7854, 1.0]
[20, array([ 0.4952, -0.0276]), array([ 0.49049762, -0.03394286]), 0.7854, 0.0]
[20, array([ 0.4952, -0.0276]), array([ 0.49065   , -0.03394286]), 0.7854, 0.0]
[20, array([ 0.4952, -0.0276]), array([ 0.48745   , -0.03379048]), 0.7854, 1.0]
[20, array([ 0.4952, -0.0276]), array([ 0.48760238, -0.03379048]), 0.7854, 1.0]
[20, array([ 0.4952, -0.0276]), array([ 0.48775476, -0.03379048]), 0.7854, 1.0]
[20, array([ 0.4952, -0.0276]), array([ 0.48790714, -0.03379048]), 0.7854, 1.0]
[20, array([ 0.4952, -0.0276]), array([ 0.48805952, -0.03379048]), 0.7854, 1.0]
[20, array([ 0.4952, -0.0276]), array([ 0.4882119 , -0.03379048]), 0.7854, 1.0]
[20, array([ 0.4952, -0.0276]), array([ 0.48836429, -0.03379048]), 0.7854, 0.0]
[20, array([ 0.4952, -0.0276]), array([ 0.48851667, -0.03379048]), 0.7854, 1.0]
[20, array([ 0.4952, -0.0276]), array([ 0.48866905, -0.03379048]), 0.7854, 0.0]
[20, array([ 0.4952, -0.0276]), array([ 0.48882143, -0.03379048]), 0.7854, 0.0]
[20, array([ 0.4952, -0.0276]), array([ 0.48897381, -0.03379048]), 0.7854, 0.0]
[20, array([ 0.4952, -0.0276]), array([ 0.48912619, -0.03379048]), 0.7854, 0.0]
[20, array([ 0.4952, -0.0276]), array([ 0.48927857, -0.03379048]), 0.7854, 0.0]
[20, array([ 0.4952, -0.0276]), array([ 0.48943095, -0.03379048]), 0.7854, 1.0]
[20, array([ 0.4952, -0.0276]), array([ 0.48958333, -0.03379048]), 0.7854, 1.0]
[20, array([ 0.4952, -0.0276]), array([ 0.48973571, -0.03379048]), 0.7854, 1.0]
[20, array([ 0.4952, -0.0276]), array([ 0.4898881 , -0.03379048]), 0.7854, 1.0]
[20, array([ 0.4952, -0.0276]), array([ 0.49004048, -0.03379048]), 0.7854, 1.0]
[20, array([ 0.4952, -0.0276]), array([ 0.49019286, -0.03379048]), 0.7854, 0.0]
[20, array([ 0.4952, -0.0276]), array([ 0.49034524, -0.03379048]), 0.7854, 0.0]
[20, array([ 0.4952, -0.0276]), array([ 0.49049762, -0.03379048]), 0.7854, 0.0]
[20, array([ 0.4952, -0.0276]), array([ 0.49065   , -0.03379048]), 0.7854, 0.0]
[20, array([ 0.4952, -0.0276]), array([ 0.48745  , -0.0336381]), 0.7854, 1.0]
[20, array([ 0.4952, -0.0276]), array([ 0.48760238, -0.0336381 ]), 0.7854, 1.0]
[20, array([ 0.4952, -0.0276]), array([ 0.48775476, -0.0336381 ]), 0.7854, 1.0]
[20, array([ 0.4952, -0.0276]), array([ 0.48790714, -0.0336381 ]), 0.7854, 1.0]
[20, array([ 0.4952, -0.0276]), array([ 0.48805952, -0.0336381 ]), 0.7854, 1.0]
[20, array([ 0.4952, -0.0276]), array([ 0.4882119, -0.0336381]), 0.7854, 1.0]
[20, array([ 0.4952, -0.0276]), array([ 0.48836429, -0.0336381 ]), 0.7854, 1.0]
[20, array([ 0.4952, -0.0276]), array([ 0.48851667, -0.0336381 ]), 0.7854, 1.0]
[20, array([ 0.4952, -0.0276]), array([ 0.48866905, -0.0336381 ]), 0.7854, 0.0]
[20, array([ 0.4952, -0.0276]), array([ 0.48882143, -0.0336381 ]), 0.7854, 0.0]
[20, array([ 0.4952, -0.0276]), array([ 0.48897381, -0.0336381 ]), 0.7854, 0.0]
[20, array([ 0.4952, -0.0276]), array([ 0.48912619, -0.0336381 ]), 0.7854, 0.0]
[20, array([ 0.4952, -0.0276]), array([ 0.48927857, -0.0336381 ]), 0.7854, 0.0]
[20, array([ 0.4952, -0.0276]), array([ 0.48943095, -0.0336381 ]), 0.7854, 0.0]
[20, array([ 0.4952, -0.0276]), array([ 0.48958333, -0.0336381 ]), 0.7854, 0.0]
[20, array([ 0.4952, -0.0276]), array([ 0.48973571, -0.0336381 ]), 0.7854, 0.0]
[20, array([ 0.4952, -0.0276]), array([ 0.4898881, -0.0336381]), 0.7854, 1.0]
[20, array([ 0.4952, -0.0276]), array([ 0.49004048, -0.0336381 ]), 0.7854, 1.0]
[20, array([ 0.4952, -0.0276]), array([ 0.49019286, -0.0336381 ]), 0.7854, 0.0]
[20, array([ 0.4952, -0.0276]), array([ 0.49034524, -0.0336381 ]), 0.7854, 0.0]
[20, array([ 0.4952, -0.0276]), array([ 0.49049762, -0.0336381 ]), 0.7854, 0.0]
[20, array([ 0.4952, -0.0276]), array([ 0.49065  , -0.0336381]), 0.7854, 0.0]
[20, array([ 0.4952, -0.0276]), array([ 0.48745   , -0.03348571]), 0.7854, 1.0]
[20, array([ 0.4952, -0.0276]), array([ 0.48760238, -0.03348571]), 0.7854, 1.0]
[20, array([ 0.4952, -0.0276]), array([ 0.48775476, -0.03348571]), 0.7854, 1.0]
[20, array([ 0.4952, -0.0276]), array([ 0.48790714, -0.03348571]), 0.7854, 1.0]
[20, array([ 0.4952, -0.0276]), array([ 0.48805952, -0.03348571]), 0.7854, 1.0]
[20, array([ 0.4952, -0.0276]), array([ 0.4882119 , -0.03348571]), 0.7854, 1.0]
[20, array([ 0.4952, -0.0276]), array([ 0.48836429, -0.03348571]), 0.7854, 1.0]
[20, array([ 0.4952, -0.0276]), array([ 0.48851667, -0.03348571]), 0.7854, 1.0]
[20, array([ 0.4952, -0.0276]), array([ 0.48866905, -0.03348571]), 0.7854, 1.0]
[20, array([ 0.4952, -0.0276]), array([ 0.48882143, -0.03348571]), 0.7854, 1.0]
[20, array([ 0.4952, -0.0276]), array([ 0.48897381, -0.03348571]), 0.7854, 0.0]
[20, array([ 0.4952, -0.0276]), array([ 0.48912619, -0.03348571]), 0.7854, 0.0]
[20, array([ 0.4952, -0.0276]), array([ 0.48927857, -0.03348571]), 0.7854, 1.0]
[20, array([ 0.4952, -0.0276]), array([ 0.48943095, -0.03348571]), 0.7854, 0.0]
[20, array([ 0.4952, -0.0276]), array([ 0.48958333, -0.03348571]), 0.7854, 0.0]
[20, array([ 0.4952, -0.0276]), array([ 0.48973571, -0.03348571]), 0.7854, 0.0]
[20, array([ 0.4952, -0.0276]), array([ 0.4898881 , -0.03348571]), 0.7854, 0.0]
[20, array([ 0.4952, -0.0276]), array([ 0.49004048, -0.03348571]), 0.7854, 0.0]
[20, array([ 0.4952, -0.0276]), array([ 0.49019286, -0.03348571]), 0.7854, 0.0]
[20, array([ 0.4952, -0.0276]), array([ 0.49034524, -0.03348571]), 0.7854, 0.0]
[20, array([ 0.4952, -0.0276]), array([ 0.49049762, -0.03348571]), 0.7854, 0.0]
[20, array([ 0.4952, -0.0276]), array([ 0.49065   , -0.03348571]), 0.7854, 1.0]
[20, array([ 0.4952, -0.0276]), array([ 0.48745   , -0.03333333]), 0.7854, 1.0]
[20, array([ 0.4952, -0.0276]), array([ 0.48760238, -0.03333333]), 0.7854, 1.0]
[20, array([ 0.4952, -0.0276]), array([ 0.48775476, -0.03333333]), 0.7854, 1.0]
[20, array([ 0.4952, -0.0276]), array([ 0.48790714, -0.03333333]), 0.7854, 1.0]
[20, array([ 0.4952, -0.0276]), array([ 0.48805952, -0.03333333]), 0.7854, 1.0]
[20, array([ 0.4952, -0.0276]), array([ 0.4882119 , -0.03333333]), 0.7854, 1.0]
[20, array([ 0.4952, -0.0276]), array([ 0.48836429, -0.03333333]), 0.7854, 1.0]
[20, array([ 0.4952, -0.0276]), array([ 0.48851667, -0.03333333]), 0.7854, 1.0]
[20, array([ 0.4952, -0.0276]), array([ 0.48866905, -0.03333333]), 0.7854, 1.0]
[20, array([ 0.4952, -0.0276]), array([ 0.48882143, -0.03333333]), 0.7854, 1.0]
[20, array([ 0.4952, -0.0276]), array([ 0.48897381, -0.03333333]), 0.7854, 1.0]
[20, array([ 0.4952, -0.0276]), array([ 0.48912619, -0.03333333]), 0.7854, 0.0]
[20, array([ 0.4952, -0.0276]), array([ 0.48927857, -0.03333333]), 0.7854, 0.0]
[20, array([ 0.4952, -0.0276]), array([ 0.48943095, -0.03333333]), 0.7854, 0.0]
[20, array([ 0.4952, -0.0276]), array([ 0.48958333, -0.03333333]), 0.7854, 0.0]
[20, array([ 0.4952, -0.0276]), array([ 0.48973571, -0.03333333]), 0.7854, 0.0]
[20, array([ 0.4952, -0.0276]), array([ 0.4898881 , -0.03333333]), 0.7854, 1.0]
[20, array([ 0.4952, -0.0276]), array([ 0.49004048, -0.03333333]), 0.7854, 1.0]
[20, array([ 0.4952, -0.0276]), array([ 0.49019286, -0.03333333]), 0.7854, 1.0]
[20, array([ 0.4952, -0.0276]), array([ 0.49034524, -0.03333333]), 0.7854, 1.0]
[20, array([ 0.4952, -0.0276]), array([ 0.49049762, -0.03333333]), 0.7854, 0.0]
[20, array([ 0.4952, -0.0276]), array([ 0.49065   , -0.03333333]), 0.7854, 0.0]
[20, array([ 0.4952, -0.0276]), array([ 0.48745   , -0.03318095]), 0.7854, 1.0]
[20, array([ 0.4952, -0.0276]), array([ 0.48760238, -0.03318095]), 0.7854, 1.0]
[20, array([ 0.4952, -0.0276]), array([ 0.48775476, -0.03318095]), 0.7854, 1.0]
[20, array([ 0.4952, -0.0276]), array([ 0.48790714, -0.03318095]), 0.7854, 1.0]
[20, array([ 0.4952, -0.0276]), array([ 0.48805952, -0.03318095]), 0.7854, 1.0]
[20, array([ 0.4952, -0.0276]), array([ 0.4882119 , -0.03318095]), 0.7854, 1.0]
[20, array([ 0.4952, -0.0276]), array([ 0.48836429, -0.03318095]), 0.7854, 1.0]
[20, array([ 0.4952, -0.0276]), array([ 0.48851667, -0.03318095]), 0.7854, 1.0]
[20, array([ 0.4952, -0.0276]), array([ 0.48866905, -0.03318095]), 0.7854, 1.0]
[20, array([ 0.4952, -0.0276]), array([ 0.48882143, -0.03318095]), 0.7854, 1.0]
[20, array([ 0.4952, -0.0276]), array([ 0.48897381, -0.03318095]), 0.7854, 1.0]
[20, array([ 0.4952, -0.0276]), array([ 0.48912619, -0.03318095]), 0.7854, 1.0]
[20, array([ 0.4952, -0.0276]), array([ 0.48927857, -0.03318095]), 0.7854, 1.0]
[20, array([ 0.4952, -0.0276]), array([ 0.48943095, -0.03318095]), 0.7854, 1.0]
[20, array([ 0.4952, -0.0276]), array([ 0.48958333, -0.03318095]), 0.7854, 0.0]
[20, array([ 0.4952, -0.0276]), array([ 0.48973571, -0.03318095]), 0.7854, 0.0]
[20, array([ 0.4952, -0.0276]), array([ 0.4898881 , -0.03318095]), 0.7854, 0.0]
[20, array([ 0.4952, -0.0276]), array([ 0.49004048, -0.03318095]), 0.7854, 0.0]
[20, array([ 0.4952, -0.0276]), array([ 0.49019286, -0.03318095]), 0.7854, 0.0]
[20, array([ 0.4952, -0.0276]), array([ 0.49034524, -0.03318095]), 0.7854, 0.0]
[20, array([ 0.4952, -0.0276]), array([ 0.49049762, -0.03318095]), 0.7854, 0.0]
[20, array([ 0.4952, -0.0276]), array([ 0.49065   , -0.03318095]), 0.7854, 0.0]
[20, array([ 0.4952, -0.0276]), array([ 0.48745   , -0.03302857]), 0.7854, 1.0]
[20, array([ 0.4952, -0.0276]), array([ 0.48760238, -0.03302857]), 0.7854, 1.0]
[20, array([ 0.4952, -0.0276]), array([ 0.48775476, -0.03302857]), 0.7854, 1.0]
[20, array([ 0.4952, -0.0276]), array([ 0.48790714, -0.03302857]), 0.7854, 1.0]
[20, array([ 0.4952, -0.0276]), array([ 0.48805952, -0.03302857]), 0.7854, 1.0]
[20, array([ 0.4952, -0.0276]), array([ 0.4882119 , -0.03302857]), 0.7854, 1.0]
[20, array([ 0.4952, -0.0276]), array([ 0.48836429, -0.03302857]), 0.7854, 1.0]
[20, array([ 0.4952, -0.0276]), array([ 0.48851667, -0.03302857]), 0.7854, 1.0]
[20, array([ 0.4952, -0.0276]), array([ 0.48866905, -0.03302857]), 0.7854, 1.0]
[20, array([ 0.4952, -0.0276]), array([ 0.48882143, -0.03302857]), 0.7854, 1.0]
[20, array([ 0.4952, -0.0276]), array([ 0.48897381, -0.03302857]), 0.7854, 1.0]
[20, array([ 0.4952, -0.0276]), array([ 0.48912619, -0.03302857]), 0.7854, 1.0]
[20, array([ 0.4952, -0.0276]), array([ 0.48927857, -0.03302857]), 0.7854, 1.0]
[20, array([ 0.4952, -0.0276]), array([ 0.48943095, -0.03302857]), 0.7854, 1.0]
[20, array([ 0.4952, -0.0276]), array([ 0.48958333, -0.03302857]), 0.7854, 1.0]
[20, array([ 0.4952, -0.0276]), array([ 0.48973571, -0.03302857]), 0.7854, 0.0]
[20, array([ 0.4952, -0.0276]), array([ 0.4898881 , -0.03302857]), 0.7854, 0.0]
[20, array([ 0.4952, -0.0276]), array([ 0.49004048, -0.03302857]), 0.7854, 0.0]
[20, array([ 0.4952, -0.0276]), array([ 0.49019286, -0.03302857]), 0.7854, 0.0]
[20, array([ 0.4952, -0.0276]), array([ 0.49034524, -0.03302857]), 0.7854, 0.0]
[20, array([ 0.4952, -0.0276]), array([ 0.49049762, -0.03302857]), 0.7854, 0.0]
[20, array([ 0.4952, -0.0276]), array([ 0.49065   , -0.03302857]), 0.7854, 0.0]
[20, array([ 0.4952, -0.0276]), array([ 0.48745   , -0.03287619]), 0.7854, 1.0]
[20, array([ 0.4952, -0.0276]), array([ 0.48760238, -0.03287619]), 0.7854, 1.0]
[20, array([ 0.4952, -0.0276]), array([ 0.48775476, -0.03287619]), 0.7854, 1.0]
[20, array([ 0.4952, -0.0276]), array([ 0.48790714, -0.03287619]), 0.7854, 1.0]
[20, array([ 0.4952, -0.0276]), array([ 0.48805952, -0.03287619]), 0.7854, 1.0]
[20, array([ 0.4952, -0.0276]), array([ 0.4882119 , -0.03287619]), 0.7854, 1.0]
[20, array([ 0.4952, -0.0276]), array([ 0.48836429, -0.03287619]), 0.7854, 1.0]
[20, array([ 0.4952, -0.0276]), array([ 0.48851667, -0.03287619]), 0.7854, 1.0]
[20, array([ 0.4952, -0.0276]), array([ 0.48866905, -0.03287619]), 0.7854, 1.0]
[20, array([ 0.4952, -0.0276]), array([ 0.48882143, -0.03287619]), 0.7854, 1.0]
[20, array([ 0.4952, -0.0276]), array([ 0.48897381, -0.03287619]), 0.7854, 1.0]
[20, array([ 0.4952, -0.0276]), array([ 0.48912619, -0.03287619]), 0.7854, 1.0]
[20, array([ 0.4952, -0.0276]), array([ 0.48927857, -0.03287619]), 0.7854, 1.0]
[20, array([ 0.4952, -0.0276]), array([ 0.48943095, -0.03287619]), 0.7854, 1.0]
[20, array([ 0.4952, -0.0276]), array([ 0.48958333, -0.03287619]), 0.7854, 1.0]
[20, array([ 0.4952, -0.0276]), array([ 0.48973571, -0.03287619]), 0.7854, 1.0]
[20, array([ 0.4952, -0.0276]), array([ 0.4898881 , -0.03287619]), 0.7854, 1.0]
[20, array([ 0.4952, -0.0276]), array([ 0.49004048, -0.03287619]), 0.7854, 1.0]
[20, array([ 0.4952, -0.0276]), array([ 0.49019286, -0.03287619]), 0.7854, 1.0]
[20, array([ 0.4952, -0.0276]), array([ 0.49034524, -0.03287619]), 0.7854, 1.0]
[20, array([ 0.4952, -0.0276]), array([ 0.49049762, -0.03287619]), 0.7854, 0.0]
[20, array([ 0.4952, -0.0276]), array([ 0.49065   , -0.03287619]), 0.7854, 0.0]
[20, array([ 0.4952, -0.0276]), array([ 0.48745   , -0.03272381]), 0.7854, 1.0]
[20, array([ 0.4952, -0.0276]), array([ 0.48760238, -0.03272381]), 0.7854, 1.0]
[20, array([ 0.4952, -0.0276]), array([ 0.48775476, -0.03272381]), 0.7854, 1.0]
[20, array([ 0.4952, -0.0276]), array([ 0.48790714, -0.03272381]), 0.7854, 1.0]
[20, array([ 0.4952, -0.0276]), array([ 0.48805952, -0.03272381]), 0.7854, 1.0]
[20, array([ 0.4952, -0.0276]), array([ 0.4882119 , -0.03272381]), 0.7854, 1.0]
[20, array([ 0.4952, -0.0276]), array([ 0.48836429, -0.03272381]), 0.7854, 1.0]
[20, array([ 0.4952, -0.0276]), array([ 0.48851667, -0.03272381]), 0.7854, 1.0]
[20, array([ 0.4952, -0.0276]), array([ 0.48866905, -0.03272381]), 0.7854, 1.0]
[20, array([ 0.4952, -0.0276]), array([ 0.48882143, -0.03272381]), 0.7854, 1.0]
[20, array([ 0.4952, -0.0276]), array([ 0.48897381, -0.03272381]), 0.7854, 1.0]
[20, array([ 0.4952, -0.0276]), array([ 0.48912619, -0.03272381]), 0.7854, 1.0]
[20, array([ 0.4952, -0.0276]), array([ 0.48927857, -0.03272381]), 0.7854, 1.0]
[20, array([ 0.4952, -0.0276]), array([ 0.48943095, -0.03272381]), 0.7854, 1.0]
[20, array([ 0.4952, -0.0276]), array([ 0.48958333, -0.03272381]), 0.7854, 1.0]
[20, array([ 0.4952, -0.0276]), array([ 0.48973571, -0.03272381]), 0.7854, 1.0]
[20, array([ 0.4952, -0.0276]), array([ 0.4898881 , -0.03272381]), 0.7854, 1.0]
[20, array([ 0.4952, -0.0276]), array([ 0.49004048, -0.03272381]), 0.7854, 1.0]
[20, array([ 0.4952, -0.0276]), array([ 0.49019286, -0.03272381]), 0.7854, 1.0]
[20, array([ 0.4952, -0.0276]), array([ 0.49034524, -0.03272381]), 0.7854, 1.0]
[20, array([ 0.4952, -0.0276]), array([ 0.49049762, -0.03272381]), 0.7854, 1.0]
[20, array([ 0.4952, -0.0276]), array([ 0.49065   , -0.03272381]), 0.7854, 1.0]
[20, array([ 0.4952, -0.0276]), array([ 0.48745   , -0.03257143]), 0.7854, 1.0]
[20, array([ 0.4952, -0.0276]), array([ 0.48760238, -0.03257143]), 0.7854, 1.0]
[20, array([ 0.4952, -0.0276]), array([ 0.48775476, -0.03257143]), 0.7854, 1.0]
[20, array([ 0.4952, -0.0276]), array([ 0.48790714, -0.03257143]), 0.7854, 1.0]
[20, array([ 0.4952, -0.0276]), array([ 0.48805952, -0.03257143]), 0.7854, 1.0]
[20, array([ 0.4952, -0.0276]), array([ 0.4882119 , -0.03257143]), 0.7854, 1.0]
[20, array([ 0.4952, -0.0276]), array([ 0.48836429, -0.03257143]), 0.7854, 1.0]
[20, array([ 0.4952, -0.0276]), array([ 0.48851667, -0.03257143]), 0.7854, 1.0]
[20, array([ 0.4952, -0.0276]), array([ 0.48866905, -0.03257143]), 0.7854, 1.0]
[20, array([ 0.4952, -0.0276]), array([ 0.48882143, -0.03257143]), 0.7854, 1.0]
[20, array([ 0.4952, -0.0276]), array([ 0.48897381, -0.03257143]), 0.7854, 1.0]
[20, array([ 0.4952, -0.0276]), array([ 0.48912619, -0.03257143]), 0.7854, 1.0]
[20, array([ 0.4952, -0.0276]), array([ 0.48927857, -0.03257143]), 0.7854, 1.0]
[20, array([ 0.4952, -0.0276]), array([ 0.48943095, -0.03257143]), 0.7854, 1.0]
[20, array([ 0.4952, -0.0276]), array([ 0.48958333, -0.03257143]), 0.7854, 1.0]
[20, array([ 0.4952, -0.0276]), array([ 0.48973571, -0.03257143]), 0.7854, 1.0]
[20, array([ 0.4952, -0.0276]), array([ 0.4898881 , -0.03257143]), 0.7854, 1.0]
[20, array([ 0.4952, -0.0276]), array([ 0.49004048, -0.03257143]), 0.7854, 1.0]
[20, array([ 0.4952, -0.0276]), array([ 0.49019286, -0.03257143]), 0.7854, 1.0]
[20, array([ 0.4952, -0.0276]), array([ 0.49034524, -0.03257143]), 0.7854, 1.0]
[20, array([ 0.4952, -0.0276]), array([ 0.49049762, -0.03257143]), 0.7854, 1.0]
[20, array([ 0.4952, -0.0276]), array([ 0.49065   , -0.03257143]), 0.7854, 1.0]
[20, array([ 0.4952, -0.0276]), array([ 0.48745   , -0.03241905]), 0.7854, 1.0]
[20, array([ 0.4952, -0.0276]), array([ 0.48760238, -0.03241905]), 0.7854, 1.0]
[20, array([ 0.4952, -0.0276]), array([ 0.48775476, -0.03241905]), 0.7854, 1.0]
[20, array([ 0.4952, -0.0276]), array([ 0.48790714, -0.03241905]), 0.7854, 1.0]
[20, array([ 0.4952, -0.0276]), array([ 0.48805952, -0.03241905]), 0.7854, 1.0]
[20, array([ 0.4952, -0.0276]), array([ 0.4882119 , -0.03241905]), 0.7854, 1.0]
[20, array([ 0.4952, -0.0276]), array([ 0.48836429, -0.03241905]), 0.7854, 1.0]
[20, array([ 0.4952, -0.0276]), array([ 0.48851667, -0.03241905]), 0.7854, 1.0]
[20, array([ 0.4952, -0.0276]), array([ 0.48866905, -0.03241905]), 0.7854, 1.0]
[20, array([ 0.4952, -0.0276]), array([ 0.48882143, -0.03241905]), 0.7854, 1.0]
[20, array([ 0.4952, -0.0276]), array([ 0.48897381, -0.03241905]), 0.7854, 1.0]
[20, array([ 0.4952, -0.0276]), array([ 0.48912619, -0.03241905]), 0.7854, 1.0]
[20, array([ 0.4952, -0.0276]), array([ 0.48927857, -0.03241905]), 0.7854, 1.0]
[20, array([ 0.4952, -0.0276]), array([ 0.48943095, -0.03241905]), 0.7854, 1.0]
[20, array([ 0.4952, -0.0276]), array([ 0.48958333, -0.03241905]), 0.7854, 1.0]
[20, array([ 0.4952, -0.0276]), array([ 0.48973571, -0.03241905]), 0.7854, 1.0]
[20, array([ 0.4952, -0.0276]), array([ 0.4898881 , -0.03241905]), 0.7854, 1.0]
[20, array([ 0.4952, -0.0276]), array([ 0.49004048, -0.03241905]), 0.7854, 1.0]
[20, array([ 0.4952, -0.0276]), array([ 0.49019286, -0.03241905]), 0.7854, 1.0]
[20, array([ 0.4952, -0.0276]), array([ 0.49034524, -0.03241905]), 0.7854, 1.0]
[20, array([ 0.4952, -0.0276]), array([ 0.49049762, -0.03241905]), 0.7854, 1.0]
[20, array([ 0.4952, -0.0276]), array([ 0.49065   , -0.03241905]), 0.7854, 1.0]
[20, array([ 0.4952, -0.0276]), array([ 0.48745   , -0.03226667]), 0.7854, 1.0]
[20, array([ 0.4952, -0.0276]), array([ 0.48760238, -0.03226667]), 0.7854, 1.0]
[20, array([ 0.4952, -0.0276]), array([ 0.48775476, -0.03226667]), 0.7854, 1.0]
[20, array([ 0.4952, -0.0276]), array([ 0.48790714, -0.03226667]), 0.7854, 1.0]
[20, array([ 0.4952, -0.0276]), array([ 0.48805952, -0.03226667]), 0.7854, 1.0]
[20, array([ 0.4952, -0.0276]), array([ 0.4882119 , -0.03226667]), 0.7854, 1.0]
[20, array([ 0.4952, -0.0276]), array([ 0.48836429, -0.03226667]), 0.7854, 1.0]
[20, array([ 0.4952, -0.0276]), array([ 0.48851667, -0.03226667]), 0.7854, 1.0]
[20, array([ 0.4952, -0.0276]), array([ 0.48866905, -0.03226667]), 0.7854, 1.0]
[20, array([ 0.4952, -0.0276]), array([ 0.48882143, -0.03226667]), 0.7854, 1.0]
[20, array([ 0.4952, -0.0276]), array([ 0.48897381, -0.03226667]), 0.7854, 1.0]
[20, array([ 0.4952, -0.0276]), array([ 0.48912619, -0.03226667]), 0.7854, 1.0]
[20, array([ 0.4952, -0.0276]), array([ 0.48927857, -0.03226667]), 0.7854, 1.0]
[20, array([ 0.4952, -0.0276]), array([ 0.48943095, -0.03226667]), 0.7854, 1.0]
[20, array([ 0.4952, -0.0276]), array([ 0.48958333, -0.03226667]), 0.7854, 1.0]
[20, array([ 0.4952, -0.0276]), array([ 0.48973571, -0.03226667]), 0.7854, 1.0]
[20, array([ 0.4952, -0.0276]), array([ 0.4898881 , -0.03226667]), 0.7854, 1.0]
[20, array([ 0.4952, -0.0276]), array([ 0.49004048, -0.03226667]), 0.7854, 1.0]
[20, array([ 0.4952, -0.0276]), array([ 0.49019286, -0.03226667]), 0.7854, 1.0]
[20, array([ 0.4952, -0.0276]), array([ 0.49034524, -0.03226667]), 0.7854, 1.0]
[20, array([ 0.4952, -0.0276]), array([ 0.49049762, -0.03226667]), 0.7854, 1.0]
[20, array([ 0.4952, -0.0276]), array([ 0.49065   , -0.03226667]), 0.7854, 1.0]
[20, array([ 0.4952, -0.0276]), array([ 0.48745   , -0.03211429]), 0.7854, 1.0]
[20, array([ 0.4952, -0.0276]), array([ 0.48760238, -0.03211429]), 0.7854, 1.0]
[20, array([ 0.4952, -0.0276]), array([ 0.48775476, -0.03211429]), 0.7854, 1.0]
[20, array([ 0.4952, -0.0276]), array([ 0.48790714, -0.03211429]), 0.7854, 1.0]
[20, array([ 0.4952, -0.0276]), array([ 0.48805952, -0.03211429]), 0.7854, 1.0]
[20, array([ 0.4952, -0.0276]), array([ 0.4882119 , -0.03211429]), 0.7854, 1.0]
[20, array([ 0.4952, -0.0276]), array([ 0.48836429, -0.03211429]), 0.7854, 1.0]
[20, array([ 0.4952, -0.0276]), array([ 0.48851667, -0.03211429]), 0.7854, 1.0]
[20, array([ 0.4952, -0.0276]), array([ 0.48866905, -0.03211429]), 0.7854, 1.0]
[20, array([ 0.4952, -0.0276]), array([ 0.48882143, -0.03211429]), 0.7854, 1.0]
[20, array([ 0.4952, -0.0276]), array([ 0.48897381, -0.03211429]), 0.7854, 1.0]
[20, array([ 0.4952, -0.0276]), array([ 0.48912619, -0.03211429]), 0.7854, 1.0]
[20, array([ 0.4952, -0.0276]), array([ 0.48927857, -0.03211429]), 0.7854, 1.0]
[20, array([ 0.4952, -0.0276]), array([ 0.48943095, -0.03211429]), 0.7854, 1.0]
[20, array([ 0.4952, -0.0276]), array([ 0.48958333, -0.03211429]), 0.7854, 1.0]
[20, array([ 0.4952, -0.0276]), array([ 0.48973571, -0.03211429]), 0.7854, 1.0]
[20, array([ 0.4952, -0.0276]), array([ 0.4898881 , -0.03211429]), 0.7854, 1.0]
[20, array([ 0.4952, -0.0276]), array([ 0.49004048, -0.03211429]), 0.7854, 1.0]
[20, array([ 0.4952, -0.0276]), array([ 0.49019286, -0.03211429]), 0.7854, 1.0]
[20, array([ 0.4952, -0.0276]), array([ 0.49034524, -0.03211429]), 0.7854, 1.0]
[20, array([ 0.4952, -0.0276]), array([ 0.49049762, -0.03211429]), 0.7854, 1.0]
[20, array([ 0.4952, -0.0276]), array([ 0.49065   , -0.03211429]), 0.7854, 1.0]
[20, array([ 0.4952, -0.0276]), array([ 0.48745  , -0.0319619]), 0.7854, 1.0]
[20, array([ 0.4952, -0.0276]), array([ 0.48760238, -0.0319619 ]), 0.7854, 1.0]
[20, array([ 0.4952, -0.0276]), array([ 0.48775476, -0.0319619 ]), 0.7854, 1.0]
[20, array([ 0.4952, -0.0276]), array([ 0.48790714, -0.0319619 ]), 0.7854, 1.0]
[20, array([ 0.4952, -0.0276]), array([ 0.48805952, -0.0319619 ]), 0.7854, 1.0]
[20, array([ 0.4952, -0.0276]), array([ 0.4882119, -0.0319619]), 0.7854, 1.0]
[20, array([ 0.4952, -0.0276]), array([ 0.48836429, -0.0319619 ]), 0.7854, 1.0]
[20, array([ 0.4952, -0.0276]), array([ 0.48851667, -0.0319619 ]), 0.7854, 1.0]
[20, array([ 0.4952, -0.0276]), array([ 0.48866905, -0.0319619 ]), 0.7854, 1.0]
[20, array([ 0.4952, -0.0276]), array([ 0.48882143, -0.0319619 ]), 0.7854, 1.0]
[20, array([ 0.4952, -0.0276]), array([ 0.48897381, -0.0319619 ]), 0.7854, 1.0]
[20, array([ 0.4952, -0.0276]), array([ 0.48912619, -0.0319619 ]), 0.7854, 1.0]
[20, array([ 0.4952, -0.0276]), array([ 0.48927857, -0.0319619 ]), 0.7854, 1.0]
[20, array([ 0.4952, -0.0276]), array([ 0.48943095, -0.0319619 ]), 0.7854, 1.0]
[20, array([ 0.4952, -0.0276]), array([ 0.48958333, -0.0319619 ]), 0.7854, 1.0]
[20, array([ 0.4952, -0.0276]), array([ 0.48973571, -0.0319619 ]), 0.7854, 1.0]
[20, array([ 0.4952, -0.0276]), array([ 0.4898881, -0.0319619]), 0.7854, 1.0]
[20, array([ 0.4952, -0.0276]), array([ 0.49004048, -0.0319619 ]), 0.7854, 1.0]
[20, array([ 0.4952, -0.0276]), array([ 0.49019286, -0.0319619 ]), 0.7854, 1.0]
[20, array([ 0.4952, -0.0276]), array([ 0.49034524, -0.0319619 ]), 0.7854, 1.0]
[20, array([ 0.4952, -0.0276]), array([ 0.49049762, -0.0319619 ]), 0.7854, 1.0]
[20, array([ 0.4952, -0.0276]), array([ 0.49065  , -0.0319619]), 0.7854, 1.0]
[20, array([ 0.4952, -0.0276]), array([ 0.48745   , -0.03180952]), 0.7854, 1.0]
[20, array([ 0.4952, -0.0276]), array([ 0.48760238, -0.03180952]), 0.7854, 1.0]
[20, array([ 0.4952, -0.0276]), array([ 0.48775476, -0.03180952]), 0.7854, 1.0]
[20, array([ 0.4952, -0.0276]), array([ 0.48790714, -0.03180952]), 0.7854, 1.0]
[20, array([ 0.4952, -0.0276]), array([ 0.48805952, -0.03180952]), 0.7854, 1.0]
[20, array([ 0.4952, -0.0276]), array([ 0.4882119 , -0.03180952]), 0.7854, 1.0]
[20, array([ 0.4952, -0.0276]), array([ 0.48836429, -0.03180952]), 0.7854, 1.0]
[20, array([ 0.4952, -0.0276]), array([ 0.48851667, -0.03180952]), 0.7854, 1.0]
[20, array([ 0.4952, -0.0276]), array([ 0.48866905, -0.03180952]), 0.7854, 1.0]
[20, array([ 0.4952, -0.0276]), array([ 0.48882143, -0.03180952]), 0.7854, 1.0]
[20, array([ 0.4952, -0.0276]), array([ 0.48897381, -0.03180952]), 0.7854, 1.0]
[20, array([ 0.4952, -0.0276]), array([ 0.48912619, -0.03180952]), 0.7854, 1.0]
[20, array([ 0.4952, -0.0276]), array([ 0.48927857, -0.03180952]), 0.7854, 1.0]
[20, array([ 0.4952, -0.0276]), array([ 0.48943095, -0.03180952]), 0.7854, 1.0]
[20, array([ 0.4952, -0.0276]), array([ 0.48958333, -0.03180952]), 0.7854, 1.0]
[20, array([ 0.4952, -0.0276]), array([ 0.48973571, -0.03180952]), 0.7854, 1.0]
[20, array([ 0.4952, -0.0276]), array([ 0.4898881 , -0.03180952]), 0.7854, 1.0]
[20, array([ 0.4952, -0.0276]), array([ 0.49004048, -0.03180952]), 0.7854, 1.0]
[20, array([ 0.4952, -0.0276]), array([ 0.49019286, -0.03180952]), 0.7854, 1.0]
[20, array([ 0.4952, -0.0276]), array([ 0.49034524, -0.03180952]), 0.7854, 1.0]
[20, array([ 0.4952, -0.0276]), array([ 0.49049762, -0.03180952]), 0.7854, 1.0]
[20, array([ 0.4952, -0.0276]), array([ 0.49065   , -0.03180952]), 0.7854, 1.0]
[20, array([ 0.4952, -0.0276]), array([ 0.48745   , -0.03165714]), 0.7854, 1.0]
[20, array([ 0.4952, -0.0276]), array([ 0.48760238, -0.03165714]), 0.7854, 1.0]
[20, array([ 0.4952, -0.0276]), array([ 0.48775476, -0.03165714]), 0.7854, 1.0]
[20, array([ 0.4952, -0.0276]), array([ 0.48790714, -0.03165714]), 0.7854, 1.0]
[20, array([ 0.4952, -0.0276]), array([ 0.48805952, -0.03165714]), 0.7854, 1.0]
[20, array([ 0.4952, -0.0276]), array([ 0.4882119 , -0.03165714]), 0.7854, 1.0]
[20, array([ 0.4952, -0.0276]), array([ 0.48836429, -0.03165714]), 0.7854, 1.0]
[20, array([ 0.4952, -0.0276]), array([ 0.48851667, -0.03165714]), 0.7854, 1.0]
[20, array([ 0.4952, -0.0276]), array([ 0.48866905, -0.03165714]), 0.7854, 1.0]
[20, array([ 0.4952, -0.0276]), array([ 0.48882143, -0.03165714]), 0.7854, 1.0]
[20, array([ 0.4952, -0.0276]), array([ 0.48897381, -0.03165714]), 0.7854, 1.0]
[20, array([ 0.4952, -0.0276]), array([ 0.48912619, -0.03165714]), 0.7854, 1.0]
[20, array([ 0.4952, -0.0276]), array([ 0.48927857, -0.03165714]), 0.7854, 1.0]
[20, array([ 0.4952, -0.0276]), array([ 0.48943095, -0.03165714]), 0.7854, 1.0]
[20, array([ 0.4952, -0.0276]), array([ 0.48958333, -0.03165714]), 0.7854, 1.0]
[20, array([ 0.4952, -0.0276]), array([ 0.48973571, -0.03165714]), 0.7854, 1.0]
[20, array([ 0.4952, -0.0276]), array([ 0.4898881 , -0.03165714]), 0.7854, 1.0]
[20, array([ 0.4952, -0.0276]), array([ 0.49004048, -0.03165714]), 0.7854, 1.0]
[20, array([ 0.4952, -0.0276]), array([ 0.49019286, -0.03165714]), 0.7854, 1.0]
[20, array([ 0.4952, -0.0276]), array([ 0.49034524, -0.03165714]), 0.7854, 1.0]
[20, array([ 0.4952, -0.0276]), array([ 0.49049762, -0.03165714]), 0.7854, 1.0]
[20, array([ 0.4952, -0.0276]), array([ 0.49065   , -0.03165714]), 0.7854, 1.0]
[20, array([ 0.4952, -0.0276]), array([ 0.48745   , -0.03150476]), 0.7854, 1.0]
[20, array([ 0.4952, -0.0276]), array([ 0.48760238, -0.03150476]), 0.7854, 1.0]
[20, array([ 0.4952, -0.0276]), array([ 0.48775476, -0.03150476]), 0.7854, 1.0]
[20, array([ 0.4952, -0.0276]), array([ 0.48790714, -0.03150476]), 0.7854, 1.0]
[20, array([ 0.4952, -0.0276]), array([ 0.48805952, -0.03150476]), 0.7854, 1.0]
[20, array([ 0.4952, -0.0276]), array([ 0.4882119 , -0.03150476]), 0.7854, 1.0]
[20, array([ 0.4952, -0.0276]), array([ 0.48836429, -0.03150476]), 0.7854, 1.0]
[20, array([ 0.4952, -0.0276]), array([ 0.48851667, -0.03150476]), 0.7854, 1.0]
[20, array([ 0.4952, -0.0276]), array([ 0.48866905, -0.03150476]), 0.7854, 1.0]
[20, array([ 0.4952, -0.0276]), array([ 0.48882143, -0.03150476]), 0.7854, 1.0]
[20, array([ 0.4952, -0.0276]), array([ 0.48897381, -0.03150476]), 0.7854, 1.0]
[20, array([ 0.4952, -0.0276]), array([ 0.48912619, -0.03150476]), 0.7854, 1.0]
[20, array([ 0.4952, -0.0276]), array([ 0.48927857, -0.03150476]), 0.7854, 1.0]
[20, array([ 0.4952, -0.0276]), array([ 0.48943095, -0.03150476]), 0.7854, 1.0]
[20, array([ 0.4952, -0.0276]), array([ 0.48958333, -0.03150476]), 0.7854, 1.0]
[20, array([ 0.4952, -0.0276]), array([ 0.48973571, -0.03150476]), 0.7854, 1.0]
[20, array([ 0.4952, -0.0276]), array([ 0.4898881 , -0.03150476]), 0.7854, 1.0]
[20, array([ 0.4952, -0.0276]), array([ 0.49004048, -0.03150476]), 0.7854, 1.0]
[20, array([ 0.4952, -0.0276]), array([ 0.49019286, -0.03150476]), 0.7854, 1.0]
[20, array([ 0.4952, -0.0276]), array([ 0.49034524, -0.03150476]), 0.7854, 1.0]
[20, array([ 0.4952, -0.0276]), array([ 0.49049762, -0.03150476]), 0.7854, 1.0]
[20, array([ 0.4952, -0.0276]), array([ 0.49065   , -0.03150476]), 0.7854, 1.0]
[20, array([ 0.4952, -0.0276]), array([ 0.48745   , -0.03135238]), 0.7854, 1.0]
[20, array([ 0.4952, -0.0276]), array([ 0.48760238, -0.03135238]), 0.7854, 1.0]
[20, array([ 0.4952, -0.0276]), array([ 0.48775476, -0.03135238]), 0.7854, 1.0]
[20, array([ 0.4952, -0.0276]), array([ 0.48790714, -0.03135238]), 0.7854, 1.0]
[20, array([ 0.4952, -0.0276]), array([ 0.48805952, -0.03135238]), 0.7854, 1.0]
[20, array([ 0.4952, -0.0276]), array([ 0.4882119 , -0.03135238]), 0.7854, 1.0]
[20, array([ 0.4952, -0.0276]), array([ 0.48836429, -0.03135238]), 0.7854, 1.0]
[20, array([ 0.4952, -0.0276]), array([ 0.48851667, -0.03135238]), 0.7854, 1.0]
[20, array([ 0.4952, -0.0276]), array([ 0.48866905, -0.03135238]), 0.7854, 1.0]
[20, array([ 0.4952, -0.0276]), array([ 0.48882143, -0.03135238]), 0.7854, 1.0]
[20, array([ 0.4952, -0.0276]), array([ 0.48897381, -0.03135238]), 0.7854, 1.0]
[20, array([ 0.4952, -0.0276]), array([ 0.48912619, -0.03135238]), 0.7854, 1.0]
[20, array([ 0.4952, -0.0276]), array([ 0.48927857, -0.03135238]), 0.7854, 1.0]
[20, array([ 0.4952, -0.0276]), array([ 0.48943095, -0.03135238]), 0.7854, 1.0]
[20, array([ 0.4952, -0.0276]), array([ 0.48958333, -0.03135238]), 0.7854, 1.0]
[20, array([ 0.4952, -0.0276]), array([ 0.48973571, -0.03135238]), 0.7854, 1.0]
[20, array([ 0.4952, -0.0276]), array([ 0.4898881 , -0.03135238]), 0.7854, 1.0]
[20, array([ 0.4952, -0.0276]), array([ 0.49004048, -0.03135238]), 0.7854, 1.0]
[20, array([ 0.4952, -0.0276]), array([ 0.49019286, -0.03135238]), 0.7854, 1.0]
[20, array([ 0.4952, -0.0276]), array([ 0.49034524, -0.03135238]), 0.7854, 1.0]
[20, array([ 0.4952, -0.0276]), array([ 0.49049762, -0.03135238]), 0.7854, 1.0]
[20, array([ 0.4952, -0.0276]), array([ 0.49065   , -0.03135238]), 0.7854, 1.0]
[20, array([ 0.4952, -0.0276]), array([ 0.48745, -0.0312 ]), 0.7854, 1.0]
[20, array([ 0.4952, -0.0276]), array([ 0.48760238, -0.0312    ]), 0.7854, 1.0]
[20, array([ 0.4952, -0.0276]), array([ 0.48775476, -0.0312    ]), 0.7854, 1.0]
[20, array([ 0.4952, -0.0276]), array([ 0.48790714, -0.0312    ]), 0.7854, 1.0]
[20, array([ 0.4952, -0.0276]), array([ 0.48805952, -0.0312    ]), 0.7854, 1.0]
[20, array([ 0.4952, -0.0276]), array([ 0.4882119, -0.0312   ]), 0.7854, 1.0]
[20, array([ 0.4952, -0.0276]), array([ 0.48836429, -0.0312    ]), 0.7854, 1.0]
[20, array([ 0.4952, -0.0276]), array([ 0.48851667, -0.0312    ]), 0.7854, 1.0]
[20, array([ 0.4952, -0.0276]), array([ 0.48866905, -0.0312    ]), 0.7854, 1.0]
[20, array([ 0.4952, -0.0276]), array([ 0.48882143, -0.0312    ]), 0.7854, 1.0]
[20, array([ 0.4952, -0.0276]), array([ 0.48897381, -0.0312    ]), 0.7854, 1.0]
[20, array([ 0.4952, -0.0276]), array([ 0.48912619, -0.0312    ]), 0.7854, 1.0]
[20, array([ 0.4952, -0.0276]), array([ 0.48927857, -0.0312    ]), 0.7854, 1.0]
[20, array([ 0.4952, -0.0276]), array([ 0.48943095, -0.0312    ]), 0.7854, 1.0]
[20, array([ 0.4952, -0.0276]), array([ 0.48958333, -0.0312    ]), 0.7854, 1.0]
[20, array([ 0.4952, -0.0276]), array([ 0.48973571, -0.0312    ]), 0.7854, 1.0]
[20, array([ 0.4952, -0.0276]), array([ 0.4898881, -0.0312   ]), 0.7854, 1.0]
[20, array([ 0.4952, -0.0276]), array([ 0.49004048, -0.0312    ]), 0.7854, 1.0]
[20, array([ 0.4952, -0.0276]), array([ 0.49019286, -0.0312    ]), 0.7854, 1.0]
[20, array([ 0.4952, -0.0276]), array([ 0.49034524, -0.0312    ]), 0.7854, 1.0]
[20, array([ 0.4952, -0.0276]), array([ 0.49049762, -0.0312    ]), 0.7854, 1.0]
[20, array([ 0.4952, -0.0276]), array([ 0.49065, -0.0312 ]), 0.7854, 1.0]
[19, array([ 0.5287, -0.0266]), array([ 0.52185, -0.0344 ]), 0.7854, 0.0]
[19, array([ 0.5287, -0.0266]), array([ 0.52215, -0.0344 ]), 0.7854, 0.0]
[19, array([ 0.5287, -0.0266]), array([ 0.52245, -0.0344 ]), 0.7854, 0.0]
[19, array([ 0.5287, -0.0266]), array([ 0.52275, -0.0344 ]), 0.7854, 0.0]
[19, array([ 0.5287, -0.0266]), array([ 0.52305, -0.0344 ]), 0.7854, 0.0]
[19, array([ 0.5287, -0.0266]), array([ 0.52335, -0.0344 ]), 0.7854, 0.0]
[19, array([ 0.5287, -0.0266]), array([ 0.52365, -0.0344 ]), 0.7854, 0.0]
[19, array([ 0.5287, -0.0266]), array([ 0.52395, -0.0344 ]), 0.7854, 0.0]
[19, array([ 0.5287, -0.0266]), array([ 0.52425, -0.0344 ]), 0.7854, 0.0]
[19, array([ 0.5287, -0.0266]), array([ 0.52455, -0.0344 ]), 0.7854, 0.0]
[19, array([ 0.5287, -0.0266]), array([ 0.52485, -0.0344 ]), 0.7854, 0.0]
[19, array([ 0.5287, -0.0266]), array([ 0.52515, -0.0344 ]), 0.7854, 0.0]
[19, array([ 0.5287, -0.0266]), array([ 0.52545, -0.0344 ]), 0.7854, 0.0]
[19, array([ 0.5287, -0.0266]), array([ 0.52575, -0.0344 ]), 0.7854, 0.0]
[19, array([ 0.5287, -0.0266]), array([ 0.52605, -0.0344 ]), 0.7854, 0.0]
[19, array([ 0.5287, -0.0266]), array([ 0.52635, -0.0344 ]), 0.7854, 0.0]
[19, array([ 0.5287, -0.0266]), array([ 0.52665, -0.0344 ]), 0.7854, 0.0]
[19, array([ 0.5287, -0.0266]), array([ 0.52695, -0.0344 ]), 0.7854, 0.0]
[19, array([ 0.5287, -0.0266]), array([ 0.52725, -0.0344 ]), 0.7854, 0.0]
[19, array([ 0.5287, -0.0266]), array([ 0.52755, -0.0344 ]), 0.7854, 0.0]
[19, array([ 0.5287, -0.0266]), array([ 0.52785, -0.0344 ]), 0.7854, 0.0]
[19, array([ 0.5287, -0.0266]), array([ 0.52815, -0.0344 ]), 0.7854, 0.0]
[19, array([ 0.5287, -0.0266]), array([ 0.52185, -0.0341 ]), 0.7854, 0.0]
[19, array([ 0.5287, -0.0266]), array([ 0.52215, -0.0341 ]), 0.7854, 0.0]
[19, array([ 0.5287, -0.0266]), array([ 0.52245, -0.0341 ]), 0.7854, 0.0]
[19, array([ 0.5287, -0.0266]), array([ 0.52275, -0.0341 ]), 0.7854, 0.0]
[19, array([ 0.5287, -0.0266]), array([ 0.52305, -0.0341 ]), 0.7854, 0.0]
[19, array([ 0.5287, -0.0266]), array([ 0.52335, -0.0341 ]), 0.7854, 0.0]
[19, array([ 0.5287, -0.0266]), array([ 0.52365, -0.0341 ]), 0.7854, 0.0]
[19, array([ 0.5287, -0.0266]), array([ 0.52395, -0.0341 ]), 0.7854, 0.0]
[19, array([ 0.5287, -0.0266]), array([ 0.52425, -0.0341 ]), 0.7854, 0.0]
[19, array([ 0.5287, -0.0266]), array([ 0.52455, -0.0341 ]), 0.7854, 0.0]
[19, array([ 0.5287, -0.0266]), array([ 0.52485, -0.0341 ]), 0.7854, 0.0]
[19, array([ 0.5287, -0.0266]), array([ 0.52515, -0.0341 ]), 0.7854, 0.0]
[19, array([ 0.5287, -0.0266]), array([ 0.52545, -0.0341 ]), 0.7854, 0.0]
[19, array([ 0.5287, -0.0266]), array([ 0.52575, -0.0341 ]), 0.7854, 0.0]
[19, array([ 0.5287, -0.0266]), array([ 0.52605, -0.0341 ]), 0.7854, 0.0]
[19, array([ 0.5287, -0.0266]), array([ 0.52635, -0.0341 ]), 0.7854, 0.0]
[19, array([ 0.5287, -0.0266]), array([ 0.52665, -0.0341 ]), 0.7854, 0.0]
[19, array([ 0.5287, -0.0266]), array([ 0.52695, -0.0341 ]), 0.7854, 0.0]
[19, array([ 0.5287, -0.0266]), array([ 0.52725, -0.0341 ]), 0.7854, 0.0]
[19, array([ 0.5287, -0.0266]), array([ 0.52755, -0.0341 ]), 0.7854, 0.0]
[19, array([ 0.5287, -0.0266]), array([ 0.52785, -0.0341 ]), 0.7854, 0.0]
[19, array([ 0.5287, -0.0266]), array([ 0.52815, -0.0341 ]), 0.7854, 0.0]
[19, array([ 0.5287, -0.0266]), array([ 0.52185, -0.0338 ]), 0.7854, 0.0]
[19, array([ 0.5287, -0.0266]), array([ 0.52215, -0.0338 ]), 0.7854, 0.0]
[19, array([ 0.5287, -0.0266]), array([ 0.52245, -0.0338 ]), 0.7854, 0.0]
[19, array([ 0.5287, -0.0266]), array([ 0.52275, -0.0338 ]), 0.7854, 0.0]
[19, array([ 0.5287, -0.0266]), array([ 0.52305, -0.0338 ]), 0.7854, 0.0]
[19, array([ 0.5287, -0.0266]), array([ 0.52335, -0.0338 ]), 0.7854, 0.0]
[19, array([ 0.5287, -0.0266]), array([ 0.52365, -0.0338 ]), 0.7854, 0.0]
[19, array([ 0.5287, -0.0266]), array([ 0.52395, -0.0338 ]), 0.7854, 0.0]
[19, array([ 0.5287, -0.0266]), array([ 0.52425, -0.0338 ]), 0.7854, 0.0]
[19, array([ 0.5287, -0.0266]), array([ 0.52455, -0.0338 ]), 0.7854, 0.0]
[19, array([ 0.5287, -0.0266]), array([ 0.52485, -0.0338 ]), 0.7854, 0.0]
[19, array([ 0.5287, -0.0266]), array([ 0.52515, -0.0338 ]), 0.7854, 0.0]
[19, array([ 0.5287, -0.0266]), array([ 0.52545, -0.0338 ]), 0.7854, 0.0]
[19, array([ 0.5287, -0.0266]), array([ 0.52575, -0.0338 ]), 0.7854, 0.0]
[19, array([ 0.5287, -0.0266]), array([ 0.52605, -0.0338 ]), 0.7854, 0.0]
[19, array([ 0.5287, -0.0266]), array([ 0.52635, -0.0338 ]), 0.7854, 0.0]
[19, array([ 0.5287, -0.0266]), array([ 0.52665, -0.0338 ]), 0.7854, 0.0]
[19, array([ 0.5287, -0.0266]), array([ 0.52695, -0.0338 ]), 0.7854, 0.0]
[19, array([ 0.5287, -0.0266]), array([ 0.52725, -0.0338 ]), 0.7854, 0.0]
[19, array([ 0.5287, -0.0266]), array([ 0.52755, -0.0338 ]), 0.7854, 0.0]
[19, array([ 0.5287, -0.0266]), array([ 0.52785, -0.0338 ]), 0.7854, 0.0]
[19, array([ 0.5287, -0.0266]), array([ 0.52815, -0.0338 ]), 0.7854, 0.0]
[19, array([ 0.5287, -0.0266]), array([ 0.52185, -0.0335 ]), 0.7854, 0.0]
[19, array([ 0.5287, -0.0266]), array([ 0.52215, -0.0335 ]), 0.7854, 0.0]
[19, array([ 0.5287, -0.0266]), array([ 0.52245, -0.0335 ]), 0.7854, 0.0]
[19, array([ 0.5287, -0.0266]), array([ 0.52275, -0.0335 ]), 0.7854, 0.0]
[19, array([ 0.5287, -0.0266]), array([ 0.52305, -0.0335 ]), 0.7854, 0.0]
[19, array([ 0.5287, -0.0266]), array([ 0.52335, -0.0335 ]), 0.7854, 0.0]
[19, array([ 0.5287, -0.0266]), array([ 0.52365, -0.0335 ]), 0.7854, 0.0]
[19, array([ 0.5287, -0.0266]), array([ 0.52395, -0.0335 ]), 0.7854, 0.0]
[19, array([ 0.5287, -0.0266]), array([ 0.52425, -0.0335 ]), 0.7854, 0.0]
[19, array([ 0.5287, -0.0266]), array([ 0.52455, -0.0335 ]), 0.7854, 0.0]
[19, array([ 0.5287, -0.0266]), array([ 0.52485, -0.0335 ]), 0.7854, 0.0]
[19, array([ 0.5287, -0.0266]), array([ 0.52515, -0.0335 ]), 0.7854, 0.0]
[19, array([ 0.5287, -0.0266]), array([ 0.52545, -0.0335 ]), 0.7854, 0.0]
[19, array([ 0.5287, -0.0266]), array([ 0.52575, -0.0335 ]), 0.7854, 0.0]
[19, array([ 0.5287, -0.0266]), array([ 0.52605, -0.0335 ]), 0.7854, 0.0]
[19, array([ 0.5287, -0.0266]), array([ 0.52635, -0.0335 ]), 0.7854, 0.0]
[19, array([ 0.5287, -0.0266]), array([ 0.52665, -0.0335 ]), 0.7854, 0.0]
[19, array([ 0.5287, -0.0266]), array([ 0.52695, -0.0335 ]), 0.7854, 0.0]
[19, array([ 0.5287, -0.0266]), array([ 0.52725, -0.0335 ]), 0.7854, 0.0]
[19, array([ 0.5287, -0.0266]), array([ 0.52755, -0.0335 ]), 0.7854, 0.0]
[19, array([ 0.5287, -0.0266]), array([ 0.52785, -0.0335 ]), 0.7854, 0.0]
[19, array([ 0.5287, -0.0266]), array([ 0.52815, -0.0335 ]), 0.7854, 0.0]
[19, array([ 0.5287, -0.0266]), array([ 0.52185, -0.0332 ]), 0.7854, 0.0]
[19, array([ 0.5287, -0.0266]), array([ 0.52215, -0.0332 ]), 0.7854, 0.0]
[19, array([ 0.5287, -0.0266]), array([ 0.52245, -0.0332 ]), 0.7854, 0.0]
[19, array([ 0.5287, -0.0266]), array([ 0.52275, -0.0332 ]), 0.7854, 0.0]
[19, array([ 0.5287, -0.0266]), array([ 0.52305, -0.0332 ]), 0.7854, 0.0]
[19, array([ 0.5287, -0.0266]), array([ 0.52335, -0.0332 ]), 0.7854, 0.0]
[19, array([ 0.5287, -0.0266]), array([ 0.52365, -0.0332 ]), 0.7854, 1.0]
[19, array([ 0.5287, -0.0266]), array([ 0.52395, -0.0332 ]), 0.7854, 0.0]
[19, array([ 0.5287, -0.0266]), array([ 0.52425, -0.0332 ]), 0.7854, 0.0]
[19, array([ 0.5287, -0.0266]), array([ 0.52455, -0.0332 ]), 0.7854, 1.0]
[19, array([ 0.5287, -0.0266]), array([ 0.52485, -0.0332 ]), 0.7854, 0.0]
[19, array([ 0.5287, -0.0266]), array([ 0.52515, -0.0332 ]), 0.7854, 0.0]
[19, array([ 0.5287, -0.0266]), array([ 0.52545, -0.0332 ]), 0.7854, 0.0]
[19, array([ 0.5287, -0.0266]), array([ 0.52575, -0.0332 ]), 0.7854, 0.0]
[19, array([ 0.5287, -0.0266]), array([ 0.52605, -0.0332 ]), 0.7854, 0.0]
[19, array([ 0.5287, -0.0266]), array([ 0.52635, -0.0332 ]), 0.7854, 0.0]
[19, array([ 0.5287, -0.0266]), array([ 0.52665, -0.0332 ]), 0.7854, 0.0]
[19, array([ 0.5287, -0.0266]), array([ 0.52695, -0.0332 ]), 0.7854, 0.0]
[19, array([ 0.5287, -0.0266]), array([ 0.52725, -0.0332 ]), 0.7854, 0.0]
[19, array([ 0.5287, -0.0266]), array([ 0.52755, -0.0332 ]), 0.7854, 0.0]
[19, array([ 0.5287, -0.0266]), array([ 0.52785, -0.0332 ]), 0.7854, 0.0]
[19, array([ 0.5287, -0.0266]), array([ 0.52815, -0.0332 ]), 0.7854, 0.0]
[19, array([ 0.5287, -0.0266]), array([ 0.52185, -0.0329 ]), 0.7854, 0.0]
[19, array([ 0.5287, -0.0266]), array([ 0.52215, -0.0329 ]), 0.7854, 0.0]
[19, array([ 0.5287, -0.0266]), array([ 0.52245, -0.0329 ]), 0.7854, 0.0]
[19, array([ 0.5287, -0.0266]), array([ 0.52275, -0.0329 ]), 0.7854, 0.0]
[19, array([ 0.5287, -0.0266]), array([ 0.52305, -0.0329 ]), 0.7854, 0.0]
[19, array([ 0.5287, -0.0266]), array([ 0.52335, -0.0329 ]), 0.7854, 0.0]
[19, array([ 0.5287, -0.0266]), array([ 0.52365, -0.0329 ]), 0.7854, 0.0]
[19, array([ 0.5287, -0.0266]), array([ 0.52395, -0.0329 ]), 0.7854, 0.0]
[19, array([ 0.5287, -0.0266]), array([ 0.52425, -0.0329 ]), 0.7854, 0.0]
[19, array([ 0.5287, -0.0266]), array([ 0.52455, -0.0329 ]), 0.7854, 0.0]
[19, array([ 0.5287, -0.0266]), array([ 0.52485, -0.0329 ]), 0.7854, 0.0]
[19, array([ 0.5287, -0.0266]), array([ 0.52515, -0.0329 ]), 0.7854, 0.0]
[19, array([ 0.5287, -0.0266]), array([ 0.52545, -0.0329 ]), 0.7854, 0.0]
[19, array([ 0.5287, -0.0266]), array([ 0.52575, -0.0329 ]), 0.7854, 0.0]
[19, array([ 0.5287, -0.0266]), array([ 0.52605, -0.0329 ]), 0.7854, 0.0]
[19, array([ 0.5287, -0.0266]), array([ 0.52635, -0.0329 ]), 0.7854, 0.0]
[19, array([ 0.5287, -0.0266]), array([ 0.52665, -0.0329 ]), 0.7854, 0.0]
[19, array([ 0.5287, -0.0266]), array([ 0.52695, -0.0329 ]), 0.7854, 0.0]
[19, array([ 0.5287, -0.0266]), array([ 0.52725, -0.0329 ]), 0.7854, 0.0]
[19, array([ 0.5287, -0.0266]), array([ 0.52755, -0.0329 ]), 0.7854, 0.0]
[19, array([ 0.5287, -0.0266]), array([ 0.52785, -0.0329 ]), 0.7854, 0.0]
[19, array([ 0.5287, -0.0266]), array([ 0.52815, -0.0329 ]), 0.7854, 0.0]
[19, array([ 0.5287, -0.0266]), array([ 0.52185, -0.0326 ]), 0.7854, 0.0]
[19, array([ 0.5287, -0.0266]), array([ 0.52215, -0.0326 ]), 0.7854, 0.0]
[19, array([ 0.5287, -0.0266]), array([ 0.52245, -0.0326 ]), 0.7854, 0.0]
[19, array([ 0.5287, -0.0266]), array([ 0.52275, -0.0326 ]), 0.7854, 0.0]
[19, array([ 0.5287, -0.0266]), array([ 0.52305, -0.0326 ]), 0.7854, 0.0]
[19, array([ 0.5287, -0.0266]), array([ 0.52335, -0.0326 ]), 0.7854, 0.0]
[19, array([ 0.5287, -0.0266]), array([ 0.52365, -0.0326 ]), 0.7854, 0.0]
[19, array([ 0.5287, -0.0266]), array([ 0.52395, -0.0326 ]), 0.7854, 0.0]
[19, array([ 0.5287, -0.0266]), array([ 0.52425, -0.0326 ]), 0.7854, 0.0]
[19, array([ 0.5287, -0.0266]), array([ 0.52455, -0.0326 ]), 0.7854, 0.0]
[19, array([ 0.5287, -0.0266]), array([ 0.52485, -0.0326 ]), 0.7854, 0.0]
[19, array([ 0.5287, -0.0266]), array([ 0.52515, -0.0326 ]), 0.7854, 0.0]
[19, array([ 0.5287, -0.0266]), array([ 0.52545, -0.0326 ]), 0.7854, 0.0]
[19, array([ 0.5287, -0.0266]), array([ 0.52575, -0.0326 ]), 0.7854, 0.0]
[19, array([ 0.5287, -0.0266]), array([ 0.52605, -0.0326 ]), 0.7854, 0.0]
[19, array([ 0.5287, -0.0266]), array([ 0.52635, -0.0326 ]), 0.7854, 0.0]
[19, array([ 0.5287, -0.0266]), array([ 0.52665, -0.0326 ]), 0.7854, 0.0]
[19, array([ 0.5287, -0.0266]), array([ 0.52695, -0.0326 ]), 0.7854, 0.0]
[19, array([ 0.5287, -0.0266]), array([ 0.52725, -0.0326 ]), 0.7854, 0.0]
[19, array([ 0.5287, -0.0266]), array([ 0.52755, -0.0326 ]), 0.7854, 0.0]
[19, array([ 0.5287, -0.0266]), array([ 0.52785, -0.0326 ]), 0.7854, 0.0]
[19, array([ 0.5287, -0.0266]), array([ 0.52815, -0.0326 ]), 0.7854, 0.0]
[19, array([ 0.5287, -0.0266]), array([ 0.52185, -0.0323 ]), 0.7854, 0.0]
[19, array([ 0.5287, -0.0266]), array([ 0.52215, -0.0323 ]), 0.7854, 0.0]
[19, array([ 0.5287, -0.0266]), array([ 0.52245, -0.0323 ]), 0.7854, 0.0]
[19, array([ 0.5287, -0.0266]), array([ 0.52275, -0.0323 ]), 0.7854, 0.0]
[19, array([ 0.5287, -0.0266]), array([ 0.52305, -0.0323 ]), 0.7854, 0.0]
[19, array([ 0.5287, -0.0266]), array([ 0.52335, -0.0323 ]), 0.7854, 0.0]
[19, array([ 0.5287, -0.0266]), array([ 0.52365, -0.0323 ]), 0.7854, 0.0]
[19, array([ 0.5287, -0.0266]), array([ 0.52395, -0.0323 ]), 0.7854, 0.0]
[19, array([ 0.5287, -0.0266]), array([ 0.52425, -0.0323 ]), 0.7854, 0.0]
[19, array([ 0.5287, -0.0266]), array([ 0.52455, -0.0323 ]), 0.7854, 0.0]
[19, array([ 0.5287, -0.0266]), array([ 0.52485, -0.0323 ]), 0.7854, 0.0]
[19, array([ 0.5287, -0.0266]), array([ 0.52515, -0.0323 ]), 0.7854, 0.0]
[19, array([ 0.5287, -0.0266]), array([ 0.52545, -0.0323 ]), 0.7854, 0.0]
[19, array([ 0.5287, -0.0266]), array([ 0.52575, -0.0323 ]), 0.7854, 0.0]
[19, array([ 0.5287, -0.0266]), array([ 0.52605, -0.0323 ]), 0.7854, 0.0]
[19, array([ 0.5287, -0.0266]), array([ 0.52635, -0.0323 ]), 0.7854, 0.0]
[19, array([ 0.5287, -0.0266]), array([ 0.52665, -0.0323 ]), 0.7854, 0.0]
[19, array([ 0.5287, -0.0266]), array([ 0.52695, -0.0323 ]), 0.7854, 0.0]
[19, array([ 0.5287, -0.0266]), array([ 0.52725, -0.0323 ]), 0.7854, 0.0]
[19, array([ 0.5287, -0.0266]), array([ 0.52755, -0.0323 ]), 0.7854, 0.0]
[19, array([ 0.5287, -0.0266]), array([ 0.52785, -0.0323 ]), 0.7854, 0.0]
[19, array([ 0.5287, -0.0266]), array([ 0.52815, -0.0323 ]), 0.7854, 0.0]
[19, array([ 0.5287, -0.0266]), array([ 0.52185, -0.032  ]), 0.7854, 0.0]
[19, array([ 0.5287, -0.0266]), array([ 0.52215, -0.032  ]), 0.7854, 0.0]
[19, array([ 0.5287, -0.0266]), array([ 0.52245, -0.032  ]), 0.7854, 0.0]
[19, array([ 0.5287, -0.0266]), array([ 0.52275, -0.032  ]), 0.7854, 0.0]
[19, array([ 0.5287, -0.0266]), array([ 0.52305, -0.032  ]), 0.7854, 0.0]
[19, array([ 0.5287, -0.0266]), array([ 0.52335, -0.032  ]), 0.7854, 0.0]
[19, array([ 0.5287, -0.0266]), array([ 0.52365, -0.032  ]), 0.7854, 0.0]
[19, array([ 0.5287, -0.0266]), array([ 0.52395, -0.032  ]), 0.7854, 0.0]
[19, array([ 0.5287, -0.0266]), array([ 0.52425, -0.032  ]), 0.7854, 0.0]
[19, array([ 0.5287, -0.0266]), array([ 0.52455, -0.032  ]), 0.7854, 0.0]
[19, array([ 0.5287, -0.0266]), array([ 0.52485, -0.032  ]), 0.7854, 0.0]
[19, array([ 0.5287, -0.0266]), array([ 0.52515, -0.032  ]), 0.7854, 0.0]
[19, array([ 0.5287, -0.0266]), array([ 0.52545, -0.032  ]), 0.7854, 0.0]
[19, array([ 0.5287, -0.0266]), array([ 0.52575, -0.032  ]), 0.7854, 0.0]
[19, array([ 0.5287, -0.0266]), array([ 0.52605, -0.032  ]), 0.7854, 0.0]
[19, array([ 0.5287, -0.0266]), array([ 0.52635, -0.032  ]), 0.7854, 0.0]
[19, array([ 0.5287, -0.0266]), array([ 0.52665, -0.032  ]), 0.7854, 0.0]
[19, array([ 0.5287, -0.0266]), array([ 0.52695, -0.032  ]), 0.7854, 0.0]
[19, array([ 0.5287, -0.0266]), array([ 0.52725, -0.032  ]), 0.7854, 0.0]
[19, array([ 0.5287, -0.0266]), array([ 0.52755, -0.032  ]), 0.7854, 0.0]
[19, array([ 0.5287, -0.0266]), array([ 0.52785, -0.032  ]), 0.7854, 0.0]
[19, array([ 0.5287, -0.0266]), array([ 0.52815, -0.032  ]), 0.7854, 0.0]
[19, array([ 0.5287, -0.0266]), array([ 0.52185, -0.0317 ]), 0.7854, 0.0]
[19, array([ 0.5287, -0.0266]), array([ 0.52215, -0.0317 ]), 0.7854, 0.0]
[19, array([ 0.5287, -0.0266]), array([ 0.52245, -0.0317 ]), 0.7854, 0.0]
[19, array([ 0.5287, -0.0266]), array([ 0.52275, -0.0317 ]), 0.7854, 0.0]
[19, array([ 0.5287, -0.0266]), array([ 0.52305, -0.0317 ]), 0.7854, 0.0]
[19, array([ 0.5287, -0.0266]), array([ 0.52335, -0.0317 ]), 0.7854, 0.0]
[19, array([ 0.5287, -0.0266]), array([ 0.52365, -0.0317 ]), 0.7854, 0.0]
[19, array([ 0.5287, -0.0266]), array([ 0.52395, -0.0317 ]), 0.7854, 0.0]
[19, array([ 0.5287, -0.0266]), array([ 0.52425, -0.0317 ]), 0.7854, 0.0]
[19, array([ 0.5287, -0.0266]), array([ 0.52455, -0.0317 ]), 0.7854, 0.0]
[19, array([ 0.5287, -0.0266]), array([ 0.52485, -0.0317 ]), 0.7854, 0.0]
[19, array([ 0.5287, -0.0266]), array([ 0.52515, -0.0317 ]), 0.7854, 0.0]
[19, array([ 0.5287, -0.0266]), array([ 0.52545, -0.0317 ]), 0.7854, 0.0]
[19, array([ 0.5287, -0.0266]), array([ 0.52575, -0.0317 ]), 0.7854, 0.0]
[19, array([ 0.5287, -0.0266]), array([ 0.52605, -0.0317 ]), 0.7854, 0.0]
[19, array([ 0.5287, -0.0266]), array([ 0.52635, -0.0317 ]), 0.7854, 0.0]
[19, array([ 0.5287, -0.0266]), array([ 0.52665, -0.0317 ]), 0.7854, 0.0]
[19, array([ 0.5287, -0.0266]), array([ 0.52695, -0.0317 ]), 0.7854, 0.0]
[19, array([ 0.5287, -0.0266]), array([ 0.52725, -0.0317 ]), 0.7854, 0.0]
[19, array([ 0.5287, -0.0266]), array([ 0.52755, -0.0317 ]), 0.7854, 0.0]
[19, array([ 0.5287, -0.0266]), array([ 0.52785, -0.0317 ]), 0.7854, 0.0]
[19, array([ 0.5287, -0.0266]), array([ 0.52815, -0.0317 ]), 0.7854, 0.0]
[19, array([ 0.5287, -0.0266]), array([ 0.52185, -0.0314 ]), 0.7854, 0.0]
[19, array([ 0.5287, -0.0266]), array([ 0.52215, -0.0314 ]), 0.7854, 0.0]
[19, array([ 0.5287, -0.0266]), array([ 0.52245, -0.0314 ]), 0.7854, 0.0]
[19, array([ 0.5287, -0.0266]), array([ 0.52275, -0.0314 ]), 0.7854, 0.0]
[19, array([ 0.5287, -0.0266]), array([ 0.52305, -0.0314 ]), 0.7854, 0.0]
[19, array([ 0.5287, -0.0266]), array([ 0.52335, -0.0314 ]), 0.7854, 0.0]
[19, array([ 0.5287, -0.0266]), array([ 0.52365, -0.0314 ]), 0.7854, 0.0]
[19, array([ 0.5287, -0.0266]), array([ 0.52395, -0.0314 ]), 0.7854, 0.0]
[19, array([ 0.5287, -0.0266]), array([ 0.52425, -0.0314 ]), 0.7854, 0.0]
[19, array([ 0.5287, -0.0266]), array([ 0.52455, -0.0314 ]), 0.7854, 0.0]
[19, array([ 0.5287, -0.0266]), array([ 0.52485, -0.0314 ]), 0.7854, 0.0]
[19, array([ 0.5287, -0.0266]), array([ 0.52515, -0.0314 ]), 0.7854, 0.0]
[19, array([ 0.5287, -0.0266]), array([ 0.52545, -0.0314 ]), 0.7854, 0.0]
[19, array([ 0.5287, -0.0266]), array([ 0.52575, -0.0314 ]), 0.7854, 0.0]
[19, array([ 0.5287, -0.0266]), array([ 0.52605, -0.0314 ]), 0.7854, 0.0]
[19, array([ 0.5287, -0.0266]), array([ 0.52635, -0.0314 ]), 0.7854, 0.0]
[19, array([ 0.5287, -0.0266]), array([ 0.52665, -0.0314 ]), 0.7854, 0.0]
[19, array([ 0.5287, -0.0266]), array([ 0.52695, -0.0314 ]), 0.7854, 0.0]
[19, array([ 0.5287, -0.0266]), array([ 0.52725, -0.0314 ]), 0.7854, 0.0]
[19, array([ 0.5287, -0.0266]), array([ 0.52755, -0.0314 ]), 0.7854, 0.0]
[19, array([ 0.5287, -0.0266]), array([ 0.52785, -0.0314 ]), 0.7854, 0.0]
[19, array([ 0.5287, -0.0266]), array([ 0.52815, -0.0314 ]), 0.7854, 0.0]
[19, array([ 0.5287, -0.0266]), array([ 0.52185, -0.0311 ]), 0.7854, 0.0]
[19, array([ 0.5287, -0.0266]), array([ 0.52215, -0.0311 ]), 0.7854, 0.0]
[19, array([ 0.5287, -0.0266]), array([ 0.52245, -0.0311 ]), 0.7854, 0.0]
[19, array([ 0.5287, -0.0266]), array([ 0.52275, -0.0311 ]), 0.7854, 0.0]
[19, array([ 0.5287, -0.0266]), array([ 0.52305, -0.0311 ]), 0.7854, 0.0]
[19, array([ 0.5287, -0.0266]), array([ 0.52335, -0.0311 ]), 0.7854, 0.0]
[19, array([ 0.5287, -0.0266]), array([ 0.52365, -0.0311 ]), 0.7854, 0.0]
[19, array([ 0.5287, -0.0266]), array([ 0.52395, -0.0311 ]), 0.7854, 0.0]
[19, array([ 0.5287, -0.0266]), array([ 0.52425, -0.0311 ]), 0.7854, 0.0]
[19, array([ 0.5287, -0.0266]), array([ 0.52455, -0.0311 ]), 0.7854, 0.0]
[19, array([ 0.5287, -0.0266]), array([ 0.52485, -0.0311 ]), 0.7854, 0.0]
[19, array([ 0.5287, -0.0266]), array([ 0.52515, -0.0311 ]), 0.7854, 0.0]
[19, array([ 0.5287, -0.0266]), array([ 0.52545, -0.0311 ]), 0.7854, 0.0]
[19, array([ 0.5287, -0.0266]), array([ 0.52575, -0.0311 ]), 0.7854, 0.0]
[19, array([ 0.5287, -0.0266]), array([ 0.52605, -0.0311 ]), 0.7854, 0.0]
[19, array([ 0.5287, -0.0266]), array([ 0.52635, -0.0311 ]), 0.7854, 0.0]
[19, array([ 0.5287, -0.0266]), array([ 0.52665, -0.0311 ]), 0.7854, 0.0]
[19, array([ 0.5287, -0.0266]), array([ 0.52695, -0.0311 ]), 0.7854, 0.0]
[19, array([ 0.5287, -0.0266]), array([ 0.52725, -0.0311 ]), 0.7854, 0.0]
[19, array([ 0.5287, -0.0266]), array([ 0.52755, -0.0311 ]), 0.7854, 0.0]
[19, array([ 0.5287, -0.0266]), array([ 0.52785, -0.0311 ]), 0.7854, 0.0]
[19, array([ 0.5287, -0.0266]), array([ 0.52815, -0.0311 ]), 0.7854, 0.0]
[19, array([ 0.5287, -0.0266]), array([ 0.52185, -0.0308 ]), 0.7854, 0.0]
[19, array([ 0.5287, -0.0266]), array([ 0.52215, -0.0308 ]), 0.7854, 0.0]
[19, array([ 0.5287, -0.0266]), array([ 0.52245, -0.0308 ]), 0.7854, 0.0]
[19, array([ 0.5287, -0.0266]), array([ 0.52275, -0.0308 ]), 0.7854, 0.0]
[19, array([ 0.5287, -0.0266]), array([ 0.52305, -0.0308 ]), 0.7854, 0.0]
[19, array([ 0.5287, -0.0266]), array([ 0.52335, -0.0308 ]), 0.7854, 0.0]
[19, array([ 0.5287, -0.0266]), array([ 0.52365, -0.0308 ]), 0.7854, 0.0]
[19, array([ 0.5287, -0.0266]), array([ 0.52395, -0.0308 ]), 0.7854, 0.0]
[19, array([ 0.5287, -0.0266]), array([ 0.52425, -0.0308 ]), 0.7854, 0.0]
[19, array([ 0.5287, -0.0266]), array([ 0.52455, -0.0308 ]), 0.7854, 0.0]
[19, array([ 0.5287, -0.0266]), array([ 0.52485, -0.0308 ]), 0.7854, 0.0]
[19, array([ 0.5287, -0.0266]), array([ 0.52515, -0.0308 ]), 0.7854, 0.0]
[19, array([ 0.5287, -0.0266]), array([ 0.52545, -0.0308 ]), 0.7854, 0.0]
[19, array([ 0.5287, -0.0266]), array([ 0.52575, -0.0308 ]), 0.7854, 0.0]
[19, array([ 0.5287, -0.0266]), array([ 0.52605, -0.0308 ]), 0.7854, 0.0]
[19, array([ 0.5287, -0.0266]), array([ 0.52635, -0.0308 ]), 0.7854, 0.0]
[19, array([ 0.5287, -0.0266]), array([ 0.52665, -0.0308 ]), 0.7854, 0.0]
[19, array([ 0.5287, -0.0266]), array([ 0.52695, -0.0308 ]), 0.7854, 0.0]
[19, array([ 0.5287, -0.0266]), array([ 0.52725, -0.0308 ]), 0.7854, 0.0]
[19, array([ 0.5287, -0.0266]), array([ 0.52755, -0.0308 ]), 0.7854, 0.0]
[19, array([ 0.5287, -0.0266]), array([ 0.52785, -0.0308 ]), 0.7854, 0.0]
[19, array([ 0.5287, -0.0266]), array([ 0.52815, -0.0308 ]), 0.7854, 0.0]
[19, array([ 0.5287, -0.0266]), array([ 0.52185, -0.0305 ]), 0.7854, 0.0]
[19, array([ 0.5287, -0.0266]), array([ 0.52215, -0.0305 ]), 0.7854, 0.0]
[19, array([ 0.5287, -0.0266]), array([ 0.52245, -0.0305 ]), 0.7854, 0.0]
[19, array([ 0.5287, -0.0266]), array([ 0.52275, -0.0305 ]), 0.7854, 0.0]
[19, array([ 0.5287, -0.0266]), array([ 0.52305, -0.0305 ]), 0.7854, 0.0]
[19, array([ 0.5287, -0.0266]), array([ 0.52335, -0.0305 ]), 0.7854, 0.0]
[19, array([ 0.5287, -0.0266]), array([ 0.52365, -0.0305 ]), 0.7854, 0.0]
[19, array([ 0.5287, -0.0266]), array([ 0.52395, -0.0305 ]), 0.7854, 0.0]
[19, array([ 0.5287, -0.0266]), array([ 0.52425, -0.0305 ]), 0.7854, 0.0]
[19, array([ 0.5287, -0.0266]), array([ 0.52455, -0.0305 ]), 0.7854, 0.0]
[19, array([ 0.5287, -0.0266]), array([ 0.52485, -0.0305 ]), 0.7854, 0.0]
[19, array([ 0.5287, -0.0266]), array([ 0.52515, -0.0305 ]), 0.7854, 0.0]
[19, array([ 0.5287, -0.0266]), array([ 0.52545, -0.0305 ]), 0.7854, 0.0]
[19, array([ 0.5287, -0.0266]), array([ 0.52575, -0.0305 ]), 0.7854, 0.0]
[19, array([ 0.5287, -0.0266]), array([ 0.52605, -0.0305 ]), 0.7854, 0.0]
[19, array([ 0.5287, -0.0266]), array([ 0.52635, -0.0305 ]), 0.7854, 0.0]
[19, array([ 0.5287, -0.0266]), array([ 0.52665, -0.0305 ]), 0.7854, 0.0]
[19, array([ 0.5287, -0.0266]), array([ 0.52695, -0.0305 ]), 0.7854, 0.0]
[19, array([ 0.5287, -0.0266]), array([ 0.52725, -0.0305 ]), 0.7854, 0.0]
[19, array([ 0.5287, -0.0266]), array([ 0.52755, -0.0305 ]), 0.7854, 0.0]
[19, array([ 0.5287, -0.0266]), array([ 0.52785, -0.0305 ]), 0.7854, 0.0]
[19, array([ 0.5287, -0.0266]), array([ 0.52815, -0.0305 ]), 0.7854, 0.0]
[19, array([ 0.5287, -0.0266]), array([ 0.52185, -0.0302 ]), 0.7854, 0.0]
[19, array([ 0.5287, -0.0266]), array([ 0.52215, -0.0302 ]), 0.7854, 0.0]
[19, array([ 0.5287, -0.0266]), array([ 0.52245, -0.0302 ]), 0.7854, 0.0]
[19, array([ 0.5287, -0.0266]), array([ 0.52275, -0.0302 ]), 0.7854, 0.0]
[19, array([ 0.5287, -0.0266]), array([ 0.52305, -0.0302 ]), 0.7854, 0.0]
[19, array([ 0.5287, -0.0266]), array([ 0.52335, -0.0302 ]), 0.7854, 0.0]
[19, array([ 0.5287, -0.0266]), array([ 0.52365, -0.0302 ]), 0.7854, 0.0]
[19, array([ 0.5287, -0.0266]), array([ 0.52395, -0.0302 ]), 0.7854, 0.0]
[19, array([ 0.5287, -0.0266]), array([ 0.52425, -0.0302 ]), 0.7854, 0.0]
[19, array([ 0.5287, -0.0266]), array([ 0.52455, -0.0302 ]), 0.7854, 0.0]
[19, array([ 0.5287, -0.0266]), array([ 0.52485, -0.0302 ]), 0.7854, 0.0]
[19, array([ 0.5287, -0.0266]), array([ 0.52515, -0.0302 ]), 0.7854, 0.0]
[19, array([ 0.5287, -0.0266]), array([ 0.52545, -0.0302 ]), 0.7854, 0.0]
[19, array([ 0.5287, -0.0266]), array([ 0.52575, -0.0302 ]), 0.7854, 0.0]
[19, array([ 0.5287, -0.0266]), array([ 0.52605, -0.0302 ]), 0.7854, 0.0]
[19, array([ 0.5287, -0.0266]), array([ 0.52635, -0.0302 ]), 0.7854, 0.0]
[19, array([ 0.5287, -0.0266]), array([ 0.52665, -0.0302 ]), 0.7854, 0.0]
[19, array([ 0.5287, -0.0266]), array([ 0.52695, -0.0302 ]), 0.7854, 0.0]
[19, array([ 0.5287, -0.0266]), array([ 0.52725, -0.0302 ]), 0.7854, 0.0]
[19, array([ 0.5287, -0.0266]), array([ 0.52755, -0.0302 ]), 0.7854, 0.0]
[19, array([ 0.5287, -0.0266]), array([ 0.52785, -0.0302 ]), 0.7854, 0.0]
[19, array([ 0.5287, -0.0266]), array([ 0.52815, -0.0302 ]), 0.7854, 0.0]
[19, array([ 0.5287, -0.0266]), array([ 0.52185, -0.0299 ]), 0.7854, 0.0]
[19, array([ 0.5287, -0.0266]), array([ 0.52215, -0.0299 ]), 0.7854, 0.0]
[19, array([ 0.5287, -0.0266]), array([ 0.52245, -0.0299 ]), 0.7854, 0.0]
[19, array([ 0.5287, -0.0266]), array([ 0.52275, -0.0299 ]), 0.7854, 0.0]
[19, array([ 0.5287, -0.0266]), array([ 0.52305, -0.0299 ]), 0.7854, 0.0]
[19, array([ 0.5287, -0.0266]), array([ 0.52335, -0.0299 ]), 0.7854, 0.0]
[19, array([ 0.5287, -0.0266]), array([ 0.52365, -0.0299 ]), 0.7854, 0.0]
[19, array([ 0.5287, -0.0266]), array([ 0.52395, -0.0299 ]), 0.7854, 0.0]
[19, array([ 0.5287, -0.0266]), array([ 0.52425, -0.0299 ]), 0.7854, 0.0]
[19, array([ 0.5287, -0.0266]), array([ 0.52455, -0.0299 ]), 0.7854, 0.0]
[19, array([ 0.5287, -0.0266]), array([ 0.52485, -0.0299 ]), 0.7854, 0.0]
[19, array([ 0.5287, -0.0266]), array([ 0.52515, -0.0299 ]), 0.7854, 0.0]
[19, array([ 0.5287, -0.0266]), array([ 0.52545, -0.0299 ]), 0.7854, 0.0]
[19, array([ 0.5287, -0.0266]), array([ 0.52575, -0.0299 ]), 0.7854, 0.0]
[19, array([ 0.5287, -0.0266]), array([ 0.52605, -0.0299 ]), 0.7854, 0.0]
[19, array([ 0.5287, -0.0266]), array([ 0.52635, -0.0299 ]), 0.7854, 0.0]
[19, array([ 0.5287, -0.0266]), array([ 0.52665, -0.0299 ]), 0.7854, 0.0]
[19, array([ 0.5287, -0.0266]), array([ 0.52695, -0.0299 ]), 0.7854, 0.0]
[19, array([ 0.5287, -0.0266]), array([ 0.52725, -0.0299 ]), 0.7854, 0.0]
[19, array([ 0.5287, -0.0266]), array([ 0.52755, -0.0299 ]), 0.7854, 0.0]
[19, array([ 0.5287, -0.0266]), array([ 0.52785, -0.0299 ]), 0.7854, 0.0]
[19, array([ 0.5287, -0.0266]), array([ 0.52815, -0.0299 ]), 0.7854, 0.0]
[19, array([ 0.5287, -0.0266]), array([ 0.52185, -0.0296 ]), 0.7854, 0.0]
[19, array([ 0.5287, -0.0266]), array([ 0.52215, -0.0296 ]), 0.7854, 0.0]
[19, array([ 0.5287, -0.0266]), array([ 0.52245, -0.0296 ]), 0.7854, 0.0]
[19, array([ 0.5287, -0.0266]), array([ 0.52275, -0.0296 ]), 0.7854, 0.0]
[19, array([ 0.5287, -0.0266]), array([ 0.52305, -0.0296 ]), 0.7854, 0.0]
[19, array([ 0.5287, -0.0266]), array([ 0.52335, -0.0296 ]), 0.7854, 0.0]
[19, array([ 0.5287, -0.0266]), array([ 0.52365, -0.0296 ]), 0.7854, 0.0]
[19, array([ 0.5287, -0.0266]), array([ 0.52395, -0.0296 ]), 0.7854, 0.0]
[19, array([ 0.5287, -0.0266]), array([ 0.52425, -0.0296 ]), 0.7854, 0.0]
[19, array([ 0.5287, -0.0266]), array([ 0.52455, -0.0296 ]), 0.7854, 0.0]
[19, array([ 0.5287, -0.0266]), array([ 0.52485, -0.0296 ]), 0.7854, 0.0]
[19, array([ 0.5287, -0.0266]), array([ 0.52515, -0.0296 ]), 0.7854, 0.0]
[19, array([ 0.5287, -0.0266]), array([ 0.52545, -0.0296 ]), 0.7854, 0.0]
[19, array([ 0.5287, -0.0266]), array([ 0.52575, -0.0296 ]), 0.7854, 0.0]
[19, array([ 0.5287, -0.0266]), array([ 0.52605, -0.0296 ]), 0.7854, 0.0]
[19, array([ 0.5287, -0.0266]), array([ 0.52635, -0.0296 ]), 0.7854, 0.0]
[19, array([ 0.5287, -0.0266]), array([ 0.52665, -0.0296 ]), 0.7854, 0.0]
[19, array([ 0.5287, -0.0266]), array([ 0.52695, -0.0296 ]), 0.7854, 0.0]
[19, array([ 0.5287, -0.0266]), array([ 0.52725, -0.0296 ]), 0.7854, 0.0]
[19, array([ 0.5287, -0.0266]), array([ 0.52755, -0.0296 ]), 0.7854, 0.0]
[19, array([ 0.5287, -0.0266]), array([ 0.52785, -0.0296 ]), 0.7854, 0.0]
[19, array([ 0.5287, -0.0266]), array([ 0.52815, -0.0296 ]), 0.7854, 0.0]
[19, array([ 0.5287, -0.0266]), array([ 0.52185, -0.0293 ]), 0.7854, 0.0]
[19, array([ 0.5287, -0.0266]), array([ 0.52215, -0.0293 ]), 0.7854, 0.0]
[19, array([ 0.5287, -0.0266]), array([ 0.52245, -0.0293 ]), 0.7854, 0.0]
[19, array([ 0.5287, -0.0266]), array([ 0.52275, -0.0293 ]), 0.7854, 0.0]
[19, array([ 0.5287, -0.0266]), array([ 0.52305, -0.0293 ]), 0.7854, 0.0]
[19, array([ 0.5287, -0.0266]), array([ 0.52335, -0.0293 ]), 0.7854, 0.0]
[19, array([ 0.5287, -0.0266]), array([ 0.52365, -0.0293 ]), 0.7854, 0.0]
[19, array([ 0.5287, -0.0266]), array([ 0.52395, -0.0293 ]), 0.7854, 0.0]
[19, array([ 0.5287, -0.0266]), array([ 0.52425, -0.0293 ]), 0.7854, 0.0]
[19, array([ 0.5287, -0.0266]), array([ 0.52455, -0.0293 ]), 0.7854, 0.0]
[19, array([ 0.5287, -0.0266]), array([ 0.52485, -0.0293 ]), 0.7854, 0.0]
[19, array([ 0.5287, -0.0266]), array([ 0.52515, -0.0293 ]), 0.7854, 0.0]
[19, array([ 0.5287, -0.0266]), array([ 0.52545, -0.0293 ]), 0.7854, 0.0]
[19, array([ 0.5287, -0.0266]), array([ 0.52575, -0.0293 ]), 0.7854, 0.0]
[19, array([ 0.5287, -0.0266]), array([ 0.52605, -0.0293 ]), 0.7854, 1.0]
[19, array([ 0.5287, -0.0266]), array([ 0.52635, -0.0293 ]), 0.7854, 0.0]
[19, array([ 0.5287, -0.0266]), array([ 0.52665, -0.0293 ]), 0.7854, 0.0]
[19, array([ 0.5287, -0.0266]), array([ 0.52695, -0.0293 ]), 0.7854, 0.0]
[19, array([ 0.5287, -0.0266]), array([ 0.52725, -0.0293 ]), 0.7854, 0.0]
[19, array([ 0.5287, -0.0266]), array([ 0.52755, -0.0293 ]), 0.7854, 0.0]
[19, array([ 0.5287, -0.0266]), array([ 0.52785, -0.0293 ]), 0.7854, 1.0]
[19, array([ 0.5287, -0.0266]), array([ 0.52815, -0.0293 ]), 0.7854, 0.0]
[19, array([ 0.5287, -0.0266]), array([ 0.52185, -0.029  ]), 0.7854, 0.0]
[19, array([ 0.5287, -0.0266]), array([ 0.52215, -0.029  ]), 0.7854, 0.0]
[19, array([ 0.5287, -0.0266]), array([ 0.52245, -0.029  ]), 0.7854, 0.0]
[19, array([ 0.5287, -0.0266]), array([ 0.52275, -0.029  ]), 0.7854, 0.0]
[19, array([ 0.5287, -0.0266]), array([ 0.52305, -0.029  ]), 0.7854, 0.0]
[19, array([ 0.5287, -0.0266]), array([ 0.52335, -0.029  ]), 0.7854, 0.0]
[19, array([ 0.5287, -0.0266]), array([ 0.52365, -0.029  ]), 0.7854, 0.0]
[19, array([ 0.5287, -0.0266]), array([ 0.52395, -0.029  ]), 0.7854, 0.0]
[19, array([ 0.5287, -0.0266]), array([ 0.52425, -0.029  ]), 0.7854, 0.0]
[19, array([ 0.5287, -0.0266]), array([ 0.52455, -0.029  ]), 0.7854, 0.0]
[19, array([ 0.5287, -0.0266]), array([ 0.52485, -0.029  ]), 0.7854, 0.0]
[19, array([ 0.5287, -0.0266]), array([ 0.52515, -0.029  ]), 0.7854, 1.0]
[19, array([ 0.5287, -0.0266]), array([ 0.52545, -0.029  ]), 0.7854, 1.0]
[19, array([ 0.5287, -0.0266]), array([ 0.52575, -0.029  ]), 0.7854, 1.0]
[19, array([ 0.5287, -0.0266]), array([ 0.52605, -0.029  ]), 0.7854, 1.0]
[19, array([ 0.5287, -0.0266]), array([ 0.52635, -0.029  ]), 0.7854, 0.0]
[19, array([ 0.5287, -0.0266]), array([ 0.52665, -0.029  ]), 0.7854, 0.0]
[19, array([ 0.5287, -0.0266]), array([ 0.52695, -0.029  ]), 0.7854, 0.0]
[19, array([ 0.5287, -0.0266]), array([ 0.52725, -0.029  ]), 0.7854, 0.0]
[19, array([ 0.5287, -0.0266]), array([ 0.52755, -0.029  ]), 0.7854, 0.0]
[19, array([ 0.5287, -0.0266]), array([ 0.52785, -0.029  ]), 0.7854, 0.0]
[19, array([ 0.5287, -0.0266]), array([ 0.52815, -0.029  ]), 0.7854, 0.0]
[19, array([ 0.5287, -0.0266]), array([ 0.52185, -0.0287 ]), 0.7854, 0.0]
[19, array([ 0.5287, -0.0266]), array([ 0.52215, -0.0287 ]), 0.7854, 0.0]
[19, array([ 0.5287, -0.0266]), array([ 0.52245, -0.0287 ]), 0.7854, 0.0]
[19, array([ 0.5287, -0.0266]), array([ 0.52275, -0.0287 ]), 0.7854, 0.0]
[19, array([ 0.5287, -0.0266]), array([ 0.52305, -0.0287 ]), 0.7854, 0.0]
[19, array([ 0.5287, -0.0266]), array([ 0.52335, -0.0287 ]), 0.7854, 0.0]
[19, array([ 0.5287, -0.0266]), array([ 0.52365, -0.0287 ]), 0.7854, 0.0]
[19, array([ 0.5287, -0.0266]), array([ 0.52395, -0.0287 ]), 0.7854, 0.0]
[19, array([ 0.5287, -0.0266]), array([ 0.52425, -0.0287 ]), 0.7854, 0.0]
[19, array([ 0.5287, -0.0266]), array([ 0.52455, -0.0287 ]), 0.7854, 0.0]
[19, array([ 0.5287, -0.0266]), array([ 0.52485, -0.0287 ]), 0.7854, 0.0]
[19, array([ 0.5287, -0.0266]), array([ 0.52515, -0.0287 ]), 0.7854, 0.0]
[19, array([ 0.5287, -0.0266]), array([ 0.52545, -0.0287 ]), 0.7854, 0.0]
[19, array([ 0.5287, -0.0266]), array([ 0.52575, -0.0287 ]), 0.7854, 1.0]
[19, array([ 0.5287, -0.0266]), array([ 0.52605, -0.0287 ]), 0.7854, 0.0]
[19, array([ 0.5287, -0.0266]), array([ 0.52635, -0.0287 ]), 0.7854, 0.0]
[19, array([ 0.5287, -0.0266]), array([ 0.52665, -0.0287 ]), 0.7854, 0.0]
[19, array([ 0.5287, -0.0266]), array([ 0.52695, -0.0287 ]), 0.7854, 0.0]
[19, array([ 0.5287, -0.0266]), array([ 0.52725, -0.0287 ]), 0.7854, 0.0]
[19, array([ 0.5287, -0.0266]), array([ 0.52755, -0.0287 ]), 0.7854, 0.0]
[19, array([ 0.5287, -0.0266]), array([ 0.52785, -0.0287 ]), 0.7854, 0.0]
[19, array([ 0.5287, -0.0266]), array([ 0.52815, -0.0287 ]), 0.7854, 0.0]
[19, array([ 0.5287, -0.0266]), array([ 0.52185, -0.0284 ]), 0.7854, 0.0]
[19, array([ 0.5287, -0.0266]), array([ 0.52215, -0.0284 ]), 0.7854, 0.0]
[19, array([ 0.5287, -0.0266]), array([ 0.52245, -0.0284 ]), 0.7854, 1.0]
[19, array([ 0.5287, -0.0266]), array([ 0.52275, -0.0284 ]), 0.7854, 0.0]
[19, array([ 0.5287, -0.0266]), array([ 0.52305, -0.0284 ]), 0.7854, 0.0]
[19, array([ 0.5287, -0.0266]), array([ 0.52335, -0.0284 ]), 0.7854, 0.0]
[19, array([ 0.5287, -0.0266]), array([ 0.52365, -0.0284 ]), 0.7854, 0.0]
[19, array([ 0.5287, -0.0266]), array([ 0.52395, -0.0284 ]), 0.7854, 0.0]
[19, array([ 0.5287, -0.0266]), array([ 0.52425, -0.0284 ]), 0.7854, 0.0]
[19, array([ 0.5287, -0.0266]), array([ 0.52455, -0.0284 ]), 0.7854, 0.0]
[19, array([ 0.5287, -0.0266]), array([ 0.52485, -0.0284 ]), 0.7854, 0.0]
[19, array([ 0.5287, -0.0266]), array([ 0.52515, -0.0284 ]), 0.7854, 1.0]
[19, array([ 0.5287, -0.0266]), array([ 0.52545, -0.0284 ]), 0.7854, 1.0]
[19, array([ 0.5287, -0.0266]), array([ 0.52575, -0.0284 ]), 0.7854, 0.0]
[19, array([ 0.5287, -0.0266]), array([ 0.52605, -0.0284 ]), 0.7854, 0.0]
[19, array([ 0.5287, -0.0266]), array([ 0.52635, -0.0284 ]), 0.7854, 0.0]
[19, array([ 0.5287, -0.0266]), array([ 0.52665, -0.0284 ]), 0.7854, 0.0]
[19, array([ 0.5287, -0.0266]), array([ 0.52695, -0.0284 ]), 0.7854, 0.0]
[19, array([ 0.5287, -0.0266]), array([ 0.52725, -0.0284 ]), 0.7854, 0.0]
[19, array([ 0.5287, -0.0266]), array([ 0.52755, -0.0284 ]), 0.7854, 0.0]
[19, array([ 0.5287, -0.0266]), array([ 0.52785, -0.0284 ]), 0.7854, 0.0]
[19, array([ 0.5287, -0.0266]), array([ 0.52815, -0.0284 ]), 0.7854, 0.0]
[19, array([ 0.5287, -0.0266]), array([ 0.52185, -0.0281 ]), 0.7854, 0.0]
[19, array([ 0.5287, -0.0266]), array([ 0.52215, -0.0281 ]), 0.7854, 0.0]
[19, array([ 0.5287, -0.0266]), array([ 0.52245, -0.0281 ]), 0.7854, 0.0]
[19, array([ 0.5287, -0.0266]), array([ 0.52275, -0.0281 ]), 0.7854, 1.0]
[19, array([ 0.5287, -0.0266]), array([ 0.52305, -0.0281 ]), 0.7854, 0.0]
[19, array([ 0.5287, -0.0266]), array([ 0.52335, -0.0281 ]), 0.7854, 0.0]
[19, array([ 0.5287, -0.0266]), array([ 0.52365, -0.0281 ]), 0.7854, 0.0]
[19, array([ 0.5287, -0.0266]), array([ 0.52395, -0.0281 ]), 0.7854, 0.0]
[19, array([ 0.5287, -0.0266]), array([ 0.52425, -0.0281 ]), 0.7854, 0.0]
[19, array([ 0.5287, -0.0266]), array([ 0.52455, -0.0281 ]), 0.7854, 0.0]
[19, array([ 0.5287, -0.0266]), array([ 0.52485, -0.0281 ]), 0.7854, 1.0]
[19, array([ 0.5287, -0.0266]), array([ 0.52515, -0.0281 ]), 0.7854, 1.0]
[19, array([ 0.5287, -0.0266]), array([ 0.52545, -0.0281 ]), 0.7854, 0.0]
[19, array([ 0.5287, -0.0266]), array([ 0.52575, -0.0281 ]), 0.7854, 0.0]
[19, array([ 0.5287, -0.0266]), array([ 0.52605, -0.0281 ]), 0.7854, 0.0]
[19, array([ 0.5287, -0.0266]), array([ 0.52635, -0.0281 ]), 0.7854, 0.0]
[19, array([ 0.5287, -0.0266]), array([ 0.52665, -0.0281 ]), 0.7854, 0.0]
[19, array([ 0.5287, -0.0266]), array([ 0.52695, -0.0281 ]), 0.7854, 0.0]
[19, array([ 0.5287, -0.0266]), array([ 0.52725, -0.0281 ]), 0.7854, 1.0]
[19, array([ 0.5287, -0.0266]), array([ 0.52755, -0.0281 ]), 0.7854, 0.0]
[19, array([ 0.5287, -0.0266]), array([ 0.52785, -0.0281 ]), 0.7854, 0.0]
[19, array([ 0.5287, -0.0266]), array([ 0.52815, -0.0281 ]), 0.7854, 0.0]
[9, array([ 0.4516, -0.0265]), array([ 0.425, -0.05 ]), 0.7854, 0.0]
[9, array([ 0.4516, -0.0265]), array([ 0.4263381, -0.05     ]), 0.7854, 0.0]
[9, array([ 0.4516, -0.0265]), array([ 0.42767619, -0.05      ]), 0.7854, 0.0]
[9, array([ 0.4516, -0.0265]), array([ 0.42901429, -0.05      ]), 0.7854, 0.0]
[9, array([ 0.4516, -0.0265]), array([ 0.43035238, -0.05      ]), 0.7854, 0.0]
[9, array([ 0.4516, -0.0265]), array([ 0.43169048, -0.05      ]), 0.7854, 0.0]
[9, array([ 0.4516, -0.0265]), array([ 0.43302857, -0.05      ]), 0.7854, 0.0]
[9, array([ 0.4516, -0.0265]), array([ 0.43436667, -0.05      ]), 0.7854, 0.0]
[9, array([ 0.4516, -0.0265]), array([ 0.43570476, -0.05      ]), 0.7854, 0.0]
[9, array([ 0.4516, -0.0265]), array([ 0.43704286, -0.05      ]), 0.7854, 0.0]
[9, array([ 0.4516, -0.0265]), array([ 0.43838095, -0.05      ]), 0.7854, 0.0]
[9, array([ 0.4516, -0.0265]), array([ 0.43971905, -0.05      ]), 0.7854, 0.0]
[9, array([ 0.4516, -0.0265]), array([ 0.44105714, -0.05      ]), 0.7854, 0.0]
[9, array([ 0.4516, -0.0265]), array([ 0.44239524, -0.05      ]), 0.7854, 0.0]
[9, array([ 0.4516, -0.0265]), array([ 0.44373333, -0.05      ]), 0.7854, 0.0]
[9, array([ 0.4516, -0.0265]), array([ 0.44507143, -0.05      ]), 0.7854, 0.0]
[9, array([ 0.4516, -0.0265]), array([ 0.44640952, -0.05      ]), 0.7854, 0.0]
[9, array([ 0.4516, -0.0265]), array([ 0.44774762, -0.05      ]), 0.7854, 0.0]
[9, array([ 0.4516, -0.0265]), array([ 0.44908571, -0.05      ]), 0.7854, 0.0]
[9, array([ 0.4516, -0.0265]), array([ 0.45042381, -0.05      ]), 0.7854, 0.0]
[9, array([ 0.4516, -0.0265]), array([ 0.4517619, -0.05     ]), 0.7854, 0.0]
[9, array([ 0.4516, -0.0265]), array([ 0.4531, -0.05  ]), 0.7854, 0.0]
[9, array([ 0.4516, -0.0265]), array([ 0.425    , -0.0486619]), 0.7854, 0.0]
[9, array([ 0.4516, -0.0265]), array([ 0.4263381, -0.0486619]), 0.7854, 0.0]
[9, array([ 0.4516, -0.0265]), array([ 0.42767619, -0.0486619 ]), 0.7854, 0.0]
[9, array([ 0.4516, -0.0265]), array([ 0.42901429, -0.0486619 ]), 0.7854, 0.0]
[9, array([ 0.4516, -0.0265]), array([ 0.43035238, -0.0486619 ]), 0.7854, 0.0]
[9, array([ 0.4516, -0.0265]), array([ 0.43169048, -0.0486619 ]), 0.7854, 0.0]
[9, array([ 0.4516, -0.0265]), array([ 0.43302857, -0.0486619 ]), 0.7854, 0.0]
[9, array([ 0.4516, -0.0265]), array([ 0.43436667, -0.0486619 ]), 0.7854, 0.0]
[9, array([ 0.4516, -0.0265]), array([ 0.43570476, -0.0486619 ]), 0.7854, 0.0]
[9, array([ 0.4516, -0.0265]), array([ 0.43704286, -0.0486619 ]), 0.7854, 0.0]
[9, array([ 0.4516, -0.0265]), array([ 0.43838095, -0.0486619 ]), 0.7854, 0.0]
[9, array([ 0.4516, -0.0265]), array([ 0.43971905, -0.0486619 ]), 0.7854, 0.0]
[9, array([ 0.4516, -0.0265]), array([ 0.44105714, -0.0486619 ]), 0.7854, 0.0]
[9, array([ 0.4516, -0.0265]), array([ 0.44239524, -0.0486619 ]), 0.7854, 0.0]
[9, array([ 0.4516, -0.0265]), array([ 0.44373333, -0.0486619 ]), 0.7854, 0.0]
[9, array([ 0.4516, -0.0265]), array([ 0.44507143, -0.0486619 ]), 0.7854, 0.0]
[9, array([ 0.4516, -0.0265]), array([ 0.44640952, -0.0486619 ]), 0.7854, 0.0]
[9, array([ 0.4516, -0.0265]), array([ 0.44774762, -0.0486619 ]), 0.7854, 0.0]
[9, array([ 0.4516, -0.0265]), array([ 0.44908571, -0.0486619 ]), 0.7854, 0.0]
[9, array([ 0.4516, -0.0265]), array([ 0.45042381, -0.0486619 ]), 0.7854, 0.0]
[9, array([ 0.4516, -0.0265]), array([ 0.4517619, -0.0486619]), 0.7854, 0.0]
[9, array([ 0.4516, -0.0265]), array([ 0.4531   , -0.0486619]), 0.7854, 0.0]
[9, array([ 0.4516, -0.0265]), array([ 0.425     , -0.04732381]), 0.7854, 0.0]
[9, array([ 0.4516, -0.0265]), array([ 0.4263381 , -0.04732381]), 0.7854, 0.0]
[9, array([ 0.4516, -0.0265]), array([ 0.42767619, -0.04732381]), 0.7854, 0.0]
[9, array([ 0.4516, -0.0265]), array([ 0.42901429, -0.04732381]), 0.7854, 0.0]
[9, array([ 0.4516, -0.0265]), array([ 0.43035238, -0.04732381]), 0.7854, 0.0]
[9, array([ 0.4516, -0.0265]), array([ 0.43169048, -0.04732381]), 0.7854, 0.0]
[9, array([ 0.4516, -0.0265]), array([ 0.43302857, -0.04732381]), 0.7854, 0.0]
[9, array([ 0.4516, -0.0265]), array([ 0.43436667, -0.04732381]), 0.7854, 0.0]
[9, array([ 0.4516, -0.0265]), array([ 0.43570476, -0.04732381]), 0.7854, 0.0]
[9, array([ 0.4516, -0.0265]), array([ 0.43704286, -0.04732381]), 0.7854, 0.0]
[9, array([ 0.4516, -0.0265]), array([ 0.43838095, -0.04732381]), 0.7854, 0.0]
[9, array([ 0.4516, -0.0265]), array([ 0.43971905, -0.04732381]), 0.7854, 0.0]
[9, array([ 0.4516, -0.0265]), array([ 0.44105714, -0.04732381]), 0.7854, 0.0]
[9, array([ 0.4516, -0.0265]), array([ 0.44239524, -0.04732381]), 0.7854, 0.0]
[9, array([ 0.4516, -0.0265]), array([ 0.44373333, -0.04732381]), 0.7854, 0.0]
[9, array([ 0.4516, -0.0265]), array([ 0.44507143, -0.04732381]), 0.7854, 0.0]
[9, array([ 0.4516, -0.0265]), array([ 0.44640952, -0.04732381]), 0.7854, 0.0]
[9, array([ 0.4516, -0.0265]), array([ 0.44774762, -0.04732381]), 0.7854, 0.0]
[9, array([ 0.4516, -0.0265]), array([ 0.44908571, -0.04732381]), 0.7854, 0.0]
[9, array([ 0.4516, -0.0265]), array([ 0.45042381, -0.04732381]), 0.7854, 0.0]
[9, array([ 0.4516, -0.0265]), array([ 0.4517619 , -0.04732381]), 0.7854, 0.0]
[9, array([ 0.4516, -0.0265]), array([ 0.4531    , -0.04732381]), 0.7854, 0.0]
[9, array([ 0.4516, -0.0265]), array([ 0.425     , -0.04598571]), 0.7854, 0.0]
[9, array([ 0.4516, -0.0265]), array([ 0.4263381 , -0.04598571]), 0.7854, 0.0]
[9, array([ 0.4516, -0.0265]), array([ 0.42767619, -0.04598571]), 0.7854, 0.0]
[9, array([ 0.4516, -0.0265]), array([ 0.42901429, -0.04598571]), 0.7854, 0.0]
[9, array([ 0.4516, -0.0265]), array([ 0.43035238, -0.04598571]), 0.7854, 0.0]
[9, array([ 0.4516, -0.0265]), array([ 0.43169048, -0.04598571]), 0.7854, 0.0]
[9, array([ 0.4516, -0.0265]), array([ 0.43302857, -0.04598571]), 0.7854, 0.0]
[9, array([ 0.4516, -0.0265]), array([ 0.43436667, -0.04598571]), 0.7854, 0.0]
[9, array([ 0.4516, -0.0265]), array([ 0.43570476, -0.04598571]), 0.7854, 0.0]
[9, array([ 0.4516, -0.0265]), array([ 0.43704286, -0.04598571]), 0.7854, 0.0]
[9, array([ 0.4516, -0.0265]), array([ 0.43838095, -0.04598571]), 0.7854, 0.0]
[9, array([ 0.4516, -0.0265]), array([ 0.43971905, -0.04598571]), 0.7854, 0.0]
[9, array([ 0.4516, -0.0265]), array([ 0.44105714, -0.04598571]), 0.7854, 0.0]
[9, array([ 0.4516, -0.0265]), array([ 0.44239524, -0.04598571]), 0.7854, 0.0]
[9, array([ 0.4516, -0.0265]), array([ 0.44373333, -0.04598571]), 0.7854, 0.0]
[9, array([ 0.4516, -0.0265]), array([ 0.44507143, -0.04598571]), 0.7854, 0.0]
[9, array([ 0.4516, -0.0265]), array([ 0.44640952, -0.04598571]), 0.7854, 0.0]
[9, array([ 0.4516, -0.0265]), array([ 0.44774762, -0.04598571]), 0.7854, 0.0]
[9, array([ 0.4516, -0.0265]), array([ 0.44908571, -0.04598571]), 0.7854, 0.0]
[9, array([ 0.4516, -0.0265]), array([ 0.45042381, -0.04598571]), 0.7854, 0.0]
[9, array([ 0.4516, -0.0265]), array([ 0.4517619 , -0.04598571]), 0.7854, 0.0]
[9, array([ 0.4516, -0.0265]), array([ 0.4531    , -0.04598571]), 0.7854, 0.0]
[9, array([ 0.4516, -0.0265]), array([ 0.425     , -0.04464762]), 0.7854, 0.0]
[9, array([ 0.4516, -0.0265]), array([ 0.4263381 , -0.04464762]), 0.7854, 0.0]
[9, array([ 0.4516, -0.0265]), array([ 0.42767619, -0.04464762]), 0.7854, 0.0]
[9, array([ 0.4516, -0.0265]), array([ 0.42901429, -0.04464762]), 0.7854, 0.0]
[9, array([ 0.4516, -0.0265]), array([ 0.43035238, -0.04464762]), 0.7854, 0.0]
[9, array([ 0.4516, -0.0265]), array([ 0.43169048, -0.04464762]), 0.7854, 0.0]
[9, array([ 0.4516, -0.0265]), array([ 0.43302857, -0.04464762]), 0.7854, 0.0]
[9, array([ 0.4516, -0.0265]), array([ 0.43436667, -0.04464762]), 0.7854, 0.0]
[9, array([ 0.4516, -0.0265]), array([ 0.43570476, -0.04464762]), 0.7854, 0.0]
[9, array([ 0.4516, -0.0265]), array([ 0.43704286, -0.04464762]), 0.7854, 0.0]
[9, array([ 0.4516, -0.0265]), array([ 0.43838095, -0.04464762]), 0.7854, 0.0]
[9, array([ 0.4516, -0.0265]), array([ 0.43971905, -0.04464762]), 0.7854, 0.0]
[9, array([ 0.4516, -0.0265]), array([ 0.44105714, -0.04464762]), 0.7854, 0.0]
[9, array([ 0.4516, -0.0265]), array([ 0.44239524, -0.04464762]), 0.7854, 0.0]
[9, array([ 0.4516, -0.0265]), array([ 0.44373333, -0.04464762]), 0.7854, 0.0]
[9, array([ 0.4516, -0.0265]), array([ 0.44507143, -0.04464762]), 0.7854, 0.0]
[9, array([ 0.4516, -0.0265]), array([ 0.44640952, -0.04464762]), 0.7854, 0.0]
[9, array([ 0.4516, -0.0265]), array([ 0.44774762, -0.04464762]), 0.7854, 0.0]
[9, array([ 0.4516, -0.0265]), array([ 0.44908571, -0.04464762]), 0.7854, 0.0]
[9, array([ 0.4516, -0.0265]), array([ 0.45042381, -0.04464762]), 0.7854, 0.0]
[9, array([ 0.4516, -0.0265]), array([ 0.4517619 , -0.04464762]), 0.7854, 0.0]
[9, array([ 0.4516, -0.0265]), array([ 0.4531    , -0.04464762]), 0.7854, 0.0]
[9, array([ 0.4516, -0.0265]), array([ 0.425     , -0.04330952]), 0.7854, 0.0]
[9, array([ 0.4516, -0.0265]), array([ 0.4263381 , -0.04330952]), 0.7854, 0.0]
[9, array([ 0.4516, -0.0265]), array([ 0.42767619, -0.04330952]), 0.7854, 0.0]
[9, array([ 0.4516, -0.0265]), array([ 0.42901429, -0.04330952]), 0.7854, 0.0]
[9, array([ 0.4516, -0.0265]), array([ 0.43035238, -0.04330952]), 0.7854, 0.0]
[9, array([ 0.4516, -0.0265]), array([ 0.43169048, -0.04330952]), 0.7854, 0.0]
[9, array([ 0.4516, -0.0265]), array([ 0.43302857, -0.04330952]), 0.7854, 0.0]
[9, array([ 0.4516, -0.0265]), array([ 0.43436667, -0.04330952]), 0.7854, 0.0]
[9, array([ 0.4516, -0.0265]), array([ 0.43570476, -0.04330952]), 0.7854, 0.0]
[9, array([ 0.4516, -0.0265]), array([ 0.43704286, -0.04330952]), 0.7854, 0.0]
[9, array([ 0.4516, -0.0265]), array([ 0.43838095, -0.04330952]), 0.7854, 0.0]
[9, array([ 0.4516, -0.0265]), array([ 0.43971905, -0.04330952]), 0.7854, 0.0]
[9, array([ 0.4516, -0.0265]), array([ 0.44105714, -0.04330952]), 0.7854, 0.0]
[9, array([ 0.4516, -0.0265]), array([ 0.44239524, -0.04330952]), 0.7854, 0.0]
[9, array([ 0.4516, -0.0265]), array([ 0.44373333, -0.04330952]), 0.7854, 0.0]
[9, array([ 0.4516, -0.0265]), array([ 0.44507143, -0.04330952]), 0.7854, 0.0]
[9, array([ 0.4516, -0.0265]), array([ 0.44640952, -0.04330952]), 0.7854, 0.0]
[9, array([ 0.4516, -0.0265]), array([ 0.44774762, -0.04330952]), 0.7854, 0.0]
[9, array([ 0.4516, -0.0265]), array([ 0.44908571, -0.04330952]), 0.7854, 0.0]
[9, array([ 0.4516, -0.0265]), array([ 0.45042381, -0.04330952]), 0.7854, 0.0]
[9, array([ 0.4516, -0.0265]), array([ 0.4517619 , -0.04330952]), 0.7854, 0.0]
[9, array([ 0.4516, -0.0265]), array([ 0.4531    , -0.04330952]), 0.7854, 0.0]
[9, array([ 0.4516, -0.0265]), array([ 0.425     , -0.04197143]), 0.7854, 0.0]
[9, array([ 0.4516, -0.0265]), array([ 0.4263381 , -0.04197143]), 0.7854, 0.0]
[9, array([ 0.4516, -0.0265]), array([ 0.42767619, -0.04197143]), 0.7854, 0.0]
[9, array([ 0.4516, -0.0265]), array([ 0.42901429, -0.04197143]), 0.7854, 0.0]
[9, array([ 0.4516, -0.0265]), array([ 0.43035238, -0.04197143]), 0.7854, 0.0]
[9, array([ 0.4516, -0.0265]), array([ 0.43169048, -0.04197143]), 0.7854, 0.0]
[9, array([ 0.4516, -0.0265]), array([ 0.43302857, -0.04197143]), 0.7854, 0.0]
[9, array([ 0.4516, -0.0265]), array([ 0.43436667, -0.04197143]), 0.7854, 0.0]
[9, array([ 0.4516, -0.0265]), array([ 0.43570476, -0.04197143]), 0.7854, 0.0]
[9, array([ 0.4516, -0.0265]), array([ 0.43704286, -0.04197143]), 0.7854, 0.0]
[9, array([ 0.4516, -0.0265]), array([ 0.43838095, -0.04197143]), 0.7854, 0.0]
[9, array([ 0.4516, -0.0265]), array([ 0.43971905, -0.04197143]), 0.7854, 0.0]
[9, array([ 0.4516, -0.0265]), array([ 0.44105714, -0.04197143]), 0.7854, 0.0]
[9, array([ 0.4516, -0.0265]), array([ 0.44239524, -0.04197143]), 0.7854, 0.0]
[9, array([ 0.4516, -0.0265]), array([ 0.44373333, -0.04197143]), 0.7854, 0.0]
[9, array([ 0.4516, -0.0265]), array([ 0.44507143, -0.04197143]), 0.7854, 0.0]
[9, array([ 0.4516, -0.0265]), array([ 0.44640952, -0.04197143]), 0.7854, 0.0]
[9, array([ 0.4516, -0.0265]), array([ 0.44774762, -0.04197143]), 0.7854, 0.0]
[9, array([ 0.4516, -0.0265]), array([ 0.44908571, -0.04197143]), 0.7854, 0.0]
[9, array([ 0.4516, -0.0265]), array([ 0.45042381, -0.04197143]), 0.7854, 0.0]
[9, array([ 0.4516, -0.0265]), array([ 0.4517619 , -0.04197143]), 0.7854, 0.0]
[9, array([ 0.4516, -0.0265]), array([ 0.4531    , -0.04197143]), 0.7854, 0.0]
[9, array([ 0.4516, -0.0265]), array([ 0.425     , -0.04063333]), 0.7854, 1.0]
[9, array([ 0.4516, -0.0265]), array([ 0.4263381 , -0.04063333]), 0.7854, 1.0]
[9, array([ 0.4516, -0.0265]), array([ 0.42767619, -0.04063333]), 0.7854, 1.0]
[9, array([ 0.4516, -0.0265]), array([ 0.42901429, -0.04063333]), 0.7854, 0.0]
[9, array([ 0.4516, -0.0265]), array([ 0.43035238, -0.04063333]), 0.7854, 0.0]
[9, array([ 0.4516, -0.0265]), array([ 0.43169048, -0.04063333]), 0.7854, 0.0]
[9, array([ 0.4516, -0.0265]), array([ 0.43302857, -0.04063333]), 0.7854, 0.0]
[9, array([ 0.4516, -0.0265]), array([ 0.43436667, -0.04063333]), 0.7854, 0.0]
[9, array([ 0.4516, -0.0265]), array([ 0.43570476, -0.04063333]), 0.7854, 0.0]
[9, array([ 0.4516, -0.0265]), array([ 0.43704286, -0.04063333]), 0.7854, 0.0]
[9, array([ 0.4516, -0.0265]), array([ 0.43838095, -0.04063333]), 0.7854, 0.0]
[9, array([ 0.4516, -0.0265]), array([ 0.43971905, -0.04063333]), 0.7854, 0.0]
[9, array([ 0.4516, -0.0265]), array([ 0.44105714, -0.04063333]), 0.7854, 0.0]
[9, array([ 0.4516, -0.0265]), array([ 0.44239524, -0.04063333]), 0.7854, 0.0]
[9, array([ 0.4516, -0.0265]), array([ 0.44373333, -0.04063333]), 0.7854, 0.0]
[9, array([ 0.4516, -0.0265]), array([ 0.44507143, -0.04063333]), 0.7854, 0.0]
[9, array([ 0.4516, -0.0265]), array([ 0.44640952, -0.04063333]), 0.7854, 0.0]
[9, array([ 0.4516, -0.0265]), array([ 0.44774762, -0.04063333]), 0.7854, 0.0]
[9, array([ 0.4516, -0.0265]), array([ 0.44908571, -0.04063333]), 0.7854, 0.0]
[9, array([ 0.4516, -0.0265]), array([ 0.45042381, -0.04063333]), 0.7854, 1.0]
[9, array([ 0.4516, -0.0265]), array([ 0.4517619 , -0.04063333]), 0.7854, 0.0]
[9, array([ 0.4516, -0.0265]), array([ 0.4531    , -0.04063333]), 0.7854, 0.0]
[9, array([ 0.4516, -0.0265]), array([ 0.425     , -0.03929524]), 0.7854, 1.0]
[9, array([ 0.4516, -0.0265]), array([ 0.4263381 , -0.03929524]), 0.7854, 1.0]
[9, array([ 0.4516, -0.0265]), array([ 0.42767619, -0.03929524]), 0.7854, 1.0]
[9, array([ 0.4516, -0.0265]), array([ 0.42901429, -0.03929524]), 0.7854, 1.0]
[9, array([ 0.4516, -0.0265]), array([ 0.43035238, -0.03929524]), 0.7854, 1.0]
[9, array([ 0.4516, -0.0265]), array([ 0.43169048, -0.03929524]), 0.7854, 1.0]
[9, array([ 0.4516, -0.0265]), array([ 0.43302857, -0.03929524]), 0.7854, 1.0]
[9, array([ 0.4516, -0.0265]), array([ 0.43436667, -0.03929524]), 0.7854, 0.0]
[9, array([ 0.4516, -0.0265]), array([ 0.43570476, -0.03929524]), 0.7854, 0.0]
[9, array([ 0.4516, -0.0265]), array([ 0.43704286, -0.03929524]), 0.7854, 0.0]
[9, array([ 0.4516, -0.0265]), array([ 0.43838095, -0.03929524]), 0.7854, 0.0]
[9, array([ 0.4516, -0.0265]), array([ 0.43971905, -0.03929524]), 0.7854, 0.0]
[9, array([ 0.4516, -0.0265]), array([ 0.44105714, -0.03929524]), 0.7854, 0.0]
[9, array([ 0.4516, -0.0265]), array([ 0.44239524, -0.03929524]), 0.7854, 0.0]
[9, array([ 0.4516, -0.0265]), array([ 0.44373333, -0.03929524]), 0.7854, 0.0]
[9, array([ 0.4516, -0.0265]), array([ 0.44507143, -0.03929524]), 0.7854, 0.0]
[9, array([ 0.4516, -0.0265]), array([ 0.44640952, -0.03929524]), 0.7854, 0.0]
[9, array([ 0.4516, -0.0265]), array([ 0.44774762, -0.03929524]), 0.7854, 0.0]
[9, array([ 0.4516, -0.0265]), array([ 0.44908571, -0.03929524]), 0.7854, 0.0]
[9, array([ 0.4516, -0.0265]), array([ 0.45042381, -0.03929524]), 0.7854, 0.0]
[9, array([ 0.4516, -0.0265]), array([ 0.4517619 , -0.03929524]), 0.7854, 0.0]
[9, array([ 0.4516, -0.0265]), array([ 0.4531    , -0.03929524]), 0.7854, 1.0]
[9, array([ 0.4516, -0.0265]), array([ 0.425     , -0.03795714]), 0.7854, 1.0]
[9, array([ 0.4516, -0.0265]), array([ 0.4263381 , -0.03795714]), 0.7854, 1.0]
[9, array([ 0.4516, -0.0265]), array([ 0.42767619, -0.03795714]), 0.7854, 1.0]
[9, array([ 0.4516, -0.0265]), array([ 0.42901429, -0.03795714]), 0.7854, 1.0]
[9, array([ 0.4516, -0.0265]), array([ 0.43035238, -0.03795714]), 0.7854, 1.0]
[9, array([ 0.4516, -0.0265]), array([ 0.43169048, -0.03795714]), 0.7854, 1.0]
[9, array([ 0.4516, -0.0265]), array([ 0.43302857, -0.03795714]), 0.7854, 1.0]
[9, array([ 0.4516, -0.0265]), array([ 0.43436667, -0.03795714]), 0.7854, 1.0]
[9, array([ 0.4516, -0.0265]), array([ 0.43570476, -0.03795714]), 0.7854, 0.0]
[9, array([ 0.4516, -0.0265]), array([ 0.43704286, -0.03795714]), 0.7854, 0.0]
[9, array([ 0.4516, -0.0265]), array([ 0.43838095, -0.03795714]), 0.7854, 0.0]
[9, array([ 0.4516, -0.0265]), array([ 0.43971905, -0.03795714]), 0.7854, 0.0]
[9, array([ 0.4516, -0.0265]), array([ 0.44105714, -0.03795714]), 0.7854, 0.0]
[9, array([ 0.4516, -0.0265]), array([ 0.44239524, -0.03795714]), 0.7854, 0.0]
[9, array([ 0.4516, -0.0265]), array([ 0.44373333, -0.03795714]), 0.7854, 0.0]
[9, array([ 0.4516, -0.0265]), array([ 0.44507143, -0.03795714]), 0.7854, 0.0]
[9, array([ 0.4516, -0.0265]), array([ 0.44640952, -0.03795714]), 0.7854, 0.0]
[9, array([ 0.4516, -0.0265]), array([ 0.44774762, -0.03795714]), 0.7854, 0.0]
[9, array([ 0.4516, -0.0265]), array([ 0.44908571, -0.03795714]), 0.7854, 0.0]
[9, array([ 0.4516, -0.0265]), array([ 0.45042381, -0.03795714]), 0.7854, 0.0]
[9, array([ 0.4516, -0.0265]), array([ 0.4517619 , -0.03795714]), 0.7854, 0.0]
[9, array([ 0.4516, -0.0265]), array([ 0.4531    , -0.03795714]), 0.7854, 1.0]
[9, array([ 0.4516, -0.0265]), array([ 0.425     , -0.03661905]), 0.7854, 1.0]
[9, array([ 0.4516, -0.0265]), array([ 0.4263381 , -0.03661905]), 0.7854, 1.0]
[9, array([ 0.4516, -0.0265]), array([ 0.42767619, -0.03661905]), 0.7854, 1.0]
[9, array([ 0.4516, -0.0265]), array([ 0.42901429, -0.03661905]), 0.7854, 1.0]
[9, array([ 0.4516, -0.0265]), array([ 0.43035238, -0.03661905]), 0.7854, 1.0]
[9, array([ 0.4516, -0.0265]), array([ 0.43169048, -0.03661905]), 0.7854, 1.0]
[9, array([ 0.4516, -0.0265]), array([ 0.43302857, -0.03661905]), 0.7854, 1.0]
[9, array([ 0.4516, -0.0265]), array([ 0.43436667, -0.03661905]), 0.7854, 1.0]
[9, array([ 0.4516, -0.0265]), array([ 0.43570476, -0.03661905]), 0.7854, 1.0]
[9, array([ 0.4516, -0.0265]), array([ 0.43704286, -0.03661905]), 0.7854, 1.0]
[9, array([ 0.4516, -0.0265]), array([ 0.43838095, -0.03661905]), 0.7854, 1.0]
[9, array([ 0.4516, -0.0265]), array([ 0.43971905, -0.03661905]), 0.7854, 0.0]
[9, array([ 0.4516, -0.0265]), array([ 0.44105714, -0.03661905]), 0.7854, 0.0]
[9, array([ 0.4516, -0.0265]), array([ 0.44239524, -0.03661905]), 0.7854, 0.0]
[9, array([ 0.4516, -0.0265]), array([ 0.44373333, -0.03661905]), 0.7854, 0.0]
[9, array([ 0.4516, -0.0265]), array([ 0.44507143, -0.03661905]), 0.7854, 0.0]
[9, array([ 0.4516, -0.0265]), array([ 0.44640952, -0.03661905]), 0.7854, 0.0]
[9, array([ 0.4516, -0.0265]), array([ 0.44774762, -0.03661905]), 0.7854, 0.0]
[9, array([ 0.4516, -0.0265]), array([ 0.44908571, -0.03661905]), 0.7854, 0.0]
[9, array([ 0.4516, -0.0265]), array([ 0.45042381, -0.03661905]), 0.7854, 0.0]
[9, array([ 0.4516, -0.0265]), array([ 0.4517619 , -0.03661905]), 0.7854, 0.0]
[9, array([ 0.4516, -0.0265]), array([ 0.4531    , -0.03661905]), 0.7854, 0.0]
[9, array([ 0.4516, -0.0265]), array([ 0.425     , -0.03528095]), 0.7854, 1.0]
[9, array([ 0.4516, -0.0265]), array([ 0.4263381 , -0.03528095]), 0.7854, 1.0]
[9, array([ 0.4516, -0.0265]), array([ 0.42767619, -0.03528095]), 0.7854, 1.0]
[9, array([ 0.4516, -0.0265]), array([ 0.42901429, -0.03528095]), 0.7854, 1.0]
[9, array([ 0.4516, -0.0265]), array([ 0.43035238, -0.03528095]), 0.7854, 1.0]
[9, array([ 0.4516, -0.0265]), array([ 0.43169048, -0.03528095]), 0.7854, 1.0]
[9, array([ 0.4516, -0.0265]), array([ 0.43302857, -0.03528095]), 0.7854, 1.0]
[9, array([ 0.4516, -0.0265]), array([ 0.43436667, -0.03528095]), 0.7854, 1.0]
[9, array([ 0.4516, -0.0265]), array([ 0.43570476, -0.03528095]), 0.7854, 1.0]
[9, array([ 0.4516, -0.0265]), array([ 0.43704286, -0.03528095]), 0.7854, 1.0]
[9, array([ 0.4516, -0.0265]), array([ 0.43838095, -0.03528095]), 0.7854, 1.0]
[9, array([ 0.4516, -0.0265]), array([ 0.43971905, -0.03528095]), 0.7854, 1.0]
[9, array([ 0.4516, -0.0265]), array([ 0.44105714, -0.03528095]), 0.7854, 1.0]
[9, array([ 0.4516, -0.0265]), array([ 0.44239524, -0.03528095]), 0.7854, 0.0]
[9, array([ 0.4516, -0.0265]), array([ 0.44373333, -0.03528095]), 0.7854, 0.0]
[9, array([ 0.4516, -0.0265]), array([ 0.44507143, -0.03528095]), 0.7854, 0.0]
[9, array([ 0.4516, -0.0265]), array([ 0.44640952, -0.03528095]), 0.7854, 0.0]
[9, array([ 0.4516, -0.0265]), array([ 0.44774762, -0.03528095]), 0.7854, 0.0]
[9, array([ 0.4516, -0.0265]), array([ 0.44908571, -0.03528095]), 0.7854, 0.0]
[9, array([ 0.4516, -0.0265]), array([ 0.45042381, -0.03528095]), 0.7854, 0.0]
[9, array([ 0.4516, -0.0265]), array([ 0.4517619 , -0.03528095]), 0.7854, 0.0]
[9, array([ 0.4516, -0.0265]), array([ 0.4531    , -0.03528095]), 0.7854, 0.0]
[9, array([ 0.4516, -0.0265]), array([ 0.425     , -0.03394286]), 0.7854, 1.0]
[9, array([ 0.4516, -0.0265]), array([ 0.4263381 , -0.03394286]), 0.7854, 1.0]
[9, array([ 0.4516, -0.0265]), array([ 0.42767619, -0.03394286]), 0.7854, 1.0]
[9, array([ 0.4516, -0.0265]), array([ 0.42901429, -0.03394286]), 0.7854, 1.0]
[9, array([ 0.4516, -0.0265]), array([ 0.43035238, -0.03394286]), 0.7854, 1.0]
[9, array([ 0.4516, -0.0265]), array([ 0.43169048, -0.03394286]), 0.7854, 1.0]
[9, array([ 0.4516, -0.0265]), array([ 0.43302857, -0.03394286]), 0.7854, 1.0]
[9, array([ 0.4516, -0.0265]), array([ 0.43436667, -0.03394286]), 0.7854, 1.0]
[9, array([ 0.4516, -0.0265]), array([ 0.43570476, -0.03394286]), 0.7854, 1.0]
[9, array([ 0.4516, -0.0265]), array([ 0.43704286, -0.03394286]), 0.7854, 1.0]
[9, array([ 0.4516, -0.0265]), array([ 0.43838095, -0.03394286]), 0.7854, 1.0]
[9, array([ 0.4516, -0.0265]), array([ 0.43971905, -0.03394286]), 0.7854, 1.0]
[9, array([ 0.4516, -0.0265]), array([ 0.44105714, -0.03394286]), 0.7854, 0.0]
[9, array([ 0.4516, -0.0265]), array([ 0.44239524, -0.03394286]), 0.7854, 0.0]
[9, array([ 0.4516, -0.0265]), array([ 0.44373333, -0.03394286]), 0.7854, 0.0]
[9, array([ 0.4516, -0.0265]), array([ 0.44507143, -0.03394286]), 0.7854, 0.0]
[9, array([ 0.4516, -0.0265]), array([ 0.44640952, -0.03394286]), 0.7854, 0.0]
[9, array([ 0.4516, -0.0265]), array([ 0.44774762, -0.03394286]), 0.7854, 0.0]
[9, array([ 0.4516, -0.0265]), array([ 0.44908571, -0.03394286]), 0.7854, 0.0]
[9, array([ 0.4516, -0.0265]), array([ 0.45042381, -0.03394286]), 0.7854, 0.0]
[9, array([ 0.4516, -0.0265]), array([ 0.4517619 , -0.03394286]), 0.7854, 0.0]
[9, array([ 0.4516, -0.0265]), array([ 0.4531    , -0.03394286]), 0.7854, 0.0]
[9, array([ 0.4516, -0.0265]), array([ 0.425     , -0.03260476]), 0.7854, 1.0]
[9, array([ 0.4516, -0.0265]), array([ 0.4263381 , -0.03260476]), 0.7854, 1.0]
[9, array([ 0.4516, -0.0265]), array([ 0.42767619, -0.03260476]), 0.7854, 1.0]
[9, array([ 0.4516, -0.0265]), array([ 0.42901429, -0.03260476]), 0.7854, 1.0]
[9, array([ 0.4516, -0.0265]), array([ 0.43035238, -0.03260476]), 0.7854, 1.0]
[9, array([ 0.4516, -0.0265]), array([ 0.43169048, -0.03260476]), 0.7854, 0.0]
[9, array([ 0.4516, -0.0265]), array([ 0.43302857, -0.03260476]), 0.7854, 1.0]
[9, array([ 0.4516, -0.0265]), array([ 0.43436667, -0.03260476]), 0.7854, 1.0]
[9, array([ 0.4516, -0.0265]), array([ 0.43570476, -0.03260476]), 0.7854, 1.0]
[9, array([ 0.4516, -0.0265]), array([ 0.43704286, -0.03260476]), 0.7854, 1.0]
[9, array([ 0.4516, -0.0265]), array([ 0.43838095, -0.03260476]), 0.7854, 1.0]
[9, array([ 0.4516, -0.0265]), array([ 0.43971905, -0.03260476]), 0.7854, 1.0]
[9, array([ 0.4516, -0.0265]), array([ 0.44105714, -0.03260476]), 0.7854, 1.0]
[9, array([ 0.4516, -0.0265]), array([ 0.44239524, -0.03260476]), 0.7854, 0.0]
[9, array([ 0.4516, -0.0265]), array([ 0.44373333, -0.03260476]), 0.7854, 0.0]
[9, array([ 0.4516, -0.0265]), array([ 0.44507143, -0.03260476]), 0.7854, 0.0]
[9, array([ 0.4516, -0.0265]), array([ 0.44640952, -0.03260476]), 0.7854, 0.0]
[9, array([ 0.4516, -0.0265]), array([ 0.44774762, -0.03260476]), 0.7854, 0.0]
[9, array([ 0.4516, -0.0265]), array([ 0.44908571, -0.03260476]), 0.7854, 0.0]
[9, array([ 0.4516, -0.0265]), array([ 0.45042381, -0.03260476]), 0.7854, 0.0]
[9, array([ 0.4516, -0.0265]), array([ 0.4517619 , -0.03260476]), 0.7854, 0.0]
[9, array([ 0.4516, -0.0265]), array([ 0.4531    , -0.03260476]), 0.7854, 0.0]
[9, array([ 0.4516, -0.0265]), array([ 0.425     , -0.03126667]), 0.7854, 1.0]
[9, array([ 0.4516, -0.0265]), array([ 0.4263381 , -0.03126667]), 0.7854, 1.0]
[9, array([ 0.4516, -0.0265]), array([ 0.42767619, -0.03126667]), 0.7854, 1.0]
[9, array([ 0.4516, -0.0265]), array([ 0.42901429, -0.03126667]), 0.7854, 1.0]
[9, array([ 0.4516, -0.0265]), array([ 0.43035238, -0.03126667]), 0.7854, 1.0]
[9, array([ 0.4516, -0.0265]), array([ 0.43169048, -0.03126667]), 0.7854, 1.0]
[9, array([ 0.4516, -0.0265]), array([ 0.43302857, -0.03126667]), 0.7854, 1.0]
[9, array([ 0.4516, -0.0265]), array([ 0.43436667, -0.03126667]), 0.7854, 1.0]
[9, array([ 0.4516, -0.0265]), array([ 0.43570476, -0.03126667]), 0.7854, 1.0]
[9, array([ 0.4516, -0.0265]), array([ 0.43704286, -0.03126667]), 0.7854, 1.0]
[9, array([ 0.4516, -0.0265]), array([ 0.43838095, -0.03126667]), 0.7854, 1.0]
[9, array([ 0.4516, -0.0265]), array([ 0.43971905, -0.03126667]), 0.7854, 1.0]
[9, array([ 0.4516, -0.0265]), array([ 0.44105714, -0.03126667]), 0.7854, 1.0]
[9, array([ 0.4516, -0.0265]), array([ 0.44239524, -0.03126667]), 0.7854, 1.0]
[9, array([ 0.4516, -0.0265]), array([ 0.44373333, -0.03126667]), 0.7854, 0.0]
[9, array([ 0.4516, -0.0265]), array([ 0.44507143, -0.03126667]), 0.7854, 0.0]
[9, array([ 0.4516, -0.0265]), array([ 0.44640952, -0.03126667]), 0.7854, 0.0]
[9, array([ 0.4516, -0.0265]), array([ 0.44774762, -0.03126667]), 0.7854, 0.0]
[9, array([ 0.4516, -0.0265]), array([ 0.44908571, -0.03126667]), 0.7854, 0.0]
[9, array([ 0.4516, -0.0265]), array([ 0.45042381, -0.03126667]), 0.7854, 0.0]
[9, array([ 0.4516, -0.0265]), array([ 0.4517619 , -0.03126667]), 0.7854, 0.0]
[9, array([ 0.4516, -0.0265]), array([ 0.4531    , -0.03126667]), 0.7854, 0.0]
[9, array([ 0.4516, -0.0265]), array([ 0.425     , -0.02992857]), 0.7854, 1.0]
[9, array([ 0.4516, -0.0265]), array([ 0.4263381 , -0.02992857]), 0.7854, 1.0]
[9, array([ 0.4516, -0.0265]), array([ 0.42767619, -0.02992857]), 0.7854, 1.0]
[9, array([ 0.4516, -0.0265]), array([ 0.42901429, -0.02992857]), 0.7854, 1.0]
[9, array([ 0.4516, -0.0265]), array([ 0.43035238, -0.02992857]), 0.7854, 1.0]
[9, array([ 0.4516, -0.0265]), array([ 0.43169048, -0.02992857]), 0.7854, 0.0]
[9, array([ 0.4516, -0.0265]), array([ 0.43302857, -0.02992857]), 0.7854, 1.0]
[9, array([ 0.4516, -0.0265]), array([ 0.43436667, -0.02992857]), 0.7854, 1.0]
[9, array([ 0.4516, -0.0265]), array([ 0.43570476, -0.02992857]), 0.7854, 1.0]
[9, array([ 0.4516, -0.0265]), array([ 0.43704286, -0.02992857]), 0.7854, 1.0]
[9, array([ 0.4516, -0.0265]), array([ 0.43838095, -0.02992857]), 0.7854, 1.0]
[9, array([ 0.4516, -0.0265]), array([ 0.43971905, -0.02992857]), 0.7854, 1.0]
[9, array([ 0.4516, -0.0265]), array([ 0.44105714, -0.02992857]), 0.7854, 1.0]
[9, array([ 0.4516, -0.0265]), array([ 0.44239524, -0.02992857]), 0.7854, 1.0]
[9, array([ 0.4516, -0.0265]), array([ 0.44373333, -0.02992857]), 0.7854, 1.0]
[9, array([ 0.4516, -0.0265]), array([ 0.44507143, -0.02992857]), 0.7854, 0.0]
[9, array([ 0.4516, -0.0265]), array([ 0.44640952, -0.02992857]), 0.7854, 0.0]
[9, array([ 0.4516, -0.0265]), array([ 0.44774762, -0.02992857]), 0.7854, 0.0]
[9, array([ 0.4516, -0.0265]), array([ 0.44908571, -0.02992857]), 0.7854, 0.0]
[9, array([ 0.4516, -0.0265]), array([ 0.45042381, -0.02992857]), 0.7854, 0.0]
[9, array([ 0.4516, -0.0265]), array([ 0.4517619 , -0.02992857]), 0.7854, 0.0]
[9, array([ 0.4516, -0.0265]), array([ 0.4531    , -0.02992857]), 0.7854, 0.0]
[9, array([ 0.4516, -0.0265]), array([ 0.425     , -0.02859048]), 0.7854, 1.0]
[9, array([ 0.4516, -0.0265]), array([ 0.4263381 , -0.02859048]), 0.7854, 1.0]
[9, array([ 0.4516, -0.0265]), array([ 0.42767619, -0.02859048]), 0.7854, 1.0]
[9, array([ 0.4516, -0.0265]), array([ 0.42901429, -0.02859048]), 0.7854, 1.0]
[9, array([ 0.4516, -0.0265]), array([ 0.43035238, -0.02859048]), 0.7854, 1.0]
[9, array([ 0.4516, -0.0265]), array([ 0.43169048, -0.02859048]), 0.7854, 1.0]
[9, array([ 0.4516, -0.0265]), array([ 0.43302857, -0.02859048]), 0.7854, 1.0]
[9, array([ 0.4516, -0.0265]), array([ 0.43436667, -0.02859048]), 0.7854, 1.0]
[9, array([ 0.4516, -0.0265]), array([ 0.43570476, -0.02859048]), 0.7854, 1.0]
[9, array([ 0.4516, -0.0265]), array([ 0.43704286, -0.02859048]), 0.7854, 1.0]
[9, array([ 0.4516, -0.0265]), array([ 0.43838095, -0.02859048]), 0.7854, 1.0]
[9, array([ 0.4516, -0.0265]), array([ 0.43971905, -0.02859048]), 0.7854, 1.0]
[9, array([ 0.4516, -0.0265]), array([ 0.44105714, -0.02859048]), 0.7854, 1.0]
[9, array([ 0.4516, -0.0265]), array([ 0.44239524, -0.02859048]), 0.7854, 1.0]
[9, array([ 0.4516, -0.0265]), array([ 0.44373333, -0.02859048]), 0.7854, 1.0]
[9, array([ 0.4516, -0.0265]), array([ 0.44507143, -0.02859048]), 0.7854, 1.0]
[9, array([ 0.4516, -0.0265]), array([ 0.44640952, -0.02859048]), 0.7854, 0.0]
[9, array([ 0.4516, -0.0265]), array([ 0.44774762, -0.02859048]), 0.7854, 0.0]
[9, array([ 0.4516, -0.0265]), array([ 0.44908571, -0.02859048]), 0.7854, 0.0]
[9, array([ 0.4516, -0.0265]), array([ 0.45042381, -0.02859048]), 0.7854, 0.0]
[9, array([ 0.4516, -0.0265]), array([ 0.4517619 , -0.02859048]), 0.7854, 0.0]
[9, array([ 0.4516, -0.0265]), array([ 0.4531    , -0.02859048]), 0.7854, 0.0]
[9, array([ 0.4516, -0.0265]), array([ 0.425     , -0.02725238]), 0.7854, 1.0]
[9, array([ 0.4516, -0.0265]), array([ 0.4263381 , -0.02725238]), 0.7854, 1.0]
[9, array([ 0.4516, -0.0265]), array([ 0.42767619, -0.02725238]), 0.7854, 1.0]
[9, array([ 0.4516, -0.0265]), array([ 0.42901429, -0.02725238]), 0.7854, 1.0]
[9, array([ 0.4516, -0.0265]), array([ 0.43035238, -0.02725238]), 0.7854, 1.0]
[9, array([ 0.4516, -0.0265]), array([ 0.43169048, -0.02725238]), 0.7854, 1.0]
[9, array([ 0.4516, -0.0265]), array([ 0.43302857, -0.02725238]), 0.7854, 1.0]
[9, array([ 0.4516, -0.0265]), array([ 0.43436667, -0.02725238]), 0.7854, 1.0]
[9, array([ 0.4516, -0.0265]), array([ 0.43570476, -0.02725238]), 0.7854, 1.0]
[9, array([ 0.4516, -0.0265]), array([ 0.43704286, -0.02725238]), 0.7854, 1.0]
[9, array([ 0.4516, -0.0265]), array([ 0.43838095, -0.02725238]), 0.7854, 1.0]
[9, array([ 0.4516, -0.0265]), array([ 0.43971905, -0.02725238]), 0.7854, 1.0]
[9, array([ 0.4516, -0.0265]), array([ 0.44105714, -0.02725238]), 0.7854, 1.0]
[9, array([ 0.4516, -0.0265]), array([ 0.44239524, -0.02725238]), 0.7854, 1.0]
[9, array([ 0.4516, -0.0265]), array([ 0.44373333, -0.02725238]), 0.7854, 1.0]
[9, array([ 0.4516, -0.0265]), array([ 0.44507143, -0.02725238]), 0.7854, 1.0]
[9, array([ 0.4516, -0.0265]), array([ 0.44640952, -0.02725238]), 0.7854, 0.0]
[9, array([ 0.4516, -0.0265]), array([ 0.44774762, -0.02725238]), 0.7854, 0.0]
[9, array([ 0.4516, -0.0265]), array([ 0.44908571, -0.02725238]), 0.7854, 0.0]
[9, array([ 0.4516, -0.0265]), array([ 0.45042381, -0.02725238]), 0.7854, 0.0]
[9, array([ 0.4516, -0.0265]), array([ 0.4517619 , -0.02725238]), 0.7854, 0.0]
[9, array([ 0.4516, -0.0265]), array([ 0.4531    , -0.02725238]), 0.7854, 0.0]
[9, array([ 0.4516, -0.0265]), array([ 0.425     , -0.02591429]), 0.7854, 1.0]
[9, array([ 0.4516, -0.0265]), array([ 0.4263381 , -0.02591429]), 0.7854, 1.0]
[9, array([ 0.4516, -0.0265]), array([ 0.42767619, -0.02591429]), 0.7854, 1.0]
[9, array([ 0.4516, -0.0265]), array([ 0.42901429, -0.02591429]), 0.7854, 1.0]
[9, array([ 0.4516, -0.0265]), array([ 0.43035238, -0.02591429]), 0.7854, 1.0]
[9, array([ 0.4516, -0.0265]), array([ 0.43169048, -0.02591429]), 0.7854, 1.0]
[9, array([ 0.4516, -0.0265]), array([ 0.43302857, -0.02591429]), 0.7854, 1.0]
[9, array([ 0.4516, -0.0265]), array([ 0.43436667, -0.02591429]), 0.7854, 1.0]
[9, array([ 0.4516, -0.0265]), array([ 0.43570476, -0.02591429]), 0.7854, 1.0]
[9, array([ 0.4516, -0.0265]), array([ 0.43704286, -0.02591429]), 0.7854, 1.0]
[9, array([ 0.4516, -0.0265]), array([ 0.43838095, -0.02591429]), 0.7854, 1.0]
[9, array([ 0.4516, -0.0265]), array([ 0.43971905, -0.02591429]), 0.7854, 1.0]
[9, array([ 0.4516, -0.0265]), array([ 0.44105714, -0.02591429]), 0.7854, 1.0]
[9, array([ 0.4516, -0.0265]), array([ 0.44239524, -0.02591429]), 0.7854, 1.0]
[9, array([ 0.4516, -0.0265]), array([ 0.44373333, -0.02591429]), 0.7854, 1.0]
[9, array([ 0.4516, -0.0265]), array([ 0.44507143, -0.02591429]), 0.7854, 1.0]
[9, array([ 0.4516, -0.0265]), array([ 0.44640952, -0.02591429]), 0.7854, 1.0]
[9, array([ 0.4516, -0.0265]), array([ 0.44774762, -0.02591429]), 0.7854, 0.0]
[9, array([ 0.4516, -0.0265]), array([ 0.44908571, -0.02591429]), 0.7854, 0.0]
[9, array([ 0.4516, -0.0265]), array([ 0.45042381, -0.02591429]), 0.7854, 0.0]
[9, array([ 0.4516, -0.0265]), array([ 0.4517619 , -0.02591429]), 0.7854, 0.0]
[9, array([ 0.4516, -0.0265]), array([ 0.4531    , -0.02591429]), 0.7854, 0.0]
[9, array([ 0.4516, -0.0265]), array([ 0.425     , -0.02457619]), 0.7854, 1.0]
[9, array([ 0.4516, -0.0265]), array([ 0.4263381 , -0.02457619]), 0.7854, 1.0]
[9, array([ 0.4516, -0.0265]), array([ 0.42767619, -0.02457619]), 0.7854, 1.0]
[9, array([ 0.4516, -0.0265]), array([ 0.42901429, -0.02457619]), 0.7854, 1.0]
[9, array([ 0.4516, -0.0265]), array([ 0.43035238, -0.02457619]), 0.7854, 1.0]
[9, array([ 0.4516, -0.0265]), array([ 0.43169048, -0.02457619]), 0.7854, 1.0]
[9, array([ 0.4516, -0.0265]), array([ 0.43302857, -0.02457619]), 0.7854, 1.0]
[9, array([ 0.4516, -0.0265]), array([ 0.43436667, -0.02457619]), 0.7854, 1.0]
[9, array([ 0.4516, -0.0265]), array([ 0.43570476, -0.02457619]), 0.7854, 1.0]
[9, array([ 0.4516, -0.0265]), array([ 0.43704286, -0.02457619]), 0.7854, 1.0]
[9, array([ 0.4516, -0.0265]), array([ 0.43838095, -0.02457619]), 0.7854, 1.0]
[9, array([ 0.4516, -0.0265]), array([ 0.43971905, -0.02457619]), 0.7854, 1.0]
[9, array([ 0.4516, -0.0265]), array([ 0.44105714, -0.02457619]), 0.7854, 1.0]
[9, array([ 0.4516, -0.0265]), array([ 0.44239524, -0.02457619]), 0.7854, 1.0]
[9, array([ 0.4516, -0.0265]), array([ 0.44373333, -0.02457619]), 0.7854, 1.0]
[9, array([ 0.4516, -0.0265]), array([ 0.44507143, -0.02457619]), 0.7854, 1.0]
[9, array([ 0.4516, -0.0265]), array([ 0.44640952, -0.02457619]), 0.7854, 0.0]
[9, array([ 0.4516, -0.0265]), array([ 0.44774762, -0.02457619]), 0.7854, 0.0]
[9, array([ 0.4516, -0.0265]), array([ 0.44908571, -0.02457619]), 0.7854, 0.0]
[9, array([ 0.4516, -0.0265]), array([ 0.45042381, -0.02457619]), 0.7854, 0.0]
[9, array([ 0.4516, -0.0265]), array([ 0.4517619 , -0.02457619]), 0.7854, 0.0]
[9, array([ 0.4516, -0.0265]), array([ 0.4531    , -0.02457619]), 0.7854, 0.0]
[9, array([ 0.4516, -0.0265]), array([ 0.425    , -0.0232381]), 0.7854, 1.0]
[9, array([ 0.4516, -0.0265]), array([ 0.4263381, -0.0232381]), 0.7854, 1.0]
[9, array([ 0.4516, -0.0265]), array([ 0.42767619, -0.0232381 ]), 0.7854, 1.0]
[9, array([ 0.4516, -0.0265]), array([ 0.42901429, -0.0232381 ]), 0.7854, 1.0]
[9, array([ 0.4516, -0.0265]), array([ 0.43035238, -0.0232381 ]), 0.7854, 1.0]
[9, array([ 0.4516, -0.0265]), array([ 0.43169048, -0.0232381 ]), 0.7854, 1.0]
[9, array([ 0.4516, -0.0265]), array([ 0.43302857, -0.0232381 ]), 0.7854, 1.0]
[9, array([ 0.4516, -0.0265]), array([ 0.43436667, -0.0232381 ]), 0.7854, 1.0]
[9, array([ 0.4516, -0.0265]), array([ 0.43570476, -0.0232381 ]), 0.7854, 1.0]
[9, array([ 0.4516, -0.0265]), array([ 0.43704286, -0.0232381 ]), 0.7854, 1.0]
[9, array([ 0.4516, -0.0265]), array([ 0.43838095, -0.0232381 ]), 0.7854, 1.0]
[9, array([ 0.4516, -0.0265]), array([ 0.43971905, -0.0232381 ]), 0.7854, 1.0]
[9, array([ 0.4516, -0.0265]), array([ 0.44105714, -0.0232381 ]), 0.7854, 1.0]
[9, array([ 0.4516, -0.0265]), array([ 0.44239524, -0.0232381 ]), 0.7854, 1.0]
[9, array([ 0.4516, -0.0265]), array([ 0.44373333, -0.0232381 ]), 0.7854, 1.0]
[9, array([ 0.4516, -0.0265]), array([ 0.44507143, -0.0232381 ]), 0.7854, 1.0]
[9, array([ 0.4516, -0.0265]), array([ 0.44640952, -0.0232381 ]), 0.7854, 0.0]
[9, array([ 0.4516, -0.0265]), array([ 0.44774762, -0.0232381 ]), 0.7854, 0.0]
[9, array([ 0.4516, -0.0265]), array([ 0.44908571, -0.0232381 ]), 0.7854, 0.0]
[9, array([ 0.4516, -0.0265]), array([ 0.45042381, -0.0232381 ]), 0.7854, 0.0]
[9, array([ 0.4516, -0.0265]), array([ 0.4517619, -0.0232381]), 0.7854, 0.0]
[9, array([ 0.4516, -0.0265]), array([ 0.4531   , -0.0232381]), 0.7854, 0.0]
[9, array([ 0.4516, -0.0265]), array([ 0.425 , -0.0219]), 0.7854, 1.0]
[9, array([ 0.4516, -0.0265]), array([ 0.4263381, -0.0219   ]), 0.7854, 1.0]
[9, array([ 0.4516, -0.0265]), array([ 0.42767619, -0.0219    ]), 0.7854, 1.0]
[9, array([ 0.4516, -0.0265]), array([ 0.42901429, -0.0219    ]), 0.7854, 1.0]
[9, array([ 0.4516, -0.0265]), array([ 0.43035238, -0.0219    ]), 0.7854, 1.0]
[9, array([ 0.4516, -0.0265]), array([ 0.43169048, -0.0219    ]), 0.7854, 1.0]
[9, array([ 0.4516, -0.0265]), array([ 0.43302857, -0.0219    ]), 0.7854, 1.0]
[9, array([ 0.4516, -0.0265]), array([ 0.43436667, -0.0219    ]), 0.7854, 1.0]
[9, array([ 0.4516, -0.0265]), array([ 0.43570476, -0.0219    ]), 0.7854, 1.0]
[9, array([ 0.4516, -0.0265]), array([ 0.43704286, -0.0219    ]), 0.7854, 1.0]
[9, array([ 0.4516, -0.0265]), array([ 0.43838095, -0.0219    ]), 0.7854, 1.0]
[9, array([ 0.4516, -0.0265]), array([ 0.43971905, -0.0219    ]), 0.7854, 1.0]
[9, array([ 0.4516, -0.0265]), array([ 0.44105714, -0.0219    ]), 0.7854, 1.0]
[9, array([ 0.4516, -0.0265]), array([ 0.44239524, -0.0219    ]), 0.7854, 1.0]
[9, array([ 0.4516, -0.0265]), array([ 0.44373333, -0.0219    ]), 0.7854, 1.0]
[9, array([ 0.4516, -0.0265]), array([ 0.44507143, -0.0219    ]), 0.7854, 1.0]
[9, array([ 0.4516, -0.0265]), array([ 0.44640952, -0.0219    ]), 0.7854, 0.0]
[9, array([ 0.4516, -0.0265]), array([ 0.44774762, -0.0219    ]), 0.7854, 0.0]
[9, array([ 0.4516, -0.0265]), array([ 0.44908571, -0.0219    ]), 0.7854, 0.0]
[9, array([ 0.4516, -0.0265]), array([ 0.45042381, -0.0219    ]), 0.7854, 0.0]
[9, array([ 0.4516, -0.0265]), array([ 0.4517619, -0.0219   ]), 0.7854, 0.0]
[9, array([ 0.4516, -0.0265]), array([ 0.4531, -0.0219]), 0.7854, 0.0]
[6, array([0.4883, 0.0258]), array([0.4438, 0.0219]), 0.7854, 0.0]
[6, array([0.4883, 0.0258]), array([0.44647619, 0.0219    ]), 0.7854, 0.0]
[6, array([0.4883, 0.0258]), array([0.44915238, 0.0219    ]), 0.7854, 0.0]
[6, array([0.4883, 0.0258]), array([0.45182857, 0.0219    ]), 0.7854, 0.0]
[6, array([0.4883, 0.0258]), array([0.45450476, 0.0219    ]), 0.7854, 0.0]
[6, array([0.4883, 0.0258]), array([0.45718095, 0.0219    ]), 0.7854, 0.0]
[6, array([0.4883, 0.0258]), array([0.45985714, 0.0219    ]), 0.7854, 0.0]
[6, array([0.4883, 0.0258]), array([0.46253333, 0.0219    ]), 0.7854, 0.0]
[6, array([0.4883, 0.0258]), array([0.46520952, 0.0219    ]), 0.7854, 0.0]
[6, array([0.4883, 0.0258]), array([0.46788571, 0.0219    ]), 0.7854, 1.0]
[6, array([0.4883, 0.0258]), array([0.4705619, 0.0219   ]), 0.7854, 1.0]
[6, array([0.4883, 0.0258]), array([0.4732381, 0.0219   ]), 0.7854, 1.0]
[6, array([0.4883, 0.0258]), array([0.47591429, 0.0219    ]), 0.7854, 1.0]
[6, array([0.4883, 0.0258]), array([0.47859048, 0.0219    ]), 0.7854, 1.0]
[6, array([0.4883, 0.0258]), array([0.48126667, 0.0219    ]), 0.7854, 1.0]
[6, array([0.4883, 0.0258]), array([0.48394286, 0.0219    ]), 0.7854, 1.0]
[6, array([0.4883, 0.0258]), array([0.48661905, 0.0219    ]), 0.7854, 1.0]
[6, array([0.4883, 0.0258]), array([0.48929524, 0.0219    ]), 0.7854, 1.0]
[6, array([0.4883, 0.0258]), array([0.49197143, 0.0219    ]), 0.7854, 1.0]
[6, array([0.4883, 0.0258]), array([0.49464762, 0.0219    ]), 0.7854, 0.0]
[6, array([0.4883, 0.0258]), array([0.49732381, 0.0219    ]), 0.7854, 1.0]
[6, array([0.4883, 0.0258]), array([0.5   , 0.0219]), 0.7854, 1.0]
[6, array([0.4883, 0.0258]), array([0.4438    , 0.02457619]), 0.7854, 0.0]
[6, array([0.4883, 0.0258]), array([0.44647619, 0.02457619]), 0.7854, 0.0]
[6, array([0.4883, 0.0258]), array([0.44915238, 0.02457619]), 0.7854, 0.0]
[6, array([0.4883, 0.0258]), array([0.45182857, 0.02457619]), 0.7854, 0.0]
[6, array([0.4883, 0.0258]), array([0.45450476, 0.02457619]), 0.7854, 0.0]
[6, array([0.4883, 0.0258]), array([0.45718095, 0.02457619]), 0.7854, 0.0]
[6, array([0.4883, 0.0258]), array([0.45985714, 0.02457619]), 0.7854, 0.0]
[6, array([0.4883, 0.0258]), array([0.46253333, 0.02457619]), 0.7854, 0.0]
[6, array([0.4883, 0.0258]), array([0.46520952, 0.02457619]), 0.7854, 0.0]
[6, array([0.4883, 0.0258]), array([0.46788571, 0.02457619]), 0.7854, 0.0]
[6, array([0.4883, 0.0258]), array([0.4705619 , 0.02457619]), 0.7854, 1.0]
[6, array([0.4883, 0.0258]), array([0.4732381 , 0.02457619]), 0.7854, 1.0]
[6, array([0.4883, 0.0258]), array([0.47591429, 0.02457619]), 0.7854, 1.0]
[6, array([0.4883, 0.0258]), array([0.47859048, 0.02457619]), 0.7854, 1.0]
[6, array([0.4883, 0.0258]), array([0.48126667, 0.02457619]), 0.7854, 1.0]
[6, array([0.4883, 0.0258]), array([0.48394286, 0.02457619]), 0.7854, 1.0]
[6, array([0.4883, 0.0258]), array([0.48661905, 0.02457619]), 0.7854, 1.0]
[6, array([0.4883, 0.0258]), array([0.48929524, 0.02457619]), 0.7854, 1.0]
[6, array([0.4883, 0.0258]), array([0.49197143, 0.02457619]), 0.7854, 1.0]
[6, array([0.4883, 0.0258]), array([0.49464762, 0.02457619]), 0.7854, 1.0]
[6, array([0.4883, 0.0258]), array([0.49732381, 0.02457619]), 0.7854, 1.0]
[6, array([0.4883, 0.0258]), array([0.5       , 0.02457619]), 0.7854, 1.0]
[6, array([0.4883, 0.0258]), array([0.4438    , 0.02725238]), 0.7854, 0.0]
[6, array([0.4883, 0.0258]), array([0.44647619, 0.02725238]), 0.7854, 0.0]
[6, array([0.4883, 0.0258]), array([0.44915238, 0.02725238]), 0.7854, 0.0]
[6, array([0.4883, 0.0258]), array([0.45182857, 0.02725238]), 0.7854, 0.0]
[6, array([0.4883, 0.0258]), array([0.45450476, 0.02725238]), 0.7854, 0.0]
[6, array([0.4883, 0.0258]), array([0.45718095, 0.02725238]), 0.7854, 0.0]
[6, array([0.4883, 0.0258]), array([0.45985714, 0.02725238]), 0.7854, 0.0]
[6, array([0.4883, 0.0258]), array([0.46253333, 0.02725238]), 0.7854, 0.0]
[6, array([0.4883, 0.0258]), array([0.46520952, 0.02725238]), 0.7854, 0.0]
[6, array([0.4883, 0.0258]), array([0.46788571, 0.02725238]), 0.7854, 1.0]
[6, array([0.4883, 0.0258]), array([0.4705619 , 0.02725238]), 0.7854, 0.0]
[6, array([0.4883, 0.0258]), array([0.4732381 , 0.02725238]), 0.7854, 1.0]
[6, array([0.4883, 0.0258]), array([0.47591429, 0.02725238]), 0.7854, 1.0]
[6, array([0.4883, 0.0258]), array([0.47859048, 0.02725238]), 0.7854, 1.0]
[6, array([0.4883, 0.0258]), array([0.48126667, 0.02725238]), 0.7854, 1.0]
[6, array([0.4883, 0.0258]), array([0.48394286, 0.02725238]), 0.7854, 1.0]
[6, array([0.4883, 0.0258]), array([0.48661905, 0.02725238]), 0.7854, 1.0]
[6, array([0.4883, 0.0258]), array([0.48929524, 0.02725238]), 0.7854, 1.0]
[6, array([0.4883, 0.0258]), array([0.49197143, 0.02725238]), 0.7854, 1.0]
[6, array([0.4883, 0.0258]), array([0.49464762, 0.02725238]), 0.7854, 1.0]
[6, array([0.4883, 0.0258]), array([0.49732381, 0.02725238]), 0.7854, 1.0]
[6, array([0.4883, 0.0258]), array([0.5       , 0.02725238]), 0.7854, 1.0]
[6, array([0.4883, 0.0258]), array([0.4438    , 0.02992857]), 0.7854, 0.0]
[6, array([0.4883, 0.0258]), array([0.44647619, 0.02992857]), 0.7854, 0.0]
[6, array([0.4883, 0.0258]), array([0.44915238, 0.02992857]), 0.7854, 0.0]
[6, array([0.4883, 0.0258]), array([0.45182857, 0.02992857]), 0.7854, 0.0]
[6, array([0.4883, 0.0258]), array([0.45450476, 0.02992857]), 0.7854, 0.0]
[6, array([0.4883, 0.0258]), array([0.45718095, 0.02992857]), 0.7854, 0.0]
[6, array([0.4883, 0.0258]), array([0.45985714, 0.02992857]), 0.7854, 0.0]
[6, array([0.4883, 0.0258]), array([0.46253333, 0.02992857]), 0.7854, 0.0]
[6, array([0.4883, 0.0258]), array([0.46520952, 0.02992857]), 0.7854, 0.0]
[6, array([0.4883, 0.0258]), array([0.46788571, 0.02992857]), 0.7854, 0.0]
[6, array([0.4883, 0.0258]), array([0.4705619 , 0.02992857]), 0.7854, 0.0]
[6, array([0.4883, 0.0258]), array([0.4732381 , 0.02992857]), 0.7854, 0.0]
[6, array([0.4883, 0.0258]), array([0.47591429, 0.02992857]), 0.7854, 1.0]
[6, array([0.4883, 0.0258]), array([0.47859048, 0.02992857]), 0.7854, 1.0]
[6, array([0.4883, 0.0258]), array([0.48126667, 0.02992857]), 0.7854, 0.0]
[6, array([0.4883, 0.0258]), array([0.48394286, 0.02992857]), 0.7854, 1.0]
[6, array([0.4883, 0.0258]), array([0.48661905, 0.02992857]), 0.7854, 1.0]
[6, array([0.4883, 0.0258]), array([0.48929524, 0.02992857]), 0.7854, 1.0]
[6, array([0.4883, 0.0258]), array([0.49197143, 0.02992857]), 0.7854, 1.0]
[6, array([0.4883, 0.0258]), array([0.49464762, 0.02992857]), 0.7854, 0.0]
[6, array([0.4883, 0.0258]), array([0.49732381, 0.02992857]), 0.7854, 1.0]
[6, array([0.4883, 0.0258]), array([0.5       , 0.02992857]), 0.7854, 0.0]
[6, array([0.4883, 0.0258]), array([0.4438    , 0.03260476]), 0.7854, 0.0]
[6, array([0.4883, 0.0258]), array([0.44647619, 0.03260476]), 0.7854, 0.0]
[6, array([0.4883, 0.0258]), array([0.44915238, 0.03260476]), 0.7854, 0.0]
[6, array([0.4883, 0.0258]), array([0.45182857, 0.03260476]), 0.7854, 0.0]
[6, array([0.4883, 0.0258]), array([0.45450476, 0.03260476]), 0.7854, 0.0]
[6, array([0.4883, 0.0258]), array([0.45718095, 0.03260476]), 0.7854, 0.0]
[6, array([0.4883, 0.0258]), array([0.45985714, 0.03260476]), 0.7854, 0.0]
[6, array([0.4883, 0.0258]), array([0.46253333, 0.03260476]), 0.7854, 0.0]
[6, array([0.4883, 0.0258]), array([0.46520952, 0.03260476]), 0.7854, 0.0]
[6, array([0.4883, 0.0258]), array([0.46788571, 0.03260476]), 0.7854, 0.0]
[6, array([0.4883, 0.0258]), array([0.4705619 , 0.03260476]), 0.7854, 0.0]
[6, array([0.4883, 0.0258]), array([0.4732381 , 0.03260476]), 0.7854, 0.0]
[6, array([0.4883, 0.0258]), array([0.47591429, 0.03260476]), 0.7854, 0.0]
[6, array([0.4883, 0.0258]), array([0.47859048, 0.03260476]), 0.7854, 1.0]
[6, array([0.4883, 0.0258]), array([0.48126667, 0.03260476]), 0.7854, 1.0]
[6, array([0.4883, 0.0258]), array([0.48394286, 0.03260476]), 0.7854, 1.0]
[6, array([0.4883, 0.0258]), array([0.48661905, 0.03260476]), 0.7854, 1.0]
[6, array([0.4883, 0.0258]), array([0.48929524, 0.03260476]), 0.7854, 1.0]
[6, array([0.4883, 0.0258]), array([0.49197143, 0.03260476]), 0.7854, 1.0]
[6, array([0.4883, 0.0258]), array([0.49464762, 0.03260476]), 0.7854, 1.0]
[6, array([0.4883, 0.0258]), array([0.49732381, 0.03260476]), 0.7854, 1.0]
[6, array([0.4883, 0.0258]), array([0.5       , 0.03260476]), 0.7854, 0.0]
[6, array([0.4883, 0.0258]), array([0.4438    , 0.03528095]), 0.7854, 0.0]
[6, array([0.4883, 0.0258]), array([0.44647619, 0.03528095]), 0.7854, 0.0]
[6, array([0.4883, 0.0258]), array([0.44915238, 0.03528095]), 0.7854, 0.0]
[6, array([0.4883, 0.0258]), array([0.45182857, 0.03528095]), 0.7854, 0.0]
[6, array([0.4883, 0.0258]), array([0.45450476, 0.03528095]), 0.7854, 0.0]
[6, array([0.4883, 0.0258]), array([0.45718095, 0.03528095]), 0.7854, 0.0]
[6, array([0.4883, 0.0258]), array([0.45985714, 0.03528095]), 0.7854, 0.0]
[6, array([0.4883, 0.0258]), array([0.46253333, 0.03528095]), 0.7854, 0.0]
[6, array([0.4883, 0.0258]), array([0.46520952, 0.03528095]), 0.7854, 0.0]
[6, array([0.4883, 0.0258]), array([0.46788571, 0.03528095]), 0.7854, 0.0]
[6, array([0.4883, 0.0258]), array([0.4705619 , 0.03528095]), 0.7854, 0.0]
[6, array([0.4883, 0.0258]), array([0.4732381 , 0.03528095]), 0.7854, 0.0]
[6, array([0.4883, 0.0258]), array([0.47591429, 0.03528095]), 0.7854, 0.0]
[6, array([0.4883, 0.0258]), array([0.47859048, 0.03528095]), 0.7854, 0.0]
[6, array([0.4883, 0.0258]), array([0.48126667, 0.03528095]), 0.7854, 1.0]
[6, array([0.4883, 0.0258]), array([0.48394286, 0.03528095]), 0.7854, 1.0]
[6, array([0.4883, 0.0258]), array([0.48661905, 0.03528095]), 0.7854, 1.0]
[6, array([0.4883, 0.0258]), array([0.48929524, 0.03528095]), 0.7854, 1.0]
[6, array([0.4883, 0.0258]), array([0.49197143, 0.03528095]), 0.7854, 1.0]
[6, array([0.4883, 0.0258]), array([0.49464762, 0.03528095]), 0.7854, 0.0]
[6, array([0.4883, 0.0258]), array([0.49732381, 0.03528095]), 0.7854, 0.0]
[6, array([0.4883, 0.0258]), array([0.5       , 0.03528095]), 0.7854, 0.0]
[6, array([0.4883, 0.0258]), array([0.4438    , 0.03795714]), 0.7854, 0.0]
[6, array([0.4883, 0.0258]), array([0.44647619, 0.03795714]), 0.7854, 0.0]
[6, array([0.4883, 0.0258]), array([0.44915238, 0.03795714]), 0.7854, 0.0]
[6, array([0.4883, 0.0258]), array([0.45182857, 0.03795714]), 0.7854, 0.0]
[6, array([0.4883, 0.0258]), array([0.45450476, 0.03795714]), 0.7854, 0.0]
[6, array([0.4883, 0.0258]), array([0.45718095, 0.03795714]), 0.7854, 0.0]
[6, array([0.4883, 0.0258]), array([0.45985714, 0.03795714]), 0.7854, 0.0]
[6, array([0.4883, 0.0258]), array([0.46253333, 0.03795714]), 0.7854, 0.0]
[6, array([0.4883, 0.0258]), array([0.46520952, 0.03795714]), 0.7854, 0.0]
[6, array([0.4883, 0.0258]), array([0.46788571, 0.03795714]), 0.7854, 0.0]
[6, array([0.4883, 0.0258]), array([0.4705619 , 0.03795714]), 0.7854, 0.0]
[6, array([0.4883, 0.0258]), array([0.4732381 , 0.03795714]), 0.7854, 0.0]
[6, array([0.4883, 0.0258]), array([0.47591429, 0.03795714]), 0.7854, 0.0]
[6, array([0.4883, 0.0258]), array([0.47859048, 0.03795714]), 0.7854, 0.0]
[6, array([0.4883, 0.0258]), array([0.48126667, 0.03795714]), 0.7854, 0.0]
[6, array([0.4883, 0.0258]), array([0.48394286, 0.03795714]), 0.7854, 1.0]
[6, array([0.4883, 0.0258]), array([0.48661905, 0.03795714]), 0.7854, 1.0]
[6, array([0.4883, 0.0258]), array([0.48929524, 0.03795714]), 0.7854, 1.0]
[6, array([0.4883, 0.0258]), array([0.49197143, 0.03795714]), 0.7854, 1.0]
[6, array([0.4883, 0.0258]), array([0.49464762, 0.03795714]), 0.7854, 0.0]
[6, array([0.4883, 0.0258]), array([0.49732381, 0.03795714]), 0.7854, 0.0]
[6, array([0.4883, 0.0258]), array([0.5       , 0.03795714]), 0.7854, 0.0]
[6, array([0.4883, 0.0258]), array([0.4438    , 0.04063333]), 0.7854, 0.0]
[6, array([0.4883, 0.0258]), array([0.44647619, 0.04063333]), 0.7854, 0.0]
[6, array([0.4883, 0.0258]), array([0.44915238, 0.04063333]), 0.7854, 0.0]
[6, array([0.4883, 0.0258]), array([0.45182857, 0.04063333]), 0.7854, 0.0]
[6, array([0.4883, 0.0258]), array([0.45450476, 0.04063333]), 0.7854, 0.0]
[6, array([0.4883, 0.0258]), array([0.45718095, 0.04063333]), 0.7854, 0.0]
[6, array([0.4883, 0.0258]), array([0.45985714, 0.04063333]), 0.7854, 0.0]
[6, array([0.4883, 0.0258]), array([0.46253333, 0.04063333]), 0.7854, 0.0]
[6, array([0.4883, 0.0258]), array([0.46520952, 0.04063333]), 0.7854, 0.0]
[6, array([0.4883, 0.0258]), array([0.46788571, 0.04063333]), 0.7854, 0.0]
[6, array([0.4883, 0.0258]), array([0.4705619 , 0.04063333]), 0.7854, 0.0]
[6, array([0.4883, 0.0258]), array([0.4732381 , 0.04063333]), 0.7854, 0.0]
[6, array([0.4883, 0.0258]), array([0.47591429, 0.04063333]), 0.7854, 0.0]
[6, array([0.4883, 0.0258]), array([0.47859048, 0.04063333]), 0.7854, 0.0]
[6, array([0.4883, 0.0258]), array([0.48126667, 0.04063333]), 0.7854, 0.0]
[6, array([0.4883, 0.0258]), array([0.48394286, 0.04063333]), 0.7854, 1.0]
[6, array([0.4883, 0.0258]), array([0.48661905, 0.04063333]), 0.7854, 1.0]
[6, array([0.4883, 0.0258]), array([0.48929524, 0.04063333]), 0.7854, 1.0]
[6, array([0.4883, 0.0258]), array([0.49197143, 0.04063333]), 0.7854, 0.0]
[6, array([0.4883, 0.0258]), array([0.49464762, 0.04063333]), 0.7854, 0.0]
[6, array([0.4883, 0.0258]), array([0.49732381, 0.04063333]), 0.7854, 1.0]
[6, array([0.4883, 0.0258]), array([0.5       , 0.04063333]), 0.7854, 1.0]
[6, array([0.4883, 0.0258]), array([0.4438    , 0.04330952]), 0.7854, 0.0]
[6, array([0.4883, 0.0258]), array([0.44647619, 0.04330952]), 0.7854, 0.0]
[6, array([0.4883, 0.0258]), array([0.44915238, 0.04330952]), 0.7854, 0.0]
[6, array([0.4883, 0.0258]), array([0.45182857, 0.04330952]), 0.7854, 0.0]
[6, array([0.4883, 0.0258]), array([0.45450476, 0.04330952]), 0.7854, 0.0]
[6, array([0.4883, 0.0258]), array([0.45718095, 0.04330952]), 0.7854, 0.0]
[6, array([0.4883, 0.0258]), array([0.45985714, 0.04330952]), 0.7854, 0.0]
[6, array([0.4883, 0.0258]), array([0.46253333, 0.04330952]), 0.7854, 0.0]
[6, array([0.4883, 0.0258]), array([0.46520952, 0.04330952]), 0.7854, 0.0]
[6, array([0.4883, 0.0258]), array([0.46788571, 0.04330952]), 0.7854, 0.0]
[6, array([0.4883, 0.0258]), array([0.4705619 , 0.04330952]), 0.7854, 0.0]
[6, array([0.4883, 0.0258]), array([0.4732381 , 0.04330952]), 0.7854, 0.0]
[6, array([0.4883, 0.0258]), array([0.47591429, 0.04330952]), 0.7854, 0.0]
[6, array([0.4883, 0.0258]), array([0.47859048, 0.04330952]), 0.7854, 0.0]
[6, array([0.4883, 0.0258]), array([0.48126667, 0.04330952]), 0.7854, 0.0]
[6, array([0.4883, 0.0258]), array([0.48394286, 0.04330952]), 0.7854, 1.0]
[6, array([0.4883, 0.0258]), array([0.48661905, 0.04330952]), 0.7854, 1.0]
[6, array([0.4883, 0.0258]), array([0.48929524, 0.04330952]), 0.7854, 1.0]
[6, array([0.4883, 0.0258]), array([0.49197143, 0.04330952]), 0.7854, 1.0]
[6, array([0.4883, 0.0258]), array([0.49464762, 0.04330952]), 0.7854, 1.0]
[6, array([0.4883, 0.0258]), array([0.49732381, 0.04330952]), 0.7854, 1.0]
[6, array([0.4883, 0.0258]), array([0.5       , 0.04330952]), 0.7854, 1.0]
[6, array([0.4883, 0.0258]), array([0.4438    , 0.04598571]), 0.7854, 0.0]
[6, array([0.4883, 0.0258]), array([0.44647619, 0.04598571]), 0.7854, 0.0]
[6, array([0.4883, 0.0258]), array([0.44915238, 0.04598571]), 0.7854, 0.0]
[6, array([0.4883, 0.0258]), array([0.45182857, 0.04598571]), 0.7854, 0.0]
[6, array([0.4883, 0.0258]), array([0.45450476, 0.04598571]), 0.7854, 0.0]
[6, array([0.4883, 0.0258]), array([0.45718095, 0.04598571]), 0.7854, 0.0]
[6, array([0.4883, 0.0258]), array([0.45985714, 0.04598571]), 0.7854, 0.0]
[6, array([0.4883, 0.0258]), array([0.46253333, 0.04598571]), 0.7854, 0.0]
[6, array([0.4883, 0.0258]), array([0.46520952, 0.04598571]), 0.7854, 0.0]
[6, array([0.4883, 0.0258]), array([0.46788571, 0.04598571]), 0.7854, 0.0]
[6, array([0.4883, 0.0258]), array([0.4705619 , 0.04598571]), 0.7854, 0.0]
[6, array([0.4883, 0.0258]), array([0.4732381 , 0.04598571]), 0.7854, 0.0]
[6, array([0.4883, 0.0258]), array([0.47591429, 0.04598571]), 0.7854, 0.0]
[6, array([0.4883, 0.0258]), array([0.47859048, 0.04598571]), 0.7854, 0.0]
[6, array([0.4883, 0.0258]), array([0.48126667, 0.04598571]), 0.7854, 0.0]
[6, array([0.4883, 0.0258]), array([0.48394286, 0.04598571]), 0.7854, 1.0]
[6, array([0.4883, 0.0258]), array([0.48661905, 0.04598571]), 0.7854, 1.0]
[6, array([0.4883, 0.0258]), array([0.48929524, 0.04598571]), 0.7854, 1.0]
[6, array([0.4883, 0.0258]), array([0.49197143, 0.04598571]), 0.7854, 1.0]
[6, array([0.4883, 0.0258]), array([0.49464762, 0.04598571]), 0.7854, 1.0]
[6, array([0.4883, 0.0258]), array([0.49732381, 0.04598571]), 0.7854, 1.0]
[6, array([0.4883, 0.0258]), array([0.5       , 0.04598571]), 0.7854, 1.0]
[6, array([0.4883, 0.0258]), array([0.4438   , 0.0486619]), 0.7854, 0.0]
[6, array([0.4883, 0.0258]), array([0.44647619, 0.0486619 ]), 0.7854, 0.0]
[6, array([0.4883, 0.0258]), array([0.44915238, 0.0486619 ]), 0.7854, 0.0]
[6, array([0.4883, 0.0258]), array([0.45182857, 0.0486619 ]), 0.7854, 0.0]
[6, array([0.4883, 0.0258]), array([0.45450476, 0.0486619 ]), 0.7854, 0.0]
[6, array([0.4883, 0.0258]), array([0.45718095, 0.0486619 ]), 0.7854, 0.0]
[6, array([0.4883, 0.0258]), array([0.45985714, 0.0486619 ]), 0.7854, 0.0]
[6, array([0.4883, 0.0258]), array([0.46253333, 0.0486619 ]), 0.7854, 0.0]
[6, array([0.4883, 0.0258]), array([0.46520952, 0.0486619 ]), 0.7854, 0.0]
[6, array([0.4883, 0.0258]), array([0.46788571, 0.0486619 ]), 0.7854, 0.0]
[6, array([0.4883, 0.0258]), array([0.4705619, 0.0486619]), 0.7854, 0.0]
[6, array([0.4883, 0.0258]), array([0.4732381, 0.0486619]), 0.7854, 0.0]
[6, array([0.4883, 0.0258]), array([0.47591429, 0.0486619 ]), 0.7854, 0.0]
[6, array([0.4883, 0.0258]), array([0.47859048, 0.0486619 ]), 0.7854, 0.0]
[6, array([0.4883, 0.0258]), array([0.48126667, 0.0486619 ]), 0.7854, 0.0]
[6, array([0.4883, 0.0258]), array([0.48394286, 0.0486619 ]), 0.7854, 0.0]
[6, array([0.4883, 0.0258]), array([0.48661905, 0.0486619 ]), 0.7854, 1.0]
[6, array([0.4883, 0.0258]), array([0.48929524, 0.0486619 ]), 0.7854, 1.0]
[6, array([0.4883, 0.0258]), array([0.49197143, 0.0486619 ]), 0.7854, 1.0]
[6, array([0.4883, 0.0258]), array([0.49464762, 0.0486619 ]), 0.7854, 1.0]
[6, array([0.4883, 0.0258]), array([0.49732381, 0.0486619 ]), 0.7854, 1.0]
[6, array([0.4883, 0.0258]), array([0.5      , 0.0486619]), 0.7854, 1.0]
[6, array([0.4883, 0.0258]), array([0.4438   , 0.0513381]), 0.7854, 0.0]
[6, array([0.4883, 0.0258]), array([0.44647619, 0.0513381 ]), 0.7854, 0.0]
[6, array([0.4883, 0.0258]), array([0.44915238, 0.0513381 ]), 0.7854, 0.0]
[6, array([0.4883, 0.0258]), array([0.45182857, 0.0513381 ]), 0.7854, 0.0]
[6, array([0.4883, 0.0258]), array([0.45450476, 0.0513381 ]), 0.7854, 0.0]
[6, array([0.4883, 0.0258]), array([0.45718095, 0.0513381 ]), 0.7854, 0.0]
[6, array([0.4883, 0.0258]), array([0.45985714, 0.0513381 ]), 0.7854, 0.0]
[6, array([0.4883, 0.0258]), array([0.46253333, 0.0513381 ]), 0.7854, 0.0]
[6, array([0.4883, 0.0258]), array([0.46520952, 0.0513381 ]), 0.7854, 0.0]
[6, array([0.4883, 0.0258]), array([0.46788571, 0.0513381 ]), 0.7854, 0.0]
[6, array([0.4883, 0.0258]), array([0.4705619, 0.0513381]), 0.7854, 0.0]
[6, array([0.4883, 0.0258]), array([0.4732381, 0.0513381]), 0.7854, 0.0]
[6, array([0.4883, 0.0258]), array([0.47591429, 0.0513381 ]), 0.7854, 0.0]
[6, array([0.4883, 0.0258]), array([0.47859048, 0.0513381 ]), 0.7854, 0.0]
[6, array([0.4883, 0.0258]), array([0.48126667, 0.0513381 ]), 0.7854, 0.0]
[6, array([0.4883, 0.0258]), array([0.48394286, 0.0513381 ]), 0.7854, 0.0]
[6, array([0.4883, 0.0258]), array([0.48661905, 0.0513381 ]), 0.7854, 1.0]
[6, array([0.4883, 0.0258]), array([0.48929524, 0.0513381 ]), 0.7854, 1.0]
[6, array([0.4883, 0.0258]), array([0.49197143, 0.0513381 ]), 0.7854, 1.0]
[6, array([0.4883, 0.0258]), array([0.49464762, 0.0513381 ]), 0.7854, 1.0]
[6, array([0.4883, 0.0258]), array([0.49732381, 0.0513381 ]), 0.7854, 1.0]
[6, array([0.4883, 0.0258]), array([0.5      , 0.0513381]), 0.7854, 1.0]
[6, array([0.4883, 0.0258]), array([0.4438    , 0.05401429]), 0.7854, 0.0]
[6, array([0.4883, 0.0258]), array([0.44647619, 0.05401429]), 0.7854, 0.0]
[6, array([0.4883, 0.0258]), array([0.44915238, 0.05401429]), 0.7854, 0.0]
[6, array([0.4883, 0.0258]), array([0.45182857, 0.05401429]), 0.7854, 0.0]
[6, array([0.4883, 0.0258]), array([0.45450476, 0.05401429]), 0.7854, 0.0]
[6, array([0.4883, 0.0258]), array([0.45718095, 0.05401429]), 0.7854, 0.0]
[6, array([0.4883, 0.0258]), array([0.45985714, 0.05401429]), 0.7854, 0.0]
[6, array([0.4883, 0.0258]), array([0.46253333, 0.05401429]), 0.7854, 0.0]
[6, array([0.4883, 0.0258]), array([0.46520952, 0.05401429]), 0.7854, 0.0]
[6, array([0.4883, 0.0258]), array([0.46788571, 0.05401429]), 0.7854, 0.0]
[6, array([0.4883, 0.0258]), array([0.4705619 , 0.05401429]), 0.7854, 0.0]
[6, array([0.4883, 0.0258]), array([0.4732381 , 0.05401429]), 0.7854, 0.0]
[6, array([0.4883, 0.0258]), array([0.47591429, 0.05401429]), 0.7854, 0.0]
[6, array([0.4883, 0.0258]), array([0.47859048, 0.05401429]), 0.7854, 0.0]
[6, array([0.4883, 0.0258]), array([0.48126667, 0.05401429]), 0.7854, 0.0]
[6, array([0.4883, 0.0258]), array([0.48394286, 0.05401429]), 0.7854, 0.0]
[6, array([0.4883, 0.0258]), array([0.48661905, 0.05401429]), 0.7854, 0.0]
[6, array([0.4883, 0.0258]), array([0.48929524, 0.05401429]), 0.7854, 1.0]
[6, array([0.4883, 0.0258]), array([0.49197143, 0.05401429]), 0.7854, 1.0]
[6, array([0.4883, 0.0258]), array([0.49464762, 0.05401429]), 0.7854, 0.0]
[6, array([0.4883, 0.0258]), array([0.49732381, 0.05401429]), 0.7854, 1.0]
[6, array([0.4883, 0.0258]), array([0.5       , 0.05401429]), 0.7854, 1.0]
[6, array([0.4883, 0.0258]), array([0.4438    , 0.05669048]), 0.7854, 0.0]
[6, array([0.4883, 0.0258]), array([0.44647619, 0.05669048]), 0.7854, 0.0]
[6, array([0.4883, 0.0258]), array([0.44915238, 0.05669048]), 0.7854, 0.0]
[6, array([0.4883, 0.0258]), array([0.45182857, 0.05669048]), 0.7854, 0.0]
[6, array([0.4883, 0.0258]), array([0.45450476, 0.05669048]), 0.7854, 0.0]
[6, array([0.4883, 0.0258]), array([0.45718095, 0.05669048]), 0.7854, 0.0]
[6, array([0.4883, 0.0258]), array([0.45985714, 0.05669048]), 0.7854, 0.0]
[6, array([0.4883, 0.0258]), array([0.46253333, 0.05669048]), 0.7854, 0.0]
[6, array([0.4883, 0.0258]), array([0.46520952, 0.05669048]), 0.7854, 0.0]
[6, array([0.4883, 0.0258]), array([0.46788571, 0.05669048]), 0.7854, 0.0]
[6, array([0.4883, 0.0258]), array([0.4705619 , 0.05669048]), 0.7854, 0.0]
[6, array([0.4883, 0.0258]), array([0.4732381 , 0.05669048]), 0.7854, 0.0]
[6, array([0.4883, 0.0258]), array([0.47591429, 0.05669048]), 0.7854, 0.0]
[6, array([0.4883, 0.0258]), array([0.47859048, 0.05669048]), 0.7854, 0.0]
[6, array([0.4883, 0.0258]), array([0.48126667, 0.05669048]), 0.7854, 0.0]
[6, array([0.4883, 0.0258]), array([0.48394286, 0.05669048]), 0.7854, 0.0]
[6, array([0.4883, 0.0258]), array([0.48661905, 0.05669048]), 0.7854, 0.0]
[6, array([0.4883, 0.0258]), array([0.48929524, 0.05669048]), 0.7854, 0.0]
[6, array([0.4883, 0.0258]), array([0.49197143, 0.05669048]), 0.7854, 1.0]
[6, array([0.4883, 0.0258]), array([0.49464762, 0.05669048]), 0.7854, 1.0]
[6, array([0.4883, 0.0258]), array([0.49732381, 0.05669048]), 0.7854, 1.0]
[6, array([0.4883, 0.0258]), array([0.5       , 0.05669048]), 0.7854, 0.0]
[6, array([0.4883, 0.0258]), array([0.4438    , 0.05936667]), 0.7854, 0.0]
[6, array([0.4883, 0.0258]), array([0.44647619, 0.05936667]), 0.7854, 0.0]
[6, array([0.4883, 0.0258]), array([0.44915238, 0.05936667]), 0.7854, 0.0]
[6, array([0.4883, 0.0258]), array([0.45182857, 0.05936667]), 0.7854, 0.0]
[6, array([0.4883, 0.0258]), array([0.45450476, 0.05936667]), 0.7854, 0.0]
[6, array([0.4883, 0.0258]), array([0.45718095, 0.05936667]), 0.7854, 0.0]
[6, array([0.4883, 0.0258]), array([0.45985714, 0.05936667]), 0.7854, 0.0]
[6, array([0.4883, 0.0258]), array([0.46253333, 0.05936667]), 0.7854, 0.0]
[6, array([0.4883, 0.0258]), array([0.46520952, 0.05936667]), 0.7854, 0.0]
[6, array([0.4883, 0.0258]), array([0.46788571, 0.05936667]), 0.7854, 0.0]
[6, array([0.4883, 0.0258]), array([0.4705619 , 0.05936667]), 0.7854, 0.0]
[6, array([0.4883, 0.0258]), array([0.4732381 , 0.05936667]), 0.7854, 0.0]
[6, array([0.4883, 0.0258]), array([0.47591429, 0.05936667]), 0.7854, 0.0]
[6, array([0.4883, 0.0258]), array([0.47859048, 0.05936667]), 0.7854, 0.0]
[6, array([0.4883, 0.0258]), array([0.48126667, 0.05936667]), 0.7854, 0.0]
[6, array([0.4883, 0.0258]), array([0.48394286, 0.05936667]), 0.7854, 0.0]
[6, array([0.4883, 0.0258]), array([0.48661905, 0.05936667]), 0.7854, 0.0]
[6, array([0.4883, 0.0258]), array([0.48929524, 0.05936667]), 0.7854, 0.0]
[6, array([0.4883, 0.0258]), array([0.49197143, 0.05936667]), 0.7854, 0.0]
[6, array([0.4883, 0.0258]), array([0.49464762, 0.05936667]), 0.7854, 0.0]
[6, array([0.4883, 0.0258]), array([0.49732381, 0.05936667]), 0.7854, 0.0]
[6, array([0.4883, 0.0258]), array([0.5       , 0.05936667]), 0.7854, 0.0]
[6, array([0.4883, 0.0258]), array([0.4438    , 0.06204286]), 0.7854, 0.0]
[6, array([0.4883, 0.0258]), array([0.44647619, 0.06204286]), 0.7854, 0.0]
[6, array([0.4883, 0.0258]), array([0.44915238, 0.06204286]), 0.7854, 0.0]
[6, array([0.4883, 0.0258]), array([0.45182857, 0.06204286]), 0.7854, 0.0]
[6, array([0.4883, 0.0258]), array([0.45450476, 0.06204286]), 0.7854, 0.0]
[6, array([0.4883, 0.0258]), array([0.45718095, 0.06204286]), 0.7854, 0.0]
[6, array([0.4883, 0.0258]), array([0.45985714, 0.06204286]), 0.7854, 0.0]
[6, array([0.4883, 0.0258]), array([0.46253333, 0.06204286]), 0.7854, 0.0]
[6, array([0.4883, 0.0258]), array([0.46520952, 0.06204286]), 0.7854, 0.0]
[6, array([0.4883, 0.0258]), array([0.46788571, 0.06204286]), 0.7854, 0.0]
[6, array([0.4883, 0.0258]), array([0.4705619 , 0.06204286]), 0.7854, 0.0]
[6, array([0.4883, 0.0258]), array([0.4732381 , 0.06204286]), 0.7854, 0.0]
[6, array([0.4883, 0.0258]), array([0.47591429, 0.06204286]), 0.7854, 0.0]
[6, array([0.4883, 0.0258]), array([0.47859048, 0.06204286]), 0.7854, 0.0]
[6, array([0.4883, 0.0258]), array([0.48126667, 0.06204286]), 0.7854, 0.0]
[6, array([0.4883, 0.0258]), array([0.48394286, 0.06204286]), 0.7854, 0.0]
[6, array([0.4883, 0.0258]), array([0.48661905, 0.06204286]), 0.7854, 0.0]
[6, array([0.4883, 0.0258]), array([0.48929524, 0.06204286]), 0.7854, 0.0]
[6, array([0.4883, 0.0258]), array([0.49197143, 0.06204286]), 0.7854, 0.0]
[6, array([0.4883, 0.0258]), array([0.49464762, 0.06204286]), 0.7854, 0.0]
[6, array([0.4883, 0.0258]), array([0.49732381, 0.06204286]), 0.7854, 0.0]
[6, array([0.4883, 0.0258]), array([0.5       , 0.06204286]), 0.7854, 0.0]
[6, array([0.4883, 0.0258]), array([0.4438    , 0.06471905]), 0.7854, 0.0]
[6, array([0.4883, 0.0258]), array([0.44647619, 0.06471905]), 0.7854, 0.0]
[6, array([0.4883, 0.0258]), array([0.44915238, 0.06471905]), 0.7854, 0.0]
[6, array([0.4883, 0.0258]), array([0.45182857, 0.06471905]), 0.7854, 0.0]
[6, array([0.4883, 0.0258]), array([0.45450476, 0.06471905]), 0.7854, 0.0]
[6, array([0.4883, 0.0258]), array([0.45718095, 0.06471905]), 0.7854, 0.0]
[6, array([0.4883, 0.0258]), array([0.45985714, 0.06471905]), 0.7854, 0.0]
[6, array([0.4883, 0.0258]), array([0.46253333, 0.06471905]), 0.7854, 0.0]
[6, array([0.4883, 0.0258]), array([0.46520952, 0.06471905]), 0.7854, 0.0]
[6, array([0.4883, 0.0258]), array([0.46788571, 0.06471905]), 0.7854, 0.0]
[6, array([0.4883, 0.0258]), array([0.4705619 , 0.06471905]), 0.7854, 0.0]
[6, array([0.4883, 0.0258]), array([0.4732381 , 0.06471905]), 0.7854, 0.0]
[6, array([0.4883, 0.0258]), array([0.47591429, 0.06471905]), 0.7854, 0.0]
[6, array([0.4883, 0.0258]), array([0.47859048, 0.06471905]), 0.7854, 0.0]
[6, array([0.4883, 0.0258]), array([0.48126667, 0.06471905]), 0.7854, 0.0]
[6, array([0.4883, 0.0258]), array([0.48394286, 0.06471905]), 0.7854, 0.0]
[6, array([0.4883, 0.0258]), array([0.48661905, 0.06471905]), 0.7854, 0.0]
[6, array([0.4883, 0.0258]), array([0.48929524, 0.06471905]), 0.7854, 0.0]
[6, array([0.4883, 0.0258]), array([0.49197143, 0.06471905]), 0.7854, 0.0]
[6, array([0.4883, 0.0258]), array([0.49464762, 0.06471905]), 0.7854, 0.0]
[6, array([0.4883, 0.0258]), array([0.49732381, 0.06471905]), 0.7854, 0.0]
[6, array([0.4883, 0.0258]), array([0.5       , 0.06471905]), 0.7854, 0.0]
[6, array([0.4883, 0.0258]), array([0.4438    , 0.06739524]), 0.7854, 0.0]
[6, array([0.4883, 0.0258]), array([0.44647619, 0.06739524]), 0.7854, 0.0]
[6, array([0.4883, 0.0258]), array([0.44915238, 0.06739524]), 0.7854, 0.0]
[6, array([0.4883, 0.0258]), array([0.45182857, 0.06739524]), 0.7854, 0.0]
[6, array([0.4883, 0.0258]), array([0.45450476, 0.06739524]), 0.7854, 0.0]
[6, array([0.4883, 0.0258]), array([0.45718095, 0.06739524]), 0.7854, 0.0]
[6, array([0.4883, 0.0258]), array([0.45985714, 0.06739524]), 0.7854, 0.0]
[6, array([0.4883, 0.0258]), array([0.46253333, 0.06739524]), 0.7854, 0.0]
[6, array([0.4883, 0.0258]), array([0.46520952, 0.06739524]), 0.7854, 0.0]
[6, array([0.4883, 0.0258]), array([0.46788571, 0.06739524]), 0.7854, 0.0]
[6, array([0.4883, 0.0258]), array([0.4705619 , 0.06739524]), 0.7854, 0.0]
[6, array([0.4883, 0.0258]), array([0.4732381 , 0.06739524]), 0.7854, 0.0]
[6, array([0.4883, 0.0258]), array([0.47591429, 0.06739524]), 0.7854, 0.0]
[6, array([0.4883, 0.0258]), array([0.47859048, 0.06739524]), 0.7854, 0.0]
[6, array([0.4883, 0.0258]), array([0.48126667, 0.06739524]), 0.7854, 0.0]
[6, array([0.4883, 0.0258]), array([0.48394286, 0.06739524]), 0.7854, 0.0]
[6, array([0.4883, 0.0258]), array([0.48661905, 0.06739524]), 0.7854, 0.0]
[6, array([0.4883, 0.0258]), array([0.48929524, 0.06739524]), 0.7854, 0.0]
[6, array([0.4883, 0.0258]), array([0.49197143, 0.06739524]), 0.7854, 0.0]
[6, array([0.4883, 0.0258]), array([0.49464762, 0.06739524]), 0.7854, 0.0]
[6, array([0.4883, 0.0258]), array([0.49732381, 0.06739524]), 0.7854, 0.0]
[6, array([0.4883, 0.0258]), array([0.5       , 0.06739524]), 0.7854, 0.0]
[6, array([0.4883, 0.0258]), array([0.4438    , 0.07007143]), 0.7854, 0.0]
[6, array([0.4883, 0.0258]), array([0.44647619, 0.07007143]), 0.7854, 0.0]
[6, array([0.4883, 0.0258]), array([0.44915238, 0.07007143]), 0.7854, 0.0]
[6, array([0.4883, 0.0258]), array([0.45182857, 0.07007143]), 0.7854, 0.0]
[6, array([0.4883, 0.0258]), array([0.45450476, 0.07007143]), 0.7854, 0.0]
[6, array([0.4883, 0.0258]), array([0.45718095, 0.07007143]), 0.7854, 0.0]
[6, array([0.4883, 0.0258]), array([0.45985714, 0.07007143]), 0.7854, 0.0]
[6, array([0.4883, 0.0258]), array([0.46253333, 0.07007143]), 0.7854, 0.0]
[6, array([0.4883, 0.0258]), array([0.46520952, 0.07007143]), 0.7854, 0.0]
[6, array([0.4883, 0.0258]), array([0.46788571, 0.07007143]), 0.7854, 0.0]
[6, array([0.4883, 0.0258]), array([0.4705619 , 0.07007143]), 0.7854, 0.0]
[6, array([0.4883, 0.0258]), array([0.4732381 , 0.07007143]), 0.7854, 0.0]
[6, array([0.4883, 0.0258]), array([0.47591429, 0.07007143]), 0.7854, 0.0]
[6, array([0.4883, 0.0258]), array([0.47859048, 0.07007143]), 0.7854, 0.0]
[6, array([0.4883, 0.0258]), array([0.48126667, 0.07007143]), 0.7854, 0.0]
[6, array([0.4883, 0.0258]), array([0.48394286, 0.07007143]), 0.7854, 0.0]
[6, array([0.4883, 0.0258]), array([0.48661905, 0.07007143]), 0.7854, 0.0]
[6, array([0.4883, 0.0258]), array([0.48929524, 0.07007143]), 0.7854, 0.0]
[6, array([0.4883, 0.0258]), array([0.49197143, 0.07007143]), 0.7854, 0.0]
[6, array([0.4883, 0.0258]), array([0.49464762, 0.07007143]), 0.7854, 0.0]
[6, array([0.4883, 0.0258]), array([0.49732381, 0.07007143]), 0.7854, 0.0]
[6, array([0.4883, 0.0258]), array([0.5       , 0.07007143]), 0.7854, 0.0]
[6, array([0.4883, 0.0258]), array([0.4438    , 0.07274762]), 0.7854, 0.0]
[6, array([0.4883, 0.0258]), array([0.44647619, 0.07274762]), 0.7854, 0.0]
[6, array([0.4883, 0.0258]), array([0.44915238, 0.07274762]), 0.7854, 0.0]
[6, array([0.4883, 0.0258]), array([0.45182857, 0.07274762]), 0.7854, 0.0]
[6, array([0.4883, 0.0258]), array([0.45450476, 0.07274762]), 0.7854, 0.0]
[6, array([0.4883, 0.0258]), array([0.45718095, 0.07274762]), 0.7854, 0.0]
[6, array([0.4883, 0.0258]), array([0.45985714, 0.07274762]), 0.7854, 0.0]
[6, array([0.4883, 0.0258]), array([0.46253333, 0.07274762]), 0.7854, 0.0]
[6, array([0.4883, 0.0258]), array([0.46520952, 0.07274762]), 0.7854, 0.0]
[6, array([0.4883, 0.0258]), array([0.46788571, 0.07274762]), 0.7854, 0.0]
[6, array([0.4883, 0.0258]), array([0.4705619 , 0.07274762]), 0.7854, 0.0]
[6, array([0.4883, 0.0258]), array([0.4732381 , 0.07274762]), 0.7854, 0.0]
[6, array([0.4883, 0.0258]), array([0.47591429, 0.07274762]), 0.7854, 0.0]
[6, array([0.4883, 0.0258]), array([0.47859048, 0.07274762]), 0.7854, 0.0]
[6, array([0.4883, 0.0258]), array([0.48126667, 0.07274762]), 0.7854, 0.0]
[6, array([0.4883, 0.0258]), array([0.48394286, 0.07274762]), 0.7854, 0.0]
[6, array([0.4883, 0.0258]), array([0.48661905, 0.07274762]), 0.7854, 0.0]
[6, array([0.4883, 0.0258]), array([0.48929524, 0.07274762]), 0.7854, 0.0]
[6, array([0.4883, 0.0258]), array([0.49197143, 0.07274762]), 0.7854, 0.0]
[6, array([0.4883, 0.0258]), array([0.49464762, 0.07274762]), 0.7854, 0.0]
[6, array([0.4883, 0.0258]), array([0.49732381, 0.07274762]), 0.7854, 0.0]
[6, array([0.4883, 0.0258]), array([0.5       , 0.07274762]), 0.7854, 0.0]
[6, array([0.4883, 0.0258]), array([0.4438    , 0.07542381]), 0.7854, 0.0]
[6, array([0.4883, 0.0258]), array([0.44647619, 0.07542381]), 0.7854, 0.0]
[6, array([0.4883, 0.0258]), array([0.44915238, 0.07542381]), 0.7854, 0.0]
[6, array([0.4883, 0.0258]), array([0.45182857, 0.07542381]), 0.7854, 0.0]
[6, array([0.4883, 0.0258]), array([0.45450476, 0.07542381]), 0.7854, 0.0]
[6, array([0.4883, 0.0258]), array([0.45718095, 0.07542381]), 0.7854, 0.0]
[6, array([0.4883, 0.0258]), array([0.45985714, 0.07542381]), 0.7854, 0.0]
[6, array([0.4883, 0.0258]), array([0.46253333, 0.07542381]), 0.7854, 0.0]
[6, array([0.4883, 0.0258]), array([0.46520952, 0.07542381]), 0.7854, 0.0]
[6, array([0.4883, 0.0258]), array([0.46788571, 0.07542381]), 0.7854, 0.0]
[6, array([0.4883, 0.0258]), array([0.4705619 , 0.07542381]), 0.7854, 0.0]
[6, array([0.4883, 0.0258]), array([0.4732381 , 0.07542381]), 0.7854, 0.0]
[6, array([0.4883, 0.0258]), array([0.47591429, 0.07542381]), 0.7854, 0.0]
[6, array([0.4883, 0.0258]), array([0.47859048, 0.07542381]), 0.7854, 0.0]
[6, array([0.4883, 0.0258]), array([0.48126667, 0.07542381]), 0.7854, 0.0]
[6, array([0.4883, 0.0258]), array([0.48394286, 0.07542381]), 0.7854, 0.0]
[6, array([0.4883, 0.0258]), array([0.48661905, 0.07542381]), 0.7854, 0.0]
[6, array([0.4883, 0.0258]), array([0.48929524, 0.07542381]), 0.7854, 0.0]
[6, array([0.4883, 0.0258]), array([0.49197143, 0.07542381]), 0.7854, 0.0]
[6, array([0.4883, 0.0258]), array([0.49464762, 0.07542381]), 0.7854, 0.0]
[6, array([0.4883, 0.0258]), array([0.49732381, 0.07542381]), 0.7854, 0.0]
[6, array([0.4883, 0.0258]), array([0.5       , 0.07542381]), 0.7854, 0.0]
[6, array([0.4883, 0.0258]), array([0.4438, 0.0781]), 0.7854, 0.0]
[6, array([0.4883, 0.0258]), array([0.44647619, 0.0781    ]), 0.7854, 0.0]
[6, array([0.4883, 0.0258]), array([0.44915238, 0.0781    ]), 0.7854, 0.0]
[6, array([0.4883, 0.0258]), array([0.45182857, 0.0781    ]), 0.7854, 0.0]
[6, array([0.4883, 0.0258]), array([0.45450476, 0.0781    ]), 0.7854, 0.0]
[6, array([0.4883, 0.0258]), array([0.45718095, 0.0781    ]), 0.7854, 0.0]
[6, array([0.4883, 0.0258]), array([0.45985714, 0.0781    ]), 0.7854, 0.0]
[6, array([0.4883, 0.0258]), array([0.46253333, 0.0781    ]), 0.7854, 0.0]
[6, array([0.4883, 0.0258]), array([0.46520952, 0.0781    ]), 0.7854, 0.0]
[6, array([0.4883, 0.0258]), array([0.46788571, 0.0781    ]), 0.7854, 0.0]
[6, array([0.4883, 0.0258]), array([0.4705619, 0.0781   ]), 0.7854, 0.0]
[6, array([0.4883, 0.0258]), array([0.4732381, 0.0781   ]), 0.7854, 0.0]
[6, array([0.4883, 0.0258]), array([0.47591429, 0.0781    ]), 0.7854, 0.0]
[6, array([0.4883, 0.0258]), array([0.47859048, 0.0781    ]), 0.7854, 0.0]
[6, array([0.4883, 0.0258]), array([0.48126667, 0.0781    ]), 0.7854, 0.0]
[6, array([0.4883, 0.0258]), array([0.48394286, 0.0781    ]), 0.7854, 0.0]
[6, array([0.4883, 0.0258]), array([0.48661905, 0.0781    ]), 0.7854, 0.0]
[6, array([0.4883, 0.0258]), array([0.48929524, 0.0781    ]), 0.7854, 0.0]
[6, array([0.4883, 0.0258]), array([0.49197143, 0.0781    ]), 0.7854, 0.0]
[6, array([0.4883, 0.0258]), array([0.49464762, 0.0781    ]), 0.7854, 0.0]
[6, array([0.4883, 0.0258]), array([0.49732381, 0.0781    ]), 0.7854, 0.0]
[6, array([0.4883, 0.0258]), array([0.5   , 0.0781]), 0.7854, 0.0]
[6, array([0.5084, 0.0203]), array([0.5063 , 0.01405]), 0.7854, 0.0]
[6, array([0.5084, 0.0203]), array([0.50644762, 0.01405   ]), 0.7854, 0.0]
[6, array([0.5084, 0.0203]), array([0.50659524, 0.01405   ]), 0.7854, 0.0]
[6, array([0.5084, 0.0203]), array([0.50674286, 0.01405   ]), 0.7854, 0.0]
[6, array([0.5084, 0.0203]), array([0.50689048, 0.01405   ]), 0.7854, 0.0]
[6, array([0.5084, 0.0203]), array([0.5070381, 0.01405  ]), 0.7854, 0.0]
[6, array([0.5084, 0.0203]), array([0.50718571, 0.01405   ]), 0.7854, 0.0]
[6, array([0.5084, 0.0203]), array([0.50733333, 0.01405   ]), 0.7854, 0.0]
[6, array([0.5084, 0.0203]), array([0.50748095, 0.01405   ]), 0.7854, 0.0]
[6, array([0.5084, 0.0203]), array([0.50762857, 0.01405   ]), 0.7854, 0.0]
[6, array([0.5084, 0.0203]), array([0.50777619, 0.01405   ]), 0.7854, 0.0]
[6, array([0.5084, 0.0203]), array([0.50792381, 0.01405   ]), 0.7854, 0.0]
[6, array([0.5084, 0.0203]), array([0.50807143, 0.01405   ]), 0.7854, 0.0]
[6, array([0.5084, 0.0203]), array([0.50821905, 0.01405   ]), 0.7854, 0.0]
[6, array([0.5084, 0.0203]), array([0.50836667, 0.01405   ]), 0.7854, 0.0]
[6, array([0.5084, 0.0203]), array([0.50851429, 0.01405   ]), 0.7854, 0.0]
[6, array([0.5084, 0.0203]), array([0.5086619, 0.01405  ]), 0.7854, 0.0]
[6, array([0.5084, 0.0203]), array([0.50880952, 0.01405   ]), 0.7854, 0.0]
[6, array([0.5084, 0.0203]), array([0.50895714, 0.01405   ]), 0.7854, 0.0]
[6, array([0.5084, 0.0203]), array([0.50910476, 0.01405   ]), 0.7854, 0.0]
[6, array([0.5084, 0.0203]), array([0.50925238, 0.01405   ]), 0.7854, 0.0]
[6, array([0.5084, 0.0203]), array([0.5094 , 0.01405]), 0.7854, 0.0]
[6, array([0.5084, 0.0203]), array([0.5063    , 0.01419762]), 0.7854, 0.0]
[6, array([0.5084, 0.0203]), array([0.50644762, 0.01419762]), 0.7854, 0.0]
[6, array([0.5084, 0.0203]), array([0.50659524, 0.01419762]), 0.7854, 0.0]
[6, array([0.5084, 0.0203]), array([0.50674286, 0.01419762]), 0.7854, 0.0]
[6, array([0.5084, 0.0203]), array([0.50689048, 0.01419762]), 0.7854, 0.0]
[6, array([0.5084, 0.0203]), array([0.5070381 , 0.01419762]), 0.7854, 0.0]
[6, array([0.5084, 0.0203]), array([0.50718571, 0.01419762]), 0.7854, 0.0]
[6, array([0.5084, 0.0203]), array([0.50733333, 0.01419762]), 0.7854, 0.0]
[6, array([0.5084, 0.0203]), array([0.50748095, 0.01419762]), 0.7854, 0.0]
[6, array([0.5084, 0.0203]), array([0.50762857, 0.01419762]), 0.7854, 0.0]
[6, array([0.5084, 0.0203]), array([0.50777619, 0.01419762]), 0.7854, 0.0]
[6, array([0.5084, 0.0203]), array([0.50792381, 0.01419762]), 0.7854, 0.0]
[6, array([0.5084, 0.0203]), array([0.50807143, 0.01419762]), 0.7854, 0.0]
[6, array([0.5084, 0.0203]), array([0.50821905, 0.01419762]), 0.7854, 0.0]
[6, array([0.5084, 0.0203]), array([0.50836667, 0.01419762]), 0.7854, 0.0]
[6, array([0.5084, 0.0203]), array([0.50851429, 0.01419762]), 0.7854, 0.0]
[6, array([0.5084, 0.0203]), array([0.5086619 , 0.01419762]), 0.7854, 0.0]
[6, array([0.5084, 0.0203]), array([0.50880952, 0.01419762]), 0.7854, 0.0]
[6, array([0.5084, 0.0203]), array([0.50895714, 0.01419762]), 0.7854, 0.0]
[6, array([0.5084, 0.0203]), array([0.50910476, 0.01419762]), 0.7854, 0.0]
[6, array([0.5084, 0.0203]), array([0.50925238, 0.01419762]), 0.7854, 0.0]
[6, array([0.5084, 0.0203]), array([0.5094    , 0.01419762]), 0.7854, 0.0]
[6, array([0.5084, 0.0203]), array([0.5063    , 0.01434524]), 0.7854, 0.0]
[6, array([0.5084, 0.0203]), array([0.50644762, 0.01434524]), 0.7854, 0.0]
[6, array([0.5084, 0.0203]), array([0.50659524, 0.01434524]), 0.7854, 0.0]
[6, array([0.5084, 0.0203]), array([0.50674286, 0.01434524]), 0.7854, 0.0]
[6, array([0.5084, 0.0203]), array([0.50689048, 0.01434524]), 0.7854, 0.0]
[6, array([0.5084, 0.0203]), array([0.5070381 , 0.01434524]), 0.7854, 0.0]
[6, array([0.5084, 0.0203]), array([0.50718571, 0.01434524]), 0.7854, 0.0]
[6, array([0.5084, 0.0203]), array([0.50733333, 0.01434524]), 0.7854, 0.0]
[6, array([0.5084, 0.0203]), array([0.50748095, 0.01434524]), 0.7854, 0.0]
[6, array([0.5084, 0.0203]), array([0.50762857, 0.01434524]), 0.7854, 0.0]
[6, array([0.5084, 0.0203]), array([0.50777619, 0.01434524]), 0.7854, 0.0]
[6, array([0.5084, 0.0203]), array([0.50792381, 0.01434524]), 0.7854, 0.0]
[6, array([0.5084, 0.0203]), array([0.50807143, 0.01434524]), 0.7854, 0.0]
[6, array([0.5084, 0.0203]), array([0.50821905, 0.01434524]), 0.7854, 0.0]
[6, array([0.5084, 0.0203]), array([0.50836667, 0.01434524]), 0.7854, 0.0]
[6, array([0.5084, 0.0203]), array([0.50851429, 0.01434524]), 0.7854, 0.0]
[6, array([0.5084, 0.0203]), array([0.5086619 , 0.01434524]), 0.7854, 0.0]
[6, array([0.5084, 0.0203]), array([0.50880952, 0.01434524]), 0.7854, 0.0]
[6, array([0.5084, 0.0203]), array([0.50895714, 0.01434524]), 0.7854, 0.0]
[6, array([0.5084, 0.0203]), array([0.50910476, 0.01434524]), 0.7854, 0.0]
[6, array([0.5084, 0.0203]), array([0.50925238, 0.01434524]), 0.7854, 0.0]
[6, array([0.5084, 0.0203]), array([0.5094    , 0.01434524]), 0.7854, 0.0]
[6, array([0.5084, 0.0203]), array([0.5063    , 0.01449286]), 0.7854, 0.0]
[6, array([0.5084, 0.0203]), array([0.50644762, 0.01449286]), 0.7854, 0.0]
[6, array([0.5084, 0.0203]), array([0.50659524, 0.01449286]), 0.7854, 0.0]
[6, array([0.5084, 0.0203]), array([0.50674286, 0.01449286]), 0.7854, 0.0]
[6, array([0.5084, 0.0203]), array([0.50689048, 0.01449286]), 0.7854, 0.0]
[6, array([0.5084, 0.0203]), array([0.5070381 , 0.01449286]), 0.7854, 0.0]
[6, array([0.5084, 0.0203]), array([0.50718571, 0.01449286]), 0.7854, 0.0]
[6, array([0.5084, 0.0203]), array([0.50733333, 0.01449286]), 0.7854, 0.0]
[6, array([0.5084, 0.0203]), array([0.50748095, 0.01449286]), 0.7854, 0.0]
[6, array([0.5084, 0.0203]), array([0.50762857, 0.01449286]), 0.7854, 0.0]
[6, array([0.5084, 0.0203]), array([0.50777619, 0.01449286]), 0.7854, 0.0]
[6, array([0.5084, 0.0203]), array([0.50792381, 0.01449286]), 0.7854, 0.0]
[6, array([0.5084, 0.0203]), array([0.50807143, 0.01449286]), 0.7854, 0.0]
[6, array([0.5084, 0.0203]), array([0.50821905, 0.01449286]), 0.7854, 0.0]
[6, array([0.5084, 0.0203]), array([0.50836667, 0.01449286]), 0.7854, 0.0]
[6, array([0.5084, 0.0203]), array([0.50851429, 0.01449286]), 0.7854, 0.0]
[6, array([0.5084, 0.0203]), array([0.5086619 , 0.01449286]), 0.7854, 0.0]
[6, array([0.5084, 0.0203]), array([0.50880952, 0.01449286]), 0.7854, 0.0]
[6, array([0.5084, 0.0203]), array([0.50895714, 0.01449286]), 0.7854, 0.0]
[6, array([0.5084, 0.0203]), array([0.50910476, 0.01449286]), 0.7854, 0.0]
[6, array([0.5084, 0.0203]), array([0.50925238, 0.01449286]), 0.7854, 0.0]
[6, array([0.5084, 0.0203]), array([0.5094    , 0.01449286]), 0.7854, 0.0]
[6, array([0.5084, 0.0203]), array([0.5063    , 0.01464048]), 0.7854, 0.0]
[6, array([0.5084, 0.0203]), array([0.50644762, 0.01464048]), 0.7854, 0.0]
[6, array([0.5084, 0.0203]), array([0.50659524, 0.01464048]), 0.7854, 0.0]
[6, array([0.5084, 0.0203]), array([0.50674286, 0.01464048]), 0.7854, 0.0]
[6, array([0.5084, 0.0203]), array([0.50689048, 0.01464048]), 0.7854, 0.0]
[6, array([0.5084, 0.0203]), array([0.5070381 , 0.01464048]), 0.7854, 0.0]
[6, array([0.5084, 0.0203]), array([0.50718571, 0.01464048]), 0.7854, 0.0]
[6, array([0.5084, 0.0203]), array([0.50733333, 0.01464048]), 0.7854, 0.0]
[6, array([0.5084, 0.0203]), array([0.50748095, 0.01464048]), 0.7854, 0.0]
[6, array([0.5084, 0.0203]), array([0.50762857, 0.01464048]), 0.7854, 0.0]
[6, array([0.5084, 0.0203]), array([0.50777619, 0.01464048]), 0.7854, 0.0]
[6, array([0.5084, 0.0203]), array([0.50792381, 0.01464048]), 0.7854, 0.0]
[6, array([0.5084, 0.0203]), array([0.50807143, 0.01464048]), 0.7854, 0.0]
[6, array([0.5084, 0.0203]), array([0.50821905, 0.01464048]), 0.7854, 0.0]
[6, array([0.5084, 0.0203]), array([0.50836667, 0.01464048]), 0.7854, 0.0]
[6, array([0.5084, 0.0203]), array([0.50851429, 0.01464048]), 0.7854, 0.0]
[6, array([0.5084, 0.0203]), array([0.5086619 , 0.01464048]), 0.7854, 0.0]
[6, array([0.5084, 0.0203]), array([0.50880952, 0.01464048]), 0.7854, 0.0]
[6, array([0.5084, 0.0203]), array([0.50895714, 0.01464048]), 0.7854, 0.0]
[6, array([0.5084, 0.0203]), array([0.50910476, 0.01464048]), 0.7854, 0.0]
[6, array([0.5084, 0.0203]), array([0.50925238, 0.01464048]), 0.7854, 0.0]
[6, array([0.5084, 0.0203]), array([0.5094    , 0.01464048]), 0.7854, 0.0]
[6, array([0.5084, 0.0203]), array([0.5063   , 0.0147881]), 0.7854, 0.0]
[6, array([0.5084, 0.0203]), array([0.50644762, 0.0147881 ]), 0.7854, 0.0]
[6, array([0.5084, 0.0203]), array([0.50659524, 0.0147881 ]), 0.7854, 0.0]
[6, array([0.5084, 0.0203]), array([0.50674286, 0.0147881 ]), 0.7854, 0.0]
[6, array([0.5084, 0.0203]), array([0.50689048, 0.0147881 ]), 0.7854, 0.0]
[6, array([0.5084, 0.0203]), array([0.5070381, 0.0147881]), 0.7854, 0.0]
[6, array([0.5084, 0.0203]), array([0.50718571, 0.0147881 ]), 0.7854, 0.0]
[6, array([0.5084, 0.0203]), array([0.50733333, 0.0147881 ]), 0.7854, 0.0]
[6, array([0.5084, 0.0203]), array([0.50748095, 0.0147881 ]), 0.7854, 0.0]
[6, array([0.5084, 0.0203]), array([0.50762857, 0.0147881 ]), 0.7854, 0.0]
[6, array([0.5084, 0.0203]), array([0.50777619, 0.0147881 ]), 0.7854, 0.0]
[6, array([0.5084, 0.0203]), array([0.50792381, 0.0147881 ]), 0.7854, 0.0]
[6, array([0.5084, 0.0203]), array([0.50807143, 0.0147881 ]), 0.7854, 0.0]
[6, array([0.5084, 0.0203]), array([0.50821905, 0.0147881 ]), 0.7854, 0.0]
[6, array([0.5084, 0.0203]), array([0.50836667, 0.0147881 ]), 0.7854, 0.0]
[6, array([0.5084, 0.0203]), array([0.50851429, 0.0147881 ]), 0.7854, 0.0]
[6, array([0.5084, 0.0203]), array([0.5086619, 0.0147881]), 0.7854, 0.0]
[6, array([0.5084, 0.0203]), array([0.50880952, 0.0147881 ]), 0.7854, 0.0]
[6, array([0.5084, 0.0203]), array([0.50895714, 0.0147881 ]), 0.7854, 0.0]
[6, array([0.5084, 0.0203]), array([0.50910476, 0.0147881 ]), 0.7854, 0.0]
[6, array([0.5084, 0.0203]), array([0.50925238, 0.0147881 ]), 0.7854, 0.0]
[6, array([0.5084, 0.0203]), array([0.5094   , 0.0147881]), 0.7854, 0.0]
[6, array([0.5084, 0.0203]), array([0.5063    , 0.01493571]), 0.7854, 0.0]
[6, array([0.5084, 0.0203]), array([0.50644762, 0.01493571]), 0.7854, 0.0]
[6, array([0.5084, 0.0203]), array([0.50659524, 0.01493571]), 0.7854, 0.0]
[6, array([0.5084, 0.0203]), array([0.50674286, 0.01493571]), 0.7854, 0.0]
[6, array([0.5084, 0.0203]), array([0.50689048, 0.01493571]), 0.7854, 0.0]
[6, array([0.5084, 0.0203]), array([0.5070381 , 0.01493571]), 0.7854, 0.0]
[6, array([0.5084, 0.0203]), array([0.50718571, 0.01493571]), 0.7854, 0.0]
[6, array([0.5084, 0.0203]), array([0.50733333, 0.01493571]), 0.7854, 0.0]
[6, array([0.5084, 0.0203]), array([0.50748095, 0.01493571]), 0.7854, 0.0]
[6, array([0.5084, 0.0203]), array([0.50762857, 0.01493571]), 0.7854, 0.0]
[6, array([0.5084, 0.0203]), array([0.50777619, 0.01493571]), 0.7854, 0.0]
[6, array([0.5084, 0.0203]), array([0.50792381, 0.01493571]), 0.7854, 0.0]
[6, array([0.5084, 0.0203]), array([0.50807143, 0.01493571]), 0.7854, 0.0]
[6, array([0.5084, 0.0203]), array([0.50821905, 0.01493571]), 0.7854, 0.0]
[6, array([0.5084, 0.0203]), array([0.50836667, 0.01493571]), 0.7854, 0.0]
[6, array([0.5084, 0.0203]), array([0.50851429, 0.01493571]), 0.7854, 0.0]
[6, array([0.5084, 0.0203]), array([0.5086619 , 0.01493571]), 0.7854, 0.0]
[6, array([0.5084, 0.0203]), array([0.50880952, 0.01493571]), 0.7854, 0.0]
[6, array([0.5084, 0.0203]), array([0.50895714, 0.01493571]), 0.7854, 0.0]
[6, array([0.5084, 0.0203]), array([0.50910476, 0.01493571]), 0.7854, 0.0]
[6, array([0.5084, 0.0203]), array([0.50925238, 0.01493571]), 0.7854, 0.0]
[6, array([0.5084, 0.0203]), array([0.5094    , 0.01493571]), 0.7854, 0.0]
[6, array([0.5084, 0.0203]), array([0.5063    , 0.01508333]), 0.7854, 0.0]
[6, array([0.5084, 0.0203]), array([0.50644762, 0.01508333]), 0.7854, 0.0]
[6, array([0.5084, 0.0203]), array([0.50659524, 0.01508333]), 0.7854, 0.0]
[6, array([0.5084, 0.0203]), array([0.50674286, 0.01508333]), 0.7854, 0.0]
[6, array([0.5084, 0.0203]), array([0.50689048, 0.01508333]), 0.7854, 0.0]
[6, array([0.5084, 0.0203]), array([0.5070381 , 0.01508333]), 0.7854, 0.0]
[6, array([0.5084, 0.0203]), array([0.50718571, 0.01508333]), 0.7854, 0.0]
[6, array([0.5084, 0.0203]), array([0.50733333, 0.01508333]), 0.7854, 0.0]
[6, array([0.5084, 0.0203]), array([0.50748095, 0.01508333]), 0.7854, 0.0]
[6, array([0.5084, 0.0203]), array([0.50762857, 0.01508333]), 0.7854, 0.0]
[6, array([0.5084, 0.0203]), array([0.50777619, 0.01508333]), 0.7854, 0.0]
[6, array([0.5084, 0.0203]), array([0.50792381, 0.01508333]), 0.7854, 0.0]
[6, array([0.5084, 0.0203]), array([0.50807143, 0.01508333]), 0.7854, 0.0]
[6, array([0.5084, 0.0203]), array([0.50821905, 0.01508333]), 0.7854, 0.0]
[6, array([0.5084, 0.0203]), array([0.50836667, 0.01508333]), 0.7854, 0.0]
[6, array([0.5084, 0.0203]), array([0.50851429, 0.01508333]), 0.7854, 0.0]
[6, array([0.5084, 0.0203]), array([0.5086619 , 0.01508333]), 0.7854, 0.0]
[6, array([0.5084, 0.0203]), array([0.50880952, 0.01508333]), 0.7854, 0.0]
[6, array([0.5084, 0.0203]), array([0.50895714, 0.01508333]), 0.7854, 0.0]
[6, array([0.5084, 0.0203]), array([0.50910476, 0.01508333]), 0.7854, 0.0]
[6, array([0.5084, 0.0203]), array([0.50925238, 0.01508333]), 0.7854, 0.0]
[6, array([0.5084, 0.0203]), array([0.5094    , 0.01508333]), 0.7854, 0.0]
[6, array([0.5084, 0.0203]), array([0.5063    , 0.01523095]), 0.7854, 0.0]
[6, array([0.5084, 0.0203]), array([0.50644762, 0.01523095]), 0.7854, 0.0]
[6, array([0.5084, 0.0203]), array([0.50659524, 0.01523095]), 0.7854, 0.0]
[6, array([0.5084, 0.0203]), array([0.50674286, 0.01523095]), 0.7854, 0.0]
[6, array([0.5084, 0.0203]), array([0.50689048, 0.01523095]), 0.7854, 0.0]
[6, array([0.5084, 0.0203]), array([0.5070381 , 0.01523095]), 0.7854, 0.0]
[6, array([0.5084, 0.0203]), array([0.50718571, 0.01523095]), 0.7854, 0.0]
[6, array([0.5084, 0.0203]), array([0.50733333, 0.01523095]), 0.7854, 0.0]
[6, array([0.5084, 0.0203]), array([0.50748095, 0.01523095]), 0.7854, 0.0]
[6, array([0.5084, 0.0203]), array([0.50762857, 0.01523095]), 0.7854, 0.0]
[6, array([0.5084, 0.0203]), array([0.50777619, 0.01523095]), 0.7854, 0.0]
[6, array([0.5084, 0.0203]), array([0.50792381, 0.01523095]), 0.7854, 0.0]
[6, array([0.5084, 0.0203]), array([0.50807143, 0.01523095]), 0.7854, 0.0]
[6, array([0.5084, 0.0203]), array([0.50821905, 0.01523095]), 0.7854, 0.0]
[6, array([0.5084, 0.0203]), array([0.50836667, 0.01523095]), 0.7854, 0.0]
[6, array([0.5084, 0.0203]), array([0.50851429, 0.01523095]), 0.7854, 0.0]
[6, array([0.5084, 0.0203]), array([0.5086619 , 0.01523095]), 0.7854, 0.0]
[6, array([0.5084, 0.0203]), array([0.50880952, 0.01523095]), 0.7854, 0.0]
[6, array([0.5084, 0.0203]), array([0.50895714, 0.01523095]), 0.7854, 0.0]
[6, array([0.5084, 0.0203]), array([0.50910476, 0.01523095]), 0.7854, 0.0]
[6, array([0.5084, 0.0203]), array([0.50925238, 0.01523095]), 0.7854, 0.0]
[6, array([0.5084, 0.0203]), array([0.5094    , 0.01523095]), 0.7854, 0.0]
[6, array([0.5084, 0.0203]), array([0.5063    , 0.01537857]), 0.7854, 0.0]
[6, array([0.5084, 0.0203]), array([0.50644762, 0.01537857]), 0.7854, 0.0]
[6, array([0.5084, 0.0203]), array([0.50659524, 0.01537857]), 0.7854, 0.0]
[6, array([0.5084, 0.0203]), array([0.50674286, 0.01537857]), 0.7854, 0.0]
[6, array([0.5084, 0.0203]), array([0.50689048, 0.01537857]), 0.7854, 0.0]
[6, array([0.5084, 0.0203]), array([0.5070381 , 0.01537857]), 0.7854, 0.0]
[6, array([0.5084, 0.0203]), array([0.50718571, 0.01537857]), 0.7854, 0.0]
[6, array([0.5084, 0.0203]), array([0.50733333, 0.01537857]), 0.7854, 0.0]
[6, array([0.5084, 0.0203]), array([0.50748095, 0.01537857]), 0.7854, 0.0]
[6, array([0.5084, 0.0203]), array([0.50762857, 0.01537857]), 0.7854, 0.0]
[6, array([0.5084, 0.0203]), array([0.50777619, 0.01537857]), 0.7854, 0.0]
[6, array([0.5084, 0.0203]), array([0.50792381, 0.01537857]), 0.7854, 0.0]
[6, array([0.5084, 0.0203]), array([0.50807143, 0.01537857]), 0.7854, 0.0]
[6, array([0.5084, 0.0203]), array([0.50821905, 0.01537857]), 0.7854, 0.0]
[6, array([0.5084, 0.0203]), array([0.50836667, 0.01537857]), 0.7854, 0.0]
[6, array([0.5084, 0.0203]), array([0.50851429, 0.01537857]), 0.7854, 0.0]
[6, array([0.5084, 0.0203]), array([0.5086619 , 0.01537857]), 0.7854, 0.0]
[6, array([0.5084, 0.0203]), array([0.50880952, 0.01537857]), 0.7854, 0.0]
[6, array([0.5084, 0.0203]), array([0.50895714, 0.01537857]), 0.7854, 0.0]
[6, array([0.5084, 0.0203]), array([0.50910476, 0.01537857]), 0.7854, 0.0]
[6, array([0.5084, 0.0203]), array([0.50925238, 0.01537857]), 0.7854, 0.0]
[6, array([0.5084, 0.0203]), array([0.5094    , 0.01537857]), 0.7854, 0.0]
[6, array([0.5084, 0.0203]), array([0.5063    , 0.01552619]), 0.7854, 0.0]
[6, array([0.5084, 0.0203]), array([0.50644762, 0.01552619]), 0.7854, 0.0]
[6, array([0.5084, 0.0203]), array([0.50659524, 0.01552619]), 0.7854, 0.0]
[6, array([0.5084, 0.0203]), array([0.50674286, 0.01552619]), 0.7854, 0.0]
[6, array([0.5084, 0.0203]), array([0.50689048, 0.01552619]), 0.7854, 0.0]
[6, array([0.5084, 0.0203]), array([0.5070381 , 0.01552619]), 0.7854, 0.0]
[6, array([0.5084, 0.0203]), array([0.50718571, 0.01552619]), 0.7854, 0.0]
[6, array([0.5084, 0.0203]), array([0.50733333, 0.01552619]), 0.7854, 0.0]
[6, array([0.5084, 0.0203]), array([0.50748095, 0.01552619]), 0.7854, 0.0]
[6, array([0.5084, 0.0203]), array([0.50762857, 0.01552619]), 0.7854, 0.0]
[6, array([0.5084, 0.0203]), array([0.50777619, 0.01552619]), 0.7854, 0.0]
[6, array([0.5084, 0.0203]), array([0.50792381, 0.01552619]), 0.7854, 0.0]
[6, array([0.5084, 0.0203]), array([0.50807143, 0.01552619]), 0.7854, 0.0]
[6, array([0.5084, 0.0203]), array([0.50821905, 0.01552619]), 0.7854, 0.0]
[6, array([0.5084, 0.0203]), array([0.50836667, 0.01552619]), 0.7854, 0.0]
[6, array([0.5084, 0.0203]), array([0.50851429, 0.01552619]), 0.7854, 0.0]
[6, array([0.5084, 0.0203]), array([0.5086619 , 0.01552619]), 0.7854, 0.0]
[6, array([0.5084, 0.0203]), array([0.50880952, 0.01552619]), 0.7854, 0.0]
[6, array([0.5084, 0.0203]), array([0.50895714, 0.01552619]), 0.7854, 0.0]
[6, array([0.5084, 0.0203]), array([0.50910476, 0.01552619]), 0.7854, 0.0]
[6, array([0.5084, 0.0203]), array([0.50925238, 0.01552619]), 0.7854, 0.0]
[6, array([0.5084, 0.0203]), array([0.5094    , 0.01552619]), 0.7854, 0.0]
[6, array([0.5084, 0.0203]), array([0.5063    , 0.01567381]), 0.7854, 0.0]
[6, array([0.5084, 0.0203]), array([0.50644762, 0.01567381]), 0.7854, 0.0]
[6, array([0.5084, 0.0203]), array([0.50659524, 0.01567381]), 0.7854, 0.0]
[6, array([0.5084, 0.0203]), array([0.50674286, 0.01567381]), 0.7854, 0.0]
[6, array([0.5084, 0.0203]), array([0.50689048, 0.01567381]), 0.7854, 0.0]
[6, array([0.5084, 0.0203]), array([0.5070381 , 0.01567381]), 0.7854, 0.0]
[6, array([0.5084, 0.0203]), array([0.50718571, 0.01567381]), 0.7854, 0.0]
[6, array([0.5084, 0.0203]), array([0.50733333, 0.01567381]), 0.7854, 0.0]
[6, array([0.5084, 0.0203]), array([0.50748095, 0.01567381]), 0.7854, 0.0]
[6, array([0.5084, 0.0203]), array([0.50762857, 0.01567381]), 0.7854, 0.0]
[6, array([0.5084, 0.0203]), array([0.50777619, 0.01567381]), 0.7854, 0.0]
[6, array([0.5084, 0.0203]), array([0.50792381, 0.01567381]), 0.7854, 0.0]
[6, array([0.5084, 0.0203]), array([0.50807143, 0.01567381]), 0.7854, 0.0]
[6, array([0.5084, 0.0203]), array([0.50821905, 0.01567381]), 0.7854, 0.0]
[6, array([0.5084, 0.0203]), array([0.50836667, 0.01567381]), 0.7854, 0.0]
[6, array([0.5084, 0.0203]), array([0.50851429, 0.01567381]), 0.7854, 0.0]
[6, array([0.5084, 0.0203]), array([0.5086619 , 0.01567381]), 0.7854, 0.0]
[6, array([0.5084, 0.0203]), array([0.50880952, 0.01567381]), 0.7854, 0.0]
[6, array([0.5084, 0.0203]), array([0.50895714, 0.01567381]), 0.7854, 0.0]
[6, array([0.5084, 0.0203]), array([0.50910476, 0.01567381]), 0.7854, 0.0]
[6, array([0.5084, 0.0203]), array([0.50925238, 0.01567381]), 0.7854, 0.0]
[6, array([0.5084, 0.0203]), array([0.5094    , 0.01567381]), 0.7854, 0.0]
[6, array([0.5084, 0.0203]), array([0.5063    , 0.01582143]), 0.7854, 0.0]
[6, array([0.5084, 0.0203]), array([0.50644762, 0.01582143]), 0.7854, 0.0]
[6, array([0.5084, 0.0203]), array([0.50659524, 0.01582143]), 0.7854, 0.0]
[6, array([0.5084, 0.0203]), array([0.50674286, 0.01582143]), 0.7854, 0.0]
[6, array([0.5084, 0.0203]), array([0.50689048, 0.01582143]), 0.7854, 0.0]
[6, array([0.5084, 0.0203]), array([0.5070381 , 0.01582143]), 0.7854, 0.0]
[6, array([0.5084, 0.0203]), array([0.50718571, 0.01582143]), 0.7854, 0.0]
[6, array([0.5084, 0.0203]), array([0.50733333, 0.01582143]), 0.7854, 0.0]
[6, array([0.5084, 0.0203]), array([0.50748095, 0.01582143]), 0.7854, 0.0]
[6, array([0.5084, 0.0203]), array([0.50762857, 0.01582143]), 0.7854, 0.0]
[6, array([0.5084, 0.0203]), array([0.50777619, 0.01582143]), 0.7854, 0.0]
[6, array([0.5084, 0.0203]), array([0.50792381, 0.01582143]), 0.7854, 0.0]
[6, array([0.5084, 0.0203]), array([0.50807143, 0.01582143]), 0.7854, 0.0]
[6, array([0.5084, 0.0203]), array([0.50821905, 0.01582143]), 0.7854, 0.0]
[6, array([0.5084, 0.0203]), array([0.50836667, 0.01582143]), 0.7854, 0.0]
[6, array([0.5084, 0.0203]), array([0.50851429, 0.01582143]), 0.7854, 0.0]
[6, array([0.5084, 0.0203]), array([0.5086619 , 0.01582143]), 0.7854, 0.0]
[6, array([0.5084, 0.0203]), array([0.50880952, 0.01582143]), 0.7854, 0.0]
[6, array([0.5084, 0.0203]), array([0.50895714, 0.01582143]), 0.7854, 0.0]
[6, array([0.5084, 0.0203]), array([0.50910476, 0.01582143]), 0.7854, 0.0]
[6, array([0.5084, 0.0203]), array([0.50925238, 0.01582143]), 0.7854, 0.0]
[6, array([0.5084, 0.0203]), array([0.5094    , 0.01582143]), 0.7854, 0.0]
[6, array([0.5084, 0.0203]), array([0.5063    , 0.01596905]), 0.7854, 0.0]
[6, array([0.5084, 0.0203]), array([0.50644762, 0.01596905]), 0.7854, 0.0]
[6, array([0.5084, 0.0203]), array([0.50659524, 0.01596905]), 0.7854, 0.0]
[6, array([0.5084, 0.0203]), array([0.50674286, 0.01596905]), 0.7854, 0.0]
[6, array([0.5084, 0.0203]), array([0.50689048, 0.01596905]), 0.7854, 0.0]
[6, array([0.5084, 0.0203]), array([0.5070381 , 0.01596905]), 0.7854, 0.0]
[6, array([0.5084, 0.0203]), array([0.50718571, 0.01596905]), 0.7854, 0.0]
[6, array([0.5084, 0.0203]), array([0.50733333, 0.01596905]), 0.7854, 0.0]
[6, array([0.5084, 0.0203]), array([0.50748095, 0.01596905]), 0.7854, 0.0]
[6, array([0.5084, 0.0203]), array([0.50762857, 0.01596905]), 0.7854, 0.0]
[6, array([0.5084, 0.0203]), array([0.50777619, 0.01596905]), 0.7854, 0.0]
[6, array([0.5084, 0.0203]), array([0.50792381, 0.01596905]), 0.7854, 0.0]
[6, array([0.5084, 0.0203]), array([0.50807143, 0.01596905]), 0.7854, 0.0]
[6, array([0.5084, 0.0203]), array([0.50821905, 0.01596905]), 0.7854, 0.0]
[6, array([0.5084, 0.0203]), array([0.50836667, 0.01596905]), 0.7854, 0.0]
[6, array([0.5084, 0.0203]), array([0.50851429, 0.01596905]), 0.7854, 0.0]
[6, array([0.5084, 0.0203]), array([0.5086619 , 0.01596905]), 0.7854, 0.0]
[6, array([0.5084, 0.0203]), array([0.50880952, 0.01596905]), 0.7854, 0.0]
[6, array([0.5084, 0.0203]), array([0.50895714, 0.01596905]), 0.7854, 0.0]
[6, array([0.5084, 0.0203]), array([0.50910476, 0.01596905]), 0.7854, 0.0]
[6, array([0.5084, 0.0203]), array([0.50925238, 0.01596905]), 0.7854, 0.0]
[6, array([0.5084, 0.0203]), array([0.5094    , 0.01596905]), 0.7854, 0.0]
[6, array([0.5084, 0.0203]), array([0.5063    , 0.01611667]), 0.7854, 0.0]
[6, array([0.5084, 0.0203]), array([0.50644762, 0.01611667]), 0.7854, 0.0]
[6, array([0.5084, 0.0203]), array([0.50659524, 0.01611667]), 0.7854, 0.0]
[6, array([0.5084, 0.0203]), array([0.50674286, 0.01611667]), 0.7854, 0.0]
[6, array([0.5084, 0.0203]), array([0.50689048, 0.01611667]), 0.7854, 0.0]
[6, array([0.5084, 0.0203]), array([0.5070381 , 0.01611667]), 0.7854, 0.0]
[6, array([0.5084, 0.0203]), array([0.50718571, 0.01611667]), 0.7854, 0.0]
[6, array([0.5084, 0.0203]), array([0.50733333, 0.01611667]), 0.7854, 0.0]
[6, array([0.5084, 0.0203]), array([0.50748095, 0.01611667]), 0.7854, 0.0]
[6, array([0.5084, 0.0203]), array([0.50762857, 0.01611667]), 0.7854, 0.0]
[6, array([0.5084, 0.0203]), array([0.50777619, 0.01611667]), 0.7854, 0.0]
[6, array([0.5084, 0.0203]), array([0.50792381, 0.01611667]), 0.7854, 0.0]
[6, array([0.5084, 0.0203]), array([0.50807143, 0.01611667]), 0.7854, 0.0]
[6, array([0.5084, 0.0203]), array([0.50821905, 0.01611667]), 0.7854, 0.0]
[6, array([0.5084, 0.0203]), array([0.50836667, 0.01611667]), 0.7854, 0.0]
[6, array([0.5084, 0.0203]), array([0.50851429, 0.01611667]), 0.7854, 0.0]
[6, array([0.5084, 0.0203]), array([0.5086619 , 0.01611667]), 0.7854, 0.0]
[6, array([0.5084, 0.0203]), array([0.50880952, 0.01611667]), 0.7854, 0.0]
[6, array([0.5084, 0.0203]), array([0.50895714, 0.01611667]), 0.7854, 0.0]
[6, array([0.5084, 0.0203]), array([0.50910476, 0.01611667]), 0.7854, 0.0]
[6, array([0.5084, 0.0203]), array([0.50925238, 0.01611667]), 0.7854, 0.0]
[6, array([0.5084, 0.0203]), array([0.5094    , 0.01611667]), 0.7854, 0.0]
[6, array([0.5084, 0.0203]), array([0.5063    , 0.01626429]), 0.7854, 0.0]
[6, array([0.5084, 0.0203]), array([0.50644762, 0.01626429]), 0.7854, 0.0]
[6, array([0.5084, 0.0203]), array([0.50659524, 0.01626429]), 0.7854, 0.0]
[6, array([0.5084, 0.0203]), array([0.50674286, 0.01626429]), 0.7854, 0.0]
[6, array([0.5084, 0.0203]), array([0.50689048, 0.01626429]), 0.7854, 0.0]
[6, array([0.5084, 0.0203]), array([0.5070381 , 0.01626429]), 0.7854, 0.0]
[6, array([0.5084, 0.0203]), array([0.50718571, 0.01626429]), 0.7854, 0.0]
[6, array([0.5084, 0.0203]), array([0.50733333, 0.01626429]), 0.7854, 0.0]
[6, array([0.5084, 0.0203]), array([0.50748095, 0.01626429]), 0.7854, 0.0]
[6, array([0.5084, 0.0203]), array([0.50762857, 0.01626429]), 0.7854, 0.0]
[6, array([0.5084, 0.0203]), array([0.50777619, 0.01626429]), 0.7854, 0.0]
[6, array([0.5084, 0.0203]), array([0.50792381, 0.01626429]), 0.7854, 0.0]
[6, array([0.5084, 0.0203]), array([0.50807143, 0.01626429]), 0.7854, 0.0]
[6, array([0.5084, 0.0203]), array([0.50821905, 0.01626429]), 0.7854, 0.0]
[6, array([0.5084, 0.0203]), array([0.50836667, 0.01626429]), 0.7854, 0.0]
[6, array([0.5084, 0.0203]), array([0.50851429, 0.01626429]), 0.7854, 0.0]
[6, array([0.5084, 0.0203]), array([0.5086619 , 0.01626429]), 0.7854, 0.0]
[6, array([0.5084, 0.0203]), array([0.50880952, 0.01626429]), 0.7854, 0.0]
[6, array([0.5084, 0.0203]), array([0.50895714, 0.01626429]), 0.7854, 0.0]
[6, array([0.5084, 0.0203]), array([0.50910476, 0.01626429]), 0.7854, 0.0]
[6, array([0.5084, 0.0203]), array([0.50925238, 0.01626429]), 0.7854, 0.0]
[6, array([0.5084, 0.0203]), array([0.5094    , 0.01626429]), 0.7854, 0.0]
[6, array([0.5084, 0.0203]), array([0.5063   , 0.0164119]), 0.7854, 0.0]
[6, array([0.5084, 0.0203]), array([0.50644762, 0.0164119 ]), 0.7854, 0.0]
[6, array([0.5084, 0.0203]), array([0.50659524, 0.0164119 ]), 0.7854, 0.0]
[6, array([0.5084, 0.0203]), array([0.50674286, 0.0164119 ]), 0.7854, 0.0]
[6, array([0.5084, 0.0203]), array([0.50689048, 0.0164119 ]), 0.7854, 0.0]
[6, array([0.5084, 0.0203]), array([0.5070381, 0.0164119]), 0.7854, 0.0]
[6, array([0.5084, 0.0203]), array([0.50718571, 0.0164119 ]), 0.7854, 0.0]
[6, array([0.5084, 0.0203]), array([0.50733333, 0.0164119 ]), 0.7854, 0.0]
[6, array([0.5084, 0.0203]), array([0.50748095, 0.0164119 ]), 0.7854, 0.0]
[6, array([0.5084, 0.0203]), array([0.50762857, 0.0164119 ]), 0.7854, 0.0]
[6, array([0.5084, 0.0203]), array([0.50777619, 0.0164119 ]), 0.7854, 0.0]
[6, array([0.5084, 0.0203]), array([0.50792381, 0.0164119 ]), 0.7854, 0.0]
[6, array([0.5084, 0.0203]), array([0.50807143, 0.0164119 ]), 0.7854, 0.0]
[6, array([0.5084, 0.0203]), array([0.50821905, 0.0164119 ]), 0.7854, 0.0]
[6, array([0.5084, 0.0203]), array([0.50836667, 0.0164119 ]), 0.7854, 0.0]
[6, array([0.5084, 0.0203]), array([0.50851429, 0.0164119 ]), 0.7854, 0.0]
[6, array([0.5084, 0.0203]), array([0.5086619, 0.0164119]), 0.7854, 0.0]
[6, array([0.5084, 0.0203]), array([0.50880952, 0.0164119 ]), 0.7854, 0.0]
[6, array([0.5084, 0.0203]), array([0.50895714, 0.0164119 ]), 0.7854, 0.0]
[6, array([0.5084, 0.0203]), array([0.50910476, 0.0164119 ]), 0.7854, 0.0]
[6, array([0.5084, 0.0203]), array([0.50925238, 0.0164119 ]), 0.7854, 0.0]
[6, array([0.5084, 0.0203]), array([0.5094   , 0.0164119]), 0.7854, 0.0]
[6, array([0.5084, 0.0203]), array([0.5063    , 0.01655952]), 0.7854, 0.0]
[6, array([0.5084, 0.0203]), array([0.50644762, 0.01655952]), 0.7854, 0.0]
[6, array([0.5084, 0.0203]), array([0.50659524, 0.01655952]), 0.7854, 0.0]
[6, array([0.5084, 0.0203]), array([0.50674286, 0.01655952]), 0.7854, 0.0]
[6, array([0.5084, 0.0203]), array([0.50689048, 0.01655952]), 0.7854, 0.0]
[6, array([0.5084, 0.0203]), array([0.5070381 , 0.01655952]), 0.7854, 0.0]
[6, array([0.5084, 0.0203]), array([0.50718571, 0.01655952]), 0.7854, 0.0]
[6, array([0.5084, 0.0203]), array([0.50733333, 0.01655952]), 0.7854, 0.0]
[6, array([0.5084, 0.0203]), array([0.50748095, 0.01655952]), 0.7854, 0.0]
[6, array([0.5084, 0.0203]), array([0.50762857, 0.01655952]), 0.7854, 0.0]
[6, array([0.5084, 0.0203]), array([0.50777619, 0.01655952]), 0.7854, 0.0]
[6, array([0.5084, 0.0203]), array([0.50792381, 0.01655952]), 0.7854, 0.0]
[6, array([0.5084, 0.0203]), array([0.50807143, 0.01655952]), 0.7854, 0.0]
[6, array([0.5084, 0.0203]), array([0.50821905, 0.01655952]), 0.7854, 0.0]
[6, array([0.5084, 0.0203]), array([0.50836667, 0.01655952]), 0.7854, 0.0]
[6, array([0.5084, 0.0203]), array([0.50851429, 0.01655952]), 0.7854, 0.0]
[6, array([0.5084, 0.0203]), array([0.5086619 , 0.01655952]), 0.7854, 0.0]
[6, array([0.5084, 0.0203]), array([0.50880952, 0.01655952]), 0.7854, 0.0]
[6, array([0.5084, 0.0203]), array([0.50895714, 0.01655952]), 0.7854, 0.0]
[6, array([0.5084, 0.0203]), array([0.50910476, 0.01655952]), 0.7854, 0.0]
[6, array([0.5084, 0.0203]), array([0.50925238, 0.01655952]), 0.7854, 0.0]
[6, array([0.5084, 0.0203]), array([0.5094    , 0.01655952]), 0.7854, 0.0]
[6, array([0.5084, 0.0203]), array([0.5063    , 0.01670714]), 0.7854, 0.0]
[6, array([0.5084, 0.0203]), array([0.50644762, 0.01670714]), 0.7854, 0.0]
[6, array([0.5084, 0.0203]), array([0.50659524, 0.01670714]), 0.7854, 0.0]
[6, array([0.5084, 0.0203]), array([0.50674286, 0.01670714]), 0.7854, 0.0]
[6, array([0.5084, 0.0203]), array([0.50689048, 0.01670714]), 0.7854, 0.0]
[6, array([0.5084, 0.0203]), array([0.5070381 , 0.01670714]), 0.7854, 0.0]
[6, array([0.5084, 0.0203]), array([0.50718571, 0.01670714]), 0.7854, 0.0]
[6, array([0.5084, 0.0203]), array([0.50733333, 0.01670714]), 0.7854, 0.0]
[6, array([0.5084, 0.0203]), array([0.50748095, 0.01670714]), 0.7854, 0.0]
[6, array([0.5084, 0.0203]), array([0.50762857, 0.01670714]), 0.7854, 0.0]
[6, array([0.5084, 0.0203]), array([0.50777619, 0.01670714]), 0.7854, 0.0]
[6, array([0.5084, 0.0203]), array([0.50792381, 0.01670714]), 0.7854, 0.0]
[6, array([0.5084, 0.0203]), array([0.50807143, 0.01670714]), 0.7854, 0.0]
[6, array([0.5084, 0.0203]), array([0.50821905, 0.01670714]), 0.7854, 0.0]
[6, array([0.5084, 0.0203]), array([0.50836667, 0.01670714]), 0.7854, 0.0]
[6, array([0.5084, 0.0203]), array([0.50851429, 0.01670714]), 0.7854, 0.0]
[6, array([0.5084, 0.0203]), array([0.5086619 , 0.01670714]), 0.7854, 0.0]
[6, array([0.5084, 0.0203]), array([0.50880952, 0.01670714]), 0.7854, 0.0]
[6, array([0.5084, 0.0203]), array([0.50895714, 0.01670714]), 0.7854, 0.0]
[6, array([0.5084, 0.0203]), array([0.50910476, 0.01670714]), 0.7854, 0.0]
[6, array([0.5084, 0.0203]), array([0.50925238, 0.01670714]), 0.7854, 0.0]
[6, array([0.5084, 0.0203]), array([0.5094    , 0.01670714]), 0.7854, 0.0]
[6, array([0.5084, 0.0203]), array([0.5063    , 0.01685476]), 0.7854, 0.0]
[6, array([0.5084, 0.0203]), array([0.50644762, 0.01685476]), 0.7854, 0.0]
[6, array([0.5084, 0.0203]), array([0.50659524, 0.01685476]), 0.7854, 0.0]
[6, array([0.5084, 0.0203]), array([0.50674286, 0.01685476]), 0.7854, 0.0]
[6, array([0.5084, 0.0203]), array([0.50689048, 0.01685476]), 0.7854, 0.0]
[6, array([0.5084, 0.0203]), array([0.5070381 , 0.01685476]), 0.7854, 0.0]
[6, array([0.5084, 0.0203]), array([0.50718571, 0.01685476]), 0.7854, 0.0]
[6, array([0.5084, 0.0203]), array([0.50733333, 0.01685476]), 0.7854, 0.0]
[6, array([0.5084, 0.0203]), array([0.50748095, 0.01685476]), 0.7854, 0.0]
[6, array([0.5084, 0.0203]), array([0.50762857, 0.01685476]), 0.7854, 0.0]
[6, array([0.5084, 0.0203]), array([0.50777619, 0.01685476]), 0.7854, 0.0]
[6, array([0.5084, 0.0203]), array([0.50792381, 0.01685476]), 0.7854, 0.0]
[6, array([0.5084, 0.0203]), array([0.50807143, 0.01685476]), 0.7854, 0.0]
[6, array([0.5084, 0.0203]), array([0.50821905, 0.01685476]), 0.7854, 0.0]
[6, array([0.5084, 0.0203]), array([0.50836667, 0.01685476]), 0.7854, 0.0]
[6, array([0.5084, 0.0203]), array([0.50851429, 0.01685476]), 0.7854, 0.0]
[6, array([0.5084, 0.0203]), array([0.5086619 , 0.01685476]), 0.7854, 0.0]
[6, array([0.5084, 0.0203]), array([0.50880952, 0.01685476]), 0.7854, 0.0]
[6, array([0.5084, 0.0203]), array([0.50895714, 0.01685476]), 0.7854, 0.0]
[6, array([0.5084, 0.0203]), array([0.50910476, 0.01685476]), 0.7854, 0.0]
[6, array([0.5084, 0.0203]), array([0.50925238, 0.01685476]), 0.7854, 0.0]
[6, array([0.5084, 0.0203]), array([0.5094    , 0.01685476]), 0.7854, 0.0]
[6, array([0.5084, 0.0203]), array([0.5063    , 0.01700238]), 0.7854, 0.0]
[6, array([0.5084, 0.0203]), array([0.50644762, 0.01700238]), 0.7854, 0.0]
[6, array([0.5084, 0.0203]), array([0.50659524, 0.01700238]), 0.7854, 0.0]
[6, array([0.5084, 0.0203]), array([0.50674286, 0.01700238]), 0.7854, 0.0]
[6, array([0.5084, 0.0203]), array([0.50689048, 0.01700238]), 0.7854, 0.0]
[6, array([0.5084, 0.0203]), array([0.5070381 , 0.01700238]), 0.7854, 0.0]
[6, array([0.5084, 0.0203]), array([0.50718571, 0.01700238]), 0.7854, 0.0]
[6, array([0.5084, 0.0203]), array([0.50733333, 0.01700238]), 0.7854, 0.0]
[6, array([0.5084, 0.0203]), array([0.50748095, 0.01700238]), 0.7854, 0.0]
[6, array([0.5084, 0.0203]), array([0.50762857, 0.01700238]), 0.7854, 0.0]
[6, array([0.5084, 0.0203]), array([0.50777619, 0.01700238]), 0.7854, 0.0]
[6, array([0.5084, 0.0203]), array([0.50792381, 0.01700238]), 0.7854, 0.0]
[6, array([0.5084, 0.0203]), array([0.50807143, 0.01700238]), 0.7854, 0.0]
[6, array([0.5084, 0.0203]), array([0.50821905, 0.01700238]), 0.7854, 0.0]
[6, array([0.5084, 0.0203]), array([0.50836667, 0.01700238]), 0.7854, 0.0]
[6, array([0.5084, 0.0203]), array([0.50851429, 0.01700238]), 0.7854, 0.0]
[6, array([0.5084, 0.0203]), array([0.5086619 , 0.01700238]), 0.7854, 0.0]
[6, array([0.5084, 0.0203]), array([0.50880952, 0.01700238]), 0.7854, 0.0]
[6, array([0.5084, 0.0203]), array([0.50895714, 0.01700238]), 0.7854, 0.0]
[6, array([0.5084, 0.0203]), array([0.50910476, 0.01700238]), 0.7854, 0.0]
[6, array([0.5084, 0.0203]), array([0.50925238, 0.01700238]), 0.7854, 0.0]
[6, array([0.5084, 0.0203]), array([0.5094    , 0.01700238]), 0.7854, 0.0]
[6, array([0.5084, 0.0203]), array([0.5063 , 0.01715]), 0.7854, 0.0]
[6, array([0.5084, 0.0203]), array([0.50644762, 0.01715   ]), 0.7854, 0.0]
[6, array([0.5084, 0.0203]), array([0.50659524, 0.01715   ]), 0.7854, 0.0]
[6, array([0.5084, 0.0203]), array([0.50674286, 0.01715   ]), 0.7854, 0.0]
[6, array([0.5084, 0.0203]), array([0.50689048, 0.01715   ]), 0.7854, 0.0]
[6, array([0.5084, 0.0203]), array([0.5070381, 0.01715  ]), 0.7854, 0.0]
[6, array([0.5084, 0.0203]), array([0.50718571, 0.01715   ]), 0.7854, 0.0]
[6, array([0.5084, 0.0203]), array([0.50733333, 0.01715   ]), 0.7854, 0.0]
[6, array([0.5084, 0.0203]), array([0.50748095, 0.01715   ]), 0.7854, 0.0]
[6, array([0.5084, 0.0203]), array([0.50762857, 0.01715   ]), 0.7854, 0.0]
[6, array([0.5084, 0.0203]), array([0.50777619, 0.01715   ]), 0.7854, 0.0]
[6, array([0.5084, 0.0203]), array([0.50792381, 0.01715   ]), 0.7854, 0.0]
[6, array([0.5084, 0.0203]), array([0.50807143, 0.01715   ]), 0.7854, 0.0]
[6, array([0.5084, 0.0203]), array([0.50821905, 0.01715   ]), 0.7854, 0.0]
[6, array([0.5084, 0.0203]), array([0.50836667, 0.01715   ]), 0.7854, 0.0]
[6, array([0.5084, 0.0203]), array([0.50851429, 0.01715   ]), 0.7854, 0.0]
[6, array([0.5084, 0.0203]), array([0.5086619, 0.01715  ]), 0.7854, 0.0]
[6, array([0.5084, 0.0203]), array([0.50880952, 0.01715   ]), 0.7854, 0.0]
[6, array([0.5084, 0.0203]), array([0.50895714, 0.01715   ]), 0.7854, 0.0]
[6, array([0.5084, 0.0203]), array([0.50910476, 0.01715   ]), 0.7854, 0.0]
[6, array([0.5084, 0.0203]), array([0.50925238, 0.01715   ]), 0.7854, 0.0]
[6, array([0.5084, 0.0203]), array([0.5094 , 0.01715]), 0.7854, 0.0]
[3, array([0.4693, 0.0219]), array([0.4656, 0.0187]), 0.7854, 0.0]
[3, array([0.4693, 0.0219]), array([0.46575238, 0.0187    ]), 0.7854, 0.0]
[3, array([0.4693, 0.0219]), array([0.46590476, 0.0187    ]), 0.7854, 0.0]
[3, array([0.4693, 0.0219]), array([0.46605714, 0.0187    ]), 0.7854, 0.0]
[3, array([0.4693, 0.0219]), array([0.46620952, 0.0187    ]), 0.7854, 0.0]
[3, array([0.4693, 0.0219]), array([0.4663619, 0.0187   ]), 0.7854, 0.0]
[3, array([0.4693, 0.0219]), array([0.46651429, 0.0187    ]), 0.7854, 0.0]
[3, array([0.4693, 0.0219]), array([0.46666667, 0.0187    ]), 0.7854, 0.0]
[3, array([0.4693, 0.0219]), array([0.46681905, 0.0187    ]), 0.7854, 0.0]
[3, array([0.4693, 0.0219]), array([0.46697143, 0.0187    ]), 0.7854, 0.0]
[3, array([0.4693, 0.0219]), array([0.46712381, 0.0187    ]), 0.7854, 0.0]
[3, array([0.4693, 0.0219]), array([0.46727619, 0.0187    ]), 0.7854, 0.0]
[3, array([0.4693, 0.0219]), array([0.46742857, 0.0187    ]), 0.7854, 0.0]
[3, array([0.4693, 0.0219]), array([0.46758095, 0.0187    ]), 0.7854, 0.0]
[3, array([0.4693, 0.0219]), array([0.46773333, 0.0187    ]), 0.7854, 0.0]
[3, array([0.4693, 0.0219]), array([0.46788571, 0.0187    ]), 0.7854, 0.0]
[3, array([0.4693, 0.0219]), array([0.4680381, 0.0187   ]), 0.7854, 0.0]
[3, array([0.4693, 0.0219]), array([0.46819048, 0.0187    ]), 0.7854, 0.0]
[3, array([0.4693, 0.0219]), array([0.46834286, 0.0187    ]), 0.7854, 0.0]
[3, array([0.4693, 0.0219]), array([0.46849524, 0.0187    ]), 0.7854, 0.0]
[3, array([0.4693, 0.0219]), array([0.46864762, 0.0187    ]), 0.7854, 0.0]
[3, array([0.4693, 0.0219]), array([0.4688, 0.0187]), 0.7854, 0.0]
[3, array([0.4693, 0.0219]), array([0.4656    , 0.01885238]), 0.7854, 0.0]
[3, array([0.4693, 0.0219]), array([0.46575238, 0.01885238]), 0.7854, 0.0]
[3, array([0.4693, 0.0219]), array([0.46590476, 0.01885238]), 0.7854, 0.0]
[3, array([0.4693, 0.0219]), array([0.46605714, 0.01885238]), 0.7854, 0.0]
[3, array([0.4693, 0.0219]), array([0.46620952, 0.01885238]), 0.7854, 0.0]
[3, array([0.4693, 0.0219]), array([0.4663619 , 0.01885238]), 0.7854, 0.0]
[3, array([0.4693, 0.0219]), array([0.46651429, 0.01885238]), 0.7854, 0.0]
[3, array([0.4693, 0.0219]), array([0.46666667, 0.01885238]), 0.7854, 0.0]
[3, array([0.4693, 0.0219]), array([0.46681905, 0.01885238]), 0.7854, 0.0]
[3, array([0.4693, 0.0219]), array([0.46697143, 0.01885238]), 0.7854, 0.0]
[3, array([0.4693, 0.0219]), array([0.46712381, 0.01885238]), 0.7854, 0.0]
[3, array([0.4693, 0.0219]), array([0.46727619, 0.01885238]), 0.7854, 0.0]
[3, array([0.4693, 0.0219]), array([0.46742857, 0.01885238]), 0.7854, 0.0]
[3, array([0.4693, 0.0219]), array([0.46758095, 0.01885238]), 0.7854, 0.0]
[3, array([0.4693, 0.0219]), array([0.46773333, 0.01885238]), 0.7854, 0.0]
[3, array([0.4693, 0.0219]), array([0.46788571, 0.01885238]), 0.7854, 0.0]
[3, array([0.4693, 0.0219]), array([0.4680381 , 0.01885238]), 0.7854, 0.0]
[3, array([0.4693, 0.0219]), array([0.46819048, 0.01885238]), 0.7854, 0.0]
[3, array([0.4693, 0.0219]), array([0.46834286, 0.01885238]), 0.7854, 0.0]
[3, array([0.4693, 0.0219]), array([0.46849524, 0.01885238]), 0.7854, 0.0]
[3, array([0.4693, 0.0219]), array([0.46864762, 0.01885238]), 0.7854, 0.0]
[3, array([0.4693, 0.0219]), array([0.4688    , 0.01885238]), 0.7854, 0.0]
[3, array([0.4693, 0.0219]), array([0.4656    , 0.01900476]), 0.7854, 0.0]
[3, array([0.4693, 0.0219]), array([0.46575238, 0.01900476]), 0.7854, 0.0]
[3, array([0.4693, 0.0219]), array([0.46590476, 0.01900476]), 0.7854, 0.0]
[3, array([0.4693, 0.0219]), array([0.46605714, 0.01900476]), 0.7854, 0.0]
[3, array([0.4693, 0.0219]), array([0.46620952, 0.01900476]), 0.7854, 0.0]
[3, array([0.4693, 0.0219]), array([0.4663619 , 0.01900476]), 0.7854, 0.0]
[3, array([0.4693, 0.0219]), array([0.46651429, 0.01900476]), 0.7854, 0.0]
[3, array([0.4693, 0.0219]), array([0.46666667, 0.01900476]), 0.7854, 0.0]
[3, array([0.4693, 0.0219]), array([0.46681905, 0.01900476]), 0.7854, 0.0]
[3, array([0.4693, 0.0219]), array([0.46697143, 0.01900476]), 0.7854, 0.0]
[3, array([0.4693, 0.0219]), array([0.46712381, 0.01900476]), 0.7854, 0.0]
[3, array([0.4693, 0.0219]), array([0.46727619, 0.01900476]), 0.7854, 0.0]
[3, array([0.4693, 0.0219]), array([0.46742857, 0.01900476]), 0.7854, 0.0]
[3, array([0.4693, 0.0219]), array([0.46758095, 0.01900476]), 0.7854, 0.0]
[3, array([0.4693, 0.0219]), array([0.46773333, 0.01900476]), 0.7854, 0.0]
[3, array([0.4693, 0.0219]), array([0.46788571, 0.01900476]), 0.7854, 0.0]
[3, array([0.4693, 0.0219]), array([0.4680381 , 0.01900476]), 0.7854, 0.0]
[3, array([0.4693, 0.0219]), array([0.46819048, 0.01900476]), 0.7854, 0.0]
[3, array([0.4693, 0.0219]), array([0.46834286, 0.01900476]), 0.7854, 0.0]
[3, array([0.4693, 0.0219]), array([0.46849524, 0.01900476]), 0.7854, 0.0]
[3, array([0.4693, 0.0219]), array([0.46864762, 0.01900476]), 0.7854, 0.0]
[3, array([0.4693, 0.0219]), array([0.4688    , 0.01900476]), 0.7854, 0.0]
[3, array([0.4693, 0.0219]), array([0.4656    , 0.01915714]), 0.7854, 0.0]
[3, array([0.4693, 0.0219]), array([0.46575238, 0.01915714]), 0.7854, 0.0]
[3, array([0.4693, 0.0219]), array([0.46590476, 0.01915714]), 0.7854, 0.0]
[3, array([0.4693, 0.0219]), array([0.46605714, 0.01915714]), 0.7854, 0.0]
[3, array([0.4693, 0.0219]), array([0.46620952, 0.01915714]), 0.7854, 0.0]
[3, array([0.4693, 0.0219]), array([0.4663619 , 0.01915714]), 0.7854, 0.0]
[3, array([0.4693, 0.0219]), array([0.46651429, 0.01915714]), 0.7854, 0.0]
[3, array([0.4693, 0.0219]), array([0.46666667, 0.01915714]), 0.7854, 0.0]
[3, array([0.4693, 0.0219]), array([0.46681905, 0.01915714]), 0.7854, 0.0]
[3, array([0.4693, 0.0219]), array([0.46697143, 0.01915714]), 0.7854, 0.0]
[3, array([0.4693, 0.0219]), array([0.46712381, 0.01915714]), 0.7854, 0.0]
[3, array([0.4693, 0.0219]), array([0.46727619, 0.01915714]), 0.7854, 0.0]
[3, array([0.4693, 0.0219]), array([0.46742857, 0.01915714]), 0.7854, 0.0]
[3, array([0.4693, 0.0219]), array([0.46758095, 0.01915714]), 0.7854, 0.0]
[3, array([0.4693, 0.0219]), array([0.46773333, 0.01915714]), 0.7854, 0.0]
[3, array([0.4693, 0.0219]), array([0.46788571, 0.01915714]), 0.7854, 0.0]
[3, array([0.4693, 0.0219]), array([0.4680381 , 0.01915714]), 0.7854, 0.0]
[3, array([0.4693, 0.0219]), array([0.46819048, 0.01915714]), 0.7854, 0.0]
[3, array([0.4693, 0.0219]), array([0.46834286, 0.01915714]), 0.7854, 0.0]
[3, array([0.4693, 0.0219]), array([0.46849524, 0.01915714]), 0.7854, 0.0]
[3, array([0.4693, 0.0219]), array([0.46864762, 0.01915714]), 0.7854, 0.0]
[3, array([0.4693, 0.0219]), array([0.4688    , 0.01915714]), 0.7854, 0.0]
[3, array([0.4693, 0.0219]), array([0.4656    , 0.01930952]), 0.7854, 0.0]
[3, array([0.4693, 0.0219]), array([0.46575238, 0.01930952]), 0.7854, 0.0]
[3, array([0.4693, 0.0219]), array([0.46590476, 0.01930952]), 0.7854, 0.0]
[3, array([0.4693, 0.0219]), array([0.46605714, 0.01930952]), 0.7854, 0.0]
[3, array([0.4693, 0.0219]), array([0.46620952, 0.01930952]), 0.7854, 0.0]
[3, array([0.4693, 0.0219]), array([0.4663619 , 0.01930952]), 0.7854, 0.0]
[3, array([0.4693, 0.0219]), array([0.46651429, 0.01930952]), 0.7854, 0.0]
[3, array([0.4693, 0.0219]), array([0.46666667, 0.01930952]), 0.7854, 0.0]
[3, array([0.4693, 0.0219]), array([0.46681905, 0.01930952]), 0.7854, 0.0]
[3, array([0.4693, 0.0219]), array([0.46697143, 0.01930952]), 0.7854, 0.0]
[3, array([0.4693, 0.0219]), array([0.46712381, 0.01930952]), 0.7854, 0.0]
[3, array([0.4693, 0.0219]), array([0.46727619, 0.01930952]), 0.7854, 0.0]
[3, array([0.4693, 0.0219]), array([0.46742857, 0.01930952]), 0.7854, 0.0]
[3, array([0.4693, 0.0219]), array([0.46758095, 0.01930952]), 0.7854, 0.0]
[3, array([0.4693, 0.0219]), array([0.46773333, 0.01930952]), 0.7854, 0.0]
[3, array([0.4693, 0.0219]), array([0.46788571, 0.01930952]), 0.7854, 0.0]
[3, array([0.4693, 0.0219]), array([0.4680381 , 0.01930952]), 0.7854, 0.0]
[3, array([0.4693, 0.0219]), array([0.46819048, 0.01930952]), 0.7854, 0.0]
[3, array([0.4693, 0.0219]), array([0.46834286, 0.01930952]), 0.7854, 0.0]
[3, array([0.4693, 0.0219]), array([0.46849524, 0.01930952]), 0.7854, 0.0]
[3, array([0.4693, 0.0219]), array([0.46864762, 0.01930952]), 0.7854, 0.0]
[3, array([0.4693, 0.0219]), array([0.4688    , 0.01930952]), 0.7854, 0.0]
[3, array([0.4693, 0.0219]), array([0.4656   , 0.0194619]), 0.7854, 0.0]
[3, array([0.4693, 0.0219]), array([0.46575238, 0.0194619 ]), 0.7854, 0.0]
[3, array([0.4693, 0.0219]), array([0.46590476, 0.0194619 ]), 0.7854, 0.0]
[3, array([0.4693, 0.0219]), array([0.46605714, 0.0194619 ]), 0.7854, 0.0]
[3, array([0.4693, 0.0219]), array([0.46620952, 0.0194619 ]), 0.7854, 0.0]
[3, array([0.4693, 0.0219]), array([0.4663619, 0.0194619]), 0.7854, 0.0]
[3, array([0.4693, 0.0219]), array([0.46651429, 0.0194619 ]), 0.7854, 0.0]
[3, array([0.4693, 0.0219]), array([0.46666667, 0.0194619 ]), 0.7854, 0.0]
[3, array([0.4693, 0.0219]), array([0.46681905, 0.0194619 ]), 0.7854, 0.0]
[3, array([0.4693, 0.0219]), array([0.46697143, 0.0194619 ]), 0.7854, 0.0]
[3, array([0.4693, 0.0219]), array([0.46712381, 0.0194619 ]), 0.7854, 0.0]
[3, array([0.4693, 0.0219]), array([0.46727619, 0.0194619 ]), 0.7854, 0.0]
[3, array([0.4693, 0.0219]), array([0.46742857, 0.0194619 ]), 0.7854, 0.0]
[3, array([0.4693, 0.0219]), array([0.46758095, 0.0194619 ]), 0.7854, 0.0]
[3, array([0.4693, 0.0219]), array([0.46773333, 0.0194619 ]), 0.7854, 0.0]
[3, array([0.4693, 0.0219]), array([0.46788571, 0.0194619 ]), 0.7854, 0.0]
[3, array([0.4693, 0.0219]), array([0.4680381, 0.0194619]), 0.7854, 0.0]
[3, array([0.4693, 0.0219]), array([0.46819048, 0.0194619 ]), 0.7854, 0.0]
[3, array([0.4693, 0.0219]), array([0.46834286, 0.0194619 ]), 0.7854, 0.0]
[3, array([0.4693, 0.0219]), array([0.46849524, 0.0194619 ]), 0.7854, 0.0]
[3, array([0.4693, 0.0219]), array([0.46864762, 0.0194619 ]), 0.7854, 0.0]
[3, array([0.4693, 0.0219]), array([0.4688   , 0.0194619]), 0.7854, 0.0]
[3, array([0.4693, 0.0219]), array([0.4656    , 0.01961429]), 0.7854, 0.0]
[3, array([0.4693, 0.0219]), array([0.46575238, 0.01961429]), 0.7854, 0.0]
[3, array([0.4693, 0.0219]), array([0.46590476, 0.01961429]), 0.7854, 0.0]
[3, array([0.4693, 0.0219]), array([0.46605714, 0.01961429]), 0.7854, 0.0]
[3, array([0.4693, 0.0219]), array([0.46620952, 0.01961429]), 0.7854, 0.0]
[3, array([0.4693, 0.0219]), array([0.4663619 , 0.01961429]), 0.7854, 0.0]
[3, array([0.4693, 0.0219]), array([0.46651429, 0.01961429]), 0.7854, 0.0]
[3, array([0.4693, 0.0219]), array([0.46666667, 0.01961429]), 0.7854, 0.0]
[3, array([0.4693, 0.0219]), array([0.46681905, 0.01961429]), 0.7854, 0.0]
[3, array([0.4693, 0.0219]), array([0.46697143, 0.01961429]), 0.7854, 0.0]
[3, array([0.4693, 0.0219]), array([0.46712381, 0.01961429]), 0.7854, 0.0]
[3, array([0.4693, 0.0219]), array([0.46727619, 0.01961429]), 0.7854, 0.0]
[3, array([0.4693, 0.0219]), array([0.46742857, 0.01961429]), 0.7854, 0.0]
[3, array([0.4693, 0.0219]), array([0.46758095, 0.01961429]), 0.7854, 0.0]
[3, array([0.4693, 0.0219]), array([0.46773333, 0.01961429]), 0.7854, 0.0]
[3, array([0.4693, 0.0219]), array([0.46788571, 0.01961429]), 0.7854, 0.0]
[3, array([0.4693, 0.0219]), array([0.4680381 , 0.01961429]), 0.7854, 0.0]
[3, array([0.4693, 0.0219]), array([0.46819048, 0.01961429]), 0.7854, 0.0]
[3, array([0.4693, 0.0219]), array([0.46834286, 0.01961429]), 0.7854, 0.0]
[3, array([0.4693, 0.0219]), array([0.46849524, 0.01961429]), 0.7854, 0.0]
[3, array([0.4693, 0.0219]), array([0.46864762, 0.01961429]), 0.7854, 0.0]
[3, array([0.4693, 0.0219]), array([0.4688    , 0.01961429]), 0.7854, 0.0]
[3, array([0.4693, 0.0219]), array([0.4656    , 0.01976667]), 0.7854, 0.0]
[3, array([0.4693, 0.0219]), array([0.46575238, 0.01976667]), 0.7854, 0.0]
[3, array([0.4693, 0.0219]), array([0.46590476, 0.01976667]), 0.7854, 0.0]
[3, array([0.4693, 0.0219]), array([0.46605714, 0.01976667]), 0.7854, 0.0]
[3, array([0.4693, 0.0219]), array([0.46620952, 0.01976667]), 0.7854, 0.0]
[3, array([0.4693, 0.0219]), array([0.4663619 , 0.01976667]), 0.7854, 0.0]
[3, array([0.4693, 0.0219]), array([0.46651429, 0.01976667]), 0.7854, 0.0]
[3, array([0.4693, 0.0219]), array([0.46666667, 0.01976667]), 0.7854, 0.0]
[3, array([0.4693, 0.0219]), array([0.46681905, 0.01976667]), 0.7854, 0.0]
[3, array([0.4693, 0.0219]), array([0.46697143, 0.01976667]), 0.7854, 0.0]
[3, array([0.4693, 0.0219]), array([0.46712381, 0.01976667]), 0.7854, 0.0]
[3, array([0.4693, 0.0219]), array([0.46727619, 0.01976667]), 0.7854, 0.0]
[3, array([0.4693, 0.0219]), array([0.46742857, 0.01976667]), 0.7854, 0.0]
[3, array([0.4693, 0.0219]), array([0.46758095, 0.01976667]), 0.7854, 0.0]
[3, array([0.4693, 0.0219]), array([0.46773333, 0.01976667]), 0.7854, 0.0]
[3, array([0.4693, 0.0219]), array([0.46788571, 0.01976667]), 0.7854, 1.0]
[3, array([0.4693, 0.0219]), array([0.4680381 , 0.01976667]), 0.7854, 1.0]
[3, array([0.4693, 0.0219]), array([0.46819048, 0.01976667]), 0.7854, 0.0]
[3, array([0.4693, 0.0219]), array([0.46834286, 0.01976667]), 0.7854, 0.0]
[3, array([0.4693, 0.0219]), array([0.46849524, 0.01976667]), 0.7854, 0.0]
[3, array([0.4693, 0.0219]), array([0.46864762, 0.01976667]), 0.7854, 0.0]
[3, array([0.4693, 0.0219]), array([0.4688    , 0.01976667]), 0.7854, 0.0]
[3, array([0.4693, 0.0219]), array([0.4656    , 0.01991905]), 0.7854, 0.0]
[3, array([0.4693, 0.0219]), array([0.46575238, 0.01991905]), 0.7854, 0.0]
[3, array([0.4693, 0.0219]), array([0.46590476, 0.01991905]), 0.7854, 0.0]
[3, array([0.4693, 0.0219]), array([0.46605714, 0.01991905]), 0.7854, 0.0]
[3, array([0.4693, 0.0219]), array([0.46620952, 0.01991905]), 0.7854, 0.0]
[3, array([0.4693, 0.0219]), array([0.4663619 , 0.01991905]), 0.7854, 0.0]
[3, array([0.4693, 0.0219]), array([0.46651429, 0.01991905]), 0.7854, 0.0]
[3, array([0.4693, 0.0219]), array([0.46666667, 0.01991905]), 0.7854, 0.0]
[3, array([0.4693, 0.0219]), array([0.46681905, 0.01991905]), 0.7854, 0.0]
[3, array([0.4693, 0.0219]), array([0.46697143, 0.01991905]), 0.7854, 0.0]
[3, array([0.4693, 0.0219]), array([0.46712381, 0.01991905]), 0.7854, 0.0]
[3, array([0.4693, 0.0219]), array([0.46727619, 0.01991905]), 0.7854, 0.0]
[3, array([0.4693, 0.0219]), array([0.46742857, 0.01991905]), 0.7854, 0.0]
[3, array([0.4693, 0.0219]), array([0.46758095, 0.01991905]), 0.7854, 0.0]
[3, array([0.4693, 0.0219]), array([0.46773333, 0.01991905]), 0.7854, 1.0]
[3, array([0.4693, 0.0219]), array([0.46788571, 0.01991905]), 0.7854, 1.0]
[3, array([0.4693, 0.0219]), array([0.4680381 , 0.01991905]), 0.7854, 1.0]
[3, array([0.4693, 0.0219]), array([0.46819048, 0.01991905]), 0.7854, 0.0]
[3, array([0.4693, 0.0219]), array([0.46834286, 0.01991905]), 0.7854, 0.0]
[3, array([0.4693, 0.0219]), array([0.46849524, 0.01991905]), 0.7854, 0.0]
[3, array([0.4693, 0.0219]), array([0.46864762, 0.01991905]), 0.7854, 0.0]
[3, array([0.4693, 0.0219]), array([0.4688    , 0.01991905]), 0.7854, 0.0]
[3, array([0.4693, 0.0219]), array([0.4656    , 0.02007143]), 0.7854, 0.0]
[3, array([0.4693, 0.0219]), array([0.46575238, 0.02007143]), 0.7854, 0.0]
[3, array([0.4693, 0.0219]), array([0.46590476, 0.02007143]), 0.7854, 0.0]
[3, array([0.4693, 0.0219]), array([0.46605714, 0.02007143]), 0.7854, 0.0]
[3, array([0.4693, 0.0219]), array([0.46620952, 0.02007143]), 0.7854, 0.0]
[3, array([0.4693, 0.0219]), array([0.4663619 , 0.02007143]), 0.7854, 0.0]
[3, array([0.4693, 0.0219]), array([0.46651429, 0.02007143]), 0.7854, 0.0]
[3, array([0.4693, 0.0219]), array([0.46666667, 0.02007143]), 0.7854, 0.0]
[3, array([0.4693, 0.0219]), array([0.46681905, 0.02007143]), 0.7854, 0.0]
[3, array([0.4693, 0.0219]), array([0.46697143, 0.02007143]), 0.7854, 0.0]
[3, array([0.4693, 0.0219]), array([0.46712381, 0.02007143]), 0.7854, 0.0]
[3, array([0.4693, 0.0219]), array([0.46727619, 0.02007143]), 0.7854, 0.0]
[3, array([0.4693, 0.0219]), array([0.46742857, 0.02007143]), 0.7854, 0.0]
[3, array([0.4693, 0.0219]), array([0.46758095, 0.02007143]), 0.7854, 0.0]
[3, array([0.4693, 0.0219]), array([0.46773333, 0.02007143]), 0.7854, 0.0]
[3, array([0.4693, 0.0219]), array([0.46788571, 0.02007143]), 0.7854, 1.0]
[3, array([0.4693, 0.0219]), array([0.4680381 , 0.02007143]), 0.7854, 0.0]
[3, array([0.4693, 0.0219]), array([0.46819048, 0.02007143]), 0.7854, 0.0]
[3, array([0.4693, 0.0219]), array([0.46834286, 0.02007143]), 0.7854, 0.0]
[3, array([0.4693, 0.0219]), array([0.46849524, 0.02007143]), 0.7854, 0.0]
[3, array([0.4693, 0.0219]), array([0.46864762, 0.02007143]), 0.7854, 0.0]
[3, array([0.4693, 0.0219]), array([0.4688    , 0.02007143]), 0.7854, 0.0]
[3, array([0.4693, 0.0219]), array([0.4656    , 0.02022381]), 0.7854, 0.0]
[3, array([0.4693, 0.0219]), array([0.46575238, 0.02022381]), 0.7854, 0.0]
[3, array([0.4693, 0.0219]), array([0.46590476, 0.02022381]), 0.7854, 0.0]
[3, array([0.4693, 0.0219]), array([0.46605714, 0.02022381]), 0.7854, 0.0]
[3, array([0.4693, 0.0219]), array([0.46620952, 0.02022381]), 0.7854, 0.0]
[3, array([0.4693, 0.0219]), array([0.4663619 , 0.02022381]), 0.7854, 0.0]
[3, array([0.4693, 0.0219]), array([0.46651429, 0.02022381]), 0.7854, 0.0]
[3, array([0.4693, 0.0219]), array([0.46666667, 0.02022381]), 0.7854, 0.0]
[3, array([0.4693, 0.0219]), array([0.46681905, 0.02022381]), 0.7854, 0.0]
[3, array([0.4693, 0.0219]), array([0.46697143, 0.02022381]), 0.7854, 0.0]
[3, array([0.4693, 0.0219]), array([0.46712381, 0.02022381]), 0.7854, 0.0]
[3, array([0.4693, 0.0219]), array([0.46727619, 0.02022381]), 0.7854, 0.0]
[3, array([0.4693, 0.0219]), array([0.46742857, 0.02022381]), 0.7854, 0.0]
[3, array([0.4693, 0.0219]), array([0.46758095, 0.02022381]), 0.7854, 0.0]
[3, array([0.4693, 0.0219]), array([0.46773333, 0.02022381]), 0.7854, 0.0]
[3, array([0.4693, 0.0219]), array([0.46788571, 0.02022381]), 0.7854, 0.0]
[3, array([0.4693, 0.0219]), array([0.4680381 , 0.02022381]), 0.7854, 0.0]
[3, array([0.4693, 0.0219]), array([0.46819048, 0.02022381]), 0.7854, 0.0]
[3, array([0.4693, 0.0219]), array([0.46834286, 0.02022381]), 0.7854, 0.0]
[3, array([0.4693, 0.0219]), array([0.46849524, 0.02022381]), 0.7854, 0.0]
[3, array([0.4693, 0.0219]), array([0.46864762, 0.02022381]), 0.7854, 0.0]
[3, array([0.4693, 0.0219]), array([0.4688    , 0.02022381]), 0.7854, 0.0]
[3, array([0.4693, 0.0219]), array([0.4656    , 0.02037619]), 0.7854, 0.0]
[3, array([0.4693, 0.0219]), array([0.46575238, 0.02037619]), 0.7854, 0.0]
[3, array([0.4693, 0.0219]), array([0.46590476, 0.02037619]), 0.7854, 0.0]
[3, array([0.4693, 0.0219]), array([0.46605714, 0.02037619]), 0.7854, 0.0]
[3, array([0.4693, 0.0219]), array([0.46620952, 0.02037619]), 0.7854, 0.0]
[3, array([0.4693, 0.0219]), array([0.4663619 , 0.02037619]), 0.7854, 0.0]
[3, array([0.4693, 0.0219]), array([0.46651429, 0.02037619]), 0.7854, 0.0]
[3, array([0.4693, 0.0219]), array([0.46666667, 0.02037619]), 0.7854, 0.0]
[3, array([0.4693, 0.0219]), array([0.46681905, 0.02037619]), 0.7854, 0.0]
[3, array([0.4693, 0.0219]), array([0.46697143, 0.02037619]), 0.7854, 0.0]
[3, array([0.4693, 0.0219]), array([0.46712381, 0.02037619]), 0.7854, 0.0]
[3, array([0.4693, 0.0219]), array([0.46727619, 0.02037619]), 0.7854, 0.0]
[3, array([0.4693, 0.0219]), array([0.46742857, 0.02037619]), 0.7854, 0.0]
[3, array([0.4693, 0.0219]), array([0.46758095, 0.02037619]), 0.7854, 0.0]
[3, array([0.4693, 0.0219]), array([0.46773333, 0.02037619]), 0.7854, 0.0]
[3, array([0.4693, 0.0219]), array([0.46788571, 0.02037619]), 0.7854, 0.0]
[3, array([0.4693, 0.0219]), array([0.4680381 , 0.02037619]), 0.7854, 0.0]
[3, array([0.4693, 0.0219]), array([0.46819048, 0.02037619]), 0.7854, 0.0]
[3, array([0.4693, 0.0219]), array([0.46834286, 0.02037619]), 0.7854, 0.0]
[3, array([0.4693, 0.0219]), array([0.46849524, 0.02037619]), 0.7854, 0.0]
[3, array([0.4693, 0.0219]), array([0.46864762, 0.02037619]), 0.7854, 0.0]
[3, array([0.4693, 0.0219]), array([0.4688    , 0.02037619]), 0.7854, 0.0]
[3, array([0.4693, 0.0219]), array([0.4656    , 0.02052857]), 0.7854, 0.0]
[3, array([0.4693, 0.0219]), array([0.46575238, 0.02052857]), 0.7854, 0.0]
[3, array([0.4693, 0.0219]), array([0.46590476, 0.02052857]), 0.7854, 0.0]
[3, array([0.4693, 0.0219]), array([0.46605714, 0.02052857]), 0.7854, 0.0]
[3, array([0.4693, 0.0219]), array([0.46620952, 0.02052857]), 0.7854, 0.0]
[3, array([0.4693, 0.0219]), array([0.4663619 , 0.02052857]), 0.7854, 0.0]
[3, array([0.4693, 0.0219]), array([0.46651429, 0.02052857]), 0.7854, 0.0]
[3, array([0.4693, 0.0219]), array([0.46666667, 0.02052857]), 0.7854, 0.0]
[3, array([0.4693, 0.0219]), array([0.46681905, 0.02052857]), 0.7854, 0.0]
[3, array([0.4693, 0.0219]), array([0.46697143, 0.02052857]), 0.7854, 0.0]
[3, array([0.4693, 0.0219]), array([0.46712381, 0.02052857]), 0.7854, 0.0]
[3, array([0.4693, 0.0219]), array([0.46727619, 0.02052857]), 0.7854, 0.0]
[3, array([0.4693, 0.0219]), array([0.46742857, 0.02052857]), 0.7854, 0.0]
[3, array([0.4693, 0.0219]), array([0.46758095, 0.02052857]), 0.7854, 0.0]
[3, array([0.4693, 0.0219]), array([0.46773333, 0.02052857]), 0.7854, 0.0]
[3, array([0.4693, 0.0219]), array([0.46788571, 0.02052857]), 0.7854, 0.0]
[3, array([0.4693, 0.0219]), array([0.4680381 , 0.02052857]), 0.7854, 0.0]
[3, array([0.4693, 0.0219]), array([0.46819048, 0.02052857]), 0.7854, 0.0]
[3, array([0.4693, 0.0219]), array([0.46834286, 0.02052857]), 0.7854, 0.0]
[3, array([0.4693, 0.0219]), array([0.46849524, 0.02052857]), 0.7854, 0.0]
[3, array([0.4693, 0.0219]), array([0.46864762, 0.02052857]), 0.7854, 0.0]
[3, array([0.4693, 0.0219]), array([0.4688    , 0.02052857]), 0.7854, 0.0]
[3, array([0.4693, 0.0219]), array([0.4656    , 0.02068095]), 0.7854, 0.0]
[3, array([0.4693, 0.0219]), array([0.46575238, 0.02068095]), 0.7854, 0.0]
[3, array([0.4693, 0.0219]), array([0.46590476, 0.02068095]), 0.7854, 0.0]
[3, array([0.4693, 0.0219]), array([0.46605714, 0.02068095]), 0.7854, 0.0]
[3, array([0.4693, 0.0219]), array([0.46620952, 0.02068095]), 0.7854, 0.0]
[3, array([0.4693, 0.0219]), array([0.4663619 , 0.02068095]), 0.7854, 0.0]
[3, array([0.4693, 0.0219]), array([0.46651429, 0.02068095]), 0.7854, 0.0]
[3, array([0.4693, 0.0219]), array([0.46666667, 0.02068095]), 0.7854, 0.0]
[3, array([0.4693, 0.0219]), array([0.46681905, 0.02068095]), 0.7854, 0.0]
[3, array([0.4693, 0.0219]), array([0.46697143, 0.02068095]), 0.7854, 0.0]
[3, array([0.4693, 0.0219]), array([0.46712381, 0.02068095]), 0.7854, 0.0]
[3, array([0.4693, 0.0219]), array([0.46727619, 0.02068095]), 0.7854, 0.0]
[3, array([0.4693, 0.0219]), array([0.46742857, 0.02068095]), 0.7854, 0.0]
[3, array([0.4693, 0.0219]), array([0.46758095, 0.02068095]), 0.7854, 0.0]
[3, array([0.4693, 0.0219]), array([0.46773333, 0.02068095]), 0.7854, 0.0]
[3, array([0.4693, 0.0219]), array([0.46788571, 0.02068095]), 0.7854, 0.0]
[3, array([0.4693, 0.0219]), array([0.4680381 , 0.02068095]), 0.7854, 0.0]
[3, array([0.4693, 0.0219]), array([0.46819048, 0.02068095]), 0.7854, 0.0]
[3, array([0.4693, 0.0219]), array([0.46834286, 0.02068095]), 0.7854, 0.0]
[3, array([0.4693, 0.0219]), array([0.46849524, 0.02068095]), 0.7854, 0.0]
[3, array([0.4693, 0.0219]), array([0.46864762, 0.02068095]), 0.7854, 0.0]
[3, array([0.4693, 0.0219]), array([0.4688    , 0.02068095]), 0.7854, 0.0]
[3, array([0.4693, 0.0219]), array([0.4656    , 0.02083333]), 0.7854, 0.0]
[3, array([0.4693, 0.0219]), array([0.46575238, 0.02083333]), 0.7854, 0.0]
[3, array([0.4693, 0.0219]), array([0.46590476, 0.02083333]), 0.7854, 0.0]
[3, array([0.4693, 0.0219]), array([0.46605714, 0.02083333]), 0.7854, 0.0]
[3, array([0.4693, 0.0219]), array([0.46620952, 0.02083333]), 0.7854, 0.0]
[3, array([0.4693, 0.0219]), array([0.4663619 , 0.02083333]), 0.7854, 0.0]
[3, array([0.4693, 0.0219]), array([0.46651429, 0.02083333]), 0.7854, 0.0]
[3, array([0.4693, 0.0219]), array([0.46666667, 0.02083333]), 0.7854, 0.0]
[3, array([0.4693, 0.0219]), array([0.46681905, 0.02083333]), 0.7854, 0.0]
[3, array([0.4693, 0.0219]), array([0.46697143, 0.02083333]), 0.7854, 0.0]
[3, array([0.4693, 0.0219]), array([0.46712381, 0.02083333]), 0.7854, 0.0]
[3, array([0.4693, 0.0219]), array([0.46727619, 0.02083333]), 0.7854, 0.0]
[3, array([0.4693, 0.0219]), array([0.46742857, 0.02083333]), 0.7854, 0.0]
[3, array([0.4693, 0.0219]), array([0.46758095, 0.02083333]), 0.7854, 0.0]
[3, array([0.4693, 0.0219]), array([0.46773333, 0.02083333]), 0.7854, 0.0]
[3, array([0.4693, 0.0219]), array([0.46788571, 0.02083333]), 0.7854, 0.0]
[3, array([0.4693, 0.0219]), array([0.4680381 , 0.02083333]), 0.7854, 0.0]
[3, array([0.4693, 0.0219]), array([0.46819048, 0.02083333]), 0.7854, 0.0]
[3, array([0.4693, 0.0219]), array([0.46834286, 0.02083333]), 0.7854, 0.0]
[3, array([0.4693, 0.0219]), array([0.46849524, 0.02083333]), 0.7854, 0.0]
[3, array([0.4693, 0.0219]), array([0.46864762, 0.02083333]), 0.7854, 0.0]
[3, array([0.4693, 0.0219]), array([0.4688    , 0.02083333]), 0.7854, 0.0]
[3, array([0.4693, 0.0219]), array([0.4656    , 0.02098571]), 0.7854, 0.0]
[3, array([0.4693, 0.0219]), array([0.46575238, 0.02098571]), 0.7854, 0.0]
[3, array([0.4693, 0.0219]), array([0.46590476, 0.02098571]), 0.7854, 0.0]
[3, array([0.4693, 0.0219]), array([0.46605714, 0.02098571]), 0.7854, 0.0]
[3, array([0.4693, 0.0219]), array([0.46620952, 0.02098571]), 0.7854, 0.0]
[3, array([0.4693, 0.0219]), array([0.4663619 , 0.02098571]), 0.7854, 0.0]
[3, array([0.4693, 0.0219]), array([0.46651429, 0.02098571]), 0.7854, 0.0]
[3, array([0.4693, 0.0219]), array([0.46666667, 0.02098571]), 0.7854, 0.0]
[3, array([0.4693, 0.0219]), array([0.46681905, 0.02098571]), 0.7854, 0.0]
[3, array([0.4693, 0.0219]), array([0.46697143, 0.02098571]), 0.7854, 0.0]
[3, array([0.4693, 0.0219]), array([0.46712381, 0.02098571]), 0.7854, 0.0]
[3, array([0.4693, 0.0219]), array([0.46727619, 0.02098571]), 0.7854, 0.0]
[3, array([0.4693, 0.0219]), array([0.46742857, 0.02098571]), 0.7854, 0.0]
[3, array([0.4693, 0.0219]), array([0.46758095, 0.02098571]), 0.7854, 0.0]
[3, array([0.4693, 0.0219]), array([0.46773333, 0.02098571]), 0.7854, 0.0]
[3, array([0.4693, 0.0219]), array([0.46788571, 0.02098571]), 0.7854, 0.0]
[3, array([0.4693, 0.0219]), array([0.4680381 , 0.02098571]), 0.7854, 0.0]
[3, array([0.4693, 0.0219]), array([0.46819048, 0.02098571]), 0.7854, 0.0]
[3, array([0.4693, 0.0219]), array([0.46834286, 0.02098571]), 0.7854, 0.0]
[3, array([0.4693, 0.0219]), array([0.46849524, 0.02098571]), 0.7854, 0.0]
[3, array([0.4693, 0.0219]), array([0.46864762, 0.02098571]), 0.7854, 0.0]
[3, array([0.4693, 0.0219]), array([0.4688    , 0.02098571]), 0.7854, 0.0]
[3, array([0.4693, 0.0219]), array([0.4656   , 0.0211381]), 0.7854, 0.0]
[3, array([0.4693, 0.0219]), array([0.46575238, 0.0211381 ]), 0.7854, 0.0]
[3, array([0.4693, 0.0219]), array([0.46590476, 0.0211381 ]), 0.7854, 0.0]
[3, array([0.4693, 0.0219]), array([0.46605714, 0.0211381 ]), 0.7854, 0.0]
[3, array([0.4693, 0.0219]), array([0.46620952, 0.0211381 ]), 0.7854, 0.0]
[3, array([0.4693, 0.0219]), array([0.4663619, 0.0211381]), 0.7854, 0.0]
[3, array([0.4693, 0.0219]), array([0.46651429, 0.0211381 ]), 0.7854, 0.0]
[3, array([0.4693, 0.0219]), array([0.46666667, 0.0211381 ]), 0.7854, 0.0]
[3, array([0.4693, 0.0219]), array([0.46681905, 0.0211381 ]), 0.7854, 0.0]
[3, array([0.4693, 0.0219]), array([0.46697143, 0.0211381 ]), 0.7854, 0.0]
[3, array([0.4693, 0.0219]), array([0.46712381, 0.0211381 ]), 0.7854, 0.0]
[3, array([0.4693, 0.0219]), array([0.46727619, 0.0211381 ]), 0.7854, 0.0]
[3, array([0.4693, 0.0219]), array([0.46742857, 0.0211381 ]), 0.7854, 0.0]
[3, array([0.4693, 0.0219]), array([0.46758095, 0.0211381 ]), 0.7854, 0.0]
[3, array([0.4693, 0.0219]), array([0.46773333, 0.0211381 ]), 0.7854, 0.0]
[3, array([0.4693, 0.0219]), array([0.46788571, 0.0211381 ]), 0.7854, 0.0]
[3, array([0.4693, 0.0219]), array([0.4680381, 0.0211381]), 0.7854, 0.0]
[3, array([0.4693, 0.0219]), array([0.46819048, 0.0211381 ]), 0.7854, 0.0]
[3, array([0.4693, 0.0219]), array([0.46834286, 0.0211381 ]), 0.7854, 0.0]
[3, array([0.4693, 0.0219]), array([0.46849524, 0.0211381 ]), 0.7854, 0.0]
[3, array([0.4693, 0.0219]), array([0.46864762, 0.0211381 ]), 0.7854, 0.0]
[3, array([0.4693, 0.0219]), array([0.4688   , 0.0211381]), 0.7854, 0.0]
[3, array([0.4693, 0.0219]), array([0.4656    , 0.02129048]), 0.7854, 0.0]
[3, array([0.4693, 0.0219]), array([0.46575238, 0.02129048]), 0.7854, 0.0]
[3, array([0.4693, 0.0219]), array([0.46590476, 0.02129048]), 0.7854, 0.0]
[3, array([0.4693, 0.0219]), array([0.46605714, 0.02129048]), 0.7854, 0.0]
[3, array([0.4693, 0.0219]), array([0.46620952, 0.02129048]), 0.7854, 0.0]
[3, array([0.4693, 0.0219]), array([0.4663619 , 0.02129048]), 0.7854, 0.0]
[3, array([0.4693, 0.0219]), array([0.46651429, 0.02129048]), 0.7854, 0.0]
[3, array([0.4693, 0.0219]), array([0.46666667, 0.02129048]), 0.7854, 0.0]
[3, array([0.4693, 0.0219]), array([0.46681905, 0.02129048]), 0.7854, 0.0]
[3, array([0.4693, 0.0219]), array([0.46697143, 0.02129048]), 0.7854, 0.0]
[3, array([0.4693, 0.0219]), array([0.46712381, 0.02129048]), 0.7854, 0.0]
[3, array([0.4693, 0.0219]), array([0.46727619, 0.02129048]), 0.7854, 0.0]
[3, array([0.4693, 0.0219]), array([0.46742857, 0.02129048]), 0.7854, 0.0]
[3, array([0.4693, 0.0219]), array([0.46758095, 0.02129048]), 0.7854, 0.0]
[3, array([0.4693, 0.0219]), array([0.46773333, 0.02129048]), 0.7854, 0.0]
[3, array([0.4693, 0.0219]), array([0.46788571, 0.02129048]), 0.7854, 0.0]
[3, array([0.4693, 0.0219]), array([0.4680381 , 0.02129048]), 0.7854, 0.0]
[3, array([0.4693, 0.0219]), array([0.46819048, 0.02129048]), 0.7854, 0.0]
[3, array([0.4693, 0.0219]), array([0.46834286, 0.02129048]), 0.7854, 0.0]
[3, array([0.4693, 0.0219]), array([0.46849524, 0.02129048]), 0.7854, 0.0]
[3, array([0.4693, 0.0219]), array([0.46864762, 0.02129048]), 0.7854, 1.0]
[3, array([0.4693, 0.0219]), array([0.4688    , 0.02129048]), 0.7854, 0.0]
[3, array([0.4693, 0.0219]), array([0.4656    , 0.02144286]), 0.7854, 0.0]
[3, array([0.4693, 0.0219]), array([0.46575238, 0.02144286]), 0.7854, 0.0]
[3, array([0.4693, 0.0219]), array([0.46590476, 0.02144286]), 0.7854, 0.0]
[3, array([0.4693, 0.0219]), array([0.46605714, 0.02144286]), 0.7854, 0.0]
[3, array([0.4693, 0.0219]), array([0.46620952, 0.02144286]), 0.7854, 0.0]
[3, array([0.4693, 0.0219]), array([0.4663619 , 0.02144286]), 0.7854, 0.0]
[3, array([0.4693, 0.0219]), array([0.46651429, 0.02144286]), 0.7854, 0.0]
[3, array([0.4693, 0.0219]), array([0.46666667, 0.02144286]), 0.7854, 0.0]
[3, array([0.4693, 0.0219]), array([0.46681905, 0.02144286]), 0.7854, 0.0]
[3, array([0.4693, 0.0219]), array([0.46697143, 0.02144286]), 0.7854, 0.0]
[3, array([0.4693, 0.0219]), array([0.46712381, 0.02144286]), 0.7854, 0.0]
[3, array([0.4693, 0.0219]), array([0.46727619, 0.02144286]), 0.7854, 0.0]
[3, array([0.4693, 0.0219]), array([0.46742857, 0.02144286]), 0.7854, 0.0]
[3, array([0.4693, 0.0219]), array([0.46758095, 0.02144286]), 0.7854, 0.0]
[3, array([0.4693, 0.0219]), array([0.46773333, 0.02144286]), 0.7854, 0.0]
[3, array([0.4693, 0.0219]), array([0.46788571, 0.02144286]), 0.7854, 0.0]
[3, array([0.4693, 0.0219]), array([0.4680381 , 0.02144286]), 0.7854, 0.0]
[3, array([0.4693, 0.0219]), array([0.46819048, 0.02144286]), 0.7854, 0.0]
[3, array([0.4693, 0.0219]), array([0.46834286, 0.02144286]), 0.7854, 1.0]
[3, array([0.4693, 0.0219]), array([0.46849524, 0.02144286]), 0.7854, 1.0]
[3, array([0.4693, 0.0219]), array([0.46864762, 0.02144286]), 0.7854, 1.0]
[3, array([0.4693, 0.0219]), array([0.4688    , 0.02144286]), 0.7854, 1.0]
[3, array([0.4693, 0.0219]), array([0.4656    , 0.02159524]), 0.7854, 0.0]
[3, array([0.4693, 0.0219]), array([0.46575238, 0.02159524]), 0.7854, 0.0]
[3, array([0.4693, 0.0219]), array([0.46590476, 0.02159524]), 0.7854, 0.0]
[3, array([0.4693, 0.0219]), array([0.46605714, 0.02159524]), 0.7854, 0.0]
[3, array([0.4693, 0.0219]), array([0.46620952, 0.02159524]), 0.7854, 0.0]
[3, array([0.4693, 0.0219]), array([0.4663619 , 0.02159524]), 0.7854, 0.0]
[3, array([0.4693, 0.0219]), array([0.46651429, 0.02159524]), 0.7854, 0.0]
[3, array([0.4693, 0.0219]), array([0.46666667, 0.02159524]), 0.7854, 0.0]
[3, array([0.4693, 0.0219]), array([0.46681905, 0.02159524]), 0.7854, 0.0]
[3, array([0.4693, 0.0219]), array([0.46697143, 0.02159524]), 0.7854, 0.0]
[3, array([0.4693, 0.0219]), array([0.46712381, 0.02159524]), 0.7854, 0.0]
[3, array([0.4693, 0.0219]), array([0.46727619, 0.02159524]), 0.7854, 0.0]
[3, array([0.4693, 0.0219]), array([0.46742857, 0.02159524]), 0.7854, 0.0]
[3, array([0.4693, 0.0219]), array([0.46758095, 0.02159524]), 0.7854, 0.0]
[3, array([0.4693, 0.0219]), array([0.46773333, 0.02159524]), 0.7854, 0.0]
[3, array([0.4693, 0.0219]), array([0.46788571, 0.02159524]), 0.7854, 0.0]
[3, array([0.4693, 0.0219]), array([0.4680381 , 0.02159524]), 0.7854, 0.0]
[3, array([0.4693, 0.0219]), array([0.46819048, 0.02159524]), 0.7854, 0.0]
[3, array([0.4693, 0.0219]), array([0.46834286, 0.02159524]), 0.7854, 1.0]
[3, array([0.4693, 0.0219]), array([0.46849524, 0.02159524]), 0.7854, 1.0]
[3, array([0.4693, 0.0219]), array([0.46864762, 0.02159524]), 0.7854, 1.0]
[3, array([0.4693, 0.0219]), array([0.4688    , 0.02159524]), 0.7854, 1.0]
[3, array([0.4693, 0.0219]), array([0.4656    , 0.02174762]), 0.7854, 0.0]
[3, array([0.4693, 0.0219]), array([0.46575238, 0.02174762]), 0.7854, 1.0]
[3, array([0.4693, 0.0219]), array([0.46590476, 0.02174762]), 0.7854, 0.0]
[3, array([0.4693, 0.0219]), array([0.46605714, 0.02174762]), 0.7854, 0.0]
[3, array([0.4693, 0.0219]), array([0.46620952, 0.02174762]), 0.7854, 0.0]
[3, array([0.4693, 0.0219]), array([0.4663619 , 0.02174762]), 0.7854, 0.0]
[3, array([0.4693, 0.0219]), array([0.46651429, 0.02174762]), 0.7854, 0.0]
[3, array([0.4693, 0.0219]), array([0.46666667, 0.02174762]), 0.7854, 0.0]
[3, array([0.4693, 0.0219]), array([0.46681905, 0.02174762]), 0.7854, 0.0]
[3, array([0.4693, 0.0219]), array([0.46697143, 0.02174762]), 0.7854, 0.0]
[3, array([0.4693, 0.0219]), array([0.46712381, 0.02174762]), 0.7854, 0.0]
[3, array([0.4693, 0.0219]), array([0.46727619, 0.02174762]), 0.7854, 0.0]
[3, array([0.4693, 0.0219]), array([0.46742857, 0.02174762]), 0.7854, 0.0]
[3, array([0.4693, 0.0219]), array([0.46758095, 0.02174762]), 0.7854, 0.0]
[3, array([0.4693, 0.0219]), array([0.46773333, 0.02174762]), 0.7854, 0.0]
[3, array([0.4693, 0.0219]), array([0.46788571, 0.02174762]), 0.7854, 0.0]
[3, array([0.4693, 0.0219]), array([0.4680381 , 0.02174762]), 0.7854, 0.0]
[3, array([0.4693, 0.0219]), array([0.46819048, 0.02174762]), 0.7854, 0.0]
[3, array([0.4693, 0.0219]), array([0.46834286, 0.02174762]), 0.7854, 0.0]
[3, array([0.4693, 0.0219]), array([0.46849524, 0.02174762]), 0.7854, 1.0]
[3, array([0.4693, 0.0219]), array([0.46864762, 0.02174762]), 0.7854, 1.0]
[3, array([0.4693, 0.0219]), array([0.4688    , 0.02174762]), 0.7854, 1.0]
[3, array([0.4693, 0.0219]), array([0.4656, 0.0219]), 0.7854, 0.0]
[3, array([0.4693, 0.0219]), array([0.46575238, 0.0219    ]), 0.7854, 0.0]
[3, array([0.4693, 0.0219]), array([0.46590476, 0.0219    ]), 0.7854, 0.0]
[3, array([0.4693, 0.0219]), array([0.46605714, 0.0219    ]), 0.7854, 0.0]
[3, array([0.4693, 0.0219]), array([0.46620952, 0.0219    ]), 0.7854, 0.0]
[3, array([0.4693, 0.0219]), array([0.4663619, 0.0219   ]), 0.7854, 0.0]
[3, array([0.4693, 0.0219]), array([0.46651429, 0.0219    ]), 0.7854, 0.0]
[3, array([0.4693, 0.0219]), array([0.46666667, 0.0219    ]), 0.7854, 0.0]
[3, array([0.4693, 0.0219]), array([0.46681905, 0.0219    ]), 0.7854, 0.0]
[3, array([0.4693, 0.0219]), array([0.46697143, 0.0219    ]), 0.7854, 0.0]
[3, array([0.4693, 0.0219]), array([0.46712381, 0.0219    ]), 0.7854, 0.0]
[3, array([0.4693, 0.0219]), array([0.46727619, 0.0219    ]), 0.7854, 0.0]
[3, array([0.4693, 0.0219]), array([0.46742857, 0.0219    ]), 0.7854, 0.0]
[3, array([0.4693, 0.0219]), array([0.46758095, 0.0219    ]), 0.7854, 0.0]
[3, array([0.4693, 0.0219]), array([0.46773333, 0.0219    ]), 0.7854, 0.0]
[3, array([0.4693, 0.0219]), array([0.46788571, 0.0219    ]), 0.7854, 0.0]
[3, array([0.4693, 0.0219]), array([0.4680381, 0.0219   ]), 0.7854, 0.0]
[3, array([0.4693, 0.0219]), array([0.46819048, 0.0219    ]), 0.7854, 0.0]
[3, array([0.4693, 0.0219]), array([0.46834286, 0.0219    ]), 0.7854, 1.0]
[3, array([0.4693, 0.0219]), array([0.46849524, 0.0219    ]), 0.7854, 1.0]
[3, array([0.4693, 0.0219]), array([0.46864762, 0.0219    ]), 0.7854, 1.0]
[3, array([0.4693, 0.0219]), array([0.4688, 0.0219]), 0.7854, 1.0]
[1, array([ 0.4828, -0.0293]), array([ 0.47975, -0.0312 ]), 0.7854, 1.0]
[1, array([ 0.4828, -0.0293]), array([ 0.47989762, -0.0312    ]), 0.7854, 1.0]
[1, array([ 0.4828, -0.0293]), array([ 0.48004524, -0.0312    ]), 0.7854, 1.0]
[1, array([ 0.4828, -0.0293]), array([ 0.48019286, -0.0312    ]), 0.7854, 1.0]
[1, array([ 0.4828, -0.0293]), array([ 0.48034048, -0.0312    ]), 0.7854, 1.0]
[1, array([ 0.4828, -0.0293]), array([ 0.4804881, -0.0312   ]), 0.7854, 1.0]
[1, array([ 0.4828, -0.0293]), array([ 0.48063571, -0.0312    ]), 0.7854, 1.0]
[1, array([ 0.4828, -0.0293]), array([ 0.48078333, -0.0312    ]), 0.7854, 1.0]
[1, array([ 0.4828, -0.0293]), array([ 0.48093095, -0.0312    ]), 0.7854, 1.0]
[1, array([ 0.4828, -0.0293]), array([ 0.48107857, -0.0312    ]), 0.7854, 1.0]
[1, array([ 0.4828, -0.0293]), array([ 0.48122619, -0.0312    ]), 0.7854, 1.0]
[1, array([ 0.4828, -0.0293]), array([ 0.48137381, -0.0312    ]), 0.7854, 1.0]
[1, array([ 0.4828, -0.0293]), array([ 0.48152143, -0.0312    ]), 0.7854, 1.0]
[1, array([ 0.4828, -0.0293]), array([ 0.48166905, -0.0312    ]), 0.7854, 1.0]
[1, array([ 0.4828, -0.0293]), array([ 0.48181667, -0.0312    ]), 0.7854, 1.0]
[1, array([ 0.4828, -0.0293]), array([ 0.48196429, -0.0312    ]), 0.7854, 1.0]
[1, array([ 0.4828, -0.0293]), array([ 0.4821119, -0.0312   ]), 0.7854, 1.0]
[1, array([ 0.4828, -0.0293]), array([ 0.48225952, -0.0312    ]), 0.7854, 1.0]
[1, array([ 0.4828, -0.0293]), array([ 0.48240714, -0.0312    ]), 0.7854, 1.0]
[1, array([ 0.4828, -0.0293]), array([ 0.48255476, -0.0312    ]), 0.7854, 1.0]
[1, array([ 0.4828, -0.0293]), array([ 0.48270238, -0.0312    ]), 0.7854, 1.0]
[1, array([ 0.4828, -0.0293]), array([ 0.48285, -0.0312 ]), 0.7854, 1.0]
[1, array([ 0.4828, -0.0293]), array([ 0.47975   , -0.03105238]), 0.7854, 1.0]
[1, array([ 0.4828, -0.0293]), array([ 0.47989762, -0.03105238]), 0.7854, 1.0]
[1, array([ 0.4828, -0.0293]), array([ 0.48004524, -0.03105238]), 0.7854, 1.0]
[1, array([ 0.4828, -0.0293]), array([ 0.48019286, -0.03105238]), 0.7854, 1.0]
[1, array([ 0.4828, -0.0293]), array([ 0.48034048, -0.03105238]), 0.7854, 1.0]
[1, array([ 0.4828, -0.0293]), array([ 0.4804881 , -0.03105238]), 0.7854, 1.0]
[1, array([ 0.4828, -0.0293]), array([ 0.48063571, -0.03105238]), 0.7854, 1.0]
[1, array([ 0.4828, -0.0293]), array([ 0.48078333, -0.03105238]), 0.7854, 1.0]
[1, array([ 0.4828, -0.0293]), array([ 0.48093095, -0.03105238]), 0.7854, 1.0]
[1, array([ 0.4828, -0.0293]), array([ 0.48107857, -0.03105238]), 0.7854, 1.0]
[1, array([ 0.4828, -0.0293]), array([ 0.48122619, -0.03105238]), 0.7854, 1.0]
[1, array([ 0.4828, -0.0293]), array([ 0.48137381, -0.03105238]), 0.7854, 1.0]
[1, array([ 0.4828, -0.0293]), array([ 0.48152143, -0.03105238]), 0.7854, 1.0]
[1, array([ 0.4828, -0.0293]), array([ 0.48166905, -0.03105238]), 0.7854, 1.0]
[1, array([ 0.4828, -0.0293]), array([ 0.48181667, -0.03105238]), 0.7854, 1.0]
[1, array([ 0.4828, -0.0293]), array([ 0.48196429, -0.03105238]), 0.7854, 1.0]
[1, array([ 0.4828, -0.0293]), array([ 0.4821119 , -0.03105238]), 0.7854, 1.0]
[1, array([ 0.4828, -0.0293]), array([ 0.48225952, -0.03105238]), 0.7854, 1.0]
[1, array([ 0.4828, -0.0293]), array([ 0.48240714, -0.03105238]), 0.7854, 1.0]
[1, array([ 0.4828, -0.0293]), array([ 0.48255476, -0.03105238]), 0.7854, 1.0]
[1, array([ 0.4828, -0.0293]), array([ 0.48270238, -0.03105238]), 0.7854, 1.0]
[1, array([ 0.4828, -0.0293]), array([ 0.48285   , -0.03105238]), 0.7854, 1.0]
[1, array([ 0.4828, -0.0293]), array([ 0.47975   , -0.03090476]), 0.7854, 1.0]
[1, array([ 0.4828, -0.0293]), array([ 0.47989762, -0.03090476]), 0.7854, 1.0]
[1, array([ 0.4828, -0.0293]), array([ 0.48004524, -0.03090476]), 0.7854, 1.0]
[1, array([ 0.4828, -0.0293]), array([ 0.48019286, -0.03090476]), 0.7854, 1.0]
[1, array([ 0.4828, -0.0293]), array([ 0.48034048, -0.03090476]), 0.7854, 1.0]
[1, array([ 0.4828, -0.0293]), array([ 0.4804881 , -0.03090476]), 0.7854, 1.0]
[1, array([ 0.4828, -0.0293]), array([ 0.48063571, -0.03090476]), 0.7854, 1.0]
[1, array([ 0.4828, -0.0293]), array([ 0.48078333, -0.03090476]), 0.7854, 1.0]
[1, array([ 0.4828, -0.0293]), array([ 0.48093095, -0.03090476]), 0.7854, 1.0]
[1, array([ 0.4828, -0.0293]), array([ 0.48107857, -0.03090476]), 0.7854, 1.0]
[1, array([ 0.4828, -0.0293]), array([ 0.48122619, -0.03090476]), 0.7854, 1.0]
[1, array([ 0.4828, -0.0293]), array([ 0.48137381, -0.03090476]), 0.7854, 1.0]
[1, array([ 0.4828, -0.0293]), array([ 0.48152143, -0.03090476]), 0.7854, 1.0]
[1, array([ 0.4828, -0.0293]), array([ 0.48166905, -0.03090476]), 0.7854, 1.0]
[1, array([ 0.4828, -0.0293]), array([ 0.48181667, -0.03090476]), 0.7854, 1.0]
[1, array([ 0.4828, -0.0293]), array([ 0.48196429, -0.03090476]), 0.7854, 1.0]
[1, array([ 0.4828, -0.0293]), array([ 0.4821119 , -0.03090476]), 0.7854, 1.0]
[1, array([ 0.4828, -0.0293]), array([ 0.48225952, -0.03090476]), 0.7854, 1.0]
[1, array([ 0.4828, -0.0293]), array([ 0.48240714, -0.03090476]), 0.7854, 1.0]
[1, array([ 0.4828, -0.0293]), array([ 0.48255476, -0.03090476]), 0.7854, 1.0]
[1, array([ 0.4828, -0.0293]), array([ 0.48270238, -0.03090476]), 0.7854, 1.0]
[1, array([ 0.4828, -0.0293]), array([ 0.48285   , -0.03090476]), 0.7854, 1.0]
[1, array([ 0.4828, -0.0293]), array([ 0.47975   , -0.03075714]), 0.7854, 1.0]
[1, array([ 0.4828, -0.0293]), array([ 0.47989762, -0.03075714]), 0.7854, 1.0]
[1, array([ 0.4828, -0.0293]), array([ 0.48004524, -0.03075714]), 0.7854, 1.0]
[1, array([ 0.4828, -0.0293]), array([ 0.48019286, -0.03075714]), 0.7854, 1.0]
[1, array([ 0.4828, -0.0293]), array([ 0.48034048, -0.03075714]), 0.7854, 1.0]
[1, array([ 0.4828, -0.0293]), array([ 0.4804881 , -0.03075714]), 0.7854, 1.0]
[1, array([ 0.4828, -0.0293]), array([ 0.48063571, -0.03075714]), 0.7854, 1.0]
[1, array([ 0.4828, -0.0293]), array([ 0.48078333, -0.03075714]), 0.7854, 1.0]
[1, array([ 0.4828, -0.0293]), array([ 0.48093095, -0.03075714]), 0.7854, 1.0]
[1, array([ 0.4828, -0.0293]), array([ 0.48107857, -0.03075714]), 0.7854, 1.0]
[1, array([ 0.4828, -0.0293]), array([ 0.48122619, -0.03075714]), 0.7854, 1.0]
[1, array([ 0.4828, -0.0293]), array([ 0.48137381, -0.03075714]), 0.7854, 1.0]
[1, array([ 0.4828, -0.0293]), array([ 0.48152143, -0.03075714]), 0.7854, 1.0]
[1, array([ 0.4828, -0.0293]), array([ 0.48166905, -0.03075714]), 0.7854, 1.0]
[1, array([ 0.4828, -0.0293]), array([ 0.48181667, -0.03075714]), 0.7854, 1.0]
[1, array([ 0.4828, -0.0293]), array([ 0.48196429, -0.03075714]), 0.7854, 1.0]
[1, array([ 0.4828, -0.0293]), array([ 0.4821119 , -0.03075714]), 0.7854, 1.0]
[1, array([ 0.4828, -0.0293]), array([ 0.48225952, -0.03075714]), 0.7854, 1.0]
[1, array([ 0.4828, -0.0293]), array([ 0.48240714, -0.03075714]), 0.7854, 1.0]
[1, array([ 0.4828, -0.0293]), array([ 0.48255476, -0.03075714]), 0.7854, 1.0]
[1, array([ 0.4828, -0.0293]), array([ 0.48270238, -0.03075714]), 0.7854, 1.0]
[1, array([ 0.4828, -0.0293]), array([ 0.48285   , -0.03075714]), 0.7854, 1.0]
[1, array([ 0.4828, -0.0293]), array([ 0.47975   , -0.03060952]), 0.7854, 1.0]
[1, array([ 0.4828, -0.0293]), array([ 0.47989762, -0.03060952]), 0.7854, 1.0]
[1, array([ 0.4828, -0.0293]), array([ 0.48004524, -0.03060952]), 0.7854, 1.0]
[1, array([ 0.4828, -0.0293]), array([ 0.48019286, -0.03060952]), 0.7854, 1.0]
[1, array([ 0.4828, -0.0293]), array([ 0.48034048, -0.03060952]), 0.7854, 1.0]
[1, array([ 0.4828, -0.0293]), array([ 0.4804881 , -0.03060952]), 0.7854, 1.0]
[1, array([ 0.4828, -0.0293]), array([ 0.48063571, -0.03060952]), 0.7854, 1.0]
[1, array([ 0.4828, -0.0293]), array([ 0.48078333, -0.03060952]), 0.7854, 1.0]
[1, array([ 0.4828, -0.0293]), array([ 0.48093095, -0.03060952]), 0.7854, 1.0]
[1, array([ 0.4828, -0.0293]), array([ 0.48107857, -0.03060952]), 0.7854, 1.0]
[1, array([ 0.4828, -0.0293]), array([ 0.48122619, -0.03060952]), 0.7854, 1.0]
[1, array([ 0.4828, -0.0293]), array([ 0.48137381, -0.03060952]), 0.7854, 1.0]
[1, array([ 0.4828, -0.0293]), array([ 0.48152143, -0.03060952]), 0.7854, 1.0]
[1, array([ 0.4828, -0.0293]), array([ 0.48166905, -0.03060952]), 0.7854, 1.0]
[1, array([ 0.4828, -0.0293]), array([ 0.48181667, -0.03060952]), 0.7854, 1.0]
[1, array([ 0.4828, -0.0293]), array([ 0.48196429, -0.03060952]), 0.7854, 1.0]
[1, array([ 0.4828, -0.0293]), array([ 0.4821119 , -0.03060952]), 0.7854, 1.0]
[1, array([ 0.4828, -0.0293]), array([ 0.48225952, -0.03060952]), 0.7854, 1.0]
[1, array([ 0.4828, -0.0293]), array([ 0.48240714, -0.03060952]), 0.7854, 1.0]
[1, array([ 0.4828, -0.0293]), array([ 0.48255476, -0.03060952]), 0.7854, 1.0]
[1, array([ 0.4828, -0.0293]), array([ 0.48270238, -0.03060952]), 0.7854, 1.0]
[1, array([ 0.4828, -0.0293]), array([ 0.48285   , -0.03060952]), 0.7854, 1.0]
[1, array([ 0.4828, -0.0293]), array([ 0.47975  , -0.0304619]), 0.7854, 1.0]
[1, array([ 0.4828, -0.0293]), array([ 0.47989762, -0.0304619 ]), 0.7854, 1.0]
[1, array([ 0.4828, -0.0293]), array([ 0.48004524, -0.0304619 ]), 0.7854, 1.0]
[1, array([ 0.4828, -0.0293]), array([ 0.48019286, -0.0304619 ]), 0.7854, 1.0]
[1, array([ 0.4828, -0.0293]), array([ 0.48034048, -0.0304619 ]), 0.7854, 1.0]
[1, array([ 0.4828, -0.0293]), array([ 0.4804881, -0.0304619]), 0.7854, 1.0]
[1, array([ 0.4828, -0.0293]), array([ 0.48063571, -0.0304619 ]), 0.7854, 1.0]
[1, array([ 0.4828, -0.0293]), array([ 0.48078333, -0.0304619 ]), 0.7854, 1.0]
[1, array([ 0.4828, -0.0293]), array([ 0.48093095, -0.0304619 ]), 0.7854, 1.0]
[1, array([ 0.4828, -0.0293]), array([ 0.48107857, -0.0304619 ]), 0.7854, 1.0]
[1, array([ 0.4828, -0.0293]), array([ 0.48122619, -0.0304619 ]), 0.7854, 1.0]
[1, array([ 0.4828, -0.0293]), array([ 0.48137381, -0.0304619 ]), 0.7854, 1.0]
[1, array([ 0.4828, -0.0293]), array([ 0.48152143, -0.0304619 ]), 0.7854, 1.0]
[1, array([ 0.4828, -0.0293]), array([ 0.48166905, -0.0304619 ]), 0.7854, 1.0]
[1, array([ 0.4828, -0.0293]), array([ 0.48181667, -0.0304619 ]), 0.7854, 1.0]
[1, array([ 0.4828, -0.0293]), array([ 0.48196429, -0.0304619 ]), 0.7854, 1.0]
[1, array([ 0.4828, -0.0293]), array([ 0.4821119, -0.0304619]), 0.7854, 1.0]
[1, array([ 0.4828, -0.0293]), array([ 0.48225952, -0.0304619 ]), 0.7854, 1.0]
[1, array([ 0.4828, -0.0293]), array([ 0.48240714, -0.0304619 ]), 0.7854, 1.0]
[1, array([ 0.4828, -0.0293]), array([ 0.48255476, -0.0304619 ]), 0.7854, 1.0]
[1, array([ 0.4828, -0.0293]), array([ 0.48270238, -0.0304619 ]), 0.7854, 1.0]
[1, array([ 0.4828, -0.0293]), array([ 0.48285  , -0.0304619]), 0.7854, 1.0]
[1, array([ 0.4828, -0.0293]), array([ 0.47975   , -0.03031429]), 0.7854, 1.0]
[1, array([ 0.4828, -0.0293]), array([ 0.47989762, -0.03031429]), 0.7854, 1.0]
[1, array([ 0.4828, -0.0293]), array([ 0.48004524, -0.03031429]), 0.7854, 1.0]
[1, array([ 0.4828, -0.0293]), array([ 0.48019286, -0.03031429]), 0.7854, 1.0]
[1, array([ 0.4828, -0.0293]), array([ 0.48034048, -0.03031429]), 0.7854, 1.0]
[1, array([ 0.4828, -0.0293]), array([ 0.4804881 , -0.03031429]), 0.7854, 1.0]
[1, array([ 0.4828, -0.0293]), array([ 0.48063571, -0.03031429]), 0.7854, 1.0]
[1, array([ 0.4828, -0.0293]), array([ 0.48078333, -0.03031429]), 0.7854, 1.0]
[1, array([ 0.4828, -0.0293]), array([ 0.48093095, -0.03031429]), 0.7854, 1.0]
[1, array([ 0.4828, -0.0293]), array([ 0.48107857, -0.03031429]), 0.7854, 1.0]
[1, array([ 0.4828, -0.0293]), array([ 0.48122619, -0.03031429]), 0.7854, 1.0]
[1, array([ 0.4828, -0.0293]), array([ 0.48137381, -0.03031429]), 0.7854, 1.0]
[1, array([ 0.4828, -0.0293]), array([ 0.48152143, -0.03031429]), 0.7854, 1.0]
[1, array([ 0.4828, -0.0293]), array([ 0.48166905, -0.03031429]), 0.7854, 1.0]
[1, array([ 0.4828, -0.0293]), array([ 0.48181667, -0.03031429]), 0.7854, 1.0]
[1, array([ 0.4828, -0.0293]), array([ 0.48196429, -0.03031429]), 0.7854, 1.0]
[1, array([ 0.4828, -0.0293]), array([ 0.4821119 , -0.03031429]), 0.7854, 1.0]
[1, array([ 0.4828, -0.0293]), array([ 0.48225952, -0.03031429]), 0.7854, 1.0]
[1, array([ 0.4828, -0.0293]), array([ 0.48240714, -0.03031429]), 0.7854, 1.0]
[1, array([ 0.4828, -0.0293]), array([ 0.48255476, -0.03031429]), 0.7854, 1.0]
[1, array([ 0.4828, -0.0293]), array([ 0.48270238, -0.03031429]), 0.7854, 1.0]
[1, array([ 0.4828, -0.0293]), array([ 0.48285   , -0.03031429]), 0.7854, 1.0]
[1, array([ 0.4828, -0.0293]), array([ 0.47975   , -0.03016667]), 0.7854, 1.0]
[1, array([ 0.4828, -0.0293]), array([ 0.47989762, -0.03016667]), 0.7854, 1.0]
[1, array([ 0.4828, -0.0293]), array([ 0.48004524, -0.03016667]), 0.7854, 1.0]
[1, array([ 0.4828, -0.0293]), array([ 0.48019286, -0.03016667]), 0.7854, 1.0]
[1, array([ 0.4828, -0.0293]), array([ 0.48034048, -0.03016667]), 0.7854, 1.0]
[1, array([ 0.4828, -0.0293]), array([ 0.4804881 , -0.03016667]), 0.7854, 1.0]
[1, array([ 0.4828, -0.0293]), array([ 0.48063571, -0.03016667]), 0.7854, 1.0]
[1, array([ 0.4828, -0.0293]), array([ 0.48078333, -0.03016667]), 0.7854, 1.0]
[1, array([ 0.4828, -0.0293]), array([ 0.48093095, -0.03016667]), 0.7854, 1.0]
[1, array([ 0.4828, -0.0293]), array([ 0.48107857, -0.03016667]), 0.7854, 1.0]
[1, array([ 0.4828, -0.0293]), array([ 0.48122619, -0.03016667]), 0.7854, 1.0]
[1, array([ 0.4828, -0.0293]), array([ 0.48137381, -0.03016667]), 0.7854, 1.0]
[1, array([ 0.4828, -0.0293]), array([ 0.48152143, -0.03016667]), 0.7854, 1.0]
[1, array([ 0.4828, -0.0293]), array([ 0.48166905, -0.03016667]), 0.7854, 1.0]
[1, array([ 0.4828, -0.0293]), array([ 0.48181667, -0.03016667]), 0.7854, 1.0]
[1, array([ 0.4828, -0.0293]), array([ 0.48196429, -0.03016667]), 0.7854, 1.0]
[1, array([ 0.4828, -0.0293]), array([ 0.4821119 , -0.03016667]), 0.7854, 1.0]
[1, array([ 0.4828, -0.0293]), array([ 0.48225952, -0.03016667]), 0.7854, 1.0]
[1, array([ 0.4828, -0.0293]), array([ 0.48240714, -0.03016667]), 0.7854, 1.0]
[1, array([ 0.4828, -0.0293]), array([ 0.48255476, -0.03016667]), 0.7854, 1.0]
[1, array([ 0.4828, -0.0293]), array([ 0.48270238, -0.03016667]), 0.7854, 1.0]
[1, array([ 0.4828, -0.0293]), array([ 0.48285   , -0.03016667]), 0.7854, 1.0]
[1, array([ 0.4828, -0.0293]), array([ 0.47975   , -0.03001905]), 0.7854, 1.0]
[1, array([ 0.4828, -0.0293]), array([ 0.47989762, -0.03001905]), 0.7854, 1.0]
[1, array([ 0.4828, -0.0293]), array([ 0.48004524, -0.03001905]), 0.7854, 1.0]
[1, array([ 0.4828, -0.0293]), array([ 0.48019286, -0.03001905]), 0.7854, 1.0]
[1, array([ 0.4828, -0.0293]), array([ 0.48034048, -0.03001905]), 0.7854, 1.0]
[1, array([ 0.4828, -0.0293]), array([ 0.4804881 , -0.03001905]), 0.7854, 1.0]
[1, array([ 0.4828, -0.0293]), array([ 0.48063571, -0.03001905]), 0.7854, 1.0]
[1, array([ 0.4828, -0.0293]), array([ 0.48078333, -0.03001905]), 0.7854, 1.0]
[1, array([ 0.4828, -0.0293]), array([ 0.48093095, -0.03001905]), 0.7854, 1.0]
[1, array([ 0.4828, -0.0293]), array([ 0.48107857, -0.03001905]), 0.7854, 1.0]
[1, array([ 0.4828, -0.0293]), array([ 0.48122619, -0.03001905]), 0.7854, 1.0]
[1, array([ 0.4828, -0.0293]), array([ 0.48137381, -0.03001905]), 0.7854, 1.0]
[1, array([ 0.4828, -0.0293]), array([ 0.48152143, -0.03001905]), 0.7854, 1.0]
[1, array([ 0.4828, -0.0293]), array([ 0.48166905, -0.03001905]), 0.7854, 1.0]
[1, array([ 0.4828, -0.0293]), array([ 0.48181667, -0.03001905]), 0.7854, 1.0]
[1, array([ 0.4828, -0.0293]), array([ 0.48196429, -0.03001905]), 0.7854, 1.0]
[1, array([ 0.4828, -0.0293]), array([ 0.4821119 , -0.03001905]), 0.7854, 1.0]
[1, array([ 0.4828, -0.0293]), array([ 0.48225952, -0.03001905]), 0.7854, 1.0]
[1, array([ 0.4828, -0.0293]), array([ 0.48240714, -0.03001905]), 0.7854, 1.0]
[1, array([ 0.4828, -0.0293]), array([ 0.48255476, -0.03001905]), 0.7854, 1.0]
[1, array([ 0.4828, -0.0293]), array([ 0.48270238, -0.03001905]), 0.7854, 1.0]
[1, array([ 0.4828, -0.0293]), array([ 0.48285   , -0.03001905]), 0.7854, 1.0]
[1, array([ 0.4828, -0.0293]), array([ 0.47975   , -0.02987143]), 0.7854, 1.0]
[1, array([ 0.4828, -0.0293]), array([ 0.47989762, -0.02987143]), 0.7854, 1.0]
[1, array([ 0.4828, -0.0293]), array([ 0.48004524, -0.02987143]), 0.7854, 1.0]
[1, array([ 0.4828, -0.0293]), array([ 0.48019286, -0.02987143]), 0.7854, 1.0]
[1, array([ 0.4828, -0.0293]), array([ 0.48034048, -0.02987143]), 0.7854, 1.0]
[1, array([ 0.4828, -0.0293]), array([ 0.4804881 , -0.02987143]), 0.7854, 1.0]
[1, array([ 0.4828, -0.0293]), array([ 0.48063571, -0.02987143]), 0.7854, 1.0]
[1, array([ 0.4828, -0.0293]), array([ 0.48078333, -0.02987143]), 0.7854, 1.0]
[1, array([ 0.4828, -0.0293]), array([ 0.48093095, -0.02987143]), 0.7854, 1.0]
[1, array([ 0.4828, -0.0293]), array([ 0.48107857, -0.02987143]), 0.7854, 1.0]
[1, array([ 0.4828, -0.0293]), array([ 0.48122619, -0.02987143]), 0.7854, 1.0]
[1, array([ 0.4828, -0.0293]), array([ 0.48137381, -0.02987143]), 0.7854, 1.0]
[1, array([ 0.4828, -0.0293]), array([ 0.48152143, -0.02987143]), 0.7854, 1.0]
[1, array([ 0.4828, -0.0293]), array([ 0.48166905, -0.02987143]), 0.7854, 1.0]
[1, array([ 0.4828, -0.0293]), array([ 0.48181667, -0.02987143]), 0.7854, 1.0]
[1, array([ 0.4828, -0.0293]), array([ 0.48196429, -0.02987143]), 0.7854, 1.0]
[1, array([ 0.4828, -0.0293]), array([ 0.4821119 , -0.02987143]), 0.7854, 1.0]
[1, array([ 0.4828, -0.0293]), array([ 0.48225952, -0.02987143]), 0.7854, 1.0]
[1, array([ 0.4828, -0.0293]), array([ 0.48240714, -0.02987143]), 0.7854, 1.0]
[1, array([ 0.4828, -0.0293]), array([ 0.48255476, -0.02987143]), 0.7854, 1.0]
[1, array([ 0.4828, -0.0293]), array([ 0.48270238, -0.02987143]), 0.7854, 1.0]
[1, array([ 0.4828, -0.0293]), array([ 0.48285   , -0.02987143]), 0.7854, 1.0]
[1, array([ 0.4828, -0.0293]), array([ 0.47975   , -0.02972381]), 0.7854, 1.0]
[1, array([ 0.4828, -0.0293]), array([ 0.47989762, -0.02972381]), 0.7854, 1.0]
[1, array([ 0.4828, -0.0293]), array([ 0.48004524, -0.02972381]), 0.7854, 1.0]
[1, array([ 0.4828, -0.0293]), array([ 0.48019286, -0.02972381]), 0.7854, 1.0]
[1, array([ 0.4828, -0.0293]), array([ 0.48034048, -0.02972381]), 0.7854, 1.0]
[1, array([ 0.4828, -0.0293]), array([ 0.4804881 , -0.02972381]), 0.7854, 1.0]
[1, array([ 0.4828, -0.0293]), array([ 0.48063571, -0.02972381]), 0.7854, 1.0]
[1, array([ 0.4828, -0.0293]), array([ 0.48078333, -0.02972381]), 0.7854, 1.0]
[1, array([ 0.4828, -0.0293]), array([ 0.48093095, -0.02972381]), 0.7854, 1.0]
[1, array([ 0.4828, -0.0293]), array([ 0.48107857, -0.02972381]), 0.7854, 1.0]
[1, array([ 0.4828, -0.0293]), array([ 0.48122619, -0.02972381]), 0.7854, 1.0]
[1, array([ 0.4828, -0.0293]), array([ 0.48137381, -0.02972381]), 0.7854, 1.0]
[1, array([ 0.4828, -0.0293]), array([ 0.48152143, -0.02972381]), 0.7854, 1.0]
[1, array([ 0.4828, -0.0293]), array([ 0.48166905, -0.02972381]), 0.7854, 1.0]
[1, array([ 0.4828, -0.0293]), array([ 0.48181667, -0.02972381]), 0.7854, 1.0]
[1, array([ 0.4828, -0.0293]), array([ 0.48196429, -0.02972381]), 0.7854, 1.0]
[1, array([ 0.4828, -0.0293]), array([ 0.4821119 , -0.02972381]), 0.7854, 1.0]
[1, array([ 0.4828, -0.0293]), array([ 0.48225952, -0.02972381]), 0.7854, 1.0]
[1, array([ 0.4828, -0.0293]), array([ 0.48240714, -0.02972381]), 0.7854, 1.0]
[1, array([ 0.4828, -0.0293]), array([ 0.48255476, -0.02972381]), 0.7854, 1.0]
[1, array([ 0.4828, -0.0293]), array([ 0.48270238, -0.02972381]), 0.7854, 1.0]
[1, array([ 0.4828, -0.0293]), array([ 0.48285   , -0.02972381]), 0.7854, 1.0]
[1, array([ 0.4828, -0.0293]), array([ 0.47975   , -0.02957619]), 0.7854, 1.0]
[1, array([ 0.4828, -0.0293]), array([ 0.47989762, -0.02957619]), 0.7854, 1.0]
[1, array([ 0.4828, -0.0293]), array([ 0.48004524, -0.02957619]), 0.7854, 1.0]
[1, array([ 0.4828, -0.0293]), array([ 0.48019286, -0.02957619]), 0.7854, 1.0]
[1, array([ 0.4828, -0.0293]), array([ 0.48034048, -0.02957619]), 0.7854, 1.0]
[1, array([ 0.4828, -0.0293]), array([ 0.4804881 , -0.02957619]), 0.7854, 1.0]
[1, array([ 0.4828, -0.0293]), array([ 0.48063571, -0.02957619]), 0.7854, 1.0]
[1, array([ 0.4828, -0.0293]), array([ 0.48078333, -0.02957619]), 0.7854, 1.0]
[1, array([ 0.4828, -0.0293]), array([ 0.48093095, -0.02957619]), 0.7854, 1.0]
[1, array([ 0.4828, -0.0293]), array([ 0.48107857, -0.02957619]), 0.7854, 1.0]
[1, array([ 0.4828, -0.0293]), array([ 0.48122619, -0.02957619]), 0.7854, 1.0]
[1, array([ 0.4828, -0.0293]), array([ 0.48137381, -0.02957619]), 0.7854, 1.0]
[1, array([ 0.4828, -0.0293]), array([ 0.48152143, -0.02957619]), 0.7854, 1.0]
[1, array([ 0.4828, -0.0293]), array([ 0.48166905, -0.02957619]), 0.7854, 1.0]
[1, array([ 0.4828, -0.0293]), array([ 0.48181667, -0.02957619]), 0.7854, 1.0]
[1, array([ 0.4828, -0.0293]), array([ 0.48196429, -0.02957619]), 0.7854, 1.0]
[1, array([ 0.4828, -0.0293]), array([ 0.4821119 , -0.02957619]), 0.7854, 1.0]
[1, array([ 0.4828, -0.0293]), array([ 0.48225952, -0.02957619]), 0.7854, 1.0]
[1, array([ 0.4828, -0.0293]), array([ 0.48240714, -0.02957619]), 0.7854, 1.0]
[1, array([ 0.4828, -0.0293]), array([ 0.48255476, -0.02957619]), 0.7854, 1.0]
[1, array([ 0.4828, -0.0293]), array([ 0.48270238, -0.02957619]), 0.7854, 1.0]
[1, array([ 0.4828, -0.0293]), array([ 0.48285   , -0.02957619]), 0.7854, 1.0]
[1, array([ 0.4828, -0.0293]), array([ 0.47975   , -0.02942857]), 0.7854, 1.0]
[1, array([ 0.4828, -0.0293]), array([ 0.47989762, -0.02942857]), 0.7854, 1.0]
[1, array([ 0.4828, -0.0293]), array([ 0.48004524, -0.02942857]), 0.7854, 1.0]
[1, array([ 0.4828, -0.0293]), array([ 0.48019286, -0.02942857]), 0.7854, 1.0]
[1, array([ 0.4828, -0.0293]), array([ 0.48034048, -0.02942857]), 0.7854, 1.0]
[1, array([ 0.4828, -0.0293]), array([ 0.4804881 , -0.02942857]), 0.7854, 1.0]
[1, array([ 0.4828, -0.0293]), array([ 0.48063571, -0.02942857]), 0.7854, 1.0]
[1, array([ 0.4828, -0.0293]), array([ 0.48078333, -0.02942857]), 0.7854, 1.0]
[1, array([ 0.4828, -0.0293]), array([ 0.48093095, -0.02942857]), 0.7854, 1.0]
[1, array([ 0.4828, -0.0293]), array([ 0.48107857, -0.02942857]), 0.7854, 1.0]
[1, array([ 0.4828, -0.0293]), array([ 0.48122619, -0.02942857]), 0.7854, 1.0]
[1, array([ 0.4828, -0.0293]), array([ 0.48137381, -0.02942857]), 0.7854, 1.0]
[1, array([ 0.4828, -0.0293]), array([ 0.48152143, -0.02942857]), 0.7854, 1.0]
[1, array([ 0.4828, -0.0293]), array([ 0.48166905, -0.02942857]), 0.7854, 1.0]
[1, array([ 0.4828, -0.0293]), array([ 0.48181667, -0.02942857]), 0.7854, 1.0]
[1, array([ 0.4828, -0.0293]), array([ 0.48196429, -0.02942857]), 0.7854, 1.0]
[1, array([ 0.4828, -0.0293]), array([ 0.4821119 , -0.02942857]), 0.7854, 1.0]
[1, array([ 0.4828, -0.0293]), array([ 0.48225952, -0.02942857]), 0.7854, 1.0]
[1, array([ 0.4828, -0.0293]), array([ 0.48240714, -0.02942857]), 0.7854, 1.0]
[1, array([ 0.4828, -0.0293]), array([ 0.48255476, -0.02942857]), 0.7854, 1.0]
[1, array([ 0.4828, -0.0293]), array([ 0.48270238, -0.02942857]), 0.7854, 1.0]
[1, array([ 0.4828, -0.0293]), array([ 0.48285   , -0.02942857]), 0.7854, 1.0]
[1, array([ 0.4828, -0.0293]), array([ 0.47975   , -0.02928095]), 0.7854, 1.0]
[1, array([ 0.4828, -0.0293]), array([ 0.47989762, -0.02928095]), 0.7854, 1.0]
[1, array([ 0.4828, -0.0293]), array([ 0.48004524, -0.02928095]), 0.7854, 1.0]
[1, array([ 0.4828, -0.0293]), array([ 0.48019286, -0.02928095]), 0.7854, 1.0]
[1, array([ 0.4828, -0.0293]), array([ 0.48034048, -0.02928095]), 0.7854, 1.0]
[1, array([ 0.4828, -0.0293]), array([ 0.4804881 , -0.02928095]), 0.7854, 1.0]
[1, array([ 0.4828, -0.0293]), array([ 0.48063571, -0.02928095]), 0.7854, 1.0]
[1, array([ 0.4828, -0.0293]), array([ 0.48078333, -0.02928095]), 0.7854, 1.0]
[1, array([ 0.4828, -0.0293]), array([ 0.48093095, -0.02928095]), 0.7854, 1.0]
[1, array([ 0.4828, -0.0293]), array([ 0.48107857, -0.02928095]), 0.7854, 1.0]
[1, array([ 0.4828, -0.0293]), array([ 0.48122619, -0.02928095]), 0.7854, 1.0]
[1, array([ 0.4828, -0.0293]), array([ 0.48137381, -0.02928095]), 0.7854, 1.0]
[1, array([ 0.4828, -0.0293]), array([ 0.48152143, -0.02928095]), 0.7854, 1.0]
[1, array([ 0.4828, -0.0293]), array([ 0.48166905, -0.02928095]), 0.7854, 1.0]
[1, array([ 0.4828, -0.0293]), array([ 0.48181667, -0.02928095]), 0.7854, 1.0]
[1, array([ 0.4828, -0.0293]), array([ 0.48196429, -0.02928095]), 0.7854, 1.0]
[1, array([ 0.4828, -0.0293]), array([ 0.4821119 , -0.02928095]), 0.7854, 1.0]
[1, array([ 0.4828, -0.0293]), array([ 0.48225952, -0.02928095]), 0.7854, 1.0]
[1, array([ 0.4828, -0.0293]), array([ 0.48240714, -0.02928095]), 0.7854, 1.0]
[1, array([ 0.4828, -0.0293]), array([ 0.48255476, -0.02928095]), 0.7854, 1.0]
[1, array([ 0.4828, -0.0293]), array([ 0.48270238, -0.02928095]), 0.7854, 1.0]
[1, array([ 0.4828, -0.0293]), array([ 0.48285   , -0.02928095]), 0.7854, 1.0]
[1, array([ 0.4828, -0.0293]), array([ 0.47975   , -0.02913333]), 0.7854, 1.0]
[1, array([ 0.4828, -0.0293]), array([ 0.47989762, -0.02913333]), 0.7854, 1.0]
[1, array([ 0.4828, -0.0293]), array([ 0.48004524, -0.02913333]), 0.7854, 1.0]
[1, array([ 0.4828, -0.0293]), array([ 0.48019286, -0.02913333]), 0.7854, 1.0]
[1, array([ 0.4828, -0.0293]), array([ 0.48034048, -0.02913333]), 0.7854, 1.0]
[1, array([ 0.4828, -0.0293]), array([ 0.4804881 , -0.02913333]), 0.7854, 1.0]
[1, array([ 0.4828, -0.0293]), array([ 0.48063571, -0.02913333]), 0.7854, 1.0]
[1, array([ 0.4828, -0.0293]), array([ 0.48078333, -0.02913333]), 0.7854, 1.0]
[1, array([ 0.4828, -0.0293]), array([ 0.48093095, -0.02913333]), 0.7854, 1.0]
[1, array([ 0.4828, -0.0293]), array([ 0.48107857, -0.02913333]), 0.7854, 1.0]
[1, array([ 0.4828, -0.0293]), array([ 0.48122619, -0.02913333]), 0.7854, 1.0]
[1, array([ 0.4828, -0.0293]), array([ 0.48137381, -0.02913333]), 0.7854, 1.0]
[1, array([ 0.4828, -0.0293]), array([ 0.48152143, -0.02913333]), 0.7854, 1.0]
[1, array([ 0.4828, -0.0293]), array([ 0.48166905, -0.02913333]), 0.7854, 1.0]
[1, array([ 0.4828, -0.0293]), array([ 0.48181667, -0.02913333]), 0.7854, 1.0]
[1, array([ 0.4828, -0.0293]), array([ 0.48196429, -0.02913333]), 0.7854, 1.0]
[1, array([ 0.4828, -0.0293]), array([ 0.4821119 , -0.02913333]), 0.7854, 1.0]
[1, array([ 0.4828, -0.0293]), array([ 0.48225952, -0.02913333]), 0.7854, 1.0]
[1, array([ 0.4828, -0.0293]), array([ 0.48240714, -0.02913333]), 0.7854, 1.0]
[1, array([ 0.4828, -0.0293]), array([ 0.48255476, -0.02913333]), 0.7854, 1.0]
[1, array([ 0.4828, -0.0293]), array([ 0.48270238, -0.02913333]), 0.7854, 1.0]
[1, array([ 0.4828, -0.0293]), array([ 0.48285   , -0.02913333]), 0.7854, 1.0]
[1, array([ 0.4828, -0.0293]), array([ 0.47975   , -0.02898571]), 0.7854, 1.0]
[1, array([ 0.4828, -0.0293]), array([ 0.47989762, -0.02898571]), 0.7854, 1.0]
[1, array([ 0.4828, -0.0293]), array([ 0.48004524, -0.02898571]), 0.7854, 1.0]
[1, array([ 0.4828, -0.0293]), array([ 0.48019286, -0.02898571]), 0.7854, 1.0]
[1, array([ 0.4828, -0.0293]), array([ 0.48034048, -0.02898571]), 0.7854, 1.0]
[1, array([ 0.4828, -0.0293]), array([ 0.4804881 , -0.02898571]), 0.7854, 1.0]
[1, array([ 0.4828, -0.0293]), array([ 0.48063571, -0.02898571]), 0.7854, 1.0]
[1, array([ 0.4828, -0.0293]), array([ 0.48078333, -0.02898571]), 0.7854, 1.0]
[1, array([ 0.4828, -0.0293]), array([ 0.48093095, -0.02898571]), 0.7854, 1.0]
[1, array([ 0.4828, -0.0293]), array([ 0.48107857, -0.02898571]), 0.7854, 1.0]
[1, array([ 0.4828, -0.0293]), array([ 0.48122619, -0.02898571]), 0.7854, 1.0]
[1, array([ 0.4828, -0.0293]), array([ 0.48137381, -0.02898571]), 0.7854, 1.0]
[1, array([ 0.4828, -0.0293]), array([ 0.48152143, -0.02898571]), 0.7854, 1.0]
[1, array([ 0.4828, -0.0293]), array([ 0.48166905, -0.02898571]), 0.7854, 1.0]
[1, array([ 0.4828, -0.0293]), array([ 0.48181667, -0.02898571]), 0.7854, 1.0]
[1, array([ 0.4828, -0.0293]), array([ 0.48196429, -0.02898571]), 0.7854, 1.0]
[1, array([ 0.4828, -0.0293]), array([ 0.4821119 , -0.02898571]), 0.7854, 1.0]
[1, array([ 0.4828, -0.0293]), array([ 0.48225952, -0.02898571]), 0.7854, 1.0]
[1, array([ 0.4828, -0.0293]), array([ 0.48240714, -0.02898571]), 0.7854, 1.0]
[1, array([ 0.4828, -0.0293]), array([ 0.48255476, -0.02898571]), 0.7854, 1.0]
[1, array([ 0.4828, -0.0293]), array([ 0.48270238, -0.02898571]), 0.7854, 1.0]
[1, array([ 0.4828, -0.0293]), array([ 0.48285   , -0.02898571]), 0.7854, 1.0]
[1, array([ 0.4828, -0.0293]), array([ 0.47975  , -0.0288381]), 0.7854, 1.0]
[1, array([ 0.4828, -0.0293]), array([ 0.47989762, -0.0288381 ]), 0.7854, 1.0]
[1, array([ 0.4828, -0.0293]), array([ 0.48004524, -0.0288381 ]), 0.7854, 1.0]
[1, array([ 0.4828, -0.0293]), array([ 0.48019286, -0.0288381 ]), 0.7854, 1.0]
[1, array([ 0.4828, -0.0293]), array([ 0.48034048, -0.0288381 ]), 0.7854, 1.0]
[1, array([ 0.4828, -0.0293]), array([ 0.4804881, -0.0288381]), 0.7854, 1.0]
[1, array([ 0.4828, -0.0293]), array([ 0.48063571, -0.0288381 ]), 0.7854, 1.0]
[1, array([ 0.4828, -0.0293]), array([ 0.48078333, -0.0288381 ]), 0.7854, 1.0]
[1, array([ 0.4828, -0.0293]), array([ 0.48093095, -0.0288381 ]), 0.7854, 1.0]
[1, array([ 0.4828, -0.0293]), array([ 0.48107857, -0.0288381 ]), 0.7854, 1.0]
[1, array([ 0.4828, -0.0293]), array([ 0.48122619, -0.0288381 ]), 0.7854, 1.0]
[1, array([ 0.4828, -0.0293]), array([ 0.48137381, -0.0288381 ]), 0.7854, 1.0]
[1, array([ 0.4828, -0.0293]), array([ 0.48152143, -0.0288381 ]), 0.7854, 1.0]
[1, array([ 0.4828, -0.0293]), array([ 0.48166905, -0.0288381 ]), 0.7854, 1.0]
[1, array([ 0.4828, -0.0293]), array([ 0.48181667, -0.0288381 ]), 0.7854, 1.0]
[1, array([ 0.4828, -0.0293]), array([ 0.48196429, -0.0288381 ]), 0.7854, 1.0]
[1, array([ 0.4828, -0.0293]), array([ 0.4821119, -0.0288381]), 0.7854, 1.0]
[1, array([ 0.4828, -0.0293]), array([ 0.48225952, -0.0288381 ]), 0.7854, 1.0]
[1, array([ 0.4828, -0.0293]), array([ 0.48240714, -0.0288381 ]), 0.7854, 1.0]
[1, array([ 0.4828, -0.0293]), array([ 0.48255476, -0.0288381 ]), 0.7854, 1.0]
[1, array([ 0.4828, -0.0293]), array([ 0.48270238, -0.0288381 ]), 0.7854, 1.0]
[1, array([ 0.4828, -0.0293]), array([ 0.48285  , -0.0288381]), 0.7854, 1.0]
[1, array([ 0.4828, -0.0293]), array([ 0.47975   , -0.02869048]), 0.7854, 1.0]
[1, array([ 0.4828, -0.0293]), array([ 0.47989762, -0.02869048]), 0.7854, 1.0]
[1, array([ 0.4828, -0.0293]), array([ 0.48004524, -0.02869048]), 0.7854, 1.0]
[1, array([ 0.4828, -0.0293]), array([ 0.48019286, -0.02869048]), 0.7854, 1.0]
[1, array([ 0.4828, -0.0293]), array([ 0.48034048, -0.02869048]), 0.7854, 1.0]
[1, array([ 0.4828, -0.0293]), array([ 0.4804881 , -0.02869048]), 0.7854, 1.0]
[1, array([ 0.4828, -0.0293]), array([ 0.48063571, -0.02869048]), 0.7854, 1.0]
[1, array([ 0.4828, -0.0293]), array([ 0.48078333, -0.02869048]), 0.7854, 1.0]
[1, array([ 0.4828, -0.0293]), array([ 0.48093095, -0.02869048]), 0.7854, 1.0]
[1, array([ 0.4828, -0.0293]), array([ 0.48107857, -0.02869048]), 0.7854, 1.0]
[1, array([ 0.4828, -0.0293]), array([ 0.48122619, -0.02869048]), 0.7854, 1.0]
[1, array([ 0.4828, -0.0293]), array([ 0.48137381, -0.02869048]), 0.7854, 1.0]
[1, array([ 0.4828, -0.0293]), array([ 0.48152143, -0.02869048]), 0.7854, 1.0]
[1, array([ 0.4828, -0.0293]), array([ 0.48166905, -0.02869048]), 0.7854, 1.0]
[1, array([ 0.4828, -0.0293]), array([ 0.48181667, -0.02869048]), 0.7854, 1.0]
[1, array([ 0.4828, -0.0293]), array([ 0.48196429, -0.02869048]), 0.7854, 1.0]
[1, array([ 0.4828, -0.0293]), array([ 0.4821119 , -0.02869048]), 0.7854, 1.0]
[1, array([ 0.4828, -0.0293]), array([ 0.48225952, -0.02869048]), 0.7854, 1.0]
[1, array([ 0.4828, -0.0293]), array([ 0.48240714, -0.02869048]), 0.7854, 1.0]
[1, array([ 0.4828, -0.0293]), array([ 0.48255476, -0.02869048]), 0.7854, 1.0]
[1, array([ 0.4828, -0.0293]), array([ 0.48270238, -0.02869048]), 0.7854, 1.0]
[1, array([ 0.4828, -0.0293]), array([ 0.48285   , -0.02869048]), 0.7854, 1.0]
[1, array([ 0.4828, -0.0293]), array([ 0.47975   , -0.02854286]), 0.7854, 1.0]
[1, array([ 0.4828, -0.0293]), array([ 0.47989762, -0.02854286]), 0.7854, 1.0]
[1, array([ 0.4828, -0.0293]), array([ 0.48004524, -0.02854286]), 0.7854, 1.0]
[1, array([ 0.4828, -0.0293]), array([ 0.48019286, -0.02854286]), 0.7854, 1.0]
[1, array([ 0.4828, -0.0293]), array([ 0.48034048, -0.02854286]), 0.7854, 1.0]
[1, array([ 0.4828, -0.0293]), array([ 0.4804881 , -0.02854286]), 0.7854, 1.0]
[1, array([ 0.4828, -0.0293]), array([ 0.48063571, -0.02854286]), 0.7854, 1.0]
[1, array([ 0.4828, -0.0293]), array([ 0.48078333, -0.02854286]), 0.7854, 1.0]
[1, array([ 0.4828, -0.0293]), array([ 0.48093095, -0.02854286]), 0.7854, 1.0]
[1, array([ 0.4828, -0.0293]), array([ 0.48107857, -0.02854286]), 0.7854, 1.0]
[1, array([ 0.4828, -0.0293]), array([ 0.48122619, -0.02854286]), 0.7854, 1.0]
[1, array([ 0.4828, -0.0293]), array([ 0.48137381, -0.02854286]), 0.7854, 1.0]
[1, array([ 0.4828, -0.0293]), array([ 0.48152143, -0.02854286]), 0.7854, 1.0]
[1, array([ 0.4828, -0.0293]), array([ 0.48166905, -0.02854286]), 0.7854, 1.0]
[1, array([ 0.4828, -0.0293]), array([ 0.48181667, -0.02854286]), 0.7854, 1.0]
[1, array([ 0.4828, -0.0293]), array([ 0.48196429, -0.02854286]), 0.7854, 1.0]
[1, array([ 0.4828, -0.0293]), array([ 0.4821119 , -0.02854286]), 0.7854, 1.0]
[1, array([ 0.4828, -0.0293]), array([ 0.48225952, -0.02854286]), 0.7854, 1.0]
[1, array([ 0.4828, -0.0293]), array([ 0.48240714, -0.02854286]), 0.7854, 1.0]
[1, array([ 0.4828, -0.0293]), array([ 0.48255476, -0.02854286]), 0.7854, 1.0]
[1, array([ 0.4828, -0.0293]), array([ 0.48270238, -0.02854286]), 0.7854, 1.0]
[1, array([ 0.4828, -0.0293]), array([ 0.48285   , -0.02854286]), 0.7854, 1.0]
[1, array([ 0.4828, -0.0293]), array([ 0.47975   , -0.02839524]), 0.7854, 1.0]
[1, array([ 0.4828, -0.0293]), array([ 0.47989762, -0.02839524]), 0.7854, 1.0]
[1, array([ 0.4828, -0.0293]), array([ 0.48004524, -0.02839524]), 0.7854, 1.0]
[1, array([ 0.4828, -0.0293]), array([ 0.48019286, -0.02839524]), 0.7854, 1.0]
[1, array([ 0.4828, -0.0293]), array([ 0.48034048, -0.02839524]), 0.7854, 1.0]
[1, array([ 0.4828, -0.0293]), array([ 0.4804881 , -0.02839524]), 0.7854, 1.0]
[1, array([ 0.4828, -0.0293]), array([ 0.48063571, -0.02839524]), 0.7854, 1.0]
[1, array([ 0.4828, -0.0293]), array([ 0.48078333, -0.02839524]), 0.7854, 1.0]
[1, array([ 0.4828, -0.0293]), array([ 0.48093095, -0.02839524]), 0.7854, 1.0]
[1, array([ 0.4828, -0.0293]), array([ 0.48107857, -0.02839524]), 0.7854, 1.0]
[1, array([ 0.4828, -0.0293]), array([ 0.48122619, -0.02839524]), 0.7854, 1.0]
[1, array([ 0.4828, -0.0293]), array([ 0.48137381, -0.02839524]), 0.7854, 1.0]
[1, array([ 0.4828, -0.0293]), array([ 0.48152143, -0.02839524]), 0.7854, 1.0]
[1, array([ 0.4828, -0.0293]), array([ 0.48166905, -0.02839524]), 0.7854, 1.0]
[1, array([ 0.4828, -0.0293]), array([ 0.48181667, -0.02839524]), 0.7854, 1.0]
[1, array([ 0.4828, -0.0293]), array([ 0.48196429, -0.02839524]), 0.7854, 1.0]
[1, array([ 0.4828, -0.0293]), array([ 0.4821119 , -0.02839524]), 0.7854, 1.0]
[1, array([ 0.4828, -0.0293]), array([ 0.48225952, -0.02839524]), 0.7854, 1.0]
[1, array([ 0.4828, -0.0293]), array([ 0.48240714, -0.02839524]), 0.7854, 1.0]
[1, array([ 0.4828, -0.0293]), array([ 0.48255476, -0.02839524]), 0.7854, 1.0]
[1, array([ 0.4828, -0.0293]), array([ 0.48270238, -0.02839524]), 0.7854, 1.0]
[1, array([ 0.4828, -0.0293]), array([ 0.48285   , -0.02839524]), 0.7854, 1.0]
[1, array([ 0.4828, -0.0293]), array([ 0.47975   , -0.02824762]), 0.7854, 1.0]
[1, array([ 0.4828, -0.0293]), array([ 0.47989762, -0.02824762]), 0.7854, 1.0]
[1, array([ 0.4828, -0.0293]), array([ 0.48004524, -0.02824762]), 0.7854, 1.0]
[1, array([ 0.4828, -0.0293]), array([ 0.48019286, -0.02824762]), 0.7854, 1.0]
[1, array([ 0.4828, -0.0293]), array([ 0.48034048, -0.02824762]), 0.7854, 1.0]
[1, array([ 0.4828, -0.0293]), array([ 0.4804881 , -0.02824762]), 0.7854, 1.0]
[1, array([ 0.4828, -0.0293]), array([ 0.48063571, -0.02824762]), 0.7854, 1.0]
[1, array([ 0.4828, -0.0293]), array([ 0.48078333, -0.02824762]), 0.7854, 1.0]
[1, array([ 0.4828, -0.0293]), array([ 0.48093095, -0.02824762]), 0.7854, 1.0]
[1, array([ 0.4828, -0.0293]), array([ 0.48107857, -0.02824762]), 0.7854, 1.0]
[1, array([ 0.4828, -0.0293]), array([ 0.48122619, -0.02824762]), 0.7854, 1.0]
[1, array([ 0.4828, -0.0293]), array([ 0.48137381, -0.02824762]), 0.7854, 1.0]
[1, array([ 0.4828, -0.0293]), array([ 0.48152143, -0.02824762]), 0.7854, 1.0]
[1, array([ 0.4828, -0.0293]), array([ 0.48166905, -0.02824762]), 0.7854, 1.0]
[1, array([ 0.4828, -0.0293]), array([ 0.48181667, -0.02824762]), 0.7854, 1.0]
[1, array([ 0.4828, -0.0293]), array([ 0.48196429, -0.02824762]), 0.7854, 1.0]
[1, array([ 0.4828, -0.0293]), array([ 0.4821119 , -0.02824762]), 0.7854, 1.0]
[1, array([ 0.4828, -0.0293]), array([ 0.48225952, -0.02824762]), 0.7854, 1.0]
[1, array([ 0.4828, -0.0293]), array([ 0.48240714, -0.02824762]), 0.7854, 1.0]
[1, array([ 0.4828, -0.0293]), array([ 0.48255476, -0.02824762]), 0.7854, 1.0]
[1, array([ 0.4828, -0.0293]), array([ 0.48270238, -0.02824762]), 0.7854, 1.0]
[1, array([ 0.4828, -0.0293]), array([ 0.48285   , -0.02824762]), 0.7854, 1.0]
[1, array([ 0.4828, -0.0293]), array([ 0.47975, -0.0281 ]), 0.7854, 1.0]
[1, array([ 0.4828, -0.0293]), array([ 0.47989762, -0.0281    ]), 0.7854, 1.0]
[1, array([ 0.4828, -0.0293]), array([ 0.48004524, -0.0281    ]), 0.7854, 1.0]
[1, array([ 0.4828, -0.0293]), array([ 0.48019286, -0.0281    ]), 0.7854, 1.0]
[1, array([ 0.4828, -0.0293]), array([ 0.48034048, -0.0281    ]), 0.7854, 1.0]
[1, array([ 0.4828, -0.0293]), array([ 0.4804881, -0.0281   ]), 0.7854, 1.0]
[1, array([ 0.4828, -0.0293]), array([ 0.48063571, -0.0281    ]), 0.7854, 1.0]
[1, array([ 0.4828, -0.0293]), array([ 0.48078333, -0.0281    ]), 0.7854, 1.0]
[1, array([ 0.4828, -0.0293]), array([ 0.48093095, -0.0281    ]), 0.7854, 1.0]
[1, array([ 0.4828, -0.0293]), array([ 0.48107857, -0.0281    ]), 0.7854, 1.0]
[1, array([ 0.4828, -0.0293]), array([ 0.48122619, -0.0281    ]), 0.7854, 1.0]
[1, array([ 0.4828, -0.0293]), array([ 0.48137381, -0.0281    ]), 0.7854, 1.0]
[1, array([ 0.4828, -0.0293]), array([ 0.48152143, -0.0281    ]), 0.7854, 1.0]
[1, array([ 0.4828, -0.0293]), array([ 0.48166905, -0.0281    ]), 0.7854, 1.0]
[1, array([ 0.4828, -0.0293]), array([ 0.48181667, -0.0281    ]), 0.7854, 1.0]
[1, array([ 0.4828, -0.0293]), array([ 0.48196429, -0.0281    ]), 0.7854, 1.0]
[1, array([ 0.4828, -0.0293]), array([ 0.4821119, -0.0281   ]), 0.7854, 1.0]
[1, array([ 0.4828, -0.0293]), array([ 0.48225952, -0.0281    ]), 0.7854, 1.0]
[1, array([ 0.4828, -0.0293]), array([ 0.48240714, -0.0281    ]), 0.7854, 1.0]
[1, array([ 0.4828, -0.0293]), array([ 0.48255476, -0.0281    ]), 0.7854, 1.0]
[1, array([ 0.4828, -0.0293]), array([ 0.48270238, -0.0281    ]), 0.7854, 1.0]
[1, array([ 0.4828, -0.0293]), array([ 0.48285, -0.0281 ]), 0.7854, 1.0]
[1, array([0.5448, 0.0153]), array([0.5406 , 0.01245]), 0.7854, 1.0]
[1, array([0.5448, 0.0153]), array([0.54075238, 0.01245   ]), 0.7854, 1.0]
[1, array([0.5448, 0.0153]), array([0.54090476, 0.01245   ]), 0.7854, 1.0]
[1, array([0.5448, 0.0153]), array([0.54105714, 0.01245   ]), 0.7854, 1.0]
[1, array([0.5448, 0.0153]), array([0.54120952, 0.01245   ]), 0.7854, 1.0]
[1, array([0.5448, 0.0153]), array([0.5413619, 0.01245  ]), 0.7854, 1.0]
[1, array([0.5448, 0.0153]), array([0.54151429, 0.01245   ]), 0.7854, 1.0]
[1, array([0.5448, 0.0153]), array([0.54166667, 0.01245   ]), 0.7854, 1.0]
[1, array([0.5448, 0.0153]), array([0.54181905, 0.01245   ]), 0.7854, 1.0]
[1, array([0.5448, 0.0153]), array([0.54197143, 0.01245   ]), 0.7854, 1.0]
[1, array([0.5448, 0.0153]), array([0.54212381, 0.01245   ]), 0.7854, 1.0]
[1, array([0.5448, 0.0153]), array([0.54227619, 0.01245   ]), 0.7854, 1.0]
[1, array([0.5448, 0.0153]), array([0.54242857, 0.01245   ]), 0.7854, 1.0]
[1, array([0.5448, 0.0153]), array([0.54258095, 0.01245   ]), 0.7854, 1.0]
[1, array([0.5448, 0.0153]), array([0.54273333, 0.01245   ]), 0.7854, 1.0]
[1, array([0.5448, 0.0153]), array([0.54288571, 0.01245   ]), 0.7854, 1.0]
[1, array([0.5448, 0.0153]), array([0.5430381, 0.01245  ]), 0.7854, 1.0]
[1, array([0.5448, 0.0153]), array([0.54319048, 0.01245   ]), 0.7854, 1.0]
[1, array([0.5448, 0.0153]), array([0.54334286, 0.01245   ]), 0.7854, 1.0]
[1, array([0.5448, 0.0153]), array([0.54349524, 0.01245   ]), 0.7854, 1.0]
[1, array([0.5448, 0.0153]), array([0.54364762, 0.01245   ]), 0.7854, 1.0]
[1, array([0.5448, 0.0153]), array([0.5438 , 0.01245]), 0.7854, 1.0]
[1, array([0.5448, 0.0153]), array([0.5406    , 0.01260238]), 0.7854, 1.0]
[1, array([0.5448, 0.0153]), array([0.54075238, 0.01260238]), 0.7854, 1.0]
[1, array([0.5448, 0.0153]), array([0.54090476, 0.01260238]), 0.7854, 1.0]
[1, array([0.5448, 0.0153]), array([0.54105714, 0.01260238]), 0.7854, 1.0]
[1, array([0.5448, 0.0153]), array([0.54120952, 0.01260238]), 0.7854, 1.0]
[1, array([0.5448, 0.0153]), array([0.5413619 , 0.01260238]), 0.7854, 1.0]
[1, array([0.5448, 0.0153]), array([0.54151429, 0.01260238]), 0.7854, 1.0]
[1, array([0.5448, 0.0153]), array([0.54166667, 0.01260238]), 0.7854, 1.0]
[1, array([0.5448, 0.0153]), array([0.54181905, 0.01260238]), 0.7854, 1.0]
[1, array([0.5448, 0.0153]), array([0.54197143, 0.01260238]), 0.7854, 1.0]
[1, array([0.5448, 0.0153]), array([0.54212381, 0.01260238]), 0.7854, 1.0]
[1, array([0.5448, 0.0153]), array([0.54227619, 0.01260238]), 0.7854, 1.0]
[1, array([0.5448, 0.0153]), array([0.54242857, 0.01260238]), 0.7854, 1.0]
[1, array([0.5448, 0.0153]), array([0.54258095, 0.01260238]), 0.7854, 1.0]
[1, array([0.5448, 0.0153]), array([0.54273333, 0.01260238]), 0.7854, 1.0]
[1, array([0.5448, 0.0153]), array([0.54288571, 0.01260238]), 0.7854, 1.0]
[1, array([0.5448, 0.0153]), array([0.5430381 , 0.01260238]), 0.7854, 1.0]
[1, array([0.5448, 0.0153]), array([0.54319048, 0.01260238]), 0.7854, 1.0]
[1, array([0.5448, 0.0153]), array([0.54334286, 0.01260238]), 0.7854, 1.0]
[1, array([0.5448, 0.0153]), array([0.54349524, 0.01260238]), 0.7854, 1.0]
[1, array([0.5448, 0.0153]), array([0.54364762, 0.01260238]), 0.7854, 1.0]
[1, array([0.5448, 0.0153]), array([0.5438    , 0.01260238]), 0.7854, 1.0]
[1, array([0.5448, 0.0153]), array([0.5406    , 0.01275476]), 0.7854, 1.0]
[1, array([0.5448, 0.0153]), array([0.54075238, 0.01275476]), 0.7854, 1.0]
[1, array([0.5448, 0.0153]), array([0.54090476, 0.01275476]), 0.7854, 1.0]
[1, array([0.5448, 0.0153]), array([0.54105714, 0.01275476]), 0.7854, 1.0]
[1, array([0.5448, 0.0153]), array([0.54120952, 0.01275476]), 0.7854, 1.0]
[1, array([0.5448, 0.0153]), array([0.5413619 , 0.01275476]), 0.7854, 1.0]
[1, array([0.5448, 0.0153]), array([0.54151429, 0.01275476]), 0.7854, 1.0]
[1, array([0.5448, 0.0153]), array([0.54166667, 0.01275476]), 0.7854, 1.0]
[1, array([0.5448, 0.0153]), array([0.54181905, 0.01275476]), 0.7854, 1.0]
[1, array([0.5448, 0.0153]), array([0.54197143, 0.01275476]), 0.7854, 1.0]
[1, array([0.5448, 0.0153]), array([0.54212381, 0.01275476]), 0.7854, 1.0]
[1, array([0.5448, 0.0153]), array([0.54227619, 0.01275476]), 0.7854, 1.0]
[1, array([0.5448, 0.0153]), array([0.54242857, 0.01275476]), 0.7854, 1.0]
[1, array([0.5448, 0.0153]), array([0.54258095, 0.01275476]), 0.7854, 1.0]
[1, array([0.5448, 0.0153]), array([0.54273333, 0.01275476]), 0.7854, 1.0]
[1, array([0.5448, 0.0153]), array([0.54288571, 0.01275476]), 0.7854, 1.0]
[1, array([0.5448, 0.0153]), array([0.5430381 , 0.01275476]), 0.7854, 1.0]
[1, array([0.5448, 0.0153]), array([0.54319048, 0.01275476]), 0.7854, 1.0]
[1, array([0.5448, 0.0153]), array([0.54334286, 0.01275476]), 0.7854, 1.0]
[1, array([0.5448, 0.0153]), array([0.54349524, 0.01275476]), 0.7854, 1.0]
[1, array([0.5448, 0.0153]), array([0.54364762, 0.01275476]), 0.7854, 1.0]
[1, array([0.5448, 0.0153]), array([0.5438    , 0.01275476]), 0.7854, 1.0]
[1, array([0.5448, 0.0153]), array([0.5406    , 0.01290714]), 0.7854, 1.0]
[1, array([0.5448, 0.0153]), array([0.54075238, 0.01290714]), 0.7854, 1.0]
[1, array([0.5448, 0.0153]), array([0.54090476, 0.01290714]), 0.7854, 1.0]
[1, array([0.5448, 0.0153]), array([0.54105714, 0.01290714]), 0.7854, 1.0]
[1, array([0.5448, 0.0153]), array([0.54120952, 0.01290714]), 0.7854, 1.0]
[1, array([0.5448, 0.0153]), array([0.5413619 , 0.01290714]), 0.7854, 1.0]
[1, array([0.5448, 0.0153]), array([0.54151429, 0.01290714]), 0.7854, 1.0]
[1, array([0.5448, 0.0153]), array([0.54166667, 0.01290714]), 0.7854, 1.0]
[1, array([0.5448, 0.0153]), array([0.54181905, 0.01290714]), 0.7854, 1.0]
[1, array([0.5448, 0.0153]), array([0.54197143, 0.01290714]), 0.7854, 1.0]
[1, array([0.5448, 0.0153]), array([0.54212381, 0.01290714]), 0.7854, 1.0]
[1, array([0.5448, 0.0153]), array([0.54227619, 0.01290714]), 0.7854, 1.0]
[1, array([0.5448, 0.0153]), array([0.54242857, 0.01290714]), 0.7854, 1.0]
[1, array([0.5448, 0.0153]), array([0.54258095, 0.01290714]), 0.7854, 1.0]
[1, array([0.5448, 0.0153]), array([0.54273333, 0.01290714]), 0.7854, 1.0]
[1, array([0.5448, 0.0153]), array([0.54288571, 0.01290714]), 0.7854, 1.0]
[1, array([0.5448, 0.0153]), array([0.5430381 , 0.01290714]), 0.7854, 1.0]
[1, array([0.5448, 0.0153]), array([0.54319048, 0.01290714]), 0.7854, 1.0]
[1, array([0.5448, 0.0153]), array([0.54334286, 0.01290714]), 0.7854, 1.0]
[1, array([0.5448, 0.0153]), array([0.54349524, 0.01290714]), 0.7854, 1.0]
[1, array([0.5448, 0.0153]), array([0.54364762, 0.01290714]), 0.7854, 1.0]
[1, array([0.5448, 0.0153]), array([0.5438    , 0.01290714]), 0.7854, 1.0]
[1, array([0.5448, 0.0153]), array([0.5406    , 0.01305952]), 0.7854, 1.0]
[1, array([0.5448, 0.0153]), array([0.54075238, 0.01305952]), 0.7854, 1.0]
[1, array([0.5448, 0.0153]), array([0.54090476, 0.01305952]), 0.7854, 1.0]
[1, array([0.5448, 0.0153]), array([0.54105714, 0.01305952]), 0.7854, 1.0]
[1, array([0.5448, 0.0153]), array([0.54120952, 0.01305952]), 0.7854, 1.0]
[1, array([0.5448, 0.0153]), array([0.5413619 , 0.01305952]), 0.7854, 1.0]
[1, array([0.5448, 0.0153]), array([0.54151429, 0.01305952]), 0.7854, 1.0]
[1, array([0.5448, 0.0153]), array([0.54166667, 0.01305952]), 0.7854, 1.0]
[1, array([0.5448, 0.0153]), array([0.54181905, 0.01305952]), 0.7854, 1.0]
[1, array([0.5448, 0.0153]), array([0.54197143, 0.01305952]), 0.7854, 1.0]
[1, array([0.5448, 0.0153]), array([0.54212381, 0.01305952]), 0.7854, 1.0]
[1, array([0.5448, 0.0153]), array([0.54227619, 0.01305952]), 0.7854, 1.0]
[1, array([0.5448, 0.0153]), array([0.54242857, 0.01305952]), 0.7854, 1.0]
[1, array([0.5448, 0.0153]), array([0.54258095, 0.01305952]), 0.7854, 1.0]
[1, array([0.5448, 0.0153]), array([0.54273333, 0.01305952]), 0.7854, 1.0]
[1, array([0.5448, 0.0153]), array([0.54288571, 0.01305952]), 0.7854, 1.0]
[1, array([0.5448, 0.0153]), array([0.5430381 , 0.01305952]), 0.7854, 1.0]
[1, array([0.5448, 0.0153]), array([0.54319048, 0.01305952]), 0.7854, 1.0]
[1, array([0.5448, 0.0153]), array([0.54334286, 0.01305952]), 0.7854, 1.0]
[1, array([0.5448, 0.0153]), array([0.54349524, 0.01305952]), 0.7854, 1.0]
[1, array([0.5448, 0.0153]), array([0.54364762, 0.01305952]), 0.7854, 1.0]
[1, array([0.5448, 0.0153]), array([0.5438    , 0.01305952]), 0.7854, 1.0]
[1, array([0.5448, 0.0153]), array([0.5406   , 0.0132119]), 0.7854, 1.0]
[1, array([0.5448, 0.0153]), array([0.54075238, 0.0132119 ]), 0.7854, 1.0]
[1, array([0.5448, 0.0153]), array([0.54090476, 0.0132119 ]), 0.7854, 1.0]
[1, array([0.5448, 0.0153]), array([0.54105714, 0.0132119 ]), 0.7854, 1.0]
[1, array([0.5448, 0.0153]), array([0.54120952, 0.0132119 ]), 0.7854, 1.0]
[1, array([0.5448, 0.0153]), array([0.5413619, 0.0132119]), 0.7854, 1.0]
[1, array([0.5448, 0.0153]), array([0.54151429, 0.0132119 ]), 0.7854, 1.0]
[1, array([0.5448, 0.0153]), array([0.54166667, 0.0132119 ]), 0.7854, 1.0]
[1, array([0.5448, 0.0153]), array([0.54181905, 0.0132119 ]), 0.7854, 1.0]
[1, array([0.5448, 0.0153]), array([0.54197143, 0.0132119 ]), 0.7854, 1.0]
[1, array([0.5448, 0.0153]), array([0.54212381, 0.0132119 ]), 0.7854, 1.0]
[1, array([0.5448, 0.0153]), array([0.54227619, 0.0132119 ]), 0.7854, 1.0]
[1, array([0.5448, 0.0153]), array([0.54242857, 0.0132119 ]), 0.7854, 1.0]
[1, array([0.5448, 0.0153]), array([0.54258095, 0.0132119 ]), 0.7854, 1.0]
[1, array([0.5448, 0.0153]), array([0.54273333, 0.0132119 ]), 0.7854, 1.0]
[1, array([0.5448, 0.0153]), array([0.54288571, 0.0132119 ]), 0.7854, 1.0]
[1, array([0.5448, 0.0153]), array([0.5430381, 0.0132119]), 0.7854, 1.0]
[1, array([0.5448, 0.0153]), array([0.54319048, 0.0132119 ]), 0.7854, 1.0]
[1, array([0.5448, 0.0153]), array([0.54334286, 0.0132119 ]), 0.7854, 1.0]
[1, array([0.5448, 0.0153]), array([0.54349524, 0.0132119 ]), 0.7854, 1.0]
[1, array([0.5448, 0.0153]), array([0.54364762, 0.0132119 ]), 0.7854, 1.0]
[1, array([0.5448, 0.0153]), array([0.5438   , 0.0132119]), 0.7854, 1.0]
[1, array([0.5448, 0.0153]), array([0.5406    , 0.01336429]), 0.7854, 1.0]
[1, array([0.5448, 0.0153]), array([0.54075238, 0.01336429]), 0.7854, 1.0]
[1, array([0.5448, 0.0153]), array([0.54090476, 0.01336429]), 0.7854, 1.0]
[1, array([0.5448, 0.0153]), array([0.54105714, 0.01336429]), 0.7854, 1.0]
[1, array([0.5448, 0.0153]), array([0.54120952, 0.01336429]), 0.7854, 1.0]
[1, array([0.5448, 0.0153]), array([0.5413619 , 0.01336429]), 0.7854, 1.0]
[1, array([0.5448, 0.0153]), array([0.54151429, 0.01336429]), 0.7854, 1.0]
[1, array([0.5448, 0.0153]), array([0.54166667, 0.01336429]), 0.7854, 1.0]
[1, array([0.5448, 0.0153]), array([0.54181905, 0.01336429]), 0.7854, 1.0]
[1, array([0.5448, 0.0153]), array([0.54197143, 0.01336429]), 0.7854, 1.0]
[1, array([0.5448, 0.0153]), array([0.54212381, 0.01336429]), 0.7854, 1.0]
[1, array([0.5448, 0.0153]), array([0.54227619, 0.01336429]), 0.7854, 1.0]
[1, array([0.5448, 0.0153]), array([0.54242857, 0.01336429]), 0.7854, 1.0]
[1, array([0.5448, 0.0153]), array([0.54258095, 0.01336429]), 0.7854, 1.0]
[1, array([0.5448, 0.0153]), array([0.54273333, 0.01336429]), 0.7854, 1.0]
[1, array([0.5448, 0.0153]), array([0.54288571, 0.01336429]), 0.7854, 1.0]
[1, array([0.5448, 0.0153]), array([0.5430381 , 0.01336429]), 0.7854, 1.0]
[1, array([0.5448, 0.0153]), array([0.54319048, 0.01336429]), 0.7854, 1.0]
[1, array([0.5448, 0.0153]), array([0.54334286, 0.01336429]), 0.7854, 1.0]
[1, array([0.5448, 0.0153]), array([0.54349524, 0.01336429]), 0.7854, 1.0]
[1, array([0.5448, 0.0153]), array([0.54364762, 0.01336429]), 0.7854, 1.0]
[1, array([0.5448, 0.0153]), array([0.5438    , 0.01336429]), 0.7854, 1.0]
[1, array([0.5448, 0.0153]), array([0.5406    , 0.01351667]), 0.7854, 1.0]
[1, array([0.5448, 0.0153]), array([0.54075238, 0.01351667]), 0.7854, 1.0]
[1, array([0.5448, 0.0153]), array([0.54090476, 0.01351667]), 0.7854, 1.0]
[1, array([0.5448, 0.0153]), array([0.54105714, 0.01351667]), 0.7854, 1.0]
[1, array([0.5448, 0.0153]), array([0.54120952, 0.01351667]), 0.7854, 1.0]
[1, array([0.5448, 0.0153]), array([0.5413619 , 0.01351667]), 0.7854, 1.0]
[1, array([0.5448, 0.0153]), array([0.54151429, 0.01351667]), 0.7854, 1.0]
[1, array([0.5448, 0.0153]), array([0.54166667, 0.01351667]), 0.7854, 1.0]
[1, array([0.5448, 0.0153]), array([0.54181905, 0.01351667]), 0.7854, 1.0]
[1, array([0.5448, 0.0153]), array([0.54197143, 0.01351667]), 0.7854, 1.0]
[1, array([0.5448, 0.0153]), array([0.54212381, 0.01351667]), 0.7854, 1.0]
[1, array([0.5448, 0.0153]), array([0.54227619, 0.01351667]), 0.7854, 1.0]
[1, array([0.5448, 0.0153]), array([0.54242857, 0.01351667]), 0.7854, 1.0]
[1, array([0.5448, 0.0153]), array([0.54258095, 0.01351667]), 0.7854, 1.0]
[1, array([0.5448, 0.0153]), array([0.54273333, 0.01351667]), 0.7854, 1.0]
[1, array([0.5448, 0.0153]), array([0.54288571, 0.01351667]), 0.7854, 1.0]
[1, array([0.5448, 0.0153]), array([0.5430381 , 0.01351667]), 0.7854, 1.0]
[1, array([0.5448, 0.0153]), array([0.54319048, 0.01351667]), 0.7854, 1.0]
[1, array([0.5448, 0.0153]), array([0.54334286, 0.01351667]), 0.7854, 1.0]
[1, array([0.5448, 0.0153]), array([0.54349524, 0.01351667]), 0.7854, 1.0]
[1, array([0.5448, 0.0153]), array([0.54364762, 0.01351667]), 0.7854, 1.0]
[1, array([0.5448, 0.0153]), array([0.5438    , 0.01351667]), 0.7854, 1.0]
[1, array([0.5448, 0.0153]), array([0.5406    , 0.01366905]), 0.7854, 1.0]
[1, array([0.5448, 0.0153]), array([0.54075238, 0.01366905]), 0.7854, 1.0]
[1, array([0.5448, 0.0153]), array([0.54090476, 0.01366905]), 0.7854, 1.0]
[1, array([0.5448, 0.0153]), array([0.54105714, 0.01366905]), 0.7854, 1.0]
[1, array([0.5448, 0.0153]), array([0.54120952, 0.01366905]), 0.7854, 1.0]
[1, array([0.5448, 0.0153]), array([0.5413619 , 0.01366905]), 0.7854, 1.0]
[1, array([0.5448, 0.0153]), array([0.54151429, 0.01366905]), 0.7854, 1.0]
[1, array([0.5448, 0.0153]), array([0.54166667, 0.01366905]), 0.7854, 1.0]
[1, array([0.5448, 0.0153]), array([0.54181905, 0.01366905]), 0.7854, 1.0]
[1, array([0.5448, 0.0153]), array([0.54197143, 0.01366905]), 0.7854, 1.0]
[1, array([0.5448, 0.0153]), array([0.54212381, 0.01366905]), 0.7854, 1.0]
[1, array([0.5448, 0.0153]), array([0.54227619, 0.01366905]), 0.7854, 1.0]
[1, array([0.5448, 0.0153]), array([0.54242857, 0.01366905]), 0.7854, 1.0]
[1, array([0.5448, 0.0153]), array([0.54258095, 0.01366905]), 0.7854, 1.0]
[1, array([0.5448, 0.0153]), array([0.54273333, 0.01366905]), 0.7854, 1.0]
[1, array([0.5448, 0.0153]), array([0.54288571, 0.01366905]), 0.7854, 1.0]
[1, array([0.5448, 0.0153]), array([0.5430381 , 0.01366905]), 0.7854, 1.0]
[1, array([0.5448, 0.0153]), array([0.54319048, 0.01366905]), 0.7854, 1.0]
[1, array([0.5448, 0.0153]), array([0.54334286, 0.01366905]), 0.7854, 1.0]
[1, array([0.5448, 0.0153]), array([0.54349524, 0.01366905]), 0.7854, 1.0]
[1, array([0.5448, 0.0153]), array([0.54364762, 0.01366905]), 0.7854, 1.0]
[1, array([0.5448, 0.0153]), array([0.5438    , 0.01366905]), 0.7854, 1.0]
[1, array([0.5448, 0.0153]), array([0.5406    , 0.01382143]), 0.7854, 1.0]
[1, array([0.5448, 0.0153]), array([0.54075238, 0.01382143]), 0.7854, 1.0]
[1, array([0.5448, 0.0153]), array([0.54090476, 0.01382143]), 0.7854, 1.0]
[1, array([0.5448, 0.0153]), array([0.54105714, 0.01382143]), 0.7854, 1.0]
[1, array([0.5448, 0.0153]), array([0.54120952, 0.01382143]), 0.7854, 1.0]
[1, array([0.5448, 0.0153]), array([0.5413619 , 0.01382143]), 0.7854, 1.0]
[1, array([0.5448, 0.0153]), array([0.54151429, 0.01382143]), 0.7854, 1.0]
[1, array([0.5448, 0.0153]), array([0.54166667, 0.01382143]), 0.7854, 1.0]
[1, array([0.5448, 0.0153]), array([0.54181905, 0.01382143]), 0.7854, 1.0]
[1, array([0.5448, 0.0153]), array([0.54197143, 0.01382143]), 0.7854, 1.0]
[1, array([0.5448, 0.0153]), array([0.54212381, 0.01382143]), 0.7854, 1.0]
[1, array([0.5448, 0.0153]), array([0.54227619, 0.01382143]), 0.7854, 1.0]
[1, array([0.5448, 0.0153]), array([0.54242857, 0.01382143]), 0.7854, 1.0]
[1, array([0.5448, 0.0153]), array([0.54258095, 0.01382143]), 0.7854, 1.0]
[1, array([0.5448, 0.0153]), array([0.54273333, 0.01382143]), 0.7854, 1.0]
[1, array([0.5448, 0.0153]), array([0.54288571, 0.01382143]), 0.7854, 1.0]
[1, array([0.5448, 0.0153]), array([0.5430381 , 0.01382143]), 0.7854, 1.0]
[1, array([0.5448, 0.0153]), array([0.54319048, 0.01382143]), 0.7854, 1.0]
[1, array([0.5448, 0.0153]), array([0.54334286, 0.01382143]), 0.7854, 1.0]
[1, array([0.5448, 0.0153]), array([0.54349524, 0.01382143]), 0.7854, 1.0]
[1, array([0.5448, 0.0153]), array([0.54364762, 0.01382143]), 0.7854, 1.0]
[1, array([0.5448, 0.0153]), array([0.5438    , 0.01382143]), 0.7854, 1.0]
[1, array([0.5448, 0.0153]), array([0.5406    , 0.01397381]), 0.7854, 1.0]
[1, array([0.5448, 0.0153]), array([0.54075238, 0.01397381]), 0.7854, 1.0]
[1, array([0.5448, 0.0153]), array([0.54090476, 0.01397381]), 0.7854, 1.0]
[1, array([0.5448, 0.0153]), array([0.54105714, 0.01397381]), 0.7854, 1.0]
[1, array([0.5448, 0.0153]), array([0.54120952, 0.01397381]), 0.7854, 1.0]
[1, array([0.5448, 0.0153]), array([0.5413619 , 0.01397381]), 0.7854, 1.0]
[1, array([0.5448, 0.0153]), array([0.54151429, 0.01397381]), 0.7854, 1.0]
[1, array([0.5448, 0.0153]), array([0.54166667, 0.01397381]), 0.7854, 1.0]
[1, array([0.5448, 0.0153]), array([0.54181905, 0.01397381]), 0.7854, 1.0]
[1, array([0.5448, 0.0153]), array([0.54197143, 0.01397381]), 0.7854, 1.0]
[1, array([0.5448, 0.0153]), array([0.54212381, 0.01397381]), 0.7854, 1.0]
[1, array([0.5448, 0.0153]), array([0.54227619, 0.01397381]), 0.7854, 1.0]
[1, array([0.5448, 0.0153]), array([0.54242857, 0.01397381]), 0.7854, 1.0]
[1, array([0.5448, 0.0153]), array([0.54258095, 0.01397381]), 0.7854, 1.0]
[1, array([0.5448, 0.0153]), array([0.54273333, 0.01397381]), 0.7854, 1.0]
[1, array([0.5448, 0.0153]), array([0.54288571, 0.01397381]), 0.7854, 1.0]
[1, array([0.5448, 0.0153]), array([0.5430381 , 0.01397381]), 0.7854, 1.0]
[1, array([0.5448, 0.0153]), array([0.54319048, 0.01397381]), 0.7854, 1.0]
[1, array([0.5448, 0.0153]), array([0.54334286, 0.01397381]), 0.7854, 1.0]
[1, array([0.5448, 0.0153]), array([0.54349524, 0.01397381]), 0.7854, 1.0]
[1, array([0.5448, 0.0153]), array([0.54364762, 0.01397381]), 0.7854, 1.0]
[1, array([0.5448, 0.0153]), array([0.5438    , 0.01397381]), 0.7854, 1.0]
[1, array([0.5448, 0.0153]), array([0.5406    , 0.01412619]), 0.7854, 1.0]
[1, array([0.5448, 0.0153]), array([0.54075238, 0.01412619]), 0.7854, 1.0]
[1, array([0.5448, 0.0153]), array([0.54090476, 0.01412619]), 0.7854, 1.0]
[1, array([0.5448, 0.0153]), array([0.54105714, 0.01412619]), 0.7854, 1.0]
[1, array([0.5448, 0.0153]), array([0.54120952, 0.01412619]), 0.7854, 1.0]
[1, array([0.5448, 0.0153]), array([0.5413619 , 0.01412619]), 0.7854, 1.0]
[1, array([0.5448, 0.0153]), array([0.54151429, 0.01412619]), 0.7854, 1.0]
[1, array([0.5448, 0.0153]), array([0.54166667, 0.01412619]), 0.7854, 1.0]
[1, array([0.5448, 0.0153]), array([0.54181905, 0.01412619]), 0.7854, 1.0]
[1, array([0.5448, 0.0153]), array([0.54197143, 0.01412619]), 0.7854, 1.0]
[1, array([0.5448, 0.0153]), array([0.54212381, 0.01412619]), 0.7854, 1.0]
[1, array([0.5448, 0.0153]), array([0.54227619, 0.01412619]), 0.7854, 1.0]
[1, array([0.5448, 0.0153]), array([0.54242857, 0.01412619]), 0.7854, 1.0]
[1, array([0.5448, 0.0153]), array([0.54258095, 0.01412619]), 0.7854, 1.0]
[1, array([0.5448, 0.0153]), array([0.54273333, 0.01412619]), 0.7854, 1.0]
[1, array([0.5448, 0.0153]), array([0.54288571, 0.01412619]), 0.7854, 1.0]
[1, array([0.5448, 0.0153]), array([0.5430381 , 0.01412619]), 0.7854, 1.0]
[1, array([0.5448, 0.0153]), array([0.54319048, 0.01412619]), 0.7854, 1.0]
[1, array([0.5448, 0.0153]), array([0.54334286, 0.01412619]), 0.7854, 1.0]
[1, array([0.5448, 0.0153]), array([0.54349524, 0.01412619]), 0.7854, 1.0]
[1, array([0.5448, 0.0153]), array([0.54364762, 0.01412619]), 0.7854, 1.0]
[1, array([0.5448, 0.0153]), array([0.5438    , 0.01412619]), 0.7854, 1.0]
[1, array([0.5448, 0.0153]), array([0.5406    , 0.01427857]), 0.7854, 1.0]
[1, array([0.5448, 0.0153]), array([0.54075238, 0.01427857]), 0.7854, 1.0]
[1, array([0.5448, 0.0153]), array([0.54090476, 0.01427857]), 0.7854, 1.0]
[1, array([0.5448, 0.0153]), array([0.54105714, 0.01427857]), 0.7854, 1.0]
[1, array([0.5448, 0.0153]), array([0.54120952, 0.01427857]), 0.7854, 1.0]
[1, array([0.5448, 0.0153]), array([0.5413619 , 0.01427857]), 0.7854, 1.0]
[1, array([0.5448, 0.0153]), array([0.54151429, 0.01427857]), 0.7854, 1.0]
[1, array([0.5448, 0.0153]), array([0.54166667, 0.01427857]), 0.7854, 1.0]
[1, array([0.5448, 0.0153]), array([0.54181905, 0.01427857]), 0.7854, 1.0]
[1, array([0.5448, 0.0153]), array([0.54197143, 0.01427857]), 0.7854, 1.0]
[1, array([0.5448, 0.0153]), array([0.54212381, 0.01427857]), 0.7854, 1.0]
[1, array([0.5448, 0.0153]), array([0.54227619, 0.01427857]), 0.7854, 1.0]
[1, array([0.5448, 0.0153]), array([0.54242857, 0.01427857]), 0.7854, 1.0]
[1, array([0.5448, 0.0153]), array([0.54258095, 0.01427857]), 0.7854, 1.0]
[1, array([0.5448, 0.0153]), array([0.54273333, 0.01427857]), 0.7854, 1.0]
[1, array([0.5448, 0.0153]), array([0.54288571, 0.01427857]), 0.7854, 1.0]
[1, array([0.5448, 0.0153]), array([0.5430381 , 0.01427857]), 0.7854, 1.0]
[1, array([0.5448, 0.0153]), array([0.54319048, 0.01427857]), 0.7854, 1.0]
[1, array([0.5448, 0.0153]), array([0.54334286, 0.01427857]), 0.7854, 1.0]
[1, array([0.5448, 0.0153]), array([0.54349524, 0.01427857]), 0.7854, 1.0]
[1, array([0.5448, 0.0153]), array([0.54364762, 0.01427857]), 0.7854, 1.0]
[1, array([0.5448, 0.0153]), array([0.5438    , 0.01427857]), 0.7854, 1.0]
[1, array([0.5448, 0.0153]), array([0.5406    , 0.01443095]), 0.7854, 1.0]
[1, array([0.5448, 0.0153]), array([0.54075238, 0.01443095]), 0.7854, 1.0]
[1, array([0.5448, 0.0153]), array([0.54090476, 0.01443095]), 0.7854, 1.0]
[1, array([0.5448, 0.0153]), array([0.54105714, 0.01443095]), 0.7854, 1.0]
[1, array([0.5448, 0.0153]), array([0.54120952, 0.01443095]), 0.7854, 1.0]
[1, array([0.5448, 0.0153]), array([0.5413619 , 0.01443095]), 0.7854, 1.0]
[1, array([0.5448, 0.0153]), array([0.54151429, 0.01443095]), 0.7854, 1.0]
[1, array([0.5448, 0.0153]), array([0.54166667, 0.01443095]), 0.7854, 1.0]
[1, array([0.5448, 0.0153]), array([0.54181905, 0.01443095]), 0.7854, 1.0]
[1, array([0.5448, 0.0153]), array([0.54197143, 0.01443095]), 0.7854, 1.0]
[1, array([0.5448, 0.0153]), array([0.54212381, 0.01443095]), 0.7854, 1.0]
[1, array([0.5448, 0.0153]), array([0.54227619, 0.01443095]), 0.7854, 1.0]
[1, array([0.5448, 0.0153]), array([0.54242857, 0.01443095]), 0.7854, 1.0]
[1, array([0.5448, 0.0153]), array([0.54258095, 0.01443095]), 0.7854, 1.0]
[1, array([0.5448, 0.0153]), array([0.54273333, 0.01443095]), 0.7854, 1.0]
[1, array([0.5448, 0.0153]), array([0.54288571, 0.01443095]), 0.7854, 1.0]
[1, array([0.5448, 0.0153]), array([0.5430381 , 0.01443095]), 0.7854, 1.0]
[1, array([0.5448, 0.0153]), array([0.54319048, 0.01443095]), 0.7854, 1.0]
[1, array([0.5448, 0.0153]), array([0.54334286, 0.01443095]), 0.7854, 1.0]
[1, array([0.5448, 0.0153]), array([0.54349524, 0.01443095]), 0.7854, 1.0]
[1, array([0.5448, 0.0153]), array([0.54364762, 0.01443095]), 0.7854, 1.0]
[1, array([0.5448, 0.0153]), array([0.5438    , 0.01443095]), 0.7854, 1.0]
[1, array([0.5448, 0.0153]), array([0.5406    , 0.01458333]), 0.7854, 1.0]
[1, array([0.5448, 0.0153]), array([0.54075238, 0.01458333]), 0.7854, 1.0]
[1, array([0.5448, 0.0153]), array([0.54090476, 0.01458333]), 0.7854, 1.0]
[1, array([0.5448, 0.0153]), array([0.54105714, 0.01458333]), 0.7854, 1.0]
[1, array([0.5448, 0.0153]), array([0.54120952, 0.01458333]), 0.7854, 1.0]
[1, array([0.5448, 0.0153]), array([0.5413619 , 0.01458333]), 0.7854, 1.0]
[1, array([0.5448, 0.0153]), array([0.54151429, 0.01458333]), 0.7854, 1.0]
[1, array([0.5448, 0.0153]), array([0.54166667, 0.01458333]), 0.7854, 1.0]
[1, array([0.5448, 0.0153]), array([0.54181905, 0.01458333]), 0.7854, 1.0]
[1, array([0.5448, 0.0153]), array([0.54197143, 0.01458333]), 0.7854, 1.0]
[1, array([0.5448, 0.0153]), array([0.54212381, 0.01458333]), 0.7854, 1.0]
[1, array([0.5448, 0.0153]), array([0.54227619, 0.01458333]), 0.7854, 1.0]
[1, array([0.5448, 0.0153]), array([0.54242857, 0.01458333]), 0.7854, 1.0]
[1, array([0.5448, 0.0153]), array([0.54258095, 0.01458333]), 0.7854, 1.0]
[1, array([0.5448, 0.0153]), array([0.54273333, 0.01458333]), 0.7854, 1.0]
[1, array([0.5448, 0.0153]), array([0.54288571, 0.01458333]), 0.7854, 1.0]
[1, array([0.5448, 0.0153]), array([0.5430381 , 0.01458333]), 0.7854, 1.0]
[1, array([0.5448, 0.0153]), array([0.54319048, 0.01458333]), 0.7854, 1.0]
[1, array([0.5448, 0.0153]), array([0.54334286, 0.01458333]), 0.7854, 1.0]
[1, array([0.5448, 0.0153]), array([0.54349524, 0.01458333]), 0.7854, 1.0]
[1, array([0.5448, 0.0153]), array([0.54364762, 0.01458333]), 0.7854, 1.0]
[1, array([0.5448, 0.0153]), array([0.5438    , 0.01458333]), 0.7854, 1.0]
[1, array([0.5448, 0.0153]), array([0.5406    , 0.01473571]), 0.7854, 1.0]
[1, array([0.5448, 0.0153]), array([0.54075238, 0.01473571]), 0.7854, 1.0]
[1, array([0.5448, 0.0153]), array([0.54090476, 0.01473571]), 0.7854, 1.0]
[1, array([0.5448, 0.0153]), array([0.54105714, 0.01473571]), 0.7854, 1.0]
[1, array([0.5448, 0.0153]), array([0.54120952, 0.01473571]), 0.7854, 1.0]
[1, array([0.5448, 0.0153]), array([0.5413619 , 0.01473571]), 0.7854, 1.0]
[1, array([0.5448, 0.0153]), array([0.54151429, 0.01473571]), 0.7854, 1.0]
[1, array([0.5448, 0.0153]), array([0.54166667, 0.01473571]), 0.7854, 1.0]
[1, array([0.5448, 0.0153]), array([0.54181905, 0.01473571]), 0.7854, 1.0]
[1, array([0.5448, 0.0153]), array([0.54197143, 0.01473571]), 0.7854, 1.0]
[1, array([0.5448, 0.0153]), array([0.54212381, 0.01473571]), 0.7854, 1.0]
[1, array([0.5448, 0.0153]), array([0.54227619, 0.01473571]), 0.7854, 1.0]
[1, array([0.5448, 0.0153]), array([0.54242857, 0.01473571]), 0.7854, 1.0]
[1, array([0.5448, 0.0153]), array([0.54258095, 0.01473571]), 0.7854, 1.0]
[1, array([0.5448, 0.0153]), array([0.54273333, 0.01473571]), 0.7854, 1.0]
[1, array([0.5448, 0.0153]), array([0.54288571, 0.01473571]), 0.7854, 1.0]
[1, array([0.5448, 0.0153]), array([0.5430381 , 0.01473571]), 0.7854, 1.0]
[1, array([0.5448, 0.0153]), array([0.54319048, 0.01473571]), 0.7854, 1.0]
[1, array([0.5448, 0.0153]), array([0.54334286, 0.01473571]), 0.7854, 1.0]
[1, array([0.5448, 0.0153]), array([0.54349524, 0.01473571]), 0.7854, 1.0]
[1, array([0.5448, 0.0153]), array([0.54364762, 0.01473571]), 0.7854, 1.0]
[1, array([0.5448, 0.0153]), array([0.5438    , 0.01473571]), 0.7854, 1.0]
[1, array([0.5448, 0.0153]), array([0.5406   , 0.0148881]), 0.7854, 1.0]
[1, array([0.5448, 0.0153]), array([0.54075238, 0.0148881 ]), 0.7854, 1.0]
[1, array([0.5448, 0.0153]), array([0.54090476, 0.0148881 ]), 0.7854, 1.0]
[1, array([0.5448, 0.0153]), array([0.54105714, 0.0148881 ]), 0.7854, 1.0]
[1, array([0.5448, 0.0153]), array([0.54120952, 0.0148881 ]), 0.7854, 1.0]
[1, array([0.5448, 0.0153]), array([0.5413619, 0.0148881]), 0.7854, 1.0]
[1, array([0.5448, 0.0153]), array([0.54151429, 0.0148881 ]), 0.7854, 1.0]
[1, array([0.5448, 0.0153]), array([0.54166667, 0.0148881 ]), 0.7854, 1.0]
[1, array([0.5448, 0.0153]), array([0.54181905, 0.0148881 ]), 0.7854, 1.0]
[1, array([0.5448, 0.0153]), array([0.54197143, 0.0148881 ]), 0.7854, 1.0]
[1, array([0.5448, 0.0153]), array([0.54212381, 0.0148881 ]), 0.7854, 1.0]
[1, array([0.5448, 0.0153]), array([0.54227619, 0.0148881 ]), 0.7854, 1.0]
[1, array([0.5448, 0.0153]), array([0.54242857, 0.0148881 ]), 0.7854, 1.0]
[1, array([0.5448, 0.0153]), array([0.54258095, 0.0148881 ]), 0.7854, 1.0]
[1, array([0.5448, 0.0153]), array([0.54273333, 0.0148881 ]), 0.7854, 1.0]
[1, array([0.5448, 0.0153]), array([0.54288571, 0.0148881 ]), 0.7854, 1.0]
[1, array([0.5448, 0.0153]), array([0.5430381, 0.0148881]), 0.7854, 1.0]
[1, array([0.5448, 0.0153]), array([0.54319048, 0.0148881 ]), 0.7854, 1.0]
[1, array([0.5448, 0.0153]), array([0.54334286, 0.0148881 ]), 0.7854, 1.0]
[1, array([0.5448, 0.0153]), array([0.54349524, 0.0148881 ]), 0.7854, 1.0]
[1, array([0.5448, 0.0153]), array([0.54364762, 0.0148881 ]), 0.7854, 1.0]
[1, array([0.5448, 0.0153]), array([0.5438   , 0.0148881]), 0.7854, 1.0]
[1, array([0.5448, 0.0153]), array([0.5406    , 0.01504048]), 0.7854, 1.0]
[1, array([0.5448, 0.0153]), array([0.54075238, 0.01504048]), 0.7854, 1.0]
[1, array([0.5448, 0.0153]), array([0.54090476, 0.01504048]), 0.7854, 1.0]
[1, array([0.5448, 0.0153]), array([0.54105714, 0.01504048]), 0.7854, 1.0]
[1, array([0.5448, 0.0153]), array([0.54120952, 0.01504048]), 0.7854, 1.0]
[1, array([0.5448, 0.0153]), array([0.5413619 , 0.01504048]), 0.7854, 1.0]
[1, array([0.5448, 0.0153]), array([0.54151429, 0.01504048]), 0.7854, 1.0]
[1, array([0.5448, 0.0153]), array([0.54166667, 0.01504048]), 0.7854, 1.0]
[1, array([0.5448, 0.0153]), array([0.54181905, 0.01504048]), 0.7854, 1.0]
[1, array([0.5448, 0.0153]), array([0.54197143, 0.01504048]), 0.7854, 1.0]
[1, array([0.5448, 0.0153]), array([0.54212381, 0.01504048]), 0.7854, 1.0]
[1, array([0.5448, 0.0153]), array([0.54227619, 0.01504048]), 0.7854, 1.0]
[1, array([0.5448, 0.0153]), array([0.54242857, 0.01504048]), 0.7854, 1.0]
[1, array([0.5448, 0.0153]), array([0.54258095, 0.01504048]), 0.7854, 1.0]
[1, array([0.5448, 0.0153]), array([0.54273333, 0.01504048]), 0.7854, 1.0]
[1, array([0.5448, 0.0153]), array([0.54288571, 0.01504048]), 0.7854, 1.0]
[1, array([0.5448, 0.0153]), array([0.5430381 , 0.01504048]), 0.7854, 1.0]
[1, array([0.5448, 0.0153]), array([0.54319048, 0.01504048]), 0.7854, 1.0]
[1, array([0.5448, 0.0153]), array([0.54334286, 0.01504048]), 0.7854, 1.0]
[1, array([0.5448, 0.0153]), array([0.54349524, 0.01504048]), 0.7854, 1.0]
[1, array([0.5448, 0.0153]), array([0.54364762, 0.01504048]), 0.7854, 1.0]
[1, array([0.5448, 0.0153]), array([0.5438    , 0.01504048]), 0.7854, 1.0]
[1, array([0.5448, 0.0153]), array([0.5406    , 0.01519286]), 0.7854, 1.0]
[1, array([0.5448, 0.0153]), array([0.54075238, 0.01519286]), 0.7854, 1.0]
[1, array([0.5448, 0.0153]), array([0.54090476, 0.01519286]), 0.7854, 1.0]
[1, array([0.5448, 0.0153]), array([0.54105714, 0.01519286]), 0.7854, 1.0]
[1, array([0.5448, 0.0153]), array([0.54120952, 0.01519286]), 0.7854, 1.0]
[1, array([0.5448, 0.0153]), array([0.5413619 , 0.01519286]), 0.7854, 1.0]
[1, array([0.5448, 0.0153]), array([0.54151429, 0.01519286]), 0.7854, 1.0]
[1, array([0.5448, 0.0153]), array([0.54166667, 0.01519286]), 0.7854, 1.0]
[1, array([0.5448, 0.0153]), array([0.54181905, 0.01519286]), 0.7854, 1.0]
[1, array([0.5448, 0.0153]), array([0.54197143, 0.01519286]), 0.7854, 1.0]
[1, array([0.5448, 0.0153]), array([0.54212381, 0.01519286]), 0.7854, 1.0]
[1, array([0.5448, 0.0153]), array([0.54227619, 0.01519286]), 0.7854, 1.0]
[1, array([0.5448, 0.0153]), array([0.54242857, 0.01519286]), 0.7854, 1.0]
[1, array([0.5448, 0.0153]), array([0.54258095, 0.01519286]), 0.7854, 1.0]
[1, array([0.5448, 0.0153]), array([0.54273333, 0.01519286]), 0.7854, 1.0]
[1, array([0.5448, 0.0153]), array([0.54288571, 0.01519286]), 0.7854, 1.0]
[1, array([0.5448, 0.0153]), array([0.5430381 , 0.01519286]), 0.7854, 1.0]
[1, array([0.5448, 0.0153]), array([0.54319048, 0.01519286]), 0.7854, 1.0]
[1, array([0.5448, 0.0153]), array([0.54334286, 0.01519286]), 0.7854, 1.0]
[1, array([0.5448, 0.0153]), array([0.54349524, 0.01519286]), 0.7854, 1.0]
[1, array([0.5448, 0.0153]), array([0.54364762, 0.01519286]), 0.7854, 1.0]
[1, array([0.5448, 0.0153]), array([0.5438    , 0.01519286]), 0.7854, 1.0]
[1, array([0.5448, 0.0153]), array([0.5406    , 0.01534524]), 0.7854, 1.0]
[1, array([0.5448, 0.0153]), array([0.54075238, 0.01534524]), 0.7854, 1.0]
[1, array([0.5448, 0.0153]), array([0.54090476, 0.01534524]), 0.7854, 1.0]
[1, array([0.5448, 0.0153]), array([0.54105714, 0.01534524]), 0.7854, 1.0]
[1, array([0.5448, 0.0153]), array([0.54120952, 0.01534524]), 0.7854, 1.0]
[1, array([0.5448, 0.0153]), array([0.5413619 , 0.01534524]), 0.7854, 1.0]
[1, array([0.5448, 0.0153]), array([0.54151429, 0.01534524]), 0.7854, 1.0]
[1, array([0.5448, 0.0153]), array([0.54166667, 0.01534524]), 0.7854, 1.0]
[1, array([0.5448, 0.0153]), array([0.54181905, 0.01534524]), 0.7854, 1.0]
[1, array([0.5448, 0.0153]), array([0.54197143, 0.01534524]), 0.7854, 1.0]
[1, array([0.5448, 0.0153]), array([0.54212381, 0.01534524]), 0.7854, 1.0]
[1, array([0.5448, 0.0153]), array([0.54227619, 0.01534524]), 0.7854, 1.0]
[1, array([0.5448, 0.0153]), array([0.54242857, 0.01534524]), 0.7854, 1.0]
[1, array([0.5448, 0.0153]), array([0.54258095, 0.01534524]), 0.7854, 1.0]
[1, array([0.5448, 0.0153]), array([0.54273333, 0.01534524]), 0.7854, 1.0]
[1, array([0.5448, 0.0153]), array([0.54288571, 0.01534524]), 0.7854, 1.0]
[1, array([0.5448, 0.0153]), array([0.5430381 , 0.01534524]), 0.7854, 1.0]
[1, array([0.5448, 0.0153]), array([0.54319048, 0.01534524]), 0.7854, 1.0]
[1, array([0.5448, 0.0153]), array([0.54334286, 0.01534524]), 0.7854, 1.0]
[1, array([0.5448, 0.0153]), array([0.54349524, 0.01534524]), 0.7854, 1.0]
[1, array([0.5448, 0.0153]), array([0.54364762, 0.01534524]), 0.7854, 1.0]
[1, array([0.5448, 0.0153]), array([0.5438    , 0.01534524]), 0.7854, 1.0]
[1, array([0.5448, 0.0153]), array([0.5406    , 0.01549762]), 0.7854, 1.0]
[1, array([0.5448, 0.0153]), array([0.54075238, 0.01549762]), 0.7854, 1.0]
[1, array([0.5448, 0.0153]), array([0.54090476, 0.01549762]), 0.7854, 1.0]
[1, array([0.5448, 0.0153]), array([0.54105714, 0.01549762]), 0.7854, 1.0]
[1, array([0.5448, 0.0153]), array([0.54120952, 0.01549762]), 0.7854, 1.0]
[1, array([0.5448, 0.0153]), array([0.5413619 , 0.01549762]), 0.7854, 1.0]
[1, array([0.5448, 0.0153]), array([0.54151429, 0.01549762]), 0.7854, 1.0]
[1, array([0.5448, 0.0153]), array([0.54166667, 0.01549762]), 0.7854, 1.0]
[1, array([0.5448, 0.0153]), array([0.54181905, 0.01549762]), 0.7854, 1.0]
[1, array([0.5448, 0.0153]), array([0.54197143, 0.01549762]), 0.7854, 1.0]
[1, array([0.5448, 0.0153]), array([0.54212381, 0.01549762]), 0.7854, 1.0]
[1, array([0.5448, 0.0153]), array([0.54227619, 0.01549762]), 0.7854, 1.0]
[1, array([0.5448, 0.0153]), array([0.54242857, 0.01549762]), 0.7854, 1.0]
[1, array([0.5448, 0.0153]), array([0.54258095, 0.01549762]), 0.7854, 1.0]
[1, array([0.5448, 0.0153]), array([0.54273333, 0.01549762]), 0.7854, 1.0]
[1, array([0.5448, 0.0153]), array([0.54288571, 0.01549762]), 0.7854, 1.0]
[1, array([0.5448, 0.0153]), array([0.5430381 , 0.01549762]), 0.7854, 1.0]
[1, array([0.5448, 0.0153]), array([0.54319048, 0.01549762]), 0.7854, 1.0]
[1, array([0.5448, 0.0153]), array([0.54334286, 0.01549762]), 0.7854, 1.0]
[1, array([0.5448, 0.0153]), array([0.54349524, 0.01549762]), 0.7854, 1.0]
[1, array([0.5448, 0.0153]), array([0.54364762, 0.01549762]), 0.7854, 1.0]
[1, array([0.5448, 0.0153]), array([0.5438    , 0.01549762]), 0.7854, 1.0]
[1, array([0.5448, 0.0153]), array([0.5406 , 0.01565]), 0.7854, 1.0]
[1, array([0.5448, 0.0153]), array([0.54075238, 0.01565   ]), 0.7854, 1.0]
[1, array([0.5448, 0.0153]), array([0.54090476, 0.01565   ]), 0.7854, 1.0]
[1, array([0.5448, 0.0153]), array([0.54105714, 0.01565   ]), 0.7854, 1.0]
[1, array([0.5448, 0.0153]), array([0.54120952, 0.01565   ]), 0.7854, 1.0]
[1, array([0.5448, 0.0153]), array([0.5413619, 0.01565  ]), 0.7854, 1.0]
[1, array([0.5448, 0.0153]), array([0.54151429, 0.01565   ]), 0.7854, 1.0]
[1, array([0.5448, 0.0153]), array([0.54166667, 0.01565   ]), 0.7854, 1.0]
[1, array([0.5448, 0.0153]), array([0.54181905, 0.01565   ]), 0.7854, 1.0]
[1, array([0.5448, 0.0153]), array([0.54197143, 0.01565   ]), 0.7854, 1.0]
[1, array([0.5448, 0.0153]), array([0.54212381, 0.01565   ]), 0.7854, 1.0]
[1, array([0.5448, 0.0153]), array([0.54227619, 0.01565   ]), 0.7854, 1.0]
[1, array([0.5448, 0.0153]), array([0.54242857, 0.01565   ]), 0.7854, 1.0]
[1, array([0.5448, 0.0153]), array([0.54258095, 0.01565   ]), 0.7854, 1.0]
[1, array([0.5448, 0.0153]), array([0.54273333, 0.01565   ]), 0.7854, 1.0]
[1, array([0.5448, 0.0153]), array([0.54288571, 0.01565   ]), 0.7854, 1.0]
[1, array([0.5448, 0.0153]), array([0.5430381, 0.01565  ]), 0.7854, 1.0]
[1, array([0.5448, 0.0153]), array([0.54319048, 0.01565   ]), 0.7854, 1.0]
[1, array([0.5448, 0.0153]), array([0.54334286, 0.01565   ]), 0.7854, 1.0]
[1, array([0.5448, 0.0153]), array([0.54349524, 0.01565   ]), 0.7854, 1.0]
[1, array([0.5448, 0.0153]), array([0.54364762, 0.01565   ]), 0.7854, 1.0]
[1, array([0.5448, 0.0153]), array([0.5438 , 0.01565]), 0.7854, 1.0]
[0, array([ 0.5107, -0.0364]), array([ 0.5031 , -0.03755]), 0.7854, 1.0]
[0, array([ 0.5107, -0.0364]), array([ 0.50325238, -0.03755   ]), 0.7854, 1.0]
[0, array([ 0.5107, -0.0364]), array([ 0.50340476, -0.03755   ]), 0.7854, 1.0]
[0, array([ 0.5107, -0.0364]), array([ 0.50355714, -0.03755   ]), 0.7854, 1.0]
[0, array([ 0.5107, -0.0364]), array([ 0.50370952, -0.03755   ]), 0.7854, 1.0]
[0, array([ 0.5107, -0.0364]), array([ 0.5038619, -0.03755  ]), 0.7854, 1.0]
[0, array([ 0.5107, -0.0364]), array([ 0.50401429, -0.03755   ]), 0.7854, 1.0]
[0, array([ 0.5107, -0.0364]), array([ 0.50416667, -0.03755   ]), 0.7854, 1.0]
[0, array([ 0.5107, -0.0364]), array([ 0.50431905, -0.03755   ]), 0.7854, 1.0]
[0, array([ 0.5107, -0.0364]), array([ 0.50447143, -0.03755   ]), 0.7854, 1.0]
[0, array([ 0.5107, -0.0364]), array([ 0.50462381, -0.03755   ]), 0.7854, 1.0]
[0, array([ 0.5107, -0.0364]), array([ 0.50477619, -0.03755   ]), 0.7854, 1.0]
[0, array([ 0.5107, -0.0364]), array([ 0.50492857, -0.03755   ]), 0.7854, 1.0]
[0, array([ 0.5107, -0.0364]), array([ 0.50508095, -0.03755   ]), 0.7854, 1.0]
[0, array([ 0.5107, -0.0364]), array([ 0.50523333, -0.03755   ]), 0.7854, 1.0]
[0, array([ 0.5107, -0.0364]), array([ 0.50538571, -0.03755   ]), 0.7854, 1.0]
[0, array([ 0.5107, -0.0364]), array([ 0.5055381, -0.03755  ]), 0.7854, 1.0]
[0, array([ 0.5107, -0.0364]), array([ 0.50569048, -0.03755   ]), 0.7854, 1.0]
[0, array([ 0.5107, -0.0364]), array([ 0.50584286, -0.03755   ]), 0.7854, 1.0]
[0, array([ 0.5107, -0.0364]), array([ 0.50599524, -0.03755   ]), 0.7854, 1.0]
[0, array([ 0.5107, -0.0364]), array([ 0.50614762, -0.03755   ]), 0.7854, 1.0]
[0, array([ 0.5107, -0.0364]), array([ 0.5063 , -0.03755]), 0.7854, 1.0]
[0, array([ 0.5107, -0.0364]), array([ 0.5031    , -0.03739762]), 0.7854, 1.0]
[0, array([ 0.5107, -0.0364]), array([ 0.50325238, -0.03739762]), 0.7854, 1.0]
[0, array([ 0.5107, -0.0364]), array([ 0.50340476, -0.03739762]), 0.7854, 1.0]
[0, array([ 0.5107, -0.0364]), array([ 0.50355714, -0.03739762]), 0.7854, 1.0]
[0, array([ 0.5107, -0.0364]), array([ 0.50370952, -0.03739762]), 0.7854, 1.0]
[0, array([ 0.5107, -0.0364]), array([ 0.5038619 , -0.03739762]), 0.7854, 1.0]
[0, array([ 0.5107, -0.0364]), array([ 0.50401429, -0.03739762]), 0.7854, 1.0]
[0, array([ 0.5107, -0.0364]), array([ 0.50416667, -0.03739762]), 0.7854, 1.0]
[0, array([ 0.5107, -0.0364]), array([ 0.50431905, -0.03739762]), 0.7854, 1.0]
[0, array([ 0.5107, -0.0364]), array([ 0.50447143, -0.03739762]), 0.7854, 1.0]
[0, array([ 0.5107, -0.0364]), array([ 0.50462381, -0.03739762]), 0.7854, 1.0]
[0, array([ 0.5107, -0.0364]), array([ 0.50477619, -0.03739762]), 0.7854, 1.0]
[0, array([ 0.5107, -0.0364]), array([ 0.50492857, -0.03739762]), 0.7854, 1.0]
[0, array([ 0.5107, -0.0364]), array([ 0.50508095, -0.03739762]), 0.7854, 1.0]
[0, array([ 0.5107, -0.0364]), array([ 0.50523333, -0.03739762]), 0.7854, 1.0]
[0, array([ 0.5107, -0.0364]), array([ 0.50538571, -0.03739762]), 0.7854, 1.0]
[0, array([ 0.5107, -0.0364]), array([ 0.5055381 , -0.03739762]), 0.7854, 1.0]
[0, array([ 0.5107, -0.0364]), array([ 0.50569048, -0.03739762]), 0.7854, 1.0]
[0, array([ 0.5107, -0.0364]), array([ 0.50584286, -0.03739762]), 0.7854, 1.0]
[0, array([ 0.5107, -0.0364]), array([ 0.50599524, -0.03739762]), 0.7854, 1.0]
[0, array([ 0.5107, -0.0364]), array([ 0.50614762, -0.03739762]), 0.7854, 1.0]
[0, array([ 0.5107, -0.0364]), array([ 0.5063    , -0.03739762]), 0.7854, 1.0]
[0, array([ 0.5107, -0.0364]), array([ 0.5031    , -0.03724524]), 0.7854, 1.0]
[0, array([ 0.5107, -0.0364]), array([ 0.50325238, -0.03724524]), 0.7854, 1.0]
[0, array([ 0.5107, -0.0364]), array([ 0.50340476, -0.03724524]), 0.7854, 1.0]
[0, array([ 0.5107, -0.0364]), array([ 0.50355714, -0.03724524]), 0.7854, 1.0]
[0, array([ 0.5107, -0.0364]), array([ 0.50370952, -0.03724524]), 0.7854, 1.0]
[0, array([ 0.5107, -0.0364]), array([ 0.5038619 , -0.03724524]), 0.7854, 1.0]
[0, array([ 0.5107, -0.0364]), array([ 0.50401429, -0.03724524]), 0.7854, 1.0]
[0, array([ 0.5107, -0.0364]), array([ 0.50416667, -0.03724524]), 0.7854, 1.0]
[0, array([ 0.5107, -0.0364]), array([ 0.50431905, -0.03724524]), 0.7854, 1.0]
[0, array([ 0.5107, -0.0364]), array([ 0.50447143, -0.03724524]), 0.7854, 1.0]
[0, array([ 0.5107, -0.0364]), array([ 0.50462381, -0.03724524]), 0.7854, 1.0]
[0, array([ 0.5107, -0.0364]), array([ 0.50477619, -0.03724524]), 0.7854, 1.0]
[0, array([ 0.5107, -0.0364]), array([ 0.50492857, -0.03724524]), 0.7854, 1.0]
[0, array([ 0.5107, -0.0364]), array([ 0.50508095, -0.03724524]), 0.7854, 1.0]
[0, array([ 0.5107, -0.0364]), array([ 0.50523333, -0.03724524]), 0.7854, 1.0]
[0, array([ 0.5107, -0.0364]), array([ 0.50538571, -0.03724524]), 0.7854, 1.0]
[0, array([ 0.5107, -0.0364]), array([ 0.5055381 , -0.03724524]), 0.7854, 1.0]
[0, array([ 0.5107, -0.0364]), array([ 0.50569048, -0.03724524]), 0.7854, 1.0]
[0, array([ 0.5107, -0.0364]), array([ 0.50584286, -0.03724524]), 0.7854, 1.0]
[0, array([ 0.5107, -0.0364]), array([ 0.50599524, -0.03724524]), 0.7854, 1.0]
[0, array([ 0.5107, -0.0364]), array([ 0.50614762, -0.03724524]), 0.7854, 1.0]
[0, array([ 0.5107, -0.0364]), array([ 0.5063    , -0.03724524]), 0.7854, 1.0]
[0, array([ 0.5107, -0.0364]), array([ 0.5031    , -0.03709286]), 0.7854, 1.0]
[0, array([ 0.5107, -0.0364]), array([ 0.50325238, -0.03709286]), 0.7854, 1.0]
[0, array([ 0.5107, -0.0364]), array([ 0.50340476, -0.03709286]), 0.7854, 1.0]
[0, array([ 0.5107, -0.0364]), array([ 0.50355714, -0.03709286]), 0.7854, 1.0]
[0, array([ 0.5107, -0.0364]), array([ 0.50370952, -0.03709286]), 0.7854, 1.0]
[0, array([ 0.5107, -0.0364]), array([ 0.5038619 , -0.03709286]), 0.7854, 1.0]
[0, array([ 0.5107, -0.0364]), array([ 0.50401429, -0.03709286]), 0.7854, 1.0]
[0, array([ 0.5107, -0.0364]), array([ 0.50416667, -0.03709286]), 0.7854, 1.0]
[0, array([ 0.5107, -0.0364]), array([ 0.50431905, -0.03709286]), 0.7854, 1.0]
[0, array([ 0.5107, -0.0364]), array([ 0.50447143, -0.03709286]), 0.7854, 1.0]
[0, array([ 0.5107, -0.0364]), array([ 0.50462381, -0.03709286]), 0.7854, 1.0]
[0, array([ 0.5107, -0.0364]), array([ 0.50477619, -0.03709286]), 0.7854, 1.0]
[0, array([ 0.5107, -0.0364]), array([ 0.50492857, -0.03709286]), 0.7854, 1.0]
[0, array([ 0.5107, -0.0364]), array([ 0.50508095, -0.03709286]), 0.7854, 1.0]
[0, array([ 0.5107, -0.0364]), array([ 0.50523333, -0.03709286]), 0.7854, 1.0]
[0, array([ 0.5107, -0.0364]), array([ 0.50538571, -0.03709286]), 0.7854, 1.0]
[0, array([ 0.5107, -0.0364]), array([ 0.5055381 , -0.03709286]), 0.7854, 1.0]
[0, array([ 0.5107, -0.0364]), array([ 0.50569048, -0.03709286]), 0.7854, 1.0]
[0, array([ 0.5107, -0.0364]), array([ 0.50584286, -0.03709286]), 0.7854, 1.0]
[0, array([ 0.5107, -0.0364]), array([ 0.50599524, -0.03709286]), 0.7854, 1.0]
[0, array([ 0.5107, -0.0364]), array([ 0.50614762, -0.03709286]), 0.7854, 1.0]
[0, array([ 0.5107, -0.0364]), array([ 0.5063    , -0.03709286]), 0.7854, 1.0]
[0, array([ 0.5107, -0.0364]), array([ 0.5031    , -0.03694048]), 0.7854, 1.0]
[0, array([ 0.5107, -0.0364]), array([ 0.50325238, -0.03694048]), 0.7854, 1.0]
[0, array([ 0.5107, -0.0364]), array([ 0.50340476, -0.03694048]), 0.7854, 1.0]
[0, array([ 0.5107, -0.0364]), array([ 0.50355714, -0.03694048]), 0.7854, 1.0]
[0, array([ 0.5107, -0.0364]), array([ 0.50370952, -0.03694048]), 0.7854, 1.0]
[0, array([ 0.5107, -0.0364]), array([ 0.5038619 , -0.03694048]), 0.7854, 1.0]
[0, array([ 0.5107, -0.0364]), array([ 0.50401429, -0.03694048]), 0.7854, 1.0]
[0, array([ 0.5107, -0.0364]), array([ 0.50416667, -0.03694048]), 0.7854, 1.0]
[0, array([ 0.5107, -0.0364]), array([ 0.50431905, -0.03694048]), 0.7854, 1.0]
[0, array([ 0.5107, -0.0364]), array([ 0.50447143, -0.03694048]), 0.7854, 1.0]
[0, array([ 0.5107, -0.0364]), array([ 0.50462381, -0.03694048]), 0.7854, 1.0]
[0, array([ 0.5107, -0.0364]), array([ 0.50477619, -0.03694048]), 0.7854, 1.0]
[0, array([ 0.5107, -0.0364]), array([ 0.50492857, -0.03694048]), 0.7854, 1.0]
[0, array([ 0.5107, -0.0364]), array([ 0.50508095, -0.03694048]), 0.7854, 1.0]
[0, array([ 0.5107, -0.0364]), array([ 0.50523333, -0.03694048]), 0.7854, 1.0]
[0, array([ 0.5107, -0.0364]), array([ 0.50538571, -0.03694048]), 0.7854, 1.0]
[0, array([ 0.5107, -0.0364]), array([ 0.5055381 , -0.03694048]), 0.7854, 1.0]
[0, array([ 0.5107, -0.0364]), array([ 0.50569048, -0.03694048]), 0.7854, 1.0]
[0, array([ 0.5107, -0.0364]), array([ 0.50584286, -0.03694048]), 0.7854, 1.0]
[0, array([ 0.5107, -0.0364]), array([ 0.50599524, -0.03694048]), 0.7854, 1.0]
[0, array([ 0.5107, -0.0364]), array([ 0.50614762, -0.03694048]), 0.7854, 1.0]
[0, array([ 0.5107, -0.0364]), array([ 0.5063    , -0.03694048]), 0.7854, 1.0]
[0, array([ 0.5107, -0.0364]), array([ 0.5031   , -0.0367881]), 0.7854, 1.0]
[0, array([ 0.5107, -0.0364]), array([ 0.50325238, -0.0367881 ]), 0.7854, 1.0]
[0, array([ 0.5107, -0.0364]), array([ 0.50340476, -0.0367881 ]), 0.7854, 1.0]
[0, array([ 0.5107, -0.0364]), array([ 0.50355714, -0.0367881 ]), 0.7854, 1.0]
[0, array([ 0.5107, -0.0364]), array([ 0.50370952, -0.0367881 ]), 0.7854, 1.0]
[0, array([ 0.5107, -0.0364]), array([ 0.5038619, -0.0367881]), 0.7854, 1.0]
[0, array([ 0.5107, -0.0364]), array([ 0.50401429, -0.0367881 ]), 0.7854, 1.0]
[0, array([ 0.5107, -0.0364]), array([ 0.50416667, -0.0367881 ]), 0.7854, 1.0]
[0, array([ 0.5107, -0.0364]), array([ 0.50431905, -0.0367881 ]), 0.7854, 1.0]
[0, array([ 0.5107, -0.0364]), array([ 0.50447143, -0.0367881 ]), 0.7854, 1.0]
[0, array([ 0.5107, -0.0364]), array([ 0.50462381, -0.0367881 ]), 0.7854, 1.0]
[0, array([ 0.5107, -0.0364]), array([ 0.50477619, -0.0367881 ]), 0.7854, 1.0]
[0, array([ 0.5107, -0.0364]), array([ 0.50492857, -0.0367881 ]), 0.7854, 1.0]
[0, array([ 0.5107, -0.0364]), array([ 0.50508095, -0.0367881 ]), 0.7854, 1.0]
[0, array([ 0.5107, -0.0364]), array([ 0.50523333, -0.0367881 ]), 0.7854, 1.0]
[0, array([ 0.5107, -0.0364]), array([ 0.50538571, -0.0367881 ]), 0.7854, 1.0]
[0, array([ 0.5107, -0.0364]), array([ 0.5055381, -0.0367881]), 0.7854, 1.0]
[0, array([ 0.5107, -0.0364]), array([ 0.50569048, -0.0367881 ]), 0.7854, 1.0]
[0, array([ 0.5107, -0.0364]), array([ 0.50584286, -0.0367881 ]), 0.7854, 1.0]
[0, array([ 0.5107, -0.0364]), array([ 0.50599524, -0.0367881 ]), 0.7854, 1.0]
[0, array([ 0.5107, -0.0364]), array([ 0.50614762, -0.0367881 ]), 0.7854, 1.0]
[0, array([ 0.5107, -0.0364]), array([ 0.5063   , -0.0367881]), 0.7854, 1.0]
[0, array([ 0.5107, -0.0364]), array([ 0.5031    , -0.03663571]), 0.7854, 1.0]
[0, array([ 0.5107, -0.0364]), array([ 0.50325238, -0.03663571]), 0.7854, 1.0]
[0, array([ 0.5107, -0.0364]), array([ 0.50340476, -0.03663571]), 0.7854, 1.0]
[0, array([ 0.5107, -0.0364]), array([ 0.50355714, -0.03663571]), 0.7854, 1.0]
[0, array([ 0.5107, -0.0364]), array([ 0.50370952, -0.03663571]), 0.7854, 1.0]
[0, array([ 0.5107, -0.0364]), array([ 0.5038619 , -0.03663571]), 0.7854, 1.0]
[0, array([ 0.5107, -0.0364]), array([ 0.50401429, -0.03663571]), 0.7854, 1.0]
[0, array([ 0.5107, -0.0364]), array([ 0.50416667, -0.03663571]), 0.7854, 1.0]
[0, array([ 0.5107, -0.0364]), array([ 0.50431905, -0.03663571]), 0.7854, 1.0]
[0, array([ 0.5107, -0.0364]), array([ 0.50447143, -0.03663571]), 0.7854, 1.0]
[0, array([ 0.5107, -0.0364]), array([ 0.50462381, -0.03663571]), 0.7854, 1.0]
[0, array([ 0.5107, -0.0364]), array([ 0.50477619, -0.03663571]), 0.7854, 1.0]
[0, array([ 0.5107, -0.0364]), array([ 0.50492857, -0.03663571]), 0.7854, 1.0]
[0, array([ 0.5107, -0.0364]), array([ 0.50508095, -0.03663571]), 0.7854, 1.0]
[0, array([ 0.5107, -0.0364]), array([ 0.50523333, -0.03663571]), 0.7854, 1.0]
[0, array([ 0.5107, -0.0364]), array([ 0.50538571, -0.03663571]), 0.7854, 1.0]
[0, array([ 0.5107, -0.0364]), array([ 0.5055381 , -0.03663571]), 0.7854, 1.0]
[0, array([ 0.5107, -0.0364]), array([ 0.50569048, -0.03663571]), 0.7854, 1.0]
[0, array([ 0.5107, -0.0364]), array([ 0.50584286, -0.03663571]), 0.7854, 1.0]
[0, array([ 0.5107, -0.0364]), array([ 0.50599524, -0.03663571]), 0.7854, 1.0]
[0, array([ 0.5107, -0.0364]), array([ 0.50614762, -0.03663571]), 0.7854, 1.0]
[0, array([ 0.5107, -0.0364]), array([ 0.5063    , -0.03663571]), 0.7854, 1.0]
[0, array([ 0.5107, -0.0364]), array([ 0.5031    , -0.03648333]), 0.7854, 1.0]
[0, array([ 0.5107, -0.0364]), array([ 0.50325238, -0.03648333]), 0.7854, 1.0]
[0, array([ 0.5107, -0.0364]), array([ 0.50340476, -0.03648333]), 0.7854, 1.0]
[0, array([ 0.5107, -0.0364]), array([ 0.50355714, -0.03648333]), 0.7854, 1.0]
[0, array([ 0.5107, -0.0364]), array([ 0.50370952, -0.03648333]), 0.7854, 1.0]
[0, array([ 0.5107, -0.0364]), array([ 0.5038619 , -0.03648333]), 0.7854, 1.0]
[0, array([ 0.5107, -0.0364]), array([ 0.50401429, -0.03648333]), 0.7854, 1.0]
[0, array([ 0.5107, -0.0364]), array([ 0.50416667, -0.03648333]), 0.7854, 1.0]
[0, array([ 0.5107, -0.0364]), array([ 0.50431905, -0.03648333]), 0.7854, 1.0]
[0, array([ 0.5107, -0.0364]), array([ 0.50447143, -0.03648333]), 0.7854, 1.0]
[0, array([ 0.5107, -0.0364]), array([ 0.50462381, -0.03648333]), 0.7854, 1.0]
[0, array([ 0.5107, -0.0364]), array([ 0.50477619, -0.03648333]), 0.7854, 1.0]
[0, array([ 0.5107, -0.0364]), array([ 0.50492857, -0.03648333]), 0.7854, 1.0]
[0, array([ 0.5107, -0.0364]), array([ 0.50508095, -0.03648333]), 0.7854, 1.0]
[0, array([ 0.5107, -0.0364]), array([ 0.50523333, -0.03648333]), 0.7854, 1.0]
[0, array([ 0.5107, -0.0364]), array([ 0.50538571, -0.03648333]), 0.7854, 1.0]
[0, array([ 0.5107, -0.0364]), array([ 0.5055381 , -0.03648333]), 0.7854, 1.0]
[0, array([ 0.5107, -0.0364]), array([ 0.50569048, -0.03648333]), 0.7854, 1.0]
[0, array([ 0.5107, -0.0364]), array([ 0.50584286, -0.03648333]), 0.7854, 1.0]
[0, array([ 0.5107, -0.0364]), array([ 0.50599524, -0.03648333]), 0.7854, 1.0]
[0, array([ 0.5107, -0.0364]), array([ 0.50614762, -0.03648333]), 0.7854, 1.0]
[0, array([ 0.5107, -0.0364]), array([ 0.5063    , -0.03648333]), 0.7854, 1.0]
[0, array([ 0.5107, -0.0364]), array([ 0.5031    , -0.03633095]), 0.7854, 1.0]
[0, array([ 0.5107, -0.0364]), array([ 0.50325238, -0.03633095]), 0.7854, 1.0]
[0, array([ 0.5107, -0.0364]), array([ 0.50340476, -0.03633095]), 0.7854, 1.0]
[0, array([ 0.5107, -0.0364]), array([ 0.50355714, -0.03633095]), 0.7854, 1.0]
[0, array([ 0.5107, -0.0364]), array([ 0.50370952, -0.03633095]), 0.7854, 1.0]
[0, array([ 0.5107, -0.0364]), array([ 0.5038619 , -0.03633095]), 0.7854, 1.0]
[0, array([ 0.5107, -0.0364]), array([ 0.50401429, -0.03633095]), 0.7854, 1.0]
[0, array([ 0.5107, -0.0364]), array([ 0.50416667, -0.03633095]), 0.7854, 1.0]
[0, array([ 0.5107, -0.0364]), array([ 0.50431905, -0.03633095]), 0.7854, 1.0]
[0, array([ 0.5107, -0.0364]), array([ 0.50447143, -0.03633095]), 0.7854, 1.0]
[0, array([ 0.5107, -0.0364]), array([ 0.50462381, -0.03633095]), 0.7854, 1.0]
[0, array([ 0.5107, -0.0364]), array([ 0.50477619, -0.03633095]), 0.7854, 1.0]
[0, array([ 0.5107, -0.0364]), array([ 0.50492857, -0.03633095]), 0.7854, 1.0]
[0, array([ 0.5107, -0.0364]), array([ 0.50508095, -0.03633095]), 0.7854, 1.0]
[0, array([ 0.5107, -0.0364]), array([ 0.50523333, -0.03633095]), 0.7854, 1.0]
[0, array([ 0.5107, -0.0364]), array([ 0.50538571, -0.03633095]), 0.7854, 1.0]
[0, array([ 0.5107, -0.0364]), array([ 0.5055381 , -0.03633095]), 0.7854, 1.0]
[0, array([ 0.5107, -0.0364]), array([ 0.50569048, -0.03633095]), 0.7854, 1.0]
[0, array([ 0.5107, -0.0364]), array([ 0.50584286, -0.03633095]), 0.7854, 1.0]
[0, array([ 0.5107, -0.0364]), array([ 0.50599524, -0.03633095]), 0.7854, 1.0]
[0, array([ 0.5107, -0.0364]), array([ 0.50614762, -0.03633095]), 0.7854, 1.0]
[0, array([ 0.5107, -0.0364]), array([ 0.5063    , -0.03633095]), 0.7854, 1.0]
[0, array([ 0.5107, -0.0364]), array([ 0.5031    , -0.03617857]), 0.7854, 1.0]
[0, array([ 0.5107, -0.0364]), array([ 0.50325238, -0.03617857]), 0.7854, 1.0]
[0, array([ 0.5107, -0.0364]), array([ 0.50340476, -0.03617857]), 0.7854, 1.0]
[0, array([ 0.5107, -0.0364]), array([ 0.50355714, -0.03617857]), 0.7854, 1.0]
[0, array([ 0.5107, -0.0364]), array([ 0.50370952, -0.03617857]), 0.7854, 1.0]
[0, array([ 0.5107, -0.0364]), array([ 0.5038619 , -0.03617857]), 0.7854, 1.0]
[0, array([ 0.5107, -0.0364]), array([ 0.50401429, -0.03617857]), 0.7854, 1.0]
[0, array([ 0.5107, -0.0364]), array([ 0.50416667, -0.03617857]), 0.7854, 1.0]
[0, array([ 0.5107, -0.0364]), array([ 0.50431905, -0.03617857]), 0.7854, 1.0]
[0, array([ 0.5107, -0.0364]), array([ 0.50447143, -0.03617857]), 0.7854, 1.0]
[0, array([ 0.5107, -0.0364]), array([ 0.50462381, -0.03617857]), 0.7854, 1.0]
[0, array([ 0.5107, -0.0364]), array([ 0.50477619, -0.03617857]), 0.7854, 1.0]
[0, array([ 0.5107, -0.0364]), array([ 0.50492857, -0.03617857]), 0.7854, 1.0]
[0, array([ 0.5107, -0.0364]), array([ 0.50508095, -0.03617857]), 0.7854, 1.0]
[0, array([ 0.5107, -0.0364]), array([ 0.50523333, -0.03617857]), 0.7854, 1.0]
[0, array([ 0.5107, -0.0364]), array([ 0.50538571, -0.03617857]), 0.7854, 1.0]
[0, array([ 0.5107, -0.0364]), array([ 0.5055381 , -0.03617857]), 0.7854, 1.0]
[0, array([ 0.5107, -0.0364]), array([ 0.50569048, -0.03617857]), 0.7854, 1.0]
[0, array([ 0.5107, -0.0364]), array([ 0.50584286, -0.03617857]), 0.7854, 1.0]
[0, array([ 0.5107, -0.0364]), array([ 0.50599524, -0.03617857]), 0.7854, 1.0]
[0, array([ 0.5107, -0.0364]), array([ 0.50614762, -0.03617857]), 0.7854, 1.0]
[0, array([ 0.5107, -0.0364]), array([ 0.5063    , -0.03617857]), 0.7854, 1.0]
[0, array([ 0.5107, -0.0364]), array([ 0.5031    , -0.03602619]), 0.7854, 1.0]
[0, array([ 0.5107, -0.0364]), array([ 0.50325238, -0.03602619]), 0.7854, 1.0]
[0, array([ 0.5107, -0.0364]), array([ 0.50340476, -0.03602619]), 0.7854, 1.0]
[0, array([ 0.5107, -0.0364]), array([ 0.50355714, -0.03602619]), 0.7854, 1.0]
[0, array([ 0.5107, -0.0364]), array([ 0.50370952, -0.03602619]), 0.7854, 1.0]
[0, array([ 0.5107, -0.0364]), array([ 0.5038619 , -0.03602619]), 0.7854, 1.0]
[0, array([ 0.5107, -0.0364]), array([ 0.50401429, -0.03602619]), 0.7854, 1.0]
[0, array([ 0.5107, -0.0364]), array([ 0.50416667, -0.03602619]), 0.7854, 1.0]
[0, array([ 0.5107, -0.0364]), array([ 0.50431905, -0.03602619]), 0.7854, 1.0]
[0, array([ 0.5107, -0.0364]), array([ 0.50447143, -0.03602619]), 0.7854, 1.0]
[0, array([ 0.5107, -0.0364]), array([ 0.50462381, -0.03602619]), 0.7854, 1.0]
[0, array([ 0.5107, -0.0364]), array([ 0.50477619, -0.03602619]), 0.7854, 1.0]
[0, array([ 0.5107, -0.0364]), array([ 0.50492857, -0.03602619]), 0.7854, 1.0]
[0, array([ 0.5107, -0.0364]), array([ 0.50508095, -0.03602619]), 0.7854, 1.0]
[0, array([ 0.5107, -0.0364]), array([ 0.50523333, -0.03602619]), 0.7854, 1.0]
[0, array([ 0.5107, -0.0364]), array([ 0.50538571, -0.03602619]), 0.7854, 1.0]
[0, array([ 0.5107, -0.0364]), array([ 0.5055381 , -0.03602619]), 0.7854, 1.0]
[0, array([ 0.5107, -0.0364]), array([ 0.50569048, -0.03602619]), 0.7854, 1.0]
[0, array([ 0.5107, -0.0364]), array([ 0.50584286, -0.03602619]), 0.7854, 1.0]
[0, array([ 0.5107, -0.0364]), array([ 0.50599524, -0.03602619]), 0.7854, 1.0]
[0, array([ 0.5107, -0.0364]), array([ 0.50614762, -0.03602619]), 0.7854, 1.0]
[0, array([ 0.5107, -0.0364]), array([ 0.5063    , -0.03602619]), 0.7854, 1.0]
[0, array([ 0.5107, -0.0364]), array([ 0.5031    , -0.03587381]), 0.7854, 1.0]
[0, array([ 0.5107, -0.0364]), array([ 0.50325238, -0.03587381]), 0.7854, 1.0]
[0, array([ 0.5107, -0.0364]), array([ 0.50340476, -0.03587381]), 0.7854, 1.0]
[0, array([ 0.5107, -0.0364]), array([ 0.50355714, -0.03587381]), 0.7854, 1.0]
[0, array([ 0.5107, -0.0364]), array([ 0.50370952, -0.03587381]), 0.7854, 1.0]
[0, array([ 0.5107, -0.0364]), array([ 0.5038619 , -0.03587381]), 0.7854, 1.0]
[0, array([ 0.5107, -0.0364]), array([ 0.50401429, -0.03587381]), 0.7854, 1.0]
[0, array([ 0.5107, -0.0364]), array([ 0.50416667, -0.03587381]), 0.7854, 1.0]
[0, array([ 0.5107, -0.0364]), array([ 0.50431905, -0.03587381]), 0.7854, 1.0]
[0, array([ 0.5107, -0.0364]), array([ 0.50447143, -0.03587381]), 0.7854, 1.0]
[0, array([ 0.5107, -0.0364]), array([ 0.50462381, -0.03587381]), 0.7854, 1.0]
[0, array([ 0.5107, -0.0364]), array([ 0.50477619, -0.03587381]), 0.7854, 1.0]
[0, array([ 0.5107, -0.0364]), array([ 0.50492857, -0.03587381]), 0.7854, 1.0]
[0, array([ 0.5107, -0.0364]), array([ 0.50508095, -0.03587381]), 0.7854, 1.0]
[0, array([ 0.5107, -0.0364]), array([ 0.50523333, -0.03587381]), 0.7854, 1.0]
[0, array([ 0.5107, -0.0364]), array([ 0.50538571, -0.03587381]), 0.7854, 1.0]
[0, array([ 0.5107, -0.0364]), array([ 0.5055381 , -0.03587381]), 0.7854, 1.0]
[0, array([ 0.5107, -0.0364]), array([ 0.50569048, -0.03587381]), 0.7854, 1.0]
[0, array([ 0.5107, -0.0364]), array([ 0.50584286, -0.03587381]), 0.7854, 1.0]
[0, array([ 0.5107, -0.0364]), array([ 0.50599524, -0.03587381]), 0.7854, 1.0]
[0, array([ 0.5107, -0.0364]), array([ 0.50614762, -0.03587381]), 0.7854, 1.0]
[0, array([ 0.5107, -0.0364]), array([ 0.5063    , -0.03587381]), 0.7854, 1.0]
[0, array([ 0.5107, -0.0364]), array([ 0.5031    , -0.03572143]), 0.7854, 1.0]
[0, array([ 0.5107, -0.0364]), array([ 0.50325238, -0.03572143]), 0.7854, 1.0]
[0, array([ 0.5107, -0.0364]), array([ 0.50340476, -0.03572143]), 0.7854, 1.0]
[0, array([ 0.5107, -0.0364]), array([ 0.50355714, -0.03572143]), 0.7854, 1.0]
[0, array([ 0.5107, -0.0364]), array([ 0.50370952, -0.03572143]), 0.7854, 1.0]
[0, array([ 0.5107, -0.0364]), array([ 0.5038619 , -0.03572143]), 0.7854, 1.0]
[0, array([ 0.5107, -0.0364]), array([ 0.50401429, -0.03572143]), 0.7854, 1.0]
[0, array([ 0.5107, -0.0364]), array([ 0.50416667, -0.03572143]), 0.7854, 1.0]
[0, array([ 0.5107, -0.0364]), array([ 0.50431905, -0.03572143]), 0.7854, 1.0]
[0, array([ 0.5107, -0.0364]), array([ 0.50447143, -0.03572143]), 0.7854, 1.0]
[0, array([ 0.5107, -0.0364]), array([ 0.50462381, -0.03572143]), 0.7854, 1.0]
[0, array([ 0.5107, -0.0364]), array([ 0.50477619, -0.03572143]), 0.7854, 1.0]
[0, array([ 0.5107, -0.0364]), array([ 0.50492857, -0.03572143]), 0.7854, 1.0]
[0, array([ 0.5107, -0.0364]), array([ 0.50508095, -0.03572143]), 0.7854, 1.0]
[0, array([ 0.5107, -0.0364]), array([ 0.50523333, -0.03572143]), 0.7854, 1.0]
[0, array([ 0.5107, -0.0364]), array([ 0.50538571, -0.03572143]), 0.7854, 1.0]
[0, array([ 0.5107, -0.0364]), array([ 0.5055381 , -0.03572143]), 0.7854, 1.0]
[0, array([ 0.5107, -0.0364]), array([ 0.50569048, -0.03572143]), 0.7854, 1.0]
[0, array([ 0.5107, -0.0364]), array([ 0.50584286, -0.03572143]), 0.7854, 1.0]
[0, array([ 0.5107, -0.0364]), array([ 0.50599524, -0.03572143]), 0.7854, 1.0]
[0, array([ 0.5107, -0.0364]), array([ 0.50614762, -0.03572143]), 0.7854, 1.0]
[0, array([ 0.5107, -0.0364]), array([ 0.5063    , -0.03572143]), 0.7854, 1.0]
[0, array([ 0.5107, -0.0364]), array([ 0.5031    , -0.03556905]), 0.7854, 1.0]
[0, array([ 0.5107, -0.0364]), array([ 0.50325238, -0.03556905]), 0.7854, 1.0]
[0, array([ 0.5107, -0.0364]), array([ 0.50340476, -0.03556905]), 0.7854, 1.0]
[0, array([ 0.5107, -0.0364]), array([ 0.50355714, -0.03556905]), 0.7854, 1.0]
[0, array([ 0.5107, -0.0364]), array([ 0.50370952, -0.03556905]), 0.7854, 1.0]
[0, array([ 0.5107, -0.0364]), array([ 0.5038619 , -0.03556905]), 0.7854, 1.0]
[0, array([ 0.5107, -0.0364]), array([ 0.50401429, -0.03556905]), 0.7854, 1.0]
[0, array([ 0.5107, -0.0364]), array([ 0.50416667, -0.03556905]), 0.7854, 1.0]
[0, array([ 0.5107, -0.0364]), array([ 0.50431905, -0.03556905]), 0.7854, 1.0]
[0, array([ 0.5107, -0.0364]), array([ 0.50447143, -0.03556905]), 0.7854, 1.0]
[0, array([ 0.5107, -0.0364]), array([ 0.50462381, -0.03556905]), 0.7854, 1.0]
[0, array([ 0.5107, -0.0364]), array([ 0.50477619, -0.03556905]), 0.7854, 1.0]
[0, array([ 0.5107, -0.0364]), array([ 0.50492857, -0.03556905]), 0.7854, 1.0]
[0, array([ 0.5107, -0.0364]), array([ 0.50508095, -0.03556905]), 0.7854, 1.0]
[0, array([ 0.5107, -0.0364]), array([ 0.50523333, -0.03556905]), 0.7854, 1.0]
[0, array([ 0.5107, -0.0364]), array([ 0.50538571, -0.03556905]), 0.7854, 1.0]
[0, array([ 0.5107, -0.0364]), array([ 0.5055381 , -0.03556905]), 0.7854, 1.0]
[0, array([ 0.5107, -0.0364]), array([ 0.50569048, -0.03556905]), 0.7854, 1.0]
[0, array([ 0.5107, -0.0364]), array([ 0.50584286, -0.03556905]), 0.7854, 1.0]
[0, array([ 0.5107, -0.0364]), array([ 0.50599524, -0.03556905]), 0.7854, 1.0]
[0, array([ 0.5107, -0.0364]), array([ 0.50614762, -0.03556905]), 0.7854, 1.0]
[0, array([ 0.5107, -0.0364]), array([ 0.5063    , -0.03556905]), 0.7854, 1.0]
[0, array([ 0.5107, -0.0364]), array([ 0.5031    , -0.03541667]), 0.7854, 1.0]
[0, array([ 0.5107, -0.0364]), array([ 0.50325238, -0.03541667]), 0.7854, 1.0]
[0, array([ 0.5107, -0.0364]), array([ 0.50340476, -0.03541667]), 0.7854, 1.0]
[0, array([ 0.5107, -0.0364]), array([ 0.50355714, -0.03541667]), 0.7854, 1.0]
[0, array([ 0.5107, -0.0364]), array([ 0.50370952, -0.03541667]), 0.7854, 1.0]
[0, array([ 0.5107, -0.0364]), array([ 0.5038619 , -0.03541667]), 0.7854, 1.0]
[0, array([ 0.5107, -0.0364]), array([ 0.50401429, -0.03541667]), 0.7854, 1.0]
[0, array([ 0.5107, -0.0364]), array([ 0.50416667, -0.03541667]), 0.7854, 1.0]
[0, array([ 0.5107, -0.0364]), array([ 0.50431905, -0.03541667]), 0.7854, 1.0]
[0, array([ 0.5107, -0.0364]), array([ 0.50447143, -0.03541667]), 0.7854, 1.0]
[0, array([ 0.5107, -0.0364]), array([ 0.50462381, -0.03541667]), 0.7854, 1.0]
[0, array([ 0.5107, -0.0364]), array([ 0.50477619, -0.03541667]), 0.7854, 1.0]
[0, array([ 0.5107, -0.0364]), array([ 0.50492857, -0.03541667]), 0.7854, 1.0]
[0, array([ 0.5107, -0.0364]), array([ 0.50508095, -0.03541667]), 0.7854, 1.0]
[0, array([ 0.5107, -0.0364]), array([ 0.50523333, -0.03541667]), 0.7854, 1.0]
[0, array([ 0.5107, -0.0364]), array([ 0.50538571, -0.03541667]), 0.7854, 1.0]
[0, array([ 0.5107, -0.0364]), array([ 0.5055381 , -0.03541667]), 0.7854, 1.0]
[0, array([ 0.5107, -0.0364]), array([ 0.50569048, -0.03541667]), 0.7854, 1.0]
[0, array([ 0.5107, -0.0364]), array([ 0.50584286, -0.03541667]), 0.7854, 1.0]
[0, array([ 0.5107, -0.0364]), array([ 0.50599524, -0.03541667]), 0.7854, 1.0]
[0, array([ 0.5107, -0.0364]), array([ 0.50614762, -0.03541667]), 0.7854, 1.0]
[0, array([ 0.5107, -0.0364]), array([ 0.5063    , -0.03541667]), 0.7854, 1.0]
[0, array([ 0.5107, -0.0364]), array([ 0.5031    , -0.03526429]), 0.7854, 1.0]
[0, array([ 0.5107, -0.0364]), array([ 0.50325238, -0.03526429]), 0.7854, 1.0]
[0, array([ 0.5107, -0.0364]), array([ 0.50340476, -0.03526429]), 0.7854, 1.0]
[0, array([ 0.5107, -0.0364]), array([ 0.50355714, -0.03526429]), 0.7854, 1.0]
[0, array([ 0.5107, -0.0364]), array([ 0.50370952, -0.03526429]), 0.7854, 1.0]
[0, array([ 0.5107, -0.0364]), array([ 0.5038619 , -0.03526429]), 0.7854, 1.0]
[0, array([ 0.5107, -0.0364]), array([ 0.50401429, -0.03526429]), 0.7854, 1.0]
[0, array([ 0.5107, -0.0364]), array([ 0.50416667, -0.03526429]), 0.7854, 1.0]
[0, array([ 0.5107, -0.0364]), array([ 0.50431905, -0.03526429]), 0.7854, 1.0]
[0, array([ 0.5107, -0.0364]), array([ 0.50447143, -0.03526429]), 0.7854, 1.0]
[0, array([ 0.5107, -0.0364]), array([ 0.50462381, -0.03526429]), 0.7854, 1.0]
[0, array([ 0.5107, -0.0364]), array([ 0.50477619, -0.03526429]), 0.7854, 1.0]
[0, array([ 0.5107, -0.0364]), array([ 0.50492857, -0.03526429]), 0.7854, 1.0]
[0, array([ 0.5107, -0.0364]), array([ 0.50508095, -0.03526429]), 0.7854, 1.0]
[0, array([ 0.5107, -0.0364]), array([ 0.50523333, -0.03526429]), 0.7854, 1.0]
[0, array([ 0.5107, -0.0364]), array([ 0.50538571, -0.03526429]), 0.7854, 1.0]
[0, array([ 0.5107, -0.0364]), array([ 0.5055381 , -0.03526429]), 0.7854, 1.0]
[0, array([ 0.5107, -0.0364]), array([ 0.50569048, -0.03526429]), 0.7854, 1.0]
[0, array([ 0.5107, -0.0364]), array([ 0.50584286, -0.03526429]), 0.7854, 1.0]
[0, array([ 0.5107, -0.0364]), array([ 0.50599524, -0.03526429]), 0.7854, 1.0]
[0, array([ 0.5107, -0.0364]), array([ 0.50614762, -0.03526429]), 0.7854, 1.0]
[0, array([ 0.5107, -0.0364]), array([ 0.5063    , -0.03526429]), 0.7854, 1.0]
[0, array([ 0.5107, -0.0364]), array([ 0.5031   , -0.0351119]), 0.7854, 1.0]
[0, array([ 0.5107, -0.0364]), array([ 0.50325238, -0.0351119 ]), 0.7854, 1.0]
[0, array([ 0.5107, -0.0364]), array([ 0.50340476, -0.0351119 ]), 0.7854, 1.0]
[0, array([ 0.5107, -0.0364]), array([ 0.50355714, -0.0351119 ]), 0.7854, 1.0]
[0, array([ 0.5107, -0.0364]), array([ 0.50370952, -0.0351119 ]), 0.7854, 1.0]
[0, array([ 0.5107, -0.0364]), array([ 0.5038619, -0.0351119]), 0.7854, 1.0]
[0, array([ 0.5107, -0.0364]), array([ 0.50401429, -0.0351119 ]), 0.7854, 1.0]
[0, array([ 0.5107, -0.0364]), array([ 0.50416667, -0.0351119 ]), 0.7854, 1.0]
[0, array([ 0.5107, -0.0364]), array([ 0.50431905, -0.0351119 ]), 0.7854, 1.0]
[0, array([ 0.5107, -0.0364]), array([ 0.50447143, -0.0351119 ]), 0.7854, 1.0]
[0, array([ 0.5107, -0.0364]), array([ 0.50462381, -0.0351119 ]), 0.7854, 1.0]
[0, array([ 0.5107, -0.0364]), array([ 0.50477619, -0.0351119 ]), 0.7854, 1.0]
[0, array([ 0.5107, -0.0364]), array([ 0.50492857, -0.0351119 ]), 0.7854, 1.0]
[0, array([ 0.5107, -0.0364]), array([ 0.50508095, -0.0351119 ]), 0.7854, 1.0]
[0, array([ 0.5107, -0.0364]), array([ 0.50523333, -0.0351119 ]), 0.7854, 1.0]
[0, array([ 0.5107, -0.0364]), array([ 0.50538571, -0.0351119 ]), 0.7854, 1.0]
[0, array([ 0.5107, -0.0364]), array([ 0.5055381, -0.0351119]), 0.7854, 1.0]
[0, array([ 0.5107, -0.0364]), array([ 0.50569048, -0.0351119 ]), 0.7854, 1.0]
[0, array([ 0.5107, -0.0364]), array([ 0.50584286, -0.0351119 ]), 0.7854, 1.0]
[0, array([ 0.5107, -0.0364]), array([ 0.50599524, -0.0351119 ]), 0.7854, 1.0]
[0, array([ 0.5107, -0.0364]), array([ 0.50614762, -0.0351119 ]), 0.7854, 1.0]
[0, array([ 0.5107, -0.0364]), array([ 0.5063   , -0.0351119]), 0.7854, 1.0]
[0, array([ 0.5107, -0.0364]), array([ 0.5031    , -0.03495952]), 0.7854, 1.0]
[0, array([ 0.5107, -0.0364]), array([ 0.50325238, -0.03495952]), 0.7854, 1.0]
[0, array([ 0.5107, -0.0364]), array([ 0.50340476, -0.03495952]), 0.7854, 1.0]
[0, array([ 0.5107, -0.0364]), array([ 0.50355714, -0.03495952]), 0.7854, 1.0]
[0, array([ 0.5107, -0.0364]), array([ 0.50370952, -0.03495952]), 0.7854, 1.0]
[0, array([ 0.5107, -0.0364]), array([ 0.5038619 , -0.03495952]), 0.7854, 1.0]
[0, array([ 0.5107, -0.0364]), array([ 0.50401429, -0.03495952]), 0.7854, 1.0]
[0, array([ 0.5107, -0.0364]), array([ 0.50416667, -0.03495952]), 0.7854, 1.0]
[0, array([ 0.5107, -0.0364]), array([ 0.50431905, -0.03495952]), 0.7854, 1.0]
[0, array([ 0.5107, -0.0364]), array([ 0.50447143, -0.03495952]), 0.7854, 1.0]
[0, array([ 0.5107, -0.0364]), array([ 0.50462381, -0.03495952]), 0.7854, 1.0]
[0, array([ 0.5107, -0.0364]), array([ 0.50477619, -0.03495952]), 0.7854, 1.0]
[0, array([ 0.5107, -0.0364]), array([ 0.50492857, -0.03495952]), 0.7854, 1.0]
[0, array([ 0.5107, -0.0364]), array([ 0.50508095, -0.03495952]), 0.7854, 1.0]
[0, array([ 0.5107, -0.0364]), array([ 0.50523333, -0.03495952]), 0.7854, 1.0]
[0, array([ 0.5107, -0.0364]), array([ 0.50538571, -0.03495952]), 0.7854, 1.0]
[0, array([ 0.5107, -0.0364]), array([ 0.5055381 , -0.03495952]), 0.7854, 1.0]
[0, array([ 0.5107, -0.0364]), array([ 0.50569048, -0.03495952]), 0.7854, 1.0]
[0, array([ 0.5107, -0.0364]), array([ 0.50584286, -0.03495952]), 0.7854, 1.0]
[0, array([ 0.5107, -0.0364]), array([ 0.50599524, -0.03495952]), 0.7854, 1.0]
[0, array([ 0.5107, -0.0364]), array([ 0.50614762, -0.03495952]), 0.7854, 1.0]
[0, array([ 0.5107, -0.0364]), array([ 0.5063    , -0.03495952]), 0.7854, 1.0]
[0, array([ 0.5107, -0.0364]), array([ 0.5031    , -0.03480714]), 0.7854, 1.0]
[0, array([ 0.5107, -0.0364]), array([ 0.50325238, -0.03480714]), 0.7854, 1.0]
[0, array([ 0.5107, -0.0364]), array([ 0.50340476, -0.03480714]), 0.7854, 1.0]
[0, array([ 0.5107, -0.0364]), array([ 0.50355714, -0.03480714]), 0.7854, 1.0]
[0, array([ 0.5107, -0.0364]), array([ 0.50370952, -0.03480714]), 0.7854, 1.0]
[0, array([ 0.5107, -0.0364]), array([ 0.5038619 , -0.03480714]), 0.7854, 1.0]
[0, array([ 0.5107, -0.0364]), array([ 0.50401429, -0.03480714]), 0.7854, 1.0]
[0, array([ 0.5107, -0.0364]), array([ 0.50416667, -0.03480714]), 0.7854, 1.0]
[0, array([ 0.5107, -0.0364]), array([ 0.50431905, -0.03480714]), 0.7854, 1.0]
[0, array([ 0.5107, -0.0364]), array([ 0.50447143, -0.03480714]), 0.7854, 1.0]
[0, array([ 0.5107, -0.0364]), array([ 0.50462381, -0.03480714]), 0.7854, 1.0]
[0, array([ 0.5107, -0.0364]), array([ 0.50477619, -0.03480714]), 0.7854, 1.0]
[0, array([ 0.5107, -0.0364]), array([ 0.50492857, -0.03480714]), 0.7854, 1.0]
[0, array([ 0.5107, -0.0364]), array([ 0.50508095, -0.03480714]), 0.7854, 1.0]
[0, array([ 0.5107, -0.0364]), array([ 0.50523333, -0.03480714]), 0.7854, 1.0]
[0, array([ 0.5107, -0.0364]), array([ 0.50538571, -0.03480714]), 0.7854, 1.0]
[0, array([ 0.5107, -0.0364]), array([ 0.5055381 , -0.03480714]), 0.7854, 1.0]
[0, array([ 0.5107, -0.0364]), array([ 0.50569048, -0.03480714]), 0.7854, 1.0]
[0, array([ 0.5107, -0.0364]), array([ 0.50584286, -0.03480714]), 0.7854, 1.0]
[0, array([ 0.5107, -0.0364]), array([ 0.50599524, -0.03480714]), 0.7854, 1.0]
[0, array([ 0.5107, -0.0364]), array([ 0.50614762, -0.03480714]), 0.7854, 1.0]
[0, array([ 0.5107, -0.0364]), array([ 0.5063    , -0.03480714]), 0.7854, 1.0]
[0, array([ 0.5107, -0.0364]), array([ 0.5031    , -0.03465476]), 0.7854, 1.0]
[0, array([ 0.5107, -0.0364]), array([ 0.50325238, -0.03465476]), 0.7854, 1.0]
[0, array([ 0.5107, -0.0364]), array([ 0.50340476, -0.03465476]), 0.7854, 1.0]
[0, array([ 0.5107, -0.0364]), array([ 0.50355714, -0.03465476]), 0.7854, 1.0]
[0, array([ 0.5107, -0.0364]), array([ 0.50370952, -0.03465476]), 0.7854, 1.0]
[0, array([ 0.5107, -0.0364]), array([ 0.5038619 , -0.03465476]), 0.7854, 1.0]
[0, array([ 0.5107, -0.0364]), array([ 0.50401429, -0.03465476]), 0.7854, 1.0]
[0, array([ 0.5107, -0.0364]), array([ 0.50416667, -0.03465476]), 0.7854, 1.0]
[0, array([ 0.5107, -0.0364]), array([ 0.50431905, -0.03465476]), 0.7854, 1.0]
[0, array([ 0.5107, -0.0364]), array([ 0.50447143, -0.03465476]), 0.7854, 1.0]
[0, array([ 0.5107, -0.0364]), array([ 0.50462381, -0.03465476]), 0.7854, 1.0]
[0, array([ 0.5107, -0.0364]), array([ 0.50477619, -0.03465476]), 0.7854, 1.0]
[0, array([ 0.5107, -0.0364]), array([ 0.50492857, -0.03465476]), 0.7854, 1.0]
[0, array([ 0.5107, -0.0364]), array([ 0.50508095, -0.03465476]), 0.7854, 1.0]
[0, array([ 0.5107, -0.0364]), array([ 0.50523333, -0.03465476]), 0.7854, 1.0]
[0, array([ 0.5107, -0.0364]), array([ 0.50538571, -0.03465476]), 0.7854, 1.0]
[0, array([ 0.5107, -0.0364]), array([ 0.5055381 , -0.03465476]), 0.7854, 1.0]
[0, array([ 0.5107, -0.0364]), array([ 0.50569048, -0.03465476]), 0.7854, 1.0]
[0, array([ 0.5107, -0.0364]), array([ 0.50584286, -0.03465476]), 0.7854, 1.0]
[0, array([ 0.5107, -0.0364]), array([ 0.50599524, -0.03465476]), 0.7854, 1.0]
[0, array([ 0.5107, -0.0364]), array([ 0.50614762, -0.03465476]), 0.7854, 1.0]
[0, array([ 0.5107, -0.0364]), array([ 0.5063    , -0.03465476]), 0.7854, 1.0]
[0, array([ 0.5107, -0.0364]), array([ 0.5031    , -0.03450238]), 0.7854, 1.0]
[0, array([ 0.5107, -0.0364]), array([ 0.50325238, -0.03450238]), 0.7854, 1.0]
[0, array([ 0.5107, -0.0364]), array([ 0.50340476, -0.03450238]), 0.7854, 1.0]
[0, array([ 0.5107, -0.0364]), array([ 0.50355714, -0.03450238]), 0.7854, 1.0]
[0, array([ 0.5107, -0.0364]), array([ 0.50370952, -0.03450238]), 0.7854, 1.0]
[0, array([ 0.5107, -0.0364]), array([ 0.5038619 , -0.03450238]), 0.7854, 1.0]
[0, array([ 0.5107, -0.0364]), array([ 0.50401429, -0.03450238]), 0.7854, 1.0]
[0, array([ 0.5107, -0.0364]), array([ 0.50416667, -0.03450238]), 0.7854, 1.0]
[0, array([ 0.5107, -0.0364]), array([ 0.50431905, -0.03450238]), 0.7854, 1.0]
[0, array([ 0.5107, -0.0364]), array([ 0.50447143, -0.03450238]), 0.7854, 1.0]
[0, array([ 0.5107, -0.0364]), array([ 0.50462381, -0.03450238]), 0.7854, 1.0]
[0, array([ 0.5107, -0.0364]), array([ 0.50477619, -0.03450238]), 0.7854, 1.0]
[0, array([ 0.5107, -0.0364]), array([ 0.50492857, -0.03450238]), 0.7854, 1.0]
[0, array([ 0.5107, -0.0364]), array([ 0.50508095, -0.03450238]), 0.7854, 1.0]
[0, array([ 0.5107, -0.0364]), array([ 0.50523333, -0.03450238]), 0.7854, 1.0]
[0, array([ 0.5107, -0.0364]), array([ 0.50538571, -0.03450238]), 0.7854, 1.0]
[0, array([ 0.5107, -0.0364]), array([ 0.5055381 , -0.03450238]), 0.7854, 1.0]
[0, array([ 0.5107, -0.0364]), array([ 0.50569048, -0.03450238]), 0.7854, 1.0]
[0, array([ 0.5107, -0.0364]), array([ 0.50584286, -0.03450238]), 0.7854, 1.0]
[0, array([ 0.5107, -0.0364]), array([ 0.50599524, -0.03450238]), 0.7854, 1.0]
[0, array([ 0.5107, -0.0364]), array([ 0.50614762, -0.03450238]), 0.7854, 1.0]
[0, array([ 0.5107, -0.0364]), array([ 0.5063    , -0.03450238]), 0.7854, 1.0]
[0, array([ 0.5107, -0.0364]), array([ 0.5031 , -0.03435]), 0.7854, 1.0]
[0, array([ 0.5107, -0.0364]), array([ 0.50325238, -0.03435   ]), 0.7854, 1.0]
[0, array([ 0.5107, -0.0364]), array([ 0.50340476, -0.03435   ]), 0.7854, 1.0]
[0, array([ 0.5107, -0.0364]), array([ 0.50355714, -0.03435   ]), 0.7854, 1.0]
[0, array([ 0.5107, -0.0364]), array([ 0.50370952, -0.03435   ]), 0.7854, 1.0]
[0, array([ 0.5107, -0.0364]), array([ 0.5038619, -0.03435  ]), 0.7854, 1.0]
[0, array([ 0.5107, -0.0364]), array([ 0.50401429, -0.03435   ]), 0.7854, 1.0]
[0, array([ 0.5107, -0.0364]), array([ 0.50416667, -0.03435   ]), 0.7854, 1.0]
[0, array([ 0.5107, -0.0364]), array([ 0.50431905, -0.03435   ]), 0.7854, 1.0]
[0, array([ 0.5107, -0.0364]), array([ 0.50447143, -0.03435   ]), 0.7854, 1.0]
[0, array([ 0.5107, -0.0364]), array([ 0.50462381, -0.03435   ]), 0.7854, 1.0]
[0, array([ 0.5107, -0.0364]), array([ 0.50477619, -0.03435   ]), 0.7854, 1.0]
[0, array([ 0.5107, -0.0364]), array([ 0.50492857, -0.03435   ]), 0.7854, 1.0]
[0, array([ 0.5107, -0.0364]), array([ 0.50508095, -0.03435   ]), 0.7854, 1.0]
[0, array([ 0.5107, -0.0364]), array([ 0.50523333, -0.03435   ]), 0.7854, 1.0]
[0, array([ 0.5107, -0.0364]), array([ 0.50538571, -0.03435   ]), 0.7854, 1.0]
[0, array([ 0.5107, -0.0364]), array([ 0.5055381, -0.03435  ]), 0.7854, 1.0]
[0, array([ 0.5107, -0.0364]), array([ 0.50569048, -0.03435   ]), 0.7854, 1.0]
[0, array([ 0.5107, -0.0364]), array([ 0.50584286, -0.03435   ]), 0.7854, 1.0]
[0, array([ 0.5107, -0.0364]), array([ 0.50599524, -0.03435   ]), 0.7854, 1.0]
[0, array([ 0.5107, -0.0364]), array([ 0.50614762, -0.03435   ]), 0.7854, 1.0]
[0, array([ 0.5107, -0.0364]), array([ 0.5063 , -0.03435]), 0.7854, 1.0]
